# This file uses centimeters as units for non-parametric coordinates.

mtllib shop_full.mtl
v -3.899998 0.000000 -0.902977
v -3.899998 0.000000 -2.267952
v -3.870670 0.680003 -1.704201
v -3.870434 0.684840 -1.737709
v -3.868404 0.732032 -1.803322
v -3.867783 0.745444 -1.685310
v -3.863880 0.834834 -1.949104
v -3.863491 0.844584 -1.357002
v -3.861542 0.889899 -1.638588
v -3.861153 0.899573 -1.987892
v -3.860371 0.917045 -1.501686
v -3.859982 0.927184 -1.578224
v -3.858578 0.959479 -1.301949
v -3.858265 0.965953 -1.985542
v -3.855927 1.019225 -1.291817
v -3.855305 1.035449 -1.950356
v -3.853588 1.073356 -1.899757
v -3.853508 1.077647 -1.333839
v -3.851170 0.679145 -1.704201
v -3.850933 1.134742 -1.367073
v -3.850933 0.683982 -1.737709
v -3.850700 1.141452 -1.731728
v -3.848904 0.731170 -1.803322
v -3.848675 1.187392 -1.680153
v -3.848595 1.189891 -1.322395
v -3.848362 0.744590 -1.685310
v -3.845787 1.255019 -1.686470
v -3.844379 0.833976 -1.949104
v -3.844070 1.294021 -1.241707
v -3.843990 0.843802 -1.357002
v -3.842899 1.320540 -1.676094
v -3.842587 1.327483 -1.473366
v -3.842587 1.327796 -1.608803
v -3.842045 0.889045 -1.638588
v -3.841885 1.344016 -1.283943
v -3.841652 0.898715 -1.987892
v -3.841343 1.356345 -1.431190
v -3.841106 1.362815 -1.386971
v -3.840870 0.916190 -1.501686
v -3.840481 0.926330 -1.578224
v -3.839077 0.958617 -1.301949
v -3.838764 0.965247 -1.985542
v -3.836426 1.018371 -1.291817
v -3.836193 1.025077 -1.517067
v -3.836117 1.027884 -1.498207
v -3.836037 1.028430 -1.489784
v -3.835880 1.031631 -1.558327
v -3.835804 1.034591 -1.950356
v -3.835644 1.035762 -1.487343
v -3.835255 1.046447 -1.567909
v -3.835022 1.052608 -1.583992
v -3.834476 1.064933 -1.627754
v -3.834087 1.072501 -1.899757
v -3.834007 1.076789 -1.333839
v -3.834007 1.077022 -1.481789
v -3.834007 1.075076 -1.645241
v -3.833462 1.087321 -1.652534
v -3.832603 1.107600 -1.482735
v -3.832058 1.120002 -1.649055
v -3.831821 1.125697 -1.611122
v -3.831512 1.133883 -1.367073
v -3.831512 1.133651 -1.465034
v -3.831280 1.136458 -1.568398
v -3.831200 1.140674 -1.731728
v -3.830109 1.165320 -1.546852
v -3.830029 1.165946 -1.451302
v -3.829487 1.180766 -1.448738
v -3.829327 1.184897 -1.540077
v -3.829174 1.186538 -1.680153
v -3.829094 1.189113 -1.322395
v -3.829094 1.188876 -1.452736
v -3.828861 1.194728 -1.469337
v -3.828861 1.194179 -1.525429
v -3.828625 1.198550 -1.485939
v -3.826286 1.254165 -1.686470
v -3.824570 1.293166 -1.241707
v -3.823399 1.319678 -1.676094
v -3.823086 1.326697 -1.473366
v -3.823086 1.326941 -1.608803
v -3.822464 1.343162 -1.283943
v -3.821918 1.355483 -1.431190
v -3.821606 1.361953 -1.386971
v -3.816692 1.024219 -1.517067
v -3.816616 1.027652 -1.489784
v -3.816616 1.027026 -1.498207
v -3.816380 1.030768 -1.558327
v -3.816223 1.034904 -1.487343
v -3.815754 1.045588 -1.567909
v -3.815521 1.051753 -1.583992
v -3.814976 1.064235 -1.627754
v -3.814587 1.074214 -1.645241
v -3.814510 1.076167 -1.481789
v -3.814037 1.086459 -1.652534
v -3.813107 1.106742 -1.482735
v -3.812557 1.119143 -1.649055
v -3.812325 1.124915 -1.611122
v -3.812012 1.132792 -1.465034
v -3.811932 1.135680 -1.568398
v -3.810608 1.165084 -1.451302
v -3.810608 1.164462 -1.546852
v -3.809986 1.179904 -1.448738
v -3.809826 1.184039 -1.540077
v -3.809593 1.188018 -1.452736
v -3.809361 1.193870 -1.469337
v -3.809361 1.193320 -1.525429
v -3.809124 1.197845 -1.485939
v -3.802887 2.247497 -0.902977
v -3.802887 2.247497 -2.267952
v -3.704998 1.169921 -0.902977
v -3.695248 1.856788 0.290977
v -3.695248 1.835105 0.288078
v -3.695248 1.878394 0.288078
v -3.695248 1.814979 0.279732
v -3.695248 1.898521 0.279732
v -3.695248 1.797668 0.266411
v -3.695248 1.915916 0.266411
v -3.695248 1.784324 0.249168
v -3.695248 1.929092 0.249168
v -3.695248 1.775977 0.229042
v -3.695248 1.937522 0.229042
v -3.695248 1.773101 0.207283
v -3.695248 1.940330 0.207283
v -3.695248 1.775977 0.185677
v -3.695248 1.937522 0.185677
v -3.695248 1.784324 0.165550
v -3.695248 1.929092 0.165550
v -3.695248 1.797668 0.148308
v -3.695248 1.915916 0.148308
v -3.695248 1.814979 0.134972
v -3.695248 1.898521 0.134972
v -3.695248 1.835105 0.126625
v -3.695248 1.878394 0.126625
v -3.695248 1.856788 0.123817
v -3.667477 1.856788 0.325768
v -3.667477 1.826057 0.321709
v -3.667477 1.887443 0.321709
v -3.667477 1.797515 0.309929
v -3.667477 1.915992 0.309929
v -3.667477 1.773017 0.291054
v -3.667477 1.940482 0.291054
v -3.667477 1.754142 0.266563
v -3.667477 1.959281 0.266563
v -3.667477 1.742362 0.238014
v -3.667477 1.971213 0.238014
v -3.667477 1.738303 0.207283
v -3.667477 1.975112 0.207283
v -3.667477 1.742362 0.176704
v -3.667477 1.971213 0.176704
v -3.667477 1.754142 0.148155
v -3.667477 1.959281 0.148155
v -3.667477 1.773017 0.123665
v -3.667477 1.940482 0.123665
v -3.667477 1.797515 0.104790
v -3.667477 1.915992 0.104790
v -3.667477 1.826057 0.093010
v -3.667477 1.887443 0.093010
v -3.667477 1.856788 0.088951
v -3.632610 1.856788 0.353615
v -3.632610 1.818961 0.348610
v -3.632610 1.894622 0.348610
v -3.632610 1.783706 0.333946
v -3.632610 1.929877 0.333946
v -3.632610 1.753440 0.310783
v -3.632610 1.960136 0.310783
v -3.632610 1.730117 0.280525
v -3.632610 1.983306 0.280525
v -3.632610 1.715537 0.245277
v -3.632610 1.997970 0.245277
v -3.632610 1.710616 0.207283
v -3.632610 2.002967 0.207283
v -3.632610 1.715537 0.169441
v -3.632610 1.997970 0.169441
v -3.632610 1.730117 0.134193
v -3.632610 1.983306 0.134193
v -3.632610 1.753440 0.103935
v -3.632610 1.960136 0.103935
v -3.632610 1.783706 0.080757
v -3.632610 1.929878 0.080757
v -3.632610 1.818961 0.066185
v -3.632610 1.894622 0.066185
v -3.632610 1.856788 0.061104
v -3.592442 1.856788 0.372871
v -3.592442 1.813972 0.367256
v -3.592442 1.899612 0.367256
v -3.592442 1.773955 0.350731
v -3.592442 1.939544 0.350731
v -3.592442 1.739707 0.324440
v -3.592442 1.973868 0.324440
v -3.592442 1.713348 0.290108
v -3.592442 2.000152 0.290108
v -3.592442 1.696807 0.250267
v -3.592442 2.016685 0.250267
v -3.592442 1.691200 0.207283
v -3.592442 2.022307 0.207283
v -3.592442 1.696807 0.164467
v -3.592442 2.016685 0.164467
v -3.592442 1.713348 0.124596
v -3.592442 2.000152 0.124596
v -3.592442 1.739707 0.090355
v -3.592442 1.973869 0.090355
v -3.592442 1.773956 0.063988
v -3.592442 1.939544 0.063988
v -3.592442 1.813972 0.047539
v -3.592442 1.899612 0.047539
v -3.592442 1.856788 0.041832
v -3.588070 1.938689 0.813347
v -3.588070 1.923560 0.811378
v -3.588070 1.953818 0.811378
v -3.588070 1.909362 0.805534
v -3.588070 1.968017 0.805534
v -3.588070 1.897346 0.796181
v -3.588070 1.980025 0.796181
v -3.588070 1.887984 0.784081
v -3.588070 1.989387 0.784081
v -3.588070 1.882217 0.769981
v -3.588070 1.995162 0.769981
v -3.588070 1.880195 0.754845
v -3.588070 1.997192 0.754845
v -3.588070 1.882217 0.739708
v -3.588070 1.995162 0.739708
v -3.588070 1.887984 0.725670
v -3.588070 1.989387 0.725670
v -3.588070 1.897346 0.713493
v -3.588070 1.980025 0.713493
v -3.588070 1.909362 0.704216
v -3.588070 1.968017 0.704216
v -3.588070 1.923560 0.698357
v -3.588070 1.953818 0.698357
v -3.588070 1.938689 0.696342
v -3.588070 1.938689 0.615211
v -3.588070 1.923560 0.613258
v -3.588070 1.953818 0.613258
v -3.588070 1.909362 0.607338
v -3.588070 1.968017 0.607338
v -3.588070 1.897346 0.598137
v -3.588070 1.980025 0.598137
v -3.588070 1.887984 0.585976
v -3.588070 1.989387 0.585976
v -3.588070 1.882217 0.571938
v -3.588070 1.995162 0.571938
v -3.588070 1.880195 0.556801
v -3.588070 1.997192 0.556801
v -3.588070 1.882217 0.541664
v -3.588070 1.995162 0.541664
v -3.588070 1.887984 0.527473
v -3.588070 1.989387 0.527473
v -3.588070 1.897346 0.515450
v -3.588070 1.980025 0.515450
v -3.588070 1.909362 0.506020
v -3.588070 1.968017 0.506020
v -3.588070 1.923560 0.500328
v -3.588070 1.953818 0.500328
v -3.588070 1.938689 0.498299
v -3.588070 0.713779 0.476845
v -3.588070 1.267814 0.476845
v -3.588070 0.713779 0.029289
v -3.588070 1.267814 0.029289
v -3.549068 1.631133 0.876671
v -3.549068 2.081817 0.876671
v -3.549068 1.938689 0.813347
v -3.549068 1.923560 0.811378
v -3.549068 1.953818 0.811378
v -3.549068 1.909362 0.805534
v -3.549068 1.968017 0.805534
v -3.549068 1.897346 0.796181
v -3.549068 1.980025 0.796181
v -3.549068 1.887984 0.784081
v -3.549068 1.989387 0.784081
v -3.549068 1.882217 0.769981
v -3.549068 1.995162 0.769981
v -3.549068 1.880195 0.754845
v -3.549068 1.997192 0.754845
v -3.549068 1.882217 0.739708
v -3.549068 1.995162 0.739708
v -3.549068 1.887984 0.725670
v -3.549068 1.989387 0.725670
v -3.549068 1.897346 0.713493
v -3.549068 1.980025 0.713493
v -3.549068 1.909362 0.704216
v -3.549068 1.968017 0.704216
v -3.549068 1.923560 0.698357
v -3.549068 1.953818 0.698357
v -3.549068 1.938689 0.696342
v -3.549068 1.938689 0.615211
v -3.549068 1.923560 0.613258
v -3.549068 1.953818 0.613258
v -3.549068 1.909362 0.607338
v -3.549068 1.968017 0.607338
v -3.549068 1.897346 0.598137
v -3.549068 1.980025 0.598137
v -3.549068 1.887984 0.585976
v -3.549068 1.989387 0.585976
v -3.549068 1.882217 0.571938
v -3.549068 1.995162 0.571938
v -3.549068 1.880195 0.556801
v -3.549068 1.997192 0.556801
v -3.549068 1.882217 0.541664
v -3.549068 1.995162 0.541664
v -3.549068 1.887984 0.527473
v -3.549068 1.989387 0.527473
v -3.549068 1.897346 0.515450
v -3.549068 1.980025 0.515450
v -3.549068 1.909362 0.506020
v -3.549068 1.968017 0.506020
v -3.549068 1.923560 0.500328
v -3.549068 1.953818 0.500328
v -3.549068 1.938689 0.498299
v -3.549068 1.856788 0.382851
v -3.549068 1.811393 0.376930
v -3.549068 1.902183 0.376930
v -3.549068 1.768958 0.359383
v -3.549068 1.944541 0.359383
v -3.549068 1.732620 0.331459
v -3.549068 1.980888 0.331459
v -3.549068 1.704765 0.295113
v -3.549068 2.008735 0.295113
v -3.549068 1.687293 0.252831
v -3.549068 2.026282 0.252831
v -3.549068 1.681289 0.207283
v -3.549068 2.032210 0.207283
v -3.549068 1.687293 0.161964
v -3.549068 2.026282 0.161964
v -3.549068 1.704765 0.119606
v -3.549068 2.008735 0.119606
v -3.549068 1.732620 0.083260
v -3.549068 1.980888 0.083260
v -3.549068 1.768958 0.055412
v -3.549068 1.944541 0.055412
v -3.549068 1.811393 0.037788
v -3.549068 1.902183 0.037788
v -3.549068 1.856788 0.031868
v -3.549068 1.631133 -0.035622
v -3.549068 2.081817 -0.035622
v -3.535351 1.977920 1.462379
v -3.535351 2.007094 1.462379
v -3.535351 1.977920 1.398033
v -3.535351 2.007094 1.398033
v -3.535351 1.977920 0.876671
v -3.535351 2.007094 0.876671
v -3.533398 1.267814 0.367104
v -3.533398 1.615539 0.367104
v -3.533398 1.267814 0.243080
v -3.533398 1.615539 0.243080
v -3.532696 1.267814 0.373177
v -3.532696 1.614677 0.373177
v -3.532696 1.267814 0.361015
v -3.532696 1.614677 0.361015
v -3.532696 1.267814 0.249168
v -3.532696 1.614677 0.249168
v -3.532696 1.267814 0.236992
v -3.532696 1.614677 0.236992
v -3.530354 1.267814 0.378883
v -3.530354 1.612334 0.378883
v -3.530354 1.267814 0.355400
v -3.530354 1.612334 0.355400
v -3.530354 1.267814 0.254860
v -3.530354 1.612334 0.254860
v -3.530354 1.267814 0.231392
v -3.530354 1.612334 0.231392
v -3.526608 1.267814 0.383629
v -3.526608 1.608596 0.383629
v -3.526608 1.267814 0.350639
v -3.526608 1.608596 0.350639
v -3.526608 1.267814 0.259621
v -3.526608 1.608596 0.259621
v -3.526608 1.267814 0.226631
v -3.526608 1.608596 0.226631
v -3.521694 1.267814 0.387383
v -3.521694 1.603835 0.387383
v -3.521694 1.267814 0.346901
v -3.521694 1.603835 0.346901
v -3.521694 1.267814 0.263359
v -3.521694 1.603835 0.263359
v -3.521694 1.267814 0.222878
v -3.521694 1.603835 0.222878
v -3.516079 1.267814 0.389732
v -3.516079 1.598220 0.389732
v -3.516079 1.267814 0.344566
v -3.516079 1.598220 0.344566
v -3.516079 1.267814 0.265709
v -3.516079 1.598220 0.265709
v -3.516079 1.267814 0.220543
v -3.516079 1.598220 0.220543
v -3.509991 1.963332 1.437096
v -3.509991 2.021834 1.437096
v -3.509991 0.000000 1.398033
v -3.509991 1.963332 1.398033
v -3.509991 2.021834 1.398033
v -3.509991 2.534995 1.398033
v -3.509991 3.315009 1.398033
v -3.509991 3.204856 1.211067
v -3.509991 0.682342 1.209190
v -3.509991 0.736087 1.204185
v -3.509991 3.234351 1.200615
v -3.509991 3.158607 1.197411
v -3.509991 0.764793 1.187263
v -3.509991 3.223655 1.186882
v -3.509991 0.207481 1.185478
v -3.509991 0.295620 1.182671
v -3.509991 0.384929 1.166832
v -3.509991 0.533756 1.162239
v -3.509991 3.122886 1.159889
v -3.509991 0.146952 1.157555
v -3.509991 0.466752 1.151237
v -3.509991 3.119849 1.145073
v -3.509991 0.811355 1.144142
v -3.509991 3.202689 1.140465
v -3.509991 3.143546 1.123863
v -3.509991 0.845989 1.117302
v -3.509991 3.185355 1.093285
v -3.509991 0.857223 1.091179
v -3.509991 0.115908 1.085243
v -3.509991 3.111579 1.066216
v -3.509991 3.131309 1.064354
v -3.509991 3.151053 1.062401
v -3.509991 0.880309 1.048424
v -3.509991 0.925941 1.031105
v -3.509991 1.074214 1.011299
v -3.509991 1.102451 0.991096
v -3.509991 1.101283 0.975029
v -3.509991 0.293281 0.960136
v -3.509991 0.263641 0.950615
v -3.509991 1.098708 0.939476
v -3.509991 0.258415 0.937355
v -3.509991 0.432277 0.937050
v -3.509991 0.090402 0.920280
v -3.509991 0.255059 0.910301
v -3.509991 0.497640 0.892204
v -3.509991 0.681720 0.888603
v -3.509991 0.650287 0.885963
v -3.509991 1.592139 0.876671
v -3.509991 1.631133 0.876671
v -3.509991 1.963332 0.876671
v -3.509991 2.021834 0.876671
v -3.509991 2.081817 0.876671
v -3.509991 0.534301 0.874718
v -3.509991 0.586560 0.873711
v -3.509991 0.731719 0.871056
v -3.509991 0.235716 0.869881
v -3.509991 1.069305 0.855064
v -3.509991 0.211692 0.849846
v -3.509991 0.124098 0.844460
v -3.509991 0.162084 0.830040
v -3.509991 0.819076 0.813026
v -3.509991 0.993877 0.790337
v -3.509991 0.901756 0.781670
v -3.509991 0.635778 0.476845
v -3.509991 0.713779 0.476845
v -3.509991 1.267814 0.476845
v -3.509991 1.267814 0.390419
v -3.509991 1.592139 0.390419
v -3.509991 1.267814 0.343712
v -3.509991 1.592139 0.343712
v -3.509991 1.267814 0.266563
v -3.509991 1.592139 0.266563
v -3.509991 1.267814 0.219673
v -3.509991 1.592139 0.219673
v -3.509991 0.635778 0.029289
v -3.509991 0.713779 0.029289
v -3.509991 1.267814 0.029289
v -3.509991 1.592139 -0.035622
v -3.509991 1.631133 -0.035622
v -3.509991 2.081817 -0.035622
v -3.509991 2.534995 -0.310173
v -3.509991 2.671500 -0.310173
v -3.509991 2.534995 -0.317970
v -3.509991 2.651999 -0.317970
v -3.509991 3.315009 -0.512886
v -3.509991 1.267501 -0.606575
v -3.509991 1.267501 -0.610481
v -3.509991 3.274589 -0.611641
v -3.509991 3.269294 -0.618507
v -3.509991 3.258842 -0.641762
v -3.509991 3.250098 -0.665230
v -3.509991 3.233100 -0.680748
v -3.509991 2.747474 -0.703209
v -3.509991 2.728599 -0.703606
v -3.509991 2.534995 -0.707893
v -3.509991 2.652000 -0.707893
v -3.509991 2.534995 -0.715767
v -3.509991 2.671500 -0.715767
v -3.509991 2.763770 -0.737694
v -3.509991 2.782493 -0.760612
v -3.509991 2.763618 -0.761024
v -3.509991 2.821250 -0.777168
v -3.509991 2.669471 -0.804924
v -3.509991 1.267501 -0.805397
v -3.509991 1.267501 -0.809380
v -3.509991 2.830787 -0.847603
v -3.509991 2.656379 -0.889015
v -3.509991 0.000000 -0.902977
v -3.509991 2.339927 -0.902977
v -3.509991 2.666663 -0.930901
v -3.509991 2.764091 -0.945564
v -3.509991 2.706367 -0.947746
v -3.509991 2.791541 -0.950706
v -3.509991 0.000000 -2.267952
v -3.509991 2.339927 -2.267952
v -3.509991 1.267501 -2.345955
v -3.509991 0.000000 -2.423958
v -3.509991 1.267501 -2.423958
v -3.509991 2.534995 -2.423958
v -3.509991 3.315009 -2.423958
v -3.509373 3.315009 -0.507896
v -3.509373 1.267501 -2.429024
v -3.508671 0.000000 1.408165
v -3.508671 1.963332 1.408165
v -3.508671 2.021834 1.408165
v -3.508671 2.534995 1.408165
v -3.508671 3.315009 1.408165
v -3.508671 3.315009 -0.512886
v -3.508671 0.000000 -2.434029
v -3.508671 1.267501 -2.434029
v -3.508671 2.534995 -2.434029
v -3.508671 3.315009 -2.434029
v -3.506802 3.315009 -0.508217
v -3.506725 1.267501 -2.438789
v -3.504772 0.000000 1.417595
v -3.504772 1.963332 1.417595
v -3.504772 2.021834 1.417595
v -3.504772 2.534995 1.417595
v -3.504772 3.315009 1.417595
v -3.504772 3.315009 -0.512886
v -3.504772 0.000000 -2.443489
v -3.504772 1.267501 -2.443489
v -3.504772 2.534995 -2.443489
v -3.504772 3.315009 -2.443489
v -3.501652 3.315009 -0.508842
v -3.501652 1.267501 -2.447517
v -3.498608 0.000000 1.425636
v -3.498608 1.963332 1.425636
v -3.498608 2.021834 1.425636
v -3.498608 2.534995 1.425636
v -3.498608 3.315009 1.425636
v -3.498608 3.315009 -0.512886
v -3.498608 0.000000 -2.451515
v -3.498608 1.267501 -2.451515
v -3.498608 2.534995 -2.451515
v -3.498608 3.315009 -2.451515
v -3.494549 3.315009 -0.509850
v -3.494549 1.267501 -2.454628
v -3.490498 0.000000 1.431801
v -3.490498 1.963332 1.431801
v -3.490498 2.021834 1.431801
v -3.490498 2.534995 1.431801
v -3.490498 3.315009 1.431801
v -3.490498 3.204856 1.211067
v -3.490498 0.682342 1.209190
v -3.490498 0.736087 1.204185
v -3.490498 3.234351 1.200615
v -3.490498 3.158607 1.197411
v -3.490498 0.764793 1.187263
v -3.490498 3.223655 1.186882
v -3.490498 0.207481 1.185478
v -3.490498 0.295620 1.182671
v -3.490498 0.384929 1.166832
v -3.490498 0.533756 1.162239
v -3.490498 3.122886 1.159889
v -3.490498 0.146952 1.157555
v -3.490498 0.466752 1.151237
v -3.490498 3.119849 1.145073
v -3.490498 0.811355 1.144142
v -3.490498 3.202689 1.140465
v -3.490498 3.143546 1.123863
v -3.490498 0.845989 1.117302
v -3.490498 3.185355 1.093285
v -3.490498 0.857223 1.091179
v -3.490498 0.115908 1.085243
v -3.490498 3.111579 1.066216
v -3.490498 3.131309 1.064354
v -3.490498 3.151053 1.062401
v -3.490498 0.880309 1.048424
v -3.490498 0.925941 1.031105
v -3.490498 1.074214 1.011299
v -3.490498 1.102451 0.991096
v -3.490498 1.101283 0.975029
v -3.490498 0.293281 0.960136
v -3.490498 0.263641 0.950615
v -3.490498 1.098708 0.939476
v -3.490498 0.258415 0.937355
v -3.490498 0.432277 0.937050
v -3.490498 0.090402 0.920280
v -3.490498 0.255059 0.910301
v -3.490498 0.497640 0.892204
v -3.490498 0.681720 0.888603
v -3.490498 0.650287 0.885963
v -3.490498 0.534301 0.874718
v -3.490498 0.586560 0.873711
v -3.490498 0.731719 0.871056
v -3.490498 0.235716 0.869881
v -3.490498 1.069305 0.855064
v -3.490498 0.211692 0.849846
v -3.490498 0.124098 0.844460
v -3.490498 0.162084 0.830040
v -3.490498 0.819076 0.813026
v -3.490498 0.993877 0.790337
v -3.490498 0.901756 0.781670
v -3.490498 3.315009 -0.512886
v -3.490498 2.747474 -0.703209
v -3.490498 2.728599 -0.703606
v -3.490498 2.763770 -0.737694
v -3.490498 2.782493 -0.760612
v -3.490498 2.763618 -0.761024
v -3.490498 2.821250 -0.777168
v -3.490498 2.669471 -0.804924
v -3.490498 2.830787 -0.847603
v -3.490498 2.656379 -0.889015
v -3.490498 2.666663 -0.930901
v -3.490498 2.764091 -0.945564
v -3.490498 2.706367 -0.947746
v -3.490498 2.791541 -0.950706
v -3.490498 0.000000 -2.457741
v -3.490498 1.267501 -2.457741
v -3.490498 2.534995 -2.457741
v -3.490498 3.315009 -2.457741
v -3.485821 3.315009 -0.511024
v -3.485821 1.267501 -2.459602
v -3.481136 0.000000 1.435692
v -3.481136 1.963332 1.435692
v -3.481136 2.021834 1.435692
v -3.481136 2.534995 1.435692
v -3.481136 3.315009 1.435692
v -3.481136 3.315009 -0.512886
v -3.481136 0.000000 -2.461586
v -3.481136 1.267501 -2.461586
v -3.481136 2.534995 -2.461586
v -3.481136 3.315009 -2.461586
v -3.476147 2.021834 1.437096
v -3.476147 3.315009 -0.512260
v -3.476070 1.267501 -2.462288
v -3.474583 2.022147 1.436790
v -3.473568 2.007094 1.462379
v -3.470997 0.000000 1.437096
v -3.470997 1.963332 1.437096
v -3.470997 1.992507 1.437096
v -3.470997 2.022231 1.437096
v -3.470997 2.023475 1.437096
v -3.470997 2.534995 1.437096
v -3.470997 3.315009 1.437096
v -3.470997 3.315009 -0.512886
v -3.470997 0.000000 -2.462959
v -3.470997 1.267501 -2.462959
v -3.470997 2.534995 -2.462959
v -3.470997 3.315009 -2.462959
v -3.468578 1.977920 1.462379
v -3.466000 1.963332 1.437096
v -3.393002 3.315009 -0.610390
v -3.361721 2.062316 1.437096
v -3.355404 2.048987 1.462379
v -3.342686 2.022468 1.462379
v -3.336445 2.009200 1.437096
v -3.314999 0.000000 1.242027
v -3.314999 1.267501 1.242027
v -3.314999 2.534995 1.242027
v -3.314999 2.924918 1.242027
v -3.314999 3.315009 1.242027
v -3.314999 2.534995 -0.227180
v -3.314999 2.534995 -0.232094
v -3.314999 2.534995 -0.236229
v -3.314999 2.534995 -0.239586
v -3.314999 2.534995 -0.242149
v -3.314999 2.534995 -0.243797
v -3.314999 2.534995 -0.244652
v -3.314999 2.534995 -0.310173
v -3.314999 2.534995 -0.317970
v -3.314999 2.651999 -0.317970
v -3.314999 0.000000 -0.512886
v -3.314999 1.267501 -0.512886
v -3.314999 2.924918 -0.512886
v -3.314999 3.119925 -0.512886
v -3.314999 3.315009 -0.512886
v -3.314999 2.534995 -0.707893
v -3.314999 2.652000 -0.707893
v -3.314999 2.534995 -0.715767
v -3.314999 2.534995 -0.782066
v -3.314999 2.534995 -0.783791
v -3.314999 2.534995 -0.786293
v -3.314999 2.534995 -0.789726
v -3.314999 2.534995 -0.793861
v -3.314999 2.534995 -0.798775
v -3.314999 1.267501 -1.289070
v -3.314999 1.325995 -1.292885
v -3.314999 1.267501 -1.292976
v -3.314999 1.267501 -1.487892
v -3.314999 1.267501 -1.491859
v -3.314999 1.267501 -1.525002
v -3.314999 1.267501 -1.525887
v -3.314999 1.267501 -1.527107
v -3.314999 1.267501 -1.528847
v -3.314999 1.267501 -1.530952
v -3.314999 1.267501 -1.533363
v -3.314999 0.000000 -2.267952
v -3.314999 1.267501 -2.267952
v -3.314999 2.534995 -2.267952
v -3.314999 2.924918 -2.267952
v -3.314999 3.315009 -2.267952
v -3.307278 2.534995 -0.310173
v -3.307278 2.671500 -0.310173
v -3.307278 2.534995 -0.715767
v -3.307278 2.671500 -0.715767
v -3.259693 2.124412 1.437096
v -3.251507 2.112395 1.462379
v -3.235119 2.088065 1.462379
v -3.226933 2.076049 1.437096
v -3.218510 2.155295 1.437096
v -3.208294 2.144767 1.462379
v -3.187618 2.123626 1.462379
v -3.181698 2.191176 -2.443489
v -3.181698 2.191176 -2.462959
v -3.178341 2.206313 1.437096
v -3.177326 2.113097 1.437096
v -3.166485 2.197722 1.462379
v -3.142849 2.180572 1.462379
v -3.130917 2.171988 1.437096
v -3.125927 2.233375 -2.443489
v -3.125927 2.233375 -2.462959
v -3.107357 2.313323 1.437096
v -3.106274 2.157638 -2.443489
v -3.106274 2.157638 -2.462959
v -3.094723 2.305915 1.462379
v -3.088017 2.534995 -2.267952
v -3.086452 2.059279 -2.443489
v -3.086452 2.059279 -2.462959
v -3.085827 2.000312 -2.443489
v -3.085827 2.000312 -2.462959
v -3.069302 2.291327 1.462379
v -3.058453 2.106154 -2.443489
v -3.058453 2.106154 -2.462959
v -3.056583 2.284080 1.437096
v -3.054394 2.420882 1.437096
v -3.042072 0.000000 1.515099
v -3.042072 1.559920 1.515099
v -3.042072 0.000000 1.437096
v -3.042072 1.559920 1.437096
v -3.040981 2.415275 1.462379
v -3.037548 1.940482 -2.443489
v -3.037548 1.940482 -2.462959
v -3.035519 2.473769 1.437096
v -3.024441 1.716155 1.515099
v -3.024441 1.716155 1.437096
v -3.022655 2.466361 1.462379
v -3.014072 2.403876 1.462379
v -3.006969 2.508796 1.437096
v -3.000500 2.398108 1.437096
v -2.999874 2.494437 1.462379
v -2.996761 2.451934 1.462379
v -2.987942 2.457465 1.462379
v -2.983883 2.444518 1.437096
v -2.981777 2.451148 1.437096
v -2.974293 2.466048 1.462379
v -2.972500 1.864509 1.515099
v -2.972500 1.864509 1.437096
v -2.965557 2.296790 -2.443489
v -2.965557 2.296790 -2.462959
v -2.963299 2.424552 1.437096
v -2.959393 2.495765 1.462379
v -2.956036 2.302711 -2.443489
v -2.956036 2.302711 -2.462959
v -2.951824 2.510741 1.437096
v -2.951672 2.433364 1.462379
v -2.950893 1.933234 -2.443489
v -2.950893 1.933234 -2.462959
v -2.928509 2.451148 1.462379
v -2.925076 0.000000 1.515099
v -2.925076 1.559920 1.515099
v -2.925076 0.038922 1.514793
v -2.925076 0.038922 1.437096
v -2.925076 1.559920 1.437096
v -2.922192 1.958190 -2.443489
v -2.922192 1.958190 -2.462959
v -2.920315 2.373931 1.437096
v -2.916882 2.460120 1.437096
v -2.912045 1.926673 -2.443489
v -2.912045 1.926673 -2.462959
v -2.910336 1.690101 1.515099
v -2.910336 2.384772 1.462379
v -2.910336 1.690101 1.437096
v -2.905025 2.103972 -2.443489
v -2.905025 2.103972 -2.462959
v -2.897457 2.924918 -0.874977
v -2.890514 2.406608 1.462379
v -2.888882 1.997581 1.515099
v -2.888882 1.997581 1.437096
v -2.880611 2.417533 1.437096
v -2.872967 2.340545 1.437096
v -2.867123 1.813811 1.515099
v -2.867123 1.813811 1.437096
v -2.865871 2.353492 1.462379
v -2.857296 2.148276 -2.443489
v -2.857296 2.148276 -2.462959
v -2.851597 2.379157 1.462379
v -2.844418 2.392020 1.437096
v -2.819149 2.194221 -2.443489
v -2.819149 2.194221 -2.462959
v -2.818600 2.164573 -2.443489
v -2.818600 2.164573 -2.462959
v -2.809795 2.313949 1.437096
v -2.807995 0.155922 1.437096
v -2.807995 0.546001 1.437096
v -2.807995 0.663001 1.437096
v -2.807995 1.052920 1.437096
v -2.807995 1.169997 1.437096
v -2.807995 1.559920 1.437096
v -2.807995 0.155922 1.398033
v -2.807995 0.546001 1.398033
v -2.807995 0.663001 1.398033
v -2.807995 1.052920 1.398033
v -2.807995 1.169997 1.398033
v -2.807995 1.559920 1.398033
v -2.806202 2.328223 1.462379
v -2.798946 2.356849 1.462379
v -2.797466 1.924728 1.515099
v -2.797466 1.924728 1.437096
v -2.796291 1.664130 1.437096
v -2.796291 1.664130 1.398033
v -2.795284 2.371284 1.437096
v -2.777737 2.108809 1.515099
v -2.777737 2.108809 1.437096
v -2.761669 1.763038 1.437096
v -2.761669 1.763038 1.398033
v -2.705898 1.851798 1.437096
v -2.705898 1.851798 1.398033
v -2.704723 2.017310 1.515099
v -2.704723 2.017310 1.437096
v -2.646145 1.911552 1.437096
v -2.646145 1.911552 1.398033
v -2.644665 2.192504 1.515099
v -2.644665 2.192504 1.437096
v -2.593807 2.086967 1.515099
v -2.593807 2.086967 1.437096
v -2.543110 1.981673 1.437096
v -2.543110 1.981673 1.398033
v -2.496227 2.244376 1.515099
v -2.496227 2.244376 1.437096
v -2.486248 1.584334 -2.267952
v -2.479855 2.924918 0.517952
v -2.479855 2.983420 0.517952
v -2.479855 2.924918 -1.615273
v -2.479855 2.983421 -1.615273
v -2.470257 2.130256 1.515099
v -2.470257 2.130256 1.437096
v -2.460659 1.169997 1.437096
v -2.460659 1.169997 1.398033
v -2.449902 0.877421 1.242027
v -2.444126 2.016227 1.437096
v -2.444126 2.016227 1.398033
v -2.438824 3.119925 0.476845
v -2.438824 3.119926 -1.574165
v -2.401073 2.824149 1.437096
v -2.401073 2.824149 1.417595
v -2.381413 3.119925 -0.332954
v -2.381413 3.315009 -0.332954
v -2.381413 3.119926 -1.122231
v -2.381413 3.315009 -1.122231
v -2.370808 3.119925 -0.252220
v -2.370808 3.315009 -0.252220
v -2.370808 3.119925 -0.413750
v -2.370808 3.315009 -0.413750
v -2.370808 3.119926 -1.041512
v -2.370808 3.315009 -1.041512
v -2.370808 3.119926 -1.202980
v -2.370808 3.315009 -1.202980
v -2.367451 2.820334 1.437096
v -2.367451 2.820334 1.417595
v -2.361370 2.797233 1.437096
v -2.361370 2.797233 1.417595
v -2.340069 2.144996 1.515099
v -2.340069 2.261924 1.515099
v -2.340069 1.169997 1.437096
v -2.340069 2.027999 1.437096
v -2.340069 2.144996 1.437096
v -2.340069 2.261924 1.437096
v -2.340069 1.169997 1.398033
v -2.340069 2.027999 1.398033
v -2.339611 3.119925 -0.176949
v -2.339611 3.315009 -0.176949
v -2.339611 3.119925 -0.488960
v -2.339611 3.315009 -0.488960
v -2.339611 3.119925 -0.966225
v -2.339611 3.315009 -0.966225
v -2.339611 3.119926 -1.278236
v -2.339611 3.315009 -1.278236
v -2.338909 2.794669 1.437096
v -2.338909 2.794669 1.417595
v -2.338360 3.017753 1.437096
v -2.338360 3.017753 1.417595
v -2.336880 2.951056 1.437096
v -2.336880 2.951056 1.417595
v -2.334927 2.268554 1.437096
v -2.334072 2.283134 1.462379
v -2.332508 2.312308 1.462379
v -2.331646 2.326972 1.437096
v -2.326733 1.000117 -2.462959
v -2.322918 3.237006 -0.332954
v -2.322918 3.315009 -0.332954
v -2.322918 3.237006 -1.122231
v -2.322918 3.315009 -1.122231
v -2.314251 3.237006 -0.267357
v -2.314251 3.315009 -0.267357
v -2.314251 3.237006 -0.398628
v -2.314251 3.315009 -0.398628
v -2.314251 3.237006 -1.056557
v -2.314251 3.315009 -1.056557
v -2.314251 3.237006 -1.187843
v -2.314251 3.315009 -1.187843
v -2.302639 0.970244 -2.462959
v -2.293819 2.795280 1.437096
v -2.293819 3.018607 1.437096
v -2.293819 2.795280 1.417595
v -2.293819 3.018607 1.417595
v -2.290081 3.119925 -0.112297
v -2.290081 3.315009 -0.112297
v -2.290081 3.119925 -0.553612
v -2.290081 3.315009 -0.553612
v -2.290081 3.119925 -0.901573
v -2.290081 3.315009 -0.901573
v -2.290081 3.119926 -1.342903
v -2.290081 3.315009 -1.342903
v -2.288982 3.237006 -0.206276
v -2.288982 3.315009 -0.206276
v -2.288982 3.237006 -0.459785
v -2.288982 3.315009 -0.459785
v -2.288982 3.237006 -0.995399
v -2.288982 3.315009 -0.995399
v -2.288982 3.237006 -1.249001
v -2.288982 3.315009 -1.249001
v -2.274319 2.916495 1.437096
v -2.274319 2.916495 1.417595
v -2.264812 2.982398 1.437096
v -2.264812 2.982398 1.417595
v -2.250057 2.846610 1.437096
v -2.250057 2.846610 1.417595
v -2.248745 3.237006 -0.153786
v -2.248745 3.315009 -0.153786
v -2.248745 3.237006 -0.512260
v -2.248745 3.315009 -0.512260
v -2.248745 3.237006 -0.942909
v -2.248745 3.315009 -0.942909
v -2.248745 3.237006 -1.301399
v -2.248745 3.315009 -1.301399
v -2.235867 2.016227 1.437096
v -2.235867 2.016227 1.398033
v -2.225414 3.119925 -0.062752
v -2.225414 3.315009 -0.062752
v -2.225414 3.119925 -0.603142
v -2.225414 3.315009 -0.603142
v -2.225414 3.119925 -0.852043
v -2.225414 3.315009 -0.852043
v -2.225414 3.119926 -1.392433
v -2.225414 3.315009 -1.392433
v -2.219479 1.169997 1.437096
v -2.219479 1.169997 1.398033
v -2.209896 2.130256 1.515099
v -2.209896 2.130256 1.437096
v -2.196239 3.237006 -0.113457
v -2.196239 3.315009 -0.113457
v -2.196239 3.237006 -0.552513
v -2.196239 3.315009 -0.552513
v -2.196239 3.237006 -0.902657
v -2.196239 3.315009 -0.902657
v -2.196239 3.237006 -1.341743
v -2.196239 3.315009 -1.341743
v -2.186413 3.119925 0.267662
v -2.186413 3.510001 0.267662
v -2.183834 2.244376 1.515099
v -2.183834 2.244376 1.437096
v -2.182522 3.119925 0.297844
v -2.182522 3.510001 0.297844
v -2.182522 3.119925 0.237389
v -2.182522 3.510001 0.237389
v -2.170742 3.119925 0.326073
v -2.170742 3.510001 0.326073
v -2.170742 3.119925 0.209160
v -2.170742 3.510001 0.209160
v -2.167156 3.213447 -2.462959
v -2.163174 3.227714 -2.462959
v -2.157787 3.202216 -2.462959
v -2.152248 3.119925 0.350258
v -2.152248 3.510001 0.350258
v -2.152248 3.119925 0.184807
v -2.152248 3.510001 0.184807
v -2.150921 3.198783 -2.462959
v -2.150219 3.119925 -0.031639
v -2.150219 3.315009 -0.031639
v -2.150219 3.119925 -0.634346
v -2.150219 3.315009 -0.634346
v -2.150219 3.119925 -0.820839
v -2.150219 3.315009 -0.820839
v -2.150219 3.119926 -1.423561
v -2.150219 3.315009 -1.423561
v -2.141476 3.242698 -2.462959
v -2.141018 3.170936 -2.462959
v -2.139538 3.191535 -2.462959
v -2.136959 1.981673 1.437096
v -2.136959 1.981673 1.398033
v -2.135098 3.237006 -0.088112
v -2.135098 3.315009 -0.088112
v -2.135098 3.237006 -0.577797
v -2.135098 3.315009 -0.577797
v -2.135098 3.237006 -0.877388
v -2.135098 3.315009 -0.877388
v -2.135098 3.237006 -1.367073
v -2.135098 3.315009 -1.367073
v -2.129406 2.603248 1.437096
v -2.127911 3.119925 0.368904
v -2.127911 3.510001 0.368904
v -2.127911 3.119925 0.166328
v -2.127911 3.510001 0.166328
v -2.116451 3.167045 -2.462959
v -2.115353 3.246986 -2.462959
v -2.099682 3.119925 0.380684
v -2.099682 3.510001 0.380684
v -2.099682 3.119925 0.154549
v -2.099682 3.510001 0.154549
v -2.086178 2.086967 1.515099
v -2.086178 2.086967 1.437096
v -2.069424 3.119925 0.384575
v -2.069424 3.510001 0.384575
v -2.069424 3.119925 0.150658
v -2.069424 3.510001 0.150658
v -2.069424 3.119925 -0.021019
v -2.069424 3.315009 -0.021019
v -2.069424 3.237006 -0.079521
v -2.069424 3.315009 -0.079521
v -2.069424 3.237006 -0.586525
v -2.069424 3.315009 -0.586525
v -2.069424 3.119925 -0.645027
v -2.069424 3.315009 -0.645027
v -2.069424 3.119925 -0.810158
v -2.069424 3.315009 -0.810158
v -2.069424 3.237006 -0.868660
v -2.069424 3.315009 -0.868660
v -2.069424 3.237006 -1.375648
v -2.069424 3.315009 -1.375648
v -2.069424 3.119926 -1.434151
v -2.069424 3.315009 -1.434151
v -2.039608 2.320968 1.437096
v -2.039303 2.306380 1.462379
v -2.039150 3.119925 0.380684
v -2.039150 3.510001 0.380684
v -2.039150 3.119925 0.154549
v -2.039150 3.510001 0.154549
v -2.038754 2.277053 1.462379
v -2.038448 2.262473 1.437096
v -2.035488 2.192504 1.515099
v -2.035488 2.192504 1.437096
v -2.033855 1.911552 1.437096
v -2.033855 1.911552 1.398033
v -2.010921 3.119925 0.368904
v -2.010921 3.510001 0.368904
v -2.010921 3.119925 0.166328
v -2.010921 3.510001 0.166328
v -2.003811 3.237006 -0.088112
v -2.003811 3.315009 -0.088112
v -2.003811 3.237006 -0.577797
v -2.003811 3.315009 -0.577797
v -2.003811 3.237006 -0.877388
v -2.003811 3.315009 -0.877388
v -2.003811 3.237006 -1.367073
v -2.003811 3.315009 -1.367073
v -1.988674 3.119925 -0.031639
v -1.988674 3.315009 -0.031639
v -1.988674 3.119925 -0.634346
v -1.988674 3.315009 -0.634346
v -1.988674 3.119925 -0.820839
v -1.988674 3.315009 -0.820839
v -1.988674 3.119926 -1.423561
v -1.988674 3.315009 -1.423561
v -1.986736 3.119925 0.350258
v -1.986736 3.510001 0.350258
v -1.986736 3.119925 0.184807
v -1.986736 3.510001 0.184807
v -1.975277 2.017310 1.515099
v -1.975277 2.017310 1.437096
v -1.974087 1.851798 1.437096
v -1.974087 1.851798 1.398033
v -1.968090 3.119925 0.326073
v -1.968090 3.510001 0.326073
v -1.968090 3.119925 0.209160
v -1.968090 3.510001 0.209160
v -1.956387 3.119925 0.297844
v -1.956387 3.510001 0.297844
v -1.956387 3.119925 0.237389
v -1.956387 3.510001 0.237389
v -1.952496 3.119925 0.267662
v -1.952496 3.510001 0.267662
v -1.942654 3.237006 -0.113457
v -1.942654 3.315009 -0.113457
v -1.942654 3.237006 -0.552513
v -1.942654 3.315009 -0.552513
v -1.942654 3.237006 -0.902657
v -1.942654 3.315009 -0.902657
v -1.942654 3.237006 -1.341743
v -1.942654 3.315009 -1.341743
v -1.918331 1.763038 1.437096
v -1.918331 1.763038 1.398033
v -1.913494 3.119925 -0.062752
v -1.913494 3.315009 -0.062752
v -1.913494 3.119925 -0.603142
v -1.913494 3.315009 -0.603142
v -1.913494 3.119925 -0.852043
v -1.913494 3.315009 -0.852043
v -1.913494 3.119926 -1.392433
v -1.913494 3.315009 -1.392433
v -1.902416 2.108809 1.515099
v -1.902416 2.108809 1.437096
v -1.898754 2.329154 1.437096
v -1.897030 2.314567 1.462379
v -1.893673 2.285476 1.462379
v -1.891964 2.270972 1.437096
v -1.890255 3.237006 -0.153786
v -1.890255 3.315009 -0.153786
v -1.890255 3.237006 -0.512260
v -1.890255 3.315009 -0.512260
v -1.890255 3.237006 -0.942909
v -1.890255 3.315009 -0.942909
v -1.890255 3.237006 -1.301399
v -1.890255 3.315009 -1.301399
v -1.883785 1.664130 1.437096
v -1.883785 1.664130 1.398033
v -1.882687 1.924728 1.515099
v -1.882687 1.924728 1.437096
v -1.872005 0.155922 1.437096
v -1.872005 0.546001 1.437096
v -1.872005 0.663001 1.437096
v -1.872005 1.052920 1.437096
v -1.872005 1.169997 1.437096
v -1.872005 1.559920 1.437096
v -1.872005 0.155922 1.398033
v -1.872005 0.546001 1.398033
v -1.872005 0.663001 1.398033
v -1.872005 1.052920 1.398033
v -1.872005 1.169997 1.398033
v -1.872005 1.559920 1.398033
v -1.849834 3.237006 -0.206276
v -1.849834 3.315009 -0.206276
v -1.849834 3.237006 -0.459785
v -1.849834 3.315009 -0.459785
v -1.849834 3.237006 -0.995399
v -1.849834 3.315009 -0.995399
v -1.849834 3.237006 -1.249001
v -1.849834 3.315009 -1.249001
v -1.848751 3.119925 -0.112297
v -1.848751 3.315009 -0.112297
v -1.848751 3.119925 -0.553612
v -1.848751 3.315009 -0.553612
v -1.848751 3.119925 -0.901573
v -1.848751 3.315009 -0.901573
v -1.848751 3.119926 -1.342903
v -1.848751 3.315009 -1.342903
v -1.836971 2.534995 -2.462959
v -1.836971 2.924918 -2.462959
v -1.836971 2.993247 -2.462959
v -1.824581 3.237006 -0.267357
v -1.824581 3.315009 -0.267357
v -1.824581 3.237006 -0.398628
v -1.824581 3.315009 -0.398628
v -1.824581 3.237006 -1.056557
v -1.824581 3.315009 -1.056557
v -1.824581 3.237006 -1.187843
v -1.824581 3.315009 -1.187843
v -1.818645 2.534995 -2.267952
v -1.815990 3.237006 -0.332954
v -1.815990 3.315009 -0.332954
v -1.815990 3.237006 -1.122231
v -1.815990 3.315009 -1.122231
v -1.813030 1.813811 1.515099
v -1.813030 1.813811 1.437096
v -1.812801 2.486251 -2.462959
v -1.799221 3.119925 -0.176949
v -1.799221 3.315009 -0.176949
v -1.799221 3.119925 -0.488960
v -1.799221 3.315009 -0.488960
v -1.799221 3.119925 -0.966225
v -1.799221 3.315009 -0.966225
v -1.799221 3.119926 -1.278236
v -1.799221 3.315009 -1.278236
v -1.791180 1.997581 1.515099
v -1.791180 1.997581 1.437096
v -1.769741 1.690101 1.515099
v -1.769741 1.690101 1.437096
v -1.768032 3.119925 -0.252220
v -1.768032 3.315009 -0.252220
v -1.768032 3.119925 -0.413750
v -1.768032 3.315009 -0.413750
v -1.768032 3.119926 -1.041512
v -1.768032 3.315009 -1.041512
v -1.768032 3.119926 -1.202980
v -1.768032 3.315009 -1.202980
v -1.757488 3.119925 -0.332954
v -1.757488 3.315009 -0.332954
v -1.757488 3.119926 -1.122231
v -1.757488 3.315009 -1.122231
v -1.755001 0.000000 1.515099
v -1.755001 1.559920 1.515099
v -1.755001 0.038922 1.514793
v -1.755001 0.038922 1.437096
v -1.755001 1.559920 1.437096
v -1.755001 2.924918 1.242027
v -1.755001 3.120002 1.242027
v -1.755001 2.924918 -2.267952
v -1.746960 2.355987 1.437096
v -1.743450 2.341872 1.462379
v -1.736355 2.313407 1.462379
v -1.735577 2.534995 1.437096
v -1.735577 2.534995 -2.462959
v -1.735577 3.315009 -2.462959
v -1.732845 2.299132 1.437096
v -1.718182 2.486251 1.242027
v -1.707485 1.864509 1.515099
v -1.707485 1.864509 1.437096
v -1.700085 3.119925 0.476845
v -1.700085 3.119925 -0.512886
v -1.700085 3.119926 -1.574165
v -1.670910 2.522834 1.437096
v -1.667019 2.522834 1.437096
v -1.662807 3.315009 1.437096
v -1.659054 2.924918 0.517952
v -1.659054 2.983420 0.517952
v -1.659054 2.924918 -0.512886
v -1.659054 2.983420 -0.512886
v -1.659054 2.924918 -1.615273
v -1.659054 2.983421 -1.615273
v -1.657574 0.000000 1.242027
v -1.657574 2.534995 1.242027
v -1.657574 0.000000 -2.267952
v -1.657574 0.633672 -2.267952
v -1.657574 1.901175 -2.267952
v -1.657574 2.534995 -2.267952
v -1.657574 3.022422 -2.267952
v -1.657574 3.217414 -2.267952
v -1.657574 3.315009 -2.267952
v -1.657574 3.315009 -2.365486
v -1.655621 1.716155 1.515099
v -1.655621 1.716155 1.437096
v -1.638073 0.000000 1.515099
v -1.638073 1.559920 1.515099
v -1.638073 0.000000 1.437096
v -1.638073 1.559920 1.437096
v -1.634106 2.993247 -2.462959
v -1.632061 2.392570 1.437096
v -1.627163 2.378844 1.462379
v -1.618572 3.315009 -2.316628
v -1.617489 2.351233 1.462379
v -1.612728 2.337348 1.437096
v -1.584805 3.315009 1.339531
v -1.584805 0.487500 1.242027
v -1.584805 1.754920 1.242027
v -1.584805 2.179946 1.242027
v -1.584805 2.437423 1.242027
v -1.584805 3.119925 1.242027
v -1.584805 3.315009 1.242027
v -1.574337 2.414725 1.437096
v -1.567715 2.401618 1.462379
v -1.567638 0.000000 -2.462959
v -1.567638 2.339927 -2.462959
v -1.567638 2.247497 -2.665718
v -1.567638 0.000000 -2.852882
v -1.554302 2.375411 1.462379
v -1.549389 2.522834 1.437096
v -1.547588 2.362388 1.437096
v -1.544323 2.437423 -2.462959
v -1.523022 2.448264 1.437096
v -1.514446 2.436332 1.462379
v -1.506023 2.522834 1.437096
v -1.504696 2.522834 1.437096
v -1.502193 2.522834 1.437096
v -1.499233 2.522834 1.437096
v -1.497204 2.412696 1.462379
v -1.493862 2.522834 1.437096
v -1.489330 2.522834 1.437096
v -1.488552 2.400840 1.437096
v -1.481518 2.522834 1.437096
v -1.479977 2.482902 1.437096
v -1.475903 2.522834 1.437096
v -1.473110 2.469710 1.462379
v -1.459377 2.443267 1.462379
v -1.452435 2.430091 1.437096
v -1.406658 2.504111 1.437096
v -1.404079 2.489600 1.462379
v -1.398998 2.460670 1.462379
v -1.398998 2.461684 1.462379
v -1.396420 2.446235 1.437096
v -1.392056 2.459807 1.458946
v -1.387539 2.448104 1.437096
v -1.385983 2.454268 1.448647
v -1.385113 2.458014 1.455437
v -1.384182 2.461684 1.462379
v -1.376614 2.491553 1.462379
v -1.372875 2.506454 1.437096
v -1.365383 2.432586 1.437096
v -1.358990 2.905433 -0.123833
v -1.358990 2.924918 -0.123833
v -1.354305 2.442878 1.462379
v -1.350491 2.905433 -0.075157
v -1.350491 2.924918 -0.075157
v -1.350094 2.905433 -0.162285
v -1.350094 2.924918 -0.162285
v -1.346111 2.516822 1.437096
v -1.342068 2.905433 -0.035683
v -1.342068 2.924918 -0.035683
v -1.340664 2.385550 1.437096
v -1.337460 2.924918 0.880028
v -1.337460 2.924918 -1.941628
v -1.332073 2.463401 1.462379
v -1.326855 2.390548 1.462379
v -1.322338 2.905433 -0.362892
v -1.322338 2.924918 -0.362892
v -1.322018 2.905433 -0.004494
v -1.322018 2.924918 -0.004494
v -1.320995 2.473617 1.437096
v -1.318111 2.272605 1.437096
v -1.316723 2.905433 -0.387550
v -1.316723 2.924918 -0.387550
v -1.313290 2.905433 -0.337318
v -1.313290 2.924918 -0.337318
v -1.311794 2.905433 -0.254082
v -1.311794 2.924918 -0.254082
v -1.303921 2.275886 1.462379
v -1.302746 2.905433 0.012428
v -1.302746 2.924918 0.012428
v -1.298931 2.400374 1.462379
v -1.298000 2.905433 -0.303551
v -1.298000 2.924918 -0.303551
v -1.297848 0.989120 1.437096
v -1.297848 0.989120 1.417595
v -1.294018 1.053470 1.437096
v -1.294018 1.053470 1.417595
v -1.285046 2.405364 1.437096
v -1.282238 0.876800 -2.760292
v -1.282238 0.878356 -2.779640
v -1.281078 2.137275 1.437096
v -1.281078 0.512069 -2.790657
v -1.281078 0.513709 -2.810158
v -1.279202 2.905433 -0.409386
v -1.279202 2.924918 -0.409386
v -1.275448 2.282744 1.462379
v -1.271633 2.905433 0.022102
v -1.271633 2.924918 0.022102
v -1.266949 2.141570 1.462379
v -1.265942 0.785850 -2.767860
v -1.265942 0.787410 -2.787209
v -1.263439 0.970008 1.437096
v -1.263439 0.970008 1.417595
v -1.261181 2.286025 1.437096
v -1.239193 0.330018 -2.805855
v -1.239193 0.331656 -2.825294
v -1.239025 2.150146 1.462379
v -1.237774 2.905433 0.021492
v -1.237774 2.924918 0.021492
v -1.230984 2.905433 0.134422
v -1.230984 2.924918 0.134422
v -1.226070 2.905433 -0.430214
v -1.226070 2.924918 -0.430214
v -1.225063 2.154433 1.437096
v -1.212276 1.063373 1.437096
v -1.212276 1.063373 1.417595
v -1.204235 0.697398 -2.775185
v -1.204235 0.698958 -2.794716
v -1.200253 2.905433 0.006050
v -1.200253 2.924918 0.006050
v -1.199322 2.905433 -0.455254
v -1.199322 2.924918 -0.455254
v -1.198772 0.284076 -2.809761
v -1.198772 0.285714 -2.829109
v -1.189495 0.925941 1.437096
v -1.189495 0.925941 1.417595
v -1.183727 1.116649 -2.740273
v -1.183727 1.118209 -2.759743
v -1.182156 1.847739 1.437096
v -1.170773 2.905433 -0.054955
v -1.170773 2.924918 -0.054955
v -1.169994 1.057525 -2.745277
v -1.169994 1.059085 -2.764687
v -1.168819 1.108771 1.437096
v -1.168819 1.108771 1.417595
v -1.168438 1.852576 1.462379
v -1.159863 1.152606 -2.737312
v -1.159863 1.154243 -2.756783
v -1.155499 2.905433 0.140739
v -1.155499 2.924918 0.140739
v -1.144878 2.905433 -0.495033
v -1.144878 2.924918 -0.495033
v -1.140835 1.862327 1.462379
v -1.134426 1.084434 1.437096
v -1.134426 1.084434 1.417595
v -1.129513 2.437423 -2.462959
v -1.127087 1.867087 1.437096
v -1.122417 0.931243 1.437096
v -1.122417 0.931243 1.417595
v -1.115780 1.050582 1.437096
v -1.115780 1.050582 1.417595
v -1.114620 1.072188 1.437096
v -1.114620 1.072188 1.417595
v -1.082867 0.993564 1.437096
v -1.082867 0.993564 1.417595
v -1.080608 0.290394 -2.809212
v -1.080608 0.291954 -2.828560
v -1.080059 0.949653 1.437096
v -1.080059 0.949653 1.417595
v -1.074139 3.055182 1.437096
v -1.074139 3.166800 1.437096
v -1.070461 2.905433 0.115471
v -1.070461 2.924918 0.115471
v -1.069149 2.534995 1.242027
v -1.064373 3.115790 1.437096
v -1.060726 1.513358 1.437096
v -1.060101 1.234740 -2.730415
v -1.060101 1.236381 -2.749855
v -1.059628 3.148704 1.437096
v -1.052212 3.080848 1.437096
v -1.047070 1.518584 1.462379
v -1.046200 2.905433 -0.512032
v -1.046200 2.924918 -0.512032
v -1.046124 1.382552 -2.718117
v -1.046124 1.384261 -2.737617
v -1.019772 1.529189 1.462379
v -1.016109 2.534995 1.242027
v -1.014538 1.320312 -2.723335
v -1.014538 1.321944 -2.742683
v -1.010647 1.480445 -2.709999
v -1.010647 1.482078 -2.729439
v -1.006115 1.534339 1.437096
v -1.005718 2.905433 0.039970
v -1.005718 2.924918 0.039970
v -1.003384 1.292068 -2.725685
v -1.003384 1.293708 -2.745155
v -0.995907 2.885932 -0.278419
v -0.995907 2.905433 -0.278419
v -0.993160 2.885932 -0.250587
v -0.993160 2.905433 -0.250587
v -0.987164 1.331306 1.437096
v -0.983974 2.885932 -0.228661
v -0.983974 2.905433 -0.228661
v -0.973980 1.337470 1.462379
v -0.966640 0.327756 -2.806007
v -0.966640 0.329471 -2.825539
v -0.965176 2.905433 -0.053474
v -0.965176 2.924918 -0.053474
v -0.959484 2.885932 -0.335518
v -0.959484 2.905433 -0.335518
v -0.947536 1.350028 1.462379
v -0.934200 1.356345 1.437096
v -0.933422 2.885932 -0.371635
v -0.933422 2.905433 -0.371635
v -0.930218 0.424319 -2.797981
v -0.930218 0.425879 -2.817421
v -0.929058 1.541045 -2.704933
v -0.929058 1.542686 -2.724434
v -0.926235 2.885932 -0.221016
v -0.926235 2.905433 -0.221016
v -0.917187 0.584844 -2.784554
v -0.917187 0.586482 -2.804085
v -0.916653 2.905433 -0.092308
v -0.916653 2.924918 -0.092308
v -0.905880 2.885932 -0.392860
v -0.905880 2.905433 -0.392860
v -0.900661 0.494754 -2.792122
v -0.900661 0.496314 -2.811562
v -0.899105 2.885932 -0.221489
v -0.899105 2.905433 -0.221489
v -0.894268 2.905433 -0.085381
v -0.894268 2.924918 -0.085381
v -0.888103 1.149562 1.437096
v -0.886623 2.885932 -0.397850
v -0.886623 2.905433 -0.397850
v -0.876171 2.885932 -0.226952
v -0.876171 2.905433 -0.226952
v -0.875866 1.157676 1.462379
v -0.873043 2.905433 -0.564445
v -0.873043 2.924918 -0.564445
v -0.863308 3.111808 -2.462959
v -0.855267 3.140510 -2.462959
v -0.851376 1.173743 1.462379
v -0.844967 2.885932 -0.389488
v -0.844967 2.905433 -0.389488
v -0.844494 3.089423 -2.462959
v -0.839123 1.181853 1.437096
v -0.836864 0.674468 -2.777168
v -0.836864 0.676105 -2.796638
v -0.835690 2.885932 -0.243248
v -0.835690 2.905433 -0.243248
v -0.830929 3.082633 -2.462959
v -0.828518 2.885932 -0.377174
v -0.828518 2.905433 -0.377174
v -0.821499 2.905433 -0.062904
v -0.821499 2.924918 -0.062904
v -0.819378 2.885932 -0.366402
v -0.819378 2.905433 -0.366402
v -0.811901 3.170310 -2.462959
v -0.810955 3.026954 -2.462959
v -0.809704 2.885932 -0.262978
v -0.809704 2.905433 -0.262978
v -0.808071 3.068061 -2.462959
v -0.806515 2.885932 -0.363762
v -0.806515 2.905433 -0.363762
v -0.792080 2.905433 0.017662
v -0.792080 2.924918 0.017662
v -0.787868 2.534995 1.437096
v -0.787868 2.671500 1.437096
v -0.787868 2.534995 1.242027
v -0.787868 2.534995 1.234230
v -0.787868 2.671500 1.234230
v -0.785992 2.885932 -0.268745
v -0.785992 2.905433 -0.268745
v -0.780071 2.534995 1.437096
v -0.780071 2.652000 1.437096
v -0.780071 2.534995 1.242027
v -0.780071 2.651999 1.242027
v -0.772518 1.127101 -2.739418
v -0.772518 1.128657 -2.758888
v -0.764172 0.992473 1.437096
v -0.763851 1.029990 -2.747536
v -0.763851 1.031631 -2.766945
v -0.761974 3.019141 -2.462959
v -0.759716 3.178977 -2.462959
v -0.754498 2.885932 -0.407753
v -0.754498 2.905433 -0.407753
v -0.753933 1.003158 1.462379
v -0.746532 0.734759 -2.772072
v -0.746532 0.736396 -2.791512
v -0.735455 2.885932 -0.241768
v -0.735455 2.905433 -0.241768
v -0.733517 1.024371 1.462379
v -0.729366 2.885932 -0.414223
v -0.729366 2.905433 -0.414223
v -0.728054 2.905433 0.046288
v -0.728054 2.924918 0.046288
v -0.728054 1.489722 -2.709297
v -0.728054 1.491355 -2.728645
v -0.726879 2.905433 -0.666634
v -0.726879 2.924918 -0.666634
v -0.723293 1.034984 1.437096
v -0.707836 2.885932 -0.236153
v -0.707836 2.905433 -0.236153
v -0.704876 0.944034 -2.754616
v -0.704876 0.945594 -2.774117
v -0.692165 2.885932 -0.404472
v -0.692165 2.905433 -0.404472
v -0.686001 2.885932 -0.240044
v -0.686001 2.905433 -0.240044
v -0.680309 0.765883 -2.769600
v -0.680309 0.767520 -2.788948
v -0.670086 1.314460 -2.723885
v -0.670086 1.316092 -2.743233
v -0.668926 0.829921 -2.764229
v -0.668926 0.831481 -2.783638
v -0.665569 1.449782 -2.712563
v -0.665569 1.451346 -2.732002
v -0.664715 2.885932 -0.246223
v -0.664715 2.905433 -0.246223
v -0.662136 1.413123 -2.715553
v -0.662136 1.414847 -2.735023
v -0.643887 2.885932 -0.263283
v -0.643887 2.905433 -0.263283
v -0.629925 2.905433 -0.646599
v -0.629925 2.924918 -0.646599
v -0.625088 2.885932 -0.327187
v -0.625088 2.905433 -0.327187
v -0.622906 2.885932 -0.298012
v -0.622906 2.905433 -0.298012
v -0.594036 0.868297 1.437096
v -0.587414 0.881557 1.462379
v -0.574230 0.908157 1.462379
v -0.572521 2.905433 0.094414
v -0.572521 2.924918 0.094414
v -0.567593 0.921336 1.437096
v -0.549282 2.534995 -2.267952
v -0.547634 2.905433 -0.601341
v -0.547634 2.924918 -0.601341
v -0.499203 0.839748 1.437096
v -0.494991 0.853709 1.462379
v -0.491787 2.905433 0.074913
v -0.491787 2.924918 0.074913
v -0.486568 0.881557 1.462379
v -0.482265 0.895675 1.437096
v -0.481411 2.905433 -0.299492
v -0.481411 2.924918 -0.299492
v -0.477367 2.905433 -0.540108
v -0.477367 2.924918 -0.540108
v -0.472134 2.905433 -0.421318
v -0.472134 2.924918 -0.421318
v -0.450756 0.824771 1.437096
v -0.448803 0.839515 1.462379
v -0.445141 0.868919 1.462379
v -0.443203 0.883582 1.437096
v -0.440609 2.905433 -0.017509
v -0.440609 2.924918 -0.017509
v -0.439220 2.905433 -0.182961
v -0.439220 2.924918 -0.182961
v -0.424313 1.210715 1.515099
v -0.424313 1.559920 1.515099
v -0.424313 1.760696 1.515099
v -0.424313 1.132716 1.437096
v -0.424313 1.210715 1.437096
v -0.424313 1.760696 1.437096
v -0.416988 2.905433 -0.120323
v -0.416988 2.924918 -0.120323
v -0.396862 0.885535 1.437096
v -0.394375 0.871024 1.462379
v -0.389996 2.534995 1.437096
v -0.389996 2.652000 1.437096
v -0.389996 2.534995 1.242027
v -0.389996 2.651999 1.242027
v -0.389294 0.842086 1.462379
v -0.386806 0.827502 1.437096
v -0.385326 1.249717 1.554100
v -0.385326 1.721694 1.554100
v -0.385326 1.249717 1.515099
v -0.385326 1.559920 1.515099
v -0.385326 1.721694 1.515099
v -0.382275 2.534995 1.437096
v -0.382275 2.671500 1.437096
v -0.382275 2.534995 1.242027
v -0.382275 2.534995 1.234230
v -0.382275 2.671500 1.234230
v -0.373302 2.534995 1.242027
v -0.372768 2.534995 1.242027
v -0.339535 0.903319 1.437096
v -0.331036 0.890681 1.462379
v -0.317135 0.935611 1.437096
v -0.313946 0.865256 1.462379
v -0.309490 0.917045 1.462379
v -0.305447 0.852618 1.437096
v -0.303417 0.930617 1.462379
v -0.300610 0.994968 1.437096
v -0.296398 1.062907 1.437096
v -0.286175 0.992473 1.462379
v -0.285000 1.132716 1.437096
v -0.284466 0.901527 1.462379
v -0.281887 1.061347 1.462379
v -0.281811 1.137160 1.441475
v -0.275799 0.920714 1.462379
v -0.271893 0.893882 1.437096
v -0.269726 1.135917 1.462379
v -0.268795 1.158065 1.462379
v -0.262081 0.915717 1.437096
v -0.257153 0.987636 1.462379
v -0.252789 1.057994 1.462379
v -0.242657 0.985137 1.437096
v -0.240551 1.133029 1.462379
v -0.239620 1.158065 1.462379
v -0.238216 1.056430 1.437096
v -0.233685 2.534995 -2.267952
v -0.225964 1.131545 1.437096
v -0.225964 1.132716 1.437096
v -0.212322 2.534995 -2.267952
v -0.211758 2.534995 -2.267952
v -0.202785 2.534995 -2.260078
v -0.202785 2.671500 -2.260078
v -0.202785 2.534995 -2.267952
v -0.202785 2.534995 -2.462959
v -0.202785 2.671500 -2.462959
v -0.195065 2.924918 1.242027
v -0.195065 2.924918 -0.512886
v -0.195065 2.534995 -2.267952
v -0.195065 2.652000 -2.267952
v -0.195065 2.924918 -2.267952
v -0.195065 2.534995 -2.462959
v -0.195065 2.652000 -2.462959
v -0.162380 2.534995 1.242027
v -0.161922 2.513633 1.437096
v -0.154583 2.437423 -2.462959
v -0.149914 2.534995 1.242027
v -0.147015 2.534995 2.657883
v -0.147015 2.651999 2.657883
v -0.147015 0.000000 2.072884
v -0.147015 0.974921 2.072884
v -0.147015 0.000000 1.437096
v -0.147015 0.974921 1.437096
v -0.147015 2.534995 1.437096
v -0.147015 2.652000 1.437096
v -0.140316 2.534995 2.708275
v -0.140316 2.651999 2.708275
v -0.128551 2.534995 1.242027
v -0.123013 2.488975 1.437096
v -0.121365 2.437423 1.242027
v -0.120892 2.534995 2.755379
v -0.120892 2.651999 2.755379
v -0.119411 2.534995 1.242027
v -0.096081 2.437736 1.437096
v -0.089931 2.534995 2.795708
v -0.089931 2.651999 2.795708
v -0.070583 1.249717 1.554100
v -0.070583 1.721694 1.554100
v -0.070583 1.249717 1.515099
v -0.070583 1.559920 1.515099
v -0.070583 1.721694 1.515099
v -0.062634 2.350837 1.437096
v -0.060131 2.534995 1.437096
v -0.057552 2.534995 1.437096
v -0.052486 2.534995 1.437096
v -0.050686 2.291175 1.437096
v -0.049526 2.534995 2.826752
v -0.049526 2.651999 2.826752
v -0.046642 2.534995 1.437096
v -0.046246 2.534995 1.242027
v -0.043285 2.534995 1.242027
v -0.039074 2.534995 1.242027
v -0.035809 2.534995 1.437096
v -0.032299 2.534995 1.242027
v -0.031582 1.210715 1.515099
v -0.031582 1.559920 1.515099
v -0.031582 1.760696 1.515099
v -0.031582 1.132716 1.437096
v -0.031582 1.210715 1.437096
v -0.031582 1.760696 1.437096
v -0.026897 2.534995 1.437096
v -0.024792 2.924918 -0.512886
v -0.023251 2.534995 1.242027
v -0.012951 2.534995 1.242027
v -0.011227 2.534995 1.437096
v -0.002407 2.534995 2.846252
v -0.002407 2.651999 2.846252
v -0.000072 2.534995 1.437096
v -0.000072 0.000000 1.242027
v -0.000072 2.534995 1.242027
v -0.000072 2.924918 -0.512886
v -0.000072 0.000000 -2.267952
v -0.000072 1.267501 -2.267952
v -0.000072 2.534995 -2.267952
v -0.000072 3.119926 -2.267952
v -0.000072 3.315009 -2.267952
v -0.000072 2.534995 -2.462959
v -0.000072 3.315009 -2.462959
v 0.000080 2.534995 1.242027
v 0.000156 2.534995 1.437096
v 0.008579 2.924918 -0.349876
v 0.008579 2.924918 -0.675987
v 0.009602 3.129905 -0.512886
v 0.013111 2.534995 1.242027
v 0.018101 3.129905 -0.350899
v 0.018101 3.129905 -0.674980
v 0.019428 2.534995 1.437096
v 0.029087 2.534995 1.242027
v 0.032612 2.534995 1.437096
v 0.034016 2.924918 -0.188576
v 0.034016 2.924918 -0.837227
v 0.043522 3.129905 -0.190590
v 0.043522 3.129905 -0.835258
v 0.044071 2.534995 1.242027
v 0.046574 3.331687 -0.512886
v 0.048054 2.534995 2.852882
v 0.048054 2.651999 2.852806
v 0.049152 2.367225 1.437096
v 0.054218 2.534995 1.437096
v 0.054920 3.331687 -0.354713
v 0.054920 3.331687 -0.671150
v 0.062016 2.534995 1.242027
v 0.068256 2.534995 1.437096
v 0.076283 2.924918 -0.030937
v 0.076283 2.924918 -0.995003
v 0.078007 2.534995 1.242027
v 0.078007 3.315009 -2.365486
v 0.079716 3.331687 -0.198311
v 0.079716 3.331687 -0.827538
v 0.085484 3.129905 -0.033821
v 0.085484 3.129905 -0.992043
v 0.090885 2.534995 1.437096
v 0.096806 2.534995 1.242027
v 0.110294 3.526771 -0.512886
v 0.118259 3.526771 -0.361412
v 0.118259 3.526771 -0.664452
v 0.120747 3.331687 -0.045280
v 0.120747 3.331687 -0.980659
v 0.134785 2.924918 0.121559
v 0.134785 2.924918 -1.147499
v 0.141972 3.526771 -0.211494
v 0.141972 3.526771 -0.814278
v 0.143681 3.129905 0.117577
v 0.143681 3.129905 -1.143532
v 0.145542 0.974921 1.437096
v 0.145542 1.824729 1.437096
v 0.145542 2.652000 1.437096
v 0.145542 3.315009 1.437096
v 0.145542 0.974921 1.242027
v 0.145542 1.824729 1.242027
v 0.145542 2.339927 1.242027
v 0.145542 2.924918 1.242027
v 0.145542 3.315009 1.242027
v 0.161930 2.372603 1.437096
v 0.177464 3.331687 0.102592
v 0.177464 3.331687 -1.128456
v 0.181278 3.526771 -0.065010
v 0.181278 3.526771 -0.960930
v 0.195011 2.534995 -2.267952
v 0.195011 2.652000 -2.267952
v 0.195011 2.534995 -2.462959
v 0.195011 2.652000 -2.462959
v 0.199451 3.711555 -0.512886
v 0.202793 2.534995 -2.260078
v 0.202793 2.671500 -2.260078
v 0.202793 2.534995 -2.267952
v 0.202793 2.534995 -2.462959
v 0.202793 2.671500 -2.462959
v 0.206944 3.711555 -0.370689
v 0.206944 3.711555 -0.655159
v 0.208958 2.924918 0.267097
v 0.208958 2.924918 -1.292885
v 0.217381 3.129905 0.262260
v 0.217381 3.129905 -1.288124
v 0.223545 2.651999 1.632103
v 0.223545 2.652000 1.437096
v 0.223545 2.846992 1.437096
v 0.229160 3.711555 -0.230064
v 0.229160 3.711555 -0.795799
v 0.235569 3.526771 0.076698
v 0.235569 3.526771 -1.102486
v 0.249363 3.331687 0.243782
v 0.249363 3.331687 -1.269569
v 0.259586 2.522834 1.437096
v 0.266056 3.711555 -0.092476
v 0.266056 3.711555 -0.933327
v 0.297886 2.924918 0.403999
v 0.297886 2.924918 -1.429939
v 0.301548 2.846992 1.632103
v 0.301548 2.846992 1.437096
v 0.304508 3.526771 0.211891
v 0.304508 3.526771 -1.237770
v 0.305668 3.129905 0.398308
v 0.305668 3.129905 -1.424171
v 0.312626 3.882758 -0.512886
v 0.317081 3.711555 0.040428
v 0.317081 3.711555 -1.066322
v 0.319401 3.882758 -0.382484
v 0.319401 3.882758 -0.643318
v 0.328129 1.957564 1.437096
v 0.328129 1.957564 1.242027
v 0.329807 2.534995 -2.267952
v 0.335636 3.331687 0.376610
v 0.335636 3.331687 -1.402412
v 0.337437 2.651999 2.852806
v 0.337437 2.768989 2.754913
v 0.337437 2.651999 1.632103
v 0.337437 2.768989 1.632103
v 0.339909 3.882758 -0.253624
v 0.339909 3.882758 -0.772240
v 0.373692 3.882758 -0.127419
v 0.373692 3.882758 -0.898369
v 0.381718 3.711555 0.167274
v 0.381718 3.711555 -1.193214
v 0.382420 0.000000 -2.462959
v 0.382420 2.339927 -2.462959
v 0.382420 1.169921 -2.657875
v 0.382420 2.247497 -2.665718
v 0.382420 0.000000 -2.852882
v 0.387211 3.526771 0.339180
v 0.387211 3.526771 -1.365028
v 0.400608 2.924918 0.530891
v 0.400608 2.924918 -1.556770
v 0.407871 3.129905 0.524513
v 0.407871 3.129905 -1.550301
v 0.420414 3.882758 -0.005592
v 0.420414 3.882758 -1.020271
v 0.435337 3.331687 0.499626
v 0.435337 3.331687 -1.525551
v 0.440556 3.010246 -2.462959
v 0.444584 3.024604 -2.462959
v 0.447727 4.037284 -0.512886
v 0.449986 2.999015 -2.462959
v 0.452579 3.053230 -2.462959
v 0.453831 4.037284 -0.396675
v 0.453831 4.037284 -0.629112
v 0.459324 3.711555 0.286674
v 0.459324 3.711555 -1.312630
v 0.468693 2.976707 -2.462959
v 0.471989 4.037284 -0.281700
v 0.471989 4.037284 -0.744240
v 0.474247 3.068122 -2.462959
v 0.475498 2.973289 -2.462959
v 0.479801 3.882758 0.110725
v 0.479801 3.882758 -1.136574
v 0.482670 3.526771 0.457039
v 0.482670 3.526771 -1.482979
v 0.489201 2.966422 -2.462959
v 0.500614 2.959159 -2.462959
v 0.502171 4.037284 -0.169228
v 0.502171 4.037284 -0.856636
v 0.516148 2.924918 0.646339
v 0.516148 2.924918 -1.672188
v 0.517673 3.098014 -2.462959
v 0.519016 2.882957 -2.462959
v 0.521976 2.923988 -2.462959
v 0.522587 2.651999 2.852806
v 0.522587 2.768989 2.754913
v 0.522587 2.651999 1.632103
v 0.522587 2.768989 1.632103
v 0.522587 3.129905 0.639244
v 0.522587 3.129905 -1.665016
v 0.522831 2.072066 1.437096
v 0.522831 2.072066 1.242027
v 0.523380 2.944587 -2.462959
v 0.543583 2.879050 -2.462959
v 0.543736 3.102378 -2.462959
v 0.543827 4.037284 -0.060570
v 0.543827 4.037284 -0.965294
v 0.547337 3.331687 0.611717
v 0.547337 3.331687 -1.637581
v 0.548893 3.711555 0.397362
v 0.548893 3.711555 -1.423225
v 0.550846 3.882758 0.220238
v 0.550846 3.882758 -1.246101
v 0.568546 0.474475 2.072884
v 0.568546 0.474475 2.053383
v 0.589909 3.526771 0.564369
v 0.589909 3.526771 -1.590248
v 0.591251 0.449435 2.072884
v 0.591251 0.449435 2.053383
v 0.592564 2.871269 -2.462959
v 0.595982 3.110954 -2.462959
v 0.596622 4.037284 0.043236
v 0.596622 4.037284 -1.069038
v 0.602177 4.172217 -0.512886
v 0.607395 4.172217 -0.412743
v 0.607395 4.172217 -0.613045
v 0.616062 0.570804 2.072884
v 0.616062 0.570804 2.053383
v 0.623081 4.172217 -0.313759
v 0.623081 4.172217 -0.712029
v 0.631565 1.805228 -2.443489
v 0.631565 1.805228 -2.462959
v 0.632969 3.882758 0.321709
v 0.632969 3.882758 -1.347572
v 0.634373 1.770286 -2.443489
v 0.634373 1.770286 -2.462959
v 0.643040 2.924918 0.749138
v 0.643040 2.924918 -1.775002
v 0.648655 3.129905 0.741264
v 0.648655 3.129905 -1.767220
v 0.649052 4.172217 -0.216957
v 0.649052 4.172217 -0.808907
v 0.649601 3.711555 0.498070
v 0.649601 3.711555 -1.524025
v 0.660191 4.037284 0.140831
v 0.660191 4.037284 -1.166786
v 0.664005 1.853904 -2.443489
v 0.664005 1.853904 -2.462959
v 0.670506 3.331687 0.711388
v 0.670506 3.331687 -1.737251
v 0.673985 1.728087 -2.443489
v 0.673985 1.728087 -2.462959
v 0.685001 4.172217 -0.123360
v 0.685001 4.172217 -0.902504
v 0.700504 0.358253 2.072884
v 0.700504 0.358253 2.053383
v 0.702152 2.651999 2.852806
v 0.702152 2.768989 2.754913
v 0.702152 2.651999 1.632103
v 0.702152 2.768989 1.632103
v 0.707859 3.526771 0.659920
v 0.707859 3.526771 -1.685707
v 0.709019 0.601068 2.072884
v 0.709019 0.601068 2.053383
v 0.711430 1.890876 -2.443489
v 0.711430 1.890876 -2.462959
v 0.716221 1.919967 -2.443489
v 0.716221 1.919967 -2.462959
v 0.725346 3.882758 0.413979
v 0.725346 3.882758 -1.439857
v 0.727604 2.167304 1.437096
v 0.727604 2.167304 1.242027
v 0.730473 4.172217 -0.033974
v 0.730473 4.172217 -0.991814
v 0.733372 4.037284 0.231392
v 0.733372 4.037284 -1.257240
v 0.758183 0.260364 2.072884
v 0.758183 0.260364 2.053383
v 0.760288 3.711555 0.587685
v 0.760288 3.711555 -1.613533
v 0.761143 1.808738 -2.443489
v 0.761143 1.808738 -2.462959
v 0.763859 1.949691 -2.443489
v 0.763859 1.949691 -2.462959
v 0.772770 1.754455 -2.443489
v 0.772770 1.754455 -2.462959
v 0.773289 4.285392 -0.512886
v 0.777653 4.285392 -0.430687
v 0.777653 4.285392 -0.595192
v 0.780003 2.924918 0.838066
v 0.780003 2.924918 -1.863930
v 0.781406 0.223158 2.072884
v 0.781406 0.223158 2.053383
v 0.784855 3.129905 0.829720
v 0.784855 3.129905 -1.855507
v 0.785130 4.172217 0.050026
v 0.785130 4.172217 -1.075905
v 0.790531 4.285392 -0.349403
v 0.790531 4.285392 -0.676460
v 0.792789 1.856940 -2.443489
v 0.792789 1.856940 -2.462959
v 0.797245 1.169921 -2.462959
v 0.803226 3.331687 0.797661
v 0.803226 3.331687 -1.823463
v 0.808537 0.619632 2.072884
v 0.808537 0.619632 2.053383
v 0.809727 1.909202 -2.443489
v 0.809727 1.909202 -2.462959
v 0.811893 4.285392 -0.269920
v 0.811893 4.285392 -0.756020
v 0.815708 4.037284 0.313667
v 0.815708 4.037284 -1.339546
v 0.819065 1.883002 -2.443489
v 0.819065 1.883002 -2.462959
v 0.826817 3.882758 0.496101
v 0.826817 3.882758 -1.522072
v 0.834660 0.216918 2.072884
v 0.834660 0.216918 2.053383
v 0.835056 3.526771 0.742439
v 0.835056 3.526771 -1.768379
v 0.841373 4.285392 -0.192940
v 0.841373 4.285392 -0.832848
v 0.848179 4.172217 0.127953
v 0.848179 4.172217 -1.153908
v 0.855747 0.632033 2.072884
v 0.855747 0.632033 2.053383
v 0.878757 4.285392 -0.119698
v 0.878757 4.285392 -0.906258
v 0.879765 3.711555 0.665215
v 0.879765 3.711555 -1.691170
v 0.887333 2.651999 2.852806
v 0.887333 2.768989 2.754913
v 0.887333 2.651999 1.632103
v 0.887333 2.768989 1.632103
v 0.906132 4.037284 0.386909
v 0.906132 4.037284 -1.412788
v 0.919071 4.172217 0.198860
v 0.919071 4.172217 -1.224739
v 0.920567 0.591708 2.072884
v 0.920567 0.591708 2.053383
v 0.923527 4.285392 -0.050499
v 0.923527 4.285392 -0.975288
v 0.925480 2.924918 0.912163
v 0.925480 2.924918 -1.938026
v 0.929356 3.129905 0.903358
v 0.929356 3.129905 -1.929298
v 0.936069 0.205140 2.072884
v 0.936069 0.205140 2.053383
v 0.936314 3.882758 0.567329
v 0.936314 3.882758 -1.593117
v 0.940586 2.242347 1.437096
v 0.940586 2.242347 1.242027
v 0.944431 3.331687 0.869576
v 0.944431 3.331687 -1.895363
v 0.955265 2.534995 1.437096
v 0.958134 4.374640 -0.512886
v 0.961430 4.374640 -0.450020
v 0.961430 4.374640 -0.575844
v 0.970341 3.526771 0.811378
v 0.970341 3.526771 -1.837257
v 0.971256 4.374640 -0.387856
v 0.971256 4.374640 -0.638084
v 0.975376 4.285392 0.013374
v 0.975376 4.285392 -1.039314
v 0.987583 4.374640 -0.327019
v 0.987583 4.374640 -0.698936
v 0.996922 4.172217 0.261955
v 0.996922 4.172217 -1.287819
v 1.002384 0.220584 2.072884
v 1.002384 0.220584 2.053383
v 1.003880 4.037284 0.450325
v 1.003880 4.037284 -1.476112
v 1.006596 3.711555 0.729881
v 1.006596 3.711555 -1.755745
v 1.009708 0.537265 2.072884
v 1.009708 0.537265 2.053383
v 1.010197 4.374640 -0.268211
v 1.010197 4.374640 -0.757729
v 1.020695 0.259272 2.072884
v 1.020695 0.259272 2.053383
v 1.033604 4.285392 0.071724
v 1.033604 4.285392 -1.097511
v 1.038792 4.374640 -0.212044
v 1.038792 4.374640 -0.813896
v 1.049046 2.520728 1.437096
v 1.052677 3.882758 0.626518
v 1.052677 3.882758 -1.652412
v 1.073124 4.374640 -0.159157
v 1.073124 4.374640 -0.866707
v 1.075016 2.504340 1.437096
v 1.077885 2.924918 0.970665
v 1.077885 2.924918 -1.996620
v 1.080296 2.534995 1.242027
v 1.080936 3.129905 0.961540
v 1.080936 3.129905 -1.987465
v 1.081089 4.172217 0.316490
v 1.081089 4.172217 -1.342415
v 1.092319 3.331687 0.926369
v 1.092319 3.331687 -1.952156
v 1.092930 2.470099 1.437096
v 1.097630 4.285392 0.123436
v 1.097630 4.285392 -1.149300
v 1.107517 4.037284 0.503212
v 1.107517 4.037284 -1.529091
v 1.111637 0.295542 2.072884
v 1.111637 0.295542 2.053383
v 1.111973 3.526771 0.865761
v 1.111973 3.526771 -1.891701
v 1.112766 4.374640 -0.110176
v 1.112766 4.374640 -0.915611
v 1.118229 0.509105 2.072884
v 1.118229 0.509105 2.053383
v 1.139591 3.711555 0.780968
v 1.139591 3.711555 -1.806740
v 1.153233 4.438285 -0.512886
v 1.155491 4.438285 -0.470390
v 1.155491 4.438285 -0.555397
v 1.157291 4.374640 -0.065636
v 1.157291 4.374640 -0.960152
v 1.159885 2.296325 1.437096
v 1.159885 2.296325 1.242027
v 1.162052 4.438285 -0.428352
v 1.162052 4.438285 -0.597527
v 1.166630 4.285392 0.168282
v 1.166630 4.285392 -1.194160
v 1.170383 4.172217 0.362038
v 1.170383 4.172217 -1.387917
v 1.173038 4.438285 -0.387154
v 1.173038 4.438285 -0.638634
v 1.174534 3.882758 0.673332
v 1.174534 3.882758 -1.699287
v 1.188419 4.438285 -0.347450
v 1.188419 4.438285 -0.678337
v 1.198154 2.534995 2.144951
v 1.206211 4.374640 -0.026009
v 1.206211 4.374640 -0.999763
v 1.207676 4.438285 -0.309547
v 1.207676 4.438285 -0.716316
v 1.209476 0.331422 2.072884
v 1.209476 0.331422 2.053383
v 1.212040 0.000000 -2.462959
v 1.212040 2.339927 -2.462959
v 1.212040 2.247497 -2.665718
v 1.212040 0.000000 -2.852882
v 1.215549 0.528293 2.072884
v 1.215549 0.528293 2.053383
v 1.216160 4.037284 0.544930
v 1.216160 4.037284 -1.570717
v 1.230930 4.438285 -0.273827
v 1.230930 4.438285 -0.751976
v 1.235600 2.924918 1.012947
v 1.235600 2.924918 -2.038795
v 1.237644 3.129905 1.003502
v 1.237644 3.129905 -2.029457
v 1.240055 4.285392 0.205711
v 1.240055 4.285392 -1.231514
v 1.245274 3.331687 0.967384
v 1.245274 3.331687 -1.993172
v 1.252293 0.484069 2.072884
v 1.252293 0.484069 2.053383
v 1.257664 4.438285 -0.240685
v 1.257664 4.438285 -0.785118
v 1.258610 3.526771 0.905067
v 1.258610 3.526771 -1.930855
v 1.259007 4.374640 0.008308
v 1.259007 4.374640 -1.034096
v 1.264072 4.172217 0.397987
v 1.264072 4.172217 -1.423866
v 1.264774 0.413009 2.072884
v 1.264774 0.413009 2.053383
v 1.277195 3.711555 0.817787
v 1.277195 3.711555 -1.843636
v 1.287785 4.438285 -0.210655
v 1.287785 4.438285 -0.815300
v 1.300663 3.882758 0.707100
v 1.300663 3.882758 -1.733040
v 1.315159 4.374640 0.036858
v 1.315159 4.374640 -1.062782
v 1.316898 4.285392 0.235207
v 1.316898 4.285392 -1.261086
v 1.320835 4.438285 -0.183815
v 1.320835 4.438285 -0.842049
v 1.328739 4.037284 0.575127
v 1.328739 4.037284 -1.600899
v 1.355015 4.475318 -0.512886
v 1.356113 4.475318 -0.491524
v 1.356113 4.475318 -0.534355
v 1.356663 4.438285 -0.160652
v 1.356663 4.438285 -0.865211
v 1.359470 4.475318 -0.470299
v 1.359470 4.475318 -0.555565
v 1.360874 4.172217 0.423882
v 1.360874 4.172217 -1.449837
v 1.364994 4.475318 -0.449638
v 1.364994 4.475318 -0.576317
v 1.372746 4.475318 -0.429588
v 1.372746 4.475318 -0.596352
v 1.373966 4.374640 0.059471
v 1.373966 4.374640 -1.085335
v 1.382481 4.475318 -0.410393
v 1.382481 4.475318 -0.615379
v 1.383335 2.329078 1.437096
v 1.383335 2.329078 1.242027
v 1.394108 4.475318 -0.392387
v 1.394108 4.475318 -0.633400
v 1.394566 4.438285 -0.141304
v 1.394566 4.438285 -0.884560
v 1.396427 4.285392 0.256493
v 1.396427 4.285392 -1.282356
v 1.396915 2.924918 1.038521
v 1.396915 2.924918 -2.064400
v 1.397923 3.129905 1.028923
v 1.397923 3.129905 -2.054817
v 1.401798 3.331687 0.992104
v 1.401798 3.331687 -2.018044
v 1.407658 4.475318 -0.375771
v 1.407658 4.475318 -0.650017
v 1.408390 3.526771 0.928780
v 1.408390 3.526771 -1.954659
v 1.417789 3.711555 0.840096
v 1.417789 3.711555 -1.865883
v 1.422794 4.475318 -0.360634
v 1.422794 4.475318 -0.665230
v 1.429569 3.882758 0.727531
v 1.429569 3.882758 -1.753426
v 1.434269 4.438285 -0.126091
v 1.434269 4.438285 -0.899773
v 1.434818 4.374640 0.075691
v 1.434818 4.374640 -1.101631
v 1.439487 4.475318 -0.347145
v 1.439487 4.475318 -0.678810
v 1.443607 4.037284 0.593300
v 1.443607 4.037284 -1.619179
v 1.457523 4.475318 -0.335442
v 1.457523 4.475318 -0.690422
v 1.459843 4.172217 0.439568
v 1.459843 4.172217 -1.465492
v 1.466312 2.534995 1.242027
v 1.475468 2.388671 1.242027
v 1.475468 4.438285 -0.115089
v 1.475468 4.438285 -0.910851
v 1.476627 4.475318 -0.325691
v 1.476627 4.475318 -0.700172
v 1.477787 4.285392 0.269447
v 1.477787 4.285392 -1.295235
v 1.496586 4.475318 -0.318047
v 1.496586 4.475318 -0.707893
v 1.497044 4.374640 0.085686
v 1.497044 4.374640 -1.111488
v 1.503757 2.388755 -2.462959
v 1.517429 4.475318 -0.312431
v 1.517429 4.475318 -0.713432
v 1.517490 4.438285 -0.108376
v 1.517490 4.438285 -0.917488
v 1.536045 2.437499 1.242027
v 1.536137 2.437499 1.242027
v 1.538548 4.475318 -0.309090
v 1.538548 4.475318 -0.716713
v 1.542667 2.437499 1.242027
v 1.550632 2.437499 1.242027
v 1.558201 2.437499 1.242027
v 1.560001 2.924918 1.047112
v 1.560001 3.129905 1.037346
v 1.560001 3.331687 1.000389
v 1.560001 3.526771 0.936653
v 1.560001 3.711555 0.847496
v 1.560001 3.882758 0.734413
v 1.560001 4.037284 0.599388
v 1.560001 4.172217 0.444878
v 1.560001 4.285392 0.273659
v 1.560001 4.374640 0.088951
v 1.560001 4.438285 -0.106117
v 1.560001 4.475318 -0.307899
v 1.560001 4.484931 -0.512886
v 1.560001 4.475318 -0.717873
v 1.560001 4.438285 -0.919655
v 1.560001 4.374640 -1.114723
v 1.560001 4.285392 -1.299507
v 1.560001 4.172217 -1.470741
v 1.560001 4.037284 -1.625191
v 1.560001 3.882758 -1.760262
v 1.560001 3.711555 -1.873390
v 1.560001 3.526771 -1.962624
v 1.560001 3.331687 -2.026253
v 1.560001 3.129905 -2.063301
v 1.560001 2.924918 -2.072914
v 1.560001 2.924918 -2.267952
v 1.560001 3.119926 -2.267952
v 1.567173 2.437499 1.242027
v 1.575138 2.437499 1.242027
v 1.580906 2.437499 -2.462959
v 1.581455 4.475318 -0.309090
v 1.581455 4.475318 -0.716713
v 1.584568 2.437499 1.242027
v 1.602512 4.438285 -0.108376
v 1.602512 4.438285 -0.917488
v 1.602573 4.475318 -0.312431
v 1.602573 4.475318 -0.713432
v 1.608891 0.000000 2.072884
v 1.608891 0.974921 2.072884
v 1.608891 0.974921 1.754951
v 1.608891 2.846992 1.632103
v 1.608891 2.846992 1.534599
v 1.608891 2.339927 1.437096
v 1.608891 2.534995 1.437096
v 1.608891 2.846992 1.437096
v 1.608891 3.315009 1.437096
v 1.608891 0.974921 1.339607
v 1.608891 3.315009 1.339607
v 1.608891 0.974921 1.242027
v 1.608891 2.339927 1.242027
v 1.608891 2.924918 1.242027
v 1.608891 3.120002 1.242027
v 1.608891 3.315009 1.242027
v 1.608982 2.534995 2.852882
v 1.608982 2.593497 2.852882
v 1.622868 4.374640 0.085686
v 1.622868 4.374640 -1.111488
v 1.623264 4.475318 -0.318047
v 1.623264 4.475318 -0.707893
v 1.626865 2.807990 1.632103
v 1.642124 4.285392 0.269447
v 1.642124 4.285392 -1.295235
v 1.643314 4.475318 -0.325691
v 1.643314 4.475318 -0.700172
v 1.644474 4.438285 -0.115089
v 1.644474 4.438285 -0.910851
v 1.647892 3.081000 1.437096
v 1.657505 0.000000 1.242027
v 1.657505 2.534995 1.242027
v 1.657505 0.000000 -2.267952
v 1.657505 0.633672 -2.267952
v 1.657505 1.901175 -2.267952
v 1.657505 2.534995 -2.267952
v 1.657505 3.217414 -2.267952
v 1.657505 3.315009 -2.267952
v 1.660099 4.172217 0.439568
v 1.660099 4.172217 -1.465492
v 1.662418 4.475318 -0.335442
v 1.662418 4.475318 -0.690422
v 1.676243 4.037284 0.593300
v 1.676243 4.037284 -1.619179
v 1.678471 2.437499 -2.462959
v 1.680454 4.475318 -0.347145
v 1.680454 4.475318 -0.678810
v 1.682377 2.437499 -2.462959
v 1.685123 4.374640 0.075691
v 1.685123 4.374640 -1.101631
v 1.685581 4.438285 -0.126091
v 1.685581 4.438285 -0.899773
v 1.686893 3.081000 1.437096
v 1.690342 3.882758 0.727531
v 1.690342 3.882758 -1.753426
v 1.696507 3.315009 -2.316719
v 1.697147 4.475318 -0.360634
v 1.697147 4.475318 -0.665230
v 1.702122 3.711555 0.840096
v 1.702122 3.711555 -1.865883
v 1.711491 3.526771 0.928780
v 1.711491 3.526771 -1.954659
v 1.712254 4.475318 -0.375771
v 1.712254 4.475318 -0.650017
v 1.718113 3.331687 0.992104
v 1.718113 3.331687 -2.018044
v 1.719456 2.807990 1.632103
v 1.722111 3.129905 1.028923
v 1.722111 3.129905 -2.054817
v 1.723026 2.924918 1.038521
v 1.723026 2.924918 -2.064400
v 1.723576 4.285392 0.256493
v 1.723576 4.285392 -1.282356
v 1.725437 4.438285 -0.141304
v 1.725437 4.438285 -0.884560
v 1.725773 4.475318 -0.392387
v 1.725773 4.475318 -0.633400
v 1.730289 0.487500 1.242027
v 1.735508 2.534995 1.437096
v 1.735508 2.534995 -2.462959
v 1.735508 3.315009 -2.462959
v 1.737553 4.475318 -0.410393
v 1.737553 4.475318 -0.615379
v 1.741886 2.528914 1.437096
v 1.744389 2.908622 -2.443489
v 1.744389 2.908622 -2.462959
v 1.745975 4.374640 0.059471
v 1.745975 4.374640 -1.085335
v 1.747135 2.528914 1.437096
v 1.747227 4.475318 -0.429588
v 1.747227 4.475318 -0.596352
v 1.754826 4.475318 -0.449638
v 1.754826 4.475318 -0.576317
v 1.755161 0.974921 1.754951
v 1.755161 0.974921 1.657455
v 1.757114 2.528914 1.437096
v 1.759129 4.172217 0.423882
v 1.759129 4.172217 -1.449837
v 1.760380 4.475318 -0.470299
v 1.760380 4.475318 -0.555565
v 1.760380 2.965949 -2.443489
v 1.760380 2.965949 -2.462959
v 1.762028 2.528914 1.437096
v 1.763432 4.438285 -0.160652
v 1.763432 4.438285 -0.865211
v 1.763828 4.475318 -0.491524
v 1.763828 4.475318 -0.534355
v 1.764896 4.475318 -0.512886
v 1.771214 2.528914 1.437096
v 1.772251 2.528914 1.437096
v 1.774509 3.315009 -2.414162
v 1.781925 2.863929 -2.443489
v 1.781925 2.863929 -2.462959
v 1.783573 2.528914 1.437096
v 1.791203 4.037284 0.575127
v 1.791203 4.037284 -1.600899
v 1.799076 4.438285 -0.183815
v 1.799076 4.438285 -0.842049
v 1.803043 4.285392 0.235207
v 1.803043 4.285392 -1.261086
v 1.804752 4.374640 0.036858
v 1.804752 4.374640 -1.062782
v 1.809269 2.850272 -2.443489
v 1.809269 2.850272 -2.462959
v 1.812199 2.528914 1.437096
v 1.819340 3.882758 0.707100
v 1.819340 3.882758 -1.733040
v 1.828190 2.534995 -2.267952
v 1.832157 4.438285 -0.210655
v 1.832157 4.438285 -0.815300
v 1.834476 2.329078 1.437096
v 1.834476 2.329078 1.242027
v 1.836918 2.534995 -2.462959
v 1.836918 2.603172 -2.462959
v 1.842747 3.711555 0.817787
v 1.842747 3.711555 -1.843636
v 1.847294 3.025779 -2.443489
v 1.847294 3.025779 -2.462959
v 1.849094 2.738975 -2.443489
v 1.849094 2.738975 -2.462959
v 1.854923 2.821113 -2.443489
v 1.854923 2.821113 -2.462959
v 1.856022 4.172217 0.397987
v 1.856022 4.172217 -1.423866
v 1.860844 4.374640 0.008308
v 1.860844 4.374640 -1.034096
v 1.861393 3.526771 0.905067
v 1.861393 3.526771 -1.930855
v 1.862247 4.438285 -0.240685
v 1.862247 4.438285 -0.785118
v 1.865208 2.528914 1.437096
v 1.874638 3.331687 0.967384
v 1.874638 3.331687 -1.993172
v 1.879978 4.285392 0.205711
v 1.879978 4.285392 -1.231514
v 1.882298 3.129905 1.003502
v 1.882298 3.129905 -2.029457
v 1.884342 2.924918 1.012947
v 1.884342 2.924918 -2.038795
v 1.889072 4.438285 -0.273827
v 1.889072 4.438285 -0.751976
v 1.903660 4.037284 0.544930
v 1.903660 4.037284 -1.570717
v 1.912266 4.438285 -0.309547
v 1.912266 4.438285 -0.716316
v 1.913731 4.374640 -0.026009
v 1.913731 4.374640 -0.999763
v 1.931614 4.438285 -0.347450
v 1.931614 4.438285 -0.678337
v 1.945408 3.882758 0.673332
v 1.945408 3.882758 -1.699287
v 1.946873 4.438285 -0.387154
v 1.946873 4.438285 -0.638634
v 1.947056 2.723365 -2.443489
v 1.947056 2.723365 -2.462959
v 1.949528 4.172217 0.362038
v 1.949528 4.172217 -1.387917
v 1.951664 3.042869 -2.443489
v 1.951664 3.042869 -2.462959
v 1.953281 4.285392 0.168282
v 1.953281 4.285392 -1.194160
v 1.957798 4.438285 -0.428352
v 1.957798 4.438285 -0.597527
v 1.962650 4.374640 -0.065636
v 1.962650 4.374640 -0.960152
v 1.964512 4.438285 -0.470390
v 1.964512 4.438285 -0.555397
v 1.966770 4.438285 -0.512886
v 1.980412 3.711555 0.780968
v 1.980412 3.711555 -1.806740
v 2.007236 4.374640 -0.110176
v 2.007236 4.374640 -0.915611
v 2.007877 3.526771 0.865761
v 2.007877 3.526771 -1.891701
v 2.012394 4.037284 0.503212
v 2.012394 4.037284 -1.529091
v 2.016850 2.727821 -2.443489
v 2.016850 2.727821 -2.462959
v 2.022312 4.285392 0.123436
v 2.022312 4.285392 -1.149300
v 2.027622 3.331687 0.926369
v 2.027622 3.331687 -1.952156
v 2.031040 3.002219 -2.443489
v 2.031040 3.002219 -2.462959
v 2.038944 4.172217 0.316490
v 2.038944 4.172217 -1.342415
v 2.039005 3.129905 0.961540
v 2.039005 3.129905 -1.987465
v 2.041965 2.924918 0.970665
v 2.041965 2.924918 -1.996620
v 2.046879 4.374640 -0.159157
v 2.046879 4.374640 -0.866707
v 2.057957 2.296325 1.437096
v 2.057957 2.296325 1.242027
v 2.067234 3.882758 0.626518
v 2.067234 3.882758 -1.652412
v 2.081211 4.374640 -0.212044
v 2.081211 4.374640 -0.813896
v 2.083530 2.975303 -2.443489
v 2.083530 2.975303 -2.462959
v 2.084171 2.771507 -2.443489
v 2.084171 2.771507 -2.462959
v 2.086369 4.285392 0.071724
v 2.086369 4.285392 -1.097511
v 2.109745 4.374640 -0.268211
v 2.109745 4.374640 -0.757729
v 2.110294 0.803477 2.072884
v 2.113255 3.711555 0.729881
v 2.113255 3.711555 -1.755745
v 2.116123 4.037284 0.450325
v 2.116123 4.037284 -1.476112
v 2.122990 4.172217 0.261955
v 2.122990 4.172217 -1.287819
v 2.132389 4.374640 -0.327019
v 2.132389 4.374640 -0.698936
v 2.142643 0.783279 2.072884
v 2.144474 4.285392 0.013374
v 2.144474 4.285392 -1.039314
v 2.148685 4.374640 -0.387856
v 2.148685 4.374640 -0.638084
v 2.149601 3.526771 0.811378
v 2.149601 3.526771 -1.837257
v 2.150486 0.102570 2.072884
v 2.158573 4.374640 -0.450020
v 2.158573 4.374640 -0.575844
v 2.159122 2.993171 -2.443489
v 2.159122 2.993171 -2.462959
v 2.161869 4.374640 -0.512886
v 2.175419 2.827491 -2.443489
v 2.175419 2.827491 -2.462959
v 2.175510 3.331687 0.869576
v 2.175510 3.331687 -1.895363
v 2.183628 0.110292 2.072884
v 2.183628 0.597793 2.072884
v 2.183628 3.882758 0.567329
v 2.183628 3.882758 -1.593117
v 2.187290 0.756057 2.072884
v 2.190556 3.129905 0.903358
v 2.190556 3.129905 -1.929298
v 2.192753 0.617137 2.072884
v 2.194462 2.924918 0.912163
v 2.194462 2.924918 -1.938026
v 2.196415 4.285392 -0.050499
v 2.196415 4.285392 -0.975288
v 2.200871 4.172217 0.198860
v 2.200871 4.172217 -1.224739
v 2.213718 4.037284 0.386909
v 2.213718 4.037284 -1.412788
v 2.235111 2.534995 1.242027
v 2.240177 3.711555 0.665215
v 2.240177 3.711555 -1.691170
v 2.241245 4.285392 -0.119698
v 2.241245 4.285392 -0.906258
v 2.257847 3.022880 -2.443489
v 2.257847 3.022880 -2.462959
v 2.259983 2.527900 1.437096
v 2.271671 4.172217 0.127953
v 2.271671 4.172217 -1.153908
v 2.272984 2.519629 1.437096
v 2.277195 2.242347 1.437096
v 2.277195 2.242347 1.242027
v 2.278629 4.285392 -0.192940
v 2.278629 4.285392 -0.832848
v 2.281895 2.502555 1.437096
v 2.284763 3.526771 0.742439
v 2.284763 3.526771 -1.768379
v 2.293125 3.882758 0.496101
v 2.293125 3.882758 -1.522072
v 2.300999 2.826484 -2.443489
v 2.300999 2.826484 -2.462959
v 2.304203 4.037284 0.313667
v 2.304203 4.037284 -1.339546
v 2.308018 4.285392 -0.269920
v 2.308018 4.285392 -0.756020
v 2.316532 2.632499 2.421150
v 2.316532 2.651999 2.421150
v 2.316685 3.331687 0.797661
v 2.316685 3.331687 -1.823463
v 2.318485 0.714713 -2.773811
v 2.318485 0.716353 -2.793221
v 2.319248 0.671737 -2.777321
v 2.319248 0.673293 -2.796822
v 2.326817 2.632499 2.341438
v 2.326817 2.651999 2.341438
v 2.329319 4.285392 -0.349403
v 2.329319 4.285392 -0.676460
v 2.334873 4.172217 0.050026
v 2.334873 4.172217 -1.075905
v 2.335087 3.129905 0.829720
v 2.335087 3.129905 -1.855507
v 2.336796 0.629539 -2.780830
v 2.336796 0.631255 -2.800331
v 2.340000 2.924918 0.838066
v 2.340000 2.924918 -1.863930
v 2.342258 4.285392 -0.430687
v 2.342258 4.285392 -0.595192
v 2.344456 2.632499 2.331528
v 2.344456 2.651999 2.331528
v 2.346653 4.285392 -0.512886
v 2.348270 2.534995 1.437096
v 2.349125 3.006034 -2.443489
v 2.349125 3.006034 -2.462959
v 2.355137 2.632499 2.105568
v 2.355137 2.651999 2.105568
v 2.359592 3.711555 0.587685
v 2.359592 3.711555 -1.613533
v 2.362247 2.632499 2.289566
v 2.362247 2.651999 2.289566
v 2.376347 0.604655 -2.782997
v 2.376347 0.606372 -2.802345
v 2.386570 4.037284 0.231392
v 2.386570 4.037284 -1.257240
v 2.389469 4.172217 -0.033974
v 2.389469 4.172217 -0.991814
v 2.392399 2.632499 2.611626
v 2.392399 2.651999 2.611626
v 2.393803 0.562692 -2.786537
v 2.393803 0.564408 -2.805855
v 2.394199 0.541398 -2.788216
v 2.394199 0.543036 -2.807747
v 2.394505 3.882758 0.413979
v 2.394505 3.882758 -1.439857
v 2.394505 2.921012 -2.443489
v 2.394505 2.921012 -2.462959
v 2.398350 2.851203 -2.443489
v 2.398350 2.851203 -2.462959
v 2.401951 2.935600 -2.443489
v 2.401951 2.935600 -2.462959
v 2.405766 2.632499 2.633392
v 2.405766 2.651999 2.633392
v 2.411991 3.526771 0.659920
v 2.411991 3.526771 -1.685707
v 2.413090 0.730079 -2.772560
v 2.413090 0.731719 -2.791969
v 2.428135 0.511134 -2.790810
v 2.428135 0.512771 -2.810158
v 2.430485 2.859321 -2.443489
v 2.430485 2.859321 -2.462959
v 2.434940 4.172217 -0.123360
v 2.434940 4.172217 -0.902504
v 2.437016 2.886710 -2.443489
v 2.437016 2.886710 -2.462959
v 2.446537 2.632499 2.043320
v 2.446537 2.651999 2.043320
v 2.449497 3.331687 0.711388
v 2.449497 3.331687 -1.737251
v 2.459904 4.037284 0.140831
v 2.459904 4.037284 -1.166786
v 2.468174 2.632499 2.703819
v 2.468174 2.651999 2.703819
v 2.470280 3.711555 0.498070
v 2.470280 3.711555 -1.524025
v 2.470951 4.172217 -0.216957
v 2.470951 4.172217 -0.808907
v 2.471256 3.129905 0.741264
v 2.471256 3.129905 -1.767220
v 2.476902 2.924918 0.749138
v 2.476902 2.924918 -1.775002
v 2.482670 2.632499 2.045815
v 2.482670 2.651999 2.045815
v 2.486271 0.950583 -2.267952
v 2.486942 3.882758 0.321709
v 2.486942 3.882758 -1.347572
v 2.490238 2.167304 1.437096
v 2.490238 2.167304 1.242027
v 2.496861 4.172217 -0.313759
v 2.496861 4.172217 -0.712029
v 2.502018 0.712920 -2.773964
v 2.502018 0.714561 -2.793465
v 2.504429 2.632499 2.045036
v 2.504429 2.651999 2.045036
v 2.510258 2.632499 2.726990
v 2.510258 2.651999 2.726990
v 2.512455 4.172217 -0.412743
v 2.512455 4.172217 -0.613045
v 2.517704 4.172217 -0.512886
v 2.521976 0.516360 -2.790321
v 2.521976 0.517997 -2.809761
v 2.523228 4.037284 0.043236
v 2.523228 4.037284 -1.069038
v 2.523441 2.632499 2.719658
v 2.523441 2.651999 2.719658
v 2.529911 3.526771 0.564369
v 2.529911 3.526771 -1.590248
v 2.543278 2.632499 2.068283
v 2.543278 2.651999 2.068283
v 2.551640 0.720717 -2.773354
v 2.551640 0.722281 -2.792702
v 2.554508 0.544673 -2.788002
v 2.554508 0.546390 -2.807442
v 2.559269 0.587653 -2.784401
v 2.559269 0.589213 -2.803932
v 2.560123 2.632499 2.690018
v 2.560123 2.651999 2.690018
v 2.569096 3.882758 0.220238
v 2.569096 3.882758 -1.246101
v 2.570957 3.711555 0.397362
v 2.570957 3.711555 -1.423225
v 2.572605 3.331687 0.611717
v 2.572605 3.331687 -1.637581
v 2.576115 4.037284 -0.060570
v 2.576115 4.037284 -0.965294
v 2.589542 0.754569 -2.770546
v 2.589542 0.756209 -2.789955
v 2.597416 3.129905 0.639244
v 2.597416 3.129905 -1.665016
v 2.603489 2.632499 2.656555
v 2.603489 2.651999 2.656555
v 2.603794 2.924918 0.646339
v 2.603794 2.924918 -1.672188
v 2.607395 2.632499 2.163757
v 2.607395 2.651999 2.163757
v 2.617832 4.037284 -0.169228
v 2.617832 4.037284 -0.856636
v 2.621891 0.788032 -2.767647
v 2.621891 0.789748 -2.787148
v 2.628300 2.632499 2.162743
v 2.628300 2.651999 2.162743
v 2.634373 2.632499 2.611244
v 2.634373 2.651999 2.611244
v 2.637272 3.526771 0.457039
v 2.637272 3.526771 -1.482979
v 2.640141 3.882758 0.110725
v 2.640141 3.882758 -1.136574
v 2.641026 0.623843 -2.781380
v 2.641026 0.625482 -2.800789
v 2.647861 4.037284 -0.281700
v 2.647861 4.037284 -0.744240
v 2.660282 2.632499 2.145111
v 2.660282 2.651999 2.145111
v 2.660587 3.711555 0.286674
v 2.660587 3.711555 -1.312630
v 2.666142 4.037284 -0.396675
v 2.666142 4.037284 -0.629112
v 2.669010 2.632499 2.563576
v 2.669010 2.651999 2.563576
v 2.671268 0.785071 -2.767952
v 2.671268 0.786628 -2.787392
v 2.672306 4.037284 -0.512886
v 2.677982 2.632499 2.510857
v 2.677982 2.651999 2.510857
v 2.684544 3.331687 0.499626
v 2.684544 3.331687 -1.525551
v 2.694126 2.632499 2.083099
v 2.694126 2.651999 2.083099
v 2.694675 2.632499 2.433395
v 2.694675 2.651999 2.433395
v 2.694981 2.072066 1.437096
v 2.694981 2.072066 1.242027
v 2.699497 3.882758 -0.005592
v 2.699497 3.882758 -1.020271
v 2.712162 3.129905 0.524513
v 2.712162 3.129905 -1.550301
v 2.719334 2.924918 0.530891
v 2.719334 2.924918 -1.556770
v 2.732792 3.526771 0.339180
v 2.732792 3.526771 -1.365028
v 2.733982 2.632499 2.050034
v 2.733982 2.651999 2.050034
v 2.735447 2.632499 2.410706
v 2.735447 2.651999 2.410706
v 2.738102 3.711555 0.167274
v 2.738102 3.711555 -1.193214
v 2.746250 3.882758 -0.127419
v 2.746250 3.882758 -0.898369
v 2.780003 3.882758 -0.253624
v 2.780003 3.882758 -0.772240
v 2.784306 3.331687 0.376610
v 2.784306 3.331687 -1.402412
v 2.787327 2.632499 2.420914
v 2.787327 2.651999 2.420914
v 2.800419 3.882758 -0.382484
v 2.800419 3.882758 -0.643318
v 2.802799 3.711555 0.040428
v 2.802799 3.711555 -1.066322
v 2.807316 3.882758 -0.512886
v 2.807926 0.733047 -2.772255
v 2.807926 0.734679 -2.791725
v 2.811436 2.632499 2.082237
v 2.811436 2.651999 2.082237
v 2.814243 3.129905 0.398308
v 2.814243 3.129905 -1.424171
v 2.815434 3.526771 0.211891
v 2.815434 3.526771 -1.237770
v 2.820408 0.612067 -2.782387
v 2.820408 0.613626 -2.801735
v 2.821964 2.924918 0.403999
v 2.821964 2.924918 -1.429939
v 2.823917 2.632499 2.410233
v 2.823917 2.651999 2.410233
v 2.824162 0.733825 -2.772255
v 2.824162 0.735541 -2.791603
v 2.853886 3.711555 -0.092476
v 2.853886 3.711555 -0.933327
v 2.863285 0.630162 -2.780830
v 2.863285 0.631721 -2.800240
v 2.868137 0.672591 -2.777321
v 2.868137 0.674232 -2.796730
v 2.870304 2.632499 2.394081
v 2.870304 2.651999 2.394081
v 2.870548 3.331687 0.243782
v 2.870548 3.331687 -1.269569
v 2.874393 2.632499 2.151970
v 2.874393 2.651999 2.151970
v 2.884281 3.526771 0.076698
v 2.884281 3.526771 -1.102486
v 2.889652 1.957564 1.437096
v 2.889652 1.957564 1.242027
v 2.890690 3.711555 -0.230064
v 2.890690 3.711555 -0.795799
v 2.901127 2.632499 2.328255
v 2.901127 2.651999 2.328255
v 2.902622 3.129905 0.262260
v 2.902622 3.129905 -1.288124
v 2.910984 2.924918 0.267097
v 2.910984 2.924918 -1.292885
v 2.912998 3.711555 -0.370689
v 2.912998 3.711555 -0.655159
v 2.916264 2.846992 1.632103
v 2.916264 2.846992 1.437096
v 2.920383 3.711555 -0.512886
v 2.938663 3.526771 -0.065010
v 2.938663 3.526771 -0.960930
v 2.942478 3.331687 0.102592
v 2.942478 3.331687 -1.128456
v 2.976261 3.129905 0.117577
v 2.976261 3.129905 -1.143532
v 2.977970 3.526771 -0.211494
v 2.977970 3.526771 -0.814278
v 2.985142 2.924918 0.121559
v 2.985142 2.924918 -1.147499
v 2.994267 2.651999 1.632103
v 2.994267 2.652000 1.437096
v 2.994267 2.846992 1.437096
v 2.999271 3.331687 -0.045280
v 2.999271 3.331687 -0.980659
v 3.001743 3.526771 -0.361412
v 3.001743 3.526771 -0.664452
v 3.009617 3.526771 -0.512886
v 3.034428 3.129905 -0.033821
v 3.034428 3.129905 -0.992043
v 3.040226 3.331687 -0.198311
v 3.040226 3.331687 -0.827538
v 3.043583 2.924918 -0.030937
v 3.043583 2.924918 -0.995003
v 3.065006 3.331687 -0.354713
v 3.065006 3.331687 -0.671150
v 3.072269 0.974921 1.437096
v 3.072269 1.824729 1.437096
v 3.072269 2.652000 1.437096
v 3.072269 3.315009 1.437096
v 3.072269 0.974921 1.242027
v 3.072269 1.824729 1.242027
v 3.072269 2.339927 1.242027
v 3.072269 2.924918 1.242027
v 3.072269 3.315009 1.242027
v 3.073338 3.331687 -0.512886
v 3.076389 3.129905 -0.190590
v 3.076389 3.129905 -0.835258
v 3.085911 2.924918 -0.188576
v 3.085911 2.924918 -0.837227
v 3.101749 3.129905 -0.350899
v 3.101749 3.129905 -0.674980
v 3.110325 3.129905 -0.512886
v 3.111485 2.924918 -0.349876
v 3.111485 2.924918 -0.675987
v 3.119999 2.924918 -0.512886
v 3.127781 2.534995 -2.267952
v 3.161961 0.000000 -2.462959
v 3.161961 2.339927 -2.462959
v 3.161961 1.169921 -2.657875
v 3.161961 2.247497 -2.665718
v 3.161961 0.000000 -2.852882
v 3.169834 2.534995 2.852806
v 3.169834 2.651999 2.852806
v 3.220219 2.534995 2.846252
v 3.220219 2.651999 2.846252
v 3.224308 2.534995 1.437096
v 3.231785 2.534995 1.242027
v 3.234684 2.534995 1.437096
v 3.236698 2.534995 1.242027
v 3.254642 2.534995 1.437096
v 3.259403 2.534995 1.242027
v 3.264072 2.534995 1.242027
v 3.264469 2.534995 1.437096
v 3.267368 2.534995 2.826752
v 3.267368 2.651999 2.826752
v 3.282963 2.534995 1.437096
v 3.284977 2.534995 1.437096
v 3.285130 2.534995 1.242027
v 3.287479 2.534995 1.242027
v 3.307224 2.534995 -0.310173
v 3.307224 2.671500 -0.310173
v 3.307224 2.534995 -0.715767
v 3.307224 2.671500 -0.715767
v 3.307438 2.534995 1.242027
v 3.307529 2.534995 1.437096
v 3.307743 2.534995 2.795708
v 3.307743 2.651999 2.795708
v 3.314915 0.000000 1.242027
v 3.314915 1.267501 1.242027
v 3.314915 2.534995 1.242027
v 3.314915 2.924918 1.242027
v 3.314915 3.315009 1.242027
v 3.314915 1.267501 0.583870
v 3.314915 1.267501 0.465919
v 3.314915 2.534995 -0.074379
v 3.314915 2.534995 -0.310173
v 3.314915 2.534995 -0.317970
v 3.314915 2.651999 -0.317970
v 3.314915 1.267501 -0.411583
v 3.314915 0.000000 -0.512886
v 3.314915 2.924918 -0.512886
v 3.314915 3.119925 -0.512886
v 3.314915 3.315009 -0.512886
v 3.314915 2.534995 -0.707893
v 3.314915 2.652000 -0.707893
v 3.314915 2.534995 -0.715767
v 3.314915 2.534995 -0.798775
v 3.314915 1.267501 -1.289070
v 3.314915 1.267501 -1.292976
v 3.314915 1.267501 -1.487892
v 3.314915 1.267501 -1.491859
v 3.314915 1.267501 -1.533363
v 3.314915 0.000000 -2.267952
v 3.314915 1.267501 -2.267952
v 3.314915 2.534995 -2.267952
v 3.314915 2.924918 -2.267952
v 3.314915 3.315009 -2.267952
v 3.338718 2.534995 2.755379
v 3.338718 2.651999 2.755379
v 3.358219 2.534995 2.708275
v 3.358219 2.651999 2.708275
v 3.364841 2.534995 2.657883
v 3.364841 2.651999 2.657883
v 3.364841 0.000000 2.072884
v 3.364841 0.974921 2.072884
v 3.364841 0.000000 1.437096
v 3.364841 0.974921 1.437096
v 3.364841 2.534995 1.437096
v 3.364841 2.652000 1.437096
v 3.392918 3.315009 -0.415398
v 3.417881 1.267501 1.437096
v 3.470921 0.000000 1.437096
v 3.470921 1.267501 1.437096
v 3.470921 2.534995 1.437096
v 3.470921 3.315009 1.437096
v 3.470921 3.315009 -0.512886
v 3.470921 0.000000 -2.462959
v 3.470921 1.267501 -2.462959
v 3.470921 2.534995 -2.462959
v 3.470921 3.315009 -2.462959
v 3.476017 1.267501 1.436409
v 3.476017 1.267501 -2.462288
v 3.476078 3.315009 -0.513512
v 3.481083 0.000000 1.435692
v 3.481083 1.267501 1.435692
v 3.481083 2.534995 1.435692
v 3.481083 3.315009 1.435692
v 3.481083 3.315009 -0.512886
v 3.481083 0.000000 -2.461586
v 3.481083 1.267501 -2.461586
v 3.481083 2.534995 -2.461586
v 3.481083 3.315009 -2.461586
v 3.485752 1.267501 1.433754
v 3.485752 3.315009 -0.514854
v 3.485752 1.267501 -2.459602
v 3.490421 0.000000 1.431801
v 3.490421 1.267501 1.431801
v 3.490421 2.534995 1.431801
v 3.490421 3.315009 1.431801
v 3.490421 3.059073 1.154671
v 3.490421 3.079368 1.153191
v 3.490421 3.031623 1.127602
v 3.490421 3.096519 1.118004
v 3.490421 3.095359 1.113243
v 3.490421 3.163215 1.074486
v 3.490421 3.045738 1.038521
v 3.490421 3.139732 0.997887
v 3.490421 3.015876 0.981361
v 3.490421 3.011268 0.941795
v 3.490421 3.152839 0.922920
v 3.490421 3.023505 0.905998
v 3.490421 3.124290 0.889946
v 3.490421 3.054801 0.884087
v 3.490421 3.315009 -0.512886
v 3.490421 2.222060 -1.579140
v 3.490421 2.202796 -1.597816
v 3.490421 2.242271 -1.604500
v 3.490421 2.263793 -1.617287
v 3.490421 2.164344 -1.686348
v 3.490421 2.301467 -1.693581
v 3.490421 2.076049 -1.698494
v 3.490421 2.121604 -1.705208
v 3.490421 2.314803 -1.731880
v 3.490421 2.010917 -1.756081
v 3.490421 2.357398 -1.821754
v 3.490421 1.987357 -1.853401
v 3.490421 2.349754 -1.899361
v 3.490421 2.002334 -1.925636
v 3.490421 2.267074 -1.971260
v 3.490421 2.049834 -2.024757
v 3.490421 2.258880 -2.050270
v 3.490421 2.201316 -2.150642
v 3.490421 2.134002 -2.171425
v 3.490421 2.157012 -2.177956
v 3.490421 0.000000 -2.457741
v 3.490421 1.267501 -2.457741
v 3.490421 2.534995 -2.457741
v 3.490421 3.315009 -2.457741
v 3.494480 1.267501 1.428673
v 3.494480 3.315009 -0.516014
v 3.494480 1.267501 -2.454628
v 3.498539 0.000000 1.425636
v 3.498539 1.267501 1.425636
v 3.498539 2.534995 1.425636
v 3.498539 3.315009 1.425636
v 3.498539 3.315009 -0.512886
v 3.498539 0.000000 -2.451515
v 3.498539 1.267501 -2.451515
v 3.498539 2.534995 -2.451515
v 3.498539 3.315009 -2.451515
v 3.501652 1.267501 1.421593
v 3.501652 3.315009 -0.516960
v 3.501652 1.267501 -2.447517
v 3.504704 0.000000 1.417595
v 3.504704 1.267501 1.417595
v 3.504704 2.534995 1.417595
v 3.504704 3.315009 1.417595
v 3.504704 3.315009 -0.512886
v 3.504704 0.000000 -2.443489
v 3.504704 1.267501 -2.443489
v 3.504704 2.534995 -2.443489
v 3.504704 3.315009 -2.443489
v 3.506657 1.267501 1.412849
v 3.506657 1.267501 -2.438789
v 3.506748 3.315009 -0.517586
v 3.508671 0.000000 1.408165
v 3.508671 1.267501 1.408165
v 3.508671 2.534995 1.408165
v 3.508671 3.315009 1.408165
v 3.508671 3.315009 -0.512886
v 3.508671 0.000000 -2.434029
v 3.508671 1.267501 -2.434029
v 3.508671 2.534995 -2.434029
v 3.508671 3.315009 -2.434029
v 3.509281 1.267501 1.403099
v 3.509281 3.315009 -0.518044
v 3.509281 1.267501 -2.429024
v 3.509922 0.000000 1.398033
v 3.509922 1.267501 1.398033
v 3.509922 2.534995 1.398033
v 3.509922 3.315009 1.398033
v 3.509922 1.267501 1.291862
v 3.509922 0.000000 1.185707
v 3.509922 1.754920 1.185707
v 3.509922 3.059073 1.154671
v 3.509922 3.079368 1.153191
v 3.509922 3.031623 1.127602
v 3.509922 3.096519 1.118004
v 3.509922 3.095359 1.113243
v 3.509922 3.163215 1.074486
v 3.509922 3.045738 1.038521
v 3.509922 3.139732 0.997887
v 3.509922 3.015876 0.981361
v 3.509922 3.011268 0.941795
v 3.509922 3.152839 0.922920
v 3.509922 3.023505 0.905998
v 3.509922 3.124290 0.889946
v 3.509922 3.054801 0.884087
v 3.509922 0.000000 0.015633
v 3.509922 1.754920 0.015633
v 3.509922 2.519248 0.015633
v 3.509922 0.000000 -0.179375
v 3.509922 0.194922 -0.179375
v 3.509922 2.534995 -0.310173
v 3.509922 2.671500 -0.310173
v 3.509922 2.534995 -0.317970
v 3.509922 2.651999 -0.317970
v 3.509922 0.000000 -0.374443
v 3.509922 0.194922 -0.374443
v 3.509922 0.000000 -0.512886
v 3.509922 3.315009 -0.512886
v 3.509922 0.000000 -0.569374
v 3.509922 1.259620 -0.569374
v 3.509922 2.519248 -0.569374
v 3.509922 1.267501 -0.638634
v 3.509922 1.325996 -0.638634
v 3.509922 3.239020 -0.674736
v 3.509922 2.534995 -0.707893
v 3.509922 2.652000 -0.707893
v 3.509922 2.534995 -0.715767
v 3.509922 2.671500 -0.715767
v 3.509922 3.233954 -0.750481
v 3.509922 3.219687 -0.767021
v 3.509922 3.184897 -0.769905
v 3.509922 1.267501 -0.902901
v 3.509922 1.267501 -0.906868
v 3.509922 0.000000 -1.097878
v 3.509922 1.754920 -1.097878
v 3.509922 2.222060 -1.579140
v 3.509922 2.202796 -1.597816
v 3.509922 2.242271 -1.604500
v 3.509922 2.263793 -1.617287
v 3.509922 2.164344 -1.686348
v 3.509922 2.301467 -1.693581
v 3.509922 2.076049 -1.698494
v 3.509922 2.121604 -1.705208
v 3.509922 2.314803 -1.731880
v 3.509922 2.010917 -1.756081
v 3.509922 2.357398 -1.821754
v 3.509922 1.987357 -1.853401
v 3.509922 2.349754 -1.899361
v 3.509922 2.002334 -1.925636
v 3.509922 2.267074 -1.971260
v 3.509922 2.049834 -2.024757
v 3.509922 2.258880 -2.050270
v 3.509922 2.201316 -2.150642
v 3.509922 2.134002 -2.171425
v 3.509922 2.157012 -2.177956
v 3.509922 0.000000 -2.267952
v 3.509922 1.754920 -2.267952
v 3.509922 0.000000 -2.423958
v 3.509922 1.267501 -2.423958
v 3.509922 2.534995 -2.423958
v 3.509922 3.315009 -2.423958
v 3.651035 0.405757 -2.248482
v 3.651035 0.405757 -2.267952
v 3.657047 0.446158 -2.248482
v 3.657047 0.446158 -2.267952
v 3.660465 0.324401 -2.248482
v 3.660465 0.324401 -2.267952
v 3.661015 0.304902 -2.248482
v 3.661015 0.304902 -2.267952
v 3.669285 0.262547 -2.248482
v 3.669285 0.262547 -2.267952
v 3.685123 0.466285 -2.248482
v 3.685123 0.466285 -2.267952
v 3.705936 0.231660 -2.248482
v 3.705936 0.231660 -2.267952
v 3.715672 1.658355 1.185707
v 3.715672 1.658355 0.015633
v 3.715672 1.658355 -1.097878
v 3.715672 1.658355 -2.267952
v 3.717167 0.341407 -2.248482
v 3.717167 0.341407 -2.267952
v 3.728336 0.445693 -2.248482
v 3.728336 0.445693 -2.267952
v 3.729496 0.402402 -2.248482
v 3.729496 0.402402 -2.267952
v 3.755924 0.218790 -2.248482
v 3.755924 0.218790 -2.267952
v 3.760014 0.321517 -2.248482
v 3.760014 0.321517 -2.267952
v 3.782078 0.287742 -2.248482
v 3.782078 0.287742 -2.267952
v 3.783878 0.225186 -2.248482
v 3.783878 0.225186 -2.267952
v 3.899998 0.000000 1.185707
v 3.899998 0.000000 0.015633
v 3.899998 0.000000 -1.097878
v 3.899998 0.000000 -2.267952
vt 0.945204 0.103959
vt 0.948450 0.109333
vt 0.948112 0.113847
vt 0.941981 0.101320
vt 0.938688 0.100364
vt 0.896372 0.115136
vt 0.891162 0.101995
vt 0.892583 0.098602
vt 0.935309 0.099762
vt 0.937734 0.125805
vt 0.931036 0.100630
vt 0.931978 0.127314
vt 0.923216 0.104805
vt 0.928089 0.126313
vt 0.919547 0.103912
vt 0.920041 0.119506
vt 0.916636 0.121581
vt 0.918051 0.119915
vt 0.915527 0.100859
vt 0.890737 0.106301
vt 0.909263 0.098338
vt 0.914091 0.123487
vt 0.905715 0.097493
vt 0.907646 0.124781
vt 0.901517 0.097420
vt 0.904666 0.124009
vt 0.900405 0.120724
vt 0.846903 0.126565
vt 0.841629 0.115415
vt 0.843995 0.110190
vt 0.970343 0.109562
vt 0.971779 0.128412
vt 0.970969 0.146792
vt 0.843261 0.061299
vt 0.848074 0.059803
vt 0.968738 0.051631
vt 0.840229 0.119372
vt 0.841098 0.123187
vt 0.835873 0.074851
vt 0.837176 0.068744
vt 0.835934 0.088332
vt 0.976871 0.091531
vt 0.976656 0.065932
vt 0.960097 0.156266
vt 0.948450 0.109333
vt 0.956246 0.048614
vt 0.980311 0.081840
vt 0.932363 0.166369
vt 0.928089 0.126313
vt 0.931978 0.127314
vt 0.948112 0.113847
vt 0.945204 0.103959
vt 0.920041 0.119506
vt 0.918051 0.119915
vt 0.937734 0.125805
vt 0.947364 0.163269
vt 0.935309 0.099762
vt 0.931036 0.100630
vt 0.932181 0.056061
vt 0.916636 0.121581
vt 0.923216 0.104805
vt 0.919547 0.103912
vt 0.922274 0.060490
vt 0.914091 0.123487
vt 0.909747 0.150557
vt 0.904666 0.124009
vt 0.907646 0.124781
vt 0.915527 0.100859
vt 0.917722 0.072955
vt 0.896372 0.115136
vt 0.900405 0.120724
vt 0.890737 0.106301
vt 0.882955 0.142448
vt 0.889219 0.057038
vt 0.879201 0.045356
vt 0.867687 0.139817
vt 0.863680 0.071725
vt 0.866044 0.041446
vt 0.855124 0.129788
vt 0.853313 0.059897
vt 0.859119 0.062286
vt 0.859263 0.133662
vt 0.854364 0.042424
vt 0.840279 0.063918
vt 0.841860 0.102536
vt 0.834558 0.082383
vt 0.941981 0.101320
vt 0.938688 0.100364
vt 0.909263 0.098338
vt 0.906463 0.076433
vt 0.902999 0.077505
vt 0.905715 0.097493
vt 0.895492 0.071496
vt 0.891162 0.101995
vt 0.901517 0.097420
vt 0.892583 0.098602
vt 0.972089 0.086632
vt 0.978183 0.099647
vt 0.972898 0.134501
vt 0.962918 0.083439
vt 0.960450 0.148288
vt 0.945426 0.083346
vt 0.955683 0.081327
vt 0.920108 0.132171
vt 0.910762 0.028122
vt 0.919336 0.034738
vt 0.937256 0.148118
vt 0.932291 0.053121
vt 0.934065 0.063544
vt 0.937365 0.078859
vt 0.945136 0.154656
vt 0.907431 0.151047
vt 0.900903 0.020812
vt 0.903510 0.022261
vt 0.925442 0.043696
vt 0.930565 0.135857
vt 0.924242 0.132371
vt 0.888305 0.155983
vt 0.870233 0.143676
vt 0.871639 0.107297
vt 0.877601 0.043621
vt 0.880243 0.039317
vt 0.895449 0.155490
vt 0.899751 0.155644
vt 0.892582 0.025393
vt 0.868122 0.099000
vt 0.864634 0.097041
vt 0.862601 0.081281
vt 0.016350 0.189084
vt 0.015986 0.189084
vt 0.015986 0.146354
vt 0.016350 0.146354
vt 0.015986 0.118243
vt 0.016350 0.115038
vt 0.015986 0.115038
vt 0.015986 0.007485
vt 0.016350 0.007485
vt 0.016350 0.118243
vt 0.236766 0.342898
vt 0.236766 0.386198
vt 0.237160 0.342898
vt 0.237160 0.386198
vt 0.236963 0.272538
vt 0.237160 0.202178
vt 0.236766 0.202178
vt 0.300702 0.364543
vt 0.300702 0.368336
vt 0.443568 0.342898
vt 0.443568 0.346683
vt 0.507108 0.342898
vt 0.312082 0.337482
vt 0.328213 0.337482
vt 0.447850 0.353355
vt 0.380022 0.350476
vt 0.380022 0.342898
vt 0.433612 0.337486
vt 0.495094 0.332070
vt 0.430612 0.334780
vt 0.372133 0.342898
vt 0.366125 0.337482
vt 0.419268 0.332070
vt 0.311176 0.332070
vt 0.387007 0.332070
vt 0.304645 0.342898
vt 0.301642 0.340193
vt 0.300702 0.342898
vt 0.401840 0.310407
vt 0.308591 0.368336
vt 0.364250 0.350476
vt 0.262530 0.322336
vt 0.262509 0.323982
vt 0.289877 0.382422
vt 0.304645 0.386198
vt 0.364250 0.342898
vt 0.364551 0.349394
vt 0.379719 0.342898
vt 0.364551 0.342898
vt 0.495094 0.202178
vt 0.507108 0.202178
vt 0.439624 0.386198
vt 0.448030 0.371091
vt 0.372133 0.386198
vt 0.437406 0.337486
vt 0.437558 0.337486
vt 0.439624 0.342898
vt 0.507108 0.386198
vt 0.465250 0.364327
vt 0.465540 0.365136
vt 0.399987 0.308758
vt 0.459936 0.369981
vt 0.395312 0.374871
vt 0.342593 0.378647
vt 0.342505 0.369774
vt 0.289834 0.377984
vt 0.287862 0.380560
vt 0.338565 0.374918
vt 0.288227 0.379937
vt 0.288017 0.381352
vt 0.338877 0.376511
vt 0.389268 0.369280
vt 0.257185 0.330004
vt 0.389634 0.368657
vt 0.339296 0.373675
vt 0.439969 0.363639
vt 0.390362 0.367418
vt 0.390626 0.367229
vt 0.339824 0.373298
vt 0.389735 0.371666
vt 0.340564 0.378165
vt 0.288861 0.382184
vt 0.391603 0.366444
vt 0.340713 0.372489
vt 0.391159 0.366847
vt 0.441429 0.361158
vt 0.453182 0.356027
vt 0.456731 0.359135
vt 0.461614 0.359079
vt 0.288494 0.379746
vt 0.392266 0.374152
vt 0.442492 0.360400
vt 0.392488 0.365635
vt 0.288936 0.379344
vt 0.392434 0.364492
vt 0.340600 0.370208
vt 0.393274 0.361997
vt 0.392319 0.362214
vt 0.444268 0.358781
vt 0.288879 0.378200
vt 0.444041 0.354222
vt 0.395179 0.361565
vt 0.463486 0.369046
vt 0.440591 0.366821
vt 0.466650 0.360902
vt 0.466903 0.362422
vt 0.450565 0.353602
vt 0.465400 0.360451
vt 0.443971 0.370142
vt 0.451116 0.368835
vt 0.453158 0.367340
vt 0.456097 0.368332
vt 0.256815 0.329675
vt 0.261025 0.321431
vt 0.259169 0.318972
vt 0.258502 0.310879
vt 0.258896 0.309130
vt 0.311176 0.202178
vt 0.237160 0.272538
vt 0.252138 0.313218
vt 0.403624 0.308160
vt 0.397957 0.305090
vt 0.399801 0.307143
vt 0.403986 0.306706
vt 0.401734 0.302583
vt 0.402965 0.305259
vt 0.419268 0.202178
vt 0.396805 0.300449
vt 0.398345 0.298106
vt 0.402186 0.299570
vt 0.403138 0.267122
vt 0.387007 0.202178
vt 0.507108 0.272538
vt 0.379719 0.349394
vt 0.250579 0.326155
vt 0.248410 0.323813
vt 0.252114 0.316491
vt 0.253203 0.319093
vt 0.251343 0.321951
vt 0.281657 0.257696
vt 0.254016 0.309896
vt 0.282594 0.256037
vt 0.257385 0.309494
vt 0.396695 0.302388
vt 0.236402 0.342898
vt 0.236402 0.386198
vt 0.236584 0.272538
vt 0.236402 0.202178
vt 0.243036 0.146354
vt 0.219208 0.146354
vt 0.161814 0.145688
vt 0.219456 0.146021
vt 0.277103 0.146354
vt 0.219660 0.146021
vt 0.277506 0.146354
vt 0.220048 0.146021
vt 0.278282 0.146354
vt 0.220239 0.146021
vt 0.278664 0.146354
vt 0.220597 0.146021
vt 0.279383 0.146354
vt 0.220637 0.146021
vt 0.279462 0.146354
vt 0.221077 0.146021
vt 0.280339 0.146354
vt 0.222190 0.146021
vt 0.282568 0.146354
vt 0.224252 0.146021
vt 0.286693 0.146354
vt 0.087059 0.189084
vt 0.016744 0.189084
vt 0.062521 0.172847
vt 0.121082 0.146354
vt 0.084229 0.146354
vt 0.036933 0.145026
vt 0.121385 0.146354
vt 0.086744 0.145688
vt 0.136554 0.146354
vt 0.086895 0.145688
vt 0.136854 0.146354
vt 0.091469 0.145688
vt 0.146003 0.146354
vt 0.093156 0.145688
vt 0.149382 0.146354
vt 0.093207 0.145688
vt 0.149482 0.146354
vt 0.093305 0.145688
vt 0.149679 0.146354
vt 0.093420 0.145688
vt 0.149906 0.146354
vt 0.093628 0.145688
vt 0.150327 0.146354
vt 0.093805 0.145688
vt 0.150674 0.146354
vt 0.094108 0.145688
vt 0.151283 0.146354
vt 0.094327 0.145688
vt 0.151717 0.146354
vt 0.060846 0.169147
vt 0.060789 0.172800
vt 0.240109 0.145513
vt 0.193524 0.144675
vt 0.194220 0.142799
vt 0.109950 0.180965
vt 0.063649 0.170864
vt 0.146003 0.152764
vt 0.157380 0.152764
vt 0.157380 0.189084
vt 0.214284 0.135668
vt 0.223056 0.135074
vt 0.147984 0.141026
vt 0.192514 0.145573
vt 0.239603 0.145966
vt 0.240455 0.144577
vt 0.146936 0.143833
vt 0.100351 0.142992
vt 0.101749 0.139253
vt 0.034789 0.144919
vt 0.016744 0.146354
vt 0.145423 0.145184
vt 0.151726 0.146354
vt 0.152475 0.146354
vt 0.152988 0.146354
vt 0.153828 0.146354
vt 0.154374 0.146354
vt 0.155254 0.146354
vt 0.188867 0.146354
vt 0.214284 0.146354
vt 0.097020 0.144663
vt 0.098333 0.144791
vt 0.099374 0.145359
vt 0.136854 0.153832
vt 0.140637 0.069536
vt 0.135220 0.069536
vt 0.140194 0.065712
vt 0.058350 0.162195
vt 0.060767 0.160580
vt 0.059894 0.160720
vt 0.059657 0.161986
vt 0.072451 0.131425
vt 0.060722 0.131395
vt 0.066798 0.130434
vt 0.068914 0.150093
vt 0.121082 0.153832
vt 0.109950 0.174851
vt 0.062521 0.160613
vt 0.110514 0.179974
vt 0.110330 0.178171
vt 0.063279 0.167253
vt 0.064223 0.163425
vt 0.110803 0.176257
vt 0.135220 0.073809
vt 0.119089 0.072228
vt 0.214284 0.189084
vt 0.160413 0.163446
vt 0.160413 0.152764
vt 0.268157 0.163446
vt 0.265124 0.163446
vt 0.268157 0.152764
vt 0.215801 0.176265
vt 0.163446 0.163446
vt 0.271190 0.189084
vt 0.214284 0.163446
vt 0.217317 0.176265
vt 0.271190 0.152764
vt 0.286693 0.189084
vt 0.282568 0.152764
vt 0.150492 0.069536
vt 0.142933 0.069536
vt 0.142933 0.069472
vt 0.158017 0.137458
vt 0.153631 0.137164
vt 0.205513 0.135074
vt 0.149284 0.136266
vt 0.196824 0.133280
vt 0.135220 0.103937
vt 0.112595 0.091537
vt 0.115392 0.081787
vt 0.102677 0.132716
vt 0.180014 0.126212
vt 0.188296 0.130323
vt 0.149749 0.132998
vt 0.104081 0.125507
vt 0.164480 0.114722
vt 0.172051 0.120995
vt 0.107891 0.109766
vt 0.157380 0.107445
vt 0.016938 0.115038
vt 0.016744 0.115038
vt 0.036129 0.109624
vt 0.123593 0.064182
vt 0.142457 0.065357
vt 0.139387 0.058738
vt 0.140030 0.061990
vt 0.129648 0.057956
vt 0.132966 0.056551
vt 0.138516 0.056969
vt 0.134485 0.055888
vt 0.136287 0.055995
vt 0.094169 0.143501
vt 0.091539 0.136899
vt 0.099586 0.138168
vt 0.093835 0.139005
vt 0.231747 0.133280
vt 0.240272 0.130323
vt 0.038292 0.142253
vt 0.039702 0.139920
vt 0.092495 0.141603
vt 0.088254 0.138552
vt 0.090499 0.139766
vt 0.041110 0.138522
vt 0.043020 0.137386
vt 0.098625 0.140744
vt 0.077884 0.135078
vt 0.083786 0.136548
vt 0.061050 0.134959
vt 0.036487 0.140304
vt 0.035040 0.138856
vt 0.038158 0.137531
vt 0.072406 0.134630
vt 0.033679 0.143000
vt 0.032944 0.140103
vt 0.030885 0.134211
vt 0.024961 0.123862
vt 0.026563 0.125554
vt 0.028125 0.128349
vt 0.048877 0.127592
vt 0.028164 0.123242
vt 0.043703 0.123007
vt 0.020994 0.120461
vt 0.016744 0.118333
vt 0.095240 0.140608
vt 0.097418 0.141492
vt 0.136554 0.152764
vt 0.121385 0.152764
vt 0.248557 0.126212
vt 0.256519 0.120995
vt 0.264089 0.114722
vt 0.271190 0.107445
vt 0.282568 0.060892
vt 0.284630 0.076920
vt 0.132307 0.053487
vt 0.128620 0.055051
vt 0.105464 0.058209
vt 0.282568 0.007485
vt 0.286693 0.007485
vt 0.150492 0.103937
vt 0.150492 0.073809
vt 0.101903 0.124567
vt 0.085321 0.109624
vt 0.105750 0.108706
vt 0.142284 0.061452
vt 0.146003 0.060892
vt 0.141147 0.056452
vt 0.139842 0.054192
vt 0.157380 0.060892
vt 0.141528 0.057649
vt 0.271190 0.060892
vt 0.034109 0.101498
vt 0.033424 0.092939
vt 0.016744 0.007485
vt 0.033424 0.007485
vt 0.039999 0.135702
vt 0.035768 0.141761
vt 0.035686 0.141398
vt 0.101251 0.061670
vt 0.101400 0.065195
vt 0.088021 0.092939
vt 0.104578 0.065737
vt 0.110472 0.090388
vt 0.032859 0.132609
vt 0.084335 0.133434
vt 0.100463 0.131980
vt 0.042456 0.134245
vt 0.029969 0.126469
vt 0.054650 0.130434
vt 0.060922 0.131758
vt 0.026235 0.121213
vt 0.039381 0.116914
vt 0.021976 0.117551
vt 0.072566 0.127592
vt 0.087338 0.101498
vt 0.097763 0.141594
vt 0.089006 0.135527
vt 0.078148 0.131891
vt 0.077741 0.123007
vt 0.082067 0.116914
vt 0.113332 0.080415
vt 0.106268 0.068224
vt 0.117184 0.070459
vt 0.088021 0.007485
vt 0.107606 0.066891
vt 0.108376 0.066220
vt 0.108331 0.065037
vt 0.102589 0.060623
vt 0.146003 0.007485
vt 0.134191 0.052667
vt 0.122004 0.061853
vt 0.108073 0.058499
vt 0.109611 0.061913
vt 0.109720 0.059508
vt 0.136678 0.052816
vt 0.287088 0.189084
vt 0.286891 0.076920
vt 0.287088 0.146354
vt 0.287088 0.007485
vt 0.287451 0.189084
vt 0.287269 0.076920
vt 0.287451 0.146354
vt 0.287451 0.007485
vt 0.507504 0.342898
vt 0.507504 0.386198
vt 0.507307 0.272538
vt 0.507504 0.202178
vt 0.507867 0.342898
vt 0.507867 0.386198
vt 0.507685 0.272538
vt 0.507867 0.202178
vt 0.016744 0.118265
vt 0.016744 0.116636
vt 0.393280 0.374395
vt 0.390578 0.372493
vt 0.389424 0.370077
vt 0.286693 0.076920
vt 0.236766 0.272538
vt 0.287088 0.076920
vt 0.507504 0.272538
vt 0.236402 0.272538
vt 0.287451 0.076920
vt 0.507867 0.272538
vt 0.957266 0.073130
vt 0.946113 0.070633
vt 0.946690 0.068439
vt 0.949017 0.083053
vt 0.955864 0.086031
vt 0.948877 0.089390
vt 0.953108 0.089471
vt 0.942918 0.070996
vt 0.954961 0.079770
vt 0.948824 0.068195
vt 0.953108 0.068253
vt 0.930066 0.064956
vt 0.939344 0.065793
vt 0.937463 0.066957
vt 0.934195 0.069269
vt 0.922300 0.064015
vt 0.942361 0.058323
vt 0.921936 0.057901
vt 0.925205 0.056085
vt 0.939234 0.063741
vt 0.938603 0.052403
vt 0.942628 0.054152
vt 0.932230 0.051899
vt 0.956998 0.039328
vt 0.966378 0.042151
vt 0.975050 0.040550
vt 0.949816 0.037631
vt 0.980069 0.033858
vt 0.919114 0.036742
vt 0.979361 0.032472
vt 0.979727 0.025840
vt 0.958546 0.023587
vt 0.923759 0.025752
vt 0.917595 0.031295
vt 0.970478 0.023491
vt 0.921161 0.027049
vt 0.983400 0.029213
vt 0.982780 0.026611
vt 0.928097 0.022981
vt 0.927372 0.042426
vt 0.944829 0.040188
vt 0.937288 0.044050
vt 0.927543 0.015177
vt 0.949877 0.018268
vt 0.936850 0.013694
vt 0.943481 0.014118
vt 0.900149 0.062301
vt 0.914059 0.052556
vt 0.884913 0.056276
vt 0.879614 0.052267
vt 0.901054 0.062864
vt 0.905900 0.043982
vt 0.888723 0.034133
vt 0.888663 0.039736
vt 0.904269 0.030131
vt 0.901542 0.027760
vt 0.893309 0.028449
vt 0.886780 0.049081
vt 0.914111 0.049739
vt 0.891323 0.044189
vt 0.910435 0.048191
vt 0.905233 0.027137
vt 0.964078 0.054827
vt 0.952034 0.051174
vt 0.951768 0.054494
vt 0.959355 0.062631
vt 0.959810 0.065395
vt 0.968694 0.064372
vt 0.964336 0.068219
vt 0.967085 0.059407
vt 0.969581 0.061883
vt 0.954850 0.059119
vt 0.955798 0.047165
vt 0.965183 0.049670
vt 0.018045 0.387319
vt 0.018045 0.344968
vt 0.017495 0.344968
vt 0.017495 0.387319
vt 0.018045 0.313929
vt 0.018045 0.207328
vt 0.017495 0.207328
vt 0.017495 0.313929
vt 0.017495 0.317105
vt 0.018045 0.317105
vt 0.016983 0.344968
vt 0.016983 0.387319
vt 0.016983 0.207328
vt 0.016983 0.313929
vt 0.016983 0.317105
vt 0.393250 0.154766
vt 0.508019 0.189706
vt 0.418211 0.182642
vt 0.328407 0.175578
vt 0.393250 0.147355
vt 0.415272 0.154766
vt 0.508019 0.147355
vt 0.418055 0.184531
vt 0.417157 0.185305
vt 0.326298 0.180901
vt 0.328088 0.179351
vt 0.413044 0.185580
vt 0.318069 0.181464
vt 0.322228 0.180189
vt 0.404256 0.189706
vt 0.315706 0.177843
vt 0.315964 0.177780
vt 0.415272 0.147355
vt 0.327217 0.173879
vt 0.313796 0.176912
vt 0.315185 0.174320
vt 0.323125 0.173465
vt 0.300502 0.189706
vt 0.313715 0.175810
vt 0.411084 0.078535
vt 0.414844 0.147355
vt 0.411084 0.081711
vt 0.508019 0.078535
vt 0.499549 0.105000
vt 0.325273 0.173214
vt 0.300502 0.078535
vt 0.300502 0.009716
vt 0.306266 0.078535
vt 0.300502 0.147355
vt 0.320022 0.175086
vt 0.386148 0.009716
vt 0.396739 0.009716
vt 0.386148 0.020299
vt 0.375560 0.105000
vt 0.375560 0.146500
vt 0.407323 0.146500
vt 0.396739 0.020299
vt 0.312030 0.105000
vt 0.414844 0.153708
vt 0.393673 0.153708
vt 0.425648 0.078535
vt 0.425432 0.078535
vt 0.486344 0.121013
vt 0.494308 0.125583
vt 0.494662 0.126832
vt 0.393673 0.147355
vt 0.312030 0.009716
vt 0.499549 0.009716
vt 0.508019 0.009716
vt 0.493179 0.129238
vt 0.487730 0.132363
vt 0.480962 0.118434
vt 0.483440 0.132808
vt 0.479536 0.137297
vt 0.436019 0.105000
vt 0.471756 0.118900
vt 0.468630 0.122436
vt 0.475322 0.137712
vt 0.468363 0.134675
vt 0.470442 0.135399
vt 0.464220 0.132630
vt 0.462149 0.130364
vt 0.463526 0.131461
vt 0.463163 0.129318
vt 0.436019 0.009716
vt 0.407323 0.009716
vt 0.477040 0.117621
vt 0.467970 0.127230
vt 0.468994 0.124910
vt 0.404256 0.009716
vt 0.407323 0.078108
vt 0.375560 0.009716
vt 0.226110 0.387319
vt 0.226110 0.344968
vt 0.225563 0.344968
vt 0.225563 0.387319
vt 0.226110 0.276148
vt 0.226110 0.207328
vt 0.225838 0.276148
vt 0.225563 0.276148
vt 0.226623 0.387319
vt 0.226623 0.344968
vt 0.226623 0.276148
vt 0.226623 0.207328
vt 0.226368 0.276148
vt 0.300227 0.078535
vt 0.299951 0.147355
vt 0.299951 0.189706
vt 0.299951 0.078535
vt 0.299951 0.009716
vt 0.299697 0.078535
vt 0.299439 0.147355
vt 0.299439 0.189706
vt 0.299439 0.078535
vt 0.299439 0.009716
vt 0.509080 0.078535
vt 0.509080 0.147355
vt 0.508824 0.078535
vt 0.508566 0.147355
vt 0.508566 0.189706
vt 0.509080 0.189706
vt 0.508566 0.078535
vt 0.508566 0.009716
vt 0.508294 0.078535
vt 0.081085 0.294998
vt 0.080754 0.295045
vt 0.145571 0.358897
vt 0.139974 0.361028
vt 0.136149 0.360510
vt 0.130914 0.382872
vt 0.032030 0.381220
vt 0.127535 0.384837
vt 0.128797 0.384269
vt 0.036269 0.378417
vt 0.029510 0.382359
vt 0.127162 0.385124
vt 0.130072 0.383794
vt 0.034592 0.380279
vt 0.036163 0.377345
vt 0.110793 0.344968
vt 0.028764 0.382939
vt 0.121800 0.387319
vt 0.031780 0.376723
vt 0.032931 0.378009
vt 0.036062 0.376273
vt 0.028197 0.381338
vt 0.142980 0.334376
vt 0.132815 0.344968
vt 0.134006 0.357389
vt 0.135250 0.358406
vt 0.135273 0.357381
vt 0.145411 0.354272
vt 0.110793 0.352379
vt 0.132155 0.355479
vt 0.132815 0.352379
vt 0.144496 0.352116
vt 0.142222 0.351558
vt 0.137656 0.352269
vt 0.132133 0.356504
vt 0.137682 0.276148
vt 0.132388 0.344968
vt 0.046353 0.320362
vt 0.046353 0.317105
vt 0.145293 0.357406
vt 0.028938 0.378827
vt 0.030975 0.376887
vt 0.028298 0.244376
vt 0.029586 0.218594
vt 0.072754 0.293775
vt 0.047526 0.265387
vt 0.046353 0.293775
vt 0.126887 0.276148
vt 0.142980 0.207328
vt 0.095886 0.293775
vt 0.137898 0.276148
vt 0.049809 0.251801
vt 0.048885 0.216129
vt 0.047810 0.218822
vt 0.111217 0.344968
vt 0.132388 0.351320
vt 0.127099 0.276148
vt 0.092362 0.246083
vt 0.092362 0.241848
vt 0.068062 0.241848
vt 0.051511 0.256290
vt 0.068062 0.246083
vt 0.068062 0.276165
vt 0.046353 0.313929
vt 0.040140 0.267186
vt 0.039043 0.265653
vt 0.048102 0.214066
vt 0.043985 0.212237
vt 0.030598 0.228228
vt 0.030848 0.236309
vt 0.031445 0.232671
vt 0.031102 0.215307
vt 0.035028 0.213622
vt 0.045510 0.234348
vt 0.044527 0.221177
vt 0.043075 0.230799
vt 0.225563 0.207328
vt 0.221328 0.276148
vt 0.217092 0.334376
vt 0.217092 0.207328
vt 0.111217 0.351320
vt 0.095886 0.320362
vt 0.095886 0.295892
vt 0.082025 0.276165
vt 0.082025 0.293775
vt 0.051041 0.261291
vt 0.092362 0.276165
vt 0.072754 0.276165
vt 0.041013 0.267123
vt 0.042943 0.266983
vt 0.046353 0.295892
vt 0.046658 0.247057
vt 0.046514 0.239176
vt 0.045848 0.242636
vt 0.034706 0.253872
vt 0.033288 0.253262
vt 0.031830 0.251381
vt 0.029489 0.248853
vt 0.037968 0.257603
vt 0.037028 0.255125
vt 0.028570 0.247295
vt 0.029738 0.223379
vt 0.046459 0.236338
vt 0.046722 0.220127
vt 0.043058 0.221359
vt 0.042338 0.221643
vt 0.041821 0.223252
vt 0.045705 0.244343
vt 0.509080 0.009716
vt 0.891898 0.132325
vt 0.891789 0.130578
vt 0.891593 0.131707
vt 0.892835 0.128118
vt 0.893163 0.132771
vt 0.894183 0.126133
vt 0.894428 0.133074
vt 0.894534 0.120660
vt 0.894111 0.123804
vt 0.897436 0.132729
vt 0.894720 0.120108
vt 0.895362 0.120060
vt 0.896799 0.119846
vt 0.899942 0.120346
vt 0.898552 0.132022
vt 0.899068 0.130531
vt 0.900710 0.128338
vt 0.900672 0.121475
vt 0.901897 0.121944
vt 0.903964 0.127518
vt 0.905231 0.122895
vt 0.906854 0.127078
vt 0.906564 0.123655
vt 0.907119 0.124588
vt 0.903312 0.099295
vt 0.902195 0.091873
vt 0.899004 0.091090
vt 0.903478 0.094898
vt 0.903704 0.101386
vt 0.892598 0.092087
vt 0.895849 0.104376
vt 0.889253 0.099259
vt 0.890483 0.103650
vt 0.887476 0.099271
vt 0.884879 0.096591
vt 0.884849 0.098029
vt 0.889222 0.100697
vt 0.882564 0.162798
vt 0.884893 0.165983
vt 0.886956 0.160362
vt 0.881299 0.167303
vt 0.880948 0.160992
vt 0.879819 0.161224
vt 0.887097 0.161865
vt 0.887246 0.163370
vt 0.871170 0.157282
vt 0.869441 0.143965
vt 0.866239 0.163028
vt 0.844216 0.143377
vt 0.843676 0.117124
vt 0.842838 0.122229
vt 0.876961 0.163945
vt 0.877763 0.168901
vt 0.843194 0.092761
vt 0.842488 0.110891
vt 0.875920 0.167468
vt 0.876717 0.169715
vt 0.865110 0.099523
vt 0.866636 0.097693
vt 0.867047 0.091020
vt 0.868145 0.093914
vt 0.862031 0.100997
vt 0.861271 0.088453
vt 0.859993 0.114498
vt 0.859808 0.165268
vt 0.858960 0.101651
vt 0.859970 0.101252
vt 0.858234 0.103909
vt 0.846261 0.146015
vt 0.848703 0.090396
vt 0.854337 0.163402
vt 0.855876 0.165553
vt 0.857100 0.165464
vt 0.848251 0.146871
vt 0.852828 0.152106
vt 0.851508 0.148630
vt 0.841067 0.097372
vt 0.841281 0.104087
vt 0.840931 0.139830
vt 0.865021 0.137310
vt 0.863684 0.133501
vt 0.863409 0.119477
vt 0.864818 0.126251
vt 0.864742 0.122270
vt 0.863885 0.131106
vt 0.871830 0.150264
vt 0.839642 0.137643
vt 0.839261 0.133548
vt 0.879039 0.144144
vt 0.881968 0.132409
vt 0.875821 0.140336
vt 0.886888 0.145576
vt 0.885372 0.128201
vt 0.894183 0.126199
vt 0.894111 0.123869
vt 0.892835 0.128183
vt 0.893470 0.142890
vt 0.891593 0.131773
vt 0.890257 0.145083
vt 0.891898 0.132391
vt 0.893163 0.132836
vt 0.894428 0.133128
vt 0.903788 0.142909
vt 0.897436 0.132794
vt 0.898552 0.132087
vt 0.899068 0.130596
vt 0.900710 0.128397
vt 0.903964 0.127577
vt 0.908914 0.142355
vt 0.906854 0.127144
vt 0.907119 0.124654
vt 0.909705 0.137364
vt 0.909223 0.132212
vt 0.882840 0.123852
vt 0.880411 0.114849
vt 0.879639 0.119401
vt 0.884605 0.106102
vt 0.895627 0.111617
vt 0.891789 0.130644
vt 0.894534 0.120726
vt 0.894720 0.120167
vt 0.895362 0.120126
vt 0.896799 0.119912
vt 0.901458 0.112389
vt 0.899942 0.120411
vt 0.900672 0.121540
vt 0.901897 0.122009
vt 0.906057 0.109549
vt 0.905231 0.122948
vt 0.906564 0.123721
vt 0.909616 0.098544
vt 0.913152 0.128718
vt 0.911055 0.093558
vt 0.913608 0.093926
vt 0.925953 0.123525
vt 0.918607 0.097521
vt 0.929713 0.105353
vt 0.929808 0.120637
vt 0.932668 0.110285
vt 0.932489 0.115354
vt 0.899161 0.153653
vt 0.900831 0.156037
vt 0.900384 0.161331
vt 0.897872 0.163506
vt 0.893420 0.153071
vt 0.896434 0.152720
vt 0.919653 0.153021
vt 0.917721 0.151481
vt 0.919144 0.150013
vt 0.889065 0.155346
vt 0.892161 0.162507
vt 0.883373 0.159127
vt 0.886325 0.164296
vt 0.883010 0.159215
vt 0.882279 0.154271
vt 0.880217 0.156362
vt 0.880329 0.157908
vt 0.925888 0.147084
vt 0.927325 0.143828
vt 0.926439 0.157530
vt 0.931201 0.135395
vt 0.929357 0.158546
vt 0.926814 0.140357
vt 0.920627 0.154660
vt 0.953613 0.154286
vt 0.962843 0.144772
vt 0.961260 0.149900
vt 0.963340 0.146525
vt 0.951669 0.138360
vt 0.944118 0.134741
vt 0.947594 0.154910
vt 0.938615 0.133601
vt 0.942116 0.161209
vt 0.936204 0.161791
vt 0.906510 0.091710
vt 0.934500 0.093631
vt 0.915055 0.094492
vt 0.928542 0.097338
vt 0.924202 0.096198
vt 0.964992 0.083737
vt 0.902143 0.082855
vt 0.904230 0.080554
vt 0.952669 0.086038
vt 0.942694 0.088627
vt 0.914272 0.072172
vt 0.966139 0.077205
vt 0.952063 0.066408
vt 0.961056 0.069706
vt 0.919574 0.063175
vt 0.921709 0.059755
vt 0.943704 0.063074
vt 0.926604 0.059181
vt 0.942021 0.059518
vt 0.935925 0.058098
vt 0.961614 0.087802
vt 0.839328 0.019050
vt 0.853905 0.015408
vt 0.843044 0.014827
vt 0.864381 0.018842
vt 0.867729 0.027718
vt 0.835478 0.035784
vt 0.870446 0.034193
vt 0.868927 0.042474
vt 0.842542 0.052819
vt 0.876310 0.050712
vt 0.884613 0.056254
vt 0.836870 0.060950
vt 0.890700 0.059114
vt 0.891746 0.065001
vt 0.835372 0.069310
vt 0.888442 0.075490
vt 0.845689 0.085922
vt 0.883021 0.083391
vt 0.882224 0.092317
vt 0.844427 0.091356
vt 0.846620 0.094661
vt 0.891640 0.109539
vt 0.855790 0.102211
vt 0.861003 0.107481
vt 0.859978 0.110077
vt 0.892371 0.118608
vt 0.857075 0.115798
vt 0.860336 0.124796
vt 0.892055 0.121977
vt 0.886311 0.125649
vt 0.867835 0.130366
vt 0.894259 0.017810
vt 0.906004 0.015509
vt 0.897378 0.015028
vt 0.908994 0.018111
vt 0.894223 0.019767
vt 0.909432 0.022062
vt 0.892618 0.023625
vt 0.916947 0.025388
vt 0.888983 0.025912
vt 0.937377 0.025969
vt 0.933435 0.024306
vt 0.887370 0.029791
vt 0.937823 0.029869
vt 0.887299 0.033741
vt 0.904170 0.033576
vt 0.895995 0.035153
vt 0.932288 0.035426
vt 0.908731 0.034293
vt 0.912215 0.037404
vt 0.933780 0.035498
vt 0.919727 0.040208
vt 0.915188 0.040480
vt 0.849462 0.614762
vt 0.838720 0.614762
vt 0.849462 0.518042
vt 0.743753 0.700273
vt 0.849462 0.711492
vt 0.752742 0.711492
vt 0.827200 0.571774
vt 0.836089 0.518042
vt 0.831287 0.579795
vt 0.656012 0.614762
vt 0.643781 0.593127
vt 0.656012 0.518042
vt 0.667236 0.623752
vt 0.656012 0.711492
vt 0.666759 0.614762
vt 0.674785 0.518042
vt 0.665397 0.614762
vt 0.838251 0.605778
vt 0.640742 0.609716
vt 0.642556 0.596579
vt 0.834508 0.641334
vt 0.836841 0.632638
vt 0.838251 0.623752
vt 0.667236 0.605778
vt 0.640454 0.616263
vt 0.593050 0.537993
vt 0.530088 0.557948
vt 0.570038 0.518042
vt 0.593884 0.606496
vt 0.591864 0.593320
vt 0.592354 0.595439
vt 0.507072 0.634719
vt 0.484059 0.711492
vt 0.484059 0.614762
vt 0.831287 0.649739
vt 0.827200 0.657751
vt 0.836841 0.596888
vt 0.834508 0.588200
vt 0.822294 0.665305
vt 0.816637 0.672295
vt 0.810269 0.678656
vt 0.803276 0.684323
vt 0.795731 0.689224
vt 0.787709 0.693308
vt 0.779305 0.696537
vt 0.770617 0.698862
vt 0.761727 0.700273
vt 0.752742 0.700742
vt 0.668638 0.632638
vt 0.600612 0.586162
vt 0.598544 0.585310
vt 0.598918 0.579087
vt 0.678280 0.571774
vt 0.674192 0.579795
vt 0.670968 0.641334
vt 0.674192 0.649739
vt 0.678280 0.657751
vt 0.683181 0.665305
vt 0.688843 0.672295
vt 0.695210 0.678656
vt 0.702204 0.684323
vt 0.709753 0.689224
vt 0.717770 0.693308
vt 0.726170 0.696537
vt 0.734862 0.698862
vt 0.822294 0.564229
vt 0.816637 0.557235
vt 0.810269 0.550873
vt 0.803276 0.545207
vt 0.795731 0.540306
vt 0.787709 0.536222
vt 0.779305 0.532998
vt 0.770617 0.530667
vt 0.761727 0.529258
vt 0.752742 0.528784
vt 0.743753 0.529258
vt 0.734862 0.530667
vt 0.755436 0.518042
vt 0.726170 0.532998
vt 0.717770 0.536222
vt 0.709753 0.540306
vt 0.702204 0.545207
vt 0.695210 0.550873
vt 0.688843 0.557235
vt 0.683181 0.564229
vt 0.668638 0.596888
vt 0.670968 0.588200
vt 0.594465 0.600498
vt 0.594382 0.605086
vt 0.602237 0.589524
vt 0.595225 0.603225
vt 0.642479 0.587460
vt 0.636581 0.619637
vt 0.640231 0.603001
vt 0.632045 0.622132
vt 0.626702 0.623236
vt 0.618646 0.617604
vt 0.609103 0.614715
vt 0.603664 0.613779
vt 0.600663 0.611586
vt 0.599189 0.610206
vt 0.596261 0.609058
vt 0.596678 0.585277
vt 0.594193 0.607855
vt 0.575326 0.675519
vt 0.575326 0.614762
vt 0.592332 0.590637
vt 0.593050 0.693506
vt 0.530088 0.675519
vt 0.570038 0.711492
vt 0.639659 0.582366
vt 0.626637 0.583944
vt 0.635209 0.581291
vt 0.623108 0.585522
vt 0.616243 0.591583
vt 0.617476 0.591201
vt 0.621487 0.589962
vt 0.613568 0.589442
vt 0.611334 0.584292
vt 0.607766 0.580131
vt 0.603079 0.578738
vt 0.484059 0.518042
vt 0.594963 0.585810
vt 0.593901 0.586743
vt 0.575326 0.557948
vt 0.592796 0.588462
vt 0.858060 0.722239
vt 0.762415 0.722239
vt 0.764564 0.719550
vt 0.577557 0.714174
vt 0.484059 0.711492
vt 0.575407 0.711492
vt 0.475462 0.614762
vt 0.484059 0.518042
vt 0.479760 0.620136
vt 0.575119 0.507291
vt 0.674785 0.507291
vt 0.579418 0.512668
vt 0.666759 0.711492
vt 0.758115 0.711492
vt 0.671063 0.716867
vt 0.666759 0.722239
vt 0.575407 0.716867
vt 0.760265 0.714179
vt 0.849462 0.711492
vt 0.579418 0.518042
vt 0.571108 0.722239
vt 0.860210 0.614762
vt 0.860175 0.615047
vt 0.860210 0.509444
vt 0.674785 0.518042
vt 0.484059 0.614762
vt 0.755436 0.512664
vt 0.836089 0.507291
vt 0.836089 0.518042
vt 0.475462 0.507291
vt 0.475462 0.722239
vt 0.849462 0.518042
vt 0.853761 0.609390
vt 0.849462 0.614762
vt 0.858060 0.507291
vt 0.858060 0.614762
vt 0.474903 0.722163
vt 0.474387 0.721952
vt 0.474903 0.614762
vt 0.860141 0.614762
vt 0.473313 0.509444
vt 0.473385 0.508885
vt 0.473347 0.614487
vt 0.473313 0.614762
vt 0.473313 0.720090
vt 0.473385 0.614762
vt 0.860210 0.720090
vt 0.860141 0.720645
vt 0.859922 0.721166
vt 0.860035 0.615021
vt 0.860141 0.508885
vt 0.859922 0.508365
vt 0.859922 0.614762
vt 0.473488 0.614505
vt 0.473600 0.508365
vt 0.473385 0.720645
vt 0.859583 0.507922
vt 0.859583 0.614762
vt 0.473600 0.614762
vt 0.859754 0.614987
vt 0.473772 0.614539
vt 0.473940 0.507922
vt 0.473600 0.721166
vt 0.473940 0.614762
vt 0.859583 0.721608
vt 0.859135 0.721952
vt 0.859359 0.614935
vt 0.859135 0.507582
vt 0.859135 0.614762
vt 0.474164 0.614595
vt 0.474387 0.507582
vt 0.473940 0.721608
vt 0.858621 0.507368
vt 0.858621 0.614762
vt 0.474387 0.614762
vt 0.858878 0.614871
vt 0.474645 0.614660
vt 0.474903 0.507368
vt 0.858621 0.722163
vt 0.858345 0.614797
vt 0.475178 0.614728
vt 0.755436 0.518042
vt 0.755436 0.507291
vt 0.168660 0.740501
vt 0.169986 0.733097
vt 0.172160 0.745018
vt 0.168164 0.735632
vt 0.169546 0.730506
vt 0.166722 0.738108
vt 0.186854 0.786377
vt 0.186854 0.688885
vt 0.170328 0.747186
vt 0.167159 0.725522
vt 0.127643 0.786377
vt 0.127643 0.688885
vt 0.165859 0.748002
vt 0.160883 0.728665
vt 0.163940 0.747721
vt 0.152098 0.718383
vt 0.162111 0.746469
vt 0.157563 0.729105
vt 0.150645 0.718592
vt 0.156236 0.746483
vt 0.154944 0.727488
vt 0.147798 0.720639
vt 0.153317 0.746168
vt 0.152918 0.721221
vt 0.141475 0.725099
vt 0.152867 0.743326
vt 0.139792 0.727907
vt 0.150904 0.738399
vt 0.143615 0.735445
vt 0.153141 0.740392
vt 0.139894 0.730787
vt 0.141421 0.733801
vt 0.042592 0.791427
vt 0.093347 0.791427
vt 0.042592 0.863363
vt 0.093347 0.863363
vt 0.014838 0.864403
vt 0.065594 0.864403
vt 0.014838 0.936340
vt 0.065594 0.936340
vt 0.050595 0.688885
vt 0.050595 0.790387
vt 0.041800 0.786377
vt 0.033681 0.688885
vt 0.069388 0.688885
vt 0.069388 0.790387
vt 0.060593 0.786377
vt 0.052474 0.688885
vt 0.098514 0.739634
vt 0.090059 0.790387
vt 0.090059 0.688885
vt 0.098854 0.786377
vt 0.106972 0.688885
vt 0.117306 0.739634
vt 0.108851 0.790387
vt 0.108851 0.688885
vt 0.117646 0.786377
vt 0.125765 0.688885
vt 0.067203 0.864403
vt 0.079909 0.864403
vt 0.067203 0.923613
vt 0.079909 0.923613
vt 0.179419 0.872007
vt 0.179419 0.787418
vt 0.188214 0.872007
vt 0.188214 0.787418
vt 0.169024 0.872001
vt 0.169024 0.787418
vt 0.177820 0.872001
vt 0.177820 0.787418
vt 0.081933 0.864403
vt 0.090858 0.864403
vt 0.081933 0.915159
vt 0.090858 0.915159
vt 0.092598 0.868592
vt 0.101523 0.868592
vt 0.092598 0.919348
vt 0.101523 0.919348
vt 0.159430 0.791606
vt 0.159979 0.844209
vt 0.158104 0.843316
vt 0.160030 0.846087
vt 0.150505 0.787418
vt 0.161353 0.849596
vt 0.156887 0.844189
vt 0.162310 0.851061
vt 0.159495 0.848733
vt 0.156626 0.845942
vt 0.167425 0.863543
vt 0.157059 0.850316
vt 0.162389 0.853774
vt 0.150505 0.863543
vt 0.157036 0.849471
vt 0.161176 0.854052
vt 0.157418 0.852154
vt 0.159008 0.853494
vt 0.014838 0.790387
vt 0.019051 0.692895
vt 0.031756 0.790387
vt 0.031756 0.688886
vt 0.250578 0.759245
vt 0.258359 0.759760
vt 0.247031 0.760819
vt 0.246825 0.762676
vt 0.245414 0.763908
vt 0.273175 0.786377
vt 0.260219 0.758975
vt 0.241343 0.764135
vt 0.273175 0.688886
vt 0.188592 0.786377
vt 0.260430 0.757131
vt 0.239872 0.762822
vt 0.258522 0.754471
vt 0.188592 0.688886
vt 0.257818 0.754508
vt 0.251890 0.752255
vt 0.237381 0.758995
vt 0.249748 0.752120
vt 0.236620 0.757171
vt 0.239855 0.761895
vt 0.236587 0.755303
vt 0.239097 0.760074
vt 0.248345 0.753575
vt 0.240691 0.754637
vt 0.246701 0.755046
vt 0.244548 0.755381
vt 0.189813 0.884910
vt 0.205813 0.872516
vt 0.274403 0.884910
vt 0.204060 0.870523
vt 0.210939 0.872245
vt 0.202243 0.862626
vt 0.215883 0.870618
vt 0.189813 0.787418
vt 0.274403 0.787418
vt 0.202900 0.850753
vt 0.228303 0.851616
vt 0.202193 0.846808
vt 0.205576 0.854590
vt 0.217463 0.866436
vt 0.228797 0.848842
vt 0.207062 0.838969
vt 0.218745 0.863381
vt 0.227238 0.843892
vt 0.206466 0.836404
vt 0.218029 0.859469
vt 0.224679 0.840160
vt 0.207501 0.834841
vt 0.221512 0.855582
vt 0.224303 0.835951
vt 0.211829 0.831278
vt 0.225431 0.852966
vt 0.228747 0.827820
vt 0.214289 0.828791
vt 0.229092 0.823537
vt 0.213805 0.827566
vt 0.228943 0.821953
vt 0.212435 0.824863
vt 0.226232 0.820218
vt 0.213974 0.820620
vt 0.217513 0.817991
vt 0.131985 0.863543
vt 0.131985 0.787418
vt 0.148906 0.863543
vt 0.140910 0.791606
vt 0.079725 0.739634
vt 0.088184 0.790387
vt 0.075479 0.786377
vt 0.088184 0.688885
vt 0.071267 0.688885
vt 0.113466 0.791427
vt 0.130387 0.791427
vt 0.122390 0.863363
vt 0.113466 0.867552
vt 0.094946 0.791427
vt 0.111867 0.791427
vt 0.103871 0.863363
vt 0.094946 0.867552
vt 0.726724 0.470443
vt 0.726724 0.475436
vt 0.722525 0.475436
vt 0.730928 0.470443
vt 0.722525 0.470443
vt 0.730928 0.475436
vt 0.718615 0.475436
vt 0.734843 0.470443
vt 0.718615 0.470443
vt 0.734843 0.475436
vt 0.715255 0.475436
vt 0.738203 0.470443
vt 0.715255 0.470443
vt 0.738203 0.475436
vt 0.712673 0.470443
vt 0.740779 0.475436
vt 0.712673 0.475436
vt 0.740779 0.470443
vt 0.628189 0.362617
vt 0.623372 0.362617
vt 0.628189 0.350129
vt 0.623372 0.350129
vt 0.633358 0.350129
vt 0.619232 0.362617
vt 0.633358 0.362617
vt 0.619232 0.350129
vt 0.638525 0.350129
vt 0.616061 0.350129
vt 0.638525 0.362617
vt 0.616061 0.362617
vt 0.643345 0.350129
vt 0.643345 0.362617
vt 0.647484 0.350129
vt 0.647484 0.362617
vt 0.650654 0.362617
vt 0.650654 0.350129
vt 0.638526 0.363755
vt 0.638526 0.376243
vt 0.633357 0.376243
vt 0.643344 0.363755
vt 0.633357 0.363755
vt 0.643344 0.376243
vt 0.628190 0.376243
vt 0.647484 0.363755
vt 0.628190 0.363755
vt 0.647484 0.376243
vt 0.623371 0.376243
vt 0.650654 0.376243
vt 0.623371 0.363755
vt 0.650654 0.363755
vt 0.619232 0.376243
vt 0.619232 0.363755
vt 0.616061 0.363755
vt 0.616061 0.376243
vt 0.633357 0.348992
vt 0.628185 0.348992
vt 0.633357 0.336504
vt 0.628185 0.336504
vt 0.638525 0.336504
vt 0.623371 0.348992
vt 0.638525 0.348992
vt 0.623371 0.336504
vt 0.643344 0.336504
vt 0.619232 0.348992
vt 0.643344 0.348992
vt 0.619232 0.336504
vt 0.647483 0.336504
vt 0.616061 0.336504
vt 0.647483 0.348992
vt 0.616061 0.348992
vt 0.650654 0.348992
vt 0.650654 0.336504
vt 0.645956 0.377380
vt 0.645956 0.389868
vt 0.640788 0.389868
vt 0.651128 0.377380
vt 0.640788 0.377380
vt 0.651128 0.389868
vt 0.635969 0.389868
vt 0.655943 0.377380
vt 0.635969 0.377380
vt 0.655943 0.389868
vt 0.631831 0.389868
vt 0.660081 0.377380
vt 0.631831 0.377380
vt 0.660081 0.389868
vt 0.628659 0.377380
vt 0.663252 0.389868
vt 0.628659 0.389868
vt 0.663252 0.377380
vt 0.711933 0.476310
vt 0.711933 0.480055
vt 0.575376 0.480055
vt 0.575376 0.476310
vt 0.578007 0.467571
vt 0.709302 0.467571
vt 0.645945 0.462545
vt 0.575376 0.462545
vt 0.645945 0.453807
vt 0.575376 0.466290
vt 0.578007 0.453807
vt 0.709302 0.453807
vt 0.645945 0.466290
vt 0.711933 0.462545
vt 0.711933 0.466290
vt 0.751370 0.480055
vt 0.747455 0.480055
vt 0.751370 0.475061
vt 0.747455 0.475061
vt 0.755574 0.475061
vt 0.744096 0.480055
vt 0.755574 0.480055
vt 0.744096 0.475061
vt 0.759773 0.475061
vt 0.741519 0.475061
vt 0.759773 0.480055
vt 0.741519 0.480055
vt 0.763683 0.475061
vt 0.763683 0.480055
vt 0.767044 0.475061
vt 0.767044 0.480055
vt 0.769625 0.480055
vt 0.769625 0.475061
vt 0.741521 0.471135
vt 0.741521 0.469328
vt 0.766492 0.471135
vt 0.766492 0.469328
vt 0.766492 0.472683
vt 0.741521 0.467396
vt 0.741521 0.472683
vt 0.766492 0.467396
vt 0.741521 0.473877
vt 0.741521 0.465458
vt 0.766492 0.473877
vt 0.766492 0.465458
vt 0.741521 0.463651
vt 0.766492 0.463651
vt 0.741521 0.462092
vt 0.766492 0.462092
vt 0.766492 0.460909
vt 0.741521 0.460909
vt 0.770838 0.454877
vt 0.745868 0.454877
vt 0.745868 0.452939
vt 0.770838 0.456684
vt 0.770838 0.452939
vt 0.745868 0.456684
vt 0.745868 0.451007
vt 0.770838 0.458243
vt 0.770838 0.451007
vt 0.745868 0.458243
vt 0.745868 0.449200
vt 0.745868 0.459426
vt 0.770838 0.449200
vt 0.770838 0.459426
vt 0.745868 0.447652
vt 0.770838 0.447652
vt 0.770838 0.446458
vt 0.745868 0.446458
vt 0.722525 0.463175
vt 0.718610 0.463175
vt 0.722525 0.458182
vt 0.718610 0.458182
vt 0.726725 0.458182
vt 0.715256 0.463175
vt 0.726725 0.463175
vt 0.715256 0.458182
vt 0.730929 0.458182
vt 0.712673 0.458182
vt 0.730929 0.463175
vt 0.712673 0.463175
vt 0.734844 0.458182
vt 0.734844 0.463175
vt 0.738205 0.458182
vt 0.738205 0.463175
vt 0.740781 0.463175
vt 0.740781 0.458182
vt 0.722525 0.464312
vt 0.722525 0.469306
vt 0.718610 0.469306
vt 0.726729 0.464312
vt 0.718610 0.464312
vt 0.726729 0.469306
vt 0.715250 0.469306
vt 0.730929 0.464312
vt 0.715250 0.464312
vt 0.730929 0.469306
vt 0.712673 0.464312
vt 0.734844 0.464312
vt 0.712673 0.469306
vt 0.734844 0.469306
vt 0.738199 0.464312
vt 0.738199 0.469306
vt 0.740781 0.469306
vt 0.740781 0.464312
vt 0.590176 0.337068
vt 0.595344 0.336393
vt 0.600516 0.337068
vt 0.605331 0.339065
vt 0.585358 0.339065
vt 0.595344 0.340138
vt 0.599548 0.340688
vt 0.591145 0.340688
vt 0.609470 0.342235
vt 0.581219 0.342235
vt 0.603463 0.342305
vt 0.587235 0.342305
vt 0.606822 0.344892
vt 0.583875 0.344892
vt 0.612640 0.346380
vt 0.578047 0.346380
vt 0.609399 0.348247
vt 0.581293 0.348247
vt 0.614638 0.351192
vt 0.576056 0.351192
vt 0.611018 0.352161
vt 0.579671 0.352161
vt 0.615322 0.356362
vt 0.579121 0.356362
vt 0.611576 0.356362
vt 0.575376 0.356362
vt 0.611018 0.360566
vt 0.579671 0.360566
vt 0.614638 0.361534
vt 0.576056 0.361534
vt 0.609399 0.364480
vt 0.581293 0.364480
vt 0.612640 0.366347
vt 0.578047 0.366347
vt 0.606822 0.367841
vt 0.583875 0.367841
vt 0.603463 0.370417
vt 0.587235 0.370417
vt 0.609470 0.370487
vt 0.581219 0.370487
vt 0.599548 0.372034
vt 0.591145 0.372034
vt 0.605331 0.373658
vt 0.585358 0.373658
vt 0.595344 0.372589
vt 0.600516 0.375655
vt 0.590176 0.375655
vt 0.595344 0.376334
vt 0.600522 0.296101
vt 0.605340 0.298098
vt 0.590186 0.296101
vt 0.585366 0.298098
vt 0.595353 0.295426
vt 0.595353 0.299171
vt 0.599553 0.299721
vt 0.591149 0.299721
vt 0.609479 0.301268
vt 0.581228 0.301268
vt 0.603468 0.301338
vt 0.587234 0.301338
vt 0.606822 0.303925
vt 0.583874 0.303925
vt 0.612650 0.305413
vt 0.578057 0.305413
vt 0.609405 0.307279
vt 0.581297 0.307279
vt 0.614643 0.310225
vt 0.576059 0.310225
vt 0.611027 0.311194
vt 0.579679 0.311194
vt 0.615320 0.315394
vt 0.579121 0.315394
vt 0.611575 0.315394
vt 0.575376 0.315394
vt 0.611027 0.319598
vt 0.579679 0.319598
vt 0.614643 0.320566
vt 0.576059 0.320566
vt 0.609405 0.323512
vt 0.581297 0.323512
vt 0.612650 0.325380
vt 0.578057 0.325380
vt 0.606822 0.326874
vt 0.583874 0.326874
vt 0.603468 0.329449
vt 0.587234 0.329449
vt 0.609479 0.329520
vt 0.581228 0.329520
vt 0.599553 0.331067
vt 0.591149 0.331067
vt 0.605340 0.332690
vt 0.585366 0.332690
vt 0.595353 0.331622
vt 0.600522 0.334687
vt 0.590186 0.334687
vt 0.595353 0.335366
vt 0.724701 0.425144
vt 0.728906 0.424594
vt 0.733106 0.425144
vt 0.720787 0.426760
vt 0.737021 0.426760
vt 0.717426 0.429348
vt 0.740375 0.429348
vt 0.742958 0.432702
vt 0.714850 0.432702
vt 0.713232 0.436617
vt 0.744579 0.436617
vt 0.712673 0.440817
vt 0.745128 0.440817
vt 0.713232 0.445021
vt 0.744579 0.445021
vt 0.742958 0.448935
vt 0.714850 0.448935
vt 0.717426 0.452296
vt 0.740375 0.452296
vt 0.720787 0.454872
vt 0.737021 0.454872
vt 0.733106 0.456490
vt 0.724701 0.456490
vt 0.728906 0.457044
vt 0.719435 0.391556
vt 0.723634 0.391006
vt 0.727838 0.391556
vt 0.715525 0.393172
vt 0.731753 0.393172
vt 0.712164 0.395760
vt 0.735112 0.395760
vt 0.737689 0.399114
vt 0.709583 0.399114
vt 0.707960 0.403029
vt 0.739307 0.403029
vt 0.707410 0.407229
vt 0.739866 0.407229
vt 0.707960 0.411433
vt 0.739307 0.411433
vt 0.737689 0.415347
vt 0.709583 0.415347
vt 0.712164 0.418708
vt 0.735112 0.418708
vt 0.715525 0.421284
vt 0.731753 0.421284
vt 0.727838 0.422902
vt 0.719435 0.422902
vt 0.723634 0.423456
vt 0.609918 0.418933
vt 0.590704 0.421679
vt 0.588766 0.421430
vt 0.592512 0.422428
vt 0.575376 0.405272
vt 0.594071 0.423622
vt 0.586834 0.421679
vt 0.613089 0.414788
vt 0.607926 0.423746
vt 0.585027 0.422428
vt 0.617228 0.411618
vt 0.595253 0.425170
vt 0.583479 0.423622
vt 0.622047 0.409621
vt 0.596008 0.426977
vt 0.582286 0.425170
vt 0.627215 0.408946
vt 0.607246 0.428915
vt 0.581532 0.426977
vt 0.677740 0.408946
vt 0.596257 0.428915
vt 0.581282 0.428915
vt 0.638733 0.405272
vt 0.672573 0.409621
vt 0.596008 0.430852
vt 0.581532 0.430852
vt 0.706670 0.405272
vt 0.632387 0.409621
vt 0.595253 0.432659
vt 0.575376 0.452562
vt 0.682909 0.409621
vt 0.667753 0.411618
vt 0.607926 0.434087
vt 0.582286 0.432659
vt 0.687727 0.411618
vt 0.637201 0.411618
vt 0.594070 0.434217
vt 0.583479 0.434217
vt 0.691866 0.414789
vt 0.663615 0.414789
vt 0.592512 0.435401
vt 0.585028 0.435401
vt 0.695037 0.418933
vt 0.641340 0.414789
vt 0.590705 0.436155
vt 0.586834 0.436155
vt 0.697030 0.423746
vt 0.660444 0.418933
vt 0.588767 0.436404
vt 0.622047 0.448208
vt 0.697708 0.428915
vt 0.644511 0.418933
vt 0.609918 0.438900
vt 0.617228 0.446211
vt 0.627215 0.448887
vt 0.697030 0.434087
vt 0.658447 0.423746
vt 0.613090 0.443040
vt 0.706671 0.452562
vt 0.646508 0.423746
vt 0.677740 0.448887
vt 0.695037 0.438900
vt 0.657763 0.428915
vt 0.682909 0.448208
vt 0.632387 0.448208
vt 0.691866 0.443040
vt 0.647192 0.428915
vt 0.687727 0.446211
vt 0.672573 0.448208
vt 0.658447 0.434087
vt 0.637201 0.446211
vt 0.646508 0.434087
vt 0.667753 0.446211
vt 0.660444 0.438900
vt 0.641340 0.443040
vt 0.644511 0.438900
vt 0.663615 0.443040
vt 0.656946 0.333429
vt 0.658878 0.333180
vt 0.660816 0.333429
vt 0.662623 0.334179
vt 0.655139 0.334179
vt 0.664182 0.335372
vt 0.653591 0.335372
vt 0.652397 0.336920
vt 0.665365 0.336920
vt 0.666119 0.338727
vt 0.651643 0.338727
vt 0.666368 0.340665
vt 0.651394 0.340665
vt 0.666119 0.342602
vt 0.651643 0.342602
vt 0.652397 0.344409
vt 0.665365 0.344409
vt 0.664182 0.345967
vt 0.653591 0.345967
vt 0.662623 0.347151
vt 0.655139 0.347151
vt 0.660816 0.347905
vt 0.656946 0.347905
vt 0.658878 0.348154
vt 0.578002 0.391307
vt 0.625292 0.391307
vt 0.627919 0.400045
vt 0.575376 0.400045
vt 0.627919 0.403790
vt 0.575376 0.403790
vt 0.750681 0.415146
vt 0.755850 0.415146
vt 0.755850 0.427634
vt 0.761022 0.427634
vt 0.750681 0.427634
vt 0.761022 0.415146
vt 0.745868 0.415146
vt 0.765835 0.427634
vt 0.745868 0.427634
vt 0.765835 0.415146
vt 0.745419 0.401418
vt 0.750588 0.401418
vt 0.750588 0.413906
vt 0.755760 0.413906
vt 0.745419 0.413906
vt 0.755760 0.401418
vt 0.740606 0.401418
vt 0.760573 0.413906
vt 0.740606 0.413906
vt 0.760573 0.401418
vt 0.745419 0.387689
vt 0.745419 0.400178
vt 0.740606 0.387689
vt 0.750588 0.400178
vt 0.740606 0.400178
vt 0.750588 0.387689
vt 0.755760 0.400178
vt 0.755760 0.387689
vt 0.760573 0.400178
vt 0.760574 0.387689
vt 0.673973 0.373961
vt 0.673973 0.386449
vt 0.668804 0.373961
vt 0.679146 0.386449
vt 0.668804 0.386449
vt 0.679146 0.373961
vt 0.663992 0.373961
vt 0.683959 0.386449
vt 0.663992 0.386449
vt 0.683959 0.373961
vt 0.627919 0.381323
vt 0.625292 0.390062
vt 0.575376 0.381323
vt 0.578002 0.390062
vt 0.575376 0.377579
vt 0.627919 0.377578
vt 0.655309 0.367727
vt 0.659509 0.367727
vt 0.659509 0.372721
vt 0.663713 0.372721
vt 0.655309 0.372721
vt 0.663713 0.367727
vt 0.651394 0.367727
vt 0.667627 0.372721
vt 0.651394 0.372721
vt 0.667627 0.367727
vt 0.667627 0.361586
vt 0.667627 0.366579
vt 0.663713 0.361586
vt 0.663713 0.366579
vt 0.659509 0.361586
vt 0.659509 0.366579
vt 0.655309 0.361586
vt 0.655309 0.366579
vt 0.651394 0.361586
vt 0.651394 0.366579
vt 0.770838 0.439293
vt 0.770838 0.441231
vt 0.745868 0.441231
vt 0.745868 0.443168
vt 0.745868 0.439293
vt 0.770838 0.443168
vt 0.770838 0.437486
vt 0.745868 0.444975
vt 0.745868 0.437486
vt 0.770838 0.444975
vt 0.655309 0.355444
vt 0.655309 0.360438
vt 0.651394 0.355444
vt 0.659509 0.360438
vt 0.651394 0.360438
vt 0.659509 0.355444
vt 0.663713 0.360438
vt 0.663713 0.355444
vt 0.667627 0.360438
vt 0.667627 0.355444
vt 0.659509 0.349303
vt 0.663713 0.349303
vt 0.663713 0.354296
vt 0.667627 0.354296
vt 0.659509 0.354296
vt 0.667627 0.349303
vt 0.655309 0.349303
vt 0.655309 0.354296
vt 0.651394 0.349303
vt 0.651394 0.354296
vt 0.770839 0.434498
vt 0.745868 0.434498
vt 0.770839 0.432561
vt 0.745868 0.436305
vt 0.745868 0.432561
vt 0.770839 0.436305
vt 0.770839 0.430623
vt 0.745868 0.430623
vt 0.770839 0.428816
vt 0.745868 0.428816
vt 0.886581 0.370751
vt 0.886581 0.384282
vt 0.883972 0.390573
vt 0.887458 0.377505
vt 0.893406 0.396032
vt 0.883972 0.364460
vt 0.897088 0.367923
vt 0.897088 0.387111
vt 0.887506 0.403690
vt 0.879803 0.395984
vt 0.893406 0.358999
vt 0.898357 0.377505
vt 0.905473 0.389328
vt 0.900918 0.400349
vt 0.879803 0.359023
vt 0.887506 0.351344
vt 0.907061 0.377505
vt 0.905473 0.365679
vt 0.879851 0.409590
vt 0.893673 0.409809
vt 0.874413 0.400155
vt 0.900918 0.354658
vt 0.874413 0.354904
vt 0.879851 0.345468
vt 0.893673 0.345200
vt 0.870927 0.413272
vt 0.884215 0.417099
vt 0.868122 0.352269
vt 0.884215 0.337958
vt 0.868122 0.402764
vt 0.870927 0.341738
vt 0.873197 0.333374
vt 0.861369 0.414540
vt 0.873197 0.421657
vt 0.861369 0.403663
vt 0.861369 0.340519
vt 0.861369 0.351391
vt 0.861369 0.331812
vt 0.854567 0.402764
vt 0.861369 0.423195
vt 0.854567 0.352269
vt 0.849493 0.333374
vt 0.851763 0.413272
vt 0.851763 0.341738
vt 0.848276 0.400155
vt 0.849493 0.421657
vt 0.848276 0.354904
vt 0.838475 0.337958
vt 0.842839 0.409590
vt 0.842839 0.345468
vt 0.842887 0.395984
vt 0.838475 0.417099
vt 0.842887 0.359023
vt 0.829017 0.345200
vt 0.835184 0.403690
vt 0.835184 0.351344
vt 0.838723 0.390573
vt 0.829017 0.409809
vt 0.838723 0.364460
vt 0.821776 0.354659
vt 0.829284 0.396032
vt 0.821777 0.400349
vt 0.829284 0.358999
vt 0.836114 0.384282
vt 0.836114 0.370751
vt 0.817193 0.365679
vt 0.817193 0.389329
vt 0.825602 0.387111
vt 0.825602 0.367923
vt 0.835208 0.377505
vt 0.815629 0.377505
vt 0.824333 0.377505
vt 0.943667 0.380004
vt 0.943667 0.389462
vt 0.941836 0.393900
vt 0.944297 0.384733
vt 0.941836 0.375566
vt 0.938936 0.397656
vt 0.938936 0.371812
vt 0.935130 0.400582
vt 0.935130 0.368886
vt 0.930742 0.402385
vt 0.930742 0.367081
vt 0.926010 0.403017
vt 0.926010 0.366446
vt 0.921279 0.402385
vt 0.921279 0.367081
vt 0.916872 0.400582
vt 0.916872 0.368886
vt 0.913090 0.397656
vt 0.913090 0.371812
vt 0.910166 0.393900
vt 0.910166 0.375566
vt 0.908339 0.389462
vt 0.908339 0.380004
vt 0.907724 0.384733
vt 0.934319 0.439946
vt 0.924861 0.439946
vt 0.920423 0.438167
vt 0.929590 0.440580
vt 0.938757 0.438167
vt 0.916667 0.435219
vt 0.942511 0.435219
vt 0.913741 0.431461
vt 0.945437 0.431461
vt 0.911938 0.427025
vt 0.947242 0.427025
vt 0.911306 0.422294
vt 0.947877 0.422294
vt 0.911938 0.417562
vt 0.947242 0.417562
vt 0.913741 0.413174
vt 0.945437 0.413174
vt 0.916667 0.409373
vt 0.942511 0.409373
vt 0.920423 0.406497
vt 0.938757 0.406497
vt 0.924861 0.404646
vt 0.934319 0.404646
vt 0.929590 0.404036
vt 0.835718 0.451495
vt 0.849736 0.465053
vt 0.837282 0.465053
vt 0.848934 0.451495
vt 0.851295 0.477609
vt 0.824357 0.451495
vt 0.863172 0.465053
vt 0.840278 0.477609
vt 0.863172 0.477609
vt 0.826551 0.465053
vt 0.863172 0.451495
vt 0.815629 0.451495
vt 0.876555 0.465053
vt 0.875000 0.477609
vt 0.830820 0.477609
vt 0.818333 0.465053
vt 0.877337 0.451495
vt 0.889018 0.465053
vt 0.886018 0.477609
vt 0.823579 0.477609
vt 0.890578 0.451495
vt 0.899721 0.465053
vt 0.895476 0.477609
vt 0.901939 0.451495
vt 0.910643 0.451495
vt 0.907963 0.465053
vt 0.902721 0.477609
vt 0.863100 0.437830
vt 0.874976 0.450386
vt 0.863100 0.450386
vt 0.876536 0.437830
vt 0.849717 0.437830
vt 0.863100 0.424272
vt 0.885994 0.450386
vt 0.851272 0.450386
vt 0.848934 0.424272
vt 0.877337 0.424272
vt 0.888989 0.437830
vt 0.837254 0.437830
vt 0.835694 0.424272
vt 0.895452 0.450386
vt 0.840254 0.450386
vt 0.890554 0.424272
vt 0.899721 0.437830
vt 0.826551 0.437830
vt 0.824333 0.424272
vt 0.907939 0.437830
vt 0.830796 0.450386
vt 0.901915 0.424272
vt 0.902692 0.450386
vt 0.910643 0.424272
vt 0.818309 0.437830
vt 0.815629 0.424272
vt 0.823551 0.450386
vt 0.931834 0.453790
vt 0.931834 0.441599
vt 0.936270 0.453790
vt 0.927103 0.441599
vt 0.936270 0.441599
vt 0.927103 0.453790
vt 0.940028 0.453790
vt 0.922371 0.441599
vt 0.940028 0.441599
vt 0.922371 0.453790
vt 0.942976 0.441599
vt 0.917984 0.441599
vt 0.942976 0.453790
vt 0.917984 0.453790
vt 0.914182 0.441599
vt 0.914182 0.453790
vt 0.911306 0.453790
vt 0.911306 0.441599
vt 0.918012 0.454809
vt 0.922448 0.454809
vt 0.922448 0.467000
vt 0.927179 0.467000
vt 0.918012 0.467000
vt 0.927179 0.454809
vt 0.914254 0.454809
vt 0.931911 0.467000
vt 0.914254 0.467000
vt 0.931911 0.454809
vt 0.911306 0.467000
vt 0.936299 0.467000
vt 0.911306 0.454809
vt 0.936299 0.454809
vt 0.940100 0.467000
vt 0.940100 0.454809
vt 0.942976 0.454809
vt 0.942976 0.467000
vt 0.950345 0.464305
vt 0.950345 0.452114
vt 0.954752 0.464305
vt 0.946563 0.452114
vt 0.954752 0.452114
vt 0.946563 0.464305
vt 0.959483 0.464305
vt 0.943639 0.464305
vt 0.959483 0.452114
vt 0.943639 0.452114
vt 0.964215 0.464305
vt 0.964215 0.452114
vt 0.968603 0.464305
vt 0.968603 0.452114
vt 0.972409 0.464305
vt 0.972409 0.452114
vt 0.975309 0.452114
vt 0.975309 0.464305
vt 0.950345 0.465418
vt 0.954733 0.465418
vt 0.954733 0.477609
vt 0.959464 0.477609
vt 0.950345 0.477609
vt 0.959464 0.465418
vt 0.946539 0.465418
vt 0.964196 0.477609
vt 0.946539 0.477609
vt 0.964196 0.465418
vt 0.943639 0.477609
vt 0.968603 0.477609
vt 0.943639 0.465418
vt 0.968603 0.465418
vt 0.972385 0.477609
vt 0.972385 0.465418
vt 0.975309 0.465418
vt 0.975309 0.477609
vt 0.948564 0.325739
vt 0.958024 0.338295
vt 0.947004 0.338295
vt 0.961046 0.325739
vt 0.935178 0.338295
vt 0.949367 0.312181
vt 0.935178 0.325739
vt 0.962607 0.312181
vt 0.923354 0.338295
vt 0.935178 0.312181
vt 0.921794 0.325739
vt 0.912334 0.338295
vt 0.920988 0.312181
vt 0.909286 0.325739
vt 0.907724 0.312181
vt 0.909286 0.352871
vt 0.920964 0.339314
vt 0.921768 0.352871
vt 0.907724 0.339314
vt 0.935154 0.352871
vt 0.912308 0.365427
vt 0.935154 0.339314
vt 0.935154 0.365427
vt 0.923328 0.365427
vt 0.948537 0.352871
vt 0.946977 0.365427
vt 0.949343 0.339314
vt 0.961045 0.352871
vt 0.957998 0.365427
vt 0.962607 0.339314
vt 0.952978 0.451033
vt 0.948540 0.451033
vt 0.952978 0.438842
vt 0.948540 0.438842
vt 0.957707 0.438842
vt 0.957707 0.451033
vt 0.962436 0.438842
vt 0.962436 0.451033
vt 0.966874 0.438842
vt 0.966874 0.451033
vt 0.952978 0.425570
vt 0.952978 0.437761
vt 0.948540 0.437761
vt 0.957707 0.425570
vt 0.948540 0.425570
vt 0.957707 0.437761
vt 0.962436 0.425570
vt 0.962436 0.437761
vt 0.966874 0.425570
vt 0.966874 0.437761
vt 0.952978 0.412299
vt 0.952978 0.424490
vt 0.948540 0.424490
vt 0.957707 0.412299
vt 0.948540 0.412299
vt 0.957707 0.424490
vt 0.962436 0.412299
vt 0.962436 0.424490
vt 0.966874 0.412299
vt 0.966874 0.424490
vt 0.952978 0.411218
vt 0.948540 0.411218
vt 0.952978 0.399027
vt 0.948540 0.399027
vt 0.957707 0.399027
vt 0.957707 0.411218
vt 0.962436 0.399027
vt 0.962436 0.411218
vt 0.966874 0.399027
vt 0.966874 0.411218
vt 0.707574 0.192872
vt 0.697792 0.225487
vt 0.696934 0.218907
vt 0.707574 0.258191
vt 0.694380 0.212768
vt 0.696934 0.232066
vt 0.690344 0.207500
vt 0.694380 0.238216
vt 0.685076 0.203465
vt 0.690344 0.243483
vt 0.678937 0.200921
vt 0.685076 0.247520
vt 0.672369 0.200062
vt 0.678937 0.250052
vt 0.665767 0.200921
vt 0.672369 0.250922
vt 0.627706 0.207625
vt 0.665767 0.250052
vt 0.629072 0.209366
vt 0.625963 0.206269
vt 0.575353 0.258191
vt 0.629897 0.211424
vt 0.623906 0.205432
vt 0.590816 0.221801
vt 0.667181 0.260451
vt 0.630191 0.213616
vt 0.621712 0.205138
vt 0.588772 0.220965
vt 0.593010 0.222094
vt 0.707574 0.263843
vt 0.649206 0.260451
vt 0.659640 0.203465
vt 0.619519 0.205432
vt 0.587019 0.219608
vt 0.595203 0.221801
vt 0.666298 0.260576
vt 0.575353 0.263843
vt 0.654372 0.207500
vt 0.599003 0.207625
vt 0.585663 0.217867
vt 0.659640 0.247520
vt 0.666298 0.310848
vt 0.650088 0.260576
vt 0.648326 0.260576
vt 0.650325 0.212768
vt 0.600347 0.209366
vt 0.597238 0.206269
vt 0.584816 0.215809
vt 0.597238 0.220965
vt 0.665473 0.310848
vt 0.667181 0.310848
vt 0.665473 0.260916
vt 0.650088 0.310848
vt 0.649206 0.310848
vt 0.647499 0.260916
vt 0.647782 0.218907
vt 0.601197 0.211424
vt 0.595203 0.205432
vt 0.584531 0.213616
vt 0.599003 0.219608
vt 0.668063 0.310848
vt 0.650902 0.260916
vt 0.650902 0.310848
vt 0.648326 0.310848
vt 0.647498 0.310848
vt 0.646811 0.261458
vt 0.646924 0.225487
vt 0.617484 0.206269
vt 0.593010 0.205138
vt 0.584816 0.211424
vt 0.600347 0.217867
vt 0.664783 0.310848
vt 0.668063 0.260576
vt 0.664783 0.261458
vt 0.646811 0.310848
vt 0.646267 0.262148
vt 0.647782 0.232066
vt 0.601488 0.213616
vt 0.575353 0.192873
vt 0.601197 0.215809
vt 0.668875 0.310848
vt 0.651592 0.261458
vt 0.651592 0.310848
vt 0.645926 0.262961
vt 0.650325 0.238216
vt 0.615721 0.207625
vt 0.590816 0.205432
vt 0.585663 0.209366
vt 0.664242 0.262148
vt 0.668875 0.260916
vt 0.646267 0.310848
vt 0.645827 0.263843
vt 0.654372 0.243483
vt 0.614388 0.209366
vt 0.588772 0.206269
vt 0.587019 0.207625
vt 0.617484 0.220965
vt 0.664242 0.310848
vt 0.669565 0.310848
vt 0.652134 0.262148
vt 0.652134 0.310848
vt 0.629897 0.215809
vt 0.613530 0.211424
vt 0.615721 0.219608
vt 0.619519 0.221801
vt 0.669565 0.261458
vt 0.663901 0.262961
vt 0.629072 0.217867
vt 0.613247 0.213616
vt 0.614388 0.217867
vt 0.621712 0.222094
vt 0.670109 0.310848
vt 0.670109 0.262148
vt 0.652472 0.262961
vt 0.627706 0.219608
vt 0.613530 0.215809
vt 0.623906 0.221801
vt 0.670447 0.262961
vt 0.663777 0.263843
vt 0.625963 0.220965
vt 0.670573 0.263843
vt 0.652596 0.263843
vt 0.666955 0.184594
vt 0.586658 0.184594
vt 0.586658 0.119729
vt 0.575353 0.184594
vt 0.666955 0.119729
vt 0.575353 0.119729
vt 0.575353 0.191479
vt 0.575353 0.185815
vt 0.707574 0.191479
vt 0.707574 0.185815
vt 0.732604 0.154161
vt 0.704885 0.155044
vt 0.705011 0.154161
vt 0.704547 0.155857
vt 0.704003 0.156569
vt 0.703313 0.157112
vt 0.702501 0.157452
vt 0.701619 0.157553
vt 0.732604 0.165477
vt 0.683644 0.157553
vt 0.682764 0.157452
vt 0.684526 0.157452
vt 0.667739 0.165477
vt 0.700736 0.157452
vt 0.667739 0.154161
vt 0.685340 0.157112
vt 0.681937 0.157112
vt 0.699912 0.157112
vt 0.681249 0.156569
vt 0.686030 0.156569
vt 0.680705 0.155857
vt 0.699222 0.156569
vt 0.680364 0.155044
vt 0.686572 0.155857
vt 0.680264 0.154161
vt 0.698680 0.155857
vt 0.686910 0.155044
vt 0.698339 0.155044
vt 0.687034 0.154161
vt 0.698215 0.154161
vt 0.733057 0.140426
vt 0.738709 0.140426
vt 0.733057 0.146090
vt 0.667739 0.146090
vt 0.667739 0.140426
vt 0.673390 0.147294
vt 0.673390 0.152957
vt 0.667739 0.147294
vt 0.721536 0.147294
vt 0.723651 0.150969
vt 0.738709 0.152957
vt 0.727879 0.150969
vt 0.730016 0.147294
vt 0.738709 0.147294
vt 0.679044 0.115385
vt 0.679044 0.126701
vt 0.667739 0.115385
vt 0.759341 0.115385
vt 0.759341 0.126701
vt 0.748036 0.127905
vt 0.759341 0.127905
vt 0.748036 0.139222
vt 0.667739 0.139222
vt 0.667739 0.127905
vt 0.716439 0.168377
vt 0.667739 0.168377
vt 0.716439 0.167564
vt 0.668553 0.167564
vt 0.716439 0.166681
vt 0.669434 0.166681
vt 0.667739 0.171278
vt 0.667739 0.170464
vt 0.715625 0.170464
vt 0.714744 0.169582
vt 0.716439 0.171278
vt 0.667739 0.169582
vt 0.716439 0.173364
vt 0.668553 0.173364
vt 0.716439 0.172482
vt 0.667739 0.174178
vt 0.669434 0.172482
vt 0.716439 0.174178
vt 0.667739 0.177078
vt 0.667739 0.176264
vt 0.715625 0.176264
vt 0.714744 0.175382
vt 0.716439 0.177078
vt 0.667739 0.175382
vt 0.608392 0.041749
vt 0.612888 0.042989
vt 0.608484 0.043249
vt 0.612814 0.041749
vt 0.612624 0.043249
vt 0.604307 0.041749
vt 0.614128 0.041749
vt 0.604455 0.043249
vt 0.600935 0.043249
vt 0.600638 0.041749
vt 0.599833 0.041749
vt 0.598269 0.041749
vt 0.599019 0.043249
vt 0.602012 0.052407
vt 0.606277 0.053907
vt 0.602308 0.053907
vt 0.606129 0.052407
vt 0.601171 0.053907
vt 0.610450 0.053907
vt 0.600717 0.052407
vt 0.610357 0.052407
vt 0.598269 0.052407
vt 0.614900 0.053907
vt 0.599019 0.053907
vt 0.614812 0.052407
vt 0.616385 0.053907
vt 0.614882 0.052407
vt 0.625730 0.094407
vt 0.615432 0.092907
vt 0.626095 0.092907
vt 0.614951 0.094407
vt 0.636527 0.094407
vt 0.606268 0.092907
vt 0.636837 0.092907
vt 0.605634 0.094407
vt 0.656358 0.094407
vt 0.598269 0.094407
vt 0.656645 0.092907
vt 0.599056 0.092907
vt 0.673530 0.094407
vt 0.673785 0.092907
vt 0.681556 0.094407
vt 0.681751 0.092907
vt 0.688255 0.094407
vt 0.688551 0.092907
vt 0.691044 0.094407
vt 0.691655 0.092907
vt 0.635102 0.088722
vt 0.624851 0.087223
vt 0.635407 0.087223
vt 0.624476 0.088722
vt 0.654860 0.088722
vt 0.614502 0.087223
vt 0.655142 0.087223
vt 0.614021 0.088722
vt 0.671929 0.088722
vt 0.605792 0.087223
vt 0.672184 0.087223
vt 0.605162 0.088722
vt 0.679794 0.088722
vt 0.598269 0.088722
vt 0.679988 0.087223
vt 0.599051 0.087223
vt 0.686770 0.088722
vt 0.687066 0.087223
vt 0.690508 0.088722
vt 0.691114 0.087223
vt 0.601795 0.036065
vt 0.602849 0.037564
vt 0.601272 0.037564
vt 0.603733 0.036065
vt 0.598913 0.036065
vt 0.598269 0.037564
vt 0.616233 0.055249
vt 0.619702 0.056749
vt 0.616566 0.056749
vt 0.619263 0.055249
vt 0.610186 0.056749
vt 0.621779 0.056749
vt 0.609747 0.055249
vt 0.620928 0.055249
vt 0.603331 0.055249
vt 0.603840 0.056749
vt 0.600190 0.055249
vt 0.600814 0.056749
vt 0.598269 0.055249
vt 0.598982 0.056749
vt 0.633007 0.058926
vt 0.633007 0.060657
vt 0.602086 0.060657
vt 0.602086 0.058926
vt 0.598269 0.060657
vt 0.599769 0.058052
vt 0.598269 0.058926
vt 0.602086 0.058052
vt 0.633007 0.058052
vt 0.598269 0.034329
vt 0.599769 0.033955
vt 0.598269 0.034723
vt 0.599769 0.033446
vt 0.602026 0.040407
vt 0.598774 0.038907
vt 0.602174 0.038907
vt 0.598269 0.040407
vt 0.604922 0.038907
vt 0.605037 0.040407
vt 0.607239 0.038907
vt 0.607494 0.040407
vt 0.612299 0.038907
vt 0.612693 0.040407
vt 0.598774 0.049565
vt 0.603095 0.051065
vt 0.598269 0.051065
vt 0.603242 0.049565
vt 0.606772 0.049565
vt 0.606888 0.051065
vt 0.609511 0.049565
vt 0.609761 0.051065
vt 0.614993 0.049565
vt 0.615386 0.051065
vt 0.598927 0.097249
vt 0.601346 0.095749
vt 0.601568 0.097249
vt 0.598269 0.095749
vt 0.603198 0.097249
vt 0.603350 0.095749
vt 0.607291 0.097249
vt 0.607698 0.095749
vt 0.609743 0.097249
vt 0.610251 0.095749
vt 0.612902 0.097249
vt 0.613295 0.095749
vt 0.616428 0.097249
vt 0.616718 0.095749
vt 0.623325 0.097249
vt 0.623533 0.095749
vt 0.632433 0.097249
vt 0.632535 0.095749
vt 0.640871 0.097249
vt 0.640889 0.095749
vt 0.658209 0.095749
vt 0.658260 0.097249
vt 0.685707 0.095749
vt 0.685924 0.097249
vt 0.688621 0.095749
vt 0.689046 0.097249
vt 0.690767 0.095749
vt 0.691355 0.097249
vt 0.693608 0.097249
vt 0.692918 0.095749
vt 0.604090 0.091564
vt 0.600920 0.090065
vt 0.604501 0.090065
vt 0.600768 0.091564
vt 0.606232 0.091564
vt 0.600241 0.091564
vt 0.606745 0.090065
vt 0.600148 0.090880
vt 0.609733 0.091564
vt 0.600509 0.090269
vt 0.598927 0.091564
vt 0.610131 0.090065
vt 0.600097 0.090477
vt 0.613596 0.091564
vt 0.600041 0.090065
vt 0.613879 0.090065
vt 0.600920 0.090065
vt 0.598269 0.090065
vt 0.620720 0.091564
vt 0.620928 0.090065
vt 0.630157 0.091564
vt 0.630259 0.090065
vt 0.638845 0.091564
vt 0.638863 0.090065
vt 0.656377 0.090065
vt 0.656428 0.091564
vt 0.684379 0.090065
vt 0.684592 0.091564
vt 0.687918 0.090065
vt 0.688338 0.091564
vt 0.690555 0.090065
vt 0.691146 0.091565
vt 0.598755 0.046723
vt 0.604432 0.048222
vt 0.598269 0.048222
vt 0.604806 0.046723
vt 0.611287 0.046723
vt 0.611440 0.048222
vt 0.611500 0.046705
vt 0.611593 0.046723
vt 0.611888 0.046640
vt 0.613600 0.046723
vt 0.615104 0.048222
vt 0.612444 0.046409
vt 0.612925 0.046043
vt 0.613290 0.045566
vt 0.613522 0.045007
vt 0.613600 0.044406
vt 0.631507 0.074084
vt 0.633007 0.068074
vt 0.633007 0.074454
vt 0.631507 0.067589
vt 0.631507 0.081767
vt 0.633007 0.065257
vt 0.633007 0.081920
vt 0.631507 0.064647
vt 0.631507 0.082064
vt 0.633007 0.062602
vt 0.631507 0.084376
vt 0.631507 0.061894
vt 0.631424 0.082665
vt 0.633007 0.085880
vt 0.631193 0.083220
vt 0.629190 0.084376
vt 0.630828 0.083701
vt 0.629792 0.084298
vt 0.598269 0.084376
vt 0.630351 0.084067
vt 0.629190 0.085880
vt 0.598269 0.085880
vt 0.598269 0.031472
vt 0.599769 0.031712
vt 0.599769 0.032236
vt 0.697418 0.024303
vt 0.697636 0.022305
vt 0.698223 0.023943
vt 0.696498 0.022819
vt 0.701605 0.021199
vt 0.695855 0.025581
vt 0.701891 0.022920
vt 0.694689 0.029337
vt 0.705778 0.020940
vt 0.694347 0.024567
vt 0.705976 0.022666
vt 0.694564 0.032348
vt 0.710228 0.020215
vt 0.693662 0.035305
vt 0.710399 0.021945
vt 0.692972 0.029036
vt 0.695314 0.040786
vt 0.711712 0.020159
vt 0.692820 0.032565
vt 0.695314 0.034805
vt 0.711712 0.021889
vt 0.696891 0.040004
vt 0.702525 0.050662
vt 0.703784 0.049451
vt 0.711689 0.057893
vt 0.712642 0.056441
vt 0.722353 0.063712
vt 0.723097 0.062144
vt 0.733094 0.068047
vt 0.733723 0.066428
vt 0.752903 0.075245
vt 0.753480 0.073609
vt 0.770042 0.081088
vt 0.770551 0.079432
vt 0.778008 0.083281
vt 0.778415 0.081592
vt 0.784809 0.084641
vt 0.785391 0.082985
vt 0.787912 0.086269
vt 0.789129 0.084951
vt 0.789027 0.088041
vt 0.790799 0.087592
vt 0.789027 0.088920
vt 0.790683 0.089221
vt 0.789503 0.093315
vt 0.788967 0.088920
vt 0.788916 0.088508
vt 0.787935 0.092501
vt 0.787524 0.095767
vt 0.786122 0.094744
vt 0.785465 0.098926
vt 0.784114 0.102452
vt 0.783911 0.098130
vt 0.782477 0.101878
vt 0.781922 0.109348
vt 0.780302 0.118457
vt 0.780233 0.108927
vt 0.779817 0.126895
vt 0.778577 0.118258
vt 0.780169 0.144284
vt 0.781112 0.172378
vt 0.782810 0.171948
vt 0.778438 0.144377
vt 0.782611 0.175917
vt 0.778077 0.126862
vt 0.784466 0.178554
vt 0.784133 0.175070
vt 0.785761 0.177378
vt 0.787348 0.181005
vt 0.788403 0.179632
vt 0.789286 0.182347
vt 0.791049 0.181463
vt 0.789304 0.185215
vt 0.788935 0.178942
vt 0.790970 0.183864
vt 0.788777 0.183156
vt 0.791937 0.181015
vt 0.788449 0.183679
vt 0.791821 0.184285
vt 0.786275 0.186302
vt 0.785599 0.184706
vt 0.779789 0.189489
vt 0.788009 0.182916
vt 0.778924 0.187982
vt 0.785257 0.183901
vt 0.773373 0.193745
vt 0.778494 0.187227
vt 0.772355 0.192344
vt 0.770232 0.196225
vt 0.771846 0.191636
vt 0.768978 0.194999
vt 0.768312 0.198788
vt 0.766869 0.197816
vt 0.764551 0.204950
vt 0.762979 0.204196
vt 0.762067 0.211958
vt 0.760336 0.215622
vt 0.762067 0.215622
vt 0.760336 0.211662
vt 0.730396 0.258365
vt 0.720164 0.258365
vt 0.730396 0.248132
vt 0.802540 0.258365
vt 0.776203 0.248132
vt 0.802540 0.248132
vt 0.730396 0.237351
vt 0.730396 0.247583
vt 0.720164 0.237351
vt 0.776203 0.247583
vt 0.802540 0.247583
vt 0.802540 0.237351
vt 0.771681 0.236802
vt 0.720164 0.236802
vt 0.771681 0.226570
vt 0.720164 0.226570
vt 0.776203 0.310577
vt 0.797424 0.305463
vt 0.802540 0.310577
vt 0.776203 0.305463
vt 0.802540 0.259061
vt 0.735512 0.305463
vt 0.797424 0.264177
vt 0.730396 0.310577
vt 0.776203 0.264177
vt 0.735512 0.264177
vt 0.776203 0.259061
vt 0.730396 0.259061
vt 0.723489 0.290177
vt 0.720164 0.292303
vt 0.723489 0.286350
vt 0.720164 0.310577
vt 0.720747 0.291885
vt 0.720164 0.284559
vt 0.720164 0.259061
vt 0.932847 0.232203
vt 0.875777 0.232203
vt 0.875777 0.225028
vt 0.962609 0.232203
vt 0.962609 0.225027
vt 0.875777 0.224395
vt 0.875777 0.217220
vt 0.962609 0.224395
vt 0.932847 0.217219
vt 0.962609 0.217219
vt 0.933682 0.216587
vt 0.875777 0.216587
vt 0.933682 0.209411
vt 0.875777 0.209412
vt 0.875777 0.208779
vt 0.875777 0.201604
vt 0.933682 0.201604
vt 0.933682 0.208779
vt 0.962609 0.232785
vt 0.962609 0.290690
vt 0.875777 0.290690
vt 0.875777 0.232785
vt 0.444314 0.411102
vt 0.491305 0.411102
vt 0.444314 0.483159
vt 0.491305 0.483159
vt 0.493097 0.483159
vt 0.493097 0.411102
vt 0.540089 0.411102
vt 0.540089 0.483159
vt 0.411888 0.530074
vt 0.428175 0.649042
vt 0.404682 0.530074
vt 0.442592 0.649042
vt 0.404682 0.540885
vt 0.381184 0.411102
vt 0.435380 0.540885
vt 0.428175 0.670666
vt 0.428175 0.432726
vt 0.442592 0.540885
vt 0.381184 0.670666
vt 0.381184 0.540885
vt 0.428175 0.411102
vt 0.442592 0.432726
vt 0.366868 0.503826
vt 0.354197 0.596551
vt 0.351216 0.591760
vt 0.379540 0.540885
vt 0.365376 0.501435
vt 0.379540 0.411102
vt 0.379540 0.670666
vt 0.347192 0.585171
vt 0.353281 0.600040
vt 0.363364 0.498135
vt 0.351909 0.607396
vt 0.346529 0.569958
vt 0.349671 0.614266
vt 0.343261 0.567242
vt 0.345111 0.577151
vt 0.342551 0.617778
vt 0.338008 0.566319
vt 0.340701 0.616100
vt 0.331978 0.570406
vt 0.333962 0.608025
vt 0.329327 0.577638
vt 0.326727 0.603762
vt 0.353096 0.497732
vt 0.323977 0.602045
vt 0.351666 0.498406
vt 0.326646 0.584359
vt 0.307483 0.670666
vt 0.307483 0.411102
vt 0.323515 0.598109
vt 0.323787 0.585713
vt 0.315634 0.498406
vt 0.322645 0.590614
vt 0.315064 0.500856
vt 0.307483 0.540885
vt 0.271568 0.606431
vt 0.271568 0.516468
vt 0.280190 0.606431
vt 0.280190 0.516468
vt 0.280190 0.610145
vt 0.271568 0.610145
vt 0.280190 0.613616
vt 0.271568 0.613616
vt 0.280190 0.616588
vt 0.271568 0.616588
vt 0.271568 0.618876
vt 0.280190 0.618876
vt 0.269969 0.618876
vt 0.261347 0.618876
vt 0.261347 0.528912
vt 0.269969 0.528912
vt 0.261347 0.525199
vt 0.269969 0.525199
vt 0.261347 0.521728
vt 0.269969 0.521728
vt 0.261347 0.518756
vt 0.269969 0.518756
vt 0.269969 0.516468
vt 0.261347 0.516468
vt 0.020627 0.411100
vt 0.120746 0.415308
vt 0.020627 0.415324
vt 0.117774 0.413025
vt 0.123034 0.418283
vt 0.114303 0.411588
vt 0.020627 0.416986
vt 0.110590 0.411100
vt 0.020627 0.417134
vt 0.020627 0.418497
vt 0.124471 0.421758
vt 0.020627 0.419221
vt 0.020627 0.420692
vt 0.020627 0.421456
vt 0.124954 0.425471
vt 0.020627 0.486014
vt 0.124959 0.540494
vt 0.072790 0.570769
vt 0.020627 0.531170
vt 0.124959 0.655523
vt 0.020627 0.540501
vt 0.020627 0.588669
vt 0.020627 0.652367
vt 0.020627 0.654035
vt 0.124471 0.659242
vt 0.020627 0.655069
vt 0.020627 0.656662
vt 0.123034 0.662714
vt 0.020627 0.657633
vt 0.020627 0.659053
vt 0.120746 0.665692
vt 0.020627 0.659070
vt 0.020627 0.659892
vt 0.020627 0.661047
vt 0.117774 0.667974
vt 0.020627 0.661704
vt 0.020627 0.662502
vt 0.114303 0.669405
vt 0.020627 0.662933
vt 0.020627 0.663306
vt 0.110590 0.669899
vt 0.020627 0.663496
vt 0.020627 0.669899
vt 0.227451 0.438409
vt 0.194280 0.451882
vt 0.189141 0.447243
vt 0.196653 0.457590
vt 0.176150 0.445273
vt 0.194216 0.460527
vt 0.137495 0.425471
vt 0.188347 0.465378
vt 0.171299 0.447544
vt 0.241822 0.438409
vt 0.188272 0.466919
vt 0.189647 0.463021
vt 0.170109 0.450962
vt 0.241822 0.432661
vt 0.195309 0.471643
vt 0.169322 0.453659
vt 0.241822 0.411100
vt 0.197021 0.474506
vt 0.170074 0.457482
vt 0.137978 0.421758
vt 0.196964 0.476110
vt 0.168402 0.460487
vt 0.139415 0.418283
vt 0.197148 0.478773
vt 0.162694 0.461717
vt 0.141702 0.415308
vt 0.192561 0.485508
vt 0.158809 0.462378
vt 0.144674 0.413025
vt 0.227451 0.593675
vt 0.155296 0.464930
vt 0.148146 0.411588
vt 0.169305 0.488353
vt 0.151957 0.467206
vt 0.151859 0.411100
vt 0.155268 0.482762
vt 0.175179 0.487595
vt 0.149491 0.470402
vt 0.153664 0.481777
vt 0.175909 0.486295
vt 0.147306 0.473105
vt 0.148474 0.477178
vt 0.179001 0.484984
vt 0.146767 0.474077
vt 0.137495 0.593675
vt 0.246515 0.516468
vt 0.259748 0.516468
vt 0.246515 0.606425
vt 0.259748 0.606425
vt 0.270954 0.515428
vt 0.265205 0.515428
vt 0.270954 0.501057
vt 0.279346 0.411100
vt 0.258021 0.411100
vt 0.279346 0.501057
vt 0.254302 0.411583
vt 0.250830 0.413020
vt 0.247852 0.415308
vt 0.245571 0.418280
vt 0.244139 0.421751
vt 0.243646 0.515428
vt 0.243646 0.425465
vt 0.135451 0.411100
vt 0.135451 0.414575
vt 0.126829 0.414575
vt 0.126829 0.418288
vt 0.126829 0.411100
vt 0.135451 0.418288
vt 0.131140 0.533311
vt 0.126829 0.533311
vt 0.135451 0.586492
vt 0.126829 0.648340
vt 0.135451 0.600138
vt 0.135451 0.613371
vt 0.135451 0.627015
vt 0.135451 0.648340
vt 0.126829 0.652059
vt 0.135451 0.652059
vt 0.126829 0.655531
vt 0.135451 0.655531
vt 0.989338 0.956960
vt 0.982958 0.964585
vt 0.909781 0.956960
vt 0.909781 0.964585
vt 0.827118 0.958658
vt 0.906675 0.958658
vt 0.833498 0.966282
vt 0.906675 0.966282
vt 0.827118 0.967476
vt 0.906675 0.967476
vt 0.833498 0.975100
vt 0.906675 0.975100
vt 0.906675 0.976294
vt 0.900295 0.983918
vt 0.827118 0.976294
vt 0.827118 0.983918
vt 0.801085 0.949353
vt 0.813795 0.949353
vt 0.801085 0.962061
vt 0.813795 0.962061
vt 0.801085 0.976105
vt 0.801085 0.963396
vt 0.813795 0.963396
vt 0.813795 0.976105
vt 0.982958 0.965778
vt 0.982958 0.977845
vt 0.909781 0.965778
vt 0.989338 0.965778
vt 0.909781 0.977845
vt 0.989338 0.977845
vt 0.982958 0.979169
vt 0.982958 0.991237
vt 0.909781 0.979169
vt 0.989338 0.979169
vt 0.909781 0.991237
vt 0.989338 0.991237
vt 0.904133 0.949271
vt 0.818930 0.955626
vt 0.818930 0.942917
vt 0.904133 0.955626
vt 0.904133 0.942917
vt 0.989338 0.955626
vt 0.989338 0.942917
vt 0.839954 0.936792
vt 0.828252 0.936792
vt 0.828252 0.929167
vt 0.906255 0.939334
vt 0.839954 0.929167
vt 0.900221 0.939334
vt 0.984254 0.941875
vt 0.816185 0.936792
vt 0.852023 0.936792
vt 0.899049 0.941875
vt 0.852023 0.929167
vt 0.813846 0.941875
vt 0.989338 0.929167
vt 0.808762 0.929167
vt 0.816185 0.929167
vt 0.994283 0.661528
vt 0.994283 0.665847
vt 0.907909 0.661528
vt 0.907909 0.665847
vt 0.899258 0.661528
vt 0.899258 0.665847
vt 0.891044 0.661528
vt 0.891044 0.665847
vt 0.883675 0.661528
vt 0.883675 0.665847
vt 0.877517 0.661528
vt 0.877517 0.665847
vt 0.872882 0.665847
vt 0.872882 0.661528
vt 0.891044 0.666602
vt 0.899258 0.666602
vt 0.899258 0.670921
vt 0.907909 0.670921
vt 0.891044 0.670921
vt 0.907909 0.666602
vt 0.883675 0.666602
vt 0.994283 0.670921
vt 0.883675 0.670921
vt 0.994283 0.666602
vt 0.877517 0.666602
vt 0.877517 0.670921
vt 0.872882 0.670921
vt 0.872882 0.666602
vt 0.910064 0.675995
vt 0.994283 0.671693
vt 0.994283 0.675995
vt 0.910064 0.671676
vt 0.902856 0.671676
vt 0.902856 0.675995
vt 0.896006 0.671676
vt 0.896006 0.675995
vt 0.889865 0.671676
vt 0.889865 0.675995
vt 0.884738 0.671676
vt 0.884738 0.675995
vt 0.880881 0.675995
vt 0.880881 0.671676
vt 0.896006 0.676751
vt 0.902856 0.676751
vt 0.902856 0.681069
vt 0.910064 0.681069
vt 0.896006 0.681069
vt 0.910064 0.676751
vt 0.889865 0.676751
vt 0.994283 0.681053
vt 0.889865 0.681069
vt 0.994283 0.676751
vt 0.884738 0.676751
vt 0.884738 0.681069
vt 0.880881 0.681069
vt 0.880881 0.676751
vt 0.986069 0.686899
vt 0.994283 0.686899
vt 0.986069 0.691218
vt 0.994283 0.691218
vt 0.977418 0.691218
vt 0.977418 0.686899
vt 0.968772 0.691218
vt 0.968772 0.686899
vt 0.960553 0.691218
vt 0.960553 0.686899
vt 0.929495 0.681825
vt 0.994283 0.681825
vt 0.929495 0.686127
vt 0.994283 0.686127
vt 0.980225 0.691973
vt 0.980225 0.696293
vt 0.973017 0.696293
vt 0.987433 0.691973
vt 0.973017 0.691973
vt 0.987433 0.696293
vt 0.966175 0.696293
vt 0.994283 0.691973
vt 0.966175 0.691973
vt 0.994283 0.696293
vt 0.870010 0.630375
vt 0.870010 0.613078
vt 0.872882 0.604859
vt 0.869038 0.621724
vt 0.872882 0.638589
vt 0.875513 0.621724
vt 0.876329 0.614516
vt 0.876329 0.628932
vt 0.877517 0.597490
vt 0.877517 0.645958
vt 0.878726 0.607675
vt 0.878726 0.635783
vt 0.882583 0.601533
vt 0.882583 0.641923
vt 0.883675 0.591336
vt 0.883675 0.652117
vt 0.887709 0.596398
vt 0.887709 0.647050
vt 0.891044 0.586706
vt 0.891044 0.656751
vt 0.893851 0.592541
vt 0.893851 0.650907
vt 0.899258 0.583830
vt 0.899258 0.659623
vt 0.900701 0.590148
vt 0.900701 0.653304
vt 0.907909 0.582854
vt 0.907909 0.654120
vt 0.907909 0.589332
vt 0.907909 0.660595
vt 0.992128 0.589332
vt 0.992128 0.654120
vt 0.994283 0.582854
vt 0.994283 0.654120
vt 0.994283 0.589332
vt 0.994283 0.660595
vt 0.882726 0.728526
vt 0.927002 0.739600
vt 0.927002 0.739600
vt 0.882726 0.728526
vt 0.903721 0.718862
vt 0.903721 0.718862
vt 0.897499 0.719561
vt 0.897499 0.719561
vt 0.957272 0.718862
vt 0.957272 0.718862
vt 0.933992 0.718862
vt 0.927002 0.718862
vt 0.927002 0.718862
vt 0.933992 0.718862
vt 0.987548 0.718862
vt 0.987548 0.718862
vt 0.964258 0.718862
vt 0.964258 0.718862
vt 0.927002 0.754001
vt 0.927002 0.774747
vt 0.927002 0.754001
vt 0.927002 0.774747
vt 0.891593 0.721628
vt 0.891593 0.721628
vt 0.886294 0.724958
vt 0.886294 0.724958
vt 0.903721 0.711872
vt 0.878539 0.734678
vt 0.881939 0.719491
vt 0.888562 0.715332
vt 0.895948 0.712752
vt 0.872253 0.731651
vt 0.872253 0.761959
vt 0.869668 0.754573
vt 0.927002 0.746801
vt 0.876412 0.768581
vt 0.878539 0.758927
vt 0.881939 0.774109
vt 0.903721 0.781733
vt 0.987548 0.774747
vt 0.994534 0.781733
vt 0.957272 0.774747
vt 0.869668 0.739027
vt 0.994534 0.711872
vt 0.868788 0.746801
vt 0.876476 0.753022
vt 0.876412 0.725028
vt 0.875773 0.746801
vt 0.876476 0.740588
vt 0.882726 0.765083
vt 0.886294 0.768652
vt 0.895948 0.780853
vt 0.897499 0.774044
vt 0.903721 0.774747
vt 0.888562 0.778268
vt 0.891593 0.771981
vt 0.933992 0.774747
vt 0.964258 0.774747
vt 0.964258 0.774747
vt 0.987548 0.774747
vt 0.903721 0.774747
vt 0.933992 0.774747
vt 0.957272 0.774747
vt 0.878539 0.758927
vt 0.927002 0.746801
vt 0.876476 0.753022
vt 0.875773 0.746801
vt 0.876476 0.740588
vt 0.878539 0.734678
vt 0.891593 0.771981
vt 0.897499 0.774044
vt 0.882726 0.765083
vt 0.886294 0.768652
vt 0.893229 0.863215
vt 0.886585 0.860895
vt 0.876610 0.853135
vt 0.880623 0.857150
vt 0.900228 0.864006
vt 0.926419 0.840667
vt 0.926419 0.864006
vt 0.871900 0.846210
vt 0.871900 0.818929
vt 0.926419 0.832567
vt 0.934283 0.864006
vt 0.934283 0.801136
vt 0.960474 0.801136
vt 0.960474 0.864006
vt 0.869579 0.839566
vt 0.869579 0.825577
vt 0.868788 0.832567
vt 0.926419 0.801136
vt 0.926419 0.824467
vt 0.876610 0.812008
vt 0.994534 0.801136
vt 0.994534 0.864006
vt 0.968333 0.801136
vt 0.968333 0.864006
vt 0.886585 0.804248
vt 0.893229 0.801923
vt 0.880623 0.807994
vt 0.900228 0.801136
vt 0.653362 0.786068
vt 0.638674 0.792012
vt 0.638674 0.781895
vt 0.653362 0.795559
vt 0.623167 0.789477
vt 0.653362 0.777270
vt 0.666970 0.791349
vt 0.638674 0.802758
vt 0.623167 0.778919
vt 0.623167 0.800700
vt 0.638674 0.772526
vt 0.666970 0.783283
vt 0.666970 0.800054
vt 0.653362 0.805641
vt 0.607128 0.788009
vt 0.607128 0.799509
vt 0.653362 0.769265
vt 0.666970 0.775949
vt 0.679253 0.805418
vt 0.679253 0.797661
vt 0.638674 0.814022
vt 0.623167 0.812454
vt 0.607128 0.777195
vt 0.623167 0.769141
vt 0.607128 0.811543
vt 0.638674 0.763995
vt 0.679253 0.790462
vt 0.666970 0.809299
vt 0.653362 0.816206
vt 0.590834 0.787624
vt 0.590834 0.799193
vt 0.590834 0.811314
vt 0.653362 0.762141
vt 0.666970 0.769421
vt 0.679253 0.783922
vt 0.689978 0.811555
vt 0.679253 0.813669
vt 0.689978 0.804878
vt 0.638674 0.825666
vt 0.623167 0.824618
vt 0.607128 0.824004
vt 0.590834 0.776742
vt 0.607128 0.767163
vt 0.623167 0.760231
vt 0.590834 0.823844
vt 0.638674 0.756400
vt 0.689978 0.818660
vt 0.666970 0.818983
vt 0.689978 0.798684
vt 0.653362 0.827142
vt 0.689978 0.826100
vt 0.679253 0.822306
vt 0.638674 0.837582
vt 0.623167 0.837050
vt 0.607128 0.836747
vt 0.590834 0.836665
vt 0.590834 0.766656
vt 0.607128 0.758043
vt 0.623167 0.752309
vt 0.698974 0.830310
vt 0.666970 0.829015
vt 0.653362 0.838320
vt 0.638674 0.749841
vt 0.689978 0.833795
vt 0.698974 0.824191
vt 0.698974 0.836628
vt 0.679253 0.831246
vt 0.638674 0.849623
vt 0.623167 0.849623
vt 0.607128 0.849623
vt 0.590834 0.849623
vt 0.590834 0.757479
vt 0.607128 0.749934
vt 0.623167 0.745451
vt 0.666970 0.839257
vt 0.653362 0.849623
vt 0.689978 0.841663
vt 0.698974 0.843089
vt 0.679253 0.840385
vt 0.638674 0.861670
vt 0.623167 0.862203
vt 0.607128 0.862507
vt 0.590834 0.749308
vt 0.607128 0.742903
vt 0.666970 0.849623
vt 0.653362 0.860931
vt 0.590834 0.862587
vt 0.689978 0.849623
vt 0.698974 0.849623
vt 0.679253 0.849623
vt 0.653362 0.872110
vt 0.638674 0.873579
vt 0.623167 0.874633
vt 0.607128 0.875247
vt 0.590834 0.742239
vt 0.666970 0.859990
vt 0.666970 0.870238
vt 0.590834 0.875403
vt 0.679253 0.858861
vt 0.689978 0.857584
vt 0.653362 0.883042
vt 0.666970 0.880263
vt 0.638674 0.885236
vt 0.623167 0.886804
vt 0.607128 0.887709
vt 0.698974 0.856165
vt 0.679253 0.868012
vt 0.679253 0.876946
vt 0.590834 0.887944
vt 0.689978 0.865452
vt 0.653362 0.893613
vt 0.666970 0.889953
vt 0.679253 0.885583
vt 0.638674 0.896488
vt 0.623167 0.898552
vt 0.607128 0.899751
vt 0.698974 0.862625
vt 0.689978 0.873152
vt 0.590834 0.900066
vt 0.653362 0.903700
vt 0.666970 0.899198
vt 0.679253 0.893830
vt 0.689978 0.880592
vt 0.638674 0.907241
vt 0.623167 0.909769
vt 0.607128 0.911244
vt 0.698974 0.868948
vt 0.590834 0.911622
vt 0.653362 0.913192
vt 0.666970 0.907904
vt 0.689978 0.887691
vt 0.698974 0.875055
vt 0.638674 0.917357
vt 0.623167 0.920328
vt 0.607128 0.922058
vt 0.679253 0.901599
vt 0.590834 0.922516
vt 0.653362 0.921983
vt 0.666970 0.915969
vt 0.689978 0.894375
vt 0.638674 0.926732
vt 0.623167 0.930116
vt 0.607128 0.932083
vt 0.679253 0.908789
vt 0.590834 0.932598
vt 0.653362 0.929995
vt 0.666970 0.923305
vt 0.689978 0.900576
vt 0.638674 0.935259
vt 0.623167 0.939021
vt 0.607128 0.941202
vt 0.679253 0.915331
vt 0.590834 0.941772
vt 0.638674 0.942846
vt 0.653362 0.937109
vt 0.623167 0.946944
vt 0.607128 0.949325
vt 0.590834 0.949945
vt 0.666970 0.929840
vt 0.623167 0.953796
vt 0.607128 0.956343
vt 0.590834 0.957013
vt 0.638674 0.949418
vt 0.733897 0.800700
vt 0.749404 0.792011
vt 0.749404 0.802764
vt 0.733897 0.789483
vt 0.764092 0.795553
vt 0.733897 0.812448
vt 0.717858 0.799502
vt 0.749404 0.781896
vt 0.764092 0.805639
vt 0.764092 0.786061
vt 0.749404 0.814016
vt 0.717858 0.811543
vt 0.717858 0.788009
vt 0.733897 0.778924
vt 0.777700 0.800055
vt 0.777700 0.791349
vt 0.733897 0.824619
vt 0.717858 0.824005
vt 0.701564 0.799186
vt 0.701564 0.811308
vt 0.749404 0.772520
vt 0.764092 0.777270
vt 0.777700 0.809299
vt 0.764092 0.816210
vt 0.777700 0.783283
vt 0.749404 0.825673
vt 0.701564 0.823849
vt 0.701564 0.787630
vt 0.717858 0.777195
vt 0.733897 0.769136
vt 0.789983 0.805423
vt 0.789983 0.797653
vt 0.733897 0.837050
vt 0.717858 0.836746
vt 0.701564 0.836665
vt 0.749404 0.763994
vt 0.764092 0.769257
vt 0.777700 0.775948
vt 0.789983 0.813669
vt 0.777700 0.818989
vt 0.764092 0.827142
vt 0.789983 0.790463
vt 0.749404 0.837582
vt 0.701564 0.776736
vt 0.717858 0.767169
vt 0.733897 0.760231
vt 0.800708 0.818660
vt 0.800708 0.811561
vt 0.800708 0.804877
vt 0.749404 0.849630
vt 0.733897 0.849630
vt 0.717858 0.849630
vt 0.764092 0.762143
vt 0.749404 0.756406
vt 0.777700 0.769413
vt 0.789983 0.783921
vt 0.800708 0.826100
vt 0.789983 0.822306
vt 0.777700 0.829015
vt 0.764092 0.838321
vt 0.800708 0.798677
vt 0.701564 0.849630
vt 0.701564 0.766655
vt 0.717858 0.758051
vt 0.733897 0.752309
vt 0.809704 0.830304
vt 0.749404 0.861670
vt 0.764092 0.849630
vt 0.733897 0.862203
vt 0.717858 0.862506
vt 0.749404 0.749835
vt 0.800708 0.833801
vt 0.809704 0.824197
vt 0.809704 0.836628
vt 0.789983 0.831240
vt 0.777700 0.839262
vt 0.764092 0.860933
vt 0.777700 0.849630
vt 0.701564 0.862587
vt 0.701564 0.757481
vt 0.717858 0.749927
vt 0.733897 0.745456
vt 0.749404 0.873587
vt 0.764092 0.872110
vt 0.777700 0.859995
vt 0.733897 0.874634
vt 0.717858 0.875248
vt 0.800708 0.841669
vt 0.809704 0.843088
vt 0.789983 0.840391
vt 0.789983 0.849630
vt 0.777700 0.870238
vt 0.789983 0.858867
vt 0.701564 0.875408
vt 0.701564 0.749308
vt 0.717858 0.742909
vt 0.749404 0.885230
vt 0.764092 0.883047
vt 0.777700 0.880269
vt 0.789983 0.868006
vt 0.733897 0.886798
vt 0.717858 0.887709
vt 0.800708 0.849630
vt 0.809704 0.849630
vt 0.789983 0.876946
vt 0.800708 0.857590
vt 0.701564 0.887939
vt 0.701564 0.742239
vt 0.749404 0.896494
vt 0.764092 0.893611
vt 0.777700 0.889953
vt 0.789983 0.885583
vt 0.800708 0.865458
vt 0.733897 0.898552
vt 0.717858 0.899743
vt 0.800708 0.873152
vt 0.809704 0.856164
vt 0.701564 0.900060
vt 0.749404 0.907240
vt 0.764092 0.903694
vt 0.777700 0.899199
vt 0.789983 0.893834
vt 0.800708 0.880592
vt 0.809704 0.862625
vt 0.733897 0.909775
vt 0.717858 0.911244
vt 0.809704 0.868943
vt 0.701564 0.911628
vt 0.749404 0.917358
vt 0.764092 0.913185
vt 0.777700 0.907904
vt 0.800708 0.887697
vt 0.809704 0.875061
vt 0.733897 0.920333
vt 0.717858 0.922058
vt 0.789983 0.901592
vt 0.701564 0.922510
vt 0.749404 0.926726
vt 0.764092 0.921983
vt 0.777700 0.915969
vt 0.800708 0.894374
vt 0.733897 0.930111
vt 0.717858 0.932090
vt 0.789983 0.908790
vt 0.701564 0.932597
vt 0.749404 0.935257
vt 0.764092 0.929987
vt 0.777700 0.923303
vt 0.800708 0.900568
vt 0.733897 0.939021
vt 0.717858 0.941209
vt 0.789983 0.915330
vt 0.701564 0.941773
vt 0.733897 0.946944
vt 0.749404 0.942853
vt 0.764092 0.937111
vt 0.717858 0.949318
vt 0.701564 0.949945
vt 0.777700 0.929831
vt 0.733897 0.953801
vt 0.717858 0.956350
vt 0.701564 0.957013
vt 0.749404 0.949412
vt 0.513348 0.802794
vt 0.511633 0.818753
vt 0.508402 0.803588
vt 0.514974 0.818219
vt 0.508359 0.819627
vt 0.511818 0.788187
vt 0.518353 0.802534
vt 0.514969 0.834439
vt 0.503565 0.804877
vt 0.513312 0.834885
vt 0.505351 0.789217
vt 0.518353 0.787852
vt 0.518353 0.818039
vt 0.516647 0.834173
vt 0.505203 0.820836
vt 0.511726 0.835493
vt 0.510391 0.774664
vt 0.518353 0.774243
vt 0.523350 0.802794
vt 0.524880 0.788187
vt 0.518353 0.850372
vt 0.498891 0.806675
vt 0.499029 0.790909
vt 0.502525 0.775911
vt 0.526309 0.774664
vt 0.521732 0.818219
vt 0.518353 0.834078
vt 0.502190 0.822374
vt 0.510207 0.836268
vt 0.509101 0.762445
vt 0.518353 0.761961
vt 0.527592 0.762445
vt 0.525067 0.818753
vt 0.528298 0.803588
vt 0.531355 0.789217
vt 0.520058 0.834173
vt 0.494428 0.808944
vt 0.492921 0.793253
vt 0.494830 0.777970
vt 0.508773 0.837198
vt 0.499970 0.763889
vt 0.534181 0.775911
vt 0.521737 0.834439
vt 0.499342 0.824215
vt 0.507447 0.838270
vt 0.497739 0.753399
vt 0.507985 0.751775
vt 0.518353 0.751228
vt 0.536730 0.763889
vt 0.528335 0.819627
vt 0.523381 0.834885
vt 0.533135 0.804877
vt 0.537672 0.790909
vt 0.490231 0.811672
vt 0.487085 0.796228
vt 0.487383 0.780827
vt 0.491022 0.766290
vt 0.506243 0.839473
vt 0.487713 0.756083
vt 0.528713 0.751775
vt 0.541882 0.777970
vt 0.524975 0.835493
vt 0.496715 0.826349
vt 0.505166 0.840794
vt 0.495873 0.744601
vt 0.484936 0.747528
vt 0.507049 0.742828
vt 0.518353 0.742240
vt 0.538967 0.753399
vt 0.545669 0.766290
vt 0.531503 0.820836
vt 0.537807 0.806675
vt 0.543787 0.793253
vt 0.526494 0.836268
vt 0.486343 0.814822
vt 0.481600 0.799793
vt 0.480285 0.784448
vt 0.482386 0.769606
vt 0.478027 0.759804
vt 0.504242 0.842225
vt 0.494321 0.828736
vt 0.474364 0.751588
vt 0.529649 0.742828
vt 0.549315 0.780827
vt 0.527927 0.837198
vt 0.503468 0.843751
vt 0.492196 0.831370
vt 0.540827 0.744601
vt 0.548988 0.756083
vt 0.554312 0.769606
vt 0.534523 0.822374
vt 0.542266 0.808944
vt 0.549613 0.796228
vt 0.529254 0.838270
vt 0.482803 0.818362
vt 0.476511 0.803903
vt 0.473595 0.788782
vt 0.474148 0.773810
vt 0.468778 0.764509
vt 0.464283 0.756729
vt 0.502852 0.845345
vt 0.490348 0.834209
vt 0.556423 0.784448
vt 0.530455 0.839473
vt 0.537356 0.824215
vt 0.502413 0.846987
vt 0.488817 0.837222
vt 0.479652 0.822255
vt 0.551770 0.747528
vt 0.558671 0.759804
vt 0.562557 0.773810
vt 0.546470 0.811672
vt 0.555100 0.799793
vt 0.531529 0.840794
vt 0.539986 0.826349
vt 0.471883 0.808541
vt 0.467407 0.793798
vt 0.466379 0.778850
vt 0.454786 0.762891
vt 0.502146 0.848674
vt 0.487594 0.840378
vt 0.476923 0.826459
vt 0.563103 0.788782
vt 0.532466 0.842225
vt 0.542377 0.828736
vt 0.460074 0.770171
vt 0.502059 0.850372
vt 0.486721 0.843653
vt 0.474650 0.830924
vt 0.467761 0.813618
vt 0.562329 0.751588
vt 0.567923 0.764509
vt 0.570315 0.778850
vt 0.550358 0.814822
vt 0.560192 0.803903
vt 0.533235 0.843751
vt 0.544510 0.831370
vt 0.461772 0.799434
vt 0.459191 0.784672
vt 0.502146 0.852079
vt 0.486199 0.846994
vt 0.472853 0.835598
vt 0.464203 0.819119
vt 0.569293 0.793798
vt 0.533839 0.845345
vt 0.546353 0.834209
vt 0.553902 0.818362
vt 0.452009 0.776699
vt 0.502413 0.853765
vt 0.486199 0.853751
vt 0.486020 0.850372
vt 0.471555 0.840434
vt 0.461231 0.824941
vt 0.456761 0.805628
vt 0.572418 0.756729
vt 0.576627 0.770171
vt 0.577507 0.784672
vt 0.564811 0.808541
vt 0.534280 0.846987
vt 0.547891 0.837222
vt 0.557053 0.822255
vt 0.452647 0.791212
vt 0.502852 0.855414
vt 0.486721 0.857100
vt 0.470774 0.845375
vt 0.458888 0.831060
vt 0.452416 0.812305
vt 0.574921 0.799434
vt 0.534554 0.848674
vt 0.549104 0.840378
vt 0.559782 0.826459
vt 0.503468 0.857007
vt 0.487594 0.860368
vt 0.470774 0.855377
vt 0.471555 0.860324
vt 0.470512 0.850372
vt 0.457190 0.837377
vt 0.448802 0.819410
vt 0.581910 0.762891
vt 0.584685 0.776699
vt 0.584054 0.791212
vt 0.568939 0.813618
vt 0.534639 0.850372
vt 0.549973 0.843653
vt 0.562050 0.830924
vt 0.504242 0.858519
vt 0.488817 0.863523
vt 0.472853 0.865161
vt 0.456166 0.843838
vt 0.579945 0.805628
vt 0.534554 0.852079
vt 0.550506 0.846994
vt 0.563850 0.835598
vt 0.572503 0.819119
vt 0.505166 0.859952
vt 0.490348 0.866542
vt 0.474650 0.869834
vt 0.456166 0.856914
vt 0.457190 0.863374
vt 0.458888 0.869698
vt 0.455819 0.850372
vt 0.550506 0.853751
vt 0.534280 0.853765
vt 0.550686 0.850372
vt 0.565145 0.840434
vt 0.575474 0.824941
vt 0.506243 0.861272
vt 0.492196 0.869377
vt 0.476923 0.874299
vt 0.461231 0.875805
vt 0.584285 0.812305
vt 0.549973 0.857100
vt 0.533839 0.855414
vt 0.565931 0.845375
vt 0.577810 0.831060
vt 0.507447 0.862482
vt 0.494321 0.872011
vt 0.479652 0.878496
vt 0.464203 0.881640
vt 0.565931 0.855377
vt 0.565145 0.860324
vt 0.549104 0.860368
vt 0.533235 0.857007
vt 0.566193 0.850372
vt 0.579504 0.837377
vt 0.587899 0.819410
vt 0.508773 0.863561
vt 0.496715 0.874410
vt 0.482803 0.882384
vt 0.467761 0.887127
vt 0.452416 0.888441
vt 0.563850 0.865161
vt 0.547891 0.863523
vt 0.532466 0.858519
vt 0.580532 0.843838
vt 0.510207 0.864484
vt 0.499342 0.876536
vt 0.486343 0.885924
vt 0.471883 0.892216
vt 0.456761 0.895125
vt 0.448802 0.881342
vt 0.580532 0.856914
vt 0.579504 0.863374
vt 0.577810 0.869698
vt 0.562050 0.869834
vt 0.546353 0.866542
vt 0.531529 0.859952
vt 0.580881 0.850372
vt 0.511726 0.865259
vt 0.502190 0.878378
vt 0.490231 0.889073
vt 0.476511 0.896842
vt 0.461772 0.901325
vt 0.575474 0.875805
vt 0.559782 0.874299
vt 0.544510 0.869377
vt 0.530455 0.861272
vt 0.513312 0.865873
vt 0.505203 0.879915
vt 0.494428 0.891802
vt 0.481600 0.900959
vt 0.467407 0.906955
vt 0.572503 0.881640
vt 0.557053 0.878496
vt 0.542377 0.872011
vt 0.529254 0.862482
vt 0.514969 0.866313
vt 0.508359 0.881125
vt 0.498891 0.894082
vt 0.487085 0.904525
vt 0.473595 0.911969
vt 0.459191 0.916081
vt 0.584285 0.888441
vt 0.568939 0.887127
vt 0.553902 0.882384
vt 0.539986 0.874410
vt 0.527927 0.863561
vt 0.516647 0.866574
vt 0.511633 0.882005
vt 0.503565 0.895874
vt 0.492921 0.907494
vt 0.480285 0.916309
vt 0.466379 0.921903
vt 0.452647 0.909539
vt 0.587899 0.881342
vt 0.579945 0.895125
vt 0.564811 0.892216
vt 0.550358 0.885924
vt 0.537356 0.876536
vt 0.526494 0.864484
vt 0.518353 0.866666
vt 0.514974 0.882533
vt 0.508402 0.897170
vt 0.499029 0.909844
vt 0.487383 0.919926
vt 0.474148 0.926936
vt 0.460074 0.930589
vt 0.574921 0.901325
vt 0.560192 0.896842
vt 0.546470 0.889073
vt 0.534523 0.878378
vt 0.524975 0.865259
vt 0.518353 0.882705
vt 0.520058 0.866574
vt 0.513348 0.897953
vt 0.505351 0.911535
vt 0.494830 0.922783
vt 0.482386 0.931147
vt 0.468778 0.936236
vt 0.452009 0.924054
vt 0.569293 0.906955
vt 0.555100 0.900959
vt 0.542266 0.891802
vt 0.531503 0.879915
vt 0.523381 0.865873
vt 0.521737 0.866313
vt 0.518353 0.898210
vt 0.511818 0.912559
vt 0.502525 0.924848
vt 0.491022 0.934456
vt 0.478027 0.940950
vt 0.464283 0.944030
vt 0.577507 0.916081
vt 0.563103 0.911969
vt 0.549613 0.904525
vt 0.537807 0.894082
vt 0.528335 0.881125
vt 0.521732 0.882533
vt 0.523350 0.897953
vt 0.518353 0.912898
vt 0.510391 0.926092
vt 0.499970 0.936855
vt 0.487713 0.944676
vt 0.474364 0.949163
vt 0.454786 0.937859
vt 0.570315 0.921903
vt 0.584054 0.909539
vt 0.556423 0.916309
vt 0.543787 0.907494
vt 0.533135 0.895874
vt 0.525067 0.882005
vt 0.518353 0.926509
vt 0.509101 0.938308
vt 0.497739 0.947359
vt 0.484936 0.953217
vt 0.576627 0.930589
vt 0.562557 0.926936
vt 0.549315 0.919926
vt 0.537672 0.909844
vt 0.528298 0.897170
vt 0.524880 0.912559
vt 0.518353 0.938786
vt 0.507985 0.948979
vt 0.495873 0.956149
vt 0.584685 0.924054
vt 0.567923 0.936236
vt 0.554312 0.931147
vt 0.541882 0.922783
vt 0.531355 0.911535
vt 0.526309 0.926092
vt 0.518353 0.949522
vt 0.507049 0.957918
vt 0.581910 0.937859
vt 0.545669 0.934456
vt 0.534181 0.924848
vt 0.527592 0.938308
vt 0.528713 0.948979
vt 0.518353 0.958515
vt 0.572418 0.944030
vt 0.558671 0.940950
vt 0.536730 0.936855
vt 0.529649 0.957918
vt 0.548988 0.944676
vt 0.538967 0.947359
vt 0.540827 0.956149
vt 0.562329 0.949163
vt 0.551770 0.953217
vt 0.369683 0.787294
vt 0.381734 0.801982
vt 0.369683 0.801982
vt 0.380987 0.787295
vt 0.382258 0.817489
vt 0.358386 0.787295
vt 0.393640 0.801983
vt 0.369683 0.817489
vt 0.394700 0.817489
vt 0.357642 0.801982
vt 0.392163 0.787295
vt 0.382566 0.833528
vt 0.395306 0.833528
vt 0.347209 0.787294
vt 0.405295 0.801983
vt 0.406858 0.817489
vt 0.369683 0.833528
vt 0.357115 0.817489
vt 0.407762 0.833528
vt 0.345726 0.801982
vt 0.403100 0.787294
vt 0.382646 0.849822
vt 0.395469 0.849822
vt 0.408005 0.849822
vt 0.336266 0.787294
vt 0.416554 0.801982
vt 0.418613 0.817489
vt 0.419811 0.833528
vt 0.369683 0.849822
vt 0.356798 0.833528
vt 0.344674 0.817489
vt 0.420119 0.849822
vt 0.334083 0.801983
vt 0.413672 0.787295
vt 0.325707 0.787294
vt 0.427307 0.801982
vt 0.429837 0.817489
vt 0.431297 0.833528
vt 0.431683 0.849822
vt 0.356725 0.849822
vt 0.344065 0.833528
vt 0.332513 0.817489
vt 0.322818 0.801983
vt 0.423753 0.787294
vt 0.315618 0.787294
vt 0.437417 0.801982
vt 0.343902 0.849822
vt 0.331608 0.833528
vt 0.320758 0.817489
vt 0.312074 0.801983
vt 0.433250 0.787294
vt 0.306126 0.787294
vt 0.331373 0.849822
vt 0.319562 0.833528
vt 0.309537 0.817489
vt 0.301961 0.801982
vt 0.319252 0.849822
vt 0.308074 0.833528
vt 0.307683 0.849822
vt 0.433250 0.914584
vt 0.427307 0.899896
vt 0.437417 0.899896
vt 0.423753 0.914584
vt 0.416554 0.899896
vt 0.413672 0.914584
vt 0.418613 0.884389
vt 0.405295 0.899896
vt 0.429837 0.884389
vt 0.406858 0.884389
vt 0.403100 0.914584
vt 0.419811 0.868350
vt 0.407762 0.868350
vt 0.393640 0.899896
vt 0.394700 0.884389
vt 0.431297 0.868350
vt 0.395306 0.868350
vt 0.392162 0.914584
vt 0.420119 0.852056
vt 0.408005 0.852056
vt 0.395469 0.852057
vt 0.381734 0.899896
vt 0.382258 0.884389
vt 0.382566 0.868350
vt 0.431683 0.852056
vt 0.382646 0.852056
vt 0.380987 0.914584
vt 0.369683 0.899896
vt 0.369683 0.884389
vt 0.369683 0.868350
vt 0.369683 0.852056
vt 0.369683 0.914583
vt 0.357642 0.899896
vt 0.357115 0.884389
vt 0.356798 0.868350
vt 0.356725 0.852057
vt 0.358386 0.914584
vt 0.345726 0.899896
vt 0.344674 0.884389
vt 0.344065 0.868350
vt 0.343902 0.852056
vt 0.347209 0.914583
vt 0.334083 0.899896
vt 0.332513 0.884389
vt 0.331609 0.868350
vt 0.331373 0.852056
vt 0.336266 0.914583
vt 0.322818 0.899896
vt 0.320758 0.884389
vt 0.319562 0.868350
vt 0.319252 0.852056
vt 0.325707 0.914584
vt 0.312074 0.899896
vt 0.309537 0.884389
vt 0.308074 0.868350
vt 0.307683 0.852056
vt 0.315618 0.914584
vt 0.301961 0.899896
vt 0.306126 0.914584
vt 0.200590 0.941709
vt 0.200590 0.933284
vt 0.276417 0.941709
vt 0.124769 0.941709
vt 0.276417 0.924855
vt 0.124769 0.924855
vt 0.200590 0.924855
vt 0.200596 0.914668
vt 0.124769 0.906240
vt 0.200596 0.906240
vt 0.124769 0.923093
vt 0.276417 0.906240
vt 0.200596 0.923093
vt 0.276417 0.923093
vt 0.336460 0.978994
vt 0.336460 0.970565
vt 0.411212 0.978994
vt 0.261701 0.978994
vt 0.343813 0.970569
vt 0.261701 0.962140
vt 0.411212 0.962140
vt 0.276417 0.962140
vt 0.198478 0.970569
vt 0.343813 0.962140
vt 0.198478 0.962140
vt 0.198478 0.978994
vt 0.135253 0.962140
vt 0.135253 0.978994
vt 0.124770 0.962140
vt 0.124770 0.978994
vt 0.124769 0.943471
vt 0.196377 0.943471
vt 0.196377 0.947688
vt 0.267992 0.943471
vt 0.200590 0.951900
vt 0.267992 0.951900
vt 0.124769 0.960325
vt 0.339604 0.947688
vt 0.276417 0.960325
vt 0.200590 0.960325
vt 0.339604 0.943471
vt 0.339604 0.956112
vt 0.411212 0.943471
vt 0.343813 0.960325
vt 0.411212 0.960325
usemtl lambert9SG
f 1592/2917 1611/2918 1593/2919
f 1704/2921 1593/2919 1611/2918
f 1592/2917 1610/2920 1611/2918
f 1704/2921 1688/2923 1687/2925
f 1610/2920 1592/2917 1609/2922
f 1686/2926 1609/2922 1591/2924
f 1591/2924 1609/2922 1592/2917
f 1611/2918 1688/2923 1704/2921
f 1687/2925 1703/2927 1704/2921
f 1703/2927 1687/2925 1686/2926
f 1591/2924 1702/2928 1686/2926
f 965/3299 833/3300 827/3301
f 1703/2927 1686/2926 1702/2928
f 833/3300 965/3299 868/3302
f 1045/3303 867/3304 953/3306
f 827/3301 1045/3303 965/3299
f 1105/3308 1015/3310 1073/3312
f 840/3305 867/3304 827/3301
f 1045/3303 827/3301 867/3304
f 817/3307 840/3305 827/3301
f 1045/3303 953/3306 1105/3308
f 823/3311 829/3309 817/3307
f 840/3305 817/3307 829/3309
f 782/3313 823/3311 817/3307
f 1105/3308 1073/3312 1178/3314
f 751/3317 812/3315 782/3313
f 823/3311 782/3313 812/3315
f 1178/3314 1121/3316 1210/3318
f 739/3321 786/3319 751/3317
f 812/3315 751/3317 786/3319
f 732/3325 765/3327 775/3323
f 732/3325 775/3323 739/3321
f 786/3319 739/3321 775/3323
f 1210/3318 1167/3320 1234/3322
f 1195/3326 1237/3328 1234/3322
f 1015/3310 1105/3308 953/3306
f 1234/3322 1180/3324 1195/3326
f 1167/3320 1210/3318 1121/3316
f 1121/3316 1178/3314 1073/3312
f 1180/3324 1234/3322 1167/3320
f 1194/3332 1236/3334 1237/3328
f 1194/3332 1237/3328 1196/3330
f 765/3327 732/3325 766/3329
f 1237/3328 1195/3326 1196/3330
f 764/3333 1194/3332 766/3329
f 1196/3330 766/3329 1194/3332
f 731/3331 764/3333 766/3329
f 731/3331 766/3329 732/3325
f 1236/3219 1238/3220 1237/3221
f 1239/3222 1237/3221 1238/3220
f 1237/3221 1239/3222 1234/3223
f 1235/3224 1234/3223 1239/3222
f 965/3275 1045/3276 966/3277
f 1046/3278 966/3277 1045/3276
f 1178/3227 1179/3228 1105/3229
f 1106/3230 1105/3229 1179/3228
f 1210/3225 1211/3226 1178/3227
f 1179/3228 1178/3227 1211/3226
f 833/3282 868/3280 834/3281
f 872/3279 834/3281 868/3280
f 868/3280 965/3275 872/3279
f 966/3277 872/3279 965/3275
f 752/3233 740/3234 739/3235
f 739/3235 751/3237 752/3233
f 817/3244 827/3245 818/3243
f 828/3246 818/3243 827/3245
f 1234/3223 1235/3224 1210/3225
f 1211/3226 1210/3225 1235/3224
f 827/3284 833/3282 828/3283
f 834/3281 828/3283 833/3282
f 818/3243 783/3239 782/3241
f 782/3241 817/3244 818/3243
f 783/3239 752/3233 751/3237
f 751/3237 782/3241 783/3239
f 1045/3232 1105/3229 1046/3231
f 1106/3230 1046/3231 1105/3229
f 522 521 533
f 533 534 522
f 519 518 530
f 530 531 519
f 532 533 521
f 521 520 532
f 546 534 533
f 545 533 532
f 533 545 546
f 543 531 530
f 530 542 543
f 532 544 545
f 390/633 389/634 509/635
f 509/635 510/636 390/633
f 387/637 386/638 506/639
f 506/639 507/640 387/637
f 508/641 509/635 389/634
f 389/634 388/642 508/641
f 622/129 546/130 545/131
f 621/132 545/131 544/133
f 545/131 621/132 622/129
f 619/134 543/135 542/136
f 542/136 618/137 619/134
f 544/133 620/138 621/132
f 510/636 509/635 521/643
f 521/643 522/644 510/636
f 507/640 506/639 518/645
f 518/645 519/646 507/640
f 520/647 521/643 509/635
f 509/635 508/641 520/647
f 2244 1717 1726
f 2245 1726 1731
f 2248 1731 1735
f 2249 1735 1741
f 2250 1741 1749
f 2278 1749 1753
f 2279 1753 1760
f 2283 1760 2082
f 2227 2861 2082
f 2319 2861 2227
f 1252/4271 1251/4272 656/4273
f 1209 654 1225
f 1604 1603 1509
f 844 1248 1247
f 652 1247 1224
f 1224 1247 1716
f 2228 1677 1717
f 1209 1677 1250
f 1776 1716 1247
f 1405 1677 1225
f 1418 1677 1405
f 1501 1677 1418
f 1508 1677 1501
f 1603 1677 1508
f 1614 1677 1603
f 1617 1677 1614
f 1618 1677 1617
f 1661 1677 1618
f 1664 1677 1661
f 1675 1677 1664
f 1680 1677 1675
f 1697 1677 1680
f 1698 1677 1697
f 1699 1677 1698
f 1701 1677 1699
f 1710 1677 1701
f 1711 1677 1710
f 1717 1677 1711
f 1716 1776 2365
f 2318 2365 2907
f 2299 2859 2365
f 2859 2907 2365
f 1200/4275 656/4273 1251/4272
f 1778 1777 1249
f 1677 1778 1250
f 1249 654 1250
f 1248 654 1249
f 1780/4274 1251/4272 1252/4271
f 1780/4274 1779/4276 1251/4272
f 1249 1250 1778
f 1199/4280 655/4277 1200/4275
f 653 654 1248
f 1247 1248 1776
f 1248 1249 1777
f 1777 1776 1248
f 1716 2365 2318
f 1654/4278 1251/4272 1779/4276
f 2909 2859 2860
f 2862/4283 2863/4284 2910/4285
f 2303/4282 2863/4284 2302/4279
f 2911/4286 2910/4285 2863/4284
f 2909 2860 2861
f 2301/4281 1779/4276 2302/4279
f 2556 2861 2319
f 2886 2861 2556
f 2888 2861 2886
f 2890 2861 2888
f 2891 2861 2890
f 2897 2861 2891
f 2898 2861 2897
f 2903 2861 2898
f 2909 2861 2903
f 2228 2861 2300
f 1778 1677 2300
f 2908 2907 2859
f 1508 1509 1603
f 2110 1778 2192
f 2861 2419 2300
f 2300 2192 1778
f 2041 1778 2110
f 1961 1778 2041
f 1891 1778 1961
f 1828 1778 1891
f 2861 2501 2419
f 1777 1778 1828
f 2861 2568 2501
f 2861 2672 2568
f 2861 2756 2672
f 2861 2815 2756
f 2861 2860 2815
f 2110 2109 2040
f 2040 2041 2110
f 2860 2859 2855
f 2855 2856 2860
f 2501 2500 2418
f 2418 2419 2501
f 2419 2418 2293
f 2293 2300 2419
f 2041 2040 1960
f 1960 1961 2041
f 1891 1890 1827
f 1827 1828 1891
f 2860 2856 2814
f 2814 2815 2860
f 2815 2814 2755
f 2755 2756 2815
f 2568 2567 2500
f 2500 2501 2568
f 1961 1960 1890
f 1890 1891 1961
f 1828 1827 1773
f 1773 1777 1828
f 1772 1776 1773
f 1777 1773 1776
f 2300 2293 2191
f 2191 2192 2300
f 2672 2671 2567
f 2567 2568 2672
f 2192 2191 2109
f 2109 2110 2192
f 2756 2755 2671
f 2671 2672 2756
f 2941/3014 2947/3015 2942/3016
f 2948/3017 2942/3016 2947/3015
f 2943/2958 2945/2959 2944/2960
f 2946/2961 2944/2960 2945/2959
f 1672/3026 1671/3027 1665/3028
f 1665/3028 1666/3029 1672/3026
f 1670/2962 1669/2963 1667/2964
f 1667/2964 1668/2965 1670/2962
f 3084/648 3133/649 3103/650
f 3084/648 3077/651 3083/652
f 3133/649 3100/653 3132/654
f 3077/651 3103/650 3102/655
f 3101/656 3074/657 3076/658
f 3133/649 3102/655 3103/650
f 3076/658 3102/655 3101/656
f 3096/659 3069/660 3074/657
f 3133/649 3101/656 3102/655
f 3074/657 3101/656 3096/659
f 3074/657 3069/660 3071/661
f 3133/649 3096/659 3101/656
f 3069/660 3096/659 3090/662
f 3069/660 3067/663 3068/664
f 3133/649 3090/662 3096/659
f 3103/650 3077/651 3084/648
f 3133/649 3084/648 3100/653
f 3099/665 3132/654 3100/653
f 3102/655 3076/658 3077/651
f 3075/666 3083/652 3077/651
f 3069/660 3065/667 3067/663
f 3066/668 3083/652 3072/669
f 3090/662 3060/670 3069/660
f 3065/667 3060/670 3064/671
f 3094/672 3097/673 3095/674
f 3069/660 3060/670 3065/667
f 3131/675 3132/654 3129/676
f 3073/677 3083/652 3075/666
f 3072/669 3083/652 3073/677
f 3058/678 3057/679 3061/680
f 3059/681 3066/668 3064/671
f 3059/681 3083/652 3066/668
f 3066/668 3072/669 3070/682
f 3059/681 3064/671 3060/670
f 3081/683 3087/684 3082/685
f 3082/685 3079/686 3081/683
f 3080/687 3093/688 3083/652
f 3088/689 3082/685 3087/684
f 3080/687 3063/690 3079/686
f 3098/691 3086/692 3093/688
f 3105/693 3099/665 3104/694
f 3123/695 3129/676 3126/696
f 3132/654 3127/697 3129/676
f 3095/674 3098/691 3093/688
f 3085/698 3093/688 3086/692
f 3080/687 3059/681 3063/690
f 3083/652 3093/688 3085/698
f 3083/652 3059/681 3080/687
f 3061/680 3062/699 3063/690
f 3128/700 3130/701 3129/676
f 3132/654 3125/702 3127/697
f 3132/654 3124/703 3125/702
f 3121/704 3129/676 3123/695
f 3132/654 3122/705 3124/703
f 3132/654 3120/706 3122/705
f 3107/707 3117/708 3114/709
f 3132/654 3118/710 3120/706
f 3107/707 3129/676 3117/708
f 3118/710 3099/665 3113/711
f 3118/710 3113/711 3116/712
f 3111/713 3108/714 3110/715
f 3093/688 3079/686 3082/685
f 3111/713 3107/707 3108/714
f 3108/714 3114/709 3109/716
f 3132/654 3099/665 3118/710
f 3111/713 3099/665 3107/707
f 3105/693 3106/717 3107/707
f 3113/711 3099/665 3111/713
f 3094/672 3091/718 3104/694
f 3126/696 3129/676 3127/697
f 3119/719 3129/676 3121/704
f 3117/708 3129/676 3119/719
f 3107/707 3114/709 3108/714
f 3109/716 3114/709 3112/720
f 3115/721 3112/720 3114/709
f 3091/718 3088/689 3089/722
f 3092/723 3093/688 3088/689
f 3078/724 3081/683 3079/686
f 3093/688 3082/685 3088/689
f 3079/686 3093/688 3080/687
f 3087/684 3089/722 3088/689
f 2920/4257 2921/4258 2935/4259
f 2910/4260 2911/4262 2921/4258
f 2922/4263 2921/4258 2911/4262
f 2930 2925 2926
f 2918 2919 2913
f 2936/4261 2935/4259 2921/4258
f 2921/4258 2922/4263 2936/4261
f 2921/4258 2920/4257 2910/4260
f 2927 2932 2919
f 2924 2923 2916
f 2929 2923 2925
f 2927 2915 2916
f 2908 2909 2912
f 2912 2914 2913
f 2928 2916 2923
f 2931 2926 2934
f 2916 2917 2924
f 626/139 627/140 643/141
f 644/142 643/141 627/140
f 630/143 641/144 624/145
f 630/143 626/139 643/141
f 670/4264 696/4265 671/4266
f 683 665 681
f 666 682 672
f 683 692 682
f 685 674 684
f 671/4266 656/4268 670/4264
f 669/4269 695/4267 670/4264
f 670/4264 655/4270 669/4269
f 667 692 668
f 696/4265 670/4264 695/4267
f 668 652 667
f 681 664 668
f 653 652 668
f 665 682 666
f 655/4270 670/4264 656/4268
f 673 666 672
f 693 694 691
f 684 672 682
f 691 680 690
f 690 679 689
f 689 678 688
f 688 677 687
f 687 676 686
f 686 675 685
f 663 668 664
f 662 668 663
f 661 668 662
f 660 668 661
f 659 668 660
f 658 668 659
f 657 668 658
f 654 668 657
f 515/725 514/726 502/727
f 502/727 503/728 515/725
f 513/729 512/730 505/731
f 501/732 502/727 505/731
f 527/733 526/734 514/726
f 514/726 515/725 527/733
f 525/735 524/736 517/737
f 513/729 514/726 517/737
f 1152/146 644/142 1153/147
f 2420/148 2421/149 2958/150
f 643/141 644/142 1152/146
f 1262/151 643/141 1387/152
f 2462/153 2421/149 1795/154
f 1794/155 1795/154 2421/149
f 2462/153 2958/150 2421/149
f 2280/156 2877/157 2239/158
f 1724/159 2239/158 1663/160
f 2131/161 1663/160 2239/158
f 1256/162 1262/151 1843/163
f 1206/164 1663/160 1169/165
f 1663/160 2131/161 1387/152
f 1151/166 1169/165 643/141
f 1206/164 1169/165 1151/166
f 1387/152 643/141 1169/165
f 2131/161 1973/167 1843/163
f 1240/168 1653/169 1153/147
f 1153/147 644/142 1240/168
f 1387/152 1843/163 1262/151
f 1256/162 796/170 794/171
f 1153/147 1653/169 1152/146
f 1010/172 644/142 1207/173
f 1652/174 1152/146 1653/169
f 2131/161 2239/158 2877/157
f 1724/159 1660/175 1788/176
f 1659/177 1660/175 1724/159
f 2876/178 2877/157 2956/179
f 2368/180 2466/181 1725/182
f 2280/156 1724/159 1788/176
f 2332/183 1788/176 1794/155
f 2335/184 1794/155 2367/185
f 2959/186 2631/187 2635/188
f 1957/189 1843/163 1973/167
f 2959/186 2562/190 2466/181
f 1910/191 1516/192 1725/182
f 1515/193 1795/154 1240/168
f 1256/162 643/141 1262/151
f 1009/194 1515/193 1240/168
f 643/141 1152/146 1151/166
f 975/195 1472/196 977/197
f 976/198 1473/199 1472/196
f 1857/200 1472/196 1473/199
f 1256/162 794/171 758/201
f 1387/152 1169/165 1663/160
f 1860/202 1477/203 1857/200
f 1860/202 2373/204 1866/205
f 1870/206 1483/207 1866/205
f 1725/182 1516/192 1207/173
f 1861/208 1473/199 1490/209
f 991/210 1490/209 1473/199
f 1876/211 1494/212 1875/213
f 1870/206 2400/214 1875/213
f 2509/215 2537/216 2577/217
f 977/197 1477/203 982/218
f 1881/219 1490/209 1516/192
f 1876/211 2411/220 1892/221
f 982/218 1483/207 993/222
f 1883/223 1491/224 1892/221
f 1010/172 1516/192 1490/209
f 1893/225 1515/193 1882/226
f 1883/223 2429/227 1882/226
f 993/222 1494/212 992/228
f 1893/225 2427/229 1909/230
f 992/228 1491/224 1009/194
f 1652/174 1663/160 1206/164
f 1659/177 1663/160 1652/174
f 1724/159 1663/160 1659/177
f 2959/186 2609/231 2562/190
f 2959/186 2466/181 2368/180
f 1861/208 2389/232 2373/204
f 2959/186 2635/188 2609/231
f 2959/186 2645/233 2649/234
f 1653/169 1240/168 1795/154
f 2959/186 2649/234 2631/187
f 2645/233 2958/150 2485/235
f 2645/233 2577/217 2633/236
f 2485/235 2958/150 2462/153
f 2577/217 2485/235 2509/215
f 2959/186 2958/150 2645/233
f 2645/233 2485/235 2577/217
f 1909/230 2462/153 1795/154
f 1910/191 2466/181 2425/237
f 1881/219 2425/237 2389/232
f 2491/238 2466/181 2562/190
f 2507/239 2491/238 2534/240
f 2562/190 2534/240 2491/238
f 754/241 643/141 758/201
f 1256/162 790/242 796/170
f 1256/162 779/243 790/242
f 1256/162 770/244 779/243
f 1256/162 774/245 770/244
f 1256/162 1255/246 774/245
f 758/201 643/141 1256/162
f 642/247 643/141 725/248
f 2131/161 1997/249 1973/167
f 1843/163 1387/152 2131/161
f 1937/250 1843/163 1955/251
f 2131/161 2003/252 1997/249
f 2420/148 2877/157 2367/185
f 2958/150 2877/157 2420/148
f 2003/252 1971/253 1990/254
f 2130/255 1925/256 1941/257
f 2131/161 1975/258 1971/253
f 2131/161 1971/253 2003/252
f 1975/258 2130/255 1941/257
f 1991/259 2130/255 1842/260
f 2957/261 2956/179 2877/157
f 2131/161 2130/255 1975/258
f 1789/262 1788/176 1660/175
f 716/263 643/141 754/241
f 709/264 643/141 716/263
f 723/265 709/264 728/266
f 728/266 709/264 719/267
f 725/248 643/141 723/265
f 723/265 643/141 709/264
f 893/268 725/248 737/269
f 906/270 737/269 774/245
f 774/245 737/269 762/271
f 893/268 1255/246 641/144
f 1921/272 1843/163 1937/250
f 1955/251 1843/163 1957/189
f 1925/256 1843/163 1921/272
f 2367/185 2421/149 2420/148
f 1794/155 2421/149 2367/185
f 1991/259 1843/163 1925/256
f 1206/164 1152/146 1652/174
f 1151/166 1152/146 1206/164
f 2936/4287 2325/4288 2324/4289
f 1232/4297 696/4299 1231/4294
f 2415 2323 2322
f 2875 2415 2322
f 2934 2875 2322
f 1723/4290 1232/4297 1231/4294
f 3151/1401 3155/1402 3145/1403
f 1568 1229 1228
f 1644 1568 1228
f 1647 1644 1228
f 1648 1647 1228
f 1651 1648 1228
f 1656 1651 1228
f 1721 1656 1228
f 2933 2934 2322
f 1719 2320 2321
f 1658/4295 2276/4296 2277/4291
f 1722/4292 2324/4289 1723/4290
f 1720 2322 1721
f 2325/4288 1723/4290 2324/4289
f 692 1226 1227
f 1719 2321 1720
f 1227 1720 1228
f 695/4301 1230/4298 696/4299
f 1230/4298 1722/4292 1231/4294
f 1230/4298 1231/4294 696/4299
f 2277/4291 1722/4292 1658/4295
f 1722/4292 1230/4298 1658/4295
f 1723/4290 1231/4294 1722/4292
f 2936/4287 2324/4289 2277/4291
f 1722/4292 2277/4291 2324/4289
f 3151/1401 3157/1404 3155/1402
f 2936/4287 2277/4291 2935/4293
f 2668 2322 2321
f 721 694 1228
f 1162 721 1228
f 1229 1162 1228
f 693 692 1227
f 1786 1721 2322
f 1793 1786 2322
f 1829 1793 2322
f 2323 1829 2322
f 2322 1720 2321
f 2320 2932 2321
f 835 1227 1228
f 1721 1228 1720
f 1720 1227 1719
f 1226 1719 1227
f 1201/4300 1658/4295 1230/4298
f 2276/4296 2935/4293 2277/4291
f 3137/1407 3129/1405 3145/1403
f 3145/1403 3129/1405 3151/1401
f 3157/1404 3161/1406 3153/1409
f 3141/1412 3129/1405 3135/1410
f 3151/1401 3163/1408 3161/1406
f 3151/1401 3161/1406 3157/1404
f 3165/1413 3169/1411 3159/1416
f 3163/1408 3169/1411 3165/1413
f 3151/1401 3169/1411 3163/1408
f 3135/1410 3129/1405 3137/1407
f 3169/1411 3147/1418 3159/1416
f 3128/1414 3129/1405 3141/1412
f 3141/1412 3135/1410 3139/1415
f 3169/1411 3143/1417 3147/1418
f 3128/1414 3141/1412 3143/1417
f 3128/1414 3143/1417 3169/1411
f 1721 1786 1787
f 1656 1721 1787
f 2/1419 108/1420 497/1421
f 1787 1657 1656
f 498/1422 497/1421 108/1420
f 538 539 614
f 615 614 539
f 541 612 536
f 541 538 614
f 614/273 615/274 626/139
f 627/140 626/139 615/274
f 617/275 624/145 612/276
f 617/275 614/273 626/139
f 539 538 526
f 526 527 539
f 537 536 529
f 525 526 529
f 25/1323 15/1324 29/1325
f 15/1324 25/1323 18/1326
f 18/1326 25/1323 20/1328
f 107/1329 35/1331 29/1325
f 35/1331 107/1329 108/1333
f 35/1331 108/1333 38/1335
f 38/1335 108/1333 37/1337
f 37/1337 108/1333 32/1339
f 32/1339 108/1333 33/1342
f 33/1342 108/1333 31/1345
f 31/1345 108/1333 27/1348
f 27/1348 108/1333 22/1350
f 22/1350 108/1333 17/1351
f 17/1351 108/1333 16/1354
f 16/1354 108/1333 14/1353
f 14/1353 108/1333 10/1349
f 1/1330 8/1332 2/1334
f 8/1332 1/1330 13/1327
f 13/1327 1/1330 107/1329
f 13/1327 107/1329 29/1325
f 13/1327 29/1325 15/1324
f 2/1334 8/1332 11/1336
f 2/1334 11/1336 3/1338
f 3/1338 11/1336 12/1340
f 3/1338 12/1340 9/1343
f 3/1338 9/1343 6/1346
f 2/1334 3/1338 4/1341
f 2/1334 4/1341 5/1344
f 2/1334 5/1344 7/1347
f 2/1334 7/1347 10/1349
f 2/1334 10/1349 108/1333
f 22/1350 24/1352 27/1348
f 2733/1423 2793/1424 2699/1425
f 2133/1432 2643/1430 2880/1428
f 2643/1430 2133/1432 2627/1434
f 2627/1434 2133/1432 2132/1436
f 2627/1434 2132/1436 2599/1439
f 2627/1434 2599/1439 2625/1442
f 2625/1442 2599/1439 2617/1444
f 2599/1439 2132/1436 2589/1441
f 2589/1441 2132/1436 2587/1443
f 2587/1443 2132/1436 2641/1446
f 2641/1446 2132/1436 2711/1445
f 2711/1445 2132/1436 2723/1440
f 2880/1428 2803/1429 2879/1431
f 2803/1429 2880/1428 2793/1424
f 2793/1424 2880/1428 2685/1427
f 2685/1427 2880/1428 2643/1430
f 2793/1424 2685/1427 2697/1426
f 2793/1424 2697/1426 2699/1425
f 2879/1431 2803/1429 2805/1433
f 2879/1431 2805/1433 2799/1435
f 2799/1435 2805/1433 2785/1437
f 2879/1431 2799/1435 2745/1438
f 2879/1431 2745/1438 2723/1440
f 2879/1431 2723/1440 2132/1436
f 2641/1446 2695/1447 2676/1448
f 2695/1447 2641/1446 2711/1445
f 1258/1449 1365/1450 1846/1451
f 1365/1450 1258/1449 1347/1452
f 1347/1452 1258/1449 1334/1454
f 1334/1454 1258/1449 1257/1456
f 1334/1454 1257/1456 1342/1458
f 1334/1454 1342/1458 1359/1461
f 1342/1458 1257/1456 1331/1460
f 1331/1460 1257/1456 1374/1464
f 1374/1464 1257/1456 1369/1467
f 1369/1467 1257/1456 1379/1470
f 1379/1470 1257/1456 1409/1473
f 1409/1473 1257/1456 1427/1476
f 1427/1476 1257/1456 1420/1478
f 1420/1478 1257/1456 1416/1480
f 1416/1480 1257/1456 1422/1482
f 1422/1482 1257/1456 1449/1483
f 1846/1451 1437/1455 1845/1457
f 1437/1455 1846/1451 1398/1453
f 1398/1453 1846/1451 1365/1450
f 1845/1457 1437/1455 1543/1459
f 1543/1459 1437/1455 1447/1462
f 1543/1459 1447/1462 1459/1465
f 1543/1459 1459/1465 1453/1468
f 1543/1459 1453/1468 1480/1471
f 1543/1459 1480/1471 1521/1474
f 1845/1457 1543/1459 1547/1463
f 1845/1457 1547/1463 1537/1466
f 1845/1457 1537/1466 1514/1469
f 1845/1457 1514/1469 1511/1472
f 1845/1457 1511/1472 1545/1475
f 1845/1457 1545/1475 1553/1477
f 1845/1457 1553/1477 1549/1479
f 1845/1457 1549/1479 1530/1481
f 1845/1457 1530/1481 1449/1483
f 1845/1457 1449/1483 1257/1456
f 107/1381 492/1382 108/1383
f 498/1384 108/1383 492/1382
f 1256/1385 1843/1386 1257/1387
f 1845/1388 1257/1387 1843/1386
f 2131/1389 2877/1390 2132/1391
f 2879/1392 2132/1391 2877/1390
f 3078/1484 3079/1485 3167/1486
f 3167/1486 3079/1485 3149/1487
f 3166/1355 3167/1356 3148/1357
f 3149/1358 3148/1357 3167/1356
f 3168/1359 3169/1360 3150/1361
f 3151/1362 3150/1361 3169/1360
f 766/3285 1196/3286 767/3287
f 1197/3288 767/3287 1196/3286
f 2130/1363 2131/1364 2132/1365
f 2130/1363 2132/1365 2133/1366
f 1255/1367 1256/1368 1257/1369
f 1255/1367 1257/1369 1258/1370
f 109/1488 492/1489 107/1490
f 109/1488 1/1492 491/1491
f 3062/1493 3166/1494 3148/1495
f 3062/1493 3148/1495 3063/1496
f 3106/1497 3168/1498 3150/1499
f 3106/1497 3150/1499 3107/1500
f 826/3335 843/3336 842/3337
f 842/3337 825/3338 826/3335
f 803/3339 809/3340 814/3341
f 815/3342 814/3341 809/3340
f 800/3343 806/3344 801/3345
f 809/3340 802/3346 808/3347
f 807/3348 801/3345 806/3344
f 798/3349 804/3350 799/3351
f 805/3352 799/3351 804/3350
f 802/3346 809/3340 803/3339
f 2878/1371 2877/1372 2876/1373
f 2878/1371 2880/1375 2879/1374
f 1844/1376 1843/1377 1842/1378
f 1844/1376 1846/1380 1845/1379
f 951/3353 1127/3354 952/3355
f 1133/3356 952/3355 1127/3354
f 802/3346 842/3337 808/3347
f 843/3336 808/3347 842/3337
f 819/3357 820/3358 821/3359
f 822/3360 821/3359 820/3358
f 821/3359 822/3360 825/3338
f 826/3335 825/3338 822/3360
f 1120/3408 1096/3409 1048/3410
f 1096/3409 1076/3411 1048/3410
f 1134/3412 1120/3408 1048/3410
f 952/3413 1134/3412 1048/3410
f 952/3413 1133/3414 1134/3412
f 995/3415 832/3416 873/3417
f 1132/3418 807/3419 806/3420
f 806/3420 1131/3421 1132/3418
f 942/3422 846/3423 832/3416
f 846/3423 942/3422 874/3424
f 832/3416 995/3415 942/3422
f 808/3425 843/3426 826/3427
f 804/3428 1129/3429 805/3430
f 1130/3431 805/3430 1129/3429
f 826/3427 820/3432 815/3433
f 826/3427 822/3434 820/3432
f 826/3427 815/3433 809/3435
f 826/3427 809/3435 808/3425
f 814/3341 815/3342 819/3357
f 820/3358 819/3357 815/3342
f 2514/2980 2014/2981 2028/2982
f 2514/2980 2944/2985 2289/2983
f 1667/3006 2288/3013 2036/3011
f 1994/2988 2014/2981 1668/2986
f 2100/2994 2134/2991 2064/2987
f 2289/2983 1668/2986 2014/2981
f 1952/2990 1994/2988 1668/2986
f 1944/2999 1907/2997 1668/2986
f 2523/2984 2028/2982 2064/2987
f 1916/2992 1952/2990 1668/2986
f 1903/2995 1916/2992 1668/2986
f 1907/2997 1903/2995 1668/2986
f 1966/3001 1944/2999 1668/2986
f 1981/3003 1966/3001 1668/2986
f 2540/3010 2943/3007 2541/3004
f 2530/3012 2036/3011 2288/3013
f 1667/3006 2036/3011 2006/3008
f 1667/3006 2006/3008 1981/3003
f 1667/3006 1981/3003 1668/2986
f 2944/2985 2134/2991 2148/2993
f 2544/2989 2064/2987 2134/2991
f 2944/2985 2148/2993 2158/2996
f 2944/2985 2158/2996 2128/2998
f 2547/3002 2068/3005 2541/3004
f 2944/2985 2128/2998 2094/3000
f 2547/3002 2944/2985 2094/3000
f 2540/3010 2058/3009 2530/3012
f 2382/2966 1772/2967 2381/2968
f 2290/2970 2944/2971 2381/2968
f 2381/2968 2944/2971 2382/2966
f 2289/2977 2944/2971 2290/2970
f 1670/2973 2290/2970 1772/2967
f 2297/2972 2855/2974 2859/2979
f 2297/2972 1776/2969 2382/2966
f 2290/2970 1668/2976 2289/2977
f 2382/2966 2944/2971 2855/2974
f 2381/2968 1772/2967 2290/2970
f 1668/2976 2290/2970 1670/2973
f 1772/2967 2382/2966 1776/2969
f 2946/2978 2855/2974 2944/2971
f 2607/277 2366/278 1811/279
f 2371/280 2885/281 2607/277
f 2376/282 2887/283 2885/281
f 2383/284 2889/285 2887/283
f 2390/286 2892/287 2889/285
f 2396/288 2895/289 2892/287
f 2397/290 2896/291 2895/289
f 2401/292 2904/293 2896/291
f 2412/294 2947/295 2904/293
f 2438/296 2953/297 2947/295
f 1217/298 639/299 908/300
f 1499/301 1205/302 759/303
f 1506/304 1499/301 759/303
f 1215/305 1601/306 1506/304
f 1216/307 1612/308 1601/306
f 1260/309 1671/310 1612/308
f 1265/311 1690/312 1671/310
f 1266/313 1691/314 1690/312
f 1267/315 1692/316 1691/314
f 1268/317 1696/318 1692/316
f 1270/319 1700/320 1696/318
f 1271/321 1708/322 1700/320
f 1273/323 1712/324 1708/322
f 1275/325 1715/326 1712/324
f 887/327 885/328 639/299
f 2566/329 2079/330 2089/331
f 1402/332 908/300 929/333
f 1672/334 1774/335 1775/336
f 1402/332 1775/336 1217/298
f 2953/297 2293/337 2418/338
f 1681/339 2089/331 2079/330
f 2438/296 1811/279 2074/340
f 2563/341 2074/340 2079/330
f 2571/342 2089/331 2293/337
f 1676/343 2079/330 2074/340
f 1676/343 1311/344 1329/345
f 743/346 759/303 638/347
f 1662/348 2074/340 1811/279
f 1727/349 1715/326 1811/279
f 1734/350 1727/349 1811/279
f 1736/351 1734/350 1811/279
f 1746/352 1736/351 1811/279
f 1750/353 1746/352 1811/279
f 1759/354 1750/353 1811/279
f 2044/355 1759/354 1811/279
f 2294/356 2044/355 1811/279
f 2366/278 2294/356 1811/279
f 1279/357 1290/358 759/303
f 1299/359 1811/279 1715/326
f 885/328 908/300 639/299
f 1612/308 1671/310 1672/334
f 1612/308 1672/334 1613/360
f 1629/361 1594/362 1627/363
f 849/364 887/327 639/299
f 638/347 883/365 865/366
f 638/347 865/366 639/299
f 865/366 863/367 849/364
f 865/366 849/364 639/299
f 1044/368 872/369 966/370
f 1004/371 1500/372 883/365
f 1401/373 907/374 1500/372
f 1205/302 638/347 759/303
f 1410/375 929/333 1406/376
f 1406/376 927/377 931/378
f 1411/379 931/378 1401/373
f 1595/380 1478/381 1594/362
f 907/374 883/365 1500/372
f 1500/372 1613/360 1775/336
f 1775/336 1613/360 1672/334
f 2296/382 1775/336 1804/383
f 1774/335 1804/383 1775/336
f 1774/335 1803/384 1804/383
f 2841/385 2827/386 2840/387
f 2317/388 1804/383 1817/389
f 2858/390 2841/385 2840/387
f 2295/391 2827/386 2340/392
f 2827/386 2841/385 2858/390
f 2840/387 2857/393 2858/390
f 2954/394 2858/390 2857/393
f 2954/394 2948/395 2947/295
f 2857/393 2948/395 2954/394
f 1817/389 1804/383 1803/384
f 2947/295 2953/297 2954/394
f 1705/396 1646/397 1645/398
f 1781/399 2293/337 2089/331
f 1745/400 2191/401 1781/399
f 1689/402 2109/403 1745/400
f 1596/404 1423/405 1443/406
f 1689/402 1329/345 1345/407
f 1960/408 2040/409 1345/407
f 1693/410 1345/407 2040/409
f 1355/411 1960/408 1345/407
f 1827/412 1890/413 1355/411
f 1960/408 1355/411 1890/413
f 1388/414 1827/412 1355/411
f 1596/404 1773/415 1388/414
f 1827/412 1388/414 1773/415
f 1423/405 1596/404 1388/414
f 1299/359 759/303 1290/358
f 646/416 634/417 752/418
f 1478/381 1595/380 1443/406
f 1596/404 1443/406 1595/380
f 1533/419 1627/363 1478/381
f 1705/396 1645/398 1643/420
f 1627/363 1594/362 1478/381
f 1621/421 1626/422 1533/419
f 1627/363 1533/419 1626/422
f 1567/423 1621/421 1533/419
f 1576/424 1619/425 1567/423
f 1621/421 1567/423 1619/425
f 1586/426 1599/427 1576/424
f 1619/425 1576/424 1599/427
f 1274/428 1279/357 759/303
f 1261/429 1302/430 1272/431
f 2953/297 2500/432 2567/433
f 772/434 1274/428 759/303
f 2953/297 2418/338 2500/432
f 1205/302 1499/301 1500/372
f 1004/371 638/347 1205/302
f 784/435 1263/436 772/434
f 1274/428 772/434 1263/436
f 1241/437 1253/438 784/435
f 1263/436 784/435 1253/438
f 792/439 1241/437 784/435
f 1241/437 792/439 816/440
f 1291/441 1272/431 1302/430
f 1107/442 1202/443 816/440
f 1241/437 816/440 1202/443
f 892/444 1107/442 816/440
f 755/445 744/446 771/447
f 1107/442 892/444 1037/448
f 738/449 743/346 638/347
f 730/450 738/449 638/347
f 717/451 730/450 638/347
f 701/452 705/453 638/347
f 710/454 717/451 638/347
f 705/453 710/454 638/347
f 828/455 711/456 818/457
f 648/458 701/452 638/347
f 637/459 648/458 638/347
f 1278/460 1291/441 1283/461
f 1602/462 1507/463 1506/304
f 1662/348 1290/358 1311/344
f 1506/304 1601/306 1602/462
f 2953/297 2567/433 2671/464
f 2953/297 2671/464 2755/465
f 2953/297 2755/465 2814/466
f 2953/297 2814/466 2856/467
f 2953/297 2856/467 2946/468
f 2950/469 2953/297 2946/468
f 1571/470 1562/471 1366/472
f 2950/469 2945/473 2951/474
f 1773/415 1707/475 1706/476
f 1773/415 1706/476 1705/396
f 1596/404 1707/475 1773/415
f 1332/477 1211/478 1370/479
f 1705/396 1643/420 1640/480
f 1705/396 1640/480 1670/481
f 1670/481 1634/482 1624/483
f 1773/415 1705/396 1772/484
f 1637/485 1670/481 1640/480
f 801/3345 802/3346 768/3361
f 1670/481 1772/484 1705/396
f 2855/486 2946/468 2856/467
f 740/487 752/418 634/417
f 734/488 740/487 634/417
f 633/489 734/488 634/417
f 633/489 733/490 734/488
f 785/491 771/447 744/446
f 749/492 748/493 755/445
f 744/446 755/445 748/493
f 1325/494 1327/495 1239/496
f 1327/495 1356/497 1239/496
f 1370/479 1239/496 1407/498
f 729/499 785/491 744/446
f 1302/430 1208/500 1312/501
f 729/499 797/502 785/491
f 828/455 714/503 711/456
f 834/504 872/369 729/499
f 797/502 729/499 889/505
f 872/369 1044/368 889/505
f 872/369 889/505 729/499
f 828/455 834/504 729/499
f 704/506 818/457 711/456
f 714/503 828/455 729/499
f 646/416 783/507 651/508
f 818/457 704/506 651/508
f 1312/501 1046/509 1332/477
f 1235/510 1370/479 1211/478
f 783/507 646/416 752/418
f 818/457 651/508 783/507
f 1285/511 1283/461 1291/441
f 1291/441 1278/460 1272/431
f 1312/501 966/370 1046/509
f 1302/430 1261/429 1245/512
f 1302/430 1245/512 1208/500
f 1312/501 1110/513 1044/368
f 1110/513 1312/501 1208/500
f 1332/477 1106/514 1179/515
f 1432/516 1407/498 1239/496
f 1312/501 1044/368 966/370
f 831/3362 813/3363 825/3338
f 1106/514 1332/477 1046/509
f 1332/477 1179/515 1211/478
f 1370/479 1235/510 1239/496
f 1375/517 1464/518 1239/496
f 821/3359 825/3338 813/3363
f 1464/518 1432/516 1239/496
f 1356/497 1375/517 1239/496
f 1238/519 1325/494 1239/496
f 1464/518 1375/517 1385/520
f 1464/518 1393/521 1391/522
f 1464/518 1385/520 1393/521
f 1366/472 1343/523 1325/494
f 1670/481 1624/483 1669/524
f 1583/525 1571/470 1366/472
f 1669/524 1583/525 1366/472
f 1512/526 1389/527 1562/471
f 1238/519 1669/524 1325/494
f 1669/524 1366/472 1325/494
f 803/3339 768/3361 802/3346
f 1464/518 1391/522 1395/528
f 1512/526 1399/529 1389/527
f 1399/529 1512/526 1395/528
f 1464/518 1395/528 1512/526
f 1389/527 1366/472 1562/471
f 1670/481 1637/485 1634/482
f 1624/483 1606/530 1669/524
f 1606/530 1583/525 1669/524
f 787/3364 821/3359 813/3363
f 768/3361 814/3341 777/3365
f 768/3361 803/3339 814/3341
f 777/3365 819/3357 787/3364
f 821/3359 787/3364 819/3357
f 800/3343 801/3345 768/3361
f 819/3357 777/3365 814/3341
f 830/3366 1016/3367 954/3368
f 842/3337 802/3346 801/3345
f 869/3369 842/3337 801/3345
f 951/3353 869/3369 801/3345
f 1127/3354 951/3353 801/3345
f 1074/3370 994/3371 1122/3372
f 1198/3373 1123/3374 1197/3375
f 1125/3376 800/3343 799/3351
f 799/3351 800/3343 768/3361
f 798/3349 799/3351 768/3361
f 954/3368 841/3377 830/3366
f 767/3378 1197/3375 798/3349
f 767/3378 798/3349 768/3361
f 841/3377 954/3368 871/3379
f 1074/3370 941/3380 994/3371
f 824/3381 870/3382 830/3366
f 1016/3367 830/3366 870/3382
f 831/3362 845/3383 824/3381
f 870/3382 824/3381 845/3383
f 813/3363 831/3362 824/3381
f 831/3362 825/3338 842/3337
f 1016/3367 870/3382 1074/3370
f 941/3380 1074/3370 870/3382
f 869/3369 951/3353 1047/3384
f 842/3337 869/3369 831/3362
f 1047/3384 1122/3372 994/3371
f 869/3369 1047/3384 994/3371
f 1122/3372 1047/3384 1075/3385
f 1181/3386 1119/3387 1128/3388
f 1128/3388 1198/3373 1181/3386
f 1168/3389 1095/3390 1181/3386
f 1095/3390 1168/3389 1075/3385
f 1122/3372 1075/3385 1168/3389
f 1119/3387 1181/3386 1095/3390
f 1198/3373 1128/3388 1127/3354
f 1198/3373 1126/3391 1125/3376
f 801/3345 1126/3391 1127/3354
f 1198/3373 1127/3354 1126/3391
f 1123/3374 798/3349 1197/3375
f 1198/3373 1124/3392 1123/3374
f 799/3351 1124/3392 1125/3376
f 1198/3373 1125/3376 1124/3392
f 3063/1393 3148/1394 3079/1395
f 3149/1396 3079/1395 3148/1394
f 3107/1397 3150/1398 3129/1399
f 3151/1400 3129/1399 3150/1398
f 1130/3393 1124/3392 799/3351
f 799/3351 805/3352 1130/3393
f 798/3349 1123/3374 804/3350
f 1129/3394 804/3350 1123/3374
f 1134/3395 1133/3356 1127/3354
f 1127/3354 1128/3388 1134/3395
f 1132/3396 1131/3397 1125/3376
f 1130/3393 1129/3394 1124/3392
f 1125/3376 1126/3391 1132/3396
f 1123/3374 1124/3392 1129/3394
f 3024 2978 2977
f 3018 3023 2977
f 2977 3023 3024
f 3018 2975 3021
f 3058/678 3059/681 3054/738
f 3047/739 3059/681 3048/740
f 3060/670 3048/740 3059/681
f 3046/741 3045/742 3054/738
f 995/3398 873/3399 869/3369
f 869/3369 994/3371 995/3398
f 942/3400 941/3380 870/3382
f 870/3382 874/3401 942/3400
f 995/3398 994/3371 941/3380
f 941/3380 942/3400 995/3398
f 2966/531 2954/394 2953/297
f 2960/532 2965/533 2953/297
f 2953/297 2965/533 2966/531
f 2960/532 2951/474 2963/534
f 2978/535 2966/531 2965/533
f 2972/536 2977/537 2965/533
f 2965/533 2977/537 2978/535
f 2972/536 2963/534 2975/538
f 846/3402 845/3383 831/3362
f 831/3362 832/3403 846/3402
f 832/3403 869/3369 873/3399
f 869/3369 832/3403 831/3362
f 3046/741 3047/739 3042/743
f 3035/744 3047/739 3036/745
f 3048/740 3036/745 3047/739
f 3034/746 3033/747 3042/743
f 874/3401 870/3382 845/3383
f 845/3383 846/3402 874/3401
f 3034 3035 3030
f 3023 3035 3024
f 3036 3024 3035
f 3022 3021 3030
f 800/3343 1125/3376 806/3344
f 1131/3397 806/3344 1125/3376
f 1096/3404 1120/3405 1119/3387
f 1119/3387 1095/3390 1096/3404
f 1132/3396 1126/3391 801/3345
f 801/3345 807/3348 1132/3396
f 1048/3406 1076/3407 1075/3385
f 1075/3385 1047/3384 1048/3406
f 1048/3406 951/3353 952/3355
f 951/3353 1048/3406 1047/3384
f 1120/3405 1134/3395 1128/3388
f 1128/3388 1119/3387 1120/3405
f 1076/3407 1096/3404 1095/3390
f 1095/3390 1075/3385 1076/3407
f 786/3253 787/3254 812/3255
f 813/3256 812/3255 787/3254
f 871/3289 867/3290 840/3291
f 840/3291 841/3293 871/3289
f 768/3247 766/3248 767/3249
f 768/3247 765/3250 766/3248
f 775/3251 777/3252 786/3253
f 787/3254 786/3253 777/3252
f 1122/3267 1168/3261 1167/3265
f 1167/3265 1121/3269 1122/3267
f 830/3259 829/3260 823/3257
f 823/3257 824/3258 830/3259
f 734/3238 733/3242 731/3240
f 731/3240 732/3236 734/3238
f 740/3234 734/3238 732/3236
f 732/3236 739/3235 740/3234
f 765/3250 768/3247 775/3251
f 777/3252 775/3251 768/3247
f 1016/3296 1015/3298 953/3294
f 953/3294 954/3292 1016/3296
f 1074/3271 1073/3272 1015/3273
f 1015/3273 1016/3274 1074/3271
f 1074/3271 1122/3267 1121/3269
f 1121/3269 1073/3272 1074/3271
f 1168/3261 1181/3262 1180/3263
f 1180/3263 1167/3265 1168/3261
f 1181/3262 1198/3266 1195/3264
f 1195/3264 1180/3263 1181/3262
f 841/3293 840/3291 829/3295
f 829/3295 830/3297 841/3293
f 954/3292 953/3294 867/3290
f 867/3290 871/3289 954/3292
f 812/3255 813/3256 823/3257
f 824/3258 823/3257 813/3256
f 1198/3266 1197/3270 1196/3268
f 1198/3266 1196/3268 1195/3264
f 2958/150 2959/186 2970/539
f 2971/540 2970/539 2959/186
f 2961/541 2968/542 2956/179
f 2961/541 2958/150 2970/539
f 3016 3017 3028
f 3029 3028 3017
f 3020 3026 3014
f 3020 3016 3028
f 3027 3028 3032
f 3040 3028 3041
f 3029 3041 3028
f 3039 3038 3032
f 3039/748 3040/749 3043/750
f 3052/751 3040/749 3053/752
f 3041/753 3053/752 3040/749
f 3051/754 3050/755 3043/750
f 2970/539 2971/540 3016/543
f 3017/544 3016/543 2971/540
f 2974/545 3014/546 2968/542
f 2974/545 2970/539 3016/543
f 3051/754 3052/751 3056/756
f 3132/654 3052/751 3133/649
f 3053/752 3133/649 3052/751
f 3131/675 3130/701 3056/756
f 316/2173 192/2174 190/2175
f 192/2174 316/2173 318/2176
f 132/2053 131/2054 129/2055
f 130/2058 129/2055 127/2062
f 131/2054 132/2053 133/2056
f 129/2055 130/2058 132/2053
f 128/2067 127/2062 125/2073
f 127/2062 128/2067 130/2058
f 124/2080 123/2082 121/2087
f 125/2073 126/2075 128/2067
f 122/2089 121/2087 119/2091
f 123/2082 124/2080 125/2073
f 126/2075 125/2073 124/2080
f 121/2087 122/2089 124/2080
f 120/2093 119/2091 117/2097
f 119/2091 120/2093 122/2089
f 118/2099 117/2097 115/2103
f 117/2097 118/2099 120/2093
f 116/2105 115/2103 113/2109
f 115/2103 116/2105 118/2099
f 114/2111 113/2109 111/2116
f 113/2109 114/2111 116/2105
f 111/2116 112/2117 114/2111
f 112/2117 111/2116 110/2122
f 142/2102 116/2105 140/2108
f 116/2105 142/2102 118/2099
f 158/2123 136/2121 134/2124
f 136/2121 158/2123 160/2118
f 184/2299 162/2300 160/2301
f 162/2300 184/2299 186/2302
f 310/2304 182/2305 308/2308
f 182/2305 310/2304 184/2299
f 184/2299 158/2303 182/2305
f 158/2303 184/2299 160/2301
f 160/2118 138/2115 136/2121
f 138/2115 160/2118 162/2112
f 136/2121 110/2122 134/2124
f 110/2122 136/2121 112/2117
f 312/2184 188/2182 186/2188
f 188/2182 312/2184 314/2178
f 186/2188 164/2187 162/2192
f 164/2187 186/2188 188/2182
f 310/2304 186/2302 184/2299
f 186/2302 310/2304 312/2306
f 140/2108 114/2111 138/2115
f 114/2111 140/2108 116/2105
f 162/2112 140/2108 138/2115
f 140/2108 162/2112 164/2106
f 138/2115 112/2117 136/2121
f 112/2117 138/2115 114/2111
f 182/2305 159/2307 183/2309
f 159/2307 182/2305 158/2303
f 117/2097 143/2095 141/2101
f 143/2095 117/2097 119/2091
f 133/2056 155/2060 131/2054
f 155/2060 133/2056 157/2064
f 202/2314 330/2315 204/2316
f 330/2315 202/2314 328/2317
f 178/2319 204/2316 180/2322
f 204/2316 178/2319 202/2314
f 154/2063 132/2053 130/2058
f 132/2053 154/2063 156/2059
f 110/2122 135/2120 134/2124
f 135/2120 110/2122 111/2116
f 155/2060 181/2069 179/2065
f 181/2069 155/2060 157/2064
f 158/2123 135/2120 159/2119
f 135/2120 158/2123 134/2124
f 156/2059 133/2056 132/2053
f 133/2056 156/2059 157/2064
f 154/2063 180/2070 156/2059
f 180/2070 154/2063 178/2074
f 200/2194 328/2197 202/2198
f 328/2197 200/2194 326/2196
f 159/2119 137/2113 161/2114
f 137/2113 159/2119 135/2120
f 308/2308 183/2309 309/2311
f 183/2309 308/2308 182/2305
f 111/2116 137/2113 135/2120
f 137/2113 111/2116 113/2109
f 183/2309 161/2310 185/2312
f 161/2310 183/2309 159/2307
f 193/2200 167/2201 169/2202
f 167/2201 193/2200 191/2203
f 153/2057 179/2065 177/2066
f 179/2065 153/2057 155/2060
f 309/2311 185/2312 311/2313
f 185/2312 309/2311 183/2309
f 179/2324 205/2318 203/2323
f 205/2318 179/2324 181/2321
f 113/2109 139/2107 137/2113
f 139/2107 113/2109 115/2103
f 185/2219 163/2213 187/2216
f 163/2213 185/2219 161/2222
f 317/2209 189/2210 191/2203
f 189/2210 317/2209 315/2215
f 325/2218 197/2211 199/2217
f 197/2211 325/2218 323/2212
f 315/2215 187/2216 189/2210
f 187/2216 315/2215 313/2221
f 161/2114 139/2107 163/2110
f 139/2107 161/2114 137/2113
f 165/2104 139/2107 141/2101
f 139/2107 165/2104 163/2110
f 311/2223 187/2216 313/2221
f 187/2216 311/2223 185/2219
f 191/2203 165/2206 167/2201
f 165/2206 191/2203 189/2210
f 169/2092 143/2095 145/2085
f 143/2095 169/2092 167/2098
f 125/2073 147/2078 123/2082
f 147/2078 125/2073 149/2071
f 199/2217 173/2214 175/2220
f 173/2214 199/2217 197/2211
f 119/2091 145/2085 143/2095
f 145/2085 119/2091 121/2087
f 167/2098 141/2101 143/2095
f 141/2101 167/2098 165/2104
f 321/2208 193/2200 195/2204
f 193/2200 321/2208 319/2205
f 189/2210 163/2213 165/2206
f 163/2213 189/2210 187/2216
f 115/2103 141/2101 139/2107
f 141/2101 115/2103 117/2097
f 319/2205 191/2203 193/2200
f 191/2203 319/2205 317/2209
f 175/2072 149/2071 151/2061
f 149/2071 175/2072 173/2079
f 127/2062 149/2071 125/2073
f 149/2071 127/2062 151/2061
f 150/2076 128/2067 126/2075
f 128/2067 150/2076 152/2068
f 170/2090 148/2083 146/2088
f 148/2083 170/2090 172/2084
f 192/2174 170/2181 168/2177
f 170/2181 192/2174 194/2179
f 199/2217 327/2225 325/2218
f 327/2225 199/2217 201/2224
f 322/2189 198/2190 196/2185
f 198/2190 322/2189 324/2193
f 172/2084 150/2076 148/2083
f 150/2076 172/2084 174/2081
f 195/2204 169/2202 171/2207
f 169/2202 195/2204 193/2200
f 197/2211 171/2207 173/2214
f 171/2207 197/2211 195/2204
f 171/2086 145/2085 147/2078
f 145/2085 171/2086 169/2092
f 168/2094 146/2088 144/2096
f 146/2088 168/2094 170/2090
f 323/2212 195/2204 197/2211
f 195/2204 323/2212 321/2208
f 175/2220 201/2224 199/2217
f 201/2224 175/2220 177/2226
f 324/2193 200/2194 198/2190
f 200/2194 324/2193 326/2196
f 174/2081 152/2068 150/2076
f 152/2068 174/2081 176/2077
f 148/2083 126/2075 124/2080
f 126/2075 148/2083 150/2076
f 198/2190 176/2195 174/2191
f 176/2195 198/2190 200/2194
f 318/2176 194/2179 192/2174
f 194/2179 318/2176 320/2183
f 146/2088 120/2093 144/2096
f 120/2093 146/2088 122/2089
f 176/2195 202/2198 178/2199
f 202/2198 176/2195 200/2194
f 123/2082 145/2085 121/2087
f 145/2085 123/2082 147/2078
f 320/2183 196/2185 194/2179
f 196/2185 320/2183 322/2189
f 194/2179 172/2186 170/2181
f 172/2186 194/2179 196/2185
f 152/2068 130/2058 128/2067
f 130/2058 152/2068 154/2063
f 146/2088 124/2080 122/2089
f 124/2080 146/2088 148/2083
f 173/2079 147/2078 149/2071
f 147/2078 173/2079 171/2086
f 152/2068 178/2074 154/2063
f 178/2074 152/2068 176/2077
f 196/2185 174/2191 172/2186
f 174/2191 196/2185 198/2190
f 333/2369 331/2370 330/2371
f 329/2374 331/2370 332/2372
f 333/2369 332/2372 331/2370
f 327/2376 329/2374 332/2372
f 325/2378 327/2376 332/2372
f 323/2380 325/2378 332/2372
f 321/2382 323/2380 332/2372
f 319/2384 321/2382 332/2372
f 317/2386 319/2384 332/2372
f 333/2369 330/2371 328/2373
f 305/2470 307/2394 313/2461
f 307/2394 308/2435 309/2445
f 307/2394 309/2445 311/2453
f 307/2394 311/2453 313/2461
f 297/2485 313/2461 315/2409
f 303/2476 305/2470 313/2461
f 301/2483 303/2476 313/2461
f 299/2488 301/2483 313/2461
f 297/2485 299/2488 313/2461
f 295/2479 297/2485 315/2409
f 293/2473 295/2479 315/2409
f 291/2465 293/2473 315/2409
f 273/2403 315/2409 317/2386
f 281/2448 283/2446 315/2409
f 283/2446 284/2477 285/2484
f 283/2446 285/2484 287/2478
f 283/2446 287/2478 289/2472
f 283/2446 289/2472 291/2465
f 283/2446 291/2465 315/2409
f 279/2439 281/2448 315/2409
f 277/2428 279/2439 315/2409
f 275/2417 277/2428 315/2409
f 273/2403 275/2417 315/2409
f 271/2397 273/2403 317/2386
f 333/2369 272/2437 259/2447
f 269/2392 271/2397 317/2386
f 258/2389 317/2386 332/2372
f 258/2389 260/2427 261/2416
f 258/2389 261/2416 263/2408
f 258/2389 263/2408 265/2402
f 258/2389 265/2402 267/2396
f 258/2389 267/2396 269/2392
f 258/2389 269/2392 317/2386
f 333/2369 328/2373 326/2375
f 310/2424 308/2435 307/2394
f 333/2369 326/2375 324/2377
f 333/2369 324/2377 322/2379
f 333/2369 322/2379 320/2381
f 333/2369 320/2381 318/2383
f 333/2369 300/2388 298/2391
f 312/2413 310/2424 307/2394
f 314/2406 312/2413 307/2394
f 316/2400 314/2406 307/2394
f 318/2383 316/2400 307/2394
f 318/2383 307/2394 306/2390
f 318/2383 304/2387 302/2385
f 318/2383 306/2390 304/2387
f 333/2369 318/2383 302/2385
f 286/2471 284/2477 283/2446
f 333/2369 302/2385 300/2388
f 333/2369 298/2391 296/2395
f 333/2369 296/2395 294/2401
f 333/2369 276/2415 274/2426
f 288/2462 286/2471 283/2446
f 290/2454 288/2462 283/2446
f 292/2436 290/2454 283/2446
f 292/2436 283/2446 282/2425
f 294/2401 282/2425 280/2414
f 294/2401 292/2436 282/2425
f 333/2369 294/2401 278/2407
f 294/2401 280/2414 278/2407
f 262/2438 260/2427 258/2389
f 333/2369 278/2407 276/2415
f 333/2369 274/2426 272/2437
f 272/2437 270/2455 259/2447
f 270/2455 268/2463 259/2447
f 268/2463 266/2464 259/2447
f 258/2389 259/2447 262/2438
f 266/2464 264/2456 259/2447
f 264/2456 262/2438 259/2447
f 462/2531 461/2532 332/2533
f 332/2533 333/2534 462/2531
f 463/2535 462/2531 333/2534
f 314/2178 190/2175 188/2182
f 190/2175 314/2178 316/2173
f 188/2182 166/2180 164/2187
f 166/2180 188/2182 190/2175
f 164/2106 142/2102 140/2108
f 142/2102 164/2106 166/2100
f 259/2497 435/2498 333/2499
f 463/2500 333/2499 435/2498
f 205/2318 330/2315 331/2320
f 330/2315 205/2318 204/2316
f 131/2054 153/2057 129/2055
f 153/2057 131/2054 155/2060
f 129/2055 151/2061 127/2062
f 151/2061 129/2055 153/2057
f 181/2321 204/2316 205/2318
f 204/2316 181/2321 180/2322
f 203/2323 331/2320 329/2325
f 331/2320 203/2323 205/2318
f 166/2100 144/2096 142/2102
f 144/2096 166/2100 168/2094
f 201/2326 329/2325 327/2328
f 329/2325 201/2326 203/2323
f 156/2059 181/2069 157/2064
f 181/2069 156/2059 180/2070
f 177/2327 203/2323 201/2326
f 203/2323 177/2327 179/2324
f 190/2175 168/2177 166/2180
f 168/2177 190/2175 192/2174
f 144/2096 118/2099 142/2102
f 118/2099 144/2096 120/2093
f 151/2061 177/2066 175/2072
f 177/2066 151/2061 153/2057
f 257/2491 256/2492 254/2493
f 254/2493 255/2495 257/2491
f 228/2125 227/2126 225/2127
f 226/2129 225/2127 223/2130
f 227/2126 228/2125 229/2128
f 225/2127 226/2129 228/2125
f 224/2131 223/2130 221/2132
f 223/2130 224/2131 226/2129
f 222/2133 221/2132 219/2134
f 221/2132 222/2133 224/2131
f 220/2135 219/2134 217/2136
f 219/2134 220/2135 222/2133
f 218/2137 217/2136 215/2138
f 217/2136 218/2137 220/2135
f 216/2139 215/2138 213/2140
f 215/2138 216/2139 218/2137
f 214/2141 213/2140 211/2142
f 213/2140 214/2141 216/2139
f 212/2143 211/2142 209/2144
f 211/2142 212/2143 214/2141
f 210/2145 209/2144 207/2146
f 209/2144 210/2145 212/2143
f 252/2149 251/2150 249/2151
f 207/2146 208/2147 210/2145
f 250/2153 249/2151 247/2154
f 208/2147 207/2146 206/2148
f 251/2150 252/2149 253/2152
f 249/2151 250/2153 252/2149
f 248/2155 247/2154 245/2156
f 247/2154 248/2155 250/2153
f 246/2157 245/2156 243/2158
f 245/2156 246/2157 248/2155
f 244/2159 243/2158 241/2160
f 243/2158 244/2159 246/2157
f 242/2161 241/2160 239/2162
f 241/2160 242/2161 244/2159
f 240/2163 239/2162 237/2164
f 239/2162 240/2163 242/2161
f 238/2165 237/2164 235/2166
f 237/2164 238/2165 240/2163
f 236/2167 235/2166 233/2168
f 235/2166 236/2167 238/2165
f 234/2169 233/2168 231/2170
f 233/2168 234/2169 236/2167
f 231/2170 232/2171 234/2169
f 232/2171 231/2170 230/2172
f 244/2227 298/2228 246/2229
f 300/2231 246/2229 298/2228
f 246/2229 300/2231 248/2233
f 302/2235 248/2233 300/2231
f 250/2239 248/2233 304/2237
f 302/2235 304/2237 248/2233
f 252/2329 250/2330 306/2331
f 304/2332 306/2331 250/2330
f 253/2334 252/2329 307/2333
f 306/2331 307/2333 252/2329
f 251/2336 253/2334 305/2335
f 307/2333 305/2335 253/2334
f 249/2338 251/2336 303/2337
f 305/2335 303/2337 251/2336
f 247/2253 249/2255 301/2251
f 303/2257 301/2251 249/2255
f 301/2251 299/2245 245/2249
f 245/2249 247/2253 301/2251
f 299/2245 297/2246 243/2247
f 243/2247 245/2249 299/2245
f 297/2246 295/2250 241/2248
f 241/2248 243/2247 297/2246
f 295/2250 293/2254 239/2252
f 239/2252 241/2248 295/2250
f 293/2254 291/2258 237/2256
f 237/2256 239/2252 293/2254
f 291/2258 289/2260 235/2259
f 235/2259 237/2256 291/2258
f 287/2261 233/2262 235/2259
f 235/2259 289/2260 287/2261
f 285/2339 231/2340 233/2341
f 233/2341 287/2343 285/2339
f 284/2342 230/2344 231/2340
f 231/2340 285/2339 284/2342
f 286/2345 232/2346 230/2344
f 230/2344 284/2342 286/2345
f 288/2347 234/2348 232/2346
f 232/2346 286/2345 288/2347
f 290/2241 236/2242 234/2243
f 234/2243 288/2244 290/2241
f 236/2242 290/2241 238/2240
f 292/2238 238/2240 290/2241
f 238/2240 292/2238 240/2236
f 294/2234 240/2236 292/2238
f 240/2236 294/2234 242/2232
f 296/2230 242/2232 294/2234
f 242/2232 296/2230 244/2227
f 298/2228 244/2227 296/2230
f 263/2297 209/2298 211/2295
f 211/2295 265/2296 263/2297
f 261/2349 207/2350 209/2351
f 209/2351 263/2353 261/2349
f 260/2352 206/2354 207/2350
f 207/2350 261/2349 260/2352
f 262/2355 208/2356 206/2354
f 206/2354 260/2352 262/2355
f 264/2357 210/2358 208/2356
f 208/2356 262/2355 264/2357
f 266/2266 212/2268 210/2270
f 210/2270 264/2272 266/2266
f 212/2268 266/2266 214/2263
f 268/2264 214/2263 266/2266
f 214/2263 268/2264 216/2265
f 270/2267 216/2265 268/2264
f 216/2265 270/2267 218/2269
f 272/2271 218/2269 270/2267
f 218/2269 272/2271 220/2273
f 274/2274 220/2273 272/2271
f 220/2273 274/2274 222/2275
f 276/2276 222/2275 274/2274
f 222/2275 276/2276 224/2277
f 278/2278 224/2277 276/2276
f 226/2280 224/2277 280/2279
f 278/2278 280/2279 224/2277
f 228/2359 226/2360 282/2361
f 280/2362 282/2361 226/2360
f 229/2364 228/2359 283/2363
f 282/2361 283/2363 228/2359
f 227/2366 229/2364 281/2365
f 283/2363 281/2365 229/2364
f 225/2368 227/2366 279/2367
f 281/2365 279/2367 227/2366
f 223/2289 225/2291 277/2287
f 279/2293 277/2287 225/2291
f 277/2287 275/2281 221/2285
f 221/2285 223/2289 277/2287
f 275/2281 273/2282 219/2283
f 219/2283 221/2285 275/2281
f 273/2282 271/2286 217/2284
f 217/2284 219/2283 273/2282
f 271/2286 269/2290 215/2288
f 215/2288 217/2284 271/2286
f 269/2290 267/2294 213/2292
f 213/2292 215/2288 269/2290
f 267/2294 265/2296 211/2295
f 211/2295 213/2292 267/2294
f 1593/2913 1704/2914 1596/2915
f 1707/2916 1596/2915 1704/2914
f 1595/2901 1594/2902 1591/2903
f 1596/2904 1595/2901 1591/2903
f 1591/2903 1592/2905 1596/2904
f 1592/2905 1593/2906 1596/2904
f 1706/2907 1702/2908 1705/2909
f 1703/2910 1706/2907 1704/2911
f 1707/2912 1704/2911 1706/2907
f 1702/2908 1706/2907 1703/2910
f 1632/2580 1631/2579 1635/2582
f 1631/2579 1632/2580 1627/2581
f 1627/2581 1632/2580 1629/2583
f 1643/2599 1641/2601 1639/2597
f 1641/2601 1643/2599 1645/2603
f 1627/2581 1628/2584 1631/2579
f 1628/2584 1627/2581 1626/2586
f 1640/2595 1639/2597 1638/2593
f 1639/2597 1640/2595 1643/2599
f 1628/2584 1621/2587 1625/2588
f 1621/2587 1628/2584 1626/2586
f 1637/2592 1638/2593 1633/2594
f 1638/2593 1637/2592 1640/2595
f 1624/2600 1630/2596 1622/2602
f 1630/2596 1624/2600 1634/2598
f 1600/2679 1619/2680 1599/2681
f 1619/2680 1600/2679 1620/2682
f 1606/2690 1622/2689 1605/2692
f 1622/2689 1606/2690 1624/2691
f 1600/2679 1586/2683 1585/2684
f 1586/2683 1600/2679 1599/2681
f 1606/2690 1584/2693 1583/2694
f 1584/2693 1606/2690 1605/2692
f 1585/2684 1576/2685 1575/2686
f 1576/2685 1585/2684 1586/2683
f 1583/2694 1572/2695 1571/2696
f 1572/2695 1583/2694 1584/2693
f 1575/2686 1567/2687 1564/2688
f 1567/2687 1575/2686 1576/2685
f 1571/2696 1563/2697 1562/2698
f 1563/2697 1571/2696 1572/2695
f 1564/2639 1533/2635 1524/2637
f 1533/2635 1564/2639 1567/2641
f 1562/2615 1519/2611 1512/2613
f 1519/2611 1562/2615 1563/2617
f 1533/2635 1474/2633 1524/2637
f 1474/2633 1533/2635 1478/2631
f 1464/2609 1519/2611 1469/2607
f 1519/2611 1464/2609 1512/2613
f 1478/2631 1442/2629 1474/2633
f 1442/2629 1478/2631 1443/2627
f 1432/2606 1469/2607 1435/2608
f 1469/2607 1432/2606 1464/2609
f 1443/2627 1417/2626 1442/2629
f 1417/2626 1443/2627 1423/2628
f 1407/2610 1435/2608 1412/2612
f 1435/2608 1407/2610 1432/2606
f 1423/2628 1384/2630 1417/2626
f 1384/2630 1423/2628 1388/2632
f 1370/2614 1412/2612 1377/2616
f 1412/2612 1370/2614 1407/2610
f 1388/2632 1348/2634 1384/2630
f 1348/2634 1388/2632 1355/2636
f 1332/2618 1377/2616 1340/2619
f 1377/2616 1332/2618 1370/2614
f 1355/2636 1337/2638 1348/2634
f 1337/2638 1355/2636 1345/2640
f 1312/2620 1340/2619 1319/2621
f 1340/2619 1312/2620 1332/2618
f 1345/2640 1322/2642 1337/2638
f 1322/2642 1345/2640 1329/2643
f 1302/2622 1319/2621 1306/2623
f 1319/2621 1302/2622 1312/2620
f 1329/2643 1305/2644 1322/2642
f 1305/2644 1329/2643 1311/2645
f 1291/2624 1306/2623 1294/2625
f 1306/2623 1291/2624 1302/2622
f 1305/2699 1290/2700 1289/2701
f 1290/2700 1305/2699 1311/2702
f 1276/2705 1279/2704 1274/2706
f 1279/2704 1276/2705 1280/2703
f 1278/2729 1281/2730 1277/2731
f 1281/2730 1278/2729 1283/2732
f 1264/2707 1274/2706 1263/2708
f 1274/2706 1264/2707 1276/2705
f 1272/2733 1277/2731 1269/2735
f 1277/2731 1272/2733 1278/2729
f 1254/2709 1263/2708 1253/2710
f 1263/2708 1254/2709 1264/2707
f 1261/2737 1269/2735 1259/2740
f 1269/2735 1261/2737 1272/2733
f 1242/2711 1253/2710 1241/2712
f 1253/2710 1242/2711 1254/2709
f 1245/2742 1259/2740 1244/2744
f 1259/2740 1245/2742 1261/2737
f 1203/2713 1241/2712 1202/2714
f 1241/2712 1203/2713 1242/2711
f 1208/2747 1244/2744 1204/2748
f 1244/2744 1208/2747 1245/2742
f 1108/2715 1202/2714 1107/2716
f 1202/2714 1108/2715 1203/2713
f 1110/2749 1204/2748 1109/2750
f 1204/2748 1110/2749 1208/2747
f 1038/2717 1107/2716 1037/2718
f 1107/2716 1038/2717 1108/2715
f 1044/2751 1109/2750 1043/2752
f 1109/2750 1044/2751 1110/2749
f 1038/2717 892/2719 891/2720
f 892/2719 1038/2717 1037/2718
f 1044/2751 890/2753 889/2754
f 890/2753 1044/2751 1043/2752
f 891/2720 816/2721 811/2722
f 816/2721 891/2720 892/2719
f 889/2754 810/2755 797/2756
f 810/2755 889/2754 890/2753
f 811/2722 792/2723 791/2724
f 792/2723 811/2722 816/2721
f 797/2756 788/2757 785/2758
f 788/2757 797/2756 810/2755
f 791/2724 784/2725 781/2726
f 784/2725 791/2724 792/2723
f 785/2758 776/2759 771/2760
f 776/2759 785/2758 788/2757
f 784/2725 763/2727 781/2726
f 763/2727 784/2725 772/2728
f 755/2648 776/2650 760/2646
f 776/2650 755/2648 771/2651
f 772/2875 756/2873 763/2871
f 756/2873 772/2875 759/2878
f 749/2647 760/2646 750/2649
f 760/2646 749/2647 755/2648
f 745/2876 759/2878 743/2880
f 759/2878 745/2876 756/2873
f 743/2657 741/2655 745/2659
f 741/2655 743/2657 738/2653
f 738/2653 735/2652 741/2655
f 735/2652 738/2653 730/2654
f 742/2882 748/2884 746/2879
f 748/2884 742/2882 744/2886
f 735/2652 717/2656 720/2658
f 717/2656 735/2652 730/2654
f 729/2888 742/2882 726/2885
f 742/2882 729/2888 744/2886
f 717/2656 712/2660 720/2658
f 712/2660 717/2656 710/2661
f 713/2889 729/2888 726/2885
f 729/2888 713/2889 714/2891
f 710/2661 706/2662 712/2660
f 706/2662 710/2661 705/2663
f 711/2784 713/2786 707/2782
f 713/2786 711/2784 714/2788
f 702/2664 705/2663 701/2665
f 705/2663 702/2664 706/2662
f 704/2780 707/2782 703/2778
f 707/2782 704/2780 711/2784
f 649/2762 701/2761 648/2764
f 701/2761 649/2762 702/2763
f 651/2777 703/2778 650/2779
f 703/2778 651/2777 704/2780
f 632/2766 631/2767 628/2768
f 631/2767 632/2766 637/2765
f 637/2765 632/2766 649/2762
f 637/2765 649/2762 648/2764
f 646/2781 650/2779 645/2783
f 650/2779 646/2781 651/2777
f 335/2771 632/2766 385/2770
f 385/2770 632/2766 628/2768
f 384/2787 634/2785 645/2783
f 646/2781 645/2783 634/2785
f 334/2790 384/2787 645/2783
f 339/2666 338/2667 336/2668
f 337/2669 336/2668 334/2670
f 336/2668 337/2669 339/2666
f 334/2670 335/2672 337/2669
f 337/2669 385/2671 339/2666
f 388/2673 339/2666 385/2671
f 434/2674 339/2666 388/2673
f 335/2672 385/2671 337/2669
f 387/2792 384/2787 334/2790
f 433/2795 387/2792 334/2790
f 334/2790 336/2797 433/2795
f 336/2797 338/2798 433/2795
f 1623/2802 1633/2803 1625/2804
f 1289/2843 1280/2845 1282/2844
f 1524/2825 1519/2824 1564/2823
f 1633/2803 1623/2802 1630/2805
f 1281/2847 1282/2844 1276/2846
f 1305/2841 1288/2842 1294/2840
f 1282/2844 1288/2842 1289/2843
f 746/2879 747/2877 741/2874
f 756/2873 745/2876 741/2874
f 756/2873 750/2872 763/2871
f 747/2877 750/2872 741/2874
f 756/2873 741/2874 750/2872
f 763/2871 760/2870 781/2869
f 1244/2855 1259/2854 1242/2853
f 1288/2842 1305/2841 1289/2843
f 1620/2807 1630/2805 1623/2802
f 1305/2841 1294/2840 1322/2839
f 1306/2838 1322/2839 1294/2840
f 1630/2805 1600/2809 1622/2811
f 1572/2815 1622/2811 1585/2813
f 735/2881 746/2879 741/2874
f 1319/2836 1337/2837 1306/2838
f 1322/2839 1306/2838 1337/2837
f 1340/2834 1348/2835 1319/2836
f 1337/2837 1319/2836 1348/2835
f 706/2890 713/2889 712/2887
f 1377/2832 1384/2833 1340/2834
f 1348/2835 1340/2834 1384/2833
f 334/2898 645/2900 650/2896
f 1412/2830 1417/2831 1377/2832
f 1384/2833 1377/2832 1417/2831
f 1435/2828 1442/2829 1412/2830
f 1417/2831 1412/2830 1442/2829
f 1469/2826 1474/2827 1435/2828
f 1442/2829 1435/2828 1474/2827
f 1519/2824 1524/2825 1469/2826
f 1474/2827 1469/2826 1524/2825
f 1563/2818 1564/2823 1519/2824
f 1563/2818 1575/2821 1564/2823
f 1630/2805 1620/2807 1600/2809
f 1600/2809 1585/2813 1622/2811
f 1572/2815 1585/2813 1563/2818
f 1575/2821 1563/2818 1585/2813
f 1584/2820 1605/2817 1572/2815
f 1622/2811 1572/2815 1605/2817
f 776/2867 781/2869 760/2870
f 760/2870 763/2871 750/2872
f 788/2865 811/2863 776/2867
f 1254/2852 1269/2851 1264/2850
f 811/2863 788/2865 810/2862
f 811/2863 791/2868 776/2867
f 781/2869 776/2867 791/2868
f 1280/2845 1276/2846 1282/2844
f 811/2863 810/2862 891/2861
f 890/2864 1109/2860 810/2862
f 1109/2860 1038/2859 891/2861
f 1109/2860 891/2861 810/2862
f 712/2887 726/2885 720/2883
f 1109/2860 890/2864 1043/2866
f 1277/2849 1281/2847 1276/2846
f 1264/2850 1277/2849 1276/2846
f 1269/2851 1254/2852 1242/2853
f 1277/2849 1264/2850 1269/2851
f 1203/2856 1244/2855 1242/2853
f 1244/2855 1203/2856 1108/2857
f 1269/2851 1242/2853 1259/2854
f 1038/2859 1204/2858 1108/2857
f 1244/2855 1108/2857 1204/2858
f 1204/2858 1038/2859 1109/2860
f 632/2897 335/2899 334/2898
f 713/2889 706/2890 707/2892
f 720/2883 742/2882 735/2881
f 746/2879 735/2881 742/2882
f 742/2882 720/2883 726/2885
f 726/2885 712/2887 713/2889
f 702/2893 707/2892 706/2890
f 650/2896 632/2897 334/2898
f 649/2895 703/2894 702/2893
f 707/2892 702/2893 703/2894
f 632/2897 650/2896 649/2895
f 703/2894 649/2895 650/2896
f 1642/2819 1636/2822 1635/2816
f 1638/2806 1625/2804 1633/2803
f 1625/2804 1638/2806 1628/2808
f 1631/2812 1641/2814 1635/2816
f 1642/2819 1635/2816 1641/2814
f 1628/2808 1639/2810 1631/2812
f 1641/2814 1631/2812 1639/2810
f 1639/2810 1628/2808 1638/2806
f 432/2536 258/2537 431/2538
f 339/2542 434/2543 259/2541
f 435/2544 259/2541 434/2543
f 338/2540 339/2542 259/2541
f 258/2537 432/2536 433/2539
f 258/2537 338/2540 259/2541
f 258/2537 433/2539 338/2540
f 750/2678 747/2676 749/2675
f 748/2799 747/2800 746/2801
f 749/2675 747/2676 748/2677
f 1280/2703 1290/2700 1279/2704
f 1290/2700 1280/2703 1289/2701
f 1285/2734 1281/2730 1283/2732
f 1286/2736 1281/2730 1285/2734
f 1284/2738 1288/2743 1282/2745
f 1288/2743 1284/2738 1287/2741
f 1282/2844 1281/2847 1284/2848
f 1286/2736 1284/2738 1281/2730
f 349/2404 357/2420 347/2411
f 357/2420 355/2430 347/2411
f 365/2442 363/2450 355/2430
f 357/2420 365/2442 355/2430
f 1294/2746 1288/2743 1291/2739
f 1291/2739 1286/2736 1285/2734
f 1286/2736 1291/2739 1287/2741
f 1287/2741 1291/2739 1288/2743
f 1619/2591 1620/2590 1621/2587
f 1621/2587 1620/2590 1623/2589
f 1637/2592 1630/2596 1634/2598
f 1637/2592 1633/2594 1630/2596
f 1621/2587 1623/2589 1625/2588
f 1685/2954 1608/2955 1607/2956
f 1607/2956 1684/2957 1685/2954
f 1608/2946 1685/2947 1611/2948
f 1688/2949 1611/2948 1685/2947
f 1610/2936 1609/2937 1607/2938
f 1611/2939 1610/2936 1607/2938
f 1607/2938 1608/2940 1611/2939
f 1686/2950 1684/2951 1607/2952
f 1607/2952 1609/2953 1686/2950
f 1684/2941 1686/2942 1685/2943
f 1687/2944 1685/2943 1686/2942
f 1688/2945 1685/2943 1687/2944
f 460/2501 382/2502 456/2503
f 460/2501 374/2504 382/2502
f 340/2510 346/2512 342/2508
f 460/2501 366/2505 374/2504
f 460/2501 358/2506 366/2505
f 380/2528 372/2526 378/2527
f 460/2501 350/2507 358/2506
f 372/2526 364/2522 370/2524
f 460/2501 342/2508 350/2507
f 364/2522 356/2518 362/2520
f 356/2518 348/2514 354/2516
f 342/2508 257/2509 340/2510
f 460/2501 257/2509 342/2508
f 378/2527 452/2529 380/2528
f 454/2530 380/2528 452/2529
f 370/2524 378/2527 372/2526
f 362/2520 370/2524 364/2522
f 354/2516 362/2520 356/2518
f 346/2512 354/2516 348/2514
f 360/2519 449/2515 368/2521
f 348/2514 342/2508 346/2512
f 368/2521 449/2515 376/2523
f 450/2525 376/2523 449/2515
f 352/2517 449/2515 360/2519
f 344/2511 449/2515 352/2517
f 255/2513 449/2515 344/2511
f 257/2509 344/2511 340/2510
f 255/2513 344/2511 257/2509
f 448/2545 254/2546 447/2547
f 254/2546 448/2545 449/2548
f 449/2548 255/2549 254/2546
f 459/2550 458/2551 256/2552
f 256/2552 257/2553 459/2550
f 460/2554 459/2550 257/2553
f 103/866 99/867 101/868
f 99/867 103/866 97/869
f 97/869 103/866 104/870
f 97/869 104/870 94/871
f 94/871 104/870 106/872
f 94/871 87/873 92/874
f 87/873 94/871 106/872
f 87/873 106/872 105/875
f 87/873 105/875 84/876
f 84/876 105/875 85/877
f 85/877 105/875 83/878
f 83/878 105/875 86/879
f 86/879 105/875 102/880
f 86/879 102/880 100/881
f 86/879 100/881 98/882
f 86/879 98/882 88/883
f 88/883 98/882 89/884
f 89/884 98/882 96/885
f 89/884 96/885 90/886
f 90/886 96/885 95/887
f 90/886 95/887 91/888
f 91/888 95/887 93/889
f 609/890 608/891 607/892
f 608/891 609/890 610/893
f 611/894 609/890 607/892
f 605/895 606/896 607/892
f 611/894 607/892 606/896
f 603/897 604/898 605/895
f 606/896 605/895 604/898
f 601/899 603/897 605/895
f 600/900 601/899 605/895
f 601/899 600/900 599/901
f 604/898 603/897 602/902
f 564/903 566/904 569/905
f 563/906 561/907 558/908
f 570/909 569/905 566/904
f 571/910 570/909 566/904
f 596/911 595/912 591/913
f 561/907 563/906 564/903
f 566/904 564/903 563/906
f 562/914 560/915 557/916
f 551/917 553/918 558/908
f 563/906 558/908 553/918
f 560/915 559/919 556/920
f 547/921 550/922 551/917
f 553/918 551/917 550/922
f 590/923 592/924 593/925
f 594/926 593/925 592/924
f 583/927 590/923 593/925
f 582/928 583/927 593/925
f 591/913 581/929 579/930
f 578/931 580/932 582/928
f 583/927 582/928 580/932
f 577/933 578/931 582/928
f 562/914 565/934 568/935
f 574/936 575/937 577/933
f 575/937 576/938 577/933
f 565/934 567/939 568/935
f 573/940 574/936 577/933
f 572/941 573/940 577/933
f 568/935 577/933 582/928
f 568/935 572/941 577/933
f 554/942 555/943 559/919
f 572/941 568/935 567/939
f 560/915 562/914 568/935
f 562/914 557/916 552/944
f 559/919 560/915 568/935
f 555/943 556/920 559/919
f 591/913 589/945 585/946
f 585/946 584/947 581/929
f 588/948 587/949 586/950
f 591/913 585/946 581/929
f 584/947 585/946 586/950
f 584/947 586/950 587/949
f 595/912 596/911 597/951
f 589/945 591/913 595/912
f 579/930 577/933 576/938
f 577/933 579/930 581/929
f 549/952 552/944 557/916
f 548/953 549/952 557/916
f 577 421 422
f 422 578 577
f 580 578 422
f 422 424 580
f 583 580 424
f 424 427 583
f 590 583 427
f 427 439 590
f 590 439 441
f 441 592 590
f 592 441 443
f 443 594 592
f 594 443 442
f 442 593 594
f 426 582 442
f 593 442 582
f 412 568 426
f 582 426 568
f 403 559 412
f 568 412 559
f 403 398 559
f 554 559 398
f 398 399 554
f 555 554 399
f 399 400 555
f 556 555 400
f 400 404 556
f 560 556 404
f 404 401 560
f 557 560 401
f 401 392 557
f 548 557 392
f 392 393 548
f 549 548 393
f 393 396 549
f 552 549 396
f 396 406 552
f 562 552 406
f 406 409 562
f 565 562 409
f 567 565 409
f 409 411 567
f 572 567 411
f 411 416 572
f 416 417 572
f 573 572 417
f 417 418 573
f 574 573 418
f 418 419 574
f 575 574 419
f 576 575 419
f 419 420 576
f 579 576 420
f 420 423 579
f 591 579 423
f 423 440 591
f 591 440 445
f 445 596 591
f 596 445 446
f 446 597 596
f 597 446 444
f 444 595 597
f 595 444 438
f 438 589 595
f 589 438 429
f 429 585 589
f 585 429 430
f 430 586 585
f 586 430 437
f 437 588 586
f 588 437 436
f 436 587 588
f 587 436 428
f 428 584 587
f 584 428 425
f 425 581 584
f 581 425 421
f 421 577 581
f 80/954 70/955 76/956
f 70/955 80/954 82/957
f 70/955 82/957 61/958
f 58/959 55/960 62/961
f 78/962 67/963 81/964
f 67/963 78/962 71/965
f 71/965 78/962 72/966
f 72/966 78/962 74/967
f 74/967 78/962 79/968
f 74/967 79/968 73/969
f 73/969 79/968 68/970
f 68/970 79/968 65/971
f 65/971 79/968 63/972
f 63/972 79/968 60/973
f 60/973 79/968 77/974
f 60/973 77/974 59/975
f 59/975 77/974 57/976
f 75/977 69/978 77/974
f 54/979 41/980 43/981
f 41/980 54/979 30/982
f 30/982 54/979 61/958
f 30/982 61/958 39/983
f 39/983 61/958 82/957
f 39/983 82/957 66/984
f 66/984 82/957 67/963
f 67/963 82/957 81/964
f 39/983 66/984 62/961
f 39/983 62/961 55/960
f 39/983 55/960 49/985
f 39/983 49/985 46/986
f 39/983 46/986 45/987
f 39/983 45/987 44/988
f 39/983 44/988 40/989
f 40/989 44/988 47/990
f 40/989 47/990 50/991
f 40/989 50/991 51/992
f 40/989 51/992 34/993
f 34/993 51/992 52/994
f 34/993 52/994 56/995
f 34/993 56/995 26/996
f 26/996 56/995 57/976
f 26/996 57/976 77/974
f 26/996 77/974 69/978
f 26/996 69/978 64/997
f 26/996 64/997 19/998
f 19/998 64/997 21/999
f 21/999 64/997 53/1000
f 21/999 53/1000 23/1001
f 23/1001 53/1000 28/1002
f 28/1002 53/1000 48/1003
f 28/1002 48/1003 36/1004
f 36/1004 48/1003 42/1005
f 33 78 32
f 78 33 79
f 33 77 79
f 77 33 31
f 27 77 31
f 77 27 75
f 24 75 27
f 75 24 69
f 64 24 22
f 24 64 69
f 53 22 17
f 22 53 64
f 17 48 53
f 48 17 16
f 48 14 42
f 14 48 16
f 42 10 36
f 10 42 14
f 7 36 10
f 36 7 28
f 5 23 7
f 28 7 23
f 4 21 5
f 23 5 21
f 3 19 4
f 21 4 19
f 3 26 19
f 26 3 6
f 6 34 26
f 34 6 9
f 12 40 34
f 34 9 12
f 11 39 12
f 40 12 39
f 8 30 11
f 39 11 30
f 8 13 41
f 41 30 8
f 13 15 43
f 43 41 13
f 15 18 54
f 54 43 15
f 18 61 54
f 61 18 20
f 20 70 61
f 70 20 25
f 25 29 76
f 76 70 25
f 29 80 76
f 80 29 35
f 38 80 35
f 80 38 82
f 81 38 37
f 38 81 82
f 78 37 32
f 37 78 81
f 105 74 73
f 74 105 106
f 74 104 72
f 104 74 106
f 71 72 103
f 104 103 72
f 67 71 103
f 103 101 67
f 66 101 99
f 101 66 67
f 62 99 97
f 99 62 66
f 58 62 97
f 97 94 58
f 55 58 94
f 94 92 55
f 49 55 92
f 92 87 49
f 46 87 84
f 87 46 49
f 46 85 45
f 85 46 84
f 45 85 83
f 83 44 45
f 44 83 47
f 86 47 83
f 47 88 50
f 88 47 86
f 50 88 51
f 89 51 88
f 89 52 51
f 52 89 90
f 90 56 52
f 56 90 91
f 56 93 57
f 93 56 91
f 95 57 93
f 57 95 59
f 95 60 59
f 60 95 96
f 96 63 60
f 63 96 98
f 100 63 98
f 63 100 65
f 65 102 68
f 102 65 100
f 73 102 105
f 102 73 68
f 932/559 864/560 866/561
f 888/562 930/563 886/564
f 910/565 886/564 930/563
f 932/559 850/566 864/560
f 932/559 928/567 888/562
f 930/563 888/562 928/567
f 850/566 932/559 888/562
f 884/568 909/569 866/561
f 932/559 866/561 909/569
f 1357/570 1394/571 1386/572
f 1357/570 1386/572 1376/573
f 1394/571 1357/570 1328/574
f 1396/575 1326/576 1344/577
f 1396/575 1392/578 1328/574
f 1394/571 1328/574 1392/578
f 1326/576 1396/575 1328/574
f 1390/579 1400/580 1344/577
f 1396/575 1344/577 1400/580
f 1367/581 1390/579 1344/577
f 1325 1326 1327
f 1328 1327 1326
f 1325 1343 1326
f 1344 1326 1343
f 1343 1366 1344
f 1367 1344 1366
f 1366 1389 1367
f 1390 1367 1389
f 1389 1399 1390
f 1400 1390 1399
f 1396 1400 1399
f 1399 1395 1396
f 1395 1391 1396
f 1392 1396 1391
f 1394 1392 1391
f 1391 1393 1394
f 1394 1393 1385
f 1385 1386 1394
f 1386 1385 1375
f 1375 1376 1386
f 1356 1357 1375
f 1376 1375 1357
f 1357 1356 1327
f 1327 1328 1357
f 1917/1040 2029/1041 1953/1042
f 2015/1043 1995/1044 2029/1041
f 1995/1044 1953/1042 2029/1041
f 2149/1045 1904/1046 1908/1047
f 2101/1048 2065/1049 1917/1040
f 2029/1041 1917/1040 2065/1049
f 2149/1045 2101/1048 1917/1040
f 1904/1046 2149/1045 1917/1040
f 1945/1050 2159/1051 1908/1047
f 2149/1045 1908/1047 2159/1051
f 2095/1052 2129/1053 1945/1050
f 2159/1051 1945/1050 2129/1053
f 1967/1054 2095/1052 1945/1050
f 1982/1055 2069/1056 1967/1054
f 2095/1052 1967/1054 2069/1056
f 2007/1057 2059/1058 1982/1055
f 2069/1056 1982/1055 2059/1058
f 2059/1058 2007/1057 2037/1059
f 2135/1060 2101/1048 2149/1045
f 2006 2036 2007
f 2037 2007 2036
f 2036 2058 2037
f 2059 2037 2058
f 2069 2059 2058
f 2058 2068 2069
f 2068 2094 2069
f 2095 2069 2094
f 2094 2128 2095
f 2129 2095 2128
f 2159 2129 2128
f 2128 2158 2159
f 2149 2159 2158
f 2158 2148 2149
f 2135 2149 2148
f 2148 2134 2135
f 2135 2134 2100
f 2100 2101 2135
f 2101 2100 2064
f 2064 2065 2101
f 2065 2064 2028
f 2028 2029 2065
f 2029 2028 2014
f 2014 2015 2029
f 2015 2014 1994
f 1994 1995 2015
f 1995 1994 1952
f 1952 1953 1995
f 1953 1952 1916
f 1916 1917 1953
f 1903 1904 1916
f 1917 1916 1904
f 1907 1908 1903
f 1904 1903 1908
f 1907 1944 1908
f 1945 1908 1944
f 1966 1967 1944
f 1945 1944 1967
f 1981 1982 1966
f 1967 1966 1982
f 1981 2006 1982
f 2007 1982 2006
f 2990/1006 2992/1007 2991/1008
f 2989/1009 2987/1010 2988/1011
f 2996/1012 2994/1013 2995/1014
f 2988/1011 2990/1006 2989/1009
f 2991/1008 2989/1009 2990/1006
f 2985/1015 2987/1010 2986/1016
f 2989/1009 2986/1016 2987/1010
f 2983/1017 2985/1015 2984/1018
f 2986/1016 2984/1018 2985/1015
f 2982/1019 2985/1015 2983/1017
f 2981/1020 2985/1015 2982/1019
f 2979/1021 2981/1020 2980/1022
f 2982/1019 2980/1022 2981/1020
f 2998/1023 3001/1024 2999/1025
f 3001/1024 3003/1026 3002/1027
f 3002/1027 2999/1025 3001/1024
f 3000/1028 3003/1026 3001/1024
f 2996/1012 2998/1023 2997/1029
f 2999/1025 2997/1029 2998/1023
f 2995/1014 2998/1023 2996/1012
f 3010/1030 3012/1031 3011/1032
f 3013/1033 3011/1032 3012/1031
f 3009/1034 3012/1031 3010/1030
f 3007/1035 3009/1034 3008/1036
f 3010/1030 3008/1036 3009/1034
f 3005/1037 3007/1035 3006/1038
f 3008/1036 3006/1038 3007/1035
f 3003/1026 3005/1037 3004/1039
f 3006/1038 3004/1039 3005/1037
f 3004/1039 3002/1027 3003/1026
f 3000 3001 3114
f 3115 3114 3001
f 3003 3000 3117
f 3114 3117 3000
f 3003 3117 3005
f 3119 3005 3117
f 3005 3119 3007
f 3121 3007 3119
f 3007 3121 3009
f 3123 3009 3121
f 3009 3123 3012
f 3126 3012 3123
f 3127 3013 3012
f 3012 3126 3127
f 3125 3011 3013
f 3013 3127 3125
f 3125 3124 3010
f 3010 3011 3125
f 3124 3122 3008
f 3008 3010 3124
f 3120 3006 3008
f 3008 3122 3120
f 3120 3118 3004
f 3004 3006 3120
f 3118 3116 3002
f 3002 3004 3118
f 3116 3113 2999
f 2999 3002 3116
f 3113 3111 2997
f 2997 2999 3113
f 2996 2997 3110
f 3111 3110 2997
f 3110 3108 2994
f 2994 2996 3110
f 2995 2994 3109
f 3108 3109 2994
f 2995 3109 2998
f 3112 2998 3109
f 3001 2998 3115
f 3112 3115 2998
f 3162 3146 3142
f 3134 3136 3154
f 3144 3154 3136
f 3152 3134 3156
f 3154 3156 3134
f 3138 3134 3152
f 3140 3138 3160
f 3152 3160 3138
f 3142 3140 3162
f 3160 3162 3140
f 3158 3146 3164
f 3162 3164 3146
f 3146 3158 3147
f 3159 3147 3158
f 3142 3146 3143
f 3147 3143 3146
f 3142 3143 3140
f 3141 3140 3143
f 3140 3141 3138
f 3139 3138 3141
f 3138 3139 3134
f 3135 3134 3139
f 3134 3135 3136
f 3137 3136 3135
f 3145 3144 3136
f 3136 3137 3145
f 3155 3154 3144
f 3144 3145 3155
f 3155 3157 3156
f 3156 3154 3155
f 3157 3153 3152
f 3152 3156 3157
f 3161 3160 3152
f 3152 3153 3161
f 3161 3163 3162
f 3162 3160 3161
f 3163 3165 3164
f 3164 3162 3163
f 3158 3164 3159
f 3165 3159 3164
f 2533/582 2561/583 2608/584
f 2608/584 2506/585 2533/582
f 2506/585 2634/586 2388/587
f 2630/588 2388/587 2634/586
f 2608/584 2634/586 2506/585
f 2632/589 2536/590 2410/591
f 2372/592 2388/587 2630/588
f 2632/589 2576/593 2536/590
f 2399/594 2372/592 2648/595
f 2630/588 2648/595 2372/592
f 2632/589 2399/594 2644/596
f 2648/595 2644/596 2399/594
f 2410/591 2399/594 2632/589
f 2428/597 2410/591 2536/590
f 2388/587 2424/598 2506/585
f 2506/585 2424/598 2490/599
f 2465/600 2490/599 2424/598
f 2426/601 2428/597 2508/602
f 2536/590 2508/602 2428/597
f 2461/603 2426/601 2484/604
f 2508/602 2484/604 2426/601
f 753/605 793/606 715/607
f 708/608 715/607 793/606
f 757/609 793/606 753/605
f 778/610 724/611 722/612
f 769/613 761/614 736/615
f 718/616 708/608 795/617
f 793/606 795/617 708/608
f 727/618 718/616 789/619
f 795/617 789/619 718/616
f 722/612 727/618 778/610
f 789/619 778/610 727/618
f 769/613 773/620 761/614
f 736/615 724/611 769/613
f 778/610 769/613 724/611
f 1970/621 1924/622 1920/623
f 1954/624 1956/625 1996/626
f 1972/627 1996/626 1956/625
f 1989/628 1954/624 2002/629
f 1996/626 2002/629 1954/624
f 1936/630 1954/624 1989/628
f 1920/623 1936/630 1970/621
f 1989/628 1970/621 1936/630
f 1940/631 1924/622 1974/632
f 1970/621 1974/632 1924/622
f 1920 1921 1936
f 1937 1936 1921
f 1955 1954 1936
f 1936 1937 1955
f 1954 1955 1956
f 1957 1956 1955
f 1973 1972 1956
f 1956 1957 1973
f 1997 1996 1972
f 1972 1973 1997
f 1997 2003 2002
f 2002 1996 1997
f 1989 2002 1990
f 2003 1990 2002
f 1990 1971 1970
f 1970 1989 1990
f 1971 1975 1974
f 1974 1970 1971
f 1940 1974 1941
f 1975 1941 1974
f 1940 1941 1924
f 1925 1924 1941
f 1924 1925 1920
f 1921 1920 1925
f 1346/1061 1397/1062 1364/1063
f 1397/1062 1346/1061 1436/1064
f 1436/1064 1346/1061 1446/1065
f 1446/1065 1346/1061 1333/1066
f 1446/1065 1333/1066 1458/1067
f 1458/1067 1333/1066 1452/1068
f 1452/1068 1333/1066 1358/1069
f 1452/1068 1358/1069 1479/1070
f 1479/1070 1358/1069 1520/1071
f 1520/1071 1358/1069 1341/1072
f 1520/1071 1341/1072 1542/1073
f 1542/1073 1341/1072 1546/1074
f 1546/1074 1341/1072 1330/1075
f 1546/1074 1330/1075 1536/1076
f 1536/1076 1330/1075 1373/1077
f 1536/1076 1373/1077 1513/1078
f 1513/1078 1373/1077 1510/1079
f 1510/1079 1373/1077 1368/1080
f 1510/1079 1368/1080 1378/1081
f 1510/1079 1378/1081 1544/1082
f 1544/1082 1378/1081 1408/1083
f 1544/1082 1408/1083 1426/1084
f 1544/1082 1426/1084 1419/1085
f 1544/1082 1419/1085 1552/1086
f 1552/1086 1419/1085 1415/1087
f 1552/1086 1415/1087 1421/1088
f 1552/1086 1421/1088 1548/1089
f 1548/1089 1421/1088 1529/1090
f 1529/1090 1421/1088 1448/1091
f 1419 1416 1415
f 1416 1419 1420
f 1415 1422 1421
f 1422 1415 1416
f 1449 1421 1422
f 1421 1449 1448
f 1530 1448 1449
f 1448 1530 1529
f 1549 1548 1529
f 1529 1530 1549
f 1549 1552 1548
f 1552 1549 1553
f 1553 1544 1552
f 1544 1553 1545
f 1545 1510 1544
f 1510 1545 1511
f 1511 1513 1510
f 1513 1511 1514
f 1514 1536 1513
f 1536 1514 1537
f 1537 1546 1536
f 1546 1537 1547
f 1542 1547 1543
f 1547 1542 1546
f 1520 1542 1521
f 1543 1521 1542
f 1520 1480 1479
f 1480 1520 1521
f 1452 1480 1453
f 1480 1452 1479
f 1453 1458 1452
f 1458 1453 1459
f 1446 1459 1447
f 1459 1446 1458
f 1447 1436 1446
f 1436 1447 1437
f 1436 1398 1397
f 1398 1436 1437
f 1364 1397 1365
f 1398 1365 1397
f 1364 1365 1347
f 1347 1346 1364
f 1346 1334 1333
f 1334 1346 1347
f 1333 1334 1359
f 1359 1358 1333
f 1358 1342 1341
f 1342 1358 1359
f 1341 1342 1331
f 1331 1330 1341
f 1330 1331 1374
f 1374 1373 1330
f 1373 1369 1368
f 1369 1373 1374
f 1368 1369 1379
f 1379 1378 1368
f 1409 1378 1379
f 1378 1409 1408
f 1408 1427 1426
f 1427 1408 1409
f 1426 1420 1419
f 1420 1426 1427
f 794 793 757
f 757 758 794
f 794 796 795
f 795 793 794
f 789 795 790
f 796 790 795
f 778 789 779
f 790 779 789
f 779 770 769
f 769 778 779
f 770 774 773
f 773 769 770
f 761 773 762
f 774 762 773
f 736 761 737
f 762 737 761
f 736 737 724
f 725 724 737
f 723 724 725
f 724 723 722
f 722 723 727
f 728 727 723
f 727 728 718
f 719 718 728
f 708 718 709
f 719 709 718
f 716 715 708
f 708 709 716
f 754 753 715
f 715 716 754
f 758 757 753
f 753 754 758
f 2626/1092 2684/1093 2642/1094
f 2684/1093 2626/1092 2696/1095
f 2696/1095 2626/1092 2624/1096
f 2696/1095 2624/1096 2698/1097
f 2698/1097 2624/1096 2616/1098
f 2698/1097 2616/1098 2732/1099
f 2732/1099 2616/1098 2598/1100
f 2732/1099 2802/1101 2792/1102
f 2802/1101 2732/1099 2598/1100
f 2802/1101 2598/1100 2588/1103
f 2802/1101 2588/1103 2804/1104
f 2804/1104 2588/1103 2586/1105
f 2804/1104 2586/1105 2675/1106
f 2675/1106 2586/1105 2640/1107
f 2675/1106 2784/1108 2804/1104
f 2784/1108 2675/1106 2694/1109
f 2784/1108 2694/1109 2710/1110
f 2784/1108 2710/1110 2798/1111
f 2798/1111 2710/1110 2744/1112
f 2744/1112 2710/1110 2722/1113
f 2598 2589 2588
f 2589 2598 2599
f 2588 2587 2586
f 2587 2588 2589
f 2641 2640 2586
f 2586 2587 2641
f 2676 2640 2641
f 2640 2676 2675
f 2695 2675 2676
f 2675 2695 2694
f 2711 2710 2694
f 2694 2695 2711
f 2710 2723 2722
f 2723 2710 2711
f 2745 2722 2723
f 2722 2745 2744
f 2799 2744 2745
f 2744 2799 2798
f 2798 2785 2784
f 2785 2798 2799
f 2785 2804 2784
f 2804 2785 2805
f 2805 2802 2804
f 2802 2805 2803
f 2792 2802 2793
f 2803 2793 2802
f 2732 2792 2733
f 2793 2733 2792
f 2732 2699 2698
f 2699 2732 2733
f 2699 2696 2698
f 2696 2699 2697
f 2696 2685 2684
f 2685 2696 2697
f 2642 2684 2643
f 2685 2643 2684
f 2642 2627 2626
f 2627 2642 2643
f 2626 2625 2624
f 2625 2626 2627
f 2624 2625 2617
f 2617 2616 2624
f 2616 2599 2598
f 2599 2616 2617
f 1499 1506 1501
f 2947/3038 2905/3039 2904/3040
f 2885/3051 2881/3052 2607/3053
f 2947/3038 2937/3041 2905/3039
f 2947/3038 2939/3043 2937/3041
f 2923 3097 2925
f 3099 2925 3097
f 2893/3042 2896/3044 2904/3040
f 2893/3042 2904/3040 2905/3039
f 665 464 664
f 674 480 672
f 2947/3038 2941/3045 2939/3043
f 3085 2916 3083
f 2895/3046 2893/3042 2892/3047
f 1651 1656 1652
f 2915 3083 2916
f 478 672 480
f 1786 1793 1788
f 1794 1788 1793
f 1601 1612 1603
f 1659 1652 1656
f 464 665 466
f 1614 1603 1612
f 1508 1501 1506
f 2893/3042 2895/3046 2896/3044
f 1665/3078 1690/3079 1691/3077
f 1691/3077 1673/3075 1665/3078
f 1665/3078 1671/3080 1690/3079
f 2883/3048 2889/3049 2892/3047
f 2883/3048 2892/3047 2893/3042
f 2883/3048 2887/3050 2889/3049
f 2885/3051 2883/3048 2881/3052
f 1696/3074 1678/3072 1673/3075
f 1673/3075 1692/3076 1696/3074
f 1678/3072 1700/3073 1708/3071
f 1708/3071 1682/3068 1678/3072
f 1682/3068 1712/3070 1715/3069
f 1682/3068 1715/3069 1727/3067
f 1727/3067 1694/3065 1682/3068
f 1736/3064 1713/3062 1694/3065
f 1694/3065 1734/3066 1736/3064
f 1750/3061 1743/3057 1713/3062
f 1713/3062 1746/3063 1750/3061
f 1743/3057 2044/3059 2294/3058
f 1743/3057 2294/3058 2366/3056
f 2123/3055 1743/3057 2366/3056
f 2123/3055 2607/3053 2304/3054
f 1743/3057 1759/3060 2044/3059
f 1743/3057 1750/3061 1759/3060
f 1713/3062 1736/3064 1746/3063
f 1694/3065 1727/3067 1734/3066
f 1682/3068 1708/3071 1712/3070
f 1678/3072 1696/3074 1700/3073
f 1673/3075 1691/3077 1692/3076
f 2883/3048 2885/3051 2887/3050
f 639/299 622/129 621/132
f 621/132 638/347 639/299
f 636/547 637/459 621/132
f 638/347 621/132 637/459
f 620/138 636/547 621/132
f 634/417 619/134 618/137
f 636/547 620/138 635/548
f 618/137 633/489 634/417
f 620 631 635
f 631 637 636
f 636 635 631
f 2839/3081 2787/3082 2811/3083
f 1884/3126 1946/3127 1886/3128
f 2839/3081 2811/3083 2819/3085
f 1948/3129 1886/3128 1946/3127
f 1803/3130 1774/3131 1802/3132
f 2948/3097 2940/3112 2942/3115
f 2807/3089 2882/3087 2819/3085
f 2839/3081 2766/3084 2787/3082
f 2839/3081 2752/3086 2766/3084
f 2839/3081 2693/3095 2719/3091
f 2839/3081 2678/3098 2693/3095
f 2752/3086 2725/3088 2737/3092
f 2839/3081 2719/3091 2725/3088
f 2839/3081 2725/3088 2752/3086
f 2839/3081 2667/3101 2678/3098
f 2839/3081 2651/3104 2667/3101
f 2839/3081 2611/3107 2651/3104
f 2948/3097 2938/3109 2940/3112
f 2611/3107 2583/3113 2591/3117
f 2611/3107 2591/3117 2605/3120
f 2611/3107 2022/3110 2583/3113
f 2605/3120 2615/3123 2611/3107
f 2839/3081 2022/3110 2611/3107
f 2948/3097 2906/3106 2938/3109
f 2948/3097 2894/3103 2906/3106
f 2948/3097 2884/3100 2894/3103
f 2948/3097 2882/3087 2884/3100
f 2819/3085 2882/3087 2839/3081
f 2840/3090 2882/3087 2857/3094
f 2948/3097 2857/3094 2882/3087
f 2839/3081 2882/3087 2840/3090
f 2797/3093 2882/3087 2807/3089
f 2778/3096 2882/3087 2797/3093
f 2768/3099 2882/3087 2778/3096
f 2754/3102 2882/3087 2768/3099
f 2748/3105 2882/3087 2754/3102
f 2743/3108 2882/3087 2748/3105
f 2727/3111 2882/3087 2743/3108
f 2715/3114 2882/3087 2727/3111
f 2689/3121 2882/3087 2701/3118
f 2701/3118 2882/3087 2715/3114
f 2680/3124 2882/3087 2689/3121
f 2022/3110 2623/3116 2583/3113
f 2020/3125 2882/3087 2680/3124
f 2022/3110 2657/3122 2637/3119
f 2022/3110 2637/3119 2623/3116
f 2020/3125 2680/3124 2657/3122
f 2020/3125 2657/3122 2022/3110
f 1744/3134 1832/3133 1774/3131
f 1774/3131 1832/3133 1802/3132
f 1774/3131 1683/3138 1695/3137
f 1774/3131 1714/3136 1744/3134
f 1774/3131 1695/3137 1714/3136
f 1834/3135 1802/3132 1832/3133
f 1774/3131 1679/3139 1683/3138
f 1774/3131 1674/3140 1679/3139
f 1657 1787 1660
f 1666/3142 1674/3140 1672/3141
f 1774/3131 1672/3141 1674/3140
f 1507 1602 1509
f 1789 1660 1787
f 1604 1509 1602
f 2917 3086 2924
f 3098 2924 3086
f 467 666 479
f 673 479 666
f 3086 2917 2916
f 2916 3085 3086
f 666 467 466
f 466 665 666
f 2923 2924 3097
f 3098 3097 2924
f 478 479 672
f 673 672 479
f 1660 1659 1656
f 1656 1657 1660
f 1786 1788 1787
f 1789 1787 1788
f 1509 1508 1506
f 1506 1507 1509
f 1601 1603 1602
f 1604 1602 1603
f 385/2770 628/2768 620/2769
f 385/2770 620/2769 544/2772
f 385/2770 544/2772 532/2773
f 385/2770 532/2773 520/2774
f 385/2770 520/2774 508/2775
f 385/2770 508/2775 388/2776
f 384/2787 543/2791 619/2789
f 384/2787 619/2789 634/2785
f 384/2787 531/2793 543/2791
f 384/2787 519/2796 531/2793
f 384/2787 507/2794 519/2796
f 384/2787 387/2792 507/2794
f 1646/2934 1705/2935 1702/2928
f 1594/2932 1629/2930 1591/2924
f 1591/2924 1629/2930 1636/2929
f 1591/2924 1636/2929 1702/2928
f 1636/2929 1642/2931 1702/2928
f 1636/2929 1629/2930 1632/2933
f 1702/2928 1642/2931 1646/2934
f 370/2555 371/2556 378/2557
f 378/2557 371/2556 379/2558
f 362/2451 363/2450 370/2469
f 370/2469 363/2450 371/2468
f 354/2431 355/2430 362/2451
f 363/2450 362/2451 355/2430
f 346/2421 347/2411 354/2431
f 355/2430 354/2431 347/2411
f 340/2422 341/2399 346/2421
f 347/2411 346/2421 341/2399
f 344/2432 345/2412 340/2422
f 341/2399 340/2422 345/2412
f 345/2412 344/2432 352/2433
f 352/2433 353/2423 345/2412
f 353/2423 352/2433 360/2443
f 360/2443 361/2434 353/2423
f 360/2443 368/2459 369/2444
f 360/2443 369/2444 361/2434
f 368/2561 376/2562 377/2563
f 368/2561 377/2563 369/2565
f 376/2562 450/2566 451/2564
f 376/2562 451/2564 377/2563
f 378/2557 379/2558 452/2559
f 452/2559 379/2558 453/2560
f 382/2567 383/2568 456/2569
f 456/2569 383/2568 457/2571
f 374/2572 375/2570 382/2567
f 382/2567 375/2570 383/2568
f 366/2467 367/2474 374/2480
f 374/2480 367/2474 375/2481
f 358/2449 359/2458 366/2467
f 367/2474 366/2467 359/2458
f 350/2429 351/2441 358/2449
f 359/2458 358/2449 351/2441
f 342/2419 343/2393 350/2429
f 351/2441 350/2429 343/2393
f 343/2393 342/2419 348/2410
f 348/2410 349/2404 343/2393
f 349/2404 348/2410 356/2418
f 356/2418 357/2420 349/2404
f 357/2420 356/2418 364/2440
f 364/2440 365/2442 357/2420
f 364/2440 372/2466 373/2457
f 364/2440 373/2457 365/2442
f 372/2573 380/2574 381/2575
f 372/2573 381/2575 373/2577
f 380/2574 454/2578 455/2576
f 380/2574 455/2576 381/2575
f 503/728 496/759 489/760
f 503/728 485/761 475/762
f 407/763 472/764 473/765
f 415/766 475/762 485/761
f 397/767 471/768 472/764
f 503/728 475/762 474/769
f 415/766 474/769 475/762
f 410/770 473/765 474/769
f 414/771 415/766 464/772
f 394/773 468/774 471/768
f 474/769 415/766 410/770
f 503/728 474/769 473/765
f 405/775 408/776 413/777
f 473/765 410/770 407/763
f 503/728 473/765 472/764
f 472/764 407/763 397/767
f 503/728 472/764 471/768
f 471/768 397/767 394/773
f 503/728 471/768 468/774
f 389/634 390/633 391/778
f 468/774 394/773 390/633
f 502/727 492/779 480/780
f 482/781 483/782 484/783
f 495/784 496/759 502/727
f 503/728 502/727 496/759
f 465/785 477/786 481/787
f 493/788 495/784 502/727
f 490/789 493/788 502/727
f 480/780 490/789 502/727
f 480/780 486/790 490/789
f 486/790 481/787 477/786
f 465/785 464/772 415/766
f 480/780 481/787 486/790
f 465/785 476/791 477/786
f 394/773 391/778 390/633
f 503/728 489/760 485/761
f 487/792 478/793 480/780
f 485/761 482/781 476/791
f 485/761 483/782 482/781
f 485/761 476/791 465/785
f 485/761 465/785 415/766
f 435/794 434/795 388/642
f 496/759 495/784 494/796
f 413/777 414/771 464/772
f 389/634 391/778 395/797
f 402/798 405/775 464/772
f 405/775 413/777 464/772
f 389/634 395/797 402/798
f 389/634 402/798 464/772
f 386/638 392/799 398/800
f 451/801 440/802 431/803
f 388/642 389/634 464/772
f 469/804 491/805 461/806
f 488/807 480/780 492/779
f 444/808 443/809 441/810
f 469/804 464/772 466/811
f 479/812 478/793 466/811
f 470/813 466/811 478/793
f 459/814 461/806 491/805
f 458/815 459/814 491/805
f 443/809 447/816 491/805
f 447/816 458/815 491/805
f 444/808 446/817 447/816
f 448/818 447/816 446/817
f 449/819 448/818 446/817
f 433/820 419/821 418/822
f 443/809 444/808 447/816
f 442/823 443/809 491/805
f 426/824 442/823 491/805
f 400/825 401/826 404/827
f 386/638 398/800 403/828
f 386/638 403/828 412/829
f 386/638 412/829 426/824
f 428/830 427/831 425/832
f 501/732 500/833 499/834
f 386/638 426/824 491/805
f 502/727 498/835 492/779
f 499/834 497/836 498/835
f 466/811 467/837 479/812
f 464/772 463/838 435/794
f 461/806 462/839 464/772
f 462/839 463/838 464/772
f 456/840 457/841 461/806
f 451/801 445/842 440/802
f 459/814 460/843 461/806
f 464/772 435/794 388/642
f 461/806 460/843 456/840
f 451/801 450/844 449/819
f 451/801 446/817 445/842
f 451/801 449/819 446/817
f 433/820 420/845 419/821
f 423/846 431/803 440/802
f 433/820 423/846 420/845
f 432/847 431/803 423/846
f 433/820 432/847 423/846
f 438/848 437/849 430/850
f 433/820 411/851 409/852
f 433/820 406/853 396/854
f 418/822 417/855 416/856
f 433/820 416/856 411/851
f 433/820 418/822 416/856
f 433/820 409/852 406/853
f 433/820 396/854 393/857
f 401/826 399/858 392/799
f 433/820 393/857 387/637
f 393/857 392/799 386/638
f 436/859 437/849 439/860
f 444/808 441/810 439/860
f 386/638 387/637 393/857
f 425/832 424/861 422/862
f 437/849 438/848 439/860
f 444/808 439/860 438/848
f 428/830 436/859 439/860
f 427/831 428/830 439/860
f 424/861 425/832 427/831
f 401/826 400/825 399/858
f 425/832 422/862 421/863
f 438/848 430/850 429/864
f 399/858 398/800 392/799
f 455 454 452
f 452 453 455
f 377/2452 451/2460 431/2405
f 461/2398 457/2489 383/2486
f 381/2475 379/2482 371/2468
f 369/2444 377/2452 431/2405
f 455/2487 453/2490 379/2482
f 381/2475 455/2487 379/2482
f 373/2457 381/2475 371/2468
f 461/2398 383/2486 375/2481
f 458/2494 447/2496 254/2493
f 254/2493 256/2492 458/2494
f 343/2393 341/2399 258/2389
f 258/2389 332/2372 343/2393
f 343/2393 332/2372 461/2398
f 343/758 461/806 351/757
f 351/2441 461/2398 359/2458
f 359/2458 461/2398 367/2474
f 367/2474 461/2398 375/2481
f 349/2404 347/2411 341/2399
f 343/2393 349/2404 341/2399
f 373/2457 371/2468 363/2450
f 363/2450 365/2442 373/2457
f 258/2389 341/2399 431/2405
f 431/2405 341/2399 345/2412
f 431/2405 345/2412 353/2423
f 431/2405 353/2423 361/2434
f 431/2405 361/2434 369/2444
f 1645/2603 1642/2604 1641/2601
f 1642/2604 1645/2603 1646/2605
f 1632/2580 1635/2582 1636/2585
f 631/2767 620/2769 628/2768
f 1570 1557 1556
f 1556 1569 1570
f 1580 1570 1569
f 1569 1579 1580
f 1557 1532 1531
f 1531 1556 1557
f 1580 1579 1581
f 1581 1582 1580
f 1578 1577 1589
f 1589 1590 1578
f 1590 1589 1597
f 1597 1598 1590
f 1582 1581 1577
f 1577 1578 1582
f 1471 1414 1413
f 1413 1470 1471
f 1532 1471 1470
f 1470 1531 1532
f 1414 1383 1382
f 1382 1413 1414
f 1497 1486 1498
f 1487 1498 1486
f 1527 1528 1565
f 1566 1565 1528
f 1588 1587 1573
f 1573 1574 1588
f 1528 1497 1498
f 1497 1528 1527
f 1574 1565 1566
f 1565 1574 1573
f 1598 1597 1587
f 1587 1588 1598
f 3076 3074 2989
f 2989 2991 3076
f 2981 2979 3066
f 3064 3066 2979
f 2988 3073 2990
f 3075 2990 3073
f 2983 2984 3068
f 3069 3068 2984
f 2985 3070 2987
f 3072 2987 3070
f 3071 3069 2984
f 2984 2986 3071
f 2987 3072 2988
f 3073 2988 3072
f 910 908 885
f 885 886 910
f 887 888 885
f 886 885 888
f 3077 2992 2990
f 2990 3075 3077
f 849 863 850
f 864 850 863
f 2979 2980 3064
f 3065 3064 2980
f 3067 3065 2980
f 2980 2982 3067
f 3068 3067 2982
f 2982 2983 3068
f 849 850 887
f 888 887 850
f 3074 3071 2986
f 2986 2989 3074
f 865 866 863
f 864 863 866
f 3076 2991 2992
f 2992 3077 3076
f 2981 3066 2985
f 3070 2985 3066
f 2426 2427 2428
f 2429 2428 2427
f 2410 2428 2411
f 2429 2411 2428
f 2399 2410 2400
f 2411 2400 2410
f 930 928 927
f 927 929 930
f 932 909 907
f 907 931 932
f 883 907 884
f 909 884 907
f 2609 2635 2634
f 2634 2608 2609
f 2635 2631 2630
f 2630 2634 2635
f 2536 2576 2537
f 2577 2537 2576
f 2649 2648 2630
f 2630 2631 2649
f 2649 2645 2644
f 2644 2648 2649
f 2632 2644 2633
f 2645 2633 2644
f 2484 2508 2485
f 2509 2485 2508
f 2426 2461 2427
f 2462 2427 2461
f 865 883 866
f 884 866 883
f 928 932 931
f 931 927 928
f 910 930 929
f 929 908 910
f 2461 2484 2462
f 2485 2462 2484
f 2576 2632 2577
f 2633 2577 2632
f 2508 2536 2509
f 2537 2509 2536
f 477 476 600
f 599 600 476
f 2372 2373 2388
f 2389 2388 2373
f 2466 2465 2424
f 2424 2425 2466
f 2399 2400 2372
f 2373 2372 2400
f 2491 2490 2465
f 2465 2466 2491
f 601 599 476
f 476 482 601
f 483 485 602
f 604 602 485
f 611 496 494
f 494 609 611
f 610 495 493
f 493 608 610
f 490 607 493
f 608 493 607
f 484 483 603
f 602 603 483
f 2609 2608 2561
f 2561 2562 2609
f 2425 2424 2388
f 2388 2389 2425
f 603 601 482
f 482 484 603
f 2562 2561 2533
f 2533 2534 2562
f 486 605 490
f 607 490 605
f 609 494 495
f 495 610 609
f 477 600 486
f 605 486 600
f 606 604 485
f 485 489 606
f 2534 2533 2506
f 2506 2507 2534
f 611 606 489
f 489 496 611
f 2507 2506 2490
f 2490 2491 2507
f 2257/3792 2213/3808 2256/3809
f 2213/3808 2257/3792 2221/3791
f 2258/3779 2233/3767 2225/3778
f 2233/3767 2258/3779 2259/3773
f 391 394 547
f 550 547 394
f 553 550 394
f 394 397 553
f 571 415 414
f 570 414 413
f 414 570 571
f 413 569 570
f 566 563 407
f 407 410 566
f 2255/4139 2207/4140 2254/4141
f 2207/4140 2255/4139 2209/4142
f 408 564 413
f 569 413 564
f 566 410 415
f 415 571 566
f 2257/3792 2225/3778 2221/3791
f 2225/3778 2257/3792 2258/3779
f 564 408 405
f 405 561 564
f 402 558 405
f 561 405 558
f 2253/4146 2201/4150 2252/4155
f 2201/4150 2253/4146 2203/4143
f 395 551 402
f 558 402 551
f 2256/3809 2209/3828 2255/3829
f 2209/3828 2256/3809 2213/3808
f 395 391 551
f 547 551 391
f 2254/4141 2203/4143 2253/4146
f 2203/4143 2254/4141 2207/4140
f 2252/4155 2199/4160 2251/4167
f 2199/4160 2252/4155 2201/4150
f 563 553 397
f 397 407 563
f 2221/3791 2181/3785 2172/3802
f 2181/3785 2221/3791 2225/3778
f 2146/4147 2083/4157 2142/4151
f 2083/4157 2146/4147 2087/4154
f 2152/4145 2087/4154 2146/4147
f 2087/4154 2152/4145 2096/4153
f 2237/3762 2229/3763 2217/3764
f 2229/3763 2237/3762 2242/3765
f 2160/4149 2096/4153 2152/4145
f 2096/4153 2160/4149 2102/4159
f 2164/3807 2102/3827 2160/3826
f 2102/3827 2164/3807 2119/3820
f 2260/3768 2242/3765 2237/3762
f 2242/3765 2260/3768 2261/3774
f 2207/4140 2146/4147 2203/4143
f 2146/4147 2207/4140 2152/4145
f 2209/4142 2152/4145 2207/4140
f 2152/4145 2209/4142 2160/4149
f 2263/3782 2246/3775 2262/3788
f 2242/3765 2240/3769 2229/3763
f 2240/3769 2242/3765 2246/3775
f 2203/4143 2142/4151 2201/4150
f 2142/4151 2203/4143 2146/4147
f 2263/3782 2240/3769 2246/3775
f 2142/4151 2080/4162 2140/4161
f 2080/4162 2142/4151 2083/4157
f 2225/3778 2197/3772 2181/3785
f 2197/3772 2225/3778 2233/3767
f 2233/3767 2217/3764 2197/3772
f 2217/3764 2233/3767 2237/3762
f 2261/3774 2246/3775 2242/3765
f 2246/3775 2261/3774 2262/3788
f 2201/4150 2140/4161 2199/4160
f 2140/4161 2201/4150 2142/4151
f 2213/3808 2160/3826 2209/3828
f 2160/3826 2213/3808 2164/3807
f 2221/3791 2164/3807 2213/3808
f 2164/3807 2221/3791 2172/3802
f 2259/3773 2237/3762 2233/3767
f 2237/3762 2259/3773 2260/3768
f 2156/3800 2144/3799 2115/3817
f 2144/3799 2156/3800 2168/3784
f 2172/3802 2119/3820 2164/3807
f 2119/3820 2172/3802 2136/3818
f 2087/4154 2034/4166 2083/4157
f 2034/4166 2087/4154 2042/4165
f 2215/3766 2231/3777 2195/3776
f 2231/3777 2215/3766 2235/3771
f 2229/3763 2235/3771 2215/3766
f 2235/3771 2229/3763 2240/3769
f 2102/4159 2048/4164 2096/4153
f 2048/4164 2102/4159 2062/4172
f 2197/3772 2187/3770 2168/3784
f 2187/3770 2197/3772 2217/3764
f 2119/3820 2062/3843 2102/3827
f 2062/3843 2119/3820 2075/3840
f 2042/4165 1983/4176 2034/4166
f 1983/4176 2042/4165 1992/4175
f 2048/4164 1992/4175 2042/4165
f 1992/4175 2048/4164 2008/4174
f 2172/3802 2156/3800 2136/3818
f 2156/3800 2172/3802 2181/3785
f 2083/4157 2032/4170 2080/4162
f 2032/4170 2083/4157 2034/4166
f 2096/4153 2042/4165 2087/4154
f 2042/4165 2096/4153 2048/4164
f 2168/3784 2166/3783 2144/3799
f 2166/3783 2168/3784 2187/3770
f 2034/4166 1979/4177 2032/4170
f 1979/4177 2034/4166 1983/4176
f 2263/3782 2235/3771 2240/3769
f 2136/3818 2075/3840 2119/3820
f 2075/3840 2136/3818 2092/3839
f 2187/3770 2195/3776 2166/3783
f 2195/3776 2187/3770 2215/3766
f 2263/3782 2231/3777 2235/3771
f 2217/3764 2215/3766 2187/3770
f 2215/3766 2217/3764 2229/3763
f 2136/3818 2115/3817 2092/3839
f 2115/3817 2136/3818 2156/3800
f 2181/3785 2168/3784 2156/3800
f 2168/3784 2181/3785 2197/3772
f 2154/3798 2170/3805 2124/3815
f 2170/3805 2154/3798 2177/3789
f 2085/3838 2090/3837 2056/3858
f 2090/3837 2085/3838 2113/3816
f 1928/3508 1879/3507 1926/3518
f 1879/3507 1928/3508 1888/3493
f 2263/3782 2219/3801 2223/3790
f 2195/3776 2223/3790 2177/3789
f 2223/3790 2195/3776 2231/3777
f 2113/3816 2124/3815 2090/3837
f 2124/3815 2113/3816 2154/3798
f 2038/3860 2024/3879 2004/3887
f 2024/3879 2038/3860 2060/3859
f 2092/3839 2038/3860 2075/3840
f 2038/3860 2092/3839 2060/3859
f 2177/3789 2219/3801 2170/3805
f 2219/3801 2177/3789 2223/3790
f 2038/3860 1968/3880 2018/3861
f 1968/3880 2038/3860 2004/3887
f 2092/3839 2085/3838 2060/3859
f 2085/3838 2092/3839 2115/3817
f 2075/3840 2018/3861 2062/3843
f 2018/3861 2075/3840 2038/3860
f 2115/3817 2113/3816 2085/3838
f 2113/3816 2115/3817 2144/3799
f 2144/3799 2154/3798 2113/3816
f 2154/3798 2144/3799 2166/3783
f 1983/3519 1926/3518 1979/3530
f 1926/3518 1983/3519 1928/3508
f 1992/3509 1928/3508 1983/3519
f 1928/3508 1992/3509 1938/3494
f 2166/3783 2177/3789 2154/3798
f 2177/3789 2166/3783 2195/3776
f 2008/3498 1938/3494 1992/3509
f 1938/3494 2008/3498 1950/3481
f 2018/4182 1950/4184 2008/4174
f 1950/4184 2018/4182 1968/4189
f 2060/3859 2056/3858 2024/3879
f 2056/3858 2060/3859 2085/3838
f 2062/4172 2008/4174 2048/4164
f 2008/4174 2062/4172 2018/4182
f 2263/3782 2223/3790 2231/3777
f 1958/3453 1899/3441 1932/3452
f 1899/3441 1958/3453 1922/3447
f 2026/3878 2052/3877 2012/3899
f 2052/3877 2026/3878 2070/3857
f 1905/3461 1932/3452 1873/3446
f 1899/3441 1873/3446 1932/3452
f 2162/3824 2205/3819 2150/3842
f 2205/3819 2162/3824 2211/3806
f 1879/3507 1888/3493 1849/3492
f 1851/3478 1849/3492 1888/3493
f 1905/3461 1855/3459 1897/3479
f 1855/3459 1905/3461 1873/3446
f 1938/3494 1888/3493 1928/3508
f 1888/3493 1938/3494 1897/3479
f 1897/3479 1851/3478 1888/3493
f 1851/3478 1897/3479 1855/3459
f 2056/3858 2070/3857 2026/3878
f 2070/3857 2056/3858 2090/3837
f 1968/3468 1905/3461 1950/3481
f 1905/3461 1968/3468 1932/3452
f 1958/3453 1964/3462 1922/3447
f 1964/3462 1958/3453 2000/3470
f 2070/3857 2098/3856 2052/3877
f 2098/3856 2070/3857 2107/3836
f 2000/3900 2012/3899 1964/3923
f 2012/3899 2000/3900 2026/3878
f 2170/3805 2211/3806 2162/3824
f 2211/3806 2170/3805 2219/3801
f 1950/3481 1897/3479 1938/3494
f 1897/3479 1950/3481 1905/3461
f 2024/3879 2026/3878 2000/3900
f 2026/3878 2024/3879 2056/3858
f 2090/3837 2107/3836 2070/3857
f 2107/3836 2090/3837 2124/3815
f 2263/3782 2211/3806 2219/3801
f 2124/3815 2162/3824 2107/3836
f 2162/3824 2124/3815 2170/3805
f 2004/3887 2000/3900 1958/3909
f 2000/3900 2004/3887 2024/3879
f 2107/3836 2150/3842 2098/3856
f 2150/3842 2107/3836 2162/3824
f 2004/3469 1932/3452 1968/3468
f 1932/3452 2004/3469 1958/3453
f 2030/3891 2072/3883 2016/3904
f 2072/3883 2030/3891 2077/3869
f 1922/3447 1934/3455 1901/3442
f 1934/3455 1922/3447 1964/3462
f 2263/3782 2193/3825 2205/3819
f 1820/3458 1798/3465 1814/3477
f 1798/3465 1820/3458 1800/3450
f 2052/3877 2077/3869 2030/3891
f 2077/3869 2052/3877 2098/3856
f 1901/3442 1840/3439 1864/3436
f 1840/3439 1901/3442 1871/3448
f 1985/3915 2016/3904 1962/3928
f 2016/3904 1985/3915 2030/3891
f 1901/3442 1911/3454 1871/3448
f 1911/3454 1901/3442 1934/3455
f 1899/3441 1847/3438 1873/3446
f 1847/3438 1899/3441 1864/3436
f 1855/3459 1820/3458 1851/3478
f 1820/3458 1855/3459 1830/3444
f 2012/3899 2030/3891 1985/3915
f 2030/3891 2012/3899 2052/3877
f 1830/3444 1800/3450 1820/3458
f 1800/3450 1830/3444 1809/3440
f 1964/3462 1985/3473 1934/3455
f 1985/3473 1964/3462 2012/3484
f 1851/3478 1814/3477 1849/3492
f 1814/3477 1851/3478 1820/3458
f 1934/3455 1962/3471 1911/3454
f 1962/3471 1934/3455 1985/3473
f 1847/3438 1809/3440 1830/3444
f 1809/3440 1847/3438 1818/3437
f 1864/3436 1818/3437 1847/3438
f 1818/3437 1864/3436 1840/3439
f 2098/3856 2138/3848 2077/3869
f 2138/3848 2098/3856 2150/3842
f 1873/3446 1830/3444 1855/3459
f 1830/3444 1873/3446 1847/3438
f 2263/3782 2205/3819 2211/3806
f 1922/3447 1864/3436 1899/3441
f 1864/3436 1922/3447 1901/3442
f 2150/3842 2193/3825 2138/3848
f 2193/3825 2150/3842 2205/3819
f 1823/3449 1784/3456 1807/3443
f 1784/3456 1823/3449 1812/3464
f 1782/3445 1757/3460 1770/3451
f 1757/3460 1782/3445 1764/3457
f 2072/3883 2121/3868 2066/3890
f 2121/3868 2072/3883 2126/3863
f 2263/3782 2185/3847 2189/3841
f 1853/3463 1812/3464 1823/3449
f 1812/3464 1853/3463 1838/3483
f 2077/3869 2126/3863 2072/3883
f 2126/3863 2077/3869 2138/3848
f 1895/3472 1838/3483 1853/3463
f 1838/3483 1895/3472 1877/3487
f 2138/3848 2189/3841 2126/3863
f 2189/3841 2138/3848 2193/3825
f 1871/3448 1823/3449 1840/3439
f 1823/3449 1871/3448 1853/3463
f 1807/3443 1764/3457 1782/3445
f 1764/3457 1807/3443 1784/3456
f 1895/3472 1930/3486 1877/3487
f 1930/3486 1895/3472 1942/3482
f 1809/3440 1770/3451 1800/3450
f 1770/3451 1809/3440 1782/3445
f 1800/3450 1766/3466 1798/3465
f 1766/3466 1800/3450 1770/3451
f 1840/3439 1807/3443 1818/3437
f 1807/3443 1840/3439 1823/3449
f 2263/3782 2189/3841 2193/3825
f 2016/3904 2066/3890 2010/3914
f 2066/3890 2016/3904 2072/3883
f 1818/3437 1782/3445 1809/3440
f 1782/3445 1818/3437 1807/3443
f 2126/3863 2185/3847 2121/3868
f 2185/3847 2126/3863 2189/3841
f 1911/3454 1853/3463 1871/3448
f 1853/3463 1911/3454 1895/3472
f 1962/3928 2010/3914 1942/3939
f 2010/3914 1962/3928 2016/3904
f 1770/3451 1751/3467 1766/3466
f 1751/3467 1770/3451 1757/3460
f 1911/3454 1942/3482 1895/3472
f 1942/3482 1911/3454 1962/3471
f 1784/3456 1755/3475 1764/3457
f 1755/3475 1784/3456 1768/3474
f 1812/3464 1768/3474 1784/3456
f 1768/3474 1812/3464 1805/3485
f 1757/3460 1737/3480 1751/3467
f 1737/3480 1757/3460 1739/3476
f 1877/3487 1918/3499 1867/3502
f 1918/3499 1877/3487 1930/3486
f 1838/3483 1805/3485 1812/3464
f 1805/3485 1838/3483 1836/3496
f 1998/3927 2050/3913 1987/3938
f 2050/3913 1998/3927 2054/3903
f 1768/3474 1747/3489 1755/3475
f 1747/3489 1768/3474 1762/3488
f 2263/3782 2179/3867 2183/3862
f 1942/3482 1998/3495 1930/3486
f 1998/3495 1942/3482 2010/3500
f 1805/3485 1762/3488 1768/3474
f 1762/3488 1805/3485 1796/3497
f 1755/3475 1732/3490 1739/3476
f 1732/3490 1755/3475 1747/3489
f 1836/3496 1796/3497 1805/3485
f 1796/3497 1836/3496 1825/3510
f 1764/3457 1739/3476 1757/3460
f 1739/3476 1764/3457 1755/3475
f 1930/3486 1987/3501 1918/3499
f 1987/3501 1930/3486 1998/3495
f 2121/3868 2183/3862 2117/3882
f 2183/3862 2121/3868 2185/3847
f 1739/3476 1728/3491 1737/3480
f 1728/3491 1739/3476 1732/3490
f 2263/3782 2183/3862 2185/3847
f 2010/3914 2054/3903 1998/3927
f 2054/3903 2010/3914 2066/3890
f 1877/3487 1836/3496 1838/3483
f 1836/3496 1877/3487 1867/3502
f 2054/3903 2111/3889 2050/3913
f 2111/3889 2054/3903 2117/3882
f 2117/3882 2179/3867 2111/3889
f 2179/3867 2117/3882 2183/3862
f 2066/3890 2117/3882 2054/3903
f 2117/3882 2066/3890 2121/3868
f 1867/3502 1914/3512 1862/3514
f 1914/3512 1867/3502 1918/3499
f 2263/3782 2174/3888 2175/3881
f 1742/3504 1733/3517 1730/3505
f 1733/3517 1742/3504 1748/3516
f 1796/3497 1761/3503 1762/3488
f 1761/3503 1796/3497 1790/3511
f 1867/3502 1825/3510 1836/3496
f 1825/3510 1867/3502 1862/3514
f 1914/3512 1976/3524 1913/3523
f 1976/3524 1914/3512 1977/3513
f 1862/3514 1822/3520 1825/3510
f 1822/3520 1862/3514 1859/3525
f 1761/3503 1748/3516 1742/3504
f 1748/3516 1761/3503 1763/3515
f 2046/3926 2104/3912 2045/3937
f 2104/3912 2046/3926 2105/3902
f 1918/3499 1977/3513 1914/3512
f 1977/3513 1918/3499 1987/3501
f 2111/3889 2175/3881 2105/3902
f 2175/3881 2111/3889 2179/3867
f 2105/3902 2174/3888 2104/3912
f 2174/3888 2105/3902 2175/3881
f 1733/3517 1718/3506 1730/3505
f 1718/3506 1733/3517 1729/3522
f 1732/3490 1718/3506 1728/3491
f 1718/3506 1732/3490 1730/3505
f 1977/3950 2045/3937 1976/3962
f 2045/3937 1977/3950 2046/3926
f 1747/3489 1730/3505 1732/3490
f 1730/3505 1747/3489 1742/3504
f 1762/3488 1742/3504 1747/3489
f 1742/3504 1762/3488 1761/3503
f 2050/3913 2105/3902 2046/3926
f 2105/3902 2050/3913 2111/3889
f 1987/3938 2046/3926 1977/3950
f 2046/3926 1987/3938 2050/3913
f 2263/3782 2175/3881 2179/3867
f 1825/3510 1790/3511 1796/3497
f 1790/3511 1825/3510 1822/3520
f 1862/3514 1913/3523 1859/3525
f 1913/3523 1862/3514 1914/3512
f 1769/3527 1748/3516 1763/3515
f 1748/3516 1769/3527 1756/3528
f 1837/3532 1797/3521 1826/3531
f 1797/3521 1837/3532 1806/3526
f 1978/3541 1919/3545 1915/3535
f 1919/3545 1978/3541 1988/3552
f 1822/3520 1797/3521 1790/3511
f 1797/3521 1822/3520 1826/3531
f 1790/3511 1763/3515 1761/3503
f 1763/3515 1790/3511 1797/3521
f 1976/3524 1915/3535 1913/3523
f 1915/3535 1976/3524 1978/3541
f 1859/3525 1826/3531 1822/3520
f 1826/3531 1859/3525 1863/3534
f 2263/3782 2176/3901 2174/3888
f 1740/3529 1729/3522 1733/3517
f 1729/3522 1740/3529 1738/3533
f 1756/3528 1733/3517 1748/3516
f 1733/3517 1756/3528 1740/3529
f 2263/3782 2190/3947 2186/3933
f 1915/3535 1868/3542 1863/3534
f 1868/3542 1915/3535 1919/3545
f 2104/3912 2047/3935 2045/3937
f 2047/3935 2104/3912 2106/3911
f 2047/3935 1988/3960 1978/3959
f 1988/3960 2047/3935 2051/3936
f 2174/3888 2106/3911 2104/3912
f 2106/3911 2174/3888 2176/3901
f 1868/3542 1826/3531 1863/3534
f 1826/3531 1868/3542 1837/3532
f 2045/3937 1978/3959 1976/3962
f 1978/3959 2045/3937 2047/3935
f 2106/3911 2051/3936 2047/3935
f 2051/3936 2106/3911 2112/3925
f 1806/3526 1763/3515 1797/3521
f 1763/3515 1806/3526 1769/3527
f 2176/3901 2112/3925 2106/3911
f 2112/3925 2176/3901 2180/3910
f 2263/3782 2180/3910 2176/3901
f 1913/3523 1863/3534 1859/3525
f 1863/3534 1913/3523 1915/3535
f 2263/3782 2184/3924 2180/3910
f 2051/3936 1999/3961 1988/3960
f 1999/3961 2051/3936 2055/3949
f 1999/3562 1943/3558 1931/3553
f 1943/3558 1999/3562 2011/3567
f 1988/3552 1931/3553 1919/3545
f 1931/3553 1988/3552 1999/3562
f 1783/3550 1758/3540 1765/3539
f 1758/3540 1783/3550 1771/3551
f 1896/3548 1839/3537 1878/3543
f 1839/3537 1896/3548 1854/3547
f 1771/3551 1752/3544 1758/3540
f 1752/3544 1771/3551 1767/3554
f 1931/3553 1896/3548 1878/3543
f 1896/3548 1931/3553 1943/3558
f 2118/3934 2067/3958 2055/3949
f 2067/3958 2118/3934 2122/3948
f 1808/3549 1765/3539 1785/3538
f 1765/3539 1808/3549 1783/3550
f 2180/3910 2118/3934 2112/3925
f 2118/3934 2180/3910 2184/3924
f 2055/3949 2011/3971 1999/3961
f 2011/3971 2055/3949 2067/3958
f 1839/3537 1806/3526 1837/3532
f 1806/3526 1839/3537 1813/3536
f 1758/3540 1738/3533 1740/3529
f 1738/3533 1758/3540 1752/3544
f 1919/3545 1878/3543 1868/3542
f 1878/3543 1919/3545 1931/3553
f 1824/3546 1785/3538 1813/3536
f 1785/3538 1824/3546 1808/3549
f 1765/3539 1740/3529 1756/3528
f 1740/3529 1765/3539 1758/3540
f 1813/3536 1769/3527 1806/3526
f 1769/3527 1813/3536 1785/3538
f 2112/3925 2055/3949 2051/3936
f 2055/3949 2112/3925 2118/3934
f 1854/3547 1813/3536 1839/3537
f 1813/3536 1854/3547 1824/3546
f 1785/3538 1756/3528 1769/3527
f 1756/3528 1785/3538 1765/3539
f 1878/3543 1837/3532 1868/3542
f 1837/3532 1878/3543 1839/3537
f 2186/3933 2127/3957 2122/3948
f 2127/3957 2186/3933 2190/3947
f 1841/3555 1808/3549 1824/3546
f 1808/3549 1841/3555 1819/3559
f 2263/3782 2186/3933 2184/3924
f 1963/3566 1935/3571 1912/3557
f 1935/3571 1963/3566 1986/3575
f 2017/3980 1986/4001 1963/3992
f 1986/4001 2017/3980 2031/3991
f 2011/3971 1963/3992 1943/4002
f 1963/3992 2011/3971 2017/3980
f 1912/3557 1854/3547 1896/3548
f 1854/3547 1912/3557 1872/3556
f 1801/3561 1767/3554 1771/3551
f 1767/3554 1801/3561 1799/3563
f 1872/3556 1824/3546 1854/3547
f 1824/3546 1872/3556 1841/3555
f 1819/3559 1783/3550 1808/3549
f 1783/3550 1819/3559 1810/3560
f 2067/3958 2017/3980 2011/3971
f 2017/3980 2067/3958 2073/3970
f 1821/3570 1799/3563 1801/3561
f 1799/3563 1821/3570 1815/3572
f 1848/3568 1810/3560 1819/3559
f 1810/3560 1848/3568 1831/3569
f 1831/3569 1801/3561 1810/3560
f 1801/3561 1831/3569 1821/3570
f 1865/3564 1819/3559 1841/3555
f 1819/3559 1865/3564 1848/3568
f 1810/3560 1771/3551 1783/3550
f 1771/3551 1810/3560 1801/3561
f 1943/3558 1912/3557 1896/3548
f 1912/3557 1943/3558 1963/3566
f 1902/3565 1841/3555 1872/3556
f 1841/3555 1902/3565 1865/3564
f 1912/3557 1902/3565 1872/3556
f 1902/3565 1912/3557 1935/3571
f 2184/3924 2122/3948 2118/3934
f 2122/3948 2184/3924 2186/3933
f 2122/3948 2073/3970 2067/3958
f 2073/3970 2122/3948 2127/3957
f 1923/3574 1865/3564 1902/3565
f 1865/3564 1923/3574 1900/3573
f 1933/3581 1874/3576 1900/3573
f 1874/3576 1933/3581 1906/3584
f 2073/3970 2031/3991 2017/3980
f 2031/3991 2073/3970 2078/3979
f 2031/3991 2013/4014 1986/4001
f 2013/4014 2031/3991 2053/4000
f 2127/3957 2078/3979 2073/3970
f 2078/3979 2127/3957 2139/3969
f 1959/3582 1900/3573 1923/3574
f 1900/3573 1959/3582 1933/3581
f 1852/3578 1898/3585 1889/3586
f 1898/3585 1852/3578 1856/3577
f 1965/3579 1959/3582 1923/3574
f 1959/3582 1965/3579 2001/3587
f 1889/3586 1850/3580 1852/3578
f 1850/3580 1889/3586 1880/3588
f 2078/3979 2053/4000 2031/3991
f 2053/4000 2078/3979 2099/3990
f 1986/3575 1965/3579 1935/3571
f 1965/3579 1986/3575 2013/3583
f 1852/3578 1815/3572 1821/3570
f 1815/3572 1852/3578 1850/3580
f 1856/3577 1906/3584 1898/3585
f 1906/3584 1856/3577 1874/3576
f 1900/3573 1848/3568 1865/3564
f 1848/3568 1900/3573 1874/3576
f 2194/3956 2151/3978 2139/3969
f 2151/3978 2194/3956 2206/3968
f 2190/3947 2139/3969 2127/3957
f 2139/3969 2190/3947 2194/3956
f 1874/3576 1831/3569 1848/3568
f 1831/3569 1874/3576 1856/3577
f 2263/3782 2206/3968 2194/3956
f 2263/3782 2194/3956 2190/3947
f 1856/3577 1821/3570 1831/3569
f 1821/3570 1856/3577 1852/3578
f 1935/3571 1923/3574 1902/3565
f 1923/3574 1935/3571 1965/3579
f 2139/3969 2099/3990 2078/3979
f 2099/3990 2139/3969 2151/3978
f 1939/3591 1984/3596 1929/3592
f 1984/3596 1939/3591 1993/3595
f 1889/3586 1927/3593 1880/3588
f 1927/3593 1889/3586 1929/3592
f 1951/3589 1993/3595 1939/3591
f 1993/3595 1951/3589 2009/3598
f 2212/3977 2171/3998 2163/3989
f 2171/3998 2212/3977 2220/3988
f 2001/4033 2005/4058 1959/4071
f 2005/4058 2001/4033 2025/4044
f 1969/4198 2009/4199 1951/4200
f 2009/4199 1969/4198 2019/4201
f 1933/3581 1951/3589 1906/3584
f 1951/3589 1933/3581 1969/3590
f 2206/3968 2163/3989 2151/3978
f 2163/3989 2206/3968 2212/3977
f 2263/3782 2212/3977 2206/3968
f 2263/3782 2220/3988 2212/3977
f 2027/4023 2025/4044 2001/4033
f 2025/4044 2027/4023 2057/4032
f 1929/3592 1980/3597 1927/3593
f 1980/3597 1929/3592 1984/3596
f 1965/4045 2013/4014 2001/4033
f 2027/4023 2001/4033 2013/4014
f 1898/3585 1929/3592 1889/3586
f 1929/3592 1898/3585 1939/3591
f 2099/3990 2151/3978 2108/3999
f 2163/3989 2108/3999 2151/3978
f 2013/4014 2053/4000 2027/4023
f 2071/4013 2027/4023 2053/4000
f 2053/4000 2099/3990 2071/4013
f 2108/3999 2071/4013 2099/3990
f 2071/4013 2057/4032 2027/4023
f 2057/4032 2071/4013 2091/4022
f 2108/3999 2091/4022 2071/4013
f 2091/4022 2108/3999 2125/4012
f 2163/3989 2125/4012 2108/3999
f 2125/4012 2163/3989 2171/3998
f 1959/3582 1969/3590 1933/3581
f 1969/3590 1959/3582 2005/3594
f 1906/3584 1939/3591 1898/3585
f 1939/3591 1906/3584 1951/3589
f 2061/4057 2076/4082 2039/4070
f 2076/4082 2061/4057 2093/4069
f 2263/3782 2232/4010 2224/3997
f 2224/3997 2196/4020 2178/4011
f 2196/4020 2224/3997 2232/4010
f 2043/4204 2084/4210 2035/4209
f 2084/4210 2043/4204 2088/4207
f 1993/4206 2035/4209 1984/4213
f 2035/4209 1993/4206 2043/4204
f 2025/4044 2039/4070 2005/4058
f 2039/4070 2025/4044 2061/4057
f 2263/3782 2224/3997 2220/3988
f 2039/4070 2063/4095 2019/4083
f 2063/4095 2039/4070 2076/4082
f 1984/4213 2033/4216 1980/4222
f 2033/4216 1984/4213 2035/4209
f 2009/4199 2043/4204 1993/4206
f 2043/4204 2009/4199 2049/4202
f 2220/3988 2178/4011 2171/3998
f 2178/4011 2220/3988 2224/3997
f 2091/4022 2086/4043 2057/4032
f 2086/4043 2091/4022 2114/4031
f 2178/4011 2167/4030 2155/4021
f 2167/4030 2178/4011 2196/4020
f 2057/4032 2061/4057 2025/4044
f 2061/4057 2057/4032 2086/4043
f 2086/4043 2093/4069 2061/4057
f 2093/4069 2086/4043 2116/4056
f 2114/4031 2116/4056 2086/4043
f 2116/4056 2114/4031 2145/4042
f 2155/4021 2145/4042 2114/4031
f 2145/4042 2155/4021 2167/4030
f 2035/4209 2081/4217 2033/4216
f 2081/4217 2035/4209 2084/4210
f 2125/4012 2114/4031 2091/4022
f 2114/4031 2125/4012 2155/4021
f 2019/4201 2049/4202 2009/4199
f 2049/4202 2019/4201 2063/4203
f 2171/3998 2155/4021 2125/4012
f 2155/4021 2171/3998 2178/4011
f 2005/4058 2019/4083 1969/4096
f 2019/4083 2005/4058 2039/4070
f 2167/4030 2169/4055 2145/4042
f 2169/4055 2167/4030 2188/4041
f 2049/4202 2088/4207 2043/4204
f 2088/4207 2049/4202 2097/4205
f 2216/4029 2218/4054 2188/4041
f 2218/4054 2216/4029 2230/4040
f 2236/4019 2230/4040 2216/4029
f 2230/4040 2236/4019 2241/4028
f 2084/4210 2141/4218 2081/4217
f 2141/4218 2084/4210 2143/4214
f 2263/3782 2241/4028 2236/4019
f 2097/4205 2147/4212 2088/4207
f 2147/4212 2097/4205 2153/4211
f 2063/4203 2097/4205 2049/4202
f 2097/4205 2063/4203 2103/4208
f 2076/4082 2103/4106 2063/4095
f 2103/4106 2076/4082 2120/4094
f 2103/4208 2153/4211 2097/4205
f 2153/4211 2103/4208 2161/4215
f 2232/4010 2216/4029 2196/4020
f 2216/4029 2232/4010 2236/4019
f 2093/4069 2120/4094 2076/4082
f 2120/4094 2093/4069 2137/4081
f 2088/4207 2143/4214 2084/4210
f 2143/4214 2088/4207 2147/4212
f 2188/4041 2198/4067 2169/4055
f 2198/4067 2188/4041 2218/4054
f 2120/4094 2161/4115 2103/4106
f 2161/4115 2120/4094 2165/4105
f 2263/3782 2236/4019 2232/4010
f 2145/4042 2157/4068 2116/4056
f 2157/4068 2145/4042 2169/4055
f 2116/4056 2137/4081 2093/4069
f 2137/4081 2116/4056 2157/4068
f 2137/4081 2165/4105 2120/4094
f 2165/4105 2137/4081 2173/4093
f 2157/4068 2173/4093 2137/4081
f 2173/4093 2157/4068 2182/4080
f 2169/4055 2182/4080 2157/4068
f 2182/4080 2169/4055 2198/4067
f 2196/4020 2188/4041 2167/4030
f 2188/4041 2196/4020 2216/4029
f 2226/4092 2269/4113 2222/4104
f 2269/4113 2226/4092 2268/4103
f 2234/4079 2268/4103 2226/4092
f 2268/4103 2234/4079 2267/4091
f 2204/4220 2274/4227 2202/4221
f 2274/4227 2204/4220 2273/4226
f 2202/4221 2275/4228 2200/4223
f 2275/4228 2202/4221 2274/4227
f 2208/4219 2273/4226 2204/4220
f 2273/4226 2208/4219 2272/4225
f 2210/4224 2272/4225 2208/4219
f 2272/4225 2210/4224 2271/4229
f 2263/3782 2247/4039 2241/4028
f 2143/4214 2200/4223 2141/4218
f 2200/4223 2143/4214 2202/4221
f 2173/4093 2214/4114 2165/4105
f 2214/4114 2173/4093 2222/4104
f 2241/4028 2243/4053 2230/4040
f 2243/4053 2241/4028 2247/4039
f 2153/4211 2204/4220 2147/4212
f 2204/4220 2153/4211 2208/4219
f 2165/4105 2210/4123 2161/4115
f 2210/4123 2165/4105 2214/4114
f 2238/4066 2267/4091 2234/4079
f 2267/4091 2238/4066 2266/4078
f 2230/4040 2238/4066 2218/4054
f 2238/4066 2230/4040 2243/4053
f 2214/4114 2271/4129 2210/4123
f 2271/4129 2214/4114 2270/4122
f 2161/4215 2208/4219 2153/4211
f 2208/4219 2161/4215 2210/4224
f 2222/4104 2270/4122 2214/4114
f 2270/4122 2222/4104 2269/4113
f 2243/4053 2266/4078 2238/4066
f 2266/4078 2243/4053 2265/4064
f 2147/4212 2202/4221 2143/4214
f 2202/4221 2147/4212 2204/4220
f 2182/4080 2222/4104 2173/4093
f 2222/4104 2182/4080 2226/4092
f 2218/4054 2234/4079 2198/4067
f 2234/4079 2218/4054 2238/4066
f 2198/4067 2226/4092 2182/4080
f 2226/4092 2198/4067 2234/4079
f 1554/1 1560/2 1558/3
f 1558/3 1550/4 1554/1
f 1558/3 1540/5 1550/4
f 1440/6 1430/7 1433/8
f 1534/9 1540/5 1538/10
f 1558/3 1538/10 1540/5
f 1522/11 1534/9 1525/12
f 1538/10 1525/12 1534/9
f 1504/13 1522/11 1517/14
f 1525/12 1517/14 1522/11
f 1492/15 1504/13 1495/16
f 1517/14 1495/16 1504/13
f 1484/17 1492/15 1488/18
f 1495/16 1488/18 1492/15
f 1481/19 1492/15 1484/17
f 1440/6 1428/20 1430/7
f 1467/21 1481/19 1475/22
f 1484/17 1475/22 1481/19
f 1460/23 1467/21 1465/24
f 1475/22 1465/24 1467/21
f 1450/25 1460/23 1456/26
f 1465/24 1456/26 1460/23
f 1440/6 1450/25 1444/27
f 1456/26 1444/27 1450/25
f 1433/8 1450/25 1440/6
f 1433 1430 1434
f 1431 1434 1430
f 1433 1434 1450
f 1451 1450 1434
f 1430 1428 1431
f 1429 1431 1428
f 1335/28 1315/29 1323/30
f 1577/31 1581/32 1579/33
f 1320/34 1338/35 1323/30
f 1579/33 1573/36 1577/31
f 1307/37 1315/29 1313/38
f 1335/28 1313/38 1315/29
f 1295/39 1300/40 1297/41
f 1589/42 1577/31 1587/43
f 1569/44 1561/45 1565/46
f 1587/43 1597/47 1589/42
f 1531/48 1518/49 1526/50
f 1569/44 1559/51 1561/45
f 1565/46 1573/36 1569/44
f 1579/33 1569/44 1573/36
f 1555/52 1565/46 1561/45
f 1531/48 1496/53 1518/49
f 1531/48 1489/54 1496/53
f 1539/55 1559/51 1556/56
f 1569/44 1556/56 1559/51
f 1526/50 1539/55 1531/48
f 1556/56 1531/48 1539/55
f 1535/57 1523/58 1527/59
f 1531/48 1485/60 1489/54
f 1505/61 1493/62 1497/63
f 1531/48 1476/64 1485/60
f 1470/65 1457/66 1466/67
f 1493/62 1482/68 1486/69
f 1470/65 1441/70 1445/71
f 1470/65 1445/71 1457/66
f 1466/67 1476/64 1470/65
f 1531/48 1470/65 1476/64
f 1470/65 1429/72 1441/70
f 1429/72 1413/73 1424/74
f 1323/30 1338/35 1335/28
f 1403/75 1424/74 1413/73
f 1470/65 1413/73 1429/72
f 1382/76 1371/77 1380/78
f 1353/79 1338/35 1349/80
f 1380/78 1403/75 1382/76
f 1413/73 1382/76 1403/75
f 1360/81 1371/77 1362/82
f 1382/76 1362/82 1371/77
f 1351/83 1380/78 1371/77
f 1349/80 1360/81 1353/79
f 1362/82 1353/79 1360/81
f 1353/79 1335/28 1338/35
f 1309/84 1320/34 1317/85
f 1323/30 1317/85 1320/34
f 1317/85 1300/40 1309/84
f 1573/36 1587/43 1577/31
f 1297/41 1292/86 1295/39
f 1317/85 1297/41 1300/40
f 1551/87 1565/46 1555/52
f 1541/88 1565/46 1551/87
f 1535/57 1565/46 1541/88
f 1497/63 1527/59 1505/61
f 1527/59 1565/46 1535/57
f 1505/61 1527/59 1523/58
f 1486/69 1497/63 1493/62
f 1468/89 1486/69 1482/68
f 1462/90 1486/69 1468/89
f 1454/91 1462/90 1461/92
f 1468/89 1461/92 1462/90
f 1424/74 1438/93 1431/94
f 1438/93 1454/91 1451/95
f 1461/92 1451/95 1454/91
f 1424/74 1431/94 1429/72
f 1431/94 1438/93 1434/96
f 1451/95 1434/96 1438/93
f 1440 1444 1441
f 1445 1441 1444
f 1428 1440 1429
f 1441 1429 1440
f 1561 1560 1554
f 1554 1555 1561
f 1522 1523 1534
f 1535 1534 1523
f 1517 1525 1518
f 1526 1518 1525
f 1457 1445 1444
f 1444 1456 1457
f 2806/97 2818/98 2810/99
f 2810/99 2796/100 2806/97
f 2786/101 2767/102 2777/103
f 2718/104 2700/105 2714/106
f 2751/107 2742/108 2747/109
f 2777/103 2796/100 2786/101
f 2810/99 2786/101 2796/100
f 2753/110 2767/102 2765/111
f 2786/101 2765/111 2767/102
f 2747/109 2753/110 2751/107
f 2765/111 2751/107 2753/110
f 2692/112 2679/113 2688/114
f 2726/115 2742/108 2736/116
f 2751/107 2736/116 2742/108
f 2718/104 2726/115 2724/117
f 2736/116 2724/117 2726/115
f 2714/106 2726/115 2718/104
f 2650/118 2610/119 2614/120
f 2650/118 2622/121 2636/122
f 2688/114 2700/105 2692/112
f 2718/104 2692/112 2700/105
f 2666/123 2679/113 2677/124
f 2692/112 2677/124 2679/113
f 2656/125 2679/113 2666/123
f 2650/118 2614/120 2622/121
f 2636/122 2656/125 2650/118
f 2666/123 2650/118 2656/125
f 2604/126 2622/121 2614/120
f 2590/127 2622/121 2604/126
f 2582/128 2622/121 2590/127
f 1485 1484 1488
f 1488 1489 1485
f 1523 1504 1505
f 1504 1523 1522
f 1518 1496 1495
f 1495 1517 1518
f 1559 1558 1560
f 1560 1561 1559
f 1485 1476 1475
f 1475 1484 1485
f 1465 1475 1466
f 1476 1466 1475
f 1488 1495 1489
f 1496 1489 1495
f 1460 1461 1467
f 1468 1467 1461
f 1534 1535 1540
f 1541 1540 1535
f 1539 1526 1525
f 1525 1538 1539
f 1467 1468 1481
f 1482 1481 1468
f 1466 1457 1456
f 1456 1465 1466
f 1540 1541 1550
f 1551 1550 1541
f 1492 1493 1504
f 1505 1504 1493
f 1481 1482 1492
f 1493 1492 1482
f 1539 1538 1558
f 1558 1559 1539
f 1461 1450 1451
f 1450 1461 1460
f 1555 1550 1551
f 1550 1555 1554
f 2736 2751 2737
f 2752 2737 2751
f 2754 2753 2747
f 2747 2748 2754
f 2737 2725 2724
f 2724 2736 2737
f 2688 2689 2700
f 2701 2700 2689
f 2743 2742 2726
f 2726 2727 2743
f 2753 2754 2767
f 2768 2767 2754
f 2656 2636 2657
f 2637 2657 2636
f 2819 2818 2806
f 2806 2807 2819
f 2766 2752 2751
f 2751 2765 2766
f 2811 2810 2818
f 2818 2819 2811
f 2725 2719 2718
f 2718 2724 2725
f 2679 2680 2688
f 2689 2688 2680
f 2787 2786 2810
f 2810 2811 2787
f 2787 2766 2765
f 2765 2786 2787
f 2693 2692 2718
f 2718 2719 2693
f 2693 2678 2677
f 2677 2692 2693
f 2656 2657 2679
f 2680 2679 2657
f 2777 2778 2796
f 2797 2796 2778
f 2767 2768 2777
f 2778 2777 2768
f 2796 2797 2806
f 2807 2806 2797
f 2636 2622 2637
f 2623 2637 2622
f 2748 2747 2742
f 2742 2743 2748
f 2700 2701 2714
f 2715 2714 2701
f 2727 2726 2714
f 2714 2715 2727
f 2667 2651 2650
f 2650 2666 2667
f 2678 2667 2666
f 2666 2677 2678
f 2614 2610 2615
f 2611 2615 2610
f 2622 2582 2623
f 2583 2623 2582
f 2651 2611 2610
f 2610 2650 2651
f 2582 2590 2583
f 2591 2583 2590
f 2604 2614 2605
f 2615 2605 2614
f 2605 2591 2590
f 2590 2604 2605
f 1351 1371 1352
f 1372 1352 1371
f 1381 1351 1352
f 1351 1381 1380
f 1380 1381 1403
f 1404 1403 1381
f 1425 1424 1403
f 1403 1404 1425
f 1462 1463 1486
f 1487 1486 1463
f 1438 1439 1454
f 1455 1454 1439
f 1439 1438 1424
f 1424 1425 1439
f 1454 1455 1462
f 1463 1462 1455
f 1212/1941 847/1942 837/1943
f 837/1943 1219/1944 1212/1941
f 1674/3031 1673/3030 1678/3032
f 1678/3032 1679/3033 1674/3031
f 1666/3029 1665/3028 1673/3030
f 1673/3030 1674/3031 1666/3029
f 1114/1512 1090/1518 1089/1516
f 1089/1516 1113/1514 1114/1512
f 1164/1501 1163/1502 1154/1503
f 1154/1503 1155/1505 1164/1501
f 1679/3033 1678/3032 1682/3034
f 1682/3034 1683/3035 1679/3033
f 1219/1944 837/1943 836/1945
f 836/1945 1218/1946 1219/1944
f 1157/1504 1156/1506 1163/1502
f 1163/1502 1164/1501 1157/1504
f 2906/3022 2894/3025 2893/3024
f 2893/3024 2905/3023 2906/3022
f 2920/1114 2874/1115 2910/1116
f 2200/1117 2935/1118 2276/1119
f 2822/1120 2862/1121 2837/1122
f 1655/1123 1598/1124 1654/1125
f 1729/1126 1658/1127 1718/1128
f 1654/1125 1779/1129 1709/1130
f 2872/1131 2910/1116 2874/1115
f 1658/1127 1582/1132 1590/1133
f 2935/1118 2852/1134 2868/1135
f 2935/1118 2873/1136 2874/1115
f 1658/1127 1728/1137 1718/1128
f 1658/1127 1580/1138 1582/1132
f 1655/1123 1709/1130 1658/1127
f 1303/1139 836/1140 1199/1141
f 1308/1142 1293/1143 1298/1144
f 1654/1125 1709/1130 1655/1123
f 780/1145 695/1146 669/1147
f 1709/1130 1779/1129 1728/1137
f 1728/1137 1658/1127 1709/1130
f 2935/1118 2868/1135 2873/1136
f 2935/1118 2874/1115 2920/1114
f 2935/1118 2838/1148 2852/1134
f 2935/1118 2823/1149 2838/1148
f 2867/1150 2851/1151 2862/1121
f 2935/1118 2795/1152 2823/1149
f 2935/1118 2762/1153 2795/1152
f 2935/1118 2717/1154 2762/1153
f 2935/1118 2665/1155 2717/1154
f 2935/1118 2601/1156 2665/1155
f 2935/1118 2549/1157 2601/1156
f 2935/1118 2497/1158 2549/1157
f 2935/1118 2446/1159 2497/1158
f 2935/1118 2358/1160 2446/1159
f 2935/1118 2275/1161 2358/1160
f 2935/1118 2200/1117 2275/1161
f 1738/1162 1658/1127 1729/1126
f 1361/1163 1350/1164 1352/1165
f 1798/1166 1766/1167 1779/1129
f 1752/1168 1658/1127 1738/1162
f 1767/1169 1658/1127 1752/1168
f 1799/1170 1658/1127 1767/1169
f 1815/1171 1658/1127 1799/1170
f 1850/1172 1658/1127 1815/1171
f 1880/1173 1658/1127 1850/1172
f 1927/1174 1658/1127 1880/1173
f 1980/1175 1658/1127 1927/1174
f 2033/1176 1658/1127 1980/1175
f 2081/1177 1658/1127 2033/1176
f 2141/1178 1658/1127 2081/1177
f 2200/1117 1658/1127 2141/1178
f 2276/1119 1658/1127 2200/1117
f 2867/1150 2910/1116 2872/1131
f 2862/1121 2910/1116 2867/1150
f 2837/1122 2862/1121 2851/1151
f 2794/1179 2862/1121 2822/1120
f 2761/1180 2862/1121 2794/1179
f 2716/1181 2862/1121 2761/1180
f 2664/1182 2862/1121 2716/1181
f 2600/1183 2862/1121 2664/1182
f 2548/1184 2862/1121 2600/1183
f 2496/1185 2862/1121 2548/1184
f 2445/1186 2862/1121 2496/1185
f 2357/1187 2862/1121 2445/1186
f 2251/1188 2862/1121 2357/1187
f 2199/1189 2862/1121 2251/1188
f 1779/1129 2199/1189 2140/1190
f 2301/1191 2862/1121 2199/1189
f 1779/1129 2140/1190 2080/1192
f 1779/1129 2080/1192 2032/1193
f 1779/1129 2032/1193 1979/1194
f 1779/1129 1979/1194 1926/1195
f 1779/1129 1926/1195 1879/1196
f 1779/1129 1879/1196 1849/1197
f 1779/1129 1849/1197 1814/1198
f 1737/1199 1779/1129 1751/1200
f 1779/1129 1814/1198 1798/1166
f 1751/1200 1779/1129 1766/1167
f 1728/1137 1779/1129 1737/1199
f 1308/1142 1318/1201 1316/1202
f 1352/1165 1372/1203 1361/1163
f 1324/1204 1316/1202 1318/1201
f 1298/1144 1318/1201 1308/1142
f 1588/1205 1654/1125 1598/1124
f 1658/1127 1590/1133 1598/1124
f 1658/1127 1598/1124 1655/1123
f 1658/1127 1570/1206 1580/1138
f 1578/1207 1590/1133 1582/1132
f 1658/1127 1557/1208 1570/1206
f 1658/1127 1532/1209 1557/1208
f 1658/1127 1471/1210 1532/1209
f 1658/1127 1414/1211 1471/1210
f 1658/1127 1383/1212 1414/1211
f 1658/1127 1363/1213 1383/1212
f 1658/1127 1354/1214 1363/1213
f 1658/1127 1336/1215 1354/1214
f 1339/1216 1352/1165 1350/1164
f 1658/1127 1314/1217 1336/1215
f 1308/1142 1222/1218 1293/1143
f 1220/1219 1296/1220 1222/1218
f 1314/1217 1222/1218 1308/1142
f 1304/1221 838/1222 1222/1218
f 1658/1127 1222/1218 1314/1217
f 780/1145 836/1140 838/1222
f 1201/1223 695/1146 838/1222
f 1574/1224 1654/1125 1588/1205
f 1528/1225 1654/1125 1566/1226
f 1566/1226 1654/1125 1574/1224
f 1498/1227 1654/1125 1528/1225
f 1455/1228 1654/1125 1463/1229
f 1463/1229 1654/1125 1498/1227
f 1463/1229 1498/1227 1487/1230
f 1439/1231 1654/1125 1455/1228
f 1425/1232 1654/1125 1439/1231
f 1404/1233 1654/1125 1425/1232
f 1381/1234 1654/1125 1404/1233
f 655/1235 836/1140 669/1147
f 1352/1165 1654/1125 1381/1234
f 1321/1236 1352/1165 1339/1216
f 1310/1237 1352/1165 1321/1236
f 1218/1238 1654/1125 1352/1165
f 1222/1218 1296/1220 1293/1143
f 1220/1219 1301/1239 1296/1220
f 1218/1238 1352/1165 1220/1219
f 1220/1219 1310/1237 1301/1239
f 1220/1219 1352/1165 1310/1237
f 1303/1139 1654/1125 1218/1238
f 1695/3036 1683/3035 1682/3034
f 1682/3034 1694/3037 1695/3036
f 2894/3143 2884/3144 2883/3145
f 2883/3145 2893/3147 2894/3143
f 2884/3144 2882/3148 2881/3146
f 2881/3146 2883/3145 2884/3144
f 1744/3156 1714/3158 1713/3157
f 1713/3157 1743/3152 1744/3156
f 2937/3021 2939/3019 2938/3020
f 2940/3018 2938/3020 2939/3019
f 1714/3158 1695/3160 1694/3159
f 1694/3159 1713/3157 1714/3158
f 2905/3023 2937/3021 2906/3022
f 2938/3020 2906/3022 2937/3021
f 2939/3019 2941/3014 2940/3018
f 2942/3016 2940/3018 2941/3014
f 1144/1567 1098/1572 1097/1571
f 1097/1571 1143/1569 1144/1567
f 1062/1947 1022/1948 1021/1949
f 1021/1949 1061/1951 1062/1947
f 1188/1519 1176/1520 1189/1521
f 1177/1522 1189/1521 1176/1520
f 1022/1948 984/1952 983/1950
f 983/1950 1021/1949 1022/1948
f 1103/1530 1104/1528 1149/1524
f 1150/1526 1149/1524 1104/1528
f 1186/1529 1192/1525 1187/1527
f 1193/1523 1187/1527 1192/1525
f 1098/1953 1062/1947 1061/1951
f 1061/1951 1097/1955 1098/1953
f 1192/1525 1188/1519 1193/1523
f 1189/1521 1193/1523 1188/1519
f 862/1537 861/1538 853/1539
f 853/1539 854/1541 862/1537
f 917/1546 918/1544 949/1548
f 950/1550 949/1548 918/1544
f 1066/1957 1030/1958 1029/1959
f 1029/1959 1065/1961 1066/1957
f 1176/1520 1149/1524 1177/1522
f 1150/1526 1177/1522 1149/1524
f 918/1544 917/1546 881/1542
f 881/1542 882/1540 918/1544
f 1067/1967 1068/1968 1103/1969
f 1104/1971 1103/1969 1068/1968
f 2959/1240 2368/1241 2398/1242
f 1243/1243 696/1244 1232/1245
f 640/1246 656/1247 647/1248
f 1217/1249 1775/1250 1246/1251
f 1723/1252 2325/1253 1754/1254
f 1725/1255 1233/1256 1243/1243
f 2343/1257 2936/1258 2398/1242
f 1243/1243 1754/1254 1725/1255
f 1252/1259 656/1247 1246/1251
f 696/1244 1233/1256 1207/1260
f 696/1244 1243/1243 1233/1256
f 3090/1261 3055/1262 3060/1263
f 2959/1240 2398/1242 2936/1258
f 1754/1254 2398/1242 2368/1241
f 1754/1254 1243/1243 1723/1252
f 1246/1251 1780/1264 1252/1259
f 1780/1264 1246/1251 1775/1250
f 671/1265 647/1248 656/1247
f 2298/1266 2858/1267 2863/1268
f 639/1269 1217/1249 656/1247
f 1183/1696 1191/1697 1185/1698
f 1207/1260 644/1270 696/1244
f 2343/1257 1754/1254 2325/1253
f 2298/1266 1780/1264 1775/1250
f 1725/1255 1207/1260 1233/1256
f 1246/1251 656/1247 1217/1249
f 2911/1271 2949/1272 2922/1273
f 2911/1271 2954/1274 2949/1272
f 2959/1240 2936/1258 2955/1275
f 2922/1273 2949/1272 2936/1258
f 2955/1275 2949/1272 2954/1274
f 2955/1275 2936/1258 2949/1272
f 2368/1241 1725/1255 1754/1254
f 696/1244 644/1270 647/1248
f 696/1244 647/1248 671/1265
f 627/1276 615/1277 623/1278
f 3049/1279 3060/1263 3055/1262
f 390/1280 510/1281 504/1282
f 390/1280 504/1282 468/1283
f 1173/1699 1164/1701 1171/1700
f 468/1283 504/1282 503/1284
f 511/1285 504/1282 510/1281
f 511/1285 503/1284 504/1282
f 3133/1286 3053/1287 3055/1262
f 3053/1287 3041/1288 3044/1289
f 3133/1286 3055/1262 3090/1261
f 3048/1290 3060/1263 3049/1279
f 3036/1291 3048/1290 3037/1292
f 3049/1279 3055/1262 3053/1287
f 3049/1279 3044/1289 3048/1290
f 3037/1292 3048/1290 3044/1289
f 510/1281 516/1293 511/1285
f 510/1281 522/1294 516/1293
f 515/1295 503/1284 511/1285
f 511/1285 516/1293 515/1295
f 3053/1287 3044/1289 3049/1279
f 3024/1296 3036/1291 3025/1297
f 523/1298 516/1293 522/1294
f 3037/1292 3031/1299 3036/1291
f 523/1298 515/1295 516/1293
f 522/1294 528/1300 523/1298
f 3037/1292 3044/1289 3041/1288
f 3025/1297 3036/1291 3031/1299
f 522/1294 534/1301 528/1300
f 527/1302 515/1295 523/1298
f 523/1298 528/1300 527/1302
f 535/1303 528/1300 534/1301
f 535/1303 527/1302 528/1300
f 3041/1288 3029/1304 3031/1299
f 3029/1304 3017/1305 3019/1306
f 3041/1288 3031/1299 3037/1292
f 2978/1307 3024/1296 2993/1308
f 3025/1297 3031/1299 3029/1304
f 3025/1297 3019/1306 3024/1296
f 2993/1308 3024/1296 3019/1306
f 534/1301 540/1309 535/1303
f 534/1301 546/1310 540/1309
f 539/1311 527/1302 535/1303
f 535/1303 540/1309 539/1311
f 3029/1304 3019/1306 3025/1297
f 2966/1312 2978/1307 2967/1313
f 598/1314 540/1309 546/1310
f 2993/1308 2973/1315 2978/1307
f 598/1314 539/1311 540/1309
f 546/1310 616/1316 598/1314
f 2993/1308 3019/1306 3017/1305
f 2967/1313 2978/1307 2973/1315
f 546/1310 622/1317 616/1316
f 615/1277 539/1311 598/1314
f 598/1314 616/1316 615/1277
f 623/1278 616/1316 622/1317
f 623/1278 615/1277 616/1316
f 3017/1305 2971/1318 2973/1315
f 2971/1318 2959/1240 2962/1319
f 3017/1305 2973/1315 2993/1308
f 2954/1274 2966/1312 2955/1275
f 2967/1313 2973/1315 2971/1318
f 2967/1313 2962/1319 2966/1312
f 2955/1275 2966/1312 2962/1319
f 622/1317 629/1320 623/1278
f 622/1317 639/1269 629/1320
f 640/1246 627/1276 629/1320
f 623/1278 629/1320 627/1276
f 2971/1318 2962/1319 2967/1313
f 640/1246 629/1320 639/1269
f 1232/1245 1723/1252 1243/1243
f 2955/1275 2962/1319 2959/1240
f 2863/1268 2954/1274 2911/1271
f 640/1246 647/1248 644/1270
f 639/1269 656/1247 640/1246
f 2858/1267 2954/1274 2863/1268
f 644/1270 627/1276 640/1246
f 1189/1744 1177/1745 1187/1746
f 1187/1746 1193/1748 1189/1744
f 1146/1704 1114/1708 1138/1706
f 1173/1699 1157/1702 1164/1701
f 1171/1700 1183/1696 1173/1699
f 1185/1698 1173/1699 1183/1696
f 1155/1703 1171/1700 1164/1701
f 1028/1718 999/1722 1026/1720
f 1138/1706 1157/1702 1146/1704
f 1173/1699 1146/1704 1157/1702
f 1155/1703 1136/1707 1144/1705
f 1159/1751 1140/1755 1148/1753
f 946/1728 922/1732 936/1730
f 1090/1712 1114/1708 1100/1710
f 1146/1704 1100/1710 1114/1708
f 1116/1757 1092/1761 1102/1759
f 1056/1716 1090/1712 1064/1714
f 1100/1710 1064/1714 1090/1712
f 1092/1761 1058/1765 1066/1763
f 1112/1709 1088/1713 1098/1711
f 1026/1720 1056/1716 1028/1718
f 1064/1714 1028/1718 1056/1716
f 1088/1713 1054/1717 1062/1715
f 958/1726 999/1722 986/1724
f 1028/1718 986/1724 999/1722
f 1001/1771 960/1775 988/1773
f 1024/1719 997/1723 1022/1721
f 936/1730 958/1726 946/1728
f 986/1724 946/1728 958/1726
f 956/1727 934/1731 944/1729
f 997/1723 956/1727 984/1725
f 960/1775 938/1779 948/1777
f 1098/1711 1144/1705 1112/1709
f 901/1736 922/1732 914/1734
f 946/1728 914/1734 922/1732
f 901/1736 878/1738 895/1740
f 924/1781 903/1785 916/1783
f 920/1733 899/1737 912/1735
f 914/1734 878/1738 901/1736
f 1144/1705 1171/1700 1155/1703
f 1022/1721 1062/1715 1024/1719
f 1112/1709 1144/1705 1136/1707
f 1062/1715 1098/1711 1088/1713
f 1024/1719 1062/1715 1054/1717
f 1177/1745 1166/1749 1175/1747
f 984/1725 1022/1721 997/1723
f 912/1735 944/1729 920/1733
f 944/1729 984/1725 956/1727
f 920/1733 944/1729 934/1731
f 882/1786 862/1789 880/1787
f 876/1739 912/1735 899/1737
f 876/1739 899/1737 895/1740
f 858/1741 852/1743 856/1742
f 876/1739 895/1740 878/1738
f 856/1742 876/1739 858/1741
f 878/1738 858/1741 876/1739
f 1175/1747 1187/1746 1177/1745
f 1177/1745 1161/1750 1166/1749
f 1159/1751 1175/1747 1166/1749
f 1150/1752 1118/1756 1142/1754
f 1036/1766 1003/1770 1034/1768
f 1142/1754 1161/1750 1150/1752
f 1177/1745 1150/1752 1161/1750
f 1060/1764 1094/1760 1068/1762
f 1034/1768 1060/1764 1036/1766
f 1094/1760 1118/1756 1104/1758
f 1150/1752 1104/1758 1118/1756
f 1104/1758 1068/1762 1094/1760
f 950/1776 926/1780 940/1778
f 1068/1762 1036/1766 1060/1764
f 1032/1767 1001/1771 1030/1769
f 940/1778 962/1774 950/1776
f 962/1774 1003/1770 990/1772
f 1036/1766 990/1772 1003/1770
f 990/1772 950/1776 962/1774
f 1116/1757 1148/1753 1140/1755
f 905/1784 926/1780 918/1782
f 950/1776 918/1782 926/1780
f 905/1784 882/1786 897/1788
f 918/1782 882/1786 905/1784
f 1148/1753 1175/1747 1159/1751
f 1066/1763 1102/1759 1092/1761
f 1102/1759 1148/1753 1116/1757
f 1032/1767 1066/1763 1058/1765
f 988/1773 1030/1769 1001/1771
f 1030/1769 1066/1763 1032/1767
f 924/1781 948/1777 938/1779
f 880/1787 916/1783 903/1785
f 948/1777 988/1773 960/1775
f 916/1783 948/1777 924/1781
f 880/1787 903/1785 897/1788
f 862/1789 854/1791 860/1790
f 880/1787 897/1788 882/1786
f 860/1790 880/1787 862/1789
f 860/1545 859/1543 879/1547
f 879/1547 880/1549 860/1545
f 1102/1963 1066/1957 1065/1961
f 1065/1961 1101/1965 1102/1963
f 1158/1792 1165/1793 1160/1794
f 1160/1794 1139/1795 1158/1792
f 1154/1816 1163/1817 1156/1818
f 1141/1796 1115/1797 1139/1795
f 1135/1819 1156/1818 1137/1820
f 1139/1795 1160/1794 1141/1796
f 1093/1799 1057/1801 1091/1800
f 1115/1797 1141/1796 1117/1798
f 1059/1802 1031/1803 1057/1801
f 1091/1800 1115/1797 1093/1799
f 1117/1798 1093/1799 1115/1797
f 1113/1822 1089/1823 1111/1821
f 1111/1821 1137/1820 1113/1822
f 1053/1825 1089/1823 1055/1826
f 1057/1801 1093/1799 1059/1802
f 1033/1804 1000/1805 1031/1803
f 1023/1827 1055/1826 1025/1828
f 1031/1803 1059/1802 1033/1804
f 961/1807 937/1809 959/1808
f 1000/1805 1033/1804 1002/1806
f 939/1810 923/1811 937/1809
f 959/1808 1000/1805 961/1807
f 1002/1806 961/1807 1000/1805
f 998/1830 957/1831 996/1829
f 996/1829 1025/1828 998/1830
f 933/1833 957/1831 935/1834
f 937/1809 961/1807 939/1810
f 904/1813 896/1815 902/1814
f 923/1811 939/1810 925/1812
f 1156/1818 1135/1819 1154/1816
f 902/1814 923/1811 904/1813
f 925/1812 904/1813 923/1811
f 921/1836 900/1837 919/1835
f 919/1835 935/1834 921/1836
f 1137/1820 1111/1821 1135/1819
f 1089/1823 1053/1825 1087/1824
f 1087/1824 1111/1821 1089/1823
f 1055/1826 1023/1827 1053/1825
f 1025/1828 996/1829 1023/1827
f 957/1831 933/1833 955/1832
f 955/1832 996/1829 957/1831
f 935/1834 919/1835 933/1833
f 900/1837 894/1839 898/1838
f 898/1838 919/1835 900/1837
f 1147/1534 1174/1532 1148/1533
f 1175/1531 1148/1533 1174/1532
f 1174/1532 1186/1529 1175/1531
f 1187/1527 1175/1531 1186/1529
f 988/1962 948/1966 947/1964
f 947/1964 987/1960 988/1962
f 1190/1555 1184/1556 1191/1557
f 1185/1558 1191/1557 1184/1556
f 1148/1533 1102/1536 1101/1535
f 1101/1535 1147/1534 1148/1533
f 948/1553 916/1552 915/1551
f 915/1551 947/1554 948/1553
f 1027/1977 1028/1978 1063/1979
f 1064/1981 1063/1979 1028/1978
f 949/1976 950/1975 989/1974
f 990/1973 989/1974 950/1975
f 1035/1972 1036/1970 1067/1967
f 1068/1968 1067/1967 1036/1970
f 852/1573 851/1574 855/1575
f 855/1575 856/1577 852/1573
f 882/1540 881/1542 861/1538
f 861/1538 862/1537 882/1540
f 1182/1561 1190/1555 1183/1559
f 1191/1557 1183/1559 1190/1555
f 854/1541 853/1539 859/1543
f 859/1543 860/1545 854/1541
f 989/1974 990/1973 1035/1972
f 1036/1970 1035/1972 990/1973
f 1030/1958 988/1962 987/1960
f 987/1960 1029/1959 1030/1958
f 880/1549 879/1547 915/1551
f 915/1551 916/1552 880/1549
f 856/1577 855/1575 875/1579
f 875/1579 876/1581 856/1577
f 914/1584 913/1586 877/1582
f 877/1582 878/1580 914/1584
f 985/1982 986/1980 1027/1977
f 1028/1978 1027/1977 986/1980
f 913/1586 914/1584 945/1588
f 946/1590 945/1588 914/1584
f 839/1591 838/1592 836/1593
f 836/1593 837/1594 839/1591
f 876/1581 875/1579 911/1583
f 911/1583 912/1585 876/1581
f 1170/1565 1182/1561 1171/1563
f 1183/1559 1171/1563 1182/1561
f 1172/1560 1145/1564 1173/1562
f 1146/1566 1173/1562 1145/1564
f 984/1952 944/1956 943/1954
f 943/1954 983/1950 984/1952
f 858/1576 857/1578 851/1574
f 851/1574 852/1573 858/1576
f 1184/1556 1172/1560 1185/1558
f 1173/1562 1185/1558 1172/1560
f 944/1587 912/1585 911/1583
f 911/1583 943/1589 944/1587
f 1143/1569 1170/1565 1144/1567
f 1171/1563 1144/1567 1170/1565
f 878/1580 877/1582 857/1578
f 857/1578 858/1576 878/1580
f 1221/1597 1223/1598 1213/1599
f 1213/1599 1223/1598 1214/1601
f 1219/1604 1221/1597 1212/1602
f 1213/1599 1212/1602 1221/1597
f 1063/1979 1064/1981 1099/1983
f 1100/1985 1099/1983 1064/1981
f 1099/1570 1100/1568 1145/1564
f 1146/1566 1145/1564 1100/1568
f 839/1987 848/1988 1223/1989
f 1214/1990 1223/1989 848/1988
f 945/1986 946/1984 985/1982
f 986/1980 985/1982 946/1984
f 838/1992 839/1987 1222/1991
f 1223/1989 1222/1991 839/1987
f 1097/1840 1083/1841 1085/1842
f 1097/1840 1079/1843 1083/1841
f 853/1900 848/1898 851/1894
f 1081/1846 1212/1844 1085/1842
f 1097/1840 1071/1845 1079/1843
f 1061/1848 1041/1854 1051/1851
f 983/1872 973/1880 980/1876
f 1101/1887 1065/1896 1099/1891
f 1021/1857 1013/1864 1019/1860
f 1051/1851 1071/1845 1061/1848
f 1097/1840 1061/1848 1071/1845
f 1065/1896 1029/1902 1063/1899
f 1021/1857 1007/1868 1013/1864
f 1019/1860 1041/1854 1021/1857
f 1061/1848 1021/1857 1041/1854
f 983/1872 963/1888 969/1884
f 1029/1902 987/1909 1027/1906
f 983/1872 969/1884 973/1880
f 980/1876 1007/1868 983/1872
f 1021/1857 983/1872 1007/1868
f 983/1872 943/1892 963/1888
f 987/1909 947/1913 985/1911
f 1027/1906 1063/1899 1029/1902
f 947/1913 915/1916 945/1915
f 1214/1866 1188/1870 1192/1859
f 1184/1867 1190/1856 1186/1863
f 1213/1862 1192/1859 1212/1844
f 1214/1866 1192/1859 1213/1862
f 1192/1859 1186/1863 1190/1856
f 1182/1853 1212/1844 1190/1856
f 1172/1875 1184/1867 1174/1871
f 1186/1863 1174/1871 1184/1867
f 1145/1883 1172/1875 1147/1879
f 1174/1871 1147/1879 1172/1875
f 1099/1891 1145/1883 1101/1887
f 1147/1879 1101/1887 1145/1883
f 1063/1899 1099/1891 1065/1896
f 985/1911 1027/1906 987/1909
f 945/1915 985/1911 947/1913
f 913/1914 945/1915 915/1916
f 877/1910 913/1914 879/1912
f 1214/1866 1176/1874 1188/1870
f 911/1897 963/1888 943/1892
f 915/1916 879/1912 913/1914
f 857/1904 877/1910 859/1908
f 879/1912 859/1908 877/1910
f 851/1894 857/1904 853/1900
f 859/1908 853/1900 857/1904
f 1214/1866 1149/1878 1176/1874
f 1214/1866 1103/1882 1149/1878
f 1214/1866 1067/1886 1103/1882
f 1214/1866 1035/1890 1067/1886
f 1214/1866 989/1895 1035/1890
f 1190/1856 1212/1844 1192/1859
f 861/1903 848/1898 853/1900
f 881/1907 848/1898 861/1903
f 917/1905 848/1898 881/1907
f 949/1901 848/1898 917/1905
f 989/1895 848/1898 949/1901
f 1214/1866 848/1898 989/1895
f 1170/1850 1212/1844 1182/1853
f 1143/1847 1212/1844 1170/1850
f 1097/1840 1212/1844 1143/1847
f 1085/1842 1212/1844 1097/1840
f 1077/1849 1212/1844 1081/1846
f 1069/1852 1212/1844 1077/1849
f 1049/1855 1212/1844 1069/1852
f 1039/1858 1212/1844 1049/1855
f 1017/1861 1212/1844 1039/1858
f 847/1869 967/1885 855/1889
f 1011/1865 1212/1844 1017/1861
f 847/1869 1212/1844 1011/1865
f 875/1893 967/1885 911/1897
f 911/1897 967/1885 963/1888
f 855/1889 967/1885 875/1893
f 847/1869 1011/1865 1005/1873
f 847/1869 855/1889 851/1894
f 847/1869 1005/1873 978/1877
f 847/1869 978/1877 971/1881
f 847/1869 971/1881 967/1885
f 847/1869 851/1894 848/1898
f 1220/1603 1222/1600 1221/1597
f 1223/1598 1221/1597 1222/1600
f 1218/1605 1220/1603 1219/1604
f 1221/1597 1219/1604 1220/1603
f 837/1594 847/1595 839/1591
f 847/1595 848/1596 839/1591
f 1056/1993 1026/1994 1025/1995
f 1025/1995 1055/1997 1056/1993
f 933/1621 934/1620 955/1622
f 956/1623 955/1622 934/1620
f 900/1606 921/1607 901/1608
f 922/1609 901/1608 921/1607
f 921/1607 935/1611 922/1609
f 936/1613 922/1609 935/1611
f 1087/1517 1088/1515 1111/1511
f 1112/1513 1111/1511 1088/1515
f 898/1616 894/1612 899/1614
f 895/1610 899/1614 894/1612
f 955/2003 956/2004 996/2005
f 997/2006 996/2005 956/2004
f 894/1612 900/1606 895/1610
f 901/1608 895/1610 900/1606
f 999/1998 958/2002 957/2000
f 957/2000 998/1996 999/1998
f 996/2005 997/2006 1023/2007
f 1024/2008 1023/2007 997/2006
f 919/1619 898/1616 920/1618
f 899/1614 920/1618 898/1616
f 958/1615 936/1613 935/1611
f 935/1611 957/1617 958/1615
f 1023/2007 1024/2008 1053/2009
f 1054/2010 1053/2009 1024/2008
f 1026/1994 999/1998 998/1996
f 998/1996 1025/1995 1026/1994
f 1082/1917 1086/1918 1084/1919
f 1072/1922 1050/1924 1070/1923
f 1014/1930 1006/1932 1012/1931
f 1078/1921 1082/1917 1080/1920
f 1084/1919 1080/1920 1082/1917
f 1070/1923 1078/1921 1072/1922
f 1080/1920 1072/1922 1078/1921
f 1050/1924 1072/1922 1052/1925
f 970/1938 964/1940 968/1939
f 1040/1927 1050/1924 1042/1926
f 1052/1925 1042/1926 1050/1924
f 1018/1929 1040/1927 1020/1928
f 1042/1926 1020/1928 1040/1927
f 1012/1931 1018/1929 1014/1930
f 1020/1928 1014/1930 1018/1929
f 1006/1932 1014/1930 1008/1933
f 979/1935 1006/1932 981/1934
f 1008/1933 981/1934 1006/1932
f 972/1937 979/1935 974/1936
f 981/1934 974/1936 979/1935
f 968/1939 972/1937 970/1938
f 974/1936 970/1938 972/1937
f 1053/2009 1054/2010 1087/2011
f 1088/2012 1087/2011 1054/2010
f 933/1621 919/1619 934/1620
f 920/1618 934/1620 919/1619
f 1070/1628 1050/1634 1049/1632
f 1049/1632 1069/1630 1070/1628
f 1077/1624 1081/1625 1078/1626
f 1082/1627 1078/1626 1081/1625
f 1083/1633 1079/1636 1084/1635
f 1080/1637 1084/1635 1079/1636
f 1081/1625 1085/1629 1082/1627
f 1086/1631 1082/1627 1085/1629
f 970/1642 969/1643 963/1644
f 963/1644 964/1646 970/1642
f 1085/1629 1083/1633 1086/1631
f 1084/1635 1086/1631 1083/1633
f 1069/1630 1077/1624 1070/1628
f 1078/1626 1070/1628 1077/1624
f 904/1660 925/1661 905/1662
f 926/1663 905/1662 925/1661
f 964/1646 963/1644 967/1648
f 967/1648 968/1650 964/1646
f 896/1666 904/1660 897/1664
f 905/1662 897/1664 904/1660
f 925/1661 939/1665 926/1663
f 940/1667 926/1663 939/1665
f 923/1673 902/1670 924/1672
f 903/1668 924/1672 902/1670
f 972/1654 971/1652 978/1656
f 978/1656 979/1657 972/1654
f 1040/2013 1018/2014 1017/2015
f 1017/2015 1039/2017 1040/2013
f 1012/2018 1006/2022 1005/2020
f 1005/2020 1011/2016 1012/2018
f 974/1645 973/1647 969/1643
f 969/1643 970/1642 974/1645
f 1079/1636 1071/1638 1080/1637
f 1072/1639 1080/1637 1071/1638
f 1006/1658 979/1657 978/1656
f 978/1656 1005/1659 1006/1658
f 1050/2019 1040/2013 1039/2017
f 1039/2017 1049/2021 1050/2019
f 968/1650 967/1648 971/1652
f 971/1652 972/1654 968/1650
f 981/1649 980/1651 973/1647
f 973/1647 974/1645 981/1649
f 1051/1641 1052/1640 1071/1638
f 1072/1639 1071/1638 1052/1640
f 1018/2014 1012/2018 1011/2016
f 1011/2016 1017/2015 1018/2014
f 1159/1678 1158/1679 1139/1680
f 1139/1680 1140/1682 1159/1678
f 1057/2023 1058/2024 1091/2025
f 1092/2027 1091/2025 1058/2024
f 1166/1681 1165/1683 1158/1679
f 1158/1679 1159/1678 1166/1681
f 1000/2030 1001/2029 1031/2028
f 1032/2026 1031/2028 1001/2029
f 1118/1692 1117/1693 1141/1691
f 1141/1691 1142/1689 1118/1692
f 1034/2033 1003/2034 1002/2035
f 1002/2035 1033/2037 1034/2033
f 1140/1682 1139/1680 1115/1684
f 1115/1684 1116/1686 1140/1682
f 937/1675 923/1673 938/1674
f 924/1672 938/1674 923/1673
f 1013/2043 1014/2044 1019/2045
f 1020/2047 1019/2045 1014/2044
f 1041/2049 1042/2050 1051/2051
f 1052/2052 1051/2051 1042/2050
f 1031/2028 1032/2026 1057/2023
f 1058/2024 1057/2023 1032/2026
f 962/1669 940/1667 939/1665
f 939/1665 961/1671 962/1669
f 1060/2039 1034/2033 1033/2037
f 1033/2037 1059/2040 1060/2039
f 937/1675 938/1674 959/1676
f 960/1677 959/1676 938/1674
f 1118/1692 1094/1695 1093/1694
f 1093/1694 1117/1693 1118/1692
f 959/2032 960/2031 1000/2030
f 1001/2029 1000/2030 960/2031
f 1003/2034 962/2038 961/2036
f 961/2036 1002/2035 1003/2034
f 902/1670 896/1666 903/1668
f 897/1664 903/1668 896/1666
f 1007/2048 1008/2046 1013/2043
f 1014/2044 1013/2043 1008/2046
f 980/1651 981/1649 1007/1653
f 1008/1655 1007/1653 981/1649
f 1019/2045 1020/2047 1041/2049
f 1042/2050 1041/2049 1020/2047
f 1091/1690 1092/1688 1115/1684
f 1116/1686 1115/1684 1092/1688
f 1142/1689 1141/1691 1160/1687
f 1160/1687 1161/1685 1142/1689
f 1161/1685 1160/1687 1165/1683
f 1165/1683 1166/1681 1161/1685
f 1094/2041 1060/2039 1059/2040
f 1059/2040 1093/2042 1094/2041
f 1946/3161 1947/3162 1948/3163
f 1949/3164 1948/3163 1947/3162
f 1833/3185 1885/3186 1835/3187
f 1887/3189 1835/3187 1885/3186
f 1947/3191 2021/3192 1949/3193
f 2023/3195 1949/3193 2021/3192
f 2021/3192 1947/3191 1946/3194
f 1946/3194 2020/3196 2021/3192
f 1885/3186 1833/3185 1832/3188
f 1832/3188 1884/3190 1885/3186
f 2020/3165 2022/3166 2021/3167
f 2023/3168 2021/3167 2022/3166
f 1884/3169 1886/3170 1885/3171
f 1887/3172 1885/3171 1886/3170
f 1832/3173 1833/3174 1834/3175
f 1835/3176 1834/3175 1833/3174
f 2839/3177 2840/3178 2826/3179
f 2827/3180 2826/3179 2840/3178
f 1949/3204 1887/3205 1886/3206
f 2291/3213 1816/3215 1835/3211
f 2310/3209 1835/3211 1887/3205
f 1886/3206 1948/3208 1949/3204
f 1802/3217 1835/3211 1816/3215
f 1802/3217 1834/3218 1835/3211
f 2354/3207 1887/3205 1949/3204
f 2826/3210 2023/3212 2022/3214
f 1949/3204 2023/3212 2826/3210
f 2022/3214 2839/3216 2826/3210
f 1090/1999 1056/1993 1055/1997
f 1055/1997 1089/2001 1090/1999
f 1155/1505 1154/1503 1135/1507
f 1135/1507 1136/1509 1155/1505
f 1138/1508 1137/1510 1156/1506
f 1156/1506 1157/1504 1138/1508
f 1114/1512 1113/1514 1137/1510
f 1137/1510 1138/1508 1114/1512
f 1817/3181 1803/3182 1802/3183
f 1802/3183 1816/3184 1817/3181
f 1136/1509 1135/1507 1111/1511
f 1111/1511 1112/1513 1136/1509
f 2292/3197 1817/3198 1816/3199
f 2292/3197 2826/3203 2827/3202
f 1292 1297 1293
f 1298 1293 1297
f 1336 1314 1313
f 1313 1335 1336
f 1315 1307 1316
f 1308 1316 1307
f 1297 1317 1298
f 1318 1298 1317
f 1295 1292 1296
f 1293 1296 1292
f 1317 1323 1318
f 1324 1318 1323
f 1354 1336 1335
f 1335 1353 1354
f 1309 1310 1320
f 1321 1320 1310
f 1363 1354 1353
f 1353 1362 1363
f 1338 1339 1349
f 1350 1349 1339
f 1307 1313 1308
f 1314 1308 1313
f 1300 1295 1301
f 1296 1301 1295
f 1320 1321 1338
f 1339 1338 1321
f 1383 1363 1362
f 1362 1382 1383
f 1323 1315 1324
f 1316 1324 1315
f 1309 1300 1310
f 1301 1310 1300
f 1832/3155 1744/3156 1743/3152
f 1884/3154 1832/3155 1743/3152
f 1946/3153 1884/3154 1743/3152
f 2020/3151 1946/3153 1743/3152
f 2305/3149 2882/3148 2020/3151
f 2304/3150 2881/3146 2305/3149
f 1349 1350 1360
f 1361 1360 1350
f 1372 1371 1360
f 1360 1361 1372
f 1649 1651 1650
f 1653 1650 1652
f 1652 1650 1651
f 1795 1794 1793
f 1795 1793 1791
f 1791 1792 1795
f 1649 1650 1791
f 1792 1791 1650
f 465 481 698
f 700 698 481
f 3100 3084 2900
f 2900 2902 3100
f 1616 1613 1500
f 1500 1503 1616
f 1795 1792 1650
f 1650 1653 1795
f 1612 1613 1616
f 1616 1615 1614
f 1616 1614 1612
f 1499 1501 1500
f 1503 1500 1502
f 1502 1500 1501
f 2899 2901 2900
f 2902 2900 2901
f 700 699 697
f 697 698 700
f 3100 2902 3099
f 700 481 480
f 2925 3099 2902
f 2901 2925 2902
f 674 699 700
f 480 674 700
f 664 465 697
f 464 465 664
f 2915 2900 3083
f 2899 2900 2915
f 3084 3083 2900
f 698 697 465
f 1616 1503 1502
f 1502 1615 1616
f 2374/3813 2361/3832 2338/3811
f 2361/3832 2374/3813 2408/3833
f 2313/3823 2263/3782 2308/3812
f 2528/4181 2488/4180 2538/4187
f 2488/4180 2528/4181 2480/4171
f 2441/3834 2432/3853 2408/3833
f 2432/3853 2441/3834 2467/3854
f 2463/3845 2467/3854 2441/3834
f 2467/3854 2463/3845 2492/3864
f 2515/4173 2480/4171 2528/4181
f 2480/4171 2515/4173 2476/4163
f 2406/3814 2408/3833 2374/3813
f 2408/3833 2406/3814 2441/3834
f 2502/3871 2476/3870 2515/3892
f 2476/3870 2502/3871 2457/3850
f 2494/4186 2445/4185 2496/4191
f 2445/4185 2494/4186 2443/4179
f 2338/3811 2313/3823 2308/3812
f 2313/3823 2338/3811 2361/3832
f 2488/4180 2443/4179 2494/4186
f 2443/4179 2488/4180 2439/4169
f 2517/3872 2502/3871 2542/3893
f 2502/3871 2517/3872 2482/3851
f 2361/3832 2328/3835 2313/3823
f 2328/3835 2361/3832 2391/3852
f 2328/3835 2263/3782 2313/3823
f 2408/3833 2391/3852 2361/3832
f 2391/3852 2408/3833 2432/3853
f 2542/3893 2515/3892 2557/3916
f 2515/3892 2542/3893 2502/3871
f 2482/3851 2492/3864 2463/3845
f 2492/3864 2482/3851 2517/3872
f 2545/4192 2496/4191 2548/4195
f 2496/4191 2545/4192 2494/4186
f 2482/3851 2457/3850 2502/3871
f 2457/3850 2482/3851 2449/3831
f 2449/3831 2463/3845 2430/3822
f 2463/3845 2449/3831 2482/3851
f 2538/4187 2494/4186 2545/4192
f 2494/4186 2538/4187 2488/4180
f 2430/3822 2441/3834 2406/3814
f 2441/3834 2430/3822 2463/3845
f 2315/3794 2308/3812 2286/3804
f 2308/3812 2315/3794 2338/3811
f 2434/4158 2352/4156 2439/4169
f 2352/4156 2434/4158 2348/4148
f 2402/3810 2341/3821 2413/3830
f 2341/3821 2402/3810 2330/3793
f 2336/3795 2338/3811 2315/3794
f 2338/3811 2336/3795 2374/3813
f 2284/3787 2286/3804 2281/3797
f 2286/3804 2284/3787 2315/3794
f 2286/3804 2263/3782 2281/3797
f 2402/3810 2430/3822 2384/3803
f 2430/3822 2402/3810 2449/3831
f 2476/4163 2434/4158 2480/4171
f 2434/4158 2476/4163 2422/4152
f 2439/4169 2355/4168 2443/4179
f 2355/4168 2439/4169 2352/4156
f 2443/4179 2357/4178 2445/4185
f 2357/4178 2443/4179 2355/4168
f 2326/3786 2359/3796 2311/3781
f 2359/3796 2326/3786 2384/3803
f 2306/3780 2315/3794 2284/3787
f 2315/3794 2306/3780 2336/3795
f 2480/4171 2439/4169 2488/4180
f 2439/4169 2480/4171 2434/4158
f 2457/3850 2422/3849 2476/3870
f 2422/3849 2457/3850 2413/3830
f 2422/4152 2348/4148 2434/4158
f 2348/4148 2422/4152 2346/4144
f 2413/3830 2346/3844 2422/3849
f 2346/3844 2413/3830 2341/3821
f 2449/3831 2413/3830 2457/3850
f 2413/3830 2449/3831 2402/3810
f 2359/3796 2374/3813 2336/3795
f 2374/3813 2359/3796 2406/3814
f 2330/3793 2384/3803 2326/3786
f 2384/3803 2330/3793 2402/3810
f 2384/3803 2406/3814 2359/3796
f 2406/3814 2384/3803 2430/3822
f 2308/3812 2263/3782 2286/3804
f 2311/3781 2336/3795 2306/3780
f 2336/3795 2311/3781 2359/3796
f 2326/3786 2259/3773 2258/3779
f 2259/3773 2326/3786 2311/3781
f 2341/3821 2255/3829 2346/3844
f 2255/3829 2341/3821 2256/3809
f 2330/3793 2258/3779 2257/3792
f 2258/3779 2330/3793 2326/3786
f 2330/3793 2256/3809 2341/3821
f 2256/3809 2330/3793 2257/3792
f 2348/4148 2253/4146 2352/4156
f 2253/4146 2348/4148 2254/4141
f 2281/3797 2263/3782 2262/3788
f 2284/3787 2262/3788 2261/3774
f 2262/3788 2284/3787 2281/3797
f 2355/4168 2251/4167 2357/4178
f 2251/4167 2355/4168 2252/4155
f 2346/4144 2254/4141 2348/4148
f 2254/4141 2346/4144 2255/4139
f 2306/3780 2261/3774 2260/3768
f 2261/3774 2306/3780 2284/3787
f 2352/4156 2252/4155 2355/4168
f 2252/4155 2352/4156 2253/4146
f 2311/3781 2260/3768 2259/3773
f 2260/3768 2311/3781 2306/3780
f 2712/3749 2664/3756 2716/3751
f 2664/3756 2712/3749 2662/3755
f 2436/3886 2363/3875 2350/3865
f 2363/3875 2436/3886 2447/3898
f 2706/3748 2662/3755 2712/3749
f 2662/3755 2706/3748 2652/3752
f 2690/3744 2728/3736 2658/3745
f 2704/3737 2658/3745 2728/3736
f 2628/3746 2612/3754 2658/3745
f 2612/3754 2628/3746 2574/3757
f 2759/3741 2706/3748 2712/3749
f 2706/3748 2759/3741 2749/3740
f 2578/3918 2564/3929 2552/3905
f 2564/3929 2578/3918 2618/3942
f 2690/3744 2652/3752 2706/3748
f 2652/3752 2690/3744 2638/3753
f 2574/3917 2578/3918 2554/3894
f 2578/3918 2574/3917 2628/3941
f 2628/3746 2618/3742 2578/3750
f 2618/3742 2628/3746 2669/3738
f 2658/3745 2638/3753 2690/3744
f 2638/3753 2658/3745 2612/3754
f 2749/3740 2690/3744 2706/3748
f 2690/3744 2749/3740 2728/3736
f 2363/3875 2263/3782 2350/3865
f 2716/3751 2761/3743 2712/3749
f 2759/3741 2712/3749 2761/3743
f 2510/3896 2478/3908 2471/3895
f 2478/3908 2510/3896 2524/3919
f 2471/3895 2436/3886 2416/3876
f 2436/3886 2471/3895 2478/3908
f 2478/3908 2447/3898 2436/3886
f 2447/3898 2478/3908 2498/3922
f 2554/3894 2552/3905 2519/3884
f 2552/3905 2554/3894 2578/3918
f 2350/3865 2263/3782 2344/3855
f 2704/3737 2628/3746 2658/3745
f 2628/3746 2704/3737 2669/3738
f 2416/3876 2350/3865 2344/3855
f 2350/3865 2416/3876 2436/3886
f 2552/3905 2524/3919 2510/3896
f 2524/3919 2552/3905 2564/3929
f 2519/3884 2510/3896 2486/3874
f 2510/3896 2519/3884 2552/3905
f 2486/3874 2471/3895 2453/3873
f 2471/3895 2486/3874 2510/3896
f 2652/3752 2596/3759 2662/3755
f 2596/3759 2652/3752 2584/3758
f 2574/3917 2557/3916 2612/3940
f 2557/3916 2574/3917 2542/3893
f 2517/3872 2519/3884 2492/3864
f 2519/3884 2517/3872 2554/3894
f 2467/3854 2453/3873 2432/3853
f 2453/3873 2467/3854 2486/3874
f 2432/3853 2404/3866 2391/3852
f 2404/3866 2432/3853 2453/3873
f 2638/3753 2584/3758 2652/3752
f 2584/3758 2638/3753 2572/3761
f 2542/3893 2554/3894 2517/3872
f 2554/3894 2542/3893 2574/3917
f 2391/3852 2333/3846 2328/3835
f 2333/3846 2391/3852 2404/3866
f 2584/4193 2545/4192 2596/4196
f 2545/4192 2584/4193 2538/4187
f 2333/3846 2263/3782 2328/3835
f 2572/4188 2538/4187 2584/4193
f 2538/4187 2572/4188 2528/4181
f 2453/3873 2416/3876 2404/3866
f 2416/3876 2453/3873 2471/3895
f 2344/3855 2263/3782 2333/3846
f 2557/4183 2528/4181 2572/4188
f 2528/4181 2557/4183 2515/4173
f 2662/3755 2600/3760 2664/3756
f 2600/3760 2662/3755 2596/3759
f 2492/3864 2486/3874 2467/3854
f 2486/3874 2492/3864 2519/3884
f 2404/3866 2344/3855 2333/3846
f 2344/3855 2404/3866 2416/3876
f 2596/4196 2548/4195 2600/4197
f 2548/4195 2596/4196 2545/4192
f 2612/4190 2572/4188 2638/4194
f 2572/4188 2612/4190 2557/4183
f 2573/3669 2653/3663 2585/3680
f 2653/3663 2573/3669 2639/3652
f 2464/4109 2450/4125 2431/4119
f 2450/4125 2464/4109 2483/4118
f 2409/4087 2407/4110 2375/4101
f 2407/4110 2409/4087 2442/4100
f 2442/4100 2431/4119 2407/4110
f 2431/4119 2442/4100 2464/4109
f 2539/4246 2597/4252 2546/4247
f 2597/4252 2539/4246 2585/4251
f 2529/4245 2585/4251 2539/4246
f 2585/4251 2529/4245 2573/4250
f 2450/4125 2503/4131 2458/4134
f 2503/4131 2450/4125 2483/4118
f 2362/4075 2375/4101 2339/4088
f 2375/4101 2362/4075 2409/4087
f 2392/4062 2409/4087 2362/4075
f 2409/4087 2392/4062 2433/4074
f 2503/4131 2558/4130 2516/4137
f 2558/4130 2503/4131 2543/4117
f 2483/4118 2543/4117 2503/4131
f 2543/4117 2483/4118 2518/4108
f 2468/4086 2464/4109 2442/4100
f 2464/4109 2468/4086 2493/4099
f 2314/4063 2339/4088 2309/4076
f 2339/4088 2314/4063 2362/4075
f 2329/4051 2362/4075 2314/4063
f 2362/4075 2329/4051 2392/4062
f 2516/4249 2573/4250 2529/4245
f 2573/4250 2516/4249 2558/4254
f 2314/4063 2309/4076 2263/3782
f 2546/4247 2601/4253 2549/4248
f 2601/4253 2546/4247 2597/4252
f 2493/4099 2483/4118 2464/4109
f 2483/4118 2493/4099 2518/4108
f 2433/4074 2442/4100 2409/4087
f 2442/4100 2433/4074 2468/4086
f 2329/4051 2314/4063 2263/3782
f 2597/3694 2665/3693 2601/3706
f 2665/3693 2597/3694 2663/3679
f 2585/3680 2663/3679 2597/3694
f 2663/3679 2585/3680 2653/3663
f 2653/3663 2713/3662 2663/3679
f 2713/3662 2653/3663 2707/3644
f 2417/4037 2454/4061 2405/4050
f 2454/4061 2417/4037 2472/4049
f 2345/4027 2334/4038 2263/3782
f 2555/4097 2543/4117 2518/4108
f 2543/4117 2555/4097 2575/4107
f 2663/3679 2717/3678 2665/3693
f 2717/3678 2663/3679 2713/3662
f 2543/4117 2613/4124 2558/4130
f 2613/4124 2543/4117 2575/4107
f 2405/4050 2433/4074 2392/4062
f 2433/4074 2405/4050 2454/4061
f 2334/4038 2329/4051 2263/3782
f 2575/3653 2659/3635 2613/3651
f 2659/3635 2575/3653 2629/3636
f 2553/4072 2555/4097 2520/4085
f 2555/4097 2553/4072 2579/4084
f 2511/4060 2520/4085 2487/4073
f 2520/4085 2511/4060 2553/4072
f 2520/4085 2518/4108 2493/4099
f 2518/4108 2520/4085 2555/4097
f 2334/4038 2392/4062 2329/4051
f 2392/4062 2334/4038 2405/4050
f 2579/4084 2575/4107 2555/4097
f 2575/4107 2579/4084 2629/4116
f 2345/4027 2405/4050 2334/4038
f 2405/4050 2345/4027 2417/4037
f 2472/4049 2487/4073 2454/4061
f 2487/4073 2472/4049 2511/4060
f 2487/4073 2493/4099 2468/4086
f 2493/4099 2487/4073 2520/4085
f 2639/3652 2707/3644 2653/3663
f 2707/3644 2639/3652 2691/3634
f 2613/3651 2691/3634 2639/3652
f 2691/3634 2613/3651 2659/3635
f 2454/4061 2468/4086 2433/4074
f 2468/4086 2454/4061 2487/4073
f 2762/3661 2713/3662 2760/3643
f 2713/3662 2762/3661 2717/3678
f 2558/4254 2639/4255 2573/4250
f 2639/4255 2558/4254 2613/4256
f 2764/3606 2705/3620 2739/3608
f 2705/3620 2764/3606 2729/3619
f 2795/3642 2760/3643 2789/3627
f 2760/3643 2795/3642 2762/3661
f 2499/4025 2525/4048 2479/4036
f 2525/4048 2499/4025 2551/4035
f 2448/4017 2479/4036 2437/4026
f 2479/4036 2448/4017 2499/4025
f 2739/3608 2670/3623 2703/3614
f 2670/3623 2739/3608 2705/3620
f 2729/3619 2659/3635 2705/3620
f 2659/3635 2729/3619 2691/3634
f 2655/3630 2670/3623 2619/3640
f 2670/3623 2655/3630 2703/3614
f 2750/3628 2707/3644 2691/3634
f 2691/3634 2729/3619 2750/3628
f 2789/3627 2750/3628 2776/3612
f 2750/3628 2789/3627 2760/3643
f 2595/3647 2619/3640 2565/3659
f 2619/3640 2595/3647 2655/3630
f 2619/3640 2629/3636 2579/3654
f 2629/3636 2619/3640 2670/3623
f 2565/4059 2619/4098 2579/4084
f 2579/4084 2553/4072 2565/4059
f 2776/3612 2729/3619 2764/3606
f 2729/3619 2776/3612 2750/3628
f 2364/4008 2437/4026 2351/4018
f 2437/4026 2364/4008 2448/4017
f 2437/4026 2472/4049 2417/4037
f 2472/4049 2437/4026 2479/4036
f 2351/4018 2345/4027 2263/3782
f 2479/4036 2511/4060 2472/4049
f 2511/4060 2479/4036 2525/4048
f 2551/4035 2565/4059 2525/4048
f 2565/4059 2551/4035 2595/4047
f 2525/4048 2565/4059 2553/4072
f 2553/4072 2511/4060 2525/4048
f 2760/3643 2713/3662 2707/3644
f 2707/3644 2750/3628 2760/3643
f 2351/4018 2417/4037 2345/4027
f 2417/4037 2351/4018 2437/4026
f 2705/3620 2629/3636 2670/3623
f 2629/3636 2705/3620 2659/3635
f 2770/3603 2703/3614 2731/3613
f 2703/3614 2770/3603 2739/3608
f 2832/3599 2791/3600 2813/3601
f 2791/3600 2832/3599 2809/3602
f 2782/3607 2731/3613 2758/3621
f 2731/3613 2782/3607 2770/3603
f 2560/4024 2595/4047 2551/4035
f 2595/4047 2560/4024 2621/4034
f 2791/3600 2739/3608 2770/3603
f 2739/3608 2791/3600 2764/3606
f 2452/4007 2499/4025 2448/4017
f 2499/4025 2452/4007 2505/4016
f 2813/3601 2770/3603 2782/3607
f 2770/3603 2813/3601 2791/3600
f 2823/3626 2789/3627 2821/3611
f 2789/3627 2823/3626 2795/3642
f 2821/3611 2776/3612 2809/3602
f 2776/3612 2821/3611 2789/3627
f 2370/3995 2448/4017 2364/4008
f 2448/4017 2370/3995 2452/4007
f 2758/3621 2687/3629 2709/3637
f 2687/3629 2758/3621 2731/3613
f 2647/3645 2687/3629 2621/3646
f 2687/3629 2647/3645 2709/3637
f 2505/4016 2551/4035 2499/4025
f 2551/4035 2505/4016 2560/4024
f 2834/3605 2809/3602 2832/3599
f 2809/3602 2834/3605 2821/3611
f 2570/4015 2621/4034 2560/4024
f 2621/4034 2570/4015 2647/4046
f 2513/4006 2560/4024 2505/4016
f 2560/4024 2513/4006 2570/4015
f 2687/3629 2703/3614 2655/3630
f 2703/3614 2687/3629 2731/3613
f 2621/3646 2655/3630 2595/3647
f 2655/3630 2621/3646 2687/3629
f 2809/3602 2764/3606 2791/3600
f 2764/3606 2809/3602 2776/3612
f 2364/4008 2351/4018 2263/3782
f 2370/3995 2364/4008 2263/3782
f 2838/3617 2821/3611 2834/3605
f 2821/3611 2838/3617 2823/3626
f 2866/3616 2843/3604 2850/3615
f 2843/3604 2866/3616 2848/3610
f 2817/3639 2772/3638 2774/3657
f 2772/3638 2817/3639 2801/3622
f 2850/3615 2830/3609 2836/3624
f 2830/3609 2850/3615 2843/3604
f 2674/3670 2721/3656 2661/3655
f 2721/3656 2674/3670 2735/3673
f 2378/3984 2452/4007 2370/3995
f 2452/4007 2378/3984 2456/3994
f 2830/3609 2782/3607 2801/3622
f 2782/3607 2830/3609 2813/3601
f 2522/3993 2570/4015 2513/4006
f 2570/4015 2522/3993 2581/4005
f 2378/3984 2370/3995 2263/3782
f 2843/3604 2813/3601 2830/3609
f 2813/3601 2843/3604 2832/3599
f 2836/3624 2801/3622 2817/3639
f 2801/3622 2836/3624 2830/3609
f 2772/3638 2709/3637 2721/3656
f 2709/3637 2772/3638 2758/3621
f 2380/3974 2456/3994 2378/3984
f 2456/3994 2380/3974 2460/3983
f 2774/3657 2721/3656 2735/3673
f 2721/3656 2774/3657 2772/3638
f 2661/3655 2709/3637 2647/3645
f 2709/3637 2661/3655 2721/3656
f 2380/3974 2378/3984 2263/3782
f 2456/3994 2505/4016 2452/4007
f 2505/4016 2456/3994 2513/4006
f 2801/3622 2758/3621 2772/3638
f 2758/3621 2801/3622 2782/3607
f 2848/3610 2832/3599 2843/3604
f 2832/3599 2848/3610 2834/3605
f 2852/3618 2834/3605 2848/3610
f 2834/3605 2852/3618 2838/3617
f 2581/3664 2647/3645 2570/3671
f 2647/3645 2581/3664 2661/3655
f 2460/3983 2513/4006 2456/3994
f 2513/4006 2460/3983 2522/3993
f 2868/3625 2848/3610 2866/3616
f 2848/3610 2868/3625 2852/3618
f 2846/3648 2825/3658 2828/3666
f 2825/3658 2846/3648 2845/3641
f 2593/3672 2661/3655 2581/3664
f 2661/3655 2593/3672 2674/3670
f 2825/3658 2783/3676 2828/3666
f 2783/3676 2825/3658 2780/3674
f 2825/3658 2774/3657 2780/3674
f 2774/3657 2825/3658 2817/3639
f 2474/3963 2527/3982 2470/3973
f 2527/3982 2474/3963 2532/3981
f 2527/3982 2581/4005 2522/3993
f 2581/4005 2527/3982 2593/4004
f 2873/3633 2866/3616 2870/3632
f 2866/3616 2873/3633 2868/3625
f 2470/3973 2522/3993 2460/3983
f 2522/3993 2470/3973 2527/3982
f 2870/3632 2850/3615 2854/3631
f 2850/3615 2870/3632 2866/3616
f 2780/3674 2735/3673 2741/3688
f 2735/3673 2780/3674 2774/3657
f 2603/3687 2674/3670 2593/3672
f 2674/3670 2603/3687 2682/3686
f 2387/3964 2460/3983 2380/3974
f 2460/3983 2387/3964 2470/3973
f 2394/3952 2470/3973 2387/3964
f 2470/3973 2394/3952 2474/3963
f 2870/3632 2864/3649 2871/3650
f 2864/3649 2870/3632 2854/3631
f 2387/3964 2380/3974 2263/3782
f 2394/3952 2387/3964 2263/3782
f 2532/3981 2593/4004 2527/3982
f 2593/4004 2532/3981 2603/4003
f 2854/3631 2836/3624 2845/3641
f 2836/3624 2854/3631 2850/3615
f 2682/3686 2735/3673 2674/3670
f 2735/3673 2682/3686 2741/3688
f 2854/3631 2846/3648 2864/3649
f 2846/3648 2854/3631 2845/3641
f 2845/3641 2817/3639 2825/3658
f 2817/3639 2845/3641 2836/3624
f 2873/3633 2871/3650 2874/3660
f 2871/3650 2873/3633 2870/3632
f 2395/3944 2394/3952 2263/3782
f 2606/3702 2682/3686 2603/3687
f 2682/3686 2606/3702 2683/3701
f 2681/3704 2606/3702 2602/3715
f 2606/3702 2681/3704 2683/3701
f 2602/3996 2535/3985 2531/3975
f 2535/3985 2602/3996 2606/4009
f 2535/3985 2603/4003 2532/3981
f 2603/4003 2535/3985 2606/4009
f 2395/3944 2263/3782 2393/3930
f 2869/3668 2849/3684 2865/3685
f 2849/3684 2869/3668 2853/3667
f 2864/3649 2844/3665 2853/3667
f 2844/3665 2864/3649 2846/3648
f 2780/3674 2746/3689 2783/3676
f 2746/3689 2780/3674 2741/3688
f 2683/3701 2741/3688 2682/3686
f 2741/3688 2683/3701 2746/3689
f 2531/3975 2475/3965 2473/3953
f 2475/3965 2531/3975 2535/3985
f 2871/3650 2853/3667 2869/3668
f 2853/3667 2871/3650 2864/3649
f 2740/3691 2683/3701 2681/3704
f 2683/3701 2740/3691 2746/3689
f 2828/3666 2779/3683 2824/3675
f 2779/3683 2828/3666 2783/3676
f 2853/3667 2835/3681 2849/3684
f 2835/3681 2853/3667 2844/3665
f 2783/3676 2740/3691 2779/3683
f 2740/3691 2783/3676 2746/3689
f 2872/3677 2865/3685 2867/3692
f 2865/3685 2872/3677 2869/3668
f 2874/3660 2869/3668 2872/3677
f 2869/3668 2874/3660 2871/3650
f 2475/3965 2532/3981 2474/3963
f 2532/3981 2475/3965 2535/3985
f 2846/3648 2824/3675 2844/3665
f 2824/3675 2846/3648 2828/3666
f 2395/3944 2474/3963 2394/3952
f 2474/3963 2395/3944 2475/3965
f 2473/3953 2395/3944 2393/3930
f 2395/3944 2473/3953 2475/3965
f 2867/3692 2847/3700 2851/3705
f 2847/3700 2867/3692 2865/3685
f 2844/3665 2816/3682 2835/3681
f 2816/3682 2844/3665 2824/3675
f 2734/3698 2681/3704 2673/3711
f 2681/3704 2734/3698 2740/3691
f 2521/3954 2469/3945 2459/3931
f 2469/3945 2521/3954 2526/3966
f 2835/3681 2800/3696 2829/3695
f 2800/3696 2835/3681 2816/3682
f 2773/3690 2720/3703 2771/3697
f 2720/3703 2773/3690 2734/3698
f 2386/3920 2263/3782 2379/3906
f 2393/3930 2263/3782 2386/3920
f 2824/3675 2773/3690 2816/3682
f 2773/3690 2824/3675 2779/3683
f 2720/3703 2673/3711 2660/3714
f 2673/3711 2720/3703 2734/3698
f 2592/3986 2531/3975 2526/3966
f 2531/3975 2592/3986 2602/3996
f 2580/3976 2526/3966 2521/3954
f 2526/3966 2580/3976 2592/3986
f 2660/3714 2592/3722 2580/3725
f 2592/3722 2660/3714 2673/3711
f 2816/3682 2771/3697 2800/3696
f 2771/3697 2816/3682 2773/3690
f 2779/3683 2734/3698 2773/3690
f 2734/3698 2779/3683 2740/3691
f 2865/3685 2842/3699 2847/3700
f 2842/3699 2865/3685 2849/3684
f 2459/3931 2386/3920 2379/3906
f 2386/3920 2459/3931 2469/3945
f 2849/3684 2829/3695 2842/3699
f 2829/3695 2849/3684 2835/3681
f 2851/3705 2833/3713 2837/3716
f 2833/3713 2851/3705 2847/3700
f 2526/3966 2473/3953 2469/3945
f 2473/3953 2526/3966 2531/3975
f 2673/3711 2602/3715 2592/3722
f 2602/3715 2673/3711 2681/3704
f 2469/3945 2393/3930 2386/3920
f 2393/3930 2469/3945 2473/3953
f 2842/3699 2812/3707 2831/3712
f 2812/3707 2842/3699 2829/3695
f 2569/3967 2521/3954 2512/3946
f 2521/3954 2569/3967 2580/3976
f 2831/3712 2790/3717 2808/3723
f 2790/3717 2831/3712 2812/3707
f 2708/3710 2660/3714 2646/3721
f 2660/3714 2708/3710 2720/3703
f 2833/3713 2808/3723 2820/3724
f 2808/3723 2833/3713 2831/3712
f 2829/3695 2781/3708 2812/3707
f 2781/3708 2829/3695 2800/3696
f 2620/3972 2569/3967 2559/3955
f 2569/3967 2620/3972 2646/3987
f 2800/3696 2757/3709 2781/3708
f 2757/3709 2800/3696 2771/3697
f 2504/3932 2455/3921 2451/3907
f 2455/3921 2504/3932 2512/3946
f 2451/3907 2377/3897 2369/3885
f 2377/3897 2451/3907 2455/3921
f 2455/3921 2379/3906 2377/3897
f 2379/3906 2455/3921 2459/3931
f 2646/3721 2580/3725 2569/3731
f 2580/3725 2646/3721 2660/3714
f 2812/3707 2769/3718 2790/3717
f 2769/3718 2812/3707 2781/3708
f 2847/3700 2831/3712 2833/3713
f 2831/3712 2847/3700 2842/3699
f 2379/3906 2263/3782 2377/3897
f 2781/3708 2730/3719 2769/3718
f 2730/3719 2781/3708 2757/3709
f 2686/3720 2646/3721 2620/3730
f 2646/3721 2686/3720 2708/3710
f 2771/3697 2708/3710 2757/3709
f 2708/3710 2771/3697 2720/3703
f 2559/3955 2512/3946 2504/3932
f 2512/3946 2559/3955 2569/3967
f 2757/3709 2686/3720 2730/3719
f 2686/3720 2757/3709 2708/3710
f 2837/3716 2820/3724 2822/3726
f 2820/3724 2837/3716 2833/3713
f 2512/3946 2459/3931 2455/3921
f 2459/3931 2512/3946 2521/3954
f 2788/3733 2749/3740 2759/3741
f 2749/3740 2788/3733 2775/3732
f 2763/3727 2704/3737 2728/3736
f 2704/3737 2763/3727 2738/3728
f 2654/3734 2620/3730 2594/3739
f 2620/3730 2654/3734 2686/3720
f 2820/3724 2775/3732 2788/3733
f 2775/3732 2820/3724 2808/3723
f 2822/3726 2788/3733 2794/3735
f 2788/3733 2822/3726 2820/3724
f 2769/3718 2702/3729 2738/3728
f 2702/3729 2769/3718 2730/3719
f 2669/3738 2654/3734 2618/3742
f 2654/3734 2669/3738 2702/3729
f 2564/3929 2550/3943 2524/3919
f 2550/3943 2564/3929 2594/3951
f 2524/3919 2498/3922 2478/3908
f 2498/3922 2524/3919 2550/3943
f 2790/3717 2738/3728 2763/3727
f 2738/3728 2790/3717 2769/3718
f 2377/3897 2263/3782 2369/3885
f 2808/3723 2763/3727 2775/3732
f 2763/3727 2808/3723 2790/3717
f 2447/3898 2369/3885 2363/3875
f 2369/3885 2447/3898 2451/3907
f 2369/3885 2263/3782 2363/3875
f 2702/3729 2686/3720 2654/3734
f 2686/3720 2702/3729 2730/3719
f 2794/3735 2759/3741 2761/3743
f 2759/3741 2794/3735 2788/3733
f 2775/3732 2728/3736 2749/3740
f 2728/3736 2775/3732 2763/3727
f 2738/3728 2669/3738 2704/3737
f 2669/3738 2738/3728 2702/3729
f 2550/3943 2504/3932 2498/3922
f 2504/3932 2550/3943 2559/3955
f 2618/3742 2594/3739 2564/3747
f 2594/3739 2618/3742 2654/3734
f 2594/3951 2559/3955 2550/3943
f 2559/3955 2594/3951 2620/3972
f 2498/3922 2451/3907 2447/3898
f 2451/3907 2498/3922 2504/3932
f 2356/4232 2446/4238 2358/4233
f 2446/4238 2356/4232 2444/4237
f 2331/4127 2414/4135 2342/4128
f 2414/4135 2331/4127 2403/4132
f 2385/4126 2331/4127 2327/4121
f 2331/4127 2385/4126 2403/4132
f 2342/4128 2423/4136 2347/4133
f 2423/4136 2342/4128 2414/4135
f 2307/4090 2267/4091 2266/4078
f 2267/4091 2307/4090 2312/4112
f 2265/4064 2307/4090 2266/4078
f 2307/4090 2265/4064 2285/4089
f 2349/4230 2440/4236 2353/4231
f 2440/4236 2349/4230 2435/4235
f 2282/4065 2265/4064 2264/4052
f 2265/4064 2282/4065 2285/4089
f 2282/4065 2264/4052 2263/3782
f 2360/4120 2327/4121 2312/4112
f 2327/4121 2360/4120 2385/4126
f 2271/4229 2349/4230 2272/4225
f 2349/4230 2271/4229 2347/4234
f 2270/4122 2347/4133 2271/4129
f 2347/4133 2270/4122 2342/4128
f 2264/4052 2247/4039 2263/3782
f 2312/4112 2268/4103 2267/4091
f 2268/4103 2312/4112 2327/4121
f 2273/4226 2356/4232 2274/4227
f 2356/4232 2273/4226 2353/4231
f 2327/4121 2269/4113 2268/4103
f 2269/4113 2327/4121 2331/4127
f 2274/4227 2358/4233 2275/4228
f 2358/4233 2274/4227 2356/4232
f 2269/4113 2342/4128 2270/4122
f 2342/4128 2269/4113 2331/4127
f 2353/4231 2444/4237 2356/4232
f 2444/4237 2353/4231 2440/4236
f 2347/4234 2435/4235 2349/4230
f 2435/4235 2347/4234 2423/4239
f 2247/4039 2265/4064 2243/4053
f 2265/4064 2247/4039 2264/4052
f 2272/4225 2353/4231 2273/4226
f 2353/4231 2272/4225 2349/4230
f 2287/4077 2285/4089 2282/4065
f 2285/4089 2287/4077 2316/4102
f 2309/4076 2316/4102 2287/4077
f 2316/4102 2309/4076 2339/4088
f 2375/4101 2360/4120 2337/4111
f 2360/4120 2375/4101 2407/4110
f 2481/4240 2539/4246 2489/4241
f 2539/4246 2481/4240 2529/4245
f 2495/4242 2549/4248 2497/4243
f 2549/4248 2495/4242 2546/4247
f 2477/4244 2529/4245 2481/4240
f 2529/4245 2477/4244 2516/4249
f 2414/4135 2477/4138 2423/4136
f 2477/4138 2414/4135 2458/4134
f 2403/4132 2458/4134 2414/4135
f 2458/4134 2403/4132 2450/4125
f 2435/4235 2489/4241 2440/4236
f 2489/4241 2435/4235 2481/4240
f 2309/4076 2287/4077 2263/3782
f 2337/4111 2312/4112 2307/4090
f 2312/4112 2337/4111 2360/4120
f 2431/4119 2403/4132 2385/4126
f 2403/4132 2431/4119 2450/4125
f 2316/4102 2307/4090 2285/4089
f 2307/4090 2316/4102 2337/4111
f 2444/4237 2497/4243 2446/4238
f 2497/4243 2444/4237 2495/4242
f 2287/4077 2282/4065 2263/3782
f 2339/4088 2337/4111 2316/4102
f 2337/4111 2339/4088 2375/4101
f 2489/4241 2546/4247 2495/4242
f 2546/4247 2489/4241 2539/4246
f 2458/4134 2516/4137 2477/4138
f 2516/4137 2458/4134 2503/4131
f 2407/4110 2385/4126 2360/4120
f 2385/4126 2407/4110 2431/4119
f 2440/4236 2495/4242 2444/4237
f 2495/4242 2440/4236 2489/4241
f 2423/4239 2481/4240 2435/4235
f 2481/4240 2423/4239 2477/4244
f 1284/2738 1286/2736 1287/2741
f 2343/1257 2398/1242 1754/1254
f 2343/1257 2325/1253 2936/1258
f 2412/294 1811/279 2438/296
f 2563/341 2953/297 2438/296
f 1275/325 759/303 1299/359
f 1299/359 1290/358 1811/279
f 2918 2915 2927
f 2928 2932 2927
f 681 665 664
f 681 668 692
f 2928 2927 2916
f 2929 2932 2928
f 683 681 692
f 683 682 665
f 1209 1225 1677
f 1209 1250 654
f 2244 2861 2228
f 2228 2300 1677
f 2280/156 2239/158 1724/159
f 2332/183 2877/157 2280/156
f 1200/4275 1251/4272 1654/4278
f 1200/4275 655/4277 656/4273
f 2305/3149 2020/3151 1743/3152
f 2305/3149 2881/3146 2882/3148
f 2304/3054 2607/3053 2881/3052
f 2304/3150 2305/3149 1743/3152
f 1199/4280 1200/4275 1654/4278
f 1199/1141 836/1140 655/1235
f 1201/4300 1230/4298 695/4301
f 1304/1221 1658/1127 1201/1223
f 2401/292 1811/279 2412/294
f 2412/294 2438/296 2947/295
f 2245 2861 2244
f 2244 2228 1717
f 2245 2244 1726
f 2248 2861 2245
f 2248 2245 1731
f 2249 2861 2248
f 2249 2248 1735
f 2250 2861 2249
f 2397/290 1811/279 2401/292
f 2401/292 2412/294 2904/293
f 2250 2249 1741
f 2278 2861 2250
f 2396/288 1811/279 2397/290
f 2397/290 2401/292 2896/291
f 2390/286 1811/279 2396/288
f 2396/288 2397/290 2895/289
f 2278 2250 1749
f 2279 2861 2278
f 2383/284 1811/279 2390/286
f 2390/286 2396/288 2892/287
f 2279 2278 1753
f 2283 2861 2279
f 2376/282 1811/279 2383/284
f 2383/284 2390/286 2889/285
f 2283 2279 1760
f 2283 2082 2861
f 2930 2932 2929
f 2929 2928 2923
f 684 674 672
f 684 682 692
f 2371/280 1811/279 2376/282
f 2376/282 2383/284 2887/283
f 2332/183 2280/156 1788/176
f 2335/184 2877/157 2332/183
f 2931 2932 2930
f 2930 2929 2925
f 685 684 692
f 685 675 674
f 2913 2919 2907
f 2913 2914 2915
f 2335/184 2332/183 1794/155
f 2335/184 2367/185 2877/157
f 2371/280 2607/277 1811/279
f 2371/280 2376/282 2885/281
f 2302/4279 2863/4284 2862/4283
f 2302/4279 1779/4276 1780/4274
f 1273/323 759/303 1275/325
f 1275/325 1299/359 1715/326
f 1271/321 759/303 1273/323
f 1273/323 1275/325 1712/324
f 686 676 675
f 686 685 692
f 687 677 676
f 687 686 692
f 688 678 677
f 688 687 692
f 689 679 678
f 689 688 692
f 2299/2975 1776/2969 2297/2972
f 2297/2972 2382/2966 2855/2974
f 2303/1321 1780/1264 2298/1266
f 2296/1322 2858/1267 2298/1266
f 690 680 679
f 690 689 692
f 2931 2930 2926
f 2933 2932 2931
f 691 694 680
f 691 690 692
f 2299 2365 1776
f 2299/2975 2297/2972 2859/2979
f 2303/4282 2302/4279 1780/4274
f 2303/1321 2298/1266 2863/1268
f 2301/4281 2302/4279 2862/4283
f 2301/1191 2199/1189 1779/1129
f 2317/388 2858/390 2296/382
f 2296/1322 2298/1266 1775/1250
f 1270/319 759/303 1271/321
f 1271/321 1273/323 1708/322
f 1268/317 759/303 1270/319
f 1270/319 1271/321 1700/320
f 780/1145 669/1147 836/1140
f 780/1145 838/1222 695/1146
f 1267/315 759/303 1268/317
f 1268/317 1270/319 1696/318
f 1266/313 759/303 1267/315
f 1267/315 1268/317 1692/316
f 1681/339 1329/345 1781/399
f 1781/399 2191/401 2293/337
f 1265/311 759/303 1266/313
f 1266/313 1267/315 1691/314
f 1260/309 759/303 1265/311
f 1265/311 1266/313 1690/312
f 2317/388 2296/382 1804/383
f 2340/392 2858/390 2317/388
f 2912 2909 2914
f 2912 2913 2907
f 2340/392 2317/388 1817/389
f 2340/392 2827/386 2858/390
f 1216/307 759/303 1260/309
f 1260/309 1265/311 1671/310
f 1009/194 1240/168 644/142
f 1009/194 1491/224 1515/193
f 1909/230 2427/229 2462/153
f 1909/230 1795/154 1515/193
f 1910/191 1725/182 2466/181
f 1894/549 1516/192 1910/191
f 1010/172 1207/173 1516/192
f 991/210 644/142 1010/172
f 2123/3055 2366/3056 2607/3053
f 2123/3055 2304/3054 1743/3057
f 1004/371 883/365 638/347
f 1004/371 1205/302 1500/372
f 992/228 1494/212 1491/224
f 992/228 1009/194 644/142
f 1882/226 1515/193 1491/224
f 1882/226 2429/227 2427/229
f 1892/221 2411/220 2429/227
f 1892/221 1491/224 1494/212
f 993/222 1483/207 1494/212
f 993/222 992/228 644/142
f 1883/223 1892/221 2429/227
f 1883/223 1882/226 1491/224
f 1745/400 1781/399 1329/345
f 1745/400 2109/403 2191/401
f 1894/549 2425/237 1881/219
f 1869/550 1490/209 1881/219
f 976/198 644/142 991/210
f 991/210 1010/172 1490/209
f 3095/674 3097/673 3098/691
f 3092/723 3091/718 3095/674
f 1875/213 1494/212 1483/207
f 1875/213 2400/214 2411/220
f 982/218 1477/203 1483/207
f 982/218 993/222 644/142
f 977/197 1472/196 1477/203
f 977/197 982/218 644/142
f 1866/205 2373/204 2400/214
f 1866/205 1483/207 1477/203
f 1876/211 1875/213 2411/220
f 1876/211 1892/221 1494/212
f 1893/225 1882/226 2427/229
f 1893/225 1909/230 1515/193
f 2291/3201 2826/3203 2292/3197
f 2295/3200 1817/3198 2292/3197
f 1870/206 1866/205 2400/214
f 1870/206 1875/213 1483/207
f 975/195 644/142 976/198
f 976/198 991/210 1473/199
f 1869/550 2389/232 1861/208
f 1858/551 1473/199 1861/208
f 975/195 977/197 644/142
f 975/195 976/198 1472/196
f 1858/551 2373/204 1857/200
f 1857/200 1477/203 1472/196
f 2295/391 2340/392 1817/389
f 2295/3200 2292/3197 2827/3202
f 2310/3209 2826/3210 2291/3213
f 2291/3201 2292/3197 1816/3199
f 1894/549 1881/219 1516/192
f 1894/549 1910/191 2425/237
f 1858/551 1857/200 1473/199
f 1858/551 1861/208 2373/204
f 469/804 461/806 464/772
f 470/813 491/805 469/804
f 470/813 469/804 466/811
f 487/792 491/805 470/813
f 1860/202 1857/200 2373/204
f 1860/202 1866/205 1477/203
f 1869/550 1861/208 1490/209
f 1869/550 1881/219 2389/232
f 2310/3209 2291/3213 1835/3211
f 2354/3207 2826/3210 2310/3209
f 1215/305 759/303 1216/307
f 1216/307 1260/309 1612/308
f 3104/694 3099/665 3097/673
f 3104/694 3091/718 3106/717
f 3105/693 3104/694 3106/717
f 3105/693 3107/707 3099/665
f 1215/305 1506/304 759/303
f 1215/305 1216/307 1601/306
f 3061/680 3057/679 3062/699
f 3061/680 3063/690 3059/681
f 2918 2913 2915
f 2918 2927 2919
f 488/807 491/805 487/792
f 487/792 470/813 478/793
f 488/807 487/792 480/780
f 488/807 492/779 491/805
f 499/834 500/833 497/836
f 499/834 498/835 502/727
f 3094/672 3095/674 3091/718
f 3094/672 3104/694 3097/673
f 2950/469 2946/468 2945/473
f 2952/552 2953/297 2950/469
f 3042/743 3047/739 3035/744
f 3042/743 3033/747 3045/742
f 625/553 626/139 630/143
f 642/247 641/144 630/143
f 505/731 512/730 500/833
f 505/731 502/727 514/726
f 537 538 541
f 613 612 541
f 529 536 524
f 529 526 538
f 2976 2975 3018
f 3022 3023 3018
f 3054/738 3059/681 3047/739
f 3054/738 3045/742 3057/679
f 2952/552 2951/474 2960/532
f 2964/554 2965/533 2960/532
f 2957/261 2958/150 2961/541
f 2969/555 2968/542 2961/541
f 3015 3016 3020
f 3027 3026 3020
f 3032 3028 3040
f 3032 3038 3026
f 3056/756 3052/751 3132/654
f 3056/756 3130/701 3050/755
f 517/737 524/736 512/730
f 517/737 514/726 526/734
f 613/556 614/273 617/275
f 625/553 624/145 617/275
f 2964/554 2963/534 2972/536
f 2976/557 2977/537 2972/536
f 3043/750 3040/749 3052/751
f 3043/750 3050/755 3038/865
f 2969/555 2970/539 2974/545
f 3015/558 3014/546 2974/545
f 3030 3035 3023
f 3030 3021 3033
f 844 652 653
f 653 668 654
f 2908 2859 2909
f 2908 2912 2907
f 3131/675 3129/676 3130/701
f 3131/675 3056/756 3132/654
f 3058/678 3061/680 3059/681
f 3058/678 3054/738 3057/679
f 2933 2931 2934
f 2668 2932 2933
f 625/553 630/143 624/145
f 625/553 617/275 626/139
f 642/247 630/143 643/141
f 642/247 725/248 641/144
f 693 691 692
f 835 694 693
f 513/729 505/731 514/726
f 513/729 517/737 512/730
f 501/732 505/731 500/833
f 501/732 499/834 502/727
f 525/735 517/737 526/734
f 525 529 524
f 2957/261 2877/157 2958/150
f 2957/261 2961/541 2956/179
f 537 541 536
f 537 529 538
f 613 541 614
f 613/556 617/275 612/276
f 2952/552 2950/469 2951/474
f 2952/552 2960/532 2953/297
f 2976 3018 2977
f 2976/557 2972/536 2975/538
f 3022 3018 3021
f 3022 3030 3023
f 3046/741 3054/738 3047/739
f 3046/741 3042/743 3045/742
f 2964/554 2960/532 2963/534
f 2964/554 2972/536 2965/533
f 3034/746 3042/743 3035/744
f 3034 3030 3033
f 2969/555 2961/541 2970/539
f 2969/555 2974/545 2968/542
f 3015 3020 3014
f 3015/558 2974/545 3016/543
f 3027 3020 3028
f 3027 3032 3026
f 3039 3032 3040
f 3039/748 3043/750 3038/865
f 3051/754 3043/750 3052/751
f 3051/754 3056/756 3050/755
f 2523/2984 2944/2985 2514/2980
f 2514/2980 2289/2983 2014/2981
f 835 693 1227
f 835 1228 694
f 2668 2933 2322
f 2668 2321 2932
f 3092/723 3095/674 3093/688
f 3092/723 3088/689 3091/718
f 906/270 1255/246 893/268
f 893/268 641/144 725/248
f 1401/373 1500/372 1775/336
f 1401/373 931/378 907/374
f 1991/259 1842/260 1843/163
f 1991/259 1925/256 2130/255
f 2541/3004 2943/3007 2944/2985
f 2541/3004 2068/3005 2058/3009
f 2523/2984 2514/2980 2028/2982
f 2544/2989 2944/2985 2523/2984
f 844 1247 652
f 844 653 1248
f 1410/375 1775/336 1402/332
f 1402/332 1217/298 908/300
f 1406/376 929/333 927/377
f 1411/379 1775/336 1406/376
f 2547/3002 2541/3004 2944/2985
f 2547/3002 2094/3000 2068/3005
f 1689/402 1745/400 1329/345
f 1693/410 2109/403 1689/402
f 1411/379 1406/376 931/378
f 1411/379 1401/373 1775/336
f 2530/3012 2288/3013 2943/3007
f 2530/3012 2058/3009 2036/3011
f 906/270 893/268 737/269
f 906/270 774/245 1255/246
f 1410/375 1402/332 929/333
f 1410/375 1406/376 1775/336
f 2563/341 2438/296 2074/340
f 2566/329 2953/297 2563/341
f 1662/348 1811/279 1290/358
f 1662/348 1311/344 2074/340
f 1693/410 1689/402 1345/407
f 1693/410 2040/409 2109/403
f 1303/1139 1199/1141 1654/1125
f 1303/1139 1218/1238 836/1140
f 1676/343 2074/340 1311/344
f 1676/343 1329/345 2079/330
f 2571/342 2953/297 2566/329
f 2566/329 2563/341 2079/330
f 2544/2989 2523/2984 2064/2987
f 2544/2989 2134/2991 2944/2985
f 2354/3207 2310/3209 1887/3205
f 2354/3207 1949/3204 2826/3210
f 2571/342 2566/329 2089/331
f 2571/342 2293/337 2953/297
f 1681/339 2079/330 1329/345
f 1681/339 1781/399 2089/331
f 1304/1221 1222/1218 1658/1127
f 1304/1221 1201/1223 838/1222
f 2540/3010 2541/3004 2058/3009
f 2540/3010 2530/3012 2943/3007
f 109/1488 107/1490 1/1492
f 109/1488 491/1491 492/1489
f 2878/1371 2876/1373 2880/1375
f 2878/1371 2879/1374 2877/1372
f 1844/1376 1842/1378 1846/1380
f 1844/1376 1845/1379 1843/1377
