# This file uses centimeters as units for non-parametric coordinates.

mtllib small_house_2.mtl
v -2.398499 -0.002262 0.838448
v -2.398499 0.387738 0.838448
v -2.398499 -0.002262 0.253532
v -2.398499 0.387738 0.253532
v -2.320496 0.387738 0.740944
v -2.320496 0.582738 0.740944
v -2.320496 0.387738 0.351036
v -2.320496 0.582738 0.351036
v -2.008499 -0.002262 -2.593483
v -2.008499 1.877933 -2.593483
v -2.008499 1.916927 -2.593483
v -2.008499 1.955928 -2.593483
v -2.006165 -0.002262 -2.562965
v -2.006165 1.877933 -2.562965
v -2.006165 1.916927 -2.562965
v -2.006165 1.955928 -2.562965
v -2.006165 -0.002262 -2.624062
v -2.006165 1.877933 -2.624062
v -2.006165 1.916927 -2.624062
v -2.006165 1.955928 -2.624062
v -1.998993 -0.002262 -2.533272
v -1.998993 1.877933 -2.533272
v -1.998993 1.916927 -2.533272
v -1.998993 1.955928 -2.533272
v -1.998993 -0.002262 -2.653755
v -1.998993 1.877933 -2.653755
v -1.998993 1.916927 -2.653755
v -1.998993 1.955928 -2.653755
v -1.987289 -0.002262 -2.505013
v -1.987289 1.877933 -2.505013
v -1.987289 1.916927 -2.505013
v -1.987289 1.955928 -2.505013
v -1.987289 -0.002262 -2.682014
v -1.987289 1.877933 -2.682014
v -1.987289 1.916927 -2.682014
v -1.987289 1.955928 -2.682014
v -1.971283 -0.002262 -2.478889
v -1.971283 1.877933 -2.478889
v -1.971283 1.916927 -2.478889
v -1.971283 1.955928 -2.478889
v -1.971283 -0.002262 -2.708107
v -1.971283 1.877933 -2.708107
v -1.971283 1.916927 -2.708107
v -1.971283 1.955928 -2.708107
v -1.969421 1.877933 -2.593483
v -1.969421 1.916927 -2.593483
v -1.969421 2.166919 -2.593483
v -1.967468 1.877933 -2.569130
v -1.967468 1.916927 -2.569130
v -1.967468 2.166919 -2.569130
v -1.967468 2.166919 -2.594093
v -1.967468 1.877933 -2.617897
v -1.967468 1.916927 -2.617897
v -1.967468 2.166919 -2.617897
v -1.965683 2.166919 -2.594704
v -1.963806 2.166919 -2.570839
v -1.961777 1.877933 -2.545357
v -1.961777 1.916927 -2.545357
v -1.961777 2.166919 -2.545357
v -1.961777 2.166919 -2.571785
v -1.961777 2.166919 -2.596046
v -1.961777 2.166919 -2.619148
v -1.961777 1.877933 -2.641670
v -1.961777 1.916927 -2.641670
v -1.961777 2.166919 -2.641670
v -1.959991 2.166919 -2.619423
v -1.958267 2.166919 -2.597206
v -1.956482 2.166919 -2.574257
v -1.954529 2.166919 -2.549782
v -1.952805 2.166919 -2.527718
v -1.952423 1.877933 -2.522743
v -1.952423 1.916927 -2.522743
v -1.952423 2.166919 -2.522743
v -1.952423 2.166919 -2.526955
v -1.952423 2.166919 -2.551125
v -1.952423 2.166919 -2.576210
v -1.952423 2.166919 -2.599159
v -1.952423 2.166919 -2.621071
v -1.952423 2.166919 -2.642433
v -1.952423 2.166919 -2.656960
v -1.952423 2.166919 -2.660072
v -1.952423 1.877933 -2.664223
v -1.952423 1.916927 -2.664223
v -1.952423 2.166919 -2.664223
v -1.952103 2.166919 -2.660622
v -1.951874 2.166919 -2.657814
v -1.951477 -0.002262 -2.455574
v -1.951477 1.877933 -2.455574
v -1.951477 1.916927 -2.455574
v -1.951477 1.955928 -2.455574
v -1.951477 -0.002262 -2.731453
v -1.951477 1.877933 -2.731453
v -1.951477 1.916927 -2.731453
v -1.951477 1.955928 -2.731453
v -1.950699 2.166919 -2.642616
v -1.949066 2.166919 -2.621681
v -1.947433 2.166919 -2.600868
v -1.945709 2.166919 -2.579353
v -1.943924 2.166919 -2.556343
v -1.939621 1.877933 -2.501839
v -1.939621 1.916927 -2.501839
v -1.939621 2.166919 -2.501839
v -1.939621 2.166919 -2.558998
v -1.939621 2.166919 -2.582253
v -1.939621 2.166919 -2.603432
v -1.939621 2.166919 -2.623726
v -1.939621 2.166919 -2.643471
v -1.939621 2.166919 -2.677864
v -1.939621 1.877933 -2.685097
v -1.939621 1.916927 -2.685097
v -1.939621 2.166919 -2.685097
v -1.939148 2.166919 -2.678658
v -1.936356 2.166919 -2.643776
v -1.934875 2.166919 -2.624672
v -1.933380 2.166919 -2.605568
v -1.931824 2.166919 -2.585915
v -1.930191 2.166919 -2.564827
v -1.928162 -0.002262 -2.435738
v -1.928162 1.877933 -2.435738
v -1.928162 1.916927 -2.435738
v -1.928162 1.955928 -2.435738
v -1.928162 -0.002262 -2.751259
v -1.928162 1.877933 -2.751259
v -1.928162 1.916927 -2.751259
v -1.928162 1.955928 -2.751259
v -1.926285 2.166919 -2.514839
v -1.926285 2.166919 -2.514900
v -1.926208 2.166919 -2.513832
v -1.926056 2.166919 -2.511726
v -1.923798 1.877933 -2.483253
v -1.923798 1.916927 -2.483253
v -1.923798 2.166919 -2.483253
v -1.923798 2.166919 -2.513344
v -1.923798 2.166919 -2.515938
v -1.923798 2.166919 -2.517281
v -1.923798 2.166919 -2.517342
v -1.923798 2.166919 -2.568764
v -1.923798 2.166919 -2.589638
v -1.923798 2.166919 -2.608742
v -1.923798 2.166919 -2.626991
v -1.923798 2.166919 -2.644814
v -1.923798 1.877933 -2.703773
v -1.923798 1.916927 -2.703773
v -1.923798 2.166919 -2.703773
v -1.919189 2.166919 -2.645180
v -1.917786 2.166919 -2.628273
v -1.916458 2.166919 -2.611244
v -1.915131 2.166919 -2.593697
v -1.913651 2.166919 -2.575050
v -1.910141 2.166919 -2.530617
v -1.910141 2.166919 -2.530678
v -1.909912 2.166919 -2.528236
v -1.909607 2.166919 -2.523659
v -1.907654 2.166919 -2.499397
v -1.905151 1.877933 -2.467415
v -1.905151 1.916927 -2.467415
v -1.905151 2.166919 -2.467415
v -1.905151 2.166919 -2.501900
v -1.905151 2.166919 -2.526955
v -1.905151 2.166919 -2.532539
v -1.905151 2.166919 -2.535500
v -1.905151 2.166919 -2.535591
v -1.905151 2.166919 -2.580299
v -1.905151 2.166919 -2.598366
v -1.905151 2.166919 -2.615089
v -1.905151 2.166919 -2.630836
v -1.905151 2.166919 -2.646370
v -1.905151 2.166919 -2.697609
v -1.905151 1.877933 -2.719582
v -1.905151 1.916927 -2.719582
v -1.905151 2.166919 -2.719582
v -1.903351 2.166919 -2.696968
v -1.902100 -0.002262 -2.419746
v -1.902100 1.877933 -2.419746
v -1.902100 1.916927 -2.419746
v -1.902100 1.955928 -2.419746
v -1.902100 -0.002262 -2.767250
v -1.902100 1.877933 -2.767250
v -1.902100 1.916927 -2.767250
v -1.902100 1.955928 -2.767250
v -1.899384 2.166919 -2.646828
v -1.898285 2.166919 -2.632301
v -1.897125 2.166919 -2.617714
v -1.895935 2.166919 -2.602760
v -1.894699 2.166919 -2.586769
v -1.891663 2.166919 -2.548622
v -1.891663 2.166919 -2.548714
v -1.891342 2.166919 -2.544868
v -1.890808 2.166919 -2.537300
v -1.889236 2.166919 -2.517799
v -1.887207 2.166919 -2.492073
v -1.884644 2.166919 -2.458931
v -1.884247 1.877933 -2.454536
v -1.884247 1.916927 -2.454536
v -1.884247 2.166919 -2.454536
v -1.884247 2.166919 -2.458748
v -1.884247 2.166919 -2.496132
v -1.884247 2.166919 -2.522743
v -1.884247 2.166919 -2.542061
v -1.884247 2.166919 -2.551186
v -1.884247 2.166919 -2.555885
v -1.884247 2.166919 -2.555946
v -1.884247 2.166919 -2.593178
v -1.884247 2.166919 -2.608223
v -1.884247 2.166919 -2.622017
v -1.884247 2.166919 -2.635201
v -1.884247 2.166919 -2.648079
v -1.884247 2.166919 -2.690651
v -1.884247 2.166919 -2.708992
v -1.884247 2.166919 -2.730202
v -1.884247 1.877933 -2.732399
v -1.884247 1.916927 -2.732399
v -1.884247 2.166919 -2.732399
v -1.884094 2.166919 -2.730263
v -1.882370 2.166919 -2.707985
v -1.880890 2.166919 -2.689583
v -1.877686 2.166919 -2.648598
v -1.876755 2.166919 -2.636757
v -1.875824 2.166919 -2.624916
v -1.874878 2.166919 -2.612648
v -1.873871 2.166919 -2.599556
v -1.873795 -0.002262 -2.408058
v -1.873795 1.877933 -2.408058
v -1.873795 1.916927 -2.408058
v -1.873795 1.955928 -2.408058
v -1.873795 -0.002262 -2.778969
v -1.873795 1.877933 -2.778969
v -1.873795 1.916927 -2.778969
v -1.873795 1.955928 -2.778969
v -1.871384 2.166919 -2.568428
v -1.871384 2.166919 -2.568581
v -1.870987 2.166919 -2.563026
v -1.870117 2.166919 -2.552345
v -1.868958 2.166919 -2.538002
v -1.867477 2.166919 -2.519203
v -1.862015 2.166919 -2.449562
v -1.861862 2.166919 -2.447304
v -1.861710 1.877933 -2.445290
v -1.861710 1.916927 -2.445290
v -1.861710 2.166919 -2.445290
v -1.861710 2.166919 -2.447212
v -1.861710 2.166919 -2.449379
v -1.861710 2.166919 -2.527168
v -1.861710 2.166919 -2.545357
v -1.861710 2.166919 -2.558449
v -1.861710 2.166919 -2.571327
v -1.861710 2.166919 -2.577858
v -1.861710 2.166919 -2.578041
v -1.861710 2.166919 -2.607033
v -1.861710 2.166919 -2.618813
v -1.861710 2.166919 -2.629677
v -1.861710 2.166919 -2.639870
v -1.861710 2.166919 -2.649940
v -1.861710 2.166919 -2.683174
v -1.861710 2.166919 -2.697426
v -1.861710 1.877933 -2.741737
v -1.861710 1.916927 -2.741737
v -1.861710 2.166919 -2.741737
v -1.858124 2.166919 -2.695656
v -1.856949 2.166919 -2.681618
v -1.854523 2.166919 -2.650581
v -1.853821 2.166919 -2.641518
v -1.853134 2.166919 -2.632484
v -1.852417 2.166919 -2.623177
v -1.851639 2.166919 -2.613258
v -1.849777 2.166919 -2.589546
v -1.849777 2.166919 -2.589729
v -1.849152 2.166919 -2.582466
v -1.848053 2.166919 -2.568367
v -1.847351 2.166919 -2.559608
v -1.846497 2.166919 -2.548073
v -1.844086 -0.002262 -2.400948
v -1.844086 1.877933 -2.400948
v -1.844086 1.916927 -2.400948
v -1.844086 1.955928 -2.400948
v -1.844086 -0.002262 -2.786110
v -1.844086 1.877933 -2.786110
v -1.844086 1.916927 -2.786110
v -1.844086 1.955928 -2.786110
v -1.837906 1.877933 -2.439491
v -1.837906 1.916927 -2.439491
v -1.837906 2.166919 -2.439491
v -1.837906 2.166919 -2.559853
v -1.837906 2.166919 -2.569038
v -1.837906 2.166919 -2.575661
v -1.837906 2.166919 -2.592445
v -1.837906 2.166919 -2.601051
v -1.837906 2.166919 -2.601265
v -1.837906 2.166919 -2.621681
v -1.837906 2.166919 -2.629982
v -1.837906 2.166919 -2.637611
v -1.837906 2.166919 -2.644814
v -1.837906 2.166919 -2.651894
v -1.837906 2.166919 -2.675301
v -1.837906 2.166919 -2.685371
v -1.837906 2.166919 -2.716530
v -1.837906 1.877933 -2.747444
v -1.837906 1.916927 -2.747444
v -1.837906 2.166919 -2.747444
v -1.827301 2.166919 -2.574501
v -1.826843 2.166919 -2.580147
v -1.826523 2.166919 -2.584023
v -1.824966 2.166919 -2.604012
v -1.824112 2.166919 -2.614540
v -1.824112 2.166919 -2.614754
v -1.822861 2.166919 -2.630989
v -1.822311 2.166919 -2.637306
v -1.821930 2.166919 -2.643013
v -1.821457 2.166919 -2.648201
v -1.821075 2.166919 -2.653297
v -1.819824 2.166919 -2.669289
v -1.819275 2.166919 -2.675911
v -1.817780 2.166919 -2.695168
v -1.816544 1.916927 -2.398720
v -1.816544 1.955928 -2.398720
v -1.816376 2.166919 -2.712807
v -1.813660 2.166919 -2.747444
v -1.813507 -0.002262 1.423531
v -1.813507 0.387738 1.423531
v -1.813507 0.387738 1.228462
v -1.813507 0.388128 1.150459
v -1.813507 2.727664 1.150459
v -1.813507 2.922656 1.150459
v -1.813507 0.387738 0.740944
v -1.813507 1.167659 0.740944
v -1.813507 0.387738 0.351036
v -1.813507 1.167659 0.351036
v -1.813507 1.557742 -0.116966
v -1.813507 -0.002262 -0.331535
v -1.813507 0.387739 -0.331535
v -1.813507 1.461871 -0.504158
v -1.813507 1.929874 -0.504158
v -1.813507 1.957332 -0.506264
v -1.813507 1.984088 -0.512657
v -1.813507 2.009509 -0.523186
v -1.813507 2.033069 -0.537621
v -1.813507 2.053897 -0.555489
v -1.813507 2.071841 -0.576378
v -1.813507 2.727664 -0.581154
v -1.813507 2.852527 -0.581154
v -1.813507 2.727664 -0.585045
v -1.813507 2.844669 -0.585045
v -1.813507 2.086192 -0.599953
v -1.813507 2.096713 -0.625374
v -1.813507 2.103191 -0.652122
v -1.813507 2.105373 -0.679573
v -1.813507 2.103191 -0.707039
v -1.813507 2.922656 -0.721550
v -1.813507 2.096713 -0.733803
v -1.813507 2.086192 -0.759300
v -1.813507 2.071841 -0.782784
v -1.813507 2.053897 -0.803673
v -1.813507 2.033069 -0.821617
v -1.813507 2.009509 -0.835976
v -1.813507 1.984088 -0.846413
v -1.813507 1.957332 -0.852898
v -1.813507 1.461871 -0.855080
v -1.813507 1.929874 -0.855080
v -1.813507 2.727664 -0.975044
v -1.813507 2.844669 -0.975044
v -1.813507 2.727664 -0.978859
v -1.813507 2.852527 -0.978859
v -1.813507 1.461871 -1.180794
v -1.813507 1.929874 -1.180794
v -1.813507 1.957332 -1.182899
v -1.813507 1.984088 -1.189400
v -1.813507 2.009509 -1.199837
v -1.813507 2.033069 -1.214272
v -1.813507 2.053897 -1.232124
v -1.813507 2.071841 -1.253120
v -1.813507 2.086192 -1.276588
v -1.813507 2.096713 -1.302010
v -1.813507 2.103191 -1.328773
v -1.813507 2.105373 -1.356300
v -1.813507 2.103191 -1.383705
v -1.813507 2.096713 -1.410500
v -1.813507 2.086192 -1.435951
v -1.813507 0.729770 -1.451302
v -1.813507 2.071841 -1.459419
v -1.813507 2.053897 -1.480415
v -1.813507 2.033069 -1.498268
v -1.813507 2.009509 -1.512611
v -1.813507 1.984088 -1.523232
v -1.813507 1.957332 -1.529640
v -1.813507 1.461872 -1.531807
v -1.813507 1.929874 -1.531807
v -1.813507 -0.002262 -2.398537
v -1.813507 1.877933 -2.398537
v -1.813507 1.877933 -2.437630
v -1.813507 1.916927 -2.437630
v -1.813507 1.955928 -2.437630
v -1.813507 2.166919 -2.437630
v -1.813507 2.166919 -2.593483
v -1.813507 2.727664 -2.593483
v -1.813507 2.922656 -2.593483
v -1.813507 2.166919 -2.614235
v -1.813507 2.166919 -2.624916
v -1.813507 2.166919 -2.625221
v -1.813507 2.166919 -2.636757
v -1.813507 2.166919 -2.641518
v -1.813507 2.166919 -2.645790
v -1.813507 2.166919 -2.649940
v -1.813507 2.166919 -2.653938
v -1.813507 2.166919 -2.667183
v -1.813507 2.166919 -2.672951
v -1.813507 2.166919 -2.690651
v -1.813507 2.166919 -2.708107
v -1.813507 2.166919 -2.747444
v -1.813507 1.877933 -2.749397
v -1.813507 1.916927 -2.749397
v -1.813507 2.166919 -2.749397
v -1.813507 -0.002262 -2.788460
v -1.813507 1.877933 -2.788460
v -1.813507 1.916927 -2.788460
v -1.813507 1.955928 -2.788460
v -1.813416 2.166919 -2.747444
v -1.812256 2.166919 -2.706184
v -1.811783 2.166919 -2.688789
v -1.811630 2.922656 -0.709465
v -1.811310 2.166919 -2.671791
v -1.811157 2.166919 -2.666389
v -1.810776 2.166919 -2.654152
v -1.810684 2.166919 -2.650490
v -1.810608 2.166919 -2.646736
v -1.810455 2.166919 -2.642921
v -1.810379 2.166919 -2.638710
v -1.810150 -0.002262 -2.594948
v -1.810059 2.166919 -2.628273
v -1.810059 2.166919 -2.628548
v -1.809753 0.388128 1.174553
v -1.809753 2.727664 1.174553
v -1.809753 2.922656 1.174553
v -1.809753 2.922656 -0.721550
v -1.809753 -0.002262 -2.617104
v -1.809753 -0.002262 -2.617348
v -1.809753 2.166919 -2.617592
v -1.809753 2.727664 -2.617592
v -1.809753 2.922656 -2.617592
v -1.807739 2.166919 -2.630592
v -1.807648 2.166919 -2.630928
v -1.806015 2.166919 -2.641457
v -1.805389 2.166919 -2.645332
v -1.804840 2.166919 -2.648689
v -1.804306 2.166919 -2.651833
v -1.804214 2.922656 -0.710625
v -1.803833 2.166919 -2.654701
v -1.802429 2.166919 -2.663521
v -1.801880 2.166919 -2.667030
v -1.800400 2.166919 -2.676674
v -1.799072 2.166919 -2.684975
v -1.798676 0.388128 1.196312
v -1.798676 2.727664 1.196312
v -1.798676 2.922656 1.196312
v -1.798676 2.922656 -0.721550
v -1.798676 2.166919 -2.639351
v -1.798676 2.727664 -2.639351
v -1.798676 2.922656 -2.639351
v -1.798676 2.166919 -2.639717
v -1.798065 2.166919 -2.646278
v -1.797821 2.166919 -2.648842
v -1.797668 2.166919 -2.651100
v -1.797424 2.166919 -2.653236
v -1.797272 2.166919 -2.655251
v -1.796738 2.166919 -2.661659
v -1.796494 2.166919 -2.664284
v -1.795792 2.166919 -2.671852
v -1.795258 2.166919 -2.678780
v -1.790024 2.922656 -0.712807
v -1.789169 1.877933 -2.747444
v -1.789169 1.916927 -2.747444
v -1.789169 2.166919 -2.747444
v -1.783005 -0.002262 -2.786110
v -1.783005 1.877933 -2.786110
v -1.783005 1.916927 -2.786110
v -1.783005 1.955928 -2.786110
v -1.781372 0.388128 1.213554
v -1.781372 2.727664 1.213554
v -1.781372 2.922656 1.213554
v -1.781372 2.922656 -0.721550
v -1.781372 2.166919 -2.656563
v -1.781372 2.727664 -2.656563
v -1.781372 2.922656 -2.656563
v -1.770523 2.922656 -0.716011
v -1.765762 2.166919 -2.739784
v -1.765366 1.877933 -2.741737
v -1.765366 1.916927 -2.741737
v -1.765366 2.166919 -2.741737
v -1.765213 2.166919 -2.739662
v -1.761780 2.166919 -2.695045
v -1.760529 2.166919 -2.678658
v -1.759674 0.388128 1.224632
v -1.759674 2.727664 1.224632
v -1.759674 2.922656 1.224632
v -1.759674 2.922656 -0.721550
v -1.759674 2.166919 -2.667732
v -1.759674 2.727664 -2.667732
v -1.759674 2.922656 -2.667732
v -1.755386 2.166919 -2.684120
v -1.753281 -0.002262 -2.778969
v -1.753281 1.877933 -2.778969
v -1.753281 1.916927 -2.778969
v -1.753281 1.955928 -2.778969
v -1.747589 2.922656 -0.719597
v -1.742752 1.877933 -2.732399
v -1.742752 1.916927 -2.732399
v -1.742752 2.166919 -2.732399
v -1.739090 2.166919 -2.701424
v -1.738541 2.166919 -2.696754
v -1.735504 0.388128 1.228462
v -1.735504 2.727664 1.228462
v -1.735504 2.922656 1.228462
v -1.735504 2.922656 -0.721550
v -1.735504 2.166919 -2.671486
v -1.735504 2.727664 -2.671486
v -1.735504 2.922656 -2.671486
v -1.725037 -0.002262 -2.767250
v -1.725037 1.877933 -2.767250
v -1.725037 1.916927 -2.767250
v -1.725037 1.955928 -2.767250
v -1.721848 1.877933 -2.719582
v -1.721848 1.916927 -2.719582
v -1.721848 2.166919 -2.719582
v -1.703278 1.877933 -2.703773
v -1.703278 1.916927 -2.703773
v -1.703278 2.166919 -2.703773
v -1.698914 -0.002262 -2.751259
v -1.698914 1.877933 -2.751259
v -1.698914 1.916927 -2.751259
v -1.698914 1.955928 -2.751259
v -1.695175 2.166919 -2.692848
v -1.690491 2.166919 -2.684242
v -1.689011 2.166919 -2.684669
v -1.687363 1.877933 -2.685097
v -1.687363 1.916927 -2.685097
v -1.687363 2.166919 -2.685097
v -1.679108 1.877933 -2.671486
v -1.679108 1.916927 -2.671486
v -1.679108 2.166919 -2.671486
v -1.675674 -0.002262 -2.731453
v -1.675674 1.877933 -2.731453
v -1.675674 1.916927 -2.731453
v -1.675674 1.955928 -2.731453
v -1.655777 -0.002262 -2.708107
v -1.655777 1.877933 -2.708107
v -1.655777 1.916927 -2.708107
v -1.655777 1.955928 -2.708107
v -1.645798 1.916927 -2.691902
v -1.645798 1.955928 -2.691902
v -1.639801 -0.002262 -2.682014
v -1.639801 1.877933 -2.682014
v -1.635422 -0.002262 -2.671486
v -1.635422 1.877933 -2.671486
v -1.635422 1.916927 -2.671486
v -1.635422 1.955928 -2.671486
v -1.619049 2.727664 -0.978859
v -1.618973 2.727664 -0.581154
v -1.618973 2.727664 -0.978859
v -1.618896 2.727664 -0.581154
v -1.618896 2.727664 -0.978859
v -1.618805 2.727664 -0.581154
v -1.618805 2.727664 -0.978859
v -1.618576 1.461871 -0.504158
v -1.618576 1.929874 -0.504158
v -1.618576 1.957332 -0.506264
v -1.618576 1.984088 -0.512657
v -1.618576 2.009509 -0.523186
v -1.618576 2.033069 -0.537621
v -1.618576 2.053897 -0.555489
v -1.618576 2.071841 -0.576378
v -1.618576 2.727664 -0.581154
v -1.618576 2.727664 -0.585045
v -1.618576 2.844669 -0.585045
v -1.618576 2.086192 -0.599953
v -1.618576 2.096713 -0.625374
v -1.618576 2.103191 -0.652122
v -1.618576 2.105373 -0.679573
v -1.618576 2.103191 -0.707039
v -1.618576 2.096713 -0.733803
v -1.618576 2.086192 -0.759300
v -1.618576 2.071841 -0.782784
v -1.618576 2.053897 -0.803673
v -1.618576 2.033069 -0.821617
v -1.618576 2.009509 -0.835976
v -1.618576 1.984088 -0.846413
v -1.618576 1.957332 -0.852898
v -1.618576 1.461871 -0.855080
v -1.618576 1.929874 -0.855080
v -1.618576 2.727664 -0.975044
v -1.618576 2.844669 -0.975044
v -1.618576 2.727664 -0.978859
v -1.618576 1.461871 -1.180794
v -1.618576 1.929874 -1.180794
v -1.618576 1.957332 -1.182899
v -1.618576 1.984088 -1.189400
v -1.618576 2.009509 -1.199837
v -1.618576 2.033069 -1.214272
v -1.618576 2.053897 -1.232124
v -1.618576 2.071841 -1.253120
v -1.618576 2.086192 -1.276588
v -1.618576 2.096713 -1.302010
v -1.618576 2.103191 -1.328773
v -1.618576 2.105373 -1.356300
v -1.618576 2.103191 -1.383705
v -1.618576 2.096713 -1.410500
v -1.618576 2.086192 -1.435951
v -1.618576 2.071841 -1.459419
v -1.618576 2.053897 -1.480415
v -1.618576 2.033069 -1.498268
v -1.618576 2.009509 -1.512611
v -1.618576 1.984088 -1.523232
v -1.618576 1.957332 -1.529640
v -1.618576 1.461872 -1.531807
v -1.618576 1.929874 -1.531807
v -1.610779 2.727664 -0.581154
v -1.610779 2.852527 -0.581154
v -1.610779 2.727664 -0.978859
v -1.610779 2.852527 -0.978859
v -1.423584 2.922656 -0.721550
v -1.419373 -0.002262 1.423531
v -1.419373 0.387738 1.423531
v -1.419373 -0.002262 1.228462
v -1.419373 0.387738 1.228462
v -1.404312 2.922656 -0.477486
v -1.404312 2.922656 -0.965523
v -1.380371 3.145587 -0.721550
v -1.361725 3.145587 -0.484184
v -1.361725 3.145587 -0.958824
v -1.347214 2.922656 -0.239433
v -1.347214 2.922656 -1.203590
v -1.333801 -0.002262 1.462532
v -1.333801 0.582738 1.462532
v -1.333801 0.582738 1.228462
v -1.331848 -0.002262 1.486870
v -1.331848 0.607074 1.486870
v -1.331848 -0.002262 1.438042
v -1.331848 0.558324 1.438042
v -1.331848 0.558324 1.228462
v -1.331848 0.607074 1.228462
v -1.326157 -0.002262 1.510735
v -1.326157 0.630943 1.510735
v -1.326157 -0.002262 1.414330
v -1.326157 0.534534 1.414330
v -1.326157 0.534534 1.228462
v -1.326157 0.630943 1.228462
v -1.316788 -0.002262 1.533348
v -1.316788 0.653484 1.533348
v -1.316788 -0.002262 1.391624
v -1.316788 0.511913 1.391624
v -1.316788 0.511913 1.228462
v -1.316788 0.653484 1.228462
v -1.306183 3.145587 -0.252754
v -1.306183 3.145587 -1.190254
v -1.305176 3.359607 -0.721550
v -1.304001 -0.002262 1.554184
v -1.304001 0.674388 1.554184
v -1.304001 -0.002262 1.370811
v -1.304001 0.491010 1.370811
v -1.304001 0.491010 1.228462
v -1.304001 0.674388 1.228462
v -1.288086 -0.002262 1.572746
v -1.288086 0.693031 1.572746
v -1.288086 -0.002262 1.352242
v -1.288086 0.472368 1.352242
v -1.288086 0.472368 1.228462
v -1.288086 0.693031 1.228462
v -1.287384 3.359607 -0.495979
v -1.287384 3.359607 -0.947044
v -1.269531 -0.002262 1.588737
v -1.269531 0.708942 1.588737
v -1.269531 -0.002262 1.336327
v -1.269531 0.456535 1.336327
v -1.269531 0.456535 1.228462
v -1.269531 0.708942 1.228462
v -1.253540 2.922656 -0.013313
v -1.253540 2.922656 -1.429726
v -1.248550 -0.002262 1.601456
v -1.248550 0.721736 1.601456
v -1.248550 -0.002262 1.323540
v -1.248550 0.443664 1.323540
v -1.248550 0.443664 1.228462
v -1.248550 0.721736 1.228462
v -1.234573 3.359607 -0.276009
v -1.234573 3.359607 -1.167000
v -1.226013 -0.002262 1.610809
v -1.226013 0.731094 1.610809
v -1.226013 -0.002262 1.314171
v -1.226013 0.434304 1.314171
v -1.226013 0.434304 1.228462
v -1.226013 0.731094 1.228462
v -1.215073 3.145587 -0.032875
v -1.215073 3.145587 -1.410194
v -1.202133 -0.002262 1.616577
v -1.202133 0.736789 1.616577
v -1.202133 -0.002262 1.308479
v -1.202133 0.428611 1.308479
v -1.202133 0.428611 1.228462
v -1.202133 0.736789 1.228462
v -1.199402 3.560474 -0.721550
v -1.183029 3.560474 -0.512581
v -1.183029 3.560474 -0.930504
v -1.177795 -0.002262 1.618538
v -1.177795 0.738738 1.618538
v -1.177795 -0.002262 1.306526
v -1.177795 0.426738 1.306526
v -1.177795 0.426738 1.228462
v -1.177795 0.738738 1.228462
v -1.153397 -0.002262 1.616577
v -1.153397 0.736789 1.616577
v -1.153397 -0.002262 1.308479
v -1.153397 0.428611 1.308479
v -1.153397 0.428611 1.228462
v -1.153397 0.736789 1.228462
v -1.148071 3.359607 -0.067039
v -1.148071 3.359607 -1.375954
v -1.134033 3.560474 -0.308693
v -1.134033 3.560474 -1.134315
v -1.129593 -0.002262 1.610809
v -1.129593 0.731094 1.610809
v -1.129593 -0.002262 1.314171
v -1.129593 0.434304 1.314171
v -1.129593 0.434304 1.228462
v -1.129593 0.731094 1.228462
v -1.125610 2.922656 0.195412
v -1.125610 2.922656 -1.638435
v -1.106979 -0.002262 1.601456
v -1.106979 0.721736 1.601456
v -1.106979 -0.002262 1.323540
v -1.106979 0.443664 1.323540
v -1.106979 0.443664 1.228462
v -1.106979 0.721736 1.228462
v -1.090759 3.145587 0.170082
v -1.090759 3.145587 -1.613167
v -1.086075 -0.002262 1.588737
v -1.086075 0.708942 1.588737
v -1.086075 -0.002262 1.336327
v -1.086075 0.456535 1.336327
v -1.086075 0.456535 1.228462
v -1.086075 0.708942 1.228462
v -1.067505 -0.002262 1.572746
v -1.067505 0.693031 1.572746
v -1.067505 -0.002262 1.352242
v -1.067505 0.472368 1.352242
v -1.067505 0.472368 1.228462
v -1.067505 0.693031 1.228462
v -1.065399 3.743610 -0.721550
v -1.053772 3.560474 -0.115013
v -1.053772 3.560474 -1.327919
v -1.051605 -0.002262 1.554184
v -1.051605 0.674388 1.554184
v -1.051605 -0.002262 1.370811
v -1.051605 0.491010 1.370811
v -1.051605 0.491010 1.228462
v -1.051605 0.674388 1.228462
v -1.050583 3.743610 -0.533485
v -1.050583 3.743610 -0.909447
v -1.038803 -0.002262 1.533348
v -1.038803 0.653484 1.533348
v -1.038803 -0.002262 1.391624
v -1.038803 0.511913 1.391624
v -1.038803 0.511913 1.228462
v -1.038803 0.653484 1.228462
v -1.029907 3.359607 0.125847
v -1.029907 3.359607 -1.568855
v -1.029449 -0.002262 1.510735
v -1.029449 0.630943 1.510735
v -1.029449 -0.002262 1.414330
v -1.029449 0.534534 1.414330
v -1.029449 0.534534 1.228462
v -1.029449 0.630943 1.228462
v -1.027725 1.461871 1.228462
v -1.027725 1.929874 1.228462
v -1.027725 1.461871 0.916451
v -1.027725 1.929874 0.916451
v -1.025620 1.957332 1.228462
v -1.025620 1.957332 0.916451
v -1.023743 -0.002262 1.486870
v -1.023743 0.607074 1.486870
v -1.023743 -0.002262 1.438042
v -1.023743 0.558324 1.438042
v -1.023743 0.558324 1.228462
v -1.023743 0.607074 1.228462
v -1.021790 -0.002262 1.462532
v -1.021790 0.582738 1.462532
v -1.021790 0.582738 1.228462
v -1.019226 1.984088 1.228462
v -1.019226 1.984088 0.916451
v -1.008698 2.009509 1.228462
v -1.008698 2.009509 0.916451
v -1.006592 3.743610 -0.350121
v -1.006592 3.743610 -1.092903
v -0.994263 2.033069 1.228462
v -0.994263 2.033069 0.916451
v -0.976410 2.053897 1.228462
v -0.976410 2.053897 0.916451
v -0.966583 2.922656 0.381615
v -0.966583 2.922656 -1.824532
v -0.955414 2.071841 1.228462
v -0.955414 2.071841 0.916451
v -0.944260 3.560474 0.063683
v -0.944260 3.560474 -1.506691
v -0.943802 -0.002262 1.462532
v -0.943802 0.582738 1.462532
v -0.943802 0.582738 1.228462
v -0.941849 -0.002262 1.486870
v -0.941849 0.607074 1.486870
v -0.941849 -0.002262 1.438042
v -0.941849 0.558324 1.438042
v -0.941849 0.558324 1.228462
v -0.941849 0.607074 1.228462
v -0.936157 -0.002262 1.510735
v -0.936157 0.630943 1.510735
v -0.936157 -0.002262 1.414330
v -0.936157 0.534534 1.414330
v -0.936157 0.534534 1.228462
v -0.936157 0.630943 1.228462
v -0.936157 3.145587 0.351112
v -0.936157 3.145587 -1.794106
v -0.934433 3.743610 -0.175850
v -0.934433 3.743610 -1.267159
v -0.931946 2.086192 1.228462
v -0.931946 2.086192 0.916451
v -0.926804 -0.002262 1.533348
v -0.926804 0.653484 1.533348
v -0.926804 -0.002262 1.391624
v -0.926804 0.511913 1.391624
v -0.926804 0.511913 1.228462
v -0.926804 0.653484 1.228462
v -0.914001 -0.002262 1.554184
v -0.914001 0.674388 1.554184
v -0.914001 -0.002262 1.370811
v -0.914001 0.491010 1.370811
v -0.914001 0.491010 1.228462
v -0.914001 0.674388 1.228462
v -0.906525 2.096713 1.228462
v -0.906525 2.096713 0.916451
v -0.906052 3.905139 -0.721550
v -0.898102 -0.002262 1.572746
v -0.898102 0.693031 1.572746
v -0.898102 -0.002262 1.352242
v -0.898102 0.472368 1.352242
v -0.898102 0.472368 1.228462
v -0.898102 0.693031 1.228462
v -0.893173 3.905139 -0.558449
v -0.893173 3.905139 -0.884651
v -0.882874 3.359607 0.297920
v -0.882874 3.359607 -1.740852
v -0.879761 2.103191 1.228462
v -0.879761 2.103191 0.916451
v -0.879532 -0.002262 1.588737
v -0.879532 0.708942 1.588737
v -0.879532 -0.002262 1.336327
v -0.879532 0.456535 1.336327
v -0.879532 0.456535 1.228462
v -0.879532 0.708942 1.228462
v -0.858627 -0.002262 1.601456
v -0.858627 0.721736 1.601456
v -0.858627 -0.002262 1.323540
v -0.858627 0.443664 1.323540
v -0.858627 0.443664 1.228462
v -0.858627 0.721736 1.228462
v -0.854950 3.905139 -0.399406
v -0.854950 3.905139 -1.043678
v -0.852219 2.105373 1.228462
v -0.852219 2.105373 0.916451
v -0.835999 -0.002262 1.610809
v -0.835999 0.731094 1.610809
v -0.835999 -0.002262 1.314171
v -0.835999 0.434304 1.314171
v -0.835999 0.434304 1.228462
v -0.835999 0.731094 1.228462
v -0.835922 3.743610 -0.015099
v -0.835922 3.743610 -1.427895
v -0.824844 2.103191 1.228462
v -0.824844 2.103191 0.916451
v -0.812225 -0.002262 1.616577
v -0.812225 0.736789 1.616577
v -0.812225 -0.002262 1.308479
v -0.812225 0.428611 1.308479
v -0.812225 0.428611 1.228462
v -0.812225 0.736789 1.228462
v -0.808167 3.560474 0.223122
v -0.808167 3.560474 -1.666115
v -0.798096 2.096713 1.228462
v -0.798096 2.096713 0.916451
v -0.792404 3.905139 -0.248238
v -0.792404 3.905139 -1.194771
v -0.787811 -0.002262 1.618538
v -0.787811 0.738738 1.618538
v -0.787811 -0.002262 1.306526
v -0.787811 0.426738 1.306526
v -0.787811 0.426738 1.228462
v -0.787811 0.738738 1.228462
v -0.780472 2.922656 0.540565
v -0.780472 2.922656 -1.983589
v -0.772583 2.086192 1.228462
v -0.772583 2.086192 0.916451
v -0.763458 -0.002262 1.616577
v -0.763458 0.736789 1.616577
v -0.763458 -0.002262 1.308479
v -0.763458 0.428611 1.308479
v -0.763458 0.428611 1.228462
v -0.763458 0.736789 1.228462
v -0.755188 3.145587 0.505714
v -0.755188 3.145587 -1.948647
v -0.749115 2.071841 1.228462
v -0.749115 2.071841 0.916451
v -0.739594 -0.002262 1.610809
v -0.739594 0.731094 1.610809
v -0.739594 -0.002262 1.314171
v -0.739594 0.434304 1.314171
v -0.739594 0.434304 1.228462
v -0.739594 0.731094 1.228462
v -0.728210 2.053897 1.228462
v -0.728210 2.053897 0.916451
v -0.724701 4.041645 -0.721550
v -0.716888 -0.002262 1.601456
v -0.716888 0.721736 1.601456
v -0.716888 -0.002262 1.323540
v -0.716888 0.443664 1.323540
v -0.716888 0.443664 1.228462
v -0.716888 0.721736 1.228462
v -0.714081 4.041645 -0.586830
v -0.714081 4.041645 -0.856255
v -0.713394 3.743610 0.128349
v -0.713394 3.743610 -1.571358
v -0.710892 3.359607 0.444786
v -0.710892 3.359607 -1.887886
v -0.710266 2.033069 1.228462
v -0.710266 2.033069 0.916451
v -0.706924 3.905139 -0.108772
v -0.706924 3.905139 -1.334236
v -0.696075 -0.002262 1.588737
v -0.696075 0.708942 1.588737
v -0.696075 -0.002262 1.336327
v -0.696075 0.456535 1.336327
v -0.696075 0.456535 1.228462
v -0.696075 0.708942 1.228462
v -0.695908 2.009509 1.228462
v -0.695908 2.009509 0.916451
v -0.685318 1.984088 1.228462
v -0.685318 1.984088 0.916451
v -0.682495 4.041645 -0.455406
v -0.682495 4.041644 -0.987679
v -0.678909 1.957332 1.228462
v -0.678909 1.957332 0.916451
v -0.677505 -0.002262 1.572746
v -0.677505 0.693031 1.572746
v -0.677505 -0.002262 1.352242
v -0.677505 0.472368 1.352242
v -0.677505 0.472368 1.228462
v -0.677505 0.693031 1.228462
v -0.676804 1.461871 1.228462
v -0.676804 1.929874 1.228462
v -0.676804 1.461871 0.916451
v -0.676804 1.929874 0.916451
v -0.661591 -0.002262 1.554184
v -0.661591 0.674388 1.554184
v -0.661591 -0.002262 1.370811
v -0.661591 0.491010 1.370811
v -0.661591 0.491010 1.228462
v -0.661591 0.674388 1.228462
v -0.648804 -0.002262 1.533348
v -0.648804 0.653484 1.533348
v -0.648804 -0.002262 1.391624
v -0.648804 0.511913 1.391624
v -0.648804 0.511913 1.228462
v -0.648804 0.653484 1.228462
v -0.648727 3.560474 0.359215
v -0.648727 3.560474 -1.802223
v -0.639435 -0.002262 1.510735
v -0.639435 0.630943 1.510735
v -0.639435 -0.002262 1.414330
v -0.639435 0.534534 1.414330
v -0.639435 0.534534 1.228462
v -0.639435 0.630943 1.228462
v -0.633759 -0.002262 1.486870
v -0.633759 0.607074 1.486870
v -0.633759 -0.002262 1.438042
v -0.633759 0.558324 1.438042
v -0.633759 0.558324 1.228462
v -0.633759 0.607074 1.228462
v -0.631805 -0.002262 1.462532
v -0.631805 0.582738 1.462532
v -0.631805 0.582738 1.228462
v -0.630875 4.041645 -0.330620
v -0.630875 4.041644 -1.112465
v -0.600677 3.905139 0.015709
v -0.600677 3.905139 -1.458656
v -0.571747 2.922656 0.668495
v -0.571747 2.922656 -2.111488
v -0.569946 3.743610 0.250801
v -0.569946 3.743610 -1.693886
v -0.560272 4.041645 -0.215324
v -0.560272 4.041644 -1.227699
v -0.552246 3.145587 0.630119
v -0.552246 3.145587 -2.073036
v -0.525406 4.150226 -0.721550
v -0.518005 3.359607 0.562950
v -0.518005 3.359607 -2.006050
v -0.517227 4.150226 -0.617958
v -0.517227 4.150226 -0.824974
v -0.492950 4.150226 -0.516960
v -0.492950 4.150226 -0.925972
v -0.476273 3.905139 0.121880
v -0.476273 3.905139 -1.564949
v -0.472443 4.041645 -0.112602
v -0.472443 4.041644 -1.330421
v -0.469940 3.560474 0.468819
v -0.469940 3.560474 -1.911751
v -0.453262 4.150226 -0.421013
v -0.453262 4.150226 -1.022011
v -0.409195 3.743610 0.349327
v -0.409195 3.743610 -1.792427
v -0.398972 4.150226 -0.332481
v -0.398972 4.150226 -1.110512
v -0.369720 4.041645 -0.024773
v -0.369720 4.041644 -1.418251
v -0.345612 2.922656 0.762169
v -0.345612 2.922656 -2.205177
v -0.336807 3.905139 0.207359
v -0.336807 3.905139 -1.650368
v -0.332275 3.145587 0.721153
v -0.332275 3.145587 -2.164162
v -0.331497 4.150226 -0.253548
v -0.331497 4.150226 -1.189461
v -0.312302 4.228382 -0.721550
v -0.309036 3.359607 0.649620
v -0.309036 3.359607 -2.092567
v -0.306763 4.228382 -0.651268
v -0.306763 4.228382 -0.791664
v -0.290405 4.228382 -0.582787
v -0.290405 4.228382 -0.860161
v -0.276352 3.560474 0.548988
v -0.276352 3.560474 -1.992012
v -0.268478 0.036738 1.228462
v -0.268478 1.557742 1.228462
v -0.268478 0.036738 1.111458
v -0.268478 1.557742 1.111458
v -0.263397 4.228382 -0.517723
v -0.263397 4.228382 -0.925209
v -0.254517 4.041645 0.045815
v -0.254517 4.041644 -1.488838
v -0.253510 1.709918 1.228462
v -0.253510 1.709918 1.111458
v -0.252563 4.150226 -0.186073
v -0.252563 4.150226 -1.256935
v -0.234940 3.743610 0.421547
v -0.234940 3.743610 -1.864540
v -0.226593 4.228382 -0.457741
v -0.226593 4.228382 -0.985268
v -0.209122 1.856166 1.228462
v -0.209122 1.856166 1.111458
v -0.185715 3.905139 0.269981
v -0.185715 3.905139 -1.712929
v -0.180878 4.228382 -0.404167
v -0.180878 4.228382 -1.038857
v -0.164032 4.150226 -0.131783
v -0.164032 4.150226 -1.311226
v -0.137131 1.991107 1.228462
v -0.137131 1.991107 1.111458
v -0.129715 4.041645 0.097542
v -0.129715 4.041644 -1.540474
v -0.127304 4.228382 -0.358452
v -0.127304 4.228382 -1.084541
v -0.107559 2.922656 0.819344
v -0.107559 2.922656 -2.262276
v -0.100861 3.145587 0.776756
v -0.100861 3.145587 -2.219704
v -0.090088 4.274555 -0.721550
v -0.089081 3.359607 0.702415
v -0.089081 3.359607 -2.145363
v -0.087357 4.274555 -0.686058
v -0.087357 4.274555 -0.756966
v -0.079010 4.274555 -0.651421
v -0.079010 4.274555 -0.791512
v -0.073486 0.075738 1.111458
v -0.073486 1.557742 1.111458
v -0.073486 0.075738 1.033455
v -0.073486 1.557742 1.033455
v -0.072540 3.560474 0.597908
v -0.072540 3.560474 -2.040993
v -0.068024 4.150226 -0.092094
v -0.068024 4.150226 -1.350929
v -0.067230 4.228382 -0.321648
v -0.067230 4.228382 -1.121376
v -0.065353 4.274555 -0.618660
v -0.065353 4.274555 -0.824425
v -0.063965 0.017238 1.228462
v -0.062393 2.727664 1.228462
v -0.062393 2.852527 1.228462
v -0.062393 2.727664 1.227745
v -0.062393 2.727664 1.033226
v -0.062393 2.727664 1.025734
v -0.062393 2.852527 1.025734
v -0.062393 2.727664 -2.468727
v -0.062393 2.852527 -2.468727
v -0.062393 2.727664 -2.476540
v -0.062393 2.727664 -2.670998
v -0.062393 2.727664 -2.671486
v -0.062393 2.852527 -2.671486
v -0.062241 1.671855 1.111458
v -0.062241 1.671855 1.033455
v -0.058578 2.727664 1.228462
v -0.058578 2.844669 1.228462
v -0.058578 2.727664 1.033455
v -0.058578 2.844669 1.033455
v -0.058578 2.727664 -2.476540
v -0.058578 2.844669 -2.476540
v -0.058578 2.727664 -2.671486
v -0.058578 2.844669 -2.671486
v -0.051483 3.743610 0.465538
v -0.051483 3.743610 -1.908546
v -0.046799 4.274555 -0.588310
v -0.046799 4.274555 -0.854698
v -0.045624 2.727664 1.025734
v -0.040100 2.109279 1.228462
v -0.040100 2.109279 1.111458
v -0.028946 1.781596 1.111458
v -0.028946 1.781596 1.033455
v -0.026672 3.905139 0.308128
v -0.026672 3.905139 -1.751137
v -0.023712 4.274555 -0.561256
v -0.023712 4.274555 -0.881676
v -0.002182 4.228382 -0.294731
v -0.002182 4.228381 -1.148354
v 0.001724 4.041645 0.129128
v 0.001724 4.041644 -1.572060
v 0.003265 4.274555 -0.538170
v 0.003265 4.274555 -0.904762
v 0.025040 1.882762 1.111458
v 0.025040 1.882762 1.033455
v 0.032913 4.150226 -0.067757
v 0.032913 4.150226 -1.375191
v 0.033539 -0.002262 1.228462
v 0.033539 4.274555 -0.519600
v 0.033539 4.274555 -0.923332
v 0.043457 0.192738 1.033455
v 0.043457 0.758006 1.033455
v 0.043457 0.875160 1.033455
v 0.043457 1.557742 1.033455
v 0.043457 0.192738 0.994453
v 0.043457 0.758006 0.994453
v 0.043457 0.875160 0.994453
v 0.043457 1.557742 0.994453
v 0.045944 0.758235 1.033455
v 0.045944 0.758235 0.994453
v 0.052490 1.648998 1.033455
v 0.052490 1.648998 0.994453
v 0.066299 4.228382 -0.278282
v 0.066299 4.228381 -1.164742
v 0.066452 4.274555 -0.506035
v 0.066452 4.274555 -0.936989
v 0.070587 2.727664 1.025734
v 0.078079 2.206226 1.228462
v 0.078079 2.206226 1.111458
v 0.079102 1.736827 1.033455
v 0.079102 1.736827 0.994453
v 0.097885 1.971370 1.111458
v 0.097885 1.971370 1.033455
v 0.101013 4.274555 -0.497765
v 0.101013 4.274555 -0.945320
v 0.122375 1.817706 1.033455
v 0.122375 1.817706 0.994453
v 0.136414 2.727664 1.228462
v 0.136414 2.922656 1.228462
v 0.136414 2.922656 0.838448
v 0.136414 3.145587 0.795403
v 0.136414 3.359607 0.720131
v 0.136414 3.560474 0.614357
v 0.136414 3.743610 0.480354
v 0.136414 3.905139 0.321007
v 0.136414 4.041645 0.139656
v 0.136414 4.150226 -0.059715
v 0.136414 4.228382 -0.272743
v 0.136414 4.274555 -0.494957
v 0.136414 4.287662 -0.721550
v 0.136414 4.274555 -0.948067
v 0.136414 4.228381 -1.170296
v 0.136414 4.150226 -1.383369
v 0.136414 4.041644 -1.582680
v 0.136414 3.905139 -1.763954
v 0.136414 3.743610 -1.923347
v 0.136414 3.560474 -2.057381
v 0.136414 3.359607 -2.163124
v 0.136414 3.145587 -2.238319
v 0.136414 2.922656 -2.281532
v 0.136414 2.727664 -2.671486
v 0.136414 2.922656 -2.671486
v 0.137589 0.885223 1.033455
v 0.137589 0.885223 0.994453
v 0.159744 0.770252 1.033455
v 0.159744 0.770252 0.994453
v 0.164734 2.447254 -2.671486
v 0.171844 4.274555 -0.497765
v 0.171844 4.274555 -0.945320
v 0.180573 1.888614 1.033455
v 0.180573 1.888614 0.994453
v 0.186493 2.044147 1.111458
v 0.186493 2.044147 1.033455
v 0.186493 -0.002262 -2.671486
v 0.186493 0.937873 -2.671486
v 0.186493 2.302791 -2.671486
v 0.186493 2.322292 -2.671486
v 0.186493 2.341869 -2.671486
v 0.206467 4.274555 -0.506035
v 0.206467 4.274555 -0.936989
v 0.206696 4.228382 -0.278282
v 0.206696 4.228381 -1.164742
v 0.213013 2.278301 1.228462
v 0.213013 2.278301 1.111458
v 0.228851 0.910960 1.033455
v 0.228851 0.910960 0.994453
v 0.239288 4.274555 -0.519600
v 0.239288 4.274555 -0.923332
v 0.240021 4.150226 -0.067757
v 0.240021 4.150226 -1.375191
v 0.251465 1.946803 1.033455
v 0.251465 1.946803 0.994453
v 0.269653 4.274555 -0.538170
v 0.269653 4.274555 -0.904762
v 0.270050 0.801448 1.033455
v 0.270050 0.801448 0.994453
v 0.271118 4.041645 0.129128
v 0.271118 4.041644 -1.572060
v 0.275177 4.228382 -0.294731
v 0.275177 4.228381 -1.148354
v 0.287598 2.098201 1.111458
v 0.287598 2.098201 1.033455
v 0.296722 4.274555 -0.561256
v 0.296722 4.274555 -0.881676
v 0.299530 3.905139 0.308128
v 0.299530 3.905139 -1.751137
v 0.314270 0.951759 1.033455
v 0.314270 0.951759 0.994453
v 0.319794 4.274555 -0.588310
v 0.319794 4.274555 -0.854698
v 0.324463 3.743610 0.465538
v 0.324463 3.743610 -1.908546
v 0.331421 2.727664 1.228462
v 0.331421 2.844669 1.228462
v 0.331421 2.727664 1.033455
v 0.331421 2.844669 1.033455
v 0.331421 2.727664 -2.476540
v 0.331421 2.844669 -2.476540
v 0.331421 2.727664 -2.671486
v 0.331421 2.844669 -2.671486
v 0.335083 1.902347 1.033455
v 0.335083 1.902347 0.994453
v 0.335388 2.727664 1.228462
v 0.335388 2.852527 1.228462
v 0.335388 2.727664 1.033928
v 0.335388 2.727664 1.033226
v 0.335388 2.727664 1.025734
v 0.335388 2.852527 1.025734
v 0.335388 2.727664 -2.468727
v 0.335388 2.852527 -2.468727
v 0.335388 2.727664 -2.476540
v 0.335388 2.727664 -2.670998
v 0.335388 2.727664 -2.671486
v 0.335388 2.852527 -2.671486
v 0.338379 4.274555 -0.618660
v 0.338379 4.274555 -0.824425
v 0.340240 4.228382 -0.321648
v 0.340240 4.228382 -1.121376
v 0.341034 4.150226 -0.092094
v 0.341034 4.150226 -1.350929
v 0.345367 3.560474 0.597908
v 0.345367 3.560474 -2.040993
v 0.351929 4.274555 -0.651421
v 0.351929 4.274555 -0.791512
v 0.359253 2.322681 1.228462
v 0.359253 2.322681 1.111458
v 0.360199 4.274555 -0.686058
v 0.360199 4.274555 -0.756966
v 0.362000 3.359607 0.702415
v 0.362000 3.359607 -2.145363
v 0.363007 4.274555 -0.721550
v 0.371124 0.849735 1.033455
v 0.371124 0.849735 0.994453
v 0.373779 3.145587 0.776756
v 0.373779 3.145587 -2.219704
v 0.380463 2.922656 0.819344
v 0.380463 2.922656 -2.262276
v 0.387115 2.006633 1.033455
v 0.387115 2.006633 0.994453
v 0.391632 1.006278 1.033455
v 0.391632 1.006278 0.994453
v 0.397339 2.131511 1.111458
v 0.397339 2.131511 1.033455
v 0.398651 2.000621 1.033455
v 0.398651 2.000621 0.994453
v 0.400208 4.228382 -0.358452
v 0.400208 4.228382 -1.084541
v 0.402557 4.041645 0.097542
v 0.402557 4.041644 -1.540474
v 0.409973 1.844310 1.033455
v 0.409973 1.844310 0.994453
v 0.420197 2.016689 1.033455
v 0.420197 2.016689 0.994453
v 0.436951 4.150226 -0.131783
v 0.436951 4.150226 -1.311226
v 0.453827 4.228382 -0.404167
v 0.453827 4.228382 -1.038857
v 0.458557 1.073200 1.033455
v 0.458557 1.073200 0.994453
v 0.458557 3.905139 0.269981
v 0.458557 3.905139 -1.712929
v 0.466888 0.916812 1.033455
v 0.466888 0.916812 0.994453
v 0.473999 1.774577 1.033455
v 0.473999 1.774577 0.994453
v 0.489136 1.930499 1.033455
v 0.489136 1.930499 0.994453
v 0.499512 4.228382 -0.457741
v 0.499512 4.228382 -0.985268
v 0.507874 3.743610 0.421547
v 0.507874 3.743610 -1.864540
v 0.511444 2.337665 1.228462
v 0.511444 2.142741 1.111458
v 0.511444 2.337665 1.111458
v 0.511444 2.025737 1.033455
v 0.511444 2.142741 1.033455
v 0.511444 2.025737 0.994453
v 0.513336 1.150581 1.033455
v 0.513336 1.150581 0.994453
v 0.525238 1.694942 1.033455
v 0.525238 1.694942 0.994453
v 0.525482 4.150226 -0.186073
v 0.525482 4.150226 -1.256935
v 0.527344 4.041645 0.045815
v 0.527344 4.041644 -1.488838
v 0.536346 4.228382 -0.517723
v 0.536346 4.228382 -0.925209
v 0.548035 0.997775 1.033455
v 0.548035 0.997775 0.994453
v 0.549286 3.560474 0.548988
v 0.549286 3.560474 -1.992012
v 0.554169 1.235988 1.033455
v 0.554169 1.235988 0.994453
v 0.562378 1.607890 1.033455
v 0.562378 1.607890 0.994453
v 0.563232 4.228382 -0.582787
v 0.563232 4.228382 -0.860161
v 0.566589 1.846027 1.033455
v 0.566589 1.846027 0.994453
v 0.579681 4.228382 -0.651268
v 0.579681 4.228382 -0.791664
v 0.580078 1.327014 1.033455
v 0.580078 1.327014 0.994453
v 0.581970 3.359607 0.649620
v 0.581970 3.359607 -2.092567
v 0.584290 1.515697 1.033455
v 0.584290 1.515697 0.994453
v 0.585236 4.228382 -0.721550
v 0.590210 1.421161 1.033455
v 0.590210 1.421161 0.994453
v 0.602783 2.016689 1.033455
v 0.602783 2.016689 0.994453
v 0.604401 4.150226 -0.253548
v 0.604401 4.150226 -1.189461
v 0.605225 3.145587 0.721153
v 0.605225 3.145587 -2.164162
v 0.608246 1.781520 1.033455
v 0.608246 1.781520 0.994453
v 0.609741 3.905139 0.207359
v 0.609741 3.905139 -1.650368
v 0.614258 1.091220 1.033455
v 0.614258 1.091220 0.994453
v 0.618561 2.922656 0.762169
v 0.618561 2.922656 -2.205177
v 0.625549 2.131511 1.111458
v 0.625549 2.131511 1.033455
v 0.637634 1.140281 1.033455
v 0.637634 1.140281 0.994453
v 0.642639 4.041645 -0.024773
v 0.642639 4.041644 -1.418251
v 0.660889 1.673961 1.033455
v 0.660889 1.673961 0.994453
v 0.663605 2.322681 1.228462
v 0.663605 2.322681 1.111458
v 0.671875 4.150226 -0.332481
v 0.671875 4.150226 -1.110512
v 0.673523 1.644397 1.033455
v 0.673523 1.644397 0.994453
v 0.679321 1.249713 1.033455
v 0.679321 1.249713 0.994453
v 0.682098 3.743610 0.349327
v 0.682098 3.743610 -1.792427
v 0.690552 1.990009 1.033455
v 0.690552 1.990009 0.994453
v 0.694977 1.304782 1.033455
v 0.694977 1.304782 0.994453
v 0.699890 1.532932 1.033455
v 0.699890 1.532932 0.994453
v 0.707153 1.418658 1.033455
v 0.707153 1.418658 0.994453
v 0.726196 4.150226 -0.421013
v 0.726196 4.150226 -1.022011
v 0.735382 2.098201 1.111458
v 0.735382 2.098201 1.033455
v 0.742950 3.560474 0.468819
v 0.742950 3.560474 -1.911751
v 0.745361 4.041645 -0.112602
v 0.745361 4.041644 -1.330421
v 0.749207 3.905139 0.121880
v 0.749207 3.905139 -1.564949
v 0.765869 4.150226 -0.516960
v 0.765869 4.150226 -0.925972
v 0.771423 1.946803 1.033455
v 0.771423 1.946803 0.994453
v 0.790222 4.150226 -0.617958
v 0.790222 4.150226 -0.824974
v 0.790924 3.359607 0.562950
v 0.790924 3.359607 -2.006050
v 0.793640 1.928622 1.033455
v 0.793640 1.928622 0.994453
v 0.798248 4.150226 -0.721550
v 0.809937 2.278301 1.228462
v 0.809937 2.278301 1.111458
v 0.825073 3.145587 0.630119
v 0.825073 3.145587 -2.073036
v 0.833191 4.041645 -0.215324
v 0.833191 4.041644 -1.227699
v 0.836182 0.192738 1.033455
v 0.836182 0.192738 0.994453
v 0.836548 2.044147 1.111458
v 0.836548 2.044147 1.033455
v 0.842865 3.743610 0.250801
v 0.842865 3.743610 -1.693886
v 0.844666 2.922656 0.668495
v 0.844666 2.922656 -2.111488
v 0.873657 3.905139 0.015709
v 0.873657 3.905139 -1.458656
v 0.877594 1.845798 1.033455
v 0.877594 1.845798 0.994453
v 0.900665 1.817706 1.033455
v 0.900665 1.817706 0.994453
v 0.903778 4.041645 -0.330620
v 0.903778 4.041644 -1.112465
v 0.921661 3.560474 0.359215
v 0.921661 3.560474 -1.802223
v 0.925140 1.971370 1.111458
v 0.925140 1.971370 1.033455
v 0.943878 1.736827 1.033455
v 0.943878 1.736827 0.994453
v 0.944794 2.206226 1.228462
v 0.944794 2.206226 1.111458
v 0.955505 4.041645 -0.455406
v 0.955505 4.041644 -0.987679
v 0.970459 1.648998 1.033455
v 0.970459 1.648998 0.994453
v 0.979523 0.192738 1.033455
v 0.979523 1.006587 1.033455
v 0.979523 1.132247 1.033455
v 0.979523 1.557742 1.033455
v 0.979523 0.192738 0.994453
v 0.979523 1.006587 0.994453
v 0.979523 1.132247 0.994453
v 0.979523 1.557742 0.994453
v 0.979858 3.905139 -0.108772
v 0.979858 3.905139 -1.334236
v 0.983795 3.359607 0.444786
v 0.983795 3.359607 -1.887886
v 0.986328 3.743610 0.128349
v 0.986328 3.743610 -1.571358
v 0.987091 4.041645 -0.586830
v 0.987091 4.041645 -0.856255
v 0.997620 4.041645 -0.721550
v 0.997864 1.882762 1.111458
v 0.997864 1.882762 1.033455
v 1.028046 3.145587 0.505714
v 1.028046 3.145587 -1.948647
v 1.052002 1.781596 1.111458
v 1.052002 1.781596 1.033455
v 1.053375 2.922656 0.540565
v 1.053375 2.922656 -1.983589
v 1.063049 2.109279 1.228462
v 1.063049 2.109279 1.111458
v 1.065338 3.905139 -0.248238
v 1.065338 3.905139 -1.194771
v 1.081085 3.560474 0.223122
v 1.081085 3.560474 -1.666115
v 1.085297 1.671855 1.111458
v 1.085297 1.671855 1.033455
v 1.096527 0.075738 1.111458
v 1.096527 1.557742 1.111458
v 1.096527 0.075738 1.033455
v 1.096527 1.557742 1.033455
v 1.097443 1.832767 -2.671486
v 1.108765 3.743610 -0.015099
v 1.108765 3.743610 -1.427895
v 1.127960 3.905139 -0.399406
v 1.127960 3.905139 -1.043678
v 1.155884 3.359607 0.297920
v 1.155884 3.359607 -1.740852
v 1.160004 1.991107 1.228462
v 1.160004 1.991107 1.111458
v 1.166107 3.905139 -0.558449
v 1.166107 3.905139 -0.884651
v 1.178986 3.905139 -0.721550
v 1.207275 3.743610 -0.175850
v 1.207275 3.743610 -1.267159
v 1.209076 3.145587 0.351112
v 1.209076 3.145587 -1.794106
v 1.217194 3.560474 0.063683
v 1.217194 3.560474 -1.506691
v 1.232086 1.856166 1.228462
v 1.232086 1.856166 1.111458
v 1.239563 2.922656 0.381615
v 1.239563 2.922656 -1.824532
v 1.276550 1.709918 1.228462
v 1.276550 1.709918 1.111458
v 1.279510 3.743610 -0.350121
v 1.279510 3.743610 -1.092903
v 1.291504 0.036738 1.228462
v 1.291504 1.557742 1.228462
v 1.291504 0.036738 1.111458
v 1.291504 1.557742 1.111458
v 1.302734 3.359607 0.125847
v 1.302734 3.359607 -1.568855
v 1.323486 3.743610 -0.533485
v 1.323486 3.743610 -0.909447
v 1.326782 3.560474 -0.115013
v 1.326782 3.560474 -1.327919
v 1.338318 3.743610 -0.721550
v 1.363678 3.145587 0.170082
v 1.363678 3.145587 -1.613167
v 1.398529 2.922656 0.195412
v 1.398529 2.922656 -1.638435
v 1.406952 3.560474 -0.308693
v 1.406952 3.560474 -1.134315
v 1.420929 3.359607 -0.067039
v 1.420929 3.359607 -1.375954
v 1.455872 3.560474 -0.512581
v 1.455872 3.560474 -0.930504
v 1.472321 3.560474 -0.721550
v 1.486511 0.000000 2.788460
v 1.486511 -0.002262 1.228462
v 1.486511 0.000000 1.228462
v 1.486755 0.000000 1.228462
v 1.487000 0.000000 1.228462
v 1.488098 3.145587 -0.032875
v 1.488098 3.145587 -1.410194
v 1.491211 0.786163 1.228462
v 1.494019 1.267497 2.008537
v 1.495178 1.457980 1.228462
v 1.497742 1.894229 1.228462
v 1.498474 2.018489 1.228462
v 1.499237 2.156078 1.228462
v 1.500000 2.286258 1.228462
v 1.500702 2.395534 1.228462
v 1.501190 2.478992 1.228462
v 1.501495 2.534999 1.228462
v 1.507568 3.359607 -0.276009
v 1.507568 3.359607 -1.167000
v 1.526459 2.922656 -0.013313
v 1.526459 2.922656 -1.429726
v 1.560394 3.359607 -0.495979
v 1.560394 3.359607 -0.947044
v 1.578094 3.359607 -0.721550
v 1.579132 3.145587 -0.252754
v 1.579132 3.145587 -1.190254
v 1.613983 2.534297 1.228462
v 1.620117 2.922656 -0.239433
v 1.620117 2.922656 -1.203590
v 1.634735 3.145587 -0.484184
v 1.634735 3.145587 -0.958824
v 1.653351 3.145587 -0.721550
v 1.677307 2.922656 -0.477486
v 1.677307 2.922656 -0.965523
v 1.688934 1.266406 2.008537
v 1.696442 2.922656 -0.721550
v 1.711945 2.533756 1.228462
v 1.784546 2.533283 1.228462
v 1.835022 2.532977 1.228462
v 1.868347 2.532817 1.228462
v 1.876434 -0.002262 2.788460
v 1.876434 -0.002262 1.228462
v 1.883698 2.727664 -0.581154
v 1.883698 2.852527 -0.581154
v 1.883698 2.727664 -0.978859
v 1.883698 2.852527 -0.978859
v 1.883911 1.265163 2.008537
v 1.884552 1.362659 1.228462
v 1.888916 2.102489 1.228462
v 1.888916 2.532657 1.228462
v 1.889954 2.283061 1.228462
v 1.891418 2.532657 1.228462
v 1.891418 2.727664 -0.581154
v 1.891418 2.727664 -0.585045
v 1.891418 2.844669 -0.585045
v 1.891418 2.727664 -0.975044
v 1.891418 2.844669 -0.975044
v 1.891418 2.727664 -0.978859
v 1.891754 2.727664 -0.581154
v 1.942444 1.362659 1.228462
v 2.008423 -0.002262 1.228462
v 2.008423 1.362659 1.228462
v 2.008423 2.727664 1.228462
v 2.008423 2.922656 1.228462
v 2.008423 2.922656 -0.721550
v 2.008423 -0.002262 -2.671486
v 2.008423 1.362659 -2.671486
v 2.008423 2.727664 -2.671486
v 2.008423 2.922656 -2.671486
v 2.020508 1.362659 1.226585
v 2.020508 2.922656 -0.723427
v 2.020508 1.362659 -2.669594
v 2.032532 -0.002262 1.224632
v 2.032532 1.362659 1.224632
v 2.032532 2.727664 1.224632
v 2.032532 2.922656 1.224632
v 2.032532 2.922656 -0.721550
v 2.032532 -0.002262 -2.667732
v 2.032532 1.362659 -2.667732
v 2.032532 2.727664 -2.667732
v 2.032532 2.922656 -2.667732
v 2.043457 1.362659 1.219093
v 2.043457 2.922656 -0.727074
v 2.043457 1.362659 -2.662178
v 2.054291 -0.002262 1.213554
v 2.054291 1.362659 1.213554
v 2.054291 2.727664 1.213554
v 2.054291 2.922656 1.213554
v 2.054291 2.922656 -0.721550
v 2.054291 -0.002262 -2.656563
v 2.054291 1.362659 -2.656563
v 2.054291 2.727664 -2.656563
v 2.054291 2.922656 -2.656563
v 2.062927 1.362659 1.204979
v 2.062927 2.922656 -0.730125
v 2.062927 1.362659 -2.647987
v 2.071533 -0.002262 1.196312
v 2.071533 1.362659 1.196312
v 2.071533 2.727664 1.196312
v 2.071533 2.922656 1.196312
v 2.071533 2.922656 -0.721550
v 2.071533 -0.002262 -2.639351
v 2.071533 1.362659 -2.639351
v 2.071533 2.727664 -2.639351
v 2.071533 2.922656 -2.639351
v 2.077057 1.362659 1.185478
v 2.077057 2.922656 -0.732384
v 2.077057 1.362659 -2.628487
v 2.082581 -0.002262 1.174553
v 2.082581 1.362659 1.174553
v 2.082581 2.727664 1.174553
v 2.082581 2.922656 1.174553
v 2.082581 2.922656 -0.721550
v 2.082581 -0.002262 -2.617592
v 2.082581 1.362659 -2.617592
v 2.082581 2.727664 -2.617592
v 2.082581 2.922656 -2.617592
v 2.084564 1.362659 1.162544
v 2.084564 2.922656 -0.733559
v 2.084564 1.362659 -2.605568
v 2.085938 2.727664 -0.978859
v 2.086273 2.727664 -0.581154
v 2.086273 2.727664 -0.978859
v 2.086365 2.727664 -0.581154
v 2.086365 2.727664 -0.978859
v 2.086426 -0.002262 1.150459
v 2.086426 1.362659 1.150459
v 2.086426 2.727664 1.150459
v 2.086426 2.922656 1.150459
v 2.086426 1.362659 0.834785
v 2.086426 -0.002262 0.519127
v 2.086426 2.144222 0.519127
v 2.086426 -0.002262 -0.256676
v 2.086426 2.144222 -0.256676
v 2.086426 2.727664 -0.581154
v 2.086426 2.852527 -0.581154
v 2.086426 2.727664 -0.585045
v 2.086426 2.844669 -0.585045
v 2.086426 -0.002262 -0.721550
v 2.086426 2.922656 -0.721550
v 2.086426 1.362659 -0.764442
v 2.086426 1.421161 -0.764442
v 2.086426 -0.002262 -0.943855
v 2.086426 2.144222 -0.943855
v 2.086426 2.727664 -0.975044
v 2.086426 2.844669 -0.975044
v 2.086426 2.727664 -0.978859
v 2.086426 2.852527 -0.978859
v 2.086426 -0.002262 -1.719551
v 2.086426 2.144222 -1.719551
v 2.086426 -0.002262 -2.593483
v 2.086426 1.362659 -2.593483
v 2.086426 2.727664 -2.593483
v 2.086426 2.922656 -2.593483
v 2.242493 2.144222 0.519127
v 2.242493 2.144222 -0.256676
v 2.242493 2.144222 -0.943855
v 2.242493 -0.002262 -1.719551
v 2.242493 2.144222 -1.719551
v 2.398499 -0.002262 0.519127
v 2.398499 -0.002262 -0.256676
v 2.398499 -0.002262 -0.943855
v 2.398499 -0.002262 -1.719551
vt 0.229948 0.235783
vt 0.230197 0.234182
vt 0.230073 0.359401
vt 0.343332 0.462606
vt 0.483968 0.489804
vt 0.359547 0.489804
vt 0.229948 0.360204
vt 0.229948 0.484620
vt 0.233526 0.489555
vt 0.232084 0.488812
vt 0.233526 0.360204
vt 0.489152 0.360204
vt 0.489029 0.361002
vt 0.489152 0.235783
vt 0.451935 0.407272
vt 0.458160 0.392242
vt 0.235132 0.230599
vt 0.359547 0.230599
vt 0.343332 0.257790
vt 0.461961 0.376419
vt 0.463232 0.360204
vt 0.488897 0.360204
vt 0.489152 0.484620
vt 0.488897 0.486222
vt 0.488897 0.234182
vt 0.488162 0.232735
vt 0.488162 0.360204
vt 0.230197 0.360204
vt 0.488530 0.360924
vt 0.488162 0.487668
vt 0.230565 0.359478
vt 0.230934 0.232735
vt 0.230197 0.486222
vt 0.487016 0.231590
vt 0.487016 0.360204
vt 0.230934 0.360204
vt 0.487590 0.360774
vt 0.231509 0.359623
vt 0.232084 0.231590
vt 0.230934 0.487668
vt 0.232084 0.360204
vt 0.487016 0.488812
vt 0.485570 0.489555
vt 0.486296 0.360571
vt 0.485570 0.230853
vt 0.485570 0.360204
vt 0.232805 0.359836
vt 0.233526 0.230853
vt 0.483968 0.230599
vt 0.483968 0.360204
vt 0.484771 0.360329
vt 0.234329 0.360074
vt 0.235132 0.360204
vt 0.235132 0.489804
vt 0.257144 0.343982
vt 0.255864 0.360204
vt 0.461961 0.343982
vt 0.257144 0.376419
vt 0.443432 0.421144
vt 0.432867 0.433512
vt 0.420492 0.444084
vt 0.406620 0.452585
vt 0.391592 0.458811
vt 0.375767 0.462606
vt 0.359547 0.463886
vt 0.260939 0.392242
vt 0.267165 0.407272
vt 0.275668 0.421144
vt 0.286238 0.433512
vt 0.298607 0.444084
vt 0.312480 0.452585
vt 0.327510 0.458811
vt 0.458160 0.328161
vt 0.451935 0.313132
vt 0.443432 0.299259
vt 0.432867 0.286883
vt 0.420492 0.276319
vt 0.406620 0.267816
vt 0.391592 0.261590
vt 0.375767 0.257790
vt 0.359547 0.256521
vt 0.327510 0.261590
vt 0.312480 0.267816
vt 0.298607 0.276319
vt 0.286238 0.286883
vt 0.275668 0.299259
vt 0.267165 0.313132
vt 0.260939 0.328161
vt 0.871498 0.120017
vt 0.864210 0.129127
vt 0.871498 0.083585
vt 0.864210 0.074475
vt 0.918869 0.019807
vt 0.918869 0.038034
vt 0.918869 0.083585
vt 0.918869 0.183794
vt 0.918869 0.120017
vt 0.955696 0.019807
vt 0.919220 0.043071
vt 0.918869 0.045322
vt 0.920255 0.041038
vt 0.921872 0.039427
vt 0.923899 0.038391
vt 0.926158 0.038034
vt 0.955696 0.038034
vt 0.195660 0.488917
vt 0.036567 0.488917
vt 0.036567 0.490396
vt 0.195660 0.490396
vt 0.208920 0.488917
vt 0.208920 0.490396
vt 0.517761 0.231698
vt 0.517761 0.233310
vt 0.504722 0.231698
vt 0.504722 0.233310
vt 0.700302 0.233310
vt 0.700302 0.275525
vt 0.609035 0.254418
vt 0.609035 0.483655
vt 0.556774 0.425218
vt 0.700302 0.483655
vt 0.609035 0.233310
vt 0.605123 0.361353
vt 0.517761 0.349357
vt 0.609035 0.361353
vt 0.556774 0.327400
vt 0.700302 0.373350
vt 0.700302 0.327400
vt 0.700302 0.358485
vt 0.556774 0.373350
vt 0.556774 0.275525
vt 0.509412 0.349097
vt 0.504722 0.483655
vt 0.504722 0.358485
vt 0.509937 0.349357
vt 0.517761 0.349097
vt 0.700302 0.425218
vt 0.509937 0.375435
vt 0.517761 0.375435
vt 0.517761 0.375690
vt 0.509412 0.375690
vt 0.517761 0.483655
vt 0.517761 0.485267
vt 0.504722 0.485267
vt 0.609035 0.486722
vt 0.609035 0.485996
vt 0.700302 0.486722
vt 0.517761 0.486722
vt 0.700302 0.485267
vt 0.609035 0.485267
vt 0.504722 0.486722
vt 0.517761 0.230243
vt 0.504722 0.230243
vt 0.195660 0.487278
vt 0.036567 0.487278
vt 0.208920 0.487278
vt 0.195660 0.231044
vt 0.157528 0.231044
vt 0.157528 0.232684
vt 0.195660 0.232684
vt 0.208920 0.231044
vt 0.208920 0.232684
vt 0.141409 0.304879
vt 0.143276 0.305027
vt 0.036541 0.492583
vt 0.036541 0.459430
vt 0.208920 0.359978
vt 0.204151 0.369525
vt 0.157528 0.243282
vt 0.137877 0.245940
vt 0.109584 0.304879
vt 0.140529 0.243282
vt 0.137877 0.243282
vt 0.143181 0.243282
vt 0.089577 0.459430
vt 0.195660 0.369261
vt 0.151063 0.369850
vt 0.149843 0.371271
vt 0.152039 0.368247
vt 0.148426 0.372486
vt 0.146824 0.373467
vt 0.145096 0.374183
vt 0.143276 0.374618
vt 0.141409 0.374761
vt 0.010020 0.386500
vt 0.116103 0.401091
vt 0.036541 0.432916
vt 0.089577 0.432916
vt 0.990185 0.170252
vt 0.195660 0.369525
vt 0.109584 0.328749
vt 0.010020 0.245940
vt 0.109584 0.350898
vt 0.141409 0.328749
vt 0.195660 0.342740
vt 0.059800 0.310354
vt 0.109584 0.374761
vt 0.203617 0.342740
vt 0.195660 0.342481
vt 0.152039 0.322235
vt 0.145096 0.305463
vt 0.146824 0.306185
vt 0.148426 0.307160
vt 0.149843 0.308374
vt 0.151063 0.309802
vt 0.152039 0.311398
vt 0.152754 0.313129
vt 0.153195 0.314951
vt 0.153343 0.316814
vt 0.153195 0.318686
vt 0.152754 0.320506
vt 0.151063 0.323831
vt 0.149843 0.325258
vt 0.148426 0.326472
vt 0.146824 0.327454
vt 0.145096 0.328164
vt 0.143276 0.328606
vt 0.141409 0.350898
vt 0.143276 0.351046
vt 0.145096 0.351487
vt 0.146824 0.352197
vt 0.148426 0.353174
vt 0.149843 0.354394
vt 0.151063 0.355814
vt 0.152039 0.357411
vt 0.152754 0.359145
vt 0.153195 0.360965
vt 0.153343 0.362833
vt 0.203617 0.369261
vt 0.153195 0.364699
vt 0.152754 0.366518
vt 0.204151 0.342481
vt 0.195660 0.229565
vt 0.157528 0.229565
vt 0.208920 0.229565
vt 0.934723 0.170252
vt 0.934723 0.133282
vt 0.879276 0.133282
vt 0.879276 0.170252
vt 0.823814 0.133282
vt 0.823814 0.170252
vt 0.700302 0.230243
vt 0.609035 0.230968
vt 0.609035 0.230243
vt 0.609035 0.231698
vt 0.700302 0.231698
vt 0.609035 0.232501
vt 0.609035 0.484463
vt 0.990185 0.133282
vt 0.036541 0.386500
vt 0.232633 0.193943
vt 0.231000 0.193943
vt 0.231000 0.035867
vt 0.232633 0.035867
vt 0.232633 0.207118
vt 0.231000 0.207118
vt 0.488700 0.207118
vt 0.487230 0.207118
vt 0.487230 0.193943
vt 0.488700 0.193943
vt 0.485601 0.101713
vt 0.481143 0.101713
vt 0.485601 0.009489
vt 0.253994 0.009489
vt 0.345575 0.010807
vt 0.331756 0.012124
vt 0.437160 0.012124
vt 0.352163 0.009489
vt 0.476683 0.009489
vt 0.305195 0.042818
vt 0.304120 0.041559
vt 0.485601 0.193943
vt 0.450337 0.009489
vt 0.450370 0.009642
vt 0.347188 0.152161
vt 0.294164 0.151749
vt 0.295972 0.151312
vt 0.450654 0.062761
vt 0.450337 0.009642
vt 0.465569 0.180841
vt 0.470474 0.180809
vt 0.450353 0.009642
vt 0.473885 0.180789
vt 0.485601 0.207118
vt 0.372558 0.202380
vt 0.372558 0.193943
vt 0.345681 0.193943
vt 0.384454 0.167592
vt 0.345939 0.193943
vt 0.359114 0.193943
vt 0.374171 0.166580
vt 0.372290 0.193943
vt 0.359114 0.207118
vt 0.345681 0.202380
vt 0.296667 0.059557
vt 0.270316 0.059557
vt 0.271965 0.059425
vt 0.304167 0.108417
vt 0.280456 0.108417
vt 0.295017 0.059425
vt 0.273573 0.059040
vt 0.268672 0.059425
vt 0.293411 0.059040
vt 0.275101 0.058408
vt 0.291882 0.058408
vt 0.276514 0.057543
vt 0.290469 0.057543
vt 0.277768 0.056468
vt 0.289214 0.056468
vt 0.278843 0.055209
vt 0.288140 0.055209
vt 0.279708 0.053796
vt 0.287275 0.053796
vt 0.280340 0.052273
vt 0.286643 0.052273
vt 0.280725 0.050660
vt 0.286259 0.050660
vt 0.280857 0.049016
vt 0.286127 0.049016
vt 0.280725 0.047366
vt 0.286259 0.047366
vt 0.280340 0.045759
vt 0.286643 0.045759
vt 0.279708 0.044231
vt 0.331756 0.114895
vt 0.306692 0.045759
vt 0.287275 0.044231
vt 0.278843 0.042818
vt 0.288140 0.042818
vt 0.277768 0.041559
vt 0.289214 0.041559
vt 0.276514 0.040489
vt 0.290469 0.040489
vt 0.275101 0.039619
vt 0.291882 0.039619
vt 0.273573 0.038987
vt 0.293411 0.038987
vt 0.271965 0.038602
vt 0.295017 0.038602
vt 0.270316 0.038476
vt 0.268672 0.038602
vt 0.296667 0.038476
vt 0.253994 0.035840
vt 0.364290 0.163581
vt 0.355173 0.158711
vt 0.292315 0.151897
vt 0.290454 0.151749
vt 0.288645 0.151312
vt 0.286928 0.150601
vt 0.285342 0.149631
vt 0.283923 0.148419
vt 0.282717 0.147011
vt 0.450922 0.108154
vt 0.437160 0.114895
vt 0.281742 0.145419
vt 0.281030 0.143702
vt 0.280598 0.141894
vt 0.304167 0.140039
vt 0.280456 0.140039
vt 0.299924 0.059040
vt 0.301459 0.058408
vt 0.267058 0.059040
vt 0.265536 0.058408
vt 0.264118 0.057543
vt 0.262864 0.056468
vt 0.261789 0.055209
vt 0.260925 0.053796
vt 0.260292 0.052273
vt 0.259907 0.050660
vt 0.259775 0.049016
vt 0.372290 0.201849
vt 0.259907 0.047366
vt 0.267058 0.038987
vt 0.265536 0.039619
vt 0.264118 0.040489
vt 0.262864 0.041559
vt 0.261789 0.042818
vt 0.260925 0.044231
vt 0.260292 0.045759
vt 0.345939 0.201849
vt 0.451349 0.180925
vt 0.458950 0.180878
vt 0.394735 0.166580
vt 0.404622 0.163581
vt 0.302876 0.145419
vt 0.340631 0.144176
vt 0.335767 0.135058
vt 0.297696 0.150601
vt 0.332768 0.125177
vt 0.299281 0.149631
vt 0.300694 0.148419
vt 0.301906 0.147011
vt 0.303592 0.143702
vt 0.304025 0.141894
vt 0.298312 0.059425
vt 0.302865 0.057543
vt 0.304120 0.056468
vt 0.305195 0.055209
vt 0.306059 0.053796
vt 0.306692 0.052273
vt 0.307076 0.050660
vt 0.307207 0.049016
vt 0.307076 0.047366
vt 0.306059 0.044231
vt 0.302865 0.040489
vt 0.301459 0.039619
vt 0.299924 0.038987
vt 0.477596 0.163903
vt 0.477526 0.151702
vt 0.298312 0.038602
vt 0.477526 0.180767
vt 0.477695 0.180767
vt 0.451296 0.171502
vt 0.413734 0.158711
vt 0.421724 0.152161
vt 0.451197 0.155323
vt 0.428275 0.144176
vt 0.433146 0.135058
vt 0.477231 0.101713
vt 0.451096 0.137630
vt 0.476136 0.180778
vt 0.451145 0.146026
vt 0.436150 0.125177
vt 0.451329 0.177141
vt 0.451248 0.164119
vt 0.228686 0.525177
vt 0.228686 0.512002
vt 0.227057 0.525177
vt 0.227057 0.512002
vt 0.290239 0.585643
vt 0.228686 0.617407
vt 0.355173 0.512002
vt 0.341729 0.516740
vt 0.481654 0.512002
vt 0.474892 0.709631
vt 0.474892 0.582591
vt 0.351789 0.646108
vt 0.477843 0.582591
vt 0.477843 0.579956
vt 0.341997 0.525177
vt 0.353260 0.544123
vt 0.355173 0.525177
vt 0.341729 0.525177
vt 0.351789 0.709631
vt 0.228686 0.709631
vt 0.474892 0.577321
vt 0.477843 0.563065
vt 0.351789 0.553884
vt 0.351789 0.551244
vt 0.351789 0.552567
vt 0.368606 0.525177
vt 0.481654 0.525177
vt 0.368348 0.525177
vt 0.474892 0.579956
vt 0.368348 0.517271
vt 0.368606 0.516740
vt 0.481654 0.563065
vt 0.341997 0.517271
vt 0.229534 0.193943
vt 0.229534 0.035867
vt 0.229534 0.207118
vt 0.225587 0.525177
vt 0.225587 0.512002
vt 0.483287 0.563065
vt 0.483287 0.525177
vt 0.483287 0.512002
vt 0.484753 0.563065
vt 0.484753 0.525177
vt 0.484753 0.512002
vt 0.486418 0.101713
vt 0.487230 0.009489
vt 0.487968 0.101713
vt 0.488700 0.009489
vt 0.227870 0.617407
vt 0.227057 0.709631
vt 0.226319 0.617407
vt 0.225587 0.709631
vt 0.967598 0.123101
vt 0.921520 0.123101
vt 0.921520 0.077505
vt 0.967598 0.077505
vt 0.487230 0.101713
vt 0.488700 0.101713
vt 0.227057 0.617407
vt 0.225587 0.617407
vt 0.802197 0.296397
vt 0.802197 0.206154
vt 0.742041 0.206154
vt 0.742041 0.296397
vt 0.802197 0.176069
vt 0.742041 0.176069
vt 0.798659 0.157066
vt 0.723599 0.041598
vt 0.723599 0.070468
vt 0.798659 0.041598
vt 0.798659 0.157066
vt 0.723599 0.070468
vt 0.723599 0.041598
vt 0.798659 0.041598
vt 0.270656 0.840007
vt 0.291293 0.862592
vt 0.270656 0.862592
vt 0.291293 0.840627
vt 0.291293 0.884566
vt 0.291293 0.819203
vt 0.311106 0.862592
vt 0.270656 0.885186
vt 0.311106 0.883474
vt 0.270656 0.817969
vt 0.311106 0.821356
vt 0.311106 0.841718
vt 0.291293 0.905990
vt 0.311106 0.903837
vt 0.291293 0.798843
vt 0.311106 0.802013
vt 0.329700 0.862592
vt 0.329700 0.881937
vt 0.270656 0.907223
vt 0.329700 0.900811
vt 0.270656 0.797035
vt 0.329700 0.824382
vt 0.329700 0.806459
vt 0.329700 0.843249
vt 0.291293 0.926344
vt 0.311106 0.923182
vt 0.329700 0.918741
vt 0.291293 0.780053
vt 0.311106 0.784155
vt 0.329700 0.789910
vt 0.346654 0.862592
vt 0.346654 0.880001
vt 0.346654 0.896976
vt 0.270656 0.928155
vt 0.346654 0.913109
vt 0.270656 0.777714
vt 0.346654 0.828215
vt 0.346654 0.812084
vt 0.346654 0.797204
vt 0.346654 0.845198
vt 0.291293 0.945132
vt 0.311106 0.941037
vt 0.329700 0.935283
vt 0.346654 0.927990
vt 0.291293 0.763303
vt 0.311106 0.768233
vt 0.329700 0.775152
vt 0.346654 0.783924
vt 0.361607 0.862592
vt 0.361607 0.877691
vt 0.361607 0.892414
vt 0.270656 0.947477
vt 0.361607 0.906407
vt 0.270656 0.760487
vt 0.361607 0.847493
vt 0.361607 0.832772
vt 0.361607 0.818785
vt 0.361607 0.805875
vt 0.291293 0.961891
vt 0.311106 0.956967
vt 0.329700 0.950042
vt 0.346654 0.941269
vt 0.361607 0.919318
vt 0.291293 0.748997
vt 0.311106 0.754622
vt 0.329700 0.762552
vt 0.346654 0.772581
vt 0.361607 0.794357
vt 0.374243 0.862592
vt 0.374243 0.875063
vt 0.374243 0.887230
vt 0.270656 0.964714
vt 0.374243 0.898781
vt 0.270656 0.745763
vt 0.374243 0.850122
vt 0.374243 0.837956
vt 0.374243 0.826404
vt 0.270656 0.979429
vt 0.291293 0.976202
vt 0.311106 0.970562
vt 0.329700 0.962641
vt 0.361607 0.930842
vt 0.374243 0.909454
vt 0.291293 0.737482
vt 0.374243 0.815737
vt 0.346654 0.952605
vt 0.270656 0.733923
vt 0.270656 0.991272
vt 0.291293 0.987719
vt 0.184921 0.905991
vt 0.164284 0.885187
vt 0.184921 0.884567
vt 0.164284 0.907225
vt 0.164284 0.862602
vt 0.204733 0.903838
vt 0.184921 0.926351
vt 0.184921 0.862602
vt 0.204733 0.883477
vt 0.204733 0.923181
vt 0.164284 0.928159
vt 0.184921 0.840629
vt 0.223328 0.900813
vt 0.223328 0.918735
vt 0.184921 0.945141
vt 0.204733 0.941039
vt 0.164284 0.840008
vt 0.204733 0.841720
vt 0.204733 0.862602
vt 0.223328 0.881945
vt 0.223328 0.935284
vt 0.164284 0.947480
vt 0.184921 0.819205
vt 0.204733 0.821357
vt 0.240281 0.896979
vt 0.240281 0.913110
vt 0.240281 0.927990
vt 0.184921 0.961891
vt 0.204733 0.956961
vt 0.223328 0.950042
vt 0.164284 0.817971
vt 0.223328 0.843257
vt 0.223328 0.824383
vt 0.223328 0.862602
vt 0.240281 0.879996
vt 0.240281 0.941270
vt 0.164284 0.964707
vt 0.184921 0.798850
vt 0.204733 0.802013
vt 0.223328 0.806454
vt 0.255234 0.877701
vt 0.255234 0.892422
vt 0.255234 0.906409
vt 0.255234 0.919320
vt 0.164284 0.979432
vt 0.184921 0.976197
vt 0.204733 0.970572
vt 0.223328 0.962642
vt 0.164284 0.797039
vt 0.240281 0.845193
vt 0.240281 0.828218
vt 0.240281 0.812086
vt 0.240281 0.862602
vt 0.255234 0.930838
vt 0.240281 0.952613
vt 0.184921 0.780062
vt 0.204733 0.784157
vt 0.223328 0.789911
vt 0.240281 0.797204
vt 0.267871 0.875072
vt 0.255234 0.862602
vt 0.267871 0.887238
vt 0.267871 0.898790
vt 0.164284 0.991271
vt 0.164284 0.777717
vt 0.255234 0.847503
vt 0.255234 0.832781
vt 0.255234 0.818787
vt 0.267871 0.862602
vt 0.267871 0.909457
vt 0.184921 0.987712
vt 0.184921 0.763303
vt 0.204733 0.768228
vt 0.223328 0.775152
vt 0.240281 0.783925
vt 0.255234 0.805876
vt 0.164284 0.760480
vt 0.267871 0.850131
vt 0.267871 0.837964
vt 0.267871 0.826413
vt 0.184921 0.748992
vt 0.204733 0.754632
vt 0.223328 0.762553
vt 0.240281 0.772590
vt 0.255234 0.794353
vt 0.267871 0.815740
vt 0.164284 0.745765
vt 0.184921 0.737475
vt 0.164284 0.733923
vt 0.450173 0.816556
vt 0.450187 0.837640
vt 0.443834 0.818079
vt 0.453387 0.836874
vt 0.447140 0.838895
vt 0.447082 0.797067
vt 0.456664 0.816043
vt 0.456664 0.857590
vt 0.437812 0.820571
vt 0.437738 0.799320
vt 0.456664 0.796323
vt 0.456664 0.836614
vt 0.444338 0.840615
vt 0.444195 0.778841
vt 0.456664 0.777867
vt 0.463170 0.816556
vt 0.466255 0.797067
vt 0.459944 0.836874
vt 0.432251 0.823978
vt 0.428851 0.802994
vt 0.441840 0.842752
vt 0.432028 0.781765
vt 0.469133 0.778841
vt 0.463148 0.837640
vt 0.439703 0.845256
vt 0.441566 0.762271
vt 0.456664 0.761079
vt 0.471764 0.762271
vt 0.469509 0.818079
vt 0.475606 0.799320
vt 0.466187 0.838895
vt 0.427291 0.828210
vt 0.420655 0.808020
vt 0.420474 0.786554
vt 0.437986 0.848066
vt 0.426844 0.765802
vt 0.481301 0.781765
vt 0.468998 0.840615
vt 0.436721 0.851098
vt 0.423059 0.833169
vt 0.439270 0.747699
vt 0.456664 0.746328
vt 0.486485 0.765802
vt 0.475532 0.820571
vt 0.484485 0.802994
vt 0.471504 0.842752
vt 0.413348 0.814266
vt 0.409810 0.793088
vt 0.412857 0.771599
vt 0.435949 0.854305
vt 0.419652 0.838722
vt 0.422287 0.751771
vt 0.474072 0.747699
vt 0.492853 0.786554
vt 0.473639 0.845256
vt 0.481083 0.823978
vt 0.435696 0.857590
vt 0.417152 0.844745
vt 0.407102 0.821573
vt 0.418453 0.739974
vt 0.437320 0.735445
vt 0.456664 0.733923
vt 0.491050 0.751771
vt 0.500481 0.771599
vt 0.492681 0.808020
vt 0.475360 0.848066
vt 0.486047 0.828210
vt 0.400301 0.801219
vt 0.399946 0.779512
vt 0.406156 0.758457
vt 0.435949 0.860869
vt 0.415638 0.851084
vt 0.402076 0.829769
vt 0.400532 0.747396
vt 0.476007 0.735445
vt 0.503526 0.793088
vt 0.476614 0.851098
vt 0.490276 0.833169
vt 0.436721 0.864067
vt 0.415638 0.864081
vt 0.415125 0.857590
vt 0.398402 0.838651
vt 0.392170 0.810728
vt 0.494884 0.739974
vt 0.507179 0.758457
vt 0.513391 0.779512
vt 0.499986 0.814266
vt 0.477380 0.854305
vt 0.493686 0.838722
vt 0.388430 0.789341
vt 0.391274 0.767578
vt 0.383981 0.757542
vt 0.437986 0.867114
vt 0.417152 0.870422
vt 0.396155 0.848000
vt 0.385634 0.821401
vt 0.513035 0.801219
vt 0.477640 0.857590
vt 0.496175 0.844745
vt 0.506232 0.821573
vt 0.439703 0.869916
vt 0.419652 0.876444
vt 0.396155 0.867165
vt 0.398402 0.876514
vt 0.395398 0.857590
vt 0.380856 0.832953
vt 0.378594 0.800864
vt 0.512812 0.747396
vt 0.522061 0.767578
vt 0.524912 0.789341
vt 0.477380 0.860869
vt 0.497698 0.851084
vt 0.511261 0.829769
vt 0.377995 0.778913
vt 0.441840 0.872414
vt 0.423059 0.882003
vt 0.402076 0.885405
vt 0.377932 0.845119
vt 0.521166 0.810728
vt 0.497698 0.864081
vt 0.476614 0.864067
vt 0.498212 0.857590
vt 0.514934 0.838651
vt 0.444338 0.874551
vt 0.427291 0.886964
vt 0.407102 0.893597
vt 0.377932 0.870060
vt 0.380856 0.882226
vt 0.385634 0.893778
vt 0.376948 0.857590
vt 0.529356 0.757542
vt 0.535342 0.778913
vt 0.534743 0.800864
vt 0.496175 0.870422
vt 0.475360 0.867114
vt 0.517188 0.848000
vt 0.527700 0.821401
vt 0.447140 0.876270
vt 0.432251 0.891193
vt 0.413348 0.900906
vt 0.392170 0.904446
vt 0.517188 0.867165
vt 0.514934 0.876514
vt 0.493686 0.876444
vt 0.473639 0.869916
vt 0.517931 0.857590
vt 0.532489 0.832953
vt 0.450187 0.877534
vt 0.437812 0.894603
vt 0.420655 0.907152
vt 0.400301 0.913955
vt 0.511261 0.885405
vt 0.490276 0.882003
vt 0.471504 0.872414
vt 0.535413 0.845119
vt 0.453387 0.878305
vt 0.443834 0.897100
vt 0.428851 0.912178
vt 0.409810 0.922085
vt 0.388430 0.925826
vt 0.535413 0.870060
vt 0.532489 0.882226
vt 0.527700 0.893778
vt 0.506232 0.893597
vt 0.486047 0.886964
vt 0.468998 0.874551
vt 0.536387 0.857590
vt 0.456664 0.878559
vt 0.450173 0.898617
vt 0.437738 0.915853
vt 0.420474 0.928620
vt 0.399946 0.935665
vt 0.378594 0.914308
vt 0.521166 0.904446
vt 0.499986 0.900906
vt 0.481083 0.891193
vt 0.466187 0.876270
vt 0.456664 0.899132
vt 0.459944 0.878305
vt 0.447082 0.918099
vt 0.432028 0.933400
vt 0.412857 0.943573
vt 0.391274 0.947602
vt 0.513035 0.913955
vt 0.492681 0.907152
vt 0.475532 0.894603
vt 0.463148 0.877534
vt 0.456664 0.918856
vt 0.444195 0.936324
vt 0.426844 0.949364
vt 0.406156 0.956724
vt 0.377995 0.936259
vt 0.524912 0.925826
vt 0.503526 0.922085
vt 0.484485 0.912178
vt 0.469509 0.897100
vt 0.463170 0.898617
vt 0.456664 0.937307
vt 0.441566 0.952901
vt 0.422287 0.963399
vt 0.400532 0.967770
vt 0.534743 0.914308
vt 0.513391 0.935665
vt 0.492853 0.928620
vt 0.475606 0.915853
vt 0.466255 0.918099
vt 0.456664 0.954088
vt 0.439270 0.967473
vt 0.418453 0.975200
vt 0.383981 0.957631
vt 0.522061 0.947602
vt 0.500481 0.943573
vt 0.481301 0.933400
vt 0.469133 0.936324
vt 0.456664 0.968843
vt 0.437320 0.979734
vt 0.535342 0.936259
vt 0.507179 0.956724
vt 0.486485 0.949364
vt 0.471764 0.952901
vt 0.474072 0.967473
vt 0.456664 0.981251
vt 0.529356 0.957631
vt 0.491050 0.963399
vt 0.476007 0.979734
vt 0.512812 0.967770
vt 0.494884 0.975200
vt 0.149644 0.854351
vt 0.131049 0.875225
vt 0.131049 0.854351
vt 0.149644 0.873694
vt 0.111237 0.876316
vt 0.149644 0.835008
vt 0.131049 0.895587
vt 0.111237 0.854351
vt 0.111237 0.897739
vt 0.131049 0.833468
vt 0.149644 0.892562
vt 0.090600 0.876936
vt 0.090600 0.898973
vt 0.149644 0.816131
vt 0.131049 0.914932
vt 0.111237 0.918102
vt 0.090600 0.854351
vt 0.111237 0.832378
vt 0.090600 0.919907
vt 0.131049 0.813105
vt 0.149644 0.910483
vt 0.149644 0.798203
vt 0.131049 0.932788
vt 0.111237 0.936888
vt 0.090600 0.831759
vt 0.111237 0.810952
vt 0.131049 0.793762
vt 0.149644 0.927033
vt 0.149644 0.781659
vt 0.090600 0.809718
vt 0.111237 0.790600
vt 0.131049 0.775907
vt 0.090600 0.788787
vt 0.111237 0.771811
vt 0.047615 0.932788
vt 0.067428 0.918102
vt 0.067428 0.936888
vt 0.047615 0.914932
vt 0.029021 0.927033
vt 0.067428 0.897739
vt 0.029021 0.910483
vt 0.047615 0.895587
vt 0.088065 0.898973
vt 0.067428 0.876316
vt 0.088065 0.919907
vt 0.088065 0.876936
vt 0.029021 0.892562
vt 0.047615 0.875226
vt 0.067428 0.854351
vt 0.088065 0.854351
vt 0.029021 0.873694
vt 0.047615 0.854351
vt 0.067428 0.832378
vt 0.088065 0.831759
vt 0.029021 0.854351
vt 0.047615 0.833468
vt 0.067428 0.810952
vt 0.088065 0.809718
vt 0.029021 0.835008
vt 0.047615 0.813105
vt 0.067428 0.790600
vt 0.088065 0.788787
vt 0.029021 0.816131
vt 0.047615 0.793762
vt 0.067428 0.771811
vt 0.029021 0.798203
vt 0.047615 0.775907
vt 0.029021 0.781659
vt 0.674341 0.515358
vt 0.751769 0.515358
vt 0.713051 0.578265
vt 0.751769 0.583104
vt 0.751769 0.619824
vt 0.751769 0.628787
vt 0.751769 0.641175
vt 0.672676 0.515358
vt 0.633966 0.578269
vt 0.595249 0.515358
vt 0.595249 0.554378
vt 0.595249 0.587723
vt 0.595249 0.609375
vt 0.595249 0.615543
vt 0.595249 0.622372
vt 0.595249 0.628833
vt 0.595249 0.634257
vt 0.595249 0.638399
vt 0.595249 0.641179
vt 0.904919 0.511822
vt 0.943419 0.511822
vt 0.904919 0.618359
vt 0.943419 0.618359
vt 0.783044 0.512509
vt 0.821549 0.512509
vt 0.783044 0.619046
vt 0.821549 0.619046
vt 0.904253 0.629367
vt 0.904253 0.621621
vt 0.942753 0.629367
vt 0.942753 0.621621
vt 0.783616 0.629223
vt 0.783616 0.621477
vt 0.822122 0.629223
vt 0.822122 0.621477
vt 0.964442 0.510848
vt 0.964442 0.617385
vt 0.956696 0.510848
vt 0.956696 0.617385
vt 0.948953 0.510848
vt 0.773291 0.618809
vt 0.765545 0.618809
vt 0.765545 0.512272
vt 0.781034 0.512272
vt 0.842466 0.512173
vt 0.842466 0.618711
vt 0.826977 0.512173
vt 0.834720 0.618711
vt 0.885058 0.511822
vt 0.900547 0.511822
vt 0.885058 0.618359
vt 0.892804 0.618359
vt 0.673029 0.586657
vt 0.661821 0.543476
vt 0.683410 0.543476
vt 0.662237 0.586657
vt 0.683824 0.586657
vt 0.662651 0.629847
vt 0.684239 0.629847
vt 0.668879 0.629847
vt 0.684101 0.629847
vt 0.674303 0.629847
vt 0.682962 0.629847
vt 0.678323 0.629847
vt 0.681117 0.629847
vt 0.083289 0.613377
vt 0.055316 0.610916
vt 0.083289 0.610916
vt 0.055316 0.613377
vt 0.083289 0.568958
vt 0.083289 0.615776
vt 0.055316 0.568958
vt 0.055316 0.615776
vt 0.055316 0.618055
vt 0.083289 0.618055
vt 0.055316 0.620167
vt 0.083289 0.620167
vt 0.055316 0.622035
vt 0.083289 0.622035
vt 0.083289 0.623643
vt 0.055316 0.623643
vt 0.083289 0.624930
vt 0.055316 0.624930
vt 0.084165 0.610916
vt 0.084165 0.568958
vt 0.112138 0.568958
vt 0.112138 0.610916
vt 0.112138 0.613377
vt 0.084165 0.613377
vt 0.084165 0.615776
vt 0.112138 0.615776
vt 0.084165 0.618055
vt 0.112138 0.618055
vt 0.084165 0.620167
vt 0.112138 0.620167
vt 0.084165 0.622035
vt 0.112138 0.622035
vt 0.112138 0.623643
vt 0.084165 0.623643
vt 0.112138 0.624930
vt 0.084165 0.624930
vt 0.072792 0.665431
vt 0.072792 0.667888
vt 0.055316 0.667888
vt 0.055316 0.670355
vt 0.055316 0.665431
vt 0.072792 0.670355
vt 0.072792 0.663028
vt 0.055316 0.672755
vt 0.055316 0.663028
vt 0.072792 0.672755
vt 0.072792 0.660747
vt 0.055316 0.675034
vt 0.055316 0.660747
vt 0.072792 0.675034
vt 0.072792 0.658643
vt 0.055316 0.677138
vt 0.055316 0.658643
vt 0.072792 0.677138
vt 0.072792 0.656760
vt 0.055316 0.679020
vt 0.055316 0.656760
vt 0.072792 0.679020
vt 0.055316 0.655160
vt 0.072792 0.680621
vt 0.072792 0.655160
vt 0.055316 0.680621
vt 0.055316 0.653874
vt 0.072792 0.681915
vt 0.072792 0.653874
vt 0.055316 0.681915
vt 0.113962 0.618506
vt 0.131438 0.618506
vt 0.113962 0.649967
vt 0.131438 0.649967
vt 0.132131 0.618506
vt 0.149607 0.618506
vt 0.132131 0.649975
vt 0.149607 0.649975
vt 0.113269 0.625381
vt 0.085296 0.656842
vt 0.085296 0.625381
vt 0.113269 0.656842
vt 0.084603 0.634541
vt 0.084603 0.636940
vt 0.067127 0.636940
vt 0.067127 0.639403
vt 0.067127 0.634541
vt 0.084603 0.639403
vt 0.084603 0.632255
vt 0.067127 0.641864
vt 0.067127 0.632255
vt 0.084603 0.641864
vt 0.084603 0.630149
vt 0.067127 0.644262
vt 0.067127 0.630149
vt 0.084603 0.644262
vt 0.084603 0.628277
vt 0.067127 0.646541
vt 0.067127 0.628277
vt 0.084603 0.646541
vt 0.067127 0.626668
vt 0.067127 0.648654
vt 0.084603 0.626668
vt 0.084603 0.648654
vt 0.067127 0.625381
vt 0.067127 0.650527
vt 0.084603 0.625381
vt 0.084603 0.650527
vt 0.084603 0.652129
vt 0.067127 0.652129
vt 0.084603 0.653423
vt 0.067127 0.653423
vt 0.087890 0.657293
vt 0.087890 0.685265
vt 0.085603 0.685265
vt 0.085603 0.657293
vt 0.083205 0.685265
vt 0.083205 0.657293
vt 0.080750 0.685265
vt 0.080750 0.657293
vt 0.078281 0.685265
vt 0.078281 0.657293
vt 0.075882 0.685265
vt 0.075882 0.657293
vt 0.073603 0.685265
vt 0.073603 0.657293
vt 0.112993 0.571237
vt 0.112993 0.568958
vt 0.130469 0.571237
vt 0.130469 0.568958
vt 0.130469 0.573636
vt 0.112993 0.573636
vt 0.130469 0.576097
vt 0.112993 0.576097
vt 0.130469 0.618055
vt 0.112993 0.618055
vt 0.148733 0.618055
vt 0.131257 0.618055
vt 0.131257 0.615776
vt 0.148733 0.615776
vt 0.131257 0.613377
vt 0.148733 0.613377
vt 0.131257 0.610915
vt 0.148733 0.610915
vt 0.131257 0.568958
vt 0.148733 0.568958
vt 0.166998 0.615776
vt 0.149522 0.615776
vt 0.149522 0.613377
vt 0.166998 0.618055
vt 0.166998 0.613377
vt 0.149522 0.618055
vt 0.149522 0.610916
vt 0.166998 0.610916
vt 0.149522 0.568958
vt 0.166998 0.568958
vt 0.150299 0.667603
vt 0.150299 0.625645
vt 0.167776 0.667603
vt 0.167776 0.625645
vt 0.150299 0.623184
vt 0.167776 0.623184
vt 0.150299 0.620785
vt 0.167776 0.620785
vt 0.150299 0.618506
vt 0.167776 0.618506
vt 0.548157 0.017211
vt 0.590811 0.017211
vt 0.548157 0.074081
vt 0.590811 0.074081
vt 0.548420 0.077418
vt 0.549199 0.080669
vt 0.550489 0.083758
vt 0.552232 0.086621
vt 0.554402 0.089152
vt 0.556953 0.091333
vt 0.559805 0.093077
vt 0.562898 0.094355
vt 0.566154 0.095142
vt 0.569484 0.095408
vt 0.572829 0.095142
vt 0.576081 0.094355
vt 0.579170 0.093077
vt 0.582022 0.091333
vt 0.584574 0.089152
vt 0.586743 0.086621
vt 0.590555 0.077418
vt 0.589765 0.080669
vt 0.588497 0.083758
vt 0.634347 0.017111
vt 0.676991 0.017111
vt 0.634347 0.073982
vt 0.676991 0.073982
vt 0.676735 0.077319
vt 0.634613 0.077319
vt 0.675958 0.080570
vt 0.674678 0.083659
vt 0.672924 0.086522
vt 0.670753 0.089053
vt 0.668215 0.091234
vt 0.665350 0.092977
vt 0.662261 0.094256
vt 0.659010 0.095043
vt 0.655675 0.095308
vt 0.652337 0.095043
vt 0.649085 0.094256
vt 0.645986 0.092977
vt 0.643133 0.091234
vt 0.640594 0.089053
vt 0.638414 0.086522
vt 0.635401 0.080570
vt 0.636669 0.083659
vt 0.591794 0.017211
vt 0.634438 0.017211
vt 0.591794 0.074081
vt 0.634438 0.074081
vt 0.592050 0.077418
vt 0.592827 0.080669
vt 0.634182 0.077418
vt 0.633403 0.080669
vt 0.632116 0.083758
vt 0.630371 0.086621
vt 0.628191 0.089152
vt 0.625650 0.091333
vt 0.622799 0.093077
vt 0.619698 0.094355
vt 0.616448 0.095142
vt 0.613122 0.095408
vt 0.609775 0.095142
vt 0.606522 0.094355
vt 0.603433 0.093077
vt 0.600582 0.091333
vt 0.598030 0.089152
vt 0.595861 0.086621
vt 0.594107 0.083758
vt 0.709064 0.892011
vt 0.709064 0.889432
vt 0.736984 0.889432
vt 0.734354 0.886803
vt 0.739563 0.892011
vt 0.709064 0.886803
vt 0.736984 0.823595
vt 0.739563 0.823595
vt 0.709064 0.894447
vt 0.731708 0.884165
vt 0.734354 0.823595
vt 0.742006 0.823595
vt 0.742006 0.894447
vt 0.709064 0.884165
vt 0.709064 0.896705
vt 0.729146 0.881594
vt 0.731708 0.823595
vt 0.744257 0.823595
vt 0.744257 0.896705
vt 0.709064 0.881594
vt 0.709064 0.898719
vt 0.726693 0.879150
vt 0.729146 0.823595
vt 0.746263 0.823595
vt 0.746263 0.898719
vt 0.709064 0.879150
vt 0.747991 0.900439
vt 0.724444 0.876892
vt 0.726693 0.823595
vt 0.709064 0.900439
vt 0.709064 0.876892
vt 0.747991 0.823595
vt 0.749365 0.901821
vt 0.722438 0.874877
vt 0.724444 0.823595
vt 0.709064 0.901821
vt 0.709064 0.874877
vt 0.749365 0.823595
vt 0.709064 0.873167
vt 0.722438 0.823595
vt 0.720718 0.873167
vt 0.720718 0.823595
vt 0.709064 0.871776
vt 0.719337 0.871776
vt 0.719337 0.823595
vt 0.768160 0.879150
vt 0.768160 0.823595
vt 0.770613 0.823595
vt 0.765911 0.876892
vt 0.770613 0.881594
vt 0.750530 0.879150
vt 0.765911 0.823595
vt 0.773175 0.823595
vt 0.750530 0.881594
vt 0.750530 0.876892
vt 0.763905 0.874877
vt 0.773175 0.884165
vt 0.750530 0.884165
vt 0.763905 0.823595
vt 0.775821 0.823595
vt 0.750530 0.874877
vt 0.762185 0.823595
vt 0.775821 0.886803
vt 0.750530 0.886803
vt 0.750530 0.873167
vt 0.762185 0.873167
vt 0.778451 0.823595
vt 0.760803 0.823595
vt 0.778451 0.889432
vt 0.750530 0.889432
vt 0.750530 0.871776
vt 0.760803 0.871776
vt 0.781029 0.823595
vt 0.781029 0.892011
vt 0.750530 0.892011
vt 0.783473 0.823595
vt 0.783473 0.894447
vt 0.750530 0.894447
vt 0.785724 0.823595
vt 0.785724 0.896705
vt 0.750530 0.896705
vt 0.787729 0.823595
vt 0.787729 0.898719
vt 0.750530 0.898719
vt 0.789457 0.900439
vt 0.789457 0.823595
vt 0.750530 0.900439
vt 0.790831 0.901821
vt 0.790831 0.823595
vt 0.750530 0.901821
vt 0.792623 0.902419
vt 0.795067 0.902419
vt 0.792623 0.973271
vt 0.795067 0.970835
vt 0.790372 0.975529
vt 0.825565 0.973271
vt 0.797645 0.902419
vt 0.825565 0.975529
vt 0.790372 0.902419
vt 0.825565 0.970835
vt 0.797645 0.968256
vt 0.825565 0.977544
vt 0.788366 0.977544
vt 0.800275 0.902419
vt 0.788366 0.902419
vt 0.825565 0.968256
vt 0.800275 0.965627
vt 0.825565 0.979263
vt 0.786639 0.902419
vt 0.802921 0.902419
vt 0.786639 0.979263
vt 0.825565 0.965627
vt 0.802921 0.962989
vt 0.825565 0.980645
vt 0.785264 0.902419
vt 0.805483 0.902419
vt 0.785264 0.980645
vt 0.825565 0.962989
vt 0.805483 0.960418
vt 0.807936 0.902419
vt 0.825565 0.960418
vt 0.807936 0.957974
vt 0.810185 0.902419
vt 0.825565 0.957974
vt 0.810185 0.955716
vt 0.812191 0.902419
vt 0.825565 0.955716
vt 0.812191 0.953702
vt 0.813911 0.951991
vt 0.825565 0.953702
vt 0.813911 0.902419
vt 0.815293 0.950600
vt 0.825565 0.951991
vt 0.815293 0.902419
vt 0.825565 0.950600
vt 0.759055 0.902419
vt 0.761701 0.902419
vt 0.759055 0.965627
vt 0.761701 0.962989
vt 0.756425 0.968256
vt 0.784345 0.965627
vt 0.764263 0.902419
vt 0.784345 0.968256
vt 0.756425 0.902419
vt 0.784345 0.962989
vt 0.764263 0.960418
vt 0.784345 0.970835
vt 0.753846 0.970835
vt 0.766716 0.902419
vt 0.753846 0.902419
vt 0.784345 0.960418
vt 0.766716 0.957974
vt 0.784345 0.973271
vt 0.751403 0.973271
vt 0.768965 0.902419
vt 0.751403 0.902419
vt 0.784345 0.957974
vt 0.768965 0.955716
vt 0.784345 0.975529
vt 0.749152 0.975529
vt 0.770971 0.902419
vt 0.749152 0.902419
vt 0.784345 0.955716
vt 0.770971 0.953702
vt 0.784345 0.977544
vt 0.747146 0.977544
vt 0.772691 0.951991
vt 0.747146 0.902419
vt 0.784345 0.953702
vt 0.772691 0.902419
vt 0.784345 0.979263
vt 0.745418 0.902419
vt 0.774072 0.950600
vt 0.784345 0.951991
vt 0.745418 0.979263
vt 0.774072 0.902419
vt 0.784345 0.980645
vt 0.744044 0.902419
vt 0.784345 0.950600
vt 0.744044 0.980645
vt 0.700394 0.904468
vt 0.703024 0.904256
vt 0.700394 0.946403
vt 0.703024 0.946403
vt 0.697814 0.946403
vt 0.705660 0.904468
vt 0.697814 0.905091
vt 0.705660 0.946403
vt 0.695379 0.946403
vt 0.708232 0.905091
vt 0.695379 0.906102
vt 0.708232 0.946403
vt 0.710675 0.906102
vt 0.710675 0.946403
vt 0.676328 0.949454
vt 0.685589 0.949454
vt 0.684974 0.952033
vt 0.676328 0.947001
vt 0.676328 0.952033
vt 0.686601 0.947001
vt 0.684763 0.954664
vt 0.676328 0.954664
vt 0.684974 0.957302
vt 0.676328 0.957302
vt 0.685589 0.959870
vt 0.676328 0.959870
vt 0.686601 0.962315
vt 0.676328 0.962315
vt 0.689428 0.904468
vt 0.692007 0.905091
vt 0.689428 0.946403
vt 0.692007 0.946403
vt 0.686797 0.946403
vt 0.694460 0.906102
vt 0.686797 0.904256
vt 0.694460 0.946403
vt 0.684159 0.946403
vt 0.684159 0.904468
vt 0.681590 0.946403
vt 0.681590 0.905091
vt 0.679145 0.946403
vt 0.679145 0.906102
vt 0.687746 0.947001
vt 0.698019 0.947001
vt 0.697007 0.949444
vt 0.687746 0.949444
vt 0.696392 0.952016
vt 0.687746 0.952016
vt 0.696181 0.954652
vt 0.687746 0.954652
vt 0.696392 0.957282
vt 0.687746 0.957282
vt 0.697007 0.959862
vt 0.687746 0.959862
vt 0.698019 0.962297
vt 0.687746 0.962297
vt 0.740672 0.950600
vt 0.740672 0.903430
vt 0.743125 0.950600
vt 0.738093 0.904045
vt 0.743125 0.902419
vt 0.738093 0.950600
vt 0.735462 0.904248
vt 0.735462 0.950600
vt 0.732824 0.904045
vt 0.732824 0.950600
vt 0.730255 0.903430
vt 0.730255 0.950600
vt 0.727810 0.902419
vt 0.727810 0.950600
vt 0.683980 0.823595
vt 0.686611 0.823595
vt 0.686611 0.903448
vt 0.689190 0.902832
vt 0.683980 0.903658
vt 0.689190 0.823595
vt 0.681342 0.823595
vt 0.691643 0.901821
vt 0.681342 0.903448
vt 0.691643 0.823595
vt 0.678773 0.823595
vt 0.678773 0.902832
vt 0.676328 0.823595
vt 0.676328 0.901821
vt 0.702992 0.823595
vt 0.705564 0.823595
vt 0.705564 0.902832
vt 0.708007 0.901821
vt 0.702992 0.903448
vt 0.708007 0.823595
vt 0.700356 0.823595
vt 0.700356 0.903658
vt 0.697726 0.823595
vt 0.697726 0.903448
vt 0.695146 0.823595
vt 0.695146 0.902832
vt 0.692711 0.823595
vt 0.692711 0.901821
vt 0.714030 0.950600
vt 0.714030 0.903430
vt 0.716610 0.950600
vt 0.711595 0.902419
vt 0.716610 0.904045
vt 0.711595 0.950600
vt 0.719240 0.950600
vt 0.719240 0.904248
vt 0.721876 0.950600
vt 0.721876 0.904045
vt 0.724448 0.950600
vt 0.724448 0.903430
vt 0.726891 0.950600
vt 0.726891 0.902419
vt 0.869648 0.959354
vt 0.869648 0.829642
vt 0.871696 0.829642
vt 0.867698 0.959354
vt 0.871696 0.959354
vt 0.867698 0.829642
vt 0.873806 0.829642
vt 0.865898 0.959354
vt 0.873806 0.959354
vt 0.865898 0.829642
vt 0.875911 0.829642
vt 0.864287 0.959354
vt 0.875911 0.959354
vt 0.864287 0.829642
vt 0.877960 0.829642
vt 0.862921 0.829642
vt 0.877960 0.959354
vt 0.862921 0.959354
vt 0.879909 0.829642
vt 0.861818 0.829642
vt 0.879909 0.959354
vt 0.861818 0.959354
vt 0.881711 0.829642
vt 0.881711 0.959354
vt 0.883320 0.829642
vt 0.883320 0.959354
vt 0.884688 0.959354
vt 0.884688 0.829642
vt 0.885792 0.959354
vt 0.885792 0.829642
vt 0.965828 0.843737
vt 0.968519 0.843737
vt 0.968519 0.845786
vt 0.965828 0.841627
vt 0.983075 0.844952
vt 0.965828 0.845786
vt 0.968519 0.841627
vt 0.983075 0.843312
vt 0.983075 0.846508
vt 0.968519 0.847735
vt 0.965828 0.839522
vt 0.965828 0.847735
vt 0.968519 0.839522
vt 0.983075 0.841627
vt 0.983075 0.847948
vt 0.968519 0.849535
vt 0.965828 0.837474
vt 0.983075 0.839947
vt 0.965828 0.849535
vt 0.968519 0.837474
vt 0.983075 0.838307
vt 0.983075 0.849236
vt 0.968519 0.851146
vt 0.965828 0.835524
vt 0.965828 0.851146
vt 0.968519 0.835524
vt 0.983075 0.836747
vt 0.968519 0.852512
vt 0.965828 0.852512
vt 0.965828 0.833722
vt 0.983075 0.850327
vt 0.968519 0.833722
vt 0.983075 0.835305
vt 0.968519 0.853616
vt 0.965828 0.853616
vt 0.965828 0.832113
vt 0.983075 0.851211
vt 0.968519 0.832113
vt 0.983075 0.834023
vt 0.968519 0.830745
vt 0.983075 0.832930
vt 0.965828 0.830745
vt 0.983075 0.832042
vt 0.968519 0.829642
vt 0.965828 0.829642
vt 0.941863 0.857026
vt 0.943272 0.857026
vt 0.941863 0.859716
vt 0.943272 0.859716
vt 0.941863 0.874273
vt 0.944390 0.857026
vt 0.942802 0.874273
vt 0.944390 0.859716
vt 0.946000 0.857026
vt 0.944091 0.874273
vt 0.946000 0.859716
vt 0.947367 0.859716
vt 0.945181 0.874273
vt 0.947367 0.857026
vt 0.948470 0.859716
vt 0.946066 0.874273
vt 0.948470 0.857026
vt 0.964901 0.866611
vt 0.962211 0.866611
vt 0.962211 0.864931
vt 0.964901 0.868296
vt 0.964901 0.864931
vt 0.962211 0.868296
vt 0.962211 0.863291
vt 0.964901 0.869936
vt 0.964901 0.863291
vt 0.962211 0.869936
vt 0.962211 0.861731
vt 0.964901 0.871492
vt 0.964901 0.861731
vt 0.962211 0.871492
vt 0.962211 0.860289
vt 0.964901 0.872932
vt 0.964901 0.860289
vt 0.962211 0.872932
vt 0.962211 0.859007
vt 0.964901 0.874220
vt 0.964901 0.859007
vt 0.962211 0.874220
vt 0.964901 0.857914
vt 0.962211 0.875311
vt 0.962211 0.857914
vt 0.964901 0.875311
vt 0.964901 0.857026
vt 0.962211 0.876195
vt 0.962211 0.857026
vt 0.964901 0.876195
vt 0.935463 0.852609
vt 0.938240 0.848472
vt 0.936836 0.850998
vt 0.935226 0.848472
vt 0.937938 0.849198
vt 0.934657 0.849411
vt 0.933860 0.853976
vt 0.933559 0.850700
vt 0.932278 0.851790
vt 0.932058 0.855079
vt 0.930836 0.852674
vt 0.930109 0.855887
vt 0.929275 0.853319
vt 0.928059 0.856380
vt 0.927633 0.853712
vt 0.925954 0.856542
vt 0.925954 0.853847
vt 0.924271 0.853712
vt 0.923845 0.856380
vt 0.922629 0.853319
vt 0.921795 0.855887
vt 0.921074 0.852674
vt 0.919842 0.855079
vt 0.919632 0.851790
vt 0.918346 0.850700
vt 0.918044 0.853976
vt 0.917254 0.849411
vt 0.916436 0.852609
vt 0.916371 0.847971
vt 0.915725 0.846415
vt 0.915333 0.844775
vt 0.915070 0.850998
vt 0.915198 0.843091
vt 0.915070 0.835185
vt 0.915333 0.841411
vt 0.913965 0.849198
vt 0.916436 0.833576
vt 0.913965 0.836987
vt 0.915725 0.839770
vt 0.913158 0.847249
vt 0.916371 0.838210
vt 0.913158 0.838937
vt 0.917254 0.836768
vt 0.912663 0.845200
vt 0.918044 0.832208
vt 0.912663 0.840985
vt 0.918346 0.835486
vt 0.912502 0.843091
vt 0.919842 0.831105
vt 0.919632 0.834393
vt 0.921074 0.833505
vt 0.921795 0.830298
vt 0.922629 0.832867
vt 0.923845 0.829808
vt 0.924271 0.832467
vt 0.925954 0.829642
vt 0.925954 0.832339
vt 0.956773 0.830296
vt 0.955939 0.832865
vt 0.954722 0.829804
vt 0.957499 0.833509
vt 0.954297 0.832471
vt 0.958721 0.831105
vt 0.952617 0.832337
vt 0.958941 0.834393
vt 0.952617 0.829642
vt 0.960523 0.832208
vt 0.950934 0.832471
vt 0.960222 0.835484
vt 0.950508 0.829804
vt 0.961320 0.836772
vt 0.949292 0.832865
vt 0.962126 0.833574
vt 0.948458 0.830296
vt 0.961890 0.837712
vt 0.947737 0.833509
vt 0.964903 0.837712
vt 0.946506 0.831105
vt 0.963499 0.835185
vt 0.946295 0.834393
vt 0.964187 0.836303
vt 0.945009 0.835484
vt 0.944708 0.832208
vt 0.943917 0.836772
vt 0.943099 0.833574
vt 0.943034 0.838213
vt 0.942388 0.839768
vt 0.941996 0.841409
vt 0.941733 0.835185
vt 0.941861 0.843093
vt 0.941733 0.850999
vt 0.940628 0.836985
vt 0.941996 0.844773
vt 0.940628 0.849196
vt 0.943099 0.852607
vt 0.939821 0.838935
vt 0.942388 0.846413
vt 0.939821 0.847247
vt 0.943034 0.847973
vt 0.939326 0.845198
vt 0.943917 0.849415
vt 0.939326 0.840983
vt 0.944708 0.853976
vt 0.939165 0.843093
vt 0.945009 0.850698
vt 0.946506 0.855079
vt 0.946295 0.851790
vt 0.947737 0.852679
vt 0.948458 0.855885
vt 0.949292 0.853317
vt 0.950508 0.856376
vt 0.950934 0.853717
vt 0.952408 0.856529
vt 0.952617 0.853845
vt 0.977530 0.868986
vt 0.977055 0.868890
vt 0.977513 0.868839
vt 0.977088 0.869087
vt 0.977019 0.868673
vt 0.978638 0.869216
vt 0.977541 0.869125
vt 0.976609 0.869050
vt 0.977503 0.868683
vt 0.976615 0.868797
vt 0.977185 0.869696
vt 0.976583 0.869894
vt 0.976981 0.868441
vt 0.976621 0.868538
vt 0.977486 0.868506
vt 0.977578 0.869568
vt 0.976421 0.869035
vt 0.976421 0.868759
vt 0.976421 0.868473
vt 0.977444 0.868054
vt 0.977594 0.869748
vt 0.977223 0.869938
vt 0.976572 0.870266
vt 0.976421 0.869949
vt 0.976938 0.868174
vt 0.976631 0.868275
vt 0.976421 0.868178
vt 0.977444 0.868028
vt 0.977643 0.870271
vt 0.975899 0.868991
vt 0.975985 0.870094
vt 0.975872 0.868639
vt 0.975840 0.868281
vt 0.976825 0.867447
vt 0.977680 0.870749
vt 0.977325 0.870603
vt 0.976540 0.871439
vt 0.976421 0.870346
vt 0.976023 0.870551
vt 0.976637 0.867984
vt 0.976421 0.867850
vt 0.975813 0.867887
vt 0.976819 0.867424
vt 0.978100 0.875486
vt 0.977417 0.871176
vt 0.974738 0.870509
vt 0.974738 0.868894
vt 0.974738 0.871203
vt 0.974738 0.868405
vt 0.974738 0.867908
vt 0.976680 0.866527
vt 0.976659 0.867283
vt 0.979715 0.874957
vt 0.976507 0.872639
vt 0.976421 0.871567
vt 0.976126 0.871879
vt 0.974738 0.873353
vt 0.976421 0.867054
vt 0.975775 0.867452
vt 0.974738 0.867382
vt 0.976659 0.867264
vt 0.979742 0.875092
vt 0.979753 0.874949
vt 0.976427 0.875486
vt 0.973343 0.871913
vt 0.973424 0.870944
vt 0.973591 0.868803
vt 0.973095 0.875092
vt 0.973640 0.868178
vt 0.973687 0.867555
vt 0.976421 0.866296
vt 0.976421 0.867033
vt 0.979989 0.871871
vt 0.976421 0.875620
vt 0.976421 0.872772
vt 0.976223 0.873096
vt 0.974738 0.875486
vt 0.975689 0.866331
vt 0.974738 0.866809
vt 0.973736 0.866913
vt 0.976421 0.864864
vt 0.981302 0.874448
vt 0.980076 0.870740
vt 0.976421 0.875486
vt 0.973095 0.872035
vt 0.973095 0.871052
vt 0.973095 0.868759
vt 0.973095 0.868064
vt 0.973095 0.867361
vt 0.973095 0.866612
vt 0.975630 0.865591
vt 0.975689 0.866317
vt 0.980135 0.869987
vt 0.980430 0.871117
vt 0.976410 0.875486
vt 0.971551 0.874300
vt 0.974738 0.865401
vt 0.973790 0.866228
vt 0.973095 0.865799
vt 0.975523 0.864211
vt 0.981555 0.872311
vt 0.971670 0.872763
vt 0.971541 0.874448
vt 0.971772 0.871494
vt 0.971993 0.868666
vt 0.972057 0.867850
vt 0.972122 0.867033
vt 0.972187 0.866186
vt 0.974738 0.865386
vt 0.975501 0.863944
vt 0.974738 0.864793
vt 0.982744 0.873564
vt 0.971541 0.874296
vt 0.971541 0.872833
vt 0.973918 0.864605
vt 0.973095 0.863799
vt 0.972256 0.865283
vt 0.975469 0.863554
vt 0.974738 0.863635
vt 0.981593 0.871989
vt 0.971541 0.871567
vt 0.970098 0.873564
vt 0.971541 0.868631
vt 0.971541 0.867742
vt 0.971541 0.866833
vt 0.971541 0.865881
vt 0.971541 0.864843
vt 0.973918 0.864592
vt 0.974738 0.854240
vt 0.974738 0.863178
vt 0.973962 0.864104
vt 0.981802 0.870245
vt 0.973095 0.863786
vt 0.972428 0.863146
vt 0.971541 0.862274
vt 0.976421 0.854112
vt 0.974738 0.862544
vt 0.974037 0.863131
vt 0.984908 0.871125
vt 0.970223 0.872003
vt 0.970496 0.868544
vt 0.970572 0.867542
vt 0.970652 0.866536
vt 0.970734 0.865504
vt 0.970819 0.864401
vt 0.973095 0.863335
vt 0.974145 0.861731
vt 0.974086 0.862527
vt 0.973095 0.862447
vt 0.985693 0.870245
vt 0.984584 0.871719
vt 0.970098 0.872048
vt 0.972428 0.863135
vt 0.971541 0.862270
vt 0.971029 0.861776
vt 0.973095 0.854923
vt 0.973095 0.861544
vt 0.985010 0.871155
vt 0.984025 0.872473
vt 0.970098 0.868513
vt 0.968812 0.872473
vt 0.970098 0.867441
vt 0.970098 0.866355
vt 0.970098 0.865201
vt 0.970098 0.863954
vt 0.970098 0.860870
vt 0.972455 0.862763
vt 0.973095 0.860289
vt 0.973095 0.854773
vt 0.972515 0.862026
vt 0.985123 0.871184
vt 0.971541 0.861946
vt 0.971029 0.861769
vt 0.970098 0.860864
vt 0.973095 0.854640
vt 0.973074 0.854935
vt 0.972697 0.859740
vt 0.972595 0.861036
vt 0.969130 0.868431
vt 0.969227 0.867264
vt 0.969318 0.866089
vt 0.969410 0.864879
vt 0.969512 0.863592
vt 0.969754 0.860531
vt 0.971541 0.861316
vt 0.973085 0.854779
vt 0.971541 0.859984
vt 0.968812 0.868405
vt 0.971051 0.861510
vt 0.970098 0.860660
vt 0.969754 0.860527
vt 0.971541 0.855278
vt 0.971541 0.855569
vt 0.971541 0.858148
vt 0.968812 0.867176
vt 0.967753 0.870740
vt 0.968812 0.865917
vt 0.968812 0.864599
vt 0.968812 0.863159
vt 0.968812 0.859611
vt 0.968812 0.859607
vt 0.971088 0.860988
vt 0.971196 0.859643
vt 0.967946 0.868334
vt 0.967720 0.871184
vt 0.970098 0.860274
vt 0.969770 0.860363
vt 0.968812 0.859514
vt 0.971513 0.855581
vt 0.971336 0.857868
vt 0.968048 0.867016
vt 0.967720 0.870685
vt 0.967720 0.868313
vt 0.968151 0.865698
vt 0.968258 0.864342
vt 0.968371 0.862887
vt 0.968640 0.859443
vt 0.968640 0.859439
vt 0.970098 0.858546
vt 0.970098 0.856167
vt 0.967720 0.866951
vt 0.966859 0.869496
vt 0.969791 0.860047
vt 0.968812 0.859335
vt 0.968646 0.859369
vt 0.967720 0.865551
vt 0.966875 0.869302
vt 0.966837 0.869744
vt 0.966956 0.868254
vt 0.967720 0.864089
vt 0.967720 0.862485
vt 0.967720 0.858541
vt 0.969926 0.858373
vt 0.967069 0.866809
vt 0.966837 0.869458
vt 0.966837 0.869243
vt 0.968812 0.857259
vt 0.968656 0.859224
vt 0.967181 0.865373
vt 0.966837 0.868241
vt 0.966192 0.868189
vt 0.966837 0.866767
vt 0.967300 0.863889
vt 0.967423 0.862302
vt 0.966837 0.865256
vt 0.966837 0.860274
vt 0.966837 0.863672
vt 0.966315 0.866654
vt 0.966837 0.861942
vt 0.966837 0.859984
vt 0.966434 0.865121
vt 0.966811 0.860327
vt 0.966692 0.861849
vt 0.966557 0.863538
vt 0.966192 0.866635
vt 0.966192 0.865041
vt 0.966192 0.861544
vt 0.966192 0.863367
vt 0.965799 0.866549
vt 0.965922 0.864948
vt 0.966052 0.863302
vt 0.965799 0.863184
vt 0.965799 0.864906
vt 0.965665 0.864864
vt 0.892678 0.959354
vt 0.892678 0.829642
vt 0.894782 0.959354
vt 0.890568 0.829642
vt 0.894782 0.829642
vt 0.890568 0.959354
vt 0.896833 0.959354
vt 0.888519 0.829642
vt 0.896833 0.829642
vt 0.888519 0.959354
vt 0.898781 0.959354
vt 0.886566 0.829642
vt 0.898781 0.829642
vt 0.886566 0.959354
vt 0.900584 0.959354
vt 0.900584 0.829642
vt 0.902187 0.959354
vt 0.902187 0.829642
vt 0.903560 0.829642
vt 0.903560 0.959354
vt 0.904662 0.829642
vt 0.904662 0.959354
vt 0.955345 0.874272
vt 0.955345 0.871582
vt 0.957449 0.874272
vt 0.953235 0.871582
vt 0.957449 0.871582
vt 0.953235 0.874272
vt 0.953662 0.857026
vt 0.959500 0.874272
vt 0.955345 0.857026
vt 0.951186 0.871582
vt 0.952019 0.857026
vt 0.959500 0.871582
vt 0.957024 0.857026
vt 0.951186 0.874272
vt 0.961448 0.874272
vt 0.949233 0.871582
vt 0.950464 0.857026
vt 0.961448 0.871582
vt 0.958666 0.857026
vt 0.949233 0.874272
vt 0.960226 0.857026
vt 0.907425 0.959354
vt 0.905473 0.959354
vt 0.905473 0.829642
vt 0.907425 0.829642
vt 0.909475 0.959354
vt 0.909475 0.829642
vt 0.911584 0.959354
vt 0.911584 0.829642
vt 0.936941 0.859729
vt 0.934988 0.859729
vt 0.934988 0.857038
vt 0.937775 0.874285
vt 0.936941 0.857038
vt 0.936220 0.874285
vt 0.939417 0.874285
vt 0.938990 0.859729
vt 0.938990 0.857038
vt 0.941100 0.874285
vt 0.940890 0.859729
vt 0.940890 0.857038
vt 0.934225 0.864631
vt 0.931535 0.864631
vt 0.934225 0.862989
vt 0.931535 0.866310
vt 0.931535 0.862989
vt 0.934225 0.866310
vt 0.934225 0.861429
vt 0.931535 0.867994
vt 0.931535 0.861429
vt 0.934225 0.867994
vt 0.934225 0.859987
vt 0.931535 0.869636
vt 0.931535 0.859987
vt 0.934225 0.869636
vt 0.934225 0.858706
vt 0.931535 0.871191
vt 0.931535 0.858706
vt 0.934225 0.871191
vt 0.931535 0.857608
vt 0.934225 0.857608
vt 0.931535 0.857038
vt 0.934225 0.857038
vt 0.930772 0.857038
vt 0.930772 0.858722
vt 0.928082 0.858722
vt 0.928082 0.860364
vt 0.928082 0.857038
vt 0.930772 0.860364
vt 0.928082 0.861919
vt 0.930772 0.861919
vt 0.943559 0.271063
vt 0.943559 0.196109
vt 0.949325 0.196109
vt 0.949325 0.271063
vt 0.943559 0.278563
vt 0.949325 0.278563
vt 0.943559 0.285770
vt 0.949325 0.285770
vt 0.943559 0.292419
vt 0.949325 0.292419
vt 0.943559 0.298243
vt 0.949325 0.298243
vt 0.949325 0.303020
vt 0.943559 0.303020
vt 0.950307 0.278563
vt 0.956073 0.278563
vt 0.950307 0.285770
vt 0.956073 0.271063
vt 0.956073 0.285770
vt 0.950307 0.271063
vt 0.950307 0.292419
vt 0.950307 0.196109
vt 0.956073 0.292419
vt 0.956073 0.196109
vt 0.950307 0.298243
vt 0.956073 0.298243
vt 0.956073 0.303020
vt 0.950307 0.303020
vt 0.957055 0.274765
vt 0.960899 0.274765
vt 0.957055 0.280173
vt 0.960899 0.269141
vt 0.960899 0.280173
vt 0.957055 0.269141
vt 0.957055 0.285158
vt 0.960899 0.196109
vt 0.960899 0.285158
vt 0.957055 0.196109
vt 0.957055 0.289525
vt 0.960899 0.289525
vt 0.960899 0.293111
vt 0.957055 0.293111
vt 0.961875 0.285158
vt 0.961875 0.280173
vt 0.965719 0.280173
vt 0.965719 0.274765
vt 0.965719 0.285158
vt 0.961875 0.274765
vt 0.961875 0.289525
vt 0.965719 0.269141
vt 0.965719 0.289525
vt 0.961875 0.269141
vt 0.965719 0.293111
vt 0.965719 0.196109
vt 0.961875 0.293111
vt 0.961875 0.196109
vt 0.978263 0.202755
vt 0.984029 0.202755
vt 0.984029 0.209966
vt 0.978263 0.196109
vt 0.978263 0.209966
vt 0.984029 0.196109
vt 0.984029 0.217464
vt 0.978263 0.217464
vt 0.984029 0.224964
vt 0.978263 0.224964
vt 0.984029 0.232171
vt 0.978263 0.232171
vt 0.984029 0.238820
vt 0.978263 0.238820
vt 0.966695 0.272984
vt 0.966695 0.196109
vt 0.972461 0.272984
vt 0.972461 0.196109
vt 0.985011 0.223161
vt 0.988855 0.223161
vt 0.988855 0.228144
vt 0.985011 0.217753
vt 0.985011 0.228144
vt 0.988855 0.217753
vt 0.985011 0.212130
vt 0.988855 0.212130
vt 0.985011 0.206507
vt 0.988855 0.206507
vt 0.985011 0.201095
vt 0.988855 0.201095
vt 0.985011 0.196109
vt 0.988855 0.196109
vt 0.973443 0.253767
vt 0.973443 0.196109
vt 0.977287 0.253767
vt 0.977287 0.196109
vt 0.911625 0.308759
vt 0.896627 0.308759
vt 0.889420 0.306572
vt 0.904127 0.309498
vt 0.918836 0.306572
vt 0.882771 0.303020
vt 0.925482 0.303020
vt 0.904127 0.299892
vt 0.898504 0.299338
vt 0.909750 0.299338
vt 0.876947 0.298243
vt 0.931310 0.298243
vt 0.893096 0.297697
vt 0.915162 0.297697
vt 0.888113 0.295033
vt 0.920148 0.295033
vt 0.872165 0.292419
vt 0.936088 0.292419
vt 0.883747 0.291447
vt 0.924514 0.291447
vt 0.880157 0.287080
vt 0.928097 0.287080
vt 0.868618 0.285770
vt 0.939640 0.285770
vt 0.877497 0.282095
vt 0.930765 0.282095
vt 0.866430 0.278563
vt 0.941831 0.278563
vt 0.875856 0.276687
vt 0.932406 0.276687
vt 0.865693 0.271063
vt 0.932959 0.271063
vt 0.875302 0.271063
vt 0.942568 0.271063
vt 0.875302 0.198031
vt 0.932959 0.198031
vt 0.865693 0.196109
vt 0.942568 0.196109
vt 0.808843 0.766182
vt 0.811478 0.760007
vt 0.811478 0.760007
vt 0.808843 0.766182
vt 0.805209 0.771831
vt 0.800667 0.776777
vt 0.805209 0.771831
vt 0.800667 0.776777
vt 0.813032 0.753468
vt 0.813452 0.746762
vt 0.813452 0.746762
vt 0.813032 0.753468
vt 0.795355 0.780893
vt 0.795355 0.780893
vt 0.789424 0.784047
vt 0.789424 0.784047
vt 0.784396 0.779919
vt 0.784396 0.779919
vt 0.780268 0.774890
vt 0.780268 0.774890
vt 0.787820 0.710573
vt 0.793879 0.713467
vt 0.787820 0.710573
vt 0.793879 0.713467
vt 0.799366 0.717334
vt 0.799366 0.717334
vt 0.807999 0.727570
vt 0.804114 0.722081
vt 0.804114 0.722081
vt 0.807999 0.727570
vt 0.774670 0.699724
vt 0.774670 0.659629
vt 0.774670 0.659629
vt 0.774670 0.699724
vt 0.774670 0.708034
vt 0.774670 0.708034
vt 0.774670 0.756450
vt 0.774670 0.756450
vt 0.812733 0.740085
vt 0.812733 0.740085
vt 0.781347 0.708748
vt 0.781347 0.708748
vt 0.810895 0.733628
vt 0.810895 0.733628
vt 0.775311 0.762923
vt 0.775311 0.762923
vt 0.777198 0.769153
vt 0.777198 0.769153
vt 0.827881 0.782757
vt 0.827881 0.782757
vt 0.826305 0.784047
vt 0.826305 0.784047
vt 0.799046 0.788291
vt 0.799864 0.787864
vt 0.799046 0.788291
vt 0.799864 0.787864
vt 0.811776 0.776899
vt 0.811776 0.776899
vt 0.806282 0.782890
vt 0.806282 0.782890
vt 0.820569 0.787111
vt 0.820569 0.787111
vt 0.814731 0.772323
vt 0.814731 0.772323
vt 0.801392 0.789004
vt 0.801392 0.789004
vt 0.814344 0.789004
vt 0.814344 0.789004
vt 0.807865 0.789646
vt 0.807865 0.789646
vt 0.841066 0.717356
vt 0.841066 0.659629
vt 0.841066 0.659629
vt 0.841066 0.717356
vt 0.841066 0.726270
vt 0.841066 0.756450
vt 0.841066 0.756450
vt 0.841066 0.726270
vt 0.821746 0.746585
vt 0.821746 0.746585
vt 0.821231 0.754690
vt 0.821231 0.754690
vt 0.835472 0.774890
vt 0.838538 0.769153
vt 0.838538 0.769153
vt 0.835472 0.774890
vt 0.833836 0.776882
vt 0.833836 0.776882
vt 0.818465 0.764694
vt 0.818465 0.764694
vt 0.819772 0.734602
vt 0.819772 0.734602
vt 0.820883 0.738508
vt 0.820883 0.738508
vt 0.840423 0.762923
vt 0.840423 0.762923
vt 0.819361 0.762597
vt 0.819361 0.762597
vt 0.816815 0.726839
vt 0.816815 0.726839
vt 0.810460 0.716731
vt 0.810460 0.716731
vt 0.804704 0.710988
vt 0.804704 0.710988
vt 0.815157 0.723359
vt 0.815157 0.723359
vt 0.797912 0.706231
vt 0.797912 0.706231
vt 0.790742 0.702806
vt 0.790742 0.702806
vt 0.782918 0.700593
vt 0.782918 0.700593
vt 0.774846 0.699740
vt 0.774846 0.699740
vt 0.830899 0.659629
vt 0.830899 0.659629
vt 0.766375 0.756450
vt 0.837209 0.785789
vt 0.773363 0.779504
vt 0.778530 0.785789
vt 0.769534 0.772328
vt 0.767173 0.764544
vt 0.766375 0.651330
vt 0.815958 0.797148
vt 0.799771 0.797148
vt 0.791987 0.794786
vt 0.823749 0.794786
vt 0.784816 0.790951
vt 0.807865 0.797945
vt 0.830925 0.790951
vt 0.842367 0.779504
vt 0.846207 0.772328
vt 0.848569 0.764544
vt 0.849365 0.756450
vt 0.849365 0.651330
vt 0.950553 0.760512
vt 0.926541 0.735874
vt 0.950553 0.726478
vt 0.916040 0.715722
vt 0.950553 0.716427
vt 0.921337 0.723196
vt 0.923207 0.727121
vt 0.909549 0.709246
vt 0.901890 0.703881
vt 0.893805 0.700019
vt 0.939088 0.651330
vt 0.950553 0.651330
vt 0.875681 0.651330
vt 0.875681 0.696544
vt 0.884982 0.697523
vt 0.875880 0.696562
vt 0.928768 0.749387
vt 0.927793 0.740278
vt 0.925067 0.769808
vt 0.947702 0.774836
vt 0.942400 0.783552
vt 0.944246 0.781305
vt 0.928186 0.758527
vt 0.935685 0.790177
vt 0.917524 0.783571
vt 0.920856 0.778411
vt 0.926077 0.767443
vt 0.949828 0.767811
vt 0.917187 0.764523
vt 0.875681 0.760512
vt 0.918940 0.757149
vt 0.914217 0.771486
vt 0.876403 0.767811
vt 0.920419 0.797221
vt 0.905815 0.797221
vt 0.903169 0.796417
vt 0.913113 0.797945
vt 0.904091 0.795936
vt 0.899007 0.788075
vt 0.886648 0.786977
vt 0.904997 0.783433
vt 0.933908 0.791631
vt 0.927439 0.795087
vt 0.911329 0.790327
vt 0.892318 0.791631
vt 0.881993 0.781305
vt 0.910118 0.777855
vt 0.918603 0.742057
vt 0.919413 0.749587
vt 0.878532 0.774836
vt 0.916531 0.734776
vt 0.908883 0.721755
vt 0.913265 0.727944
vt 0.897342 0.712041
vt 0.903530 0.716402
vt 0.890510 0.708778
vt 0.883210 0.706719
vt 0.875681 0.705915
usemtl lambert2SG
f 431/106 430/107 451/108
f 451/108 452/109 431/106
f 432/110 431/106 452/109
f 452/109 453/111 432/110
f 1628 1629 1640
f 1641 1640 1629
f 1647/112 1664/113 1648/114
f 1665/115 1648/114 1664/113
f 1662/116 1667/117 1666/118
f 1688/119 1686/120 1687/121
f 1663/122 1666/118 1664/113
f 1678/123 1673/124 1677/125
f 1670/126 1679/127 1677/125
f 1677/125 1679/127 1678/123
f 1669/128 1675/129 1670/126
f 1680/130 1678/123 1679/127
f 1668/131 1666/118 1667/117
f 1672/132 1690/133 1676/134
f 1670/126 1677/125 1673/124
f 1668/131 1664/113 1666/118
f 1680/130 1674/135 1678/123
f 1676/134 1665/115 1672/132
f 1668/131 1673/124 1671/136
f 1673/124 1668/131 1670/126
f 1685/137 1687/121 1686/120
f 1682/138 1680/130 1681/139
f 1672/132 1665/115 1671/136
f 1662/116 1666/118 1663/122
f 1664/113 1671/136 1665/115
f 1681/139 1686/120 1683/140
f 1682/138 1674/135 1680/130
f 1673/124 1678/123 1674/135
f 1690/133 1684/141 1689/142
f 1689/142 1686/120 1688/119
f 1680/130 1686/120 1681/139
f 1690/133 1672/132 1684/141
f 1689/142 1683/140 1686/120
f 1683/140 1689/142 1684/141
f 1671/136 1664/113 1668/131
f 1679/127 1670/126 1675/129
f 510/251 492/252 491/253
f 491/253 509/254 510/251
f 492/252 510/251 511/255
f 511/255 493/256 492/252
f 1624/257 1612/258 1611/259
f 1611/259 1623/260 1624/257
f 1598/261 1596/262 1597/263
f 621/264 1088/265 1035/266
f 1515/267 1088/265 1134/268
f 1515/267 1035/266 1088/265
f 1578/269 1597/263 1596/262
f 960/270 950/271 1035/266
f 1596/262 1598/261 1599/272
f 1538/273 1578/269 1541/274
f 1116/275 873/276 883/277
f 1544/278 1515/267 1539/279
f 1599/272 1573/280 1574/281
f 1538/273 1540/282 1539/279
f 1538/273 1539/279 1515/267
f 1599/272 1574/281 1575/283
f 1600/284 1250/285 1249/286
f 621/264 1134/268 1088/265
f 1089/287 510/251 1318/288
f 1103/289 1089/287 1318/288
f 1164/290 1103/289 1318/288
f 1271/291 1318/288 510/251
f 1239/292 1164/290 1318/288
f 1249/286 1239/292 1318/288
f 1599/272 1249/286 1318/288
f 1165/293 511/255 1090/294
f 1600/284 1165/293 1090/294
f 892/295 706/296 712/297
f 952/298 770/299 706/296
f 880/300 712/297 722/301
f 697/302 706/296 510/251
f 712/297 880/300 892/295
f 870/303 722/301 730/304
f 722/301 870/303 880/300
f 860/305 730/304 738/306
f 730/304 860/305 870/303
f 854/307 738/306 744/308
f 738/306 854/307 860/305
f 842/309 744/308 753/310
f 744/308 842/309 854/307
f 833/311 753/310 761/312
f 753/310 833/311 842/309
f 827/313 761/312 769/314
f 761/312 827/313 833/311
f 815/315 769/314 781/316
f 769/314 815/315 827/313
f 809/317 781/316 784/318
f 781/316 809/317 815/315
f 803/319 784/318 780/320
f 784/318 803/319 809/317
f 808/321 780/320 768/322
f 780/320 808/321 803/319
f 814/323 768/322 760/324
f 768/322 814/323 808/321
f 1036/325 974/326 1035/266
f 826/327 760/324 752/328
f 760/324 826/327 814/323
f 832/329 752/328 743/330
f 752/328 832/329 826/327
f 841/331 743/330 737/332
f 743/330 841/331 832/329
f 853/333 737/332 729/334
f 737/332 853/333 841/331
f 859/335 729/334 721/336
f 729/334 859/335 853/333
f 869/337 721/336 711/338
f 721/336 869/337 859/335
f 879/339 711/338 705/340
f 711/338 879/339 869/337
f 509/254 705/340 696/341
f 891/342 509/254 622/343
f 705/340 891/342 879/339
f 1090/294 1250/285 1600/284
f 1209/344 1271/291 510/251
f 1154/345 1209/344 510/251
f 1116/275 1154/345 510/251
f 863/346 1116/275 510/251
f 847/347 863/346 510/251
f 834/348 847/347 510/251
f 820/349 834/348 510/251
f 797/350 820/349 510/251
f 793/351 797/350 510/251
f 791/352 793/351 510/251
f 1515/267 1544/278 1546/353
f 1515/267 1546/353 1516/354
f 787/355 791/352 510/251
f 785/356 787/355 510/251
f 774/357 785/356 510/251
f 952/298 1036/325 953/358
f 771/359 774/357 510/251
f 770/299 771/359 510/251
f 1036/325 912/360 921/361
f 706/296 770/299 510/251
f 689/362 697/302 510/251
f 681/363 689/362 510/251
f 673/364 681/363 510/251
f 665/365 673/364 510/251
f 659/366 665/365 510/251
f 650/367 659/366 510/251
f 644/368 650/367 510/251
f 638/369 644/368 510/251
f 632/370 638/369 510/251
f 1164/290 1239/292 1240/371
f 1103/289 1164/290 1240/371
f 637/372 632/370 510/251
f 891/342 705/340 509/254
f 509/254 696/341 688/373
f 509/254 688/373 680/374
f 509/254 680/374 672/375
f 509/254 672/375 664/376
f 509/254 664/376 658/377
f 509/254 658/377 649/378
f 509/254 649/378 643/379
f 1240/371 1104/380 1103/289
f 509/254 643/379 637/372
f 509/254 637/372 510/251
f 510/251 1090/294 511/255
f 1599/272 1553/381 1563/382
f 1599/272 1318/288 1379/383
f 1599/272 1379/383 1418/384
f 510/251 1089/287 1090/294
f 1116/275 938/385 1059/386
f 1059/386 953/358 1051/387
f 1116/275 863/346 873/276
f 1134/268 1538/273 1515/267
f 1116/275 883/277 895/388
f 1043/389 1051/387 953/358
f 1116/275 895/388 905/390
f 1116/275 905/390 913/391
f 1116/275 913/391 928/392
f 1116/275 928/392 938/385
f 1059/386 940/393 944/394
f 940/393 1059/386 938/385
f 1059/386 944/394 953/358
f 1036/325 952/298 706/296
f 1036/325 1043/389 953/358
f 1036/325 902/395 912/360
f 1036/325 892/295 902/395
f 706/296 892/295 1036/325
f 1036/325 921/361 937/396
f 1036/325 937/396 951/397
f 1036/325 951/397 961/398
f 1036/325 961/398 967/399
f 1036/325 967/399 975/400
f 1036/325 975/400 981/401
f 1036/325 981/401 984/402
f 1036/325 984/402 980/403
f 1036/325 980/403 974/326
f 974/326 966/404 1035/266
f 621/264 1035/266 622/343
f 966/404 960/270 1035/266
f 950/271 936/405 1035/266
f 936/405 920/406 1035/266
f 920/406 911/407 1035/266
f 1599/272 1587/408 1585/409
f 911/407 901/410 1035/266
f 901/410 891/342 1035/266
f 891/342 622/343 1035/266
f 1599/272 1586/411 1588/412
f 1599/272 1588/412 1587/408
f 1551/413 1446/414 1477/415
f 1599/272 1563/382 1573/280
f 1549/416 1496/417 1507/418
f 1596/262 1584/419 1578/269
f 1249/286 1599/272 1600/284
f 1584/419 1596/262 1585/409
f 1599/272 1585/409 1596/262
f 1547/420 1516/354 1546/353
f 1599/272 1575/283 1576/421
f 1599/272 1576/421 1586/411
f 1548/422 1507/418 1511/423
f 1538/273 1541/274 1540/282
f 1552/424 1418/384 1446/414
f 1547/420 1511/423 1516/354
f 1550/425 1477/415 1496/417
f 1446/414 1551/413 1552/424
f 1507/418 1548/422 1549/416
f 1477/415 1550/425 1551/413
f 1511/423 1547/420 1548/422
f 1418/384 1552/424 1553/381
f 1418/384 1553/381 1599/272
f 1496/417 1549/416 1550/425
f 1604/426 1605/427 1616/428
f 1617/429 1616/428 1605/427
f 1689/142 1652/143 1690/133
f 1653/144 1690/133 1652/143
f 1489/430 1604/426 1603/431
f 1188/432 1260/433 515/434
f 551/435 552/436 1201/437
f 536/438 537/439 552/436
f 1245/440 1193/441 1187/442
f 1259/443 1193/441 1245/440
f 1604/426 1193/441 1259/443
f 1200/444 1201/437 1602/445
f 1193/441 554/446 538/447
f 1202/448 1201/437 552/436
f 1604/426 1204/449 1193/441
f 554/446 1204/449 1203/450
f 1099/451 538/447 514/452
f 1109/453 538/447 1099/451
f 1187/442 538/447 1109/453
f 554/446 1193/441 1204/449
f 1489/430 1201/437 1202/448
f 1604/426 1203/450 1204/449
f 553/454 1203/450 1202/448
f 1203/450 553/454 554/446
f 1604/426 1202/448 1203/450
f 538/447 1187/442 1193/441
f 1187/442 1110/455 1245/440
f 1109/453 1110/455 1187/442
f 1603/431 1602/445 1201/437
f 1099/451 515/434 1100/456
f 551/435 1201/437 1200/444
f 553/454 552/436 537/439
f 1202/448 552/436 553/454
f 513/457 514/452 538/447
f 1246/458 1245/440 1110/455
f 1259/443 1260/433 1604/426
f 1605/427 1604/426 1260/433
f 1605/427 1260/433 1188/432
f 1100/456 515/434 1260/433
f 514/452 515/434 1099/451
f 323/1 432/2 419/3
f 1066/4 1605/5 1188/6
f 348/7 419/3 395/8
f 497/9 482/10 494/11
f 1676/12 1655/13 1665/14
f 1605/5 1557/15 1565/16
f 511/17 1165/18 1065/19
f 1605/5 1570/20 1572/21
f 323/1 419/3 348/7
f 1649/22 1665/14 1655/13
f 1690/23 1653/24 1655/13
f 1690/23 1655/13 1676/12
f 1648/25 1665/14 1649/22
f 1636/26 1648/25 1637/27
f 433/28 419/3 432/2
f 1649/22 1643/29 1648/25
f 433/28 395/8 419/3
f 1653/24 1641/30 1643/29
f 1649/22 1655/13 1653/24
f 1637/27 1648/25 1643/29
f 432/2 445/31 433/28
f 432/2 453/32 445/31
f 438/33 395/8 433/28
f 433/28 445/31 438/33
f 1653/24 1643/29 1649/22
f 1624/34 1636/26 1625/35
f 454/36 445/31 453/32
f 1637/27 1631/37 1636/26
f 454/36 438/33 445/31
f 453/32 468/38 454/36
f 1637/27 1643/29 1641/30
f 1625/35 1636/26 1631/37
f 453/32 478/39 468/38
f 457/40 438/33 454/36
f 454/36 468/38 457/40
f 479/41 468/38 478/39
f 479/41 457/40 468/38
f 1641/30 1629/42 1631/37
f 1629/42 1617/43 1619/44
f 1641/30 1631/37 1637/27
f 1612/45 1624/34 1613/46
f 1625/35 1631/37 1629/42
f 1625/35 1619/44 1624/34
f 1613/46 1624/34 1619/44
f 478/39 483/47 479/41
f 478/39 493/48 483/47
f 482/10 457/40 479/41
f 479/41 483/47 482/10
f 1629/42 1619/44 1625/35
f 1600/49 1612/45 1601/50
f 494/11 483/47 493/48
f 1613/46 1607/51 1612/45
f 494/11 482/10 483/47
f 1617/43 1605/5 1607/51
f 1613/46 1619/44 1617/43
f 1601/50 1612/45 1607/51
f 493/48 503/52 494/11
f 493/48 511/17 503/52
f 512/53 497/9 503/52
f 494/11 503/52 497/9
f 1617/43 1607/51 1613/46
f 512/53 503/52 511/17
f 1601/50 1572/21 1600/49
f 515/54 623/55 618/56
f 1605/5 1565/16 1570/20
f 1601/50 1607/51 1605/5
f 1569/57 1600/49 1572/21
f 1605/5 1572/21 1601/50
f 624/58 515/54 618/56
f 512/53 623/55 515/54
f 1605/5 1529/59 1557/15
f 1605/5 1510/60 1529/59
f 1605/5 1476/61 1510/60
f 1605/5 1431/62 1476/61
f 1605/5 1370/63 1431/62
f 1605/5 1283/64 1370/63
f 1605/5 1186/65 1283/64
f 1605/5 1066/4 1186/65
f 629/66 515/54 624/58
f 675/67 515/54 629/66
f 724/68 515/54 675/67
f 796/69 515/54 724/68
f 894/70 515/54 796/69
f 990/71 515/54 894/70
f 1019/72 515/54 990/71
f 1066/4 515/54 1019/72
f 1188/6 515/54 1066/4
f 1564/73 1600/49 1569/57
f 1556/74 1600/49 1564/73
f 1528/75 1600/49 1556/74
f 1509/76 1600/49 1528/75
f 1475/77 1600/49 1509/76
f 1430/78 1600/49 1475/77
f 1369/79 1600/49 1430/78
f 1282/80 1600/49 1369/79
f 1166/81 1600/49 1282/80
f 1600/49 1065/19 1165/18
f 1065/19 1600/49 1166/81
f 511/17 1065/19 1018/82
f 511/17 1018/82 989/83
f 511/17 989/83 893/84
f 515/54 497/9 512/53
f 511/17 893/84 795/85
f 511/17 795/85 723/86
f 511/17 723/86 674/87
f 511/17 623/55 512/53
f 511/17 674/87 628/88
f 511/17 628/88 623/55
f 1612/258 1600/284 1599/272
f 1599/272 1611/259 1612/258
f 1639/145 1644/146 1638/147
f 1640/148 1652/143 1644/146
f 1650/149 1638/147 1644/146
f 1652/143 1640/148 1653/144
f 1651/150 1644/146 1652/143
f 1640/148 1644/146 1639/145
f 1650/149 1644/146 1651/150
f 1641/151 1653/144 1640/148
f 492/252 477/459 476/460
f 476/460 491/253 492/252
f 477/459 492/252 493/256
f 493/256 478/461 477/459
f 1623 1635 1624
f 1636 1624 1635
f 1635/152 1647/112 1636/153
f 1648/114 1636/153 1647/112
f 1149/678 1151/679 1124/680
f 1151/679 1149/678 1160/681
f 1126/691 1082/687 1061/699
f 1082/687 1126/691 1132/683
f 1169/905 1070/906 1168/907
f 1070/906 1169/905 1080/908
f 1120/703 1061/699 1053/713
f 1061/699 1120/703 1126/691
f 1132/683 1124/680 1082/687
f 1124/680 1132/683 1149/678
f 1067/909 1018/917 1065/916
f 1018/917 1067/909 1022/913
f 1070/906 1022/913 1067/909
f 1022/913 1070/906 1027/911
f 1173/688 1149/678 1132/683
f 1149/678 1173/688 1174/684
f 1172/692 1132/683 1126/691
f 1132/683 1172/692 1173/688
f 1171/704 1111/718 1170/719
f 1111/718 1171/704 1120/703
f 1176/685 1151/679 1160/681
f 1027/911 995/920 1022/913
f 995/920 1027/911 998/919
f 1061/699 1057/697 1041/711
f 1057/697 1061/699 1082/687
f 1111/718 1033/737 1080/738
f 1033/737 1111/718 1047/729
f 1171/704 1126/691 1120/703
f 1126/691 1171/704 1172/692
f 1111/718 1053/713 1047/729
f 1053/713 1111/718 1120/703
f 1170/719 1080/738 1169/739
f 1080/738 1170/719 1111/718
f 1176/685 1135/682 1151/679
f 1033/915 998/919 1027/911
f 998/919 1033/915 1008/925
f 1082/687 1084/686 1057/697
f 1084/686 1082/687 1124/680
f 1124/680 1135/682 1084/686
f 1135/682 1124/680 1151/679
f 1047/729 1020/726 1012/747
f 1020/726 1047/729 1053/713
f 1098 1109 1099
f 1589 1595 1590
f 1243 1257 1245
f 1091 1103 1092
f 1089 1103 1091
f 1252 1241 1251
f 1659 1681 1661
f 1109 1098 1107
f 559 588 561
f 1592 1657 1594
f 1592 1681 1657
f 359 555 361
f 359 588 555
f 571 560 570
f 1252 1153 1241
f 1253 1153 1252
f 1661 1681 1683
f 1657 1681 1659
f 571 556 558
f 1259 1245 1258
f 1239 1249 1241
f 1105 1092 1103
f 1115 1093 1105
f 556 341 339
f 571 341 556
f 1673 1658 1660
f 1673 1660 1671
f 571 558 560
f 1097 1107 1098
f 1258 1245 1257
f 1658 1590 1595
f 1673 1590 1658
f 590 561 588
f 557 588 559
f 555 588 557
f 1092 1105 1093
f 1105 1241 1153
f 1105 1153 1115
f 1251 1241 1249
f 1047/729 1008/751 1033/737
f 1008/751 1047/729 1012/747
f 1168/907 1067/909 1167/912
f 1067/909 1168/907 1070/906
f 1053/713 1041/711 1020/726
f 1041/711 1053/713 1061/699
f 1294/714 1300/722 1265/707
f 1300/722 1294/714 1330/731
f 1176/685 1129/801 1123/792
f 1223/700 1265/707 1215/694
f 1265/707 1223/700 1294/714
f 925/624 800/609 872/615
f 800/609 925/624 882/618
f 1306/720 1330/731 1294/714
f 1330/731 1306/720 1365/741
f 1207/693 1205/701 1194/695
f 1205/701 1207/693 1225/706
f 1195/856 1177/845 1176/685
f 1015/803 1007/828 994/818
f 1007/828 1015/803 1025/817
f 1213/708 1176/685 1205/701
f 925/624 969/636 882/618
f 969/636 925/624 992/643
f 994/818 988/837 931/850
f 988/837 994/818 1007/828
f 1056/802 1046/827 1025/817
f 1046/827 1056/802 1064/816
f 1237/730 1306/720 1231/705
f 1306/720 1237/730 1316/740
f 1025/817 1017/836 1007/828
f 1017/836 1025/817 1046/827
f 1205/701 1176/685 1194/695
f 1336/918 1275/914 1350/924
f 1275/914 1336/918 1267/910
f 1350/924 1280/922 1361/930
f 1280/922 1350/924 1275/914
f 1064/816 1058/835 1046/827
f 1058/835 1064/816 1085/826
f 1413/931 1361/930 1420/935
f 1361/930 1413/931 1350/924
f 1231/705 1294/714 1223/700
f 1294/714 1231/705 1306/720
f 882/618 763/604 800/609
f 763/604 882/618 846/617
f 1471/578 1430/587 1475/577
f 1430/587 1471/578 1420/588
f 1361/930 1282/929 1369/934
f 1282/929 1361/930 1280/922
f 1129/801 1085/826 1064/816
f 1085/826 1129/801 1136/815
f 1387/762 1336/761 1401/785
f 1336/761 1387/762 1316/740
f 1005/849 1013/868 992/860
f 1013/868 1005/849 1021/859
f 1123/792 1064/816 1056/802
f 1064/816 1123/792 1129/801
f 1046/827 1042/848 1017/836
f 1042/848 1046/827 1058/835
f 817/616 724/610 732/603
f 724/610 817/616 796/625
f 927/939 996/940 904/941
f 996/940 927/939 999/942
f 817/616 894/633 796/625
f 894/633 817/616 904/634
f 1017/836 1021/859 1005/849
f 1021/859 1017/836 1042/848
f 992/860 1009/878 969/887
f 1009/878 992/860 1013/868
f 931/632 925/624 872/615
f 925/624 931/632 988/642
f 846/617 732/603 763/604
f 732/603 846/617 817/616
f 1176/685 1122/698 1128/690
f 1007/828 1005/849 988/837
f 1005/849 1007/828 1017/836
f 988/837 992/860 925/869
f 992/860 988/837 1005/849
f 1176/685 1152/825 1136/815
f 882/618 927/635 846/617
f 927/635 882/618 969/636
f 904/634 990/652 894/633
f 990/652 904/634 996/659
f 969/943 999/942 927/939
f 999/942 969/943 1009/945
f 1176/685 1136/815 1129/801
f 1176/685 1113/702 1122/698
f 1008/925 926/927 998/919
f 926/927 1008/925 968/932
f 1024/724 1049/717 1014/736
f 1049/717 1024/724 1055/709
f 1055/709 1113/702 1049/717
f 1113/702 1055/709 1122/698
f 846/617 904/634 817/616
f 904/634 846/617 927/635
f 903/669 795/665 893/675
f 795/665 903/669 816/660
f 1428/786 1401/785 1440/808
f 1401/785 1428/786 1387/762
f 1503/558 1475/577 1509/571
f 1475/577 1503/558 1471/578
f 1462/936 1420/935 1471/938
f 1420/935 1462/936 1413/931
f 1526/540 1494/559 1503/558
f 1494/559 1526/540 1519/541
f 1494/559 1471/578 1503/558
f 1471/578 1494/559 1462/579
f 1481/560 1462/579 1494/559
f 1462/579 1481/560 1440/580
f 1405/763 1403/774 1375/753
f 1403/774 1405/763 1432/787
f 1401/926 1350/924 1413/931
f 1350/924 1401/926 1336/918
f 1225/706 1213/708 1205/701
f 1213/708 1225/706 1263/721
f 1265/707 1263/721 1225/706
f 1263/721 1265/707 1300/722
f 1528/551 1503/558 1509/571
f 1503/558 1528/551 1526/540
f 1420/935 1369/934 1430/937
f 1369/934 1420/935 1361/930
f 1229/723 1176/685 1219/715
f 1215/694 1225/706 1207/693
f 1225/706 1215/694 1265/707
f 1316/740 1365/741 1306/720
f 1365/741 1316/740 1387/762
f 1519/541 1481/560 1494/559
f 1481/560 1519/541 1505/542
f 1330/731 1328/742 1300/722
f 1328/742 1330/731 1375/753
f 1375/753 1359/764 1328/742
f 1359/764 1375/753 1403/774
f 1387/762 1405/763 1365/741
f 1405/763 1387/762 1428/786
f 1316/740 1267/752 1336/761
f 1267/752 1316/740 1237/730
f 1328/742 1302/744 1292/733
f 1302/744 1328/742 1359/764
f 1440/933 1413/931 1462/936
f 1413/931 1440/933 1401/926
f 1536/516 1521/531 1534/517
f 1521/531 1536/516 1525/530
f 1342/776 1273/765 1269/754
f 1273/765 1342/776 1346/789
f 1277/775 1274/788 1176/685
f 1534/517 1513/532 1530/519
f 1513/532 1534/517 1521/531
f 1570/500 1568/501 1572/502
f 1568/501 1570/500 1567/503
f 1498/549 1468/568 1466/569
f 1468/568 1498/549 1500/548
f 1559/511 1531/521 1535/523
f 1531/521 1559/511 1555/510
f 1468/568 1499/554 1467/574
f 1499/554 1468/568 1500/548
f 1397/790 1342/776 1332/766
f 1342/776 1397/790 1407/800
f 1269/754 1176/685 1261/743
f 1354/799 1412/819 1347/797
f 1412/819 1354/799 1417/823
f 1277/775 1347/797 1274/788
f 1347/797 1277/775 1354/799
f 1522/539 1500/548 1525/530
f 1500/548 1522/539 1499/554
f 1407/800 1346/789 1342/776
f 1346/789 1407/800 1411/813
f 1559/511 1536/516 1560/506
f 1536/516 1559/511 1535/523
f 1569/507 1561/512 1564/518
f 1561/512 1569/507 1566/504
f 1346/789 1277/775 1273/765
f 1277/775 1346/789 1354/799
f 1492/550 1466/569 1448/570
f 1466/569 1492/550 1498/549
f 1567/503 1555/510 1559/511
f 1555/510 1567/503 1562/505
f 1277/775 1176/685 1273/765
f 1438/814 1407/800 1397/790
f 1407/800 1438/814 1448/824
f 1513/532 1498/549 1492/550
f 1498/549 1513/532 1521/531
f 1332/766 1269/754 1261/743
f 1269/754 1332/766 1342/776
f 1479/552 1448/570 1438/572
f 1448/570 1479/552 1492/550
f 1530/519 1501/534 1523/526
f 1501/534 1530/519 1513/532
f 1568/501 1558/508 1566/504
f 1558/508 1568/501 1560/506
f 1560/506 1534/517 1558/508
f 1534/517 1560/506 1536/516
f 1448/824 1411/813 1407/800
f 1411/813 1448/824 1466/832
f 1572/502 1566/504 1569/507
f 1566/504 1572/502 1568/501
f 1501/534 1492/550 1479/552
f 1492/550 1501/534 1513/532
f 1566/504 1554/513 1561/512
f 1554/513 1566/504 1558/508
f 1273/765 1176/685 1269/754
f 1558/508 1530/519 1554/513
f 1530/519 1558/508 1534/517
f 1532/525 1505/542 1519/541
f 1505/542 1532/525 1523/526
f 1542/524 1519/541 1526/540
f 1519/541 1542/524 1532/525
f 1422/796 1397/790 1381/777
f 1397/790 1422/796 1438/814
f 1564/518 1542/524 1556/533
f 1542/524 1564/518 1561/512
f 1314/755 1261/743 1235/732
f 1261/743 1314/755 1332/766
f 1460/562 1438/572 1422/582
f 1438/572 1460/562 1479/552
f 1554/513 1523/526 1532/525
f 1523/526 1554/513 1530/519
f 1359/764 1314/755 1302/744
f 1314/755 1359/764 1381/777
f 1432/787 1422/796 1403/774
f 1422/796 1432/787 1460/810
f 1263/721 1219/715 1213/708
f 1219/715 1263/721 1292/733
f 1464/561 1460/562 1432/581
f 1460/562 1464/561 1490/543
f 1261/743 1176/685 1235/732
f 1302/744 1235/732 1229/723
f 1235/732 1302/744 1314/755
f 1556/533 1526/540 1528/551
f 1526/540 1556/533 1542/524
f 1490/543 1479/552 1460/562
f 1479/552 1490/543 1501/534
f 1523/526 1490/543 1505/542
f 1490/543 1523/526 1501/534
f 1381/777 1332/766 1314/755
f 1332/766 1381/777 1397/790
f 1561/512 1532/525 1542/524
f 1532/525 1561/512 1554/513
f 1235/732 1176/685 1229/723
f 1403/774 1381/777 1359/764
f 1381/777 1403/774 1422/796
f 1505/542 1464/561 1481/560
f 1464/561 1505/542 1490/543
f 1292/733 1229/723 1219/715
f 1229/723 1292/733 1302/744
f 1365/741 1375/753 1330/731
f 1375/753 1365/741 1405/763
f 1428/786 1432/787 1405/763
f 1432/787 1428/786 1464/809
f 1219/715 1176/685 1213/708
f 1300/722 1292/733 1263/721
f 1292/733 1300/722 1328/742
f 1464/561 1440/580 1481/560
f 1440/580 1464/561 1428/585
f 732/603 675/599 691/595
f 675/599 732/603 724/610
f 1176/685 1123/792 1114/778
f 872/615 747/602 819/614
f 747/602 872/615 800/609
f 1032/771 1011/794 1003/781
f 1011/794 1032/771 1040/779
f 1114/778 1056/802 1050/793
f 1056/802 1114/778 1123/792
f 886/631 872/615 819/614
f 872/615 886/631 931/632
f 1176/685 1087/770 1075/756
f 819/614 716/601 790/613
f 716/601 819/614 747/602
f 790/613 700/608 755/623
f 700/608 790/613 716/601
f 652/589 624/590 627/591
f 624/590 652/589 629/592
f 1011/794 994/818 986/806
f 994/818 1011/794 1015/803
f 763/604 691/595 714/598
f 691/595 763/604 732/603
f 943/650 886/631 862/630
f 886/631 943/650 986/651
f 862/630 819/614 790/613
f 819/614 862/630 886/631
f 1408/820 1439/840 1398/829
f 1439/840 1408/820 1449/839
f 747/602 683/594 716/601
f 683/594 747/602 714/598
f 1050/793 1025/817 1015/803
f 1025/817 1050/793 1056/802
f 1176/685 1114/778 1087/770
f 716/601 667/597 700/608
f 667/597 716/601 683/594
f 1262/812 1236/822 1176/685
f 683/594 627/591 667/597
f 627/591 683/594 652/589
f 1040/779 1015/803 1011/794
f 1015/803 1040/779 1050/793
f 1075/756 1040/779 1032/771
f 1040/779 1075/756 1087/770
f 844/629 790/613 755/623
f 790/613 844/629 862/630
f 800/609 714/598 747/602
f 714/598 800/609 763/604
f 691/595 629/592 652/589
f 629/592 691/595 675/599
f 986/651 931/632 886/631
f 931/632 986/651 994/658
f 1003/781 986/806 943/805
f 986/806 1003/781 1011/794
f 1555/510 1524/522 1531/521
f 1524/522 1555/510 1533/515
f 1262/812 1315/830 1236/822
f 1315/830 1262/812 1333/821
f 1565/509 1543/514 1562/505
f 1543/514 1565/509 1557/520
f 1533/515 1506/529 1524/522
f 1506/529 1533/515 1520/528
f 1557/520 1527/527 1543/514
f 1527/527 1557/520 1529/535
f 1398/829 1423/851 1382/841
f 1423/851 1398/829 1439/840
f 1529/535 1504/544 1527/527
f 1504/544 1529/535 1510/553
f 1333/821 1382/841 1315/830
f 1382/841 1333/821 1398/829
f 1343/811 1398/829 1333/821
f 1398/829 1343/811 1408/820
f 1449/575 1480/556 1439/576
f 1480/556 1449/575 1493/555
f 1270/798 1333/821 1262/812
f 1333/821 1270/798 1343/811
f 1531/521 1502/537 1514/536
f 1502/537 1531/521 1524/522
f 1270/798 1262/812 1176/685
f 1499/554 1514/536 1493/555
f 1514/536 1499/554 1522/539
f 1347/797 1408/820 1343/811
f 1408/820 1347/797 1412/819
f 1412/819 1449/839 1408/820
f 1449/839 1412/819 1467/838
f 1439/576 1461/557 1423/584
f 1461/557 1439/576 1480/556
f 1274/788 1343/811 1270/798
f 1343/811 1274/788 1347/797
f 1274/788 1270/798 1176/685
f 1562/505 1533/515 1555/510
f 1533/515 1562/505 1543/514
f 1467/574 1493/555 1449/575
f 1493/555 1467/574 1499/554
f 1535/523 1514/536 1522/539
f 1514/536 1535/523 1531/521
f 1543/514 1520/528 1533/515
f 1520/528 1543/514 1527/527
f 1174/684 1160/681 1149/678
f 1160/681 1174/684 1175/689
f 1524/522 1491/538 1502/537
f 1491/538 1524/522 1506/529
f 1480/556 1491/538 1461/557
f 1491/538 1480/556 1502/537
f 1493/555 1502/537 1480/556
f 1502/537 1493/555 1514/536
f 991/672 881/662 968/671
f 881/662 991/672 924/663
f 1176/685 1128/690 1135/682
f 1045/710 1055/709 1024/724
f 1055/709 1045/710 1063/696
f 1012/747 968/769 1008/751
f 968/769 1012/747 991/768
f 1087/770 1050/793 1040/779
f 1050/793 1087/770 1114/778
f 1020/726 1016/725 1004/746
f 1016/725 1020/726 1041/711
f 991/768 987/767 924/791
f 987/767 991/768 1004/746
f 1004/746 1006/745 987/767
f 1006/745 1004/746 1016/725
f 1063/696 1122/698 1055/709
f 1122/698 1063/696 1128/690
f 968/671 845/661 926/670
f 845/661 968/671 881/662
f 924/663 799/646 881/662
f 799/646 924/663 871/647
f 998/919 903/928 995/920
f 903/928 998/919 926/927
f 1084/686 1128/690 1063/696
f 1128/690 1084/686 1135/682
f 1012/747 1004/746 991/768
f 1004/746 1012/747 1020/726
f 1057/697 1063/696 1045/710
f 1063/696 1057/697 1084/686
f 924/663 930/664 871/647
f 930/664 924/663 987/673
f 714/598 652/589 683/594
f 652/589 714/598 691/595
f 995/676 893/675 989/677
f 893/675 995/676 903/669
f 926/670 816/660 903/669
f 816/660 926/670 845/661
f 1041/711 1045/710 1016/725
f 1045/710 1041/711 1057/697
f 1022/913 989/923 1018/917
f 989/923 1022/913 995/920
f 987/767 993/760 930/784
f 993/760 987/767 1006/745
f 1006/745 1014/736 993/760
f 1014/736 1006/745 1024/724
f 1016/725 1024/724 1006/745
f 1024/724 1016/725 1045/710
f 1094 1090 1093
f 1098 1096 1097
f 1099 1096 1098
f 1095 1097 1096
f 1100 1096 1099
f 1092 1090 1091
f 1093 1090 1092
f 1089 1091 1090
f 1095 1096 1255
f 1256 1255 1096
f 1249 1250 1254
f 1260 1259 1258
f 1260 1258 1257
f 1260 1257 1255
f 1255 1256 1260
f 1254 1253 1252
f 1254 1252 1251
f 1254 1251 1249
f 1684 1672 1580
f 1580 1582 1684
f 617 615 340
f 340 362 617
f 1254 1250 1090
f 1090 1094 1254
f 1096 1100 1260
f 1260 1256 1096
f 1660 1580 1671
f 1658 1580 1660
f 1595 1580 1658
f 1589 1580 1595
f 1579 1580 1589
f 1672 1671 1580
f 615 614 340
f 570 340 614
f 560 340 570
f 558 340 560
f 556 340 558
f 339 340 556
f 1254 1094 1093
f 1153 1253 1254
f 1115 1153 1254
f 1093 1115 1254
f 1684 1582 1581
f 1661 1683 1684
f 1659 1661 1684
f 1657 1659 1684
f 1594 1657 1684
f 1581 1594 1684
f 617 362 361
f 590 616 617
f 561 590 617
f 559 561 617
f 557 559 617
f 555 557 617
f 361 555 617
f 617 616 614
f 614 615 617
f 1023/944 1066/950 1019/947
f 1066/950 1023/944 1068/948
f 1071/952 1185/953 1068/948
f 1185/953 1071/952 1184/956
f 1112/885 1183/899 1081/893
f 1183/899 1112/885 1182/892
f 1009/945 1028/946 999/942
f 1028/946 1009/945 1034/951
f 1177/845 1161/833 1176/685
f 1068/948 1186/954 1066/950
f 1186/954 1068/948 1185/953
f 1150/846 1179/865 1133/857
f 1179/865 1150/846 1178/855
f 1048/877 1081/893 1034/886
f 1081/893 1048/877 1112/885
f 1039/728 1074/716 1031/735
f 1074/716 1039/728 1086/712
f 1121/876 1182/892 1112/885
f 1182/892 1121/876 1181/884
f 1133/857 1180/875 1127/866
f 1180/875 1133/857 1179/865
f 713/627 651/611 690/626
f 651/611 713/627 682/612
f 885/656 942/667 861/655
f 942/667 885/656 985/668
f 1062/858 1121/876 1054/867
f 1121/876 1062/858 1127/866
f 999/942 1023/944 996/940
f 1023/944 999/942 1028/946
f 1028/946 1068/948 1023/944
f 1068/948 1028/946 1071/952
f 1013/868 1034/886 1009/878
f 1034/886 1013/868 1048/877
f 1058/835 1062/858 1042/848
f 1062/858 1058/835 1083/847
f 1152/825 1150/846 1125/834
f 1150/846 1152/825 1161/833
f 1081/955 1184/956 1071/952
f 1184/956 1081/955 1183/959
f 1161/833 1178/855 1150/846
f 1178/855 1161/833 1177/845
f 1127/866 1181/884 1121/876
f 1181/884 1127/866 1180/875
f 1176/685 1074/716 1086/712
f 818/640 861/655 789/639
f 861/655 818/640 885/656
f 1176/685 1072/727 1074/716
f 1010/750 1031/735 1002/759
f 1031/735 1010/750 1039/728
f 1031/735 1072/727 1029/749
f 1072/727 1031/735 1074/716
f 942/783 1000/772 922/795
f 1000/772 942/783 1002/759
f 871/647 746/628 799/646
f 746/628 871/647 818/640
f 746/628 682/612 713/627
f 682/612 746/628 715/621
f 1329/862 1331/881 1301/872
f 1331/881 1329/862 1376/871
f 1472/563 1510/553 1476/573
f 1510/553 1472/563 1504/544
f 1433/870 1429/888 1406/880
f 1429/888 1433/870 1465/894
f 1220/843 1214/854 1176/685
f 1236/822 1230/831 1176/685
f 1402/970 1463/971 1414/968
f 1463/971 1402/970 1441/972
f 1083/847 1127/866 1062/858
f 1127/866 1083/847 1133/857
f 1414/968 1472/969 1421/965
f 1472/969 1414/968 1463/971
f 1021/859 1048/877 1013/868
f 1048/877 1021/859 1054/867
f 1220/843 1264/863 1214/854
f 1264/863 1220/843 1293/853
f 1388/895 1441/900 1402/903
f 1441/900 1388/895 1429/888
f 1054/867 1112/885 1048/877
f 1112/885 1054/867 1121/876
f 1527/527 1495/545 1520/528
f 1495/545 1527/527 1504/544
f 1404/861 1406/880 1376/871
f 1406/880 1404/861 1433/870
f 1429/566 1482/546 1441/565
f 1482/546 1429/566 1465/547
f 1421/583 1476/573 1431/586
f 1476/573 1421/583 1472/563
f 1406/880 1388/895 1366/889
f 1388/895 1406/880 1429/888
f 1293/853 1301/872 1264/863
f 1301/872 1293/853 1329/862
f 1230/831 1293/853 1220/843
f 1293/853 1230/831 1303/842
f 1376/871 1366/889 1331/881
f 1366/889 1376/871 1406/880
f 1461/557 1465/547 1433/567
f 1465/547 1461/557 1491/538
f 1085/826 1083/847 1058/835
f 1083/847 1085/826 1125/834
f 1034/951 1071/952 1028/946
f 1071/952 1034/951 1081/955
f 1176/685 1161/833 1152/825
f 1042/848 1054/867 1021/859
f 1054/867 1042/848 1062/858
f 1125/834 1133/857 1083/847
f 1133/857 1125/834 1150/846
f 996/940 1019/947 990/949
f 1019/947 996/940 1023/944
f 1136/815 1125/834 1085/826
f 1125/834 1136/815 1152/825
f 1579 1581 1580
f 1582 1580 1581
f 1466/832 1417/823 1411/813
f 1417/823 1466/832 1468/844
f 1267/910 1168/907 1275/914
f 1168/907 1267/910 1169/905
f 1194/695 1176/685 1175/689
f 1231/705 1170/719 1237/730
f 1170/719 1231/705 1171/704
f 1215/694 1174/684 1173/688
f 1174/684 1215/694 1207/693
f 1223/700 1173/688 1172/692
f 1173/688 1223/700 1215/694
f 1570/500 1562/505 1567/503
f 1562/505 1570/500 1565/509
f 1207/693 1175/689 1174/684
f 1175/689 1207/693 1194/695
f 1417/823 1467/838 1412/819
f 1467/838 1417/823 1468/844
f 1525/530 1498/549 1521/531
f 1498/549 1525/530 1500/548
f 1535/523 1525/530 1536/516
f 1525/530 1535/523 1522/539
f 1567/503 1560/506 1568/501
f 1560/506 1567/503 1559/511
f 1411/813 1354/799 1346/789
f 1354/799 1411/813 1417/823
f 1280/922 1166/921 1282/929
f 1166/921 1280/922 1167/912
f 1275/914 1167/912 1280/922
f 1167/912 1275/914 1168/907
f 1237/730 1169/739 1267/752
f 1169/739 1237/730 1170/719
f 1317/901 1402/903 1337/904
f 1402/903 1317/901 1388/895
f 1337/967 1414/968 1351/964
f 1414/968 1337/967 1402/970
f 1351/964 1421/965 1362/961
f 1421/965 1351/964 1414/968
f 1331/881 1307/896 1295/890
f 1307/896 1331/881 1366/889
f 1366/889 1317/901 1307/896
f 1317/901 1366/889 1388/895
f 1281/957 1370/962 1283/958
f 1370/962 1281/957 1362/961
f 1264/863 1266/882 1226/873
f 1266/882 1264/863 1301/872
f 1362/961 1431/966 1370/962
f 1431/966 1362/961 1421/965
f 1214/854 1226/873 1206/864
f 1226/873 1214/854 1264/863
f 1301/872 1295/890 1266/882
f 1295/890 1301/872 1331/881
f 1266/882 1224/891 1216/883
f 1224/891 1266/882 1295/890
f 1195/856 1178/855 1177/845
f 1178/855 1195/856 1208/874
f 1231/705 1172/692 1171/704
f 1172/692 1231/705 1223/700
f 1276/960 1362/961 1281/957
f 1362/961 1276/960 1351/964
f 1206/864 1195/856 1176/685
f 1001/780 943/805 923/804
f 943/805 1001/780 1003/781
f 667/597 625/596 653/607
f 625/596 667/597 627/591
f 1506/529 1465/547 1491/538
f 1465/547 1506/529 1482/546
f 1360/852 1376/871 1329/862
f 1376/871 1360/852 1404/861
f 1520/528 1482/546 1506/529
f 1482/546 1520/528 1495/545
f 1441/565 1495/545 1463/564
f 1495/545 1441/565 1482/546
f 1236/822 1303/842 1230/831
f 1303/842 1236/822 1315/830
f 1303/842 1329/862 1293/853
f 1329/862 1303/842 1360/852
f 1230/831 1220/843 1176/685
f 1423/851 1433/870 1404/861
f 1433/870 1423/851 1461/879
f 1176/685 1075/756 1073/748
f 1382/841 1404/861 1360/852
f 1404/861 1382/841 1423/851
f 627/591 618/593 625/596
f 618/593 627/591 624/590
f 1030/757 1003/781 1001/780
f 1003/781 1030/757 1032/771
f 1463/564 1504/544 1472/563
f 1504/544 1463/564 1495/545
f 1073/748 1032/771 1030/757
f 1032/771 1073/748 1075/756
f 1315/830 1360/852 1303/842
f 1360/852 1315/830 1382/841
f 700/608 653/607 698/622
f 653/607 700/608 667/597
f 923/648 862/630 844/629
f 862/630 923/648 943/650
f 843/654 745/641 754/638
f 745/641 843/654 836/649
f 1069/734 1030/757 1026/758
f 1030/757 1069/734 1073/748
f 682/612 626/600 651/611
f 626/600 682/612 666/606
f 666/606 625/596 626/600
f 625/596 666/606 653/607
f 922/795 997/782 915/807
f 997/782 922/795 1000/772
f 915/657 844/629 836/649
f 844/629 915/657 923/648
f 1026/758 1001/780 997/782
f 1001/780 1026/758 1030/757
f 1000/772 1026/758 997/782
f 1026/758 1000/772 1029/749
f 755/623 698/622 745/641
f 698/622 755/623 700/608
f 1080/908 1027/911 1070/906
f 1027/911 1080/908 1033/915
f 455 456 480
f 456 457 481
f 481 480 456
f 482 481 457
f 452 451 476
f 476 477 452
f 453 452 477
f 477 478 453
f 1616/428 1617/429 1628/462
f 1629/463 1628/462 1617/429
f 322/154 321/155 430/107
f 430/107 431/106 322/154
f 323/156 322/154 431/106
f 431/106 432/110 323/156
f 437/157 436/158 393/159
f 393/159 394/160 437/157
f 438/161 437/157 394/160
f 394/160 395/162 438/161
f 495/464 496/465 513/457
f 496/465 497/466 514/452
f 514/452 513/457 496/465
f 515/434 514/452 497/466
f 480/467 481/468 495/464
f 481/468 482/469 496/465
f 496/465 495/464 481/468
f 497/466 496/465 482/469
f 394/160 386/163 384/164
f 320/165 321/155 324/166
f 348/167 340/168 323/156
f 394/160 393/159 392/169
f 392/169 388/170 385/171
f 394/160 392/169 385/171
f 390/172 389/173 388/170
f 391/174 390/172 388/170
f 392/169 391/174 388/170
f 325/175 324/166 321/155
f 341/176 338/177 337/178
f 338/177 341/176 343/179
f 341/176 337/178 336/180
f 341/176 336/180 335/181
f 341/176 335/181 334/182
f 333/183 332/184 329/185
f 341/176 334/182 333/183
f 328/186 326/187 327/188
f 341/176 327/188 325/175
f 329/185 330/250 333/183
f 341/176 333/183 330/250
f 328/186 341/176 330/250
f 321/155 322/154 325/175
f 340/168 339/190 322/154
f 363/191 385/171 387/192
f 388/170 387/192 385/171
f 357/193 363/191 387/192
f 364/194 363/191 359/195
f 378/196 387/192 329/185
f 378/196 331/197 357/193
f 360/198 359/195 357/193
f 357/193 359/195 363/191
f 359/195 361/199 371/200
f 332/184 331/197 329/185
f 394/160 371/200 361/199
f 394/160 384/164 383/201
f 385/171 386/163 394/160
f 394/160 382/202 381/203
f 394/160 383/201 382/202
f 394/160 381/203 380/204
f 394/160 380/204 379/205
f 394/160 379/205 377/206
f 394/160 377/206 376/207
f 394/160 376/207 375/208
f 394/160 375/208 374/209
f 394/160 374/209 373/210
f 394/160 373/210 372/211
f 394/160 372/211 371/200
f 371/200 370/212 359/195
f 370/212 369/213 359/195
f 369/213 368/214 359/195
f 368/214 367/215 359/195
f 367/215 366/216 359/195
f 366/216 365/217 359/195
f 365/217 364/194 359/195
f 360/198 358/218 356/219
f 360/198 356/219 355/220
f 357/193 358/218 360/198
f 360/198 354/221 353/222
f 360/198 355/220 354/221
f 360/198 353/222 352/223
f 360/198 352/223 351/224
f 360/198 351/224 350/225
f 360/198 350/225 349/226
f 360/198 349/226 347/227
f 360/198 347/227 346/228
f 341/176 342/229 360/198
f 360/198 346/228 345/230
f 360/198 345/230 344/231
f 360/198 343/179 341/176
f 360/198 344/231 343/179
f 339/190 325/175 322/154
f 395/162 362/232 340/168
f 395/162 394/160 361/199
f 340/168 348/167 395/162
f 361/199 362/232 395/162
f 322/154 323/156 340/168
f 325/175 339/190 341/176
f 456/233 455/234 436/158
f 436/158 437/157 456/233
f 457/235 456/233 437/157
f 437/157 438/161 457/235
f 843/654 915/657 836/649
f 915/657 843/654 922/666
f 651/611 623/605 628/619
f 623/605 651/611 626/600
f 997/782 923/804 915/807
f 923/804 997/782 1001/780
f 789/639 699/620 715/621
f 699/620 789/639 754/638
f 1029/749 1069/734 1026/758
f 1069/734 1029/749 1072/727
f 1176/685 1069/734 1072/727
f 754/638 698/622 699/620
f 698/622 754/638 745/641
f 1176/685 1160/681 1175/689
f 626/600 618/593 623/605
f 618/593 626/600 625/596
f 715/621 666/606 682/612
f 666/606 715/621 699/620
f 699/620 653/607 666/606
f 653/607 699/620 698/622
f 844/629 745/641 836/649
f 745/641 844/629 755/623
f 1176/685 1073/748 1069/734
f 1167/912 1065/916 1166/921
f 1065/916 1167/912 1067/909
f 930/664 985/668 885/656
f 985/668 930/664 993/674
f 1185/953 1283/958 1186/954
f 1283/958 1185/953 1281/957
f 993/760 1010/750 985/773
f 1010/750 993/760 1014/736
f 1002/759 1029/749 1000/772
f 1029/749 1002/759 1031/735
f 1176/685 1086/712 1113/702
f 818/640 715/621 746/628
f 715/621 818/640 789/639
f 1049/717 1086/712 1039/728
f 1086/712 1049/717 1113/702
f 1268/963 1351/964 1276/960
f 1351/964 1268/963 1337/967
f 1295/890 1232/897 1224/891
f 1232/897 1295/890 1307/896
f 1208/874 1179/865 1178/855
f 1179/865 1208/874 1216/883
f 1214/854 1206/864 1176/685
f 1181/884 1238/898 1182/892
f 1238/898 1181/884 1232/897
f 762/645 690/626 731/644
f 690/626 762/645 713/627
f 799/646 713/627 762/645
f 713/627 799/646 746/628
f 816/660 723/653 795/665
f 723/653 816/660 731/644
f 845/661 731/644 816/660
f 731/644 845/661 762/645
f 985/773 1002/759 942/783
f 1002/759 985/773 1010/750
f 731/644 674/637 723/653
f 674/637 731/644 690/626
f 789/639 843/654 754/638
f 843/654 789/639 861/655
f 871/647 885/656 818/640
f 885/656 871/647 930/664
f 690/626 628/619 674/637
f 628/619 690/626 651/611
f 861/655 922/666 843/654
f 922/666 861/655 942/667
f 881/662 762/645 845/661
f 762/645 881/662 799/646
f 1014/736 1039/728 1010/750
f 1039/728 1014/736 1049/717
f 1184/956 1281/957 1185/953
f 1281/957 1184/956 1276/960
f 1216/883 1180/875 1179/865
f 1180/875 1216/883 1224/891
f 1206/864 1208/874 1195/856
f 1208/874 1206/864 1226/873
f 1224/891 1181/884 1180/875
f 1181/884 1224/891 1232/897
f 1183/959 1276/960 1184/956
f 1276/960 1183/959 1268/963
f 1226/873 1216/883 1208/874
f 1216/883 1226/873 1266/882
f 1307/896 1238/898 1232/897
f 1238/898 1307/896 1317/901
f 1238/898 1337/904 1268/902
f 1337/904 1238/898 1317/901
f 1182/892 1268/902 1183/899
f 1268/902 1182/892 1238/898
f 4/236 3/237 1/238
f 1/238 2/239 4/236
f 318/240 319/241 1/238
f 2/239 1/238 319/241
f 644/1269 638/1270 634/1271
f 644/1269 634/1271 640/1273
f 661/1293 669/1295 665/1289
f 673/1298 665/1289 669/1295
f 632/1274 637/1282 636/1278
f 632/1274 636/1278 631/1272
f 665/1289 659/1283 655/1287
f 665/1289 655/1287 661/1293
f 650/1277 644/1269 640/1273
f 650/1277 640/1273 646/1281
f 638/1270 632/1274 631/1272
f 638/1270 631/1272 634/1271
f 693/1449 702/1450 697/1451
f 706/1452 697/1451 702/1450
f 637/1282 643/1288 642/1284
f 637/1282 642/1284 636/1278
f 659/1283 650/1277 646/1281
f 659/1283 646/1281 655/1287
f 677/1459 685/1455 681/1457
f 689/1453 681/1457 685/1455
f 685/1455 693/1449 689/1453
f 697/1451 689/1453 693/1449
f 669/1295 677/1301 673/1298
f 681/1304 673/1298 677/1301
f 909/1505 910/1506 918/1507
f 919/1509 918/1507 910/1506
f 889/1512 890/1511 899/1510
f 900/1508 899/1510 890/1511
f 877/1514 878/1513 889/1512
f 889/1512 878/1513 890/1511
f 899/1510 900/1508 909/1505
f 910/1506 909/1505 900/1508
f 427 434 435
f 867/1516 868/1515 877/1514
f 877/1514 868/1515 878/1513
f 840/1324 839/1327 830/1320
f 830/1320 831/1317 840/1324
f 851/1330 852/1334 857/1336
f 857/1336 852/1334 858/1340
f 839/1327 840/1324 851/1330
f 851/1330 840/1324 852/1334
f 857/1518 858/1517 867/1516
f 867/1516 858/1517 868/1515
f 825/1314 824/1315 812/1316
f 812/1316 813/1318 825/1314
f 831/1317 830/1320 824/1315
f 824/1315 825/1314 831/1317
f 856/1356 850/1353 849/1354
f 849/1354 855/1357 856/1356
f 850/1353 838/1351 837/1350
f 837/1350 849/1354 850/1353
f 887/1519 897/1520 898/1521
f 887/1519 898/1521 888/1523
f 829/1348 828/1347 837/1350
f 837/1350 838/1351 829/1348
f 802/1331 801/1328 804/1335
f 804/1335 805/1337 802/1331
f 866/1530 856/1532 855/1531
f 855/1531 865/1529 866/1530
f 805/1337 804/1335 810/1341
f 810/1341 811/1342 805/1337
f 811/1342 810/1341 822/1344
f 822/1344 823/1345 811/1342
f 813/1318 812/1316 806/1321
f 806/1321 807/1325 813/1318
f 807/1325 806/1321 801/1328
f 801/1328 802/1331 807/1325
f 888/1523 876/1527 875/1525
f 875/1525 887/1519 888/1523
f 823/1345 822/1344 828/1347
f 828/1347 829/1348 823/1345
f 876/1527 866/1530 865/1529
f 865/1529 875/1525 876/1527
f 932/1377 946/1373 947/1371
f 932/1377 947/1371 933/1379
f 946/1373 956/1367 947/1371
f 957/1363 947/1371 956/1367
f 916/1383 932/1377 933/1379
f 916/1383 933/1379 917/1385
f 956/1367 962/1359 957/1363
f 963/1361 957/1363 962/1359
f 907/1524 916/1528 917/1526
f 907/1524 917/1526 908/1522
f 962/1359 970/1360 963/1361
f 971/1362 963/1361 970/1360
f 970/1360 976/1365 971/1362
f 977/1369 971/1362 976/1365
f 897/1520 907/1524 908/1522
f 897/1520 908/1522 898/1521
f 976/1365 982/1372 977/1369
f 983/1375 977/1369 982/1372
f 911/1463 910/1464 900/1465
f 900/1465 901/1467 911/1463
f 978/1378 972/1384 979/1381
f 973/1387 979/1381 972/1384
f 920/1466 919/1468 910/1464
f 910/1464 911/1463 920/1466
f 869/1474 868/1473 858/1475
f 858/1475 859/1476 869/1474
f 964/1388 958/1391 965/1390
f 959/1393 965/1390 958/1391
f 958/1391 948/1394 959/1393
f 949/1396 959/1393 948/1394
f 972/1384 964/1388 973/1387
f 965/1390 973/1387 964/1388
f 901/1467 900/1465 890/1469
f 890/1469 891/1470 901/1467
f 918/1402 919/1400 934/1399
f 935/1397 934/1399 919/1400
f 891/1470 890/1469 878/1471
f 878/1471 879/1472 891/1470
f 879/1472 878/1471 868/1473
f 868/1473 869/1474 879/1472
f 859/1339 858/1340 852/1334
f 852/1334 853/1333 859/1339
f 982/1372 978/1378 983/1375
f 979/1381 983/1375 978/1378
f 934/1399 935/1397 948/1394
f 949/1396 948/1394 935/1397
f 832/1323 841/1329 840/1324
f 832/1323 840/1324 831/1317
f 826/1319 832/1323 831/1317
f 826/1319 831/1317 825/1314
f 853/1333 852/1334 840/1324
f 840/1324 841/1329 853/1333
f 814/1322 826/1319 825/1314
f 814/1322 825/1314 813/1318
f 803/1332 808/1326 807/1325
f 803/1332 807/1325 802/1331
f 808/1326 814/1322 813/1318
f 808/1326 813/1318 807/1325
f 898/1477 908/1478 902/1479
f 912/1480 902/1479 908/1478
f 866/1488 876/1486 870/1487
f 880/1485 870/1487 876/1486
f 967/1364 971/1362 975/1368
f 967/1364 963/1361 971/1362
f 975/1368 977/1369 981/1374
f 975/1368 971/1362 977/1369
f 876/1486 888/1483 880/1485
f 892/1481 880/1485 888/1483
f 981/1374 983/1375 984/1380
f 981/1374 977/1369 983/1375
f 850/1353 856/1356 854/1355
f 860/1358 854/1355 856/1356
f 984/1380 979/1381 980/1386
f 984/1380 983/1375 979/1381
f 815/1343 809/1338 805/1337
f 815/1343 805/1337 811/1342
f 838/1351 850/1353 842/1352
f 854/1355 842/1352 850/1353
f 908/1478 917/1482 912/1480
f 921/1484 912/1480 917/1482
f 856/1490 866/1488 860/1489
f 870/1487 860/1489 866/1488
f 809/1338 803/1332 802/1331
f 809/1338 802/1331 805/1337
f 933/1379 947/1371 937/1376
f 951/1370 937/1376 947/1371
f 961/1366 963/1361 967/1364
f 961/1366 957/1363 963/1361
f 833/1349 827/1346 823/1345
f 833/1349 823/1345 829/1348
f 917/1385 933/1379 921/1382
f 937/1376 921/1382 933/1379
f 827/1346 815/1343 811/1342
f 827/1346 811/1342 823/1345
f 951/1370 957/1363 961/1366
f 951/1370 947/1371 957/1363
f 888/1483 898/1477 892/1481
f 902/1479 892/1481 898/1477
f 842/1352 833/1349 829/1348
f 842/1352 829/1348 838/1351
f 966/1392 959/1393 960/1395
f 966/1392 965/1390 959/1393
f 936/1401 935/1397 919/1400
f 919/1400 920/1403 936/1401
f 960/1395 949/1396 950/1398
f 960/1395 959/1393 949/1396
f 950/1398 949/1396 935/1397
f 935/1397 936/1401 950/1398
f 974/1389 965/1390 966/1392
f 974/1389 973/1387 965/1390
f 980/1386 973/1387 974/1389
f 980/1386 979/1381 973/1387
f 782/1404 778/1405 783/1406
f 779/1407 783/1406 778/1405
f 725/1446 733/1440 734/1443
f 725/1446 734/1443 726/1448
f 758/1417 750/1423 759/1420
f 751/1426 759/1420 750/1423
f 766/1410 758/1417 767/1414
f 759/1420 767/1414 758/1417
f 707/1533 717/1534 718/1535
f 707/1533 718/1535 708/1537
f 701/1539 707/1533 708/1537
f 701/1539 708/1537 702/1540
f 739/1436 748/1430 740/1434
f 749/1428 740/1434 748/1430
f 764/1418 776/1412 765/1416
f 777/1408 765/1416 776/1412
f 778/1405 766/1410 779/1407
f 767/1414 779/1407 766/1410
f 733/1440 739/1436 740/1434
f 733/1440 740/1434 734/1443
f 748/1430 756/1424 749/1428
f 757/1422 749/1428 756/1424
f 756/1424 764/1418 757/1422
f 765/1416 757/1422 764/1418
f 717/1534 725/1538 726/1536
f 717/1534 726/1536 718/1535
f 776/1412 782/1404 777/1408
f 783/1406 777/1408 782/1404
f 686/1547 687/1548 694/1549
f 694/1549 687/1548 695/1551
f 657/1296 656/1303 647/1297
f 647/1297 648/1290 657/1296
f 727/1444 728/1441 735/1438
f 736/1435 735/1438 728/1441
f 670/1310 671/1309 678/1313
f 678/1313 671/1309 679/1312
f 703/1553 704/1554 709/1555
f 710/1556 709/1555 704/1554
f 663/1302 662/1308 656/1303
f 656/1303 657/1296 663/1302
f 678/1552 679/1550 686/1547
f 686/1547 679/1550 687/1548
f 694/1549 695/1551 703/1553
f 703/1553 695/1551 704/1554
f 750/1423 741/1429 751/1426
f 742/1432 751/1426 741/1429
f 735/1438 736/1435 741/1429
f 742/1432 741/1429 736/1435
f 648/1290 647/1297 641/1291
f 641/1291 642/1284 648/1290
f 709/1555 710/1556 719/1557
f 720/1558 719/1557 710/1556
f 642/1284 641/1291 635/1285
f 635/1285 636/1278 642/1284
f 719/1557 720/1558 727/1559
f 728/1560 727/1559 720/1558
f 662/1308 663/1302 670/1310
f 670/1310 663/1302 671/1309
f 636/1278 635/1285 630/1279
f 630/1279 631/1272 636/1278
f 646/1281 645/1280 654/1286
f 654/1286 655/1287 646/1281
f 631/1272 630/1279 633/1275
f 633/1275 634/1271 631/1272
f 640/1273 639/1276 645/1280
f 645/1280 646/1281 640/1273
f 655/1287 654/1286 660/1292
f 660/1292 661/1293 655/1287
f 634/1271 633/1275 639/1276
f 639/1276 640/1273 634/1271
f 769/1415 777/1408 781/1411
f 769/1415 765/1416 777/1408
f 677/1301 669/1295 668/1300
f 668/1300 676/1306 677/1301
f 726/1448 734/1443 730/1445
f 738/1439 730/1445 734/1443
f 768/1419 759/1420 760/1425
f 768/1419 767/1414 759/1420
f 761/1421 765/1416 769/1415
f 761/1421 757/1422 765/1416
f 781/1411 783/1406 784/1409
f 781/1411 777/1408 783/1406
f 760/1425 751/1426 752/1431
f 760/1425 759/1420 751/1426
f 708/1454 718/1458 712/1456
f 722/1460 712/1456 718/1458
f 752/1431 742/1432 743/1437
f 752/1431 751/1426 742/1432
f 744/1433 749/1428 753/1427
f 744/1433 740/1434 749/1428
f 685/1544 677/1546 676/1545
f 676/1545 684/1543 685/1544
f 702/1540 693/1542 692/1541
f 692/1541 701/1539 702/1540
f 780/1413 767/1414 768/1419
f 780/1413 779/1407 767/1414
f 693/1542 685/1544 684/1543
f 684/1543 692/1541 693/1542
f 734/1443 740/1434 738/1439
f 744/1433 738/1439 740/1434
f 669/1295 661/1293 660/1292
f 660/1292 668/1300 669/1295
f 784/1409 779/1407 780/1413
f 784/1409 783/1406 779/1407
f 753/1427 757/1422 761/1421
f 753/1427 749/1428 757/1422
f 702/1450 708/1454 706/1452
f 712/1456 706/1452 708/1454
f 718/1458 726/1461 722/1460
f 730/1462 722/1460 726/1461
f 643/1288 649/1294 648/1290
f 643/1288 648/1290 642/1284
f 729/1491 728/1492 720/1493
f 720/1493 721/1494 729/1491
f 688/1502 687/1501 679/1503
f 679/1503 680/1504 688/1502
f 711/1496 710/1495 704/1497
f 704/1497 705/1498 711/1496
f 705/1498 704/1497 695/1499
f 695/1499 696/1500 705/1498
f 743/1437 742/1432 736/1435
f 736/1435 737/1442 743/1437
f 737/1442 736/1435 728/1441
f 728/1441 729/1447 737/1442
f 672/1307 671/1309 663/1302
f 663/1302 664/1305 672/1307
f 721/1494 720/1493 710/1495
f 710/1495 711/1496 721/1494
f 658/1299 664/1305 663/1302
f 658/1299 663/1302 657/1296
f 696/1500 695/1499 687/1501
f 687/1501 688/1502 696/1500
f 680/1311 679/1312 671/1309
f 671/1309 672/1307 680/1311
f 649/1294 658/1299 657/1296
f 649/1294 657/1296 648/1290
f 38/1584 37/1583 87/1585
f 87/1585 88/1586 38/1584
f 89/1626 90/1628 40/1622
f 40/1622 39/1620 89/1626
f 119/1587 88/1586 87/1585
f 87/1585 118/1588 119/1587
f 121/1630 90/1628 89/1626
f 89/1626 120/1632 121/1630
f 26/1561 25/1562 17/1563
f 17/1563 18/1565 26/1561
f 19/1591 20/1592 28/1593
f 28/1593 27/1596 19/1591
f 412/2061 413/2062 472/2063
f 473/2065 472/2063 413/2062
f 414/2083 415/2084 474/2085
f 475/2087 474/2085 415/2084
f 526/2075 527/2076 539/2077
f 540/2078 539/2077 527/2076
f 528/1649 529/1647 541/1644
f 542/1646 541/1644 529/1647
f 543/2080 539/2077 544/2079
f 540/2078 544/2079 539/2077
f 545/1641 541/1644 546/1643
f 542/1646 546/1643 541/1644
f 177/2074 178/2072 226/2070
f 227/2068 226/2070 178/2072
f 179/2102 180/2098 228/2096
f 229/2092 228/2096 180/2098
f 34/1564 33/1566 25/1562
f 25/1562 26/1561 34/1564
f 27/1596 28/1593 36/1600
f 36/1600 35/1602 27/1596
f 226/2070 227/2068 276/2066
f 277/2064 276/2066 227/2068
f 228/2096 229/2092 278/2088
f 279/2086 278/2088 229/2092
f 18/1565 17/1563 9/1567
f 9/1567 10/1569 18/1565
f 11/1594 12/1597 20/1592
f 20/1592 19/1591 11/1594
f 22/1577 21/1575 29/1579
f 29/1579 30/1581 22/1577
f 31/1614 32/1616 24/1610
f 24/1610 23/1607 31/1614
f 472/2063 473/2065 499/2067
f 500/2069 499/2067 473/2065
f 474/2085 475/2087 501/2090
f 502/2094 501/2090 475/2087
f 276/2066 277/2064 412/2061
f 413/2062 412/2061 277/2064
f 278/2088 279/2086 414/2083
f 415/2084 414/2083 279/2086
f 516/2071 517/2073 526/2075
f 527/2076 526/2075 517/2073
f 518/1652 519/1650 528/1649
f 529/1647 528/1649 519/1650
f 92/1572 91/1574 41/1570
f 41/1570 42/1568 92/1572
f 43/1609 44/1606 94/1613
f 94/1613 93/1615 43/1609
f 553/1636 547/1637 554/1638
f 548/1639 554/1638 547/1637
f 547/1637 545/1641 548/1639
f 546/1643 548/1639 545/1641
f 122/1576 123/1578 177/1580
f 178/1582 177/1580 123/1578
f 124/1619 125/1618 179/1625
f 180/1624 179/1625 125/1618
f 42/1568 41/1570 33/1566
f 33/1566 34/1564 42/1568
f 35/1602 36/1600 44/1606
f 44/1606 43/1609 35/1602
f 91/1574 92/1572 122/1576
f 123/1578 122/1576 92/1572
f 93/1615 94/1613 124/1619
f 125/1618 124/1619 94/1613
f 30/1581 29/1579 37/1583
f 37/1583 38/1584 30/1581
f 39/1620 40/1622 32/1616
f 32/1616 31/1614 39/1620
f 499/2067 500/2069 516/2071
f 517/2073 516/2071 500/2069
f 501/2090 502/2094 518/2097
f 519/2100 518/2097 502/2094
f 14/1573 13/1571 21/1575
f 21/1575 22/1577 14/1573
f 23/1607 24/1610 16/1603
f 16/1603 15/1601 23/1607
f 223/2104 174/2105 173/2106
f 173/2106 222/2107 223/2104
f 225/2112 176/2113 175/2114
f 175/2114 224/2116 225/2112
f 174/1589 119/1587 118/1588
f 118/1588 173/1590 174/1589
f 176/1634 121/1630 120/1632
f 120/1632 175/1635 176/1634
f 273/2108 223/2104 222/2107
f 222/2107 272/2109 273/2108
f 275/2119 225/2112 224/2116
f 224/2116 274/2120 275/2119
f 10/1569 9/1567 13/1571
f 13/1571 14/1573 10/1569
f 15/1601 16/1603 12/1597
f 12/1597 11/1594 15/1601
f 315/2122 275/2119 274/2120
f 274/2120 314/2123 315/2122
f 392 315 391
f 314 390 315
f 391 315 390
f 1327/2284 1341/2285 1340/2286
f 1340/2286 1326/2287 1327/2284
f 1310/2288 1296/2289 1311/2290
f 1297/2291 1311/2290 1296/2289
f 1353/2292 1356/2293 1355/2294
f 1355/2294 1352/2295 1353/2292
f 1248/2296 1247/2297 1217/2298
f 1217/2298 1218/2299 1248/2296
f 1218/2299 1217/2298 1196/2300
f 1196/2300 1197/2301 1218/2299
f 1162/2302 1163/2303 1196/2300
f 1197/2301 1196/2300 1163/2303
f 1211/2304 1233/2305 1212/2306
f 1234/2307 1212/2306 1233/2305
f 1297/2291 1296/2289 1247/2297
f 1247/2297 1248/2296 1297/2291
f 1233/2305 1286/2308 1234/2307
f 1287/2309 1234/2307 1286/2308
f 1325/2310 1305/2311 1304/2312
f 1304/2312 1324/2313 1325/2310
f 1142/2314 1137/2315 1141/2316
f 1137/2315 1142/2314 1138/2317
f 1139/2318 1143/2319 1140/2320
f 1144/2321 1140/2320 1143/2319
f 1356/2293 1349/2322 1348/2323
f 1348/2323 1355/2294 1356/2293
f 1459/2419 1386/2420 1458/2421
f 1335/2422 1457/2423 1368/2424
f 1374/2425 1368/2424 1457/2423
f 1457/2423 1335/2422 1309/2426
f 1279/2427 1222/2428 1425/2429
f 1457/2423 1309/2426 1456/2430
f 1141/2431 1425/2429 1142/2432
f 1222/2428 1192/2433 1425/2429
f 1192/2433 1146/2434 1425/2429
f 1146/2434 1142/2432 1425/2429
f 1459/2419 1396/2435 1392/2436
f 1378/2437 1445/2438 1435/2439
f 1445/2438 1437/2440 1435/2439
f 1459/2419 1394/2441 1396/2435
f 1459/2419 1392/2436 1386/2420
f 1416/2442 1345/2443 1364/2444
f 1384/2445 1451/2446 1378/2437
f 1445/2438 1378/2437 1451/2446
f 1394/2441 1459/2419 1384/2445
f 1451/2446 1384/2445 1459/2419
f 1341/2447 1144/2448 1353/2449
f 1327/2450 1148/2451 1341/2447
f 1358/2452 1299/2453 1285/2454
f 1299/2453 1358/2452 1323/2455
f 1358/2452 1285/2454 1291/2456
f 1248/2457 1197/2458 1297/2459
f 1410/2460 1390/2461 1291/2456
f 1358/2452 1291/2456 1390/2461
f 1313/2462 1410/2460 1291/2456
f 1197/2458 1248/2457 1218/2463
f 1345/2443 1416/2442 1313/2462
f 1410/2460 1313/2462 1416/2442
f 1297/2459 1163/2464 1311/2465
f 1163/2464 1297/2459 1197/2458
f 1349/2466 1356/2467 1144/2448
f 1157/2468 1311/2465 1163/2464
f 1148/2451 1327/2450 1157/2468
f 1311/2465 1157/2468 1327/2450
f 1144/2448 1341/2447 1148/2451
f 1356/2467 1353/2449 1144/2448
f 1339/2469 1349/2466 1144/2448
f 1305/2470 1325/2471 1144/2448
f 1325/2471 1339/2469 1144/2448
f 1234/2472 1287/2473 1144/2448
f 1287/2473 1305/2470 1144/2448
f 1212/2474 1234/2472 1144/2448
f 1190/2475 1212/2474 1144/2448
f 1143/2476 1190/2475 1144/2448
f 1341/2285 1353/2292 1352/2295
f 1352/2295 1340/2286 1341/2285
f 1311/2290 1327/2284 1326/2287
f 1326/2287 1310/2288 1311/2290
f 1189/2324 1211/2304 1190/2325
f 1212/2306 1190/2325 1211/2304
f 1286/2308 1304/2312 1287/2309
f 1305/2311 1287/2309 1304/2312
f 1139/2318 1189/2324 1143/2319
f 1190/2325 1143/2319 1189/2324
f 1339/2326 1325/2310 1324/2313
f 1324/2313 1338/2327 1339/2326
f 1349/2322 1339/2326 1338/2327
f 1338/2327 1348/2323 1349/2322
f 1147/2328 1148/2329 1156/2330
f 1157/2331 1156/2330 1148/2329
f 1416/2332 1415/2333 1409/2334
f 1409/2334 1410/2335 1416/2332
f 1284/2336 1290/2337 1285/2338
f 1291/2339 1285/2338 1290/2337
f 1344/2340 1345/2341 1312/2342
f 1313/2343 1312/2342 1345/2341
f 1410/2335 1409/2334 1389/2344
f 1389/2344 1390/2345 1410/2335
f 1363/2346 1415/2333 1364/2347
f 1416/2332 1364/2347 1415/2333
f 1299/2348 1298/2349 1284/2336
f 1284/2336 1285/2338 1299/2348
f 1140/2320 1144/2321 1147/2328
f 1148/2329 1147/2328 1144/2321
f 1358/2350 1357/2351 1321/2352
f 1321/2352 1323/2353 1358/2350
f 1156/2330 1157/2331 1162/2302
f 1163/2303 1162/2302 1157/2331
f 1363/2346 1364/2347 1344/2340
f 1345/2341 1344/2340 1364/2347
f 1390/2345 1389/2344 1357/2351
f 1357/2351 1358/2350 1390/2345
f 1323/2353 1321/2352 1298/2349
f 1298/2349 1299/2348 1323/2353
f 1290/2337 1312/2342 1291/2339
f 1313/2343 1291/2339 1312/2342
f 1457/2354 1456/2355 1452/2356
f 1452/2356 1453/2357 1457/2354
f 1454/2358 1455/2359 1459/2360
f 1459/2360 1458/2361 1454/2358
f 1395/2362 1396/2363 1393/2364
f 1394/2365 1393/2364 1396/2363
f 1437/2366 1445/2367 1444/2368
f 1444/2368 1436/2369 1437/2366
f 1435/2370 1434/2371 1377/2372
f 1377/2372 1378/2373 1435/2370
f 1385/2374 1386/2375 1391/2376
f 1392/2377 1391/2376 1386/2375
f 1445/2367 1451/2378 1450/2379
f 1450/2379 1444/2368 1445/2367
f 1378/2373 1383/2380 1384/2381
f 1383/2380 1378/2373 1377/2372
f 1451/2378 1459/2360 1455/2359
f 1455/2359 1450/2379 1451/2378
f 1435/2370 1437/2366 1436/2369
f 1436/2369 1434/2371 1435/2370
f 1391/2376 1392/2377 1395/2362
f 1396/2363 1395/2362 1392/2377
f 1385/2374 1454/2358 1386/2375
f 1458/2361 1386/2375 1454/2358
f 1393/2364 1394/2365 1383/2380
f 1384/2381 1383/2380 1394/2365
f 1457/2354 1453/2357 1373/2382
f 1373/2382 1374/2383 1457/2354
f 1335/2384 1334/2385 1308/2386
f 1308/2386 1309/2387 1335/2384
f 1367/2388 1368/2389 1373/2382
f 1374/2383 1373/2382 1368/2389
f 1279/2390 1278/2391 1221/2392
f 1221/2392 1222/2393 1279/2390
f 1222/2393 1221/2392 1191/2394
f 1191/2394 1192/2395 1222/2393
f 1192/2395 1191/2394 1145/2396
f 1145/2396 1146/2397 1192/2395
f 1146/2397 1145/2396 1138/2317
f 1138/2317 1142/2314 1146/2397
f 1279/2390 1425/2398 1424/2399
f 1424/2399 1278/2391 1279/2390
f 1334/2385 1335/2384 1367/2388
f 1368/2389 1367/2388 1335/2384
f 1309/2387 1452/2356 1456/2355
f 1452/2356 1309/2387 1308/2386
f 1137/2315 1424/2399 1141/2316
f 1425/2398 1141/2316 1424/2399
f 551 549 552
f 550 552 549
f 388/2110 273/2108 272/2109
f 272/2109 387/2111 388/2110
f 549/2082 543/2080 550/2081
f 544/2079 550/2081 543/2080
f 540/1683 552/1684 544/1685
f 540/1683 533/1688 536/1686
f 544/1685 552/1684 550/1687
f 527/1689 520/1691 523/1690
f 536/1686 552/1684 540/1683
f 178/1705 142/1707 169/1706
f 413/1698 297/1700 409/1699
f 523/1690 533/1688 527/1689
f 540/1683 527/1689 533/1688
f 92/1710 52/1713 63/1712
f 504/1693 520/1691 517/1692
f 527/1689 517/1692 520/1691
f 485/1695 504/1693 500/1694
f 517/1692 500/1694 504/1693
f 469/1697 485/1695 473/1696
f 500/1694 473/1696 485/1695
f 409/1699 469/1697 413/1698
f 473/1696 413/1698 469/1697
f 48/1717 88/1719 57/1721
f 92/1710 63/1712 82/1711
f 256/1702 297/1700 277/1701
f 413/1698 277/1701 297/1700
f 211/1704 256/1702 227/1703
f 277/1701 227/1703 256/1702
f 280/1737 238/1735 273/1736
f 169/1706 211/1704 178/1705
f 227/1703 178/1705 211/1704
f 193/1733 155/1732 174/1731
f 238/1735 193/1733 223/1734
f 109/1709 142/1707 123/1708
f 178/1705 123/1708 142/1707
f 82/1711 109/1709 92/1710
f 123/1708 92/1710 109/1709
f 100/1725 71/1723 88/1719
f 130/1729 100/1725 119/1727
f 52/1713 42/1714 45/1715
f 92/1710 42/1714 52/1713
f 273/1736 388/1738 280/1737
f 389/1739 280/1737 388/1738
f 223/1734 273/1736 238/1735
f 119/1727 174/1731 130/1729
f 174/1731 223/1734 193/1733
f 130/1729 174/1731 155/1732
f 88/1719 119/1727 100/1725
f 57/1721 88/1719 71/1723
f 38/1716 48/1717 45/1715
f 38/1716 88/1719 48/1717
f 18/1726 10/1730 14/1728
f 38/1716 45/1715 42/1714
f 30/1720 38/1716 34/1718
f 42/1714 34/1718 38/1716
f 22/1724 30/1720 26/1722
f 34/1718 26/1722 30/1720
f 14/1728 22/1724 18/1726
f 26/1722 18/1726 22/1724
f 501/1740 486/1741 474/1742
f 274/1793 281/1794 314/1795
f 390/1796 314/1795 281/1794
f 93/1767 53/1770 43/1771
f 414/1748 298/1750 278/1752
f 224/1791 239/1792 274/1793
f 281/1794 274/1793 239/1792
f 278/1752 257/1754 228/1756
f 175/1788 194/1790 224/1791
f 239/1792 224/1791 194/1790
f 228/1756 212/1758 179/1760
f 131/1787 156/1789 175/1788
f 194/1790 175/1788 156/1789
f 120/1785 131/1787 175/1788
f 179/1760 143/1764 124/1765
f 89/1777 101/1783 120/1785
f 131/1787 120/1785 101/1783
f 124/1765 110/1766 93/1767
f 58/1779 72/1781 89/1777
f 101/1783 89/1777 72/1781
f 49/1775 58/1779 89/1777
f 39/1773 49/1775 89/1777
f 39/1773 46/1772 49/1775
f 27/1778 23/1780 15/1782
f 39/1773 43/1771 46/1772
f 31/1776 35/1774 39/1773
f 43/1771 39/1773 35/1774
f 23/1780 27/1778 31/1776
f 35/1774 31/1776 27/1778
f 15/1782 19/1784 27/1778
f 19/1784 15/1782 11/1786
f 541/1755 545/1761 553/1759
f 545/1761 547/1763 553/1759
f 541/1755 537/1757 534/1753
f 528/1749 524/1751 521/1747
f 537/1757 541/1755 553/1759
f 486/1741 501/1740 505/1743
f 474/1742 470/1744 410/1746
f 524/1751 528/1749 534/1753
f 541/1755 534/1753 528/1749
f 470/1744 474/1742 486/1741
f 505/1743 518/1745 521/1747
f 528/1749 521/1747 518/1745
f 518/1745 505/1743 501/1740
f 179/1760 170/1762 143/1764
f 410/1746 414/1748 474/1742
f 414/1748 410/1746 298/1750
f 257/1754 278/1752 298/1750
f 53/1770 46/1772 43/1771
f 212/1758 228/1756 257/1754
f 170/1762 179/1760 212/1758
f 93/1767 83/1768 64/1769
f 83/1768 93/1767 110/1766
f 110/1766 124/1765 143/1764
f 93/1767 64/1769 53/1770
f 469/2124 470/2125 485/2126
f 486/2128 485/2126 470/2125
f 409/2129 410/2127 469/2124
f 470/2125 469/2124 410/2127
f 536/2145 533/2143 537/2144
f 534/2142 537/2144 533/2143
f 297/2133 298/2131 409/2129
f 410/2127 409/2129 298/2131
f 256/2137 257/2135 297/2133
f 298/2131 297/2133 257/2135
f 504/2130 505/2132 520/2134
f 521/2136 520/2134 505/2132
f 520/2134 521/2136 523/2138
f 524/2140 523/2138 521/2136
f 533/2143 523/2138 534/2142
f 524/2140 534/2142 523/2138
f 211/2141 212/2139 256/2137
f 257/2135 256/2137 212/2139
f 169/1676 170/1678 211/1680
f 212/1682 211/1680 170/1678
f 485/2126 486/2128 504/2130
f 505/2132 504/2130 486/2128
f 390/2146 281/2147 280/2148
f 280/2148 389/2150 390/2146
f 46/1653 45/1654 48/1655
f 48/1655 49/1657 46/1653
f 194/1679 156/1675 155/1677
f 155/1677 193/1681 194/1679
f 110/1668 109/1670 82/1666
f 82/1666 83/1664 110/1668
f 64/1660 63/1662 52/1658
f 52/1658 53/1656 64/1660
f 49/1657 48/1655 57/1659
f 57/1659 58/1661 49/1657
f 58/1661 57/1659 71/1663
f 71/1663 72/1665 58/1661
f 143/1672 142/1674 109/1670
f 109/1670 110/1668 143/1672
f 101/1669 100/1667 130/1671
f 130/1671 131/1673 101/1669
f 281/2147 239/2151 238/2149
f 238/2149 280/2148 281/2147
f 156/1675 131/1673 130/1671
f 130/1671 155/1677 156/1675
f 72/1665 71/1663 100/1667
f 100/1667 101/1669 72/1665
f 142/1674 143/1672 169/1676
f 170/1678 169/1676 143/1672
f 83/1664 82/1666 63/1662
f 63/1662 64/1660 83/1664
f 53/1656 52/1658 45/1654
f 45/1654 46/1653 53/1656
f 239/2151 194/2153 193/2152
f 193/2152 238/2149 239/2151
f 7/89 4/90 5/91
f 2/92 319/93 5/91
f 320/94 5/91 319/93
f 324/95 5/91 320/94
f 330/96 7/89 326/97
f 330/96 4/90 7/89
f 2/92 5/91 4/90
f 319/93 620/98 320/94
f 327/486 8/487 6/488
f 6/488 325/489 327/486
f 8/487 7/490 5/491
f 5/491 6/488 8/487
f 327/492 7/493 8/494
f 7/493 327/492 326/495
f 325/496 6/497 5/498
f 5/498 324/499 325/496
f 598/1091 597/1095 369/1093
f 369/1093 370/1089 598/1091
f 603/1074 602/1075 374/1076
f 374/1076 375/1078 603/1074
f 366/1160 367/1161 594/1162
f 595/1163 594/1162 367/1161
f 601/1079 600/1083 372/1081
f 372/1081 373/1077 601/1079
f 605/1084 604/1080 376/1082
f 376/1082 377/1086 605/1084
f 604/1080 603/1074 375/1078
f 375/1078 376/1082 604/1080
f 363/1169 364/1167 591/1168
f 592/1166 591/1168 364/1167
f 606/1088 605/1084 377/1086
f 377/1086 379/1090 606/1088
f 599/1087 598/1091 370/1089
f 370/1089 371/1085 599/1087
f 607/1092 606/1088 379/1090
f 379/1090 380/1094 607/1092
f 364/1167 365/1165 592/1166
f 593/1164 592/1166 365/1165
f 365/1165 366/1160 593/1164
f 594/1162 593/1164 366/1160
f 600/1083 599/1087 371/1085
f 371/1085 372/1081 600/1083
f 367/1103 368/1099 595/1101
f 596/1097 595/1101 368/1099
f 368/1099 369/1093 596/1097
f 597/1095 596/1097 369/1093
f 602/1075 601/1079 373/1077
f 373/1077 374/1076 602/1075
f 609/1170 382/1171 383/1172
f 383/1172 610/1173 609/1170
f 775/1038 771/1039 773/1040
f 771/1039 775/1038 774/1041
f 955/1056 954/1057 952/1058
f 952/1058 953/1059 955/1056
f 953/1059 944/1060 955/1056
f 945/1061 955/1056 944/1060
f 941/1062 945/1061 944/1060
f 944/1060 940/1063 941/1062
f 607/1092 380/1094 381/1096
f 381/1096 608/1098 607/1092
f 331/1104 562/1105 357/1106
f 586/1107 357/1106 562/1105
f 363/1108 591/1109 385/1110
f 954/1112 770/1113 952/1114
f 612/1111 385/1110 591/1109
f 770/1113 954/1112 772/1115
f 929/1066 939/1064 938/1065
f 938/1065 928/1067 929/1066
f 914/1068 913/1069 905/1070
f 905/1070 906/1071 914/1068
f 611/1175 384/1174 386/1176
f 386/1176 613/1177 611/1175
f 610/1173 383/1172 384/1174
f 384/1174 611/1175 610/1173
f 608/1098 381/1096 382/1100
f 382/1100 609/1102 608/1098
f 770/1044 772/1042 771/1039
f 773/1040 771/1039 772/1042
f 939/1064 941/1062 940/1063
f 940/1063 938/1065 939/1064
f 914/1068 929/1066 928/1067
f 928/1067 913/1069 914/1068
f 613/1177 386/1176 385/1178
f 385/1178 612/1179 613/1177
f 578/1116 577/1117 347/1118
f 347/1118 349/1120 578/1116
f 573/1133 569/1137 338/1135
f 338/1135 343/1131 573/1133
f 581/1130 580/1126 351/1128
f 351/1128 352/1132 581/1130
f 584/1180 355/1181 356/1182
f 356/1182 585/1184 584/1180
f 331/1190 332/1191 562/1192
f 563/1193 562/1192 332/1191
f 587/1187 358/1186 357/1188
f 357/1188 586/1189 587/1187
f 583/1183 354/1185 355/1181
f 355/1181 584/1180 583/1183
f 579/1122 578/1116 349/1120
f 349/1120 350/1124 579/1122
f 577/1117 576/1121 346/1119
f 346/1119 347/1118 577/1117
f 906/1071 905/1070 895/1072
f 895/1072 896/1073 906/1071
f 574/1129 573/1133 343/1131
f 343/1131 344/1127 574/1129
f 575/1125 574/1129 344/1127
f 344/1127 345/1123 575/1125
f 580/1126 579/1122 350/1124
f 350/1124 351/1128 580/1126
f 333/1194 334/1196 564/1195
f 565/1197 564/1195 334/1196
f 585/1184 356/1182 358/1186
f 358/1186 587/1187 585/1184
f 335/1145 336/1143 566/1144
f 567/1142 566/1144 336/1143
f 582/1136 353/1134 354/1138
f 354/1138 583/1140 582/1136
f 569/1137 568/1141 337/1139
f 337/1139 338/1135 569/1137
f 332/1191 333/1194 563/1193
f 564/1195 563/1193 333/1194
f 336/1143 337/1139 567/1142
f 568/1141 567/1142 337/1139
f 581/1130 352/1132 353/1134
f 353/1134 582/1136 581/1130
f 576/1121 575/1125 345/1123
f 345/1123 346/1119 576/1121
f 334/1196 335/1198 565/1197
f 566/1199 565/1197 335/1198
f 896/1146 895/1147 883/1148
f 883/1148 884/1149 896/1146
f 320/94 430/99 321/100
f 320/94 451/101 430/99
f 320/94 476/102 451/101
f 320/94 491/103 476/102
f 320/94 509/104 491/103
f 1633/242 1642/243 1634/244
f 1634/244 1642/243 1635/152
f 1646/245 1642/243 1645/246
f 1647/112 1642/243 1646/245
f 1606/470 1597/263 1609/471
f 1606/470 1611/259 1599/272
f 884/1149 883/1148 873/1150
f 873/1150 874/1151 884/1149
f 1618/472 1609/471 1621/473
f 1618/472 1623/260 1611/259
f 1645/246 1654/247 1646/245
f 1646/245 1654/247 1647/112
f 1663/122 1654/247 1662/116
f 1664/113 1654/247 1663/122
f 1622 1630 1623
f 1630 1622 1621
f 1634 1630 1633
f 1635 1630 1634
f 1608/474 1614/475 1602/445
f 1608/474 1604/426 1616/428
f 1687/121 1656/248 1688/119
f 1688/119 1656/248 1689/142
f 1651/150 1656/248 1650/149
f 1652/143 1656/248 1651/150
f 1632 1638 1626
f 1632 1628 1640
f 1620/476 1626/477 1614/475
f 1620/476 1616/428 1628/462
f 874/1151 873/1150 863/1152
f 863/1152 864/1153 874/1151
f 864/1153 863/1152 847/1154
f 847/1154 848/1155 864/1153
f 848/1155 847/1154 834/1156
f 834/1156 835/1157 848/1155
f 835/1157 834/1156 820/1158
f 820/1158 821/1159 835/1157
f 821/1054 820/1055 797/1053
f 797/1053 798/1052 821/1054
f 785/1045 786/1043 787/1046
f 788/1047 787/1046 786/1043
f 786/1043 774/1041 775/1038
f 774/1041 786/1043 785/1045
f 798/1052 797/1053 793/1050
f 793/1050 794/1051 798/1052
f 791/1048 792/1049 793/1050
f 794/1051 793/1050 792/1049
f 787/1046 788/1047 791/1048
f 792/1049 791/1048 788/1047
f 1419/2210 1418/2211 1379/2212
f 1379/2212 1380/2214 1419/2210
f 1380/2214 1379/2212 1318/2216
f 1318/2216 1320/2217 1380/2214
f 1518/2154 1517/2155 1515/2156
f 1515/2156 1516/2157 1518/2154
f 1512/2158 1518/2154 1516/2157
f 1516/2157 1511/2159 1512/2158
f 1380/2246 1272/2247 1210/2248
f 1419/2250 1210/2248 1155/2251
f 1272/2247 1380/2246 1320/2249
f 1210/2248 1419/2250 1380/2246
f 1447/2252 1319/2253 1371/2255
f 1155/2251 1447/2252 1419/2250
f 1288/2254 1319/2253 1155/2251
f 1447/2252 1155/2251 1319/2253
f 1117/2256 1288/2254 1155/2251
f 1447/2252 1371/2255 1478/2257
f 1198/2260 1227/2258 1117/2256
f 1288/2254 1117/2256 1227/2258
f 1060/2262 1198/2260 1117/2256
f 1478/2257 1426/2261 1497/2263
f 1130/2266 1158/2264 1060/2262
f 1198/2260 1060/2262 1158/2264
f 1052/2268 1130/2266 1060/2262
f 1038/2276 1077/2278 1101/2274
f 1497/2263 1469/2267 1508/2269
f 1044/2272 1118/2270 1052/2268
f 1130/2266 1052/2268 1118/2270
f 1508/2269 1473/2271 1512/2273
f 1038/2276 1101/2274 1044/2272
f 1118/2270 1044/2272 1101/2274
f 1478/2257 1399/2259 1426/2261
f 1077/2278 1038/2276 1076/2280
f 1485/2281 1076/2280 1037/2282
f 1037/2282 1076/2280 1038/2276
f 1486/2277 1518/2279 1512/2273
f 1399/2259 1478/2257 1371/2255
f 1497/2263 1442/2265 1469/2267
f 1442/2265 1497/2263 1426/2261
f 1512/2273 1483/2275 1486/2277
f 1483/2275 1512/2273 1473/2271
f 1473/2271 1508/2269 1469/2267
f 1518/2279 1486/2277 1485/2281
f 1037/2282 1517/2283 1485/2281
f 1518/2279 1485/2281 1517/2283
f 1508/2160 1512/2158 1511/2159
f 1511/2159 1507/2161 1508/2160
f 1320/2217 1318/2216 1271/2218
f 1271/2218 1272/2219 1320/2217
f 1272/2219 1271/2218 1209/2220
f 1209/2220 1210/2221 1272/2219
f 1478/2164 1477/2165 1446/2166
f 1446/2166 1447/2167 1478/2164
f 1210/2221 1209/2220 1154/2222
f 1154/2222 1155/2223 1210/2221
f 1059/2174 1060/2176 1116/2178
f 1117/2179 1116/2178 1060/2176
f 1043/2168 1044/2169 1051/2170
f 1052/2172 1051/2170 1044/2169
f 1497/2162 1508/2160 1507/2161
f 1507/2161 1496/2163 1497/2162
f 1447/2213 1446/2215 1418/2211
f 1418/2211 1419/2210 1447/2213
f 1036/2173 1038/2171 1043/2168
f 1044/2169 1043/2168 1038/2171
f 1038/2171 1035/2175 1037/2177
f 1035/2175 1038/2171 1036/2173
f 1478/2164 1497/2162 1496/2163
f 1496/2163 1477/2165 1478/2164
f 1155/2180 1154/2181 1116/2178
f 1116/2178 1117/2179 1155/2180
f 1051/2170 1052/2172 1059/2174
f 1060/2176 1059/2174 1052/2172
f 1571/1025 1537/1026 1577/1027
f 1571/1025 1588/1031 1586/1033
f 1571/1025 1586/1033 1576/1035
f 1571/1025 1576/1035 1575/1037
f 1571/1025 1575/1037 1574/1036
f 1571/1025 1574/1036 1573/1034
f 1571/1025 1573/1034 1563/1032
f 1571/1025 1563/1032 1553/1030
f 1577/973 1578/974 1583/975
f 1584/976 1583/975 1578/974
f 1585/977 1583/975 1584/976
f 1587/978 1583/975 1585/977
f 1588/979 1583/975 1587/978
f 1537/980 1545/981 1539/982
f 1544/983 1539/982 1545/981
f 1546/984 1544/983 1545/981
f 1547/985 1546/984 1545/981
f 1548/986 1547/985 1545/981
f 1549/987 1548/986 1545/981
f 1550/988 1549/987 1545/981
f 1551/989 1550/988 1545/981
f 1552/990 1551/989 1545/981
f 1553/991 1552/990 1545/981
f 1035/2224 1515/2225 1037/2226
f 1517/2227 1037/2226 1515/2225
f 282/2118 225/2112 275/2119
f 225/2112 282/2118 240/2115
f 157/1631 90/1628 121/1630
f 90/1628 157/1631 132/1629
f 392/2121 275/2119 315/2122
f 275/2119 392/2121 282/2118
f 1685/1008 1686/1009 1694/1010
f 1695/1011 1694/1010 1686/1009
f 1694/1010 1695/1011 1699/1012
f 195/1633 121/1630 176/1634
f 121/1630 195/1633 157/1631
f 240/2115 176/2113 225/2112
f 176/2113 240/2115 195/2117
f 132/1629 40/1622 90/1628
f 40/1622 132/1629 102/1623
f 73/1617 24/1610 32/1616
f 24/1610 73/1617 59/1611
f 54/1598 12/1597 47/1604
f 12/1597 54/1598 20/1592
f 1691/1013 1668/1014 1667/1015
f 1667/1015 1696/1016 1691/1013
f 102/1623 32/1616 40/1622
f 32/1616 102/1623 73/1617
f 59/1611 16/1603 24/1610
f 16/1603 59/1611 50/1608
f 1680/1000 1693/1001 1686/1002
f 1695/1003 1686/1002 1693/1001
f 1668/1004 1691/1005 1670/1006
f 1692/1007 1670/1006 1691/1005
f 65/1595 20/1592 54/1598
f 20/1592 65/1595 28/1593
f 1669/1017 1670/1018 1697/1019
f 1692/1020 1697/1019 1670/1018
f 50/1608 12/1597 16/1603
f 12/1597 50/1608 47/1604
f 144/1612 125/1618 94/1613
f 125/1618 144/1612 171/1621
f 84/1599 28/1593 65/1595
f 28/1593 84/1599 36/1600
f 258/2093 279/2086 229/2092
f 279/2086 258/2093 299/2089
f 111/1605 36/1600 84/1599
f 36/1600 111/1605 44/1606
f 144/1612 44/1606 111/1605
f 44/1606 144/1612 94/1613
f 1679/1021 1698/1022 1680/1023
f 1693/1024 1680/1023 1698/1022
f 213/2099 229/2092 180/2098
f 229/2092 213/2099 258/2093
f 171/1621 180/1624 125/1618
f 180/1624 171/1621 213/1627
f 1698/992 1699/993 1693/994
f 1695/995 1693/994 1699/993
f 1696/996 1697/997 1691/998
f 1692/999 1691/998 1697/997
f 299/2089 415/2084 279/2086
f 415/2084 299/2089 411/2091
f 471/2095 502/2094 475/2087
f 502/2094 471/2095 487/2101
f 411/2091 475/2087 415/2084
f 475/2087 411/2091 471/2095
f 487/2101 519/2100 502/2094
f 519/2100 487/2101 506/2103
f 320/94 620/98 509/104
f 509/104 620/98 622/105
f 330/189 329/249 3/237
f 3/237 4/236 330/189
f 620/478 319/479 318/480
f 318/480 619/481 620/478
f 619 621 620
f 622 620 621
f 1079/2400 1140/2320 1147/2328
f 1443/2401 1409/2334 1415/2333
f 1105 1106 1241
f 1242 1241 1106
f 1131/2402 1196/2300 1159/2403
f 1196/2300 1217/2298 1159/2403
f 1352/2295 1393/2364 1340/2286
f 1312/2342 1247/2297 1344/2340
f 1119/2404 1162/2302 1131/2402
f 1196/2300 1131/2402 1162/2302
f 1344/2340 1296/2289 1363/2346
f 1102/2405 1156/2330 1119/2404
f 1162/2302 1119/2404 1156/2330
f 1079/2400 1147/2328 1102/2405
f 1156/2330 1102/2405 1147/2328
f 1383/2380 1340/2286 1393/2364
f 1140/2320 1079/2400 1139/2318
f 1191/2394 1221/2392 1139/2318
f 1221/2392 1278/2391 1139/2318
f 1145/2396 1139/2318 1079/2400
f 1145/2396 1191/2394 1139/2318
f 1078/2406 1137/2315 1079/2400
f 1138/2317 1145/2396 1079/2400
f 1137/2315 1138/2317 1079/2400
f 1372/2407 1289/2408 1228/2409
f 1400/2410 1228/2409 1199/2411
f 1424/2399 1137/2315 1078/2406
f 1452/2356 1424/2399 1078/2406
f 1289/2408 1372/2407 1322/2412
f 1228/2409 1400/2410 1372/2407
f 1310/2288 1363/2346 1296/2289
f 1427/2413 1321/2352 1357/2351
f 1199/2411 1427/2413 1400/2410
f 1298/2349 1321/2352 1199/2411
f 1427/2413 1199/2411 1321/2352
f 1284/2336 1298/2349 1199/2411
f 1290/2337 1284/2336 1199/2411
f 1427/2413 1357/2351 1389/2344
f 1159/2403 1290/2337 1199/2411
f 1290/2337 1159/2403 1217/2298
f 1247/2297 1312/2342 1217/2298
f 1290/2337 1217/2298 1312/2342
f 1296/2289 1344/2340 1247/2297
f 1363/2346 1310/2288 1326/2287
f 1427/2413 1389/2344 1443/2401
f 1409/2334 1443/2401 1389/2344
f 1470/2414 1434/2371 1436/2369
f 1434/2371 1363/2346 1326/2287
f 1434/2371 1470/2414 1415/2333
f 1443/2401 1415/2333 1470/2414
f 1363/2346 1434/2371 1415/2333
f 1474/2415 1444/2368 1484/2416
f 1393/2364 1352/2295 1355/2294
f 1383/2380 1377/2372 1326/2287
f 1434/2371 1326/2287 1377/2372
f 1340/2286 1383/2380 1326/2287
f 1385/2374 1338/2327 1324/2313
f 1385/2374 1324/2313 1373/2382
f 1348/2323 1395/2362 1355/2294
f 1393/2364 1355/2294 1395/2362
f 1385/2374 1391/2376 1348/2323
f 1395/2362 1348/2323 1391/2376
f 1338/2327 1385/2374 1348/2323
f 1484/2416 1450/2379 1455/2359
f 1367/2388 1373/2382 1324/2313
f 1304/2312 1367/2388 1324/2313
f 1453/2357 1454/2358 1373/2382
f 1385/2374 1373/2382 1454/2358
f 1455/2359 1488/2417 1484/2416
f 1444/2368 1474/2415 1436/2369
f 1470/2414 1436/2369 1474/2415
f 1450/2379 1484/2416 1444/2368
f 1488/2417 1455/2359 1454/2358
f 1308/2386 1189/2324 1139/2318
f 1488/2417 1454/2358 1453/2357
f 1488/2417 1453/2357 1452/2356
f 1488/2417 1452/2356 1487/2418
f 1367/2388 1304/2312 1286/2308
f 1078/2406 1487/2418 1452/2356
f 1308/2386 1211/2304 1189/2324
f 1233/2305 1334/2385 1286/2308
f 1367/2388 1286/2308 1334/2385
f 1211/2304 1308/2386 1233/2305
f 1334/2385 1233/2305 1308/2386
f 1308/2386 1278/2391 1424/2399
f 1308/2386 1139/2318 1278/2391
f 1424/2399 1452/2356 1308/2386
f 462/1797 444/1798 461/1799
f 522/1908 506/1878 507/1897
f 498/1890 507/1897 506/1878
f 480/1802 490/1879 489/1869
f 288/1893 265/1894 267/1911
f 289/1875 265/1894 288/1893
f 480/1802 495/1889 490/1879
f 439/1839 429/1848 428/1857
f 440/1830 429/1848 439/1839
f 506/1878 488/1859 489/1869
f 393/1877 282/1925 392/1932
f 484/1849 471/1840 480/1802
f 498/1890 490/1879 495/1889
f 246/1942 230/1949 232/1963
f 247/1929 230/1949 246/1942
f 458/1816 440/1830 455/1824
f 50/2058 59/2053 56/2057
f 75/2045 68/2050 69/2049
f 76/2043 68/2050 75/2045
f 309/1828 292/1845 308/1829
f 398/1854 305/1874 397/1868
f 59/2053 73/2046 70/2048
f 487/1858 471/1840 484/1849
f 306/1855 289/1875 305/1874
f 102/2028 129/2034 128/2021
f 439/1839 428/1857 436/1847
f 471/1840 450/1841 467/1831
f 197/1990 190/1999 191/2006
f 198/1983 190/1999 197/1990
f 305/1874 288/1893 304/1888
f 397/1868 304/1888 396/1867
f 243/1964 234/1974 235/1973
f 244/1953 234/1974 243/1964
f 248/1912 221/1913 231/1930
f 249/1895 221/1913 248/1912
f 522/1908 530/1947 525/1955
f 522/1908 508/1916 513/1928
f 535/1967 530/1947 532/1954
f 495/1889 513/1928 508/1916
f 532/1954 538/1946 535/1967
f 531/1935 538/1946 532/1954
f 535/1967 525/1955 530/1947
f 513/1928 531/1935 522/1908
f 498/1890 489/1869 490/1879
f 506/1878 489/1869 498/1890
f 467/1831 480/1802 471/1840
f 440/1830 426/1836 429/1848
f 441/1821 426/1836 440/1830
f 247/1929 231/1930 230/1949
f 248/1912 231/1930 247/1929
f 202/1931 185/1941 187/1951
f 203/1923 185/1941 202/1931
f 59/2053 70/2048 69/2049
f 102/2028 128/2021 126/2014
f 102/2028 126/2014 127/2013
f 307/1838 290/1856 306/1855
f 135/1997 127/2013 126/2014
f 136/1996 127/2013 135/1997
f 459/1811 441/1821 458/1816
f 441/1821 425/1822 426/1836
f 442/1809 425/1822 441/1821
f 308/1829 291/1846 307/1838
f 461/1799 443/1801 460/1805
f 310/1826 293/1843 309/1828
f 396/1867 303/1887 393/1877
f 162/1962 149/1979 151/1980
f 163/1961 149/1979 162/1962
f 133/2020 129/2034 132/2033
f 136/1996 117/2012 127/2013
f 137/1995 117/2012 136/1996
f 60/2054 55/2056 56/2057
f 61/2052 55/2056 60/2054
f 399/1837 306/1855 398/1854
f 103/2027 98/2039 99/2040
f 104/2026 98/2039 103/2027
f 304/1888 287/1905 303/1887
f 289/1875 264/1876 265/1894
f 290/1856 264/1876 289/1875
f 249/1895 220/1904 221/1913
f 250/1886 220/1904 249/1895
f 203/1923 184/1940 185/1941
f 204/1922 184/1940 203/1923
f 163/1961 148/1978 149/1979
f 164/1960 148/1978 163/1961
f 137/1995 116/2011 117/2012
f 138/1994 116/2011 137/1995
f 103/2027 99/2040 102/2028
f 303/1887 286/1907 302/1896
f 287/1905 267/1911 266/1924
f 288/1893 267/1911 287/1905
f 196/1989 192/2005 195/1988
f 201/1950 187/1951 186/1969
f 202/1931 187/1951 201/1950
f 74/2042 70/2048 73/2046
f 161/1970 151/1980 150/1987
f 162/1962 151/1980 161/1970
f 102/2028 132/2033 129/2034
f 74/2042 69/2049 70/2048
f 75/2045 69/2049 74/2042
f 301/1906 284/1926 300/1914
f 283/1933 271/1943 282/1925
f 286/1907 266/1924 268/1927
f 287/1905 266/1924 286/1907
f 241/1965 236/1972 237/1982
f 242/1952 236/1972 241/1965
f 302/1896 285/1915 301/1906
f 157/2016 195/1988 192/2005
f 200/1968 186/1969 188/1985
f 201/1950 186/1969 200/1968
f 132/2033 157/2016 154/2029
f 160/1986 150/1987 152/2003
f 161/1970 150/1987 160/1986
f 134/2004 126/2014 128/2021
f 135/1997 126/2014 134/2004
f 157/2016 192/2005 191/2006
f 195/1988 240/1971 237/1982
f 196/1989 191/2006 192/2005
f 197/1990 191/2006 196/1989
f 158/2015 153/2019 154/2029
f 159/2002 153/2019 158/2015
f 241/1965 237/1982 240/1971
f 158/2015 154/2029 157/2016
f 284/1926 269/1934 270/1944
f 285/1915 269/1934 284/1926
f 294/1842 311/1827 295/1844
f 244/1953 233/1966 234/1974
f 245/1945 233/1966 244/1953
f 198/1983 189/1998 190/1999
f 199/1981 189/1998 198/1983
f 133/2020 128/2021 129/2034
f 134/2004 128/2021 133/2020
f 242/1952 235/1973 236/1972
f 243/1964 235/1973 242/1952
f 460/1805 442/1809 459/1811
f 283/1933 270/1944 271/1943
f 284/1926 270/1944 283/1933
f 285/1915 268/1927 269/1934
f 286/1907 268/1927 285/1915
f 245/1945 232/1963 233/1966
f 246/1942 232/1963 245/1945
f 199/1981 188/1985 189/1998
f 200/1968 188/1985 199/1981
f 159/2002 152/2003 153/2019
f 160/1986 152/2003 159/2002
f 400/1823 307/1838 399/1837
f 60/2054 56/2057 59/2053
f 442/1809 424/1810 425/1822
f 443/1801 424/1810 442/1809
f 401/1815 308/1829 400/1823
f 290/1856 263/1866 264/1876
f 291/1846 263/1866 290/1856
f 250/1886 219/1903 220/1904
f 251/1885 219/1903 250/1886
f 204/1922 183/1939 184/1940
f 205/1921 183/1939 204/1922
f 164/1960 147/1977 148/1978
f 165/1959 147/1977 164/1960
f 138/1994 115/2010 116/2011
f 139/1993 115/2010 138/1994
f 104/2026 97/2035 98/2039
f 105/2022 97/2035 104/2026
f 76/2043 67/2047 68/2050
f 77/2041 67/2047 76/2043
f 54/2055 47/2060 51/2059
f 411/1870 299/1873 317/1891
f 443/1801 423/1806 424/1810
f 444/1798 423/1806 443/1801
f 463/1803 446/1800 462/1797
f 291/1846 262/1865 263/1866
f 292/1845 262/1865 291/1846
f 251/1885 218/1902 219/1903
f 252/1884 218/1902 251/1885
f 205/1921 182/1938 183/1939
f 206/1920 182/1938 205/1921
f 165/1959 146/1976 147/1977
f 166/1958 146/1976 165/1959
f 139/1993 114/2007 115/2010
f 140/1991 114/2007 139/1993
f 105/2022 96/2030 97/2035
f 106/2017 96/2030 105/2022
f 312/1835 295/1844 311/1827
f 77/2041 66/2044 67/2047
f 78/2038 66/2044 77/2041
f 61/2052 54/2055 55/2056
f 62/2051 54/2055 61/2052
f 51/2059 55/2056 54/2055
f 51/2059 47/2060 50/2058
f 402/1814 309/1828 401/1815
f 444/1798 422/1804 423/1806
f 446/1800 422/1804 444/1798
f 311/1827 294/1842 310/1826
f 292/1845 261/1863 262/1865
f 293/1843 261/1863 292/1845
f 252/1884 217/1901 218/1902
f 253/1883 217/1901 252/1884
f 206/1920 181/1937 182/1938
f 207/1919 181/1937 206/1920
f 166/1958 145/1975 146/1976
f 167/1956 145/1975 166/1958
f 140/1991 113/2000 114/2007
f 141/1984 113/2000 140/1991
f 106/2017 95/2025 96/2030
f 107/2009 95/2025 106/2017
f 65/2037 54/2055 62/2051
f 78/2038 65/2037 66/2044
f 79/2036 65/2037 78/2038
f 62/2051 66/2044 65/2037
f 403/1813 310/1826 402/1814
f 446/1800 421/1808 422/1804
f 447/1807 421/1808 446/1800
f 464/1812 447/1807 463/1803
f 293/1843 260/1862 261/1863
f 294/1842 260/1862 293/1843
f 253/1883 216/1900 217/1901
f 254/1882 216/1900 253/1883
f 207/1919 172/1936 181/1937
f 208/1917 172/1936 207/1919
f 81/2031 85/2018 84/2024
f 167/1956 144/1957 145/1975
f 168/1948 144/1957 167/1956
f 141/1984 145/1975 144/1957
f 141/1984 112/1992 113/2000
f 144/1957 112/1992 141/1984
f 313/1852 296/1853 312/1835
f 107/2009 86/2023 95/2025
f 108/2008 86/2023 107/2009
f 404/1820 311/1827 403/1813
f 108/2008 112/1992 111/2001
f 447/1807 420/1819 421/1808
f 448/1818 420/1819 447/1807
f 465/1817 448/1818 464/1812
f 255/1881 259/1861 258/1864
f 294/1842 259/1861 260/1862
f 295/1844 259/1861 294/1842
f 254/1882 215/1898 216/1900
f 255/1881 215/1898 254/1882
f 171/1918 144/1957 168/1948
f 208/1917 171/1918 172/1936
f 209/1910 171/1918 208/1917
f 168/1948 172/1936 171/1918
f 108/2008 85/2018 86/2023
f 111/2001 85/2018 108/2008
f 144/1957 111/2001 112/1992
f 80/2032 65/2037 79/2036
f 467/1831 450/1841 466/1825
f 81/2031 65/2037 80/2032
f 84/2024 65/2037 81/2031
f 111/2001 84/2024 85/2018
f 448/1818 418/1833 420/1819
f 449/1832 418/1833 448/1818
f 405/1834 312/1835 404/1820
f 316/1872 299/1873 313/1852
f 295/1844 312/1835 296/1853
f 295/1844 258/1864 259/1861
f 296/1853 258/1864 295/1844
f 255/1881 214/1892 215/1898
f 258/1864 214/1892 255/1881
f 210/1909 214/1892 213/1899
f 406/1851 313/1852 405/1834
f 449/1832 417/1850 418/1833
f 450/1841 417/1850 449/1832
f 299/1873 258/1864 296/1853
f 466/1825 449/1832 465/1817
f 296/1853 313/1852 299/1873
f 407/1871 316/1872 406/1851
f 210/1909 171/1918 209/1910
f 213/1899 171/1918 210/1909
f 258/1864 213/1899 214/1892
f 317/1891 299/1873 316/1872
f 450/1841 416/1860 417/1850
f 471/1840 416/1860 450/1841
f 408/1880 416/1860 411/1870
f 408/1880 317/1891 407/1871
f 522/1908 507/1897 508/1916
f 484/1849 488/1859 487/1858
f 532/1954 530/1947 531/1935
f 411/1870 317/1891 408/1880
f 471/1840 411/1870 416/1860
f 522/1908 531/1935 530/1947
f 506/1878 487/1858 488/1859
f 513/1928 538/1946 531/1935
f 495/1889 507/1897 498/1890
f 495/1889 508/1916 507/1897
f 480/1802 488/1859 484/1849
f 480/1802 489/1869 488/1859
f 466/1825 480/1802 467/1831
f 465/1817 480/1802 466/1825
f 464/1812 480/1802 465/1817
f 463/1803 480/1802 464/1812
f 462/1797 480/1802 463/1803
f 461/1799 480/1802 462/1797
f 460/1805 480/1802 461/1799
f 459/1811 480/1802 460/1805
f 458/1816 480/1802 459/1811
f 455/1824 480/1802 458/1816
f 449/1832 466/1825 450/1841
f 448/1818 465/1817 449/1832
f 447/1807 464/1812 448/1818
f 446/1800 463/1803 447/1807
f 444/1798 462/1797 446/1800
f 443/1801 461/1799 444/1798
f 442/1809 460/1805 443/1801
f 441/1821 459/1811 442/1809
f 440/1830 458/1816 441/1821
f 439/1839 455/1824 440/1830
f 436/1847 455/1824 439/1839
f 407/1871 416/1860 408/1880
f 407/1871 417/1850 416/1860
f 406/1851 417/1850 407/1871
f 406/1851 418/1833 417/1850
f 405/1834 418/1833 406/1851
f 405/1834 420/1819 418/1833
f 404/1820 420/1819 405/1834
f 404/1820 421/1808 420/1819
f 403/1813 421/1808 404/1820
f 403/1813 422/1804 421/1808
f 402/1814 422/1804 403/1813
f 402/1814 423/1806 422/1804
f 401/1815 423/1806 402/1814
f 401/1815 424/1810 423/1806
f 400/1823 424/1810 401/1815
f 400/1823 425/1822 424/1810
f 399/1837 425/1822 400/1823
f 399/1837 426/1836 425/1822
f 398/1854 426/1836 399/1837
f 398/1854 429/1848 426/1836
f 397/1868 429/1848 398/1854
f 397/1868 428/1857 429/1848
f 396/1867 428/1857 397/1868
f 396/1867 436/1847 428/1857
f 393/1877 436/1847 396/1867
f 316/1872 407/1871 317/1891
f 313/1852 406/1851 316/1872
f 312/1835 405/1834 313/1852
f 311/1827 404/1820 312/1835
f 310/1826 403/1813 311/1827
f 309/1828 402/1814 310/1826
f 308/1829 401/1815 309/1828
f 307/1838 400/1823 308/1829
f 306/1855 399/1837 307/1838
f 305/1874 398/1854 306/1855
f 304/1888 397/1868 305/1874
f 303/1887 396/1867 304/1888
f 302/1896 393/1877 303/1887
f 301/1906 393/1877 302/1896
f 300/1914 393/1877 301/1906
f 282/1925 393/1877 300/1914
f 293/1843 310/1826 294/1842
f 292/1845 309/1828 293/1843
f 291/1846 308/1829 292/1845
f 290/1856 307/1838 291/1846
f 289/1875 306/1855 290/1856
f 288/1893 305/1874 289/1875
f 287/1905 304/1888 288/1893
f 286/1907 303/1887 287/1905
f 285/1915 302/1896 286/1907
f 284/1926 301/1906 285/1915
f 283/1933 300/1914 284/1926
f 282/1925 300/1914 283/1933
f 254/1882 259/1861 255/1881
f 254/1882 260/1862 259/1861
f 253/1883 260/1862 254/1882
f 253/1883 261/1863 260/1862
f 252/1884 261/1863 253/1883
f 252/1884 262/1865 261/1863
f 251/1885 262/1865 252/1884
f 251/1885 263/1866 262/1865
f 250/1886 263/1866 251/1885
f 250/1886 264/1876 263/1866
f 249/1895 264/1876 250/1886
f 249/1895 265/1894 264/1876
f 248/1912 265/1894 249/1895
f 248/1912 267/1911 265/1894
f 247/1929 267/1911 248/1912
f 247/1929 266/1924 267/1911
f 246/1942 266/1924 247/1929
f 246/1942 268/1927 266/1924
f 245/1945 268/1927 246/1942
f 245/1945 269/1934 268/1927
f 244/1953 269/1934 245/1945
f 244/1953 270/1944 269/1934
f 243/1964 270/1944 244/1953
f 243/1964 271/1943 270/1944
f 242/1952 271/1943 243/1964
f 242/1952 282/1925 271/1943
f 241/1965 282/1925 242/1952
f 240/1971 282/1925 241/1965
f 209/1910 214/1892 210/1909
f 209/1910 215/1898 214/1892
f 208/1917 215/1898 209/1910
f 208/1917 216/1900 215/1898
f 207/1919 216/1900 208/1917
f 207/1919 217/1901 216/1900
f 206/1920 217/1901 207/1919
f 206/1920 218/1902 217/1901
f 205/1921 218/1902 206/1920
f 205/1921 219/1903 218/1902
f 204/1922 219/1903 205/1921
f 204/1922 220/1904 219/1903
f 203/1923 220/1904 204/1922
f 203/1923 221/1913 220/1904
f 202/1931 221/1913 203/1923
f 202/1931 231/1930 221/1913
f 201/1950 231/1930 202/1931
f 201/1950 230/1949 231/1930
f 200/1968 230/1949 201/1950
f 200/1968 232/1963 230/1949
f 199/1981 232/1963 200/1968
f 199/1981 233/1966 232/1963
f 198/1983 233/1966 199/1981
f 198/1983 234/1974 233/1966
f 197/1990 234/1974 198/1983
f 197/1990 235/1973 234/1974
f 196/1989 235/1973 197/1990
f 196/1989 236/1972 235/1973
f 195/1988 236/1972 196/1989
f 195/1988 237/1982 236/1972
f 167/1956 172/1936 168/1948
f 167/1956 181/1937 172/1936
f 166/1958 181/1937 167/1956
f 166/1958 182/1938 181/1937
f 165/1959 182/1938 166/1958
f 165/1959 183/1939 182/1938
f 164/1960 183/1939 165/1959
f 164/1960 184/1940 183/1939
f 163/1961 184/1940 164/1960
f 163/1961 185/1941 184/1940
f 162/1962 185/1941 163/1961
f 162/1962 187/1951 185/1941
f 161/1970 187/1951 162/1962
f 161/1970 186/1969 187/1951
f 160/1986 186/1969 161/1970
f 160/1986 188/1985 186/1969
f 159/2002 188/1985 160/1986
f 159/2002 189/1998 188/1985
f 158/2015 189/1998 159/2002
f 158/2015 190/1999 189/1998
f 157/2016 190/1999 158/2015
f 157/2016 191/2006 190/1999
f 140/1991 145/1975 141/1984
f 140/1991 146/1976 145/1975
f 139/1993 146/1976 140/1991
f 139/1993 147/1977 146/1976
f 138/1994 147/1977 139/1993
f 138/1994 148/1978 147/1977
f 137/1995 148/1978 138/1994
f 137/1995 149/1979 148/1978
f 136/1996 149/1979 137/1995
f 136/1996 151/1980 149/1979
f 135/1997 151/1980 136/1996
f 135/1997 150/1987 151/1980
f 134/2004 150/1987 135/1997
f 134/2004 152/2003 150/1987
f 133/2020 152/2003 134/2004
f 133/2020 153/2019 152/2003
f 132/2033 153/2019 133/2020
f 132/2033 154/2029 153/2019
f 107/2009 112/1992 108/2008
f 107/2009 113/2000 112/1992
f 106/2017 113/2000 107/2009
f 106/2017 114/2007 113/2000
f 105/2022 114/2007 106/2017
f 105/2022 115/2010 114/2007
f 104/2026 115/2010 105/2022
f 104/2026 116/2011 115/2010
f 103/2027 116/2011 104/2026
f 103/2027 117/2012 116/2011
f 102/2028 117/2012 103/2027
f 102/2028 127/2013 117/2012
f 80/2032 85/2018 81/2031
f 80/2032 86/2023 85/2018
f 79/2036 86/2023 80/2032
f 79/2036 95/2025 86/2023
f 78/2038 95/2025 79/2036
f 78/2038 96/2030 95/2025
f 77/2041 96/2030 78/2038
f 77/2041 97/2035 96/2030
f 76/2043 97/2035 77/2041
f 76/2043 98/2039 97/2035
f 75/2045 98/2039 76/2043
f 75/2045 99/2040 98/2039
f 74/2042 99/2040 75/2045
f 74/2042 102/2028 99/2040
f 73/2046 102/2028 74/2042
f 61/2052 66/2044 62/2051
f 61/2052 67/2047 66/2044
f 60/2054 67/2047 61/2052
f 60/2054 68/2050 67/2047
f 59/2053 68/2050 60/2054
f 59/2053 69/2049 68/2050
f 50/2058 55/2056 51/2059
f 50/2058 56/2057 55/2056
f 1228/2228 1227/2229 1198/2230
f 1198/2230 1199/2232 1228/2228
f 1101/2182 1102/2183 1118/2184
f 1119/2186 1118/2184 1102/2183
f 1118/2184 1119/2186 1130/2188
f 1131/2190 1130/2188 1119/2186
f 1130/2188 1131/2190 1158/2192
f 1159/2193 1158/2192 1131/2190
f 1076/2191 1078/2189 1077/2187
f 1079/2185 1077/2187 1078/2189
f 1322/2234 1319/2235 1288/2233
f 1288/2233 1289/2231 1322/2234
f 1289/2231 1288/2233 1227/2229
f 1227/2229 1228/2228 1289/2231
f 1199/2194 1198/2195 1158/2192
f 1158/2192 1159/2193 1199/2194
f 1077/2187 1079/2185 1101/2182
f 1102/2183 1101/2182 1079/2185
f 548/1639 538/1640 554/1638
f 1470/2196 1474/2197 1473/2198
f 1473/2198 1469/2200 1470/2196
f 1484/2201 1488/2205 1486/2203
f 1486/2203 1483/2199 1484/2201
f 1443/2202 1442/2204 1426/2206
f 1426/2206 1427/2208 1443/2202
f 1427/2240 1426/2241 1399/2239
f 1399/2239 1400/2238 1427/2240
f 1400/2238 1399/2239 1371/2237
f 1371/2237 1372/2236 1400/2238
f 1076/2242 1485/2243 1078/2244
f 1487/2245 1078/2244 1485/2243
f 1474/2197 1484/2201 1483/2199
f 1483/2199 1473/2198 1474/2197
f 1443/2202 1470/2196 1469/2200
f 1469/2200 1442/2204 1443/2202
f 1488/2205 1487/2209 1485/2207
f 1485/2207 1486/2203 1488/2205
f 1372/2236 1371/2237 1319/2235
f 1319/2235 1322/2234 1372/2236
f 522/1648 542/1646 529/1647
f 542/1646 522/1648 525/1645
f 506/1651 529/1647 519/1650
f 529/1647 506/1651 522/1648
f 546/1643 525/1645 535/1642
f 525/1645 546/1643 542/1646
f 548/1639 535/1642 538/1640
f 535/1642 548/1639 546/1643
f 1591 1674 1593
f 1682 1593 1674
f 1108 1244 1110
f 1246 1110 1244
f 342 572 360
f 589 360 572
f 1104 1240 1106
f 1242 1106 1240
f 1243 1245 1244
f 1246 1244 1245
f 1239 1241 1240
f 1242 1240 1241
f 1110 1109 1107
f 1107 1108 1110
f 1106 1105 1103
f 1103 1104 1106
f 1674 1591 1590
f 1590 1673 1674
f 572 342 341
f 341 571 572
f 1592 1593 1681
f 1682 1681 1593
f 359 360 588
f 589 588 360
f 1588/1031 1571/1025 1583/1029
f 1545/1028 1537/1026 1571/1025
f 1583/1029 1571/1025 1577/1027
f 1553/1030 1545/1028 1571/1025
f 1642/243 1633/242 1645/246
f 1642/243 1647/112 1635/152
f 1606/470 1610/482 1611/259
f 1610/482 1606/470 1609/471
f 1598/261 1606/470 1599/272
f 1606/470 1598/261 1597/263
f 1618/472 1622/483 1623/260
f 1622/483 1618/472 1621/473
f 1610/482 1618/472 1611/259
f 1618/472 1610/482 1609/471
f 1654/247 1645/246 1662/116
f 1654/247 1664/113 1647/112
f 1630 1621 1633
f 1630 1635 1623
f 1608/474 1602/445 1603/431
f 1603/431 1604/426 1608/474
f 1608/474 1616/428 1615/484
f 1615/484 1614/475 1608/474
f 1656/248 1687/121 1650/149
f 1656/248 1652/143 1689/142
f 1632 1626 1627
f 1627 1628 1632
f 1638 1632 1639
f 1639 1632 1640
f 1620/476 1614/475 1615/484
f 1615/484 1616/428 1620/476
f 1620/476 1628/462 1627/485
f 1627/485 1626/477 1620/476
f 1489/430 1603/431 1201/437
f 1489/430 1202/448 1604/426
f 328/186 327/188 341/176
f 328/186 330/250 326/187
f 378/196 329/185 331/197
f 378/196 357/193 387/192
f 612/1200 591/1201 613/1202
f 591/1201 592/1203 613/1202
f 613/1202 592/1203 611/1204
f 611/1204 592/1203 610/1205
f 610/1205 592/1203 609/1206
f 609/1206 592/1203 608/1207
f 608/1207 592/1203 607/1208
f 607/1208 592/1203 606/1209
f 606/1209 592/1203 605/1210
f 605/1210 592/1203 604/1211
f 604/1211 592/1203 603/1212
f 603/1212 592/1203 602/1213
f 602/1213 592/1203 601/1214
f 601/1214 592/1203 600/1215
f 600/1215 592/1203 599/1216
f 599/1216 592/1203 598/1217
f 598/1217 592/1203 597/1218
f 597/1218 592/1203 596/1219
f 592/1203 593/1220 596/1219
f 593/1220 594/1221 596/1219
f 594/1221 595/1222 596/1219
f 772/1246 954/1247 773/1248
f 954/1247 955/1249 773/1248
f 773/1248 955/1249 775/1250
f 775/1250 955/1249 786/1251
f 955/1249 945/1252 786/1251
f 945/1252 941/1253 786/1251
f 941/1253 939/1254 786/1251
f 939/1254 929/1255 786/1251
f 929/1255 914/1256 786/1251
f 914/1256 906/1257 786/1251
f 906/1257 896/1258 786/1251
f 896/1258 884/1259 786/1251
f 884/1259 874/1260 786/1251
f 874/1260 864/1261 786/1251
f 864/1261 848/1262 786/1251
f 848/1262 835/1263 786/1251
f 835/1263 821/1264 786/1251
f 821/1264 798/1265 786/1251
f 798/1265 794/1266 786/1251
f 794/1266 792/1267 786/1251
f 792/1267 788/1268 786/1251
f 586/1223 562/1224 587/1225
f 562/1224 563/1226 587/1225
f 563/1226 564/1227 587/1225
f 587/1225 564/1227 585/1228
f 564/1227 565/1229 585/1228
f 565/1229 566/1230 585/1228
f 566/1230 567/1231 585/1228
f 567/1231 568/1232 585/1228
f 568/1232 569/1233 585/1228
f 569/1233 573/1234 585/1228
f 573/1234 574/1235 585/1228
f 574/1235 575/1236 585/1228
f 575/1236 576/1237 585/1228
f 576/1237 577/1238 585/1228
f 577/1238 578/1239 585/1228
f 578/1239 579/1240 585/1228
f 579/1240 580/1241 585/1228
f 580/1241 581/1242 585/1228
f 581/1242 582/1243 585/1228
f 585/1228 582/1243 584/1244
f 582/1243 583/1245 584/1244
