# Blender v2.79 (sub 0) OBJ File: 'Rock Formation.blend'
# www.blender.org
mtllib Rock Formation3Joined.mtl
o rock_formation_02
v 1.226052 -0.008456 1.018896
v 1.070720 -0.008456 1.026626
v 1.148642 -0.008456 1.033225
v 2.220731 -0.008456 0.591586
v 2.099733 -0.008456 0.688621
v 2.166665 -0.008456 0.648295
v 2.235784 0.922763 0.412663
v 2.109542 0.929440 0.509874
v 2.155219 0.800084 0.571132
v 2.275437 0.795003 0.474150
v 2.175009 0.931156 0.463968
v 2.214896 0.870982 0.511769
v 2.136666 0.871340 0.551198
v 2.221819 0.798269 0.530650
v 2.266675 0.865684 0.450400
v 1.198017 0.828202 0.885597
v 1.352712 0.823873 0.877353
v 1.356806 0.941350 0.790667
v 1.196629 0.946342 0.795241
v 1.275951 0.827668 0.891621
v 1.281602 0.896759 0.865226
v 1.359640 0.891358 0.846094
v 1.276924 0.948373 0.795262
v 1.194515 0.895661 0.851431
v 2.775955 -0.008456 -0.338055
v 2.735117 -0.008456 -0.189607
v 2.765513 -0.008456 -0.261082
v 2.719653 0.890125 -0.404774
v 2.669576 0.898439 -0.250404
v 2.745799 0.768856 -0.243893
v 2.785991 0.764614 -0.392189
v 2.697804 0.899185 -0.326818
v 2.760720 0.839859 -0.319213
v 2.718714 0.840484 -0.240181
v 2.775893 0.766791 -0.315333
v 2.766953 0.834752 -0.399347
v 2.679482 -0.008456 -1.416003
v 2.733596 -0.008456 -1.272190
v 2.716230 -0.008456 -1.347743
v 2.688761 0.744137 -1.391395
v 2.621852 0.876986 -1.374815
v 2.682041 0.877186 -1.227298
v 2.743685 0.746161 -1.247880
v 2.665065 0.816468 -1.391049
v 2.712517 0.819240 -1.318704
v 2.655568 0.882111 -1.302541
v 2.726180 0.818066 -1.238392
v 2.725930 0.745144 -1.323352
v 1.967408 -0.008456 -2.230109
v 2.096573 -0.008456 -2.145062
v 2.037661 -0.008456 -2.196337
v 2.117652 0.868371 -1.990251
v 2.150021 0.740482 -2.057047
v 2.020413 0.741819 -2.141194
v 1.983282 0.869992 -2.075552
v 2.144128 0.811410 -2.032032
v 2.085873 0.814211 -2.088847
v 2.090863 0.741776 -2.107806
v 2.005016 0.812715 -2.119877
v 2.052277 0.873970 -2.035662
v 0.912325 -0.008456 -2.469060
v 1.067571 -0.008456 -2.476057
v 0.989229 -0.008456 -2.482992
v 1.015798 0.889745 -2.262197
v 1.184883 0.878597 -2.285911
v 1.191487 0.754361 -2.362650
v 1.036827 0.758871 -2.354713
v 1.100189 0.889182 -2.277491
v 1.114744 0.829353 -2.344100
v 1.191461 0.823985 -2.336150
v 1.113685 0.758198 -2.368774
v 1.022940 0.830332 -2.317743
v -0.082986 -0.008457 -2.042112
v 0.038299 -0.008457 -2.138653
v -0.029054 -0.008457 -2.098344
v 0.148921 0.919853 -1.852421
v 0.273239 0.906263 -1.973852
v 0.234053 0.782716 -2.047523
v 0.113760 0.788413 -1.950682
v 0.208803 0.918302 -1.916054
v 0.183675 0.857985 -1.981725
v 0.249991 0.851680 -2.020802
v 0.167850 0.787944 -2.006766
v 0.124298 0.859611 -1.906360
v -0.638748 -0.008456 -1.111779
v -0.597637 -0.008456 -1.260525
v -0.628224 -0.008456 -1.188794
v -0.311231 0.953546 -1.010761
v -0.282364 0.939020 -1.186442
v -0.355918 0.814443 -1.232152
v -0.396233 0.818848 -1.083475
v -0.301017 0.951921 -1.099761
v -0.357351 0.889502 -1.143409
v -0.326911 0.883272 -1.214621
v -0.385332 0.819449 -1.160407
v -0.361195 0.890759 -1.046844
v -0.541885 -0.008456 -0.033248
v -0.596383 -0.008456 -0.177580
v -0.578905 -0.008456 -0.101859
v -0.271858 0.968890 -0.244625
v -0.353379 0.837235 -0.228694
v -0.298234 0.838654 -0.084719
v -0.209357 0.974648 -0.097261
v -0.320336 0.907876 -0.236378
v -0.305135 0.911932 -0.157867
v -0.334872 0.840757 -0.153262
v -0.259616 0.910888 -0.086295
v -0.245321 0.977289 -0.169160
v 0.170771 -0.008456 0.780646
v 0.041073 -0.019685 0.695873
v 0.099963 -0.008456 0.746845
v 0.443628 0.966060 0.599992
v 0.304455 0.963761 0.518057
v 0.240039 0.842446 0.579974
v 0.369865 0.840518 0.664009
v 0.372312 0.970046 0.561818
v 0.324558 0.913299 0.611482
v 0.264631 0.910280 0.555151
v 0.299583 0.843880 0.630340
v 0.404150 0.909974 0.642120
v -0.112684 1.187651 -1.038646
v -0.154392 1.060570 -1.076916
v -0.200768 1.054542 -0.916899
v -0.148872 1.191354 -0.888418
v -0.120004 1.117204 -1.049595
v -0.148620 1.116622 -0.972484
v -0.181654 1.062871 -0.997888
v -0.161037 1.117872 -0.903390
v -0.140165 1.188322 -0.965764
v 0.233039 1.171301 -1.627565
v 0.348053 1.167993 -1.730025
v 0.334412 1.043809 -1.781361
v 0.206050 1.037930 -1.677450
v 0.283925 1.167866 -1.686170
v 0.281892 1.097562 -1.693937
v 0.348038 1.098714 -1.740115
v 0.267708 1.046088 -1.732227
v 0.232579 1.099040 -1.644654
v -0.098568 1.065200 -0.121405
v -0.047492 1.205972 -0.140815
v -0.111568 1.203985 -0.276698
v -0.162657 1.069525 -0.264919
v -0.064730 1.131350 -0.139993
v -0.101604 1.131094 -0.198680
v -0.090640 1.203917 -0.203502
v -0.123072 1.131355 -0.271549
v -0.136243 1.074076 -0.190445
v 0.567322 1.075428 0.461629
v 0.598720 1.205074 0.401739
v 0.458425 1.206310 0.334121
v 0.424207 1.082861 0.386662
v 0.584838 1.133753 0.418569
v 0.520258 1.134250 0.392506
v 0.524231 1.205262 0.376929
v 0.451918 1.136819 0.349047
v 0.494398 1.084272 0.427263
v 1.168118 1.073534 0.559372
v 1.328941 1.072053 0.549419
v 1.364994 1.189558 0.468191
v 1.279540 1.371769 0.505441
v 1.149130 1.191422 0.497087
v 1.248634 1.075344 0.555698
v 1.249745 1.142821 0.504934
v 1.343040 1.121774 0.493998
v 1.321680 1.280765 0.484973
v 1.215227 1.280560 0.509685
v 1.161015 1.123729 0.510942
v 1.982218 1.054771 0.369648
v 2.108872 1.054779 0.275554
v 2.085036 1.181275 0.216822
v 1.958989 1.185885 0.306849
v 2.048203 1.061042 0.326180
v 2.026419 1.112216 0.292508
v 2.083344 1.111440 0.237524
v 2.029142 1.182814 0.271857
v 1.967447 1.114060 0.326327
v 2.466775 1.033628 -0.270044
v 2.508598 1.033794 -0.425464
v 2.451850 1.158428 -0.446831
v 2.407396 1.162438 -0.296465
v 2.490564 1.038146 -0.346975
v 2.449654 1.088369 -0.356472
v 2.464131 1.088816 -0.435959
v 2.438996 1.159697 -0.368857
v 2.425491 1.091185 -0.290588
v 2.443868 1.015004 -1.326121
v 2.389387 1.147630 -1.315696
v 2.444759 1.149806 -1.174980
v 2.500005 1.019136 -1.179027
v 2.405338 1.075856 -1.310436
v 2.439764 1.075940 -1.246599
v 2.428161 1.146997 -1.249674
v 2.457650 1.078237 -1.176836
v 2.476303 1.023144 -1.254411
v 1.997816 1.017384 -1.817046
v 1.860269 1.016385 -1.897797
v 1.831582 1.143006 -1.857784
v 1.965588 1.142663 -1.780967
v 1.930630 1.021489 -1.860183
v 1.908192 1.071589 -1.829186
v 1.842080 1.073418 -1.860682
v 1.903336 1.140433 -1.827674
v 1.968967 1.073344 -1.787189
v 1.121705 1.032420 -2.062138
v 0.958290 1.026776 -2.052708
v 0.949870 1.157810 -2.000278
v 1.102944 1.155295 -2.015845
v 1.039597 1.034947 -2.061158
v 1.029597 1.085447 -2.022560
v 0.960686 1.086686 -2.011420
v 1.025370 1.154185 -2.017877
v 1.108404 1.086709 -2.021605
v 1.170698 2.207430 0.436741
v 1.162554 2.335234 0.397555
v 1.007871 2.341958 0.416576
v 1.012773 2.217887 0.454953
v 1.158962 2.265882 0.400964
v 1.089990 2.267872 0.413943
v 1.086211 2.335221 0.416380
v 1.013521 2.274105 0.416549
v 1.092421 2.217231 0.449161
v 1.705698 2.199265 0.191568
v 1.691698 2.321395 0.153564
v 1.546123 2.319954 0.224248
v 1.558488 2.197940 0.261982
v 1.690258 2.253950 0.155174
v 1.618598 2.249993 0.184745
v 1.619371 2.320307 0.189847
v 1.544022 2.252707 0.225651
v 1.631880 2.197868 0.226317
v 1.490932 3.072623 0.437771
v 1.593475 2.962690 0.447476
v 1.727501 2.964699 0.361357
v 1.664339 3.069663 0.350311
v 1.549409 3.026087 0.461988
v 1.645737 3.029324 0.423871
v 1.663852 2.961606 0.409603
v 1.710103 3.027278 0.370674
v 1.578193 3.073876 0.395054
v 1.176290 3.067299 0.557154
v 0.987726 3.060269 0.595709
v 0.963381 2.957227 0.637932
v 1.117616 2.953732 0.630849
v 1.082163 3.067077 0.577790
v 1.050510 3.020135 0.646748
v 0.969978 3.018612 0.637680
v 1.040864 2.951905 0.644114
v 1.153961 3.019130 0.612858
v 2.326781 2.237115 -0.683806
v 2.252908 2.362495 -0.681368
v 2.252684 2.354659 -0.527721
v 2.318833 2.234618 -0.520229
v 2.276411 2.291820 -0.678965
v 2.281064 2.286013 -0.608949
v 2.263360 2.358346 -0.604541
v 2.270894 2.286137 -0.528937
v 2.324872 2.239483 -0.601862
v 2.195850 3.136823 -0.579600
v 2.193941 3.127169 -0.420917
v 2.265845 3.005923 -0.435801
v 2.267947 3.014841 -0.589165
v 2.197803 3.137098 -0.499914
v 2.262830 3.082455 -0.503654
v 2.244116 3.074296 -0.422775
v 2.277528 3.010131 -0.512352
v 2.245426 3.084137 -0.588329
v 2.071183 3.093918 -0.084949
v 1.979085 3.088475 0.049558
v 2.052338 2.970701 0.065646
v 2.136994 2.978148 -0.066903
v 2.026115 3.093659 -0.016924
v 2.085824 3.043631 0.005911
v 2.027082 3.038288 0.069517
v 2.101120 2.973790 0.003458
v 2.118965 3.045416 -0.069989
v 2.170951 2.217021 -0.109049
v 2.127040 2.352734 -0.150526
v 2.029635 2.347223 -0.036868
v 2.063562 2.219858 0.007834
v 2.136497 2.279561 -0.133951
v 2.098184 2.278193 -0.077995
v 2.087904 2.348761 -0.085558
v 2.039875 2.276814 -0.028578
v 2.121323 2.225620 -0.047047
v 2.126603 2.402394 -1.064152
v 2.189380 2.286538 -1.107565
v 2.111259 2.304254 -1.247490
v 2.048870 2.420527 -1.201063
v 2.143822 2.335383 -1.082107
v 2.108611 2.341521 -1.151233
v 2.151363 2.297586 -1.177833
v 2.068477 2.352810 -1.215855
v 2.093370 2.411688 -1.135776
v 2.081333 3.203583 -1.134333
v 2.129236 3.208384 -0.990941
v 2.172916 3.140043 -0.651444
v 2.136187 3.033248 -1.000037
v 2.061796 3.044600 -1.140087
v 2.116359 3.203309 -1.066247
v 2.115255 3.121349 -1.027316
v 2.132661 3.166158 -0.820444
v 2.168192 3.094952 -0.829723
v 2.104237 3.039118 -1.072833
v 2.068369 3.124391 -1.134650
v 1.762608 2.476302 -1.536485
v 1.800343 2.355166 -1.600147
v 1.668251 2.364971 -1.687152
v 1.633044 2.485648 -1.621925
v 1.770285 2.407854 -1.559955
v 1.712125 2.412857 -1.605344
v 1.736308 2.365690 -1.646069
v 1.646451 2.416892 -1.641230
v 1.702846 2.481220 -1.586791
v 1.765851 3.090320 -1.510478
v 1.641024 3.103555 -1.603503
v 1.664180 3.258751 -1.623446
v 1.789768 3.245894 -1.529947
v 1.708616 3.097155 -1.563908
v 1.716036 3.176407 -1.568673
v 1.650197 3.182314 -1.607227
v 1.731045 3.249267 -1.582586
v 1.772451 3.169482 -1.515811
v 0.978472 2.359352 -1.854412
v 0.990492 2.478565 -1.783150
v 1.144877 2.482417 -1.782768
v 1.138264 2.361472 -1.856497
v 0.989188 2.410277 -1.805052
v 1.063201 2.410767 -1.812060
v 1.067712 2.480417 -1.793070
v 1.137081 2.413517 -1.805405
v 1.058270 2.365258 -1.858011
v 1.178998 3.136621 -1.782344
v 1.027144 3.141097 -1.787248
v 0.367829 3.258880 -1.501683
v 1.051023 3.307880 -1.800334
v 1.198401 3.292511 -1.808105
v 1.103434 3.138757 -1.796120
v 1.037710 3.224757 -1.776225
v 0.693141 3.207661 -1.657665
v 0.716841 3.275955 -1.635265
v 1.123604 3.296098 -1.817126
v 1.186718 3.215667 -1.790051
v 0.492982 2.455341 -1.626534
v 0.459480 2.333871 -1.691093
v 0.329581 2.333331 -1.596046
v 0.365607 2.452556 -1.537380
v 0.480836 2.386189 -1.645366
v 0.419966 2.382671 -1.608984
v 0.393331 2.337333 -1.645188
v 0.360305 2.384270 -1.556893
v 0.423451 2.453608 -1.590315
v 0.262319 3.130084 -1.488873
v 0.289235 3.253788 -1.422996
v 0.416317 3.259355 -1.517373
v 0.386433 3.134832 -1.580531
v 0.262958 3.199198 -1.464334
v 0.317407 3.205534 -1.526523
v 0.350572 3.262122 -1.472826
v 0.397066 3.204765 -1.562038
v 0.318019 3.132056 -1.543330
v -0.062578 2.321568 -1.066637
v -0.109595 2.314960 -0.918181
v -0.063063 2.446801 -0.888886
v -0.015541 2.456558 -1.034788
v -0.091625 2.325022 -0.993862
v -0.057127 2.380661 -0.978893
v -0.071193 2.375764 -0.904552
v -0.049797 2.450451 -0.965337
v -0.028762 2.383600 -1.042769
v -0.102077 3.178663 -0.733020
v -0.065704 3.188648 -0.891508
v -0.126598 3.090505 -0.935287
v -0.168732 3.080654 -0.787416
v -0.084609 3.186526 -0.812248
v -0.151330 3.150942 -0.845923
v -0.110651 3.152658 -0.922554
v -0.158039 3.084298 -0.864393
v -0.154312 3.141422 -0.758244
v -0.103406 2.295822 -0.730055
v -0.108491 2.240750 -0.335875
v -0.036153 2.252175 -0.193737
v 0.008843 2.384630 -0.202373
v -0.043122 2.392065 -0.347519
v -0.099637 2.263363 -0.454229
v -0.041010 2.308067 -0.316566
v -0.075708 2.250665 -0.263421
v -0.000553 2.313303 -0.208012
v -0.026769 2.386254 -0.271605
v -0.058569 2.338757 -0.539798
v -0.073415 3.143402 -0.228565
v -0.136968 3.037207 -0.206787
v -0.082712 3.026752 -0.062047
v -0.021239 3.130522 -0.075854
v -0.123548 3.101682 -0.215764
v -0.111360 3.098110 -0.126341
v -0.118888 3.029989 -0.131169
v -0.067125 3.089300 -0.056256
v -0.048126 3.139829 -0.151694
v 0.467273 2.384792 0.308364
v 0.337802 2.390376 0.228434
v 0.339618 2.236425 0.243936
v 0.471517 2.235345 0.324950
v 0.396808 2.384457 0.277461
v 0.400423 2.312226 0.274323
v 0.346547 2.312890 0.230194
v 0.400077 2.241007 0.293450
v 0.471657 2.308748 0.304181
v 0.305557 3.096293 0.341903
v 0.275181 2.990227 0.395029
v 0.402637 2.981607 0.481285
v 0.436490 3.085895 0.436075
v 0.275093 3.054047 0.381268
v 0.335564 3.051420 0.446942
v 0.333403 2.983148 0.446017
v 0.414315 3.044038 0.478479
v 0.370591 3.094082 0.389921
v 0.054483 3.220084 -0.665794
v 0.141687 3.322996 -0.646971
v 0.149435 3.329341 -0.801020
v 0.074930 3.230243 -0.831177
v 0.113312 3.259334 -0.660191
v 0.113766 3.258260 -0.731361
v 0.135634 3.326403 -0.724485
v 0.127519 3.266893 -0.811602
v 0.064433 3.226213 -0.748455
v 0.333443 3.376063 -1.336255
v 0.393532 3.468041 -1.461715
v 0.494961 3.365961 -1.523501
v 0.411330 3.253995 -1.524475
v 0.304699 3.249779 -1.409343
v 0.359210 3.421613 -1.401356
v 0.384293 3.322807 -1.439899
v 0.438820 3.415291 -1.498689
v 0.461862 3.303310 -1.505922
v 0.354122 3.259896 -1.470220
v 0.333527 3.306862 -1.368016
v 0.219834 3.216407 -0.184624
v 0.280708 3.323277 -0.216180
v 0.204571 3.325292 -0.352944
v 0.143434 3.219741 -0.326201
v 0.262875 3.258936 -0.213023
v 0.224424 3.258079 -0.275329
v 0.235471 3.323183 -0.280588
v 0.191531 3.261245 -0.343985
v 0.180698 3.221408 -0.254829
v 0.605317 3.198812 0.152954
v 0.775064 3.302287 0.129934
v 0.626747 3.387635 0.106126
v 0.500724 3.310878 0.016594
v 0.465729 3.204035 0.073175
v 0.694199 3.239878 0.123034
v 0.580133 3.252325 0.078710
v 0.700633 3.344782 0.119084
v 0.559220 3.347952 0.068834
v 0.496158 3.246367 0.031941
v 0.535124 3.204236 0.113947
v 1.405553 3.177552 0.218543
v 1.306322 3.290355 0.198553
v 1.155177 3.293410 0.217838
v 1.127570 3.186382 0.273641
v 1.276035 3.157367 0.327460
v 1.347504 3.223761 0.192888
v 1.245722 3.215128 0.232471
v 1.232137 3.289896 0.219386
v 1.145379 3.229273 0.227347
v 1.201956 3.175199 0.301921
v 1.341096 3.169084 0.273661
v 2.081593 3.277516 -0.418531
v 2.129217 3.156472 -0.422032
v 2.171090 3.150917 -0.579297
v 2.127628 3.269164 -0.569534
v 2.088886 3.210799 -0.430784
v 2.111862 3.207906 -0.498566
v 2.153736 3.159973 -0.499932
v 2.129071 3.202532 -0.573797
v 2.111199 3.270755 -0.491881
v 1.838605 3.153286 -0.012898
v 1.955274 3.160058 -0.133976
v 1.899312 3.273540 -0.140761
v 1.784237 3.273451 -0.034718
v 1.898175 3.160104 -0.072054
v 1.856602 3.204465 -0.088591
v 1.910968 3.208125 -0.147802
v 1.847383 3.270960 -0.081656
v 1.802347 3.206164 -0.040872
v 1.125768 3.814982 0.307600
v 1.138645 3.613651 0.276758
v 1.289377 3.699866 0.284104
v 1.613049 3.799668 0.100158
v 1.295818 3.869677 0.266656
v 1.231075 4.164528 0.332583
v 1.131932 3.714136 0.293242
v 1.239865 3.799736 0.299989
v 1.214513 3.655103 0.289568
v 1.457492 3.761914 0.209770
v 1.443982 3.822236 0.168724
v 1.265828 4.016768 0.303451
v 1.179300 3.988675 0.331510
v 2.089082 3.817774 -0.419559
v 2.087927 3.847277 -0.815995
v 1.964714 3.948037 -0.346779
v 1.891351 3.936750 -0.216135
v 1.859456 3.827294 -0.098632
v 2.020795 3.817279 -0.221484
v 2.086164 3.827884 -0.618116
v 1.964381 3.863333 -0.307013
v 2.011901 3.890714 -0.583683
v 1.938787 3.941440 -0.275500
v 1.865192 3.869549 -0.171774
v 1.941437 3.827264 -0.158742
v 2.056492 3.821517 -0.319976
v 1.843469 4.782014 -0.179760
v 1.931120 4.676085 -0.165265
v 2.012067 4.685696 -0.296002
v 1.942367 4.789290 -0.314335
v 1.897446 4.739301 -0.158990
v 1.964018 4.749952 -0.224601
v 1.980167 4.680097 -0.225383
v 1.993810 4.749416 -0.300878
v 1.894013 4.790233 -0.245995
v 1.363251 4.680622 0.295433
v 1.485651 4.617155 0.211058
v 1.714938 4.764883 -0.070274
v 1.490029 4.793169 0.193448
v 1.394308 4.968459 0.300991
v 1.427150 4.648500 0.257453
v 1.465990 4.727303 0.224944
v 1.610772 4.701221 0.084287
v 1.588297 4.768140 0.050657
v 1.449988 4.879614 0.256135
v 1.378279 4.824618 0.296993
v 2.108084 3.855950 -0.968842
v 2.073402 3.865515 -1.123133
v 2.018457 3.991206 -1.095653
v 2.052091 3.981322 -0.947959
v 2.094260 3.866181 -1.046440
v 2.055957 3.914971 -1.033993
v 2.032893 3.920923 -1.101437
v 2.046411 3.984806 -1.024439
v 2.064019 3.911876 -0.960903
v 2.077192 4.799730 -0.853141
v 2.150782 4.694899 -0.887600
v 2.123392 4.701817 -1.031865
v 2.049830 4.806963 -1.011472
v 2.132013 4.758445 -0.865736
v 2.140802 4.764344 -0.952442
v 2.150700 4.696527 -0.962405
v 2.101209 4.766403 -1.030950
v 2.064461 4.806494 -0.932327
v 1.694320 4.024117 -1.496962
v 1.814778 4.014223 -1.403746
v 1.847278 3.891958 -1.470642
v 1.718260 3.906129 -1.564987
v 1.761231 4.018899 -1.459018
v 1.765601 3.949016 -1.478358
v 1.818287 3.945464 -1.429445
v 1.784685 3.903914 -1.519703
v 1.701050 3.956072 -1.517119
v 1.758121 4.743675 -1.486427
v 1.748621 4.836658 -1.402280
v 1.885984 4.828114 -1.241795
v 1.876070 4.733830 -1.382914
v 1.761781 4.804051 -1.458747
v 1.828632 4.803740 -1.410575
v 1.817794 4.834841 -1.322327
v 1.895296 4.793009 -1.321399
v 1.822134 4.738524 -1.440433
v 1.167480 3.938395 -1.701348
v 1.185408 4.054595 -1.632526
v 1.341274 4.046471 -1.623927
v 1.327660 3.928551 -1.695009
v 1.179362 3.987132 -1.651888
v 1.254297 3.981514 -1.653401
v 1.263803 4.050027 -1.637069
v 1.328837 3.979043 -1.644342
v 1.247897 3.937493 -1.700184
v 1.438460 4.761354 -1.647275
v 1.292421 4.771231 -1.654543
v 1.299136 4.867630 -1.570506
v 1.459856 4.857403 -1.556983
v 1.366092 4.765493 -1.665094
v 1.375639 4.830919 -1.647590
v 1.290543 4.833330 -1.628050
v 1.379683 4.864883 -1.564185
v 1.458204 4.822129 -1.617836
v 0.660589 3.939700 -1.539326
v 0.694416 4.063285 -1.467330
v 0.827267 4.067032 -1.544226
v 0.797783 3.944662 -1.617426
v 0.687218 3.994197 -1.495370
v 0.746906 3.996712 -1.538700
v 0.755629 4.066209 -1.514732
v 0.814862 3.998044 -1.568723
v 0.727207 3.948297 -1.581464
v 0.695835 4.619461 -1.402920
v 0.666964 4.893976 -1.391689
v 0.704180 5.120874 -1.434807
v 0.841129 4.979057 -1.426252
v 1.021634 4.890293 -1.456646
v 0.825167 4.809613 -1.471537
v 0.685944 4.756948 -1.391241
v 0.767753 4.891844 -1.431403
v 0.684910 5.007233 -1.414831
v 0.771985 5.048767 -1.439687
v 0.927930 4.921188 -1.422560
v 0.918792 4.863755 -1.478071
v 0.756115 4.715270 -1.443463
v 0.380274 3.910673 -1.231955
v 0.276351 3.885709 -1.095319
v 0.306603 4.009916 -1.037141
v 0.408630 4.273898 -1.174583
v 0.452015 4.034221 -1.198012
v 0.326534 3.901097 -1.164459
v 0.360319 3.980892 -1.120902
v 0.305266 3.941285 -1.059466
v 0.351388 4.140683 -1.112836
v 0.434867 4.154289 -1.180234
v 0.426327 3.964259 -1.206702
v 1.829006 4.827085 -0.350469
v 1.764817 4.930342 -0.365312
v 1.725286 4.904495 -0.214081
v 1.786507 4.799796 -0.197928
v 1.777970 4.866735 -0.359306
v 1.762438 4.852990 -0.286886
v 1.752595 4.916005 -0.287966
v 1.740621 4.841441 -0.217496
v 1.808722 4.817562 -0.273192
v 1.829550 4.873376 -0.796615
v 1.846780 4.868578 -0.964924
v 1.698957 4.892581 -1.047795
v 1.713095 4.987455 -0.923386
v 1.764925 4.977193 -0.780606
v 1.839208 4.874406 -0.880760
v 1.760067 4.911068 -0.880855
v 1.773235 4.882197 -1.006544
v 1.691788 4.926887 -0.973958
v 1.749380 4.980718 -0.855876
v 1.778831 4.914032 -0.789943
v 1.300985 4.899384 -1.399112
v 1.312822 4.995035 -1.324691
v 1.444427 4.995360 -1.246402
v 1.460815 4.892208 -1.328024
v 1.303636 4.933599 -1.343888
v 1.379598 4.930669 -1.312213
v 1.384097 4.993723 -1.294739
v 1.438373 4.932276 -1.275530
v 1.381397 4.899687 -1.364294
v 1.852823 3.798898 0.015334
v 1.842582 3.700825 0.075937
v 1.966965 3.695918 -0.017480
v 2.017828 3.804576 -0.170501
v 1.854791 3.761439 0.065570
v 1.927960 3.764436 0.020788
v 1.910028 3.695590 0.036371
v 2.008279 3.758547 -0.082818
v 1.936637 3.806715 -0.076267
v 2.208911 3.778220 -0.471385
v 2.070982 3.800713 -0.243190
v 2.213782 3.679402 -0.364041
v 2.258261 3.676946 -0.510671
v 2.141500 3.793458 -0.356742
v 2.236117 3.743678 -0.404274
v 2.159147 3.748000 -0.291778
v 2.245584 3.674446 -0.434393
v 2.254805 3.738144 -0.491598
v 2.200206 3.782878 -0.709304
v 2.247726 3.684472 -1.005222
v 2.205930 3.687230 -1.156968
v 2.155906 3.810988 -1.143965
v 2.150660 3.827578 -0.979566
v 2.243621 3.744681 -0.857767
v 2.231515 3.763101 -1.045245
v 2.233850 3.684165 -1.083060
v 2.196319 3.756205 -1.158756
v 2.156760 3.824664 -1.062197
v 2.173092 3.800586 -0.844773
v 1.791430 3.816294 -1.718166
v 1.907658 3.818696 -1.597342
v 1.914863 3.700853 -1.660574
v 1.799266 3.704085 -1.760177
v 1.851552 3.822699 -1.659790
v 1.876619 3.768988 -1.718901
v 1.929234 3.766084 -1.638669
v 1.863549 3.698131 -1.718042
v 1.802781 3.768047 -1.758771
v 1.310721 3.831066 -1.896395
v 1.283329 3.717639 -1.951075
v 1.128601 3.720640 -1.950709
v 1.150458 3.834817 -1.902234
v 1.304327 3.781877 -1.943003
v 1.220241 3.786210 -1.964723
v 1.205873 3.715673 -1.961308
v 1.133557 3.786528 -1.944504
v 1.230778 3.837490 -1.901569
v 0.604167 3.865278 -1.655759
v 0.730992 3.857726 -1.758291
v 0.678377 3.745323 -1.775122
v 0.523104 3.740357 -1.653910
v 0.665929 3.866333 -1.709422
v 0.626763 3.811422 -1.751046
v 0.697709 3.807875 -1.787311
v 0.594140 3.739929 -1.723090
v 0.551958 3.810263 -1.663752
v 0.347586 3.864483 -1.311706
v 0.331097 3.743266 -1.400054
v 0.261920 3.749345 -1.249390
v 0.278369 3.888301 -1.090520
v 0.327189 3.812297 -1.365168
v 0.281911 3.819237 -1.286712
v 0.289603 3.745441 -1.327858
v 0.254445 3.825042 -1.173769
v 0.310944 3.879842 -1.202121
v 0.078397 4.336054 -0.663544
v 0.165127 3.959196 -0.799835
v 0.281181 3.887447 -1.103488
v 0.149573 3.777515 -0.806377
v 0.102634 3.850999 -0.653483
v 0.112423 4.146369 -0.734162
v 0.144945 3.912095 -0.765777
v 0.237121 3.916819 -0.944787
v 0.202903 3.838953 -0.958063
v 0.129052 3.814192 -0.728993
v 0.098022 4.093930 -0.657136
v 1.817471 5.662379 -0.931709
v 1.749297 5.759522 -0.906955
v 1.805239 5.760271 -0.755896
v 1.870898 5.663498 -0.787308
v 1.797756 5.723969 -0.930840
v 1.845265 5.728310 -0.857285
v 1.777713 5.762240 -0.831602
v 1.856911 5.724901 -0.772317
v 1.853671 5.661469 -0.863007
v 1.846495 5.661675 -0.165142
v 1.888208 5.662834 -0.313280
v 1.821832 5.759494 -0.333051
v 1.777726 5.758209 -0.178122
v 1.876961 5.660419 -0.236520
v 1.869348 5.727239 -0.237048
v 1.874130 5.724138 -0.323891
v 1.800238 5.761196 -0.255436
v 1.828074 5.722778 -0.160749
v 1.394217 5.654412 -1.388446
v 1.353148 5.752349 -1.328132
v 1.487479 5.754839 -1.239234
v 1.522437 5.657398 -1.302984
v 1.378399 5.716221 -1.375927
v 1.460548 5.721431 -1.344273
v 1.420559 5.755945 -1.284120
v 1.519649 5.719082 -1.282867
v 1.463976 5.654476 -1.354141
v 0.931137 5.645560 -1.514708
v 0.775588 5.641187 -1.508156
v 0.785657 5.740737 -1.435623
v 0.946569 5.744004 -1.442928
v 0.852969 5.641980 -1.521702
v 0.861260 5.709160 -1.511732
v 0.774267 5.703606 -1.488360
v 0.866041 5.744733 -1.439810
v 0.943815 5.707492 -1.497316
v -0.040768 5.622273 -0.855981
v -0.082465 5.620951 -0.708066
v -0.013385 5.721960 -0.683824
v 0.029924 5.723221 -0.838955
v -0.071426 5.620288 -0.784801
v -0.061260 5.687607 -0.781619
v -0.066117 5.683720 -0.695208
v 0.007681 5.724974 -0.761534
v -0.020673 5.685111 -0.857449
v 0.220338 5.628809 -1.247967
v 0.263975 5.729136 -1.189265
v 0.389914 5.731927 -1.289680
v 0.396499 5.632748 -1.368355
v 0.349151 5.422705 -1.323049
v 0.227019 5.691353 -1.228521
v 0.289884 5.672340 -1.307819
v 0.326552 5.732907 -1.239899
v 0.386851 5.694981 -1.345488
v 0.372163 5.527534 -1.347286
v 0.279020 5.524601 -1.292158
v -0.064848 5.620125 -0.259147
v 0.003894 5.070391 -0.263488
v -0.010529 5.620910 -0.090324
v 0.058645 5.721923 -0.111814
v 0.003128 5.721185 -0.263005
v -0.044347 5.459353 -0.250224
v -0.041214 5.637701 -0.171060
v -0.012708 5.344297 -0.173385
v 0.009577 5.683723 -0.089832
v 0.030311 5.723938 -0.187210
v -0.049052 5.682920 -0.260340
v 0.452836 5.729048 0.309259
v 0.319375 5.726587 0.219086
v 0.284817 5.626361 0.282335
v 0.412594 5.628862 0.367772
v 0.385747 5.730196 0.264639
v 0.347201 5.693345 0.324909
v 0.287397 5.688743 0.262120
v 0.343092 5.626090 0.333493
v 0.427449 5.691434 0.356259
v 0.798655 5.896006 -0.751614
v 0.672190 5.893004 -0.651891
v 0.628512 5.891645 -0.496868
v 0.684237 5.892440 -0.345755
v 0.818100 5.895083 -0.256206
v 0.979032 5.898574 -0.262459
v 1.105518 5.901582 -0.362174
v 1.149211 5.902954 -0.517216
v 1.093473 5.902162 -0.668349
v 0.959586 5.899506 -0.757891
v 0.735030 5.896880 -0.702179
v 0.885113 5.943064 -0.506543
v 0.649763 5.894708 -0.574524
v 0.655799 5.894427 -0.421112
v 0.750809 5.896140 -0.300514
v 0.898536 5.899195 -0.258782
v 1.042556 5.902431 -0.311889
v 1.127824 5.904613 -0.439545
v 1.121787 5.904902 -0.592959
v 1.026775 5.903184 -0.713557
v 0.879048 5.900118 -0.755288
v 1.584821 5.654120 0.236649
v 1.542827 5.752270 0.173457
v 1.415780 5.749454 0.272484
v 1.463778 5.650929 0.331879
v 1.578817 5.716201 0.215289
v 1.524773 5.718418 0.280741
v 1.479584 5.753216 0.223397
v 1.445608 5.713029 0.318764
v 1.530657 5.651514 0.292310
v 1.069089 5.642143 0.477433
v 1.019624 5.740635 0.418579
v 0.858633 5.737377 0.423834
v 0.878326 5.638416 0.499310
v 1.082004 5.263219 0.448018
v 1.050186 5.704226 0.464589
v 0.961855 5.671320 0.496649
v 0.939099 5.741373 0.421757
v 0.863216 5.700377 0.479307
v 0.981050 5.449741 0.485056
v 1.056977 5.531850 0.473158
v 2.267637 2.102494 0.036287
v 2.159446 2.092146 0.159090
v 2.172551 1.964229 0.225004
v 2.282747 1.966442 0.118336
v 2.216286 2.102714 0.100560
v 2.246252 2.037327 0.160344
v 2.171005 2.035061 0.204390
v 2.237140 1.963902 0.181446
v 2.290051 2.040201 0.084082
v 1.589921 2.115367 0.374628
v 1.565451 1.991148 0.448594
v 1.728630 1.983945 0.386427
v 1.740906 2.108702 0.317107
v 1.583334 2.060475 0.425601
v 1.669160 2.058692 0.397237
v 1.647040 1.987547 0.417511
v 1.740416 2.053541 0.365757
v 1.665413 2.112035 0.345867
v 2.476162 2.133512 -0.475728
v 2.532001 2.011471 -0.438829
v 2.561343 2.019131 -0.598131
v 2.501350 2.139937 -0.634553
v 2.518009 2.080858 -0.450684
v 2.547117 2.088674 -0.533228
v 2.553920 2.014580 -0.517180
v 2.547981 2.087533 -0.617211
v 2.491155 2.141111 -0.554582
v 2.421120 2.124703 -1.421553
v 2.470789 2.127689 -1.266250
v 2.532118 2.008844 -1.300777
v 2.477907 2.009398 -1.445329
v 2.447749 2.130085 -1.344550
v 2.506364 2.078719 -1.375400
v 2.517915 2.077015 -1.284386
v 2.514624 2.007651 -1.376663
v 2.463502 2.076210 -1.444454
v 2.009874 2.140807 -1.940514
v 2.039583 2.020926 -1.986861
v 1.909746 2.027254 -2.067195
v 1.873483 2.147022 -2.023152
v 2.038820 2.088658 -1.974809
v 1.977148 2.093468 -2.036913
v 1.980275 2.021378 -2.036309
v 1.895828 2.095085 -2.063315
v 1.943127 2.148438 -1.983883
v 0.158271 2.103781 -1.782695
v 0.200294 2.223439 -1.738460
v 0.314674 2.219513 -1.849698
v 0.269844 2.100895 -1.889390
v 0.164342 2.171926 -1.768880
v 0.212944 2.173155 -1.841170
v 0.255829 2.226121 -1.795945
v 0.284732 2.168377 -1.885468
v 0.207314 2.100609 -1.843047
v 0.949185 2.196648 -2.160337
v 1.106910 2.188522 -2.183007
v 1.098405 2.070920 -2.237607
v 0.946401 2.077980 -2.218595
v 1.027927 2.197545 -2.174287
v 1.021799 2.144573 -2.236683
v 1.106825 2.137731 -2.228209
v 1.021023 2.072006 -2.238230
v 0.940008 2.145576 -2.205923
v -0.162699 2.243189 -1.098041
v -0.214348 2.110304 -1.108928
v -0.247342 2.105381 -0.956915
v -0.163847 2.213578 -0.516819
v -0.166094 2.265052 -0.934965
v -0.201462 2.182363 -1.110659
v -0.231131 2.190533 -0.992429
v -0.239869 2.106718 -1.034917
v -0.219673 2.164911 -0.735531
v -0.177192 2.239316 -0.816974
v -0.169004 2.259617 -1.017336
v -0.149542 2.201738 -0.317885
v -0.199414 2.065544 -0.287901
v -0.135788 2.059414 -0.150351
v -0.084094 2.195138 -0.174869
v -0.188520 2.139076 -0.301560
v -0.172148 2.136951 -0.220187
v -0.178345 2.061451 -0.214202
v -0.119146 2.132492 -0.153146
v -0.121190 2.204081 -0.244116
v 0.329391 2.205082 0.270427
v 0.339397 2.049638 0.314669
v 0.474488 2.043716 0.400479
v 0.466380 2.197146 0.360013
v 0.328851 2.128614 0.298207
v 0.393538 2.126771 0.353673
v 0.403169 2.046263 0.363486
v 0.467628 2.122338 0.388038
v 0.394687 2.204047 0.320371
v 1.030795 2.016630 0.594898
v 1.184669 2.007956 0.593664
v 1.172504 2.138223 0.537100
v 1.014778 2.146722 0.535784
v 1.107734 2.010660 0.606064
v 1.098391 2.085893 0.600085
v 1.183962 2.079401 0.578762
v 1.093917 2.148237 0.540625
v 1.017368 2.088013 0.580755
v -3.521807 0.441433 -1.024599
v -3.331574 -0.019684 -0.914036
v -3.430338 -0.002464 -0.968847
v -3.285826 0.513160 -0.063345
v -3.090660 -0.019685 -0.219407
v -3.191568 0.004126 -0.138888
v -3.683388 1.961127 -0.270905
v -3.727211 1.860184 -0.168120
v -3.664684 1.869350 -0.031107
v -3.634106 1.966134 -0.088182
v -3.725482 1.921052 -0.217907
v -3.709864 1.928566 -0.115996
v -3.705008 1.862174 -0.096049
v -3.664665 1.930055 -0.046945
v -3.659547 1.966324 -0.179401
v -3.796679 1.830644 -0.789584
v -3.731995 1.939707 -0.743366
v -3.708200 1.931372 -0.906738
v -3.757843 1.823395 -0.975932
v -3.722571 1.439225 -0.970518
v -3.783387 1.895849 -0.764999
v -3.786209 1.852369 -0.871418
v -3.721056 1.938451 -0.825340
v -3.746343 1.888590 -0.949265
v -3.748345 1.630529 -0.975660
v -3.762367 1.635106 -0.879651
v -2.606469 0.724717 0.389679
v -2.559168 -0.019685 0.066397
v -2.583396 0.012505 0.230924
v -2.552454 2.061012 0.622241
v -2.744584 2.072716 0.487338
v -2.906777 2.051099 0.470716
v -2.919661 1.942980 0.529292
v -2.768648 1.954678 0.596061
v -2.648131 2.063538 0.553949
v -2.817547 2.024531 0.562018
v -2.826015 2.063889 0.479715
v -2.921665 2.007241 0.516976
v -2.844154 1.948829 0.562676
v -2.669261 2.021163 0.626979
v -3.375439 1.900908 0.286099
v -3.243851 1.914921 0.381084
v -3.227939 2.020166 0.327082
v -3.359591 2.010019 0.219729
v -3.313836 1.906243 0.338799
v -3.315103 1.974791 0.334804
v -3.244760 1.978046 0.371939
v -3.294462 2.017430 0.274040
v -3.381938 1.964983 0.265119
v -2.374897 2.065270 0.645719
v -2.542030 2.061691 0.626826
v -2.516316 1.971108 0.707055
v -2.374185 1.977462 0.710876
v -2.458573 2.066566 0.636665
v -2.444514 2.038015 0.715934
v -2.537883 2.029718 0.684769
v -2.443588 1.971325 0.721016
v -2.365891 2.035502 0.697253
v -1.970207 -0.008457 0.052642
v -2.097486 -0.008457 0.135265
v -2.027411 -0.008457 0.104344
v -2.068507 2.103717 0.464317
v -2.204810 2.084117 0.574612
v -2.090699 1.974437 0.587995
v -1.950894 1.962897 0.504428
v -1.896833 2.077549 0.398434
v -2.114581 2.089826 0.519623
v -2.025881 2.048259 0.542294
v -2.139952 2.039485 0.598439
v -2.019130 1.968034 0.549087
v -1.913210 2.027073 0.464274
v -1.981268 2.094989 0.433298
v -1.657804 0.165534 -0.378413
v -1.723842 -0.019685 -0.321961
v -1.687142 -0.005266 -0.348150
v -1.572394 0.296797 -1.189752
v -1.637433 -0.019685 -0.964189
v -1.598824 0.000927 -1.076889
v -1.445088 1.085397 -1.093499
v -1.476604 0.822368 -1.096456
v -1.465453 1.014778 -1.276652
v -1.568774 1.106221 -1.373623
v -1.586949 1.214561 -1.314925
v -1.474867 1.279332 -1.220301
v -1.434559 1.291096 -1.064613
v -1.453029 1.000607 -1.107837
v -1.448308 1.111521 -1.210075
v -1.463386 0.917331 -1.187407
v -1.500370 1.070727 -1.333332
v -1.587936 1.150167 -1.328522
v -1.524500 1.247049 -1.275272
v -1.442488 1.286378 -1.145710
v -1.438360 1.188144 -1.078860
v -2.122514 2.192671 0.481973
v -2.268223 2.176260 0.539046
v -2.203111 2.059738 0.563932
v -2.035759 2.092949 0.478780
v -2.192474 2.181569 0.517066
v -2.171706 2.119920 0.504035
v -2.237719 2.112553 0.531358
v -2.119078 2.080605 0.523719
v -2.090591 2.133410 0.462728
v -2.543127 2.062375 0.621146
v -2.383721 2.081157 0.601722
v -2.401901 2.169802 0.538724
v -2.533293 2.179525 0.488634
v -2.630916 2.089322 0.473995
v -2.463517 2.072690 0.611563
v -2.488125 2.097226 0.537259
v -2.394024 2.111172 0.550441
v -2.473515 2.171466 0.528582
v -2.569550 2.123090 0.467426
v -2.586634 2.072522 0.546730
v -1.708487 0.945698 -1.760356
v -1.858827 1.052603 -1.821850
v -1.689124 1.058392 -1.679199
v -1.604530 0.959506 -1.629778
v -1.771867 1.005128 -1.809535
v -1.678804 1.012871 -1.742637
v -1.772952 1.058797 -1.751876
v -1.630084 1.019177 -1.662683
v -1.648175 0.948988 -1.700878
v -2.176268 -0.008456 -1.705835
v -2.041676 -0.008456 -1.635695
v -2.103334 -0.008456 -1.683769
v -2.284852 1.033415 -2.047095
v -2.128570 1.036973 -1.999463
v -2.086412 0.917587 -2.026306
v -2.235979 0.912614 -2.079179
v -2.206086 1.038876 -2.025603
v -2.172114 0.983213 -2.070771
v -2.097376 0.984447 -2.028877
v -2.158623 0.912451 -2.059770
v -2.258918 0.978840 -2.082790
v -2.837526 -0.008456 -1.695704
v -2.684080 -0.008456 -1.728909
v -2.762617 -0.008456 -1.720710
v -2.662717 1.021548 -2.079406
v -2.769010 0.896817 -2.122468
v -2.922855 0.888906 -2.092987
v -2.876820 0.999650 -2.070659
v -2.714319 0.964814 -2.121061
v -2.829755 0.960641 -2.127318
v -2.847153 0.889558 -2.114983
v -2.909925 0.952373 -2.101174
v -2.770411 1.015743 -2.077870
v -3.329702 -0.008456 -1.374471
v -3.236451 -0.008456 -1.492281
v -3.293651 -0.008456 -1.442535
v -3.483724 0.852843 -1.814262
v -3.559924 0.847790 -1.693040
v -3.544172 0.995642 -1.636860
v -3.474146 0.981116 -1.790899
v -3.534327 0.843635 -1.761789
v -3.546870 0.921016 -1.768107
v -3.565743 0.923498 -1.665801
v -3.517275 0.996990 -1.718381
v -3.487683 0.920767 -1.819790
v -3.589134 0.858893 -1.324372
v -3.611835 0.935833 -1.179034
v -3.586818 1.071125 -1.283923
v -3.556215 1.003077 -1.427546
v -3.598576 0.883300 -1.233851
v -3.596539 0.953836 -1.285003
v -3.608624 1.002745 -1.234643
v -3.561287 1.033558 -1.351876
v -3.584718 0.933183 -1.376730
v -2.268338 1.328112 -1.677031
v -2.107656 1.196024 -1.659997
v -2.248144 1.180627 -1.803989
v -2.409967 1.183728 -1.842561
v -2.549340 1.222133 -1.766753
v -2.506341 1.340374 -1.724371
v -2.376683 1.435932 -1.734008
v -2.198072 1.251844 -1.652762
v -2.376661 1.267663 -1.731689
v -2.176877 1.191626 -1.733344
v -2.328431 1.185860 -1.825599
v -2.479831 1.205815 -1.806443
v -2.523873 1.273138 -1.726945
v -2.441077 1.386754 -1.737216
v -2.321253 1.381575 -1.708758
v -3.462554 1.260240 -1.464780
v -3.340874 1.394587 -1.561129
v -3.197081 1.310670 -1.590146
v -3.360258 1.169561 -1.595952
v -3.480052 1.112444 -1.529027
v -3.406783 1.327131 -1.519750
v -3.390042 1.236342 -1.537279
v -3.270401 1.351874 -1.580509
v -3.275365 1.235637 -1.577041
v -3.429108 1.152026 -1.569107
v -3.459547 1.182782 -1.491916
v -3.467185 1.813588 -1.470094
v -3.421882 1.929237 -1.407955
v -3.301728 1.929203 -1.514202
v -3.351931 1.814001 -1.570308
v -3.458037 1.881002 -1.447028
v -3.407381 1.883360 -1.516188
v -3.362895 1.932896 -1.462312
v -3.332921 1.881296 -1.556709
v -3.416687 1.813427 -1.528401
v -2.744752 1.935794 -1.736975
v -2.583925 1.940495 -1.749974
v -2.545471 1.836295 -1.812957
v -2.690181 1.776441 -1.810361
v -2.871894 1.825514 -1.764870
v -2.664503 1.941124 -1.744429
v -2.674921 1.889332 -1.817905
v -2.560503 1.899999 -1.798101
v -2.617391 1.804968 -1.819685
v -2.782461 1.800223 -1.792487
v -2.814657 1.891744 -1.765894
v -1.857287 1.870988 -1.532334
v -1.968877 1.805453 -1.626555
v -2.112635 1.856824 -1.689501
v -2.070286 1.969596 -1.605214
v -1.977148 2.010981 -1.403827
v -1.788379 1.979835 -1.278087
v -1.906675 1.838322 -1.587104
v -1.963332 1.933439 -1.600015
v -2.039498 1.830692 -1.661266
v -2.087318 1.923830 -1.663648
v -2.022365 1.995841 -1.506287
v -1.883799 1.992056 -1.340233
v -1.812755 1.937464 -1.413102
v -1.697274 2.169476 -0.563961
v -1.666460 2.082250 -0.098176
v -1.632367 2.045487 -0.644543
v -1.670748 2.042446 -0.819984
v -1.915820 2.043623 -1.164994
v -1.740949 2.155140 -0.769466
v -1.655308 2.358091 -0.673456
v -1.696964 2.122079 -0.330779
v -1.714781 2.095755 -0.676446
v -1.654015 2.057173 -0.371195
v -1.650331 2.048269 -0.732607
v -1.794319 2.039683 -0.991764
v -1.845688 2.090883 -0.957184
v -1.690881 2.254565 -0.723592
v -1.674869 2.263462 -0.618718
v -2.168294 2.161008 -1.331135
v -2.046624 2.160377 -1.263317
v -2.007634 2.044241 -1.322608
v -2.148746 2.050264 -1.394676
v -2.099298 2.158190 -1.311890
v -2.092505 2.092089 -1.324074
v -2.041650 2.093133 -1.284540
v -2.076807 2.053794 -1.360802
v -2.158107 2.095436 -1.345001
v -2.752520 2.173174 -1.288578
v -2.596706 2.165014 -1.320366
v -2.591768 2.060743 -1.384173
v -2.753853 2.067308 -1.356497
v -2.675825 2.168103 -1.310156
v -2.674240 2.100613 -1.320380
v -2.593814 2.101468 -1.333590
v -2.680364 2.063075 -1.374882
v -2.747284 2.108709 -1.304678
v -3.128464 2.205405 -1.068267
v -3.068618 2.504426 -1.207771
v -2.997033 2.196856 -1.192475
v -3.066469 2.085368 -1.228324
v -3.176589 2.087214 -1.116036
v -3.107948 2.353240 -1.145645
v -3.090617 2.169765 -1.150049
v -3.033758 2.350328 -1.202047
v -3.026009 2.132126 -1.193575
v -3.123876 2.093808 -1.174605
v -3.136344 2.137762 -1.087306
v -3.244384 2.196619 -0.722564
v -3.297384 2.091881 -0.745410
v -3.384287 2.067768 -0.606731
v -3.302175 2.100731 -0.465243
v -3.257250 2.201170 -0.565683
v -3.251976 2.133451 -0.728343
v -3.270018 2.122485 -0.632009
v -3.341258 2.081027 -0.676126
v -3.333085 2.087418 -0.554792
v -3.260547 2.140521 -0.517320
v -3.258043 2.197184 -0.644666
v -3.203657 2.231337 -0.170154
v -3.235562 2.100507 -0.111703
v -3.131559 2.132558 0.026986
v -3.041490 2.240882 0.026411
v -3.152956 2.345564 -0.025321
v -3.203801 2.161247 -0.142762
v -3.163155 2.183013 -0.076037
v -3.188070 2.124606 -0.040843
v -3.074358 2.176519 0.010690
v -3.097836 2.292966 0.001347
v -3.188159 2.285590 -0.092032
v -2.705102 2.232575 0.296643
v -2.822389 2.248111 0.188308
v -2.842884 2.139535 0.239044
v -2.714252 2.116264 0.376674
v -2.760631 2.241477 0.239266
v -2.760000 2.176914 0.244734
v -2.820605 2.184145 0.197825
v -2.779029 2.130382 0.308709
v -2.696207 2.163307 0.322047
v -1.552563 1.814379 0.090316
v -1.525134 1.905448 -0.066949
v -1.572090 2.012295 -0.307291
v -1.643955 2.069859 0.027735
v -1.664388 2.043996 0.221581
v -1.620082 1.918174 0.245840
v -1.537385 1.859811 0.011879
v -1.570085 1.978054 0.144459
v -1.532532 1.969655 -0.185468
v -1.612625 2.034381 -0.139614
v -1.648219 2.064624 0.126312
v -1.630617 1.987899 0.247836
v -1.576461 1.864868 0.175806
v -1.437860 1.896893 -0.860356
v -1.478215 1.894038 -1.013040
v -1.536489 1.995152 -0.933020
v -1.525054 2.007684 -0.734893
v -1.445813 1.896629 -0.939951
v -1.461841 1.964020 -0.900346
v -1.497275 1.956648 -0.980921
v -1.529545 2.005720 -0.834299
v -1.465377 1.963072 -0.795972
v -1.701779 2.226106 -0.059386
v -1.625659 2.711253 -0.011466
v -1.697784 2.485872 0.130901
v -1.771670 2.228338 0.146875
v -1.726943 2.108260 0.152654
v -1.667354 2.093491 0.001976
v -1.656133 2.467278 -0.033284
v -1.712577 2.221814 0.047412
v -1.667796 2.599257 0.057740
v -1.726171 2.354861 0.142295
v -1.764518 2.162033 0.137292
v -1.691270 2.108423 0.078900
v -1.699663 2.156014 -0.028415
v -2.004585 2.203915 0.407428
v -2.081527 2.087012 0.511647
v -1.884197 2.093034 0.346797
v -1.866710 2.221014 0.266467
v -1.858647 2.476728 0.422984
v -2.055566 2.136766 0.440546
v -1.945731 2.177057 0.354970
v -1.981202 2.094861 0.431386
v -1.890308 2.151429 0.294485
v -1.863641 2.349317 0.344047
v -1.928128 2.338277 0.418346
v -2.425212 2.701999 0.684022
v -2.364370 2.827936 0.656159
v -2.510414 2.848237 0.578900
v -2.560904 2.725413 0.605369
v -2.399053 2.770453 0.685580
v -2.484201 2.784889 0.654188
v -2.438203 2.841413 0.619937
v -2.546134 2.793956 0.605241
v -2.496586 2.712436 0.650403
v -2.727887 2.948383 0.440521
v -2.905681 3.077073 0.406007
v -2.867694 2.847967 0.354186
v -2.838093 2.599104 0.297006
v -2.720649 2.759277 0.451915
v -2.593568 2.864714 0.503473
v -2.821295 3.009471 0.434361
v -2.780571 2.848499 0.416756
v -2.885283 2.963109 0.378521
v -2.853507 2.723279 0.326398
v -2.777894 2.679798 0.372712
v -2.668497 2.818850 0.491746
v -2.657330 2.898967 0.454672
v -2.265190 2.683779 0.720550
v -2.114643 2.674261 0.712170
v -2.120894 2.802370 0.681205
v -2.280805 2.815626 0.683506
v -2.189611 2.674129 0.727414
v -2.192460 2.746112 0.738889
v -2.110265 2.742867 0.714000
v -2.200426 2.813464 0.686080
v -2.278354 2.754241 0.720440
v -1.735659 2.836952 0.359253
v -1.911701 2.843325 0.528975
v -2.025545 2.805430 0.639073
v -1.951690 2.682710 0.632685
v -1.831498 2.685707 0.528900
v -1.819810 2.845253 0.447935
v -1.877260 2.764352 0.590808
v -1.968001 2.826077 0.585253
v -1.980523 2.747973 0.654481
v -1.886392 2.680533 0.586711
v -1.771113 2.762863 0.452486
v -2.057978 2.949722 0.455823
v -2.158330 3.087119 0.455856
v -2.315569 3.070144 0.482309
v -2.428008 2.915540 0.513698
v -2.291146 2.887740 0.598221
v -2.132489 2.883218 0.585591
v -2.116075 3.012640 0.438687
v -2.229467 2.995790 0.479960
v -2.236069 3.077024 0.473289
v -2.368481 2.986230 0.477291
v -2.360389 2.904966 0.558367
v -2.211393 2.889945 0.595631
v -2.094611 2.918171 0.521936
v -1.688285 2.729742 0.267637
v -1.711357 2.915852 0.204691
v -1.767587 2.834644 0.407002
v -1.773612 2.689891 0.442331
v -1.761703 2.484245 0.290359
v -1.689439 2.824983 0.238823
v -1.716224 2.750534 0.353407
v -1.737004 2.876937 0.307211
v -1.758134 2.763801 0.433076
v -1.768621 2.587514 0.365666
v -1.716438 2.604750 0.282405
v -1.667360 2.783305 0.141903
v -1.608758 2.876481 -0.005354
v -1.612300 3.057467 0.067111
v -1.694666 3.013471 0.200131
v -1.724542 2.882101 0.283919
v -1.644133 2.830587 0.066296
v -1.653856 2.912835 0.100914
v -1.612889 2.967378 0.029754
v -1.650245 3.034541 0.135319
v -1.721260 2.946389 0.235678
v -1.685569 2.834889 0.215570
v -1.866567 2.923186 0.376378
v -1.756434 2.800192 0.429493
v -1.696362 2.869536 0.234927
v -1.700457 3.016053 0.210198
v -1.817111 3.040334 0.312233
v -1.807631 2.866804 0.406757
v -1.762914 2.941413 0.285558
v -1.723930 2.836553 0.333574
v -1.710065 2.941398 0.216216
v -1.752974 3.025134 0.268585
v -1.849628 2.975853 0.327512
v -3.235510 3.599715 -0.629419
v -3.171939 3.671109 -0.608604
v -3.126561 3.669451 -0.759565
v -3.195969 3.597756 -0.787944
v -3.183548 3.617384 -0.618795
v -3.168236 3.610620 -0.698434
v -3.158900 3.668692 -0.686968
v -3.146404 3.615156 -0.763495
v -3.215871 3.597383 -0.708698
v -3.228134 3.620718 -0.199522
v -3.161319 3.619327 -0.050258
v -3.109527 3.680683 -0.076121
v -3.164358 3.682189 -0.219928
v -3.195058 3.618277 -0.124758
v -3.155508 3.625755 -0.145994
v -3.119638 3.630715 -0.077344
v -3.147086 3.678642 -0.144186
v -3.176844 3.631417 -0.209443
v -3.202954 4.321579 -0.091395
v -3.267092 4.230886 -0.083823
v -3.211408 4.221793 0.060864
v -3.141455 4.311122 0.057604
v -3.254706 4.290317 -0.085642
v -3.240979 4.288997 0.001580
v -3.248115 4.223921 -0.008219
v -3.192267 4.279374 0.073345
v -3.172445 4.318412 -0.016652
v -3.227408 4.340238 -0.469792
v -3.188151 4.344387 -0.626425
v -3.250889 4.254650 -0.664680
v -3.292948 4.252540 -0.514687
v -3.208025 4.344414 -0.548114
v -3.277182 4.317178 -0.576164
v -3.234439 4.314263 -0.655672
v -3.282170 4.251882 -0.592582
v -3.280272 4.310388 -0.490251
v -2.843964 3.673900 0.232768
v -2.877520 3.617488 0.273003
v -2.738652 3.613972 0.358066
v -2.709357 3.670142 0.306742
v -2.844594 3.625758 0.238401
v -2.782608 3.618183 0.281375
v -2.808408 3.613569 0.315970
v -2.721965 3.621897 0.311505
v -2.781638 3.668540 0.278635
v -2.960969 4.192012 0.365070
v -2.830248 4.175102 0.449725
v -2.794988 4.270219 0.404114
v -2.930769 4.284867 0.318088
v -2.900772 4.180432 0.414748
v -2.903146 4.246758 0.416387
v -2.817315 4.234395 0.447759
v -2.862966 4.280001 0.361656
v -2.962266 4.251130 0.356120
v -2.366453 3.583791 0.417000
v -2.205975 3.576069 0.437890
v -2.041984 3.580835 0.297200
v -2.223548 3.654480 0.338065
v -2.373573 3.647480 0.366933
v -2.288192 3.579711 0.427923
v -2.263503 3.584711 0.357580
v -2.124184 3.571658 0.367077
v -2.141855 3.605551 0.299069
v -2.296291 3.646911 0.363310
v -2.367517 3.597863 0.369004
v -2.451447 4.234132 0.501856
v -2.437617 4.136771 0.553968
v -2.281823 4.122922 0.541862
v -2.290883 4.223371 0.488827
v -2.449690 4.196630 0.550167
v -2.366899 4.191926 0.563910
v -2.359288 4.125763 0.558140
v -2.277757 4.184098 0.534620
v -2.370994 4.230668 0.495865
v -1.820062 3.708649 0.054326
v -1.924625 3.696497 0.175164
v -1.884689 3.605846 0.203877
v -1.772615 3.604239 0.087237
v -1.865680 3.699463 0.120199
v -1.856845 3.643763 0.113776
v -1.915167 3.639981 0.168807
v -1.827436 3.611660 0.146634
v -1.815110 3.645837 0.064194
v -1.788528 4.108704 0.266563
v -1.837167 4.209890 0.245265
v -1.960989 4.211607 0.348392
v -1.911008 4.113934 0.372227
v -1.795356 4.170169 0.267622
v -1.852441 4.173190 0.342350
v -1.898649 4.212844 0.297308
v -1.926551 4.172815 0.381661
v -1.844122 4.107609 0.326122
v -1.714769 3.680185 -0.172906
v -1.663467 3.565115 -0.188626
v -1.642399 3.553420 -0.348081
v -1.690704 3.669815 -0.334655
v -1.709083 3.614756 -0.188137
v -1.693755 3.606039 -0.266565
v -1.651478 3.562087 -0.268368
v -1.685710 3.603392 -0.338987
v -1.695110 3.672256 -0.252470
v -1.591189 4.115963 -0.045082
v -1.549827 4.120454 -0.195996
v -1.604749 4.219943 -0.190200
v -1.651711 4.214158 -0.035759
v -1.561523 4.114725 -0.118180
v -1.561370 4.180127 -0.103489
v -1.556502 4.181668 -0.193019
v -1.627678 4.219083 -0.112735
v -1.602754 4.175397 -0.027926
v -1.677251 3.530762 -0.696168
v -1.754731 3.527051 -0.845128
v -1.782286 3.642213 -0.786599
v -1.718813 3.650508 -0.641173
v -1.713998 3.533715 -0.771804
v -1.743619 3.577305 -0.735884
v -1.781637 3.575075 -0.803241
v -1.741403 3.643832 -0.717734
v -1.717436 3.582807 -0.666290
v -1.669112 4.255379 -0.696734
v -1.616041 4.242851 -0.544517
v -1.563941 4.146611 -0.593809
v -1.618904 4.158200 -0.737432
v -1.642026 4.251258 -0.620641
v -1.579601 4.215446 -0.655138
v -1.568908 4.206111 -0.569100
v -1.581867 4.149750 -0.669491
v -1.628390 4.219627 -0.728471
v -1.998175 3.615336 -1.031518
v -1.990527 3.498310 -1.113018
v -2.143886 3.500728 -1.193826
v -2.131316 3.609759 -1.117638
v -2.007520 3.547137 -1.059595
v -2.069667 3.541708 -1.102383
v -2.066794 3.501525 -1.154143
v -2.142801 3.544623 -1.139675
v -2.059659 3.611311 -1.082362
v -2.021709 4.297033 -1.053026
v -1.888768 4.287035 -0.962300
v -1.867520 4.194032 -1.037982
v -1.997863 4.202754 -1.122845
v -1.954816 4.294815 -1.007976
v -1.922525 4.263524 -1.072603
v -1.862524 4.253371 -1.011531
v -1.927513 4.197133 -1.088498
v -2.004439 4.263751 -1.104821
v -2.561844 3.532778 -1.237702
v -2.497095 3.623973 -1.181788
v -2.342544 3.614460 -1.181836
v -2.373331 3.512616 -1.267218
v -2.525391 3.564790 -1.192311
v -2.432612 3.552863 -1.206783
v -2.419870 3.618446 -1.191772
v -2.363241 3.551485 -1.208239
v -2.467484 3.524173 -1.252809
v -2.355633 4.307799 -1.149927
v -2.363197 4.214491 -1.229589
v -2.517455 4.222546 -1.226044
v -2.517105 4.315816 -1.148814
v -2.354108 4.275012 -1.206505
v -2.440639 4.282462 -1.223581
v -2.440599 4.217731 -1.237890
v -2.522171 4.283549 -1.204759
v -2.436323 4.312744 -1.149514
v -2.978724 3.667085 -0.977576
v -2.855930 3.659554 -1.068606
v -2.917137 3.572893 -1.128062
v -3.041829 3.584302 -1.016448
v -2.923866 3.662466 -1.031840
v -2.938221 3.602484 -1.042419
v -2.882600 3.601573 -1.081029
v -2.979443 3.580896 -1.072444
v -2.995371 3.609511 -0.986746
v -2.976439 4.345188 -0.937395
v -2.848774 4.339589 -1.035470
v -2.897236 4.249622 -1.097816
v -3.019485 4.255513 -1.004860
v -2.912699 4.344795 -0.986690
v -2.957354 4.317637 -1.047155
v -2.877798 4.308997 -1.083684
v -2.964710 4.251748 -1.059637
v -3.012854 4.315098 -0.981228
v -2.179185 4.387971 -0.457569
v -2.313532 4.398457 -0.545852
v -2.474736 4.407050 -0.540899
v -2.594921 4.413998 -0.432934
v -2.635164 4.409733 -0.276621
v -2.596124 4.395790 -0.120295
v -2.454711 4.383008 -0.041648
v -2.294134 4.371651 -0.052498
v -2.164005 4.366903 -0.148034
v -2.127404 4.375778 -0.304747
v -2.245936 4.395995 -0.502024
v -2.377590 4.430440 -0.280758
v -2.394088 4.403690 -0.543519
v -2.534921 4.412930 -0.487174
v -2.615287 4.413967 -0.354783
v -2.615885 4.404823 -0.198214
v -2.525505 4.391857 -0.080416
v -2.374252 4.379246 -0.046549
v -2.228641 4.371372 -0.099786
v -2.145152 4.373373 -0.226147
v -2.152745 4.384018 -0.381174
v -3.398180 3.462488 0.111215
v -3.370657 3.615709 0.193040
v -3.386401 3.676093 0.101283
v -3.447172 3.667658 -0.052385
v -3.503107 3.606876 -0.002416
v -3.383014 3.539688 0.150552
v -3.470653 3.652291 0.081063
v -3.393752 3.665148 0.162440
v -3.416965 3.670763 0.024581
v -3.495406 3.656601 -0.026568
v -3.460999 3.531702 0.060176
v -1.665735 3.552209 0.251963
v -1.805843 3.571944 0.323178
v -1.957116 3.566699 0.465266
v -1.734940 3.475473 0.430236
v -1.694735 3.046595 0.218368
v -1.613109 3.443076 0.279415
v -1.734147 3.569769 0.288671
v -1.686480 3.502343 0.382183
v -1.881684 3.562528 0.393754
v -1.835783 3.538650 0.466988
v -1.709145 3.258077 0.331365
v -1.650684 3.243908 0.250589
v -1.621183 3.507711 0.270750
v -2.373761 3.613869 0.605045
v -2.368606 3.549929 0.654947
v -2.209890 3.528710 0.633473
v -2.211589 3.595020 0.574930
v -2.373294 3.599715 0.653043
v -2.292583 3.594529 0.658211
v -2.288549 3.535948 0.652704
v -2.200395 3.579339 0.623694
v -2.292790 3.603186 0.590157
v -1.477643 3.129562 -0.261877
v -1.428338 3.350262 -0.361276
v -1.481126 3.469476 -0.334980
v -1.507438 3.490444 -0.175936
v -1.466889 3.380106 -0.122276
v -1.555171 2.995379 -0.075147
v -1.451569 3.239590 -0.311587
v -1.436380 3.382295 -0.237057
v -1.436556 3.418354 -0.350104
v -1.493241 3.481965 -0.255550
v -1.469444 3.444240 -0.144061
v -1.513391 3.188146 -0.099836
v -1.508822 3.061069 -0.166370
v -2.915868 3.603852 0.573118
v -2.872760 3.661497 0.519188
v -3.029980 3.674139 0.455585
v -3.058545 3.617048 0.502320
v -2.895698 3.652555 0.566297
v -2.994453 3.666878 0.543471
v -2.951472 3.667174 0.487511
v -3.059371 3.665563 0.494113
v -2.991400 3.607842 0.545684
v -3.538018 3.546052 -0.804841
v -3.574772 3.560621 -0.657008
v -3.511343 3.631197 -0.653787
v -3.459136 3.615584 -0.810885
v -3.566841 3.550758 -0.733267
v -3.562496 3.611660 -0.737387
v -3.563321 3.614079 -0.654484
v -3.499115 3.624660 -0.727751
v -3.514706 3.598008 -0.820607
v -1.517041 3.423955 -0.868201
v -1.467934 3.299791 -0.942175
v -1.536211 3.293873 -1.074609
v -1.571232 3.403869 -1.042585
v -1.474400 3.370192 -0.907143
v -1.490130 3.363836 -1.011953
v -1.490669 3.292935 -1.014097
v -1.540764 3.357689 -1.074715
v -1.542245 3.418506 -0.956510
v -2.125156 3.411094 -1.439900
v -1.971802 3.403563 -1.364389
v -1.979511 3.290248 -1.450510
v -2.122888 3.302360 -1.503733
v -2.048112 3.408959 -1.402728
v -2.043273 3.362122 -1.475928
v -1.964654 3.356558 -1.421135
v -2.047588 3.294661 -1.487222
v -2.121768 3.367428 -1.489964
v -2.549239 3.474746 -1.452779
v -2.646462 3.384157 -1.519351
v -2.785556 2.981737 -1.422527
v -2.823418 3.414467 -1.474509
v -2.747078 3.501397 -1.436494
v -2.595512 3.440601 -1.504653
v -2.721399 3.417629 -1.502398
v -2.717228 3.181856 -1.477224
v -2.805419 3.197789 -1.450442
v -2.792111 3.471560 -1.472885
v -2.647917 3.490236 -1.445233
v -3.182214 3.479511 -1.281869
v -3.299225 3.502039 -1.176113
v -3.239804 3.584667 -1.139892
v -3.104794 3.562637 -1.243835
v -3.246115 3.489710 -1.234735
v -3.234070 3.553956 -1.231297
v -3.284495 3.559315 -1.169839
v -3.172209 3.575316 -1.192099
v -3.150314 3.535441 -1.280388
v 3.458700 1.895518 -0.045665
v 3.409061 2.015294 -0.037828
v 3.459906 2.024189 0.109197
v 3.515028 1.903181 0.106063
v 3.417814 1.948040 -0.030942
v 3.449794 1.946460 0.041839
v 3.443605 2.017235 0.032682
v 3.469898 1.955623 0.109915
v 3.487596 1.900699 0.029859
v 3.370950 1.888957 -0.152970
v 3.236465 1.903663 -0.231528
v 3.219005 2.035249 -0.190281
v 3.346244 2.022171 -0.116139
v 3.306861 1.902764 -0.196440
v 3.291746 1.954948 -0.167557
v 3.225472 1.963796 -0.193806
v 3.289168 2.025096 -0.165079
v 3.345438 1.950658 -0.125636
v 3.201807 2.317511 -0.180965
v 3.348249 2.324790 -0.114074
v 3.372969 2.223162 -0.173511
v 3.236166 2.216079 -0.236195
v 3.275185 2.323242 -0.148090
v 3.306930 2.283402 -0.213552
v 3.374402 2.285896 -0.158437
v 3.309563 2.216486 -0.215400
v 3.220128 2.278152 -0.228727
v 3.441713 2.233412 -0.093516
v 3.366403 2.326908 -0.095252
v 3.429072 2.337604 0.052917
v 3.494858 2.242005 0.047743
v 3.418774 2.291725 -0.109879
v 3.471856 2.301377 -0.039405
v 3.398289 2.335559 -0.021639
v 3.481209 2.303054 0.050222
v 3.479671 2.234484 -0.026974
v 3.421574 2.079393 0.429436
v 3.511294 1.958630 0.443211
v 3.523167 1.932538 0.282261
v 3.463723 2.049391 0.251080
v 3.438393 2.360893 0.257762
v 3.456007 2.011141 0.435239
v 3.462895 2.030093 0.348827
v 3.518452 1.947645 0.362492
v 3.476710 1.983043 0.268889
v 3.466000 2.206200 0.261729
v 3.420238 2.216937 0.337389
v 3.428065 2.339353 0.088192
v 3.353566 2.343858 0.230505
v 3.423846 2.252325 0.303224
v 3.495465 2.247371 0.167917
v 3.391308 2.344927 0.159501
v 3.463270 2.314205 0.209440
v 3.395881 2.311498 0.276805
v 3.473536 2.251047 0.242874
v 3.480174 2.306732 0.127917
v 3.334795 2.425811 0.242968
v 3.392008 2.740198 0.379451
v 3.379769 2.361644 0.408135
v 3.401731 2.166388 0.415675
v 3.463174 2.252243 0.274948
v 3.397540 2.343766 0.198888
v 3.374478 2.582445 0.307856
v 3.385145 2.347957 0.314538
v 3.382010 2.477678 0.391977
v 3.385410 2.263396 0.411399
v 3.422708 2.206110 0.339101
v 3.437532 2.311411 0.246858
v 3.350415 2.368300 0.229195
v 3.117663 2.451174 -0.005515
v 3.234232 2.454578 0.103054
v 3.467429 2.324085 0.292799
v 3.387311 2.346431 0.065896
v 3.334459 2.333659 -0.085325
v 3.181541 2.330546 -0.138715
v 2.984872 2.313509 -0.175146
v 3.179669 2.452375 0.044790
v 3.204577 2.377423 0.032059
v 3.334608 2.372883 0.206552
v 3.427863 2.338579 0.179500
v 3.361436 2.343348 -0.010186
v 3.258157 2.334194 -0.112590
v 3.083148 2.323689 -0.157393
v 3.043908 2.368734 -0.073525
v 3.089676 2.215533 -0.244527
v 2.941563 2.223200 -0.196713
v 3.000178 2.322753 -0.143851
v 3.159661 2.317330 -0.183454
v 3.011674 2.217600 -0.232558
v 3.038323 2.282677 -0.230144
v 2.961502 2.285604 -0.183676
v 3.079861 2.321704 -0.164115
v 3.125813 2.277771 -0.234202
v 2.831303 2.175772 -0.131763
v 2.664985 2.239483 -0.045365
v 2.811971 2.395304 -0.113511
v 2.952419 2.411355 -0.106567
v 3.015001 2.320903 -0.155963
v 2.961964 2.220654 -0.213383
v 2.778862 2.217938 -0.103310
v 2.878181 2.304754 -0.140192
v 2.739187 2.317338 -0.078037
v 2.883092 2.402706 -0.126739
v 2.976750 2.352467 -0.115067
v 2.979114 2.283406 -0.198067
v 2.898839 2.198112 -0.169099
v 2.855553 1.949115 -0.231173
v 2.851278 2.069963 -0.147527
v 2.953671 2.264581 -0.206838
v 3.043562 2.057788 -0.206270
v 3.011552 1.941951 -0.258100
v 2.859410 2.001385 -0.177263
v 2.942066 2.022956 -0.200805
v 2.904679 2.167171 -0.173709
v 2.994667 2.159436 -0.218426
v 3.024933 1.992342 -0.213740
v 2.933260 1.951349 -0.247876
v 3.041948 3.713090 0.072485
v 2.947030 3.750175 0.201803
v 3.017714 3.771586 0.370561
v 3.150762 3.718423 0.191201
v 2.994419 3.733302 0.136614
v 3.053967 3.745125 0.191207
v 2.982790 3.766433 0.285302
v 3.085172 3.747997 0.280687
v 3.097903 3.723605 0.130072
v 2.922937 3.687318 0.026493
v 2.763296 3.665288 -0.002723
v 2.734168 3.720795 0.150327
v 2.894103 3.741152 0.180355
v 2.843024 3.678139 0.011007
v 2.823419 3.705145 0.076848
v 2.748398 3.696289 0.072561
v 2.809826 3.728684 0.156422
v 2.908445 3.717039 0.102429
v 2.699126 3.768320 0.577251
v 2.846729 3.784928 0.631484
v 2.922239 3.798377 0.494219
v 2.890688 3.765985 0.274777
v 2.730159 3.749945 0.261161
v 2.630928 3.751943 0.400332
v 2.771507 3.783054 0.606265
v 2.794812 3.804074 0.488580
v 2.885244 3.799159 0.564005
v 2.906882 3.787734 0.383618
v 2.809850 3.770907 0.315063
v 2.679391 3.755976 0.329852
v 2.663261 3.764513 0.489067
v 2.530245 3.701124 0.244224
v 2.662965 3.716029 0.156977
v 2.794502 3.667377 -0.005638
v 2.587107 3.613027 -0.029462
v 2.443189 3.593214 0.040936
v 2.392383 3.626846 0.197875
v 2.595452 3.713609 0.199706
v 2.542931 3.673148 0.095049
v 2.728400 3.694950 0.074429
v 2.690256 3.643074 -0.019327
v 2.513196 3.607134 0.002878
v 2.414963 3.614279 0.117581
v 2.459688 3.667312 0.220555
v 2.642661 3.709115 0.735607
v 2.541267 3.646114 0.850344
v 2.646016 3.636103 0.984848
v 2.800953 3.682482 0.929579
v 2.800745 3.736712 0.760445
v 2.592395 3.676540 0.792766
v 2.675192 3.683271 0.877991
v 2.592188 3.645554 0.919059
v 2.722791 3.663521 0.958818
v 2.800901 3.708088 0.844529
v 2.720283 3.729344 0.749924
v 3.191212 3.748974 0.482135
v 3.039859 3.776776 0.557290
v 2.959706 3.764179 0.692065
v 3.103505 3.727751 0.797316
v 3.251643 3.730402 0.733139
v 3.371439 3.729475 0.506229
v 3.115271 3.761223 0.519790
v 3.142667 3.757374 0.671546
v 3.000542 3.777984 0.625831
v 3.050679 3.744530 0.749111
v 3.178038 3.733415 0.766479
v 3.312280 3.734251 0.620056
v 3.246421 3.744695 0.529342
v 3.270329 3.593592 0.006644
v 3.154169 3.562698 -0.092862
v 3.115475 3.668813 -0.034877
v 3.230100 3.700822 0.078569
v 3.219004 3.577204 -0.050702
v 3.212351 3.648646 -0.039968
v 3.139140 3.626701 -0.081020
v 3.172988 3.689289 0.020380
v 3.264404 3.659448 0.032294
v 3.392905 3.622175 0.205478
v 3.341885 3.711052 0.269139
v 3.381098 3.727858 0.492555
v 3.443258 3.634552 0.354867
v 3.381423 3.682343 0.226591
v 3.414905 3.694653 0.304077
v 3.361626 3.722210 0.380616
v 3.429398 3.695915 0.421517
v 3.424839 3.628017 0.277924
v 2.851323 3.489764 -0.180416
v 2.691146 3.588482 -0.101208
v 2.750677 3.677716 0.024585
v 2.977456 3.638334 -0.093947
v 3.007551 3.524696 -0.157881
v 2.768496 3.545633 -0.154465
v 2.896606 3.588006 -0.150695
v 2.720363 3.635971 -0.040089
v 2.863995 3.658865 -0.035096
v 2.996559 3.591576 -0.141888
v 2.930700 3.506887 -0.177377
v 2.256722 2.556545 0.466511
v 2.341904 2.198818 0.397725
v 2.398378 2.093924 0.272605
v 2.275467 1.986632 0.436908
v 2.293597 1.977594 0.583153
v 2.347033 2.108990 0.581130
v 2.292947 2.376548 0.430131
v 2.318420 2.093795 0.484026
v 2.376418 2.146531 0.337864
v 2.346004 2.035134 0.358191
v 2.276327 1.993051 0.511724
v 2.332739 2.038100 0.573120
v 2.292632 2.331355 0.525592
v 2.251992 3.405201 0.098383
v 2.252040 3.063593 0.192304
v 2.168487 3.405641 0.264814
v 2.213421 3.538708 0.354132
v 2.299663 3.573420 0.216887
v 2.362309 3.546610 0.057521
v 2.248044 3.233553 0.142277
v 2.204680 3.456783 0.177490
v 2.203899 3.233484 0.226571
v 2.175610 3.478686 0.307491
v 2.255466 3.557642 0.285233
v 2.328163 3.564264 0.135380
v 2.297234 3.480771 0.068016
v 2.569510 2.243114 0.003072
v 2.463248 2.187058 0.116197
v 2.458169 2.365741 0.117399
v 2.443476 2.756929 0.028800
v 2.580627 2.403035 -0.008451
v 2.506616 2.216760 0.051292
v 2.505951 2.358147 0.045219
v 2.466985 2.276560 0.119496
v 2.446851 2.560491 0.070032
v 2.509293 2.579320 0.006307
v 2.576812 2.323200 0.000736
v 2.529646 2.271899 0.840466
v 2.431081 2.061396 0.720755
v 2.385464 1.934858 0.762103
v 2.502876 1.931300 0.872228
v 2.610302 2.075218 0.853428
v 2.472261 2.164684 0.790733
v 2.486089 2.003256 0.792648
v 2.421777 1.989750 0.730692
v 2.445174 1.930607 0.816016
v 2.565503 1.994984 0.850412
v 2.571466 2.173922 0.843185
v 2.438483 3.372486 0.980904
v 2.526850 3.503823 1.013770
v 2.684491 3.651855 0.975204
v 2.377153 3.573736 0.891268
v 2.308605 3.461477 0.903355
v 2.482177 3.437949 0.999474
v 2.403161 3.534312 0.970785
v 2.601151 3.586536 1.009391
v 2.529020 3.618172 0.934830
v 2.327086 3.528181 0.905958
v 2.366771 3.415230 0.951462
v 2.138893 3.419385 0.539141
v 2.173479 3.432974 0.688293
v 2.217391 3.547776 0.646349
v 2.202159 3.543938 0.458521
v 2.145477 3.424495 0.616354
v 2.150515 3.495931 0.602775
v 2.179985 3.499438 0.675951
v 2.207003 3.550441 0.552566
v 2.155183 3.488173 0.496850
v 3.399998 2.095377 0.520903
v 3.376337 2.221083 0.616426
v 3.397024 2.526892 0.731200
v 3.318765 2.132612 0.792940
v 3.368062 1.988810 0.795434
v 3.448183 1.978995 0.655206
v 3.382827 2.157609 0.568158
v 3.377604 2.095785 0.707672
v 3.383530 2.374094 0.674098
v 3.373396 2.327499 0.767335
v 3.334352 2.057431 0.784159
v 3.414249 1.990402 0.728366
v 3.416369 2.032776 0.587004
v 3.386006 2.710883 0.540860
v 3.410824 3.037516 0.494701
v 3.359778 3.119300 0.640024
v 3.353596 3.031896 0.786632
v 3.405057 2.933825 0.668419
v 3.394612 2.874428 0.517357
v 3.387472 2.996475 0.599137
v 3.390397 3.077916 0.569430
v 3.341107 3.064660 0.706150
v 3.395718 2.993585 0.725764
v 3.392380 2.822460 0.604924
v 3.359270 3.028382 0.818028
v 3.279204 3.040316 0.979217
v 3.389628 2.917551 0.943720
v 3.429447 2.918716 0.803376
v 3.320157 3.036675 0.898907
v 3.406417 2.984350 0.892549
v 3.348938 2.988701 0.972863
v 3.423842 2.916205 0.877591
v 3.410749 2.984273 0.808941
v 2.340218 3.619951 0.538581
v 2.512633 3.695697 0.536693
v 2.466812 3.688035 0.364641
v 2.347036 3.617489 0.283956
v 2.254477 3.576899 0.412257
v 2.405225 3.651329 0.524962
v 2.365032 3.645567 0.423576
v 2.487956 3.696248 0.450942
v 2.405298 3.656088 0.323804
v 2.299681 3.598771 0.347829
v 2.294191 3.603847 0.475713
v 2.852795 3.666958 0.981898
v 2.625637 3.640732 0.963846
v 2.771710 3.550104 1.061027
v 2.923291 3.573744 1.043591
v 2.738494 3.658856 0.974677
v 2.810547 3.626516 1.044732
v 2.694153 3.604115 1.027341
v 2.848608 3.562076 1.062145
v 2.892799 3.633523 1.027210
v 3.257108 3.727273 0.741964
v 3.139979 3.710355 0.857420
v 3.171769 3.604656 0.925426
v 3.290126 3.619865 0.823533
v 3.199005 3.722430 0.800690
v 3.234891 3.681717 0.863998
v 3.161270 3.669080 0.906891
v 3.237390 3.611770 0.881889
v 3.287807 3.685333 0.792495
v 3.415831 3.633897 0.623094
v 3.450641 3.637711 0.473848
v 3.382061 3.728065 0.501488
v 3.266955 3.728368 0.726305
v 3.443738 3.634731 0.550893
v 3.421986 3.701652 0.569948
v 3.434682 3.697510 0.485356
v 3.325247 3.732529 0.614269
v 3.355634 3.692892 0.684477
v 2.434805 3.550913 -0.012731
v 2.577772 3.565924 -0.089221
v 2.569802 3.434549 -0.140198
v 2.431070 3.415828 -0.075150
v 2.504338 3.562432 -0.053834
v 2.494485 3.496868 -0.111672
v 2.570862 3.506544 -0.130507
v 2.495916 3.423506 -0.117798
v 2.423020 3.488236 -0.053877
v 2.831878 3.247554 1.058913
v 2.858052 3.019985 1.042998
v 2.774470 2.449181 0.954672
v 3.019839 2.956134 1.074915
v 3.154383 3.051705 1.026775
v 3.003263 3.132951 1.027020
v 2.844476 3.133564 1.053093
v 2.947765 3.013377 1.055888
v 2.817752 2.734947 0.995073
v 2.895424 2.702288 1.019884
v 3.084987 3.015784 1.068463
v 3.072153 3.079960 1.013947
v 2.920214 3.190690 1.055598
v 3.334609 3.038081 0.818419
v 3.245249 3.156546 0.831178
v 3.137200 3.158667 0.947280
v 3.146734 3.050180 1.032171
v 3.295722 3.033818 0.978955
v 3.274402 3.086370 0.817653
v 3.212583 3.087062 0.910031
v 3.196070 3.157219 0.893746
v 3.133868 3.091976 0.974728
v 3.222397 3.047816 1.007049
v 3.316085 3.038277 0.898971
v 2.870529 2.121782 0.944785
v 2.712193 2.102595 0.908333
v 2.695677 1.959454 0.956888
v 2.846737 1.982333 0.991024
v 2.789419 2.111351 0.935434
v 2.778148 2.038626 0.943928
v 2.710308 2.026964 0.922808
v 2.769051 1.976707 0.979599
v 2.858224 2.047454 0.953812
v 3.298633 2.932651 1.043167
v 3.292058 3.038211 0.964639
v 3.144958 3.052309 1.025233
v 3.164942 2.947905 1.091736
v 3.310245 2.995095 1.015646
v 3.239118 3.007891 1.075065
v 3.219677 3.051076 0.996421
v 3.152584 3.011766 1.077498
v 3.236651 2.936734 1.081953
v 2.554930 2.153223 0.002097
v 2.690108 2.065105 -0.070871
v 2.512362 1.947819 -0.073046
v 2.355185 1.905617 -0.055465
v 2.358157 1.955929 0.103815
v 2.444182 2.069513 0.114923
v 2.587120 2.090255 -0.019015
v 2.465832 1.992032 0.023955
v 2.607685 1.996448 -0.059032
v 2.432943 1.929405 -0.065227
v 2.356327 1.931604 0.023919
v 2.412767 2.003468 0.114170
v 2.489793 2.113042 0.050168
v 2.794193 1.333456 -0.413416
v 2.951913 1.349737 -0.407203
v 2.963198 1.232517 -0.456621
v 2.802252 1.216033 -0.466005
v 2.873538 1.339644 -0.417498
v 2.875021 1.267483 -0.418837
v 2.954828 1.282732 -0.412621
v 2.882779 1.223513 -0.460895
v 2.800779 1.266531 -0.420978
v 2.381934 1.200087 -0.327266
v 2.390712 1.337531 -0.292150
v 2.520060 1.345350 -0.370671
v 2.511889 1.208871 -0.405590
v 2.399177 1.265725 -0.300851
v 2.453465 1.271404 -0.344217
v 2.449780 1.338101 -0.340978
v 2.518219 1.272988 -0.372542
v 2.442350 1.212495 -0.373098
v 2.446651 1.694159 -0.449561
v 2.316208 1.692086 -0.372128
v 2.306980 1.808079 -0.284021
v 2.445203 1.802995 -0.394037
v 2.375812 1.689784 -0.420397
v 2.363534 1.759715 -0.413082
v 2.296290 1.758218 -0.340387
v 2.375034 1.809615 -0.340546
v 2.442049 1.758337 -0.441032
v 2.821868 1.827712 -0.465929
v 2.984687 1.832233 -0.440969
v 2.964036 1.710991 -0.499341
v 2.808589 1.709782 -0.514532
v 2.903583 1.835062 -0.456361
v 2.893991 1.781509 -0.515465
v 2.981242 1.778581 -0.487065
v 2.887131 1.708153 -0.515123
v 2.811571 1.776755 -0.508660
v 2.148350 1.282072 0.040417
v 2.117632 1.142550 0.030513
v 2.073366 1.126501 0.182046
v 2.107481 1.273015 0.189557
v 2.146335 1.208725 0.044596
v 2.113810 1.199582 0.118088
v 2.089542 1.139520 0.105068
v 2.102455 1.197010 0.184756
v 2.116387 1.274579 0.111648
v 2.072882 1.696228 -0.067076
v 2.012739 1.691545 0.079819
v 2.071487 1.804600 0.066249
v 2.147338 1.810816 -0.083783
v 2.035013 1.691620 0.003107
v 2.042072 1.763172 -0.013011
v 2.023469 1.757529 0.071106
v 2.107518 1.812094 -0.009543
v 2.094821 1.761663 -0.087730
v 2.092312 1.137583 0.466874
v 2.154468 1.144383 0.611594
v 2.175128 1.281045 0.593144
v 2.114133 1.273463 0.451836
v 2.118387 1.145914 0.541151
v 2.143107 1.204606 0.527964
v 2.177414 1.209341 0.591509
v 2.136117 1.273603 0.526361
v 2.120267 1.202620 0.457855
v 2.010859 1.806184 0.478820
v 1.974628 1.680008 0.486559
v 2.012006 1.676144 0.633699
v 2.051613 1.803987 0.631401
v 1.973864 1.748387 0.480580
v 1.973798 1.747582 0.565840
v 1.982997 1.673837 0.562639
v 2.016655 1.744953 0.643243
v 2.027000 1.810810 0.556324
v 2.559454 1.319185 0.975227
v 2.425728 1.304172 0.890205
v 2.425720 1.181574 0.929659
v 2.559306 1.191338 1.015716
v 2.488473 1.308320 0.939785
v 2.504106 1.243439 0.943972
v 2.441041 1.238633 0.896760
v 2.490265 1.191104 0.975650
v 2.564697 1.249861 0.978438
v 2.375940 1.673079 1.048558
v 2.382460 1.793543 1.007621
v 2.255831 1.793431 0.910156
v 2.246407 1.678361 0.950748
v 2.371986 1.739887 1.046292
v 2.286650 1.742631 1.005728
v 2.317481 1.797893 0.961046
v 2.233295 1.741793 0.943030
v 2.306121 1.671994 1.006143
v 2.883673 1.223588 1.116293
v 3.042575 1.224871 1.119982
v 3.013571 1.345791 1.072267
v 2.845840 1.336682 1.066822
v 2.963011 1.229564 1.121131
v 2.952678 1.275853 1.079116
v 3.023620 1.277395 1.078721
v 2.929595 1.338771 1.077094
v 2.871002 1.273504 1.071622
v 2.822031 1.807008 1.149718
v 2.664178 1.805954 1.132250
v 2.688574 1.674606 1.164875
v 2.858323 1.670229 1.181082
v 2.742595 1.810795 1.145331
v 2.746380 1.743788 1.188995
v 2.669449 1.743324 1.165997
v 2.772572 1.669332 1.181321
v 2.842431 1.742721 1.180681
v 3.667212 1.253135 0.784704
v 3.750201 1.270199 0.646657
v 3.676443 1.372150 0.619647
v 3.601515 1.354556 0.752499
v 3.709019 1.263458 0.716090
v 3.666980 1.296527 0.692100
v 3.697477 1.308417 0.628268
v 3.648138 1.362647 0.691145
v 3.622985 1.292052 0.754671
v 3.732714 1.402438 0.397903
v 3.796109 1.295738 0.396752
v 3.799271 1.312222 0.236081
v 3.733604 1.419546 0.239881
v 3.746495 1.338497 0.392342
v 3.749177 1.345042 0.314890
v 3.798676 1.306820 0.316727
v 3.748488 1.354817 0.240387
v 3.739033 1.410071 0.318825
v 3.765540 1.698017 0.421485
v 3.774840 1.695254 0.265846
v 3.717661 1.817695 0.275950
v 3.703885 1.820748 0.434943
v 3.779319 1.695141 0.344238
v 3.773625 1.769631 0.351395
v 3.762197 1.764258 0.266816
v 3.713990 1.824604 0.355622
v 3.750534 1.766665 0.434291
v 3.594670 1.683821 0.811649
v 3.682202 1.688054 0.679628
v 3.623836 1.825937 0.684949
v 3.525832 1.826534 0.820830
v 3.644906 1.685316 0.749908
v 3.629625 1.761570 0.760729
v 3.664541 1.761703 0.686693
v 3.578443 1.830192 0.755474
v 3.568506 1.758584 0.825188
v 3.615911 1.441868 -0.092690
v 3.694098 1.435764 0.037252
v 3.756490 1.321130 0.019783
v 3.678875 1.323538 -0.120657
v 3.664895 1.437361 -0.033738
v 3.678512 1.370596 -0.036411
v 3.708549 1.368981 0.030830
v 3.720052 1.328131 -0.051646
v 3.636877 1.373976 -0.093425
v 3.640102 1.681059 -0.118642
v 3.575472 1.805930 -0.098687
v 3.662137 1.804442 0.037413
v 3.718730 1.681904 0.013413
v 3.618798 1.751111 -0.120661
v 3.678521 1.751719 -0.057559
v 3.620625 1.808735 -0.031758
v 3.706069 1.751182 0.021392
v 3.688215 1.680199 -0.057845
v 3.306317 1.698309 -0.371215
v 3.284630 1.828377 -0.327814
v 3.421144 1.823057 -0.243369
v 3.442055 1.692285 -0.288067
v 3.301537 1.769331 -0.364430
v 3.376819 1.768397 -0.331607
v 3.354225 1.828675 -0.287567
v 3.442268 1.763385 -0.277443
v 3.377072 1.694251 -0.334426
v 3.305836 1.309242 -0.370927
v 3.278936 1.428642 -0.320656
v 3.421589 1.443578 -0.250894
v 3.447483 1.326072 -0.302308
v 3.289981 1.361030 -0.328288
v 3.356835 1.370386 -0.298517
v 3.353068 1.434957 -0.291264
v 3.423486 1.376295 -0.262672
v 3.377450 1.323622 -0.339715
v 3.284771 1.222770 1.071770
v 3.429606 1.223169 0.999485
v 3.384293 1.330362 0.951011
v 3.241457 1.329777 1.025359
v 3.357280 1.223548 1.035815
v 3.333642 1.260476 0.996253
v 3.395621 1.265745 0.961467
v 3.317008 1.328243 0.996111
v 3.258006 1.265728 1.029019
v 3.153982 1.816274 1.106374
v 3.187293 1.674701 1.128537
v 3.330317 1.675481 1.058145
v 3.295115 1.819686 1.037346
v 3.172797 1.748273 1.132007
v 3.250047 1.750417 1.111734
v 3.263151 1.673023 1.102149
v 3.320941 1.750877 1.056658
v 3.227126 1.822822 1.077370
v 3.222552 2.135883 0.881967
v 3.080688 2.133768 0.940005
v 3.093537 1.989925 0.969770
v 3.236376 1.992940 0.911141
v 3.155547 2.132425 0.920497
v 3.156080 2.061243 0.922147
v 3.086629 2.059040 0.941534
v 3.167757 1.997525 0.947593
v 3.220235 2.061432 0.886326
v 3.930106 -0.008455 -0.169167
v 3.989184 -0.008455 -0.038204
v 3.973887 -0.008455 -0.110136
v 3.275483 0.253928 -0.745013
v 3.254957 -0.019685 -0.601239
v 3.266738 -0.000520 -0.678222
v 3.508578 1.074045 -0.782109
v 3.643877 1.094918 -0.697844
v 3.650548 0.977873 -0.756416
v 3.505112 0.950953 -0.837382
v 3.577048 1.089593 -0.742559
v 3.596948 1.037705 -0.797853
v 3.661107 1.044401 -0.741544
v 3.581851 0.962085 -0.803820
v 3.510246 1.020502 -0.827781
v 4.140707 1.144581 -0.115616
v 4.198064 1.030087 -0.138059
v 4.137918 1.016792 -0.276108
v 4.075487 1.131872 -0.261121
v 4.187866 1.096904 -0.128429
v 4.174084 1.091928 -0.212187
v 4.178837 1.020892 -0.211564
v 4.119267 1.082860 -0.281759
v 4.109790 1.142569 -0.189506
v 2.899094 0.965137 -0.890640
v 3.059092 0.990065 -0.901102
v 3.096331 0.877329 -0.947133
v 2.943219 0.851983 -0.944067
v 2.978333 0.981532 -0.898132
v 2.997757 0.930426 -0.956969
v 3.081095 0.942324 -0.942507
v 3.019817 0.861908 -0.954198
v 2.914100 0.914599 -0.935970
v 2.336374 -0.008456 -0.507266
v 2.466560 -0.008456 -0.581761
v 2.395050 -0.008456 -0.555629
v 2.229000 0.730619 -0.671648
v 2.241067 0.868944 -0.633492
v 2.367746 0.888297 -0.726822
v 2.353794 0.751840 -0.762156
v 2.222892 0.803225 -0.661215
v 2.281261 0.814397 -0.726687
v 2.301109 0.883224 -0.683679
v 2.355097 0.824571 -0.759636
v 2.285965 0.738645 -0.724997
v 1.993307 -0.008456 0.034480
v 2.028684 -0.008456 -0.109746
v 1.997770 -0.008456 -0.040951
v 1.831331 0.807835 0.012361
v 1.877642 0.810088 -0.142312
v 1.853560 0.671949 -0.167160
v 1.804063 0.664679 -0.021724
v 1.849365 0.813480 -0.066443
v 1.812780 0.741259 -0.093936
v 1.853052 0.744808 -0.163644
v 1.819448 0.665617 -0.097764
v 1.803525 0.739024 -0.004962
v 2.110192 0.169771 0.920153
v 2.205625 -0.019685 0.851042
v 2.152972 -0.001255 0.888893
v 1.867607 0.815684 0.743013
v 1.823931 0.808306 0.590744
v 1.807692 0.674254 0.635634
v 1.856079 0.680615 0.788335
v 1.840958 0.816478 0.668041
v 1.804263 0.746424 0.694846
v 1.797632 0.743364 0.612837
v 1.822565 0.673620 0.714864
v 1.848890 0.752088 0.774116
v 2.216494 0.872331 1.239456
v 2.164801 0.736317 1.235990
v 2.301492 0.767363 1.346862
v 2.342998 0.895489 1.333426
v 2.176714 0.809391 1.246702
v 2.240107 0.823863 1.324060
v 2.226992 0.747613 1.299828
v 2.314643 0.835941 1.359722
v 2.277025 0.888457 1.288983
v 3.036611 -0.008455 1.370894
v 2.889329 -0.008455 1.350130
v 2.961250 -0.008455 1.373891
v 3.057696 1.013872 1.526414
v 2.900384 0.985323 1.523952
v 2.900793 0.863560 1.576905
v 3.055553 0.892879 1.582093
v 2.978238 1.003812 1.527573
v 2.978871 0.949113 1.588154
v 2.893700 0.931502 1.566718
v 2.978287 0.875893 1.589239
v 3.060432 0.961742 1.572581
v 3.472399 -0.008455 1.199636
v 3.343509 -0.008455 1.284424
v 3.413491 -0.008455 1.250509
v 3.427012 1.072125 1.414584
v 3.445692 0.963652 1.470306
v 3.584849 0.988491 1.395205
v 3.566087 1.097105 1.332275
v 3.439969 1.028224 1.461354
v 3.519386 1.045212 1.433389
v 3.518609 0.974652 1.438471
v 3.587180 1.053716 1.379092
v 3.496678 1.087803 1.374614
v 4.004612 0.291942 0.626311
v 3.876699 -0.019685 0.588332
v 3.944680 -0.001966 0.608998
v 3.960577 1.152306 0.989583
v 4.021238 1.054824 1.006594
v 4.096878 1.063021 0.874941
v 4.038434 1.164861 0.848737
v 4.003798 1.114504 1.014806
v 4.058928 1.124785 0.955145
v 4.066641 1.056458 0.946098
v 4.086263 1.125801 0.866427
v 4.000301 1.162642 0.919962
v 4.152499 1.176467 0.266157
v 4.136923 1.182149 0.426005
v 4.193432 1.074856 0.452813
v 4.209850 1.071884 0.286743
v 4.145857 1.182524 0.346078
v 4.203129 1.142279 0.356341
v 4.183438 1.139239 0.443887
v 4.205433 1.072539 0.370730
v 4.200806 1.134602 0.274734
v -1.342376 -0.008457 -0.559163
v -1.203779 -0.008457 -0.625378
v -1.277532 -0.008457 -0.601595
v -1.866951 -0.008457 0.004639
v -1.793622 -0.008457 -0.130461
v -1.839366 -0.008457 -0.067837
v -1.765199 1.997480 -0.036910
v -1.836754 1.884259 -0.071205
v -1.910170 1.878905 0.063869
v -1.843791 1.991138 0.101731
v -1.811306 1.950752 -0.065134
v -1.868042 1.953205 0.000575
v -1.882410 1.881532 -0.008534
v -1.892385 1.944824 0.080749
v -1.806503 1.999618 0.031515
v -1.290057 1.976831 -0.487885
v -1.146073 1.965420 -0.556265
v -1.189115 1.858081 -0.626060
v -1.327299 1.869948 -0.558843
v -1.218438 1.975853 -0.523650
v -1.252944 1.934189 -0.586221
v -1.168532 1.922239 -0.606714
v -1.262683 1.864050 -0.601660
v -1.319413 1.934796 -0.534911
v -1.960512 -0.008457 0.769108
v -1.980498 -0.008457 0.616450
v -1.980767 -0.008457 0.694154
v -1.950949 1.911445 0.897719
v -1.964407 1.934377 0.738566
v -2.040865 1.817640 0.754234
v -2.021566 1.797096 0.905705
v -1.959786 1.927904 0.819040
v -2.026676 1.879035 0.831538
v -2.018099 1.885860 0.744343
v -2.041359 1.806937 0.831203
v -2.000103 1.863393 0.909904
v -1.587391 -0.008457 1.442042
v -1.693308 -0.008457 1.330203
v -1.647831 -0.008457 1.393311
v -1.619000 1.656090 1.644192
v -1.561875 1.778781 1.610556
v -1.669577 1.806889 1.496784
v -1.723872 1.683792 1.534205
v -1.596732 1.724290 1.641687
v -1.667314 1.742085 1.594257
v -1.617241 1.797631 1.556289
v -1.710381 1.753790 1.523475
v -1.678993 1.668959 1.596157
v -0.890232 -0.008457 1.766527
v -1.041537 -0.008457 1.738433
v -0.967706 -0.008457 1.762688
v -0.836054 1.637011 1.942381
v -0.991046 1.662143 1.914096
v -1.007506 1.534090 1.971009
v -0.857232 1.510020 1.997252
v -0.913410 1.653872 1.931289
v -0.928884 1.593909 1.988874
v -1.005723 1.605524 1.957354
v -0.934365 1.520573 1.994201
v -0.843687 1.579705 1.985281
v -0.135110 -0.008457 1.618648
v -0.273889 -0.008457 1.684940
v -0.200034 -0.008457 1.661128
v -0.174428 1.554823 1.846918
v -0.165358 1.425811 1.898346
v -0.027375 1.414469 1.831050
v -0.031903 1.547168 1.769643
v -0.166853 1.496820 1.888410
v -0.088872 1.491728 1.867665
v -0.092002 1.418431 1.873935
v -0.019095 1.486201 1.811200
v -0.101431 1.555110 1.811071
v 0.389445 -0.008457 1.054667
v 0.316112 -0.008457 1.189970
v 0.361841 -0.008457 1.127302
v 0.512100 1.542331 1.164257
v 0.441967 1.530826 1.312402
v 0.481214 1.400177 1.344103
v 0.554513 1.405558 1.209229
v 0.479949 1.540705 1.240030
v 0.523808 1.475093 1.276781
v 0.472502 1.471501 1.339472
v 0.526862 1.401285 1.281494
v 0.547797 1.479503 1.189983
v 0.482838 -0.008457 0.290177
v 0.502989 -0.008457 0.442869
v 0.503193 -0.008457 0.365247
v 0.600283 1.625340 0.359402
v 0.632117 1.597057 0.520551
v 0.685514 1.466701 0.519901
v 0.666387 1.486723 0.368543
v 0.619705 1.615625 0.440061
v 0.678476 1.550077 0.442870
v 0.673638 1.537934 0.523574
v 0.686136 1.475531 0.442779
v 0.646897 1.562149 0.358662
v 0.109631 -0.008457 -0.382605
v 0.215620 -0.008457 -0.270941
v 0.170180 -0.008457 -0.333878
v 0.328695 1.728214 -0.213995
v 0.369702 1.599940 -0.259891
v 0.265057 1.627287 -0.370093
v 0.215942 1.759325 -0.324333
v 0.362765 1.670307 -0.242235
v 0.319213 1.687313 -0.312154
v 0.324809 1.612957 -0.322210
v 0.248432 1.700466 -0.359358
v 0.275384 1.748607 -0.270933
v -0.587427 -0.008457 -0.706966
v -0.436248 -0.008457 -0.679014
v -0.509945 -0.008457 -0.703174
v -0.514597 1.893412 -0.648367
v -0.357360 1.866705 -0.626700
v -0.346108 1.749365 -0.697848
v -0.496375 1.773723 -0.724403
v -0.434842 1.884958 -0.639743
v -0.420598 1.833790 -0.705616
v -0.343234 1.816549 -0.674972
v -0.419474 1.761350 -0.721306
v -0.506492 1.843049 -0.701551
v 0.303226 1.955059 0.504281
v 0.347187 1.826275 0.505184
v 0.327510 1.840804 0.344477
v 0.279637 1.974442 0.352594
v 0.308352 1.884894 0.501861
v 0.303891 1.891144 0.424893
v 0.340606 1.837646 0.424803
v 0.288408 1.901806 0.354857
v 0.300768 1.962511 0.426699
v 0.204406 1.785729 1.112551
v 0.278514 1.784021 0.968753
v 0.242018 1.918014 0.944275
v 0.175525 1.914184 1.082891
v 0.244434 1.788885 1.042137
v 0.217179 1.842222 1.020036
v 0.243771 1.846021 0.953758
v 0.217659 1.913306 1.017769
v 0.177066 1.844327 1.085904
v -0.001356 2.064173 -0.099715
v 0.108549 2.038079 -0.000151
v 0.140932 1.911202 -0.040808
v 0.027156 1.934000 -0.149478
v 0.061396 2.049034 -0.059091
v 0.062495 1.979324 -0.069587
v 0.109377 1.968672 -0.014089
v 0.087587 1.928582 -0.097598
v 0.006412 1.992211 -0.110328
v -0.576877 2.162533 -0.263509
v -0.423993 2.140839 -0.256222
v -0.422945 2.026025 -0.321060
v -0.582883 2.044108 -0.334299
v -0.500086 2.150881 -0.269578
v -0.506973 2.083976 -0.284634
v -0.430780 2.074590 -0.273102
v -0.502149 2.040099 -0.330037
v -0.576880 2.094107 -0.283746
v -0.923750 2.196094 -0.182369
v -0.968219 2.090696 -0.238564
v -1.112078 2.104887 -0.167516
v -1.092460 2.213058 -0.087951
v -1.028401 2.526978 -0.157672
v -0.942526 2.132576 -0.192912
v -1.016451 2.172981 -0.156084
v -1.040311 2.100159 -0.203842
v -1.092968 2.147398 -0.114291
v -1.059309 2.370079 -0.121507
v -0.980123 2.360791 -0.177198
v -1.546236 2.128003 0.247592
v -1.487399 2.239381 0.289137
v -1.406923 2.242889 0.159557
v -1.465876 2.127227 0.111733
v -1.500056 2.173980 0.270662
v -1.469001 2.175494 0.202155
v -1.457225 2.240631 0.218083
v -1.427982 2.175798 0.147663
v -1.508495 2.134482 0.178181
v -1.627287 2.089079 0.671546
v -1.607047 2.072159 0.830087
v -1.537009 2.185122 0.828821
v -1.552944 2.204064 0.675921
v -1.619033 2.085000 0.751523
v -1.572189 2.126971 0.746770
v -1.557194 2.119358 0.821778
v -1.554498 2.194129 0.753306
v -1.574963 2.136700 0.675709
v -1.301028 1.969288 1.405235
v -1.246527 2.092264 1.374627
v -1.350256 2.117744 1.267796
v -1.409240 1.996341 1.293503
v -1.268035 2.024394 1.374512
v -1.322436 2.035543 1.329823
v -1.307006 2.103421 1.329198
v -1.365621 2.048645 1.273407
v -1.357010 1.988770 1.352628
v -0.880649 2.018839 1.543824
v -0.905976 1.894878 1.588089
v -0.749404 1.869888 1.607342
v -0.729152 1.995588 1.561855
v -0.887221 1.949715 1.549436
v -0.815262 1.935807 1.564223
v -0.827403 1.886430 1.600631
v -0.743177 1.927136 1.567382
v -0.806417 2.004715 1.562354
v -0.249975 1.940307 1.470298
v -0.250323 1.814207 1.514822
v -0.108718 1.797064 1.441080
v -0.115720 1.928568 1.396388
v -0.254126 1.871152 1.475240
v -0.184260 1.862085 1.445529
v -0.177427 1.810103 1.480932
v -0.124782 1.858222 1.407183
v -0.178289 1.931470 1.442095
v -0.715517 3.477626 -0.159378
v -0.855100 3.476418 -0.082070
v -0.819096 3.601324 -0.032057
v -0.684758 3.599707 -0.109007
v -0.786766 3.481861 -0.123279
v -0.766972 3.529783 -0.086333
v -0.825727 3.531422 -0.046646
v -0.756943 3.599195 -0.079261
v -0.696703 3.530977 -0.117654
v -1.143732 3.491271 0.234114
v -1.097872 3.612952 0.275252
v -0.992208 3.601014 0.153824
v -1.036302 3.479788 0.112422
v -1.108963 3.543800 0.266072
v -1.054756 3.533234 0.209412
v -1.045897 3.606858 0.213805
v -1.002243 3.532273 0.144128
v -1.089430 3.484024 0.173928
v -0.918701 4.562976 0.031587
v -1.017502 4.446223 0.045692
v -1.106550 4.456822 0.176182
v -1.033623 4.569985 0.175055
v -0.978694 4.512111 0.026619
v -1.048060 4.522111 0.097345
v -1.067500 4.450857 0.107256
v -1.085218 4.523088 0.168904
v -0.977729 4.570440 0.101873
v -0.798348 4.546899 -0.084513
v -0.644291 4.520505 -0.185599
v -0.650653 4.402105 -0.242827
v -0.788592 4.415309 -0.177456
v -0.722190 4.538453 -0.137623
v -0.725548 4.480354 -0.209250
v -0.648942 4.469810 -0.231645
v -0.724234 4.407246 -0.219578
v -0.803819 4.488652 -0.142758
v -1.339444 3.522179 0.849677
v -1.283087 3.512624 1.002701
v -1.204346 3.634456 0.979869
v -1.263857 3.638601 0.838531
v -1.312853 3.520828 0.926987
v -1.266099 3.564773 0.918816
v -1.233410 3.565220 0.982436
v -1.243797 3.637065 0.913298
v -1.287409 3.570979 0.842384
v -1.165241 4.617815 0.783108
v -1.228165 4.485240 0.809396
v -1.170333 4.482904 0.951281
v -1.105747 4.615979 0.927637
v -1.208626 4.557289 0.796765
v -1.193751 4.560961 0.877786
v -1.209058 4.484611 0.884345
v -1.146562 4.554969 0.947289
v -1.140404 4.623431 0.857477
v -1.244288 4.473686 0.575883
v -1.172331 4.598474 0.575709
v -1.142890 4.592900 0.417265
v -1.218578 4.466685 0.420933
v -1.221546 4.543713 0.576305
v -1.220575 4.542583 0.494683
v -1.159833 4.599143 0.495952
v -1.192751 4.536844 0.413792
v -1.238968 4.470499 0.497143
v -1.299424 3.522883 0.428220
v -1.349839 3.524192 0.575406
v -1.281459 3.654520 0.601637
v -1.236552 3.647921 0.459076
v -1.330006 3.532185 0.499895
v -1.291097 3.583306 0.519516
v -1.303655 3.583328 0.587201
v -1.271005 3.651663 0.526556
v -1.258213 3.578149 0.453127
v -1.095598 3.517924 1.215151
v -0.968638 3.522366 1.314737
v -0.917861 3.645416 1.259066
v -1.043904 3.639463 1.162585
v -1.033072 3.522645 1.266049
v -1.000057 3.570781 1.230338
v -0.936784 3.575713 1.274722
v -0.984820 3.642720 1.215953
v -1.059438 3.570477 1.180011
v -0.875024 4.618000 1.257661
v -0.972886 4.651339 1.145404
v -1.122506 4.617931 0.908018
v -0.999878 4.463056 1.150309
v -0.876699 4.457004 1.250563
v -0.933184 4.633582 1.209255
v -0.956743 4.549298 1.177801
v -1.034952 4.628515 1.019541
v -1.069765 4.546024 1.037038
v -0.942026 4.460292 1.205044
v -0.874711 4.537582 1.252021
v -0.675403 3.658996 1.380562
v -0.695708 3.527056 1.441331
v -0.542351 3.518176 1.469801
v -0.522869 3.649892 1.408981
v -0.679698 3.586971 1.399758
v -0.608549 3.585108 1.419695
v -0.619623 3.529235 1.460824
v -0.534729 3.578428 1.426571
v -0.600805 3.654406 1.403713
v -0.612996 4.616221 1.413659
v -0.617664 4.456968 1.391291
v -0.466015 4.453999 1.428764
v -0.460965 4.612644 1.451185
v -0.613297 4.537055 1.398780
v -0.540363 4.535985 1.426693
v -0.543913 4.455483 1.418417
v -0.463546 4.533894 1.435937
v -0.538931 4.612342 1.440122
v -0.186514 3.462247 1.437632
v -0.042411 3.439742 1.373167
v -0.064748 3.573370 1.321477
v -0.205613 3.598433 1.381725
v -0.112091 3.456003 1.408951
v -0.127856 3.511692 1.373579
v -0.063168 3.501157 1.337508
v -0.131316 3.585198 1.360928
v -0.198313 3.524415 1.396015
v -0.017056 4.607378 1.381894
v -0.149526 4.600705 1.444703
v -0.158236 4.442163 1.420104
v -0.016747 4.431305 1.365520
v 0.361600 4.528424 0.981505
v -0.077352 4.600545 1.425453
v -0.034463 4.520482 1.373005
v -0.153925 4.521957 1.429045
v -0.083471 4.435956 1.403387
v 0.179875 4.482925 1.181624
v 0.162446 4.565124 1.172954
v 0.305409 3.381326 1.007319
v 0.260526 3.514000 0.979247
v 0.179379 3.523302 1.109921
v 0.223229 3.387602 1.145945
v 0.268436 3.441895 0.989256
v 0.234298 3.441755 1.059701
v 0.228476 3.517543 1.049956
v 0.191481 3.449627 1.117949
v 0.266671 3.387631 1.077883
v 0.282282 4.538151 1.050658
v 0.312601 4.390917 1.078820
v 0.389405 4.377895 0.946999
v 0.361557 4.523754 0.916778
v 0.304844 4.467600 1.072799
v 0.361414 4.461254 1.011080
v 0.360104 4.383211 1.018330
v 0.386899 4.453448 0.934032
v 0.328142 4.535989 0.986861
v 0.407465 3.386286 0.584830
v 0.392319 3.387227 0.430031
v 0.348095 3.524927 0.436037
v 0.361590 3.527391 0.587976
v 0.406595 3.393312 0.506815
v 0.373831 3.453078 0.512591
v 0.357420 3.451698 0.439271
v 0.365815 3.524547 0.511058
v 0.372215 3.452911 0.583023
v 0.459590 4.340910 0.365063
v 0.392393 4.463823 0.353464
v 0.418180 4.467728 0.512306
v 0.479283 4.346710 0.516435
v 0.441056 4.409897 0.351783
v 0.472086 4.413826 0.433290
v 0.407602 4.469831 0.432409
v 0.465011 4.415531 0.517098
v 0.480134 4.342202 0.439419
v 0.324259 3.378812 0.284596
v 0.255906 3.340133 0.063464
v 0.127096 3.384210 -0.028192
v 0.097733 3.518734 0.012590
v 0.201407 3.507129 0.125568
v 0.289466 3.358783 0.174341
v 0.178581 3.423712 0.077137
v 0.193848 3.365445 0.015912
v 0.103811 3.445698 0.005048
v 0.157163 3.511294 0.061944
v 0.250285 3.438551 0.211210
v 0.152518 4.468324 -0.036663
v 0.260323 4.465799 0.082708
v 0.295702 4.339824 0.031426
v 0.189415 4.344354 -0.080290
v 0.208353 4.471016 0.021360
v 0.247127 4.412989 -0.025228
v 0.292523 4.409820 0.049862
v 0.249653 4.340542 -0.031244
v 0.179440 4.413895 -0.072782
v -0.343245 3.596552 -0.177893
v -0.193811 3.581598 -0.154790
v -0.204439 3.437932 -0.198085
v -0.354460 3.455636 -0.220456
v -0.266962 3.587447 -0.177525
v -0.272372 3.516791 -0.185773
v -0.205464 3.507191 -0.166339
v -0.277375 3.453887 -0.217560
v -0.346201 3.522056 -0.186503
v -0.286072 4.495244 -0.227824
v -0.129822 4.485988 -0.193404
v -0.133349 4.365672 -0.259850
v -0.283880 4.375998 -0.289710
v -0.207184 4.494970 -0.212908
v -0.202576 4.441364 -0.276493
v -0.123011 4.433568 -0.241092
v -0.206746 4.369352 -0.284709
v -0.286353 4.444290 -0.275520
v 0.236200 4.645150 0.373309
v 0.288802 4.638394 0.518152
v 0.352949 4.517171 0.513021
v 0.305740 4.517877 0.353851
v 0.271819 4.641245 0.442322
v 0.286304 4.565770 0.437775
v 0.305253 4.569454 0.517048
v 0.330187 4.519002 0.433192
v 0.258213 4.573327 0.371538
v 0.295734 4.516045 1.059443
v 0.344677 4.516725 0.915379
v 0.315644 4.664372 0.881020
v 0.326847 4.843484 1.017559
v 0.253336 4.654888 1.074529
v 0.329611 4.523392 0.990640
v 0.307385 4.614789 0.980607
v 0.319247 4.588574 0.898937
v 0.326000 4.753258 0.949780
v 0.296625 4.747594 1.049207
v 0.263389 4.583127 1.057196
v 0.142862 4.671590 0.234243
v 0.174303 4.547918 0.184817
v 0.050733 4.567865 0.085359
v 0.020834 4.692545 0.138385
v 0.144905 4.602725 0.218420
v 0.089150 4.612071 0.167910
v 0.114788 4.562476 0.133187
v 0.028785 4.622507 0.126026
v 0.086807 4.681040 0.179777
v -0.146818 4.591477 -0.001266
v -0.304718 4.608039 -0.020589
v -0.375967 4.735726 0.059517
v -0.281564 4.889840 0.032683
v -0.146501 4.711157 0.063909
v -0.225073 4.603862 -0.013093
v -0.239222 4.668912 0.034283
v -0.338508 4.663058 0.035163
v -0.317521 4.776462 0.046315
v -0.213024 4.799603 0.038813
v -0.153901 4.643358 0.045971
v -0.860674 4.653570 0.188675
v -0.759749 4.771327 0.180206
v -0.628753 4.762246 0.103970
v -0.635955 4.642471 0.037831
v -0.793593 4.616582 0.042831
v -0.798941 4.703468 0.193884
v -0.724028 4.688848 0.118259
v -0.700028 4.766469 0.132200
v -0.630519 4.693599 0.086564
v -0.715644 4.634324 0.037738
v -0.828024 4.637362 0.114764
v -1.063588 4.745740 0.914820
v -1.077758 4.771439 0.758782
v -1.130109 4.635981 0.772896
v -1.114175 4.608641 0.930752
v -1.078200 4.757618 0.837324
v -1.087948 4.690083 0.840362
v -1.089914 4.698525 0.768084
v -1.128347 4.630291 0.853832
v -1.074990 4.671188 0.915242
v -1.043255 4.772922 0.572656
v -0.978603 4.772753 0.430669
v -1.044707 4.641070 0.424398
v -1.107139 4.648149 0.577374
v -1.018894 4.772120 0.498036
v -1.034153 4.700793 0.501168
v -1.000593 4.700918 0.436782
v -1.078878 4.649236 0.499466
v -1.060273 4.702984 0.577393
v -0.674986 5.730214 0.092092
v -0.581744 5.410847 0.053349
v -0.602885 5.130351 0.077020
v -0.729007 5.320752 0.132486
v -0.935314 5.448853 0.425740
v -0.723546 5.496737 0.171323
v -0.632674 5.570261 0.064570
v -0.682941 5.409595 0.107466
v -0.589858 5.315401 0.061738
v -0.670093 5.225233 0.096417
v -0.842458 5.396597 0.266716
v -0.814687 5.460550 0.308499
v -0.704109 5.613268 0.128126
v -0.946026 5.578990 0.605256
v -0.964221 5.459422 0.481482
v -1.059122 5.451393 0.653601
v -1.050312 5.433583 0.857944
v -0.912574 5.450079 1.118629
v -0.961987 5.590075 0.755692
v -0.940797 5.506926 0.553126
v -0.978421 5.502673 0.705139
v -1.014678 5.462811 0.566229
v -1.057732 5.448245 0.756404
v -0.977839 5.436167 0.986742
v -0.924546 5.515368 0.933610
v -0.965940 5.583556 0.679280
v -0.984455 6.004061 0.618397
v -1.008017 6.016949 0.772015
v -0.938787 6.124288 0.769221
v -0.906582 6.115503 0.610947
v -1.005730 6.009743 0.693814
v -0.993356 6.084255 0.692696
v -0.990331 6.081623 0.773931
v -0.925283 6.127067 0.689157
v -0.959187 6.068767 0.606196
v -0.815280 5.932137 0.274550
v -0.901192 6.113167 0.599780
v -0.802932 6.118617 0.298824
v -0.740472 6.291778 0.168996
v -0.731857 5.992992 0.153723
v -0.872449 6.031588 0.428436
v -0.797935 6.040955 0.255028
v -0.836576 6.105842 0.454176
v -0.782696 6.205209 0.228635
v -0.736212 6.090012 0.160660
v -0.778917 5.962304 0.210313
v -0.811241 5.444193 1.283983
v -0.778019 5.582638 1.257949
v -0.867155 5.586578 1.134220
v -0.901798 5.449867 1.157563
v -0.786830 5.509291 1.258990
v -0.834406 5.511628 1.206481
v -0.831536 5.582299 1.202458
v -0.869829 5.513815 1.141814
v -0.861485 5.453424 1.224617
v -0.800696 6.096822 1.252729
v -0.886678 6.106273 1.118649
v -0.937927 5.993027 1.165580
v -0.855920 5.983948 1.288102
v -0.845234 6.106474 1.187028
v -0.905368 6.056887 1.228923
v -0.930808 6.059467 1.145594
v -0.908298 5.985610 1.234241
v -0.837498 6.049746 1.285940
v -0.599193 5.430172 1.428039
v -0.446132 5.425203 1.466647
v -0.445276 5.562663 1.418634
v -0.593383 5.570398 1.379376
v -0.523829 5.433260 1.452684
v -0.520123 5.491677 1.418546
v -0.446929 5.489184 1.429023
v -0.522177 5.565040 1.409454
v -0.588723 5.495929 1.392056
v -0.629739 5.973877 1.430489
v -0.479840 5.963798 1.480110
v -0.501769 6.073009 1.411870
v -0.685593 6.091909 1.323828
v -0.557203 5.967787 1.462377
v -0.573087 6.039216 1.446690
v -0.491550 6.029446 1.463901
v -0.593995 6.086275 1.369324
v -0.666605 6.042330 1.392283
v -0.194960 5.411418 1.445701
v -0.045679 5.407101 1.391203
v -0.075371 5.546167 1.357773
v -0.224730 5.551069 1.411194
v -0.118634 5.413663 1.422719
v -0.135875 5.473664 1.393501
v -0.068503 5.472251 1.363339
v -0.147135 5.546960 1.392787
v -0.211134 5.477272 1.413486
v -0.158150 6.063095 1.381361
v -0.310614 6.065596 1.432051
v -0.263480 5.948670 1.490506
v -0.124321 5.947532 1.440254
v -0.233815 6.067956 1.408234
v -0.202079 6.015137 1.475710
v -0.288047 6.016288 1.480398
v -0.189100 5.945446 1.478734
v -0.129876 6.014942 1.423176
v 0.228318 5.381510 1.131954
v 0.192026 5.527833 1.096863
v 0.100419 5.540172 1.219691
v 0.135842 5.394546 1.255602
v 0.201390 5.451881 1.111859
v 0.165309 5.459269 1.175434
v 0.154637 5.534136 1.164539
v 0.112431 5.464011 1.229693
v 0.188395 5.393682 1.197905
v -0.064071 6.071782 1.288189
v 0.107504 5.968006 1.223100
v 0.191085 5.782491 1.092715
v 0.225134 6.054833 1.094524
v 0.229937 6.297710 1.159506
v 0.087246 6.151043 1.197881
v 0.031784 6.029597 1.266716
v 0.150240 6.054214 1.169791
v 0.155914 5.875340 1.162020
v 0.201623 5.919497 1.089973
v 0.229027 6.175859 1.128446
v 0.162734 6.222548 1.187104
v 0.005889 6.101645 1.224912
v 0.248995 5.504573 0.926060
v 0.312839 5.351727 0.892020
v 0.347600 5.319315 0.734822
v 0.324311 5.464663 0.703476
v 0.299019 5.700251 0.881898
v 0.271271 5.424734 0.906288
v 0.302103 5.434444 0.800195
v 0.333732 5.337906 0.813706
v 0.323835 5.389883 0.718389
v 0.319490 5.580545 0.796320
v 0.267521 5.603247 0.900332
v -0.834979 6.228445 0.602159
v -0.902049 6.117103 0.610618
v -0.879099 6.149380 0.765123
v -0.809146 6.257837 0.758022
v -0.851367 6.162822 0.611358
v -0.843062 6.179177 0.682536
v -0.892915 6.139669 0.686875
v -0.827505 6.192486 0.755399
v -0.829329 6.242303 0.681453
v -0.549709 6.152889 1.214005
v -0.599846 6.272842 1.114181
v -0.703649 6.277855 1.002418
v -0.761617 6.165703 1.035378
v -0.716159 6.138729 1.196202
v -0.567930 6.201921 1.147501
v -0.665607 6.201098 1.089023
v -0.659740 6.274061 1.065665
v -0.716718 6.211799 1.012930
v -0.740619 6.157583 1.117180
v -0.633251 6.148293 1.206091
v -0.358699 6.113274 1.306447
v -0.185675 6.096251 1.313239
v -0.213624 6.212039 1.256861
v -0.364350 6.237006 1.236390
v -0.271716 6.110611 1.312500
v -0.286259 6.155207 1.267764
v -0.205248 6.144262 1.267528
v -0.290700 6.222767 1.257098
v -0.354725 6.166493 1.255600
v -1.081022 5.342652 0.526353
v -1.053402 5.456374 0.668601
v -0.972479 5.452229 0.459824
v -1.002197 5.346362 0.392667
v -1.081942 5.406690 0.594600
v -1.048265 5.416451 0.479102
v -1.015947 5.461705 0.562900
v -0.998634 5.411015 0.412768
v -1.049707 5.343690 0.454713
v -1.124870 5.301251 0.930911
v -1.077012 5.416780 0.883641
v -1.046810 5.459142 0.641751
v -1.139683 5.316977 0.779390
v -1.116401 5.368733 0.915375
v -1.133019 5.382726 0.831415
v -1.064926 5.443717 0.763328
v -1.108651 5.395170 0.707521
v -1.143116 5.307709 0.856064
v -1.049221 5.410844 0.943811
v -1.000001 5.273203 1.212423
v -0.903436 5.254848 1.335544
v -0.856445 5.392431 1.312874
v -0.911997 5.438055 1.164035
v -1.039188 5.351840 1.085817
v -0.959057 5.351158 1.246462
v -0.957701 5.263363 1.278577
v -0.887643 5.328016 1.334805
v -0.889145 5.421562 1.242230
v -0.977005 5.418785 1.052377
v -0.609575 5.349546 1.509210
v -0.609369 5.206611 1.559001
v -0.465970 5.186409 1.604906
v -0.459768 5.321577 1.568765
v -0.618393 5.282274 1.546188
v -0.542515 5.270774 1.595326
v -0.541427 5.193655 1.592434
v -0.461632 5.258245 1.602952
v -0.535832 5.341507 1.544698
v 0.001701 5.276863 1.498094
v -0.145463 5.288915 1.555506
v -0.120354 5.148454 1.588835
v 0.020452 5.138611 1.530187
v -0.069653 5.287858 1.531469
v -0.048142 5.216412 1.574644
v -0.131730 5.222610 1.587822
v -0.045898 5.140644 1.569728
v 0.021172 5.211692 1.525279
v 0.283946 5.286489 1.183389
v 0.204728 5.279975 1.322202
v 0.237717 5.140169 1.319198
v 0.323260 5.139994 1.174150
v 0.249458 5.287704 1.255928
v 0.282776 5.214020 1.274590
v 0.232043 5.212368 1.332655
v 0.289054 5.137516 1.251729
v 0.314532 5.215990 1.181688
v 0.344803 5.293363 0.927894
v 0.374054 5.147965 0.976464
v 0.380033 5.166011 0.815261
v 0.336180 5.337568 0.722862
v 0.371281 5.224112 0.955363
v 0.383535 5.235348 0.871489
v 0.384497 5.155852 0.896012
v 0.369709 5.253902 0.767479
v 0.344634 5.318351 0.825825
v 0.342059 5.220901 0.542485
v 0.329633 5.310081 0.386166
v 0.398153 5.813711 0.411112
v 0.341794 5.422676 0.550553
v 0.343980 5.328302 0.767672
v 0.333602 5.265642 0.464590
v 0.342435 5.368025 0.498847
v 0.357446 5.562694 0.400258
v 0.379586 5.616322 0.479469
v 0.330638 5.373409 0.658332
v 0.352720 5.276950 0.653876
v -0.675476 6.783656 1.000996
v -0.728010 6.672715 1.047393
v -0.623312 6.664268 1.159611
v -0.566171 6.774940 1.118042
v -0.717130 6.738723 1.031969
v -0.673453 6.737207 1.105671
v -0.683164 6.667283 1.110412
v -0.602744 6.729565 1.154345
v -0.621732 6.782947 1.060639
v -0.854418 6.688558 0.773312
v -0.783103 6.796929 0.769969
v -0.801920 6.804208 0.610849
v -0.873100 6.695526 0.620833
v -0.834365 6.753255 0.779514
v -0.862808 6.760634 0.698463
v -0.793798 6.804271 0.690730
v -0.854630 6.760806 0.612863
v -0.873868 6.690903 0.698259
v -0.185780 6.754968 1.271159
v -0.343259 6.761745 1.241458
v -0.358564 6.648798 1.304775
v -0.207793 6.642061 1.333964
v -0.264658 6.761972 1.257867
v -0.280362 6.714003 1.322802
v -0.359040 6.715199 1.288859
v -0.285174 6.643771 1.329293
v -0.194290 6.707918 1.320343
v 0.211697 6.744675 1.171058
v 0.066852 6.746902 1.239947
v 0.098297 6.632814 1.293274
v 0.237907 6.629762 1.227790
v 0.140032 6.749405 1.206977
v 0.167394 6.699841 1.266375
v 0.085140 6.699151 1.284978
v 0.172346 6.629306 1.269673
v 0.236937 6.696413 1.212442
v 0.502718 6.763500 0.449698
v 0.522742 6.756174 0.608598
v 0.583735 6.643056 0.592697
v 0.565057 6.649782 0.440188
v 0.514379 6.763540 0.529111
v 0.579470 6.714875 0.519423
v 0.571254 6.708792 0.604465
v 0.584342 6.644479 0.515138
v 0.550413 6.716297 0.437800
v 0.474270 6.747956 0.857102
v 0.397431 6.744793 0.997839
v 0.412536 6.629872 1.064928
v 0.421096 6.411304 0.993025
v 0.526815 6.633268 0.886488
v 0.437298 6.750022 0.928343
v 0.489449 6.673652 0.971050
v 0.417118 6.696527 1.044401
v 0.418307 6.520176 1.030407
v 0.481406 6.520449 0.943323
v 0.518481 6.699805 0.875598
v 0.396047 6.776656 0.220714
v 0.446953 6.664348 0.186662
v 0.345010 6.083654 0.189710
v 0.333193 6.673661 0.053704
v 0.286953 6.785365 0.103582
v 0.438025 6.730157 0.196544
v 0.393505 6.685578 0.116723
v 0.413180 6.494958 0.179073
v 0.346934 6.377156 0.114514
v 0.318922 6.739820 0.063763
v 0.342758 6.784770 0.161255
v 0.066531 6.689562 -0.092473
v -0.084453 6.696006 -0.121574
v -0.091229 6.805267 -0.050041
v 0.065891 6.798452 -0.018810
v -0.007071 6.691746 -0.117057
v -0.003055 6.761451 -0.104575
v -0.089562 6.761484 -0.102541
v -0.012239 6.805655 -0.035763
v 0.075186 6.754283 -0.070754
v 0.109419 6.939185 0.501205
v 0.000253 6.947935 0.384145
v -0.156988 6.955025 0.353655
v -0.302292 6.957754 0.421446
v -0.380104 6.955081 0.561665
v -0.360673 6.948021 0.720713
v -0.251453 6.939262 0.837833
v -0.094141 6.932160 0.868273
v 0.051147 6.929423 0.800409
v 0.128877 6.932112 0.660180
v 0.056094 6.947319 0.441783
v -0.119700 7.022540 0.611810
v -0.077937 6.955275 0.367562
v -0.230128 6.960183 0.386351
v -0.342334 6.960175 0.490997
v -0.371675 6.955254 0.641510
v -0.306971 6.947290 0.780393
v -0.172935 6.939327 0.854612
v -0.020740 6.934408 0.835815
v 0.091460 6.934415 0.731166
v 0.120797 6.939351 0.580655
v -0.753157 6.812472 0.360854
v -0.674379 6.815514 0.221155
v -0.746792 6.707731 0.183055
v -0.821332 6.705120 0.317376
v -0.714904 6.817751 0.290446
v -0.778014 6.775358 0.255621
v -0.721174 6.772747 0.190759
v -0.793092 6.706458 0.245205
v -0.802884 6.769815 0.336428
v -0.488489 6.815634 0.047798
v -0.342677 6.813294 -0.018973
v -0.393434 6.706016 -0.081622
v -0.587708 6.333932 0.025984
v -0.564558 6.707849 0.013107
v -0.416072 6.818258 0.013213
v -0.468863 6.741031 -0.046416
v -0.369822 6.770474 -0.067392
v -0.495120 6.519585 -0.037376
v -0.558513 6.599420 0.005255
v -0.537112 6.772866 0.019106
v -1.598799 3.265777 0.414566
v -1.542807 3.396737 0.470500
v -1.488443 3.386722 0.319540
v -1.539951 3.260642 0.276148
v -1.586559 3.338156 0.442153
v -1.575862 3.335599 0.356305
v -1.518937 3.397349 0.393455
v -1.523739 3.331022 0.287844
v -1.581803 3.262287 0.340108
v -1.291958 3.261657 0.045575
v -1.259644 3.383134 0.105754
v -1.142608 3.383576 -0.005585
v -1.172096 3.262110 -0.068452
v -1.286297 3.330637 0.064663
v -1.232366 3.333065 0.007722
v -1.201126 3.383355 0.050084
v -1.167849 3.331085 -0.048020
v -1.232027 3.261883 -0.011439
v -1.569417 3.291932 1.019354
v -1.497119 3.407362 1.026632
v -1.533968 3.413271 0.871943
v -1.603693 3.295869 0.863695
v -1.547488 3.358047 1.031039
v -1.579064 3.368184 0.953136
v -1.518286 3.416123 0.950163
v -1.584377 3.363841 0.867276
v -1.593338 3.293428 0.943006
v -1.351633 3.214528 1.488042
v -1.247429 3.191256 1.598608
v -1.199116 3.311497 1.562885
v -1.303145 3.339219 1.441268
v -1.307079 3.201538 1.550154
v -1.296943 3.273959 1.549333
v -1.230470 3.258860 1.596203
v -1.252561 3.329857 1.504326
v -1.341296 3.285242 1.472549
v -0.778562 3.250201 1.796616
v -0.796018 3.119345 1.841487
v -0.646474 3.104198 1.864260
v -0.622414 3.234164 1.820570
v -0.794421 3.190840 1.833969
v -0.715358 3.182330 1.866186
v -0.723171 3.108958 1.863644
v -0.630934 3.174144 1.859110
v -0.700590 3.246928 1.812437
v 0.486858 3.206192 1.089362
v 0.424118 3.200283 1.235480
v 0.464105 3.069245 1.248898
v 0.525993 3.074245 1.107759
v 0.458864 3.207702 1.164051
v 0.506338 3.143005 1.184795
v 0.456974 3.139839 1.253415
v 0.503849 3.069034 1.182091
v 0.523176 3.145486 1.100708
v -0.053237 3.204884 1.708400
v -0.037865 3.073729 1.746178
v 0.094792 3.069899 1.669754
v 0.083161 3.201791 1.627797
v -0.042029 3.144527 1.743979
v 0.039163 3.143162 1.718971
v 0.033476 3.068737 1.716820
v 0.101884 3.140566 1.660040
v 0.017230 3.208390 1.671742
v 0.422437 3.256573 0.208426
v 0.470835 3.305265 0.412188
v 0.551685 3.246691 0.554621
v 0.588691 3.109649 0.538317
v 0.560394 3.116318 0.385711
v 0.446019 3.280230 0.310618
v 0.571861 3.200857 0.439820
v 0.516801 3.281478 0.482521
v 0.585364 3.182043 0.548358
v 0.583322 3.110880 0.460294
v 0.505241 3.191295 0.290146
v 0.312629 3.262500 -0.006732
v 0.334763 3.128542 -0.055742
v 0.223739 3.141951 -0.157208
v 0.195684 3.277037 -0.112662
v 0.337576 3.200357 -0.038188
v 0.290745 3.207132 -0.107603
v 0.287018 3.133181 -0.115247
v 0.215938 3.215220 -0.148380
v 0.257336 3.274658 -0.062536
v -0.228170 3.211612 -0.335627
v -0.383565 3.228157 -0.361663
v -0.363355 3.368426 -0.314593
v -0.207076 3.352312 -0.286936
v -0.304822 3.219182 -0.355331
v -0.291445 3.296553 -0.348659
v -0.373692 3.302411 -0.350305
v -0.283997 3.364299 -0.305358
v -0.212657 3.285117 -0.322552
v -0.953842 3.262935 -0.276084
v -0.917893 3.387238 -0.221744
v -0.773148 3.381535 -0.283550
v -0.813652 3.258874 -0.336350
v -0.946117 3.332747 -0.259657
v -0.875754 3.334083 -0.312561
v -0.846816 3.390719 -0.256264
v -0.793604 3.327345 -0.326383
v -0.888349 3.259662 -0.316838
vt 0.825770 0.028242
vt 0.796286 0.157585
vt 0.799589 0.023472
vt 0.794933 0.179264
vt 0.811861 0.205932
vt 0.791914 0.202012
vt 0.515964 0.175884
vt 0.544578 0.188873
vt 0.522342 0.199948
vt 0.568905 0.154364
vt 0.549598 0.186572
vt 0.546117 0.163324
vt 0.597363 0.148944
vt 0.575542 0.179952
vt 0.573739 0.153108
vt 0.625936 0.151513
vt 0.604739 0.176013
vt 0.602584 0.150047
vt 0.656158 0.161562
vt 0.631703 0.177522
vt 0.631383 0.154159
vt 0.703791 0.171144
vt 0.684132 0.189853
vt 0.678489 0.170865
vt 0.733775 0.171439
vt 0.710848 0.189958
vt 0.709179 0.171776
vt 0.795015 0.022759
vt 0.767067 0.153015
vt 0.768752 0.019352
vt 0.701649 0.019497
vt 0.674687 0.148352
vt 0.674595 0.021451
vt 0.733043 0.018065
vt 0.707853 0.149053
vt 0.706318 0.019227
vt 0.686619 0.209227
vt 0.707260 0.302378
vt 0.686166 0.309794
vt 0.536542 0.020040
vt 0.513569 0.154428
vt 0.510400 0.020913
vt 0.761581 0.173234
vt 0.740322 0.194770
vt 0.738885 0.172105
vt 0.766519 0.173593
vt 0.786762 0.200921
vt 0.765057 0.198991
vt 0.541075 0.019866
vt 0.568370 0.133224
vt 0.544335 0.141812
vt 0.571934 0.018577
vt 0.596927 0.128912
vt 0.572931 0.132366
vt 0.602911 0.018050
vt 0.626199 0.131408
vt 0.601542 0.129081
vt 0.633935 0.018504
vt 0.657750 0.141007
vt 0.631009 0.132528
vt 0.737507 0.341705
vt 0.755324 0.400411
vt 0.741209 0.403296
vt 0.810963 0.316467
vt 0.795172 0.327470
vt 0.795183 0.310118
vt 0.544747 0.418498
vt 0.546957 0.418670
vt 0.544899 0.420238
vt 0.557858 0.299073
vt 0.575502 0.328790
vt 0.560838 0.328065
vt 0.580825 0.424614
vt 0.593526 0.467966
vt 0.579950 0.469820
vt 0.621602 0.421628
vt 0.623125 0.422226
vt 0.621613 0.422395
vt 0.648218 0.311102
vt 0.624970 0.321616
vt 0.626982 0.302493
vt 0.720455 0.427832
vt 0.711675 0.445391
vt 0.707024 0.436961
vt 0.724803 0.424967
vt 0.738941 0.439782
vt 0.727832 0.442382
vt 0.777766 0.323782
vt 0.790149 0.308333
vt 0.790042 0.326864
vt 0.689100 0.331172
vt 0.696670 0.335844
vt 0.690957 0.339042
vt 0.701571 0.322415
vt 0.707836 0.320187
vt 0.708255 0.326541
vt 0.717057 0.514058
vt 0.724121 0.456796
vt 0.736360 0.629746
vt 0.553389 0.301725
vt 0.542297 0.327639
vt 0.536378 0.313041
vt 0.774558 0.413180
vt 0.784700 0.424159
vt 0.769566 0.430578
vt 0.575644 0.343484
vt 0.561734 0.406535
vt 0.561535 0.342460
vt 0.790833 0.414226
vt 0.799621 0.421112
vt 0.789726 0.423221
vt 0.756356 0.412695
vt 0.743937 0.438560
vt 0.742146 0.416410
vt 0.761425 0.413609
vt 0.769424 0.413947
vt 0.765143 0.428172
vt 0.784452 0.491529
vt 0.791158 0.486274
vt 0.793923 0.489665
vt 0.535776 0.589814
vt 0.553951 0.603327
vt 0.537421 0.598956
vt 0.558310 0.584705
vt 0.565810 0.584893
vt 0.559023 0.599334
vt 0.578422 0.600606
vt 0.572243 0.584298
vt 0.581842 0.586164
vt 0.596650 0.594387
vt 0.585162 0.599654
vt 0.587283 0.588233
vt 0.622157 0.638940
vt 0.610510 0.593454
vt 0.624573 0.532667
vt 0.794304 0.658046
vt 0.798393 0.597837
vt 0.808774 0.646309
vt 0.813171 0.570979
vt 0.819067 0.566877
vt 0.818978 0.571365
vt 0.579530 0.482807
vt 0.591528 0.496640
vt 0.578851 0.495501
vt 0.608308 0.484467
vt 0.596376 0.497129
vt 0.596977 0.481439
vt 0.612635 0.497149
vt 0.624093 0.489245
vt 0.625011 0.495751
vt 0.789680 0.435391
vt 0.804570 0.469005
vt 0.793013 0.473917
vt 0.778553 0.531078
vt 0.793113 0.575247
vt 0.789577 0.627315
vt 0.579088 0.293900
vt 0.597850 0.325103
vt 0.580425 0.328358
vt 0.544932 0.432970
vt 0.556324 0.473140
vt 0.542525 0.472435
vt 0.603620 0.296622
vt 0.619931 0.321502
vt 0.602855 0.324411
vt 0.551805 0.494020
vt 0.556283 0.490155
vt 0.556415 0.493843
vt 0.541374 0.484596
vt 0.548005 0.485140
vt 0.540074 0.491986
vt 0.538206 0.507900
vt 0.553561 0.572054
vt 0.535005 0.576470
vt 0.561344 0.507063
vt 0.569760 0.571903
vt 0.558231 0.571567
vt 0.578207 0.508121
vt 0.584094 0.573345
vt 0.574234 0.572231
vt 0.595524 0.510247
vt 0.604589 0.585050
vt 0.588894 0.575085
vt 0.623582 0.509793
vt 0.610309 0.567164
vt 0.612299 0.511318
vt 0.798258 0.484283
vt 0.800684 0.483224
vt 0.799495 0.485800
vt 0.622521 0.445432
vt 0.623314 0.474595
vt 0.615316 0.472082
vt 0.560418 0.614607
vt 0.577223 0.658880
vt 0.559843 0.659284
vt 0.718951 0.561733
vt 0.738974 0.683798
vt 0.721945 0.686924
vt 0.619825 0.657649
vt 0.606023 0.656806
vt 0.608549 0.613613
vt 0.554119 0.614214
vt 0.536661 0.658841
vt 0.538307 0.610354
vt 0.837979 0.477727
vt 0.824692 0.464097
vt 0.842103 0.429297
vt 0.769569 0.672510
vt 0.768935 0.500719
vt 0.787001 0.662240
vt 0.768259 0.444435
vt 0.788543 0.476377
vt 0.772591 0.487812
vt 0.818053 0.378606
vt 0.828595 0.357552
vt 0.839798 0.399875
vt 0.858345 0.474910
vt 0.843595 0.479507
vt 0.847716 0.431106
vt 0.820685 0.456029
vt 0.813927 0.429404
vt 0.838091 0.421239
vt 0.813073 0.418162
vt 0.815432 0.388704
vt 0.837210 0.410006
vt 0.941376 0.019423
vt 0.926780 0.185427
vt 0.915895 0.028827
vt 0.873977 0.448668
vt 0.863406 0.469713
vt 0.852790 0.425965
vt 0.878916 0.409082
vt 0.876541 0.438505
vt 0.855385 0.415836
vt 0.871276 0.371287
vt 0.878011 0.397844
vt 0.854507 0.404590
vt 0.854009 0.349663
vt 0.867254 0.363232
vt 0.850490 0.396524
vt 0.833683 0.352453
vt 0.848392 0.347833
vt 0.844871 0.394722
vt 0.560950 0.486725
vt 0.573904 0.494635
vt 0.561361 0.493855
vt 0.630237 0.494051
vt 0.629891 0.493831
vt 0.630175 0.493669
vt 0.583951 0.611047
vt 0.600254 0.657117
vt 0.583159 0.658380
vt 0.630844 0.507365
vt 0.645052 0.656526
vt 0.627865 0.657144
vt 0.819978 0.582462
vt 0.814343 0.642007
vt 0.801381 0.581678
vt 0.643638 0.440531
vt 0.627755 0.476754
vt 0.626821 0.437427
vt 0.729420 0.455517
vt 0.763666 0.675170
vt 0.745868 0.681826
vt 0.643457 0.339728
vt 0.626153 0.407273
vt 0.624407 0.337097
vt 0.600581 0.427165
vt 0.609907 0.471420
vt 0.597738 0.468083
vt 0.762951 0.232551
vt 0.771115 0.294961
vt 0.759492 0.296064
vt 0.546421 0.204878
vt 0.533194 0.299392
vt 0.525106 0.215368
vt 0.571247 0.197176
vt 0.556752 0.285500
vt 0.551262 0.202863
vt 0.578559 0.279904
vt 0.600033 0.193228
vt 0.599539 0.281551
vt 0.711728 0.209397
vt 0.732583 0.301734
vt 0.712317 0.301542
vt 0.605032 0.193155
vt 0.623401 0.286096
vt 0.603821 0.282113
vt 0.631024 0.195507
vt 0.650280 0.295333
vt 0.627931 0.287283
vt 0.740471 0.212388
vt 0.754699 0.296881
vt 0.737534 0.301180
vt 0.786018 0.217256
vt 0.776198 0.294594
vt 0.765975 0.214727
vt 0.787426 0.400906
vt 0.777769 0.338476
vt 0.789730 0.341282
vt 0.556906 0.406248
vt 0.544478 0.342049
vt 0.556580 0.342131
vt 0.802469 0.404554
vt 0.794485 0.342447
vt 0.806049 0.345287
vt 0.576144 0.424305
vt 0.560712 0.472866
vt 0.561548 0.422821
vt 0.596308 0.409892
vt 0.580784 0.343258
vt 0.597391 0.340424
vt 0.619369 0.337146
vt 0.601246 0.409856
vt 0.602563 0.339598
vt 0.645575 0.418047
vt 0.626590 0.422952
vt 0.626598 0.421546
vt 0.710281 0.346551
vt 0.703354 0.424353
vt 0.694014 0.355894
vt 0.759953 0.338587
vt 0.771768 0.400745
vt 0.759415 0.400099
vt 0.732557 0.342580
vt 0.722963 0.411694
vt 0.715179 0.344769
vt 0.713078 0.319272
vt 0.731994 0.324873
vt 0.713659 0.327692
vt 0.772492 0.310256
vt 0.759819 0.323163
vt 0.759383 0.311878
vt 0.737203 0.318741
vt 0.754716 0.323458
vt 0.737177 0.324760
vt 0.809538 0.221490
vt 0.794588 0.294416
vt 0.791160 0.217896
vt 0.799261 0.498860
vt 0.797454 0.567135
vt 0.776141 0.504133
vt 0.766659 0.480703
vt 0.750036 0.450716
vt 0.763096 0.446539
vt 0.897546 0.030776
vt 0.905756 0.105263
vt 0.894492 0.104894
vt 0.928545 0.198143
vt 0.942209 0.197456
vt 0.933317 0.224392
vt 0.897277 0.511530
vt 0.880485 0.678667
vt 0.883715 0.454037
vt 0.873852 0.689649
vt 0.874208 0.689763
vt 0.874156 0.690103
vt 0.970269 0.492796
vt 0.973986 0.573173
vt 0.941272 0.480559
vt 0.902864 0.511456
vt 0.908670 0.674217
vt 0.895299 0.678905
vt 0.967055 0.198497
vt 0.975060 0.219189
vt 0.960868 0.222887
vt 0.944930 0.663276
vt 0.919805 0.670851
vt 0.950598 0.612298
vt 0.950591 0.527703
vt 0.968421 0.576643
vt 0.956784 0.587174
vt 0.849714 0.130982
vt 0.862372 0.127353
vt 0.857183 0.153560
vt 0.869517 0.123364
vt 0.892607 0.138268
vt 0.863055 0.157637
vt 0.914031 0.068007
vt 0.919574 0.152980
vt 0.910747 0.111214
vt 0.867210 0.029390
vt 0.847327 0.116907
vt 0.847976 0.026663
vt 0.873469 0.029993
vt 0.889374 0.105729
vt 0.870564 0.110842
vt 0.895857 0.118764
vt 0.902134 0.119029
vt 0.897613 0.130628
vt 0.861167 0.182496
vt 0.873993 0.213017
vt 0.861492 0.230706
vt 0.876933 0.571904
vt 0.875623 0.677458
vt 0.867001 0.674715
vt 0.901535 0.208130
vt 0.893112 0.244660
vt 0.883551 0.219427
vt 0.863852 0.170381
vt 0.889522 0.153874
vt 0.877822 0.203624
vt 0.956099 0.611035
vt 0.971230 0.664341
vt 0.950348 0.662763
vt 0.962478 0.185472
vt 0.949625 0.184607
vt 0.948247 0.068291
vt 0.961418 0.606188
vt 0.988170 0.619169
vt 0.976530 0.659424
vt 0.941444 0.717700
vt 0.950827 0.797356
vt 0.933498 0.807366
vt 0.948298 0.674475
vt 0.962174 0.675524
vt 0.945620 0.685687
vt 0.878474 0.224184
vt 0.870515 0.258846
vt 0.863477 0.245415
vt 0.899624 0.144152
vt 0.920855 0.186440
vt 0.904588 0.192299
vt 0.948357 0.196522
vt 0.953780 0.223761
vt 0.938876 0.228138
vt 0.923388 0.198784
vt 0.912713 0.235950
vt 0.906673 0.205515
vt 0.886479 0.692037
vt 0.879793 0.693428
vt 0.880138 0.690489
vt 0.916872 0.692999
vt 0.916341 0.690163
vt 0.920598 0.691984
vt 0.929561 0.788236
vt 0.918482 0.706585
vt 0.937251 0.701470
vt 0.893615 0.693252
vt 0.892783 0.695435
vt 0.891368 0.693000
vt 0.950883 0.595156
vt 0.914345 0.664634
vt 0.921812 0.523964
vt 0.900888 0.693110
vt 0.909063 0.686740
vt 0.910354 0.694524
vt 0.980139 0.583666
vt 0.990630 0.580058
vt 0.990451 0.601693
vt 0.864291 0.713656
vt 0.875209 0.756342
vt 0.868634 0.762993
vt 0.879340 0.705326
vt 0.884814 0.748891
vt 0.880012 0.752371
vt 0.882566 0.763962
vt 0.885021 0.762037
vt 0.885494 0.770124
vt 0.975804 0.359478
vt 0.986789 0.304916
vt 0.990328 0.358120
vt 0.904146 0.758981
vt 0.906188 0.762821
vt 0.904464 0.762493
vt 0.911276 0.779633
vt 0.911688 0.779318
vt 0.911361 0.782326
vt 0.940903 0.409895
vt 0.933592 0.466767
vt 0.929645 0.411216
vt 0.705722 0.528156
vt 0.698372 0.549490
vt 0.685465 0.518703
vt 0.888386 0.844208
vt 0.878753 0.864179
vt 0.872183 0.855092
vt 0.904172 0.850074
vt 0.909236 0.838332
vt 0.911670 0.847336
vt 0.652172 0.521737
vt 0.651682 0.498784
vt 0.669296 0.509861
vt 0.653033 0.488101
vt 0.659650 0.467765
vt 0.671003 0.499401
vt 0.663902 0.460711
vt 0.675050 0.452830
vt 0.675227 0.492267
vt 0.888217 0.389405
vt 0.899752 0.402694
vt 0.891365 0.408437
vt 0.696771 0.463494
vt 0.704505 0.481793
vt 0.685373 0.497604
vt 0.989951 0.371831
vt 0.970883 0.393102
vt 0.972911 0.373221
vt 0.693952 0.556078
vt 0.683179 0.563987
vt 0.681555 0.526508
vt 0.706533 0.492012
vt 0.707310 0.517607
vt 0.687019 0.508139
vt 0.899510 0.864329
vt 0.913852 0.899325
vt 0.900897 0.908707
vt 0.928065 0.823780
vt 0.917853 0.843385
vt 0.914178 0.831184
vt 0.933242 0.820714
vt 0.947357 0.828582
vt 0.934405 0.833917
vt 0.955967 0.807542
vt 0.966575 0.821945
vt 0.953606 0.827293
vt 0.892528 0.422055
vt 0.907146 0.472011
vt 0.893478 0.477177
vt 0.910436 0.383546
vt 0.922506 0.397938
vt 0.907388 0.401758
vt 0.766143 0.878227
vt 0.762149 0.861154
vt 0.768692 0.862127
vt 0.881427 0.875363
vt 0.895472 0.912627
vt 0.881934 0.920967
vt 0.980677 0.261970
vt 0.964045 0.234860
vt 0.974999 0.232261
vt 0.910727 0.770556
vt 0.908298 0.767366
vt 0.910301 0.765834
vt 0.947961 0.376613
vt 0.964478 0.393356
vt 0.946954 0.395878
vt 0.661248 0.551847
vt 0.653998 0.532105
vt 0.671453 0.519999
vt 0.677658 0.564319
vt 0.665761 0.558185
vt 0.676007 0.526209
vt 0.987127 0.403847
vt 0.976376 0.458152
vt 0.971092 0.406329
vt 0.940460 0.396216
vt 0.929895 0.380761
vt 0.942340 0.378171
vt 0.893724 0.841581
vt 0.901638 0.837340
vt 0.896301 0.849715
vt 0.919539 0.856666
vt 0.930658 0.890683
vt 0.919258 0.895873
vt 0.935270 0.847039
vt 0.949123 0.886507
vt 0.936027 0.888919
vt 0.953305 0.839814
vt 0.968003 0.883411
vt 0.954677 0.885536
vt 0.680553 0.452100
vt 0.692055 0.457833
vt 0.680730 0.491728
vt 0.922894 0.412280
vt 0.913065 0.470301
vt 0.906891 0.415245
vt 0.964494 0.407393
vt 0.954631 0.463424
vt 0.947821 0.409038
vt 0.960692 0.245559
vt 0.984018 0.283580
vt 0.971486 0.345829
vt 0.953402 0.237735
vt 0.947548 0.363822
vt 0.936642 0.241639
vt 0.930078 0.243705
vt 0.929191 0.367610
vt 0.914796 0.249526
vt 0.896191 0.257483
vt 0.907035 0.252768
vt 0.905854 0.330985
vt 0.925754 0.811134
vt 0.913407 0.817503
vt 0.917209 0.782483
vt 0.889864 0.260843
vt 0.886360 0.376074
vt 0.873762 0.271095
vt 0.912594 0.279514
vt 0.924061 0.368331
vt 0.911224 0.370204
vt 0.891909 0.789804
vt 0.907064 0.821308
vt 0.891948 0.829280
vt 0.902274 0.772073
vt 0.894467 0.775945
vt 0.897838 0.763730
vt 0.939486 0.686309
vt 0.928085 0.681430
vt 0.941626 0.677347
vt 0.965436 0.699077
vt 0.955850 0.795629
vt 0.944783 0.699651
vt 0.892831 0.759978
vt 0.890367 0.768908
vt 0.889837 0.759842
vt 0.874386 0.771439
vt 0.877646 0.767966
vt 0.880941 0.774901
vt 0.866003 0.690765
vt 0.869702 0.696287
vt 0.865092 0.699199
vt 0.964542 0.015500
vt 0.967802 0.185790
vt 0.943793 0.017675
vt 0.903919 0.706548
vt 0.910101 0.706960
vt 0.906689 0.730210
vt 0.903133 0.748656
vt 0.900006 0.748062
vt 0.900890 0.729495
vt 0.884766 0.204355
vt 0.895591 0.158327
vt 0.899838 0.194667
vt 0.959941 0.687207
vt 0.968571 0.681908
vt 0.966423 0.687015
vt 0.921906 0.776429
vt 0.918757 0.765871
vt 0.918422 0.750751
vt 0.918174 0.496087
vt 0.940274 0.481739
vt 0.949733 0.573165
vt 0.972641 0.585615
vt 0.983727 0.604994
vt 0.962570 0.594727
vt 0.890962 0.704943
vt 0.895020 0.747670
vt 0.889654 0.747373
vt 0.912848 0.730331
vt 0.913452 0.757549
vt 0.909597 0.752487
vt 0.869821 0.781378
vt 0.886761 0.832459
vt 0.869174 0.843667
vt 0.763970 0.891062
vt 0.752833 0.903454
vt 0.758934 0.887043
vt 0.765773 0.797575
vt 0.757475 0.816562
vt 0.755342 0.796964
vt 0.755217 0.869656
vt 0.747514 0.860067
vt 0.755752 0.860684
vt 0.740392 0.848223
vt 0.740756 0.850514
vt 0.739091 0.851123
vt 0.741220 0.861396
vt 0.741138 0.862953
vt 0.739947 0.861861
vt 0.738971 0.894454
vt 0.737757 0.892039
vt 0.739825 0.893494
vt 0.706376 0.808672
vt 0.679688 0.815899
vt 0.679933 0.806015
vt 0.749938 0.817418
vt 0.745553 0.818798
vt 0.748984 0.808756
vt 0.739510 0.872736
vt 0.738854 0.875006
vt 0.737760 0.871132
vt 0.689888 0.613760
vt 0.688614 0.610203
vt 0.689788 0.611161
vt 0.693675 0.659412
vt 0.686448 0.672343
vt 0.685615 0.658475
vt 0.690170 0.646110
vt 0.695917 0.636250
vt 0.697263 0.646934
vt 0.728514 0.867025
vt 0.681882 0.876607
vt 0.680674 0.862895
vt 0.734922 0.883609
vt 0.735542 0.882911
vt 0.735687 0.886319
vt 0.585780 0.805939
vt 0.597095 0.789092
vt 0.598680 0.806096
vt 0.604492 0.849146
vt 0.605127 0.834366
vt 0.609313 0.848725
vt 0.746507 0.768845
vt 0.714965 0.774869
vt 0.714422 0.765678
vt 0.604270 0.770174
vt 0.605204 0.760341
vt 0.618035 0.749225
vt 0.682588 0.690816
vt 0.685113 0.691156
vt 0.684107 0.692473
vt 0.659865 0.638040
vt 0.660001 0.637353
vt 0.660225 0.638643
vt 0.696147 0.690894
vt 0.700896 0.663483
vt 0.705186 0.674846
vt 0.662400 0.659423
vt 0.662095 0.660037
vt 0.661882 0.658554
vt 0.672459 0.649721
vt 0.675364 0.635436
vt 0.677631 0.647138
vt 0.663991 0.620374
vt 0.672236 0.618221
vt 0.667487 0.640610
vt 0.706474 0.638701
vt 0.703406 0.643091
vt 0.702444 0.635453
vt 0.694448 0.604091
vt 0.699061 0.607367
vt 0.697471 0.612534
vt 0.708702 0.651414
vt 0.707897 0.660110
vt 0.706043 0.655219
vt 0.675754 0.687935
vt 0.667553 0.667710
vt 0.678313 0.684602
vt 0.703996 0.616795
vt 0.706084 0.624268
vt 0.702569 0.621435
vt 0.688923 0.624278
vt 0.691602 0.626465
vt 0.687767 0.633045
vt 0.745580 0.754658
vt 0.711676 0.744479
vt 0.744292 0.736900
vt 0.754253 0.782293
vt 0.761952 0.760385
vt 0.764216 0.784408
vt 0.661377 0.749479
vt 0.648957 0.729555
vt 0.661347 0.728859
vt 0.590810 0.748685
vt 0.597378 0.775874
vt 0.588441 0.771190
vt 0.760691 0.747517
vt 0.750107 0.732183
vt 0.757625 0.721265
vt 0.700899 0.759162
vt 0.685246 0.735667
vt 0.703278 0.745107
vt 0.708136 0.768710
vt 0.708064 0.767416
vt 0.708645 0.768279
vt 0.708077 0.781377
vt 0.707601 0.783556
vt 0.707209 0.780089
vt 0.660898 0.804424
vt 0.660639 0.826420
vt 0.624342 0.813786
vt 0.721029 0.805986
vt 0.743056 0.799548
vt 0.736265 0.819426
vt 0.586968 0.886002
vt 0.601505 0.899766
vt 0.591968 0.912266
vt 0.619090 0.883917
vt 0.661261 0.874940
vt 0.662554 0.898297
vt 0.537634 0.857630
vt 0.558407 0.889012
vt 0.540623 0.901446
vt 0.560893 0.835868
vt 0.578514 0.816083
vt 0.578468 0.842401
vt 0.537700 0.805438
vt 0.554219 0.836108
vt 0.537493 0.845408
vt 0.550102 0.697592
vt 0.561448 0.748723
vt 0.543246 0.739818
vt 0.778595 0.724567
vt 0.767182 0.745156
vt 0.763850 0.719274
vt 0.807831 0.815306
vt 0.793343 0.795032
vt 0.807118 0.787289
vt 0.783350 0.888028
vt 0.775688 0.863213
vt 0.785544 0.865527
vt 0.738436 0.840535
vt 0.736822 0.837748
vt 0.740456 0.829645
vt 0.755074 0.846532
vt 0.745715 0.840245
vt 0.753039 0.833722
vt 0.682727 0.598709
vt 0.677924 0.611240
vt 0.676474 0.600690
vt 0.633291 0.854104
vt 0.660662 0.842150
vt 0.660824 0.861889
vt 0.585007 0.844622
vt 0.599021 0.819217
vt 0.597953 0.848722
vt 0.612195 0.773690
vt 0.639731 0.731783
vt 0.656815 0.759189
vt 0.768678 0.830369
vt 0.761614 0.846597
vt 0.759190 0.830753
vt 0.809555 0.904035
vt 0.792426 0.865930
vt 0.810630 0.862520
vt 0.752711 0.882088
vt 0.743200 0.886120
vt 0.745704 0.877451
vt 0.541786 0.913680
vt 0.563494 0.925997
vt 0.547198 0.954928
vt 0.786616 0.796941
vt 0.774605 0.818076
vt 0.772822 0.797558
vt 0.782103 0.902240
vt 0.765108 0.924026
vt 0.770464 0.895496
vt 0.586245 0.872917
vt 0.585553 0.856263
vt 0.594476 0.859885
vt 0.804168 0.727346
vt 0.785108 0.720666
vt 0.802057 0.697034
vt 0.607171 0.892437
vt 0.605793 0.877163
vt 0.610801 0.888011
vt 0.609256 0.821948
vt 0.646224 0.834815
vt 0.616759 0.847684
vt 0.702780 0.794481
vt 0.681482 0.772787
vt 0.700538 0.773787
vt 0.707156 0.757121
vt 0.707057 0.756483
vt 0.707304 0.756274
vt 0.738282 0.833627
vt 0.742316 0.829410
vt 0.743759 0.831903
vt 0.853615 0.848190
vt 0.814329 0.823609
vt 0.861906 0.793306
vt 0.508442 0.916920
vt 0.541621 0.961663
vt 0.499465 0.980050
vt 0.508365 0.903367
vt 0.531729 0.859145
vt 0.534663 0.903768
vt 0.507770 0.846777
vt 0.531824 0.801846
vt 0.531424 0.847472
vt 0.511203 0.697313
vt 0.537156 0.740083
vt 0.502323 0.767596
vt 0.845144 0.711899
vt 0.808181 0.691854
vt 0.842959 0.684833
vt 0.514480 0.771330
vt 0.535469 0.753293
vt 0.532310 0.789998
vt 0.846282 0.725697
vt 0.812762 0.775437
vt 0.810762 0.735759
vt 0.841094 0.793017
vt 0.813846 0.812734
vt 0.813216 0.785947
vt 0.840367 0.935901
vt 0.815076 0.953334
vt 0.815621 0.920449
vt 0.853539 0.862415
vt 0.815664 0.907599
vt 0.816877 0.861724
vt 0.566419 0.898735
vt 0.585736 0.916817
vt 0.569629 0.920610
vt 0.809388 0.916362
vt 0.786878 0.937254
vt 0.788878 0.905696
vt 0.564813 0.885699
vt 0.578757 0.853732
vt 0.579786 0.880268
vt 0.541705 0.751669
vt 0.556017 0.798098
vt 0.538136 0.793650
vt 0.562384 0.799911
vt 0.581092 0.778646
vt 0.578982 0.805034
vt 0.567633 0.752982
vt 0.584857 0.742496
vt 0.582105 0.766473
vt 0.806798 0.775723
vt 0.790625 0.753588
vt 0.804802 0.739820
vt 0.784014 0.756957
vt 0.771627 0.785018
vt 0.768792 0.757962
vt 0.786895 0.832325
vt 0.776340 0.850555
vt 0.775448 0.830731
vt 0.808418 0.826246
vt 0.792932 0.851565
vt 0.793477 0.831563
vt 0.763232 0.018940
vt 0.738517 0.156737
vt 0.738564 0.018076
vt 0.729495 0.851962
vt 0.679633 0.829416
vt 0.732422 0.836002
vt 0.730336 0.790125
vt 0.712036 0.795473
vt 0.714083 0.786106
vt 0.679866 0.670905
vt 0.674221 0.662091
vt 0.679189 0.659611
vt 0.680021 0.623632
vt 0.682344 0.623070
vt 0.681359 0.630538
vt 0.612285 0.871136
vt 0.608381 0.862681
vt 0.612069 0.862359
vt 0.605505 0.804812
vt 0.661274 0.770893
vt 0.661082 0.791359
vt 0.824859 0.028076
vt 0.796583 0.165084
vt 0.800467 0.023632
vt 0.767129 0.172157
vt 0.785643 0.202889
vt 0.765826 0.200630
vt 0.516019 0.173856
vt 0.544059 0.191365
vt 0.523602 0.201361
vt 0.568270 0.152341
vt 0.550733 0.188808
vt 0.546187 0.160734
vt 0.596717 0.146956
vt 0.576516 0.182206
vt 0.574048 0.150688
vt 0.625411 0.149014
vt 0.605649 0.178935
vt 0.602680 0.147198
vt 0.656024 0.158632
vt 0.632342 0.181048
vt 0.631667 0.150922
vt 0.702904 0.167621
vt 0.685829 0.193531
vt 0.677723 0.167190
vt 0.733114 0.169058
vt 0.712059 0.193655
vt 0.709378 0.168171
vt 0.794119 0.022642
vt 0.767386 0.159966
vt 0.769615 0.019464
vt 0.700713 0.019564
vt 0.675214 0.153260
vt 0.675543 0.021383
vt 0.732118 0.018105
vt 0.708372 0.154484
vt 0.707234 0.019187
vt 0.705430 0.207492
vt 0.686854 0.311284
vt 0.687606 0.207539
vt 0.511302 0.020882
vt 0.539342 0.150722
vt 0.514232 0.161748
vt 0.795743 0.177370
vt 0.810413 0.207719
vt 0.792456 0.204173
vt 0.761227 0.171477
vt 0.741309 0.197299
vt 0.739211 0.169717
vt 0.541984 0.019826
vt 0.568004 0.139594
vt 0.544956 0.148394
vt 0.572834 0.018560
vt 0.596453 0.134285
vt 0.573419 0.138066
vt 0.603817 0.018062
vt 0.625640 0.136039
vt 0.601933 0.134007
vt 0.634859 0.018527
vt 0.657156 0.145474
vt 0.631389 0.137160
vt 0.738457 0.340182
vt 0.754559 0.401834
vt 0.742071 0.404503
vt 0.552736 0.302077
vt 0.543367 0.328034
vt 0.536798 0.312222
vt 0.801518 0.405719
vt 0.795493 0.341226
vt 0.805196 0.343644
vt 0.575200 0.422990
vt 0.561518 0.474124
vt 0.562529 0.421527
vt 0.579676 0.293777
vt 0.596922 0.325505
vt 0.581309 0.328365
vt 0.604249 0.296354
vt 0.618939 0.322242
vt 0.603720 0.324652
vt 0.627491 0.421951
vt 0.643932 0.426072
vt 0.627451 0.422679
vt 0.719775 0.429848
vt 0.712098 0.443871
vt 0.708546 0.437516
vt 0.725859 0.425911
vt 0.737904 0.438553
vt 0.728575 0.440755
vt 0.771753 0.309399
vt 0.760775 0.324319
vt 0.760071 0.310616
vt 0.690117 0.330922
vt 0.699100 0.336466
vt 0.692320 0.340262
vt 0.697432 0.321694
vt 0.706998 0.318292
vt 0.707638 0.327993
vt 0.718422 0.519229
vt 0.723100 0.457184
vt 0.734133 0.612655
vt 0.810398 0.315655
vt 0.795928 0.328634
vt 0.795813 0.309466
vt 0.775061 0.414535
vt 0.783893 0.423380
vt 0.771092 0.428674
vt 0.558451 0.298908
vt 0.574625 0.328832
vt 0.561738 0.328086
vt 0.791584 0.415583
vt 0.798898 0.420418
vt 0.790813 0.421922
vt 0.755800 0.414206
vt 0.744822 0.436803
vt 0.743098 0.417652
vt 0.762662 0.415013
vt 0.768243 0.415249
vt 0.765256 0.425173
vt 0.789089 0.489317
vt 0.790954 0.487856
vt 0.791723 0.488799
vt 0.799895 0.484713
vt 0.798851 0.485169
vt 0.799363 0.484060
vt 0.559208 0.586357
vt 0.564094 0.586479
vt 0.559673 0.595887
vt 0.577587 0.599041
vt 0.572630 0.585968
vt 0.580520 0.587645
vt 0.593571 0.594282
vt 0.586675 0.597443
vt 0.587948 0.590588
vt 0.585088 0.612796
vt 0.599306 0.655314
vt 0.584250 0.656148
vt 0.819414 0.585085
vt 0.814894 0.639134
vt 0.803074 0.584181
vt 0.817502 0.569574
vt 0.818093 0.569163
vt 0.818084 0.569613
vt 0.580334 0.483542
vt 0.590629 0.495759
vt 0.579859 0.494768
vt 0.607443 0.484862
vt 0.597359 0.496391
vt 0.597783 0.482441
vt 0.613527 0.496614
vt 0.623324 0.489571
vt 0.624087 0.495313
vt 0.790519 0.433940
vt 0.803864 0.470536
vt 0.793994 0.474790
vt 0.780584 0.539668
vt 0.791727 0.573469
vt 0.789020 0.613316
vt 0.595290 0.411448
vt 0.581820 0.341470
vt 0.596367 0.338987
vt 0.545937 0.431201
vt 0.555409 0.474539
vt 0.543345 0.473779
vt 0.620437 0.409410
vt 0.603638 0.337835
vt 0.618315 0.335720
vt 0.542068 0.486103
vt 0.544661 0.486316
vt 0.541560 0.488993
vt 0.538971 0.511772
vt 0.552818 0.568365
vt 0.536102 0.572335
vt 0.537035 0.591302
vt 0.552836 0.601478
vt 0.538183 0.597434
vt 0.562155 0.511136
vt 0.569132 0.567907
vt 0.559262 0.567575
vt 0.578978 0.512275
vt 0.583593 0.569220
vt 0.575343 0.568276
vt 0.596171 0.514555
vt 0.603823 0.580240
vt 0.590274 0.571676
vt 0.620995 0.514458
vt 0.611767 0.554347
vt 0.613150 0.515518
vt 0.553759 0.493270
vt 0.555399 0.491854
vt 0.555448 0.493205
vt 0.621878 0.449773
vt 0.622590 0.475974
vt 0.615404 0.473716
vt 0.561567 0.617189
vt 0.576147 0.656433
vt 0.560967 0.656566
vt 0.720465 0.577988
vt 0.737488 0.681774
vt 0.723010 0.684432
vt 0.618217 0.655902
vt 0.607096 0.655223
vt 0.609131 0.620417
vt 0.552996 0.616781
vt 0.537826 0.656142
vt 0.539310 0.613367
vt 0.837175 0.475085
vt 0.826245 0.463874
vt 0.840567 0.435248
vt 0.770447 0.670190
vt 0.768373 0.504635
vt 0.785682 0.660624
vt 0.769107 0.442446
vt 0.787797 0.478291
vt 0.773611 0.488777
vt 0.819587 0.377835
vt 0.828242 0.360550
vt 0.837440 0.395297
vt 0.856925 0.473704
vt 0.844802 0.477482
vt 0.848189 0.437703
vt 0.820800 0.452925
vt 0.815241 0.431023
vt 0.835118 0.424307
vt 0.814083 0.415756
vt 0.816021 0.391541
vt 0.833923 0.409051
vt 0.872469 0.449355
vt 0.863792 0.466629
vt 0.855078 0.430721
vt 0.877891 0.411431
vt 0.875945 0.435550
vt 0.858602 0.416967
vt 0.835153 0.353646
vt 0.847214 0.349858
vt 0.844327 0.388304
vt 0.871145 0.374420
vt 0.876662 0.396175
vt 0.857408 0.401701
vt 0.854838 0.352361
vt 0.865689 0.363477
vt 0.851955 0.390751
vt 0.795689 0.654728
vt 0.798991 0.606100
vt 0.807375 0.645249
vt 0.621411 0.629900
vt 0.611660 0.591818
vt 0.623434 0.540926
vt 0.631099 0.494836
vt 0.629423 0.493775
vt 0.630799 0.492986
vt 0.631851 0.509531
vt 0.643891 0.654314
vt 0.628994 0.654740
vt 0.561856 0.487264
vt 0.573030 0.493883
vt 0.562262 0.493228
vt 0.642803 0.438864
vt 0.628636 0.478789
vt 0.627683 0.436075
vt 0.730548 0.456413
vt 0.762438 0.674380
vt 0.746895 0.680243
vt 0.627763 0.301949
vt 0.643840 0.324886
vt 0.625745 0.322526
vt 0.601604 0.426331
vt 0.609057 0.472209
vt 0.598442 0.469506
vt 0.808596 0.219804
vt 0.795256 0.296242
vt 0.791967 0.216535
vt 0.545435 0.203777
vt 0.533916 0.300555
vt 0.525813 0.213398
vt 0.552124 0.201157
vt 0.573821 0.281879
vt 0.557388 0.286790
vt 0.598964 0.282897
vt 0.577164 0.194648
vt 0.599059 0.191969
vt 0.712738 0.207810
vt 0.731886 0.303424
vt 0.713002 0.303263
vt 0.606039 0.191824
vt 0.622779 0.287410
vt 0.604383 0.283624
vt 0.650563 0.200009
vt 0.628524 0.288998
vt 0.631983 0.194303
vt 0.741528 0.210820
vt 0.753994 0.298665
vt 0.738106 0.302741
vt 0.763223 0.238393
vt 0.770837 0.296592
vt 0.759998 0.297621
vt 0.776747 0.402172
vt 0.788802 0.339680
vt 0.786547 0.402313
vt 0.555968 0.407748
vt 0.545444 0.340553
vt 0.555608 0.340572
vt 0.545753 0.419399
vt 0.544692 0.419317
vt 0.545680 0.418564
vt 0.574602 0.341799
vt 0.562711 0.408221
vt 0.562561 0.340964
vt 0.581816 0.423577
vt 0.592664 0.469180
vt 0.580723 0.470832
vt 0.620622 0.420755
vt 0.625036 0.422488
vt 0.620652 0.422979
vt 0.642449 0.338030
vt 0.627105 0.408688
vt 0.625334 0.335668
vt 0.709140 0.345607
vt 0.704397 0.425308
vt 0.694758 0.353827
vt 0.760953 0.337208
vt 0.770984 0.401982
vt 0.760162 0.401459
vt 0.731411 0.341331
vt 0.723908 0.412728
vt 0.716071 0.343243
vt 0.731446 0.317226
vt 0.714723 0.329689
vt 0.713721 0.317169
vt 0.737933 0.316210
vt 0.753883 0.325027
vt 0.738006 0.326976
vt 0.789160 0.327326
vt 0.777898 0.308783
vt 0.789441 0.307776
vt 0.784935 0.215613
vt 0.776921 0.296101
vt 0.766690 0.213264
vt 0.799335 0.502670
vt 0.797343 0.562616
vt 0.778664 0.507838
vt 0.765151 0.476913
vt 0.749776 0.449179
vt 0.761855 0.445316
vt 0.792090 0.181008
vt 0.796083 0.171111
vt 0.790605 0.170101
vt 0.789852 0.178517
vt 0.791501 0.156968
vt 0.793340 0.170841
vt 0.793799 0.157523
vt 0.762435 0.152707
vt 0.764480 0.165794
vt 0.761701 0.165250
vt 0.764731 0.153345
vt 0.763967 0.175281
vt 0.766958 0.165949
vt 0.511995 0.171336
vt 0.514021 0.168198
vt 0.821901 0.176121
vt 0.821747 0.186310
vt 0.819598 0.184096
vt 0.822946 0.162415
vt 0.825171 0.175477
vt 0.511575 0.169277
vt 0.511149 0.155434
vt 0.542521 0.155894
vt 0.542069 0.142626
vt 0.543944 0.166265
vt 0.545171 0.154613
vt 0.541113 0.165044
vt 0.539644 0.143423
vt 0.539762 0.156836
vt 0.568351 0.145766
vt 0.571441 0.155728
vt 0.570846 0.145152
vt 0.570663 0.132933
vt 0.573514 0.144402
vt 0.599962 0.151566
vt 0.602373 0.140588
vt 0.599266 0.140711
vt 0.599219 0.129394
vt 0.597033 0.140621
vt 0.628404 0.154954
vt 0.631829 0.144088
vt 0.628387 0.143469
vt 0.628512 0.132560
vt 0.626149 0.142725
vt 0.675704 0.172405
vt 0.675893 0.160278
vt 0.659999 0.153281
vt 0.658172 0.165783
vt 0.660212 0.142696
vt 0.657731 0.152541
vt 0.672701 0.160209
vt 0.672083 0.149253
vt 0.705653 0.161356
vt 0.706691 0.173896
vt 0.705454 0.149936
vt 0.702812 0.160859
vt 0.702841 0.148989
vt 0.708391 0.161086
vt 0.736430 0.174000
vt 0.738480 0.162979
vt 0.735845 0.163150
vt 0.735763 0.151263
vt 0.733169 0.162561
vt 0.733364 0.150456
vt 0.738088 0.150541
vt 0.651465 0.201824
vt 0.653794 0.194426
vt 0.653874 0.202314
vt 0.655073 0.186981
vt 0.651369 0.193693
vt 0.652829 0.184619
vt 0.684049 0.200431
vt 0.681868 0.193106
vt 0.684014 0.208932
vt 0.685954 0.200430
vt 0.628626 0.194318
vt 0.630628 0.187422
vt 0.626106 0.194500
vt 0.628824 0.187021
vt 0.628769 0.179824
vt 0.626156 0.186733
vt 0.626208 0.177918
vt 0.708939 0.200578
vt 0.708289 0.192519
vt 0.709037 0.208747
vt 0.711078 0.200650
vt 0.706452 0.200416
vt 0.706438 0.209133
vt 0.705439 0.190129
vt 0.738033 0.203877
vt 0.737708 0.196808
vt 0.737838 0.212048
vt 0.740043 0.203882
vt 0.735195 0.203347
vt 0.735122 0.211949
vt 0.734962 0.194520
vt 0.762416 0.200129
vt 0.759433 0.205978
vt 0.759901 0.198088
vt 0.762115 0.207495
vt 0.765273 0.206681
vt 0.761111 0.223182
vt 0.764291 0.223522
vt 0.758939 0.214083
vt 0.789111 0.203663
vt 0.786444 0.209436
vt 0.788377 0.209910
vt 0.788667 0.217198
vt 0.790851 0.210184
vt 0.813796 0.208671
vt 0.809960 0.213987
vt 0.524457 0.207540
vt 0.520381 0.202796
vt 0.522722 0.216488
vt 0.811777 0.214349
vt 0.811994 0.221850
vt 0.548242 0.196167
vt 0.547349 0.189876
vt 0.548746 0.203268
vt 0.550458 0.195363
vt 0.546228 0.196955
vt 0.573093 0.182523
vt 0.571242 0.189595
vt 0.570439 0.181119
vt 0.573494 0.189135
vt 0.573717 0.195936
vt 0.575705 0.188696
vt 0.576223 0.196102
vt 0.602085 0.178770
vt 0.599998 0.185675
vt 0.599438 0.177381
vt 0.602563 0.185476
vt 0.602530 0.192398
vt 0.604516 0.185464
vt 0.759439 0.330954
vt 0.757347 0.325212
vt 0.757516 0.331178
vt 0.755060 0.331347
vt 0.757515 0.338007
vt 0.755031 0.339011
vt 0.775476 0.330547
vt 0.775311 0.323452
vt 0.775346 0.338156
vt 0.777775 0.330972
vt 0.772712 0.330553
vt 0.772913 0.338045
vt 0.772826 0.323178
vt 0.770691 0.408169
vt 0.771711 0.414635
vt 0.773388 0.408266
vt 0.775603 0.408321
vt 0.773815 0.400375
vt 0.775966 0.400796
vt 0.759118 0.414494
vt 0.760631 0.407744
vt 0.757668 0.407584
vt 0.757378 0.399409
vt 0.755563 0.408018
vt 0.542094 0.334221
vt 0.540309 0.329816
vt 0.542068 0.342287
vt 0.543914 0.334198
vt 0.806382 0.337893
vt 0.808385 0.346090
vt 0.809839 0.333829
vt 0.807831 0.331512
vt 0.542408 0.419674
vt 0.544711 0.413399
vt 0.801771 0.411826
vt 0.802666 0.418840
vt 0.800697 0.416864
vt 0.804294 0.411559
vt 0.544247 0.405496
vt 0.542195 0.413204
vt 0.541865 0.405261
vt 0.789194 0.408610
vt 0.791600 0.409135
vt 0.786813 0.408480
vt 0.788445 0.414916
vt 0.786243 0.413782
vt 0.789584 0.400941
vt 0.791804 0.401567
vt 0.792434 0.334441
vt 0.792485 0.329129
vt 0.792165 0.341438
vt 0.794191 0.334726
vt 0.790037 0.333731
vt 0.556677 0.334035
vt 0.558989 0.342394
vt 0.558492 0.329127
vt 0.555907 0.327994
vt 0.558946 0.334241
vt 0.561303 0.334149
vt 0.559214 0.423024
vt 0.561707 0.414824
vt 0.556933 0.424278
vt 0.558851 0.414765
vt 0.552138 0.413977
vt 0.552205 0.419960
vt 0.559284 0.406580
vt 0.575926 0.335038
vt 0.578191 0.343212
vt 0.577995 0.330156
vt 0.580487 0.334772
vt 0.578535 0.408253
vt 0.576240 0.416575
vt 0.576082 0.408098
vt 0.581040 0.408541
vt 0.578570 0.416791
vt 0.578493 0.423574
vt 0.580889 0.417066
vt 0.602429 0.331087
vt 0.600302 0.326456
vt 0.600128 0.331657
vt 0.597840 0.331798
vt 0.599990 0.339814
vt 0.598813 0.409746
vt 0.596175 0.418447
vt 0.599621 0.418769
vt 0.612009 0.423912
vt 0.611810 0.417200
vt 0.598246 0.425349
vt 0.595856 0.425909
vt 0.619717 0.328693
vt 0.621956 0.336875
vt 0.622283 0.323188
vt 0.621775 0.328722
vt 0.624210 0.328760
vt 0.623959 0.415975
vt 0.623780 0.407208
vt 0.624114 0.423749
vt 0.626590 0.415505
vt 0.621042 0.416166
vt 0.621327 0.407717
vt 0.647200 0.325579
vt 0.643756 0.331501
vt 0.645087 0.323601
vt 0.690525 0.348746
vt 0.688902 0.342215
vt 0.691546 0.356636
vt 0.692758 0.347495
vt 0.645653 0.331767
vt 0.645905 0.339200
vt 0.705284 0.439723
vt 0.704972 0.432485
vt 0.648064 0.412770
vt 0.647843 0.419436
vt 0.648110 0.404213
vt 0.645585 0.413085
vt 0.645742 0.404834
vt 0.702683 0.434062
vt 0.701104 0.425296
vt 0.705091 0.332871
vt 0.703835 0.341293
vt 0.711212 0.336884
vt 0.714193 0.336608
vt 0.711126 0.328997
vt 0.712644 0.345055
vt 0.719168 0.422705
vt 0.722968 0.427661
vt 0.718719 0.414018
vt 0.721860 0.420859
vt 0.720848 0.412184
vt 0.724026 0.419727
vt 0.734557 0.334081
vt 0.737126 0.333779
vt 0.732463 0.334383
vt 0.734979 0.341078
vt 0.734634 0.325779
vt 0.737251 0.412913
vt 0.740143 0.418737
vt 0.737896 0.418332
vt 0.737114 0.404602
vt 0.739667 0.411670
vt 0.739121 0.403012
vt 0.741913 0.411144
vt 0.711218 0.450739
vt 0.709612 0.447758
vt 0.711707 0.459718
vt 0.713203 0.450414
vt 0.714298 0.458604
vt 0.646549 0.433000
vt 0.645978 0.441355
vt 0.647021 0.429353
vt 0.644147 0.432537
vt 0.644751 0.427633
vt 0.624518 0.441035
vt 0.626402 0.429120
vt 0.621314 0.439297
vt 0.620870 0.427392
vt 0.619512 0.434525
vt 0.624067 0.429275
vt 0.624116 0.423928
vt 0.726185 0.448516
vt 0.725552 0.444270
vt 0.726709 0.455763
vt 0.728353 0.447779
vt 0.723786 0.448683
vt 0.722809 0.443566
vt 0.742138 0.445398
vt 0.741518 0.440673
vt 0.747989 0.455841
vt 0.746429 0.443122
vt 0.746084 0.459848
vt 0.739929 0.452952
vt 0.742992 0.455914
vt 0.739414 0.445169
vt 0.768418 0.435868
vt 0.766980 0.430354
vt 0.764956 0.437122
vt 0.761931 0.438164
vt 0.765750 0.445196
vt 0.763583 0.431983
vt 0.761200 0.433452
vt 0.799061 0.426336
vt 0.801703 0.431654
vt 0.799491 0.433263
vt 0.801046 0.425401
vt 0.545175 0.425319
vt 0.542673 0.422704
vt 0.542995 0.427727
vt 0.786732 0.429031
vt 0.784699 0.429631
vt 0.789101 0.428377
vt 0.787211 0.424653
vt 0.787268 0.435521
vt 0.784847 0.437128
vt 0.771760 0.498178
vt 0.773312 0.515923
vt 0.769818 0.484207
vt 0.767707 0.491412
vt 0.779710 0.496104
vt 0.778440 0.492124
vt 0.777902 0.518002
vt 0.537087 0.499741
vt 0.537318 0.493858
vt 0.545630 0.500197
vt 0.545619 0.492376
vt 0.536138 0.500561
vt 0.799726 0.492164
vt 0.801662 0.497793
vt 0.796928 0.488733
vt 0.795911 0.492915
vt 0.800262 0.491002
vt 0.818490 0.560770
vt 0.822228 0.566031
vt 0.817610 0.553820
vt 0.821946 0.556776
vt 0.534793 0.583877
vt 0.532570 0.576498
vt 0.532544 0.586664
vt 0.797732 0.576299
vt 0.796130 0.587695
vt 0.795721 0.572060
vt 0.807179 0.576440
vt 0.805361 0.569903
vt 0.799781 0.589023
vt 0.558987 0.495464
vt 0.557016 0.499760
vt 0.561272 0.499803
vt 0.558837 0.506631
vt 0.556405 0.507064
vt 0.552560 0.579519
vt 0.556114 0.587143
vt 0.553211 0.585462
vt 0.555743 0.579031
vt 0.556028 0.571321
vt 0.558473 0.578817
vt 0.575647 0.507760
vt 0.578489 0.500938
vt 0.573922 0.500536
vt 0.573122 0.507701
vt 0.576046 0.500885
vt 0.576353 0.496692
vt 0.573476 0.579363
vt 0.571978 0.571836
vt 0.571209 0.579214
vt 0.567920 0.579055
vt 0.568539 0.585575
vt 0.595959 0.502804
vt 0.593926 0.498274
vt 0.593674 0.502868
vt 0.591362 0.502409
vt 0.592977 0.509638
vt 0.590382 0.509522
vt 0.585568 0.581077
vt 0.582788 0.580419
vt 0.586376 0.573520
vt 0.588852 0.582858
vt 0.584091 0.589028
vt 0.610073 0.503773
vt 0.610170 0.498906
vt 0.609799 0.511451
vt 0.612271 0.503306
vt 0.607806 0.503474
vt 0.607235 0.511298
vt 0.607827 0.497522
vt 0.609992 0.581024
vt 0.607480 0.576579
vt 0.606640 0.594592
vt 0.606104 0.607172
vt 0.609268 0.604175
vt 0.603230 0.602621
vt 0.601370 0.591082
vt 0.599734 0.597928
vt 0.627597 0.495671
vt 0.624385 0.501668
vt 0.630127 0.500170
vt 0.628127 0.502647
vt 0.623660 0.521945
vt 0.628065 0.519322
vt 0.535434 0.604348
vt 0.534654 0.599574
vt 0.535282 0.609129
vt 0.538134 0.605009
vt 0.822000 0.577425
vt 0.823004 0.581757
vt 0.822093 0.572764
vt 0.819412 0.577253
vt 0.557393 0.609416
vt 0.554583 0.609033
vt 0.556905 0.603363
vt 0.562405 0.608999
vt 0.560795 0.602053
vt 0.564070 0.603476
vt 0.557177 0.614442
vt 0.584273 0.605017
vt 0.581622 0.602322
vt 0.580900 0.606681
vt 0.578568 0.606892
vt 0.580767 0.611856
vt 0.577521 0.612559
vt 0.791887 0.481602
vt 0.794927 0.486279
vt 0.790710 0.474140
vt 0.789583 0.483393
vt 0.796003 0.479957
vt 0.539342 0.482353
vt 0.541870 0.479915
vt 0.802947 0.476927
vt 0.804316 0.482224
vt 0.807467 0.472994
vt 0.540288 0.471807
vt 0.552071 0.480752
vt 0.551823 0.487021
vt 0.558004 0.481755
vt 0.560856 0.480836
vt 0.558585 0.472726
vt 0.558793 0.490055
vt 0.577665 0.477714
vt 0.579975 0.477374
vt 0.574814 0.478247
vt 0.577218 0.485239
vt 0.574845 0.484284
vt 0.575747 0.470390
vt 0.577900 0.469059
vt 0.592771 0.475495
vt 0.594737 0.482784
vt 0.592603 0.481362
vt 0.595158 0.475238
vt 0.597648 0.475789
vt 0.595655 0.466838
vt 0.612727 0.486219
vt 0.610897 0.479175
vt 0.614270 0.480252
vt 0.608925 0.478669
vt 0.610405 0.486829
vt 0.612769 0.470901
vt 0.625895 0.484276
vt 0.627108 0.492651
vt 0.625448 0.475284
vt 0.623661 0.483203
vt 0.629285 0.486121
vt 0.715442 0.543627
vt 0.718388 0.538198
vt 0.639185 0.502620
vt 0.639972 0.494527
vt 0.642391 0.519761
vt 0.635068 0.489784
vt 0.634122 0.497880
vt 0.639871 0.484466
vt 0.641329 0.493749
vt 0.715284 0.519275
vt 0.714503 0.511037
vt 0.557251 0.664663
vt 0.556837 0.659148
vt 0.822661 0.460121
vt 0.818375 0.459226
vt 0.822967 0.468580
vt 0.553884 0.659336
vt 0.556805 0.663352
vt 0.553338 0.664574
vt 0.830652 0.628796
vt 0.834236 0.630219
vt 0.831220 0.634275
vt 0.533961 0.664039
vt 0.533716 0.658428
vt 0.840782 0.478703
vt 0.837058 0.483035
vt 0.843557 0.485136
vt 0.580625 0.664359
vt 0.580230 0.658462
vt 0.813458 0.423796
vt 0.810266 0.418032
vt 0.811207 0.430992
vt 0.580178 0.662991
vt 0.576737 0.664422
vt 0.602913 0.661742
vt 0.599634 0.663486
vt 0.606410 0.663559
vt 0.603226 0.656394
vt 0.814285 0.381246
vt 0.815916 0.375026
vt 0.812785 0.386571
vt 0.816705 0.383613
vt 0.648208 0.662170
vt 0.644756 0.663961
vt 0.719499 0.695216
vt 0.718876 0.687225
vt 0.851211 0.348649
vt 0.854840 0.344307
vt 0.848415 0.342220
vt 0.624761 0.664680
vt 0.625155 0.647354
vt 0.831119 0.354917
vt 0.832839 0.347112
vt 0.828847 0.349202
vt 0.623917 0.661383
vt 0.620515 0.664421
vt 0.620730 0.648936
vt 0.742407 0.684633
vt 0.739260 0.691588
vt 0.740909 0.655474
vt 0.739561 0.667279
vt 0.743442 0.690817
vt 0.869302 0.367190
vt 0.873521 0.367936
vt 0.868527 0.358329
vt 0.878515 0.403447
vt 0.881711 0.409103
vt 0.880689 0.396203
vt 0.767310 0.679923
vt 0.763837 0.683111
vt 0.767894 0.681490
vt 0.766642 0.673764
vt 0.846395 0.412694
vt 0.838467 0.404899
vt 0.842315 0.397213
vt 0.847692 0.395524
vt 0.852536 0.400488
vt 0.854998 0.410197
vt 0.854131 0.420942
vt 0.844904 0.430288
vt 0.850276 0.428616
vt 0.840069 0.425327
vt 0.837609 0.415635
vt 0.813098 0.649517
vt 0.811526 0.643865
vt 0.860899 0.472391
vt 0.859296 0.480232
vt 0.865070 0.474208
vt 0.812515 0.648480
vt 0.809336 0.652577
vt 0.791585 0.666976
vt 0.791894 0.650073
vt 0.878024 0.446544
vt 0.875622 0.453202
vt 0.879162 0.440698
vt 0.875303 0.443627
vt 0.790168 0.663080
vt 0.787333 0.669731
vt 0.787971 0.643902
vt 0.792520 0.311171
vt 0.795383 0.302471
vt 0.792522 0.301642
vt 0.792185 0.293489
vt 0.789687 0.301431
vt 0.789767 0.293548
vt 0.774558 0.302627
vt 0.774879 0.309933
vt 0.773606 0.294725
vt 0.771833 0.302959
vt 0.776621 0.302527
vt 0.777237 0.309660
vt 0.814311 0.310990
vt 0.813029 0.318535
vt 0.814340 0.302906
vt 0.811835 0.309875
vt 0.811958 0.302229
vt 0.531807 0.308486
vt 0.530870 0.300095
vt 0.534510 0.315505
vt 0.534085 0.307047
vt 0.555103 0.293947
vt 0.557277 0.293084
vt 0.552227 0.295584
vt 0.555914 0.301665
vt 0.552384 0.287406
vt 0.554609 0.285835
vt 0.574695 0.294235
vt 0.576661 0.287388
vt 0.576934 0.295640
vt 0.574318 0.280297
vt 0.574164 0.287948
vt 0.576417 0.279264
vt 0.579067 0.287389
vt 0.625293 0.294490
vt 0.625583 0.285982
vt 0.624363 0.303317
vt 0.628169 0.295349
vt 0.622920 0.293799
vt 0.622319 0.300863
vt 0.601286 0.297900
vt 0.604151 0.289850
vt 0.599167 0.295710
vt 0.601581 0.289457
vt 0.599183 0.289105
vt 0.601663 0.281041
vt 0.649993 0.303340
vt 0.649694 0.315601
vt 0.652642 0.295544
vt 0.685249 0.318984
vt 0.683602 0.310116
vt 0.692180 0.324902
vt 0.693342 0.316106
vt 0.684366 0.322989
vt 0.707008 0.311245
vt 0.710647 0.321742
vt 0.709945 0.310622
vt 0.709812 0.301431
vt 0.712845 0.310237
vt 0.732097 0.310345
vt 0.734708 0.320598
vt 0.732066 0.319929
vt 0.734819 0.310453
vt 0.737247 0.309706
vt 0.735123 0.301495
vt 0.756769 0.304672
vt 0.754057 0.305115
vt 0.759630 0.304117
vt 0.757146 0.295987
vt 0.757009 0.314526
vt 0.754430 0.313142
vt 0.943620 0.191326
vt 0.944894 0.198375
vt 0.944905 0.184559
vt 0.946927 0.191244
vt 0.949715 0.191306
vt 0.947198 0.184022
vt 0.924496 0.190580
vt 0.923346 0.169105
vt 0.926207 0.199694
vt 0.927792 0.192121
vt 0.921757 0.193387
vt 0.920002 0.169293
vt 0.870520 0.690486
vt 0.869694 0.682376
vt 0.863689 0.681928
vt 0.980303 0.193149
vt 0.981644 0.201642
vt 0.979208 0.199402
vt 0.982803 0.186309
vt 0.979926 0.186319
vt 0.864655 0.680773
vt 0.864487 0.673835
vt 0.965447 0.192468
vt 0.962331 0.192154
vt 0.964913 0.185387
vt 0.968282 0.192517
vt 0.963820 0.199794
vt 0.961223 0.198384
vt 0.877891 0.685032
vt 0.880890 0.685377
vt 0.874184 0.683804
vt 0.876978 0.692444
vt 0.878218 0.677501
vt 0.892488 0.686925
vt 0.896432 0.693700
vt 0.888543 0.686262
vt 0.889771 0.693510
vt 0.890118 0.679733
vt 0.892684 0.679406
vt 0.897077 0.685029
vt 0.899256 0.690650
vt 0.955152 0.596271
vt 0.950904 0.603803
vt 0.953368 0.580215
vt 0.951335 0.586990
vt 0.961998 0.599383
vt 0.959403 0.592018
vt 0.958621 0.608709
vt 0.953309 0.611305
vt 0.888183 0.698188
vt 0.892008 0.698586
vt 0.885847 0.698235
vt 0.887911 0.704067
vt 0.884788 0.704907
vt 0.886616 0.692313
vt 0.889778 0.693492
vt 0.875931 0.698876
vt 0.872521 0.693473
vt 0.879442 0.698526
vt 0.876741 0.693968
vt 0.876225 0.706014
vt 0.873441 0.707591
vt 0.871976 0.701231
vt 0.973401 0.579755
vt 0.971025 0.574016
vt 0.976557 0.585730
vt 0.977553 0.578105
vt 0.970257 0.582196
vt 0.847219 0.133005
vt 0.847770 0.123971
vt 0.993077 0.572767
vt 0.993241 0.580815
vt 0.991671 0.566069
vt 0.990305 0.573720
vt 0.989084 0.567555
vt 0.844848 0.124809
vt 0.844568 0.116854
vt 0.863024 0.119599
vt 0.866113 0.127063
vt 0.865292 0.112137
vt 0.867511 0.118421
vt 0.870097 0.117576
vt 0.868072 0.110668
vt 0.891976 0.111668
vt 0.889132 0.112159
vt 0.891917 0.103923
vt 0.893004 0.120382
vt 0.895850 0.111610
vt 0.889904 0.117742
vt 0.907595 0.112613
vt 0.904522 0.111975
vt 0.908321 0.106834
vt 0.907123 0.124195
vt 0.908995 0.117212
vt 0.904272 0.121476
vt 0.992639 0.614251
vt 0.990187 0.624005
vt 0.987256 0.604433
vt 0.985952 0.611006
vt 0.992969 0.613563
vt 0.858303 0.166511
vt 0.854523 0.155084
vt 0.863037 0.163467
vt 0.860134 0.157261
vt 0.858391 0.179546
vt 0.862072 0.175479
vt 0.895994 0.142821
vt 0.898104 0.137301
vt 0.893019 0.155751
vt 0.897271 0.151093
vt 0.891000 0.145486
vt 0.895386 0.136476
vt 0.903070 0.200442
vt 0.902195 0.193218
vt 0.904467 0.208533
vt 0.905696 0.199180
vt 0.900263 0.201913
vt 0.879189 0.215100
vt 0.884001 0.212364
vt 0.881466 0.222639
vt 0.875470 0.207361
vt 0.875825 0.220025
vt 0.881757 0.203640
vt 0.975831 0.669340
vt 0.967220 0.670820
vt 0.976510 0.671307
vt 0.973742 0.661980
vt 0.862160 0.239361
vt 0.858738 0.230990
vt 0.860052 0.246477
vt 0.974685 0.672600
vt 0.972615 0.680632
vt 0.965082 0.678496
vt 0.941144 0.693587
vt 0.939670 0.709923
vt 0.930808 0.688760
vt 0.928259 0.696701
vt 0.942482 0.687623
vt 0.952092 0.692863
vt 0.952490 0.686226
vt 0.942885 0.707892
vt 0.870702 0.272505
vt 0.872388 0.264076
vt 0.965650 0.692461
vt 0.968227 0.698542
vt 0.968782 0.689744
vt 0.868460 0.262931
vt 0.892874 0.259002
vt 0.894780 0.250430
vt 0.891899 0.251893
vt 0.890251 0.247062
vt 0.888849 0.253622
vt 0.887080 0.248475
vt 0.910630 0.245159
vt 0.913189 0.242591
vt 0.910242 0.265783
vt 0.913212 0.263962
vt 0.909851 0.239394
vt 0.907151 0.245051
vt 0.906396 0.238684
vt 0.929137 0.236667
vt 0.933361 0.242358
vt 0.931430 0.228423
vt 0.928534 0.230862
vt 0.935044 0.228212
vt 0.937852 0.234130
vt 0.932790 0.235133
vt 0.956443 0.230507
vt 0.957123 0.240943
vt 0.957204 0.225017
vt 0.953942 0.230339
vt 0.962171 0.240041
vt 0.961823 0.228472
vt 0.860967 0.709564
vt 0.865042 0.705611
vt 0.974499 0.225464
vt 0.978174 0.230870
vt 0.977474 0.222609
vt 0.861644 0.700858
vt 0.912013 0.679760
vt 0.911323 0.669231
vt 0.917238 0.667819
vt 0.922980 0.685409
vt 0.923592 0.676298
vt 0.912679 0.690523
vt 0.908366 0.681016
vt 0.946640 0.669697
vt 0.942924 0.670469
vt 0.949841 0.669506
vt 0.947599 0.662658
vt 0.944891 0.677536
vt 0.914558 0.703080
vt 0.917012 0.699766
vt 0.915433 0.740898
vt 0.918302 0.728201
vt 0.911954 0.718026
vt 0.913658 0.695755
vt 0.910345 0.700162
vt 0.896402 0.705524
vt 0.899637 0.700650
vt 0.898955 0.716758
vt 0.896479 0.693781
vt 0.893654 0.698770
vt 0.902197 0.699618
vt 0.901981 0.718271
vt 0.878054 0.760927
vt 0.877623 0.753773
vt 0.880441 0.766483
vt 0.880757 0.758704
vt 0.875623 0.763351
vt 0.866906 0.772637
vt 0.872084 0.775371
vt 0.985600 0.293815
vt 0.988989 0.297527
vt 0.987911 0.281998
vt 0.985253 0.267908
vt 0.982150 0.272607
vt 0.865404 0.756691
vt 0.870775 0.768515
vt 0.887123 0.754035
vt 0.884258 0.755959
vt 0.889912 0.753861
vt 0.887210 0.746818
vt 0.887578 0.761959
vt 0.902492 0.764197
vt 0.903383 0.755373
vt 0.897488 0.754724
vt 0.894013 0.754048
vt 0.894899 0.762430
vt 0.897517 0.746961
vt 0.893001 0.782197
vt 0.891982 0.773003
vt 0.888765 0.783383
vt 0.885988 0.789606
vt 0.888938 0.789269
vt 0.883553 0.773031
vt 0.883516 0.781408
vt 0.888079 0.770536
vt 0.906501 0.755212
vt 0.908623 0.740728
vt 0.907405 0.767186
vt 0.910638 0.761522
vt 0.904084 0.755506
vt 0.904487 0.739682
vt 0.915595 0.769001
vt 0.911351 0.762458
vt 0.915902 0.762067
vt 0.914766 0.780431
vt 0.917762 0.774372
vt 0.909484 0.773647
vt 0.907819 0.774157
vt 0.903875 0.776805
vt 0.907033 0.763069
vt 0.903689 0.766448
vt 0.908273 0.780680
vt 0.910280 0.773038
vt 0.905444 0.782964
vt 0.943515 0.402257
vt 0.943683 0.397836
vt 0.944317 0.409132
vt 0.947063 0.401573
vt 0.940980 0.402242
vt 0.967625 0.395330
vt 0.964862 0.399688
vt 0.970253 0.398994
vt 0.967866 0.406174
vt 0.698787 0.557723
vt 0.696193 0.552836
vt 0.973343 0.458526
vt 0.970582 0.467460
vt 0.970372 0.459845
vt 0.974590 0.466499
vt 0.695401 0.560741
vt 0.706558 0.522893
vt 0.708347 0.529973
vt 0.710168 0.523529
vt 0.951510 0.463488
vt 0.948783 0.472049
vt 0.948517 0.464430
vt 0.952922 0.471374
vt 0.986837 0.396582
vt 0.990212 0.402453
vt 0.990305 0.391750
vt 0.987467 0.390450
vt 0.880381 0.868960
vt 0.876712 0.867796
vt 0.878521 0.876252
vt 0.990699 0.452558
vt 0.993990 0.456175
vt 0.990870 0.459938
vt 0.882847 0.927496
vt 0.879155 0.922019
vt 0.680433 0.564218
vt 0.677142 0.569640
vt 0.683681 0.569346
vt 0.894595 0.853767
vt 0.893169 0.860412
vt 0.891811 0.855518
vt 0.896259 0.858385
vt 0.902201 0.856230
vt 0.899484 0.850578
vt 0.896359 0.865309
vt 0.893513 0.867346
vt 0.664433 0.563087
vt 0.663493 0.555079
vt 0.898385 0.915624
vt 0.895485 0.919753
vt 0.901999 0.915317
vt 0.898163 0.910122
vt 0.662113 0.559385
vt 0.659128 0.555283
vt 0.916323 0.856894
vt 0.918083 0.849932
vt 0.912912 0.852319
vt 0.913186 0.859281
vt 0.915254 0.847262
vt 0.919970 0.902919
vt 0.916562 0.896557
vt 0.650719 0.528564
vt 0.649439 0.521731
vt 0.651383 0.534193
vt 0.653056 0.526944
vt 0.916596 0.902222
vt 0.913877 0.906540
vt 0.928758 0.843072
vt 0.932085 0.847831
vt 0.929016 0.850290
vt 0.928599 0.836648
vt 0.931874 0.841261
vt 0.934372 0.840078
vt 0.931583 0.836367
vt 0.933397 0.894390
vt 0.930587 0.897858
vt 0.936786 0.895848
vt 0.933242 0.888913
vt 0.649913 0.491894
vt 0.650713 0.485268
vt 0.648926 0.497683
vt 0.652331 0.493415
vt 0.949999 0.834069
vt 0.947323 0.834963
vt 0.952734 0.832857
vt 0.950537 0.829600
vt 0.950214 0.840394
vt 0.947124 0.842172
vt 0.660251 0.459955
vt 0.662821 0.455754
vt 0.657736 0.463683
vt 0.661767 0.464180
vt 0.952034 0.890975
vt 0.948935 0.893501
vt 0.955501 0.892299
vt 0.951838 0.885523
vt 0.965494 0.827964
vt 0.968359 0.833791
vt 0.965342 0.834962
vt 0.968116 0.826713
vt 0.892437 0.414486
vt 0.888667 0.411494
vt 0.889435 0.417532
vt 0.677788 0.447306
vt 0.681080 0.446826
vt 0.674703 0.447354
vt 0.677810 0.452405
vt 0.971042 0.887854
vt 0.967916 0.890145
vt 0.894243 0.484399
vt 0.890521 0.477880
vt 0.907247 0.407551
vt 0.903569 0.403598
vt 0.902868 0.408606
vt 0.900853 0.409487
vt 0.903515 0.415939
vt 0.900562 0.417447
vt 0.693127 0.452831
vt 0.694438 0.460598
vt 0.910745 0.476614
vt 0.907309 0.479596
vt 0.911197 0.478216
vt 0.910055 0.470828
vt 0.698464 0.459204
vt 0.926220 0.411136
vt 0.929260 0.403605
vt 0.923369 0.404463
vt 0.925756 0.404259
vt 0.925961 0.399641
vt 0.929245 0.397723
vt 0.705555 0.486881
vt 0.709168 0.490628
vt 0.706753 0.478817
vt 0.927605 0.467731
vt 0.931039 0.472822
vt 0.927603 0.475433
vt 0.931583 0.474762
vt 0.930564 0.466748
vt 0.677987 0.491937
vt 0.673105 0.495775
vt 0.683077 0.494601
vt 0.686232 0.502849
vt 0.678110 0.509519
vt 0.686283 0.513433
vt 0.678795 0.526424
vt 0.683541 0.522657
vt 0.673718 0.523167
vt 0.670123 0.504603
vt 0.670345 0.514953
vt 0.973841 0.352220
vt 0.969164 0.352795
vt 0.975242 0.367140
vt 0.970869 0.366590
vt 0.967322 0.368066
vt 0.969818 0.375862
vt 0.967112 0.374418
vt 0.967458 0.360832
vt 0.909793 0.826069
vt 0.914065 0.824587
vt 0.912356 0.836540
vt 0.904301 0.829732
vt 0.904684 0.838520
vt 0.912702 0.799445
vt 0.908922 0.801235
vt 0.889853 0.837481
vt 0.891544 0.844134
vt 0.886984 0.839342
vt 0.892967 0.835805
vt 0.889407 0.830046
vt 0.929908 0.813829
vt 0.925584 0.781866
vt 0.931852 0.798139
vt 0.933360 0.814441
vt 0.926816 0.818009
vt 0.930726 0.823451
vt 0.923609 0.793976
vt 0.867198 0.852552
vt 0.866455 0.844535
vt 0.869831 0.857978
vt 0.870385 0.850424
vt 0.993482 0.365435
vt 0.992441 0.374188
vt 0.993268 0.361848
vt 0.990809 0.365685
vt 0.942510 0.364645
vt 0.945504 0.371326
vt 0.942273 0.372047
vt 0.944968 0.363517
vt 0.945168 0.378348
vt 0.948398 0.370859
vt 0.949977 0.804843
vt 0.952905 0.811227
vt 0.949859 0.811434
vt 0.953696 0.802866
vt 0.956622 0.802114
vt 0.953206 0.795504
vt 0.884769 0.386458
vt 0.887175 0.383484
vt 0.973807 0.799542
vt 0.974991 0.806287
vt 0.972402 0.805331
vt 0.974258 0.792807
vt 0.977342 0.797887
vt 0.884461 0.384154
vt 0.883534 0.377012
vt 0.903698 0.379403
vt 0.906968 0.386248
vt 0.903324 0.386180
vt 0.904702 0.371538
vt 0.908211 0.376210
vt 0.908967 0.350236
vt 0.904986 0.351143
vt 0.911074 0.377837
vt 0.927327 0.375499
vt 0.923887 0.375968
vt 0.926587 0.367558
vt 0.929847 0.374909
vt 0.927073 0.383236
vt 0.924082 0.382379
vt 0.758977 0.853253
vt 0.761599 0.853714
vt 0.756105 0.853506
vt 0.758726 0.860952
vt 0.758220 0.847274
vt 0.760014 0.880066
vt 0.758188 0.872339
vt 0.761511 0.873663
vt 0.757817 0.878209
vt 0.754981 0.876699
vt 0.755997 0.883406
vt 0.739741 0.867051
vt 0.742379 0.876467
vt 0.744293 0.864976
vt 0.747264 0.867034
vt 0.743806 0.870738
vt 0.747287 0.872668
vt 0.744628 0.854936
vt 0.748049 0.854494
vt 0.740343 0.856529
vt 0.744499 0.861058
vt 0.743717 0.847919
vt 0.746923 0.848678
vt 0.753987 0.824124
vt 0.743359 0.827096
vt 0.757754 0.823643
vt 0.753954 0.816945
vt 0.755979 0.832246
vt 0.746510 0.832072
vt 0.738395 0.844769
vt 0.742915 0.842874
vt 0.741657 0.837121
vt 0.744836 0.833821
vt 0.738378 0.830650
vt 0.737162 0.828863
vt 0.735919 0.836976
vt 0.730607 0.822973
vt 0.726243 0.827734
vt 0.719362 0.820306
vt 0.743905 0.826925
vt 0.740690 0.819355
vt 0.739905 0.833290
vt 0.732042 0.859605
vt 0.732422 0.876528
vt 0.728870 0.859484
vt 0.739562 0.842168
vt 0.735443 0.839543
vt 0.738874 0.857066
vt 0.738270 0.865703
vt 0.736673 0.877275
vt 0.739220 0.886411
vt 0.740910 0.881548
vt 0.735997 0.890650
vt 0.741675 0.891419
vt 0.736837 0.877858
vt 0.615816 0.888996
vt 0.612121 0.894229
vt 0.615713 0.876568
vt 0.612205 0.881175
vt 0.616031 0.889462
vt 0.732742 0.884061
vt 0.729341 0.893071
vt 0.729311 0.885455
vt 0.736734 0.889821
vt 0.738524 0.897616
vt 0.604433 0.895929
vt 0.602636 0.905876
vt 0.606023 0.901664
vt 0.743381 0.894813
vt 0.739981 0.898641
vt 0.748076 0.894453
vt 0.748221 0.904438
vt 0.750237 0.908332
vt 0.750442 0.898430
vt 0.678954 0.617468
vt 0.674950 0.614439
vt 0.675613 0.619217
vt 0.673742 0.626921
vt 0.677626 0.629308
vt 0.683189 0.609948
vt 0.686577 0.615841
vt 0.682728 0.616554
vt 0.686507 0.610403
vt 0.685746 0.622869
vt 0.689331 0.617733
vt 0.682255 0.650606
vt 0.688022 0.652342
vt 0.678210 0.653506
vt 0.682420 0.659427
vt 0.684092 0.635412
vt 0.679428 0.638612
vt 0.688998 0.639547
vt 0.697525 0.624372
vt 0.699154 0.635958
vt 0.693789 0.631327
vt 0.692939 0.611227
vt 0.690084 0.618348
vt 0.700189 0.616557
vt 0.702675 0.628573
vt 0.683905 0.684382
vt 0.683175 0.672008
vt 0.686912 0.688345
vt 0.687956 0.677980
vt 0.689594 0.683781
vt 0.681152 0.688807
vt 0.679128 0.677579
vt 0.670017 0.645243
vt 0.664506 0.643382
vt 0.667180 0.658125
vt 0.670442 0.664020
vt 0.673140 0.656038
vt 0.664844 0.663771
vt 0.661222 0.648944
vt 0.679915 0.849143
vt 0.677317 0.855783
vt 0.676362 0.847176
vt 0.677219 0.863690
vt 0.680321 0.855999
vt 0.672602 0.597766
vt 0.676239 0.594253
vt 0.669210 0.601419
vt 0.673471 0.603938
vt 0.670587 0.607574
vt 0.676046 0.828153
vt 0.679760 0.822587
vt 0.660709 0.621551
vt 0.662367 0.614560
vt 0.657999 0.629927
vt 0.661983 0.628872
vt 0.676856 0.822266
vt 0.676268 0.810035
vt 0.666026 0.902613
vt 0.662966 0.904979
vt 0.692064 0.608783
vt 0.692749 0.596168
vt 0.686342 0.606078
vt 0.685773 0.591213
vt 0.682448 0.883604
vt 0.678397 0.876816
vt 0.616676 0.817667
vt 0.614621 0.809796
vt 0.603521 0.813536
vt 0.602205 0.826094
vt 0.607135 0.827783
vt 0.602202 0.807014
vt 0.599853 0.812634
vt 0.662676 0.834681
vt 0.664056 0.846709
vt 0.653309 0.830418
vt 0.653460 0.838706
vt 0.663960 0.833505
vt 0.707692 0.644917
vt 0.712112 0.648717
vt 0.712587 0.636560
vt 0.709902 0.625277
vt 0.706448 0.631613
vt 0.615709 0.855378
vt 0.615349 0.861775
vt 0.612980 0.847830
vt 0.610808 0.855802
vt 0.625738 0.858401
vt 0.625042 0.851117
vt 0.618636 0.862955
vt 0.608293 0.781539
vt 0.607987 0.772030
vt 0.604015 0.790231
vt 0.600693 0.783243
vt 0.597772 0.783009
vt 0.600609 0.790846
vt 0.600879 0.774570
vt 0.659110 0.754356
vt 0.659005 0.765058
vt 0.664634 0.759150
vt 0.689425 0.691088
vt 0.685878 0.697437
vt 0.696561 0.698876
vt 0.664595 0.769338
vt 0.663793 0.797204
vt 0.664264 0.807709
vt 0.664432 0.791229
vt 0.660918 0.797940
vt 0.708853 0.673520
vt 0.707379 0.679578
vt 0.710653 0.664491
vt 0.706653 0.667717
vt 0.745801 0.804395
vt 0.752369 0.802568
vt 0.750129 0.790110
vt 0.739574 0.786610
vt 0.736374 0.793667
vt 0.747210 0.781121
vt 0.754129 0.789820
vt 0.750529 0.782899
vt 0.713663 0.808026
vt 0.716210 0.799560
vt 0.707567 0.801561
vt 0.704812 0.801984
vt 0.709351 0.791867
vt 0.705586 0.788922
vt 0.711698 0.779128
vt 0.710613 0.786093
vt 0.711536 0.771645
vt 0.707455 0.773058
vt 0.715134 0.780567
vt 0.701260 0.653908
vt 0.703581 0.659616
vt 0.695598 0.653223
vt 0.697899 0.660188
vt 0.704828 0.649015
vt 0.700308 0.645119
vt 0.676840 0.694457
vt 0.673277 0.692353
vt 0.681889 0.696899
vt 0.680379 0.689820
vt 0.664065 0.722141
vt 0.664599 0.734420
vt 0.682087 0.733208
vt 0.686136 0.728872
vt 0.663671 0.666128
vt 0.659443 0.664296
vt 0.665512 0.671842
vt 0.660879 0.672763
vt 0.681939 0.765929
vt 0.679367 0.757954
vt 0.682624 0.758963
vt 0.678446 0.766772
vt 0.680452 0.792519
vt 0.677595 0.799087
vt 0.677401 0.784641
vt 0.676409 0.804745
vt 0.680368 0.799382
vt 0.657425 0.642585
vt 0.657033 0.634824
vt 0.657976 0.654069
vt 0.660783 0.648209
vt 0.701697 0.611653
vt 0.706278 0.612310
vt 0.703909 0.604095
vt 0.663905 0.869192
vt 0.664587 0.875743
vt 0.664229 0.867836
vt 0.660953 0.868357
vt 0.644359 0.730691
vt 0.646041 0.723153
vt 0.638871 0.725028
vt 0.627326 0.734372
vt 0.628638 0.740602
vt 0.707741 0.739661
vt 0.720964 0.736108
vt 0.705639 0.751716
vt 0.709087 0.748331
vt 0.704212 0.776755
vt 0.707312 0.772846
vt 0.703245 0.766632
vt 0.700324 0.766452
vt 0.706892 0.763276
vt 0.704487 0.758329
vt 0.744038 0.729907
vt 0.747454 0.736311
vt 0.602669 0.755733
vt 0.605425 0.753345
vt 0.600187 0.752846
vt 0.602174 0.760942
vt 0.599153 0.758760
vt 0.746971 0.729528
vt 0.749143 0.725947
vt 0.710740 0.760311
vt 0.714465 0.760046
vt 0.706514 0.763596
vt 0.711322 0.767802
vt 0.709793 0.752884
vt 0.713193 0.754452
vt 0.605740 0.867171
vt 0.606553 0.856173
vt 0.602287 0.872135
vt 0.598785 0.867848
vt 0.601099 0.857141
vt 0.596695 0.854964
vt 0.597165 0.862568
vt 0.601230 0.848786
vt 0.570825 0.926782
vt 0.566415 0.922332
vt 0.783529 0.934347
vt 0.779503 0.939720
vt 0.780172 0.932680
vt 0.783264 0.941990
vt 0.567224 0.927757
vt 0.565147 0.931391
vt 0.561648 0.888078
vt 0.559693 0.895488
vt 0.564855 0.892701
vt 0.562979 0.899277
vt 0.559993 0.902254
vt 0.579733 0.886139
vt 0.584354 0.890474
vt 0.581034 0.891678
vt 0.583348 0.883947
vt 0.587222 0.878310
vt 0.582931 0.876689
vt 0.591045 0.920406
vt 0.589048 0.915734
vt 0.762171 0.920215
vt 0.757520 0.922398
vt 0.759264 0.916314
vt 0.761407 0.928903
vt 0.586447 0.922551
vt 0.558133 0.849385
vt 0.560702 0.842567
vt 0.561410 0.849642
vt 0.554896 0.849943
vt 0.557536 0.841790
vt 0.557580 0.836560
vt 0.555067 0.842756
vt 0.581859 0.849055
vt 0.582059 0.855673
vt 0.581767 0.843124
vt 0.578186 0.847827
vt 0.585920 0.850590
vt 0.556035 0.805087
vt 0.558340 0.812141
vt 0.555053 0.811626
vt 0.559157 0.799880
vt 0.561410 0.806541
vt 0.561528 0.813250
vt 0.585231 0.817261
vt 0.581843 0.811332
vt 0.586419 0.811738
vt 0.581716 0.817440
vt 0.578160 0.810571
vt 0.582223 0.804745
vt 0.563670 0.756983
vt 0.564325 0.752085
vt 0.562893 0.763977
vt 0.566299 0.759242
vt 0.565856 0.766291
vt 0.559846 0.761988
vt 0.561203 0.755610
vt 0.585396 0.767512
vt 0.581110 0.772467
vt 0.584601 0.775183
vt 0.584071 0.780955
vt 0.588567 0.777796
vt 0.587378 0.782935
vt 0.565428 0.721546
vt 0.568841 0.718865
vt 0.568093 0.726082
vt 0.781802 0.723121
vt 0.783397 0.715035
vt 0.780426 0.718266
vt 0.571755 0.721991
vt 0.571096 0.728922
vt 0.758818 0.711967
vt 0.760565 0.719941
vt 0.587954 0.744834
vt 0.591977 0.743295
vt 0.587957 0.738699
vt 0.763137 0.712337
vt 0.792192 0.788389
vt 0.789447 0.782603
vt 0.792615 0.781242
vt 0.789827 0.789390
vt 0.786463 0.789786
vt 0.790037 0.795460
vt 0.785964 0.782824
vt 0.786940 0.817976
vt 0.790343 0.825294
vt 0.787269 0.825128
vt 0.793096 0.824627
vt 0.790305 0.818236
vt 0.793536 0.817654
vt 0.790221 0.831919
vt 0.771723 0.824137
vt 0.771159 0.817155
vt 0.772142 0.831118
vt 0.775433 0.824373
vt 0.767510 0.823989
vt 0.767624 0.817550
vt 0.768671 0.791478
vt 0.768029 0.784437
vt 0.769348 0.797698
vt 0.772341 0.791287
vt 0.764393 0.791112
vt 0.786504 0.858487
vt 0.788994 0.864904
vt 0.786413 0.851246
vt 0.789448 0.858947
vt 0.791877 0.858698
vt 0.789704 0.852245
vt 0.773147 0.856433
vt 0.776590 0.856924
vt 0.768813 0.855371
vt 0.772171 0.863506
vt 0.769592 0.849186
vt 0.773028 0.849709
vt 0.768219 0.887097
vt 0.771821 0.889191
vt 0.767037 0.893755
vt 0.769335 0.880608
vt 0.764768 0.884207
vt 0.772635 0.882887
vt 0.785671 0.902983
vt 0.788866 0.898535
vt 0.786080 0.896994
vt 0.786694 0.890230
vt 0.783105 0.895365
vt 0.789979 0.891916
vt 0.788844 0.740400
vt 0.786774 0.749392
vt 0.785566 0.742514
vt 0.787340 0.754927
vt 0.789254 0.747462
vt 0.783399 0.749926
vt 0.782174 0.743232
vt 0.763833 0.745699
vt 0.760785 0.754373
vt 0.764603 0.752300
vt 0.765430 0.759618
vt 0.768275 0.751582
vt 0.746471 0.761426
vt 0.749658 0.768330
vt 0.748839 0.755755
vt 0.751921 0.759886
vt 0.751845 0.752822
vt 0.753063 0.766631
vt 0.812689 0.911947
vt 0.812613 0.920013
vt 0.812903 0.905843
vt 0.808807 0.909574
vt 0.815995 0.913783
vt 0.813694 0.850203
vt 0.809683 0.856674
vt 0.810407 0.850960
vt 0.816570 0.850746
vt 0.814007 0.856285
vt 0.817188 0.856103
vt 0.814010 0.863056
vt 0.548635 0.960290
vt 0.544291 0.959075
vt 0.808621 0.952935
vt 0.811933 0.961048
vt 0.807440 0.958625
vt 0.815187 0.959458
vt 0.812041 0.954540
vt 0.545118 0.965447
vt 0.542089 0.967718
vt 0.537391 0.902500
vt 0.534925 0.909670
vt 0.541743 0.907099
vt 0.538679 0.915870
vt 0.535800 0.915734
vt 0.537957 0.909334
vt 0.538114 0.851208
vt 0.534136 0.846175
vt 0.534215 0.852936
vt 0.531266 0.853282
vt 0.534484 0.859062
vt 0.534555 0.798262
vt 0.535045 0.791338
vt 0.534392 0.804349
vt 0.538473 0.799736
vt 0.531683 0.795629
vt 0.539140 0.744892
vt 0.543043 0.746266
vt 0.535863 0.747018
vt 0.538386 0.752526
vt 0.540048 0.738429
vt 0.800781 0.691525
vt 0.805198 0.693107
vt 0.548202 0.688514
vt 0.551806 0.692784
vt 0.545108 0.687773
vt 0.547180 0.694770
vt 0.544375 0.693775
vt 0.804776 0.686687
vt 0.808069 0.685443
vt 0.807617 0.731153
vt 0.803952 0.734324
vt 0.810753 0.730000
vt 0.807220 0.723906
vt 0.810183 0.723643
vt 0.808015 0.737302
vt 0.809944 0.774266
vt 0.806127 0.781970
vt 0.810149 0.780464
vt 0.813384 0.780868
vt 0.810409 0.786965
vt 0.807662 0.820863
vt 0.811603 0.825003
vt 0.811146 0.819727
vt 0.814164 0.817797
vt 0.811039 0.813788
vt 0.790192 0.170029
vt 0.792422 0.178483
vt 0.789642 0.176359
vt 0.790882 0.164087
vt 0.793386 0.170796
vt 0.793624 0.164233
vt 0.796827 0.171256
vt 0.764091 0.173306
vt 0.767620 0.166065
vt 0.761264 0.165207
vt 0.761918 0.159132
vt 0.764512 0.165730
vt 0.764657 0.159173
vt 0.511936 0.171112
vt 0.514734 0.167883
vt 0.821505 0.176044
vt 0.822549 0.184053
vt 0.819790 0.182061
vt 0.822302 0.169963
vt 0.825167 0.175688
vt 0.511312 0.162708
vt 0.545627 0.154439
vt 0.542244 0.149225
vt 0.542500 0.155859
vt 0.539175 0.157096
vt 0.543539 0.163454
vt 0.540242 0.163193
vt 0.570824 0.145088
vt 0.573944 0.144333
vt 0.567791 0.145980
vt 0.571268 0.152922
vt 0.570713 0.138435
vt 0.599213 0.140563
vt 0.599721 0.148473
vt 0.596343 0.140732
vt 0.599164 0.133796
vt 0.602587 0.140607
vt 0.628351 0.151359
vt 0.632046 0.144158
vt 0.628340 0.143231
vt 0.628409 0.136279
vt 0.625402 0.142658
vt 0.674543 0.168506
vt 0.676113 0.160282
vt 0.659844 0.153230
vt 0.658755 0.161791
vt 0.660137 0.146413
vt 0.656889 0.152266
vt 0.672633 0.160207
vt 0.672078 0.153096
vt 0.705621 0.161183
vt 0.706328 0.169669
vt 0.705500 0.154108
vt 0.702034 0.160842
vt 0.702356 0.154036
vt 0.708915 0.161118
vt 0.736266 0.171078
vt 0.739000 0.163030
vt 0.735830 0.162957
vt 0.735778 0.156173
vt 0.732540 0.162523
vt 0.732908 0.156113
vt 0.653936 0.194469
vt 0.653893 0.200873
vt 0.654702 0.189524
vt 0.650757 0.193508
vt 0.651643 0.187142
vt 0.684049 0.200431
vt 0.682607 0.195590
vt 0.684021 0.207369
vt 0.687008 0.200429
vt 0.628802 0.182050
vt 0.625387 0.186688
vt 0.625400 0.180327
vt 0.628848 0.187067
vt 0.628668 0.193081
vt 0.631554 0.187702
vt 0.625161 0.193003
vt 0.709022 0.207016
vt 0.712016 0.200755
vt 0.708969 0.200603
vt 0.708545 0.195493
vt 0.705756 0.200416
vt 0.704893 0.193638
vt 0.737895 0.210153
vt 0.740955 0.203980
vt 0.734406 0.203259
vt 0.734172 0.210168
vt 0.737813 0.198697
vt 0.734212 0.196766
vt 0.738058 0.203819
vt 0.758034 0.212393
vt 0.762133 0.207763
vt 0.761002 0.225196
vt 0.762336 0.201401
vt 0.758558 0.205883
vt 0.758964 0.199684
vt 0.766105 0.206789
vt 0.764578 0.225714
vt 0.791507 0.210314
vt 0.788906 0.205220
vt 0.788582 0.215359
vt 0.785634 0.209330
vt 0.811845 0.214158
vt 0.809051 0.213806
vt 0.525094 0.207230
vt 0.520771 0.204260
vt 0.522556 0.214783
vt 0.811946 0.220198
vt 0.551198 0.195158
vt 0.547598 0.191605
vt 0.548638 0.201748
vt 0.545418 0.197349
vt 0.570267 0.189866
vt 0.573679 0.194773
vt 0.570228 0.196045
vt 0.573202 0.184290
vt 0.569723 0.183579
vt 0.576521 0.188594
vt 0.599163 0.185779
vt 0.602541 0.191248
vt 0.602231 0.180633
vt 0.598749 0.179571
vt 0.602579 0.185507
vt 0.605444 0.185519
vt 0.757378 0.326170
vt 0.754042 0.331485
vt 0.760290 0.330929
vt 0.757517 0.337069
vt 0.753995 0.337903
vt 0.778668 0.324818
vt 0.775482 0.330568
vt 0.775342 0.324415
vt 0.775373 0.337069
vt 0.778823 0.331208
vt 0.778798 0.337415
vt 0.771944 0.336793
vt 0.771702 0.330584
vt 0.771960 0.324127
vt 0.769708 0.408128
vt 0.771278 0.416075
vt 0.773347 0.408451
vt 0.776281 0.408331
vt 0.773779 0.401834
vt 0.759519 0.416064
vt 0.761583 0.407784
vt 0.757697 0.407884
vt 0.757375 0.401107
vt 0.754814 0.408189
vt 0.809754 0.334234
vt 0.805483 0.337659
vt 0.806890 0.331804
vt 0.542094 0.334221
vt 0.540463 0.330195
vt 0.542073 0.340868
vt 0.544764 0.334187
vt 0.808468 0.344761
vt 0.800832 0.411578
vt 0.802509 0.419477
vt 0.799626 0.417519
vt 0.804271 0.411932
vt 0.545186 0.407056
vt 0.542261 0.413209
vt 0.541861 0.406620
vt 0.542465 0.420325
vt 0.545692 0.413476
vt 0.792610 0.403259
vt 0.789174 0.408727
vt 0.789519 0.402447
vt 0.792454 0.409361
vt 0.785888 0.408467
vt 0.788283 0.416189
vt 0.785204 0.414916
vt 0.792484 0.329473
vt 0.789252 0.333555
vt 0.792443 0.334359
vt 0.792232 0.339884
vt 0.795017 0.334940
vt 0.558485 0.329057
vt 0.555778 0.334046
vt 0.555070 0.328069
vt 0.558948 0.334181
vt 0.558981 0.340821
vt 0.562284 0.334209
vt 0.559223 0.422324
vt 0.562681 0.414941
vt 0.556038 0.423752
vt 0.558755 0.414871
vt 0.550547 0.413853
vt 0.550586 0.421194
vt 0.559292 0.408189
vt 0.575012 0.334982
vt 0.578182 0.341363
vt 0.577988 0.329924
vt 0.581393 0.334617
vt 0.578570 0.416818
vt 0.578503 0.422781
vt 0.578543 0.409830
vt 0.575259 0.416457
vt 0.575121 0.409614
vt 0.582037 0.410271
vt 0.581903 0.417157
vt 0.600129 0.331565
vt 0.596860 0.331966
vt 0.603369 0.330957
vt 0.600300 0.326523
vt 0.600017 0.338256
vt 0.599709 0.418826
vt 0.613513 0.424503
vt 0.595188 0.418358
vt 0.598279 0.424822
vt 0.594949 0.424713
vt 0.598786 0.411390
vt 0.602178 0.411384
vt 0.613222 0.417042
vt 0.625122 0.328888
vt 0.622227 0.323727
vt 0.621922 0.335598
vt 0.618720 0.328831
vt 0.621774 0.328659
vt 0.620125 0.416268
vt 0.624115 0.423862
vt 0.623971 0.416012
vt 0.623824 0.408905
vt 0.627542 0.415383
vt 0.646910 0.326738
vt 0.642925 0.331384
vt 0.693625 0.347010
vt 0.689193 0.343446
vt 0.691345 0.355196
vt 0.645859 0.337837
vt 0.702820 0.433968
vt 0.701365 0.427170
vt 0.706074 0.441189
vt 0.705986 0.431786
vt 0.644489 0.419605
vt 0.648028 0.412774
vt 0.647693 0.421245
vt 0.644895 0.406471
vt 0.648366 0.411752
vt 0.644671 0.413202
vt 0.703670 0.331993
vt 0.704264 0.341053
vt 0.711255 0.336917
vt 0.715211 0.336484
vt 0.711211 0.330287
vt 0.712533 0.344147
vt 0.721888 0.421114
vt 0.724851 0.419301
vt 0.718257 0.423333
vt 0.723223 0.429300
vt 0.718067 0.416067
vt 0.721069 0.413988
vt 0.734901 0.339903
vt 0.737863 0.333679
vt 0.731542 0.334495
vt 0.734597 0.328379
vt 0.731121 0.327637
vt 0.739677 0.411938
vt 0.742721 0.410959
vt 0.736387 0.413357
vt 0.740255 0.420521
vt 0.737142 0.420243
vt 0.736436 0.406401
vt 0.739239 0.404769
vt 0.711633 0.458350
vt 0.714139 0.450261
vt 0.715307 0.457747
vt 0.646481 0.432987
vt 0.646090 0.440087
vt 0.647106 0.428325
vt 0.643138 0.432343
vt 0.711218 0.450739
vt 0.709164 0.446925
vt 0.624101 0.422875
vt 0.620153 0.427110
vt 0.627205 0.429274
vt 0.624064 0.429406
vt 0.620815 0.441146
vt 0.624559 0.442563
vt 0.619080 0.433259
vt 0.726185 0.448469
vt 0.726781 0.456778
vt 0.725356 0.443009
vt 0.722869 0.448833
vt 0.721613 0.442379
vt 0.729346 0.447544
vt 0.741441 0.439438
vt 0.738515 0.445381
vt 0.742154 0.445577
vt 0.747271 0.454547
vt 0.746873 0.442980
vt 0.743682 0.462275
vt 0.747950 0.467724
vt 0.739001 0.454404
vt 0.769756 0.435355
vt 0.767681 0.428026
vt 0.764965 0.436965
vt 0.760827 0.438517
vt 0.765596 0.443718
vt 0.763090 0.430053
vt 0.759868 0.432473
vt 0.543041 0.426971
vt 0.546032 0.424665
vt 0.798182 0.426516
vt 0.801548 0.430538
vt 0.798368 0.432288
vt 0.801032 0.425459
vt 0.542553 0.421338
vt 0.786730 0.428966
vt 0.790129 0.428166
vt 0.783823 0.429967
vt 0.787177 0.434497
vt 0.783717 0.436285
vt 0.787346 0.423585
vt 0.773666 0.519016
vt 0.780444 0.525715
vt 0.771945 0.498182
vt 0.769703 0.483097
vt 0.767625 0.491264
vt 0.783067 0.495443
vt 0.780920 0.490181
vt 0.799726 0.492164
vt 0.802483 0.500182
vt 0.795792 0.487340
vt 0.794611 0.493171
vt 0.800357 0.490797
vt 0.537214 0.499632
vt 0.537763 0.491326
vt 0.547128 0.500140
vt 0.547311 0.490916
vt 0.536138 0.500561
vt 0.815377 0.551147
vt 0.821581 0.555715
vt 0.817052 0.561770
vt 0.532361 0.584474
vt 0.532818 0.571212
vt 0.532597 0.586990
vt 0.535725 0.583649
vt 0.822192 0.567806
vt 0.798013 0.576662
vt 0.795241 0.570603
vt 0.810196 0.576641
vt 0.807623 0.568329
vt 0.796141 0.587544
vt 0.801037 0.594884
vt 0.562087 0.499850
vt 0.558955 0.494563
vt 0.558698 0.509827
vt 0.556125 0.499795
vt 0.555286 0.511020
vt 0.555771 0.578923
vt 0.559563 0.578845
vt 0.551430 0.579797
vt 0.556221 0.589341
vt 0.552298 0.587391
vt 0.556229 0.566694
vt 0.576041 0.500877
vt 0.572869 0.500475
vt 0.579312 0.501032
vt 0.576418 0.495827
vt 0.575439 0.511381
vt 0.571912 0.511622
vt 0.571146 0.579120
vt 0.566831 0.579027
vt 0.574363 0.579464
vt 0.572233 0.567395
vt 0.567712 0.587334
vt 0.593658 0.502910
vt 0.590136 0.502269
vt 0.596712 0.502846
vt 0.593973 0.497373
vt 0.592581 0.513470
vt 0.588918 0.513434
vt 0.585610 0.581135
vt 0.590196 0.583741
vt 0.581932 0.580322
vt 0.583650 0.591402
vt 0.586793 0.569482
vt 0.613129 0.503190
vt 0.610188 0.497994
vt 0.610056 0.503688
vt 0.606694 0.503411
vt 0.609659 0.515395
vt 0.606085 0.515494
vt 0.606899 0.496871
vt 0.599748 0.590016
vt 0.597377 0.599009
vt 0.606604 0.594678
vt 0.611271 0.575498
vt 0.607806 0.567410
vt 0.605820 0.612040
vt 0.610145 0.607599
vt 0.601928 0.605139
vt 0.627992 0.502981
vt 0.621772 0.530108
vt 0.622584 0.501912
vt 0.630855 0.499753
vt 0.627475 0.494917
vt 0.627980 0.523065
vt 0.822000 0.577425
vt 0.823452 0.583688
vt 0.822127 0.571055
vt 0.818647 0.577202
vt 0.535434 0.604348
vt 0.534368 0.597825
vt 0.535214 0.611261
vt 0.539136 0.605254
vt 0.564100 0.608778
vt 0.562034 0.599417
vt 0.566336 0.601478
vt 0.557452 0.609224
vt 0.553626 0.608799
vt 0.557160 0.616666
vt 0.556795 0.601105
vt 0.580906 0.606687
vt 0.577594 0.607019
vt 0.585413 0.604495
vt 0.581891 0.600876
vt 0.580743 0.613971
vt 0.576328 0.615186
vt 0.791979 0.481815
vt 0.790833 0.475521
vt 0.795674 0.487195
vt 0.797230 0.479422
vt 0.788827 0.483985
vt 0.542668 0.479980
vt 0.540188 0.473444
vt 0.539311 0.482531
vt 0.801614 0.477509
vt 0.803574 0.483832
vt 0.807611 0.474024
vt 0.549988 0.480581
vt 0.549682 0.488869
vt 0.557862 0.481967
vt 0.561698 0.480680
vt 0.558565 0.474355
vt 0.558823 0.490907
vt 0.573959 0.478405
vt 0.577165 0.485940
vt 0.573892 0.485183
vt 0.574918 0.471740
vt 0.577664 0.477908
vt 0.580758 0.477259
vt 0.577879 0.470734
vt 0.595134 0.475429
vt 0.598407 0.475983
vt 0.591941 0.475617
vt 0.594693 0.483623
vt 0.591703 0.482283
vt 0.595547 0.468574
vt 0.613557 0.486871
vt 0.610808 0.479268
vt 0.614773 0.480410
vt 0.608131 0.478466
vt 0.610400 0.487078
vt 0.612331 0.472519
vt 0.625909 0.484325
vt 0.627166 0.493007
vt 0.625499 0.477149
vt 0.622986 0.482991
vt 0.630187 0.486692
vt 0.638902 0.485367
vt 0.641329 0.493749
vt 0.634415 0.489370
vt 0.715564 0.520982
vt 0.714542 0.511749
vt 0.715686 0.553824
vt 0.719697 0.546175
vt 0.638319 0.505726
vt 0.639625 0.494726
vt 0.642787 0.529447
vt 0.633372 0.498310
vt 0.824062 0.469704
vt 0.823406 0.458633
vt 0.552825 0.656509
vt 0.556807 0.663125
vt 0.552076 0.664539
vt 0.557342 0.664662
vt 0.556859 0.656298
vt 0.817860 0.457200
vt 0.534083 0.664042
vt 0.533802 0.655710
vt 0.840960 0.476616
vt 0.835999 0.481948
vt 0.844721 0.484774
vt 0.829130 0.627321
vt 0.834193 0.630034
vt 0.830091 0.635224
vt 0.814495 0.423446
vt 0.810441 0.415841
vt 0.811787 0.433274
vt 0.580180 0.662818
vt 0.575419 0.664439
vt 0.580697 0.664355
vt 0.580258 0.656092
vt 0.817652 0.384539
vt 0.816726 0.373408
vt 0.812586 0.389049
vt 0.602918 0.661663
vt 0.598380 0.663544
vt 0.603436 0.663378
vt 0.603328 0.654654
vt 0.851053 0.350760
vt 0.855966 0.345461
vt 0.847227 0.342593
vt 0.648195 0.661863
vt 0.643509 0.664006
vt 0.719665 0.695186
vt 0.718816 0.684711
vt 0.831615 0.356791
vt 0.834069 0.346726
vt 0.828630 0.349636
vt 0.623706 0.660561
vt 0.618992 0.664328
vt 0.625306 0.640688
vt 0.619564 0.644383
vt 0.624761 0.664680
vt 0.867399 0.357173
vt 0.868542 0.368700
vt 0.742076 0.682611
vt 0.737900 0.691838
vt 0.740413 0.648495
vt 0.738234 0.659191
vt 0.743607 0.690755
vt 0.874101 0.370224
vt 0.767318 0.679989
vt 0.762641 0.683563
vt 0.768070 0.681384
vt 0.766499 0.672453
vt 0.877452 0.403752
vt 0.881505 0.411653
vt 0.880179 0.394192
vt 0.846385 0.412709
vt 0.848168 0.389178
vt 0.854807 0.395978
vt 0.858180 0.409283
vt 0.856991 0.424007
vt 0.851708 0.434518
vt 0.837725 0.430011
vt 0.844349 0.436807
vt 0.834354 0.416735
vt 0.835530 0.402026
vt 0.840801 0.391493
vt 0.860433 0.470473
vt 0.858106 0.480602
vt 0.865867 0.472622
vt 0.812530 0.648550
vt 0.808241 0.653465
vt 0.813222 0.649413
vt 0.811141 0.642063
vt 0.878211 0.446743
vt 0.874459 0.455518
vt 0.879336 0.438543
vt 0.874358 0.442615
vt 0.789990 0.661524
vt 0.786218 0.670406
vt 0.792273 0.644492
vt 0.786929 0.634804
vt 0.792001 0.666638
vt 0.792522 0.301621
vt 0.792252 0.294945
vt 0.792522 0.310119
vt 0.796077 0.302784
vt 0.788968 0.301491
vt 0.789223 0.295123
vt 0.774584 0.302683
vt 0.773813 0.296310
vt 0.774851 0.309059
vt 0.777288 0.302471
vt 0.771415 0.302999
vt 0.531920 0.308415
vt 0.530999 0.301414
vt 0.534218 0.314783
vt 0.534808 0.306590
vt 0.814275 0.310973
vt 0.813190 0.317763
vt 0.814378 0.304185
vt 0.811218 0.309598
vt 0.811392 0.303500
vt 0.551900 0.289289
vt 0.555123 0.293999
vt 0.551640 0.295955
vt 0.557939 0.292883
vt 0.554714 0.287323
vt 0.555907 0.301592
vt 0.573628 0.288111
vt 0.576926 0.295401
vt 0.574094 0.294344
vt 0.576675 0.287467
vt 0.579159 0.281304
vt 0.576470 0.280878
vt 0.579687 0.287442
vt 0.624465 0.302349
vt 0.628817 0.295586
vt 0.621759 0.300078
vt 0.625292 0.294510
vt 0.622277 0.293664
vt 0.625529 0.287613
vt 0.598571 0.295384
vt 0.601582 0.289508
vt 0.601305 0.297352
vt 0.598593 0.289055
vt 0.601647 0.282647
vt 0.604746 0.289976
vt 0.694075 0.326072
vt 0.691566 0.316737
vt 0.684194 0.322258
vt 0.647867 0.309401
vt 0.652527 0.304268
vt 0.649950 0.314577
vt 0.652621 0.297121
vt 0.649186 0.303045
vt 0.649607 0.296632
vt 0.685100 0.319037
vt 0.683595 0.311827
vt 0.706165 0.311545
vt 0.710481 0.319227
vt 0.706575 0.304332
vt 0.709931 0.310567
vt 0.709827 0.303191
vt 0.713606 0.310242
vt 0.734838 0.310397
vt 0.731444 0.310341
vt 0.737997 0.309501
vt 0.735076 0.303052
vt 0.734747 0.317895
vt 0.760386 0.304045
vt 0.757065 0.297478
vt 0.756768 0.304610
vt 0.753321 0.305316
vt 0.756954 0.312786
vt 0.753683 0.311835
vt 0.802302 0.486586
vt 0.538240 0.488616
vt 0.514132 0.179351
vt 0.889549 0.423821
vt 0.970778 0.882524
vt 0.748391 0.688947
vt 0.993594 0.450548
vt 0.538801 0.019965
vt 0.535625 0.020071
vt 0.969427 0.822820
vt 0.885714 0.392528
vt 0.772307 0.678821
vt 0.703987 0.019328
vt 0.533527 0.592679
vt 0.678017 0.774097
vt 0.945582 0.504182
vt 0.777952 0.717417
vt 0.585215 0.735872
vt 0.919869 0.509933
vt 0.945312 0.024790
vt 0.542665 0.433098
vt 0.806700 0.467493
vt 0.508137 0.020988
vt 0.828035 0.028655
vt 0.945466 0.504325
vt 0.914164 0.477713
vt 0.797300 0.023055
vt 0.535658 0.510776
vt 0.764251 0.930603
vt 0.866812 0.787545
vt 0.992917 0.356575
vt 0.722765 0.694616
vt 0.914189 0.029608
vt 0.912698 0.029102
vt 0.766431 0.019425
vt 0.764135 0.018971
vt 0.583720 0.664217
vt 0.724122 0.694367
vt 0.542739 0.431892
vt 0.806912 0.469009
vt 0.770987 0.679619
vt 0.900040 0.511743
vt 0.566907 0.715904
vt 0.797295 0.023228
vt 0.826237 0.354415
vt 0.607517 0.663627
vt 0.825123 0.356640
vt 0.661233 0.722300
vt 0.701505 0.736547
vt 0.533824 0.594497
vt 0.766436 0.019056
vt 0.802264 0.420469
vt 0.851588 0.790558
vt 0.861319 0.784455
vt 0.700488 0.552784
vt 0.956002 0.470691
vt 0.538801 0.019965
vt 0.880137 0.511831
vt 0.970710 0.016565
vt 0.880273 0.511800
vt 0.619563 0.890630
vt 0.584828 0.664166
vt 0.977717 0.465239
vt 0.845698 0.718762
vt 0.851574 0.790727
vt 0.803275 0.484479
vt 0.537900 0.490548
vt 0.863644 0.253506
vt 0.747031 0.689461
vt 0.513501 0.176985
vt 0.813300 0.210067
vt 0.508137 0.021002
vt 0.828035 0.028669
vt 0.508217 0.770777
vt 0.672256 0.022225
vt 0.660392 0.019164
vt 0.662682 0.019806
vt 0.508200 0.771041
vt 0.502530 0.773998
vt 0.611060 0.895523
vt 0.842405 0.677972
vt 0.511496 0.690434
vt 0.861480 0.715020
vt 0.815954 0.647115
vt 0.785747 0.943699
vt 0.631637 0.018931
vt 0.629327 0.018415
vt 0.979235 0.661881
vt 0.894221 0.031090
vt 0.891042 0.030922
vt 0.507742 0.853853
vt 0.507829 0.860729
vt 0.737685 0.018046
vt 0.735358 0.018491
vt 0.850140 0.935105
vt 0.859154 0.931083
vt 0.709982 0.517422
vt 0.934658 0.474277
vt 0.853848 0.855376
vt 0.801934 0.421807
vt 0.569642 0.018755
vt 0.567347 0.018722
vt 0.560422 0.664624
vt 0.600613 0.018345
vt 0.598292 0.018063
vt 0.804621 0.406339
vt 0.698922 0.694665
vt 0.569641 0.018622
vt 0.566448 0.018761
vt 0.863050 0.687843
vt 0.978701 0.216443
vt 0.600617 0.018018
vt 0.597419 0.018080
vt 0.631650 0.018447
vt 0.628453 0.018403
vt 0.664610 0.742252
vt 0.535801 0.507732
vt 0.508548 0.983319
vt 0.850126 0.935374
vt 0.919779 0.509896
vt 0.917953 0.496223
vt 0.804700 0.405066
vt 0.664085 0.822892
vt 0.870282 0.029825
vt 0.735356 0.017964
vt 0.703994 0.019930
vt 0.844912 0.026229
vt 0.973226 0.491502
vt 0.665456 0.891982
vt 0.700800 0.601887
vt 0.508452 0.910241
vt 0.561593 0.664610
vt 0.672257 0.021620
vt 0.662694 0.019221
vt 0.659496 0.019141
vt 0.945411 0.024802
vt 0.593893 0.916836
vt 0.824688 0.176661
vt 0.825417 0.162879
vt 0.672684 0.162265
vt 0.654026 0.194145
vt 0.684045 0.201321
vt 0.811812 0.214249
vt 0.522125 0.208674
vt 0.522066 0.209759
vt 0.542090 0.335417
vt 0.808695 0.338494
vt 0.808857 0.338535
vt 0.541962 0.414568
vt 0.804016 0.412420
vt 0.578149 0.335338
vt 0.690535 0.349373
vt 0.703193 0.435840
vt 0.648336 0.410871
vt 0.711314 0.452495
vt 0.646736 0.432795
vt 0.800909 0.425957
vt 0.543044 0.426943
vt 0.537223 0.500519
vt 0.821750 0.558502
vt 0.820223 0.551766
vt 0.532312 0.584486
vt 0.559130 0.499890
vt 0.535407 0.605204
vt 0.822012 0.576818
vt 0.806616 0.475326
vt 0.539801 0.479745
vt 0.714898 0.520894
vt 0.640391 0.493155
vt 0.641757 0.488922
vt 0.820765 0.463911
vt 0.820287 0.465831
vt 0.833355 0.626417
vt 0.537095 0.664125
vt 0.840337 0.483933
vt 0.840543 0.486076
vt 0.810807 0.424692
vt 0.809853 0.425656
vt 0.603343 0.663372
vt 0.813250 0.380762
vt 0.647963 0.656169
vt 0.851613 0.343296
vt 0.851402 0.341282
vt 0.628425 0.664548
vt 0.829695 0.349536
vt 0.624847 0.660893
vt 0.742960 0.684308
vt 0.871534 0.362758
vt 0.871345 0.361216
vt 0.881172 0.402685
vt 0.882070 0.401647
vt 0.862081 0.477264
vt 0.862880 0.478570
vt 0.794839 0.664336
vt 0.878637 0.447200
vt 0.791001 0.663224
vt 0.814540 0.309784
vt 0.532245 0.309913
vt 0.652527 0.304268
vt 0.652537 0.303495
vt 0.685585 0.320832
vt 0.686402 0.331619
vt 0.864986 0.682223
vt 0.983302 0.193307
vt 0.983234 0.192347
vt 0.845181 0.126843
vt 0.992984 0.571376
vt 0.992620 0.613811
vt 0.993057 0.602951
vt 0.858308 0.167226
vt 0.858826 0.244078
vt 0.975002 0.671408
vt 0.869997 0.266759
vt 0.967664 0.692401
vt 0.869933 0.265635
vt 0.977026 0.224864
vt 0.861491 0.707855
vt 0.987960 0.282089
vt 0.866997 0.772685
vt 0.967278 0.399715
vt 0.973950 0.464329
vt 0.697783 0.556627
vt 0.709046 0.524055
vt 0.952280 0.469308
vt 0.989738 0.396161
vt 0.989927 0.394860
vt 0.878438 0.870259
vt 0.878467 0.872320
vt 0.879818 0.929352
vt 0.680644 0.569089
vt 0.680984 0.571326
vt 0.661668 0.561662
vt 0.899095 0.917464
vt 0.916186 0.851236
vt 0.917148 0.904264
vt 0.649695 0.529596
vt 0.933911 0.896403
vt 0.648801 0.491827
vt 0.659352 0.458716
vt 0.952552 0.892811
vt 0.968022 0.826994
vt 0.889487 0.416238
vt 0.677469 0.445398
vt 0.891101 0.485554
vt 0.696038 0.454282
vt 0.695878 0.456289
vt 0.707937 0.484912
vt 0.708679 0.483374
vt 0.867784 0.855058
vt 0.976809 0.799093
vt 0.976853 0.792562
vt 0.616021 0.889057
vt 0.733157 0.893807
vt 0.733412 0.894020
vt 0.605057 0.902842
vt 0.747383 0.902771
vt 0.676580 0.856574
vt 0.671894 0.596264
vt 0.675946 0.822165
vt 0.659782 0.620881
vt 0.687057 0.594800
vt 0.685924 0.595166
vt 0.682755 0.592175
vt 0.679117 0.882931
vt 0.662717 0.833693
vt 0.712665 0.637802
vt 0.712869 0.635894
vt 0.662980 0.760565
vt 0.694853 0.697012
vt 0.663701 0.763532
vt 0.664389 0.797051
vt 0.709841 0.673265
vt 0.676933 0.696232
vt 0.682750 0.727181
vt 0.661376 0.670741
vt 0.663656 0.677152
vt 0.679133 0.765849
vt 0.676562 0.798977
vt 0.656453 0.643458
vt 0.703491 0.605818
vt 0.664170 0.860574
vt 0.639876 0.723499
vt 0.638794 0.724437
vt 0.746773 0.729172
vt 0.602616 0.755671
vt 0.567990 0.927550
vt 0.783043 0.941465
vt 0.562180 0.893885
vt 0.760871 0.927283
vt 0.590077 0.921272
vt 0.558589 0.805861
vt 0.780890 0.718425
vt 0.569038 0.719560
vt 0.756423 0.715429
vt 0.588574 0.739336
vt 0.759624 0.712522
vt 0.749232 0.761541
vt 0.546095 0.964735
vt 0.812599 0.961242
vt 0.803754 0.687503
vt 0.547741 0.687564
vt 0.824691 0.176662
vt 0.825275 0.170141
vt 0.511759 0.169196
vt 0.672581 0.161919
vt 0.660012 0.152618
vt 0.653998 0.194336
vt 0.684045 0.201313
vt 0.788355 0.209834
vt 0.522007 0.208731
vt 0.522052 0.209607
vt 0.811777 0.214349
vt 0.548241 0.196153
vt 0.573495 0.189133
vt 0.757509 0.331180
vt 0.808857 0.338536
vt 0.542091 0.335190
vt 0.808676 0.338489
vt 0.803934 0.412399
vt 0.541938 0.414296
vt 0.578148 0.335212
vt 0.645653 0.331767
vt 0.690533 0.348741
vt 0.690504 0.349156
vt 0.703248 0.435944
vt 0.648170 0.405988
vt 0.734537 0.334148
vt 0.711288 0.452024
vt 0.646716 0.433032
vt 0.800909 0.425957
vt 0.543116 0.426888
vt 0.537327 0.500515
vt 0.818796 0.547617
vt 0.821457 0.558706
vt 0.559128 0.499862
vt 0.822015 0.576688
vt 0.535406 0.605231
vt 0.539801 0.479745
vt 0.806379 0.475429
vt 0.641699 0.489582
vt 0.714940 0.522634
vt 0.640536 0.493247
vt 0.820413 0.465960
vt 0.820857 0.463727
vt 0.538316 0.664159
vt 0.840358 0.483681
vt 0.840652 0.486042
vt 0.832785 0.623955
vt 0.810951 0.424643
vt 0.809930 0.425958
vt 0.814434 0.381391
vt 0.813225 0.381076
vt 0.851583 0.343692
vt 0.851283 0.341319
vt 0.647865 0.653781
vt 0.829681 0.349482
vt 0.624877 0.659556
vt 0.629715 0.664502
vt 0.871204 0.361071
vt 0.742887 0.683284
vt 0.871707 0.362414
vt 0.881011 0.402731
vt 0.882034 0.401508
vt 0.862033 0.477064
vt 0.862938 0.478453
vt 0.817107 0.646144
vt 0.878637 0.447200
vt 0.791076 0.662112
vt 0.796437 0.663040
vt 0.532181 0.309756
vt 0.814541 0.309821
vt 0.685592 0.320836
vt 0.686146 0.330531
vt 0.652531 0.303958
usemtl None
s off
f 26/1 10/2 4/3
f 7/4 177/5 169/6
f 28/7 189/8 178/9
f 52/10 186/11 41/12
f 65/13 196/14 55/15
f 77/16 205/17 64/18
f 89/19 133/20 76/21
f 100/22 123/23 88/24
f 113/25 139/26 103/27
f 5/28 17/29 1/30
f 98/31 91/32 85/33
f 110/34 102/35 97/36
f 124/37 916/38 906/39
f 38/40 31/41 25/42
f 19/43 148/44 112/45
f 18/46 168/47 158/48
f 37/49 53/50 40/51
f 49/52 66/53 54/54
f 61/55 78/56 67/57
f 73/58 90/59 79/60
f 399/61 242/62 410/63
f 859/64 276/65 841/66
f 258/67 296/68 470/69
f 868/70 306/71 287/72
f 316/73 687/74 680/75
f 429/76 334/77 354/78
f 904/79 345/80 887/81
f 390/82 417/83 370/84
f 393/85 450/86 437/87
f 222/88 842/89 279/90
f 908/91 379/92 362/93
f 907/94 915/95 380/96
f 717/97 439/98 781/99
f 869/100 249/101 862/102
f 234/103 477/104 457/105
f 305/106 298/107 288/108
f 267/109 469/110 478/111
f 241/112 446/113 411/114
f 240/115 231/116 461/117
f 489/118 648/119 503/120
f 515/121 628/122 619/123
f 544/124 561/125 629/126
f 642/127 560/128 580/129
f 599/130 639/131 579/132
f 773/133 596/134 611/135
f 830/136 525/137 824/138
f 523/139 512/140 622/141
f 677/142 571/143 553/144
f 696/145 568/146 689/147
f 586/148 704/149 608/150
f 479/151 659/152 650/153
f 491/154 521/155 834/156
f 880/157 326/158 307/159
f 471/160 667/161 660/162
f 895/163 344/164 323/165
f 500/166 670/167 532/168
f 657/169 666/170 499/171
f 501/172 542/173 514/174
f 534/175 562/176 543/177
f 550/178 577/179 559/180
f 569/181 600/182 578/183
f 612/184 595/185 587/186
f 651/187 658/188 504/189
f 427/190 705/191 698/192
f 631/193 745/194 724/195
f 713/196 780/197 761/198
f 772/199 752/200 597/201
f 632/202 734/203 620/204
f 735/205 726/206 807/207
f 794/208 486/209 833/210
f 458/211 649/212 488/213
f 753/214 771/215 800/216
f 822/217 736/218 806/219
f 725/220 744/221 808/222
f 743/223 754/224 809/225
f 946/226 957/227 943/228
f 831/229 823/230 805/231
f 791/232 832/233 804/234
f 783/235 792/236 803/237
f 762/238 784/239 802/240
f 770/241 763/242 801/243
f 669/244 552/245 533/246
f 707/247 715/248 609/249
f 640/250 751/251 742/252
f 610/253 760/254 769/255
f 621/256 821/257 524/258
f 419/259 706/260 426/261
f 438/262 793/263 782/264
f 364/265 352/266 346/267
f 335/268 697/269 688/270
f 160/271 851/272 934/273
f 188/274 861/275 179/276
f 198/277 871/278 187/279
f 879/280 207/281 897/282
f 140/283 925/284 917/285
f 206/286 889/287 898/288
f 130/289 905/290 886/291
f 149/292 933/293 926/294
f 171/295 852/296 159/297
f 269/298 223/299 278/300
f 297/301 250/302 285/303
f 260/304 277/305 251/306
f 317/307 668/308 294/309
f 332/310 308/311 325/312
f 343/313 333/314 324/315
f 371/316 430/317 353/318
f 383/319 373/320 363/321
f 214/322 232/323 243/324
f 400/325 392/326 382/327
f 918/328 401/329 381/330
f 850/331 213/332 935/333
f 927/334 216/335 402/336
f 180/337 844/338 170/339
f 502/340 522/341 490/342
f 487/343 447/344 459/345
f 1088/346 1100/347 1092/348
f 958/349 948/350 1214/351
f 1001/352 994/353 969/354
f 971/355 992/356 1044/357
f 1065/358 1055/359 1018/360
f 1000/361 1248/362 1006/363
f 984/364 1236/365 1225/366
f 1256/367 1244/368 1026/369
f 1017/370 1058/371 1022/372
f 1067/373 1079/374 1112/375
f 1082/376 1127/377 1113/378
f 942/379 961/380 1101/381
f 1077/382 1070/383 1064/384
f 1076/385 1091/386 1081/387
f 1093/388 1103/389 1128/390
f 1115/391 1146/392 1157/393
f 968/394 993/395 975/396
f 1137/397 1195/398 1144/399
f 1114/400 1126/401 1147/402
f 1025/403 1155/404 1257/405
f 982/406 950/407 945/408
f 1024/409 1109/410 1156/411
f 1174/412 1645/413 1614/414
f 1258/415 1160/416 1171/417
f 1145/418 1186/419 1158/420
f 1124/421 960/422 1135/423
f 951/424 1224/425 1215/426
f 959/427 1205/428 1136/429
f 1004/430 1045/431 991/432
f 1270/433 1246/434 1169/435
f 1613/436 1265/437 1168/438
f 1038/439 1003/440 1279/441
f 1020/442 1243/443 1014/444
f 1280/445 1247/446 1269/447
f 1056/448 1068/449 1111/450
f 1234/451 1292/452 1302/453
f 1046/454 1311/455 1289/456
f 1290/457 1314/458 1335/459
f 1581/460 1299/461 1629/462
f 1367/463 1320/464 1346/465
f 1369/466 1358/467 1595/468
f 1379/469 1553/470 1541/471
f 1404/472 1395/473 1563/474
f 1604/475 1415/476 1627/477
f 1433/478 1592/479 1453/480
f 1461/481 1481/482 1567/483
f 1480/484 1497/485 1568/486
f 1496/487 1515/488 1559/489
f 1653/490 1526/491 1507/492
f 1535/493 1551/494 1561/495
f 1628/496 1387/497 1582/498
f 1398/499 1425/500 1564/501
f 1550/502 1405/503 1562/504
f 1434/505 1463/506 1444/507
f 1616/508 1454/509 1591/510
f 1615/511 1487/512 1471/513
f 1647/514 1506/515 1488/516
f 1508/517 1533/518 1517/519
f 1666/520 1543/521 1523/522
f 2263/523 1682/524 2253/525
f 1416/526 1443/527 1423/528
f 1301/529 1226/530 1235/531
f 1345/532 1359/533 1368/534
f 1637/535 1386/536 1377/537
f 1445/538 1462/539 1566/540
f 1424/541 1442/542 1565/543
f 1413/544 1397/545 1388/546
f 1380/547 1675/548 1638/549
f 1607/550 1593/551 1432/552
f 1451/553 1478/554 1460/555
f 1472/556 1498/557 1479/558
f 1489/559 1516/560 1499/561
f 1514/562 1532/563 1560/564
f 1542/565 1534/566 1524/567
f 1389/568 1407/569 1378/570
f 1227/571 1300/572 1580/573
f 1223/574 1636/575 1216/576
f 1212/577 1674/578 1201/579
f 1192/580 1203/581 1664/582
f 1617/583 1596/584 1357/585
f 1193/586 1656/587 1183/588
f 1202/589 1673/590 1665/591
f 1332/592 1594/593 1606/594
f 1366/595 1331/596 1321/597
f 1170/598 1245/599 1259/600
f 1184/601 1646/602 1173/603
f 1322/604 1336/605 1313/606
f 1303/607 1291/608 1334/609
f 972/610 1048/611 1237/612
f 969/613 983/614 946/615
f 1281/616 1268/617 1348/618
f 1347/619 1324/620 1282/621
f 1148/622 1125/623 1138/624
f 1172/625 1159/626 1185/627
f 1618/628 1356/629 1266/630
f 1015/631 1018/632 1021/633
f 1057/634 1110/635 1023/636
f 1035/637 1323/638 1312/639
f 1267/640 1355/641 1344/642
f 1298/643 1605/644 1626/645
f 2262/646 1792/647 1692/648
f 2236/649 1719/650 1969/651
f 1694/652 1709/653 1683/654
f 1729/655 1711/656 1754/657
f 1710/658 1701/659 1755/660
f 1767/661 1790/662 1780/663
f 1978/664 1879/665 2027/666
f 1718/667 1741/668 1964/669
f 1700/670 1769/671 1756/672
f 1887/673 1832/674 1809/675
f 1998/676 1843/677 1817/678
f 1822/679 1830/680 1999/681
f 1751/682 1889/683 1868/684
f 1768/685 1779/686 1757/687
f 2165/688 1935/689 1900/690
f 2091/691 1898/692 1923/693
f 2297/694 1990/695 2077/696
f 1937/697 2069/698 2046/699
f 1946/700 2009/701 1845/702
f 2028/703 1878/704 1859/705
f 1947/706 1997/707 1957/708
f 1858/709 2017/710 2029/711
f 1855/712 1801/713 1819/714
f 1877/715 1802/716 1854/717
f 1913/718 2000/719 1835/720
f 1886/721 2036/722 1833/723
f 1912/724 1958/725 2001/726
f 2008/727 1857/728 1846/729
f 2035/730 1914/731 1834/732
f 1810/733 1831/734 1821/735
f 2298/736 2047/737 2068/738
f 1968/739 2291/740 2237/741
f 1945/742 2044/743 2010/744
f 2199/745 1936/746 2181/747
f 2288/748 2071/749 2198/750
f 2059/751 2011/752 2049/753
f 2078/754 1989/755 2061/756
f 1988/757 1980/758 2057/759
f 1955/760 1911/761 1896/762
f 1977/763 1965/764 1740/765
f 2120/766 1788/767 2126/768
f 1777/769 2037/770 1885/771
f 2355/772 2108/773 2343/774
f 2138/775 2163/776 2145/777
f 2367/778 2137/779 2354/780
f 2388/781 2174/782 2378/783
f 2191/784 2289/785 2201/786
f 2421/787 2208/788 2414/789
f 2272/790 2252/791 2243/792
f 1743/793 1730/794 1753/795
f 1684/796 1732/797 1721/798
f 1888/799 1799/800 1869/801
f 1925/802 1909/803 2038/804
f 2146/805 1899/806 2090/807
f 1933/808 2045/809 1944/810
f 2227/811 1685/812 1720/813
f 2313/814 2246/815 2324/816
f 1693/817 1766/818 1703/819
f 2344/820 2102/821 2330/822
f 2209/823 2225/824 2235/825
f 2271/826 2128/827 2261/828
f 2119/829 2147/830 2089/831
f 2399/832 2190/833 2387/834
f 1789/835 2087/836 1775/837
f 1897/838 1910/839 1924/840
f 1979/841 2020/842 2058/843
f 2048/844 2079/845 2060/846
f 1722/847 1731/848 1742/849
f 2307/850 2423/851 2409/852
f 2340/853 2333/854 2310/855
f 2339/856 2356/857 2342/858
f 2351/859 2368/860 2357/861
f 2385/862 2377/863 2364/864
f 2397/865 2390/866 2384/867
f 2363/868 2376/869 2369/870
f 2396/871 2412/872 2401/873
f 2408/874 2422/875 2413/876
f 2309/877 2332/878 2315/879
f 2306/880 2314/881 2323/882
f 2110/883 2129/884 2099/885
f 2312/886 2101/887 2270/888
f 2109/889 2144/890 2118/891
f 2375/892 2154/893 2366/894
f 2155/895 2183/896 2164/897
f 2171/898 2200/899 2180/900
f 2411/901 2280/902 2402/903
f 2281/904 2234/905 2290/906
f 2219/907 2255/908 2226/909
f 2420/910 2245/911 2218/912
f 2430/913 2543/914 2537/915
f 1752/916 1876/917 1738/918
f 1966/919 1981/920 1991/921
f 1847/922 1856/923 1818/924
f 1800/925 1811/926 1820/927
f 1776/928 2086/929 1922/930
f 1901/931 1948/932 1956/933
f 2454/934 2437/935 2432/936
f 2444/937 2599/938 2587/939
f 2456/940 2617/941 2606/942
f 2481/943 2614/944 2469/945
f 2492/946 2625/947 2480/948
f 2505/949 2634/950 2495/951
f 2517/952 2559/953 2504/954
f 2528/955 2551/956 2516/957
f 2541/958 2570/959 2531/960
f 2433/961 2447/962 2429/963
f 2526/964 2519/965 2513/966
f 2538/967 2530/968 2525/969
f 2568/970 3336/971 2552/972
f 2453/973 2471/974 2459/975
f 2438/976 2605/977 2596/978
f 2445/979 2579/980 2540/981
f 2465/982 2482/983 2468/984
f 2477/985 2493/986 2483/987
f 2489/988 2506/989 2494/990
f 2501/991 2518/992 2507/993
f 2827/994 2670/995 2839/996
f 3299/997 2678/998 3288/999
f 2687/1000 2706/1001 2680/1002
f 2742/1003 3096/1004 2722/1005
f 3308/1006 2751/1007 2735/1008
f 3326/1009 2774/1010 2752/1011
f 2783/1012 2847/1013 2855/1014
f 2819/1015 2848/1016 2799/1017
f 2818/1018 2874/1019 2867/1020
f 3280/1021 2642/1022 3362/1023
f 3333/1024 2807/1025 2790/1026
f 3332/1027 3343/1028 2808/1029
f 3142/1030 2865/1031 3210/1032
f 3289/1033 2705/1034 3270/1035
f 2662/1036 2907/1037 2885/1038
f 3298/1039 2734/1040 2714/1041
f 2696/1042 2898/1043 2908/1044
f 2669/1045 2875/1046 2836/1047
f 2668/1048 2659/1049 2889/1050
f 2918/1051 3078/1052 2928/1053
f 3077/1054 3087/1055 2929/1056
f 2969/1057 2990/1058 3060/1059
f 3067/1060 2989/1061 3006/1062
f 3023/1063 3068/1064 3005/1065
f 3069/1066 3181/1067 3173/1068
f 3047/1069 3252/1070 2951/1071
f 2950/1072 2943/1073 3048/1074
f 3108/1075 2996/1076 2979/1077
f 3124/1078 2997/1079 3114/1080
f 3014/1081 3132/1082 3037/1083
f 2905/1084 3088/1085 3076/1086
f 2914/1087 2953/1088 3261/1089
f 2762/1090 2736/1091 2754/1092
f 2896/1093 3095/1094 3085/1095
f 2781/1096 2753/1097 2773/1098
f 3086/1099 3094/1100 2930/1101
f 2932/1102 2971/1103 2941/1104
f 2942/1105 3059/1106 3049/1107
f 2961/1108 2987/1109 2972/1110
f 2980/1111 3007/1112 2988/1113
f 2998/1114 3024/1115 3008/1116
f 3036/1117 3025/1118 3015/1119
f 2931/1120 3098/1121 2963/1122
f 2857/1123 3133/1124 3126/1125
f 3057/1126 3172/1127 3154/1128
f 3143/1129 3209/1130 3191/1131
f 3199/1132 3182/1133 3027/1134
f 3058/1135 3161/1136 3050/1137
f 3162/1138 3152/1139 3233/1140
f 3220/1141 2915/1142 3260/1143
f 2886/1144 3079/1145 2917/1146
f 3179/1147 3198/1148 3236/1149
f 3249/1150 3163/1151 3232/1152
f 3155/1153 3171/1154 3234/1155
f 3170/1156 3180/1157 3235/1158
f 3258/1159 3250/1160 3231/1161
f 3221/1162 3259/1163 3230/1164
f 3197/1165 3189/1166 3237/1167
f 3212/1168 3222/1169 3229/1170
f 3188/1171 3208/1172 3228/1173
f 3262/1174 2952/1175 3251/1176
f 3200/1177 3026/1178 3040/1179
f 3135/1180 3145/1181 3038/1182
f 3039/1183 3190/1184 3201/1185
f 3097/1186 2978/1187 2960/1188
f 2846/1189 3134/1190 2856/1191
f 2868/1192 3219/1193 3211/1194
f 3314/1195 2789/1196 2771/1197
f 2760/1198 3125/1199 3117/1200
f 2608/1201 3269/1202 2597/1203
f 2616/1204 3287/1205 2607/1206
f 2615/1207 3306/1208 3297/1209
f 3324/1210 2626/1211 2632/1212
f 2567/1213 3352/1214 3345/1215
f 2635/1216 3316/1217 3325/1218
f 2549/1219 3317/1220 2560/1221
f 2576/1222 3364/1223 3353/1224
f 2589/1225 3281/1226 3361/1227
f 2661/1228 2707/1229 2698/1230
f 2725/1231 2679/1232 2716/1233
f 2689/1234 2724/1235 2899/1236
f 2733/1237 2726/1238 2715/1239
f 2745/1240 3116/1241 3107/1242
f 2854/1243 2764/1244 2780/1245
f 2792/1246 2782/1247 2772/1248
f 2811/1249 2798/1250 2791/1251
f 2643/1252 2660/1253 2671/1254
f 2828/1255 2821/1256 2810/1257
f 3355/1258 2809/1259 3346/1260
f 3354/1261 2641/1262 2830/1263
f 2704/1264 3279/1265 3271/1266
f 2598/1267 3278/1268 2588/1269
f 2927/1270 2949/1271 2919/1272
f 2916/1273 2876/1274 2887/1275
f 11/1276 15/1277 7/4
f 13/1278 11/1276 8/1279
f 9/1280 12/1281 13/1278
f 10/2 12/1281 14/1282
f 16/1283 21/1284 24/1285
f 17/29 21/1284 20/1286
f 23/1287 22/1288 18/46
f 24/1285 23/1287 19/43
f 28/7 33/1289 36/1290
f 34/1291 32/1292 29/1293
f 30/1294 33/1295 34/1291
f 31/41 33/1296 35/1297
f 40/51 45/1298 48/1299
f 46/1300 44/1301 41/12
f 42/1302 45/1298 46/1300
f 43/1303 45/1298 47/1304
f 56/1305 60/1306 52/10
f 53/50 57/1307 56/1305
f 54/54 57/1307 58/1308
f 60/1306 59/1309 55/15
f 68/1310 72/1311 64/18
f 65/13 69/1312 68/1310
f 71/1313 70/1314 66/53
f 67/57 69/1312 71/1313
f 80/1315 84/1316 76/21
f 77/16 81/1317 80/1315
f 83/1318 82/1319 78/56
f 79/60 81/1317 83/1318
f 92/1320 96/1321 88/24
f 89/19 93/1322 92/1323
f 95/1324 94/1325 90/59
f 91/32 93/1326 95/1327
f 100/22 105/1328 108/1329
f 106/1330 104/1331 101/1332
f 102/35 105/1328 106/1330
f 108/1329 107/1333 103/27
f 116/1334 120/1335 112/45
f 113/25 117/1336 116/1334
f 119/1337 118/1338 114/1339
f 115/1340 117/1336 119/1337
f 121/1341 126/1342 129/1343
f 127/1344 125/1345 122/1346
f 123/23 126/1347 127/1348
f 129/1349 128/1350 124/37
f 134/1351 138/1352 130/289
f 131/1353 135/1354 134/1351
f 137/1355 136/1356 132/1357
f 133/20 135/1354 137/1355
f 139/26 144/1358 147/1359
f 145/1360 143/1361 140/283
f 146/1362 145/1360 141/1363
f 147/1359 146/1362 142/1364
f 148/44 153/1365 156/1366
f 154/1367 152/1368 149/292
f 155/1369 154/1367 150/1370
f 156/1366 155/1369 151/1371
f 162/1372 167/1373 157/1374
f 158/48 163/1375 162/1372
f 159/297 163/1375 164/1376
f 166/1377 165/1378 160/271
f 161/1379 163/1375 166/1377
f 172/1380 176/1381 168/47
f 169/6 173/1382 172/1380
f 175/1383 174/1384 170/339
f 171/295 173/1382 175/1383
f 181/1385 185/1386 177/5
f 183/1387 181/1388 178/9
f 184/1389 183/1387 179/276
f 180/337 182/1390 184/1391
f 186/11 191/1392 194/1393
f 192/1394 190/1395 187/279
f 188/274 191/1392 192/1394
f 194/1393 193/1396 189/8
f 199/1397 203/1398 195/1399
f 196/14 200/1400 199/1397
f 202/1401 201/1402 197/1403
f 203/1398 202/1401 198/277
f 208/1404 212/1405 204/1406
f 205/17 209/1407 208/1404
f 211/1408 210/1409 206/286
f 207/281 209/1407 211/1408
f 217/1410 221/1411 213/332
f 214/322 218/1412 217/1410
f 220/1413 219/1414 215/1415
f 216/335 218/1412 220/1413
f 222/88 227/1416 230/1417
f 228/1418 226/1419 223/299
f 229/1420 228/1418 224/1421
f 230/1417 229/1420 225/1422
f 235/1423 239/1424 231/116
f 232/323 236/1425 235/1423
f 238/1426 237/1427 233/1428
f 234/103 236/1425 238/1426
f 244/1429 248/1430 240/115
f 241/112 245/1431 244/1429
f 247/1432 246/1433 242/62
f 243/324 245/1431 247/1432
f 249/101 254/1434 257/1435
f 255/1436 253/1437 250/302
f 256/1438 255/1439 251/306
f 257/1440 256/1438 252/1441
f 262/1442 266/1443 258/67
f 264/1444 262/1445 259/1446
f 260/304 263/1447 264/1444
f 261/1448 263/1449 265/1450
f 267/109 272/1451 275/1452
f 273/1453 271/1454 268/1455
f 269/298 272/1451 273/1453
f 275/1452 274/1456 270/1457
f 276/65 281/1458 284/1459
f 282/1460 280/1461 277/305
f 283/1462 282/1460 278/300
f 284/1459 283/1462 279/90
f 289/1463 293/1464 285/303
f 291/1465 289/1463 286/1466
f 287/72 290/1467 291/1465
f 293/1464 292/1468 288/108
f 299/1469 304/1470 294/309
f 295/1471 300/1472 299/1469
f 302/1473 301/1474 296/68
f 297/301 300/1472 302/1473
f 304/1470 303/1475 298/107
f 309/1476 313/1477 305/106
f 311/1478 309/1476 306/71
f 312/1479 311/1478 307/159
f 313/1477 312/1479 308/311
f 318/1480 322/1481 314/1482
f 315/1483 319/1484 318/1480
f 321/1485 320/1486 316/73
f 317/307 319/1484 321/1485
f 327/1487 331/1488 323/165
f 324/315 328/1489 327/1487
f 330/1490 329/1491 325/312
f 326/158 328/1489 330/1490
f 337/1492 342/1493 332/310
f 333/314 338/1494 337/1492
f 340/1495 339/1496 334/77
f 335/268 338/1494 340/1495
f 342/1493 341/1497 336/1498
f 347/1499 351/1500 343/313
f 349/1501 347/1499 344/164
f 345/80 348/1502 349/1501
f 351/1500 350/1503 346/267
f 352/266 357/1504 360/1505
f 358/1506 356/1507 353/318
f 354/78 357/1504 358/1506
f 360/1505 359/1508 355/1509
f 365/1510 369/1511 361/1512
f 362/93 366/1513 365/1514
f 368/1515 367/1516 363/321
f 364/265 366/1517 368/1518
f 374/1519 378/1520 370/84
f 371/316 375/1521 374/1522
f 377/1523 376/1524 372/1525
f 373/320 375/1526 377/1527
f 384/1528 389/1529 379/92
f 380/96 385/1530 384/1528
f 387/1531 386/1532 381/330
f 388/1533 387/1531 382/327
f 383/319 385/1530 388/1533
f 394/1534 398/1535 390/82
f 391/1536 395/1537 394/1534
f 392/326 395/1537 396/1538
f 393/85 395/1537 397/1539
f 399/61 404/1540 407/1541
f 405/1542 403/1543 400/325
f 401/329 404/1540 405/1542
f 407/1541 406/1544 402/336
f 412/1545 416/1546 408/1547
f 409/1548 413/1549 412/1545
f 410/63 413/1549 414/1550
f 411/114 413/1549 415/1551
f 417/83 422/1552 425/1553
f 423/1554 421/1555 418/1556
f 419/259 422/1557 423/1558
f 425/1559 424/1560 420/1561
f 431/1562 436/1563 426/261
f 433/1564 431/1562 427/190
f 434/1565 433/1564 428/1566
f 429/76 432/1567 434/1565
f 430/317 432/1567 435/1568
f 437/87 442/1569 445/1570
f 443/1571 441/1572 438/262
f 444/1573 443/1571 439/98
f 445/1570 444/1573 440/1574
f 446/113 452/1575 456/1576
f 453/1577 451/1578 447/344
f 448/1579 452/1575 453/1577
f 449/1580 452/1575 454/1581
f 456/1576 455/1582 450/86
f 462/1583 467/1584 457/105
f 458/211 463/1585 462/1583
f 465/1586 464/1587 459/345
f 466/1588 465/1586 460/1589
f 461/117 463/1585 466/1588
f 472/1590 476/1591 468/1592
f 469/110 473/1593 472/1590
f 475/1594 474/1595 470/69
f 471/160 473/1596 475/1594
f 477/104 482/1597 485/1598
f 483/1599 481/1600 478/111
f 479/151 482/1597 483/1599
f 485/1598 484/1601 480/1602
f 486/209 493/1603 498/1604
f 494/1605 492/1606 487/343
f 488/213 493/1603 494/1605
f 496/1607 495/1608 489/118
f 490/342 493/1603 496/1607
f 498/1604 497/1609 491/154
f 499/171 506/1610 511/1611
f 507/1612 505/1613 500/166
f 501/172 506/1614 507/1612
f 502/340 506/1615 508/1616
f 510/1617 509/1618 503/120
f 504/189 506/1619 510/1617
f 516/1620 520/1621 512/140
f 513/1622 517/1623 516/1620
f 519/1624 518/1625 514/174
f 515/121 517/1626 519/1624
f 521/155 527/1627 531/1628
f 522/341 527/1627 526/1629
f 529/1630 528/1631 523/139
f 524/258 527/1627 529/1630
f 531/1628 530/1632 525/137
f 536/1633 540/1634 532/168
f 538/1635 536/1633 533/246
f 539/1636 538/1635 534/175
f 540/1634 539/1636 535/1637
f 545/1638 549/1639 541/1640
f 542/173 546/1641 545/1638
f 543/177 546/1641 547/1642
f 549/1639 548/1643 544/124
f 554/1644 558/1645 550/178
f 556/1646 554/1644 551/1647
f 552/245 555/1648 556/1646
f 558/1645 557/1649 553/144
f 563/1650 567/1651 559/180
f 560/128 564/1652 563/1650
f 566/1653 565/1654 561/125
f 562/176 564/1652 566/1653
f 572/1655 576/1656 568/146
f 569/181 573/1657 572/1655
f 575/1658 574/1659 570/1660
f 571/143 573/1657 575/1658
f 577/179 582/1661 585/1662
f 578/183 582/1661 581/1663
f 579/132 582/1661 583/1664
f 585/1662 584/1665 580/129
f 586/148 591/1666 594/1667
f 592/1668 590/1669 587/186
f 593/1670 592/1668 588/1671
f 594/1667 593/1670 589/1672
f 601/1673 607/1674 595/185
f 596/134 602/1675 601/1673
f 604/1676 603/1677 597/201
f 598/1678 602/1675 604/1676
f 606/1679 605/1680 599/130
f 600/182 602/1675 606/1679
f 613/1681 618/1682 608/150
f 615/1683 613/1681 609/249
f 610/253 614/1684 615/1683
f 617/1685 616/1686 611/135
f 612/184 614/1684 617/1685
f 619/123 624/1687 627/1688
f 625/1689 623/1690 620/204
f 621/256 624/1691 625/1692
f 627/1693 626/1694 622/141
f 628/122 634/1695 638/1696
f 629/126 634/1695 633/1697
f 636/1698 635/1699 630/1700
f 631/193 634/1695 636/1698
f 638/1696 637/1701 632/202
f 643/1702 647/1703 639/131
f 640/250 644/1704 643/1702
f 646/1705 645/1706 641/1707
f 642/127 644/1704 646/1705
f 648/119 653/1708 656/1709
f 654/1710 652/1711 649/212
f 650/153 653/1708 654/1710
f 656/1709 655/1712 651/187
f 657/169 662/1713 665/1714
f 663/1715 661/1716 658/188
f 659/152 662/1717 663/1715
f 665/1714 664/1718 660/162
f 671/1719 676/1720 666/170
f 667/161 672/1721 671/1719
f 674/1722 673/1723 668/308
f 675/1724 674/1722 669/244
f 670/167 672/1721 675/1724
f 677/142 682/1725 685/1726
f 683/1727 681/1728 678/1729
f 679/1730 682/1725 683/1727
f 685/1726 684/1731 680/75
f 690/1732 694/1733 686/1734
f 687/74 691/1735 690/1732
f 693/1736 692/1737 688/270
f 689/147 691/1735 693/1736
f 695/1738 700/1739 703/1740
f 701/1741 699/1742 696/145
f 697/269 700/1739 701/1741
f 703/1740 702/1743 698/192
f 704/149 709/1744 712/1745
f 710/1746 708/1747 705/191
f 706/260 709/1744 710/1746
f 712/1745 711/1748 707/247
f 718/1749 723/1750 713/196
f 714/1751 719/1752 718/1753
f 721/1754 720/1755 715/248
f 716/1756 719/1757 721/1754
f 717/97 719/1758 722/1759
f 724/195 729/1760 732/1761
f 730/1762 728/1763 725/220
f 731/1764 730/1762 726/206
f 727/1765 729/1766 731/1767
f 733/1768 738/1769 741/1770
f 734/203 738/1771 737/1772
f 740/1773 739/1774 735/205
f 741/1775 740/1773 736/218
f 742/252 747/1776 750/1777
f 748/1778 746/1779 743/223
f 749/1780 748/1778 744/221
f 745/194 747/1781 749/1782
f 751/251 756/1783 759/1784
f 757/1785 755/1786 752/200
f 753/214 756/1787 757/1788
f 759/1789 758/1790 754/224
f 760/254 765/1791 768/1792
f 761/198 765/1793 764/1794
f 767/1795 766/1796 762/238
f 768/1797 767/1795 763/242
f 769/255 775/1798 779/1799
f 776/1800 774/1801 770/241
f 771/215 775/1802 776/1800
f 772/199 775/1803 777/1804
f 779/1799 778/1805 773/133
f 780/197 786/1806 790/1807
f 787/1808 785/1809 781/99
f 782/264 786/1810 787/1808
f 789/1811 788/1812 783/235
f 790/1813 789/1811 784/239
f 795/1814 799/1815 791/232
f 797/1816 795/1814 792/236
f 793/263 796/1817 797/1818
f 794/208 796/1819 798/1820
f 800/216 811/1821 820/1822
f 801/243 811/1821 810/1823
f 802/240 811/1821 812/1824
f 803/237 811/1821 813/1825
f 804/234 811/1821 814/1826
f 805/231 811/1821 815/1827
f 817/1828 816/1829 806/219
f 818/1830 817/1828 807/207
f 819/1831 818/1830 808/222
f 820/1822 819/1831 809/225
f 821/257 826/1832 829/1833
f 827/1834 825/1835 822/217
f 828/1836 827/1834 823/230
f 824/138 826/1837 828/1838
f 830/136 836/1839 840/1840
f 831/229 836/1841 835/1842
f 838/1843 837/1844 832/233
f 833/210 836/1845 838/1846
f 840/1840 839/1847 834/156
f 845/1848 849/1849 841/66
f 842/89 846/1850 845/1848
f 848/1851 847/1852 843/1853
f 844/338 846/1850 848/1851
f 850/331 855/1854 858/1855
f 856/1856 854/1857 851/272
f 852/296 855/1854 856/1856
f 858/1855 857/1858 853/1859
f 859/64 864/1860 867/1861
f 865/1862 863/1863 860/1864
f 861/275 864/1865 865/1866
f 867/1867 866/1868 862/102
f 868/70 873/1869 876/1870
f 874/1871 872/1872 869/100
f 870/1873 873/1869 874/1871
f 871/278 873/1869 875/1874
f 877/1875 882/1876 885/1877
f 878/1878 882/1876 881/1879
f 879/280 882/1876 883/1880
f 885/1877 884/1881 880/157
f 886/291 891/1882 894/1883
f 892/1884 890/1885 887/81
f 893/1886 892/1884 888/1887
f 889/287 891/1882 893/1886
f 899/1888 903/1889 895/163
f 896/1890 900/1891 899/1888
f 897/282 900/1891 901/1892
f 898/288 900/1891 902/1893
f 909/1894 914/1895 904/79
f 911/1896 909/1894 905/290
f 906/39 910/1897 911/1898
f 913/1899 912/1900 907/94
f 908/91 910/1901 913/1899
f 919/1902 923/1903 915/95
f 916/38 920/1904 919/1902
f 917/285 920/1904 921/1905
f 918/328 920/1904 922/1906
f 928/1907 932/1908 924/1909
f 925/284 929/1910 928/1907
f 931/1911 930/1912 926/294
f 927/334 929/1910 931/1911
f 933/293 938/1913 941/1914
f 939/1915 937/1916 934/273
f 935/333 938/1913 939/1915
f 941/1914 940/1917 936/1918
f 952/1919 956/1920 948/350
f 949/1921 953/1922 952/1919
f 955/1923 954/1924 950/407
f 951/424 953/1922 955/1923
f 957/227 963/1925 967/1926
f 964/1927 962/1928 958/349
f 959/427 963/1925 964/1927
f 960/422 963/1925 965/1929
f 967/1926 966/1930 961/380
f 976/1931 981/1932 971/355
f 972/610 977/1933 976/1931
f 979/1934 978/1935 973/1936
f 980/1937 979/1934 974/1938
f 975/396 977/1939 980/1940
f 982/406 987/1941 990/1942
f 983/614 987/1941 986/1943
f 984/364 987/1941 988/1944
f 990/1942 989/1945 985/1946
f 991/432 996/1947 999/1948
f 997/1949 995/1950 992/356
f 993/395 996/1947 997/1949
f 994/353 996/1947 998/1951
f 1003/440 1009/1952 1013/1953
f 1010/1954 1008/1955 1004/430
f 1005/1956 1009/1952 1010/1954
f 1006/363 1009/1952 1011/1957
f 1013/1953 1012/1958 1007/1959
f 1020/442 1028/1960 1034/1961
f 1029/1962 1027/1963 1021/633
f 1022/372 1028/1960 1029/1962
f 1031/1964 1030/1965 1023/636
f 1032/1966 1031/1964 1024/409
f 1025/403 1028/1960 1032/1966
f 1034/1961 1033/1967 1026/369
f 1035/637 1040/1968 1043/1969
f 1041/1970 1039/1971 1036/1972
f 1037/1973 1040/1968 1041/1970
f 1043/1969 1042/1974 1038/439
f 1044/357 1050/1975 1054/1976
f 1051/1977 1049/1978 1045/431
f 1052/1979 1051/1977 1046/454
f 1047/1980 1050/1975 1052/1979
f 1054/1976 1053/1981 1048/611
f 1055/359 1060/1982 1063/1983
f 1061/1984 1059/1985 1056/448
f 1057/634 1060/1982 1061/1984
f 1063/1983 1062/1986 1058/371
f 1071/1987 1075/1988 1067/373
f 1068/449 1072/1989 1071/1990
f 1074/1991 1073/1992 1069/1993
f 1070/383 1072/1994 1074/1995
f 1083/1996 1087/1997 1079/374
f 1080/1998 1084/1999 1083/1996
f 1086/2000 1085/2001 1081/387
f 1082/376 1084/1999 1086/2000
f 1091/386 1096/2002 1099/2003
f 1092/348 1096/2002 1095/2004
f 1098/2005 1097/2006 1093/388
f 1094/2007 1096/2002 1098/2005
f 1100/347 1105/2008 1108/2009
f 1101/381 1105/2008 1104/2010
f 1102/2011 1105/2008 1106/2012
f 1108/2009 1107/2013 1103/389
f 1109/410 1117/2014 1123/2015
f 1118/2016 1116/2017 1110/635
f 1111/450 1117/2018 1118/2016
f 1112/375 1117/2019 1119/2020
f 1121/2021 1120/2022 1113/378
f 1114/400 1117/2019 1121/2021
f 1123/2023 1122/2024 1115/391
f 1124/421 1130/2025 1134/2026
f 1131/2027 1129/2028 1125/623
f 1132/2029 1131/2027 1126/401
f 1127/377 1130/2025 1132/2029
f 1134/2026 1133/2030 1128/390
f 1135/423 1140/2031 1143/2032
f 1141/2033 1139/2034 1136/429
f 1142/2035 1141/2033 1137/397
f 1138/624 1140/2031 1142/2035
f 1144/399 1150/2036 1154/2037
f 1145/418 1150/2036 1149/2038
f 1152/2039 1151/2040 1146/392
f 1147/402 1150/2036 1152/2039
f 1154/2037 1153/2041 1148/622
f 1155/404 1162/2042 1167/2043
f 1156/411 1162/2044 1161/2045
f 1164/2046 1163/2047 1157/393
f 1158/420 1162/2048 1164/2046
f 1159/626 1162/2049 1165/2050
f 1167/2043 1166/2051 1160/416
f 1168/438 1176/2052 1182/2053
f 1177/2054 1175/2055 1169/435
f 1170/598 1176/2052 1177/2054
f 1171/417 1176/2052 1178/2056
f 1180/2057 1179/2058 1172/625
f 1173/603 1176/2052 1180/2057
f 1182/2053 1181/2059 1174/412
f 1187/2060 1191/2061 1183/588
f 1189/2062 1187/2063 1184/601
f 1190/2064 1189/2062 1185/627
f 1191/2061 1190/2065 1186/419
f 1196/2066 1200/2067 1192/580
f 1193/586 1197/2068 1196/2066
f 1199/2069 1198/2070 1194/2071
f 1195/398 1197/2068 1199/2069
f 1201/579 1207/2072 1211/2073
f 1208/2074 1206/2075 1202/589
f 1203/581 1207/2072 1208/2074
f 1210/2076 1209/2077 1204/2078
f 1211/2073 1210/2076 1205/428
f 1217/2079 1222/2080 1212/577
f 1219/2081 1217/2079 1213/2082
f 1220/2083 1219/2081 1214/351
f 1221/2084 1220/2083 1215/426
f 1216/576 1218/2085 1221/2084
f 1223/574 1229/2086 1233/2087
f 1230/2088 1228/2089 1224/425
f 1225/366 1229/2086 1230/2088
f 1232/2090 1231/2091 1226/530
f 1233/2087 1232/2090 1227/571
f 1234/451 1239/2092 1242/2093
f 1240/2094 1238/2095 1235/531
f 1236/365 1239/2096 1240/2094
f 1242/2093 1241/2097 1237/612
f 1243/443 1250/2098 1255/2099
f 1244/368 1250/2098 1249/2100
f 1252/2101 1251/2102 1245/599
f 1246/434 1250/2098 1252/2101
f 1247/446 1250/2098 1253/2103
f 1248/362 1250/2098 1254/2104
f 1256/367 1261/2105 1264/2106
f 1262/2107 1260/2108 1257/405
f 1258/415 1261/2105 1262/2107
f 1264/2106 1263/2109 1259/600
f 1265/437 1272/2110 1277/2111
f 1273/2112 1271/2113 1266/630
f 1267/640 1272/2110 1273/2112
f 1268/617 1272/2110 1274/2114
f 1276/2115 1275/2116 1269/447
f 1277/2111 1276/2115 1270/433
f 1278/2117 1284/2118 1288/2119
f 1285/2120 1283/2121 1279/441
f 1280/445 1284/2118 1285/2120
f 1281/616 1284/2118 1286/2122
f 1288/2119 1287/2123 1282/621
f 1289/456 1294/2124 1297/2125
f 1295/2126 1293/2127 1290/457
f 1291/608 1294/2124 1295/2126
f 1297/2125 1296/2128 1292/452
f 1298/643 1305/2129 1310/2130
f 1306/2131 1304/2132 1299/461
f 1300/572 1305/2133 1306/2131
f 1308/2134 1307/2135 1301/529
f 1302/453 1305/2129 1308/2136
f 1310/2130 1309/2137 1303/607
f 1311/455 1316/2138 1319/2139
f 1317/2140 1315/2141 1312/639
f 1313/606 1316/2138 1317/2140
f 1319/2139 1318/2142 1314/458
f 1325/2143 1330/2144 1320/464
f 1321/597 1326/2145 1325/2143
f 1328/2146 1327/2147 1322/604
f 1323/638 1326/2145 1328/2146
f 1324/620 1326/2145 1329/2148
f 1337/2149 1343/2150 1331/596
f 1332/592 1338/2151 1337/2149
f 1333/2152 1338/2151 1339/2153
f 1341/2154 1340/2155 1334/609
f 1335/459 1338/2151 1341/2154
f 1343/2150 1342/2156 1336/605
f 1344/642 1350/2157 1354/2158
f 1351/2159 1349/2160 1345/532
f 1346/465 1350/2157 1351/2159
f 1347/619 1350/2157 1352/2161
f 1354/2158 1353/2162 1348/618
f 1355/641 1361/2163 1365/2164
f 1356/629 1361/2163 1360/2165
f 1363/2166 1362/2167 1357/585
f 1358/467 1361/2163 1363/2166
f 1365/2164 1364/2168 1359/533
f 1366/595 1372/2169 1376/2170
f 1373/2171 1371/2172 1367/463
f 1368/534 1372/2169 1373/2171
f 1375/2173 1374/2174 1369/466
f 1370/2175 1372/2169 1375/2173
f 1377/537 1382/2176 1385/2177
f 1383/2178 1381/2179 1378/570
f 1384/2180 1383/2178 1379/469
f 1385/2177 1384/2180 1380/547
f 1390/2181 1394/2182 1386/536
f 1392/2183 1390/2181 1387/497
f 1393/2184 1392/2183 1388/546
f 1394/2182 1393/2184 1389/568
f 1395/473 1400/2185 1403/2186
f 1401/2187 1399/2188 1396/2189
f 1397/545 1400/2190 1401/2187
f 1403/2186 1402/2191 1398/499
f 1408/2192 1412/2193 1404/472
f 1405/503 1409/2194 1408/2192
f 1411/2195 1410/2196 1406/2197
f 1407/569 1409/2198 1411/2195
f 1417/2199 1421/2200 1413/544
f 1419/2201 1417/2199 1414/2202
f 1420/2203 1419/2204 1415/476
f 1421/2205 1420/2203 1416/526
f 1422/2206 1427/2207 1430/2208
f 1428/2209 1426/2210 1423/528
f 1429/2211 1428/2212 1424/541
f 1430/2213 1429/2211 1425/500
f 1436/2214 1441/2215 1431/2216
f 1432/552 1437/2217 1436/2214
f 1439/2218 1438/2219 1433/478
f 1434/505 1437/2217 1439/2218
f 1441/2215 1440/2220 1435/2221
f 1446/2222 1450/2223 1442/542
f 1443/527 1447/2224 1446/2225
f 1449/2226 1448/2227 1444/507
f 1445/538 1447/2228 1449/2229
f 1455/2230 1459/2231 1451/553
f 1457/2232 1455/2230 1452/2233
f 1458/2234 1457/2232 1453/480
f 1459/2231 1458/2234 1454/509
f 1464/2235 1468/2236 1460/555
f 1461/481 1465/2237 1464/2238
f 1467/2239 1466/2240 1462/539
f 1463/506 1465/2241 1467/2242
f 1473/2243 1477/2244 1469/2245
f 1470/2246 1474/2247 1473/2243
f 1476/2248 1475/2249 1471/513
f 1472/556 1474/2247 1476/2248
f 1478/554 1483/2250 1486/2251
f 1484/2252 1482/2253 1479/558
f 1480/484 1483/2254 1484/2255
f 1486/2256 1485/2257 1481/482
f 1487/512 1492/2258 1495/2259
f 1493/2260 1491/2261 1488/516
f 1489/559 1492/2258 1493/2260
f 1495/2259 1494/2262 1490/2263
f 1496/487 1501/2264 1504/2265
f 1502/2266 1500/2267 1497/485
f 1498/557 1501/2268 1502/2269
f 1504/2270 1503/2271 1499/561
f 1509/2272 1513/2273 1505/2274
f 1506/515 1510/2275 1509/2272
f 1512/2276 1511/2277 1507/492
f 1508/517 1510/2278 1512/2276
f 1514/562 1519/2279 1522/2280
f 1520/2281 1518/2282 1515/488
f 1516/560 1519/2283 1520/2284
f 1522/2285 1521/2286 1517/519
f 1527/2287 1531/2288 1523/522
f 1524/567 1528/2289 1527/2287
f 1530/2290 1529/2291 1525/2292
f 1526/491 1528/2289 1530/2290
f 1536/2293 1540/2294 1532/563
f 1533/518 1537/2295 1536/2296
f 1534/566 1537/2297 1538/2298
f 1540/2294 1539/2299 1535/493
f 1545/2300 1549/2301 1541/471
f 1547/2302 1545/2300 1542/565
f 1543/521 1546/2303 1547/2302
f 1549/2301 1548/2304 1544/2305
f 1554/2306 1558/2307 1550/502
f 1556/2308 1554/2306 1551/494
f 1552/2309 1555/2310 1556/2311
f 1553/470 1555/2312 1557/2313
f 1569/2314 1579/2315 1559/489
f 1571/2316 1569/2314 1560/564
f 1572/2317 1571/2316 1561/495
f 1562/504 1570/2318 1572/2317
f 1563/474 1570/2318 1573/2319
f 1575/2320 1574/2321 1564/501
f 1565/543 1570/2318 1575/2320
f 1566/540 1570/2318 1576/2322
f 1578/2323 1577/2324 1567/483
f 1568/486 1570/2318 1578/2323
f 1585/2325 1590/2326 1580/573
f 1587/2327 1585/2325 1581/460
f 1582/498 1586/2328 1587/2327
f 1589/2329 1588/2330 1583/2331
f 1584/2332 1586/2328 1589/2329
f 1591/510 1598/2333 1603/2334
f 1592/479 1598/2333 1597/2335
f 1600/2336 1599/2337 1593/551
f 1594/593 1598/2333 1600/2336
f 1602/2338 1601/2339 1595/468
f 1596/584 1598/2333 1602/2338
f 1604/475 1609/2340 1612/2341
f 1605/644 1609/2340 1608/2342
f 1611/2343 1610/2344 1606/594
f 1612/2341 1611/2343 1607/550
f 1613/436 1620/2345 1625/2346
f 1614/414 1620/2345 1619/2347
f 1615/511 1620/2345 1621/2348
f 1623/2349 1622/2350 1616/508
f 1617/583 1620/2345 1623/2349
f 1625/2346 1624/2351 1618/628
f 1626/645 1631/2352 1634/2353
f 1632/2354 1630/2355 1627/477
f 1628/496 1631/2356 1632/2357
f 1629/462 1631/2358 1633/2359
f 1635/2360 1640/2361 1643/2362
f 1636/575 1640/2361 1639/2363
f 1642/2364 1641/2365 1637/535
f 1643/2362 1642/2364 1638/549
f 1648/2366 1652/2367 1644/2368
f 1645/413 1649/2369 1648/2366
f 1651/2370 1650/2371 1646/602
f 1647/514 1649/2369 1651/2370
f 1653/490 1658/2372 1661/2373
f 1659/2374 1657/2375 1654/2376
f 1655/2377 1658/2378 1659/2374
f 1656/587 1658/2379 1660/2380
f 1667/2381 1672/2382 1662/2383
f 1663/2384 1668/2385 1667/2381
f 1670/2386 1669/2387 1664/582
f 1665/591 1668/2385 1670/2386
f 1666/520 1668/2385 1671/2388
f 1673/590 1678/2389 1681/2390
f 1674/578 1678/2389 1677/2391
f 1675/548 1678/2389 1679/2392
f 1681/2390 1680/2393 1676/2394
f 1682/524 1687/2395 1690/2396
f 1688/2397 1686/2398 1683/654
f 1689/2399 1688/2397 1684/796
f 1690/2396 1689/2399 1685/812
f 1695/2400 1699/2401 1691/2402
f 1692/648 1696/2403 1695/2400
f 1698/2404 1697/2405 1693/817
f 1694/652 1696/2403 1698/2404
f 1704/2406 1708/2407 1700/670
f 1706/2408 1704/2406 1701/659
f 1702/2409 1705/2410 1706/2408
f 1703/819 1705/2410 1707/2411
f 1709/653 1714/2412 1717/2413
f 1715/2414 1713/2415 1710/658
f 1711/656 1714/2412 1715/2414
f 1717/2413 1716/2416 1712/2417
f 1718/667 1724/2418 1728/2419
f 1725/2420 1723/2421 1719/650
f 1726/2422 1725/2420 1720/813
f 1721/798 1724/2418 1726/2422
f 1728/2419 1727/2423 1722/847
f 1733/2424 1737/2425 1729/655
f 1730/794 1734/2426 1733/2424
f 1736/2427 1735/2428 1731/848
f 1732/797 1734/2426 1736/2427
f 1738/918 1745/2429 1750/2430
f 1746/2431 1744/2432 1739/2433
f 1740/765 1745/2429 1746/2431
f 1748/2434 1747/2435 1741/668
f 1742/849 1745/2429 1748/2434
f 1750/2430 1749/2436 1743/793
f 1751/682 1759/2437 1765/2438
f 1752/916 1759/2437 1758/2439
f 1761/2440 1760/2441 1753/795
f 1754/657 1759/2437 1761/2440
f 1755/660 1759/2437 1762/2442
f 1756/672 1759/2437 1763/2443
f 1765/2438 1764/2444 1757/687
f 1766/818 1771/2445 1774/2446
f 1772/2447 1770/2448 1767/661
f 1768/685 1771/2445 1772/2447
f 1774/2446 1773/2449 1769/671
f 1775/837 1782/2450 1787/2451
f 1783/2452 1781/2453 1776/928
f 1777/769 1782/2454 1783/2452
f 1785/2455 1784/2456 1778/2457
f 1786/2458 1785/2455 1779/686
f 1787/2459 1786/2458 1780/663
f 1793/2460 1798/2461 1788/767
f 1789/835 1794/2462 1793/2460
f 1796/2463 1795/2464 1790/662
f 1791/2465 1794/2466 1796/2463
f 1798/2467 1797/2468 1792/647
f 1803/2469 1807/2470 1799/800
f 1800/925 1804/2471 1803/2469
f 1806/2472 1805/2473 1801/713
f 1802/716 1804/2471 1806/2472
f 1808/2474 1813/2475 1816/2476
f 1809/675 1813/2475 1812/2477
f 1815/2478 1814/2479 1810/733
f 1816/2476 1815/2478 1811/926
f 1817/678 1824/2480 1829/2481
f 1825/2482 1823/2483 1818/924
f 1819/714 1824/2480 1825/2482
f 1827/2484 1826/2485 1820/927
f 1828/2486 1827/2484 1821/735
f 1829/2481 1828/2486 1822/679
f 1830/680 1837/2487 1842/2488
f 1831/734 1837/2487 1836/2489
f 1839/2490 1838/2491 1832/674
f 1833/723 1837/2487 1839/2490
f 1834/732 1837/2487 1840/2492
f 1842/2488 1841/2493 1835/720
f 1843/677 1849/2494 1853/2495
f 1850/2496 1848/2497 1844/2498
f 1845/702 1849/2494 1850/2496
f 1846/729 1849/2494 1851/2499
f 1853/2495 1852/2500 1847/922
f 1860/2501 1866/2502 1854/717
f 1855/712 1861/2503 1860/2501
f 1863/2504 1862/2505 1856/923
f 1857/728 1861/2503 1863/2504
f 1858/709 1861/2503 1864/2506
f 1866/2502 1865/2507 1859/705
f 1867/2508 1872/2509 1875/2510
f 1873/2511 1871/2512 1868/684
f 1869/801 1872/2513 1873/2514
f 1875/2515 1874/2516 1870/2517
f 1880/2518 1884/2519 1876/917
f 1877/715 1881/2520 1880/2521
f 1883/2522 1882/2523 1878/704
f 1879/665 1881/2524 1883/2525
f 1885/771 1891/2526 1895/2527
f 1892/2528 1890/2529 1886/721
f 1893/2530 1892/2528 1887/673
f 1888/799 1891/2531 1893/2530
f 1895/2532 1894/2533 1889/683
f 1902/2534 1908/2535 1896/762
f 1897/838 1903/2536 1902/2534
f 1905/2537 1904/2538 1898/692
f 1899/806 1903/2536 1905/2537
f 1907/2539 1906/2540 1900/690
f 1901/931 1903/2536 1907/2539
f 1909/803 1916/2541 1921/2542
f 1917/2543 1915/2544 1910/839
f 1911/761 1916/2545 1917/2543
f 1919/2546 1918/2547 1912/724
f 1913/718 1916/2548 1919/2546
f 1921/2549 1920/2550 1914/731
f 1922/930 1928/2551 1932/2552
f 1929/2553 1927/2554 1923/693
f 1924/840 1928/2551 1929/2553
f 1931/2555 1930/2556 1925/802
f 1926/2557 1928/2551 1931/2555
f 1938/2558 1943/2559 1933/808
f 1934/2560 1939/2561 1938/2558
f 1941/2562 1940/2563 1935/689
f 1936/746 1939/2561 1941/2562
f 1937/697 1939/2561 1942/2564
f 1949/2565 1954/2566 1944/810
f 1945/742 1950/2567 1949/2565
f 1952/2568 1951/2569 1946/700
f 1947/706 1950/2570 1952/2568
f 1954/2566 1953/2571 1948/932
f 1955/760 1960/2572 1963/2573
f 1961/2574 1959/2575 1956/933
f 1957/708 1960/2576 1961/2577
f 1963/2578 1962/2579 1958/725
f 1970/2580 1976/2581 1964/669
f 1965/764 1971/2582 1970/2580
f 1973/2583 1972/2584 1966/919
f 1967/2585 1971/2582 1973/2583
f 1975/2586 1974/2587 1968/739
f 1969/651 1971/2582 1975/2586
f 1982/2588 1987/2589 1977/763
f 1978/664 1983/2590 1982/2588
f 1979/841 1983/2590 1984/2591
f 1986/2592 1985/2593 1980/758
f 1981/920 1983/2590 1986/2592
f 1988/757 1993/2594 1996/2595
f 1994/2596 1992/2597 1989/755
f 1990/695 1993/2594 1994/2596
f 1996/2595 1995/2598 1991/921
f 1997/707 2003/2599 2007/2600
f 2004/2601 2002/2602 1998/676
f 1999/681 2003/2599 2004/2601
f 2006/2603 2005/2604 2000/719
f 2001/726 2003/2599 2006/2603
f 2008/727 2013/2605 2016/2606
f 2014/2607 2012/2608 2009/701
f 2010/744 2013/2609 2014/2610
f 2016/2611 2015/2612 2011/752
f 2021/2613 2025/2614 2017/710
f 2018/2615 2022/2616 2021/2613
f 2024/2617 2023/2618 2019/2619
f 2020/842 2022/2620 2024/2617
f 2026/2621 2031/2622 2034/2623
f 2032/2624 2030/2625 2027/666
f 2028/703 2031/2626 2032/2627
f 2034/2628 2033/2629 2029/711
f 2039/2630 2043/2631 2035/730
f 2036/722 2040/2632 2039/2630
f 2037/770 2040/2633 2041/2634
f 2038/804 2040/2635 2042/2636
f 2050/2637 2056/2638 2044/743
f 2045/809 2051/2639 2050/2637
f 2053/2640 2052/2641 2046/699
f 2047/737 2051/2642 2053/2643
f 2055/2644 2054/2645 2048/844
f 2049/753 2051/2642 2055/2644
f 2062/2646 2067/2647 2057/759
f 2058/843 2063/2648 2062/2646
f 2059/751 2063/2648 2064/2649
f 2066/2650 2065/2651 2060/846
f 2061/756 2063/2648 2066/2650
f 2072/2652 2076/2653 2068/738
f 2069/698 2073/2654 2072/2655
f 2075/2656 2074/2657 2070/2658
f 2071/749 2073/2659 2075/2660
f 2077/696 2082/2661 2085/2662
f 2083/2663 2081/2664 2078/754
f 2084/2665 2083/2663 2079/845
f 2080/2666 2082/2661 2084/2665
f 2092/2667 2098/2668 2086/929
f 2094/2669 2092/2667 2087/836
f 2088/2670 2093/2671 2094/2669
f 2096/2672 2095/2673 2089/831
f 2097/2674 2096/2672 2090/807
f 2091/691 2093/2671 2097/2674
f 2103/2675 2107/2676 2099/885
f 2105/2677 2103/2678 2100/2679
f 2101/887 2104/2680 2105/2677
f 2102/821 2104/2681 2106/2682
f 2112/2683 2116/2684 2108/773
f 2114/2685 2112/2683 2109/889
f 2115/2686 2114/2685 2110/883
f 2116/2684 2115/2686 2111/2687
f 2121/2688 2125/2689 2117/2690
f 2118/891 2122/2691 2121/2688
f 2124/2692 2123/2693 2119/829
f 2120/766 2122/2691 2124/2692
f 2126/768 2131/2694 2134/2695
f 2132/2696 2130/2697 2127/2698
f 2128/827 2131/2699 2132/2696
f 2134/2695 2133/2700 2129/884
f 2139/2701 2143/2702 2135/2703
f 2136/2704 2140/2705 2139/2701
f 2142/2706 2141/2707 2137/779
f 2138/775 2140/2705 2142/2706
f 2144/890 2149/2708 2152/2709
f 2150/2710 2148/2711 2145/777
f 2146/805 2149/2708 2150/2710
f 2152/2709 2151/2712 2147/830
f 2157/2713 2161/2714 2153/2715
f 2159/2716 2157/2713 2154/893
f 2160/2717 2159/2716 2155/895
f 2161/2714 2160/2717 2156/2718
f 2162/2719 2167/2720 2170/2721
f 2163/776 2167/2720 2166/2722
f 2164/897 2167/2720 2168/2723
f 2170/2721 2169/2724 2165/688
f 2171/898 2176/2725 2179/2726
f 2177/2727 2175/2728 2172/2729
f 2173/2730 2176/2725 2177/2727
f 2179/2726 2178/2731 2174/782
f 2184/2732 2188/2733 2180/900
f 2181/747 2185/2734 2184/2732
f 2187/2735 2186/2736 2182/2737
f 2183/896 2185/2734 2187/2735
f 2189/2738 2194/2739 2197/2740
f 2195/2741 2193/2742 2190/833
f 2191/784 2194/2743 2195/2741
f 2197/2740 2196/2744 2192/2745
f 2198/750 2203/2746 2206/2747
f 2204/2748 2202/2749 2199/745
f 2200/899 2203/2750 2204/2748
f 2206/2747 2205/2751 2201/786
f 2211/2752 2215/2753 2207/2754
f 2208/788 2212/2755 2211/2752
f 2214/2756 2213/2757 2209/823
f 2215/2753 2214/2756 2210/2758
f 2216/2759 2221/2760 2224/2761
f 2222/2762 2220/2763 2217/2764
f 2218/912 2221/2760 2222/2762
f 2224/2761 2223/2765 2219/907
f 2225/824 2230/2766 2233/2767
f 2231/2768 2229/2769 2226/909
f 2227/811 2230/2766 2231/2768
f 2233/2767 2232/2770 2228/2771
f 2234/905 2239/2772 2242/2773
f 2240/2774 2238/2775 2235/825
f 2236/649 2239/2772 2240/2774
f 2242/2773 2241/2776 2237/741
f 2247/2777 2251/2778 2243/792
f 2244/2779 2248/2780 2247/2777
f 2250/2781 2249/2782 2245/911
f 2246/815 2248/2780 2250/2781
f 2252/791 2257/2783 2260/2784
f 2258/2785 2256/2786 2253/525
f 2254/2787 2257/2783 2258/2785
f 2255/908 2257/2783 2259/2788
f 2261/828 2266/2789 2269/2790
f 2262/646 2266/2789 2265/2791
f 2268/2792 2267/2793 2263/523
f 2264/2794 2266/2789 2268/2792
f 2274/2795 2278/2796 2270/888
f 2271/826 2275/2797 2274/2795
f 2277/2798 2276/2799 2272/790
f 2273/2800 2275/2797 2277/2798
f 2279/2801 2284/2802 2287/2803
f 2285/2804 2283/2805 2280/902
f 2281/904 2284/2802 2285/2804
f 2287/2803 2286/2806 2282/2807
f 2292/2808 2296/2809 2288/748
f 2289/785 2293/2810 2292/2808
f 2295/2811 2294/2812 2290/906
f 2291/740 2293/2810 2295/2811
f 2301/2813 2305/2814 2297/694
f 2303/2815 2301/2813 2298/736
f 2304/2816 2303/2815 2299/2817
f 2305/2814 2304/2816 2300/2818
f 2312/886 2317/2819 2320/2820
f 2318/2821 2316/2822 2313/814
f 2314/881 2317/2819 2318/2821
f 2320/2820 2319/2823 2315/879
f 2325/2824 2329/2825 2321/2826
f 2322/2827 2326/2828 2325/2824
f 2323/882 2326/2828 2327/2829
f 2329/2825 2328/2830 2324/816
f 2334/2831 2338/2832 2330/822
f 2331/2833 2335/2834 2334/2835
f 2337/2836 2336/2837 2332/878
f 2333/854 2335/2838 2337/2839
f 2346/2840 2350/2841 2342/858
f 2348/2842 2346/2840 2343/774
f 2349/2843 2348/2842 2344/820
f 2345/2844 2347/2845 2349/2843
f 2358/2846 2362/2847 2354/780
f 2355/772 2359/2848 2358/2846
f 2361/2849 2360/2850 2356/857
f 2357/861 2359/2848 2361/2849
f 2366/894 2371/2851 2374/2852
f 2372/2853 2370/2854 2367/778
f 2368/860 2371/2851 2372/2853
f 2374/2852 2373/2855 2369/870
f 2375/892 2380/2856 2383/2857
f 2381/2858 2379/2859 2376/869
f 2377/863 2380/2856 2381/2858
f 2383/2857 2382/2860 2378/783
f 2391/2861 2395/2862 2387/834
f 2388/781 2392/2863 2391/2864
f 2394/2865 2393/2866 2389/2867
f 2390/866 2392/2868 2394/2869
f 2399/832 2404/2870 2407/2871
f 2405/2872 2403/2873 2400/2874
f 2401/873 2404/2870 2405/2872
f 2407/2871 2406/2875 2402/903
f 2415/2876 2419/2877 2411/901
f 2412/872 2416/2878 2415/2876
f 2413/876 2416/2878 2417/2879
f 2419/2877 2418/2880 2414/789
f 2424/2881 2428/2882 2420/910
f 2421/787 2425/2883 2424/2881
f 2427/2884 2426/2885 2422/875
f 2423/851 2425/2883 2427/2884
f 2439/2886 2443/2887 2435/2888
f 2436/2889 2440/2890 2439/2886
f 2437/935 2440/2890 2441/2891
f 2438/976 2440/2890 2442/2892
f 2448/2893 2452/2894 2444/937
f 2450/2895 2448/2893 2445/979
f 2446/2896 2449/2897 2450/2895
f 2447/962 2449/2897 2451/2898
f 2456/940 2461/2899 2464/2900
f 2462/2901 2460/2902 2457/2903
f 2458/2904 2461/2905 2462/2901
f 2464/2900 2463/2906 2459/975
f 2472/2907 2476/2908 2468/984
f 2469/945 2473/2909 2472/2907
f 2475/2910 2474/2911 2470/2912
f 2471/974 2473/2909 2475/2910
f 2480/948 2485/2913 2488/2914
f 2486/2915 2484/2916 2481/943
f 2482/983 2485/2913 2486/2915
f 2488/2914 2487/2917 2483/987
f 2492/946 2497/2918 2500/2919
f 2493/986 2497/2918 2496/2920
f 2494/990 2497/2918 2498/2921
f 2500/2919 2499/2922 2495/951
f 2508/2923 2512/2924 2504/954
f 2505/949 2509/2925 2508/2923
f 2511/2926 2510/2927 2506/989
f 2507/993 2509/2925 2511/2926
f 2520/2928 2524/2929 2516/957
f 2517/952 2521/2930 2520/2931
f 2523/2932 2522/2933 2518/992
f 2519/965 2521/2934 2523/2935
f 2528/955 2533/2936 2536/2937
f 2534/2938 2532/2939 2529/2940
f 2530/968 2533/2936 2534/2938
f 2536/2937 2535/2941 2531/960
f 2544/2942 2548/2943 2540/981
f 2541/958 2545/2944 2544/2942
f 2547/2945 2546/2946 2542/2947
f 2543/914 2545/2944 2547/2945
f 2549/1219 2554/2948 2557/2949
f 2555/2950 2553/2951 2550/2952
f 2551/956 2554/2953 2555/2954
f 2557/2955 2556/2956 2552/972
f 2562/2957 2566/2958 2558/2959
f 2559/953 2563/2960 2562/2957
f 2565/2961 2564/2962 2560/1221
f 2561/2963 2563/2960 2565/2961
f 2571/2964 2575/2965 2567/1213
f 2568/970 2572/2966 2571/2964
f 2574/2967 2573/2968 2569/2969
f 2570/959 2572/2966 2574/2967
f 2580/2970 2584/2971 2576/1222
f 2582/2972 2580/2970 2577/2973
f 2583/2974 2582/2972 2578/2975
f 2579/980 2581/2976 2583/2974
f 2585/2977 2591/2978 2595/2979
f 2592/2980 2590/2981 2586/2982
f 2593/2983 2592/2980 2587/939
f 2588/1269 2591/2978 2593/2983
f 2595/2979 2594/2984 2589/1225
f 2600/2985 2604/2986 2596/978
f 2602/2987 2600/2985 2597/1203
f 2603/2988 2602/2987 2598/1267
f 2604/2986 2603/2988 2599/938
f 2605/977 2610/2989 2613/2990
f 2611/2991 2609/2992 2606/942
f 2612/2993 2611/2991 2607/1206
f 2613/2990 2612/2994 2608/1201
f 2618/2995 2622/2996 2614/944
f 2620/2997 2618/2995 2615/1207
f 2621/2998 2620/2997 2616/1204
f 2622/2996 2621/2998 2617/941
f 2627/2999 2631/3000 2623/3001
f 2629/3002 2627/2999 2624/3003
f 2630/3004 2629/3002 2625/947
f 2631/3000 2630/3004 2626/1211
f 2636/3005 2640/3006 2632/1212
f 2638/3007 2636/3005 2633/3008
f 2634/950 2637/3009 2638/3007
f 2640/3006 2639/3010 2635/1216
f 2645/3011 2649/3012 2641/1262
f 2647/3013 2645/3011 2642/1022
f 2648/3014 2647/3013 2643/1252
f 2649/3012 2648/3014 2644/3015
f 2650/3016 2655/3017 2658/3018
f 2656/3019 2654/3020 2651/3021
f 2652/3022 2655/3017 2656/3019
f 2658/3018 2657/3023 2653/3024
f 2663/3025 2667/3026 2659/1049
f 2660/1253 2664/3027 2663/3025
f 2666/3028 2665/3029 2661/1228
f 2662/1036 2664/3027 2666/3028
f 2672/3030 2676/3031 2668/1048
f 2669/1045 2673/3032 2672/3030
f 2675/3033 2674/3034 2670/995
f 2671/1254 2673/3032 2675/3033
f 2681/3035 2685/3036 2677/3037
f 2678/998 2682/3038 2681/3039
f 2684/3040 2683/3041 2679/1232
f 2685/3036 2684/3042 2680/1002
f 2690/3043 2694/3044 2686/3045
f 2687/1000 2691/3046 2690/3043
f 2688/3047 2691/3048 2692/3049
f 2694/3050 2693/3051 2689/1234
f 2695/3052 2700/3053 2703/3054
f 2696/1042 2700/3053 2699/3055
f 2702/3056 2701/3057 2697/3058
f 2698/1230 2700/3053 2702/3056
f 2708/3059 2712/3060 2704/1264
f 2705/1034 2709/3061 2708/3059
f 2711/3062 2710/3063 2706/1001
f 2707/1229 2709/3061 2711/3062
f 2717/3064 2721/3065 2713/3066
f 2714/1041 2718/3067 2717/3064
f 2720/3068 2719/3069 2715/1239
f 2716/1233 2718/3067 2720/3068
f 2727/3070 2732/3071 2722/1005
f 2723/3072 2728/3073 2727/3070
f 2730/3074 2729/3075 2724/1235
f 2725/1231 2728/3073 2730/3074
f 2732/3071 2731/3076 2726/1238
f 2737/3077 2741/3078 2733/1237
f 2739/3079 2737/3077 2734/1040
f 2740/3080 2739/3079 2735/1008
f 2741/3078 2740/3080 2736/1091
f 2742/1003 2747/3081 2750/3082
f 2748/3083 2746/3084 2743/3085
f 2744/3086 2747/3081 2748/3083
f 2750/3082 2749/3087 2745/1240
f 2751/1007 2756/3088 2759/3089
f 2757/3090 2755/3091 2752/1011
f 2753/1097 2756/3088 2757/3090
f 2759/3089 2758/3092 2754/1092
f 2760/1198 2766/3093 2770/3094
f 2767/3095 2765/3096 2761/3097
f 2768/3098 2767/3095 2762/1090
f 2763/3099 2766/3093 2768/3098
f 2770/3094 2769/3100 2764/1244
f 2775/3101 2779/3102 2771/1197
f 2777/3103 2775/3101 2772/1248
f 2778/3104 2777/3103 2773/1098
f 2774/1010 2776/3105 2778/3104
f 2784/3106 2788/3107 2780/1245
f 2781/1096 2785/3108 2784/3106
f 2782/1247 2785/3108 2786/3109
f 2783/1012 2785/3108 2787/3110
f 2793/3111 2797/3112 2789/1196
f 2795/3113 2793/3114 2790/1026
f 2796/3115 2795/3113 2791/1251
f 2797/3112 2796/3116 2792/1246
f 2798/1250 2803/3117 2806/3118
f 2804/3119 2802/3120 2799/1017
f 2800/3121 2803/3122 2804/3123
f 2801/3124 2803/3125 2805/3126
f 2812/3127 2817/3128 2807/1025
f 2808/1029 2813/3129 2812/3127
f 2815/3130 2814/3131 2809/1259
f 2816/3132 2815/3130 2810/1257
f 2811/1249 2813/3129 2816/3132
f 2818/1018 2823/3133 2826/3134
f 2824/3135 2822/3136 2819/1015
f 2820/3137 2823/3133 2824/3135
f 2821/1256 2823/3133 2825/3138
f 2831/3139 2835/3140 2827/994
f 2833/3141 2831/3139 2828/1255
f 2834/3142 2833/3141 2829/3143
f 2835/3140 2834/3142 2830/1263
f 2836/1047 2841/3144 2844/3145
f 2842/3146 2840/3147 2837/3148
f 2838/3149 2841/3144 2842/3146
f 2839/996 2841/3144 2843/3150
f 2849/3151 2853/3152 2845/3153
f 2846/1189 2850/3154 2849/3155
f 2852/3156 2851/3157 2847/1013
f 2848/1016 2850/3158 2852/3159
f 2859/3160 2864/3161 2854/1243
f 2861/3162 2859/3160 2855/1014
f 2856/1191 2860/3163 2861/3162
f 2863/3164 2862/3165 2857/1123
f 2858/3166 2860/3163 2863/3164
f 2865/1031 2870/3167 2873/3168
f 2871/3169 2869/3170 2866/3171
f 2867/1020 2870/3167 2871/3169
f 2873/3168 2872/3172 2868/1192
f 2879/3173 2884/3174 2874/1019
f 2875/1046 2880/3175 2879/3173
f 2882/3176 2881/3177 2876/1274
f 2883/3178 2882/3176 2877/3179
f 2878/3180 2880/3175 2883/3178
f 2890/3181 2895/3182 2885/1038
f 2886/1144 2891/3183 2890/3181
f 2893/3184 2892/3185 2887/1275
f 2894/3186 2893/3184 2888/3187
f 2889/1050 2891/3183 2894/3186
f 2896/1093 2901/3188 2904/3189
f 2902/3190 2900/3191 2897/3192
f 2898/1043 2901/3193 2902/3190
f 2904/3189 2903/3194 2899/1236
f 2905/1084 2910/3195 2913/3196
f 2911/3197 2909/3198 2906/3199
f 2907/1037 2910/3195 2911/3197
f 2913/3196 2912/3200 2908/1044
f 2920/3201 2926/3202 2914/1087
f 2915/1142 2921/3203 2920/3201
f 2923/3204 2922/3205 2916/1273
f 2917/1146 2921/3203 2923/3204
f 2925/3206 2924/3207 2918/1051
f 2919/1272 2921/3203 2925/3206
f 2927/1270 2934/3208 2939/3209
f 2935/3210 2933/3211 2928/1053
f 2929/1056 2934/3212 2935/3210
f 2930/1101 2934/3213 2936/3214
f 2938/3215 2937/3216 2931/1120
f 2932/1102 2934/3217 2938/3215
f 2940/3218 2945/3219 2948/3220
f 2941/1104 2945/3221 2944/3222
f 2942/1105 2945/3223 2946/3224
f 2948/3220 2947/3225 2943/1073
f 2949/1271 2955/3226 2959/3227
f 2956/3228 2954/3229 2950/1072
f 2951/1071 2955/3226 2956/3228
f 2958/3230 2957/3231 2952/1175
f 2953/1088 2955/3226 2958/3230
f 2964/3232 2968/3233 2960/1188
f 2966/3234 2964/3232 2961/1108
f 2967/3235 2966/3234 2962/3236
f 2968/3233 2967/3235 2963/1122
f 2969/1057 2974/3237 2977/3238
f 2975/3239 2973/3240 2970/3241
f 2971/1103 2974/3237 2975/3239
f 2972/1110 2974/3237 2976/3242
f 2978/1187 2983/3243 2986/3244
f 2984/3245 2982/3246 2979/1077
f 2980/1111 2983/3243 2984/3245
f 2986/3244 2985/3247 2981/3248
f 2987/1109 2992/3249 2995/3250
f 2993/3251 2991/3252 2988/1113
f 2989/1061 2992/3249 2993/3251
f 2995/3250 2994/3253 2990/1058
f 2996/1076 3001/3254 3004/3255
f 3002/3256 3000/3257 2997/1079
f 2998/1114 3001/3254 3002/3256
f 3004/3255 3003/3258 2999/3259
f 3005/1065 3010/3260 3013/3261
f 3011/3262 3009/3263 3006/1062
f 3007/1112 3010/3260 3011/3262
f 3013/3261 3012/3264 3008/1116
f 3018/3265 3022/3266 3014/1081
f 3015/1119 3019/3267 3018/3265
f 3021/3268 3020/3269 3016/3270
f 3017/3271 3019/3267 3021/3268
f 3029/3272 3035/3273 3023/1063
f 3024/1115 3030/3274 3029/3272
f 3032/3275 3031/3276 3025/1118
f 3026/1178 3030/3274 3032/3275
f 3034/3277 3033/3278 3027/1134
f 3028/3279 3030/3274 3034/3277
f 3036/1117 3042/3280 3046/3281
f 3037/1083 3042/3280 3041/3282
f 3044/3283 3043/3284 3038/1182
f 3039/1183 3042/3280 3044/3283
f 3046/3281 3045/3285 3040/1179
f 3047/1069 3052/3286 3055/3287
f 3053/3288 3051/3289 3048/1074
f 3049/1107 3052/3290 3053/3291
f 3055/3292 3054/3293 3050/1137
f 3061/3294 3066/3295 3056/3296
f 3057/1126 3062/3297 3061/3294
f 3064/3298 3063/3299 3058/1135
f 3059/1106 3062/3297 3064/3298
f 3060/1059 3062/3297 3065/3300
f 3067/1060 3072/3301 3075/3302
f 3073/3303 3071/3304 3068/1064
f 3069/1066 3072/3301 3073/3303
f 3075/3302 3074/3305 3070/3306
f 3076/1086 3081/3307 3084/3308
f 3082/3309 3080/3310 3077/1054
f 3078/1052 3081/3307 3082/3309
f 3084/3308 3083/3311 3079/1145
f 3089/3312 3093/3313 3085/1095
f 3086/1099 3090/3314 3089/3312
f 3092/3315 3091/3316 3087/1055
f 3088/1085 3090/3317 3092/3315
f 3099/3318 3104/3319 3094/1100
f 3095/1094 3100/3320 3099/3318
f 3102/3321 3101/3322 3096/1004
f 3097/1186 3100/3320 3102/3321
f 3098/1121 3100/3320 3103/3323
f 3109/3324 3113/3325 3105/3326
f 3106/3327 3110/3328 3109/3324
f 3112/3329 3111/3330 3107/1242
f 3108/1075 3110/3328 3112/3329
f 3114/1080 3119/3331 3122/3332
f 3120/3333 3118/3334 3115/3335
f 3116/1241 3119/3331 3120/3333
f 3122/3332 3121/3336 3117/1200
f 3123/3337 3128/3338 3131/3339
f 3129/3340 3127/3341 3124/1078
f 3125/1199 3128/3338 3129/3340
f 3131/3339 3130/3342 3126/1125
f 3132/1082 3137/3343 3140/3344
f 3138/3345 3136/3346 3133/1124
f 3134/1190 3137/3343 3138/3345
f 3140/3344 3139/3347 3135/1180
f 3141/3348 3147/3349 3151/3350
f 3142/1030 3147/3351 3146/3352
f 3149/3353 3148/3354 3143/1129
f 3144/3355 3147/3356 3149/3357
f 3151/3350 3150/3358 3145/1181
f 3156/3359 3160/3360 3152/1139
f 3153/3361 3157/3362 3156/3363
f 3154/1128 3157/3364 3158/3365
f 3160/3360 3159/3366 3155/1153
f 3161/1136 3166/3367 3169/3368
f 3167/3369 3165/3370 3162/1138
f 3168/3371 3167/3369 3163/1151
f 3164/3372 3166/3373 3168/3374
f 3174/3375 3178/3376 3170/1156
f 3176/3377 3174/3375 3171/1154
f 3172/1127 3175/3378 3176/3379
f 3173/1068 3175/3380 3177/3381
f 3183/3382 3187/3383 3179/1147
f 3185/3384 3183/3382 3180/1157
f 3181/1067 3184/3385 3185/3386
f 3182/1133 3184/3387 3186/3388
f 3192/3389 3196/3390 3188/1171
f 3194/3391 3192/3389 3189/1166
f 3190/1184 3193/3392 3194/3393
f 3191/1131 3193/3394 3195/3395
f 3202/3396 3207/3397 3197/1165
f 3198/1148 3203/3398 3202/3396
f 3199/1132 3203/3399 3204/3400
f 3206/3401 3205/3402 3200/1177
f 3201/1185 3203/3403 3206/3401
f 3213/3404 3218/3405 3208/1172
f 3209/1130 3214/3406 3213/3407
f 3216/3408 3215/3409 3210/1032
f 3211/1194 3214/3410 3216/3408
f 3218/3405 3217/3411 3212/1168
f 3219/1193 3224/3412 3227/3413
f 3220/1141 3224/3414 3223/3415
f 3226/3416 3225/3417 3221/1162
f 3227/3418 3226/3416 3222/1169
f 3228/1173 3239/3419 3248/3420
f 3229/1170 3239/3419 3238/3421
f 3230/1164 3239/3419 3240/3422
f 3231/1161 3239/3419 3241/3423
f 3232/1152 3239/3419 3242/3424
f 3244/3425 3243/3426 3233/1140
f 3245/3427 3244/3425 3234/1155
f 3235/1158 3239/3419 3245/3427
f 3236/1149 3239/3419 3246/3428
f 3237/1167 3239/3419 3247/3429
f 3253/3430 3257/3431 3249/1150
f 3255/3432 3253/3430 3250/1160
f 3251/1176 3254/3433 3255/3434
f 3252/1070 3254/3435 3256/3436
f 3258/1159 3264/3437 3268/3438
f 3265/3439 3263/3440 3259/1163
f 3260/1143 3264/3441 3265/3442
f 3267/3443 3266/3444 3261/1089
f 3262/1174 3264/3445 3267/3443
f 3269/1202 3274/3446 3277/3447
f 3275/3448 3273/3449 3270/1035
f 3271/1266 3274/3446 3275/3448
f 3277/3447 3276/3450 3272/3451
f 3278/1268 3283/3452 3286/3453
f 3284/3454 3282/3455 3279/1265
f 3280/1021 3283/3452 3284/3454
f 3286/3453 3285/3456 3281/1226
f 3287/1205 3292/3457 3295/3458
f 3293/3459 3291/3460 3288/999
f 3289/1033 3292/3461 3293/3462
f 3295/3463 3294/3464 3290/3465
f 3296/3466 3301/3467 3304/3468
f 3302/3469 3300/3470 3297/1209
f 3298/1039 3301/3467 3302/3469
f 3304/3468 3303/3471 3299/997
f 3309/3472 3313/3473 3305/3474
f 3306/1208 3310/3475 3309/3472
f 3307/3476 3310/3475 3311/3477
f 3313/3473 3312/3478 3308/1006
f 3318/3479 3322/3480 3314/1195
f 3315/3481 3319/3482 3318/3479
f 3316/1217 3319/3482 3320/3483
f 3317/1220 3319/3482 3321/3484
f 3323/3485 3328/3486 3331/3487
f 3324/1210 3328/3486 3327/3488
f 3325/1218 3328/3486 3329/3489
f 3331/3487 3330/3490 3326/1009
f 3337/3491 3342/3492 3332/1027
f 3333/1024 3338/3493 3337/3491
f 3334/3494 3338/3495 3339/3496
f 3341/3497 3340/3498 3335/3499
f 3336/971 3338/3500 3341/3501
f 3347/3502 3351/3503 3343/1028
f 3344/3504 3348/3505 3347/3502
f 3345/1215 3348/3505 3349/3506
f 3351/3503 3350/3507 3346/1260
f 3352/1214 3357/3508 3360/3509
f 3358/3510 3356/3511 3353/1224
f 3354/1261 3357/3508 3358/3510
f 3360/3509 3359/3512 3355/1258
f 3365/3513 3369/3514 3361/1227
f 3362/1023 3366/3515 3365/3513
f 3368/3516 3367/3517 3363/3518
f 3364/1223 3366/3515 3368/3516
f 279/90 845/1848 284/1459
f 284/1459 841/66 276/65
f 3353/1224 2580/2970 2576/1222
f 3356/3511 2577/2973 2580/2970
f 948/350 962/1928 952/1919
f 952/1919 957/227 949/1921
f 1559/489 1500/2267 1496/487
f 1579/2315 1497/485 1500/2267
f 658/188 511/3519 504/189
f 661/3520 499/171 511/1611
f 1454/509 1473/2243 1459/2231
f 1459/2231 1469/2245 1451/553
f 2589/1225 3369/3514 2595/2979
f 2595/2979 3364/1223 2585/2977
f 252/1441 867/1861 257/1440
f 257/1435 862/102 249/101
f 2614/944 2627/2999 2618/2995
f 2618/2995 2623/3001 2615/1207
f 437/87 398/1535 393/85
f 445/1570 390/82 398/1535
f 1045/431 995/1950 991/432
f 1049/1978 992/356 995/1950
f 2279/2801 2407/2871 2283/2805
f 2283/2805 2402/903 2280/902
f 2120/766 2134/2695 2125/2689
f 2125/2689 2129/884 2117/2690
f 3229/1170 3218/3405 3212/1168
f 3238/3421 3208/1172 3218/3405
f 178/9 32/3521 28/7
f 181/1385 29/1293 32/1292
f 503/120 656/1709 510/1617
f 510/1617 651/187 504/189
f 2644/3015 2835/3140 2649/3012
f 2649/3012 2830/1263 2641/1262
f 1026/369 1249/2100 1034/1961
f 1034/1961 1243/443 1020/442
f 1517/519 1536/2296 1522/2285
f 1522/2280 1532/563 1514/562
f 1517/519 1513/3522 1508/517
f 1521/3523 1505/2274 1513/2273
f 1662/2383 1531/2288 1526/491
f 1672/2382 1523/522 1531/2288
f 3297/1209 2620/2997 2615/1207
f 3300/3470 2616/1204 2620/2997
f 2633/3008 2630/3004 2625/947
f 2636/3005 2626/1211 2630/3004
f 314/1482 304/1470 298/107
f 322/1481 294/309 304/1470
f 298/107 293/1464 288/108
f 303/1475 285/303 293/1464
f 1507/492 1530/2290 1512/2276
f 1512/2276 1525/2292 1508/517
f 1964/669 1723/2421 1718/667
f 1976/2581 1719/650 1723/2421
f 3211/1194 3227/3413 3217/3524
f 3217/3411 3222/1169 3212/1168
f 878/1878 876/1870 871/278
f 881/1879 868/70 876/1870
f 306/71 292/1468 287/72
f 309/1476 288/108 292/1468
f 2605/977 2600/2985 2596/978
f 2613/2990 2597/1203 2600/2985
f 2529/2940 2524/2929 2519/965
f 2532/2939 2516/957 2524/2929
f 2201/786 2292/2808 2206/2747
f 2206/2747 2288/748 2198/750
f 2504/954 2562/2957 2508/2923
f 2508/2923 2558/2959 2505/949
f 2145/777 2143/2702 2138/775
f 2148/2711 2135/2703 2143/2702
f 950/407 990/1942 955/1923
f 955/1923 985/1946 951/424
f 3259/1163 3241/3423 3230/1164
f 3263/3440 3231/1161 3241/3423
f 2174/782 2197/2740 2179/2726
f 2179/2726 2192/2745 2171/898
f 3230/1164 3226/3416 3221/1162
f 3240/3422 3222/1169 3226/3416
f 666/170 505/1613 499/171
f 676/1720 500/166 505/1613
f 1674/578 1206/2075 1201/579
f 1677/2391 1202/589 1206/2075
f 1460/555 1486/2251 1464/2235
f 1464/2238 1481/482 1461/481
f 1423/528 1421/2205 1416/526
f 1426/3525 1413/544 1421/2200
f 1174/412 1619/2347 1182/2053
f 1182/2053 1613/436 1168/438
f 392/326 412/1545 397/1539
f 397/1539 408/1547 393/85
f 2210/2758 2285/2804 2215/2753
f 2215/2753 2280/902 2207/2754
f 346/267 360/1505 351/1500
f 351/1500 355/1509 343/313
f 3261/1089 2920/3201 2914/1087
f 3266/3444 2915/1142 2920/3201
f 3250/1160 3242/3424 3231/1161
f 3253/3430 3232/1152 3242/3424
f 1257/405 1033/1967 1025/403
f 1260/2108 1026/369 1033/1967
f 112/45 24/1285 19/43
f 120/1335 16/1283 24/1285
f 1038/439 1283/2121 1043/1969
f 1283/2121 1035/637 1043/1969
f 2607/1206 3295/3458 2612/2993
f 2612/2994 3290/3465 2608/1201
f 2597/1203 3277/3447 2602/2987
f 2602/2987 3272/3451 2598/1267
f 1415/476 1441/2215 1420/2203
f 1420/2203 1435/2221 1416/526
f 1202/589 1670/2386 1208/2074
f 1208/2074 1664/582 1203/581
f 1550/502 1572/2317 1554/2306
f 1554/2306 1561/495 1551/494
f 896/1890 331/1488 326/158
f 899/1888 323/165 331/1488
f 2468/984 2467/3526 2465/982
f 2476/2908 2466/3527 2467/3526
f 225/1422 858/1855 230/1417
f 230/1417 853/1859 222/88
f 525/137 840/1840 531/1628
f 531/1628 834/156 521/155
f 3008/1116 3029/3272 3013/3261
f 3013/3261 3023/1063 3005/1065
f 1654/2376 1511/3528 1506/515
f 1657/3529 1507/492 1511/2277
f 3220/1141 3265/3442 3225/3530
f 3225/3417 3259/1163 3221/1162
f 3133/1124 3131/3339 3126/1125
f 3136/3346 3123/3337 3131/3339
f 853/1859 847/1852 842/89
f 857/1858 843/1853 847/1852
f 1541/471 1557/2313 1545/2300
f 1545/2300 1552/2309 1542/565
f 2525/969 2534/2938 2527/3531
f 2527/3531 2529/2940 2526/964
f 3014/1081 3041/3282 3018/3265
f 3018/3265 3036/1117 3015/1119
f 821/257 530/1632 524/258
f 829/1833 525/137 530/1632
f 399/61 414/1550 403/1543
f 403/1543 409/1548 400/325
f 1038/439 1008/1955 1003/440
f 1042/1974 1004/430 1008/1955
f 619/123 520/3532 515/121
f 627/1693 512/140 520/1621
f 1664/582 1196/2066 1192/580
f 1669/2387 1193/586 1196/2066
f 2459/975 2475/2910 2464/2900
f 2464/2900 2470/2912 2456/940
f 2180/900 2204/2748 2184/2732
f 2184/2732 2199/745 2181/747
f 3355/1258 2834/3142 2829/3143
f 3359/3512 2830/1263 2834/3142
f 3025/1118 3020/3269 3015/1119
f 3031/3276 3016/3270 3020/3269
f 2020/842 2034/2623 2025/3533
f 2025/2614 2029/711 2017/710
f 870/1873 866/1868 861/275
f 874/1871 862/102 866/1868
f 1423/528 1446/2225 1428/2209
f 1428/2212 1442/542 1424/541
f 1524/567 1538/2298 1529/2291
f 1529/2291 1533/518 1525/2292
f 2087/836 1781/2453 1775/837
f 2092/2667 1776/928 1781/2453
f 1018/360 1063/1983 1019/3534
f 1063/1983 1017/370 1019/3534
f 1644/2368 1491/2261 1487/512
f 1652/2367 1488/516 1491/2261
f 231/116 248/1430 235/1423
f 235/1423 243/324 232/323
f 2960/1188 2986/3244 2964/3232
f 2964/3232 2981/3248 2961/1108
f 2011/752 2023/2618 2016/2611
f 2016/2606 2018/2615 2008/727
f 1580/573 1233/2087 1227/571
f 1590/2326 1223/574 1233/2087
f 1561/495 1540/2294 1535/493
f 1571/2316 1532/563 1540/2294
f 2235/825 2214/2756 2209/823
f 2238/2775 2210/2758 2214/2756
f 1523/522 1547/2302 1527/2287
f 1527/2287 1542/565 1524/567
f 2444/937 2439/2886 2435/2888
f 2439/2886 2447/962 2436/2889
f 2201/786 2196/3535 2191/784
f 2205/3536 2192/2745 2196/2744
f 2764/1244 2864/3161 2770/3094
f 2770/3094 2858/3166 2760/1198
f 1646/602 1181/2059 1173/603
f 1650/2371 1174/412 1181/2059
f 2807/1025 3337/3491 2812/3127
f 2812/3127 3332/1027 2808/1029
f 307/159 330/1490 312/1479
f 312/1479 325/312 308/311
f 2972/1110 2995/3250 2977/3238
f 2977/3238 2990/1058 2969/1057
f 2972/1110 2966/3234 2961/1108
f 2976/3242 2962/3236 2966/3234
f 233/1428 228/1418 223/299
f 237/1427 224/1421 228/1418
f 2088/2670 2124/2692 2095/2673
f 2095/2673 2119/829 2089/831
f 1015/631 1027/1963 1016/3537
f 1027/1963 1014/444 1016/3537
f 945/408 954/1924 947/3538
f 947/3538 949/1921 946/226
f 860/1864 849/1849 844/338
f 863/1863 841/66 849/1849
f 1444/507 1467/2242 1449/2226
f 1449/2229 1462/539 1445/538
f 3056/3296 2994/3253 2989/1061
f 3066/3295 2990/1058 2994/3253
f 1444/507 1440/2220 1434/505
f 1448/2227 1435/2221 1440/2220
f 1788/767 2094/2669 1793/2460
f 1793/2460 2087/836 1789/835
f 1433/478 1457/2232 1439/2218
f 1439/2218 1452/2233 1434/505
f 2808/1029 3351/3503 2814/3131
f 2814/3131 3346/1260 2809/1259
f 2979/1077 3004/3255 2984/3245
f 2984/3245 2999/3259 2980/1111
f 1183/588 1660/2380 1187/2060
f 1187/2063 1655/2377 1184/601
f 225/1422 217/1410 213/332
f 229/1420 214/322 217/1410
f 660/162 476/3539 471/160
f 664/3540 468/1592 476/1591
f 2857/1123 3130/3342 2863/3164
f 2863/3164 3125/1199 2858/3166
f 2453/973 2463/2906 2455/3541
f 2455/3542 2458/2904 2454/934
f 2217/2764 2213/2757 2208/788
f 2220/2763 2209/823 2213/2757
f 440/1574 421/1555 417/83
f 444/1573 418/1556 421/1555
f 1289/456 1052/1979 1046/454
f 1297/2125 1047/1980 1052/1979
f 2988/1113 2985/3247 2980/1111
f 2991/3252 2981/3248 2985/3247
f 1312/639 1039/1971 1035/637
f 1315/2141 1036/1972 1039/1971
f 243/324 219/1414 214/322
f 247/1432 215/1415 219/1414
f 1017/370 1029/1962 1019/3543
f 1019/3543 1021/633 1018/632
f 158/48 23/1287 18/46
f 162/1372 19/43 23/1287
f 2217/2764 2424/2881 2222/2762
f 2222/2762 2420/910 2218/912
f 1552/2309 1539/3544 1534/566
f 1556/2308 1535/493 1539/2299
f 2997/1079 3021/3268 3002/3256
f 3002/3256 3016/3270 2998/1114
f 2432/936 2441/2891 2434/3545
f 2434/3545 2436/2889 2433/961
f 446/113 416/1546 411/114
f 456/1576 408/1547 416/1546
f 315/1483 342/1493 320/1486
f 320/1486 336/1498 316/73
f 2932/1102 2944/3222 2939/3546
f 2939/3209 2940/3218 2927/1270
f 426/261 424/1560 419/259
f 436/1563 420/1561 424/1560
f 2129/884 2103/2675 2099/885
f 2133/3547 2100/2679 2103/2678
f 2552/972 3341/3501 2557/2955
f 2557/2949 3335/3499 2549/1219
f 2147/830 2096/2672 2089/831
f 2151/2712 2090/807 2096/2672
f 3134/1190 2862/3165 2856/1191
f 3138/3345 2857/1123 2862/3165
f 1626/645 1304/3548 1298/643
f 1634/3549 1299/461 1304/2132
f 763/242 774/1801 768/1797
f 768/1792 769/255 760/254
f 2941/1104 2975/3239 2946/3224
f 2946/3224 2970/3241 2942/1105
f 1876/917 1744/2432 1738/918
f 1884/2519 1739/2433 1744/2432
f 3008/1116 3003/3258 2998/1114
f 3012/3264 2999/3259 3003/3258
f 195/1399 190/1395 186/11
f 203/1398 187/279 190/1395
f 2743/3085 2732/3071 2726/1238
f 2746/3084 2722/1005 2732/3071
f 770/241 810/1823 776/1800
f 776/1800 800/216 771/215
f 780/197 766/3550 761/198
f 790/1813 762/238 766/1796
f 942/379 1104/2010 944/3551
f 944/3551 1100/347 943/3552
f 1331/596 1376/2170 1337/2149
f 1337/2149 1370/2175 1332/592
f 3060/1059 2973/3240 2969/1057
f 3065/3300 2970/3241 2973/3240
f 361/1512 914/1895 365/1510
f 365/1514 908/91 362/93
f 197/1403 883/1880 202/1401
f 202/1401 878/1878 198/277
f 2931/1120 2967/3235 2938/3215
f 2938/3215 2962/3236 2932/1102
f 189/8 183/1387 178/9
f 193/1396 179/276 183/1387
f 1/30 20/1286 3/3553
f 3/3553 16/1283 2/3554
f 1638/549 1679/2392 1643/2362
f 1643/2362 1674/578 1635/2360
f 742/252 759/1784 746/3555
f 746/1779 754/224 743/223
f 2173/2730 2383/2857 2178/2731
f 2178/2731 2378/783 2174/782
f 2437/935 2462/2901 2442/2892
f 2442/2892 2457/2903 2438/976
f 1646/602 1659/2374 1651/2370
f 1651/2370 1654/2376 1647/514
f 1355/641 1349/2160 1344/642
f 1349/2160 1359/533 1345/532
f 1136/429 965/1929 959/427
f 1139/2034 960/422 965/1929
f 2243/792 2260/2784 2247/2777
f 2247/2777 2255/908 2244/2779
f 3209/1130 3196/3556 3191/1131
f 3213/3404 3188/1171 3196/3390
f 3085/1095 2900/3557 2896/1093
f 3093/3558 2897/3192 2900/3191
f 2988/1113 3011/3262 2993/3251
f 2993/3251 3006/1062 2989/1061
f 834/156 498/1604 491/154
f 839/1847 486/209 498/1604
f 2950/1072 2948/3220 2943/1073
f 2954/3229 2940/3218 2948/3220
f 3315/3481 2779/3102 2774/1010
f 3318/3479 2771/1197 2779/3102
f 589/1672 699/1742 594/1667
f 594/1667 695/1738 586/148
f 794/208 838/1846 799/3559
f 799/1815 832/233 791/232
f 2845/3153 3146/3352 2849/3151
f 2849/3155 3141/3348 2846/1189
f 762/238 812/1824 767/1795
f 767/1795 801/243 763/242
f 2057/759 1992/2597 1988/757
f 1992/2597 2061/756 1989/755
f 1368/534 1351/2159 1345/532
f 1373/2171 1346/465 1351/2159
f 1102/2011 966/1930 960/422
f 1106/2012 961/380 966/1930
f 2762/1090 2749/3087 2744/3086
f 2767/3095 2745/1240 2749/3087
f 629/126 549/1639 544/124
f 633/1697 541/1640 549/1639
f 2736/1091 2748/3083 2741/3078
f 2741/3078 2743/3085 2733/1237
f 1868/684 1758/2439 1751/682
f 1871/2512 1752/916 1758/2439
f 10/2 34/1291 15/1277
f 15/1277 29/1293 7/4
f 179/276 865/1866 184/1389
f 184/1391 860/1864 180/337
f 168/47 164/1376 158/48
f 176/1381 159/297 164/1376
f 1006/363 1002/3560 1000/361
f 1011/1957 1001/352 1002/3560
f 523/139 626/1694 529/1630
f 529/1630 621/256 524/258
f 3189/1166 3207/3397 3194/3391
f 3194/3393 3201/1185 3190/1184
f 2207/2754 2419/2877 2211/2752
f 2211/2752 2414/789 2208/788
f 2388/781 2193/3561 2189/2738
f 2391/2861 2190/833 2193/2742
f 471/160 301/1474 295/1471
f 475/1594 296/68 301/1474
f 379/92 913/1899 384/1528
f 384/1528 907/94 380/96
f 823/230 816/1829 805/231
f 827/1834 806/219 816/1829
f 438/262 787/1808 443/1571
f 443/1571 781/99 439/98
f 2313/814 2278/2796 2273/2800
f 2316/2822 2270/888 2278/2796
f 2272/790 2269/2790 2264/2794
f 2276/2799 2261/828 2269/2790
f 2735/1008 2759/3089 2740/3080
f 2740/3080 2754/1092 2736/1091
f 2367/778 2157/2713 2153/2715
f 2370/2854 2154/893 2157/2713
f 148/44 167/1373 152/1368
f 152/1368 161/1379 149/292
f 753/214 820/1822 758/1790
f 758/1790 809/225 754/224
f 4/3 14/1282 6/3562
f 6/3562 9/1280 5/28
f 2950/1072 3051/3289 2956/3228
f 2956/3228 3047/1069 2951/1071
f 832/233 815/1827 804/234
f 837/1844 805/231 815/1827
f 2781/1096 2769/3100 2763/3099
f 2769/3100 2780/1245 2764/1244
f 1614/414 1648/2366 1621/2348
f 1621/2348 1644/2368 1615/511
f 2019/2619 2064/2649 2024/2617
f 2024/2617 2058/843 2020/842
f 1358/467 1374/2174 1364/2168
f 1364/2168 1368/534 1359/533
f 2226/909 2224/2761 2219/907
f 2229/2769 2216/2759 2224/2761
f 1989/755 2081/2664 1994/2596
f 1994/2596 2077/696 1990/695
f 448/1579 798/1820 454/1581
f 454/1581 793/263 449/1580
f 151/1371 143/1361 139/26
f 155/1369 140/283 143/1361
f 772/199 757/1785 752/200
f 777/3563 753/214 757/1788
f 2868/1192 3216/3408 2873/3168
f 2873/3168 3210/1032 2865/1031
f 18/46 13/1278 8/1279
f 22/1288 9/1280 13/1278
f 3199/1132 3187/3564 3182/1133
f 3204/3565 3179/1147 3187/3383
f 2044/743 2015/3566 2010/744
f 2056/3567 2011/752 2015/2612
f 2226/909 2259/2788 2231/2768
f 2231/2768 2254/2787 2227/811
f 2290/906 2286/2806 2281/904
f 2294/2812 2282/2807 2286/2806
f 187/279 875/1874 192/1394
f 192/1394 870/1873 188/274
f 1160/416 1262/2107 1167/2043
f 1167/2043 1257/405 1155/404
f 743/223 819/1831 748/1778
f 748/1778 808/222 744/221
f 3049/1107 2947/3568 2942/1105
f 3053/3288 2943/1073 2947/3225
f 380/96 923/1903 386/1532
f 386/1532 918/328 381/330
f 823/230 835/1842 828/1836
f 828/1838 830/136 824/138
f 686/1734 576/1656 571/143
f 694/1733 568/146 576/1656
f 2245/911 2223/2765 2218/912
f 2249/2782 2219/907 2223/2765
f 1581/460 1633/2359 1587/2327
f 1587/2327 1628/496 1582/498
f 2578/2975 2575/2965 2570/959
f 2582/2972 2567/1213 2575/2965
f 1136/429 1210/2076 1141/2033
f 1141/2033 1204/2078 1137/397
f 553/144 575/1658 558/1645
f 558/1645 570/1660 550/178
f 204/1406 201/1402 196/14
f 212/1405 197/1403 201/1402
f 3076/1086 2909/3198 2905/1084
f 3084/3308 2906/3199 2909/3198
f 334/77 434/1565 340/1495
f 340/1495 428/1566 335/268
f 993/395 981/1932 975/396
f 997/1949 971/355 981/1932
f 2429/963 2451/2898 2431/3569
f 2431/3569 2446/2896 2430/913
f 1967/2585 2305/2814 1974/2587
f 1974/2587 2300/2818 1968/739
f 2228/2771 2240/2774 2233/2767
f 2233/2767 2235/825 2225/824
f 559/180 585/1662 563/1650
f 563/1650 580/129 560/128
f 1583/2331 1641/2365 1589/2329
f 1589/2329 1636/575 1584/2332
f 2689/1234 2903/3194 2694/3050
f 2903/3570 2686/3045 2694/3044
f 3155/1153 3244/3425 3160/3360
f 3160/3360 3233/1140 3152/1139
f 2789/1196 3339/3496 2793/3111
f 2793/3114 3333/1024 2790/1026
f 973/1936 988/1944 979/1934
f 979/1934 983/614 974/1938
f 1739/2433 1982/2588 1746/2431
f 1746/2431 1977/763 1740/765
f 1613/436 1271/2113 1265/437
f 1625/2346 1266/630 1271/2113
f 670/167 536/1633 532/168
f 675/1724 533/246 536/1633
f 2408/874 2417/2879 2410/3571
f 2410/3571 2412/872 2409/3572
f 1404/472 1399/3573 1395/473
f 1412/3574 1396/2189 1399/2188
f 2763/3099 2758/3092 2753/1097
f 2768/3098 2754/1092 2758/3092
f 2080/2666 2054/2645 2047/737
f 2054/2645 2079/845 2048/844
f 2237/741 1975/2586 1968/739
f 2241/2776 1969/651 1975/2586
f 568/146 593/1670 572/1655
f 572/1655 588/1671 569/181
f 3079/1145 2924/3207 2917/1146
f 3083/3311 2918/1051 2924/3207
f 2245/911 2329/2825 2250/2781
f 2250/2781 2324/816 2246/815
f 994/353 1010/1954 999/1948
f 999/1948 1004/430 991/432
f 40/51 39/3575 37/49
f 48/1299 38/40 39/3575
f 1965/764 1747/2435 1740/765
f 1970/2580 1741/668 1747/2435
f 968/394 980/1940 970/3576
f 970/3577 974/1938 969/613
f 994/353 970/3578 969/354
f 998/1951 968/394 970/3578
f 1885/771 1784/3579 1777/769
f 1895/2532 1778/2457 1784/2456
f 3173/1068 3185/3386 3178/3580
f 3178/3376 3180/1157 3170/1156
f 924/1909 406/1544 401/329
f 932/1908 402/336 406/1544
f 639/131 584/1665 579/132
f 647/1703 580/129 584/1665
f 2422/875 2418/2880 2413/876
f 2426/2885 2414/789 2418/2880
f 2752/1011 2778/3104 2757/3090
f 2757/3090 2773/1098 2753/1097
f 401/329 387/1531 381/330
f 405/1542 382/327 387/1531
f 578/183 574/1659 569/181
f 581/1663 570/1660 574/1659
f 1422/2206 1402/3581 1397/545
f 1430/2213 1398/499 1402/2191
f 2396/871 2405/2872 2398/3582
f 2398/3582 2400/2874 2397/865
f 1386/536 1381/2179 1377/537
f 1394/2182 1378/570 1381/2179
f 2928/1053 3082/3309 2935/3210
f 2935/3210 3077/1054 2929/1056
f 2875/1046 2840/3147 2836/1047
f 2879/3173 2837/3148 2840/3147
f 2079/845 2066/2650 2060/846
f 2083/2663 2061/756 2066/2650
f 2821/1256 2842/3146 2826/3134
f 2826/3134 2837/3148 2818/1018
f 586/148 618/1682 590/1669
f 590/1669 612/184 587/186
f 2810/1257 2825/3138 2816/3132
f 2816/3132 2820/3137 2811/1249
f 382/327 396/1538 388/1533
f 388/1533 391/1536 383/319
f 31/41 47/1304 36/1290
f 36/1290 42/1302 28/7
f 430/317 358/1506 353/318
f 358/1506 429/76 354/78
f 1808/2474 1893/2530 1812/2477
f 1812/2477 1887/673 1809/675
f 1870/2517 1807/2470 1802/716
f 1874/2516 1799/800 1807/2470
f 1414/2202 1392/2183 1387/497
f 1417/2199 1388/546 1392/2183
f 1299/461 1585/2325 1306/2131
f 1306/2131 1580/573 1300/572
f 2423/851 2410/3583 2409/852
f 2427/2884 2408/874 2410/3583
f 678/1729 557/1649 552/245
f 681/1728 553/144 557/1649
f 1617/583 1603/2334 1596/584
f 1623/2349 1591/510 1603/2334
f 170/339 848/1851 175/1383
f 175/1383 843/1853 171/295
f 2929/1056 3091/3316 2936/3584
f 3091/3585 2930/1101 2936/3214
f 2829/3143 2815/3130 2809/1259
f 2833/3141 2810/1257 2815/3130
f 595/185 592/1668 587/186
f 607/1674 588/1671 592/1668
f 379/92 367/1516 362/93
f 389/1529 363/321 367/1516
f 3299/997 2717/3064 2713/3066
f 3303/3471 2714/1041 2717/3064
f 804/234 795/1814 791/232
f 814/1826 792/236 795/1814
f 1801/713 1860/2501 1806/2472
f 1806/2472 1854/717 1802/716
f 1378/570 1411/2195 1383/2178
f 1383/2178 1406/2197 1379/469
f 1627/477 1608/2342 1604/475
f 1630/2355 1605/644 1608/2342
f 1593/551 1611/2343 1600/2336
f 1600/2336 1606/594 1594/593
f 906/39 129/1349 124/37
f 911/1896 121/1341 129/1343
f 391/1536 378/1520 373/320
f 394/1534 370/84 378/1520
f 2791/1251 2806/3118 2796/3115
f 2796/3116 2801/3124 2792/1246
f 363/321 377/1527 368/1515
f 368/1518 372/1525 364/265
f 3094/1100 2937/3216 2930/1101
f 3104/3319 2931/1120 2937/3216
f 1186/419 1165/3586 1158/420
f 1190/2064 1159/626 1165/2050
f 782/264 797/1818 788/3587
f 788/1812 792/236 783/235
f 1388/546 1401/2187 1393/2184
f 1393/2184 1396/2189 1389/568
f 2273/2800 2251/2778 2246/815
f 2277/2798 2243/792 2251/2778
f 2237/741 2295/2811 2242/2773
f 2242/2773 2290/906 2234/905
f 578/183 606/1679 583/1664
f 583/1664 599/130 579/132
f 2807/1025 2795/3113 2790/1026
f 2817/3128 2791/1251 2795/3113
f 177/5 174/1384 169/6
f 185/1386 170/339 174/1384
f 2606/942 2460/3588 2456/940
f 2609/3589 2457/2903 2460/2902
f 1144/399 1199/2069 1149/2038
f 1149/2038 1194/2071 1145/418
f 1172/625 1166/2051 1159/626
f 1179/2058 1160/416 1166/2051
f 1776/928 1932/2552 1783/2452
f 1783/2452 1926/2557 1777/769
f 803/237 789/1811 783/235
f 813/1825 784/239 789/1811
f 2412/872 2406/2875 2401/873
f 2415/2876 2402/903 2406/2875
f 2916/1273 2882/3176 2876/1274
f 2922/3205 2877/3179 2882/3176
f 852/296 165/1378 159/297
f 856/1856 160/271 165/1378
f 630/1700 565/1654 560/128
f 635/1699 561/125 565/1654
f 2264/2794 2256/2786 2252/791
f 2268/2792 2253/525 2256/2786
f 1301/529 1232/2090 1226/530
f 1307/2135 1227/571 1232/2090
f 2782/1247 2805/3126 2787/3110
f 2787/3110 2800/3121 2783/1012
f 3098/1121 2968/3233 2963/1122
f 3103/3323 2960/1188 2968/3233
f 2772/1248 2786/3109 2777/3103
f 2777/3103 2781/1096 2773/1098
f 1817/678 1853/2495 1823/2483
f 1823/2483 1847/922 1818/924
f 2048/844 2065/2651 2055/2644
f 2055/2644 2059/751 2049/753
f 1685/812 2258/2785 1690/2396
f 1690/2396 2253/525 1682/524
f 25/42 35/1297 27/3590
f 27/3591 30/1294 26/1
f 3353/1224 3368/3516 3358/3510
f 3358/3510 3363/3518 3354/1261
f 3323/3485 2755/3091 2751/1007
f 3331/3487 2752/1011 2755/3091
f 1820/927 1805/2473 1800/925
f 1826/2485 1801/713 1805/2473
f 630/1700 646/1705 636/1698
f 636/1698 641/1707 631/193
f 1172/625 1189/2062 1180/2057
f 1180/2057 1184/601 1173/603
f 160/271 937/1916 166/1377
f 166/1377 933/293 161/1379
f 2364/864 2381/2858 2365/3592
f 2381/2858 2363/868 2365/3592
f 88/24 127/1348 92/1320
f 92/1323 122/1346 89/19
f 2704/1264 3275/3448 2708/3059
f 2708/3059 3270/1035 2705/1034
f 2789/1196 2775/3101 2771/1197
f 2797/3112 2772/1248 2775/3101
f 2046/699 2072/2655 2053/2640
f 2053/2643 2068/738 2047/737
f 457/105 239/1424 234/103
f 467/1584 231/116 239/1424
f 1821/735 1836/2489 1828/2486
f 1828/2486 1830/680 1822/679
f 886/291 134/1351 130/289
f 894/1883 131/1353 134/1351
f 926/294 154/1367 149/292
f 930/1912 150/1370 154/1367
f 1809/675 1838/2491 1814/2479
f 1838/2491 1810/733 1814/2479
f 1799/800 1816/2476 1803/2469
f 1803/2469 1811/926 1800/925
f 1194/2071 1191/2061 1186/419
f 1198/2070 1183/588 1191/2061
f 1832/674 1892/2528 1839/2490
f 1839/2490 1886/721 1833/723
f 2827/994 2843/3150 2831/3139
f 2831/3139 2838/3149 2828/1255
f 91/32 87/3593 85/33
f 95/1324 86/3594 87/3595
f 2614/944 2474/2911 2469/945
f 2622/2996 2470/2912 2474/2911
f 1145/418 1164/2046 1151/2040
f 1151/2040 1157/393 1146/392
f 2540/981 2450/2895 2445/979
f 2548/2943 2446/2896 2450/2895
f 1914/731 2043/2631 1921/2549
f 1921/2542 2038/804 1909/803
f 650/153 663/1715 655/1712
f 655/1712 658/188 651/187
f 1821/735 1815/2478 1810/733
f 1815/2478 1820/927 1811/926
f 2363/868 2373/2855 2365/3596
f 2365/3596 2368/860 2364/3597
f 917/285 145/1360 140/283
f 921/1905 141/1363 145/1360
f 2867/1020 2822/3136 2818/1018
f 2871/3169 2819/1015 2822/3136
f 103/27 147/1359 108/1329
f 108/1329 142/1364 100/22
f 1266/630 1360/2165 1273/2112
f 1273/2112 1355/641 1267/640
f 1856/923 1825/2482 1818/924
f 1862/2505 1819/714 1825/2482
f 240/115 466/1588 244/1429
f 244/1429 460/1589 241/112
f 1638/549 1385/2177 1380/547
f 1642/2364 1377/537 1385/2177
f 628/122 623/1690 619/123
f 638/1696 620/204 623/1690
f 2389/2867 2382/2860 2377/863
f 2393/2866 2378/783 2382/2860
f 1780/663 1795/2464 1787/2459
f 1795/3598 1775/837 1787/2451
f 1213/2082 1211/2073 1205/428
f 1217/2079 1201/579 1211/2073
f 90/59 84/1316 79/60
f 94/1325 76/21 84/1316
f 2495/951 2638/3007 2500/2919
f 2500/2919 2633/3008 2492/946
f 1135/423 1129/2028 1124/421
f 1143/2032 1125/623 1129/2028
f 3326/1009 3320/3483 3315/3481
f 3330/3490 3316/1217 3320/3483
f 1925/802 2042/2636 1931/2555
f 1931/2555 2037/770 1926/2557
f 668/308 683/1727 674/1722
f 674/1722 678/1729 669/244
f 1743/793 1760/2441 1750/2430
f 1760/2441 1738/918 1750/2430
f 2357/861 2372/2853 2362/2847
f 2362/2847 2367/778 2354/780
f 2885/1038 2911/3197 2890/3181
f 2890/3181 2906/3199 2886/1144
f 3115/3335 3000/3257 2996/1076
f 3118/3334 2997/1079 3000/3257
f 3335/3499 3322/3480 3317/1220
f 3340/3498 3314/1195 3322/3480
f 1878/704 2032/2627 1883/2522
f 1883/2525 2027/666 1879/665
f 1137/397 1154/2037 1142/2035
f 1142/2035 1148/622 1138/624
f 3352/1214 3350/3507 3345/1215
f 3360/3509 3346/1260 3350/3507
f 2046/699 1943/2559 1937/697
f 2052/2641 1933/808 1943/2559
f 595/185 617/1685 601/1673
f 601/1673 611/135 596/134
f 2400/2874 2395/2862 2390/866
f 2403/2873 2387/834 2395/2862
f 206/286 136/1356 131/1353
f 210/1409 132/1357 136/1356
f 2384/867 2394/2869 2386/3599
f 2386/3600 2389/2867 2385/862
f 1234/451 1308/2136 1238/3601
f 1238/2095 1301/529 1235/531
f 2715/1239 2731/3076 2720/3068
f 2720/3068 2725/1231 2716/1233
f 2886/1144 2923/3204 2892/3185
f 2892/3185 2916/1273 2887/1275
f 78/56 72/1311 67/57
f 82/1319 64/18 72/1311
f 640/250 605/1680 598/1678
f 643/1702 599/130 605/1680
f 822/217 741/1775 736/218
f 825/3602 733/1768 741/1770
f 411/114 246/1433 241/112
f 415/1551 242/62 246/1433
f 1169/435 1252/2101 1177/2054
f 1177/2054 1245/599 1170/598
f 1729/655 1761/2440 1733/2424
f 1761/2440 1730/794 1733/2424
f 1246/434 1276/2115 1253/2103
f 1253/2103 1269/447 1247/446
f 1195/398 1209/2077 1200/2067
f 1200/2067 1203/581 1192/580
f 2356/857 2346/2840 2342/858
f 2360/2850 2343/774 2346/2840
f 2949/1271 2926/3202 2919/1272
f 2959/3227 2914/1087 2926/3202
f 2734/1040 2719/3069 2714/1041
f 2737/3077 2715/1239 2719/3069
f 688/270 341/1497 335/268
f 692/1737 336/1498 341/1497
f 2897/3192 2913/3196 2902/3190
f 2902/3190 2908/1044 2898/1043
f 1859/705 1882/2523 1866/2502
f 1882/2523 1854/717 1866/2502
f 1857/728 1852/2500 1846/729
f 1852/2500 1856/923 1847/922
f 1148/622 1131/2027 1125/623
f 1153/2041 1126/401 1131/2027
f 2070/2658 1942/2564 1936/746
f 2074/2657 1937/697 1942/2564
f 2086/929 1927/2554 1922/930
f 2098/2668 1923/693 1927/2554
f 660/162 671/1719 665/1714
f 665/1714 666/170 657/169
f 1743/793 1735/2428 1730/794
f 1749/2436 1731/848 1735/2428
f 1256/367 1251/2102 1244/368
f 1264/2106 1245/599 1251/2102
f 2101/887 2334/2835 2106/3603
f 2106/2682 2330/822 2102/821
f 724/195 637/1701 631/193
f 732/1761 632/202 637/1701
f 2313/814 2328/2830 2318/2821
f 2318/2821 2323/882 2314/881
f 1914/731 1841/2493 1834/732
f 1920/2550 1835/720 1841/2493
f 2707/1229 2703/3054 2698/1230
f 2703/3054 2706/1001 2695/3052
f 114/1339 107/1333 102/35
f 118/1338 103/27 107/1333
f 79/60 75/3604 73/58
f 83/1318 74/3605 75/3604
f 1404/472 1573/2319 1408/2192
f 1408/2192 1562/504 1405/503
f 1215/426 956/1920 951/424
f 1220/2083 948/350 956/1920
f 1157/393 1123/2023 1115/391
f 1163/3606 1109/410 1123/2015
f 2799/1017 2852/3159 2804/3119
f 2804/3123 2847/1013 2800/3121
f 1956/933 1908/2535 1901/931
f 1959/2575 1896/762 1908/2535
f 1092/348 1090/3607 1088/346
f 1095/2004 1089/3608 1090/3607
f 1265/437 1175/2055 1168/438
f 1277/2111 1169/435 1175/2055
f 1606/594 1339/2153 1332/592
f 1610/2344 1333/2152 1339/2153
f 2357/861 2353/3609 2351/859
f 2361/2849 2352/3610 2353/3609
f 668/308 299/1469 294/309
f 673/1723 295/1471 299/1469
f 142/1364 128/1350 123/23
f 146/1362 124/37 128/1350
f 2918/1051 2933/3211 2925/3206
f 2925/3206 2927/1270 2919/1272
f 559/180 554/1644 550/178
f 567/1651 551/1647 554/1644
f 2820/3137 2802/3120 2798/1250
f 2824/3135 2799/1017 2802/3120
f 807/207 740/1773 735/205
f 817/1828 736/218 740/1773
f 2029/711 1865/2507 1858/709
f 2033/2629 1859/705 1865/2507
f 1147/402 1122/2024 1114/400
f 1152/2039 1115/391 1122/2024
f 1102/2011 1134/2026 1107/2013
f 1107/2013 1128/390 1103/389
f 2855/1014 2788/3107 2783/1012
f 2859/3160 2780/1245 2788/3107
f 1092/348 1108/2009 1097/2006
f 1097/2006 1103/389 1093/388
f 1259/600 1178/2056 1170/598
f 1263/2109 1171/417 1178/2056
f 2625/947 2484/2916 2480/948
f 2629/3002 2481/943 2484/2916
f 713/196 764/1794 718/1749
f 718/1753 760/254 714/1751
f 1845/702 2012/2608 1851/2499
f 2012/2608 1846/729 1851/2499
f 1564/501 1403/2186 1398/499
f 1574/2321 1395/473 1403/2186
f 40/51 56/1305 44/1301
f 44/1301 52/10 41/12
f 109/3611 119/1337 111/3612
f 111/3612 114/1339 110/34
f 1900/690 1940/2563 1907/2539
f 1907/2539 1934/2560 1901/931
f 958/349 1219/2081 964/1927
f 964/1927 1213/2082 959/427
f 3105/3326 2982/3246 2978/1187
f 3113/3325 2979/1077 2982/3246
f 1857/728 2021/2613 1864/2506
f 1864/2506 2017/710 1858/709
f 3344/3504 3342/3492 3336/971
f 3347/3502 3332/1027 3342/3492
f 3305/3474 2739/3079 2734/1040
f 3313/3473 2735/1008 2739/3079
f 1998/676 1848/2497 1843/677
f 2002/2602 1844/2498 1848/2497
f 2309/877 2319/2823 2311/3613
f 2311/3613 2314/881 2310/3614
f 3037/1083 3140/3344 3043/3284
f 3043/3284 3135/1180 3038/1182
f 1944/810 2050/2637 1949/2565
f 1949/2565 2044/743 1945/742
f 1550/502 1410/3615 1405/503
f 1558/3616 1406/2197 1410/2196
f 478/111 271/1454 267/109
f 481/1600 268/1455 271/1454
f 543/177 566/1653 548/1643
f 548/1643 561/125 544/124
f 2136/2704 2358/2846 2141/2707
f 2141/2707 2354/780 2137/779
f 1897/838 1929/2553 1904/2538
f 1904/2538 1923/693 1898/692
f 725/220 818/1830 730/1762
f 730/1762 807/207 726/206
f 2111/2687 2348/2842 2116/2684
f 2116/2684 2343/774 2108/773
f 1113/378 1132/2029 1121/2021
f 1121/2021 1126/401 1114/400
f 2323/882 2308/3617 2306/880
f 2327/2829 2307/850 2308/3617
f 2228/2771 1725/2420 1719/650
f 2232/2770 1720/813 1725/2420
f 3279/1265 3276/3450 3271/1266
f 3282/3455 3272/3451 3276/3450
f 2653/3024 3284/3454 2658/3018
f 2658/3018 3279/1265 2650/3016
f 2706/1001 2685/3036 2680/1002
f 2710/3063 2677/3037 2685/3036
f 2688/3047 2730/3074 2693/3051
f 2693/3051 2724/1235 2689/1234
f 1757/687 1785/2455 1765/2438
f 1765/2438 1778/2457 1751/682
f 1357/585 1602/2338 1363/2166
f 1363/2166 1595/468 1358/467
f 2291/740 2304/2816 2296/2809
f 2296/2809 2299/2817 2288/748
f 2668/1048 2663/3025 2659/1049
f 2676/3031 2660/1253 2663/3025
f 1935/689 2186/2736 1941/2562
f 1941/2562 2181/747 1936/746
f 1379/469 1549/2301 1384/2180
f 1384/2180 1544/2305 1380/547
f 470/69 262/1442 258/67
f 474/3618 259/1446 262/1445
f 1868/684 1894/2533 1873/2511
f 1873/2514 1888/799 1869/801
f 54/54 51/3619 49/52
f 58/1308 50/3620 51/3619
f 1896/762 1917/2543 1902/2534
f 1902/2534 1910/839 1897/838
f 3068/1064 3009/3263 3005/1065
f 3071/3304 3006/1062 3009/3263
f 726/206 739/1774 731/1764
f 731/1767 734/203 727/1765
f 2713/3066 2683/3041 2678/998
f 2721/3065 2679/1232 2683/3041
f 3154/1128 3063/3299 3057/1126
f 3158/3365 3058/1135 3063/3299
f 1665/591 1681/2390 1671/2388
f 1671/2388 1676/2394 1666/520
f 1215/426 1228/2089 1221/2084
f 1221/2084 1223/574 1216/576
f 609/249 720/1755 615/1683
f 720/1755 610/253 615/1683
f 1583/2331 1390/2181 1386/536
f 1588/2330 1387/497 1390/2181
f 1870/2517 1880/2521 1875/2515
f 1875/2510 1876/917 1867/2508
f 1618/628 1362/2167 1356/629
f 1624/2351 1357/585 1362/2167
f 3250/1160 3268/3438 3255/3432
f 3255/3434 3262/1174 3251/1176
f 724/195 749/1782 728/3621
f 728/1763 744/221 725/220
f 1766/818 1796/2463 1770/2448
f 1770/2448 1790/662 1767/661
f 3050/1137 3169/3368 3055/3292
f 3055/3287 3164/3372 3047/1069
f 1769/671 1764/2444 1756/672
f 1764/2444 1768/685 1757/687
f 1236/365 1231/2091 1225/366
f 1240/2094 1226/530 1231/2091
f 608/150 712/1745 613/1681
f 613/1681 707/247 609/249
f 2058/843 1985/2593 1979/841
f 2062/2646 1980/758 1985/2593
f 1595/468 1375/2173 1369/466
f 1601/2339 1370/2175 1375/2173
f 316/73 684/1731 321/1485
f 321/1485 679/1730 317/307
f 533/246 556/1646 538/1635
f 538/1635 551/1647 534/175
f 67/57 63/3622 61/55
f 71/1313 62/3623 63/3622
f 1093/388 1133/2030 1098/2005
f 1098/2005 1127/377 1094/2007
f 3290/3465 3273/3449 3269/1202
f 3294/3464 3270/1035 3273/3449
f 206/286 902/1893 211/1408
f 211/1408 897/282 207/281
f 2263/523 1695/2400 1691/2402
f 2267/2793 1692/648 1695/2400
f 1822/679 2004/2601 1829/2481
f 1829/2481 1998/676 1817/678
f 1767/661 1786/2458 1772/2447
f 1772/2447 1779/686 1768/685
f 2661/1228 2702/3056 2666/3028
f 2666/3028 2697/3058 2662/1036
f 1844/2498 1952/2568 1850/2496
f 1850/2496 1946/700 1845/702
f 543/177 539/1636 534/175
f 547/1642 535/1637 539/1636
f 781/99 723/1750 717/97
f 785/1809 713/196 723/1750
f 1067/373 1119/2020 1071/1987
f 1071/1990 1111/450 1068/449
f 1225/366 989/1945 984/364
f 1230/2088 985/1946 989/1945
f 1320/464 1371/2172 1325/2143
f 1325/2143 1366/595 1321/597
f 1656/587 1667/2381 1661/2373
f 1661/2373 1662/2383 1653/490
f 2376/869 2374/2852 2369/870
f 2379/2859 2366/894 2374/2852
f 2653/3024 2647/3013 2642/1022
f 2657/3023 2643/1252 2647/3013
f 112/45 156/1366 116/1334
f 116/1334 151/1371 113/25
f 66/53 59/1309 54/54
f 70/1314 55/15 59/1309
f 130/289 125/1345 121/1341
f 138/1352 122/1346 125/1345
f 3069/1066 3035/3273 3028/3279
f 3073/3303 3023/1063 3035/3273
f 1453/480 1597/2335 1458/2234
f 1458/2234 1591/510 1454/509
f 935/333 854/1857 850/331
f 939/1915 851/272 854/1857
f 1445/538 1576/2322 1450/2223
f 1450/2223 1565/543 1442/542
f 3017/3271 3127/3341 3022/3266
f 3022/3266 3123/3337 3014/1081
f 3096/1004 2727/3070 2722/1005
f 3101/3322 2723/3072 2727/3070
f 1007/1959 1285/2120 1013/1953
f 1013/1953 1279/441 1003/440
f 2468/984 2486/2915 2472/2907
f 2472/2907 2481/943 2469/945
f 1835/720 2005/2604 1842/2488
f 1842/2488 1999/681 1830/680
f 3173/1068 3074/3305 3069/1066
f 3177/3381 3070/3306 3074/3305
f 1321/597 1343/2150 1327/2147
f 1327/2147 1336/605 1322/604
f 2686/3045 2699/3055 2690/3043
f 2690/3043 2695/3052 2687/1000
f 522/341 497/1609 490/342
f 526/1629 491/154 497/1609
f 468/1592 483/1599 472/1590
f 472/1590 478/111 469/110
f 1036/1972 1051/1977 1041/1970
f 1041/1970 1045/431 1037/1973
f 3252/1070 2957/3231 2951/1071
f 3256/3436 2952/1175 2957/3231
f 1347/619 1330/2144 1324/620
f 1330/2144 1346/465 1320/464
f 1312/639 1328/2146 1317/2140
f 1317/2140 1322/604 1313/606
f 279/90 226/1419 222/88
f 283/1462 223/299 226/1419
f 1058/371 1030/1965 1022/372
f 1062/1986 1023/636 1030/1965
f 2688/3047 2684/3040 2679/1232
f 2692/3624 2680/1002 2684/3042
f 500/166 540/1634 507/1612
f 507/1612 535/1637 501/172
f 514/174 545/1638 519/1624
f 519/1624 541/1640 515/121
f 1957/708 1953/3625 1947/706
f 1961/2574 1948/932 1953/2571
f 1069/1993 1059/1985 1055/359
f 1073/1992 1056/448 1059/1985
f 2070/2658 2202/2749 2075/2656
f 2075/2660 2198/750 2071/749
f 3324/1210 3312/3478 3307/3476
f 3327/3488 3308/1006 3312/3478
f 2952/1175 3267/3443 2958/3230
f 2958/3230 3261/1089 2953/1088
f 1336/605 1318/2142 1313/606
f 1342/2156 1314/458 1318/2142
f 64/18 208/1404 68/1310
f 68/1310 204/1406 65/13
f 3325/1218 2640/3006 2635/1216
f 3329/3489 2632/1212 2640/3006
f 426/261 710/1746 431/1562
f 431/1562 705/191 427/190
f 457/105 485/1598 462/1583
f 462/1583 480/1602 458/211
f 2483/987 2479/3626 2477/985
f 2487/2917 2478/3627 2479/3626
f 1792/647 1697/2405 1692/648
f 1797/2468 1693/817 1697/2405
f 2027/666 1984/2591 1978/664
f 2030/2625 1979/841 1984/2591
f 597/201 755/1786 604/1676
f 604/1676 751/251 598/1678
f 489/118 509/1618 496/1607
f 496/1607 502/340 490/342
f 1113/378 1087/1997 1082/376
f 1120/2022 1079/374 1087/1997
f 1703/819 1774/2446 1708/2407
f 1708/2407 1769/671 1700/670
f 888/1887 349/1501 344/164
f 892/1884 345/80 349/1501
f 1684/796 1726/2422 1689/2399
f 1689/2399 1720/813 1685/812
f 1303/607 1296/2128 1291/608
f 1309/2137 1292/452 1296/2128
f 418/1556 722/1759 423/1554
f 423/1558 716/1756 419/259
f 2162/2719 1906/2540 1899/806
f 2170/2721 1900/690 1906/2540
f 698/192 433/1564 427/190
f 702/1743 428/1566 433/1564
f 3027/1134 3186/3388 3034/3277
f 3034/3277 3181/1067 3028/3279
f 1424/541 1575/2320 1429/2211
f 1429/2211 1564/501 1425/500
f 2704/1264 2654/3020 2650/3016
f 2712/3060 2651/3021 2654/3020
f 3201/1185 3045/3285 3039/1183
f 3206/3401 3040/1179 3045/3285
f 1237/612 978/3628 972/610
f 1241/3629 973/1936 978/1935
f 1833/723 2039/2630 1840/2492
f 1840/2492 2035/730 1834/732
f 1334/609 1310/2130 1303/607
f 1340/2155 1298/643 1310/2130
f 773/133 603/1677 596/134
f 778/1805 597/201 603/1677
f 1289/456 1319/2139 1293/2127
f 1293/2127 1314/458 1290/457
f 936/1918 221/1411 216/335
f 940/1917 213/332 221/1411
f 3362/1023 3285/3456 3280/1021
f 3365/3513 3281/1226 3285/3456
f 1683/654 1717/2413 1688/2397
f 1688/2397 1712/2417 1684/796
f 620/204 737/1772 625/1689
f 625/1692 733/1768 621/256
f 2506/989 2499/2922 2494/990
f 2510/2927 2495/951 2499/2922
f 2677/3037 3293/3462 2681/3035
f 2681/3039 3288/999 2678/998
f 2494/990 2491/3630 2489/988
f 2498/2921 2490/3631 2491/3630
f 1616/508 1475/2249 1470/2246
f 1622/2350 1471/513 1475/2249
f 2888/3187 2881/3177 2875/1046
f 2893/3184 2876/1274 2881/3177
f 523/139 516/1620 512/140
f 528/1631 513/1622 516/1620
f 2321/2826 2428/2882 2325/2824
f 2325/2824 2423/851 2322/2827
f 2671/1254 2648/3014 2643/1252
f 2675/3033 2644/3015 2648/3014
f 3200/1177 3033/3278 3026/1178
f 3205/3402 3027/1134 3033/3278
f 2874/1019 2872/3172 2867/1020
f 2884/3174 2868/1192 2872/3172
f 437/87 455/1582 441/1572
f 441/1572 449/1580 438/262
f 2596/978 2443/2887 2438/976
f 2604/2986 2435/2888 2443/2887
f 1081/387 1099/2003 1086/2000
f 1086/2000 1094/2007 1082/376
f 3297/1209 3309/3472 3302/3469
f 3302/3469 3305/3474 3298/1039
f 3117/1200 2765/3096 2760/1198
f 3121/3336 2761/3097 2765/3096
f 3056/3296 3075/3302 3061/3294
f 3061/3294 3070/3306 3057/1126
f 1290/457 1341/2154 1295/2126
f 1295/2126 1334/609 1291/608
f 706/260 721/1754 711/1748
f 711/1748 715/248 707/247
f 1691/2402 1686/2398 1682/524
f 1699/2401 1683/654 1686/2398
f 233/1428 273/1453 238/1426
f 238/1426 268/1455 234/103
f 2483/987 2496/2920 2488/2914
f 2488/2914 2492/946 2480/948
f 2507/993 2503/3632 2501/991
f 2511/2926 2502/3633 2503/3632
f 2010/744 1951/3634 1945/742
f 1951/2569 2009/701 1946/700
f 460/1589 451/1578 446/113
f 465/1586 447/344 451/1578
f 769/255 616/1686 610/253
f 779/1799 611/135 616/1686
f 1980/758 1996/2595 1986/2592
f 1986/2592 1991/921 1981/920
f 3287/1205 3304/3468 3291/3460
f 3291/3460 3299/997 3288/999
f 742/252 645/1706 640/250
f 750/1777 641/1707 645/1706
f 1997/707 1962/2579 1957/708
f 2007/2600 1958/725 1962/2579
f 2856/1191 2851/3157 2846/1189
f 2861/3162 2847/1013 2851/3157
f 501/172 518/1625 508/3635
f 508/1616 513/1622 502/340
f 1977/763 1972/2584 1965/764
f 1987/2589 1966/919 1972/2584
f 1568/486 1485/2257 1480/484
f 1578/2323 1481/482 1485/2257
f 2333/854 2311/3636 2310/855
f 2337/2836 2309/877 2311/3637
f 41/12 194/1393 46/1300
f 46/1300 189/8 42/1302
f 1729/655 1716/2416 1711/656
f 1737/2425 1712/2417 1716/2416
f 3076/1086 3092/3315 3080/3310
f 3080/3310 3087/1055 3077/1054
f 688/270 701/1741 693/1736
f 693/1736 696/145 689/147
f 1710/658 1706/2408 1701/659
f 1713/2415 1702/2409 1706/2408
f 2661/1228 2656/3019 2651/3021
f 2665/3029 2652/3022 2656/3019
f 259/1446 275/1452 264/1444
f 264/1444 270/1457 260/304
f 2641/1262 3367/3517 2645/3011
f 2645/3011 3362/1023 2642/1022
f 2866/3171 2853/3152 2848/1016
f 2869/3170 2845/3153 2853/3152
f 1966/919 1995/2598 1973/2583
f 1973/2583 1990/695 1967/2585
f 1925/802 1915/2544 1909/803
f 1930/2556 1910/839 1915/2544
f 2587/939 2448/2893 2444/937
f 2592/2980 2445/979 2448/2893
f 1014/444 1255/2099 1016/3638
f 1255/2099 1015/3639 1016/3638
f 1348/618 1287/2123 1281/616
f 1353/2162 1282/621 1287/2123
f 1110/635 1031/1964 1023/636
f 1116/2017 1024/409 1031/1964
f 3107/1242 2750/3082 2745/1240
f 3111/3330 2742/1003 2750/3082
f 1742/849 1728/2419 1722/847
f 1728/2419 1741/668 1718/667
f 1281/616 1275/2116 1268/617
f 1286/2122 1269/447 1275/2116
f 3038/1182 3150/3358 3044/3283
f 3150/3358 3039/1183 3044/3283
f 261/1448 255/1436 250/302
f 265/3640 251/306 255/1439
f 1414/2202 1632/2357 1419/2201
f 1419/2204 1627/477 1415/476
f 897/282 884/1881 879/280
f 901/1892 880/157 884/1881
f 1955/760 1918/3641 1911/761
f 1963/2578 1912/724 1918/2547
f 1081/387 1078/3642 1076/385
f 1078/3642 1080/1998 1077/382
f 1710/658 1762/2442 1715/2414
f 1715/2414 1754/657 1711/656
f 2298/736 2085/2662 2080/2666
f 2301/2813 2077/696 2085/2662
f 306/71 885/1877 311/1478
f 311/1478 880/157 307/159
f 1732/797 1727/2423 1721/798
f 1727/2423 1731/848 1722/847
f 2315/879 2336/2837 2320/2820
f 2320/2820 2331/2833 2312/886
f 3233/1140 3167/3369 3162/1138
f 3243/3426 3163/1151 3167/3369
f 2180/900 2175/2728 2171/898
f 2188/2733 2172/2729 2175/2728
f 1248/362 1012/1958 1006/363
f 1254/2104 1007/1959 1012/1958
f 3143/1129 3195/3395 3149/3353
f 3149/3357 3190/1184 3144/3355
f 2836/1047 2674/3034 2669/1045
f 2844/3145 2670/995 2674/3034
f 1056/448 1118/2016 1061/1984
f 1061/1984 1110/635 1057/634
f 3107/1242 3120/3333 3112/3329
f 3112/3329 3115/3335 3108/1075
f 705/191 703/1740 698/192
f 708/1747 695/1738 703/1740
f 1898/692 2097/2674 1905/2537
f 1905/2537 2090/807 1899/806
f 1282/621 1329/2148 1288/2119
f 1288/2119 1323/638 1278/2117
f 277/305 256/1438 251/306
f 280/1461 252/1441 256/1438
f 1693/817 1707/2411 1698/2404
f 1698/2404 1702/2409 1694/652
f 1267/640 1354/2158 1274/2114
f 1274/2114 1348/618 1268/617
f 487/343 453/1577 447/344
f 492/1606 448/1579 453/1577
f 2537/915 2547/2945 2539/3643
f 2539/3643 2542/2947 2538/967
f 1593/551 1438/2219 1432/552
f 1599/2337 1433/478 1438/2219
f 1070/383 1083/1996 1075/1988
f 1075/1988 1079/374 1067/373
f 97/36 106/1330 99/3644
f 99/3644 101/1332 98/31
f 2908/1044 2701/3057 2696/1042
f 2912/3200 2697/3058 2701/3057
f 1567/483 1466/2240 1461/481
f 1577/2324 1462/539 1466/2240
f 1064/384 1074/1995 1066/3645
f 1066/3646 1069/1993 1065/358
f 2127/2698 2265/2791 2132/2696
f 2132/2696 2261/828 2128/827
f 895/163 893/1886 888/1887
f 903/1889 889/287 893/1886
f 3117/1200 3129/3340 3122/3332
f 3122/3332 3124/1078 3114/1080
f 1700/670 1763/2443 1704/2406
f 1704/2406 1755/660 1701/659
f 2299/2817 2076/2653 2071/749
f 2303/2815 2068/738 2076/2653
f 286/1466 253/1437 249/101
f 289/1463 250/302 253/1437
f 2569/2969 2556/2956 2551/956
f 2573/2968 2552/972 2556/2956
f 1431/2216 1612/2341 1436/2214
f 1436/2214 1607/550 1432/552
f 3170/1156 3245/3427 3174/3375
f 3174/3375 3234/1155 3171/1154
f 3210/1032 3148/3354 3142/1030
f 3215/3409 3143/1129 3148/3354
f 2164/897 2187/2735 2169/2724
f 2169/2724 2182/2737 2165/688
f 905/290 890/1885 886/291
f 909/1894 887/81 890/1885
f 3085/1095 3099/3318 3089/3312
f 3089/3312 3094/1100 3086/1099
f 680/75 690/1732 685/1726
f 685/1726 686/1734 677/142
f 3278/1268 2594/2984 2588/1269
f 3286/3453 2589/1225 2594/2984
f 1024/409 1161/2045 1032/1966
f 1032/1966 1155/404 1025/403
f 869/100 291/1465 286/1466
f 872/1872 287/72 291/1465
f 2540/981 2583/2974 2544/2942
f 2544/2942 2578/2975 2541/958
f 2542/2947 2535/2941 2530/968
f 2546/2946 2531/960 2535/2941
f 458/211 494/1605 464/1587
f 464/1587 487/343 459/345
f 101/1332 96/1321 91/32
f 104/1331 88/24 96/1321
f 2560/1221 2553/2951 2549/1219
f 2564/2962 2550/2952 2553/2951
f 3163/1151 3257/3431 3168/3371
f 3168/3374 3252/1070 3164/3372
f 2154/893 2177/2727 2159/2716
f 2159/2716 2172/2729 2155/895
f 76/21 137/1355 80/1315
f 80/1315 132/1357 77/16
f 1912/724 2006/2603 1919/2546
f 1919/2546 2000/719 1913/718
f 2037/770 1890/3647 1885/771
f 2041/3648 1886/721 1890/2529
f 3134/1190 3151/3350 3139/3347
f 3139/3347 3145/1181 3135/1180
f 2342/858 2341/3649 2339/856
f 2350/2841 2340/853 2341/3649
f 1933/808 1954/2566 1938/2558
f 1938/2558 1948/932 1934/2560
f 3179/1147 3246/3428 3183/3382
f 3183/3382 3235/1158 3180/1157
f 2145/777 2166/2722 2150/2710
f 2150/2710 2162/2719 2146/805
f 3172/1127 3159/3650 3154/1128
f 3176/3377 3155/1153 3159/3366
f 55/15 199/1397 60/1306
f 60/1306 195/1399 52/10
f 215/1415 407/1541 220/1413
f 220/1413 402/336 216/335
f 2100/2679 2274/2795 2105/2677
f 2105/2677 2270/888 2101/887
f 1499/561 1494/2262 1489/559
f 1503/2271 1490/2263 1494/2262
f 971/355 1054/1976 976/1931
f 976/1931 1048/611 972/610
f 2635/1216 2566/2958 2561/2963
f 2639/3010 2558/2959 2566/2958
f 261/1448 302/1473 266/1443
f 266/1443 296/68 258/67
f 278/300 274/1456 269/298
f 282/1460 270/1457 274/1456
f 2519/965 2515/3651 2513/966
f 2515/3652 2518/992 2514/3653
f 943/228 967/1926 944/3551
f 967/1926 942/379 944/3551
f 2668/1048 2894/3186 2672/3030
f 2672/3030 2888/3187 2669/1045
f 926/294 941/1914 931/1911
f 931/1911 936/1918 927/334
f 169/6 11/1276 7/4
f 172/1380 8/1279 11/1276
f 3152/1139 3165/3370 3156/3359
f 3156/3363 3161/1136 3153/3361
f 1560/564 1518/2282 1514/562
f 1569/2314 1515/488 1518/2282
f 2345/2844 2338/2832 2333/854
f 2349/2843 2330/822 2338/2832
f 1488/516 1509/2272 1493/2260
f 1493/2260 1505/2274 1489/559
f 2586/2982 2584/2971 2579/980
f 2590/2981 2576/1222 2584/2971
f 2896/1093 2729/3075 2723/3072
f 2729/3075 2899/1236 2724/1235
f 361/1512 350/1503 345/80
f 369/1511 346/267 350/1503
f 3188/1171 3248/3420 3192/3389
f 3192/3389 3237/1167 3189/1166
f 2877/3179 3223/3415 2883/3178
f 2883/3178 3219/1193 2878/3180
f 2164/897 2160/2717 2155/895
f 2168/2723 2156/2718 2160/2717
f 983/614 947/3654 946/615
f 986/1943 945/408 947/3654
f 917/285 928/1907 922/1906
f 922/1906 924/1909 918/328
f 650/153 484/1601 479/151
f 654/1710 480/1602 484/1601
f 1479/558 1502/2269 1484/2252
f 1484/2255 1497/485 1480/484
f 1479/558 1477/2244 1472/556
f 1482/2253 1469/2245 1477/2244
f 2518/992 2512/2924 2507/993
f 2522/2933 2504/954 2512/2924
f 1216/576 1639/2363 1222/2080
f 1222/2080 1635/2360 1212/577
f 2599/938 2593/2983 2587/939
f 2603/2988 2588/1269 2593/2983
f 355/1509 339/1496 333/314
f 339/1496 354/78 334/77
f 3059/1106 3054/3293 3049/1107
f 3064/3298 3050/1137 3054/3293
f 333/314 329/1491 324/315
f 337/1492 325/312 329/1491
f 2109/889 2121/2688 2114/2685
f 2114/2685 2117/2690 2110/883
f 2885/1038 2667/3026 2662/1036
f 2895/3182 2659/1049 2667/3026
f 916/38 912/1900 906/39
f 919/1902 907/94 912/1900
f 3096/1004 3109/3324 3102/3321
f 3102/3321 3105/3326 3097/1186
f 1471/513 1495/2259 1476/2248
f 1476/2248 1490/2263 1472/556
f 2127/2698 1798/2467 1792/647
f 2130/3655 1788/767 1798/2461
f 1047/1980 1242/2093 1053/1981
f 1053/1981 1237/612 1048/611
f 2531/960 2574/2967 2536/2937
f 2536/2937 2569/2969 2528/955
f 3307/3476 2631/3000 2626/1211
f 3311/3477 2623/3001 2631/3000
f 1676/2394 1548/2304 1543/521
f 1680/2393 1544/2305 1548/2304
f 323/165 347/1499 327/1487
f 327/1487 343/313 324/315
f 370/84 425/1553 374/1519
f 374/1522 420/1561 371/316
f 2144/890 2123/2693 2118/891
f 2152/2709 2119/829 2123/2693
f 2567/1213 3349/3506 2571/2964
f 2571/2964 3344/3504 2568/970
f 2111/2687 2107/2676 2102/821
f 2115/2686 2099/885 2107/2676
f 649/212 495/1608 488/213
f 652/1711 489/118 495/1608
f 3197/1165 3247/3429 3202/3396
f 3202/3396 3236/1149 3198/1148
f 1499/561 1520/2284 1504/2270
f 1504/2265 1515/488 1496/487
f 1460/555 1455/2230 1451/553
f 1468/2236 1452/2233 1455/2230
f 2606/942 2621/2998 2611/2991
f 2611/2991 2616/1204 2607/1206
f 2153/2715 2142/2706 2137/779
f 2142/2706 2156/2718 2138/775
f 2190/833 2287/2803 2195/2741
f 2195/2741 2282/2807 2191/784
f 2560/1221 3321/3484 2565/2961
f 2565/2961 3316/1217 2561/2963
f 2516/957 2555/2954 2520/2928
f 2520/2931 2550/2952 2517/952
f 372/1525 356/1507 352/266
f 376/1524 353/318 356/1507
f 3025/1118 3046/3281 3032/3275
f 3032/3275 3040/1179 3026/1178
f 308/311 318/1480 313/1477
f 313/1477 314/1482 305/106
f 2108/773 2139/2701 2112/2683
f 2112/2683 2135/2703 2109/889
f 2/3554 115/1340 109/3611
f 26/1 30/1294 10/2
f 7/4 29/1293 177/5
f 28/7 42/1302 189/8
f 52/10 195/1399 186/11
f 65/13 204/1406 196/14
f 77/16 132/1357 205/17
f 89/19 122/1346 133/20
f 100/22 142/1364 123/23
f 113/25 151/1371 139/26
f 5/28 9/1280 17/29
f 98/31 101/1332 91/32
f 110/34 114/1339 102/35
f 124/37 141/1363 916/38
f 38/40 43/1303 31/41
f 19/43 157/1374 148/44
f 18/46 8/1279 168/47
f 37/49 50/3620 53/50
f 49/52 62/3623 66/53
f 61/55 74/3605 78/56
f 73/58 86/3594 90/59
f 399/61 215/1415 242/62
f 859/64 252/1441 276/65
f 868/70 877/1875 306/71
f 316/73 336/1498 687/74
f 904/79 361/1512 345/80
f 390/82 440/1574 417/83
f 393/85 408/1547 450/86
f 222/88 853/1859 842/89
f 717/97 418/1556 439/98
f 869/100 286/1466 249/101
f 234/103 268/1455 477/104
f 305/106 314/1482 298/107
f 267/109 259/1446 469/110
f 241/112 460/1589 446/113
f 515/121 541/1640 628/122
f 642/127 630/1700 560/128
f 677/142 686/1734 571/143
f 696/145 589/1672 568/146
f 586/148 695/1738 704/149
f 479/151 468/1592 659/152
f 880/157 896/1890 326/158
f 471/160 295/1471 667/161
f 895/163 888/1887 344/164
f 501/172 535/1637 542/173
f 534/175 551/1647 562/176
f 550/178 570/1660 577/179
f 569/181 588/1671 600/182
f 631/193 641/1707 745/194
f 632/202 727/1765 734/203
f 794/208 448/1579 486/209
f 458/211 480/1602 649/212
f 946/226 949/1921 957/227
f 669/244 678/1729 552/245
f 640/250 598/1678 751/251
f 610/253 714/1751 760/254
f 621/256 733/1768 821/257
f 419/259 716/1756 706/260
f 438/262 449/1580 793/263
f 364/265 372/1525 352/266
f 335/268 428/1566 697/269
f 188/274 870/1873 861/275
f 198/277 878/1878 871/278
f 879/280 197/1403 207/281
f 140/283 150/1370 925/284
f 206/286 131/1353 889/287
f 130/289 121/1341 905/290
f 149/292 161/1379 933/293
f 171/295 843/1853 852/296
f 269/298 233/1428 223/299
f 297/301 261/1448 250/302
f 260/304 270/1457 277/305
f 317/307 679/1730 668/308
f 332/310 315/1483 308/311
f 343/313 355/1509 333/314
f 371/316 420/1561 430/317
f 383/319 391/1536 373/320
f 214/322 224/1421 232/323
f 400/325 409/1548 392/326
f 918/328 924/1909 401/329
f 850/331 225/1422 213/332
f 927/334 936/1918 216/335
f 180/337 860/1864 844/338
f 502/340 513/1622 522/341
f 1088/346 943/3552 1100/347
f 1001/352 1005/1956 994/353
f 1065/358 1069/1993 1055/359
f 1000/361 1015/3639 1248/362
f 984/364 973/1936 1236/365
f 1082/376 1094/2007 1127/377
f 1077/382 1080/1998 1070/383
f 1076/385 1089/3608 1091/386
f 1137/397 1204/2078 1195/398
f 1145/418 1194/2071 1186/419
f 1124/421 1102/2011 960/422
f 951/424 985/1946 1224/425
f 959/427 1213/2082 1205/428
f 1004/430 1037/1973 1045/431
f 1280/445 1007/1959 1247/446
f 1234/451 1047/1980 1292/452
f 1046/454 1036/1972 1311/455
f 1379/469 1406/2197 1553/470
f 1604/475 1431/2216 1415/476
f 1653/490 1662/2383 1526/491
f 1628/496 1414/2202 1387/497
f 1434/505 1452/2233 1463/506
f 1616/508 1470/2246 1454/509
f 1615/511 1644/2368 1487/512
f 1647/514 1654/2376 1506/515
f 1508/517 1525/2292 1533/518
f 1666/520 1676/2394 1543/521
f 2263/523 1691/2402 1682/524
f 1416/526 1435/2221 1443/527
f 1637/535 1583/2331 1386/536
f 1413/544 1422/2206 1397/545
f 1380/547 1544/2305 1675/548
f 1451/553 1469/2245 1478/554
f 1472/556 1490/2263 1498/557
f 1489/559 1505/2274 1516/560
f 1542/565 1552/2309 1534/566
f 1389/568 1396/2189 1407/569
f 1223/574 1584/2332 1636/575
f 1212/577 1635/2360 1674/578
f 1193/586 1663/2384 1656/587
f 1332/592 1370/2175 1594/593
f 1184/601 1655/2377 1646/602
f 969/613 974/1938 983/614
f 1035/637 1278/2117 1323/638
f 1298/643 1333/2152 1605/644
f 2262/646 2127/2698 1792/647
f 2236/649 2228/2771 1719/650
f 1694/652 1702/2409 1709/653
f 1978/664 1739/2433 1879/665
f 1751/682 1778/2457 1889/683
f 2165/688 2182/2737 1935/689
f 2297/694 1967/2585 1990/695
f 1947/706 1844/2498 1997/707
f 1877/715 1870/2517 1802/716
f 2008/727 2018/2615 1857/728
f 2298/736 2080/2666 2047/737
f 1968/739 2300/2818 2291/740
f 2199/745 2070/2658 1936/746
f 2288/748 2299/2817 2071/749
f 2059/751 2019/2619 2011/752
f 2120/766 2088/2670 1788/767
f 1777/769 1926/2557 2037/770
f 2355/772 2136/2704 2108/773
f 2138/775 2156/2718 2163/776
f 2367/778 2153/2715 2137/779
f 2388/781 2189/2738 2174/782
f 2191/784 2282/2807 2289/785
f 2421/787 2217/2764 2208/788
f 2272/790 2264/2794 2252/791
f 1684/796 1712/2417 1732/797
f 1888/799 1808/2474 1799/800
f 2146/805 2162/2719 1899/806
f 2227/811 2254/2787 1685/812
f 2313/814 2273/2800 2246/815
f 1693/817 1791/2465 1766/818
f 2344/820 2111/2687 2102/821
f 2209/823 2216/2759 2225/824
f 2271/826 2100/2679 2128/827
f 2399/832 2279/2801 2190/833
f 1979/841 2026/2621 2020/842
f 2307/850 2322/2827 2423/851
f 2340/853 2345/2844 2333/854
f 2339/856 2352/3610 2356/857
f 2351/859 2364/3597 2368/860
f 2385/862 2389/2867 2377/863
f 2397/865 2400/2874 2390/866
f 2396/871 2409/3572 2412/872
f 2306/880 2310/3614 2314/881
f 2110/883 2117/2690 2129/884
f 2312/886 2331/2833 2101/887
f 2109/889 2135/2703 2144/890
f 2375/892 2173/2730 2154/893
f 2155/895 2172/2729 2183/896
f 2171/898 2192/2745 2200/899
f 2411/901 2207/2754 2280/902
f 2281/904 2210/2758 2234/905
f 2219/907 2244/2779 2255/908
f 2420/910 2321/2826 2245/911
f 2430/913 2446/2896 2543/914
f 1752/916 1867/2508 1876/917
f 1901/931 1934/2560 1948/932
f 2454/934 2458/2904 2437/935
f 2444/937 2435/2888 2599/938
f 2456/940 2470/2912 2617/941
f 2481/943 2624/3003 2614/944
f 2492/946 2633/3008 2625/947
f 2505/949 2558/2959 2634/950
f 2517/952 2550/2952 2559/953
f 2528/955 2569/2969 2551/956
f 2541/958 2578/2975 2570/959
f 2433/961 2436/2889 2447/962
f 2526/964 2529/2940 2519/965
f 2538/967 2542/2947 2530/968
f 2568/970 3344/3504 3336/971
f 2453/973 2466/3527 2471/974
f 2438/976 2457/2903 2605/977
f 2445/979 2586/2982 2579/980
f 2465/982 2478/3627 2482/983
f 2477/985 2490/3631 2493/986
f 2489/988 2502/3633 2506/989
f 2501/991 2514/3653 2518/992
f 2827/994 2644/3015 2670/995
f 3299/997 2713/3066 2678/998
f 2687/1000 2695/3052 2706/1001
f 2742/1003 3106/3327 3096/1004
f 3308/1006 3323/3485 2751/1007
f 3326/1009 3315/3481 2774/1010
f 2783/1012 2800/3121 2847/1013
f 2819/1015 2866/3171 2848/1016
f 2818/1018 2837/3148 2874/1019
f 3280/1021 2653/3024 2642/1022
f 3142/1030 2845/3153 2865/1031
f 3289/1033 2677/3037 2705/1034
f 2662/1036 2697/3058 2907/1037
f 3298/1039 3305/3474 2734/1040
f 2696/1042 2686/3045 2898/1043
f 2669/1045 2888/3187 2875/1046
f 3067/1060 3056/3296 2989/1061
f 3069/1066 3028/3279 3181/1067
f 3047/1069 3164/3372 3252/1070
f 3108/1075 3115/3335 2996/1076
f 3124/1078 3017/3271 2997/1079
f 3014/1081 3123/3337 3132/1082
f 2905/1084 2897/3192 3088/1085
f 2762/1090 2744/3086 2736/1091
f 2896/1093 2723/3072 3095/1094
f 2781/1096 2763/3099 2753/1097
f 2932/1102 2962/3236 2971/1103
f 2942/1105 2970/3241 3059/1106
f 2961/1108 2981/3248 2987/1109
f 2980/1111 2999/3259 3007/1112
f 2998/1114 3016/3270 3024/1115
f 3057/1126 3070/3306 3172/1127
f 3058/1135 3153/3361 3161/1136
f 3220/1141 2877/3179 2915/1142
f 2886/1144 2906/3199 3079/1145
f 3039/1183 3144/3355 3190/1184
f 3097/1186 3105/3326 2978/1187
f 2846/1189 3141/3348 3134/1190
f 2868/1192 2878/3180 3219/1193
f 3314/1195 3334/3494 2789/1196
f 2760/1198 2858/3166 3125/1199
f 2608/1201 3290/3465 3269/1202
f 2616/1204 3296/3466 3287/1205
f 2615/1207 2623/3001 3306/1208
f 3324/1210 3307/3476 2626/1211
f 2567/1213 2577/2973 3352/1214
f 2635/1216 2561/2963 3316/1217
f 2549/1219 3335/3499 3317/1220
f 2576/1222 2585/2977 3364/1223
f 2661/1228 2651/3021 2707/1229
f 2725/1231 2688/3047 2679/1232
f 2733/1237 2743/3085 2726/1238
f 2745/1240 2761/3097 3116/1241
f 2792/1246 2801/3124 2782/1247
f 2811/1249 2820/3137 2798/1250
f 2643/1252 2652/3022 2660/1253
f 2828/1255 2838/3149 2821/1256
f 3355/1258 2829/3143 2809/1259
f 3354/1261 3363/3518 2641/1262
f 2704/1264 2650/3016 3279/1265
f 2598/1267 3272/3451 3278/1268
f 2927/1270 2940/3218 2949/1271
f 11/1276 12/1281 15/1277
f 13/1278 12/1281 11/1276
f 9/1280 14/1282 12/1281
f 10/2 15/1277 12/1281
f 16/1283 20/1286 21/1284
f 17/29 22/1288 21/1284
f 23/1287 21/1284 22/1288
f 24/1285 21/1284 23/1287
f 28/7 32/3521 33/1289
f 34/1291 33/3656 32/1292
f 30/1294 35/3657 33/1295
f 31/41 36/1290 33/1296
f 40/51 44/1301 45/1298
f 46/1300 45/1298 44/1301
f 42/1302 47/1304 45/1298
f 43/1303 48/1299 45/1298
f 56/1305 57/1307 60/1306
f 53/50 58/1308 57/1307
f 54/54 59/1309 57/1307
f 60/1306 57/1307 59/1309
f 68/1310 69/1312 72/1311
f 65/13 70/1314 69/1312
f 71/1313 69/1312 70/1314
f 67/57 72/1311 69/1312
f 80/1315 81/1317 84/1316
f 77/16 82/1319 81/1317
f 83/1318 81/1317 82/1319
f 79/60 84/1316 81/1317
f 92/1320 93/3658 96/1321
f 89/19 94/1325 93/1322
f 95/1324 93/1322 94/1325
f 91/32 96/1321 93/1326
f 100/22 104/1331 105/1328
f 106/1330 105/1328 104/1331
f 102/35 107/1333 105/1328
f 108/1329 105/1328 107/1333
f 116/1334 117/1336 120/1335
f 113/25 118/1338 117/1336
f 119/1337 117/1336 118/1338
f 115/1340 120/1335 117/1336
f 121/1341 125/1345 126/1342
f 127/1344 126/3659 125/1345
f 123/23 128/1350 126/1347
f 129/1349 126/3660 128/1350
f 134/1351 135/1354 138/1352
f 131/1353 136/1356 135/1354
f 137/1355 135/1354 136/1356
f 133/20 138/1352 135/1354
f 139/26 143/1361 144/1358
f 145/1360 144/1358 143/1361
f 146/1362 144/1358 145/1360
f 147/1359 144/1358 146/1362
f 148/44 152/1368 153/1365
f 154/1367 153/1365 152/1368
f 155/1369 153/1365 154/1367
f 156/1366 153/1365 155/1369
f 162/1372 163/1375 167/1373
f 158/48 164/1376 163/1375
f 159/297 165/1378 163/1375
f 166/1377 163/1375 165/1378
f 161/1379 167/1373 163/1375
f 172/1380 173/1382 176/1381
f 169/6 174/1384 173/1382
f 175/1383 173/1382 174/1384
f 171/295 176/1381 173/1382
f 181/1385 182/3661 185/1386
f 183/1387 182/3662 181/1388
f 184/1389 182/3663 183/1387
f 180/337 185/1386 182/1390
f 186/11 190/1395 191/1392
f 192/1394 191/1392 190/1395
f 188/274 193/1396 191/1392
f 194/1393 191/1392 193/1396
f 199/1397 200/1400 203/1398
f 196/14 201/1402 200/1400
f 202/1401 200/1400 201/1402
f 203/1398 200/1400 202/1401
f 208/1404 209/1407 212/1405
f 205/17 210/1409 209/1407
f 211/1408 209/1407 210/1409
f 207/281 212/1405 209/1407
f 217/1410 218/1412 221/1411
f 214/322 219/1414 218/1412
f 220/1413 218/1412 219/1414
f 216/335 221/1411 218/1412
f 222/88 226/1419 227/1416
f 228/1418 227/1416 226/1419
f 229/1420 227/1416 228/1418
f 230/1417 227/1416 229/1420
f 235/1423 236/1425 239/1424
f 232/323 237/1427 236/1425
f 238/1426 236/1425 237/1427
f 234/103 239/1424 236/1425
f 244/1429 245/1431 248/1430
f 241/112 246/1433 245/1431
f 247/1432 245/1431 246/1433
f 243/324 248/1430 245/1431
f 249/101 253/1437 254/1434
f 255/1436 254/3664 253/1437
f 256/1438 254/3665 255/1439
f 257/1440 254/3666 256/1438
f 262/1442 263/3667 266/1443
f 264/1444 263/3668 262/1445
f 260/304 265/3640 263/1447
f 261/1448 266/1443 263/1449
f 267/109 271/1454 272/1451
f 273/1453 272/1451 271/1454
f 269/298 274/1456 272/1451
f 275/1452 272/1451 274/1456
f 276/65 280/1461 281/1458
f 282/1460 281/1458 280/1461
f 283/1462 281/1458 282/1460
f 284/1459 281/1458 283/1462
f 289/1463 290/1467 293/1464
f 291/1465 290/1467 289/1463
f 287/72 292/1468 290/1467
f 293/1464 290/1467 292/1468
f 299/1469 300/1472 304/1470
f 295/1471 301/1474 300/1472
f 302/1473 300/1472 301/1474
f 297/301 303/1475 300/1472
f 304/1470 300/1472 303/1475
f 309/1476 310/3669 313/1477
f 311/1478 310/3669 309/1476
f 312/1479 310/3669 311/1478
f 313/1477 310/3669 312/1479
f 318/1480 319/1484 322/1481
f 315/1483 320/1486 319/1484
f 321/1485 319/1484 320/1486
f 317/307 322/1481 319/1484
f 327/1487 328/1489 331/1488
f 324/315 329/1491 328/1489
f 330/1490 328/1489 329/1491
f 326/158 331/1488 328/1489
f 337/1492 338/1494 342/1493
f 333/314 339/1496 338/1494
f 340/1495 338/1494 339/1496
f 335/268 341/1497 338/1494
f 342/1493 338/1494 341/1497
f 347/1499 348/1502 351/1500
f 349/1501 348/1502 347/1499
f 345/80 350/1503 348/1502
f 351/1500 348/1502 350/1503
f 352/266 356/1507 357/1504
f 358/1506 357/1504 356/1507
f 354/78 359/1508 357/1504
f 360/1505 357/1504 359/1508
f 365/1510 366/1517 369/1511
f 362/93 367/1516 366/1513
f 368/1515 366/3670 367/1516
f 364/265 369/1511 366/1517
f 374/1519 375/3671 378/1520
f 371/316 376/1524 375/1521
f 377/1523 375/3672 376/1524
f 373/320 378/1520 375/1526
f 384/1528 385/1530 389/1529
f 380/96 386/1532 385/1530
f 387/1531 385/1530 386/1532
f 388/1533 385/1530 387/1531
f 383/319 389/1529 385/1530
f 394/1534 395/1537 398/1535
f 391/1536 396/1538 395/1537
f 392/326 397/1539 395/1537
f 393/85 398/1535 395/1537
f 399/61 403/1543 404/1540
f 405/1542 404/1540 403/1543
f 401/329 406/1544 404/1540
f 407/1541 404/1540 406/1544
f 412/1545 413/1549 416/1546
f 409/1548 414/1550 413/1549
f 410/63 415/1551 413/1549
f 411/114 416/1546 413/1549
f 417/83 421/1555 422/1552
f 423/1554 422/3673 421/1555
f 419/259 424/1560 422/1557
f 425/1559 422/3674 424/1560
f 431/1562 432/1567 436/1563
f 433/1564 432/1567 431/1562
f 434/1565 432/1567 433/1564
f 429/76 435/1568 432/1567
f 430/317 436/1563 432/1567
f 437/87 441/1572 442/1569
f 443/1571 442/1569 441/1572
f 444/1573 442/1569 443/1571
f 445/1570 442/1569 444/1573
f 446/113 451/1578 452/1575
f 453/1577 452/1575 451/1578
f 448/1579 454/1581 452/1575
f 449/1580 455/1582 452/1575
f 456/1576 452/1575 455/1582
f 462/1583 463/1585 467/1584
f 458/211 464/1587 463/1585
f 465/1586 463/1585 464/1587
f 466/1588 463/1585 465/1586
f 461/117 467/1584 463/1585
f 472/1590 473/3675 476/1591
f 469/110 474/3618 473/1593
f 475/1594 473/3676 474/1595
f 471/160 476/3539 473/1596
f 477/104 481/1600 482/1597
f 483/1599 482/1597 481/1600
f 479/151 484/1601 482/1597
f 485/1598 482/1597 484/1601
f 486/209 492/1606 493/1603
f 494/1605 493/1603 492/1606
f 488/213 495/1608 493/1603
f 496/1607 493/1603 495/1608
f 490/342 497/1609 493/1603
f 498/1604 493/1603 497/1609
f 499/171 505/1613 506/1610
f 507/1612 506/3677 505/1613
f 501/172 508/3635 506/1614
f 502/340 509/1618 506/1615
f 510/1617 506/1615 509/1618
f 504/189 511/3519 506/1619
f 516/1620 517/3678 520/1621
f 513/1622 518/3679 517/1623
f 519/1624 517/3680 518/1625
f 515/121 520/3532 517/1626
f 521/155 526/1629 527/1627
f 522/341 528/1631 527/1627
f 529/1630 527/1627 528/1631
f 524/258 530/1632 527/1627
f 531/1628 527/1627 530/1632
f 536/1633 537/3681 540/1634
f 538/1635 537/3681 536/1633
f 539/1636 537/3681 538/1635
f 540/1634 537/3681 539/1636
f 545/1638 546/1641 549/1639
f 542/173 547/1642 546/1641
f 543/177 548/1643 546/1641
f 549/1639 546/1641 548/1643
f 554/1644 555/1648 558/1645
f 556/1646 555/1648 554/1644
f 552/245 557/1649 555/1648
f 558/1645 555/1648 557/1649
f 563/1650 564/1652 567/1651
f 560/128 565/1654 564/1652
f 566/1653 564/1652 565/1654
f 562/176 567/1651 564/1652
f 572/1655 573/1657 576/1656
f 569/181 574/1659 573/1657
f 575/1658 573/1657 574/1659
f 571/143 576/1656 573/1657
f 577/179 581/1663 582/1661
f 578/183 583/1664 582/1661
f 579/132 584/1665 582/1661
f 585/1662 582/1661 584/1665
f 586/148 590/1669 591/1666
f 592/1668 591/1666 590/1669
f 593/1670 591/1666 592/1668
f 594/1667 591/1666 593/1670
f 601/1673 602/1675 607/1674
f 596/134 603/1677 602/1675
f 604/1676 602/1675 603/1677
f 598/1678 605/1680 602/1675
f 606/1679 602/1675 605/1680
f 600/182 607/1674 602/1675
f 613/1681 614/1684 618/1682
f 615/1683 614/1684 613/1681
f 610/253 616/1686 614/1684
f 617/1685 614/1684 616/1686
f 612/184 618/1682 614/1684
f 619/123 623/1690 624/1687
f 625/1689 624/3682 623/1690
f 621/256 626/1694 624/1691
f 627/1693 624/3683 626/1694
f 628/122 633/1697 634/1695
f 629/126 635/1699 634/1695
f 636/1698 634/1695 635/1699
f 631/193 637/1701 634/1695
f 638/1696 634/1695 637/1701
f 643/1702 644/1704 647/1703
f 640/250 645/1706 644/1704
f 646/1705 644/1704 645/1706
f 642/127 647/1703 644/1704
f 648/119 652/1711 653/1708
f 654/1710 653/1708 652/1711
f 650/153 655/1712 653/1708
f 656/1709 653/1708 655/1712
f 657/169 661/3520 662/1713
f 663/1715 662/3684 661/1716
f 659/152 664/3540 662/1717
f 665/1714 662/3685 664/1718
f 671/1719 672/1721 676/1720
f 667/161 673/1723 672/1721
f 674/1722 672/1721 673/1723
f 675/1724 672/1721 674/1722
f 670/167 676/1720 672/1721
f 677/142 681/1728 682/1725
f 683/1727 682/1725 681/1728
f 679/1730 684/1731 682/1725
f 685/1726 682/1725 684/1731
f 690/1732 691/1735 694/1733
f 687/74 692/1737 691/1735
f 693/1736 691/1735 692/1737
f 689/147 694/1733 691/1735
f 695/1738 699/1742 700/1739
f 701/1741 700/1739 699/1742
f 697/269 702/1743 700/1739
f 703/1740 700/1739 702/1743
f 704/149 708/1747 709/1744
f 710/1746 709/1744 708/1747
f 706/260 711/1748 709/1744
f 712/1745 709/1744 711/1748
f 718/1749 719/3686 723/1750
f 714/1751 720/1755 719/1752
f 721/1754 719/3687 720/1755
f 716/1756 722/3688 719/1757
f 717/97 723/1750 719/1758
f 724/195 728/3621 729/1760
f 730/1762 729/3689 728/1763
f 731/1764 729/3690 730/1762
f 727/1765 732/1761 729/1766
f 733/1768 737/3691 738/1769
f 734/203 739/3692 738/1771
f 740/1773 738/3693 739/1774
f 741/1775 738/3694 740/1773
f 742/252 746/3555 747/1776
f 748/1778 747/3695 746/1779
f 749/1780 747/3696 748/1778
f 745/194 750/1777 747/1781
f 751/251 755/1786 756/1783
f 757/1785 756/3697 755/1786
f 753/214 758/1790 756/1787
f 759/1789 756/3698 758/1790
f 760/254 764/3699 765/1791
f 761/198 766/3550 765/1793
f 767/1795 765/3700 766/1796
f 768/1797 765/3701 767/1795
f 769/255 774/3702 775/1798
f 776/1800 775/3703 774/1801
f 771/215 777/3563 775/1802
f 772/199 778/1805 775/1803
f 779/1799 775/3704 778/1805
f 780/197 785/1809 786/1806
f 787/1808 786/3705 785/1809
f 782/264 788/3587 786/1810
f 789/1811 786/3706 788/1812
f 790/1813 786/3707 789/1811
f 795/1814 796/3708 799/1815
f 797/1816 796/3709 795/1814
f 793/263 798/1820 796/1817
f 794/208 799/3559 796/1819
f 800/216 810/1823 811/1821
f 801/243 812/1824 811/1821
f 802/240 813/1825 811/1821
f 803/237 814/1826 811/1821
f 804/234 815/1827 811/1821
f 805/231 816/1829 811/1821
f 817/1828 811/1821 816/1829
f 818/1830 811/1821 817/1828
f 819/1831 811/1821 818/1830
f 820/1822 811/1821 819/1831
f 821/257 825/3602 826/1832
f 827/1834 826/3710 825/1835
f 828/1836 826/3711 827/1834
f 824/138 829/1833 826/1837
f 830/136 835/3712 836/1839
f 831/229 837/1844 836/1841
f 838/1843 836/3713 837/1844
f 833/210 839/1847 836/1845
f 840/1840 836/3714 839/1847
f 845/1848 846/1850 849/1849
f 842/89 847/1852 846/1850
f 848/1851 846/1850 847/1852
f 844/338 849/1849 846/1850
f 850/331 854/1857 855/1854
f 856/1856 855/1854 854/1857
f 852/296 857/1858 855/1854
f 858/1855 855/1854 857/1858
f 859/64 863/1863 864/1860
f 865/1862 864/3715 863/1863
f 861/275 866/1868 864/1865
f 867/1867 864/3716 866/1868
f 868/70 872/1872 873/1869
f 874/1871 873/1869 872/1872
f 870/1873 875/1874 873/1869
f 871/278 876/1870 873/1869
f 877/1875 881/1879 882/1876
f 878/1878 883/1880 882/1876
f 879/280 884/1881 882/1876
f 885/1877 882/1876 884/1881
f 886/291 890/1885 891/1882
f 892/1884 891/1882 890/1885
f 893/1886 891/1882 892/1884
f 889/287 894/1883 891/1882
f 899/1888 900/1891 903/1889
f 896/1890 901/1892 900/1891
f 897/282 902/1893 900/1891
f 898/288 903/1889 900/1891
f 909/1894 910/3717 914/1895
f 911/1896 910/3718 909/1894
f 906/39 912/1900 910/1897
f 913/1899 910/3719 912/1900
f 908/91 914/3720 910/1901
f 919/1902 920/1904 923/1903
f 916/38 921/1905 920/1904
f 917/285 922/1906 920/1904
f 918/328 923/1903 920/1904
f 928/1907 929/1910 932/1908
f 925/284 930/1912 929/1910
f 931/1911 929/1910 930/1912
f 927/334 932/1908 929/1910
f 933/293 937/1916 938/1913
f 939/1915 938/1913 937/1916
f 935/333 940/1917 938/1913
f 941/1914 938/1913 940/1917
f 952/1919 953/1922 956/1920
f 949/1921 954/1924 953/1922
f 955/1923 953/1922 954/1924
f 951/424 956/1920 953/1922
f 957/227 962/1928 963/1925
f 964/1927 963/1925 962/1928
f 959/427 965/1929 963/1925
f 960/422 966/1930 963/1925
f 967/1926 963/1925 966/1930
f 976/1931 977/3721 981/1932
f 972/610 978/3628 977/1933
f 979/1934 977/3722 978/1935
f 980/1937 977/3723 979/1934
f 975/396 981/1932 977/1939
f 982/406 986/1943 987/1941
f 983/614 988/1944 987/1941
f 984/364 989/1945 987/1941
f 990/1942 987/1941 989/1945
f 991/432 995/1950 996/1947
f 997/1949 996/1947 995/1950
f 993/395 998/1951 996/1947
f 994/353 999/1948 996/1947
f 1003/440 1008/1955 1009/1952
f 1010/1954 1009/1952 1008/1955
f 1005/1956 1011/1957 1009/1952
f 1006/363 1012/1958 1009/1952
f 1013/1953 1009/1952 1012/1958
f 1020/442 1027/1963 1028/1960
f 1029/1962 1028/1960 1027/1963
f 1022/372 1030/1965 1028/1960
f 1031/1964 1028/1960 1030/1965
f 1032/1966 1028/1960 1031/1964
f 1025/403 1033/1967 1028/1960
f 1034/1961 1028/1960 1033/1967
f 1035/637 1039/1971 1040/1968
f 1041/1970 1040/1968 1039/1971
f 1037/1973 1042/1974 1040/1968
f 1043/1969 1040/1968 1042/1974
f 1044/357 1049/1978 1050/1975
f 1051/1977 1050/1975 1049/1978
f 1052/1979 1050/1975 1051/1977
f 1047/1980 1053/1981 1050/1975
f 1054/1976 1050/1975 1053/1981
f 1055/359 1059/1985 1060/1982
f 1061/1984 1060/1982 1059/1985
f 1057/634 1062/1986 1060/1982
f 1063/1983 1060/1982 1062/1986
f 1071/1987 1072/3724 1075/1988
f 1068/449 1073/1992 1072/1989
f 1074/1991 1072/3725 1073/1992
f 1070/383 1075/1988 1072/1994
f 1083/1996 1084/1999 1087/1997
f 1080/1998 1085/2001 1084/1999
f 1086/2000 1084/1999 1085/2001
f 1082/376 1087/1997 1084/1999
f 1091/386 1095/2004 1096/2002
f 1092/348 1097/2006 1096/2002
f 1098/2005 1096/2002 1097/2006
f 1094/2007 1099/2003 1096/2002
f 1100/347 1104/2010 1105/2008
f 1101/381 1106/2012 1105/2008
f 1102/2011 1107/2013 1105/2008
f 1108/2009 1105/2008 1107/2013
f 1109/410 1116/2017 1117/2014
f 1118/2016 1117/3726 1116/2017
f 1111/450 1119/3727 1117/2018
f 1112/375 1120/2022 1117/2019
f 1121/2021 1117/2019 1120/2022
f 1114/400 1122/2024 1117/2019
f 1123/2023 1117/3728 1122/2024
f 1124/421 1129/2028 1130/2025
f 1131/2027 1130/2025 1129/2028
f 1132/2029 1130/2025 1131/2027
f 1127/377 1133/2030 1130/2025
f 1134/2026 1130/2025 1133/2030
f 1135/423 1139/2034 1140/2031
f 1141/2033 1140/2031 1139/2034
f 1142/2035 1140/2031 1141/2033
f 1138/624 1143/2032 1140/2031
f 1144/399 1149/2038 1150/2036
f 1145/418 1151/2040 1150/2036
f 1152/2039 1150/2036 1151/2040
f 1147/402 1153/2041 1150/2036
f 1154/2037 1150/2036 1153/2041
f 1155/404 1161/2045 1162/2042
f 1156/411 1163/3606 1162/2044
f 1164/2046 1162/3729 1163/2047
f 1158/420 1165/3586 1162/2048
f 1159/626 1166/2051 1162/2049
f 1167/2043 1162/3730 1166/2051
f 1168/438 1175/2055 1176/2052
f 1177/2054 1176/2052 1175/2055
f 1170/598 1178/2056 1176/2052
f 1171/417 1179/2058 1176/2052
f 1180/2057 1176/2052 1179/2058
f 1173/603 1181/2059 1176/2052
f 1182/2053 1176/2052 1181/2059
f 1187/2060 1188/3731 1191/2061
f 1189/2062 1188/3732 1187/2063
f 1190/2064 1188/3732 1189/2062
f 1191/2061 1188/3733 1190/2065
f 1196/2066 1197/2068 1200/2067
f 1193/586 1198/2070 1197/2068
f 1199/2069 1197/2068 1198/2070
f 1195/398 1200/2067 1197/2068
f 1201/579 1206/2075 1207/2072
f 1208/2074 1207/2072 1206/2075
f 1203/581 1209/2077 1207/2072
f 1210/2076 1207/2072 1209/2077
f 1211/2073 1207/2072 1210/2076
f 1217/2079 1218/2085 1222/2080
f 1219/2081 1218/2085 1217/2079
f 1220/2083 1218/2085 1219/2081
f 1221/2084 1218/2085 1220/2083
f 1216/576 1222/2080 1218/2085
f 1223/574 1228/2089 1229/2086
f 1230/2088 1229/2086 1228/2089
f 1225/366 1231/2091 1229/2086
f 1232/2090 1229/2086 1231/2091
f 1233/2087 1229/2086 1232/2090
f 1234/451 1238/3601 1239/2092
f 1240/2094 1239/3734 1238/2095
f 1236/365 1241/3629 1239/2096
f 1242/2093 1239/3735 1241/2097
f 1243/443 1249/2100 1250/2098
f 1244/368 1251/2102 1250/2098
f 1252/2101 1250/2098 1251/2102
f 1246/434 1253/2103 1250/2098
f 1247/446 1254/2104 1250/2098
f 1248/362 1255/2099 1250/2098
f 1256/367 1260/2108 1261/2105
f 1262/2107 1261/2105 1260/2108
f 1258/415 1263/2109 1261/2105
f 1264/2106 1261/2105 1263/2109
f 1265/437 1271/2113 1272/2110
f 1273/2112 1272/2110 1271/2113
f 1267/640 1274/2114 1272/2110
f 1268/617 1275/2116 1272/2110
f 1276/2115 1272/2110 1275/2116
f 1277/2111 1272/2110 1276/2115
f 1278/2117 1283/2121 1284/2118
f 1285/2120 1284/2118 1283/2121
f 1280/445 1286/2122 1284/2118
f 1281/616 1287/2123 1284/2118
f 1288/2119 1284/2118 1287/2123
f 1289/456 1293/2127 1294/2124
f 1295/2126 1294/2124 1293/2127
f 1291/608 1296/2128 1294/2124
f 1297/2125 1294/2124 1296/2128
f 1298/643 1304/3548 1305/2129
f 1306/2131 1305/3736 1304/2132
f 1300/572 1307/2135 1305/2133
f 1308/2134 1305/2133 1307/2135
f 1302/453 1309/2137 1305/2129
f 1310/2130 1305/3737 1309/2137
f 1311/455 1315/2141 1316/2138
f 1317/2140 1316/2138 1315/2141
f 1313/606 1318/2142 1316/2138
f 1319/2139 1316/2138 1318/2142
f 1325/2143 1326/2145 1330/2144
f 1321/597 1327/2147 1326/2145
f 1328/2146 1326/2145 1327/2147
f 1323/638 1329/2148 1326/2145
f 1324/620 1330/2144 1326/2145
f 1337/2149 1338/2151 1343/2150
f 1332/592 1339/2153 1338/2151
f 1333/2152 1340/2155 1338/2151
f 1341/2154 1338/2151 1340/2155
f 1335/459 1342/2156 1338/2151
f 1343/2150 1338/2151 1342/2156
f 1344/642 1349/2160 1350/2157
f 1351/2159 1350/2157 1349/2160
f 1346/465 1352/2161 1350/2157
f 1347/619 1353/2162 1350/2157
f 1354/2158 1350/2157 1353/2162
f 1355/641 1360/2165 1361/2163
f 1356/629 1362/2167 1361/2163
f 1363/2166 1361/2163 1362/2167
f 1358/467 1364/2168 1361/2163
f 1365/2164 1361/2163 1364/2168
f 1366/595 1371/2172 1372/2169
f 1373/2171 1372/2169 1371/2172
f 1368/534 1374/2174 1372/2169
f 1375/2173 1372/2169 1374/2174
f 1370/2175 1376/2170 1372/2169
f 1377/537 1381/2179 1382/2176
f 1383/2178 1382/2176 1381/2179
f 1384/2180 1382/2176 1383/2178
f 1385/2177 1382/2176 1384/2180
f 1390/2181 1391/3738 1394/2182
f 1392/2183 1391/3738 1390/2181
f 1393/2184 1391/3738 1392/2183
f 1394/2182 1391/3738 1393/2184
f 1395/473 1399/3573 1400/2185
f 1401/2187 1400/3739 1399/2188
f 1397/545 1402/3581 1400/2190
f 1403/2186 1400/3740 1402/2191
f 1408/2192 1409/3741 1412/2193
f 1405/503 1410/3615 1409/2194
f 1411/2195 1409/3742 1410/2196
f 1407/569 1412/3574 1409/2198
f 1417/2199 1418/3743 1421/2200
f 1419/2201 1418/3744 1417/2199
f 1420/2203 1418/3745 1419/2204
f 1421/2205 1418/3746 1420/2203
f 1422/2206 1426/3525 1427/2207
f 1428/2209 1427/3747 1426/2210
f 1429/2211 1427/3748 1428/2212
f 1430/2213 1427/3749 1429/2211
f 1436/2214 1437/2217 1441/2215
f 1432/552 1438/2219 1437/2217
f 1439/2218 1437/2217 1438/2219
f 1434/505 1440/2220 1437/2217
f 1441/2215 1437/2217 1440/2220
f 1446/2222 1447/3750 1450/2223
f 1443/527 1448/2227 1447/2224
f 1449/2226 1447/3751 1448/2227
f 1445/538 1450/2223 1447/2228
f 1455/2230 1456/3752 1459/2231
f 1457/2232 1456/3752 1455/2230
f 1458/2234 1456/3752 1457/2232
f 1459/2231 1456/3752 1458/2234
f 1464/2235 1465/3753 1468/2236
f 1461/481 1466/2240 1465/2237
f 1467/2239 1465/3754 1466/2240
f 1463/506 1468/2236 1465/2241
f 1473/2243 1474/2247 1477/2244
f 1470/2246 1475/2249 1474/2247
f 1476/2248 1474/2247 1475/2249
f 1472/556 1477/2244 1474/2247
f 1478/554 1482/2253 1483/2250
f 1484/2252 1483/3755 1482/2253
f 1480/484 1485/2257 1483/2254
f 1486/2256 1483/3756 1485/2257
f 1487/512 1491/2261 1492/2258
f 1493/2260 1492/2258 1491/2261
f 1489/559 1494/2262 1492/2258
f 1495/2259 1492/2258 1494/2262
f 1496/487 1500/2267 1501/2264
f 1502/2266 1501/3757 1500/2267
f 1498/557 1503/2271 1501/2268
f 1504/2270 1501/3758 1503/2271
f 1509/2272 1510/3759 1513/2273
f 1506/515 1511/3528 1510/2275
f 1512/2276 1510/3760 1511/2277
f 1508/517 1513/3522 1510/2278
f 1514/562 1518/2282 1519/2279
f 1520/2281 1519/3761 1518/2282
f 1516/560 1521/3523 1519/2283
f 1522/2285 1519/3762 1521/2286
f 1527/2287 1528/2289 1531/2288
f 1524/567 1529/2291 1528/2289
f 1530/2290 1528/2289 1529/2291
f 1526/491 1531/2288 1528/2289
f 1536/2293 1537/3763 1540/2294
f 1533/518 1538/2298 1537/2295
f 1534/566 1539/3544 1537/2297
f 1540/2294 1537/3764 1539/2299
f 1545/2300 1546/2303 1549/2301
f 1547/2302 1546/2303 1545/2300
f 1543/521 1548/2304 1546/2303
f 1549/2301 1546/2303 1548/2304
f 1554/2306 1555/3765 1558/2307
f 1556/2308 1555/3766 1554/2306
f 1552/2309 1557/2313 1555/2310
f 1553/470 1558/3616 1555/2312
f 1569/2314 1570/2318 1579/2315
f 1571/2316 1570/2318 1569/2314
f 1572/2317 1570/2318 1571/2316
f 1562/504 1573/2319 1570/2318
f 1563/474 1574/2321 1570/2318
f 1575/2320 1570/2318 1574/2321
f 1565/543 1576/2322 1570/2318
f 1566/540 1577/2324 1570/2318
f 1578/2323 1570/2318 1577/2324
f 1568/486 1579/2315 1570/2318
f 1585/2325 1586/2328 1590/2326
f 1587/2327 1586/2328 1585/2325
f 1582/498 1588/2330 1586/2328
f 1589/2329 1586/2328 1588/2330
f 1584/2332 1590/2326 1586/2328
f 1591/510 1597/2335 1598/2333
f 1592/479 1599/2337 1598/2333
f 1600/2336 1598/2333 1599/2337
f 1594/593 1601/2339 1598/2333
f 1602/2338 1598/2333 1601/2339
f 1596/584 1603/2334 1598/2333
f 1604/475 1608/2342 1609/2340
f 1605/644 1610/2344 1609/2340
f 1611/2343 1609/2340 1610/2344
f 1612/2341 1609/2340 1611/2343
f 1613/436 1619/2347 1620/2345
f 1614/414 1621/2348 1620/2345
f 1615/511 1622/2350 1620/2345
f 1623/2349 1620/2345 1622/2350
f 1617/583 1624/2351 1620/2345
f 1625/2346 1620/2345 1624/2351
f 1626/645 1630/2355 1631/2352
f 1632/2354 1631/3767 1630/2355
f 1628/496 1633/2359 1631/2356
f 1629/462 1634/3549 1631/2358
f 1635/2360 1639/2363 1640/2361
f 1636/575 1641/2365 1640/2361
f 1642/2364 1640/2361 1641/2365
f 1643/2362 1640/2361 1642/2364
f 1648/2366 1649/2369 1652/2367
f 1645/413 1650/2371 1649/2369
f 1651/2370 1649/2369 1650/2371
f 1647/514 1652/2367 1649/2369
f 1653/490 1657/3529 1658/2372
f 1659/2374 1658/3768 1657/2375
f 1655/2377 1660/3769 1658/2378
f 1656/587 1661/2373 1658/2379
f 1667/2381 1668/2385 1672/2382
f 1663/2384 1669/2387 1668/2385
f 1670/2386 1668/2385 1669/2387
f 1665/591 1671/2388 1668/2385
f 1666/520 1672/2382 1668/2385
f 1673/590 1677/2391 1678/2389
f 1674/578 1679/2392 1678/2389
f 1675/548 1680/2393 1678/2389
f 1681/2390 1678/2389 1680/2393
f 1682/524 1686/2398 1687/2395
f 1688/2397 1687/2395 1686/2398
f 1689/2399 1687/2395 1688/2397
f 1690/2396 1687/2395 1689/2399
f 1695/2400 1696/2403 1699/2401
f 1692/648 1697/2405 1696/2403
f 1698/2404 1696/2403 1697/2405
f 1694/652 1699/2401 1696/2403
f 1704/2406 1705/2410 1708/2407
f 1706/2408 1705/2410 1704/2406
f 1702/2409 1707/2411 1705/2410
f 1703/819 1708/2407 1705/2410
f 1709/653 1713/2415 1714/2412
f 1715/2414 1714/2412 1713/2415
f 1711/656 1716/2416 1714/2412
f 1717/2413 1714/2412 1716/2416
f 1718/667 1723/2421 1724/2418
f 1725/2420 1724/2418 1723/2421
f 1726/2422 1724/2418 1725/2420
f 1721/798 1727/2423 1724/2418
f 1728/2419 1724/2418 1727/2423
f 1733/2424 1734/2426 1737/2425
f 1730/794 1735/2428 1734/2426
f 1736/2427 1734/2426 1735/2428
f 1732/797 1737/2425 1734/2426
f 1738/918 1744/2432 1745/2429
f 1746/2431 1745/2429 1744/2432
f 1740/765 1747/2435 1745/2429
f 1748/2434 1745/2429 1747/2435
f 1742/849 1749/2436 1745/2429
f 1750/2430 1745/2429 1749/2436
f 1751/682 1758/2439 1759/2437
f 1752/916 1760/2441 1759/2437
f 1761/2440 1759/2437 1760/2441
f 1754/657 1762/2442 1759/2437
f 1755/660 1763/2443 1759/2437
f 1756/672 1764/2444 1759/2437
f 1765/2438 1759/2437 1764/2444
f 1766/818 1770/2448 1771/2445
f 1772/2447 1771/2445 1770/2448
f 1768/685 1773/2449 1771/2445
f 1774/2446 1771/2445 1773/2449
f 1775/837 1781/2453 1782/2450
f 1783/2452 1782/3770 1781/2453
f 1777/769 1784/3579 1782/2454
f 1785/2455 1782/3771 1784/2456
f 1786/2458 1782/3771 1785/2455
f 1787/2459 1782/3772 1786/2458
f 1793/2460 1794/3773 1798/2461
f 1789/835 1795/3598 1794/2462
f 1796/2463 1794/3774 1795/2464
f 1791/2465 1797/2468 1794/2466
f 1798/2467 1794/2466 1797/2468
f 1803/2469 1804/2471 1807/2470
f 1800/925 1805/2473 1804/2471
f 1806/2472 1804/2471 1805/2473
f 1802/716 1807/2470 1804/2471
f 1808/2474 1812/2477 1813/2475
f 1809/675 1814/2479 1813/2475
f 1815/2478 1813/2475 1814/2479
f 1816/2476 1813/2475 1815/2478
f 1817/678 1823/2483 1824/2480
f 1825/2482 1824/2480 1823/2483
f 1819/714 1826/2485 1824/2480
f 1827/2484 1824/2480 1826/2485
f 1828/2486 1824/2480 1827/2484
f 1829/2481 1824/2480 1828/2486
f 1830/680 1836/2489 1837/2487
f 1831/734 1838/2491 1837/2487
f 1839/2490 1837/2487 1838/2491
f 1833/723 1840/2492 1837/2487
f 1834/732 1841/2493 1837/2487
f 1842/2488 1837/2487 1841/2493
f 1843/677 1848/2497 1849/2494
f 1850/2496 1849/2494 1848/2497
f 1845/702 1851/2499 1849/2494
f 1846/729 1852/2500 1849/2494
f 1853/2495 1849/2494 1852/2500
f 1860/2501 1861/2503 1866/2502
f 1855/712 1862/2505 1861/2503
f 1863/2504 1861/2503 1862/2505
f 1857/728 1864/2506 1861/2503
f 1858/709 1865/2507 1861/2503
f 1866/2502 1861/2503 1865/2507
f 1867/2508 1871/2512 1872/2509
f 1873/2511 1872/3775 1871/2512
f 1869/801 1874/2516 1872/2513
f 1875/2515 1872/3776 1874/2516
f 1880/2518 1881/3777 1884/2519
f 1877/715 1882/2523 1881/2520
f 1883/2522 1881/3778 1882/2523
f 1879/665 1884/2519 1881/2524
f 1885/771 1890/3647 1891/2526
f 1892/2528 1891/3779 1890/2529
f 1893/2530 1891/3780 1892/2528
f 1888/799 1894/3781 1891/2531
f 1895/2532 1891/3782 1894/2533
f 1902/2534 1903/2536 1908/2535
f 1897/838 1904/2538 1903/2536
f 1905/2537 1903/2536 1904/2538
f 1899/806 1906/2540 1903/2536
f 1907/2539 1903/2536 1906/2540
f 1901/931 1908/2535 1903/2536
f 1909/803 1915/2544 1916/2541
f 1917/2543 1916/3783 1915/2544
f 1911/761 1918/3641 1916/2545
f 1919/2546 1916/3784 1918/2547
f 1913/718 1920/2550 1916/2548
f 1921/2549 1916/3785 1920/2550
f 1922/930 1927/2554 1928/2551
f 1929/2553 1928/2551 1927/2554
f 1924/840 1930/2556 1928/2551
f 1931/2555 1928/2551 1930/2556
f 1926/2557 1932/2552 1928/2551
f 1938/2558 1939/2561 1943/2559
f 1934/2560 1940/2563 1939/2561
f 1941/2562 1939/2561 1940/2563
f 1936/746 1942/2564 1939/2561
f 1937/697 1943/2559 1939/2561
f 1949/2565 1950/3786 1954/2566
f 1945/742 1951/3634 1950/2567
f 1952/2568 1950/3787 1951/2569
f 1947/706 1953/3625 1950/2570
f 1954/2566 1950/3788 1953/2571
f 1955/760 1959/2575 1960/2572
f 1961/2574 1960/3789 1959/2575
f 1957/708 1962/2579 1960/2576
f 1963/2578 1960/3790 1962/2579
f 1970/2580 1971/2582 1976/2581
f 1965/764 1972/2584 1971/2582
f 1973/2583 1971/2582 1972/2584
f 1967/2585 1974/2587 1971/2582
f 1975/2586 1971/2582 1974/2587
f 1969/651 1976/2581 1971/2582
f 1982/2588 1983/2590 1987/2589
f 1978/664 1984/2591 1983/2590
f 1979/841 1985/2593 1983/2590
f 1986/2592 1983/2590 1985/2593
f 1981/920 1987/2589 1983/2590
f 1988/757 1992/2597 1993/2594
f 1994/2596 1993/2594 1992/2597
f 1990/695 1995/2598 1993/2594
f 1996/2595 1993/2594 1995/2598
f 1997/707 2002/2602 2003/2599
f 2004/2601 2003/2599 2002/2602
f 1999/681 2005/2604 2003/2599
f 2006/2603 2003/2599 2005/2604
f 2001/726 2007/2600 2003/2599
f 2008/727 2012/2608 2013/2605
f 2014/2607 2013/3791 2012/2608
f 2010/744 2015/3566 2013/2609
f 2016/2611 2013/3792 2015/2612
f 2021/2613 2022/3793 2025/2614
f 2018/2615 2023/3794 2022/2616
f 2024/2617 2022/3795 2023/2618
f 2020/842 2025/3533 2022/2620
f 2026/2621 2030/2625 2031/2622
f 2032/2624 2031/3796 2030/2625
f 2028/703 2033/2629 2031/2626
f 2034/2628 2031/3797 2033/2629
f 2039/2630 2040/3798 2043/2631
f 2036/722 2041/3648 2040/2632
f 2037/770 2042/2636 2040/2633
f 2038/804 2043/3799 2040/2635
f 2050/2637 2051/3800 2056/2638
f 2045/809 2052/2641 2051/2639
f 2053/2640 2051/3801 2052/2641
f 2047/737 2054/2645 2051/2642
f 2055/2644 2051/2642 2054/2645
f 2049/753 2056/3567 2051/2642
f 2062/2646 2063/2648 2067/2647
f 2058/843 2064/2649 2063/2648
f 2059/751 2065/2651 2063/2648
f 2066/2650 2063/2648 2065/2651
f 2061/756 2067/2647 2063/2648
f 2072/2652 2073/3802 2076/2653
f 2069/698 2074/2657 2073/2654
f 2075/2656 2073/3803 2074/2657
f 2071/749 2076/2653 2073/2659
f 2077/696 2081/2664 2082/2661
f 2083/2663 2082/2661 2081/2664
f 2084/2665 2082/2661 2083/2663
f 2080/2666 2085/2662 2082/2661
f 2092/2667 2093/2671 2098/2668
f 2094/2669 2093/2671 2092/2667
f 2088/2670 2095/2673 2093/2671
f 2096/2672 2093/2671 2095/2673
f 2097/2674 2093/2671 2096/2672
f 2091/691 2098/2668 2093/2671
f 2103/2675 2104/3804 2107/2676
f 2105/2677 2104/3805 2103/2678
f 2101/887 2106/3603 2104/2680
f 2102/821 2107/2676 2104/2681
f 2112/2683 2113/3806 2116/2684
f 2114/2685 2113/3806 2112/2683
f 2115/2686 2113/3806 2114/2685
f 2116/2684 2113/3806 2115/2686
f 2121/2688 2122/2691 2125/2689
f 2118/891 2123/2693 2122/2691
f 2124/2692 2122/2691 2123/2693
f 2120/766 2125/2689 2122/2691
f 2126/768 2130/3655 2131/2694
f 2132/2696 2131/3807 2130/2697
f 2128/827 2133/3547 2131/2699
f 2134/2695 2131/3808 2133/2700
f 2139/2701 2140/2705 2143/2702
f 2136/2704 2141/2707 2140/2705
f 2142/2706 2140/2705 2141/2707
f 2138/775 2143/2702 2140/2705
f 2144/890 2148/2711 2149/2708
f 2150/2710 2149/2708 2148/2711
f 2146/805 2151/2712 2149/2708
f 2152/2709 2149/2708 2151/2712
f 2157/2713 2158/3809 2161/2714
f 2159/2716 2158/3809 2157/2713
f 2160/2717 2158/3809 2159/2716
f 2161/2714 2158/3809 2160/2717
f 2162/2719 2166/2722 2167/2720
f 2163/776 2168/2723 2167/2720
f 2164/897 2169/2724 2167/2720
f 2170/2721 2167/2720 2169/2724
f 2171/898 2175/2728 2176/2725
f 2177/2727 2176/2725 2175/2728
f 2173/2730 2178/2731 2176/2725
f 2179/2726 2176/2725 2178/2731
f 2184/2732 2185/2734 2188/2733
f 2181/747 2186/2736 2185/2734
f 2187/2735 2185/2734 2186/2736
f 2183/896 2188/2733 2185/2734
f 2189/2738 2193/3561 2194/2739
f 2195/2741 2194/3810 2193/2742
f 2191/784 2196/3535 2194/2743
f 2197/2740 2194/3811 2196/2744
f 2198/750 2202/3812 2203/2746
f 2204/2748 2203/3813 2202/2749
f 2200/899 2205/3536 2203/2750
f 2206/2747 2203/3814 2205/2751
f 2211/2752 2212/2755 2215/2753
f 2208/788 2213/2757 2212/2755
f 2214/2756 2212/2755 2213/2757
f 2215/2753 2212/2755 2214/2756
f 2216/2759 2220/2763 2221/2760
f 2222/2762 2221/2760 2220/2763
f 2218/912 2223/2765 2221/2760
f 2224/2761 2221/2760 2223/2765
f 2225/824 2229/2769 2230/2766
f 2231/2768 2230/2766 2229/2769
f 2227/811 2232/2770 2230/2766
f 2233/2767 2230/2766 2232/2770
f 2234/905 2238/2775 2239/2772
f 2240/2774 2239/2772 2238/2775
f 2236/649 2241/2776 2239/2772
f 2242/2773 2239/2772 2241/2776
f 2247/2777 2248/2780 2251/2778
f 2244/2779 2249/2782 2248/2780
f 2250/2781 2248/2780 2249/2782
f 2246/815 2251/2778 2248/2780
f 2252/791 2256/2786 2257/2783
f 2258/2785 2257/2783 2256/2786
f 2254/2787 2259/2788 2257/2783
f 2255/908 2260/2784 2257/2783
f 2261/828 2265/2791 2266/2789
f 2262/646 2267/2793 2266/2789
f 2268/2792 2266/2789 2267/2793
f 2264/2794 2269/2790 2266/2789
f 2274/2795 2275/2797 2278/2796
f 2271/826 2276/2799 2275/2797
f 2277/2798 2275/2797 2276/2799
f 2273/2800 2278/2796 2275/2797
f 2279/2801 2283/2805 2284/2802
f 2285/2804 2284/2802 2283/2805
f 2281/904 2286/2806 2284/2802
f 2287/2803 2284/2802 2286/2806
f 2292/2808 2293/2810 2296/2809
f 2289/785 2294/2812 2293/2810
f 2295/2811 2293/2810 2294/2812
f 2291/740 2296/2809 2293/2810
f 2301/2813 2302/3815 2305/2814
f 2303/2815 2302/3815 2301/2813
f 2304/2816 2302/3815 2303/2815
f 2305/2814 2302/3815 2304/2816
f 2312/886 2316/2822 2317/2819
f 2318/2821 2317/2819 2316/2822
f 2314/881 2319/2823 2317/2819
f 2320/2820 2317/2819 2319/2823
f 2325/2824 2326/2828 2329/2825
f 2322/2827 2327/2829 2326/2828
f 2323/882 2328/2830 2326/2828
f 2329/2825 2326/2828 2328/2830
f 2334/2831 2335/3816 2338/2832
f 2331/2833 2336/2837 2335/2834
f 2337/2836 2335/3817 2336/2837
f 2333/854 2338/2832 2335/2838
f 2346/2840 2347/2845 2350/2841
f 2348/2842 2347/2845 2346/2840
f 2349/2843 2347/2845 2348/2842
f 2345/2844 2350/2841 2347/2845
f 2358/2846 2359/2848 2362/2847
f 2355/772 2360/2850 2359/2848
f 2361/2849 2359/2848 2360/2850
f 2357/861 2362/2847 2359/2848
f 2366/894 2370/2854 2371/2851
f 2372/2853 2371/2851 2370/2854
f 2368/860 2373/2855 2371/2851
f 2374/2852 2371/2851 2373/2855
f 2375/892 2379/2859 2380/2856
f 2381/2858 2380/2856 2379/2859
f 2377/863 2382/2860 2380/2856
f 2383/2857 2380/2856 2382/2860
f 2391/2861 2392/3818 2395/2862
f 2388/781 2393/2866 2392/2863
f 2394/2865 2392/3819 2393/2866
f 2390/866 2395/2862 2392/2868
f 2399/832 2403/2873 2404/2870
f 2405/2872 2404/2870 2403/2873
f 2401/873 2406/2875 2404/2870
f 2407/2871 2404/2870 2406/2875
f 2415/2876 2416/2878 2419/2877
f 2412/872 2417/2879 2416/2878
f 2413/876 2418/2880 2416/2878
f 2419/2877 2416/2878 2418/2880
f 2424/2881 2425/2883 2428/2882
f 2421/787 2426/2885 2425/2883
f 2427/2884 2425/2883 2426/2885
f 2423/851 2428/2882 2425/2883
f 2439/2886 2440/2890 2443/2887
f 2436/2889 2441/2891 2440/2890
f 2437/935 2442/2892 2440/2890
f 2438/976 2443/2887 2440/2890
f 2448/2893 2449/2897 2452/2894
f 2450/2895 2449/2897 2448/2893
f 2446/2896 2451/2898 2449/2897
f 2447/962 2452/2894 2449/2897
f 2456/940 2460/3588 2461/2899
f 2462/2901 2461/3820 2460/2902
f 2458/2904 2463/3821 2461/2905
f 2464/2900 2461/3822 2463/2906
f 2472/2907 2473/2909 2476/2908
f 2469/945 2474/2911 2473/2909
f 2475/2910 2473/2909 2474/2911
f 2471/974 2476/2908 2473/2909
f 2480/948 2484/2916 2485/2913
f 2486/2915 2485/2913 2484/2916
f 2482/983 2487/2917 2485/2913
f 2488/2914 2485/2913 2487/2917
f 2492/946 2496/2920 2497/2918
f 2493/986 2498/2921 2497/2918
f 2494/990 2499/2922 2497/2918
f 2500/2919 2497/2918 2499/2922
f 2508/2923 2509/2925 2512/2924
f 2505/949 2510/2927 2509/2925
f 2511/2926 2509/2925 2510/2927
f 2507/993 2512/2924 2509/2925
f 2520/2928 2521/3823 2524/2929
f 2517/952 2522/2933 2521/2930
f 2523/2932 2521/3824 2522/2933
f 2519/965 2524/2929 2521/2934
f 2528/955 2532/2939 2533/2936
f 2534/2938 2533/2936 2532/2939
f 2530/968 2535/2941 2533/2936
f 2536/2937 2533/2936 2535/2941
f 2544/2942 2545/2944 2548/2943
f 2541/958 2546/2946 2545/2944
f 2547/2945 2545/2944 2546/2946
f 2543/914 2548/2943 2545/2944
f 2549/1219 2553/2951 2554/2948
f 2555/2950 2554/3825 2553/2951
f 2551/956 2556/2956 2554/2953
f 2557/2955 2554/3826 2556/2956
f 2562/2957 2563/2960 2566/2958
f 2559/953 2564/2962 2563/2960
f 2565/2961 2563/2960 2564/2962
f 2561/2963 2566/2958 2563/2960
f 2571/2964 2572/2966 2575/2965
f 2568/970 2573/2968 2572/2966
f 2574/2967 2572/2966 2573/2968
f 2570/959 2575/2965 2572/2966
f 2580/2970 2581/2976 2584/2971
f 2582/2972 2581/2976 2580/2970
f 2583/2974 2581/2976 2582/2972
f 2579/980 2584/2971 2581/2976
f 2585/2977 2590/2981 2591/2978
f 2592/2980 2591/2978 2590/2981
f 2593/2983 2591/2978 2592/2980
f 2588/1269 2594/2984 2591/2978
f 2595/2979 2591/2978 2594/2984
f 2600/2985 2601/3827 2604/2986
f 2602/2987 2601/3827 2600/2985
f 2603/2988 2601/3827 2602/2987
f 2604/2986 2601/3827 2603/2988
f 2605/977 2609/3589 2610/2989
f 2611/2991 2610/3828 2609/2992
f 2612/2993 2610/3829 2611/2991
f 2613/2990 2610/3830 2612/2994
f 2618/2995 2619/3831 2622/2996
f 2620/2997 2619/3831 2618/2995
f 2621/2998 2619/3831 2620/2997
f 2622/2996 2619/3831 2621/2998
f 2627/2999 2628/3832 2631/3000
f 2629/3002 2628/3832 2627/2999
f 2630/3004 2628/3832 2629/3002
f 2631/3000 2628/3832 2630/3004
f 2636/3005 2637/3009 2640/3006
f 2638/3007 2637/3009 2636/3005
f 2634/950 2639/3010 2637/3009
f 2640/3006 2637/3009 2639/3010
f 2645/3011 2646/3833 2649/3012
f 2647/3013 2646/3833 2645/3011
f 2648/3014 2646/3833 2647/3013
f 2649/3012 2646/3833 2648/3014
f 2650/3016 2654/3020 2655/3017
f 2656/3019 2655/3017 2654/3020
f 2652/3022 2657/3023 2655/3017
f 2658/3018 2655/3017 2657/3023
f 2663/3025 2664/3027 2667/3026
f 2660/1253 2665/3029 2664/3027
f 2666/3028 2664/3027 2665/3029
f 2662/1036 2667/3026 2664/3027
f 2672/3030 2673/3032 2676/3031
f 2669/1045 2674/3034 2673/3032
f 2675/3033 2673/3032 2674/3034
f 2671/1254 2676/3031 2673/3032
f 2681/3035 2682/3834 2685/3036
f 2678/998 2683/3041 2682/3038
f 2684/3040 2682/3835 2683/3041
f 2685/3036 2682/3836 2684/3042
f 2690/3043 2691/3837 2694/3044
f 2687/1000 2692/3624 2691/3046
f 2688/3047 2693/3051 2691/3048
f 2694/3050 2691/3838 2693/3051
f 2695/3052 2699/3055 2700/3053
f 2696/1042 2701/3057 2700/3053
f 2702/3056 2700/3053 2701/3057
f 2698/1230 2703/3054 2700/3053
f 2708/3059 2709/3061 2712/3060
f 2705/1034 2710/3063 2709/3061
f 2711/3062 2709/3061 2710/3063
f 2707/1229 2712/3060 2709/3061
f 2717/3064 2718/3067 2721/3065
f 2714/1041 2719/3069 2718/3067
f 2720/3068 2718/3067 2719/3069
f 2716/1233 2721/3065 2718/3067
f 2727/3070 2728/3073 2732/3071
f 2723/3072 2729/3075 2728/3073
f 2730/3074 2728/3073 2729/3075
f 2725/1231 2731/3076 2728/3073
f 2732/3071 2728/3073 2731/3076
f 2737/3077 2738/3839 2741/3078
f 2739/3079 2738/3839 2737/3077
f 2740/3080 2738/3839 2739/3079
f 2741/3078 2738/3839 2740/3080
f 2742/1003 2746/3084 2747/3081
f 2748/3083 2747/3081 2746/3084
f 2744/3086 2749/3087 2747/3081
f 2750/3082 2747/3081 2749/3087
f 2751/1007 2755/3091 2756/3088
f 2757/3090 2756/3088 2755/3091
f 2753/1097 2758/3092 2756/3088
f 2759/3089 2756/3088 2758/3092
f 2760/1198 2765/3096 2766/3093
f 2767/3095 2766/3093 2765/3096
f 2768/3098 2766/3093 2767/3095
f 2763/3099 2769/3100 2766/3093
f 2770/3094 2766/3093 2769/3100
f 2775/3101 2776/3105 2779/3102
f 2777/3103 2776/3105 2775/3101
f 2778/3104 2776/3105 2777/3103
f 2774/1010 2779/3102 2776/3105
f 2784/3106 2785/3108 2788/3107
f 2781/1096 2786/3109 2785/3108
f 2782/1247 2787/3110 2785/3108
f 2783/1012 2788/3107 2785/3108
f 2793/3111 2794/3840 2797/3112
f 2795/3113 2794/3841 2793/3114
f 2796/3115 2794/3842 2795/3113
f 2797/3112 2794/3840 2796/3116
f 2798/1250 2802/3120 2803/3117
f 2804/3119 2803/3843 2802/3120
f 2800/3121 2805/3126 2803/3122
f 2801/3124 2806/3844 2803/3125
f 2812/3127 2813/3129 2817/3128
f 2808/1029 2814/3131 2813/3129
f 2815/3130 2813/3129 2814/3131
f 2816/3132 2813/3129 2815/3130
f 2811/1249 2817/3128 2813/3129
f 2818/1018 2822/3136 2823/3133
f 2824/3135 2823/3133 2822/3136
f 2820/3137 2825/3138 2823/3133
f 2821/1256 2826/3134 2823/3133
f 2831/3139 2832/3845 2835/3140
f 2833/3141 2832/3845 2831/3139
f 2834/3142 2832/3845 2833/3141
f 2835/3140 2832/3845 2834/3142
f 2836/1047 2840/3147 2841/3144
f 2842/3146 2841/3144 2840/3147
f 2838/3149 2843/3150 2841/3144
f 2839/996 2844/3145 2841/3144
f 2849/3151 2850/3846 2853/3152
f 2846/1189 2851/3157 2850/3154
f 2852/3156 2850/3847 2851/3157
f 2848/1016 2853/3152 2850/3158
f 2859/3160 2860/3163 2864/3161
f 2861/3162 2860/3163 2859/3160
f 2856/1191 2862/3165 2860/3163
f 2863/3164 2860/3163 2862/3165
f 2858/3166 2864/3161 2860/3163
f 2865/1031 2869/3170 2870/3167
f 2871/3169 2870/3167 2869/3170
f 2867/1020 2872/3172 2870/3167
f 2873/3168 2870/3167 2872/3172
f 2879/3173 2880/3175 2884/3174
f 2875/1046 2881/3177 2880/3175
f 2882/3176 2880/3175 2881/3177
f 2883/3178 2880/3175 2882/3176
f 2878/3180 2884/3174 2880/3175
f 2890/3181 2891/3183 2895/3182
f 2886/1144 2892/3185 2891/3183
f 2893/3184 2891/3183 2892/3185
f 2894/3186 2891/3183 2893/3184
f 2889/1050 2895/3182 2891/3183
f 2896/1093 2900/3557 2901/3188
f 2902/3190 2901/3848 2900/3191
f 2898/1043 2903/3570 2901/3193
f 2904/3189 2901/3849 2903/3194
f 2905/1084 2909/3198 2910/3195
f 2911/3197 2910/3195 2909/3198
f 2907/1037 2912/3200 2910/3195
f 2913/3196 2910/3195 2912/3200
f 2920/3201 2921/3203 2926/3202
f 2915/1142 2922/3205 2921/3203
f 2923/3204 2921/3203 2922/3205
f 2917/1146 2924/3207 2921/3203
f 2925/3206 2921/3203 2924/3207
f 2919/1272 2926/3202 2921/3203
f 2927/1270 2933/3211 2934/3208
f 2935/3210 2934/3208 2933/3211
f 2929/1056 2936/3584 2934/3212
f 2930/1101 2937/3216 2934/3213
f 2938/3215 2934/3850 2937/3216
f 2932/1102 2939/3546 2934/3217
f 2940/3218 2944/3851 2945/3219
f 2941/1104 2946/3224 2945/3221
f 2942/1105 2947/3568 2945/3223
f 2948/3220 2945/3852 2947/3225
f 2949/1271 2954/3229 2955/3226
f 2956/3228 2955/3226 2954/3229
f 2951/1071 2957/3231 2955/3226
f 2958/3230 2955/3226 2957/3231
f 2953/1088 2959/3227 2955/3226
f 2964/3232 2965/3853 2968/3233
f 2966/3234 2965/3853 2964/3232
f 2967/3235 2965/3853 2966/3234
f 2968/3233 2965/3853 2967/3235
f 2969/1057 2973/3240 2974/3237
f 2975/3239 2974/3237 2973/3240
f 2971/1103 2976/3242 2974/3237
f 2972/1110 2977/3238 2974/3237
f 2978/1187 2982/3246 2983/3243
f 2984/3245 2983/3243 2982/3246
f 2980/1111 2985/3247 2983/3243
f 2986/3244 2983/3243 2985/3247
f 2987/1109 2991/3252 2992/3249
f 2993/3251 2992/3249 2991/3252
f 2989/1061 2994/3253 2992/3249
f 2995/3250 2992/3249 2994/3253
f 2996/1076 3000/3257 3001/3254
f 3002/3256 3001/3254 3000/3257
f 2998/1114 3003/3258 3001/3254
f 3004/3255 3001/3254 3003/3258
f 3005/1065 3009/3263 3010/3260
f 3011/3262 3010/3260 3009/3263
f 3007/1112 3012/3264 3010/3260
f 3013/3261 3010/3260 3012/3264
f 3018/3265 3019/3267 3022/3266
f 3015/1119 3020/3269 3019/3267
f 3021/3268 3019/3267 3020/3269
f 3017/3271 3022/3266 3019/3267
f 3029/3272 3030/3274 3035/3273
f 3024/1115 3031/3276 3030/3274
f 3032/3275 3030/3274 3031/3276
f 3026/1178 3033/3278 3030/3274
f 3034/3277 3030/3274 3033/3278
f 3028/3279 3035/3273 3030/3274
f 3036/1117 3041/3282 3042/3280
f 3037/1083 3043/3284 3042/3280
f 3044/3283 3042/3280 3043/3284
f 3039/1183 3045/3285 3042/3280
f 3046/3281 3042/3280 3045/3285
f 3047/1069 3051/3289 3052/3286
f 3053/3288 3052/3854 3051/3289
f 3049/1107 3054/3293 3052/3290
f 3055/3292 3052/3855 3054/3293
f 3061/3294 3062/3297 3066/3295
f 3057/1126 3063/3299 3062/3297
f 3064/3298 3062/3297 3063/3299
f 3059/1106 3065/3300 3062/3297
f 3060/1059 3066/3295 3062/3297
f 3067/1060 3071/3304 3072/3301
f 3073/3303 3072/3301 3071/3304
f 3069/1066 3074/3305 3072/3301
f 3075/3302 3072/3301 3074/3305
f 3076/1086 3080/3310 3081/3307
f 3082/3309 3081/3307 3080/3310
f 3078/1052 3083/3311 3081/3307
f 3084/3308 3081/3307 3083/3311
f 3089/3312 3090/3856 3093/3313
f 3086/1099 3091/3585 3090/3314
f 3092/3315 3090/3857 3091/3316
f 3088/1085 3093/3558 3090/3317
f 3099/3318 3100/3320 3104/3319
f 3095/1094 3101/3322 3100/3320
f 3102/3321 3100/3320 3101/3322
f 3097/1186 3103/3323 3100/3320
f 3098/1121 3104/3319 3100/3320
f 3109/3324 3110/3328 3113/3325
f 3106/3327 3111/3330 3110/3328
f 3112/3329 3110/3328 3111/3330
f 3108/1075 3113/3325 3110/3328
f 3114/1080 3118/3334 3119/3331
f 3120/3333 3119/3331 3118/3334
f 3116/1241 3121/3336 3119/3331
f 3122/3332 3119/3331 3121/3336
f 3123/3337 3127/3341 3128/3338
f 3129/3340 3128/3338 3127/3341
f 3125/1199 3130/3342 3128/3338
f 3131/3339 3128/3338 3130/3342
f 3132/1082 3136/3346 3137/3343
f 3138/3345 3137/3343 3136/3346
f 3134/1190 3139/3347 3137/3343
f 3140/3344 3137/3343 3139/3347
f 3141/3348 3146/3858 3147/3349
f 3142/1030 3148/3354 3147/3351
f 3149/3353 3147/3859 3148/3354
f 3144/3355 3150/3358 3147/3356
f 3151/3350 3147/3860 3150/3358
f 3156/3359 3157/3861 3160/3360
f 3153/3361 3158/3365 3157/3362
f 3154/1128 3159/3650 3157/3364
f 3160/3360 3157/3862 3159/3366
f 3161/1136 3165/3863 3166/3367
f 3167/3369 3166/3864 3165/3370
f 3168/3371 3166/3865 3167/3369
f 3164/3372 3169/3866 3166/3373
f 3174/3375 3175/3867 3178/3376
f 3176/3377 3175/3868 3174/3375
f 3172/1127 3177/3381 3175/3378
f 3173/1068 3178/3580 3175/3380
f 3183/3382 3184/3869 3187/3383
f 3185/3384 3184/3870 3183/3382
f 3181/1067 3186/3388 3184/3385
f 3182/1133 3187/3564 3184/3387
f 3192/3389 3193/3871 3196/3390
f 3194/3391 3193/3872 3192/3389
f 3190/1184 3195/3873 3193/3392
f 3191/1131 3196/3556 3193/3394
f 3202/3396 3203/3874 3207/3397
f 3198/1148 3204/3565 3203/3398
f 3199/1132 3205/3402 3203/3399
f 3206/3401 3203/3875 3205/3402
f 3201/1185 3207/3876 3203/3403
f 3213/3404 3214/3877 3218/3405
f 3209/1130 3215/3409 3214/3406
f 3216/3408 3214/3878 3215/3409
f 3211/1194 3217/3524 3214/3410
f 3218/3405 3214/3879 3217/3411
f 3219/1193 3223/3415 3224/3412
f 3220/1141 3225/3530 3224/3414
f 3226/3416 3224/3880 3225/3417
f 3227/3418 3224/3881 3226/3416
f 3228/1173 3238/3421 3239/3419
f 3229/1170 3240/3422 3239/3419
f 3230/1164 3241/3423 3239/3419
f 3231/1161 3242/3424 3239/3419
f 3232/1152 3243/3426 3239/3419
f 3244/3425 3239/3419 3243/3426
f 3245/3427 3239/3419 3244/3425
f 3235/1158 3246/3428 3239/3419
f 3236/1149 3247/3429 3239/3419
f 3237/1167 3248/3420 3239/3419
f 3253/3430 3254/3882 3257/3431
f 3255/3432 3254/3883 3253/3430
f 3251/1176 3256/3436 3254/3433
f 3252/1070 3257/3884 3254/3435
f 3258/1159 3263/3440 3264/3437
f 3265/3439 3264/3885 3263/3440
f 3260/1143 3266/3444 3264/3441
f 3267/3443 3264/3886 3266/3444
f 3262/1174 3268/3887 3264/3445
f 3269/1202 3273/3449 3274/3446
f 3275/3448 3274/3446 3273/3449
f 3271/1266 3276/3450 3274/3446
f 3277/3447 3274/3446 3276/3450
f 3278/1268 3282/3455 3283/3452
f 3284/3454 3283/3452 3282/3455
f 3280/1021 3285/3456 3283/3452
f 3286/3453 3283/3452 3285/3456
f 3287/1205 3291/3460 3292/3457
f 3293/3459 3292/3888 3291/3460
f 3289/1033 3294/3464 3292/3461
f 3295/3463 3292/3889 3294/3464
f 3296/3466 3300/3470 3301/3467
f 3302/3469 3301/3467 3300/3470
f 3298/1039 3303/3471 3301/3467
f 3304/3468 3301/3467 3303/3471
f 3309/3472 3310/3475 3313/3473
f 3306/1208 3311/3477 3310/3475
f 3307/3476 3312/3478 3310/3475
f 3313/3473 3310/3475 3312/3478
f 3318/3479 3319/3482 3322/3480
f 3315/3481 3320/3483 3319/3482
f 3316/1217 3321/3484 3319/3482
f 3317/1220 3322/3480 3319/3482
f 3323/3485 3327/3488 3328/3486
f 3324/1210 3329/3489 3328/3486
f 3325/1218 3330/3490 3328/3486
f 3331/3487 3328/3486 3330/3490
f 3337/3491 3338/3890 3342/3492
f 3333/1024 3339/3891 3338/3493
f 3334/3494 3340/3498 3338/3495
f 3341/3497 3338/3892 3340/3498
f 3336/971 3342/3492 3338/3500
f 3347/3502 3348/3505 3351/3503
f 3344/3504 3349/3506 3348/3505
f 3345/1215 3350/3507 3348/3505
f 3351/3503 3348/3505 3350/3507
f 3352/1214 3356/3511 3357/3508
f 3358/3510 3357/3508 3356/3511
f 3354/1261 3359/3512 3357/3508
f 3360/3509 3357/3508 3359/3512
f 3365/3513 3366/3515 3369/3514
f 3362/1023 3367/3517 3366/3515
f 3368/3516 3366/3515 3367/3517
f 3364/1223 3369/3514 3366/3515
f 279/90 842/89 845/1848
f 284/1459 845/1848 841/66
f 3353/1224 3356/3511 2580/2970
f 3356/3511 3352/1214 2577/2973
f 948/350 958/349 962/1928
f 952/1919 962/1928 957/227
f 1559/489 1579/2315 1500/2267
f 1579/2315 1568/486 1497/485
f 658/188 661/1716 511/3519
f 661/3520 657/169 499/171
f 1454/509 1470/2246 1473/2243
f 1459/2231 1473/2243 1469/2245
f 2589/1225 3361/1227 3369/3514
f 2595/2979 3369/3514 3364/1223
f 252/1441 859/64 867/1861
f 257/1435 867/1867 862/102
f 2614/944 2624/3003 2627/2999
f 2618/2995 2627/2999 2623/3001
f 437/87 445/1570 398/1535
f 445/1570 440/1574 390/82
f 1045/431 1049/1978 995/1950
f 1049/1978 1044/357 992/356
f 2279/2801 2399/832 2407/2871
f 2283/2805 2407/2871 2402/903
f 2120/766 2126/768 2134/2695
f 2125/2689 2134/2695 2129/884
f 3229/1170 3238/3421 3218/3405
f 3238/3421 3228/1173 3208/1172
f 178/9 181/1388 32/3521
f 181/1385 177/5 29/1293
f 503/120 648/119 656/1709
f 510/1617 656/1709 651/187
f 2644/3015 2827/994 2835/3140
f 2649/3012 2835/3140 2830/1263
f 1026/369 1244/368 1249/2100
f 1034/1961 1249/2100 1243/443
f 1517/519 1533/518 1536/2296
f 1522/2280 1536/2293 1532/563
f 1517/519 1521/2286 1513/3522
f 1521/3523 1516/560 1505/2274
f 1662/2383 1672/2382 1531/2288
f 1672/2382 1666/520 1523/522
f 3297/1209 3300/3470 2620/2997
f 3300/3470 3296/3466 2616/1204
f 2633/3008 2636/3005 2630/3004
f 2636/3005 2632/1212 2626/1211
f 314/1482 322/1481 304/1470
f 322/1481 317/307 294/309
f 298/107 303/1475 293/1464
f 303/1475 297/301 285/303
f 1507/492 1526/491 1530/2290
f 1512/2276 1530/2290 1525/2292
f 1964/669 1976/2581 1723/2421
f 1976/2581 1969/651 1719/650
f 3211/1194 3219/1193 3227/3413
f 3217/3411 3227/3418 3222/1169
f 878/1878 881/1879 876/1870
f 881/1879 877/1875 868/70
f 306/71 309/1476 292/1468
f 309/1476 305/106 288/108
f 2605/977 2613/2990 2600/2985
f 2613/2990 2608/1201 2597/1203
f 2529/2940 2532/2939 2524/2929
f 2532/2939 2528/955 2516/957
f 2201/786 2289/785 2292/2808
f 2206/2747 2292/2808 2288/748
f 2504/954 2559/953 2562/2957
f 2508/2923 2562/2957 2558/2959
f 2145/777 2148/2711 2143/2702
f 2148/2711 2144/890 2135/2703
f 950/407 982/406 990/1942
f 955/1923 990/1942 985/1946
f 3259/1163 3263/3440 3241/3423
f 3263/3440 3258/1159 3231/1161
f 2174/782 2189/2738 2197/2740
f 2179/2726 2197/2740 2192/2745
f 3230/1164 3240/3422 3226/3416
f 3240/3422 3229/1170 3222/1169
f 666/170 676/1720 505/1613
f 676/1720 670/167 500/166
f 1674/578 1677/2391 1206/2075
f 1677/2391 1673/590 1202/589
f 1460/555 1478/554 1486/2251
f 1464/2238 1486/2256 1481/482
f 1423/528 1426/2210 1421/2205
f 1426/3525 1422/2206 1413/544
f 1174/412 1614/414 1619/2347
f 1182/2053 1619/2347 1613/436
f 392/326 409/1548 412/1545
f 397/1539 412/1545 408/1547
f 2210/2758 2281/904 2285/2804
f 2215/2753 2285/2804 2280/902
f 346/267 352/266 360/1505
f 351/1500 360/1505 355/1509
f 3261/1089 3266/3444 2920/3201
f 3266/3444 3260/1143 2915/1142
f 3250/1160 3253/3430 3242/3424
f 3253/3430 3249/1150 3232/1152
f 1257/405 1260/2108 1033/1967
f 1260/2108 1256/367 1026/369
f 112/45 120/1335 24/1285
f 120/1335 115/1340 16/1283
f 1038/439 1279/441 1283/2121
f 1283/2121 1278/2117 1035/637
f 2607/1206 3287/1205 3295/3458
f 2612/2994 3295/3463 3290/3465
f 2597/1203 3269/1202 3277/3447
f 2602/2987 3277/3447 3272/3451
f 1415/476 1431/2216 1441/2215
f 1420/2203 1441/2215 1435/2221
f 1202/589 1665/591 1670/2386
f 1208/2074 1670/2386 1664/582
f 1550/502 1562/504 1572/2317
f 1554/2306 1572/2317 1561/495
f 896/1890 899/1888 331/1488
f 899/1888 895/163 323/165
f 2468/984 2476/2908 2467/3526
f 2476/2908 2471/974 2466/3527
f 225/1422 850/331 858/1855
f 230/1417 858/1855 853/1859
f 525/137 830/136 840/1840
f 531/1628 840/1840 834/156
f 3008/1116 3024/1115 3029/3272
f 3013/3261 3029/3272 3023/1063
f 1654/2376 1657/2375 1511/3528
f 1657/3529 1653/490 1507/492
f 3220/1141 3260/1143 3265/3442
f 3225/3417 3265/3439 3259/1163
f 3133/1124 3136/3346 3131/3339
f 3136/3346 3132/1082 3123/3337
f 853/1859 857/1858 847/1852
f 857/1858 852/296 843/1853
f 1541/471 1553/470 1557/2313
f 1545/2300 1557/2313 1552/2309
f 2525/969 2530/968 2534/2938
f 2527/3531 2534/2938 2529/2940
f 3014/1081 3037/1083 3041/3282
f 3018/3265 3041/3282 3036/1117
f 821/257 829/1833 530/1632
f 829/1833 824/138 525/137
f 399/61 410/63 414/1550
f 403/1543 414/1550 409/1548
f 1038/439 1042/1974 1008/1955
f 1042/1974 1037/1973 1004/430
f 619/123 627/1688 520/3532
f 627/1693 622/141 512/140
f 1664/582 1669/2387 1196/2066
f 1669/2387 1663/2384 1193/586
f 2459/975 2471/974 2475/2910
f 2464/2900 2475/2910 2470/2912
f 2180/900 2200/899 2204/2748
f 2184/2732 2204/2748 2199/745
f 3355/1258 3359/3512 2834/3142
f 3359/3512 3354/1261 2830/1263
f 3025/1118 3031/3276 3020/3269
f 3031/3276 3024/1115 3016/3270
f 2020/842 2026/2621 2034/2623
f 2025/2614 2034/2628 2029/711
f 870/1873 874/1871 866/1868
f 874/1871 869/100 862/102
f 1423/528 1443/527 1446/2225
f 1428/2212 1446/2222 1442/542
f 1524/567 1534/566 1538/2298
f 1529/2291 1538/2298 1533/518
f 2087/836 2092/2667 1781/2453
f 2092/2667 2086/929 1776/928
f 1018/360 1055/359 1063/1983
f 1063/1983 1058/371 1017/370
f 1644/2368 1652/2367 1491/2261
f 1652/2367 1647/514 1488/516
f 231/116 240/115 248/1430
f 235/1423 248/1430 243/324
f 2960/1188 2978/1187 2986/3244
f 2964/3232 2986/3244 2981/3248
f 2011/752 2019/2619 2023/2618
f 2016/2606 2023/3794 2018/2615
f 1580/573 1590/2326 1233/2087
f 1590/2326 1584/2332 1223/574
f 1561/495 1571/2316 1540/2294
f 1571/2316 1560/564 1532/563
f 2235/825 2238/2775 2214/2756
f 2238/2775 2234/905 2210/2758
f 1523/522 1543/521 1547/2302
f 1527/2287 1547/2302 1542/565
f 2444/937 2452/2894 2439/2886
f 2439/2886 2452/2894 2447/962
f 2201/786 2205/2751 2196/3535
f 2205/3536 2200/899 2192/2745
f 2764/1244 2854/1243 2864/3161
f 2770/3094 2864/3161 2858/3166
f 1646/602 1650/2371 1181/2059
f 1650/2371 1645/413 1174/412
f 2807/1025 3333/1024 3337/3491
f 2812/3127 3337/3491 3332/1027
f 307/159 326/158 330/1490
f 312/1479 330/1490 325/312
f 2972/1110 2987/1109 2995/3250
f 2977/3238 2995/3250 2990/1058
f 2972/1110 2976/3242 2966/3234
f 2976/3242 2971/1103 2962/3236
f 233/1428 237/1427 228/1418
f 237/1427 232/323 224/1421
f 2088/2670 2120/766 2124/2692
f 2095/2673 2124/2692 2119/829
f 1015/631 1021/633 1027/1963
f 1027/1963 1020/442 1014/444
f 945/408 950/407 954/1924
f 947/3538 954/1924 949/1921
f 860/1864 863/1863 849/1849
f 863/1863 859/64 841/66
f 1444/507 1463/506 1467/2242
f 1449/2229 1467/2239 1462/539
f 3056/3296 3066/3295 2994/3253
f 3066/3295 3060/1059 2990/1058
f 1444/507 1448/2227 1440/2220
f 1448/2227 1443/527 1435/2221
f 1788/767 2088/2670 2094/2669
f 1793/2460 2094/2669 2087/836
f 1433/478 1453/480 1457/2232
f 1439/2218 1457/2232 1452/2233
f 2808/1029 3343/1028 3351/3503
f 2814/3131 3351/3503 3346/1260
f 2979/1077 2996/1076 3004/3255
f 2984/3245 3004/3255 2999/3259
f 1183/588 1656/587 1660/2380
f 1187/2063 1660/3769 1655/2377
f 225/1422 229/1420 217/1410
f 229/1420 224/1421 214/322
f 660/162 664/1718 476/3539
f 664/3540 659/152 468/1592
f 2857/1123 3126/1125 3130/3342
f 2863/3164 3130/3342 3125/1199
f 2453/973 2459/975 2463/2906
f 2455/3542 2463/3821 2458/2904
f 2217/2764 2220/2763 2213/2757
f 2220/2763 2216/2759 2209/823
f 440/1574 444/1573 421/1555
f 444/1573 439/98 418/1556
f 1289/456 1297/2125 1052/1979
f 1297/2125 1292/452 1047/1980
f 2988/1113 2991/3252 2985/3247
f 2991/3252 2987/1109 2981/3248
f 1312/639 1315/2141 1039/1971
f 1315/2141 1311/455 1036/1972
f 243/324 247/1432 219/1414
f 247/1432 242/62 215/1415
f 1017/370 1022/372 1029/1962
f 1019/3543 1029/1962 1021/633
f 158/48 162/1372 23/1287
f 162/1372 157/1374 19/43
f 2217/2764 2421/787 2424/2881
f 2222/2762 2424/2881 2420/910
f 1552/2309 1556/2311 1539/3544
f 1556/2308 1551/494 1535/493
f 2997/1079 3017/3271 3021/3268
f 3002/3256 3021/3268 3016/3270
f 2432/936 2437/935 2441/2891
f 2434/3545 2441/2891 2436/2889
f 446/113 456/1576 416/1546
f 456/1576 450/86 408/1547
f 315/1483 332/310 342/1493
f 320/1486 342/1493 336/1498
f 2932/1102 2941/1104 2944/3222
f 2939/3209 2944/3851 2940/3218
f 426/261 436/1563 424/1560
f 436/1563 430/317 420/1561
f 2129/884 2133/2700 2103/2675
f 2133/3547 2128/827 2100/2679
f 2552/972 3336/971 3341/3501
f 2557/2949 3341/3497 3335/3499
f 2147/830 2151/2712 2096/2672
f 2151/2712 2146/805 2090/807
f 3134/1190 3138/3345 2862/3165
f 3138/3345 3133/1124 2857/1123
f 1626/645 1634/2353 1304/3548
f 1634/3549 1629/462 1299/461
f 763/242 770/241 774/1801
f 768/1792 774/3702 769/255
f 2941/1104 2971/1103 2975/3239
f 2946/3224 2975/3239 2970/3241
f 1876/917 1884/2519 1744/2432
f 1884/2519 1879/665 1739/2433
f 3008/1116 3012/3264 3003/3258
f 3012/3264 3007/1112 2999/3259
f 195/1399 203/1398 190/1395
f 203/1398 198/277 187/279
f 2743/3085 2746/3084 2732/3071
f 2746/3084 2742/1003 2722/1005
f 770/241 801/243 810/1823
f 776/1800 810/1823 800/216
f 780/197 790/1807 766/3550
f 790/1813 784/239 762/238
f 942/379 1101/381 1104/2010
f 944/3551 1104/2010 1100/347
f 1331/596 1366/595 1376/2170
f 1337/2149 1376/2170 1370/2175
f 3060/1059 3065/3300 2973/3240
f 3065/3300 3059/1106 2970/3241
f 361/1512 904/79 914/1895
f 365/1514 914/3720 908/91
f 197/1403 879/280 883/1880
f 202/1401 883/1880 878/1878
f 2931/1120 2963/1122 2967/3235
f 2938/3215 2967/3235 2962/3236
f 189/8 193/1396 183/1387
f 193/1396 188/274 179/276
f 1/30 17/29 20/1286
f 3/3553 20/1286 16/1283
f 1638/549 1675/548 1679/2392
f 1643/2362 1679/2392 1674/578
f 742/252 751/251 759/1784
f 746/1779 759/1789 754/224
f 2173/2730 2375/892 2383/2857
f 2178/2731 2383/2857 2378/783
f 2437/935 2458/2904 2462/2901
f 2442/2892 2462/2901 2457/2903
f 1646/602 1655/2377 1659/2374
f 1651/2370 1659/2374 1654/2376
f 1355/641 1365/2164 1349/2160
f 1349/2160 1365/2164 1359/533
f 1136/429 1139/2034 965/1929
f 1139/2034 1135/423 960/422
f 2243/792 2252/791 2260/2784
f 2247/2777 2260/2784 2255/908
f 3209/1130 3213/3407 3196/3556
f 3213/3404 3208/1172 3188/1171
f 3085/1095 3093/3313 2900/3557
f 3093/3558 3088/1085 2897/3192
f 2988/1113 3007/1112 3011/3262
f 2993/3251 3011/3262 3006/1062
f 834/156 839/1847 498/1604
f 839/1847 833/210 486/209
f 2950/1072 2954/3229 2948/3220
f 2954/3229 2949/1271 2940/3218
f 3315/3481 3318/3479 2779/3102
f 3318/3479 3314/1195 2771/1197
f 589/1672 696/145 699/1742
f 594/1667 699/1742 695/1738
f 794/208 833/210 838/1846
f 799/1815 838/1843 832/233
f 2845/3153 3142/1030 3146/3352
f 2849/3155 3146/3858 3141/3348
f 762/238 802/240 812/1824
f 767/1795 812/1824 801/243
f 2057/759 2067/2647 1992/2597
f 1992/2597 2067/2647 2061/756
f 1368/534 1373/2171 1351/2159
f 1373/2171 1367/463 1346/465
f 1102/2011 1106/2012 966/1930
f 1106/2012 1101/381 961/380
f 2762/1090 2767/3095 2749/3087
f 2767/3095 2761/3097 2745/1240
f 629/126 633/1697 549/1639
f 633/1697 628/122 541/1640
f 2736/1091 2744/3086 2748/3083
f 2741/3078 2748/3083 2743/3085
f 1868/684 1871/2512 1758/2439
f 1871/2512 1867/2508 1752/916
f 10/2 30/1294 34/1291
f 15/1277 34/1291 29/1293
f 179/276 861/275 865/1866
f 184/1391 865/1862 860/1864
f 168/47 176/1381 164/1376
f 176/1381 171/295 159/297
f 1006/363 1011/1957 1002/3560
f 1011/1957 1005/1956 1001/352
f 523/139 622/141 626/1694
f 529/1630 626/1694 621/256
f 3189/1166 3197/1165 3207/3397
f 3194/3393 3207/3876 3201/1185
f 2207/2754 2411/901 2419/2877
f 2211/2752 2419/2877 2414/789
f 2388/781 2391/2864 2193/3561
f 2391/2861 2387/834 2190/833
f 471/160 475/1594 301/1474
f 475/1594 470/69 296/68
f 379/92 908/91 913/1899
f 384/1528 913/1899 907/94
f 823/230 827/1834 816/1829
f 827/1834 822/217 806/219
f 438/262 782/264 787/1808
f 443/1571 787/1808 781/99
f 2313/814 2316/2822 2278/2796
f 2316/2822 2312/886 2270/888
f 2272/790 2276/2799 2269/2790
f 2276/2799 2271/826 2261/828
f 2735/1008 2751/1007 2759/3089
f 2740/3080 2759/3089 2754/1092
f 2367/778 2370/2854 2157/2713
f 2370/2854 2366/894 2154/893
f 148/44 157/1374 167/1373
f 152/1368 167/1373 161/1379
f 753/214 800/216 820/1822
f 758/1790 820/1822 809/225
f 4/3 10/2 14/1282
f 6/3562 14/1282 9/1280
f 2950/1072 3048/1074 3051/3289
f 2956/3228 3051/3289 3047/1069
f 832/233 837/1844 815/1827
f 837/1844 831/229 805/231
f 2781/1096 2784/3106 2769/3100
f 2769/3100 2784/3106 2780/1245
f 1614/414 1645/413 1648/2366
f 1621/2348 1648/2366 1644/2368
f 2019/2619 2059/751 2064/2649
f 2024/2617 2064/2649 2058/843
f 1358/467 1369/466 1374/2174
f 1364/2168 1374/2174 1368/534
f 2226/909 2229/2769 2224/2761
f 2229/2769 2225/824 2216/2759
f 1989/755 2078/754 2081/2664
f 1994/2596 2081/2664 2077/696
f 448/1579 794/208 798/1820
f 454/1581 798/1820 793/263
f 151/1371 155/1369 143/1361
f 155/1369 150/1370 140/283
f 772/199 777/1804 757/1785
f 777/3563 771/215 753/214
f 2868/1192 3211/1194 3216/3408
f 2873/3168 3216/3408 3210/1032
f 18/46 22/1288 13/1278
f 22/1288 17/29 9/1280
f 3199/1132 3204/3400 3187/3564
f 3204/3565 3198/1148 3179/1147
f 2044/743 2056/2638 2015/3566
f 2056/3567 2049/753 2011/752
f 2226/909 2255/908 2259/2788
f 2231/2768 2259/2788 2254/2787
f 2290/906 2294/2812 2286/2806
f 2294/2812 2289/785 2282/2807
f 187/279 871/278 875/1874
f 192/1394 875/1874 870/1873
f 1160/416 1258/415 1262/2107
f 1167/2043 1262/2107 1257/405
f 743/223 809/225 819/1831
f 748/1778 819/1831 808/222
f 3049/1107 3053/3291 2947/3568
f 3053/3288 3048/1074 2943/1073
f 380/96 915/95 923/1903
f 386/1532 923/1903 918/328
f 823/230 831/229 835/1842
f 828/1838 835/3712 830/136
f 686/1734 694/1733 576/1656
f 694/1733 689/147 568/146
f 2245/911 2249/2782 2223/2765
f 2249/2782 2244/2779 2219/907
f 1581/460 1629/462 1633/2359
f 1587/2327 1633/2359 1628/496
f 2578/2975 2582/2972 2575/2965
f 2582/2972 2577/2973 2567/1213
f 1136/429 1205/428 1210/2076
f 1141/2033 1210/2076 1204/2078
f 553/144 571/143 575/1658
f 558/1645 575/1658 570/1660
f 204/1406 212/1405 201/1402
f 212/1405 207/281 197/1403
f 3076/1086 3084/3308 2909/3198
f 3084/3308 3079/1145 2906/3199
f 334/77 429/76 434/1565
f 340/1495 434/1565 428/1566
f 993/395 997/1949 981/1932
f 997/1949 992/356 971/355
f 2429/963 2447/962 2451/2898
f 2431/3569 2451/2898 2446/2896
f 1967/2585 2297/694 2305/2814
f 1974/2587 2305/2814 2300/2818
f 2228/2771 2236/649 2240/2774
f 2233/2767 2240/2774 2235/825
f 559/180 577/179 585/1662
f 563/1650 585/1662 580/129
f 1583/2331 1637/535 1641/2365
f 1589/2329 1641/2365 1636/575
f 2689/1234 2899/1236 2903/3194
f 2903/3570 2898/1043 2686/3045
f 3155/1153 3234/1155 3244/3425
f 3160/3360 3244/3425 3233/1140
f 2789/1196 3334/3494 3339/3496
f 2793/3114 3339/3891 3333/1024
f 973/1936 984/364 988/1944
f 979/1934 988/1944 983/614
f 1739/2433 1978/664 1982/2588
f 1746/2431 1982/2588 1977/763
f 1613/436 1625/2346 1271/2113
f 1625/2346 1618/628 1266/630
f 670/167 675/1724 536/1633
f 675/1724 669/244 533/246
f 2408/874 2413/876 2417/2879
f 2410/3571 2417/2879 2412/872
f 1404/472 1412/2193 1399/3573
f 1412/3574 1407/569 1396/2189
f 2763/3099 2768/3098 2758/3092
f 2768/3098 2762/1090 2754/1092
f 2080/2666 2084/2665 2054/2645
f 2054/2645 2084/2665 2079/845
f 2237/741 2241/2776 1975/2586
f 2241/2776 2236/649 1969/651
f 568/146 589/1672 593/1670
f 572/1655 593/1670 588/1671
f 3079/1145 3083/3311 2924/3207
f 3083/3311 3078/1052 2918/1051
f 2245/911 2321/2826 2329/2825
f 2250/2781 2329/2825 2324/816
f 994/353 1005/1956 1010/1954
f 999/1948 1010/1954 1004/430
f 40/51 48/1299 39/3575
f 48/1299 43/1303 38/40
f 1965/764 1970/2580 1747/2435
f 1970/2580 1964/669 1741/668
f 968/394 975/396 980/1940
f 970/3577 980/1937 974/1938
f 994/353 998/1951 970/3578
f 998/1951 993/395 968/394
f 1885/771 1895/2527 1784/3579
f 1895/2532 1889/683 1778/2457
f 3173/1068 3181/1067 3185/3386
f 3178/3376 3185/3384 3180/1157
f 924/1909 932/1908 406/1544
f 932/1908 927/334 402/336
f 639/131 647/1703 584/1665
f 647/1703 642/127 580/129
f 2422/875 2426/2885 2418/2880
f 2426/2885 2421/787 2414/789
f 2752/1011 2774/1010 2778/3104
f 2757/3090 2778/3104 2773/1098
f 401/329 405/1542 387/1531
f 405/1542 400/325 382/327
f 578/183 581/1663 574/1659
f 581/1663 577/179 570/1660
f 1422/2206 1430/2208 1402/3581
f 1430/2213 1425/500 1398/499
f 2396/871 2401/873 2405/2872
f 2398/3582 2405/2872 2400/2874
f 1386/536 1394/2182 1381/2179
f 1394/2182 1389/568 1378/570
f 2928/1053 3078/1052 3082/3309
f 2935/3210 3082/3309 3077/1054
f 2875/1046 2879/3173 2840/3147
f 2879/3173 2874/1019 2837/3148
f 2079/845 2083/2663 2066/2650
f 2083/2663 2078/754 2061/756
f 2821/1256 2838/3149 2842/3146
f 2826/3134 2842/3146 2837/3148
f 586/148 608/150 618/1682
f 590/1669 618/1682 612/184
f 2810/1257 2821/1256 2825/3138
f 2816/3132 2825/3138 2820/3137
f 382/327 392/326 396/1538
f 388/1533 396/1538 391/1536
f 31/41 43/1303 47/1304
f 36/1290 47/1304 42/1302
f 430/317 435/1568 358/1506
f 358/1506 435/1568 429/76
f 1808/2474 1888/799 1893/2530
f 1812/2477 1893/2530 1887/673
f 1870/2517 1874/2516 1807/2470
f 1874/2516 1869/801 1799/800
f 1414/2202 1417/2199 1392/2183
f 1417/2199 1413/544 1388/546
f 1299/461 1581/460 1585/2325
f 1306/2131 1585/2325 1580/573
f 2423/851 2427/2884 2410/3583
f 2427/2884 2422/875 2408/874
f 678/1729 681/1728 557/1649
f 681/1728 677/142 553/144
f 1617/583 1623/2349 1603/2334
f 1623/2349 1616/508 1591/510
f 170/339 844/338 848/1851
f 175/1383 848/1851 843/1853
f 2929/1056 3087/1055 3091/3316
f 3091/3585 3086/1099 2930/1101
f 2829/3143 2833/3141 2815/3130
f 2833/3141 2828/1255 2810/1257
f 595/185 607/1674 592/1668
f 607/1674 600/182 588/1671
f 379/92 389/1529 367/1516
f 389/1529 383/319 363/321
f 3299/997 3303/3471 2717/3064
f 3303/3471 3298/1039 2714/1041
f 804/234 814/1826 795/1814
f 814/1826 803/237 792/236
f 1801/713 1855/712 1860/2501
f 1806/2472 1860/2501 1854/717
f 1378/570 1407/569 1411/2195
f 1383/2178 1411/2195 1406/2197
f 1627/477 1630/2355 1608/2342
f 1630/2355 1626/645 1605/644
f 1593/551 1607/550 1611/2343
f 1600/2336 1611/2343 1606/594
f 906/39 911/1898 129/1349
f 911/1896 905/290 121/1341
f 391/1536 394/1534 378/1520
f 394/1534 390/82 370/84
f 2791/1251 2798/1250 2806/3118
f 2796/3116 2806/3844 2801/3124
f 363/321 373/320 377/1527
f 368/1518 377/1523 372/1525
f 3094/1100 3104/3319 2937/3216
f 3104/3319 3098/1121 2931/1120
f 1186/419 1190/2065 1165/3586
f 1190/2064 1185/627 1159/626
f 782/264 793/263 797/1818
f 788/1812 797/1816 792/236
f 1388/546 1397/545 1401/2187
f 1393/2184 1401/2187 1396/2189
f 2273/2800 2277/2798 2251/2778
f 2277/2798 2272/790 2243/792
f 2237/741 2291/740 2295/2811
f 2242/2773 2295/2811 2290/906
f 578/183 600/182 606/1679
f 583/1664 606/1679 599/130
f 2807/1025 2817/3128 2795/3113
f 2817/3128 2811/1249 2791/1251
f 177/5 185/1386 174/1384
f 185/1386 180/337 170/339
f 2606/942 2609/2992 2460/3588
f 2609/3589 2605/977 2457/2903
f 1144/399 1195/398 1199/2069
f 1149/2038 1199/2069 1194/2071
f 1172/625 1179/2058 1166/2051
f 1179/2058 1171/417 1160/416
f 1776/928 1922/930 1932/2552
f 1783/2452 1932/2552 1926/2557
f 803/237 813/1825 789/1811
f 813/1825 802/240 784/239
f 2412/872 2415/2876 2406/2875
f 2415/2876 2411/901 2402/903
f 2916/1273 2922/3205 2882/3176
f 2922/3205 2915/1142 2877/3179
f 852/296 856/1856 165/1378
f 856/1856 851/272 160/271
f 630/1700 635/1699 565/1654
f 635/1699 629/126 561/125
f 2264/2794 2268/2792 2256/2786
f 2268/2792 2263/523 2253/525
f 1301/529 1307/2135 1232/2090
f 1307/2135 1300/572 1227/571
f 2782/1247 2801/3124 2805/3126
f 2787/3110 2805/3126 2800/3121
f 3098/1121 3103/3323 2968/3233
f 3103/3323 3097/1186 2960/1188
f 2772/1248 2782/1247 2786/3109
f 2777/3103 2786/3109 2781/1096
f 1817/678 1843/677 1853/2495
f 1823/2483 1853/2495 1847/922
f 2048/844 2060/846 2065/2651
f 2055/2644 2065/2651 2059/751
f 1685/812 2254/2787 2258/2785
f 1690/2396 2258/2785 2253/525
f 25/42 31/41 35/1297
f 27/3591 35/3657 30/1294
f 3353/1224 3364/1223 3368/3516
f 3358/3510 3368/3516 3363/3518
f 3323/3485 3331/3487 2755/3091
f 3331/3487 3326/1009 2752/1011
f 1820/927 1826/2485 1805/2473
f 1826/2485 1819/714 1801/713
f 630/1700 642/127 646/1705
f 636/1698 646/1705 641/1707
f 1172/625 1185/627 1189/2062
f 1180/2057 1189/2062 1184/601
f 160/271 934/273 937/1916
f 166/1377 937/1916 933/293
f 2364/864 2377/863 2381/2858
f 2381/2858 2376/869 2363/868
f 88/24 123/23 127/1348
f 92/1323 127/1344 122/1346
f 2704/1264 3271/1266 3275/3448
f 2708/3059 3275/3448 3270/1035
f 2789/1196 2797/3112 2775/3101
f 2797/3112 2792/1246 2772/1248
f 2046/699 2069/698 2072/2655
f 2053/2643 2072/2652 2068/738
f 457/105 467/1584 239/1424
f 467/1584 461/117 231/116
f 1821/735 1831/734 1836/2489
f 1828/2486 1836/2489 1830/680
f 886/291 894/1883 134/1351
f 894/1883 889/287 131/1353
f 926/294 930/1912 154/1367
f 930/1912 925/284 150/1370
f 1809/675 1832/674 1838/2491
f 1838/2491 1831/734 1810/733
f 1799/800 1808/2474 1816/2476
f 1803/2469 1816/2476 1811/926
f 1194/2071 1198/2070 1191/2061
f 1198/2070 1193/586 1183/588
f 1832/674 1887/673 1892/2528
f 1839/2490 1892/2528 1886/721
f 2827/994 2839/996 2843/3150
f 2831/3139 2843/3150 2838/3149
f 91/32 95/1327 87/3593
f 95/1324 90/59 86/3594
f 2614/944 2622/2996 2474/2911
f 2622/2996 2617/941 2470/2912
f 1145/418 1158/420 1164/2046
f 1151/2040 1164/2046 1157/393
f 2540/981 2548/2943 2450/2895
f 2548/2943 2543/914 2446/2896
f 1914/731 2035/730 2043/2631
f 1921/2542 2043/3799 2038/804
f 650/153 659/152 663/1715
f 655/1712 663/1715 658/188
f 1821/735 1827/2484 1815/2478
f 1815/2478 1827/2484 1820/927
f 2363/868 2369/870 2373/2855
f 2365/3596 2373/2855 2368/860
f 917/285 921/1905 145/1360
f 921/1905 916/38 141/1363
f 2867/1020 2871/3169 2822/3136
f 2871/3169 2866/3171 2819/1015
f 103/27 139/26 147/1359
f 108/1329 147/1359 142/1364
f 1266/630 1356/629 1360/2165
f 1273/2112 1360/2165 1355/641
f 1856/923 1862/2505 1825/2482
f 1862/2505 1855/712 1819/714
f 240/115 461/117 466/1588
f 244/1429 466/1588 460/1589
f 1638/549 1642/2364 1385/2177
f 1642/2364 1637/535 1377/537
f 628/122 638/1696 623/1690
f 638/1696 632/202 620/204
f 2389/2867 2393/2866 2382/2860
f 2393/2866 2388/781 2378/783
f 1780/663 1790/662 1795/2464
f 1795/3598 1789/835 1775/837
f 1213/2082 1217/2079 1211/2073
f 1217/2079 1212/577 1201/579
f 90/59 94/1325 84/1316
f 94/1325 89/19 76/21
f 2495/951 2634/950 2638/3007
f 2500/2919 2638/3007 2633/3008
f 1135/423 1143/2032 1129/2028
f 1143/2032 1138/624 1125/623
f 3326/1009 3330/3490 3320/3483
f 3330/3490 3325/1218 3316/1217
f 1925/802 2038/804 2042/2636
f 1931/2555 2042/2636 2037/770
f 668/308 679/1730 683/1727
f 674/1722 683/1727 678/1729
f 1743/793 1753/795 1760/2441
f 1760/2441 1752/916 1738/918
f 2357/861 2368/860 2372/2853
f 2362/2847 2372/2853 2367/778
f 2885/1038 2907/1037 2911/3197
f 2890/3181 2911/3197 2906/3199
f 3115/3335 3118/3334 3000/3257
f 3118/3334 3114/1080 2997/1079
f 3335/3499 3340/3498 3322/3480
f 3340/3498 3334/3494 3314/1195
f 1878/704 2028/703 2032/2627
f 1883/2525 2032/2624 2027/666
f 1137/397 1144/399 1154/2037
f 1142/2035 1154/2037 1148/622
f 3352/1214 3360/3509 3350/3507
f 3360/3509 3355/1258 3346/1260
f 2046/699 2052/2641 1943/2559
f 2052/2641 2045/809 1933/808
f 595/185 612/184 617/1685
f 601/1673 617/1685 611/135
f 2400/2874 2403/2873 2395/2862
f 2403/2873 2399/832 2387/834
f 206/286 210/1409 136/1356
f 210/1409 205/17 132/1357
f 2384/867 2390/866 2394/2869
f 2386/3600 2394/2865 2389/2867
f 1234/451 1302/453 1308/2136
f 1238/2095 1308/2134 1301/529
f 2715/1239 2726/1238 2731/3076
f 2720/3068 2731/3076 2725/1231
f 2886/1144 2917/1146 2923/3204
f 2892/3185 2923/3204 2916/1273
f 78/56 82/1319 72/1311
f 82/1319 77/16 64/18
f 640/250 643/1702 605/1680
f 643/1702 639/131 599/130
f 822/217 825/1835 741/1775
f 825/3602 821/257 733/1768
f 411/114 415/1551 246/1433
f 415/1551 410/63 242/62
f 1169/435 1246/434 1252/2101
f 1177/2054 1252/2101 1245/599
f 1729/655 1754/657 1761/2440
f 1761/2440 1753/795 1730/794
f 1246/434 1270/433 1276/2115
f 1253/2103 1276/2115 1269/447
f 1195/398 1204/2078 1209/2077
f 1200/2067 1209/2077 1203/581
f 2356/857 2360/2850 2346/2840
f 2360/2850 2355/772 2343/774
f 2949/1271 2959/3227 2926/3202
f 2959/3227 2953/1088 2914/1087
f 2734/1040 2737/3077 2719/3069
f 2737/3077 2733/1237 2715/1239
f 688/270 692/1737 341/1497
f 692/1737 687/74 336/1498
f 2897/3192 2905/1084 2913/3196
f 2902/3190 2913/3196 2908/1044
f 1859/705 1878/704 1882/2523
f 1882/2523 1877/715 1854/717
f 1857/728 1863/2504 1852/2500
f 1852/2500 1863/2504 1856/923
f 1148/622 1153/2041 1131/2027
f 1153/2041 1147/402 1126/401
f 2070/2658 2074/2657 1942/2564
f 2074/2657 2069/698 1937/697
f 2086/929 2098/2668 1927/2554
f 2098/2668 2091/691 1923/693
f 660/162 667/161 671/1719
f 665/1714 671/1719 666/170
f 1743/793 1749/2436 1735/2428
f 1749/2436 1742/849 1731/848
f 1256/367 1264/2106 1251/2102
f 1264/2106 1259/600 1245/599
f 2101/887 2331/2833 2334/2835
f 2106/2682 2334/2831 2330/822
f 724/195 732/1761 637/1701
f 732/1761 727/1765 632/202
f 2313/814 2324/816 2328/2830
f 2318/2821 2328/2830 2323/882
f 1914/731 1920/2550 1841/2493
f 1920/2550 1913/718 1835/720
f 2707/1229 2711/3062 2703/3054
f 2703/3054 2711/3062 2706/1001
f 114/1339 118/1338 107/1333
f 118/1338 113/25 103/27
f 79/60 83/1318 75/3604
f 83/1318 78/56 74/3605
f 1404/472 1563/474 1573/2319
f 1408/2192 1573/2319 1562/504
f 1215/426 1220/2083 956/1920
f 1220/2083 1214/351 948/350
f 1157/393 1163/2047 1123/2023
f 1163/3606 1156/411 1109/410
f 2799/1017 2848/1016 2852/3159
f 2804/3123 2852/3156 2847/1013
f 1956/933 1959/2575 1908/2535
f 1959/2575 1955/760 1896/762
f 1092/348 1095/2004 1090/3607
f 1095/2004 1091/386 1089/3608
f 1265/437 1277/2111 1175/2055
f 1277/2111 1270/433 1169/435
f 1606/594 1610/2344 1339/2153
f 1610/2344 1605/644 1333/2152
f 2357/861 2361/2849 2353/3609
f 2361/2849 2356/857 2352/3610
f 668/308 673/1723 299/1469
f 673/1723 667/161 295/1471
f 142/1364 146/1362 128/1350
f 146/1362 141/1363 124/37
f 2918/1051 2928/1053 2933/3211
f 2925/3206 2933/3211 2927/1270
f 559/180 567/1651 554/1644
f 567/1651 562/176 551/1647
f 2820/3137 2824/3135 2802/3120
f 2824/3135 2819/1015 2799/1017
f 807/207 817/1828 740/1773
f 817/1828 806/219 736/218
f 2029/711 2033/2629 1865/2507
f 2033/2629 2028/703 1859/705
f 1147/402 1152/2039 1122/2024
f 1152/2039 1146/392 1115/391
f 1102/2011 1124/421 1134/2026
f 1107/2013 1134/2026 1128/390
f 2855/1014 2859/3160 2788/3107
f 2859/3160 2854/1243 2780/1245
f 1092/348 1100/347 1108/2009
f 1097/2006 1108/2009 1103/389
f 1259/600 1263/2109 1178/2056
f 1263/2109 1258/415 1171/417
f 2625/947 2629/3002 2484/2916
f 2629/3002 2624/3003 2481/943
f 713/196 761/198 764/1794
f 718/1753 764/3699 760/254
f 1845/702 2009/701 2012/2608
f 2012/2608 2008/727 1846/729
f 1564/501 1574/2321 1403/2186
f 1574/2321 1563/474 1395/473
f 40/51 53/50 56/1305
f 44/1301 56/1305 52/10
f 109/3611 115/1340 119/1337
f 111/3612 119/1337 114/1339
f 1900/690 1935/689 1940/2563
f 1907/2539 1940/2563 1934/2560
f 958/349 1214/351 1219/2081
f 964/1927 1219/2081 1213/2082
f 3105/3326 3113/3325 2982/3246
f 3113/3325 3108/1075 2979/1077
f 1857/728 2018/2615 2021/2613
f 1864/2506 2021/2613 2017/710
f 3344/3504 3347/3502 3342/3492
f 3347/3502 3343/1028 3332/1027
f 3305/3474 3313/3473 2739/3079
f 3313/3473 3308/1006 2735/1008
f 1998/676 2002/2602 1848/2497
f 2002/2602 1997/707 1844/2498
f 2309/877 2315/879 2319/2823
f 2311/3613 2319/2823 2314/881
f 3037/1083 3132/1082 3140/3344
f 3043/3284 3140/3344 3135/1180
f 1944/810 2045/809 2050/2637
f 1949/2565 2050/2637 2044/743
f 1550/502 1558/2307 1410/3615
f 1558/3616 1553/470 1406/2197
f 478/111 481/1600 271/1454
f 481/1600 477/104 268/1455
f 543/177 562/176 566/1653
f 548/1643 566/1653 561/125
f 2136/2704 2355/772 2358/2846
f 2141/2707 2358/2846 2354/780
f 1897/838 1924/840 1929/2553
f 1904/2538 1929/2553 1923/693
f 725/220 808/222 818/1830
f 730/1762 818/1830 807/207
f 2111/2687 2344/820 2348/2842
f 2116/2684 2348/2842 2343/774
f 1113/378 1127/377 1132/2029
f 1121/2021 1132/2029 1126/401
f 2323/882 2327/2829 2308/3617
f 2327/2829 2322/2827 2307/850
f 2228/2771 2232/2770 1725/2420
f 2232/2770 2227/811 1720/813
f 3279/1265 3282/3455 3276/3450
f 3282/3455 3278/1268 3272/3451
f 2653/3024 3280/1021 3284/3454
f 2658/3018 3284/3454 3279/1265
f 2706/1001 2710/3063 2685/3036
f 2710/3063 2705/1034 2677/3037
f 2688/3047 2725/1231 2730/3074
f 2693/3051 2730/3074 2724/1235
f 1757/687 1779/686 1785/2455
f 1765/2438 1785/2455 1778/2457
f 1357/585 1596/584 1602/2338
f 1363/2166 1602/2338 1595/468
f 2291/740 2300/2818 2304/2816
f 2296/2809 2304/2816 2299/2817
f 2668/1048 2676/3031 2663/3025
f 2676/3031 2671/1254 2660/1253
f 1935/689 2182/2737 2186/2736
f 1941/2562 2186/2736 2181/747
f 1379/469 1541/471 1549/2301
f 1384/2180 1549/2301 1544/2305
f 470/69 474/1595 262/1442
f 474/3618 469/110 259/1446
f 1868/684 1889/683 1894/2533
f 1873/2514 1894/3781 1888/799
f 54/54 58/1308 51/3619
f 58/1308 53/50 50/3620
f 1896/762 1911/761 1917/2543
f 1902/2534 1917/2543 1910/839
f 3068/1064 3071/3304 3009/3263
f 3071/3304 3067/1060 3006/1062
f 726/206 735/205 739/1774
f 731/1767 739/3692 734/203
f 2713/3066 2721/3065 2683/3041
f 2721/3065 2716/1233 2679/1232
f 3154/1128 3158/3365 3063/3299
f 3158/3365 3153/3361 3058/1135
f 1665/591 1673/590 1681/2390
f 1671/2388 1681/2390 1676/2394
f 1215/426 1224/425 1228/2089
f 1221/2084 1228/2089 1223/574
f 609/249 715/248 720/1755
f 720/1755 714/1751 610/253
f 1583/2331 1588/2330 1390/2181
f 1588/2330 1582/498 1387/497
f 1870/2517 1877/715 1880/2521
f 1875/2510 1880/2518 1876/917
f 1618/628 1624/2351 1362/2167
f 1624/2351 1617/583 1357/585
f 3250/1160 3258/1159 3268/3438
f 3255/3434 3268/3887 3262/1174
f 724/195 745/194 749/1782
f 728/1763 749/1780 744/221
f 1766/818 1791/2465 1796/2463
f 1770/2448 1796/2463 1790/662
f 3050/1137 3161/1136 3169/3368
f 3055/3287 3169/3866 3164/3372
f 1769/671 1773/2449 1764/2444
f 1764/2444 1773/2449 1768/685
f 1236/365 1240/2094 1231/2091
f 1240/2094 1235/531 1226/530
f 608/150 704/149 712/1745
f 613/1681 712/1745 707/247
f 2058/843 2062/2646 1985/2593
f 2062/2646 2057/759 1980/758
f 1595/468 1601/2339 1375/2173
f 1601/2339 1594/593 1370/2175
f 316/73 680/75 684/1731
f 321/1485 684/1731 679/1730
f 533/246 552/245 556/1646
f 538/1635 556/1646 551/1647
f 67/57 71/1313 63/3622
f 71/1313 66/53 62/3623
f 1093/388 1128/390 1133/2030
f 1098/2005 1133/2030 1127/377
f 3290/3465 3294/3464 3273/3449
f 3294/3464 3289/1033 3270/1035
f 206/286 898/288 902/1893
f 211/1408 902/1893 897/282
f 2263/523 2267/2793 1695/2400
f 2267/2793 2262/646 1692/648
f 1822/679 1999/681 2004/2601
f 1829/2481 2004/2601 1998/676
f 1767/661 1780/663 1786/2458
f 1772/2447 1786/2458 1779/686
f 2661/1228 2698/1230 2702/3056
f 2666/3028 2702/3056 2697/3058
f 1844/2498 1947/706 1952/2568
f 1850/2496 1952/2568 1946/700
f 543/177 547/1642 539/1636
f 547/1642 542/173 535/1637
f 781/99 785/1809 723/1750
f 785/1809 780/197 713/196
f 1067/373 1112/375 1119/2020
f 1071/1990 1119/3727 1111/450
f 1225/366 1230/2088 989/1945
f 1230/2088 1224/425 985/1946
f 1320/464 1367/463 1371/2172
f 1325/2143 1371/2172 1366/595
f 1656/587 1663/2384 1667/2381
f 1661/2373 1667/2381 1662/2383
f 2376/869 2379/2859 2374/2852
f 2379/2859 2375/892 2366/894
f 2653/3024 2657/3023 2647/3013
f 2657/3023 2652/3022 2643/1252
f 112/45 148/44 156/1366
f 116/1334 156/1366 151/1371
f 66/53 70/1314 59/1309
f 70/1314 65/13 55/15
f 130/289 138/1352 125/1345
f 138/1352 133/20 122/1346
f 3069/1066 3073/3303 3035/3273
f 3073/3303 3068/1064 3023/1063
f 1453/480 1592/479 1597/2335
f 1458/2234 1597/2335 1591/510
f 935/333 939/1915 854/1857
f 939/1915 934/273 851/272
f 1445/538 1566/540 1576/2322
f 1450/2223 1576/2322 1565/543
f 3017/3271 3124/1078 3127/3341
f 3022/3266 3127/3341 3123/3337
f 3096/1004 3101/3322 2727/3070
f 3101/3322 3095/1094 2723/3072
f 1007/1959 1280/445 1285/2120
f 1013/1953 1285/2120 1279/441
f 2468/984 2482/983 2486/2915
f 2472/2907 2486/2915 2481/943
f 1835/720 2000/719 2005/2604
f 1842/2488 2005/2604 1999/681
f 3173/1068 3177/3381 3074/3305
f 3177/3381 3172/1127 3070/3306
f 1321/597 1331/596 1343/2150
f 1327/2147 1343/2150 1336/605
f 2686/3045 2696/1042 2699/3055
f 2690/3043 2699/3055 2695/3052
f 522/341 526/1629 497/1609
f 526/1629 521/155 491/154
f 468/1592 479/151 483/1599
f 472/1590 483/1599 478/111
f 1036/1972 1046/454 1051/1977
f 1041/1970 1051/1977 1045/431
f 3252/1070 3256/3436 2957/3231
f 3256/3436 3251/1176 2952/1175
f 1347/619 1352/2161 1330/2144
f 1330/2144 1352/2161 1346/465
f 1312/639 1323/638 1328/2146
f 1317/2140 1328/2146 1322/604
f 279/90 283/1462 226/1419
f 283/1462 278/300 223/299
f 1058/371 1062/1986 1030/1965
f 1062/1986 1057/634 1023/636
f 2688/3047 2692/3049 2684/3040
f 2692/3624 2687/1000 2680/1002
f 500/166 532/168 540/1634
f 507/1612 540/1634 535/1637
f 514/174 542/173 545/1638
f 519/1624 545/1638 541/1640
f 1957/708 1961/2577 1953/3625
f 1961/2574 1956/933 1948/932
f 1069/1993 1073/1992 1059/1985
f 1073/1992 1068/449 1056/448
f 2070/2658 2199/745 2202/2749
f 2075/2660 2202/3812 2198/750
f 3324/1210 3327/3488 3312/3478
f 3327/3488 3323/3485 3308/1006
f 2952/1175 3262/1174 3267/3443
f 2958/3230 3267/3443 3261/1089
f 1336/605 1342/2156 1318/2142
f 1342/2156 1335/459 1314/458
f 64/18 205/17 208/1404
f 68/1310 208/1404 204/1406
f 3325/1218 3329/3489 2640/3006
f 3329/3489 3324/1210 2632/1212
f 426/261 706/260 710/1746
f 431/1562 710/1746 705/191
f 457/105 477/104 485/1598
f 462/1583 485/1598 480/1602
f 2483/987 2487/2917 2479/3626
f 2487/2917 2482/983 2478/3627
f 1792/647 1797/2468 1697/2405
f 1797/2468 1791/2465 1693/817
f 2027/666 2030/2625 1984/2591
f 2030/2625 2026/2621 1979/841
f 597/201 752/200 755/1786
f 604/1676 755/1786 751/251
f 489/118 503/120 509/1618
f 496/1607 509/1618 502/340
f 1113/378 1120/2022 1087/1997
f 1120/2022 1112/375 1079/374
f 1703/819 1766/818 1774/2446
f 1708/2407 1774/2446 1769/671
f 888/1887 892/1884 349/1501
f 892/1884 887/81 345/80
f 1684/796 1721/798 1726/2422
f 1689/2399 1726/2422 1720/813
f 1303/607 1309/2137 1296/2128
f 1309/2137 1302/453 1292/452
f 418/1556 717/97 722/1759
f 423/1558 722/3688 716/1756
f 2162/2719 2170/2721 1906/2540
f 2170/2721 2165/688 1900/690
f 698/192 702/1743 433/1564
f 702/1743 697/269 428/1566
f 3027/1134 3182/1133 3186/3388
f 3034/3277 3186/3388 3181/1067
f 1424/541 1565/543 1575/2320
f 1429/2211 1575/2320 1564/501
f 2704/1264 2712/3060 2654/3020
f 2712/3060 2707/1229 2651/3021
f 3201/1185 3206/3401 3045/3285
f 3206/3401 3200/1177 3040/1179
f 1237/612 1241/2097 978/3628
f 1241/3629 1236/365 973/1936
f 1833/723 2036/722 2039/2630
f 1840/2492 2039/2630 2035/730
f 1334/609 1340/2155 1310/2130
f 1340/2155 1333/2152 1298/643
f 773/133 778/1805 603/1677
f 778/1805 772/199 597/201
f 1289/456 1311/455 1319/2139
f 1293/2127 1319/2139 1314/458
f 936/1918 940/1917 221/1411
f 940/1917 935/333 213/332
f 3362/1023 3365/3513 3285/3456
f 3365/3513 3361/1227 3281/1226
f 1683/654 1709/653 1717/2413
f 1688/2397 1717/2413 1712/2417
f 620/204 734/203 737/1772
f 625/1692 737/3691 733/1768
f 2506/989 2510/2927 2499/2922
f 2510/2927 2505/949 2495/951
f 2677/3037 3289/1033 3293/3462
f 2681/3039 3293/3459 3288/999
f 2494/990 2498/2921 2491/3630
f 2498/2921 2493/986 2490/3631
f 1616/508 1622/2350 1475/2249
f 1622/2350 1615/511 1471/513
f 2888/3187 2893/3184 2881/3177
f 2893/3184 2887/1275 2876/1274
f 523/139 528/1631 516/1620
f 528/1631 522/341 513/1622
f 2321/2826 2420/910 2428/2882
f 2325/2824 2428/2882 2423/851
f 2671/1254 2675/3033 2648/3014
f 2675/3033 2670/995 2644/3015
f 3200/1177 3205/3402 3033/3278
f 3205/3402 3199/1132 3027/1134
f 2874/1019 2884/3174 2872/3172
f 2884/3174 2878/3180 2868/1192
f 437/87 450/86 455/1582
f 441/1572 455/1582 449/1580
f 2596/978 2604/2986 2443/2887
f 2604/2986 2599/938 2435/2888
f 1081/387 1091/386 1099/2003
f 1086/2000 1099/2003 1094/2007
f 3297/1209 3306/1208 3309/3472
f 3302/3469 3309/3472 3305/3474
f 3117/1200 3121/3336 2765/3096
f 3121/3336 3116/1241 2761/3097
f 3056/3296 3067/1060 3075/3302
f 3061/3294 3075/3302 3070/3306
f 1290/457 1335/459 1341/2154
f 1295/2126 1341/2154 1334/609
f 706/260 716/1756 721/1754
f 711/1748 721/1754 715/248
f 1691/2402 1699/2401 1686/2398
f 1699/2401 1694/652 1683/654
f 233/1428 269/298 273/1453
f 238/1426 273/1453 268/1455
f 2483/987 2493/986 2496/2920
f 2488/2914 2496/2920 2492/946
f 2507/993 2511/2926 2503/3632
f 2511/2926 2506/989 2502/3633
f 2010/744 2014/2610 1951/3634
f 1951/2569 2014/2607 2009/701
f 460/1589 465/1586 451/1578
f 465/1586 459/345 447/344
f 769/255 779/1799 616/1686
f 779/1799 773/133 611/135
f 1980/758 1988/757 1996/2595
f 1986/2592 1996/2595 1991/921
f 3287/1205 3296/3466 3304/3468
f 3291/3460 3304/3468 3299/997
f 742/252 750/1777 645/1706
f 750/1777 745/194 641/1707
f 1997/707 2007/2600 1962/2579
f 2007/2600 2001/726 1958/725
f 2856/1191 2861/3162 2851/3157
f 2861/3162 2855/1014 2847/1013
f 501/172 514/174 518/1625
f 508/1616 518/3679 513/1622
f 1977/763 1987/2589 1972/2584
f 1987/2589 1981/920 1966/919
f 1568/486 1578/2323 1485/2257
f 1578/2323 1567/483 1481/482
f 2333/854 2337/2839 2311/3636
f 2337/2836 2332/878 2309/877
f 41/12 186/11 194/1393
f 46/1300 194/1393 189/8
f 1729/655 1737/2425 1716/2416
f 1737/2425 1732/797 1712/2417
f 3076/1086 3088/1085 3092/3315
f 3080/3310 3092/3315 3087/1055
f 688/270 697/269 701/1741
f 693/1736 701/1741 696/145
f 1710/658 1713/2415 1706/2408
f 1713/2415 1709/653 1702/2409
f 2661/1228 2665/3029 2656/3019
f 2665/3029 2660/1253 2652/3022
f 259/1446 267/109 275/1452
f 264/1444 275/1452 270/1457
f 2641/1262 3363/3518 3367/3517
f 2645/3011 3367/3517 3362/1023
f 2866/3171 2869/3170 2853/3152
f 2869/3170 2865/1031 2845/3153
f 1966/919 1991/921 1995/2598
f 1973/2583 1995/2598 1990/695
f 1925/802 1930/2556 1915/2544
f 1930/2556 1924/840 1910/839
f 2587/939 2592/2980 2448/2893
f 2592/2980 2586/2982 2445/979
f 1014/444 1243/443 1255/2099
f 1255/2099 1248/362 1015/3639
f 1348/618 1353/2162 1287/2123
f 1353/2162 1347/619 1282/621
f 1110/635 1116/2017 1031/1964
f 1116/2017 1109/410 1024/409
f 3107/1242 3111/3330 2750/3082
f 3111/3330 3106/3327 2742/1003
f 1742/849 1748/2434 1728/2419
f 1728/2419 1748/2434 1741/668
f 1281/616 1286/2122 1275/2116
f 1286/2122 1280/445 1269/447
f 3038/1182 3145/1181 3150/3358
f 3150/3358 3144/3355 3039/1183
f 261/1448 265/1450 255/1436
f 265/3640 260/304 251/306
f 1414/2202 1628/496 1632/2357
f 1419/2204 1632/2354 1627/477
f 897/282 901/1892 884/1881
f 901/1892 896/1890 880/157
f 1955/760 1963/2573 1918/3641
f 1963/2578 1958/725 1912/724
f 1081/387 1085/2001 1078/3642
f 1078/3642 1085/2001 1080/1998
f 1710/658 1755/660 1762/2442
f 1715/2414 1762/2442 1754/657
f 2298/736 2301/2813 2085/2662
f 2301/2813 2297/694 2077/696
f 306/71 877/1875 885/1877
f 311/1478 885/1877 880/157
f 1732/797 1736/2427 1727/2423
f 1727/2423 1736/2427 1731/848
f 2315/879 2332/878 2336/2837
f 2320/2820 2336/2837 2331/2833
f 3233/1140 3243/3426 3167/3369
f 3243/3426 3232/1152 3163/1151
f 2180/900 2188/2733 2175/2728
f 2188/2733 2183/896 2172/2729
f 1248/362 1254/2104 1012/1958
f 1254/2104 1247/446 1007/1959
f 3143/1129 3191/1131 3195/3395
f 3149/3357 3195/3873 3190/1184
f 2836/1047 2844/3145 2674/3034
f 2844/3145 2839/996 2670/995
f 1056/448 1111/450 1118/2016
f 1061/1984 1118/2016 1110/635
f 3107/1242 3116/1241 3120/3333
f 3112/3329 3120/3333 3115/3335
f 705/191 708/1747 703/1740
f 708/1747 704/149 695/1738
f 1898/692 2091/691 2097/2674
f 1905/2537 2097/2674 2090/807
f 1282/621 1324/620 1329/2148
f 1288/2119 1329/2148 1323/638
f 277/305 280/1461 256/1438
f 280/1461 276/65 252/1441
f 1693/817 1703/819 1707/2411
f 1698/2404 1707/2411 1702/2409
f 1267/640 1344/642 1354/2158
f 1274/2114 1354/2158 1348/618
f 487/343 492/1606 453/1577
f 492/1606 486/209 448/1579
f 2537/915 2543/914 2547/2945
f 2539/3643 2547/2945 2542/2947
f 1593/551 1599/2337 1438/2219
f 1599/2337 1592/479 1433/478
f 1070/383 1080/1998 1083/1996
f 1075/1988 1083/1996 1079/374
f 97/36 102/35 106/1330
f 99/3644 106/1330 101/1332
f 2908/1044 2912/3200 2701/3057
f 2912/3200 2907/1037 2697/3058
f 1567/483 1577/2324 1466/2240
f 1577/2324 1566/540 1462/539
f 1064/384 1070/383 1074/1995
f 1066/3646 1074/1991 1069/1993
f 2127/2698 2262/646 2265/2791
f 2132/2696 2265/2791 2261/828
f 895/163 903/1889 893/1886
f 903/1889 898/288 889/287
f 3117/1200 3125/1199 3129/3340
f 3122/3332 3129/3340 3124/1078
f 1700/670 1756/672 1763/2443
f 1704/2406 1763/2443 1755/660
f 2299/2817 2303/2815 2076/2653
f 2303/2815 2298/736 2068/738
f 286/1466 289/1463 253/1437
f 289/1463 285/303 250/302
f 2569/2969 2573/2968 2556/2956
f 2573/2968 2568/970 2552/972
f 1431/2216 1604/475 1612/2341
f 1436/2214 1612/2341 1607/550
f 3170/1156 3235/1158 3245/3427
f 3174/3375 3245/3427 3234/1155
f 3210/1032 3215/3409 3148/3354
f 3215/3409 3209/1130 3143/1129
f 2164/897 2183/896 2187/2735
f 2169/2724 2187/2735 2182/2737
f 905/290 909/1894 890/1885
f 909/1894 904/79 887/81
f 3085/1095 3095/1094 3099/3318
f 3089/3312 3099/3318 3094/1100
f 680/75 687/74 690/1732
f 685/1726 690/1732 686/1734
f 3278/1268 3286/3453 2594/2984
f 3286/3453 3281/1226 2589/1225
f 1024/409 1156/411 1161/2045
f 1032/1966 1161/2045 1155/404
f 869/100 872/1872 291/1465
f 872/1872 868/70 287/72
f 2540/981 2579/980 2583/2974
f 2544/2942 2583/2974 2578/2975
f 2542/2947 2546/2946 2535/2941
f 2546/2946 2541/958 2531/960
f 458/211 488/213 494/1605
f 464/1587 494/1605 487/343
f 101/1332 104/1331 96/1321
f 104/1331 100/22 88/24
f 2560/1221 2564/2962 2553/2951
f 2564/2962 2559/953 2550/2952
f 3163/1151 3249/1150 3257/3431
f 3168/3374 3257/3884 3252/1070
f 2154/893 2173/2730 2177/2727
f 2159/2716 2177/2727 2172/2729
f 76/21 133/20 137/1355
f 80/1315 137/1355 132/1357
f 1912/724 2001/726 2006/2603
f 1919/2546 2006/2603 2000/719
f 2037/770 2041/2634 1890/3647
f 2041/3648 2036/722 1886/721
f 3134/1190 3141/3348 3151/3350
f 3139/3347 3151/3350 3145/1181
f 2342/858 2350/2841 2341/3649
f 2350/2841 2345/2844 2340/853
f 1933/808 1944/810 1954/2566
f 1938/2558 1954/2566 1948/932
f 3179/1147 3236/1149 3246/3428
f 3183/3382 3246/3428 3235/1158
f 2145/777 2163/776 2166/2722
f 2150/2710 2166/2722 2162/2719
f 3172/1127 3176/3379 3159/3650
f 3176/3377 3171/1154 3155/1153
f 55/15 196/14 199/1397
f 60/1306 199/1397 195/1399
f 215/1415 399/61 407/1541
f 220/1413 407/1541 402/336
f 2100/2679 2271/826 2274/2795
f 2105/2677 2274/2795 2270/888
f 1499/561 1503/2271 1494/2262
f 1503/2271 1498/557 1490/2263
f 971/355 1044/357 1054/1976
f 976/1931 1054/1976 1048/611
f 2635/1216 2639/3010 2566/2958
f 2639/3010 2634/950 2558/2959
f 261/1448 297/301 302/1473
f 266/1443 302/1473 296/68
f 278/300 282/1460 274/1456
f 282/1460 277/305 270/1457
f 2519/965 2523/2935 2515/3651
f 2515/3652 2523/2932 2518/992
f 943/228 957/227 967/1926
f 967/1926 961/380 942/379
f 2668/1048 2889/1050 2894/3186
f 2672/3030 2894/3186 2888/3187
f 926/294 933/293 941/1914
f 931/1911 941/1914 936/1918
f 169/6 172/1380 11/1276
f 172/1380 168/47 8/1279
f 3152/1139 3162/1138 3165/3370
f 3156/3363 3165/3863 3161/1136
f 1560/564 1569/2314 1518/2282
f 1569/2314 1559/489 1515/488
f 2345/2844 2349/2843 2338/2832
f 2349/2843 2344/820 2330/822
f 1488/516 1506/515 1509/2272
f 1493/2260 1509/2272 1505/2274
f 2586/2982 2590/2981 2584/2971
f 2590/2981 2585/2977 2576/1222
f 2896/1093 2904/3189 2729/3075
f 2729/3075 2904/3189 2899/1236
f 361/1512 369/1511 350/1503
f 369/1511 364/265 346/267
f 3188/1171 3228/1173 3248/3420
f 3192/3389 3248/3420 3237/1167
f 2877/3179 3220/1141 3223/3415
f 2883/3178 3223/3415 3219/1193
f 2164/897 2168/2723 2160/2717
f 2168/2723 2163/776 2156/2718
f 983/614 986/1943 947/3654
f 986/1943 982/406 945/408
f 917/285 925/284 928/1907
f 922/1906 928/1907 924/1909
f 650/153 654/1710 484/1601
f 654/1710 649/212 480/1602
f 1479/558 1498/557 1502/2269
f 1484/2255 1502/2266 1497/485
f 1479/558 1482/2253 1477/2244
f 1482/2253 1478/554 1469/2245
f 2518/992 2522/2933 2512/2924
f 2522/2933 2517/952 2504/954
f 1216/576 1636/575 1639/2363
f 1222/2080 1639/2363 1635/2360
f 2599/938 2603/2988 2593/2983
f 2603/2988 2598/1267 2588/1269
f 355/1509 359/1508 339/1496
f 339/1496 359/1508 354/78
f 3059/1106 3064/3298 3054/3293
f 3064/3298 3058/1135 3050/1137
f 333/314 337/1492 329/1491
f 337/1492 332/310 325/312
f 2109/889 2118/891 2121/2688
f 2114/2685 2121/2688 2117/2690
f 2885/1038 2895/3182 2667/3026
f 2895/3182 2889/1050 2659/1049
f 916/38 919/1902 912/1900
f 919/1902 915/95 907/94
f 3096/1004 3106/3327 3109/3324
f 3102/3321 3109/3324 3105/3326
f 1471/513 1487/512 1495/2259
f 1476/2248 1495/2259 1490/2263
f 2127/2698 2130/2697 1798/2467
f 2130/3655 2126/768 1788/767
f 1047/1980 1234/451 1242/2093
f 1053/1981 1242/2093 1237/612
f 2531/960 2570/959 2574/2967
f 2536/2937 2574/2967 2569/2969
f 3307/3476 3311/3477 2631/3000
f 3311/3477 3306/1208 2623/3001
f 1676/2394 1680/2393 1548/2304
f 1680/2393 1675/548 1544/2305
f 323/165 344/164 347/1499
f 327/1487 347/1499 343/313
f 370/84 417/83 425/1553
f 374/1522 425/1559 420/1561
f 2144/890 2152/2709 2123/2693
f 2152/2709 2147/830 2119/829
f 2567/1213 3345/1215 3349/3506
f 2571/2964 3349/3506 3344/3504
f 2111/2687 2115/2686 2107/2676
f 2115/2686 2110/883 2099/885
f 649/212 652/1711 495/1608
f 652/1711 648/119 489/118
f 3197/1165 3237/1167 3247/3429
f 3202/3396 3247/3429 3236/1149
f 1499/561 1516/560 1520/2284
f 1504/2265 1520/2281 1515/488
f 1460/555 1468/2236 1455/2230
f 1468/2236 1463/506 1452/2233
f 2606/942 2617/941 2621/2998
f 2611/2991 2621/2998 2616/1204
f 2153/2715 2161/2714 2142/2706
f 2142/2706 2161/2714 2156/2718
f 2190/833 2279/2801 2287/2803
f 2195/2741 2287/2803 2282/2807
f 2560/1221 3317/1220 3321/3484
f 2565/2961 3321/3484 3316/1217
f 2516/957 2551/956 2555/2954
f 2520/2931 2555/2950 2550/2952
f 372/1525 376/1524 356/1507
f 376/1524 371/316 353/318
f 3025/1118 3036/1117 3046/3281
f 3032/3275 3046/3281 3040/1179
f 308/311 315/1483 318/1480
f 313/1477 318/1480 314/1482
f 2108/773 2136/2704 2139/2701
f 2112/2683 2139/2701 2135/2703
f 2/3554 16/1283 115/1340
