# Blender v2.77 (sub 0) OBJ File: ''
# www.blender.org
mtllib curb_straight.mtl
o Cube.001
v -1.002002 -0.019260 -0.413084
v -1.002002 0.016544 -0.413084
v -1.000952 -0.018451 -0.500909
v -1.000952 0.015735 -0.500909
v 1.001097 -0.018563 -0.413989
v 1.001097 0.015846 -0.413989
v 1.001572 -0.018929 -0.501529
v 1.001572 0.016213 -0.501529
v -1.005349 0.019122 -0.457521
v -1.005349 -0.021839 -0.457521
v 0.000000 0.016389 -0.501758
v 0.000000 -0.019106 -0.501758
v 1.002994 0.017308 -0.457521
v 1.002994 -0.020024 -0.457521
v 0.000000 0.017105 -0.412355
v 0.000000 -0.019821 -0.412355
v 0.000000 0.020013 -0.457521
v 0.000000 -0.022729 -0.457521
v -1.003271 -0.001358 -0.411815
v -1.002404 0.016853 -0.476915
v -1.001986 -0.001358 -0.501942
v -1.004319 -0.021045 -0.438127
v 0.498176 0.016017 -0.501275
v 1.002746 -0.001358 -0.502702
v -0.498176 -0.018705 -0.501238
v 1.003975 0.018064 -0.438127
v 1.002163 -0.001358 -0.412923
v 1.003780 -0.020630 -0.476915
v -0.498176 0.017200 -0.412232
v 0.498176 -0.020057 -0.412050
v -1.004319 0.018329 -0.438127
v -1.002404 -0.019569 -0.476915
v -0.498176 0.015989 -0.501238
v 0.498176 -0.018733 -0.501275
v 1.003780 0.017914 -0.476915
v 1.003975 -0.020780 -0.438127
v 0.498176 0.017340 -0.412050
v -0.498176 -0.019916 -0.412232
v -0.498176 0.018547 -0.457521
v 0.498176 0.019685 -0.457521
v 0.000000 0.019287 -0.438127
v 0.000000 0.019267 -0.476915
v 0.498176 -0.022402 -0.457521
v -0.498176 -0.021263 -0.457521
v 0.000000 -0.022003 -0.438127
v 0.000000 -0.021983 -0.476915
v 0.000000 -0.001358 -0.409713
v 1.005745 -0.001358 -0.457521
v 0.000000 -0.001358 -0.504016
v -1.009076 -0.001358 -0.457521
v -1.007619 -0.001358 -0.438127
v -0.498176 -0.001358 -0.503280
v 1.006858 -0.001358 -0.476915
v 0.498176 -0.001358 -0.409281
v -0.498176 -0.020938 -0.476915
v -0.498176 -0.020939 -0.438127
v 0.498176 -0.019754 -0.438127
v 0.498176 0.018879 -0.476915
v 0.498176 0.017038 -0.438127
v -0.498176 0.018223 -0.438127
v -0.498176 0.018222 -0.476915
v 0.498176 -0.021595 -0.476915
v -0.498176 -0.001358 -0.409539
v 1.007133 -0.001358 -0.438127
v 0.498176 -0.001358 -0.503332
v -1.004910 -0.001358 -0.476915
v -1.003271 0.005417 -0.411815
v -1.002830 0.017182 -0.486612
v -1.001986 -0.008133 -0.501942
v -1.002195 -0.019408 -0.428430
v 0.747264 0.015707 -0.500873
v 1.002746 -0.008133 -0.502702
v -0.747264 -0.018360 -0.500791
v 1.003216 0.017479 -0.428430
v 1.002163 -0.008133 -0.412923
v 1.002439 -0.019597 -0.486612
v -0.747264 0.020730 -0.407650
v 0.747264 -0.020755 -0.411143
v -1.001333 0.016029 -0.447824
v -1.002362 -0.019537 -0.467218
v -0.249088 0.016997 -0.502547
v 0.249088 -0.019200 -0.501880
v 1.002277 0.016756 -0.467218
v 1.003170 -0.020159 -0.447824
v 0.249088 0.017516 -0.411821
v -0.249088 -0.019038 -0.413372
v -0.747264 0.018006 -0.457521
v 0.249088 0.017660 -0.457521
v 0.000000 0.018958 -0.428430
v 0.000000 0.021233 -0.467218
v 0.747264 -0.022693 -0.457521
v -0.249088 -0.021755 -0.457521
v 0.000000 -0.021674 -0.428430
v 0.000000 -0.023949 -0.467218
v 0.000000 -0.008133 -0.409713
v 1.005745 -0.008133 -0.457521
v 0.000000 -0.008133 -0.504016
v -1.009076 -0.008133 -0.457521
v -1.003271 -0.008133 -0.411815
v -1.002362 0.016821 -0.467218
v -1.001986 0.005417 -0.501942
v -1.001333 -0.018745 -0.447824
v 0.249088 0.016484 -0.501880
v 1.002746 0.005417 -0.502702
v -0.249088 -0.019713 -0.502547
v 1.003170 0.017443 -0.447824
v 1.002163 0.005417 -0.412923
v 1.002277 -0.019472 -0.467218
v -0.249088 0.016322 -0.413372
v 0.249088 -0.020233 -0.411821
v -1.002195 0.016692 -0.428430
v -1.002830 -0.019898 -0.486612
v -0.747264 0.015644 -0.500791
v 0.747264 -0.018424 -0.500873
v 1.002439 0.016881 -0.486612
v 1.003216 -0.020195 -0.428430
v 0.747264 0.018039 -0.411143
v -0.747264 -0.023446 -0.407650
v -0.249088 0.019039 -0.457521
v 0.747264 0.019977 -0.457521
v 0.000000 0.020748 -0.447824
v 0.000000 0.018633 -0.486612
v 0.249088 -0.020376 -0.457521
v -0.747264 -0.020722 -0.457521
v 0.000000 -0.023464 -0.447824
v 0.000000 -0.021349 -0.486612
v 0.000000 0.005417 -0.409713
v 1.005745 0.005417 -0.457521
v 0.000000 0.005417 -0.504016
v -1.009076 0.005417 -0.457521
v -1.007619 -0.008133 -0.438127
v -1.007619 0.005417 -0.438127
v -1.004615 -0.001358 -0.428430
v -1.003396 -0.001358 -0.447824
v -0.498176 -0.008133 -0.503280
v -0.498176 0.005417 -0.503280
v -0.747264 -0.001358 -0.502647
v -0.249088 -0.001358 -0.505130
v 1.006858 -0.008133 -0.476915
v 1.006858 0.005417 -0.476915
v 1.004961 -0.001358 -0.486612
v 1.004732 -0.001358 -0.467218
v 0.498176 -0.008133 -0.409281
v 0.498176 0.005417 -0.409281
v 0.747264 -0.001358 -0.407998
v 0.249088 -0.001358 -0.408958
v -0.249088 -0.022078 -0.476915
v -0.747264 -0.022272 -0.476915
v -0.498176 -0.022492 -0.467218
v -0.498176 -0.022060 -0.486612
v -0.249088 -0.021934 -0.438127
v -0.747264 -0.022416 -0.438127
v -0.498176 -0.020758 -0.428430
v -0.498176 -0.021584 -0.447824
v 0.747264 -0.020932 -0.438127
v 0.249088 -0.021660 -0.438127
v 0.498176 -0.021137 -0.428430
v 0.498176 -0.021184 -0.447824
v 0.249088 0.020045 -0.476915
v 0.747264 0.020388 -0.476915
v 0.498176 0.018973 -0.467218
v 0.498176 0.021281 -0.486612
v 0.249088 0.018943 -0.438127
v 0.747264 0.018216 -0.438127
v 0.498176 0.018420 -0.428430
v 0.498176 0.018468 -0.447824
v -0.747264 0.019700 -0.438127
v -0.249088 0.019218 -0.438127
v -0.498176 0.018042 -0.428430
v -0.498176 0.018868 -0.447824
v -0.747264 0.019556 -0.476915
v -0.249088 0.019362 -0.476915
v -0.498176 0.019776 -0.467218
v -0.498176 0.019344 -0.486612
v 0.747264 -0.023104 -0.476915
v 0.249088 -0.022761 -0.476915
v 0.498176 -0.021689 -0.467218
v 0.498176 -0.023998 -0.486612
v -0.498176 -0.008133 -0.409539
v -0.498176 0.005417 -0.409539
v -0.249088 -0.001358 -0.411151
v -0.747264 -0.001358 -0.403059
v 1.007133 -0.008133 -0.438127
v 1.007133 0.005417 -0.438127
v 1.005994 -0.001358 -0.447824
v 1.006060 -0.001358 -0.428430
v 0.498176 -0.008133 -0.503332
v 0.498176 0.005417 -0.503332
v 0.249088 -0.001358 -0.504188
v 0.747264 -0.001358 -0.502764
v -1.004910 -0.008133 -0.476915
v -1.004910 0.005417 -0.476915
v -1.004851 -0.001358 -0.467218
v -1.005514 -0.001358 -0.486612
v -1.005514 0.005417 -0.486612
v -1.004851 0.005417 -0.467218
v -1.004851 -0.008133 -0.467218
v 0.747264 0.005417 -0.502764
v 0.249088 0.005417 -0.504188
v 0.249088 -0.008133 -0.504188
v 1.006060 0.005417 -0.428430
v 1.005994 0.005417 -0.447824
v 1.005994 -0.008133 -0.447824
v -0.747264 0.005417 -0.403059
v -0.249088 0.005417 -0.411151
v -0.249088 -0.008133 -0.411151
v 0.249088 -0.021990 -0.486612
v 0.249088 -0.021933 -0.467218
v 0.747264 -0.022391 -0.467218
v -0.249088 0.019350 -0.486612
v -0.249088 0.018977 -0.467218
v -0.747264 0.017856 -0.467218
v -0.249088 0.018987 -0.447824
v -0.249088 0.019014 -0.428430
v -0.747264 0.017483 -0.428430
v 0.747264 0.018605 -0.447824
v 0.747264 0.017518 -0.428430
v 0.249088 0.017513 -0.428430
v 0.747264 0.020494 -0.486612
v 0.747264 0.019674 -0.467218
v 0.249088 0.019217 -0.467218
v 0.249088 -0.021438 -0.447824
v 0.249088 -0.020229 -0.428430
v 0.747264 -0.020234 -0.428430
v -0.747264 -0.019874 -0.447824
v -0.747264 -0.020199 -0.428430
v -0.249088 -0.021731 -0.428430
v -0.747264 -0.022469 -0.486612
v -0.747264 -0.020572 -0.467218
v -0.249088 -0.021694 -0.467218
v 0.249088 0.005417 -0.408958
v 0.747264 0.005417 -0.407998
v 0.747264 -0.008133 -0.407998
v 1.004732 0.005417 -0.467218
v 1.004961 0.005417 -0.486612
v 1.004961 -0.008133 -0.486612
v -0.249088 0.005417 -0.505130
v -0.747264 0.005417 -0.502647
v -0.747264 -0.008133 -0.502647
v -1.003396 0.005417 -0.447824
v -1.004615 0.005417 -0.428430
v -1.004615 -0.008133 -0.428430
v -1.003396 -0.008133 -0.447824
v -0.249088 -0.008133 -0.505130
v 1.004732 -0.008133 -0.467218
v 0.249088 -0.008133 -0.408958
v -0.249088 -0.022066 -0.486612
v -0.249088 -0.021703 -0.447824
v 0.747264 -0.021321 -0.447824
v 0.249088 0.019274 -0.486612
v 0.249088 0.018722 -0.447824
v -0.747264 0.017158 -0.447824
v -0.747264 0.019753 -0.486612
v 0.747264 -0.023211 -0.486612
v -0.747264 -0.008133 -0.403059
v 1.006060 -0.008133 -0.428430
v 0.747264 -0.008133 -0.502764
v -1.005514 -0.008133 -0.486612
v -1.003271 0.008804 -0.411815
v -1.003640 0.017806 -0.491461
v -1.001986 -0.011520 -0.501942
v -1.003645 -0.020526 -0.423582
v 0.871808 0.016591 -0.502020
v 1.002746 -0.011520 -0.502702
v -0.871808 -0.018570 -0.501063
v 1.001035 0.015799 -0.423582
v 1.002163 -0.011520 -0.412923
v 1.003495 -0.020410 -0.491461
v -0.871808 0.017431 -0.411932
v 0.871808 -0.020138 -0.411945
v -1.003475 0.017679 -0.452673
v -1.002255 -0.019455 -0.462370
v -0.124544 0.015827 -0.501029
v 0.124544 -0.019978 -0.502890
v 1.003646 0.017811 -0.462370
v 1.001757 -0.019071 -0.452673
v 0.124544 0.017540 -0.411790
v -0.124544 -0.022477 -0.408908
v -0.871808 0.019750 -0.457521
v 0.124544 0.018892 -0.457521
v 0.000000 0.019392 -0.423582
v 0.000000 0.019337 -0.462370
v 0.871808 -0.020024 -0.457521
v -0.124544 -0.022079 -0.457521
v 0.000000 -0.022108 -0.423582
v 0.000000 -0.022053 -0.462370
v 0.000000 -0.011520 -0.409713
v 1.005745 -0.011520 -0.457521
v 0.000000 -0.011520 -0.504016
v -1.009076 -0.011520 -0.457521
v -1.003271 -0.004745 -0.411815
v -1.002639 0.017034 -0.472067
v -1.001986 0.002029 -0.501942
v -1.002728 -0.019819 -0.442976
v 0.373632 0.016321 -0.501670
v 1.002746 0.002029 -0.502702
v -0.373632 -0.019252 -0.501948
v 1.002544 0.016962 -0.442976
v 1.002163 0.002029 -0.412923
v 1.003988 -0.020790 -0.472067
v -0.373632 0.016370 -0.413310
v 0.373632 -0.019809 -0.412372
v -1.002343 0.016807 -0.433279
v -1.003871 -0.020700 -0.481764
v -0.622720 0.016756 -0.502234
v 0.622720 -0.019157 -0.501825
v 1.001801 0.016389 -0.481764
v 1.002170 -0.019389 -0.433279
v 0.622720 0.018402 -0.410672
v -0.622720 -0.019400 -0.412902
v -0.373632 0.020493 -0.457521
v 0.622720 0.019258 -0.457521
v 0.000000 0.019245 -0.442976
v 0.000000 0.017848 -0.481764
v 0.373632 -0.022051 -0.457521
v -0.622720 -0.022551 -0.457521
v 0.000000 -0.021962 -0.442976
v 0.000000 -0.020564 -0.481764
v 0.000000 0.002029 -0.409713
v 1.005745 0.002029 -0.457521
v 0.000000 0.002029 -0.504016
v -1.009076 0.002029 -0.457521
v -1.007619 -0.011520 -0.438127
v -1.007619 0.002029 -0.438127
v -1.006666 -0.001358 -0.423582
v -1.005369 -0.001358 -0.442976
v -0.498176 -0.011520 -0.503280
v -0.498176 0.002029 -0.503280
v -0.871808 -0.001358 -0.503033
v -0.373632 -0.001358 -0.504284
v 1.006858 -0.011520 -0.476915
v 1.006858 0.002029 -0.476915
v 1.006454 -0.001358 -0.491461
v 1.007151 -0.001358 -0.472067
v 0.498176 -0.011520 -0.409281
v 0.498176 0.002029 -0.409281
v 0.871808 -0.001358 -0.409132
v 0.373632 -0.001358 -0.409736
v -0.124544 -0.021652 -0.476915
v -0.622720 -0.024946 -0.476915
v -0.498176 -0.021720 -0.462370
v -0.498176 -0.023890 -0.481764
v -0.124544 -0.021303 -0.438127
v -0.622720 -0.021885 -0.438127
v -0.498176 -0.020908 -0.423582
v -0.498176 -0.021155 -0.442976
v 0.871808 -0.021308 -0.438127
v 0.373632 -0.021979 -0.438127
v 0.498176 -0.022980 -0.423582
v 0.498176 -0.021805 -0.442976
v 0.124544 0.021569 -0.476915
v 0.622720 0.019310 -0.476915
v 0.498176 0.018231 -0.462370
v 0.498176 0.019060 -0.481764
v 0.124544 0.018723 -0.438127
v 0.622720 0.020442 -0.438127
v 0.498176 0.020264 -0.423582
v 0.498176 0.019089 -0.442976
v -0.871808 0.018631 -0.438127
v -0.373632 0.017845 -0.438127
v -0.498176 0.018191 -0.423582
v -0.498176 0.018439 -0.442976
v -0.871808 0.019359 -0.476915
v -0.373632 0.019256 -0.476915
v -0.498176 0.019004 -0.462370
v -0.498176 0.021174 -0.481764
v 0.871808 -0.023186 -0.476915
v 0.373632 -0.022949 -0.476915
v 0.498176 -0.020947 -0.462370
v 0.498176 -0.021776 -0.481764
v -0.498176 -0.011520 -0.409539
v -0.498176 0.002029 -0.409539
v -0.124544 -0.001358 -0.404837
v -0.622720 -0.001358 -0.410487
v 1.007133 -0.011520 -0.438127
v 1.007133 0.002029 -0.438127
v 1.003995 -0.001358 -0.452673
v 1.004580 -0.001358 -0.433279
v 0.498176 -0.011520 -0.503332
v 0.498176 0.002029 -0.503332
v 0.124544 -0.001358 -0.505617
v 0.622720 -0.001358 -0.504111
v -1.004910 -0.011520 -0.476915
v -1.004910 0.002029 -0.476915
v -1.004701 -0.001358 -0.462370
v -1.006986 -0.001358 -0.481764
v -1.003271 0.002029 -0.411815
v -1.003871 0.017984 -0.481764
v -1.001986 -0.004745 -0.501942
v -1.002343 -0.019523 -0.433279
v 0.622720 0.016441 -0.501825
v 1.002746 -0.004745 -0.502702
v -0.622720 -0.019472 -0.502234
v 1.002170 0.016673 -0.433279
v 1.002163 -0.004745 -0.412923
v 1.001801 -0.019105 -0.481764
v -0.622720 0.016684 -0.412902
v 0.622720 -0.021118 -0.410672
v -1.002728 0.017103 -0.442976
v -1.002639 -0.019751 -0.472067
v -0.373632 0.016536 -0.501948
v 0.373632 -0.019038 -0.501670
v 1.003988 0.018074 -0.472067
v 1.002544 -0.019678 -0.442976
v 0.373632 0.017092 -0.412372
v -0.373632 -0.019086 -0.413310
v -0.622720 0.019835 -0.457521
v 0.373632 0.019334 -0.457521
v 0.000000 0.018674 -0.433279
v 0.000000 0.020115 -0.472067
v 0.622720 -0.021974 -0.457521
v -0.373632 -0.023209 -0.457521
v 0.000000 -0.021391 -0.433279
v 0.000000 -0.022831 -0.472067
v 0.000000 -0.004745 -0.409713
v 1.005745 -0.004745 -0.457521
v 0.000000 -0.004745 -0.504016
v -1.009076 -0.004745 -0.457521
v -1.003271 -0.011520 -0.411815
v -1.002255 0.016739 -0.462370
v -1.001986 0.008804 -0.501942
v -1.003475 -0.020395 -0.452673
v 0.124544 0.017262 -0.502890
v 1.002746 0.008804 -0.502702
v -0.124544 -0.018543 -0.501029
v 1.001757 0.016355 -0.452673
v 1.002163 0.008804 -0.412923
v 1.003646 -0.020527 -0.462370
v -0.124544 0.019761 -0.408908
v 0.124544 -0.020256 -0.411790
v -1.003645 0.017809 -0.423582
v -1.003640 -0.020522 -0.491461
v -0.871808 0.015854 -0.501063
v 0.871808 -0.019307 -0.502020
v 1.003495 0.017694 -0.491461
v 1.001035 -0.018515 -0.423582
v 0.871808 0.017421 -0.411945
v -0.871808 -0.020147 -0.411932
v -0.124544 0.019363 -0.457521
v 0.871808 0.017308 -0.457521
v 0.000000 0.020768 -0.452673
v 0.000000 0.018358 -0.491461
v 0.124544 -0.021608 -0.457521
v -0.871808 -0.022466 -0.457521
v 0.000000 -0.023484 -0.452673
v 0.000000 -0.021075 -0.491461
v 0.000000 0.008804 -0.409713
v 1.005745 0.008804 -0.457521
v 0.000000 0.008804 -0.504016
v -1.009076 0.008804 -0.457521
v -1.007619 -0.004745 -0.438127
v -1.007619 0.008804 -0.438127
v -1.004825 -0.001358 -0.433279
v -1.006425 -0.001358 -0.452673
v -0.498176 -0.004745 -0.503280
v -0.498176 0.008804 -0.503280
v -0.622720 -0.001358 -0.504689
v -0.124544 -0.001358 -0.502984
v 1.006858 -0.004745 -0.476915
v 1.006858 0.008804 -0.476915
v 1.004058 -0.001358 -0.481764
v 1.006668 -0.001358 -0.462370
v 0.498176 -0.004745 -0.409281
v 0.498176 0.008804 -0.409281
v 0.622720 -0.001358 -0.407333
v 0.124544 -0.001358 -0.408914
v -0.373632 -0.021972 -0.476915
v -0.871808 -0.022075 -0.476915
v -0.498176 -0.022566 -0.472067
v -0.498176 -0.021994 -0.491461
v -0.373632 -0.020561 -0.438127
v -0.871808 -0.021348 -0.438127
v -0.498176 -0.020009 -0.433279
v -0.498176 -0.022543 -0.452673
v 0.622720 -0.023159 -0.438127
v 0.124544 -0.021439 -0.438127
v 0.498176 -0.020661 -0.433279
v 0.498176 -0.020511 -0.452673
v 0.373632 0.020233 -0.476915
v 0.871808 0.020470 -0.476915
v 0.498176 0.019969 -0.472067
v 0.498176 0.020015 -0.491461
v 0.373632 0.019263 -0.438127
v 0.871808 0.018592 -0.438127
v 0.498176 0.017944 -0.433279
v 0.498176 0.017795 -0.452673
v -0.622720 0.019169 -0.438127
v -0.124544 0.018587 -0.438127
v -0.498176 0.017293 -0.433279
v -0.498176 0.019827 -0.452673
v -0.622720 0.022230 -0.476915
v -0.124544 0.018936 -0.476915
v -0.498176 0.019850 -0.472067
v -0.498176 0.019277 -0.491461
v 0.622720 -0.022026 -0.476915
v 0.124544 -0.024285 -0.476915
v 0.498176 -0.022686 -0.472067
v 0.498176 -0.022731 -0.491461
v -0.498176 -0.004745 -0.409539
v -0.498176 0.008804 -0.409539
v -0.373632 -0.001358 -0.411063
v -0.871808 -0.001358 -0.409114
v 1.007133 -0.004745 -0.438127
v 1.007133 0.008804 -0.438127
v 1.005109 -0.001358 -0.442976
v 1.002975 -0.001358 -0.423582
v 0.498176 -0.004745 -0.503332
v 0.498176 0.008804 -0.503332
v 0.373632 -0.001358 -0.503891
v 0.871808 -0.001358 -0.504386
v -1.004910 -0.004745 -0.476915
v -1.004910 0.008804 -0.476915
v -1.005243 -0.001358 -0.472067
v -1.006659 -0.001358 -0.491461
v -1.005514 0.002029 -0.486612
v -1.005514 0.008804 -0.486612
v -1.006986 0.005417 -0.481764
v -1.006659 0.005417 -0.491461
v -1.004851 0.002029 -0.467218
v -1.004851 0.008804 -0.467218
v -1.004701 0.005417 -0.462370
v -1.005243 0.005417 -0.472067
v -1.004851 -0.011520 -0.467218
v -1.004851 -0.004745 -0.467218
v -1.004701 -0.008133 -0.462370
v -1.005243 -0.008133 -0.472067
v 0.747264 0.002029 -0.502764
v 0.747264 0.008804 -0.502764
v 0.622720 0.005417 -0.504111
v 0.871808 0.005417 -0.504386
v 0.249088 0.002029 -0.504188
v 0.249088 0.008804 -0.504188
v 0.124544 0.005417 -0.505617
v 0.373632 0.005417 -0.503891
v 0.249088 -0.011520 -0.504188
v 0.249088 -0.004745 -0.504188
v 0.124544 -0.008133 -0.505617
v 0.373632 -0.008133 -0.503891
v 1.006060 0.002029 -0.428430
v 1.006060 0.008804 -0.428430
v 1.004580 0.005417 -0.433279
v 1.002975 0.005417 -0.423582
v 1.005994 0.002029 -0.447824
v 1.005994 0.008804 -0.447824
v 1.003995 0.005417 -0.452673
v 1.005109 0.005417 -0.442976
v 1.005994 -0.011520 -0.447824
v 1.005994 -0.004745 -0.447824
v 1.003995 -0.008133 -0.452673
v 1.005109 -0.008133 -0.442976
v -0.747264 0.002029 -0.403059
v -0.747264 0.008804 -0.403059
v -0.622720 0.005417 -0.410487
v -0.871808 0.005417 -0.409114
v -0.249088 0.002029 -0.411151
v -0.249088 0.008804 -0.411151
v -0.124544 0.005417 -0.404837
v -0.373632 0.005417 -0.411063
v -0.249088 -0.011520 -0.411151
v -0.249088 -0.004745 -0.411151
v -0.124544 -0.008133 -0.404837
v -0.373632 -0.008133 -0.411063
v 0.373632 -0.022200 -0.486612
v 0.124544 -0.022973 -0.486612
v 0.249088 -0.022022 -0.481764
v 0.249088 -0.021568 -0.491461
v 0.373632 -0.021984 -0.467218
v 0.124544 -0.021764 -0.467218
v 0.249088 -0.021839 -0.462370
v 0.249088 -0.022780 -0.472067
v 0.871808 -0.021084 -0.467218
v 0.622720 -0.023499 -0.467218
v 0.747264 -0.021332 -0.462370
v 0.747264 -0.021904 -0.472067
v -0.373632 0.021878 -0.486612
v -0.124544 0.017902 -0.486612
v -0.249088 0.020371 -0.481764
v -0.249088 0.018725 -0.491461
v -0.373632 0.017763 -0.467218
v -0.124544 0.018419 -0.467218
v -0.249088 0.019279 -0.462370
v -0.249088 0.019522 -0.472067
v -0.871808 0.018490 -0.467218
v -0.622720 0.017899 -0.467218
v -0.747264 0.018533 -0.462370
v -0.747264 0.017915 -0.472067
v -0.373632 0.020919 -0.447824
v -0.124544 0.018487 -0.447824
v -0.249088 0.019057 -0.442976
v -0.249088 0.018560 -0.452673
v -0.373632 0.019040 -0.428430
v -0.124544 0.017716 -0.428430
v -0.249088 0.019156 -0.423582
v -0.249088 0.019665 -0.433279
v -0.871808 0.017728 -0.428430
v -0.622720 0.018561 -0.428430
v -0.747264 0.017662 -0.423582
v -0.747264 0.017257 -0.433279
v 0.622720 0.021758 -0.447824
v 0.871808 0.017759 -0.447824
v 0.747264 0.018204 -0.442976
v 0.747264 0.019680 -0.452673
v 0.622720 0.019086 -0.428430
v 0.871808 0.017436 -0.428430
v 0.747264 0.018131 -0.423582
v 0.747264 0.018484 -0.433279
v 0.124544 0.017505 -0.428430
v 0.373632 0.018203 -0.428430
v 0.249088 0.018069 -0.423582
v 0.249088 0.018301 -0.433279
v 0.622720 0.020258 -0.486612
v 0.871808 0.021048 -0.486612
v 0.747264 0.018807 -0.481764
v 0.747264 0.022479 -0.491461
v 0.622720 0.020783 -0.467218
v 0.871808 0.018367 -0.467218
v 0.747264 0.018616 -0.462370
v 0.747264 0.019187 -0.472067
v 0.124544 0.019048 -0.467218
v 0.373632 0.019268 -0.467218
v 0.249088 0.019123 -0.462370
v 0.249088 0.020064 -0.472067
v 0.373632 -0.022209 -0.447824
v 0.124544 -0.020756 -0.447824
v 0.249088 -0.020589 -0.442976
v 0.249088 -0.020007 -0.452673
v 0.373632 -0.020919 -0.428430
v 0.124544 -0.020221 -0.428430
v 0.249088 -0.020785 -0.423582
v 0.249088 -0.021017 -0.433279
v 0.871808 -0.020153 -0.428430
v 0.622720 -0.021802 -0.428430
v 0.747264 -0.020847 -0.423582
v 0.747264 -0.021200 -0.433279
v -0.622720 -0.022214 -0.447824
v -0.871808 -0.022611 -0.447824
v -0.747264 -0.020789 -0.442976
v -0.747264 -0.021421 -0.452673
v -0.622720 -0.021277 -0.428430
v -0.871808 -0.020444 -0.428430
v -0.747264 -0.020378 -0.423582
v -0.747264 -0.019973 -0.433279
v -0.124544 -0.020432 -0.428430
v -0.373632 -0.021756 -0.428430
v -0.249088 -0.021872 -0.423582
v -0.249088 -0.022381 -0.433279
v -0.622720 -0.023105 -0.486612
v -0.871808 -0.021477 -0.486612
v -0.747264 -0.021700 -0.481764
v -0.747264 -0.021705 -0.491461
v -0.622720 -0.020615 -0.467218
v -0.871808 -0.021207 -0.467218
v -0.747264 -0.021249 -0.462370
v -0.747264 -0.020631 -0.472067
v -0.124544 -0.021135 -0.467218
v -0.373632 -0.020479 -0.467218
v -0.249088 -0.021995 -0.462370
v -0.249088 -0.022238 -0.472067
v 0.249088 0.002029 -0.408958
v 0.249088 0.008804 -0.408958
v 0.373632 0.005417 -0.409736
v 0.124544 0.005417 -0.408914
v 0.747264 0.002029 -0.407998
v 0.747264 0.008804 -0.407998
v 0.871808 0.005417 -0.409132
v 0.622720 0.005417 -0.407333
v 0.747264 -0.011520 -0.407998
v 0.747264 -0.004745 -0.407998
v 0.871808 -0.008133 -0.409132
v 0.622720 -0.008133 -0.407333
v 1.004732 0.002029 -0.467218
v 1.004732 0.008804 -0.467218
v 1.007151 0.005417 -0.472067
v 1.006668 0.005417 -0.462370
v 1.004961 0.002029 -0.486612
v 1.004961 0.008804 -0.486612
v 1.006454 0.005417 -0.491461
v 1.004058 0.005417 -0.481764
v 1.004961 -0.011520 -0.486612
v 1.004961 -0.004745 -0.486612
v 1.006454 -0.008133 -0.491461
v 1.004058 -0.008133 -0.481764
v -0.249088 0.002029 -0.505130
v -0.249088 0.008804 -0.505130
v -0.373632 0.005417 -0.504284
v -0.124544 0.005417 -0.502984
v -0.747264 0.002029 -0.502647
v -0.747264 0.008804 -0.502647
v -0.871808 0.005417 -0.503033
v -0.622720 0.005417 -0.504689
v -0.747264 -0.011520 -0.502647
v -0.747264 -0.004745 -0.502647
v -0.871808 -0.008133 -0.503033
v -0.622720 -0.008133 -0.504689
v -1.003396 0.002029 -0.447824
v -1.003396 0.008804 -0.447824
v -1.005369 0.005417 -0.442976
v -1.006425 0.005417 -0.452673
v -1.004615 0.002029 -0.428430
v -1.004615 0.008804 -0.428430
v -1.006666 0.005417 -0.423582
v -1.004825 0.005417 -0.433279
v -1.004615 -0.011520 -0.428430
v -1.004615 -0.004745 -0.428430
v -1.006666 -0.008133 -0.423582
v -1.004825 -0.008133 -0.433279
v -1.003396 -0.011520 -0.447824
v -1.003396 -0.004745 -0.447824
v -1.005369 -0.008133 -0.442976
v -1.006425 -0.008133 -0.452673
v -0.249088 -0.011520 -0.505130
v -0.249088 -0.004745 -0.505130
v -0.373632 -0.008133 -0.504284
v -0.124544 -0.008133 -0.502984
v 1.004732 -0.011520 -0.467218
v 1.004732 -0.004745 -0.467218
v 1.007151 -0.008133 -0.472067
v 1.006668 -0.008133 -0.462370
v 0.249088 -0.011520 -0.408958
v 0.249088 -0.004745 -0.408958
v 0.373632 -0.008133 -0.409736
v 0.124544 -0.008133 -0.408914
v -0.124544 -0.020619 -0.486612
v -0.373632 -0.024594 -0.486612
v -0.249088 -0.023088 -0.481764
v -0.249088 -0.021441 -0.491461
v -0.124544 -0.021203 -0.447824
v -0.373632 -0.023635 -0.447824
v -0.249088 -0.021773 -0.442976
v -0.249088 -0.021276 -0.452673
v 0.871808 -0.020475 -0.447824
v 0.622720 -0.024475 -0.447824
v 0.747264 -0.020920 -0.442976
v 0.747264 -0.022396 -0.452673
v 0.124544 0.020257 -0.486612
v 0.373632 0.019484 -0.486612
v 0.249088 0.019306 -0.481764
v 0.249088 0.018852 -0.491461
v 0.124544 0.018040 -0.447824
v 0.373632 0.019493 -0.447824
v 0.249088 0.017873 -0.442976
v 0.249088 0.017291 -0.452673
v -0.871808 0.019895 -0.447824
v -0.622720 0.019497 -0.447824
v -0.747264 0.018073 -0.442976
v -0.747264 0.018705 -0.452673
v -0.871808 0.018761 -0.486612
v -0.622720 0.020389 -0.486612
v -0.747264 0.018984 -0.481764
v -0.747264 0.018989 -0.491461
v 0.871808 -0.023764 -0.486612
v 0.622720 -0.022975 -0.486612
v 0.747264 -0.021523 -0.481764
v 0.747264 -0.025195 -0.491461
v -0.747264 -0.011520 -0.403059
v -0.747264 -0.004745 -0.403059
v -0.622720 -0.008133 -0.410487
v -0.871808 -0.008133 -0.409114
v 1.006060 -0.011520 -0.428430
v 1.006060 -0.004745 -0.428430
v 1.004580 -0.008133 -0.433279
v 1.002975 -0.008133 -0.423582
v 0.747264 -0.011520 -0.502764
v 0.747264 -0.004745 -0.502764
v 0.622720 -0.008133 -0.504111
v 0.871808 -0.008133 -0.504386
v -1.005514 -0.011520 -0.486612
v -1.005514 -0.004745 -0.486612
v -1.006986 -0.008133 -0.481764
v -1.006659 -0.008133 -0.491461
v -1.006659 -0.004745 -0.491461
v -1.006986 -0.004745 -0.481764
v -1.006986 -0.011520 -0.481764
v 0.871808 -0.004745 -0.504386
v 0.622720 -0.004745 -0.504111
v 0.622720 -0.011520 -0.504111
v 1.002975 -0.004745 -0.423582
v 1.004580 -0.004745 -0.433279
v 1.004580 -0.011520 -0.433279
v -0.871808 -0.004745 -0.409114
v -0.622720 -0.004745 -0.410487
v -0.622720 -0.011520 -0.410487
v 0.622720 -0.020604 -0.491461
v 0.622720 -0.022705 -0.481764
v 0.871808 -0.023139 -0.481764
v -0.622720 0.019339 -0.491461
v -0.622720 0.023557 -0.481764
v -0.871808 0.019403 -0.481764
v -0.622720 0.018838 -0.452673
v -0.622720 0.023164 -0.442976
v -0.871808 0.018699 -0.442976
v 0.373632 0.020039 -0.452673
v 0.373632 0.018435 -0.442976
v 0.124544 0.018161 -0.442976
v 0.373632 0.019537 -0.491461
v 0.373632 0.020699 -0.481764
v 0.124544 0.020430 -0.481764
v 0.622720 -0.022116 -0.452673
v 0.622720 -0.022103 -0.442976
v 0.871808 -0.020473 -0.442976
v -0.373632 -0.021567 -0.452673
v -0.373632 -0.020198 -0.442976
v -0.124544 -0.020898 -0.442976
v -0.373632 -0.023830 -0.491461
v -0.373632 -0.022188 -0.481764
v -0.124544 -0.022438 -0.481764
v 0.124544 -0.004745 -0.408914
v 0.373632 -0.004745 -0.409736
v 0.373632 -0.011520 -0.409736
v 1.006668 -0.004745 -0.462370
v 1.007151 -0.004745 -0.472067
v 1.007151 -0.011520 -0.472067
v -0.124544 -0.004745 -0.502984
v -0.373632 -0.004745 -0.504284
v -0.373632 -0.011520 -0.504284
v -1.006425 -0.004745 -0.452673
v -1.005369 -0.004745 -0.442976
v -1.005369 -0.011520 -0.442976
v -1.004825 -0.004745 -0.433279
v -1.006666 -0.004745 -0.423582
v -1.006666 -0.011520 -0.423582
v -1.004825 0.008804 -0.433279
v -1.006666 0.008804 -0.423582
v -1.006666 0.002029 -0.423582
v -1.006425 0.008804 -0.452673
v -1.005369 0.008804 -0.442976
v -1.005369 0.002029 -0.442976
v -0.622720 -0.004745 -0.504689
v -0.871808 -0.004745 -0.503033
v -0.871808 -0.011520 -0.503033
v -0.622720 0.008804 -0.504689
v -0.871808 0.008804 -0.503033
v -0.871808 0.002029 -0.503033
v -0.124544 0.008804 -0.502984
v -0.373632 0.008804 -0.504284
v -0.373632 0.002029 -0.504284
v 1.004058 -0.004745 -0.481764
v 1.006454 -0.004745 -0.491461
v 1.006454 -0.011520 -0.491461
v 1.004058 0.008804 -0.481764
v 1.006454 0.008804 -0.491461
v 1.006454 0.002029 -0.491461
v 1.006668 0.008804 -0.462370
v 1.007151 0.008804 -0.472067
v 1.007151 0.002029 -0.472067
v 0.622720 -0.004745 -0.407333
v 0.871808 -0.004745 -0.409132
v 0.871808 -0.011520 -0.409132
v 0.622720 0.008804 -0.407333
v 0.871808 0.008804 -0.409132
v 0.871808 0.002029 -0.409132
v 0.124544 0.008804 -0.408914
v 0.373632 0.008804 -0.409736
v 0.373632 0.002029 -0.409736
v -0.373632 -0.020871 -0.472067
v -0.373632 -0.021354 -0.462370
v -0.124544 -0.021399 -0.462370
v -0.871808 -0.021992 -0.472067
v -0.871808 -0.021912 -0.462370
v -0.622720 -0.023123 -0.462370
v -0.871808 -0.023372 -0.491461
v -0.871808 -0.022119 -0.481764
v -0.622720 -0.026273 -0.481764
v -0.373632 -0.022742 -0.433279
v -0.373632 -0.023566 -0.423582
v -0.124544 -0.021194 -0.423582
v -0.871808 -0.021138 -0.433279
v -0.871808 -0.020911 -0.423582
v -0.622720 -0.020807 -0.423582
v -0.871808 -0.021021 -0.452673
v -0.871808 -0.021415 -0.442976
v -0.622720 -0.025880 -0.442976
v 0.622720 -0.023237 -0.433279
v 0.622720 -0.020677 -0.423582
v 0.871808 -0.020267 -0.423582
v 0.124544 -0.020351 -0.433279
v 0.124544 -0.020482 -0.423582
v 0.373632 -0.020526 -0.423582
v 0.124544 -0.022548 -0.452673
v 0.124544 -0.020877 -0.442976
v 0.373632 -0.021151 -0.442976
v 0.373632 0.019907 -0.472067
v 0.373632 0.018258 -0.462370
v 0.124544 0.019212 -0.462370
v 0.871808 0.020377 -0.472067
v 0.871808 0.018305 -0.462370
v 0.622720 0.019618 -0.462370
v 0.871808 0.018073 -0.491461
v 0.871808 0.020423 -0.481764
v 0.622720 0.019989 -0.481764
v 0.373632 0.018934 -0.433279
v 0.373632 0.017810 -0.423582
v 0.124544 0.017766 -0.423582
v 0.871808 0.017751 -0.433279
v 0.871808 0.017551 -0.423582
v 0.622720 0.017960 -0.423582
v 0.871808 0.018220 -0.452673
v 0.871808 0.017757 -0.442976
v 0.622720 0.019387 -0.442976
v -0.622720 0.018962 -0.433279
v -0.622720 0.018091 -0.423582
v -0.871808 0.018195 -0.423582
v -0.124544 0.018249 -0.433279
v -0.124544 0.018478 -0.423582
v -0.373632 0.020850 -0.423582
v -0.124544 0.019009 -0.452673
v -0.124544 0.018182 -0.442976
v -0.373632 0.017482 -0.442976
v -0.622720 0.021065 -0.472067
v -0.622720 0.020407 -0.462370
v -0.871808 0.019196 -0.462370
v -0.124544 0.017760 -0.472067
v -0.124544 0.018683 -0.462370
v -0.373632 0.018638 -0.462370
v -0.124544 0.020033 -0.491461
v -0.124544 0.019722 -0.481764
v -0.373632 0.019472 -0.481764
v 0.622720 -0.024624 -0.472067
v 0.622720 -0.022334 -0.462370
v 0.871808 -0.021021 -0.462370
v 0.124544 -0.022937 -0.472067
v 0.124544 -0.021928 -0.462370
v 0.373632 -0.020974 -0.462370
v 0.124544 -0.023270 -0.491461
v 0.124544 -0.023146 -0.481764
v 0.373632 -0.023415 -0.481764
v -0.373632 -0.004745 -0.411063
v -0.124544 -0.004745 -0.404837
v -0.124544 -0.011520 -0.404837
v -0.373632 0.008804 -0.411063
v -0.124544 0.008804 -0.404837
v -0.124544 0.002029 -0.404837
v -0.871808 0.008804 -0.409114
v -0.622720 0.008804 -0.410487
v -0.622720 0.002029 -0.410487
v 1.005109 -0.004745 -0.442976
v 1.003995 -0.004745 -0.452673
v 1.003995 -0.011520 -0.452673
v 1.005109 0.008804 -0.442976
v 1.003995 0.008804 -0.452673
v 1.003995 0.002029 -0.452673
v 1.002975 0.008804 -0.423582
v 1.004580 0.008804 -0.433279
v 1.004580 0.002029 -0.433279
v 0.373632 -0.004745 -0.503891
v 0.124544 -0.004745 -0.505617
v 0.124544 -0.011520 -0.505617
v 0.373632 0.008804 -0.503891
v 0.124544 0.008804 -0.505617
v 0.124544 0.002029 -0.505617
v 0.871808 0.008804 -0.504386
v 0.622720 0.008804 -0.504111
v 0.622720 0.002029 -0.504111
v -1.005243 -0.004745 -0.472067
v -1.004701 -0.004745 -0.462370
v -1.004701 -0.011520 -0.462370
v -1.005243 0.008804 -0.472067
v -1.004701 0.008804 -0.462370
v -1.004701 0.002029 -0.462370
v -1.006659 0.008804 -0.491461
v -1.006986 0.008804 -0.481764
v -1.006986 0.002029 -0.481764
v -1.006659 0.002029 -0.491461
v -1.005243 0.002029 -0.472067
v -1.005243 -0.011520 -0.472067
v 0.871808 0.002029 -0.504386
v 0.373632 0.002029 -0.503891
v 0.373632 -0.011520 -0.503891
v 1.002975 0.002029 -0.423582
v 1.005109 0.002029 -0.442976
v 1.005109 -0.011520 -0.442976
v -0.871808 0.002029 -0.409114
v -0.373632 0.002029 -0.411063
v -0.373632 -0.011520 -0.411063
v 0.373632 -0.022253 -0.491461
v 0.373632 -0.022623 -0.472067
v 0.871808 -0.023093 -0.472067
v -0.373632 0.021114 -0.491461
v -0.373632 0.018155 -0.472067
v -0.871808 0.019276 -0.472067
v -0.373632 0.018850 -0.452673
v -0.373632 0.020026 -0.433279
v -0.871808 0.018422 -0.433279
v 0.622720 0.019400 -0.452673
v 0.622720 0.020521 -0.433279
v 0.124544 0.017635 -0.433279
v 0.622720 0.017888 -0.491461
v 0.622720 0.021908 -0.472067
v 0.124544 0.020221 -0.472067
v 0.373632 -0.022755 -0.452673
v 0.373632 -0.021650 -0.433279
v 0.871808 -0.020467 -0.433279
v -0.622720 -0.021555 -0.452673
v -0.622720 -0.021678 -0.433279
v -0.124544 -0.020965 -0.433279
v -0.622720 -0.022055 -0.491461
v -0.622720 -0.023781 -0.472067
v -0.124544 -0.020476 -0.472067
v 0.124544 0.002029 -0.408914
v 0.622720 0.002029 -0.407333
v 0.622720 -0.011520 -0.407333
v 1.006668 0.002029 -0.462370
v 1.004058 0.002029 -0.481764
v 1.004058 -0.011520 -0.481764
v -0.124544 0.002029 -0.502984
v -0.622720 0.002029 -0.504689
v -0.622720 -0.011520 -0.504689
v -1.006425 0.002029 -0.452673
v -1.004825 0.002029 -0.433279
v -1.004825 -0.011520 -0.433279
v -1.006425 -0.011520 -0.452673
v -0.124544 -0.011520 -0.502984
v 1.006668 -0.011520 -0.462370
v 0.124544 -0.011520 -0.408914
v -0.124544 -0.022749 -0.491461
v -0.124544 -0.021725 -0.452673
v 0.871808 -0.020937 -0.452673
v 0.124544 0.020554 -0.491461
v 0.124544 0.019831 -0.452673
v -0.871808 0.018305 -0.452673
v -0.871808 0.020656 -0.491461
v 0.871808 -0.020789 -0.491461
v -0.871808 -0.011520 -0.409114
v 1.002975 -0.011520 -0.423582
v 0.871808 -0.011520 -0.504386
v -1.006659 -0.011520 -0.491461
vt 0.6699 -0.8013
vt 0.6699 -0.8148
vt 0.6864 -0.8134
vt 0.6914 -0.8012
vt 0.5769 -0.6434
vt 0.5769 -0.8148
vt 0.5946 -0.8132
vt 0.5955 -0.6434
vt 0.6674 -0.6830
vt 0.6674 -0.6970
vt 0.6842 -0.6957
vt 0.6841 -0.6832
vt 0.4801 -0.6427
vt 0.4801 -0.8148
vt 0.4985 -0.8131
vt 0.5006 -0.6427
vt 0.0829 -0.6418
vt 0.0636 -0.6419
vt 0.0649 -0.8117
vt 0.0834 -0.8142
vt 0.2493 -0.6399
vt 0.2318 -0.6399
vt 0.2316 -0.8089
vt 0.2489 -0.8124
vt 0.3204 -0.6400
vt 0.3115 -0.6400
vt 0.3110 -0.8148
vt 0.3199 -0.8123
vt 0.3241 0.6638
vt 0.3152 0.6639
vt 0.3147 0.5009
vt 0.3236 0.5009
vt 0.2530 0.6639
vt 0.2321 0.6640
vt 0.2337 0.5010
vt 0.2526 0.5010
vt 0.1540 -0.6417
vt 0.1451 -0.6418
vt 0.1456 -0.8134
vt 0.1545 -0.8118
vt 0.1503 0.6621
vt 0.1414 0.6621
vt 0.1419 0.4991
vt 0.1508 0.4991
vt 0.0792 0.6620
vt 0.0617 0.6620
vt 0.0608 0.4990
vt 0.0797 0.4990
vt 0.4801 0.6611
vt 0.4801 0.4982
vt 0.4998 0.4982
vt 0.5009 0.6611
vt 0.6674 -0.6321
vt 0.6674 -0.6385
vt 0.6877 -0.6387
vt 0.6889 -0.6323
vt 0.5769 0.6604
vt 0.5769 0.4975
vt 0.5950 0.4975
vt 0.5936 0.6605
vt 0.6699 -0.7506
vt 0.6699 -0.7571
vt 0.6945 -0.7569
vt 0.6910 -0.7504
vt 0.6699 -0.7252
vt 0.6699 -0.7316
vt 0.6926 -0.7315
vt 0.6890 -0.7250
vt 0.6377 -0.7252
vt 0.6377 -0.7316
vt 0.6458 -0.7316
vt 0.6458 -0.7252
vt 0.6377 -0.7506
vt 0.6377 -0.7571
vt 0.6458 -0.7571
vt 0.6458 -0.7506
vt 0.5769 1.3124
vt 0.5769 1.1494
vt 0.5940 1.1494
vt 0.5958 1.3124
vt 0.5447 1.3124
vt 0.5447 1.1494
vt 0.5528 1.1494
vt 0.5528 1.3124
vt 0.5447 0.6605
vt 0.5447 0.4975
vt 0.5528 0.4975
vt 0.5528 0.6605
vt 0.6674 -0.6069
vt 0.6674 -0.6130
vt 0.6891 -0.6133
vt 0.6855 -0.6071
vt 0.6352 -0.6069
vt 0.6352 -0.6130
vt 0.6433 -0.6130
vt 0.6433 -0.6069
vt 0.6352 -0.6321
vt 0.6352 -0.6385
vt 0.6433 -0.6385
vt 0.6433 -0.6321
vt 0.4801 1.3131
vt 0.4801 1.1501
vt 0.5004 1.1501
vt 0.5029 1.3131
vt 0.4479 1.3131
vt 0.4479 1.1501
vt 0.4559 1.1501
vt 0.4559 1.3131
vt 0.4479 0.6611
vt 0.4479 0.4982
vt 0.4559 0.4982
vt 0.4559 0.6611
vt 0.1148 0.6621
vt 0.1059 0.6621
vt 0.1064 0.4991
vt 0.1153 0.4991
vt 0.1129 1.3140
vt 0.1041 1.3140
vt 0.1045 1.1510
vt 0.1134 1.1510
vt 0.0774 1.3140
vt 0.0576 1.3139
vt 0.0599 1.1509
vt 0.0778 1.1510
vt 0.1858 0.6622
vt 0.1770 0.6622
vt 0.1774 0.4992
vt 0.1863 0.4992
vt 0.1840 1.3141
vt 0.1751 1.3141
vt 0.1756 1.1511
vt 0.1844 1.1511
vt 0.1485 1.3141
vt 0.1396 1.3140
vt 0.1400 1.1511
vt 0.1489 1.1511
vt 0.1895 -0.6417
vt 0.1807 -0.6417
vt 0.1812 -0.8147
vt 0.1900 -0.8123
vt 0.1877 0.0102
vt 0.1788 0.0102
vt 0.1793 -0.1528
vt 0.1882 -0.1527
vt 0.1522 0.0102
vt 0.1433 0.0102
vt 0.1438 -0.1528
vt 0.1526 -0.1528
vt 0.2886 0.6639
vt 0.2797 0.6639
vt 0.2792 0.5009
vt 0.2881 0.5009
vt 0.2904 1.3158
vt 0.2815 1.3158
vt 0.2811 1.1529
vt 0.2899 1.1528
vt 0.2549 1.3159
vt 0.2359 1.3159
vt 0.2364 1.1529
vt 0.2544 1.1529
vt 0.3596 0.6638
vt 0.3508 0.6638
vt 0.3503 0.5008
vt 0.3592 0.5008
vt 0.3615 1.3157
vt 0.3526 1.3157
vt 0.3521 1.1528
vt 0.3610 1.1527
vt 0.3259 1.3158
vt 0.3171 1.3158
vt 0.3166 1.1528
vt 0.3255 1.1528
vt 0.3560 -0.6401
vt 0.3471 -0.6401
vt 0.3466 -0.8135
vt 0.3555 -0.8109
vt 0.3578 0.0119
vt 0.3489 0.0119
vt 0.3485 -0.1511
vt 0.3574 -0.1511
vt 0.3223 0.0119
vt 0.3134 0.0119
vt 0.3129 -0.1511
vt 0.3218 -0.1511
vt 0.2849 -0.6400
vt 0.2760 -0.6400
vt 0.2755 -0.8109
vt 0.2844 -0.8112
vt 0.2867 0.0120
vt 0.2778 0.0120
vt 0.2774 -0.1510
vt 0.2863 -0.1510
vt 0.2512 0.0120
vt 0.2320 0.0120
vt 0.2328 -0.1509
vt 0.2507 -0.1510
vt 0.1185 -0.6418
vt 0.1096 -0.6418
vt 0.1101 -0.8145
vt 0.1190 -0.8148
vt 0.1166 0.0101
vt 0.1078 0.0101
vt 0.1082 -0.1529
vt 0.1171 -0.1528
vt 0.0811 0.0101
vt 0.0623 0.0101
vt 0.0635 -0.1529
vt 0.0816 -0.1529
vt 0.4801 0.0092
vt 0.4801 -0.1538
vt 0.5001 -0.1538
vt 0.4981 0.0092
vt 0.4479 0.0092
vt 0.4479 -0.1538
vt 0.4559 -0.1538
vt 0.4559 0.0092
vt 0.4479 -0.6427
vt 0.4479 -0.8148
vt 0.4559 -0.8148
vt 0.4559 -0.6427
vt 0.6674 -0.6575
vt 0.6674 -0.6637
vt 0.6895 -0.6639
vt 0.6868 -0.6577
vt 0.6352 -0.6575
vt 0.6352 -0.6637
vt 0.6433 -0.6637
vt 0.6433 -0.6575
vt 0.6352 -0.6830
vt 0.6352 -0.6970
vt 0.6433 -0.6970
vt 0.6433 -0.6830
vt 0.5769 0.0085
vt 0.5769 -0.1545
vt 0.5941 -0.1545
vt 0.5948 0.0085
vt 0.5447 0.0085
vt 0.5447 -0.1545
vt 0.5528 -0.1545
vt 0.5528 0.0085
vt 0.5447 -0.6434
vt 0.5447 -0.8148
vt 0.5528 -0.8148
vt 0.5528 -0.6434
vt 0.6699 -0.7759
vt 0.6699 -0.7822
vt 0.6891 -0.7821
vt 0.6895 -0.7757
vt 0.6377 -0.7759
vt 0.6377 -0.7822
vt 0.6458 -0.7822
vt 0.6458 -0.7759
vt 0.6377 -0.8013
vt 0.6377 -0.8148
vt 0.6458 -0.8148
vt 0.6458 -0.8013
vt 0.6377 -0.7887
vt 0.6377 -0.7949
vt 0.6458 -0.7949
vt 0.6458 -0.7887
vt 0.6216 -0.7887
vt 0.6216 -0.7949
vt 0.6296 -0.7949
vt 0.6296 -0.7887
vt 0.6216 -0.8013
vt 0.6216 -0.8148
vt 0.6296 -0.8148
vt 0.6296 -0.8013
vt 0.6377 -0.7632
vt 0.6377 -0.7695
vt 0.6458 -0.7695
vt 0.6458 -0.7632
vt 0.6216 -0.7632
vt 0.6216 -0.7695
vt 0.6296 -0.7695
vt 0.6296 -0.7632
vt 0.6216 -0.7759
vt 0.6216 -0.7822
vt 0.6296 -0.7822
vt 0.6296 -0.7759
vt 0.6699 -0.7632
vt 0.6699 -0.7695
vt 0.6890 -0.7694
vt 0.6888 -0.7630
vt 0.6538 -0.7632
vt 0.6538 -0.7695
vt 0.6619 -0.7695
vt 0.6619 -0.7632
vt 0.6538 -0.7759
vt 0.6538 -0.7822
vt 0.6619 -0.7822
vt 0.6619 -0.7759
vt 0.5447 -0.3175
vt 0.5447 -0.4804
vt 0.5528 -0.4804
vt 0.5528 -0.3175
vt 0.5286 -0.3175
vt 0.5286 -0.4804
vt 0.5366 -0.4804
vt 0.5366 -0.3175
vt 0.5286 -0.6434
vt 0.5286 -0.8148
vt 0.5366 -0.8148
vt 0.5366 -0.6434
vt 0.5447 0.3345
vt 0.5447 0.1715
vt 0.5528 0.1715
vt 0.5528 0.3345
vt 0.5286 0.3345
vt 0.5286 0.1715
vt 0.5366 0.1715
vt 0.5366 0.3345
vt 0.5286 0.0085
vt 0.5286 -0.1545
vt 0.5366 -0.1545
vt 0.5366 0.0085
vt 0.5769 0.3345
vt 0.5769 0.1715
vt 0.5952 0.1715
vt 0.5970 0.3345
vt 0.5608 0.3345
vt 0.5608 0.1715
vt 0.5689 0.1715
vt 0.5689 0.3345
vt 0.5608 0.0085
vt 0.5608 -0.1545
vt 0.5689 -0.1545
vt 0.5689 0.0085
vt 0.6352 -0.6702
vt 0.6352 -0.6764
vt 0.6433 -0.6764
vt 0.6433 -0.6702
vt 0.6191 -0.6702
vt 0.6191 -0.6764
vt 0.6272 -0.6764
vt 0.6272 -0.6702
vt 0.6191 -0.6830
vt 0.6191 -0.6970
vt 0.6272 -0.6970
vt 0.6272 -0.6830
vt 0.6352 -0.6449
vt 0.6352 -0.6511
vt 0.6433 -0.6511
vt 0.6433 -0.6449
vt 0.6191 -0.6449
vt 0.6191 -0.6511
vt 0.6272 -0.6511
vt 0.6272 -0.6449
vt 0.6191 -0.6575
vt 0.6191 -0.6637
vt 0.6272 -0.6637
vt 0.6272 -0.6575
vt 0.6674 -0.6449
vt 0.6674 -0.6511
vt 0.6880 -0.6513
vt 0.6854 -0.6451
vt 0.6513 -0.6449
vt 0.6513 -0.6511
vt 0.6594 -0.6511
vt 0.6594 -0.6449
vt 0.6513 -0.6575
vt 0.6513 -0.6637
vt 0.6594 -0.6637
vt 0.6594 -0.6575
vt 0.4479 -0.3168
vt 0.4479 -0.4798
vt 0.4559 -0.4798
vt 0.4559 -0.3168
vt 0.4317 -0.3168
vt 0.4317 -0.4798
vt 0.4398 -0.4798
vt 0.4398 -0.3168
vt 0.4317 -0.6427
vt 0.4317 -0.8148
vt 0.4398 -0.8148
vt 0.4398 -0.6427
vt 0.4479 0.3352
vt 0.4479 0.1722
vt 0.4559 0.1722
vt 0.4559 0.3352
vt 0.4317 0.3352
vt 0.4317 0.1722
vt 0.4398 0.1722
vt 0.4398 0.3352
vt 0.4317 0.0092
vt 0.4317 -0.1538
vt 0.4398 -0.1538
vt 0.4398 0.0092
vt 0.4801 0.3352
vt 0.4801 0.1722
vt 0.4980 0.1722
vt 0.5062 0.3352
vt 0.4640 0.3352
vt 0.4640 0.1722
vt 0.4720 0.1722
vt 0.4720 0.3352
vt 0.4640 0.0092
vt 0.4640 -0.1538
vt 0.4720 -0.1538
vt 0.4720 0.0092
vt 0.0989 0.0101
vt 0.0900 0.0101
vt 0.0905 -0.1529
vt 0.0993 -0.1529
vt 0.0980 0.3361
vt 0.0891 0.3361
vt 0.0895 0.1731
vt 0.0984 0.1731
vt 0.0802 0.3361
vt 0.0592 0.3360
vt 0.0615 0.1730
vt 0.0806 0.1731
vt 0.1344 0.0102
vt 0.1255 0.0102
vt 0.1260 -0.1528
vt 0.1349 -0.1528
vt 0.1335 0.3361
vt 0.1246 0.3361
vt 0.1251 0.1731
vt 0.1339 0.1731
vt 0.1157 0.3361
vt 0.1069 0.3361
vt 0.1073 0.1731
vt 0.1162 0.1731
vt 0.1362 -0.6418
vt 0.1274 -0.6418
vt 0.1278 -0.8125
vt 0.1367 -0.8143
vt 0.1353 -0.3158
vt 0.1265 -0.3158
vt 0.1269 -0.4788
vt 0.1358 -0.4788
vt 0.1176 -0.3158
vt 0.1087 -0.3158
vt 0.1092 -0.4788
vt 0.1180 -0.4788
vt 0.2689 0.0120
vt 0.2600 0.0120
vt 0.2596 -0.1510
vt 0.2685 -0.1510
vt 0.2699 0.3380
vt 0.2610 0.3380
vt 0.2605 0.1750
vt 0.2694 0.1750
vt 0.2521 0.3380
vt 0.2346 0.3380
vt 0.2313 0.1750
vt 0.2516 0.1750
vt 0.3045 0.0119
vt 0.2956 0.0119
vt 0.2951 -0.1510
vt 0.3040 -0.1510
vt 0.3054 0.3379
vt 0.2965 0.3379
vt 0.2961 0.1749
vt 0.3049 0.1749
vt 0.2876 0.3379
vt 0.2788 0.3379
vt 0.2783 0.1750
vt 0.2872 0.1749
vt 0.3027 -0.6400
vt 0.2938 -0.6400
vt 0.2933 -0.8108
vt 0.3022 -0.8107
vt 0.3036 -0.3140
vt 0.2947 -0.3140
vt 0.2942 -0.4770
vt 0.3031 -0.4770
vt 0.2858 -0.3140
vt 0.2769 -0.3140
vt 0.2765 -0.4770
vt 0.2853 -0.4770
vt 0.3400 0.0119
vt 0.3311 0.0119
vt 0.3307 -0.1511
vt 0.3396 -0.1511
vt 0.3410 0.3378
vt 0.3321 0.3379
vt 0.3316 0.1749
vt 0.3405 0.1749
vt 0.3232 0.3379
vt 0.3143 0.3379
vt 0.3138 0.1749
vt 0.3227 0.1749
vt 0.3756 0.0118
vt 0.3667 0.0118
vt 0.3662 -0.1511
vt 0.3751 -0.1512
vt 0.3765 0.3378
vt 0.3676 0.3378
vt 0.3671 0.1748
vt 0.3760 0.1748
vt 0.3587 0.3378
vt 0.3498 0.3378
vt 0.3494 0.1749
vt 0.3583 0.1748
vt 0.3737 -0.6401
vt 0.3649 -0.6401
vt 0.3644 -0.8107
vt 0.3733 -0.8126
vt 0.3747 -0.3141
vt 0.3658 -0.3141
vt 0.3653 -0.4771
vt 0.3742 -0.4771
vt 0.3569 -0.3141
vt 0.3480 -0.3141
vt 0.3475 -0.4771
vt 0.3564 -0.4771
vt 0.3437 1.3157
vt 0.3348 1.3158
vt 0.3344 1.1528
vt 0.3432 1.1528
vt 0.3446 1.6417
vt 0.3358 1.6417
vt 0.3353 1.4787
vt 0.3442 1.4787
vt 0.3269 1.6417
vt 0.3180 1.6418
vt 0.3175 1.4788
vt 0.3264 1.4788
vt 0.3793 1.3157
vt 0.3704 1.3157
vt 0.3699 1.1527
vt 0.3788 1.1527
vt 0.3802 1.6417
vt 0.3713 1.6417
vt 0.3708 1.4787
vt 0.3797 1.4787
vt 0.3624 1.6417
vt 0.3535 1.6417
vt 0.3531 1.4787
vt 0.3619 1.4787
vt 0.3774 0.6638
vt 0.3685 0.6638
vt 0.3681 0.5008
vt 0.3770 0.5008
vt 0.3783 0.9897
vt 0.3695 0.9897
vt 0.3690 0.8268
vt 0.3779 0.8267
vt 0.3606 0.9898
vt 0.3517 0.9898
vt 0.3512 0.8268
vt 0.3601 0.8268
vt 0.2726 1.3159
vt 0.2637 1.3159
vt 0.2633 1.1529
vt 0.2722 1.1529
vt 0.2735 1.6418
vt 0.2647 1.6418
vt 0.2642 1.4788
vt 0.2731 1.4788
vt 0.2558 1.6418
vt 0.2364 1.6419
vt 0.2381 1.4789
vt 0.2553 1.4789
vt 0.3082 1.3158
vt 0.2993 1.3158
vt 0.2988 1.1528
vt 0.3077 1.1528
vt 0.3091 1.6418
vt 0.3002 1.6418
vt 0.2997 1.4788
vt 0.3086 1.4788
vt 0.2913 1.6418
vt 0.2824 1.6418
vt 0.2820 1.4788
vt 0.2909 1.4788
vt 0.3063 0.6639
vt 0.2974 0.6639
vt 0.2970 0.5009
vt 0.3059 0.5009
vt 0.3073 0.9898
vt 0.2984 0.9898
vt 0.2979 0.8269
vt 0.3068 0.8269
vt 0.2895 0.9899
vt 0.2806 0.9899
vt 0.2801 0.8269
vt 0.2890 0.8269
vt 0.1699 0.0102
vt 0.1611 0.0102
vt 0.1615 -0.1528
vt 0.1704 -0.1528
vt 0.1690 0.3362
vt 0.1601 0.3362
vt 0.1606 0.1732
vt 0.1695 0.1732
vt 0.1513 0.3362
vt 0.1424 0.3361
vt 0.1428 0.1732
vt 0.1517 0.1732
vt 0.2055 0.0103
vt 0.1966 0.0103
vt 0.1971 -0.1527
vt 0.2060 -0.1527
vt 0.2045 0.3362
vt 0.1956 0.3362
vt 0.1961 0.1732
vt 0.2050 0.1733
vt 0.1868 0.3362
vt 0.1779 0.3362
vt 0.1784 0.1732
vt 0.1872 0.1732
vt 0.2073 -0.6417
vt 0.1984 -0.6417
vt 0.1989 -0.8136
vt 0.2078 -0.8108
vt 0.2064 -0.3157
vt 0.1975 -0.3157
vt 0.1980 -0.4787
vt 0.2069 -0.4787
vt 0.1887 -0.3157
vt 0.1798 -0.3157
vt 0.1802 -0.4787
vt 0.1891 -0.4787
vt 0.1663 1.3141
vt 0.1574 1.3141
vt 0.1578 1.1511
vt 0.1667 1.1511
vt 0.1653 1.6401
vt 0.1564 1.6400
vt 0.1569 1.4771
vt 0.1658 1.4771
vt 0.1475 1.6400
vt 0.1387 1.6400
vt 0.1391 1.4770
vt 0.1480 1.4770
vt 0.2018 1.3141
vt 0.1929 1.3141
vt 0.1933 1.1511
vt 0.2022 1.1512
vt 0.2008 1.6401
vt 0.1919 1.6401
vt 0.1924 1.4771
vt 0.2013 1.4771
vt 0.1831 1.6401
vt 0.1742 1.6401
vt 0.1747 1.4771
vt 0.1835 1.4771
vt 0.2036 0.6622
vt 0.1947 0.6622
vt 0.1952 0.4992
vt 0.2041 0.4992
vt 0.2027 0.9882
vt 0.1938 0.9882
vt 0.1943 0.8252
vt 0.2032 0.8252
vt 0.1849 0.9881
vt 0.1760 0.9881
vt 0.1765 0.8251
vt 0.1854 0.8252
vt 0.0952 1.3140
vt 0.0863 1.3140
vt 0.0867 1.1510
vt 0.0956 1.1510
vt 0.0942 1.6399
vt 0.0853 1.6399
vt 0.0858 1.4770
vt 0.0947 1.4770
vt 0.0765 1.6399
vt 0.0588 1.6399
vt 0.0598 1.4769
vt 0.0769 1.4769
vt 0.1307 1.3140
vt 0.1218 1.3140
vt 0.1223 1.1510
vt 0.1312 1.1510
vt 0.1298 1.6400
vt 0.1209 1.6400
vt 0.1213 1.4770
vt 0.1302 1.4770
vt 0.1120 1.6400
vt 0.1031 1.6400
vt 0.1036 1.4770
vt 0.1124 1.4770
vt 0.1325 0.6621
vt 0.1237 0.6621
vt 0.1242 0.4991
vt 0.1330 0.4991
vt 0.1316 0.9881
vt 0.1227 0.9881
vt 0.1232 0.8251
vt 0.1321 0.8251
vt 0.1138 0.9880
vt 0.1050 0.9880
vt 0.1054 0.8250
vt 0.1143 0.8251
vt 0.4479 0.9871
vt 0.4479 0.8241
vt 0.4559 0.8241
vt 0.4559 0.9871
vt 0.4317 0.9871
vt 0.4317 0.8241
vt 0.4398 0.8241
vt 0.4398 0.9871
vt 0.4317 0.6611
vt 0.4317 0.4982
vt 0.4398 0.4982
vt 0.4398 0.6611
vt 0.4479 1.6390
vt 0.4479 1.4761
vt 0.4559 1.4761
vt 0.4559 1.6390
vt 0.4317 1.6390
vt 0.4317 1.4761
vt 0.4398 1.4761
vt 0.4398 1.6390
vt 0.4317 1.3131
vt 0.4317 1.1501
vt 0.4398 1.1501
vt 0.4398 1.3131
vt 0.4801 1.6390
vt 0.4801 1.4761
vt 0.5021 1.4761
vt 0.5006 1.6390
vt 0.4640 1.6390
vt 0.4640 1.4761
vt 0.4720 1.4761
vt 0.4720 1.6390
vt 0.4640 1.3131
vt 0.4640 1.1501
vt 0.4720 1.1501
vt 0.4720 1.3131
vt 0.6352 -0.6193
vt 0.6352 -0.6259
vt 0.6433 -0.6259
vt 0.6433 -0.6193
vt 0.6191 -0.6193
vt 0.6191 -0.6259
vt 0.6272 -0.6259
vt 0.6272 -0.6193
vt 0.6191 -0.6321
vt 0.6191 -0.6385
vt 0.6272 -0.6385
vt 0.6272 -0.6321
vt 0.6352 -0.5941
vt 0.6352 -0.6005
vt 0.6433 -0.6005
vt 0.6433 -0.5941
vt 0.6191 -0.5941
vt 0.6191 -0.6005
vt 0.6272 -0.6005
vt 0.6272 -0.5941
vt 0.6191 -0.6069
vt 0.6191 -0.6130
vt 0.6272 -0.6130
vt 0.6272 -0.6069
vt 0.6674 -0.5941
vt 0.6674 -0.6005
vt 0.6867 -0.6007
vt 0.6886 -0.5943
vt 0.6513 -0.5941
vt 0.6513 -0.6005
vt 0.6594 -0.6005
vt 0.6594 -0.5941
vt 0.6513 -0.6069
vt 0.6513 -0.6130
vt 0.6594 -0.6130
vt 0.6594 -0.6069
vt 0.5447 0.9864
vt 0.5447 0.8234
vt 0.5528 0.8234
vt 0.5528 0.9864
vt 0.5286 0.9864
vt 0.5286 0.8234
vt 0.5366 0.8234
vt 0.5366 0.9864
vt 0.5286 0.6605
vt 0.5286 0.4975
vt 0.5366 0.4975
vt 0.5366 0.6605
vt 0.5447 1.6384
vt 0.5447 1.4754
vt 0.5528 1.4754
vt 0.5528 1.6384
vt 0.5286 1.6384
vt 0.5286 1.4754
vt 0.5366 1.4754
vt 0.5366 1.6384
vt 0.5286 1.3124
vt 0.5286 1.1494
vt 0.5366 1.1494
vt 0.5366 1.3124
vt 0.5769 1.6384
vt 0.5769 1.4754
vt 0.5932 1.4754
vt 0.5937 1.6384
vt 0.5608 1.6384
vt 0.5608 1.4754
vt 0.5689 1.4754
vt 0.5689 1.6384
vt 0.5608 1.3124
vt 0.5608 1.1494
vt 0.5689 1.1494
vt 0.5689 1.3124
vt 0.6377 -0.7379
vt 0.6377 -0.7441
vt 0.6458 -0.7441
vt 0.6458 -0.7379
vt 0.6216 -0.7379
vt 0.6216 -0.7441
vt 0.6296 -0.7441
vt 0.6296 -0.7379
vt 0.6216 -0.7506
vt 0.6216 -0.7571
vt 0.6296 -0.7571
vt 0.6296 -0.7506
vt 0.6377 -0.7126
vt 0.6377 -0.7188
vt 0.6458 -0.7188
vt 0.6458 -0.7126
vt 0.6216 -0.7126
vt 0.6216 -0.7188
vt 0.6296 -0.7188
vt 0.6296 -0.7126
vt 0.6216 -0.7252
vt 0.6216 -0.7316
vt 0.6296 -0.7316
vt 0.6296 -0.7252
vt 0.6699 -0.7126
vt 0.6699 -0.7188
vt 0.6887 -0.7187
vt 0.6914 -0.7124
vt 0.6538 -0.7126
vt 0.6538 -0.7188
vt 0.6619 -0.7188
vt 0.6619 -0.7126
vt 0.6538 -0.7252
vt 0.6538 -0.7316
vt 0.6619 -0.7316
vt 0.6619 -0.7252
vt 0.6699 -0.7379
vt 0.6699 -0.7441
vt 0.6871 -0.7440
vt 0.6897 -0.7377
vt 0.6538 -0.7379
vt 0.6538 -0.7441
vt 0.6619 -0.7441
vt 0.6619 -0.7379
vt 0.6538 -0.7506
vt 0.6538 -0.7571
vt 0.6619 -0.7571
vt 0.6619 -0.7506
vt 0.5769 0.9864
vt 0.5769 0.8234
vt 0.5964 0.8234
vt 0.5953 0.9864
vt 0.5608 0.9864
vt 0.5608 0.8234
vt 0.5689 0.8234
vt 0.5689 0.9864
vt 0.5608 0.6605
vt 0.5608 0.4975
vt 0.5689 0.4975
vt 0.5689 0.6605
vt 0.6674 -0.6193
vt 0.6674 -0.6259
vt 0.6864 -0.6261
vt 0.6895 -0.6196
vt 0.6513 -0.6193
vt 0.6513 -0.6259
vt 0.6594 -0.6259
vt 0.6594 -0.6193
vt 0.6513 -0.6321
vt 0.6513 -0.6385
vt 0.6594 -0.6385
vt 0.6594 -0.6321
vt 0.4801 0.9871
vt 0.4801 0.8241
vt 0.5008 0.8241
vt 0.4998 0.9871
vt 0.4640 0.9871
vt 0.4640 0.8241
vt 0.4720 0.8241
vt 0.4720 0.9871
vt 0.4640 0.6611
vt 0.4640 0.4982
vt 0.4720 0.4982
vt 0.4720 0.6611
vt 0.0970 0.6620
vt 0.0881 0.6620
vt 0.0886 0.4991
vt 0.0975 0.4991
vt 0.0961 0.9880
vt 0.0872 0.9880
vt 0.0877 0.8250
vt 0.0966 0.8250
vt 0.0783 0.9880
vt 0.0591 0.9880
vt 0.0584 0.8250
vt 0.0788 0.8250
vt 0.1681 0.6622
vt 0.1592 0.6621
vt 0.1597 0.4992
vt 0.1686 0.4992
vt 0.1671 0.9881
vt 0.1583 0.9881
vt 0.1587 0.8251
vt 0.1676 0.8251
vt 0.1494 0.9881
vt 0.1405 0.9881
vt 0.1410 0.8251
vt 0.1498 0.8251
vt 0.1718 -0.6417
vt 0.1629 -0.6417
vt 0.1634 -0.8136
vt 0.1723 -0.8128
vt 0.1709 -0.3157
vt 0.1620 -0.3158
vt 0.1624 -0.4787
vt 0.1713 -0.4787
vt 0.1531 -0.3158
vt 0.1442 -0.3158
vt 0.1447 -0.4788
vt 0.1536 -0.4788
vt 0.2708 0.6639
vt 0.2619 0.6639
vt 0.2614 0.5009
vt 0.2703 0.5009
vt 0.2717 0.9899
vt 0.2628 0.9899
vt 0.2624 0.8269
vt 0.2712 0.8269
vt 0.2539 0.9899
vt 0.2352 0.9899
vt 0.2344 0.8270
vt 0.2535 0.8269
vt 0.3419 0.6638
vt 0.3330 0.6638
vt 0.3325 0.5008
vt 0.3414 0.5008
vt 0.3428 0.9898
vt 0.3339 0.9898
vt 0.3334 0.8268
vt 0.3423 0.8268
vt 0.3250 0.9898
vt 0.3161 0.9898
vt 0.3157 0.8268
vt 0.3246 0.8268
vt 0.3382 -0.6401
vt 0.3293 -0.6400
vt 0.3288 -0.8095
vt 0.3377 -0.8114
vt 0.3391 -0.3141
vt 0.3302 -0.3141
vt 0.3298 -0.4771
vt 0.3387 -0.4771
vt 0.3213 -0.3141
vt 0.3125 -0.3140
vt 0.3120 -0.4770
vt 0.3209 -0.4770
vt 0.2671 -0.6399
vt 0.2582 -0.6399
vt 0.2578 -0.8114
vt 0.2666 -0.8128
vt 0.2680 -0.3140
vt 0.2591 -0.3140
vt 0.2587 -0.4770
vt 0.2676 -0.4770
vt 0.2503 -0.3140
vt 0.2305 -0.3139
vt 0.2327 -0.4769
vt 0.2498 -0.4769
vt 0.1007 -0.6418
vt 0.0919 -0.6418
vt 0.0923 -0.8128
vt 0.1012 -0.8119
vt 0.0998 -0.3159
vt 0.0909 -0.3159
vt 0.0914 -0.4788
vt 0.1002 -0.4788
vt 0.0820 -0.3159
vt 0.0630 -0.3159
vt 0.0652 -0.4789
vt 0.0825 -0.4789
vt 0.4801 -0.3168
vt 0.4801 -0.4798
vt 0.5085 -0.4797
vt 0.4988 -0.3168
vt 0.4640 -0.3168
vt 0.4640 -0.4798
vt 0.4720 -0.4798
vt 0.4720 -0.3168
vt 0.4640 -0.6427
vt 0.4640 -0.8148
vt 0.4720 -0.8148
vt 0.4720 -0.6427
vt 0.6674 -0.6702
vt 0.6674 -0.6764
vt 0.6881 -0.6767
vt 0.6862 -0.6704
vt 0.6513 -0.6702
vt 0.6513 -0.6764
vt 0.6594 -0.6764
vt 0.6594 -0.6702
vt 0.6513 -0.6830
vt 0.6513 -0.6970
vt 0.6594 -0.6970
vt 0.6594 -0.6830
vt 0.5769 -0.3175
vt 0.5769 -0.4804
vt 0.5933 -0.4804
vt 0.5951 -0.3175
vt 0.5608 -0.3175
vt 0.5608 -0.4804
vt 0.5689 -0.4804
vt 0.5689 -0.3175
vt 0.5608 -0.6434
vt 0.5608 -0.8148
vt 0.5689 -0.8148
vt 0.5689 -0.6434
vt 0.6699 -0.7887
vt 0.6699 -0.7949
vt 0.6899 -0.7948
vt 0.6918 -0.7885
vt 0.6538 -0.7887
vt 0.6538 -0.7949
vt 0.6619 -0.7949
vt 0.6619 -0.7887
vt 0.6538 -0.8013
vt 0.6538 -0.8148
vt 0.6619 -0.8148
vt 0.6619 -0.8013
vt 0.6538 -0.6970
vt 0.6619 -0.6970
vt 0.6458 -0.6970
vt 0.6699 -0.6970
vt 0.6883 -0.6986
vt 0.6028 -0.7187
vt 0.6026 -0.7250
vt 0.5989 -0.7315
vt 0.6216 -0.6970
vt 0.6296 -0.6970
vt 0.6032 -0.6986
vt 0.6002 -0.7124
vt 0.6377 -0.6970
vt 0.6044 -0.7440
vt 0.6005 -0.7504
vt 0.5970 -0.7569
vt 0.6019 -0.7377
vt 0.5608 1.8087
vt 0.5689 1.8087
vt 0.5528 1.8087
vt 0.5769 1.8087
vt 0.5934 1.8074
vt 0.5123 1.4754
vt 0.5097 1.3124
vt 0.5115 1.1494
vt 0.5286 1.8087
vt 0.5366 1.8087
vt 0.5121 1.8074
vt 0.5118 1.6384
vt 0.5447 1.8087
vt 0.5091 0.8234
vt 0.5119 0.6605
vt 0.5105 0.4975
vt 0.5102 0.9864
vt 0.6513 -0.5797
vt 0.6594 -0.5797
vt 0.6433 -0.5797
vt 0.6674 -0.5797
vt 0.6851 -0.5813
vt 0.5999 -0.6007
vt 0.6011 -0.6071
vt 0.5974 -0.6133
vt 0.6191 -0.5797
vt 0.6272 -0.5797
vt 0.6015 -0.5813
vt 0.5979 -0.5943
vt 0.6352 -0.5797
vt 0.6002 -0.6261
vt 0.5977 -0.6323
vt 0.5989 -0.6387
vt 0.5970 -0.6196
vt 0.4640 1.8096
vt 0.4720 1.8096
vt 0.4559 1.8096
vt 0.4801 1.8096
vt 0.4968 1.8082
vt 0.4098 1.4761
vt 0.4089 1.3131
vt 0.4114 1.1501
vt 0.4317 1.8096
vt 0.4398 1.8096
vt 0.4150 1.8082
vt 0.4113 1.6390
vt 0.4479 1.8096
vt 0.4110 0.8241
vt 0.4110 0.6611
vt 0.4120 0.4982
vt 0.4120 0.9871
vt 0.1204 1.8108
vt 0.1115 1.8112
vt 0.1026 1.8109
vt 0.1382 1.8148
vt 0.1292 1.8107
vt 0.0848 1.8114
vt 0.0759 1.8124
vt 0.0586 1.8089
vt 0.0937 1.8128
vt 0.2215 0.9882
vt 0.2218 0.8252
vt 0.2230 1.1512
vt 0.2305 0.6622
vt 0.2246 0.4992
vt 0.1914 1.8107
vt 0.1826 1.8109
vt 0.1737 1.8135
vt 0.2222 1.6401
vt 0.2305 1.4772
vt 0.2196 1.8105
vt 0.2003 1.8126
vt 0.2213 1.3142
vt 0.1559 1.8095
vt 0.1470 1.8123
vt 0.1648 1.8114
vt 0.2301 -0.3157
vt 0.2297 -0.4786
vt 0.2271 -0.1527
vt 0.2286 -0.6416
vt 0.2254 -0.8108
vt 0.2261 0.3363
vt 0.2265 0.1733
vt 0.2260 0.0103
vt 0.3007 1.8125
vt 0.2918 1.8148
vt 0.2829 1.8145
vt 0.3185 1.8134
vt 0.3096 1.8143
vt 0.2652 1.8128
vt 0.2563 1.8142
vt 0.2378 1.8117
vt 0.2740 1.8119
vt 0.3989 0.9897
vt 0.3994 0.8267
vt 0.3999 1.1527
vt 0.3990 0.6637
vt 0.3975 0.5008
vt 0.3718 1.8136
vt 0.3629 1.8123
vt 0.3540 1.8147
vt 0.4015 1.6416
vt 0.4025 1.4786
vt 0.3982 1.8108
vt 0.3807 1.8108
vt 0.4029 1.3157
vt 0.3362 1.8136
vt 0.3274 1.8118
vt 0.3451 1.8128
vt 0.3942 -0.3142
vt 0.4034 -0.4772
vt 0.3959 -0.1512
vt 0.3951 -0.6401
vt 0.3925 -0.8105
vt 0.4034 0.3378
vt 0.3948 0.1748
vt 0.3944 0.0118
vt 0.4139 0.1722
vt 0.4138 0.0092
vt 0.4118 -0.1538
vt 0.4057 0.3352
vt 0.4034 -0.4797
vt 0.4112 -0.6427
vt 0.4133 -0.8131
vt 0.4130 -0.3168
vt 0.5985 -0.6513
vt 0.5997 -0.6577
vt 0.5971 -0.6639
vt 0.6011 -0.6451
vt 0.5985 -0.6767
vt 0.6025 -0.6832
vt 0.6023 -0.6957
vt 0.6004 -0.6704
vt 0.5103 0.1715
vt 0.5107 0.0085
vt 0.5114 -0.1545
vt 0.5085 0.3345
vt 0.5122 -0.4804
vt 0.5101 -0.6434
vt 0.5110 -0.8132
vt 0.5104 -0.3175
vt 0.6025 -0.7694
vt 0.6020 -0.7757
vt 0.6024 -0.7821
vt 0.6027 -0.7630
vt 0.6017 -0.7948
vt 0.6002 -0.8012
vt 0.6051 -0.8134
vt 0.5998 -0.7885
vn -0.8990 -0.2519 -0.3582
vn 0.0085 -0.2274 -0.9738
vn 0.9766 -0.2119 0.0357
vn -0.0151 -0.2433 0.9698
vn 0.0031 -0.9898 -0.1425
vn -0.0109 0.9401 -0.3407
vn -0.0045 0.9581 0.2864
vn 0.0081 0.9850 -0.1721
vn -0.0130 0.9718 -0.2353
vn 0.0071 -1.0000 0.0051
vn -0.0097 -0.9991 -0.0412
vn 0.0034 -0.9549 -0.2968
vn -0.0057 -0.3081 0.9513
vn 0.9362 -0.3086 0.1682
vn -0.0074 -0.2771 -0.9608
vn -0.8482 -0.2951 0.4398
vn -0.8438 -0.2784 0.4588
vn -0.8664 0.0000 0.4993
vn -0.8774 0.0000 0.4797
vn 0.0101 -0.2847 -0.9586
vn 0.0113 0.0000 -0.9999
vn -0.0083 0.0000 -1.0000
vn 0.8460 -0.2703 -0.4595
vn 0.8660 0.0000 -0.5000
vn 0.9823 0.0000 0.1871
vn -0.0140 -0.3192 0.9476
vn -0.0156 0.0000 0.9999
vn -0.0064 0.0000 1.0000
vn -0.0108 -0.9994 0.0338
vn 0.0209 -0.9986 -0.0477
vn 0.0043 -0.9615 -0.2747
vn -0.0045 -0.9952 0.0976
vn 0.0104 -0.9932 0.1163
vn 0.0012 -0.9996 -0.0292
vn 0.0060 -0.9743 0.2254
vn 0.0129 -0.9981 -0.0595
vn 0.0075 -0.9926 0.1214
vn -0.0096 0.9986 0.0516
vn -0.0089 0.9346 -0.3555
vn 0.0060 0.9654 -0.2605
vn 0.0063 0.9849 0.1727
vn -0.0239 0.9946 -0.1011
vn -0.0047 0.9841 0.1775
vn -0.0072 0.9841 0.1772
vn -0.0094 0.9917 -0.1280
vn -0.0039 0.9993 0.0374
vn -0.0182 0.9998 -0.0106
vn 0.0026 0.9985 -0.0542
vn -0.0100 0.9322 -0.3619
vn 0.0184 -0.9998 -0.0072
vn 0.0052 -0.9969 -0.0786
vn -0.0001 -0.9408 -0.3389
vn 0.0110 -0.2956 0.9552
vn 0.0122 0.0000 0.9999
vn -0.0205 0.0000 0.9998
vn 0.8898 -0.2924 -0.3503
vn 0.9228 0.0000 -0.3852
vn 0.9971 0.0000 0.0760
vn 0.0040 -0.2789 -0.9603
vn 0.0045 0.0000 -1.0000
vn 0.0129 0.0000 -0.9999
vn -0.9523 -0.2990 -0.0614
vn -0.9977 0.0000 -0.0685
vn -0.9133 0.0000 -0.4072
vn -0.9569 0.0000 -0.2905
vn -0.9995 0.0000 0.0310
vn -0.9550 -0.2954 0.0277
vn 0.0108 0.0000 -0.9999
vn 0.0115 0.0000 -0.9999
vn 0.0103 -0.2978 -0.9546
vn 0.9564 0.0000 -0.2919
vn 0.9245 0.0000 -0.3811
vn 0.8953 -0.2800 -0.3464
vn 0.0595 0.0000 0.9982
vn -0.0506 0.0000 0.9987
vn -0.0454 -0.3220 0.9456
vn -0.0006 -0.9947 0.1033
vn 0.0085 -0.9997 -0.0212
vn 0.0107 -0.9680 -0.2508
vn 0.0013 -0.9841 0.1778
vn -0.0003 -1.0000 -0.0072
vn 0.0067 -0.9907 0.1358
vn 0.0080 -0.9947 -0.1029
vn 0.0083 -0.9747 0.2235
vn 0.0065 -0.9897 -0.1427
vn -0.0033 0.9982 0.0593
vn 0.0081 0.9596 -0.2811
vn 0.0012 0.9611 -0.2761
vn 0.0096 0.9999 -0.0106
vn 0.0046 0.9983 -0.0582
vn 0.0087 0.9945 0.1042
vn -0.0158 0.9978 -0.0640
vn -0.0073 0.9501 -0.3120
vn -0.0225 0.9604 0.2779
vn -0.0041 0.9289 0.3702
vn 0.0055 0.9997 0.0242
vn -0.0031 0.9963 0.0856
vn -0.0144 0.9801 -0.1980
vn 0.0079 0.9957 -0.0928
vn 0.0082 0.9999 -0.0112
vn -0.0053 0.9868 -0.1621
vn -0.0060 0.9995 0.0300
vn -0.0045 0.9646 0.2635
vn -0.0142 0.9840 0.1777
vn 0.0052 0.9991 0.0415
vn 0.0165 0.9979 -0.0633
vn 0.0066 0.9973 -0.0738
vn 0.0026 0.9972 -0.0748
vn 0.0014 0.9983 0.0590
vn 0.0123 0.9974 -0.0715
vn -0.0017 0.9999 -0.0169
vn -0.0038 0.9950 0.0997
vn 0.0004 0.9685 0.2489
vn -0.0085 0.9727 0.2319
vn 0.0113 0.9241 -0.3819
vn -0.0126 0.9811 0.1929
vn 0.0065 0.9934 0.1149
vn -0.0051 0.9912 0.1322
vn 0.0091 0.9844 0.1758
vn 0.0032 0.9936 0.1132
vn -0.0001 0.9995 0.0317
vn 0.0015 -0.9990 0.0450
vn -0.0016 -0.9972 0.0749
vn 0.0151 -0.9982 -0.0588
vn -0.0106 -0.9889 -0.1480
vn -0.0012 -0.9965 -0.0840
vn -0.0035 -0.9844 0.1757
vn 0.0065 -0.9870 0.1608
vn 0.0056 -0.9986 0.0528
vn 0.0171 -0.9992 -0.0358
vn 0.0204 -0.9483 -0.3167
vn 0.0135 -0.9995 0.0291
vn 0.0054 -0.9970 0.0768
vn 0.0017 -0.9995 0.0331
vn 0.0031 -0.9978 -0.0666
vn 0.0004 -0.9646 0.2639
vn -0.0086 -0.9924 -0.1224
vn 0.0068 -0.9803 -0.1973
vn -0.0039 -0.9652 -0.2616
vn 0.0122 -0.8888 -0.4582
vn -0.0023 -0.9999 0.0130
vn 0.0074 -0.9185 -0.3953
vn -0.0019 -0.9844 -0.1762
vn 0.0052 -0.9900 -0.1412
vn 0.0046 -0.9846 0.1750
vn -0.0137 -0.9860 0.1659
vn -0.0074 -0.9927 -0.1204
vn -0.0059 -0.9953 0.0966
vn 0.0062 0.0000 1.0000
vn 0.0091 0.0000 1.0000
vn 0.0082 -0.3165 0.9486
vn 0.8948 0.0000 0.4465
vn 0.9557 0.0000 0.2944
vn 0.8660 0.0000 -0.5001
vn 0.9173 -0.2963 0.2661
vn -0.0068 0.0000 -1.0000
vn 0.0031 0.0000 -1.0000
vn 0.0028 -0.2656 -0.9641
vn -0.9263 0.0000 -0.3768
vn -0.9210 0.0000 -0.3896
vn -0.8901 -0.2867 -0.3544
vn -0.8992 -0.2725 -0.3424
vn -0.0061 -0.2952 -0.9554
vn 0.8679 -0.2831 0.4081
vn 0.0056 -0.3077 0.9515
vn 0.0046 -0.9944 -0.1060
vn 0.0065 -0.9899 0.1414
vn 0.0068 -0.9598 -0.2806
vn -0.0131 -0.9830 0.1833
vn 0.0014 -0.9447 0.3279
vn 0.0068 -0.9769 0.2137
vn 0.0042 -0.9987 0.0501
vn 0.0167 -0.9613 0.2749
vn -0.0040 -0.9999 0.0160
vn -0.0168 0.9979 0.0630
vn -0.0064 0.9918 -0.1276
vn -0.0018 0.9653 -0.2613
vn 0.0151 0.9899 0.1411
vn -0.0052 0.9812 0.1929
vn -0.0177 0.9992 -0.0346
vn -0.0210 0.9997 0.0096
vn -0.0270 0.9038 -0.4270
vn -0.0079 0.9995 0.0307
vn -0.0113 0.9889 -0.1485
vn -0.0203 0.9705 -0.2402
vn -0.0073 0.9591 -0.2828
vn 0.0312 -0.9927 0.1163
vn 0.0037 -0.9802 0.1978
vn -0.0128 -0.9234 -0.3837
vn 0.0533 -0.3331 0.9414
vn 0.9194 -0.2919 -0.2638
vn 0.0097 -0.2760 -0.9611
vn -0.9163 -0.3026 -0.2625
vn -0.9732 0.0000 0.2299
vn -0.9193 0.0000 0.3935
vn -0.8877 -0.2896 0.3580
vn -0.0130 0.0000 -0.9999
vn -0.0063 0.0000 -1.0000
vn -0.0056 -0.2806 -0.9598
vn 0.8437 0.0000 0.5368
vn 0.8848 0.0000 0.4660
vn 0.8601 -0.2796 0.4267
vn -0.0486 0.0000 0.9988
vn -0.0076 0.0000 1.0000
vn -0.0068 -0.2995 0.9541
vn -0.0194 -0.9990 -0.0398
vn 0.0118 -0.9362 -0.3511
vn 0.0060 -0.9654 -0.2605
vn 0.0004 -0.9957 -0.0926
vn -0.0054 -0.9961 0.0883
vn 0.0004 -0.9685 0.2489
vn 0.0248 -0.9860 -0.1649
vn -0.0067 -0.9862 -0.1655
vn -0.0085 -0.9727 0.2319
vn -0.0039 0.9830 -0.1838
vn 0.0044 0.9934 -0.1144
vn 0.0043 0.9615 -0.2747
vn -0.0290 0.9966 0.0777
vn 0.0235 0.9146 0.4037
vn 0.0122 0.8888 -0.4582
vn -0.0148 0.9924 0.1225
vn 0.0009 0.9985 -0.0543
vn -0.0023 0.9999 0.0130
vn -0.0099 0.9958 0.0912
vn -0.0014 0.9995 0.0309
vn 0.0012 0.9996 -0.0292
vn -0.0178 0.9713 0.2373
vn 0.0209 0.9170 0.3983
vn 0.0204 0.9483 -0.3167
vn -0.0072 0.9928 -0.1198
vn -0.0018 0.9873 -0.1588
vn 0.0135 0.9995 0.0291
vn -0.0141 0.9958 -0.0909
vn 0.0131 0.9998 -0.0131
vn 0.0075 0.9926 0.1214
vn -0.0035 0.9814 -0.1921
vn 0.0063 0.9921 0.1252
vn 0.0015 0.9990 0.0450
vn 0.0066 0.9980 -0.0622
vn 0.0003 0.9861 -0.1661
vn -0.0016 0.9972 0.0749
vn -0.0036 0.9993 -0.0380
vn -0.0091 0.9922 -0.1242
vn -0.0001 0.9408 -0.3389
vn -0.0063 0.9996 -0.0282
vn 0.0120 0.9977 0.0665
vn -0.0006 0.9947 0.1033
vn -0.0190 0.9667 -0.2551
vn 0.0104 0.9817 -0.1901
vn 0.0085 0.9997 -0.0212
vn 0.0114 -0.9913 -0.1313
vn -0.0188 -0.9543 -0.2984
vn -0.0047 -0.9841 0.1775
vn 0.0136 -0.9939 -0.1094
vn -0.0148 -0.9947 0.1021
vn -0.0142 -0.9840 0.1777
vn 0.0049 -0.9805 -0.1966
vn 0.0003 -0.9962 -0.0870
vn 0.0052 -0.9991 0.0415
vn 0.0086 -0.9684 -0.2491
vn -0.0043 -0.9935 -0.1136
vn -0.0039 -0.9993 0.0374
vn -0.0118 -0.9985 -0.0539
vn 0.0054 -0.9999 -0.0151
vn -0.0041 -0.9289 0.3702
vn -0.0071 -0.9989 -0.0460
vn 0.0060 -0.9983 -0.0582
vn 0.0055 -0.9997 0.0242
vn 0.0195 -0.9897 -0.1418
vn -0.0175 -0.9962 -0.0854
vn -0.0100 -0.9322 -0.3619
vn -0.0040 -0.9921 0.1254
vn 0.0025 -0.9505 0.3106
vn -0.0033 -0.9982 0.0593
vn 0.0062 -0.9979 -0.0652
vn 0.0042 -0.9833 0.1820
vn 0.0081 -0.9596 -0.2811
vn 0.0004 0.0000 1.0000
vn -0.0037 0.0000 1.0000
vn -0.0033 -0.3058 0.9521
vn 0.9287 0.0000 -0.3709
vn 0.9982 0.0000 -0.0604
vn 0.9455 -0.3210 -0.0542
vn 0.0172 0.0000 -0.9999
vn -0.0081 0.0000 -1.0000
vn -0.0072 -0.2816 -0.9595
vn -0.8481 0.0000 0.5298
vn -0.9070 0.0000 -0.4211
vn -0.8760 -0.2920 -0.3840
vn -0.9991 0.0000 0.0434
vn -0.9608 0.0000 0.2772
vn -0.9391 -0.2578 0.2271
vn -0.9548 0.2946 0.0388
vn -0.8438 0.2784 0.4588
vn -0.9391 0.2578 0.2271
vn -0.8901 0.2867 -0.3544
vn -0.8331 0.2595 0.4884
vn -0.8482 0.2951 0.4398
vn -0.8759 0.2920 -0.3840
vn -0.8992 0.2725 -0.3424
vn -0.0164 0.0000 -0.9999
vn -0.0084 0.0000 -1.0000
vn -0.0048 -0.2103 -0.9776
vn -0.0147 0.2798 -0.9600
vn 0.0101 0.2847 -0.9586
vn -0.0048 0.2103 -0.9776
vn 0.0028 0.2656 -0.9641
vn 0.0154 0.2858 -0.9582
vn -0.0074 0.2771 -0.9608
vn -0.0072 0.2816 -0.9595
vn -0.0061 0.2952 -0.9554
vn 0.9831 0.0000 0.1830
vn 0.9497 0.0000 -0.3133
vn 0.9304 -0.2548 -0.2636
vn 0.9434 0.2879 0.1645
vn 0.8460 0.2703 -0.4595
vn 0.9304 0.2548 -0.2636
vn 0.9173 0.2963 0.2661
vn 0.8960 0.2893 -0.3369
vn 0.9362 0.3086 0.1682
vn 0.9455 0.3210 -0.0542
vn 0.8679 0.2831 0.4081
vn 0.0053 0.0000 1.0000
vn 0.0291 0.0000 0.9996
vn 0.0233 -0.2418 0.9700
vn 0.0048 0.3255 0.9455
vn -0.0140 0.3192 0.9476
vn 0.0233 0.2418 0.9700
vn 0.0082 0.3165 0.9486
vn 0.0003 0.3125 0.9499
vn -0.0057 0.3081 0.9513
vn -0.0033 0.3058 0.9521
vn 0.0056 0.3077 0.9515
vn -0.0103 -0.9953 0.0962
vn 0.0149 -0.9987 0.0480
vn 0.0026 -0.9985 -0.0542
vn 0.0032 -0.9864 -0.1643
vn -0.0063 -0.9897 -0.1427
vn 0.0096 -0.9999 -0.0106
vn -0.0052 -0.9903 -0.1385
vn 0.0011 -0.9990 -0.0454
vn 0.0046 -0.9983 -0.0582
vn 0.0080 -0.9962 0.0868
vn -0.0149 -0.9946 0.1029
vn -0.0182 -0.9998 -0.0106
vn 0.0097 -0.9999 -0.0028
vn -0.0112 -0.9560 -0.2931
vn -0.0158 -0.9978 -0.0640
vn 0.0107 -0.9944 0.1055
vn -0.0148 -0.9935 0.1125
vn -0.0073 -0.9501 -0.3120
vn 0.0027 -0.9933 0.1159
vn -0.0163 -0.9674 0.2526
vn -0.0109 -0.9401 -0.3407
vn 0.0009 -0.9985 -0.0543
vn -0.0148 -0.9924 0.1225
vn -0.0113 -0.9889 -0.1485
vn 0.0235 -0.9146 0.4037
vn -0.0290 -0.9966 0.0777
vn -0.0203 -0.9705 -0.2402
vn 0.0015 -0.9861 0.1664
vn -0.0150 -0.9996 0.0244
vn -0.0094 -0.9917 -0.1280
vn 0.0067 -0.9417 0.3363
vn -0.0061 -0.9694 0.2453
vn -0.0144 -0.9801 -0.1980
vn 0.0075 -0.9992 0.0387
vn -0.0122 -0.9980 0.0622
vn 0.0079 -0.9957 -0.0928
vn 0.0057 -0.9988 0.0482
vn -0.0101 -0.9965 0.0833
vn -0.0072 -0.9841 0.1772
vn -0.0096 -0.9965 -0.0832
vn -0.0052 -0.9958 0.0916
vn -0.0053 -0.9868 -0.1621
vn -0.0028 -0.9941 0.1082
vn 0.0132 -0.9980 -0.0623
vn -0.0060 -0.9995 0.0300
vn 0.0094 -0.9999 -0.0045
vn -0.0172 -0.9998 0.0099
vn -0.0045 -0.9581 0.2864
vn -0.0018 -0.9873 -0.1588
vn -0.0072 -0.9928 -0.1198
vn -0.0210 -0.9997 0.0096
vn 0.0209 -0.9170 0.3983
vn -0.0178 -0.9713 0.2373
vn -0.0270 -0.9038 -0.4270
vn 0.0140 -0.9706 0.2404
vn -0.0130 -0.9951 0.0984
vn -0.0239 -0.9946 -0.1011
vn 0.0007 -0.9999 -0.0138
vn 0.0044 -0.9949 0.1010
vn 0.0066 -0.9973 -0.0738
vn 0.0129 -0.9999 0.0038
vn 0.0048 -0.9999 0.0092
vn 0.0026 -0.9972 -0.0748
vn -0.0027 -0.9955 0.0943
vn 0.0100 -0.9998 -0.0158
vn 0.0063 -0.9849 0.1727
vn -0.0011 -0.9995 0.0330
vn 0.0045 -0.9941 0.1085
vn 0.0123 -0.9974 -0.0715
vn -0.0109 -0.9874 0.1581
vn 0.0029 -0.9985 0.0552
vn -0.0017 -0.9999 -0.0169
vn 0.0075 -0.9993 0.0372
vn 0.0144 -0.9829 0.1836
vn 0.0081 -0.9850 -0.1721
vn 0.0003 -0.9861 -0.1661
vn 0.0066 -0.9980 -0.0622
vn 0.0151 -0.9899 0.1411
vn 0.0063 -0.9921 0.1252
vn -0.0035 -0.9814 -0.1921
vn -0.0052 -0.9812 0.1929
vn 0.0004 0.9885 0.1514
vn 0.0009 0.9861 0.1663
vn 0.0052 0.9969 -0.0786
vn -0.0032 0.9992 0.0398
vn -0.0013 0.9676 -0.2525
vn 0.0013 0.9841 0.1778
vn 0.0050 0.9993 -0.0367
vn 0.0052 0.9835 0.1808
vn -0.0003 1.0000 -0.0072
vn 0.0005 0.9879 0.1551
vn 0.0141 0.9450 0.3267
vn 0.0184 0.9998 -0.0072
vn 0.0120 0.9992 -0.0376
vn 0.0019 0.9882 0.1529
vn 0.0080 0.9947 -0.1029
vn -0.0038 0.9937 -0.1122
vn 0.0011 0.9947 -0.1027
vn 0.0083 0.9747 0.2235
vn 0.0154 0.9947 -0.1016
vn 0.0169 0.9763 -0.2158
vn 0.0031 0.9898 -0.1425
vn -0.0067 0.9862 -0.1655
vn 0.0248 0.9860 -0.1649
vn 0.0312 0.9927 0.1163
vn -0.0054 0.9961 0.0883
vn 0.0004 0.9957 -0.0926
vn 0.0037 0.9802 0.1978
vn -0.0052 0.9879 0.1548
vn 0.0031 0.9996 0.0263
vn 0.0129 0.9981 -0.0595
vn 0.0029 0.9985 0.0552
vn -0.0109 0.9874 0.1581
vn -0.0106 0.9889 -0.1480
vn 0.0045 0.9941 0.1085
vn -0.0011 0.9995 0.0330
vn -0.0012 0.9965 -0.0840
vn 0.0032 0.9914 0.1309
vn 0.0039 0.9987 -0.0511
vn 0.0060 0.9743 0.2254
vn 0.0048 0.9999 0.0092
vn 0.0129 0.9999 0.0038
vn 0.0065 0.9870 0.1608
vn 0.0044 0.9949 0.1010
vn 0.0007 0.9999 -0.0138
vn 0.0056 0.9986 0.0528
vn 0.0091 0.9876 0.1565
vn 0.0083 0.9978 -0.0657
vn 0.0071 1.0000 0.0051
vn 0.0003 0.9962 -0.0870
vn 0.0049 0.9805 -0.1966
vn 0.0042 0.9987 0.0501
vn -0.0148 0.9947 0.1021
vn 0.0136 0.9939 -0.1094
vn 0.0167 0.9613 0.2749
vn -0.0112 0.9998 0.0181
vn 0.0088 0.9993 -0.0358
vn 0.0104 0.9932 0.1163
vn 0.0132 0.9980 -0.0623
vn -0.0028 0.9941 0.1082
vn 0.0017 0.9995 0.0331
vn -0.0052 0.9958 0.0916
vn -0.0096 0.9965 -0.0832
vn 0.0031 0.9978 -0.0666
vn 0.0108 0.9926 0.1211
vn -0.0067 0.9996 0.0256
vn -0.0045 0.9952 0.0976
vn -0.0122 0.9980 0.0622
vn 0.0075 0.9992 0.0387
vn -0.0086 0.9924 -0.1224
vn -0.0061 0.9694 0.2453
vn 0.0067 0.9417 0.3363
vn 0.0068 0.9803 -0.1973
vn 0.0002 1.0000 0.0098
vn -0.0161 0.9983 0.0557
vn -0.0097 0.9991 -0.0412
vn 0.0060 0.9983 -0.0582
vn -0.0071 0.9989 -0.0460
vn -0.0131 0.9830 0.1833
vn 0.0054 0.9999 -0.0151
vn -0.0118 0.9985 -0.0539
vn 0.0014 0.9447 0.3279
vn -0.0122 0.9488 0.3156
vn -0.0025 0.9485 0.3169
vn 0.0209 0.9986 -0.0477
vn -0.0148 0.9935 0.1125
vn 0.0107 0.9944 0.1055
vn -0.0019 0.9844 -0.1762
vn -0.0112 0.9560 -0.2931
vn 0.0097 0.9999 -0.0028
vn 0.0052 0.9900 -0.1412
vn 0.0093 0.9999 -0.0118
vn -0.0204 0.9834 -0.1801
vn -0.0108 0.9994 0.0338
vn 0.0011 0.9990 -0.0454
vn -0.0052 0.9903 -0.1385
vn -0.0137 0.9860 0.1659
vn -0.0063 0.9897 -0.1427
vn 0.0032 0.9864 -0.1643
vn -0.0074 0.9927 -0.1204
vn 0.0006 0.9882 0.1534
vn 0.0037 0.9822 0.1879
vn 0.0034 0.9549 -0.2968
vn 0.0042 0.9833 0.1820
vn 0.0062 0.9979 -0.0652
vn 0.0046 0.9944 -0.1060
vn 0.0025 0.9505 0.3106
vn -0.0040 0.9921 0.1254
vn 0.0065 0.9899 0.1414
vn 0.0153 -0.9977 0.0656
vn -0.0147 -0.9768 0.2137
vn -0.0089 -0.9346 -0.3555
vn 0.0011 -0.9947 -0.1027
vn -0.0038 -0.9937 -0.1122
vn -0.0126 -0.9811 0.1929
vn 0.0019 -0.9882 0.1529
vn 0.0120 -0.9992 -0.0376
vn 0.0065 -0.9934 0.1149
vn -0.0000 -0.9790 0.2039
vn 0.0083 -0.9999 0.0057
vn -0.0096 -0.9986 0.0516
vn 0.0052 -0.9835 0.1808
vn 0.0050 -0.9993 -0.0367
vn 0.0091 -0.9844 0.1758
vn -0.0013 -0.9676 -0.2525
vn -0.0032 -0.9992 0.0398
vn 0.0032 -0.9936 0.1132
vn 0.0108 -0.9999 -0.0128
vn -0.0153 -0.9999 0.0023
vn -0.0130 -0.9718 -0.2353
vn 0.0104 -0.9817 -0.1901
vn -0.0190 -0.9667 -0.2551
vn -0.0168 -0.9979 0.0630
vn 0.0120 -0.9977 0.0665
vn -0.0063 -0.9996 -0.0282
vn -0.0064 -0.9918 -0.1276
vn 0.0007 0.0000 1.0000
vn 0.0391 0.0000 0.9992
vn 0.0350 -0.3289 0.9437
vn 0.0006 0.2840 0.9588
vn 0.0110 0.2956 0.9552
vn 0.0350 0.3289 0.9437
vn -0.0454 0.3220 0.9456
vn -0.0435 0.3388 0.9399
vn -0.0151 0.2433 0.9698
vn -0.0068 0.2995 0.9541
vn 0.0533 0.3331 0.9414
vn 0.9838 0.0000 0.1794
vn 0.9406 0.0000 0.3394
vn 0.9086 -0.2824 0.3076
vn 0.9397 0.3015 0.1613
vn 0.8898 0.2924 -0.3503
vn 0.9086 0.2824 0.3076
vn 0.8953 0.2800 -0.3464
vn 0.8309 0.2536 0.4952
vn 0.9767 0.2118 0.0357
vn 0.8601 0.2796 0.4267
vn 0.9194 0.2919 -0.2638
vn 0.0024 0.0000 -1.0000
vn -0.0129 0.0000 -0.9999
vn -0.0115 -0.2966 -0.9549
vn 0.0021 0.2856 -0.9583
vn 0.0040 0.2789 -0.9603
vn -0.0115 0.2966 -0.9549
vn 0.0103 0.2978 -0.9546
vn -0.0117 0.2783 -0.9604
vn 0.0085 0.2274 -0.9738
vn -0.0056 0.2806 -0.9598
vn 0.0097 0.2760 -0.9611
vn -0.9967 0.0000 0.0806
vn -0.7424 0.0000 -0.6699
vn -0.7367 -0.2491 -0.6287
vn -0.9517 0.2984 0.0723
vn -0.9523 0.2990 -0.0614
vn -0.7367 0.2491 -0.6287
vn -0.9550 0.2954 0.0277
vn -0.9296 0.3050 0.2070
vn -0.8990 0.2519 -0.3582
vn -0.8877 0.2896 0.3580
vn -0.9163 0.3026 -0.2625
vn -0.9517 -0.2984 0.0723
vn 0.0021 -0.2856 -0.9583
vn 0.9397 -0.3015 0.1613
vn 0.0006 -0.2840 0.9588
vn -0.0091 -0.9922 -0.1242
vn -0.0036 -0.9993 -0.0380
vn -0.0018 -0.9653 -0.2613
vn 0.0009 -0.9861 0.1663
vn 0.0004 -0.9885 0.1514
vn -0.0001 -0.9995 0.0317
vn 0.0141 -0.9450 0.3267
vn 0.0005 -0.9879 0.1551
vn -0.0051 -0.9912 0.1322
vn -0.0175 0.9962 -0.0854
vn 0.0195 0.9897 -0.1418
vn 0.0068 0.9598 -0.2806
vn 0.0149 0.9987 0.0480
vn -0.0103 0.9953 0.0962
vn -0.0059 0.9953 0.0966
vn -0.0149 0.9946 0.1029
vn 0.0080 0.9962 0.0868
vn 0.0046 0.9846 0.1750
vn -0.0043 0.9935 -0.1136
vn 0.0086 0.9684 -0.2491
vn 0.0068 0.9769 0.2137
vn -0.0150 0.9996 0.0244
vn 0.0015 0.9861 0.1664
vn -0.0039 0.9652 -0.2616
vn -0.0101 0.9965 0.0833
vn 0.0057 0.9988 0.0482
vn 0.0004 0.9646 0.2639
vn -0.0188 0.9543 -0.2984
vn 0.0114 0.9913 -0.1313
vn -0.0040 0.9999 0.0160
vn -0.0130 0.9951 0.0984
vn 0.0140 0.9706 0.2404
vn 0.0171 0.9992 -0.0358
vn 0.0100 0.9998 -0.0158
vn -0.0027 0.9955 0.0943
vn -0.0035 0.9844 0.1757
vn 0.0118 0.9362 -0.3511
vn -0.0194 0.9990 -0.0398
vn -0.0128 0.9234 -0.3837
vn -0.0147 0.9768 0.2137
vn 0.0153 0.9977 0.0656
vn 0.0065 0.9897 -0.1427
vn 0.0083 0.9999 0.0057
vn -0.0000 0.9790 0.2039
vn 0.0067 0.9907 0.1358
vn 0.0131 -0.9998 -0.0131
vn -0.0141 -0.9958 -0.0909
vn -0.0177 -0.9992 -0.0346
vn 0.0031 -0.9996 0.0263
vn -0.0052 -0.9879 0.1548
vn -0.0038 -0.9950 0.0997
vn 0.0039 -0.9987 -0.0511
vn 0.0032 -0.9914 0.1309
vn 0.0014 -0.9983 0.0590
vn -0.0014 -0.9995 0.0309
vn -0.0099 -0.9958 0.0912
vn -0.0079 -0.9995 0.0307
vn 0.0088 -0.9993 -0.0358
vn -0.0112 -0.9998 0.0181
vn -0.0045 -0.9646 0.2635
vn -0.0067 -0.9996 0.0256
vn 0.0108 -0.9926 0.1211
vn 0.0082 -0.9999 -0.0112
vn 0.0044 -0.9934 -0.1144
vn -0.0039 -0.9830 -0.1838
vn -0.0073 -0.9591 -0.2828
vn -0.0025 -0.9485 0.3169
vn -0.0122 -0.9488 0.3156
vn -0.0225 -0.9604 0.2779
vn -0.0204 -0.9834 -0.1801
vn 0.0093 -0.9999 -0.0118
vn 0.0087 -0.9945 0.1042
vn 0.0048 -0.3255 0.9455
vn 0.9434 -0.2879 0.1645
vn -0.0147 -0.2798 -0.9600
vn -0.9548 -0.2946 0.0388
vn -0.8331 -0.2595 0.4884
vn 0.0154 -0.2858 -0.9582
vn 0.8960 -0.2893 -0.3369
vn 0.0003 -0.3125 0.9499
vn 0.0037 -0.9822 0.1879
vn 0.0006 -0.9882 0.1534
vn 0.0012 -0.9611 -0.2761
vn -0.0161 -0.9983 0.0557
vn 0.0002 -1.0000 0.0098
vn -0.0031 -0.9963 0.0856
vn 0.0083 -0.9978 -0.0657
vn 0.0091 -0.9876 0.1565
vn 0.0165 -0.9979 -0.0633
vn -0.0153 0.9999 0.0023
vn 0.0108 0.9999 -0.0128
vn 0.0107 0.9680 -0.2508
vn 0.0144 0.9829 0.1836
vn 0.0075 0.9993 0.0372
vn 0.0151 0.9982 -0.0588
vn -0.0172 0.9998 0.0099
vn 0.0094 0.9999 -0.0045
vn 0.0054 0.9970 0.0768
vn -0.0163 0.9674 0.2526
vn 0.0027 0.9933 0.1159
vn 0.0074 0.9185 -0.3953
vn 0.0169 -0.9763 -0.2158
vn 0.0154 -0.9947 -0.1016
vn 0.0113 -0.9241 -0.3819
vn -0.0435 -0.3388 0.9399
vn 0.8309 -0.2536 0.4952
vn -0.0117 -0.2783 -0.9604
vn -0.9296 -0.3050 0.2070
usemtl None
s off
f 1026/1/1 261/2/1 3/3/1 432/4/1
f 1025/5/2 264/6/2 7/7/2 434/8/2
f 1024/9/3 267/10/3 5/11/3 436/12/3
f 1023/13/4 419/14/4 1/15/4 438/16/4
f 1022/17/5 434/18/5 7/19/5 268/20/5
f 1021/21/6 433/22/6 4/23/6 260/24/6
f 1020/25/7 279/26/7 9/27/7 271/28/7
f 1019/29/8 280/30/8 17/31/8 441/32/8
f 1018/33/9 423/34/9 11/35/9 442/36/9
f 1017/37/10 283/38/10 14/39/10 276/40/10
f 1016/41/11 284/42/11 18/43/11 445/44/11
f 1015/45/12 425/46/12 12/47/12 446/48/12
f 1014/49/13 287/50/13 16/51/13 430/52/13
f 1013/53/14 288/54/14 14/55/14 428/56/14
f 1012/57/15 289/58/15 12/59/15 425/60/15
f 1011/61/16 290/62/16 10/63/16 422/64/16
f 1010/65/17 323/66/17 22/67/17 390/68/17
f 1009/69/18 324/70/18 51/71/18 453/72/18
f 1008/73/19 322/74/19 50/75/19 454/76/19
f 1007/77/20 327/78/20 25/79/20 393/80/20
f 1006/81/21 328/82/21 52/83/21 457/84/21
f 1005/85/22 321/86/22 49/87/22 458/88/22
f 1004/89/23 331/90/23 28/91/23 396/92/23
f 1003/93/24 332/94/24 53/95/24 461/96/24
f 1002/97/25 320/98/25 48/99/25 462/100/25
f 1001/101/26 335/102/26 30/103/26 398/104/26
f 1000/105/27 336/106/27 54/107/27 465/108/27
f 999/109/28 319/110/28 47/111/28 466/112/28
f 998/113/29 339/114/29 46/115/29 414/116/29
f 997/117/30 340/118/30 55/119/30 469/120/30
f 996/121/31 393/122/31 25/123/31 470/124/31
f 995/125/32 343/126/32 45/127/32 413/128/32
f 994/129/33 344/130/33 56/131/33 473/132/33
f 993/133/34 316/134/34 44/135/34 474/136/34
f 992/137/35 347/138/35 36/139/35 308/140/35
f 991/141/36 348/142/36 57/143/36 477/144/36
f 990/145/37 315/146/37 43/147/37 478/148/37
f 989/149/38 351/150/38 42/151/38 410/152/38
f 988/153/39 352/154/39 58/155/39 481/156/39
f 987/157/40 391/158/40 23/159/40 482/160/40
f 986/161/41 355/162/41 41/163/41 409/164/41
f 985/165/42 356/166/42 59/167/42 485/168/42
f 984/169/43 312/170/43 40/171/43 486/172/43
f 983/173/44 359/174/44 31/175/44 303/176/44
f 982/177/45 360/178/45 60/179/45 489/180/45
f 981/181/46 311/182/46 39/183/46 490/184/46
f 980/185/47 363/186/47 20/187/47 292/188/47
f 979/189/48 364/190/48 61/191/48 493/192/48
f 978/193/49 401/194/49 33/195/49 494/196/49
f 977/197/50 367/198/50 28/199/50 300/200/50
f 976/201/51 368/202/51 62/203/51 497/204/51
f 975/205/52 402/206/52 34/207/52 498/208/52
f 974/209/53 371/210/53 38/211/53 406/212/53
f 973/213/54 372/214/54 63/215/54 501/216/54
f 972/217/55 387/218/55 19/219/55 502/220/55
f 971/221/56 375/222/56 36/223/56 404/224/56
f 970/225/57 376/226/57 64/227/57 505/228/57
f 969/229/58 299/230/58 27/231/58 506/232/58
f 968/233/59 379/234/59 34/235/59 402/236/59
f 967/237/60 380/238/60 65/239/60 509/240/60
f 966/241/61 296/242/61 24/243/61 510/244/61
f 965/245/62 383/246/62 32/247/62 400/248/62
f 964/249/63 384/250/63 66/251/63 513/252/63
f 963/253/64 293/254/64 21/255/64 514/256/64
f 962/257/65 515/258/65 194/259/65 386/260/65
f 961/261/65 516/262/65 195/263/65 517/264/65
f 960/265/64 421/266/64 101/267/64 518/268/64
f 959/269/66 519/270/66 193/271/66 385/272/66
f 958/273/66 520/274/66 196/275/66 521/276/66
f 957/277/63 512/278/63 192/279/63 522/280/63
f 956/281/67 523/282/67 80/283/67 272/284/67
f 955/285/66 524/286/66 197/287/66 525/288/66
f 954/289/63 511/290/63 191/291/63 526/292/63
f 953/293/68 527/294/68 190/295/68 382/296/68
f 952/297/68 528/298/68 198/299/68 529/300/68
f 951/301/61 424/302/61 104/303/61 530/304/61
f 950/305/69 531/306/69 189/307/69 381/308/69
f 949/309/69 532/310/69 199/311/69 533/312/69
f 948/313/60 508/314/60 188/315/60 534/316/60
f 947/317/70 535/318/70 82/319/70 274/320/70
f 946/321/69 536/322/69 200/323/69 537/324/69
f 945/325/60 507/326/60 187/327/60 538/328/60
f 944/329/71 539/330/71 186/331/71 378/332/71
f 943/333/71 540/334/71 201/335/71 541/336/71
f 942/337/58 427/338/58 107/339/58 542/340/58
f 941/341/72 543/342/72 185/343/72 377/344/72
f 940/345/72 544/346/72 202/347/72 545/348/72
f 939/349/57 504/350/57 184/351/57 546/352/57
f 938/353/73 547/354/73 84/355/73 276/356/73
f 937/357/72 548/358/72 203/359/72 549/360/72
f 936/361/57 503/362/57 183/363/57 550/364/57
f 935/365/74 551/366/74 182/367/74 374/368/74
f 934/369/74 552/370/74 204/371/74 553/372/74
f 933/373/55 259/374/55 67/375/55 554/376/55
f 932/377/75 555/378/75 181/379/75 373/380/75
f 931/381/75 556/382/75 205/383/75 557/384/75
f 930/385/54 500/386/54 180/387/54 558/388/54
f 929/389/76 559/390/76 86/391/76 278/392/76
f 928/393/75 560/394/75 206/395/75 561/396/75
f 927/397/54 499/398/54 179/399/54 562/400/54
f 926/401/77 563/402/77 178/403/77 370/404/77
f 925/405/78 564/406/78 207/407/78 565/408/78
f 924/409/79 274/410/79 82/411/79 566/412/79
f 923/413/80 567/414/80 177/415/80 369/416/80
f 922/417/81 568/418/81 208/419/81 569/420/81
f 921/421/82 496/422/82 176/423/82 570/424/82
f 920/425/83 571/426/83 108/427/83 428/428/83
f 919/429/84 572/430/84 209/431/84 573/432/84
f 918/433/85 495/434/85 175/435/85 574/436/85
f 917/437/86 575/438/86 174/439/86 366/440/86
f 916/441/87 576/442/87 210/443/87 577/444/87
f 915/445/88 273/446/88 81/447/88 578/448/88
f 914/449/89 579/450/89 173/451/89 365/452/89
f 913/453/90 580/454/90 211/455/90 581/456/90
f 912/457/91 492/458/91 172/459/91 582/460/91
f 911/461/92 583/462/92 100/463/92 420/464/92
f 910/465/93 584/466/93 212/467/93 585/468/93
f 909/469/94 491/470/94 171/471/94 586/472/94
f 908/473/95 587/474/95 170/475/95 362/476/95
f 907/477/96 588/478/96 213/479/96 589/480/96
f 906/481/97 439/482/97 119/483/97 590/484/97
f 905/485/98 591/486/98 169/487/98 361/488/98
f 904/489/99 592/490/99 214/491/99 593/492/99
f 903/493/100 488/494/100 168/495/100 594/496/100
f 902/497/101 595/498/101 111/499/101 431/500/101
f 901/501/102 596/502/102 215/503/102 597/504/102
f 900/505/103 487/506/103 167/507/103 598/508/103
f 899/509/104 599/510/104 166/511/104 358/512/104
f 898/513/105 600/514/105 216/515/105 601/516/105
f 897/517/106 440/518/106 120/519/106 602/520/106
f 896/521/107 603/522/107 165/523/107 357/524/107
f 895/525/108 604/526/108 217/527/108 605/528/108
f 894/529/109 484/530/109 164/531/109 606/532/109
f 893/533/110 607/534/110 89/535/110 281/536/110
f 892/537/111 608/538/111 218/539/111 609/540/111
f 891/541/112 483/542/112 163/543/112 610/544/112
f 890/545/113 611/546/113 162/547/113 354/548/113
f 889/549/114 612/550/114 219/551/114 613/552/114
f 888/553/115 263/554/115 71/555/115 614/556/115
f 887/557/116 615/558/116 161/559/116 353/560/116
f 886/561/117 616/562/117 220/563/117 617/564/117
f 885/565/118 480/566/118 160/567/118 618/568/118
f 884/569/119 619/570/119 90/571/119 282/572/119
f 883/573/120 620/574/120 221/575/120 621/576/120
f 882/577/121 479/578/121 159/579/121 622/580/121
f 881/581/122 623/582/122 158/583/122 350/584/122
f 880/585/123 624/586/123 222/587/123 625/588/123
f 879/589/124 443/590/124 123/591/124 626/592/124
f 878/593/125 627/594/125 157/595/125 349/596/125
f 877/597/126 628/598/126 223/599/126 629/600/126
f 876/601/127 476/602/127 156/603/127 630/604/127
f 875/605/128 631/606/128 116/607/128 436/608/128
f 874/609/129 632/610/129 224/611/129 633/612/129
f 873/613/130 475/614/130 155/615/130 634/616/130
f 872/617/131 635/618/131 154/619/131 346/620/131
f 871/621/132 636/622/132 225/623/132 637/624/132
f 870/625/133 444/626/133 124/627/133 638/628/133
f 869/629/134 639/630/134 153/631/134 345/632/134
f 868/633/135 640/634/135 226/635/135 641/636/135
f 867/637/136 472/638/136 152/639/136 642/640/136
f 866/641/137 643/642/137 93/643/137 285/644/137
f 865/645/138 644/646/138 227/647/138 645/648/138
f 864/649/139 471/650/139 151/651/139 646/652/139
f 863/653/140 647/654/140 150/655/140 342/656/140
f 862/657/141 648/658/141 228/659/141 649/660/141
f 861/661/142 265/662/142 73/663/142 650/664/142
f 860/665/143 651/666/143 149/667/143 341/668/143
f 859/669/144 652/670/144 229/671/144 653/672/144
f 858/673/145 468/674/145 148/675/145 654/676/145
f 857/677/146 655/678/146 94/679/146 286/680/146
f 856/681/147 656/682/147 230/683/147 657/684/147
f 855/685/148 467/686/148 147/687/148 658/688/148
f 854/689/149 659/690/149 146/691/149 338/692/149
f 853/693/149 660/694/149 231/695/149 661/696/149
f 852/697/28 447/698/28 127/699/28 662/700/28
f 851/701/150 663/702/150 145/703/150 337/704/150
f 850/705/150 664/706/150 232/707/150 665/708/150
f 849/709/27 464/710/27 144/711/27 666/712/27
f 848/713/151 667/714/151 78/715/151 270/716/151
f 847/717/150 668/718/150 233/719/150 669/720/150
f 846/721/27 463/722/27 143/723/27 670/724/27
f 845/725/152 671/726/152 142/727/152 334/728/152
f 844/729/152 672/730/152 234/731/152 673/732/152
f 843/733/25 448/734/25 128/735/25 674/736/25
f 842/737/153 675/738/153 141/739/153 333/740/153
f 841/741/153 676/742/153 235/743/153 677/744/153
f 840/745/154 460/746/154 140/747/154 678/748/154
f 839/749/155 679/750/155 76/751/155 268/752/155
f 838/753/153 680/754/153 236/755/153 681/756/153
f 837/757/24 459/758/24 139/759/24 682/760/24
f 836/761/156 683/762/156 138/763/156 330/764/156
f 835/765/156 684/766/156 237/767/156 685/768/156
f 834/769/22 449/770/22 129/771/22 686/772/22
f 833/773/157 687/774/157 137/775/157 329/776/157
f 832/777/157 688/778/157 238/779/157 689/780/157
f 831/781/21 456/782/21 136/783/21 690/784/21
f 830/785/158 691/786/158 73/787/158 265/788/158
f 829/789/157 692/790/157 239/791/157 693/792/157
f 828/793/21 455/794/21 135/795/21 694/796/21
f 827/797/159 695/798/159 134/799/159 326/800/159
f 826/801/159 696/802/159 240/803/159 697/804/159
f 825/805/19 450/806/19 130/807/19 698/808/19
f 824/809/160 699/810/160 133/811/160 325/812/160
f 823/813/160 700/814/160 241/815/160 701/816/160
f 822/817/18 452/818/18 132/819/18 702/820/18
f 821/821/161 703/822/161 70/823/161 262/824/161
f 820/825/160 704/826/160 242/827/160 705/828/160
f 819/829/18 451/830/18 131/831/18 706/832/18
f 818/833/162 707/834/162 102/835/162 294/836/162
f 817/837/159 708/838/159 243/839/159 709/840/159
f 816/841/19 418/842/19 98/843/19 710/844/19
f 815/845/163 711/846/163 105/847/163 297/848/163
f 814/849/156 712/850/156 244/851/156 713/852/156
f 813/853/22 417/854/22 97/855/22 714/856/22
f 812/857/164 715/858/164 108/859/164 300/860/164
f 811/861/152 716/862/152 245/863/152 717/864/152
f 810/865/25 416/866/25 96/867/25 718/868/25
f 809/869/165 719/870/165 110/871/165 302/872/165
f 808/873/149 720/874/149 246/875/149 721/876/149
f 807/877/28 415/878/28 95/879/28 722/880/28
f 806/881/166 723/882/166 126/883/166 318/884/166
f 805/885/167 724/886/167 247/887/167 725/888/167
f 804/889/168 297/890/168 105/891/168 726/892/168
f 803/893/169 727/894/169 125/895/169 317/896/169
f 802/897/170 728/898/170 248/899/170 729/900/170
f 801/901/171 412/902/171 92/903/171 730/904/171
f 800/905/172 731/906/172 84/907/172 404/908/172
f 799/909/173 732/910/173 249/911/173 733/912/173
f 798/913/174 411/914/174 91/915/174 734/916/174
f 797/917/175 735/918/175 122/919/175 314/920/175
f 796/921/176 736/922/176 250/923/176 737/924/176
f 795/925/177 295/926/177 103/927/177 738/928/177
f 794/929/178 739/930/178 121/931/178 313/932/178
f 793/933/179 740/934/179 251/935/179 741/936/179
f 792/937/180 408/938/180 88/939/180 742/940/180
f 791/941/181 743/942/181 79/943/181 399/944/181
f 790/945/182 744/946/182 252/947/182 745/948/182
f 789/949/183 407/950/183 87/951/183 746/952/183
f 788/953/184 747/954/184 68/955/184 388/956/184
f 787/957/185 748/958/185 253/959/185 749/960/185
f 786/961/186 305/962/186 113/963/186 750/964/186
f 785/965/187 751/966/187 76/967/187 396/968/187
f 784/969/188 752/970/188 254/971/188 753/972/188
f 783/973/189 306/974/189 114/975/189 754/976/189
f 782/977/190 755/978/190 118/979/190 310/980/190
f 781/981/74 756/982/74 255/983/74 757/984/74
f 780/985/55 291/986/55 99/987/55 758/988/55
f 779/989/191 759/990/191 116/991/191 308/992/191
f 778/993/71 760/994/71 256/995/71 761/996/71
f 777/997/58 395/998/58 75/999/58 762/1000/58
f 776/1001/192 763/1002/192 114/1003/192 306/1004/192
f 775/1005/68 764/1006/68 257/1007/68 765/1008/68
f 774/1009/61 392/1010/61 72/1011/61 766/1012/61
f 773/1013/193 767/1014/193 112/1015/193 304/1016/193
f 772/1017/65 768/1018/65 258/1019/65 769/1020/65
f 771/1021/64 389/1022/64 69/1023/64 770/1024/64
f 768/1018/194 771/1021/194 770/1024/194 258/1019/194
f 194/259/194 514/256/194 771/1021/194 768/1018/194
f 514/256/64 21/255/64 389/1022/64 771/1021/64
f 511/290/195 772/1017/195 769/1020/195 191/291/195
f 66/251/195 386/260/195 772/1017/195 511/290/195
f 386/260/65 194/259/65 768/1018/65 772/1017/65
f 383/246/196 773/1013/196 304/1016/196 32/247/196
f 191/291/195 769/1020/195 773/1013/195 383/246/195
f 769/1020/65 258/1019/65 767/1014/65 773/1013/65
f 764/1006/197 774/1009/197 766/1012/197 257/1007/197
f 190/295/197 510/244/197 774/1009/197 764/1006/197
f 510/244/61 24/243/61 392/1010/61 774/1009/61
f 507/326/198 775/1005/198 765/1008/198 187/327/198
f 65/239/198 382/296/198 775/1005/198 507/326/198
f 382/296/68 190/295/68 764/1006/68 775/1005/68
f 379/234/199 776/1001/199 306/1004/199 34/235/199
f 187/327/198 765/1008/198 776/1001/198 379/234/198
f 765/1008/68 257/1007/68 763/1002/68 776/1001/68
f 760/994/200 777/997/200 762/1000/200 256/995/200
f 186/331/200 506/232/200 777/997/200 760/994/200
f 506/232/58 27/231/58 395/998/58 777/997/58
f 503/362/201 778/993/201 761/996/201 183/363/201
f 64/227/201 378/332/201 778/993/201 503/362/201
f 378/332/71 186/331/71 760/994/71 778/993/71
f 375/222/202 779/989/202 308/992/202 36/223/202
f 183/363/201 761/996/201 779/989/201 375/222/201
f 761/996/71 256/995/71 759/990/71 779/989/71
f 756/982/203 780/985/203 758/988/203 255/983/203
f 182/367/203 502/220/203 780/985/203 756/982/203
f 502/220/55 19/219/55 291/986/55 780/985/55
f 499/398/204 781/981/204 757/984/204 179/399/204
f 63/215/204 374/368/204 781/981/204 499/398/204
f 374/368/74 182/367/74 756/982/74 781/981/74
f 371/210/205 782/977/205 310/980/205 38/211/205
f 179/399/204 757/984/204 782/977/204 371/210/204
f 757/984/74 255/983/74 755/978/74 782/977/74
f 752/970/206 783/973/206 754/976/206 254/971/206
f 178/403/207 498/208/207 783/973/207 752/970/207
f 498/208/208 34/207/208 306/974/208 783/973/208
f 495/434/209 784/969/209 753/972/209 175/435/209
f 62/203/210 370/404/210 784/969/210 495/434/210
f 370/404/211 178/403/211 752/970/211 784/969/211
f 367/198/212 785/965/212 396/968/212 28/199/212
f 175/435/213 753/972/213 785/965/213 367/198/213
f 753/972/214 254/971/214 751/966/214 785/965/214
f 748/958/215 786/961/215 750/964/215 253/959/215
f 174/439/216 494/196/216 786/961/216 748/958/216
f 494/196/217 33/195/217 305/962/217 786/961/217
f 491/470/218 787/957/218 749/960/218 171/471/218
f 61/191/219 366/440/219 787/957/219 491/470/219
f 366/440/220 174/439/220 748/958/220 787/957/220
f 363/186/221 788/953/221 388/956/221 20/187/221
f 171/471/222 749/960/222 788/953/222 363/186/222
f 749/960/223 253/959/223 747/954/223 788/953/223
f 744/946/224 789/949/224 746/952/224 252/947/224
f 170/475/225 490/184/225 789/949/225 744/946/225
f 490/184/226 39/183/226 407/950/226 789/949/226
f 487/506/227 790/945/227 745/948/227 167/507/227
f 60/179/228 362/476/228 790/945/228 487/506/228
f 362/476/229 170/475/229 744/946/229 790/945/229
f 359/174/230 791/941/230 399/944/230 31/175/230
f 167/507/231 745/948/231 791/941/231 359/174/231
f 745/948/232 252/947/232 743/942/232 791/941/232
f 740/934/233 792/937/233 742/940/233 251/935/233
f 166/511/234 486/172/234 792/937/234 740/934/234
f 486/172/235 40/171/235 408/938/235 792/937/235
f 483/542/236 793/933/236 741/936/236 163/543/236
f 59/167/237 358/512/237 793/933/237 483/542/237
f 358/512/238 166/511/238 740/934/238 793/933/238
f 355/162/239 794/929/239 313/932/239 41/163/239
f 163/543/240 741/936/240 794/929/240 355/162/240
f 741/936/241 251/935/241 739/930/241 794/929/241
f 736/922/242 795/925/242 738/928/242 250/923/242
f 162/547/243 482/160/243 795/925/243 736/922/243
f 482/160/244 23/159/244 295/926/244 795/925/244
f 479/578/245 796/921/245 737/924/245 159/579/245
f 58/155/246 354/548/246 796/921/246 479/578/246
f 354/548/247 162/547/247 736/922/247 796/921/247
f 351/150/248 797/917/248 314/920/248 42/151/248
f 159/579/249 737/924/249 797/917/249 351/150/249
f 737/924/250 250/923/250 735/918/250 797/917/250
f 732/910/251 798/913/251 734/916/251 249/911/251
f 158/583/252 478/148/252 798/913/252 732/910/252
f 478/148/253 43/147/253 411/914/253 798/913/253
f 475/614/254 799/909/254 733/912/254 155/615/254
f 57/143/255 350/584/255 799/909/255 475/614/255
f 350/584/256 158/583/256 732/910/256 799/909/256
f 347/138/257 800/905/257 404/908/257 36/139/257
f 155/615/258 733/912/258 800/905/258 347/138/258
f 733/912/259 249/911/259 731/906/259 800/905/259
f 728/898/260 801/901/260 730/904/260 248/899/260
f 154/619/261 474/136/261 801/901/261 728/898/261
f 474/136/262 44/135/262 412/902/262 801/901/262
f 471/650/263 802/897/263 729/900/263 151/651/263
f 56/131/264 346/620/264 802/897/264 471/650/264
f 346/620/265 154/619/265 728/898/265 802/897/265
f 343/126/266 803/893/266 317/896/266 45/127/266
f 151/651/267 729/900/267 803/893/267 343/126/267
f 729/900/268 248/899/268 727/894/268 803/893/268
f 724/886/269 804/889/269 726/892/269 247/887/269
f 150/655/270 470/124/270 804/889/270 724/886/270
f 470/124/271 25/123/271 297/890/271 804/889/271
f 467/686/272 805/885/272 725/888/272 147/687/272
f 55/119/273 342/656/273 805/885/273 467/686/273
f 342/656/274 150/655/274 724/886/274 805/885/274
f 339/114/275 806/881/275 318/884/275 46/115/275
f 147/687/276 725/888/276 806/881/276 339/114/276
f 725/888/277 247/887/277 723/882/277 806/881/277
f 720/874/278 807/877/278 722/880/278 246/875/278
f 146/691/278 466/112/278 807/877/278 720/874/278
f 466/112/28 47/111/28 415/878/28 807/877/28
f 463/722/279 808/873/279 721/876/279 143/723/279
f 54/107/279 338/692/279 808/873/279 463/722/279
f 338/692/149 146/691/149 720/874/149 808/873/149
f 335/102/280 809/869/280 302/872/280 30/103/280
f 143/723/279 721/876/279 809/869/279 335/102/279
f 721/876/149 246/875/149 719/870/149 809/869/149
f 716/862/281 810/865/281 718/868/281 245/863/281
f 142/727/281 462/100/281 810/865/281 716/862/281
f 462/100/25 48/99/25 416/866/25 810/865/25
f 459/758/282 811/861/282 717/864/282 139/759/282
f 53/95/282 334/728/282 811/861/282 459/758/282
f 334/728/152 142/727/152 716/862/152 811/861/152
f 331/90/283 812/857/283 300/860/283 28/91/283
f 139/759/282 717/864/282 812/857/282 331/90/282
f 717/864/152 245/863/152 715/858/152 812/857/152
f 712/850/284 813/853/284 714/856/284 244/851/284
f 138/763/284 458/88/284 813/853/284 712/850/284
f 458/88/22 49/87/22 417/854/22 813/853/22
f 455/794/285 814/849/285 713/852/285 135/795/285
f 52/83/285 330/764/285 814/849/285 455/794/285
f 330/764/156 138/763/156 712/850/156 814/849/156
f 327/78/286 815/845/286 297/848/286 25/79/286
f 135/795/285 713/852/285 815/845/285 327/78/285
f 713/852/156 244/851/156 711/846/156 815/845/156
f 708/838/287 816/841/287 710/844/287 243/839/287
f 134/799/287 454/76/287 816/841/287 708/838/287
f 454/76/19 50/75/19 418/842/19 816/841/19
f 451/830/288 817/837/288 709/840/288 131/831/288
f 51/71/288 326/800/288 817/837/288 451/830/288
f 326/800/159 134/799/159 708/838/159 817/837/159
f 323/66/289 818/833/289 294/836/289 22/67/289
f 131/831/288 709/840/288 818/833/288 323/66/288
f 709/840/159 243/839/159 707/834/159 818/833/159
f 704/826/290 819/829/290 706/832/290 242/827/290
f 133/811/290 453/72/290 819/829/290 704/826/290
f 453/72/18 51/71/18 451/830/18 819/829/18
f 291/1025/291 820/825/291 705/828/291 99/1026/291
f 19/1027/291 325/812/291 820/825/291 291/1025/291
f 325/812/160 133/811/160 704/826/160 820/825/160
f 419/1028/292 821/821/292 262/824/292 1/1029/292
f 99/1026/291 705/828/291 821/821/291 419/1028/291
f 705/828/160 242/827/160 703/822/160 821/821/160
f 700/814/290 822/817/290 702/820/290 241/815/290
f 111/1030/293 303/1031/293 822/817/293 700/814/293
f 303/1031/294 31/1032/294 452/818/294 822/817/294
f 259/1033/291 823/813/291 701/816/291 67/1034/291
f 2/1035/295 431/1036/295 823/813/295 259/1033/295
f 431/1036/296 111/1030/296 700/814/296 823/813/296
f 387/1037/291 824/809/291 325/812/291 19/1027/291
f 67/1034/291 701/816/291 824/809/291 387/1037/291
f 701/816/160 241/815/160 699/810/160 824/809/160
f 696/802/287 825/805/287 698/808/287 240/803/287
f 79/1038/297 271/1039/297 825/805/297 696/802/297
f 271/1039/298 9/1040/298 450/806/298 825/805/298
f 452/818/288 826/801/288 697/804/288 132/819/288
f 31/1032/299 399/1041/299 826/801/299 452/818/299
f 399/1041/300 79/1038/300 696/802/300 826/801/300
f 324/70/288 827/797/288 326/800/288 51/71/288
f 132/819/288 697/804/288 827/797/288 324/70/288
f 697/804/159 240/803/159 695/798/159 827/797/159
f 692/790/301 828/793/301 694/796/301 239/791/301
f 137/775/301 457/84/301 828/793/301 692/790/301
f 457/84/21 52/83/21 455/794/21 828/793/21
f 389/1042/302 829/789/302 693/792/302 69/1043/302
f 21/1044/302 329/776/302 829/789/302 389/1042/302
f 329/776/157 137/775/157 692/790/157 829/789/157
f 261/1045/303 830/785/303 265/788/303 3/1046/303
f 69/1043/302 693/792/302 830/785/302 261/1045/302
f 693/792/157 239/791/157 691/786/157 830/785/157
f 688/778/301 831/781/301 690/784/301 238/779/301
f 113/1047/304 305/1048/304 831/781/304 688/778/304
f 305/1048/305 33/1049/305 456/782/305 831/781/305
f 421/1050/302 832/777/302 689/780/302 101/1051/302
f 4/1052/306 433/1053/306 832/777/306 421/1050/306
f 433/1053/307 113/1047/307 688/778/307 832/777/307
f 293/1054/302 833/773/302 329/776/302 21/1044/302
f 101/1051/302 689/780/302 833/773/302 293/1054/302
f 689/780/157 238/779/157 687/774/157 833/773/157
f 684/766/284 834/769/284 686/772/284 237/767/284
f 81/1055/308 273/1056/308 834/769/308 684/766/308
f 273/1056/309 11/1057/309 449/770/309 834/769/309
f 456/782/285 835/765/285 685/768/285 136/783/285
f 33/1049/310 401/1058/310 835/765/310 456/782/310
f 401/1058/311 81/1055/311 684/766/311 835/765/311
f 328/82/285 836/761/285 330/764/285 52/83/285
f 136/783/285 685/768/285 836/761/285 328/82/285
f 685/768/156 237/767/156 683/762/156 836/761/156
f 680/754/312 837/757/312 682/760/312 236/755/312
f 141/739/312 461/96/312 837/757/312 680/754/312
f 461/96/154 53/95/154 459/758/154 837/757/154
f 392/1059/313 838/753/313 681/756/313 72/1060/313
f 24/1061/313 333/740/313 838/753/313 392/1059/313
f 333/740/153 141/739/153 680/754/153 838/753/153
f 264/1062/314 839/749/314 268/752/314 7/1063/314
f 72/1060/313 681/756/313 839/749/313 264/1062/313
f 681/756/153 236/755/153 679/750/153 839/749/153
f 676/742/312 840/745/312 678/748/312 235/743/312
f 115/1064/315 307/1065/315 840/745/315 676/742/315
f 307/1065/316 35/1066/316 460/746/316 840/745/316
f 424/1067/313 841/741/313 677/744/313 104/1068/313
f 8/1069/317 435/1070/317 841/741/317 424/1067/317
f 435/1070/318 115/1064/318 676/742/318 841/741/318
f 296/1071/313 842/737/313 333/740/313 24/1061/313
f 104/1068/313 677/744/313 842/737/313 296/1071/313
f 677/744/153 235/743/153 675/738/153 842/737/153
f 672/730/281 843/733/281 674/736/281 234/731/281
f 83/1072/319 275/1073/319 843/733/319 672/730/319
f 275/1073/320 13/1074/320 448/734/320 843/733/320
f 460/746/282 844/729/282 673/732/282 140/747/282
f 35/1066/321 403/1075/321 844/729/321 460/746/321
f 403/1075/322 83/1072/322 672/730/322 844/729/322
f 332/94/282 845/725/282 334/728/282 53/95/282
f 140/747/282 673/732/282 845/725/282 332/94/282
f 673/732/152 234/731/152 671/726/152 845/725/152
f 668/718/323 846/721/323 670/724/323 233/719/323
f 145/703/323 465/108/323 846/721/323 668/718/323
f 465/108/27 54/107/27 463/722/27 846/721/27
f 395/1076/324 847/717/324 669/720/324 75/1077/324
f 27/1078/324 337/704/324 847/717/324 395/1076/324
f 337/704/150 145/703/150 668/718/150 847/717/150
f 267/1079/325 848/713/325 270/716/325 5/1080/325
f 75/1077/324 669/720/324 848/713/324 267/1079/324
f 669/720/150 233/719/150 667/714/150 848/713/150
f 664/706/323 849/709/323 666/712/323 232/707/323
f 117/1081/326 309/1082/326 849/709/326 664/706/326
f 309/1082/327 37/1083/327 464/710/327 849/709/327
f 427/1084/324 850/705/324 665/708/324 107/1085/324
f 6/1086/328 437/1087/328 850/705/328 427/1084/328
f 437/1087/329 117/1081/329 664/706/329 850/705/329
f 299/1088/324 851/701/324 337/704/324 27/1078/324
f 107/1085/324 665/708/324 851/701/324 299/1088/324
f 665/708/150 232/707/150 663/702/150 851/701/150
f 660/694/278 852/697/278 662/700/278 231/695/278
f 85/1089/330 277/1090/330 852/697/330 660/694/330
f 277/1090/331 15/1091/331 447/698/331 852/697/331
f 464/710/279 853/693/279 661/696/279 144/711/279
f 37/1083/332 405/1092/332 853/693/332 464/710/332
f 405/1092/333 85/1089/333 660/694/333 853/693/333
f 336/106/279 854/689/279 338/692/279 54/107/279
f 144/711/279 661/696/279 854/689/279 336/106/279
f 661/696/149 231/695/149 659/690/149 854/689/149
f 656/682/334 855/685/334 658/688/334 230/683/334
f 149/667/335 469/120/335 855/685/335 656/682/335
f 469/120/336 55/119/336 467/686/336 855/685/336
f 412/902/337 856/681/337 657/684/337 92/903/337
f 44/135/338 341/668/338 856/681/338 412/902/338
f 341/668/339 149/667/339 656/682/339 856/681/339
f 284/42/340 857/677/340 286/680/340 18/43/340
f 92/903/341 657/684/341 857/677/341 284/42/341
f 657/684/342 230/683/342 655/678/342 857/677/342
f 652/670/343 858/673/343 654/676/343 229/671/343
f 80/1093/344 400/1094/344 858/673/344 652/670/344
f 400/1094/345 32/1095/345 468/674/345 858/673/345
f 444/626/346 859/669/346 653/672/346 124/627/346
f 10/1096/347 272/1097/347 859/669/347 444/626/347
f 272/1097/348 80/1093/348 652/670/348 859/669/348
f 316/134/349 860/665/349 341/668/349 44/135/349
f 124/627/350 653/672/350 860/665/350 316/134/350
f 653/672/351 229/671/351 651/666/351 860/665/351
f 648/658/352 861/661/352 650/664/352 228/659/352
f 112/1098/353 432/1099/353 861/661/353 648/658/353
f 432/1099/354 3/1100/354 265/662/354 861/661/354
f 468/674/355 862/657/355 649/660/355 148/675/355
f 32/1095/356 304/1101/356 862/657/356 468/674/356
f 304/1101/357 112/1098/357 648/658/357 862/657/357
f 340/118/358 863/653/358 342/656/358 55/119/358
f 148/675/359 649/660/359 863/653/359 340/118/359
f 649/660/360 228/659/360 647/654/360 863/653/360
f 644/646/361 864/649/361 646/652/361 227/647/361
f 153/631/362 473/132/362 864/649/362 644/646/362
f 473/132/363 56/131/363 471/650/363 864/649/363
f 406/1102/364 865/645/364 645/648/364 86/1103/364
f 38/1104/365 345/632/365 865/645/365 406/1102/365
f 345/632/366 153/631/366 644/646/366 865/645/366
f 278/1105/367 866/641/367 285/644/367 16/1106/367
f 86/1103/368 645/648/368 866/641/368 278/1105/368
f 645/648/369 227/647/369 643/642/369 866/641/369
f 640/634/370 867/637/370 642/640/370 226/635/370
f 70/1107/371 390/1108/371 867/637/371 640/634/371
f 390/1108/372 22/1109/372 472/638/372 867/637/372
f 438/1110/373 868/633/373 641/636/373 118/1111/373
f 1/1112/374 262/1113/374 868/633/374 438/1110/374
f 262/1113/375 70/1107/375 640/634/375 868/633/375
f 310/1114/376 869/629/376 345/632/376 38/1104/376
f 118/1111/377 641/636/377 869/629/377 310/1114/377
f 641/636/378 226/635/378 639/630/378 869/629/378
f 636/622/379 870/625/379 638/628/379 225/623/379
f 102/1115/380 422/1116/380 870/625/380 636/622/380
f 422/1116/381 10/1096/381 444/626/381 870/625/381
f 472/638/382 871/621/382 637/624/382 152/639/382
f 22/1109/383 294/1117/383 871/621/383 472/638/383
f 294/1117/384 102/1115/384 636/622/384 871/621/384
f 344/130/385 872/617/385 346/620/385 56/131/385
f 152/639/386 637/624/386 872/617/386 344/130/386
f 637/624/387 225/623/387 635/618/387 872/617/387
f 632/610/388 873/613/388 634/616/388 224/611/388
f 157/595/389 477/144/389 873/613/389 632/610/389
f 477/144/390 57/143/390 475/614/390 873/613/390
f 398/1118/391 874/609/391 633/612/391 78/1119/391
f 30/1120/392 349/596/392 874/609/392 398/1118/392
f 349/596/393 157/595/393 632/610/393 874/609/393
f 270/1121/394 875/605/394 436/608/394 5/1122/394
f 78/1119/395 633/612/395 875/605/395 270/1121/395
f 633/612/396 224/611/396 631/606/396 875/605/396
f 628/598/397 876/601/397 630/604/397 223/599/397
f 93/643/398 413/128/398 876/601/398 628/598/398
f 413/128/399 45/127/399 476/602/399 876/601/399
f 430/1123/400 877/597/400 629/600/400 110/1124/400
f 16/1106/401 285/644/401 877/597/401 430/1123/401
f 285/644/402 93/643/402 628/598/402 877/597/402
f 302/1125/403 878/593/403 349/596/403 30/1120/403
f 110/1124/404 629/600/404 878/593/404 302/1125/404
f 629/600/405 223/599/405 627/594/405 878/593/405
f 624/586/406 879/589/406 626/592/406 222/587/406
f 125/895/407 445/44/407 879/589/407 624/586/407
f 445/44/408 18/43/408 443/590/408 879/589/408
f 476/602/409 880/585/409 625/588/409 156/603/409
f 45/127/410 317/896/410 880/585/410 476/602/410
f 317/896/411 125/895/411 624/586/411 880/585/411
f 348/142/412 881/581/412 350/584/412 57/143/412
f 156/603/413 625/588/413 881/581/413 348/142/413
f 625/588/414 222/587/414 623/582/414 881/581/414
f 620/574/415 882/577/415 622/580/415 221/575/415
f 161/559/416 481/156/416 882/577/416 620/574/416
f 481/156/417 58/155/417 479/578/417 882/577/417
f 408/938/418 883/573/418 621/576/418 88/939/418
f 40/171/419 353/560/419 883/573/419 408/938/419
f 353/560/420 161/559/420 620/574/420 883/573/420
f 280/30/421 884/569/421 282/572/421 17/31/421
f 88/939/422 621/576/422 884/569/422 280/30/422
f 621/576/423 221/575/423 619/570/423 884/569/423
f 616/562/424 885/565/424 618/568/424 220/563/424
f 83/1126/425 403/1127/425 885/565/425 616/562/425
f 403/1127/426 35/1128/426 480/566/426 885/565/426
f 440/518/427 886/561/427 617/564/427 120/519/427
f 13/1129/428 275/1130/428 886/561/428 440/518/428
f 275/1130/429 83/1126/429 616/562/429 886/561/429
f 312/170/430 887/557/430 353/560/430 40/171/430
f 120/519/431 617/564/431 887/557/431 312/170/431
f 617/564/432 220/563/432 615/558/432 887/557/432
f 612/550/433 888/553/433 614/556/433 219/551/433
f 115/1131/434 435/1132/434 888/553/434 612/550/434
f 435/1132/435 8/1133/435 263/554/435 888/553/435
f 480/566/436 889/549/436 613/552/436 160/567/436
f 35/1128/437 307/1134/437 889/549/437 480/566/437
f 307/1134/438 115/1131/438 612/550/438 889/549/438
f 352/154/439 890/545/439 354/548/439 58/155/439
f 160/567/440 613/552/440 890/545/440 352/154/440
f 613/552/441 219/551/441 611/546/441 890/545/441
f 608/538/442 891/541/442 610/544/442 218/539/442
f 165/523/443 485/168/443 891/541/443 608/538/443
f 485/168/444 59/167/444 483/542/444 891/541/444
f 405/1135/445 892/537/445 609/540/445 85/1136/445
f 37/1137/446 357/524/446 892/537/446 405/1135/446
f 357/524/447 165/523/447 608/538/447 892/537/447
f 277/1138/448 893/533/448 281/536/448 15/1139/448
f 85/1136/449 609/540/449 893/533/449 277/1138/449
f 609/540/450 218/539/450 607/534/450 893/533/450
f 604/526/451 894/529/451 606/532/451 217/527/451
f 74/1140/452 394/1141/452 894/529/452 604/526/452
f 394/1141/453 26/1142/453 484/530/453 894/529/453
f 437/1143/454 895/525/454 605/528/454 117/1144/454
f 6/1145/455 266/1146/455 895/525/455 437/1143/455
f 266/1146/456 74/1140/456 604/526/456 895/525/456
f 309/1147/457 896/521/457 357/524/457 37/1137/457
f 117/1144/458 605/528/458 896/521/458 309/1147/458
f 605/528/459 217/527/459 603/522/459 896/521/459
f 600/514/460 897/517/460 602/520/460 216/515/460
f 106/1148/461 426/1149/461 897/517/461 600/514/461
f 426/1149/462 13/1129/462 440/518/462 897/517/462
f 484/530/463 898/513/463 601/516/463 164/531/463
f 26/1142/464 298/1150/464 898/513/464 484/530/464
f 298/1150/465 106/1148/465 600/514/465 898/513/465
f 356/166/466 899/509/466 358/512/466 59/167/466
f 164/531/467 601/516/467 899/509/467 356/166/467
f 601/516/468 216/515/468 599/510/468 899/509/468
f 596/502/469 900/505/469 598/508/469 215/503/469
f 169/487/470 489/180/470 900/505/470 596/502/470
f 489/180/471 60/179/471 487/506/471 900/505/471
f 397/1151/472 901/501/472 597/504/472 77/1152/472
f 29/1153/473 361/488/473 901/501/473 397/1151/473
f 361/488/474 169/487/474 596/502/474 901/501/474
f 269/1154/475 902/497/475 431/500/475 2/1155/475
f 77/1152/476 597/504/476 902/497/476 269/1154/476
f 597/504/477 215/503/477 595/498/477 902/497/477
f 592/490/478 903/493/478 594/496/478 214/491/478
f 89/535/479 409/164/479 903/493/479 592/490/479
f 409/164/480 41/163/480 488/494/480 903/493/480
f 429/1156/481 904/489/481 593/492/481 109/1157/481
f 15/1139/482 281/536/482 904/489/482 429/1156/482
f 281/536/483 89/535/483 592/490/483 904/489/483
f 301/1158/484 905/485/484 361/488/484 29/1153/484
f 109/1157/485 593/492/485 905/485/485 301/1158/485
f 593/492/486 214/491/486 591/486/486 905/485/486
f 588/478/487 906/481/487 590/484/487 213/479/487
f 121/931/488 441/32/488 906/481/488 588/478/488
f 441/32/489 17/31/489 439/482/489 906/481/489
f 488/494/490 907/477/490 589/480/490 168/495/490
f 41/163/491 313/932/491 907/477/491 488/494/491
f 313/932/492 121/931/492 588/478/492 907/477/492
f 360/178/493 908/473/493 362/476/493 60/179/493
f 168/495/494 589/480/494 908/473/494 360/178/494
f 589/480/495 213/479/495 587/474/495 908/473/495
f 584/466/496 909/469/496 586/472/496 212/467/496
f 173/451/497 493/192/497 909/469/497 584/466/497
f 493/192/498 61/191/498 491/470/498 909/469/498
f 407/950/499 910/465/499 585/468/499 87/951/499
f 39/183/500 365/452/500 910/465/500 407/950/500
f 365/452/501 173/451/501 584/466/501 910/465/501
f 279/26/502 911/461/502 420/464/502 9/27/502
f 87/951/503 585/468/503 911/461/503 279/26/503
f 585/468/504 212/467/504 583/462/504 911/461/504
f 580/454/505 912/457/505 582/460/505 211/455/505
f 90/571/506 410/152/506 912/457/506 580/454/506
f 410/152/507 42/151/507 492/458/507 912/457/507
f 439/482/508 913/453/508 581/456/508 119/483/508
f 17/31/509 282/572/509 913/453/509 439/482/509
f 282/572/510 90/571/510 580/454/510 913/453/510
f 311/182/511 914/449/511 365/452/511 39/183/511
f 119/483/512 581/456/512 914/449/512 311/182/512
f 581/456/513 211/455/513 579/450/513 914/449/513
f 576/442/514 915/445/514 578/448/514 210/443/514
f 122/919/515 442/36/515 915/445/515 576/442/515
f 442/36/516 11/35/516 273/446/516 915/445/516
f 492/458/517 916/441/517 577/444/517 172/459/517
f 42/151/518 314/920/518 916/441/518 492/458/518
f 314/920/519 122/919/519 576/442/519 916/441/519
f 364/190/520 917/437/520 366/440/520 61/191/520
f 172/459/521 577/444/521 917/437/521 364/190/521
f 577/444/522 210/443/522 575/438/522 917/437/522
f 572/430/523 918/433/523 574/436/523 209/431/523
f 177/415/524 497/204/524 918/433/524 572/430/524
f 497/204/525 62/203/525 495/434/525 918/433/525
f 411/914/526 919/429/526 573/432/526 91/915/526
f 43/147/527 369/416/527 919/429/527 411/914/527
f 369/416/528 177/415/528 572/430/528 919/429/528
f 283/38/529 920/425/529 428/428/529 14/39/529
f 91/915/530 573/432/530 920/425/530 283/38/530
f 573/432/531 209/431/531 571/426/531 920/425/531
f 568/418/532 921/421/532 570/424/532 208/419/532
f 94/679/533 414/116/533 921/421/533 568/418/533
f 414/116/534 46/115/534 496/422/534 921/421/534
f 443/590/535 922/417/535 569/420/535 123/591/535
f 18/43/536 286/680/536 922/417/536 443/590/536
f 286/680/537 94/679/537 568/418/537 922/417/537
f 315/146/538 923/413/538 369/416/538 43/147/538
f 123/591/539 569/420/539 923/413/539 315/146/539
f 569/420/540 208/419/540 567/414/540 923/413/540
f 564/406/541 924/409/541 566/412/541 207/407/541
f 126/883/542 446/48/542 924/409/542 564/406/542
f 446/48/543 12/47/543 274/410/543 924/409/543
f 496/422/544 925/405/544 565/408/544 176/423/544
f 46/115/545 318/884/545 925/405/545 496/422/545
f 318/884/546 126/883/546 564/406/546 925/405/546
f 368/202/547 926/401/547 370/404/547 62/203/547
f 176/423/548 565/408/548 926/401/548 368/202/548
f 565/408/549 207/407/549 563/402/549 926/401/549
f 560/394/550 927/397/550 562/400/550 206/395/550
f 181/379/550 501/216/550 927/397/550 560/394/550
f 501/216/54 63/215/54 499/398/54 927/397/54
f 415/878/551 928/393/551 561/396/551 95/879/551
f 47/111/551 373/380/551 928/393/551 415/878/551
f 373/380/75 181/379/75 560/394/75 928/393/75
f 287/50/552 929/389/552 278/392/552 16/51/552
f 95/879/551 561/396/551 929/389/551 287/50/551
f 561/396/75 206/395/75 559/390/75 929/389/75
f 556/382/550 930/385/550 558/388/550 205/383/550
f 109/1159/553 301/1160/553 930/385/553 556/382/553
f 301/1160/554 29/1161/554 500/386/554 930/385/554
f 447/698/551 931/381/551 557/384/551 127/699/551
f 15/1091/555 429/1162/555 931/381/555 447/698/555
f 429/1162/556 109/1159/556 556/382/556 931/381/556
f 319/110/551 932/377/551 373/380/551 47/111/551
f 127/699/551 557/384/551 932/377/551 319/110/551
f 557/384/75 205/383/75 555/378/75 932/377/75
f 552/370/203 933/373/203 554/376/203 204/371/203
f 77/1163/557 269/1164/557 933/373/557 552/370/557
f 269/1164/558 2/1165/558 259/374/558 933/373/558
f 500/386/204 934/369/204 553/372/204 180/387/204
f 29/1161/559 397/1166/559 934/369/559 500/386/559
f 397/1166/560 77/1163/560 552/370/560 934/369/560
f 372/214/204 935/365/204 374/368/204 63/215/204
f 180/387/204 553/372/204 935/365/204 372/214/204
f 553/372/74 204/371/74 551/366/74 935/365/74
f 548/358/561 936/361/561 550/364/561 203/359/561
f 185/343/561 505/228/561 936/361/561 548/358/561
f 505/228/57 64/227/57 503/362/57 936/361/57
f 416/866/562 937/357/562 549/360/562 96/867/562
f 48/99/562 377/344/562 937/357/562 416/866/562
f 377/344/72 185/343/72 548/358/72 937/357/72
f 288/54/563 938/353/563 276/356/563 14/55/563
f 96/867/562 549/360/562 938/353/562 288/54/562
f 549/360/72 203/359/72 547/354/72 938/353/72
f 544/346/561 939/349/561 546/352/561 202/347/561
f 106/1167/564 298/1168/564 939/349/564 544/346/564
f 298/1168/565 26/1169/565 504/350/565 939/349/565
f 448/734/562 940/345/562 545/348/562 128/735/562
f 13/1074/566 426/1170/566 940/345/566 448/734/566
f 426/1170/567 106/1167/567 544/346/567 940/345/567
f 320/98/562 941/341/562 377/344/562 48/99/562
f 128/735/562 545/348/562 941/341/562 320/98/562
f 545/348/72 202/347/72 543/342/72 941/341/72
f 540/334/200 942/337/200 542/340/200 201/335/200
f 74/1171/568 266/1172/568 942/337/568 540/334/568
f 266/1172/569 6/1173/569 427/338/569 942/337/569
f 504/350/201 943/333/201 541/336/201 184/351/201
f 26/1169/570 394/1174/570 943/333/570 504/350/570
f 394/1174/571 74/1171/571 540/334/571 943/333/571
f 376/226/201 944/329/201 378/332/201 64/227/201
f 184/351/201 541/336/201 944/329/201 376/226/201
f 541/336/71 201/335/71 539/330/71 944/329/71
f 536/322/572 945/325/572 538/328/572 200/323/572
f 189/307/572 509/240/572 945/325/572 536/322/572
f 509/240/60 65/239/60 507/326/60 945/325/60
f 417/854/573 946/321/573 537/324/573 97/855/573
f 49/87/573 381/308/573 946/321/573 417/854/573
f 381/308/69 189/307/69 536/322/69 946/321/69
f 289/58/574 947/317/574 274/320/574 12/59/574
f 97/855/573 537/324/573 947/317/573 289/58/573
f 537/324/69 200/323/69 535/318/69 947/317/69
f 532/310/572 948/313/572 534/316/572 199/311/572
f 103/1175/575 295/1176/575 948/313/575 532/310/575
f 295/1176/576 23/1177/576 508/314/576 948/313/576
f 449/770/573 949/309/573 533/312/573 129/771/573
f 11/1057/577 423/1178/577 949/309/577 449/770/577
f 423/1178/578 103/1175/578 532/310/578 949/309/578
f 321/86/573 950/305/573 381/308/573 49/87/573
f 129/771/573 533/312/573 950/305/573 321/86/573
f 533/312/69 199/311/69 531/306/69 950/305/69
f 528/298/197 951/301/197 530/304/197 198/299/197
f 71/1179/579 263/1180/579 951/301/579 528/298/579
f 263/1180/580 8/1181/580 424/302/580 951/301/580
f 508/314/198 952/297/198 529/300/198 188/315/198
f 23/1177/581 391/1182/581 952/297/581 508/314/581
f 391/1182/582 71/1179/582 528/298/582 952/297/582
f 380/238/198 953/293/198 382/296/198 65/239/198
f 188/315/198 529/300/198 953/293/198 380/238/198
f 529/300/68 198/299/68 527/294/68 953/293/68
f 524/286/583 954/289/583 526/292/583 197/287/583
f 193/271/583 513/252/583 954/289/583 524/286/583
f 513/252/63 66/251/63 511/290/63 954/289/63
f 418/842/584 955/285/584 525/288/584 98/843/584
f 50/75/584 385/272/584 955/285/584 418/842/584
f 385/272/66 193/271/66 524/286/66 955/285/66
f 290/62/585 956/281/585 272/284/585 10/63/585
f 98/843/584 525/288/584 956/281/584 290/62/584
f 525/288/66 197/287/66 523/282/66 956/281/66
f 520/274/583 957/277/583 522/280/583 196/275/583
f 100/1183/586 292/1184/586 957/277/586 520/274/586
f 292/1184/587 20/1185/587 512/278/587 957/277/587
f 450/806/584 958/273/584 521/276/584 130/807/584
f 9/1040/588 420/1186/588 958/273/588 450/806/588
f 420/1186/589 100/1183/589 520/274/589 958/273/589
f 322/74/584 959/269/584 385/272/584 50/75/584
f 130/807/584 521/276/584 959/269/584 322/74/584
f 521/276/66 196/275/66 519/270/66 959/269/66
f 516/262/194 960/265/194 518/268/194 195/263/194
f 68/1187/590 260/1188/590 960/265/590 516/262/590
f 260/1188/591 4/1189/591 421/266/591 960/265/591
f 512/278/195 961/261/195 517/264/195 192/279/195
f 20/1185/592 388/1190/592 961/261/592 512/278/592
f 388/1190/593 68/1187/593 516/262/593 961/261/593
f 384/250/195 962/257/195 386/260/195 66/251/195
f 192/279/195 517/264/195 962/257/195 384/250/195
f 517/264/65 195/263/65 515/258/65 962/257/65
f 515/258/194 963/253/194 514/256/194 194/259/194
f 195/263/194 518/268/194 963/253/194 515/258/194
f 518/268/64 101/267/64 293/254/64 963/253/64
f 519/270/583 964/249/583 513/252/583 193/271/583
f 196/275/583 522/280/583 964/249/583 519/270/583
f 522/280/63 192/279/63 384/250/63 964/249/63
f 523/282/594 965/245/594 400/248/594 80/283/594
f 197/287/583 526/292/583 965/245/583 523/282/583
f 526/292/63 191/291/63 383/246/63 965/245/63
f 527/294/197 966/241/197 510/244/197 190/295/197
f 198/299/197 530/304/197 966/241/197 527/294/197
f 530/304/61 104/303/61 296/242/61 966/241/61
f 531/306/572 967/237/572 509/240/572 189/307/572
f 199/311/572 534/316/572 967/237/572 531/306/572
f 534/316/60 188/315/60 380/238/60 967/237/60
f 535/318/595 968/233/595 402/236/595 82/319/595
f 200/323/572 538/328/572 968/233/572 535/318/572
f 538/328/60 187/327/60 379/234/60 968/233/60
f 539/330/200 969/229/200 506/232/200 186/331/200
f 201/335/200 542/340/200 969/229/200 539/330/200
f 542/340/58 107/339/58 299/230/58 969/229/58
f 543/342/561 970/225/561 505/228/561 185/343/561
f 202/347/561 546/352/561 970/225/561 543/342/561
f 546/352/57 184/351/57 376/226/57 970/225/57
f 547/354/596 971/221/596 404/224/596 84/355/596
f 203/359/561 550/364/561 971/221/561 547/354/561
f 550/364/57 183/363/57 375/222/57 971/221/57
f 551/366/203 972/217/203 502/220/203 182/367/203
f 204/371/203 554/376/203 972/217/203 551/366/203
f 554/376/55 67/375/55 387/218/55 972/217/55
f 555/378/550 973/213/550 501/216/550 181/379/550
f 205/383/550 558/388/550 973/213/550 555/378/550
f 558/388/54 180/387/54 372/214/54 973/213/54
f 559/390/597 974/209/597 406/212/597 86/391/597
f 206/395/550 562/400/550 974/209/550 559/390/550
f 562/400/54 179/399/54 371/210/54 974/209/54
f 563/402/598 975/205/598 498/208/598 178/403/598
f 207/407/599 566/412/599 975/205/599 563/402/599
f 566/412/600 82/411/600 402/206/600 975/205/600
f 567/414/601 976/201/601 497/204/601 177/415/601
f 208/419/602 570/424/602 976/201/602 567/414/602
f 570/424/603 176/423/603 368/202/603 976/201/603
f 571/426/604 977/197/604 300/200/604 108/427/604
f 209/431/605 574/436/605 977/197/605 571/426/605
f 574/436/606 175/435/606 367/198/606 977/197/606
f 575/438/607 978/193/607 494/196/607 174/439/607
f 210/443/608 578/448/608 978/193/608 575/438/608
f 578/448/609 81/447/609 401/194/609 978/193/609
f 579/450/610 979/189/610 493/192/610 173/451/610
f 211/455/611 582/460/611 979/189/611 579/450/611
f 582/460/612 172/459/612 364/190/612 979/189/612
f 583/462/613 980/185/613 292/188/613 100/463/613
f 212/467/614 586/472/614 980/185/614 583/462/614
f 586/472/615 171/471/615 363/186/615 980/185/615
f 587/474/616 981/181/616 490/184/616 170/475/616
f 213/479/617 590/484/617 981/181/617 587/474/617
f 590/484/618 119/483/618 311/182/618 981/181/618
f 591/486/619 982/177/619 489/180/619 169/487/619
f 214/491/620 594/496/620 982/177/620 591/486/620
f 594/496/621 168/495/621 360/178/621 982/177/621
f 595/498/622 983/173/622 303/176/622 111/499/622
f 215/503/623 598/508/623 983/173/623 595/498/623
f 598/508/624 167/507/624 359/174/624 983/173/624
f 599/510/625 984/169/625 486/172/625 166/511/625
f 216/515/626 602/520/626 984/169/626 599/510/626
f 602/520/627 120/519/627 312/170/627 984/169/627
f 603/522/628 985/165/628 485/168/628 165/523/628
f 217/527/629 606/532/629 985/165/629 603/522/629
f 606/532/630 164/531/630 356/166/630 985/165/630
f 607/534/631 986/161/631 409/164/631 89/535/631
f 218/539/632 610/544/632 986/161/632 607/534/632
f 610/544/633 163/543/633 355/162/633 986/161/633
f 611/546/634 987/157/634 482/160/634 162/547/634
f 219/551/635 614/556/635 987/157/635 611/546/635
f 614/556/636 71/555/636 391/158/636 987/157/636
f 615/558/637 988/153/637 481/156/637 161/559/637
f 220/563/638 618/568/638 988/153/638 615/558/638
f 618/568/639 160/567/639 352/154/639 988/153/639
f 619/570/640 989/149/640 410/152/640 90/571/640
f 221/575/641 622/580/641 989/149/641 619/570/641
f 622/580/642 159/579/642 351/150/642 989/149/642
f 623/582/643 990/145/643 478/148/643 158/583/643
f 222/587/644 626/592/644 990/145/644 623/582/644
f 626/592/645 123/591/645 315/146/645 990/145/645
f 627/594/646 991/141/646 477/144/646 157/595/646
f 223/599/647 630/604/647 991/141/647 627/594/647
f 630/604/648 156/603/648 348/142/648 991/141/648
f 631/606/649 992/137/649 308/140/649 116/607/649
f 224/611/650 634/616/650 992/137/650 631/606/650
f 634/616/651 155/615/651 347/138/651 992/137/651
f 635/618/652 993/133/652 474/136/652 154/619/652
f 225/623/653 638/628/653 993/133/653 635/618/653
f 638/628/654 124/627/654 316/134/654 993/133/654
f 639/630/655 994/129/655 473/132/655 153/631/655
f 226/635/656 642/640/656 994/129/656 639/630/656
f 642/640/657 152/639/657 344/130/657 994/129/657
f 643/642/658 995/125/658 413/128/658 93/643/658
f 227/647/659 646/652/659 995/125/659 643/642/659
f 646/652/660 151/651/660 343/126/660 995/125/660
f 647/654/661 996/121/661 470/124/661 150/655/661
f 228/659/662 650/664/662 996/121/662 647/654/662
f 650/664/663 73/663/663 393/122/663 996/121/663
f 651/666/664 997/117/664 469/120/664 149/667/664
f 229/671/665 654/676/665 997/117/665 651/666/665
f 654/676/666 148/675/666 340/118/666 997/117/666
f 655/678/667 998/113/667 414/116/667 94/679/667
f 230/683/668 658/688/668 998/113/668 655/678/668
f 658/688/669 147/687/669 339/114/669 998/113/669
f 659/690/278 999/109/278 466/112/278 146/691/278
f 231/695/278 662/700/278 999/109/278 659/690/278
f 662/700/28 127/699/28 319/110/28 999/109/28
f 663/702/323 1000/105/323 465/108/323 145/703/323
f 232/707/323 666/712/323 1000/105/323 663/702/323
f 666/712/27 144/711/27 336/106/27 1000/105/27
f 667/714/670 1001/101/670 398/104/670 78/715/670
f 233/719/323 670/724/323 1001/101/323 667/714/323
f 670/724/27 143/723/27 335/102/27 1001/101/27
f 671/726/281 1002/97/281 462/100/281 142/727/281
f 234/731/281 674/736/281 1002/97/281 671/726/281
f 674/736/25 128/735/25 320/98/25 1002/97/25
f 675/738/312 1003/93/312 461/96/312 141/739/312
f 235/743/312 678/748/312 1003/93/312 675/738/312
f 678/748/24 140/747/24 332/94/24 1003/93/24
f 679/750/671 1004/89/671 396/92/671 76/751/671
f 236/755/312 682/760/312 1004/89/312 679/750/312
f 682/760/24 139/759/24 331/90/24 1004/89/24
f 683/762/284 1005/85/284 458/88/284 138/763/284
f 237/767/284 686/772/284 1005/85/284 683/762/284
f 686/772/22 129/771/22 321/86/22 1005/85/22
f 687/774/301 1006/81/301 457/84/301 137/775/301
f 238/779/301 690/784/301 1006/81/301 687/774/301
f 690/784/21 136/783/21 328/82/21 1006/81/21
f 691/786/672 1007/77/672 393/80/672 73/787/672
f 239/791/301 694/796/301 1007/77/301 691/786/301
f 694/796/21 135/795/21 327/78/21 1007/77/21
f 695/798/287 1008/73/287 454/76/287 134/799/287
f 240/803/287 698/808/287 1008/73/287 695/798/287
f 698/808/19 130/807/19 322/74/19 1008/73/19
f 699/810/290 1009/69/290 453/72/290 133/811/290
f 241/815/290 702/820/290 1009/69/290 699/810/290
f 702/820/18 132/819/18 324/70/18 1009/69/18
f 703/822/673 1010/65/673 390/68/673 70/823/673
f 242/827/290 706/832/290 1010/65/290 703/822/290
f 706/832/18 131/831/18 323/66/18 1010/65/18
f 707/834/674 1011/61/674 422/64/674 102/835/674
f 243/839/287 710/844/287 1011/61/287 707/834/287
f 710/844/19 98/843/19 290/62/19 1011/61/19
f 711/846/675 1012/57/675 425/60/675 105/847/675
f 244/851/284 714/856/284 1012/57/284 711/846/284
f 714/856/22 97/855/22 289/58/22 1012/57/22
f 715/858/676 1013/53/676 428/56/676 108/859/676
f 245/863/281 718/868/281 1013/53/281 715/858/281
f 718/868/25 96/867/25 288/54/25 1013/53/25
f 719/870/677 1014/49/677 430/52/677 110/871/677
f 246/875/278 722/880/278 1014/49/278 719/870/278
f 722/880/28 95/879/28 287/50/28 1014/49/28
f 723/882/678 1015/45/678 446/48/678 126/883/678
f 247/887/679 726/892/679 1015/45/679 723/882/679
f 726/892/680 105/891/680 425/46/680 1015/45/680
f 727/894/681 1016/41/681 445/44/681 125/895/681
f 248/899/682 730/904/682 1016/41/682 727/894/682
f 730/904/683 92/903/683 284/42/683 1016/41/683
f 731/906/684 1017/37/684 276/40/684 84/907/684
f 249/911/685 734/916/685 1017/37/685 731/906/685
f 734/916/686 91/915/686 283/38/686 1017/37/686
f 735/918/687 1018/33/687 442/36/687 122/919/687
f 250/923/688 738/928/688 1018/33/688 735/918/688
f 738/928/689 103/927/689 423/34/689 1018/33/689
f 739/930/690 1019/29/690 441/32/690 121/931/690
f 251/935/691 742/940/691 1019/29/691 739/930/691
f 742/940/692 88/939/692 280/30/692 1019/29/692
f 743/942/693 1020/25/693 271/28/693 79/943/693
f 252/947/694 746/952/694 1020/25/694 743/942/694
f 746/952/695 87/951/695 279/26/695 1020/25/695
f 747/954/696 1021/21/696 260/24/696 68/955/696
f 253/959/697 750/964/697 1021/21/697 747/954/697
f 750/964/698 113/963/698 433/22/698 1021/21/698
f 751/966/699 1022/17/699 268/20/699 76/967/699
f 254/971/700 754/976/700 1022/17/700 751/966/700
f 754/976/701 114/975/701 434/18/701 1022/17/701
f 755/978/702 1023/13/702 438/16/702 118/979/702
f 255/983/203 758/988/203 1023/13/203 755/978/203
f 758/988/55 99/987/55 419/14/55 1023/13/55
f 759/990/703 1024/9/703 436/12/703 116/991/703
f 256/995/200 762/1000/200 1024/9/200 759/990/200
f 762/1000/58 75/999/58 267/10/58 1024/9/58
f 763/1002/704 1025/5/704 434/8/704 114/1003/704
f 257/1007/197 766/1012/197 1025/5/197 763/1002/197
f 766/1012/61 72/1011/61 264/6/61 1025/5/61
f 767/1014/705 1026/1/705 432/4/705 112/1015/705
f 258/1019/194 770/1024/194 1026/1/194 767/1014/194
f 770/1024/64 69/1023/64 261/2/64 1026/1/64
o Cube.002_Cube.005
v -1.002002 -0.019260 0.501695
v -1.002002 0.016544 0.501695
v -1.000952 -0.018451 0.413870
v -1.000952 0.015735 0.413870
v 1.001097 -0.018563 0.500790
v 1.001097 0.015846 0.500790
v 1.001572 -0.018929 0.413250
v 1.001572 0.016213 0.413250
v -1.005349 0.019122 0.457258
v -1.005349 -0.021839 0.457258
v 0.000000 0.016389 0.413021
v 0.000000 -0.019106 0.413021
v 1.002994 0.017308 0.457258
v 1.002994 -0.020024 0.457258
v 0.000000 0.017105 0.502424
v 0.000000 -0.019821 0.502424
v 0.000000 0.020013 0.457258
v 0.000000 -0.022729 0.457258
v -1.003271 -0.001358 0.502965
v -1.002404 0.016853 0.437864
v -1.001986 -0.001358 0.412837
v -1.004319 -0.021045 0.476652
v 0.498176 0.016017 0.413505
v 1.002746 -0.001358 0.412077
v -0.498176 -0.018705 0.413541
v 1.003975 0.018064 0.476652
v 1.002163 -0.001358 0.501856
v 1.003780 -0.020630 0.437864
v -0.498176 0.017200 0.502547
v 0.498176 -0.020057 0.502730
v -1.004319 0.018329 0.476652
v -1.002404 -0.019569 0.437864
v -0.498176 0.015989 0.413541
v 0.498176 -0.018733 0.413505
v 1.003780 0.017914 0.437864
v 1.003975 -0.020780 0.476652
v 0.498176 0.017340 0.502730
v -0.498176 -0.019916 0.502547
v -0.498176 0.018547 0.457258
v 0.498176 0.019685 0.457258
v 0.000000 0.019287 0.476652
v 0.000000 0.019267 0.437864
v 0.498176 -0.022402 0.457258
v -0.498176 -0.021263 0.457258
v 0.000000 -0.022003 0.476652
v 0.000000 -0.021983 0.437864
v 0.000000 -0.001358 0.505066
v 1.005745 -0.001358 0.457258
v 0.000000 -0.001358 0.410764
v -1.009076 -0.001358 0.457258
v -1.007619 -0.001358 0.476652
v -0.498176 -0.001358 0.411499
v 1.006858 -0.001358 0.437864
v 0.498176 -0.001358 0.505498
v -0.498176 -0.020938 0.437864
v -0.498176 -0.020939 0.476652
v 0.498176 -0.019754 0.476652
v 0.498176 0.018879 0.437864
v 0.498176 0.017038 0.476652
v -0.498176 0.018223 0.476652
v -0.498176 0.018222 0.437864
v 0.498176 -0.021595 0.437864
v -0.498176 -0.001358 0.505240
v 1.007133 -0.001358 0.476652
v 0.498176 -0.001358 0.411448
v -1.004910 -0.001358 0.437864
v -1.003271 0.005417 0.502965
v -1.002830 0.017182 0.428167
v -1.001986 -0.008133 0.412837
v -1.002195 -0.019408 0.486349
v 0.747264 0.015707 0.413906
v 1.002746 -0.008133 0.412077
v -0.747264 -0.018360 0.413988
v 1.003216 0.017479 0.486349
v 1.002163 -0.008133 0.501856
v 1.002439 -0.019597 0.428167
v -0.747264 0.020730 0.507129
v 0.747264 -0.020755 0.503636
v -1.001333 0.016029 0.466955
v -1.002362 -0.019537 0.447561
v -0.249088 0.016997 0.412233
v 0.249088 -0.019200 0.412899
v 1.002277 0.016756 0.447561
v 1.003170 -0.020159 0.466955
v 0.249088 0.017516 0.502958
v -0.249088 -0.019038 0.501407
v -0.747264 0.018006 0.457258
v 0.249088 0.017660 0.457258
v 0.000000 0.018958 0.486349
v 0.000000 0.021233 0.447561
v 0.747264 -0.022693 0.457258
v -0.249088 -0.021755 0.457258
v 0.000000 -0.021674 0.486349
v 0.000000 -0.023949 0.447561
v 0.000000 -0.008133 0.505066
v 1.005745 -0.008133 0.457258
v 0.000000 -0.008133 0.410764
v -1.009076 -0.008133 0.457258
v -1.003271 -0.008133 0.502965
v -1.002362 0.016821 0.447561
v -1.001986 0.005417 0.412837
v -1.001333 -0.018745 0.466955
v 0.249088 0.016484 0.412899
v 1.002746 0.005417 0.412077
v -0.249088 -0.019713 0.412233
v 1.003170 0.017443 0.466955
v 1.002163 0.005417 0.501856
v 1.002277 -0.019472 0.447561
v -0.249088 0.016322 0.501407
v 0.249088 -0.020233 0.502958
v -1.002195 0.016692 0.486349
v -1.002830 -0.019898 0.428167
v -0.747264 0.015644 0.413988
v 0.747264 -0.018424 0.413906
v 1.002439 0.016881 0.428167
v 1.003216 -0.020195 0.486349
v 0.747264 0.018039 0.503636
v -0.747264 -0.023446 0.507129
v -0.249088 0.019039 0.457258
v 0.747264 0.019977 0.457258
v 0.000000 0.020748 0.466955
v 0.000000 0.018633 0.428167
v 0.249088 -0.020376 0.457258
v -0.747264 -0.020722 0.457258
v 0.000000 -0.023464 0.466955
v 0.000000 -0.021349 0.428167
v 0.000000 0.005417 0.505066
v 1.005745 0.005417 0.457258
v 0.000000 0.005417 0.410764
v -1.009076 0.005417 0.457258
v -1.007619 -0.008133 0.476652
v -1.007619 0.005417 0.476652
v -1.004615 -0.001358 0.486349
v -1.003396 -0.001358 0.466955
v -0.498176 -0.008133 0.411499
v -0.498176 0.005417 0.411499
v -0.747264 -0.001358 0.412132
v -0.249088 -0.001358 0.409649
v 1.006858 -0.008133 0.437864
v 1.006858 0.005417 0.437864
v 1.004961 -0.001358 0.428167
v 1.004732 -0.001358 0.447561
v 0.498176 -0.008133 0.505498
v 0.498176 0.005417 0.505498
v 0.747264 -0.001358 0.506781
v 0.249088 -0.001358 0.505821
v -0.249088 -0.022078 0.437864
v -0.747264 -0.022272 0.437864
v -0.498176 -0.022492 0.447561
v -0.498176 -0.022060 0.428167
v -0.249088 -0.021934 0.476652
v -0.747264 -0.022416 0.476652
v -0.498176 -0.020758 0.486349
v -0.498176 -0.021584 0.466955
v 0.747264 -0.020932 0.476652
v 0.249088 -0.021660 0.476652
v 0.498176 -0.021137 0.486349
v 0.498176 -0.021184 0.466955
v 0.249088 0.020045 0.437864
v 0.747264 0.020388 0.437864
v 0.498176 0.018973 0.447561
v 0.498176 0.021281 0.428167
v 0.249088 0.018943 0.476652
v 0.747264 0.018216 0.476652
v 0.498176 0.018420 0.486349
v 0.498176 0.018468 0.466955
v -0.747264 0.019700 0.476652
v -0.249088 0.019218 0.476652
v -0.498176 0.018042 0.486349
v -0.498176 0.018868 0.466955
v -0.747264 0.019556 0.437864
v -0.249088 0.019362 0.437864
v -0.498176 0.019776 0.447561
v -0.498176 0.019344 0.428167
v 0.747264 -0.023104 0.437864
v 0.249088 -0.022761 0.437864
v 0.498176 -0.021689 0.447561
v 0.498176 -0.023998 0.428167
v -0.498176 -0.008133 0.505240
v -0.498176 0.005417 0.505240
v -0.249088 -0.001358 0.503628
v -0.747264 -0.001358 0.511720
v 1.007133 -0.008133 0.476652
v 1.007133 0.005417 0.476652
v 1.005994 -0.001358 0.466955
v 1.006060 -0.001358 0.486349
v 0.498176 -0.008133 0.411448
v 0.498176 0.005417 0.411448
v 0.249088 -0.001358 0.410591
v 0.747264 -0.001358 0.412015
v -1.004910 -0.008133 0.437864
v -1.004910 0.005417 0.437864
v -1.004851 -0.001358 0.447561
v -1.005514 -0.001358 0.428167
v -1.005514 0.005417 0.428167
v -1.004851 0.005417 0.447561
v -1.004851 -0.008133 0.447561
v 0.747264 0.005417 0.412015
v 0.249088 0.005417 0.410591
v 0.249088 -0.008133 0.410591
v 1.006060 0.005417 0.486349
v 1.005994 0.005417 0.466955
v 1.005994 -0.008133 0.466955
v -0.747264 0.005417 0.511720
v -0.249088 0.005417 0.503628
v -0.249088 -0.008133 0.503628
v 0.249088 -0.021990 0.428167
v 0.249088 -0.021933 0.447561
v 0.747264 -0.022391 0.447561
v -0.249088 0.019350 0.428167
v -0.249088 0.018977 0.447561
v -0.747264 0.017856 0.447561
v -0.249088 0.018987 0.466955
v -0.249088 0.019014 0.486349
v -0.747264 0.017483 0.486349
v 0.747264 0.018605 0.466955
v 0.747264 0.017518 0.486349
v 0.249088 0.017513 0.486349
v 0.747264 0.020494 0.428167
v 0.747264 0.019674 0.447561
v 0.249088 0.019217 0.447561
v 0.249088 -0.021438 0.466955
v 0.249088 -0.020229 0.486349
v 0.747264 -0.020234 0.486349
v -0.747264 -0.019874 0.466955
v -0.747264 -0.020199 0.486349
v -0.249088 -0.021731 0.486349
v -0.747264 -0.022469 0.428167
v -0.747264 -0.020572 0.447561
v -0.249088 -0.021694 0.447561
v 0.249088 0.005417 0.505821
v 0.747264 0.005417 0.506781
v 0.747264 -0.008133 0.506781
v 1.004732 0.005417 0.447561
v 1.004961 0.005417 0.428167
v 1.004961 -0.008133 0.428167
v -0.249088 0.005417 0.409649
v -0.747264 0.005417 0.412132
v -0.747264 -0.008133 0.412132
v -1.003396 0.005417 0.466955
v -1.004615 0.005417 0.486349
v -1.004615 -0.008133 0.486349
v -1.003396 -0.008133 0.466955
v -0.249088 -0.008133 0.409649
v 1.004732 -0.008133 0.447561
v 0.249088 -0.008133 0.505821
v -0.249088 -0.022066 0.428167
v -0.249088 -0.021703 0.466955
v 0.747264 -0.021321 0.466955
v 0.249088 0.019274 0.428167
v 0.249088 0.018722 0.466955
v -0.747264 0.017158 0.466955
v -0.747264 0.019753 0.428167
v 0.747264 -0.023211 0.428167
v -0.747264 -0.008133 0.511720
v 1.006060 -0.008133 0.486349
v 0.747264 -0.008133 0.412015
v -1.005514 -0.008133 0.428167
v -1.003271 0.008804 0.502965
v -1.003640 0.017806 0.423319
v -1.001986 -0.011520 0.412837
v -1.003645 -0.020526 0.491197
v 0.871808 0.016591 0.412759
v 1.002746 -0.011520 0.412077
v -0.871808 -0.018570 0.413716
v 1.001035 0.015799 0.491197
v 1.002163 -0.011520 0.501856
v 1.003495 -0.020410 0.423319
v -0.871808 0.017431 0.502847
v 0.871808 -0.020138 0.502835
v -1.003475 0.017679 0.462107
v -1.002255 -0.019455 0.452410
v -0.124544 0.015827 0.413751
v 0.124544 -0.019978 0.411889
v 1.003646 0.017811 0.452410
v 1.001757 -0.019071 0.462107
v 0.124544 0.017540 0.502989
v -0.124544 -0.022477 0.505872
v -0.871808 0.019750 0.457258
v 0.124544 0.018892 0.457258
v 0.000000 0.019392 0.491197
v 0.000000 0.019337 0.452410
v 0.871808 -0.020024 0.457258
v -0.124544 -0.022079 0.457258
v 0.000000 -0.022108 0.491197
v 0.000000 -0.022053 0.452410
v 0.000000 -0.011520 0.505066
v 1.005745 -0.011520 0.457258
v 0.000000 -0.011520 0.410764
v -1.009076 -0.011520 0.457258
v -1.003271 -0.004745 0.502965
v -1.002639 0.017034 0.442713
v -1.001986 0.002029 0.412837
v -1.002728 -0.019819 0.471803
v 0.373632 0.016321 0.413109
v 1.002746 0.002029 0.412077
v -0.373632 -0.019252 0.412831
v 1.002544 0.016962 0.471803
v 1.002163 0.002029 0.501856
v 1.003988 -0.020790 0.442713
v -0.373632 0.016370 0.501470
v 0.373632 -0.019809 0.502408
v -1.002343 0.016807 0.481500
v -1.003871 -0.020700 0.433016
v -0.622720 0.016756 0.412545
v 0.622720 -0.019157 0.412954
v 1.001801 0.016389 0.433016
v 1.002170 -0.019389 0.481500
v 0.622720 0.018402 0.504107
v -0.622720 -0.019400 0.501877
v -0.373632 0.020493 0.457258
v 0.622720 0.019258 0.457258
v 0.000000 0.019245 0.471803
v 0.000000 0.017848 0.433016
v 0.373632 -0.022051 0.457258
v -0.622720 -0.022551 0.457258
v 0.000000 -0.021962 0.471803
v 0.000000 -0.020564 0.433016
v 0.000000 0.002029 0.505066
v 1.005745 0.002029 0.457258
v 0.000000 0.002029 0.410764
v -1.009076 0.002029 0.457258
v -1.007619 -0.011520 0.476652
v -1.007619 0.002029 0.476652
v -1.006666 -0.001358 0.491197
v -1.005369 -0.001358 0.471803
v -0.498176 -0.011520 0.411499
v -0.498176 0.002029 0.411499
v -0.871808 -0.001358 0.411747
v -0.373632 -0.001358 0.410495
v 1.006858 -0.011520 0.437864
v 1.006858 0.002029 0.437864
v 1.006454 -0.001358 0.423319
v 1.007151 -0.001358 0.442713
v 0.498176 -0.011520 0.505498
v 0.498176 0.002029 0.505498
v 0.871808 -0.001358 0.505647
v 0.373632 -0.001358 0.505043
v -0.124544 -0.021652 0.437864
v -0.622720 -0.024946 0.437864
v -0.498176 -0.021720 0.452410
v -0.498176 -0.023890 0.433016
v -0.124544 -0.021303 0.476652
v -0.622720 -0.021885 0.476652
v -0.498176 -0.020908 0.491197
v -0.498176 -0.021155 0.471803
v 0.871808 -0.021308 0.476652
v 0.373632 -0.021979 0.476652
v 0.498176 -0.022980 0.491197
v 0.498176 -0.021805 0.471803
v 0.124544 0.021569 0.437864
v 0.622720 0.019310 0.437864
v 0.498176 0.018231 0.452410
v 0.498176 0.019060 0.433016
v 0.124544 0.018723 0.476652
v 0.622720 0.020442 0.476652
v 0.498176 0.020264 0.491197
v 0.498176 0.019089 0.471803
v -0.871808 0.018631 0.476652
v -0.373632 0.017845 0.476652
v -0.498176 0.018191 0.491197
v -0.498176 0.018439 0.471803
v -0.871808 0.019359 0.437864
v -0.373632 0.019256 0.437864
v -0.498176 0.019004 0.452410
v -0.498176 0.021174 0.433016
v 0.871808 -0.023186 0.437864
v 0.373632 -0.022949 0.437864
v 0.498176 -0.020947 0.452410
v 0.498176 -0.021776 0.433016
v -0.498176 -0.011520 0.505240
v -0.498176 0.002029 0.505240
v -0.124544 -0.001358 0.509942
v -0.622720 -0.001358 0.504293
v 1.007133 -0.011520 0.476652
v 1.007133 0.002029 0.476652
v 1.003995 -0.001358 0.462107
v 1.004580 -0.001358 0.481500
v 0.498176 -0.011520 0.411448
v 0.498176 0.002029 0.411448
v 0.124544 -0.001358 0.409162
v 0.622720 -0.001358 0.410669
v -1.004910 -0.011520 0.437864
v -1.004910 0.002029 0.437864
v -1.004701 -0.001358 0.452410
v -1.006986 -0.001358 0.433016
v -1.003271 0.002029 0.502965
v -1.003871 0.017984 0.433016
v -1.001986 -0.004745 0.412837
v -1.002343 -0.019523 0.481500
v 0.622720 0.016441 0.412954
v 1.002746 -0.004745 0.412077
v -0.622720 -0.019472 0.412545
v 1.002170 0.016673 0.481500
v 1.002163 -0.004745 0.501856
v 1.001801 -0.019105 0.433016
v -0.622720 0.016684 0.501877
v 0.622720 -0.021118 0.504107
v -1.002728 0.017103 0.471803
v -1.002639 -0.019751 0.442713
v -0.373632 0.016536 0.412831
v 0.373632 -0.019038 0.413109
v 1.003988 0.018074 0.442713
v 1.002544 -0.019678 0.471803
v 0.373632 0.017092 0.502408
v -0.373632 -0.019086 0.501470
v -0.622720 0.019835 0.457258
v 0.373632 0.019334 0.457258
v 0.000000 0.018674 0.481500
v 0.000000 0.020115 0.442713
v 0.622720 -0.021974 0.457258
v -0.373632 -0.023209 0.457258
v 0.000000 -0.021391 0.481500
v 0.000000 -0.022831 0.442713
v 0.000000 -0.004745 0.505066
v 1.005745 -0.004745 0.457258
v 0.000000 -0.004745 0.410764
v -1.009076 -0.004745 0.457258
v -1.003271 -0.011520 0.502965
v -1.002255 0.016739 0.452410
v -1.001986 0.008804 0.412837
v -1.003475 -0.020395 0.462107
v 0.124544 0.017262 0.411889
v 1.002746 0.008804 0.412077
v -0.124544 -0.018543 0.413751
v 1.001757 0.016355 0.462107
v 1.002163 0.008804 0.501856
v 1.003646 -0.020527 0.452410
v -0.124544 0.019761 0.505872
v 0.124544 -0.020256 0.502989
v -1.003645 0.017809 0.491197
v -1.003640 -0.020522 0.423319
v -0.871808 0.015854 0.413716
v 0.871808 -0.019307 0.412759
v 1.003495 0.017694 0.423319
v 1.001035 -0.018515 0.491197
v 0.871808 0.017421 0.502835
v -0.871808 -0.020147 0.502847
v -0.124544 0.019363 0.457258
v 0.871808 0.017308 0.457258
v 0.000000 0.020768 0.462107
v 0.000000 0.018358 0.423319
v 0.124544 -0.021608 0.457258
v -0.871808 -0.022466 0.457258
v 0.000000 -0.023484 0.462107
v 0.000000 -0.021075 0.423319
v 0.000000 0.008804 0.505066
v 1.005745 0.008804 0.457258
v 0.000000 0.008804 0.410764
v -1.009076 0.008804 0.457258
v -1.007619 -0.004745 0.476652
v -1.007619 0.008804 0.476652
v -1.004825 -0.001358 0.481500
v -1.006425 -0.001358 0.462107
v -0.498176 -0.004745 0.411499
v -0.498176 0.008804 0.411499
v -0.622720 -0.001358 0.410091
v -0.124544 -0.001358 0.411796
v 1.006858 -0.004745 0.437864
v 1.006858 0.008804 0.437864
v 1.004058 -0.001358 0.433016
v 1.006668 -0.001358 0.452410
v 0.498176 -0.004745 0.505498
v 0.498176 0.008804 0.505498
v 0.622720 -0.001358 0.507446
v 0.124544 -0.001358 0.505865
v -0.373632 -0.021972 0.437864
v -0.871808 -0.022075 0.437864
v -0.498176 -0.022566 0.442713
v -0.498176 -0.021994 0.423319
v -0.373632 -0.020561 0.476652
v -0.871808 -0.021348 0.476652
v -0.498176 -0.020009 0.481500
v -0.498176 -0.022543 0.462107
v 0.622720 -0.023159 0.476652
v 0.124544 -0.021439 0.476652
v 0.498176 -0.020661 0.481500
v 0.498176 -0.020511 0.462107
v 0.373632 0.020233 0.437864
v 0.871808 0.020470 0.437864
v 0.498176 0.019969 0.442713
v 0.498176 0.020015 0.423319
v 0.373632 0.019263 0.476652
v 0.871808 0.018592 0.476652
v 0.498176 0.017944 0.481500
v 0.498176 0.017795 0.462107
v -0.622720 0.019169 0.476652
v -0.124544 0.018587 0.476652
v -0.498176 0.017293 0.481500
v -0.498176 0.019827 0.462107
v -0.622720 0.022230 0.437864
v -0.124544 0.018936 0.437864
v -0.498176 0.019850 0.442713
v -0.498176 0.019277 0.423319
v 0.622720 -0.022026 0.437864
v 0.124544 -0.024285 0.437864
v 0.498176 -0.022686 0.442713
v 0.498176 -0.022731 0.423319
v -0.498176 -0.004745 0.505240
v -0.498176 0.008804 0.505240
v -0.373632 -0.001358 0.503717
v -0.871808 -0.001358 0.505665
v 1.007133 -0.004745 0.476652
v 1.007133 0.008804 0.476652
v 1.005109 -0.001358 0.471803
v 1.002975 -0.001358 0.491197
v 0.498176 -0.004745 0.411448
v 0.498176 0.008804 0.411448
v 0.373632 -0.001358 0.410888
v 0.871808 -0.001358 0.410393
v -1.004910 -0.004745 0.437864
v -1.004910 0.008804 0.437864
v -1.005243 -0.001358 0.442713
v -1.006659 -0.001358 0.423319
v -1.005514 0.002029 0.428167
v -1.005514 0.008804 0.428167
v -1.006986 0.005417 0.433016
v -1.006659 0.005417 0.423319
v -1.004851 0.002029 0.447561
v -1.004851 0.008804 0.447561
v -1.004701 0.005417 0.452410
v -1.005243 0.005417 0.442713
v -1.004851 -0.011520 0.447561
v -1.004851 -0.004745 0.447561
v -1.004701 -0.008133 0.452410
v -1.005243 -0.008133 0.442713
v 0.747264 0.002029 0.412015
v 0.747264 0.008804 0.412015
v 0.622720 0.005417 0.410669
v 0.871808 0.005417 0.410393
v 0.249088 0.002029 0.410591
v 0.249088 0.008804 0.410591
v 0.124544 0.005417 0.409162
v 0.373632 0.005417 0.410888
v 0.249088 -0.011520 0.410591
v 0.249088 -0.004745 0.410591
v 0.124544 -0.008133 0.409162
v 0.373632 -0.008133 0.410888
v 1.006060 0.002029 0.486349
v 1.006060 0.008804 0.486349
v 1.004580 0.005417 0.481500
v 1.002975 0.005417 0.491197
v 1.005994 0.002029 0.466955
v 1.005994 0.008804 0.466955
v 1.003995 0.005417 0.462107
v 1.005109 0.005417 0.471803
v 1.005994 -0.011520 0.466955
v 1.005994 -0.004745 0.466955
v 1.003995 -0.008133 0.462107
v 1.005109 -0.008133 0.471803
v -0.747264 0.002029 0.511720
v -0.747264 0.008804 0.511720
v -0.622720 0.005417 0.504293
v -0.871808 0.005417 0.505665
v -0.249088 0.002029 0.503628
v -0.249088 0.008804 0.503628
v -0.124544 0.005417 0.509942
v -0.373632 0.005417 0.503717
v -0.249088 -0.011520 0.503628
v -0.249088 -0.004745 0.503628
v -0.124544 -0.008133 0.509942
v -0.373632 -0.008133 0.503717
v 0.373632 -0.022200 0.428167
v 0.124544 -0.022973 0.428167
v 0.249088 -0.022022 0.433016
v 0.249088 -0.021568 0.423319
v 0.373632 -0.021984 0.447561
v 0.124544 -0.021764 0.447561
v 0.249088 -0.021839 0.452410
v 0.249088 -0.022780 0.442713
v 0.871808 -0.021084 0.447561
v 0.622720 -0.023499 0.447561
v 0.747264 -0.021332 0.452410
v 0.747264 -0.021904 0.442713
v -0.373632 0.021878 0.428167
v -0.124544 0.017902 0.428167
v -0.249088 0.020371 0.433016
v -0.249088 0.018725 0.423319
v -0.373632 0.017763 0.447561
v -0.124544 0.018419 0.447561
v -0.249088 0.019279 0.452410
v -0.249088 0.019522 0.442713
v -0.871808 0.018490 0.447561
v -0.622720 0.017899 0.447561
v -0.747264 0.018533 0.452410
v -0.747264 0.017915 0.442713
v -0.373632 0.020919 0.466955
v -0.124544 0.018487 0.466955
v -0.249088 0.019057 0.471803
v -0.249088 0.018560 0.462107
v -0.373632 0.019040 0.486349
v -0.124544 0.017716 0.486349
v -0.249088 0.019156 0.491197
v -0.249088 0.019665 0.481500
v -0.871808 0.017728 0.486349
v -0.622720 0.018561 0.486349
v -0.747264 0.017662 0.491197
v -0.747264 0.017257 0.481500
v 0.622720 0.021758 0.466955
v 0.871808 0.017759 0.466955
v 0.747264 0.018204 0.471803
v 0.747264 0.019680 0.462107
v 0.622720 0.019086 0.486349
v 0.871808 0.017436 0.486349
v 0.747264 0.018131 0.491197
v 0.747264 0.018484 0.481500
v 0.124544 0.017505 0.486349
v 0.373632 0.018203 0.486349
v 0.249088 0.018069 0.491197
v 0.249088 0.018301 0.481500
v 0.622720 0.020258 0.428167
v 0.871808 0.021048 0.428167
v 0.747264 0.018807 0.433016
v 0.747264 0.022479 0.423319
v 0.622720 0.020783 0.447561
v 0.871808 0.018367 0.447561
v 0.747264 0.018616 0.452410
v 0.747264 0.019187 0.442713
v 0.124544 0.019048 0.447561
v 0.373632 0.019268 0.447561
v 0.249088 0.019123 0.452410
v 0.249088 0.020064 0.442713
v 0.373632 -0.022209 0.466955
v 0.124544 -0.020756 0.466955
v 0.249088 -0.020589 0.471803
v 0.249088 -0.020007 0.462107
v 0.373632 -0.020919 0.486349
v 0.124544 -0.020221 0.486349
v 0.249088 -0.020785 0.491197
v 0.249088 -0.021017 0.481500
v 0.871808 -0.020153 0.486349
v 0.622720 -0.021802 0.486349
v 0.747264 -0.020847 0.491197
v 0.747264 -0.021200 0.481500
v -0.622720 -0.022214 0.466955
v -0.871808 -0.022611 0.466955
v -0.747264 -0.020789 0.471803
v -0.747264 -0.021421 0.462107
v -0.622720 -0.021277 0.486349
v -0.871808 -0.020444 0.486349
v -0.747264 -0.020378 0.491197
v -0.747264 -0.019973 0.481500
v -0.124544 -0.020432 0.486349
v -0.373632 -0.021756 0.486349
v -0.249088 -0.021872 0.491197
v -0.249088 -0.022381 0.481500
v -0.622720 -0.023105 0.428167
v -0.871808 -0.021477 0.428167
v -0.747264 -0.021700 0.433016
v -0.747264 -0.021705 0.423319
v -0.622720 -0.020615 0.447561
v -0.871808 -0.021207 0.447561
v -0.747264 -0.021249 0.452410
v -0.747264 -0.020631 0.442713
v -0.124544 -0.021135 0.447561
v -0.373632 -0.020479 0.447561
v -0.249088 -0.021995 0.452410
v -0.249088 -0.022238 0.442713
v 0.249088 0.002029 0.505821
v 0.249088 0.008804 0.505821
v 0.373632 0.005417 0.505043
v 0.124544 0.005417 0.505865
v 0.747264 0.002029 0.506781
v 0.747264 0.008804 0.506781
v 0.871808 0.005417 0.505647
v 0.622720 0.005417 0.507446
v 0.747264 -0.011520 0.506781
v 0.747264 -0.004745 0.506781
v 0.871808 -0.008133 0.505647
v 0.622720 -0.008133 0.507446
v 1.004732 0.002029 0.447561
v 1.004732 0.008804 0.447561
v 1.007151 0.005417 0.442713
v 1.006668 0.005417 0.452410
v 1.004961 0.002029 0.428167
v 1.004961 0.008804 0.428167
v 1.006454 0.005417 0.423319
v 1.004058 0.005417 0.433016
v 1.004961 -0.011520 0.428167
v 1.004961 -0.004745 0.428167
v 1.006454 -0.008133 0.423319
v 1.004058 -0.008133 0.433016
v -0.249088 0.002029 0.409649
v -0.249088 0.008804 0.409649
v -0.373632 0.005417 0.410495
v -0.124544 0.005417 0.411796
v -0.747264 0.002029 0.412132
v -0.747264 0.008804 0.412132
v -0.871808 0.005417 0.411747
v -0.622720 0.005417 0.410091
v -0.747264 -0.011520 0.412132
v -0.747264 -0.004745 0.412132
v -0.871808 -0.008133 0.411747
v -0.622720 -0.008133 0.410091
v -1.003396 0.002029 0.466955
v -1.003396 0.008804 0.466955
v -1.005369 0.005417 0.471803
v -1.006425 0.005417 0.462107
v -1.004615 0.002029 0.486349
v -1.004615 0.008804 0.486349
v -1.006666 0.005417 0.491197
v -1.004825 0.005417 0.481500
v -1.004615 -0.011520 0.486349
v -1.004615 -0.004745 0.486349
v -1.006666 -0.008133 0.491197
v -1.004825 -0.008133 0.481500
v -1.003396 -0.011520 0.466955
v -1.003396 -0.004745 0.466955
v -1.005369 -0.008133 0.471803
v -1.006425 -0.008133 0.462107
v -0.249088 -0.011520 0.409649
v -0.249088 -0.004745 0.409649
v -0.373632 -0.008133 0.410495
v -0.124544 -0.008133 0.411796
v 1.004732 -0.011520 0.447561
v 1.004732 -0.004745 0.447561
v 1.007151 -0.008133 0.442713
v 1.006668 -0.008133 0.452410
v 0.249088 -0.011520 0.505821
v 0.249088 -0.004745 0.505821
v 0.373632 -0.008133 0.505043
v 0.124544 -0.008133 0.505865
v -0.124544 -0.020619 0.428167
v -0.373632 -0.024594 0.428167
v -0.249088 -0.023088 0.433016
v -0.249088 -0.021441 0.423319
v -0.124544 -0.021203 0.466955
v -0.373632 -0.023635 0.466955
v -0.249088 -0.021773 0.471803
v -0.249088 -0.021276 0.462107
v 0.871808 -0.020475 0.466955
v 0.622720 -0.024475 0.466955
v 0.747264 -0.020920 0.471803
v 0.747264 -0.022396 0.462107
v 0.124544 0.020257 0.428167
v 0.373632 0.019484 0.428167
v 0.249088 0.019306 0.433016
v 0.249088 0.018852 0.423319
v 0.124544 0.018040 0.466955
v 0.373632 0.019493 0.466955
v 0.249088 0.017873 0.471803
v 0.249088 0.017291 0.462107
v -0.871808 0.019895 0.466955
v -0.622720 0.019497 0.466955
v -0.747264 0.018073 0.471803
v -0.747264 0.018705 0.462107
v -0.871808 0.018761 0.428167
v -0.622720 0.020389 0.428167
v -0.747264 0.018984 0.433016
v -0.747264 0.018989 0.423319
v 0.871808 -0.023764 0.428167
v 0.622720 -0.022975 0.428167
v 0.747264 -0.021523 0.433016
v 0.747264 -0.025195 0.423319
v -0.747264 -0.011520 0.511720
v -0.747264 -0.004745 0.511720
v -0.622720 -0.008133 0.504293
v -0.871808 -0.008133 0.505665
v 1.006060 -0.011520 0.486349
v 1.006060 -0.004745 0.486349
v 1.004580 -0.008133 0.481500
v 1.002975 -0.008133 0.491197
v 0.747264 -0.011520 0.412015
v 0.747264 -0.004745 0.412015
v 0.622720 -0.008133 0.410669
v 0.871808 -0.008133 0.410393
v -1.005514 -0.011520 0.428167
v -1.005514 -0.004745 0.428167
v -1.006986 -0.008133 0.433016
v -1.006659 -0.008133 0.423319
v -1.006659 -0.004745 0.423319
v -1.006986 -0.004745 0.433016
v -1.006986 -0.011520 0.433016
v 0.871808 -0.004745 0.410393
v 0.622720 -0.004745 0.410669
v 0.622720 -0.011520 0.410669
v 1.002975 -0.004745 0.491197
v 1.004580 -0.004745 0.481500
v 1.004580 -0.011520 0.481500
v -0.871808 -0.004745 0.505665
v -0.622720 -0.004745 0.504293
v -0.622720 -0.011520 0.504293
v 0.622720 -0.020604 0.423319
v 0.622720 -0.022705 0.433016
v 0.871808 -0.023139 0.433016
v -0.622720 0.019339 0.423319
v -0.622720 0.023557 0.433016
v -0.871808 0.019403 0.433016
v -0.622720 0.018838 0.462107
v -0.622720 0.023164 0.471803
v -0.871808 0.018699 0.471803
v 0.373632 0.020039 0.462107
v 0.373632 0.018435 0.471803
v 0.124544 0.018161 0.471803
v 0.373632 0.019537 0.423319
v 0.373632 0.020699 0.433016
v 0.124544 0.020430 0.433016
v 0.622720 -0.022116 0.462107
v 0.622720 -0.022103 0.471803
v 0.871808 -0.020473 0.471803
v -0.373632 -0.021567 0.462107
v -0.373632 -0.020198 0.471803
v -0.124544 -0.020898 0.471803
v -0.373632 -0.023830 0.423319
v -0.373632 -0.022188 0.433016
v -0.124544 -0.022438 0.433016
v 0.124544 -0.004745 0.505865
v 0.373632 -0.004745 0.505043
v 0.373632 -0.011520 0.505043
v 1.006668 -0.004745 0.452410
v 1.007151 -0.004745 0.442713
v 1.007151 -0.011520 0.442713
v -0.124544 -0.004745 0.411796
v -0.373632 -0.004745 0.410495
v -0.373632 -0.011520 0.410495
v -1.006425 -0.004745 0.462107
v -1.005369 -0.004745 0.471803
v -1.005369 -0.011520 0.471803
v -1.004825 -0.004745 0.481500
v -1.006666 -0.004745 0.491197
v -1.006666 -0.011520 0.491197
v -1.004825 0.008804 0.481500
v -1.006666 0.008804 0.491197
v -1.006666 0.002029 0.491197
v -1.006425 0.008804 0.462107
v -1.005369 0.008804 0.471803
v -1.005369 0.002029 0.471803
v -0.622720 -0.004745 0.410091
v -0.871808 -0.004745 0.411747
v -0.871808 -0.011520 0.411747
v -0.622720 0.008804 0.410091
v -0.871808 0.008804 0.411747
v -0.871808 0.002029 0.411747
v -0.124544 0.008804 0.411796
v -0.373632 0.008804 0.410495
v -0.373632 0.002029 0.410495
v 1.004058 -0.004745 0.433016
v 1.006454 -0.004745 0.423319
v 1.006454 -0.011520 0.423319
v 1.004058 0.008804 0.433016
v 1.006454 0.008804 0.423319
v 1.006454 0.002029 0.423319
v 1.006668 0.008804 0.452410
v 1.007151 0.008804 0.442713
v 1.007151 0.002029 0.442713
v 0.622720 -0.004745 0.507446
v 0.871808 -0.004745 0.505647
v 0.871808 -0.011520 0.505647
v 0.622720 0.008804 0.507446
v 0.871808 0.008804 0.505647
v 0.871808 0.002029 0.505647
v 0.124544 0.008804 0.505865
v 0.373632 0.008804 0.505043
v 0.373632 0.002029 0.505043
v -0.373632 -0.020871 0.442713
v -0.373632 -0.021354 0.452410
v -0.124544 -0.021399 0.452410
v -0.871808 -0.021992 0.442713
v -0.871808 -0.021912 0.452410
v -0.622720 -0.023123 0.452410
v -0.871808 -0.023372 0.423319
v -0.871808 -0.022119 0.433016
v -0.622720 -0.026273 0.433016
v -0.373632 -0.022742 0.481500
v -0.373632 -0.023566 0.491197
v -0.124544 -0.021194 0.491197
v -0.871808 -0.021138 0.481500
v -0.871808 -0.020911 0.491197
v -0.622720 -0.020807 0.491197
v -0.871808 -0.021021 0.462107
v -0.871808 -0.021415 0.471803
v -0.622720 -0.025880 0.471803
v 0.622720 -0.023237 0.481500
v 0.622720 -0.020677 0.491197
v 0.871808 -0.020267 0.491197
v 0.124544 -0.020351 0.481500
v 0.124544 -0.020482 0.491197
v 0.373632 -0.020526 0.491197
v 0.124544 -0.022548 0.462107
v 0.124544 -0.020877 0.471803
v 0.373632 -0.021151 0.471803
v 0.373632 0.019907 0.442713
v 0.373632 0.018258 0.452410
v 0.124544 0.019212 0.452410
v 0.871808 0.020377 0.442713
v 0.871808 0.018305 0.452410
v 0.622720 0.019618 0.452410
v 0.871808 0.018073 0.423319
v 0.871808 0.020423 0.433016
v 0.622720 0.019989 0.433016
v 0.373632 0.018934 0.481500
v 0.373632 0.017810 0.491197
v 0.124544 0.017766 0.491197
v 0.871808 0.017751 0.481500
v 0.871808 0.017551 0.491197
v 0.622720 0.017960 0.491197
v 0.871808 0.018220 0.462107
v 0.871808 0.017757 0.471803
v 0.622720 0.019387 0.471803
v -0.622720 0.018962 0.481500
v -0.622720 0.018091 0.491197
v -0.871808 0.018195 0.491197
v -0.124544 0.018249 0.481500
v -0.124544 0.018478 0.491197
v -0.373632 0.020850 0.491197
v -0.124544 0.019009 0.462107
v -0.124544 0.018182 0.471803
v -0.373632 0.017482 0.471803
v -0.622720 0.021065 0.442713
v -0.622720 0.020407 0.452410
v -0.871808 0.019196 0.452410
v -0.124544 0.017760 0.442713
v -0.124544 0.018683 0.452410
v -0.373632 0.018638 0.452410
v -0.124544 0.020033 0.423319
v -0.124544 0.019722 0.433016
v -0.373632 0.019472 0.433016
v 0.622720 -0.024624 0.442713
v 0.622720 -0.022334 0.452410
v 0.871808 -0.021021 0.452410
v 0.124544 -0.022937 0.442713
v 0.124544 -0.021928 0.452410
v 0.373632 -0.020974 0.452410
v 0.124544 -0.023270 0.423319
v 0.124544 -0.023146 0.433016
v 0.373632 -0.023415 0.433016
v -0.373632 -0.004745 0.503717
v -0.124544 -0.004745 0.509942
v -0.124544 -0.011520 0.509942
v -0.373632 0.008804 0.503717
v -0.124544 0.008804 0.509942
v -0.124544 0.002029 0.509942
v -0.871808 0.008804 0.505665
v -0.622720 0.008804 0.504293
v -0.622720 0.002029 0.504293
v 1.005109 -0.004745 0.471803
v 1.003995 -0.004745 0.462107
v 1.003995 -0.011520 0.462107
v 1.005109 0.008804 0.471803
v 1.003995 0.008804 0.462107
v 1.003995 0.002029 0.462107
v 1.002975 0.008804 0.491197
v 1.004580 0.008804 0.481500
v 1.004580 0.002029 0.481500
v 0.373632 -0.004745 0.410888
v 0.124544 -0.004745 0.409162
v 0.124544 -0.011520 0.409162
v 0.373632 0.008804 0.410888
v 0.124544 0.008804 0.409162
v 0.124544 0.002029 0.409162
v 0.871808 0.008804 0.410393
v 0.622720 0.008804 0.410669
v 0.622720 0.002029 0.410669
v -1.005243 -0.004745 0.442713
v -1.004701 -0.004745 0.452410
v -1.004701 -0.011520 0.452410
v -1.005243 0.008804 0.442713
v -1.004701 0.008804 0.452410
v -1.004701 0.002029 0.452410
v -1.006659 0.008804 0.423319
v -1.006986 0.008804 0.433016
v -1.006986 0.002029 0.433016
v -1.006659 0.002029 0.423319
v -1.005243 0.002029 0.442713
v -1.005243 -0.011520 0.442713
v 0.871808 0.002029 0.410393
v 0.373632 0.002029 0.410888
v 0.373632 -0.011520 0.410888
v 1.002975 0.002029 0.491197
v 1.005109 0.002029 0.471803
v 1.005109 -0.011520 0.471803
v -0.871808 0.002029 0.505665
v -0.373632 0.002029 0.503717
v -0.373632 -0.011520 0.503717
v 0.373632 -0.022253 0.423319
v 0.373632 -0.022623 0.442713
v 0.871808 -0.023093 0.442713
v -0.373632 0.021114 0.423319
v -0.373632 0.018155 0.442713
v -0.871808 0.019276 0.442713
v -0.373632 0.018850 0.462107
v -0.373632 0.020026 0.481500
v -0.871808 0.018422 0.481500
v 0.622720 0.019400 0.462107
v 0.622720 0.020521 0.481500
v 0.124544 0.017635 0.481500
v 0.622720 0.017888 0.423319
v 0.622720 0.021908 0.442713
v 0.124544 0.020221 0.442713
v 0.373632 -0.022755 0.462107
v 0.373632 -0.021650 0.481500
v 0.871808 -0.020467 0.481500
v -0.622720 -0.021555 0.462107
v -0.622720 -0.021678 0.481500
v -0.124544 -0.020965 0.481500
v -0.622720 -0.022055 0.423319
v -0.622720 -0.023781 0.442713
v -0.124544 -0.020476 0.442713
v 0.124544 0.002029 0.505865
v 0.622720 0.002029 0.507446
v 0.622720 -0.011520 0.507446
v 1.006668 0.002029 0.452410
v 1.004058 0.002029 0.433016
v 1.004058 -0.011520 0.433016
v -0.124544 0.002029 0.411796
v -0.622720 0.002029 0.410091
v -0.622720 -0.011520 0.410091
v -1.006425 0.002029 0.462107
v -1.004825 0.002029 0.481500
v -1.004825 -0.011520 0.481500
v -1.006425 -0.011520 0.462107
v -0.124544 -0.011520 0.411796
v 1.006668 -0.011520 0.452410
v 0.124544 -0.011520 0.505865
v -0.124544 -0.022749 0.423319
v -0.124544 -0.021725 0.462107
v 0.871808 -0.020937 0.462107
v 0.124544 0.020554 0.423319
v 0.124544 0.019831 0.462107
v -0.871808 0.018305 0.462107
v -0.871808 0.020656 0.423319
v 0.871808 -0.020789 0.423319
v -0.871808 -0.011520 0.505665
v 1.002975 -0.011520 0.491197
v 0.871808 -0.011520 0.410393
v -1.006659 -0.011520 0.423319
vt 0.6699 -0.8013
vt 0.6699 -0.8148
vt 0.6864 -0.8134
vt 0.6914 -0.8012
vt 0.5769 -0.6434
vt 0.5769 -0.8148
vt 0.5946 -0.8132
vt 0.5955 -0.6434
vt 0.6674 -0.6830
vt 0.6674 -0.6970
vt 0.6842 -0.6957
vt 0.6841 -0.6832
vt 0.4801 -0.6427
vt 0.4801 -0.8148
vt 0.4985 -0.8131
vt 0.5006 -0.6427
vt 0.0829 -0.6418
vt 0.0636 -0.6419
vt 0.0649 -0.8117
vt 0.0834 -0.8142
vt 0.2493 -0.6399
vt 0.2318 -0.6399
vt 0.2316 -0.8089
vt 0.2489 -0.8124
vt 0.3204 -0.6400
vt 0.3115 -0.6400
vt 0.3110 -0.8148
vt 0.3199 -0.8123
vt 0.3241 0.6638
vt 0.3152 0.6639
vt 0.3147 0.5009
vt 0.3236 0.5009
vt 0.2530 0.6639
vt 0.2321 0.6640
vt 0.2337 0.5010
vt 0.2526 0.5010
vt 0.1540 -0.6417
vt 0.1451 -0.6418
vt 0.1456 -0.8134
vt 0.1545 -0.8118
vt 0.1503 0.6621
vt 0.1414 0.6621
vt 0.1419 0.4991
vt 0.1508 0.4991
vt 0.0792 0.6620
vt 0.0617 0.6620
vt 0.0608 0.4990
vt 0.0797 0.4990
vt 0.4801 0.6611
vt 0.4801 0.4982
vt 0.4998 0.4982
vt 0.5009 0.6611
vt 0.6674 -0.6321
vt 0.6674 -0.6385
vt 0.6877 -0.6387
vt 0.6889 -0.6323
vt 0.5769 0.6604
vt 0.5769 0.4975
vt 0.5950 0.4975
vt 0.5936 0.6605
vt 0.6699 -0.7506
vt 0.6699 -0.7571
vt 0.6945 -0.7569
vt 0.6910 -0.7504
vt 0.6699 -0.7252
vt 0.6699 -0.7316
vt 0.6926 -0.7315
vt 0.6890 -0.7250
vt 0.6377 -0.7252
vt 0.6377 -0.7316
vt 0.6458 -0.7316
vt 0.6458 -0.7252
vt 0.6377 -0.7506
vt 0.6377 -0.7571
vt 0.6458 -0.7571
vt 0.6458 -0.7506
vt 0.5769 1.3124
vt 0.5769 1.1494
vt 0.5940 1.1494
vt 0.5958 1.3124
vt 0.5447 1.3124
vt 0.5447 1.1494
vt 0.5528 1.1494
vt 0.5528 1.3124
vt 0.5447 0.6605
vt 0.5447 0.4975
vt 0.5528 0.4975
vt 0.5528 0.6605
vt 0.6674 -0.6069
vt 0.6674 -0.6130
vt 0.6891 -0.6133
vt 0.6855 -0.6071
vt 0.6352 -0.6069
vt 0.6352 -0.6130
vt 0.6433 -0.6130
vt 0.6433 -0.6069
vt 0.6352 -0.6321
vt 0.6352 -0.6385
vt 0.6433 -0.6385
vt 0.6433 -0.6321
vt 0.4801 1.3131
vt 0.4801 1.1501
vt 0.5004 1.1501
vt 0.5029 1.3131
vt 0.4479 1.3131
vt 0.4479 1.1501
vt 0.4559 1.1501
vt 0.4559 1.3131
vt 0.4479 0.6611
vt 0.4479 0.4982
vt 0.4559 0.4982
vt 0.4559 0.6611
vt 0.1148 0.6621
vt 0.1059 0.6621
vt 0.1064 0.4991
vt 0.1153 0.4991
vt 0.1129 1.3140
vt 0.1041 1.3140
vt 0.1045 1.1510
vt 0.1134 1.1510
vt 0.0774 1.3140
vt 0.0576 1.3139
vt 0.0599 1.1509
vt 0.0778 1.1510
vt 0.1858 0.6622
vt 0.1770 0.6622
vt 0.1774 0.4992
vt 0.1863 0.4992
vt 0.1840 1.3141
vt 0.1751 1.3141
vt 0.1756 1.1511
vt 0.1844 1.1511
vt 0.1485 1.3141
vt 0.1396 1.3140
vt 0.1400 1.1511
vt 0.1489 1.1511
vt 0.1895 -0.6417
vt 0.1807 -0.6417
vt 0.1812 -0.8147
vt 0.1900 -0.8123
vt 0.1877 0.0102
vt 0.1788 0.0102
vt 0.1793 -0.1528
vt 0.1882 -0.1527
vt 0.1522 0.0102
vt 0.1433 0.0102
vt 0.1438 -0.1528
vt 0.1526 -0.1528
vt 0.2886 0.6639
vt 0.2797 0.6639
vt 0.2792 0.5009
vt 0.2881 0.5009
vt 0.2904 1.3158
vt 0.2815 1.3158
vt 0.2811 1.1529
vt 0.2899 1.1528
vt 0.2549 1.3159
vt 0.2359 1.3159
vt 0.2364 1.1529
vt 0.2544 1.1529
vt 0.3596 0.6638
vt 0.3508 0.6638
vt 0.3503 0.5008
vt 0.3592 0.5008
vt 0.3615 1.3157
vt 0.3526 1.3157
vt 0.3521 1.1528
vt 0.3610 1.1527
vt 0.3259 1.3158
vt 0.3171 1.3158
vt 0.3166 1.1528
vt 0.3255 1.1528
vt 0.3560 -0.6401
vt 0.3471 -0.6401
vt 0.3466 -0.8135
vt 0.3555 -0.8109
vt 0.3578 0.0119
vt 0.3489 0.0119
vt 0.3485 -0.1511
vt 0.3574 -0.1511
vt 0.3223 0.0119
vt 0.3134 0.0119
vt 0.3129 -0.1511
vt 0.3218 -0.1511
vt 0.2849 -0.6400
vt 0.2760 -0.6400
vt 0.2755 -0.8109
vt 0.2844 -0.8112
vt 0.2867 0.0120
vt 0.2778 0.0120
vt 0.2774 -0.1510
vt 0.2863 -0.1510
vt 0.2512 0.0120
vt 0.2320 0.0120
vt 0.2328 -0.1509
vt 0.2507 -0.1510
vt 0.1185 -0.6418
vt 0.1096 -0.6418
vt 0.1101 -0.8145
vt 0.1190 -0.8148
vt 0.1166 0.0101
vt 0.1078 0.0101
vt 0.1082 -0.1529
vt 0.1171 -0.1528
vt 0.0811 0.0101
vt 0.0623 0.0101
vt 0.0635 -0.1529
vt 0.0816 -0.1529
vt 0.4801 0.0092
vt 0.4801 -0.1538
vt 0.5001 -0.1538
vt 0.4981 0.0092
vt 0.4479 0.0092
vt 0.4479 -0.1538
vt 0.4559 -0.1538
vt 0.4559 0.0092
vt 0.4479 -0.6427
vt 0.4479 -0.8148
vt 0.4559 -0.8148
vt 0.4559 -0.6427
vt 0.6674 -0.6575
vt 0.6674 -0.6637
vt 0.6895 -0.6639
vt 0.6868 -0.6577
vt 0.6352 -0.6575
vt 0.6352 -0.6637
vt 0.6433 -0.6637
vt 0.6433 -0.6575
vt 0.6352 -0.6830
vt 0.6352 -0.6970
vt 0.6433 -0.6970
vt 0.6433 -0.6830
vt 0.5769 0.0085
vt 0.5769 -0.1545
vt 0.5941 -0.1545
vt 0.5948 0.0085
vt 0.5447 0.0085
vt 0.5447 -0.1545
vt 0.5528 -0.1545
vt 0.5528 0.0085
vt 0.5447 -0.6434
vt 0.5447 -0.8148
vt 0.5528 -0.8148
vt 0.5528 -0.6434
vt 0.6699 -0.7759
vt 0.6699 -0.7822
vt 0.6891 -0.7821
vt 0.6895 -0.7757
vt 0.6377 -0.7759
vt 0.6377 -0.7822
vt 0.6458 -0.7822
vt 0.6458 -0.7759
vt 0.6377 -0.8013
vt 0.6377 -0.8148
vt 0.6458 -0.8148
vt 0.6458 -0.8013
vt 0.6377 -0.7887
vt 0.6377 -0.7949
vt 0.6458 -0.7949
vt 0.6458 -0.7887
vt 0.6216 -0.7887
vt 0.6216 -0.7949
vt 0.6296 -0.7949
vt 0.6296 -0.7887
vt 0.6216 -0.8013
vt 0.6216 -0.8148
vt 0.6296 -0.8148
vt 0.6296 -0.8013
vt 0.6377 -0.7632
vt 0.6377 -0.7695
vt 0.6458 -0.7695
vt 0.6458 -0.7632
vt 0.6216 -0.7632
vt 0.6216 -0.7695
vt 0.6296 -0.7695
vt 0.6296 -0.7632
vt 0.6216 -0.7759
vt 0.6216 -0.7822
vt 0.6296 -0.7822
vt 0.6296 -0.7759
vt 0.6699 -0.7632
vt 0.6699 -0.7695
vt 0.6890 -0.7694
vt 0.6888 -0.7630
vt 0.6538 -0.7632
vt 0.6538 -0.7695
vt 0.6619 -0.7695
vt 0.6619 -0.7632
vt 0.6538 -0.7759
vt 0.6538 -0.7822
vt 0.6619 -0.7822
vt 0.6619 -0.7759
vt 0.5447 -0.3175
vt 0.5447 -0.4804
vt 0.5528 -0.4804
vt 0.5528 -0.3175
vt 0.5286 -0.3175
vt 0.5286 -0.4804
vt 0.5366 -0.4804
vt 0.5366 -0.3175
vt 0.5286 -0.6434
vt 0.5286 -0.8148
vt 0.5366 -0.8148
vt 0.5366 -0.6434
vt 0.5447 0.3345
vt 0.5447 0.1715
vt 0.5528 0.1715
vt 0.5528 0.3345
vt 0.5286 0.3345
vt 0.5286 0.1715
vt 0.5366 0.1715
vt 0.5366 0.3345
vt 0.5286 0.0085
vt 0.5286 -0.1545
vt 0.5366 -0.1545
vt 0.5366 0.0085
vt 0.5769 0.3345
vt 0.5769 0.1715
vt 0.5952 0.1715
vt 0.5970 0.3345
vt 0.5608 0.3345
vt 0.5608 0.1715
vt 0.5689 0.1715
vt 0.5689 0.3345
vt 0.5608 0.0085
vt 0.5608 -0.1545
vt 0.5689 -0.1545
vt 0.5689 0.0085
vt 0.6352 -0.6702
vt 0.6352 -0.6764
vt 0.6433 -0.6764
vt 0.6433 -0.6702
vt 0.6191 -0.6702
vt 0.6191 -0.6764
vt 0.6272 -0.6764
vt 0.6272 -0.6702
vt 0.6191 -0.6830
vt 0.6191 -0.6970
vt 0.6272 -0.6970
vt 0.6272 -0.6830
vt 0.6352 -0.6449
vt 0.6352 -0.6511
vt 0.6433 -0.6511
vt 0.6433 -0.6449
vt 0.6191 -0.6449
vt 0.6191 -0.6511
vt 0.6272 -0.6511
vt 0.6272 -0.6449
vt 0.6191 -0.6575
vt 0.6191 -0.6637
vt 0.6272 -0.6637
vt 0.6272 -0.6575
vt 0.6674 -0.6449
vt 0.6674 -0.6511
vt 0.6880 -0.6513
vt 0.6854 -0.6451
vt 0.6513 -0.6449
vt 0.6513 -0.6511
vt 0.6594 -0.6511
vt 0.6594 -0.6449
vt 0.6513 -0.6575
vt 0.6513 -0.6637
vt 0.6594 -0.6637
vt 0.6594 -0.6575
vt 0.4479 -0.3168
vt 0.4479 -0.4798
vt 0.4559 -0.4798
vt 0.4559 -0.3168
vt 0.4317 -0.3168
vt 0.4317 -0.4798
vt 0.4398 -0.4798
vt 0.4398 -0.3168
vt 0.4317 -0.6427
vt 0.4317 -0.8148
vt 0.4398 -0.8148
vt 0.4398 -0.6427
vt 0.4479 0.3352
vt 0.4479 0.1722
vt 0.4559 0.1722
vt 0.4559 0.3352
vt 0.4317 0.3352
vt 0.4317 0.1722
vt 0.4398 0.1722
vt 0.4398 0.3352
vt 0.4317 0.0092
vt 0.4317 -0.1538
vt 0.4398 -0.1538
vt 0.4398 0.0092
vt 0.4801 0.3352
vt 0.4801 0.1722
vt 0.4980 0.1722
vt 0.5062 0.3352
vt 0.4640 0.3352
vt 0.4640 0.1722
vt 0.4720 0.1722
vt 0.4720 0.3352
vt 0.4640 0.0092
vt 0.4640 -0.1538
vt 0.4720 -0.1538
vt 0.4720 0.0092
vt 0.0989 0.0101
vt 0.0900 0.0101
vt 0.0905 -0.1529
vt 0.0993 -0.1529
vt 0.0980 0.3361
vt 0.0891 0.3361
vt 0.0895 0.1731
vt 0.0984 0.1731
vt 0.0802 0.3361
vt 0.0592 0.3360
vt 0.0615 0.1730
vt 0.0806 0.1731
vt 0.1344 0.0102
vt 0.1255 0.0102
vt 0.1260 -0.1528
vt 0.1349 -0.1528
vt 0.1335 0.3361
vt 0.1246 0.3361
vt 0.1251 0.1731
vt 0.1339 0.1731
vt 0.1157 0.3361
vt 0.1069 0.3361
vt 0.1073 0.1731
vt 0.1162 0.1731
vt 0.1362 -0.6418
vt 0.1274 -0.6418
vt 0.1278 -0.8125
vt 0.1367 -0.8143
vt 0.1353 -0.3158
vt 0.1265 -0.3158
vt 0.1269 -0.4788
vt 0.1358 -0.4788
vt 0.1176 -0.3158
vt 0.1087 -0.3158
vt 0.1092 -0.4788
vt 0.1180 -0.4788
vt 0.2689 0.0120
vt 0.2600 0.0120
vt 0.2596 -0.1510
vt 0.2685 -0.1510
vt 0.2699 0.3380
vt 0.2610 0.3380
vt 0.2605 0.1750
vt 0.2694 0.1750
vt 0.2521 0.3380
vt 0.2346 0.3380
vt 0.2313 0.1750
vt 0.2516 0.1750
vt 0.3045 0.0119
vt 0.2956 0.0119
vt 0.2951 -0.1510
vt 0.3040 -0.1510
vt 0.3054 0.3379
vt 0.2965 0.3379
vt 0.2961 0.1749
vt 0.3049 0.1749
vt 0.2876 0.3379
vt 0.2788 0.3379
vt 0.2783 0.1750
vt 0.2872 0.1749
vt 0.3027 -0.6400
vt 0.2938 -0.6400
vt 0.2933 -0.8108
vt 0.3022 -0.8107
vt 0.3036 -0.3140
vt 0.2947 -0.3140
vt 0.2942 -0.4770
vt 0.3031 -0.4770
vt 0.2858 -0.3140
vt 0.2769 -0.3140
vt 0.2765 -0.4770
vt 0.2853 -0.4770
vt 0.3400 0.0119
vt 0.3311 0.0119
vt 0.3307 -0.1511
vt 0.3396 -0.1511
vt 0.3410 0.3378
vt 0.3321 0.3379
vt 0.3316 0.1749
vt 0.3405 0.1749
vt 0.3232 0.3379
vt 0.3143 0.3379
vt 0.3138 0.1749
vt 0.3227 0.1749
vt 0.3756 0.0118
vt 0.3667 0.0118
vt 0.3662 -0.1511
vt 0.3751 -0.1512
vt 0.3765 0.3378
vt 0.3676 0.3378
vt 0.3671 0.1748
vt 0.3760 0.1748
vt 0.3587 0.3378
vt 0.3498 0.3378
vt 0.3494 0.1749
vt 0.3583 0.1748
vt 0.3737 -0.6401
vt 0.3649 -0.6401
vt 0.3644 -0.8107
vt 0.3733 -0.8126
vt 0.3747 -0.3141
vt 0.3658 -0.3141
vt 0.3653 -0.4771
vt 0.3742 -0.4771
vt 0.3569 -0.3141
vt 0.3480 -0.3141
vt 0.3475 -0.4771
vt 0.3564 -0.4771
vt 0.3437 1.3157
vt 0.3348 1.3158
vt 0.3344 1.1528
vt 0.3432 1.1528
vt 0.3446 1.6417
vt 0.3358 1.6417
vt 0.3353 1.4787
vt 0.3442 1.4787
vt 0.3269 1.6417
vt 0.3180 1.6418
vt 0.3175 1.4788
vt 0.3264 1.4788
vt 0.3793 1.3157
vt 0.3704 1.3157
vt 0.3699 1.1527
vt 0.3788 1.1527
vt 0.3802 1.6417
vt 0.3713 1.6417
vt 0.3708 1.4787
vt 0.3797 1.4787
vt 0.3624 1.6417
vt 0.3535 1.6417
vt 0.3531 1.4787
vt 0.3619 1.4787
vt 0.3774 0.6638
vt 0.3685 0.6638
vt 0.3681 0.5008
vt 0.3770 0.5008
vt 0.3783 0.9897
vt 0.3695 0.9897
vt 0.3690 0.8268
vt 0.3779 0.8267
vt 0.3606 0.9898
vt 0.3517 0.9898
vt 0.3512 0.8268
vt 0.3601 0.8268
vt 0.2726 1.3159
vt 0.2637 1.3159
vt 0.2633 1.1529
vt 0.2722 1.1529
vt 0.2735 1.6418
vt 0.2647 1.6418
vt 0.2642 1.4788
vt 0.2731 1.4788
vt 0.2558 1.6418
vt 0.2364 1.6419
vt 0.2381 1.4789
vt 0.2553 1.4789
vt 0.3082 1.3158
vt 0.2993 1.3158
vt 0.2988 1.1528
vt 0.3077 1.1528
vt 0.3091 1.6418
vt 0.3002 1.6418
vt 0.2997 1.4788
vt 0.3086 1.4788
vt 0.2913 1.6418
vt 0.2824 1.6418
vt 0.2820 1.4788
vt 0.2909 1.4788
vt 0.3063 0.6639
vt 0.2974 0.6639
vt 0.2970 0.5009
vt 0.3059 0.5009
vt 0.3073 0.9898
vt 0.2984 0.9898
vt 0.2979 0.8269
vt 0.3068 0.8269
vt 0.2895 0.9899
vt 0.2806 0.9899
vt 0.2801 0.8269
vt 0.2890 0.8269
vt 0.1699 0.0102
vt 0.1611 0.0102
vt 0.1615 -0.1528
vt 0.1704 -0.1528
vt 0.1690 0.3362
vt 0.1601 0.3362
vt 0.1606 0.1732
vt 0.1695 0.1732
vt 0.1513 0.3362
vt 0.1424 0.3361
vt 0.1428 0.1732
vt 0.1517 0.1732
vt 0.2055 0.0103
vt 0.1966 0.0103
vt 0.1971 -0.1527
vt 0.2060 -0.1527
vt 0.2045 0.3362
vt 0.1956 0.3362
vt 0.1961 0.1732
vt 0.2050 0.1733
vt 0.1868 0.3362
vt 0.1779 0.3362
vt 0.1784 0.1732
vt 0.1872 0.1732
vt 0.2073 -0.6417
vt 0.1984 -0.6417
vt 0.1989 -0.8136
vt 0.2078 -0.8108
vt 0.2064 -0.3157
vt 0.1975 -0.3157
vt 0.1980 -0.4787
vt 0.2069 -0.4787
vt 0.1887 -0.3157
vt 0.1798 -0.3157
vt 0.1802 -0.4787
vt 0.1891 -0.4787
vt 0.1663 1.3141
vt 0.1574 1.3141
vt 0.1578 1.1511
vt 0.1667 1.1511
vt 0.1653 1.6401
vt 0.1564 1.6400
vt 0.1569 1.4771
vt 0.1658 1.4771
vt 0.1475 1.6400
vt 0.1387 1.6400
vt 0.1391 1.4770
vt 0.1480 1.4770
vt 0.2018 1.3141
vt 0.1929 1.3141
vt 0.1933 1.1511
vt 0.2022 1.1512
vt 0.2008 1.6401
vt 0.1919 1.6401
vt 0.1924 1.4771
vt 0.2013 1.4771
vt 0.1831 1.6401
vt 0.1742 1.6401
vt 0.1747 1.4771
vt 0.1835 1.4771
vt 0.2036 0.6622
vt 0.1947 0.6622
vt 0.1952 0.4992
vt 0.2041 0.4992
vt 0.2027 0.9882
vt 0.1938 0.9882
vt 0.1943 0.8252
vt 0.2032 0.8252
vt 0.1849 0.9881
vt 0.1760 0.9881
vt 0.1765 0.8251
vt 0.1854 0.8252
vt 0.0952 1.3140
vt 0.0863 1.3140
vt 0.0867 1.1510
vt 0.0956 1.1510
vt 0.0942 1.6399
vt 0.0853 1.6399
vt 0.0858 1.4770
vt 0.0947 1.4770
vt 0.0765 1.6399
vt 0.0588 1.6399
vt 0.0598 1.4769
vt 0.0769 1.4769
vt 0.1307 1.3140
vt 0.1218 1.3140
vt 0.1223 1.1510
vt 0.1312 1.1510
vt 0.1298 1.6400
vt 0.1209 1.6400
vt 0.1213 1.4770
vt 0.1302 1.4770
vt 0.1120 1.6400
vt 0.1031 1.6400
vt 0.1036 1.4770
vt 0.1124 1.4770
vt 0.1325 0.6621
vt 0.1237 0.6621
vt 0.1242 0.4991
vt 0.1330 0.4991
vt 0.1316 0.9881
vt 0.1227 0.9881
vt 0.1232 0.8251
vt 0.1321 0.8251
vt 0.1138 0.9880
vt 0.1050 0.9880
vt 0.1054 0.8250
vt 0.1143 0.8251
vt 0.4479 0.9871
vt 0.4479 0.8241
vt 0.4559 0.8241
vt 0.4559 0.9871
vt 0.4317 0.9871
vt 0.4317 0.8241
vt 0.4398 0.8241
vt 0.4398 0.9871
vt 0.4317 0.6611
vt 0.4317 0.4982
vt 0.4398 0.4982
vt 0.4398 0.6611
vt 0.4479 1.6390
vt 0.4479 1.4761
vt 0.4559 1.4761
vt 0.4559 1.6390
vt 0.4317 1.6390
vt 0.4317 1.4761
vt 0.4398 1.4761
vt 0.4398 1.6390
vt 0.4317 1.3131
vt 0.4317 1.1501
vt 0.4398 1.1501
vt 0.4398 1.3131
vt 0.4801 1.6390
vt 0.4801 1.4761
vt 0.5021 1.4761
vt 0.5006 1.6390
vt 0.4640 1.6390
vt 0.4640 1.4761
vt 0.4720 1.4761
vt 0.4720 1.6390
vt 0.4640 1.3131
vt 0.4640 1.1501
vt 0.4720 1.1501
vt 0.4720 1.3131
vt 0.6352 -0.6193
vt 0.6352 -0.6259
vt 0.6433 -0.6259
vt 0.6433 -0.6193
vt 0.6191 -0.6193
vt 0.6191 -0.6259
vt 0.6272 -0.6259
vt 0.6272 -0.6193
vt 0.6191 -0.6321
vt 0.6191 -0.6385
vt 0.6272 -0.6385
vt 0.6272 -0.6321
vt 0.6352 -0.5941
vt 0.6352 -0.6005
vt 0.6433 -0.6005
vt 0.6433 -0.5941
vt 0.6191 -0.5941
vt 0.6191 -0.6005
vt 0.6272 -0.6005
vt 0.6272 -0.5941
vt 0.6191 -0.6069
vt 0.6191 -0.6130
vt 0.6272 -0.6130
vt 0.6272 -0.6069
vt 0.6674 -0.5941
vt 0.6674 -0.6005
vt 0.6867 -0.6007
vt 0.6886 -0.5943
vt 0.6513 -0.5941
vt 0.6513 -0.6005
vt 0.6594 -0.6005
vt 0.6594 -0.5941
vt 0.6513 -0.6069
vt 0.6513 -0.6130
vt 0.6594 -0.6130
vt 0.6594 -0.6069
vt 0.5447 0.9864
vt 0.5447 0.8234
vt 0.5528 0.8234
vt 0.5528 0.9864
vt 0.5286 0.9864
vt 0.5286 0.8234
vt 0.5366 0.8234
vt 0.5366 0.9864
vt 0.5286 0.6605
vt 0.5286 0.4975
vt 0.5366 0.4975
vt 0.5366 0.6605
vt 0.5447 1.6384
vt 0.5447 1.4754
vt 0.5528 1.4754
vt 0.5528 1.6384
vt 0.5286 1.6384
vt 0.5286 1.4754
vt 0.5366 1.4754
vt 0.5366 1.6384
vt 0.5286 1.3124
vt 0.5286 1.1494
vt 0.5366 1.1494
vt 0.5366 1.3124
vt 0.5769 1.6384
vt 0.5769 1.4754
vt 0.5932 1.4754
vt 0.5937 1.6384
vt 0.5608 1.6384
vt 0.5608 1.4754
vt 0.5689 1.4754
vt 0.5689 1.6384
vt 0.5608 1.3124
vt 0.5608 1.1494
vt 0.5689 1.1494
vt 0.5689 1.3124
vt 0.6377 -0.7379
vt 0.6377 -0.7441
vt 0.6458 -0.7441
vt 0.6458 -0.7379
vt 0.6216 -0.7379
vt 0.6216 -0.7441
vt 0.6296 -0.7441
vt 0.6296 -0.7379
vt 0.6216 -0.7506
vt 0.6216 -0.7571
vt 0.6296 -0.7571
vt 0.6296 -0.7506
vt 0.6377 -0.7126
vt 0.6377 -0.7188
vt 0.6458 -0.7188
vt 0.6458 -0.7126
vt 0.6216 -0.7126
vt 0.6216 -0.7188
vt 0.6296 -0.7188
vt 0.6296 -0.7126
vt 0.6216 -0.7252
vt 0.6216 -0.7316
vt 0.6296 -0.7316
vt 0.6296 -0.7252
vt 0.6699 -0.7126
vt 0.6699 -0.7188
vt 0.6887 -0.7187
vt 0.6914 -0.7124
vt 0.6538 -0.7126
vt 0.6538 -0.7188
vt 0.6619 -0.7188
vt 0.6619 -0.7126
vt 0.6538 -0.7252
vt 0.6538 -0.7316
vt 0.6619 -0.7316
vt 0.6619 -0.7252
vt 0.6699 -0.7379
vt 0.6699 -0.7441
vt 0.6871 -0.7440
vt 0.6897 -0.7377
vt 0.6538 -0.7379
vt 0.6538 -0.7441
vt 0.6619 -0.7441
vt 0.6619 -0.7379
vt 0.6538 -0.7506
vt 0.6538 -0.7571
vt 0.6619 -0.7571
vt 0.6619 -0.7506
vt 0.5769 0.9864
vt 0.5769 0.8234
vt 0.5964 0.8234
vt 0.5953 0.9864
vt 0.5608 0.9864
vt 0.5608 0.8234
vt 0.5689 0.8234
vt 0.5689 0.9864
vt 0.5608 0.6605
vt 0.5608 0.4975
vt 0.5689 0.4975
vt 0.5689 0.6605
vt 0.6674 -0.6193
vt 0.6674 -0.6259
vt 0.6864 -0.6261
vt 0.6895 -0.6196
vt 0.6513 -0.6193
vt 0.6513 -0.6259
vt 0.6594 -0.6259
vt 0.6594 -0.6193
vt 0.6513 -0.6321
vt 0.6513 -0.6385
vt 0.6594 -0.6385
vt 0.6594 -0.6321
vt 0.4801 0.9871
vt 0.4801 0.8241
vt 0.5008 0.8241
vt 0.4998 0.9871
vt 0.4640 0.9871
vt 0.4640 0.8241
vt 0.4720 0.8241
vt 0.4720 0.9871
vt 0.4640 0.6611
vt 0.4640 0.4982
vt 0.4720 0.4982
vt 0.4720 0.6611
vt 0.0970 0.6620
vt 0.0881 0.6620
vt 0.0886 0.4991
vt 0.0975 0.4991
vt 0.0961 0.9880
vt 0.0872 0.9880
vt 0.0877 0.8250
vt 0.0966 0.8250
vt 0.0783 0.9880
vt 0.0591 0.9880
vt 0.0584 0.8250
vt 0.0788 0.8250
vt 0.1681 0.6622
vt 0.1592 0.6621
vt 0.1597 0.4992
vt 0.1686 0.4992
vt 0.1671 0.9881
vt 0.1583 0.9881
vt 0.1587 0.8251
vt 0.1676 0.8251
vt 0.1494 0.9881
vt 0.1405 0.9881
vt 0.1410 0.8251
vt 0.1498 0.8251
vt 0.1718 -0.6417
vt 0.1629 -0.6417
vt 0.1634 -0.8136
vt 0.1723 -0.8128
vt 0.1709 -0.3157
vt 0.1620 -0.3158
vt 0.1624 -0.4787
vt 0.1713 -0.4787
vt 0.1531 -0.3158
vt 0.1442 -0.3158
vt 0.1447 -0.4788
vt 0.1536 -0.4788
vt 0.2708 0.6639
vt 0.2619 0.6639
vt 0.2614 0.5009
vt 0.2703 0.5009
vt 0.2717 0.9899
vt 0.2628 0.9899
vt 0.2624 0.8269
vt 0.2712 0.8269
vt 0.2539 0.9899
vt 0.2352 0.9899
vt 0.2344 0.8270
vt 0.2535 0.8269
vt 0.3419 0.6638
vt 0.3330 0.6638
vt 0.3325 0.5008
vt 0.3414 0.5008
vt 0.3428 0.9898
vt 0.3339 0.9898
vt 0.3334 0.8268
vt 0.3423 0.8268
vt 0.3250 0.9898
vt 0.3161 0.9898
vt 0.3157 0.8268
vt 0.3246 0.8268
vt 0.3382 -0.6401
vt 0.3293 -0.6400
vt 0.3288 -0.8095
vt 0.3377 -0.8114
vt 0.3391 -0.3141
vt 0.3302 -0.3141
vt 0.3298 -0.4771
vt 0.3387 -0.4771
vt 0.3213 -0.3141
vt 0.3125 -0.3140
vt 0.3120 -0.4770
vt 0.3209 -0.4770
vt 0.2671 -0.6399
vt 0.2582 -0.6399
vt 0.2578 -0.8114
vt 0.2666 -0.8128
vt 0.2680 -0.3140
vt 0.2591 -0.3140
vt 0.2587 -0.4770
vt 0.2676 -0.4770
vt 0.2503 -0.3140
vt 0.2305 -0.3139
vt 0.2327 -0.4769
vt 0.2498 -0.4769
vt 0.1007 -0.6418
vt 0.0919 -0.6418
vt 0.0923 -0.8128
vt 0.1012 -0.8119
vt 0.0998 -0.3159
vt 0.0909 -0.3159
vt 0.0914 -0.4788
vt 0.1002 -0.4788
vt 0.0820 -0.3159
vt 0.0630 -0.3159
vt 0.0652 -0.4789
vt 0.0825 -0.4789
vt 0.4801 -0.3168
vt 0.4801 -0.4798
vt 0.5085 -0.4797
vt 0.4988 -0.3168
vt 0.4640 -0.3168
vt 0.4640 -0.4798
vt 0.4720 -0.4798
vt 0.4720 -0.3168
vt 0.4640 -0.6427
vt 0.4640 -0.8148
vt 0.4720 -0.8148
vt 0.4720 -0.6427
vt 0.6674 -0.6702
vt 0.6674 -0.6764
vt 0.6881 -0.6767
vt 0.6862 -0.6704
vt 0.6513 -0.6702
vt 0.6513 -0.6764
vt 0.6594 -0.6764
vt 0.6594 -0.6702
vt 0.6513 -0.6830
vt 0.6513 -0.6970
vt 0.6594 -0.6970
vt 0.6594 -0.6830
vt 0.5769 -0.3175
vt 0.5769 -0.4804
vt 0.5933 -0.4804
vt 0.5951 -0.3175
vt 0.5608 -0.3175
vt 0.5608 -0.4804
vt 0.5689 -0.4804
vt 0.5689 -0.3175
vt 0.5608 -0.6434
vt 0.5608 -0.8148
vt 0.5689 -0.8148
vt 0.5689 -0.6434
vt 0.6699 -0.7887
vt 0.6699 -0.7949
vt 0.6899 -0.7948
vt 0.6918 -0.7885
vt 0.6538 -0.7887
vt 0.6538 -0.7949
vt 0.6619 -0.7949
vt 0.6619 -0.7887
vt 0.6538 -0.8013
vt 0.6538 -0.8148
vt 0.6619 -0.8148
vt 0.6619 -0.8013
vt 0.6538 -0.6970
vt 0.6619 -0.6970
vt 0.6458 -0.6970
vt 0.6699 -0.6970
vt 0.6883 -0.6986
vt 0.6028 -0.7187
vt 0.6026 -0.7250
vt 0.5989 -0.7315
vt 0.6216 -0.6970
vt 0.6296 -0.6970
vt 0.6032 -0.6986
vt 0.6002 -0.7124
vt 0.6377 -0.6970
vt 0.6044 -0.7440
vt 0.6005 -0.7504
vt 0.5970 -0.7569
vt 0.6019 -0.7377
vt 0.5608 1.8087
vt 0.5689 1.8087
vt 0.5528 1.8087
vt 0.5769 1.8087
vt 0.5934 1.8074
vt 0.5123 1.4754
vt 0.5097 1.3124
vt 0.5115 1.1494
vt 0.5286 1.8087
vt 0.5366 1.8087
vt 0.5121 1.8074
vt 0.5118 1.6384
vt 0.5447 1.8087
vt 0.5091 0.8234
vt 0.5119 0.6605
vt 0.5105 0.4975
vt 0.5102 0.9864
vt 0.6513 -0.5797
vt 0.6594 -0.5797
vt 0.6433 -0.5797
vt 0.6674 -0.5797
vt 0.6851 -0.5813
vt 0.5999 -0.6007
vt 0.6011 -0.6071
vt 0.5974 -0.6133
vt 0.6191 -0.5797
vt 0.6272 -0.5797
vt 0.6015 -0.5813
vt 0.5979 -0.5943
vt 0.6352 -0.5797
vt 0.6002 -0.6261
vt 0.5977 -0.6323
vt 0.5989 -0.6387
vt 0.5970 -0.6196
vt 0.4640 1.8096
vt 0.4720 1.8096
vt 0.4559 1.8096
vt 0.4801 1.8096
vt 0.4968 1.8082
vt 0.4098 1.4761
vt 0.4089 1.3131
vt 0.4114 1.1501
vt 0.4317 1.8096
vt 0.4398 1.8096
vt 0.4150 1.8082
vt 0.4113 1.6390
vt 0.4479 1.8096
vt 0.4110 0.8241
vt 0.4110 0.6611
vt 0.4120 0.4982
vt 0.4120 0.9871
vt 0.1204 1.8108
vt 0.1115 1.8112
vt 0.1026 1.8109
vt 0.1382 1.8148
vt 0.1292 1.8107
vt 0.0848 1.8114
vt 0.0759 1.8124
vt 0.0586 1.8089
vt 0.0937 1.8128
vt 0.2215 0.9882
vt 0.2218 0.8252
vt 0.2230 1.1512
vt 0.2305 0.6622
vt 0.2246 0.4992
vt 0.1914 1.8107
vt 0.1826 1.8109
vt 0.1737 1.8135
vt 0.2222 1.6401
vt 0.2305 1.4772
vt 0.2196 1.8105
vt 0.2003 1.8126
vt 0.2213 1.3142
vt 0.1559 1.8095
vt 0.1470 1.8123
vt 0.1648 1.8114
vt 0.2301 -0.3157
vt 0.2297 -0.4786
vt 0.2271 -0.1527
vt 0.2286 -0.6416
vt 0.2254 -0.8108
vt 0.2261 0.3363
vt 0.2265 0.1733
vt 0.2260 0.0103
vt 0.3007 1.8125
vt 0.2918 1.8148
vt 0.2829 1.8145
vt 0.3185 1.8134
vt 0.3096 1.8143
vt 0.2652 1.8128
vt 0.2563 1.8142
vt 0.2378 1.8117
vt 0.2740 1.8119
vt 0.3989 0.9897
vt 0.3994 0.8267
vt 0.3999 1.1527
vt 0.3990 0.6637
vt 0.3975 0.5008
vt 0.3718 1.8136
vt 0.3629 1.8123
vt 0.3540 1.8147
vt 0.4015 1.6416
vt 0.4025 1.4786
vt 0.3982 1.8108
vt 0.3807 1.8108
vt 0.4029 1.3157
vt 0.3362 1.8136
vt 0.3274 1.8118
vt 0.3451 1.8128
vt 0.3942 -0.3142
vt 0.4034 -0.4772
vt 0.3959 -0.1512
vt 0.3951 -0.6401
vt 0.3925 -0.8105
vt 0.4034 0.3378
vt 0.3948 0.1748
vt 0.3944 0.0118
vt 0.4139 0.1722
vt 0.4138 0.0092
vt 0.4118 -0.1538
vt 0.4057 0.3352
vt 0.4034 -0.4797
vt 0.4112 -0.6427
vt 0.4133 -0.8131
vt 0.4130 -0.3168
vt 0.5985 -0.6513
vt 0.5997 -0.6577
vt 0.5971 -0.6639
vt 0.6011 -0.6451
vt 0.5985 -0.6767
vt 0.6025 -0.6832
vt 0.6023 -0.6957
vt 0.6004 -0.6704
vt 0.5103 0.1715
vt 0.5107 0.0085
vt 0.5114 -0.1545
vt 0.5085 0.3345
vt 0.5122 -0.4804
vt 0.5101 -0.6434
vt 0.5110 -0.8132
vt 0.5104 -0.3175
vt 0.6025 -0.7694
vt 0.6020 -0.7757
vt 0.6024 -0.7821
vt 0.6027 -0.7630
vt 0.6017 -0.7948
vt 0.6002 -0.8012
vt 0.6051 -0.8134
vt 0.5998 -0.7885
vn -0.8990 -0.2519 -0.3582
vn 0.0085 -0.2274 -0.9738
vn 0.9766 -0.2119 0.0357
vn -0.0151 -0.2433 0.9698
vn 0.0031 -0.9898 -0.1425
vn -0.0109 0.9401 -0.3407
vn -0.0045 0.9581 0.2864
vn 0.0081 0.9850 -0.1721
vn -0.0130 0.9718 -0.2353
vn 0.0071 -1.0000 0.0051
vn -0.0097 -0.9991 -0.0412
vn 0.0034 -0.9549 -0.2968
vn -0.0057 -0.3081 0.9513
vn 0.9362 -0.3086 0.1682
vn -0.0074 -0.2771 -0.9608
vn -0.8482 -0.2951 0.4398
vn -0.8438 -0.2784 0.4588
vn -0.8664 0.0000 0.4993
vn -0.8774 0.0000 0.4797
vn 0.0101 -0.2847 -0.9586
vn 0.0113 0.0000 -0.9999
vn -0.0083 0.0000 -1.0000
vn 0.8460 -0.2703 -0.4595
vn 0.8660 0.0000 -0.5000
vn 0.9823 0.0000 0.1871
vn -0.0140 -0.3192 0.9476
vn -0.0156 0.0000 0.9999
vn -0.0064 0.0000 1.0000
vn -0.0108 -0.9994 0.0338
vn 0.0209 -0.9986 -0.0477
vn 0.0043 -0.9615 -0.2747
vn -0.0045 -0.9952 0.0976
vn 0.0104 -0.9932 0.1163
vn 0.0012 -0.9996 -0.0292
vn 0.0060 -0.9743 0.2254
vn 0.0129 -0.9981 -0.0595
vn 0.0075 -0.9926 0.1214
vn -0.0096 0.9986 0.0516
vn -0.0089 0.9346 -0.3555
vn 0.0060 0.9654 -0.2605
vn 0.0063 0.9849 0.1727
vn -0.0239 0.9946 -0.1011
vn -0.0047 0.9841 0.1775
vn -0.0072 0.9841 0.1772
vn -0.0094 0.9917 -0.1280
vn -0.0039 0.9993 0.0374
vn -0.0182 0.9998 -0.0106
vn 0.0026 0.9985 -0.0542
vn -0.0100 0.9322 -0.3619
vn 0.0184 -0.9998 -0.0072
vn 0.0052 -0.9969 -0.0786
vn -0.0001 -0.9408 -0.3389
vn 0.0110 -0.2956 0.9552
vn 0.0122 0.0000 0.9999
vn -0.0205 0.0000 0.9998
vn 0.8898 -0.2924 -0.3503
vn 0.9228 0.0000 -0.3852
vn 0.9971 0.0000 0.0760
vn 0.0040 -0.2789 -0.9603
vn 0.0045 0.0000 -1.0000
vn 0.0129 0.0000 -0.9999
vn -0.9523 -0.2990 -0.0614
vn -0.9977 0.0000 -0.0685
vn -0.9133 0.0000 -0.4072
vn -0.9569 0.0000 -0.2905
vn -0.9995 0.0000 0.0310
vn -0.9550 -0.2954 0.0277
vn 0.0108 0.0000 -0.9999
vn 0.0115 0.0000 -0.9999
vn 0.0103 -0.2978 -0.9546
vn 0.9564 0.0000 -0.2919
vn 0.9245 0.0000 -0.3811
vn 0.8953 -0.2800 -0.3464
vn 0.0595 0.0000 0.9982
vn -0.0506 0.0000 0.9987
vn -0.0454 -0.3220 0.9456
vn -0.0006 -0.9947 0.1033
vn 0.0085 -0.9997 -0.0212
vn 0.0107 -0.9680 -0.2508
vn 0.0013 -0.9841 0.1778
vn -0.0003 -1.0000 -0.0072
vn 0.0067 -0.9907 0.1358
vn 0.0080 -0.9947 -0.1029
vn 0.0083 -0.9747 0.2235
vn 0.0065 -0.9897 -0.1427
vn -0.0033 0.9982 0.0593
vn 0.0081 0.9596 -0.2811
vn 0.0012 0.9611 -0.2761
vn 0.0096 0.9999 -0.0106
vn 0.0046 0.9983 -0.0582
vn 0.0087 0.9945 0.1042
vn -0.0158 0.9978 -0.0640
vn -0.0073 0.9501 -0.3120
vn -0.0225 0.9604 0.2779
vn -0.0041 0.9289 0.3702
vn 0.0055 0.9997 0.0242
vn -0.0031 0.9963 0.0856
vn -0.0144 0.9801 -0.1980
vn 0.0079 0.9957 -0.0928
vn 0.0082 0.9999 -0.0112
vn -0.0053 0.9868 -0.1621
vn -0.0060 0.9995 0.0300
vn -0.0045 0.9646 0.2635
vn -0.0142 0.9840 0.1777
vn 0.0052 0.9991 0.0415
vn 0.0165 0.9979 -0.0633
vn 0.0066 0.9973 -0.0738
vn 0.0026 0.9972 -0.0748
vn 0.0014 0.9983 0.0590
vn 0.0123 0.9974 -0.0715
vn -0.0017 0.9999 -0.0169
vn -0.0038 0.9950 0.0997
vn 0.0004 0.9685 0.2489
vn -0.0085 0.9727 0.2319
vn 0.0113 0.9241 -0.3819
vn -0.0126 0.9811 0.1929
vn 0.0065 0.9934 0.1149
vn -0.0051 0.9912 0.1322
vn 0.0091 0.9844 0.1758
vn 0.0032 0.9936 0.1132
vn -0.0001 0.9995 0.0317
vn 0.0015 -0.9990 0.0450
vn -0.0016 -0.9972 0.0749
vn 0.0151 -0.9982 -0.0588
vn -0.0106 -0.9889 -0.1480
vn -0.0012 -0.9965 -0.0840
vn -0.0035 -0.9844 0.1757
vn 0.0065 -0.9870 0.1608
vn 0.0056 -0.9986 0.0528
vn 0.0171 -0.9992 -0.0358
vn 0.0204 -0.9483 -0.3167
vn 0.0135 -0.9995 0.0291
vn 0.0054 -0.9970 0.0768
vn 0.0017 -0.9995 0.0331
vn 0.0031 -0.9978 -0.0666
vn 0.0004 -0.9646 0.2639
vn -0.0086 -0.9924 -0.1224
vn 0.0068 -0.9803 -0.1973
vn -0.0039 -0.9652 -0.2616
vn 0.0122 -0.8888 -0.4582
vn -0.0023 -0.9999 0.0130
vn 0.0074 -0.9185 -0.3953
vn -0.0019 -0.9844 -0.1762
vn 0.0052 -0.9900 -0.1412
vn 0.0046 -0.9846 0.1750
vn -0.0137 -0.9860 0.1659
vn -0.0074 -0.9927 -0.1204
vn -0.0059 -0.9953 0.0966
vn 0.0062 0.0000 1.0000
vn 0.0091 0.0000 1.0000
vn 0.0082 -0.3165 0.9486
vn 0.8948 0.0000 0.4465
vn 0.9557 0.0000 0.2944
vn 0.9173 -0.2963 0.2661
vn -0.0068 0.0000 -1.0000
vn 0.0031 0.0000 -1.0000
vn 0.0028 -0.2656 -0.9641
vn -0.9263 0.0000 -0.3768
vn -0.9210 0.0000 -0.3896
vn -0.8901 -0.2867 -0.3544
vn -0.8992 -0.2725 -0.3424
vn -0.0061 -0.2952 -0.9554
vn 0.8679 -0.2831 0.4081
vn 0.0056 -0.3077 0.9515
vn 0.0046 -0.9944 -0.1060
vn 0.0065 -0.9899 0.1414
vn 0.0068 -0.9598 -0.2806
vn -0.0131 -0.9830 0.1833
vn 0.0014 -0.9447 0.3279
vn 0.0068 -0.9769 0.2137
vn 0.0042 -0.9987 0.0501
vn 0.0167 -0.9613 0.2749
vn -0.0040 -0.9999 0.0160
vn -0.0168 0.9979 0.0630
vn -0.0064 0.9918 -0.1276
vn -0.0018 0.9653 -0.2613
vn 0.0151 0.9899 0.1411
vn -0.0052 0.9812 0.1929
vn -0.0177 0.9992 -0.0346
vn -0.0210 0.9997 0.0096
vn -0.0270 0.9038 -0.4270
vn -0.0079 0.9995 0.0307
vn -0.0113 0.9889 -0.1485
vn -0.0203 0.9705 -0.2402
vn -0.0073 0.9591 -0.2828
vn 0.0312 -0.9927 0.1163
vn 0.0037 -0.9802 0.1978
vn -0.0128 -0.9234 -0.3837
vn 0.0533 -0.3331 0.9414
vn 0.9194 -0.2919 -0.2638
vn 0.0097 -0.2760 -0.9611
vn -0.9163 -0.3026 -0.2625
vn -0.9732 0.0000 0.2299
vn -0.9193 0.0000 0.3935
vn -0.8877 -0.2896 0.3580
vn -0.0130 0.0000 -0.9999
vn -0.0063 0.0000 -1.0000
vn -0.0056 -0.2806 -0.9598
vn 0.8437 0.0000 0.5368
vn 0.8848 0.0000 0.4660
vn 0.8601 -0.2796 0.4267
vn -0.0486 0.0000 0.9988
vn -0.0076 0.0000 1.0000
vn -0.0068 -0.2995 0.9541
vn -0.0194 -0.9990 -0.0398
vn 0.0118 -0.9362 -0.3511
vn 0.0060 -0.9654 -0.2605
vn 0.0004 -0.9957 -0.0926
vn -0.0054 -0.9961 0.0883
vn 0.0004 -0.9685 0.2489
vn 0.0248 -0.9860 -0.1649
vn -0.0067 -0.9862 -0.1655
vn -0.0085 -0.9727 0.2319
vn -0.0039 0.9830 -0.1838
vn 0.0044 0.9934 -0.1144
vn 0.0043 0.9615 -0.2747
vn -0.0290 0.9966 0.0777
vn 0.0235 0.9146 0.4037
vn 0.0122 0.8888 -0.4582
vn -0.0148 0.9924 0.1225
vn 0.0009 0.9985 -0.0543
vn -0.0023 0.9999 0.0130
vn -0.0099 0.9958 0.0912
vn -0.0014 0.9995 0.0309
vn 0.0012 0.9996 -0.0292
vn -0.0178 0.9713 0.2373
vn 0.0209 0.9170 0.3983
vn 0.0204 0.9483 -0.3167
vn -0.0072 0.9928 -0.1198
vn -0.0018 0.9873 -0.1588
vn 0.0135 0.9995 0.0291
vn -0.0141 0.9958 -0.0909
vn 0.0131 0.9998 -0.0131
vn 0.0075 0.9926 0.1214
vn -0.0035 0.9814 -0.1921
vn 0.0063 0.9921 0.1252
vn 0.0015 0.9990 0.0450
vn 0.0066 0.9980 -0.0622
vn 0.0003 0.9861 -0.1661
vn -0.0016 0.9972 0.0749
vn -0.0036 0.9993 -0.0380
vn -0.0091 0.9922 -0.1242
vn -0.0001 0.9408 -0.3389
vn -0.0063 0.9996 -0.0282
vn 0.0120 0.9977 0.0665
vn -0.0006 0.9947 0.1033
vn -0.0190 0.9667 -0.2551
vn 0.0104 0.9817 -0.1901
vn 0.0085 0.9997 -0.0212
vn 0.0114 -0.9913 -0.1313
vn -0.0188 -0.9543 -0.2984
vn -0.0047 -0.9841 0.1775
vn 0.0136 -0.9939 -0.1094
vn -0.0148 -0.9947 0.1021
vn -0.0142 -0.9840 0.1777
vn 0.0049 -0.9805 -0.1966
vn 0.0003 -0.9962 -0.0870
vn 0.0052 -0.9991 0.0415
vn 0.0086 -0.9684 -0.2491
vn -0.0043 -0.9935 -0.1136
vn -0.0039 -0.9993 0.0374
vn -0.0118 -0.9985 -0.0539
vn 0.0054 -0.9999 -0.0151
vn -0.0041 -0.9289 0.3702
vn -0.0071 -0.9989 -0.0460
vn 0.0060 -0.9983 -0.0582
vn 0.0055 -0.9997 0.0242
vn 0.0195 -0.9897 -0.1418
vn -0.0175 -0.9962 -0.0854
vn -0.0100 -0.9322 -0.3619
vn -0.0040 -0.9921 0.1254
vn 0.0025 -0.9505 0.3106
vn -0.0033 -0.9982 0.0593
vn 0.0062 -0.9979 -0.0652
vn 0.0042 -0.9833 0.1820
vn 0.0081 -0.9596 -0.2811
vn 0.0004 0.0000 1.0000
vn -0.0037 0.0000 1.0000
vn -0.0033 -0.3058 0.9521
vn 0.9287 0.0000 -0.3709
vn 0.9982 0.0000 -0.0604
vn 0.9455 -0.3210 -0.0542
vn 0.0172 0.0000 -0.9999
vn -0.0081 0.0000 -1.0000
vn -0.0072 -0.2816 -0.9595
vn -0.8481 0.0000 0.5298
vn -0.9070 0.0000 -0.4211
vn -0.8760 -0.2920 -0.3840
vn -0.9991 0.0000 0.0434
vn -0.9608 0.0000 0.2772
vn -0.9391 -0.2578 0.2271
vn -0.9548 0.2946 0.0388
vn -0.8438 0.2784 0.4588
vn -0.9391 0.2578 0.2271
vn -0.8901 0.2867 -0.3544
vn -0.8331 0.2595 0.4884
vn -0.8482 0.2951 0.4398
vn -0.8760 0.2920 -0.3840
vn -0.8992 0.2725 -0.3424
vn -0.0164 0.0000 -0.9999
vn -0.0084 0.0000 -1.0000
vn -0.0048 -0.2103 -0.9776
vn -0.0147 0.2798 -0.9600
vn 0.0101 0.2847 -0.9586
vn -0.0048 0.2103 -0.9776
vn 0.0028 0.2656 -0.9641
vn 0.0154 0.2858 -0.9582
vn -0.0074 0.2771 -0.9608
vn -0.0072 0.2816 -0.9595
vn -0.0061 0.2952 -0.9554
vn 0.9831 0.0000 0.1830
vn 0.8660 0.0000 -0.5001
vn 0.9497 0.0000 -0.3133
vn 0.9304 -0.2548 -0.2636
vn 0.9434 0.2879 0.1645
vn 0.8460 0.2703 -0.4595
vn 0.9304 0.2548 -0.2636
vn 0.9173 0.2963 0.2661
vn 0.8960 0.2893 -0.3369
vn 0.9362 0.3086 0.1682
vn 0.9455 0.3210 -0.0542
vn 0.8679 0.2831 0.4081
vn 0.0053 0.0000 1.0000
vn 0.0291 0.0000 0.9996
vn 0.0233 -0.2418 0.9700
vn 0.0048 0.3255 0.9455
vn -0.0140 0.3192 0.9476
vn 0.0233 0.2418 0.9700
vn 0.0082 0.3165 0.9486
vn 0.0003 0.3125 0.9499
vn -0.0057 0.3081 0.9513
vn -0.0033 0.3058 0.9521
vn 0.0056 0.3077 0.9515
vn -0.0103 -0.9953 0.0962
vn 0.0149 -0.9987 0.0480
vn 0.0026 -0.9985 -0.0542
vn 0.0032 -0.9864 -0.1643
vn -0.0063 -0.9897 -0.1427
vn 0.0096 -0.9999 -0.0106
vn -0.0052 -0.9903 -0.1385
vn 0.0011 -0.9990 -0.0454
vn 0.0046 -0.9983 -0.0582
vn 0.0080 -0.9962 0.0868
vn -0.0149 -0.9946 0.1029
vn -0.0182 -0.9998 -0.0106
vn 0.0097 -0.9999 -0.0028
vn -0.0112 -0.9560 -0.2931
vn -0.0158 -0.9978 -0.0640
vn 0.0107 -0.9944 0.1055
vn -0.0148 -0.9935 0.1125
vn -0.0073 -0.9501 -0.3120
vn 0.0027 -0.9933 0.1159
vn -0.0163 -0.9674 0.2526
vn -0.0109 -0.9401 -0.3407
vn 0.0009 -0.9985 -0.0543
vn -0.0148 -0.9924 0.1225
vn -0.0113 -0.9889 -0.1485
vn 0.0235 -0.9146 0.4037
vn -0.0290 -0.9966 0.0777
vn -0.0203 -0.9705 -0.2402
vn 0.0015 -0.9861 0.1664
vn -0.0150 -0.9996 0.0244
vn -0.0094 -0.9917 -0.1280
vn 0.0067 -0.9417 0.3363
vn -0.0061 -0.9694 0.2453
vn -0.0144 -0.9801 -0.1980
vn 0.0075 -0.9992 0.0387
vn -0.0122 -0.9980 0.0622
vn 0.0079 -0.9957 -0.0928
vn 0.0057 -0.9988 0.0482
vn -0.0101 -0.9965 0.0833
vn -0.0072 -0.9841 0.1772
vn -0.0096 -0.9965 -0.0832
vn -0.0052 -0.9958 0.0916
vn -0.0053 -0.9868 -0.1621
vn -0.0028 -0.9941 0.1082
vn 0.0132 -0.9980 -0.0623
vn -0.0060 -0.9995 0.0300
vn 0.0094 -0.9999 -0.0045
vn -0.0172 -0.9998 0.0099
vn -0.0045 -0.9581 0.2864
vn -0.0018 -0.9873 -0.1588
vn -0.0072 -0.9928 -0.1198
vn -0.0210 -0.9997 0.0096
vn 0.0209 -0.9170 0.3983
vn -0.0178 -0.9713 0.2373
vn -0.0270 -0.9038 -0.4270
vn 0.0140 -0.9706 0.2404
vn -0.0130 -0.9951 0.0984
vn -0.0239 -0.9946 -0.1011
vn 0.0007 -0.9999 -0.0138
vn 0.0044 -0.9949 0.1010
vn 0.0066 -0.9973 -0.0738
vn 0.0129 -0.9999 0.0038
vn 0.0048 -0.9999 0.0092
vn 0.0026 -0.9972 -0.0748
vn -0.0027 -0.9955 0.0943
vn 0.0100 -0.9998 -0.0158
vn 0.0063 -0.9849 0.1727
vn -0.0011 -0.9995 0.0330
vn 0.0045 -0.9941 0.1085
vn 0.0123 -0.9974 -0.0715
vn -0.0109 -0.9874 0.1581
vn 0.0029 -0.9985 0.0552
vn -0.0017 -0.9999 -0.0169
vn 0.0075 -0.9993 0.0372
vn 0.0144 -0.9829 0.1836
vn 0.0081 -0.9850 -0.1721
vn 0.0003 -0.9861 -0.1661
vn 0.0066 -0.9980 -0.0622
vn 0.0151 -0.9899 0.1411
vn 0.0063 -0.9921 0.1252
vn -0.0035 -0.9814 -0.1921
vn -0.0052 -0.9812 0.1929
vn 0.0004 0.9885 0.1514
vn 0.0009 0.9861 0.1663
vn 0.0052 0.9969 -0.0786
vn -0.0032 0.9992 0.0398
vn -0.0013 0.9676 -0.2525
vn 0.0013 0.9841 0.1778
vn 0.0050 0.9993 -0.0367
vn 0.0052 0.9835 0.1808
vn -0.0003 1.0000 -0.0072
vn 0.0005 0.9879 0.1551
vn 0.0141 0.9450 0.3267
vn 0.0184 0.9998 -0.0072
vn 0.0120 0.9992 -0.0376
vn 0.0019 0.9882 0.1529
vn 0.0080 0.9947 -0.1029
vn -0.0038 0.9937 -0.1122
vn 0.0011 0.9947 -0.1027
vn 0.0083 0.9747 0.2235
vn 0.0154 0.9947 -0.1016
vn 0.0169 0.9763 -0.2158
vn 0.0031 0.9898 -0.1425
vn -0.0067 0.9862 -0.1655
vn 0.0248 0.9860 -0.1649
vn 0.0312 0.9927 0.1163
vn -0.0054 0.9961 0.0883
vn 0.0004 0.9957 -0.0926
vn 0.0037 0.9802 0.1978
vn -0.0052 0.9879 0.1548
vn 0.0031 0.9996 0.0263
vn 0.0129 0.9981 -0.0595
vn 0.0029 0.9985 0.0552
vn -0.0109 0.9874 0.1581
vn -0.0106 0.9889 -0.1480
vn 0.0045 0.9941 0.1085
vn -0.0011 0.9995 0.0330
vn -0.0012 0.9965 -0.0840
vn 0.0032 0.9914 0.1309
vn 0.0039 0.9987 -0.0511
vn 0.0060 0.9743 0.2254
vn 0.0048 0.9999 0.0092
vn 0.0129 0.9999 0.0038
vn 0.0065 0.9870 0.1608
vn 0.0044 0.9949 0.1010
vn 0.0007 0.9999 -0.0138
vn 0.0056 0.9986 0.0528
vn 0.0091 0.9876 0.1565
vn 0.0083 0.9978 -0.0657
vn 0.0071 1.0000 0.0051
vn 0.0003 0.9962 -0.0870
vn 0.0049 0.9805 -0.1966
vn 0.0042 0.9987 0.0501
vn -0.0148 0.9947 0.1021
vn 0.0136 0.9939 -0.1094
vn 0.0167 0.9613 0.2749
vn -0.0112 0.9998 0.0181
vn 0.0088 0.9993 -0.0358
vn 0.0104 0.9932 0.1163
vn 0.0132 0.9980 -0.0623
vn -0.0028 0.9941 0.1082
vn 0.0017 0.9995 0.0331
vn -0.0052 0.9958 0.0916
vn -0.0096 0.9965 -0.0832
vn 0.0031 0.9978 -0.0666
vn 0.0108 0.9926 0.1211
vn -0.0067 0.9996 0.0256
vn -0.0045 0.9952 0.0976
vn -0.0122 0.9980 0.0622
vn 0.0075 0.9992 0.0387
vn -0.0086 0.9924 -0.1224
vn -0.0061 0.9694 0.2453
vn 0.0067 0.9417 0.3363
vn 0.0068 0.9803 -0.1973
vn 0.0002 1.0000 0.0098
vn -0.0161 0.9983 0.0557
vn -0.0097 0.9991 -0.0412
vn 0.0060 0.9983 -0.0582
vn -0.0071 0.9989 -0.0460
vn -0.0131 0.9830 0.1833
vn 0.0054 0.9999 -0.0151
vn -0.0118 0.9985 -0.0539
vn 0.0014 0.9447 0.3279
vn -0.0122 0.9488 0.3156
vn -0.0025 0.9485 0.3169
vn 0.0209 0.9986 -0.0477
vn -0.0148 0.9935 0.1125
vn 0.0107 0.9944 0.1055
vn -0.0019 0.9844 -0.1762
vn -0.0112 0.9560 -0.2931
vn 0.0097 0.9999 -0.0028
vn 0.0052 0.9900 -0.1412
vn 0.0093 0.9999 -0.0118
vn -0.0204 0.9834 -0.1801
vn -0.0108 0.9994 0.0338
vn 0.0011 0.9990 -0.0454
vn -0.0052 0.9903 -0.1385
vn -0.0137 0.9860 0.1659
vn -0.0063 0.9897 -0.1427
vn 0.0032 0.9864 -0.1643
vn -0.0074 0.9927 -0.1204
vn 0.0006 0.9882 0.1534
vn 0.0037 0.9822 0.1879
vn 0.0034 0.9549 -0.2968
vn 0.0042 0.9833 0.1820
vn 0.0062 0.9979 -0.0652
vn 0.0046 0.9944 -0.1060
vn 0.0025 0.9505 0.3106
vn -0.0040 0.9921 0.1254
vn 0.0065 0.9899 0.1414
vn 0.0153 -0.9977 0.0656
vn -0.0147 -0.9768 0.2137
vn -0.0089 -0.9346 -0.3555
vn 0.0011 -0.9947 -0.1027
vn -0.0038 -0.9937 -0.1122
vn -0.0126 -0.9811 0.1929
vn 0.0019 -0.9882 0.1529
vn 0.0120 -0.9992 -0.0376
vn 0.0065 -0.9934 0.1149
vn -0.0000 -0.9790 0.2039
vn 0.0083 -0.9999 0.0057
vn -0.0096 -0.9986 0.0516
vn 0.0052 -0.9835 0.1808
vn 0.0050 -0.9993 -0.0367
vn 0.0091 -0.9844 0.1758
vn -0.0013 -0.9676 -0.2525
vn -0.0032 -0.9992 0.0398
vn 0.0032 -0.9936 0.1132
vn 0.0108 -0.9999 -0.0128
vn -0.0153 -0.9999 0.0023
vn -0.0130 -0.9718 -0.2353
vn 0.0104 -0.9817 -0.1901
vn -0.0190 -0.9667 -0.2551
vn -0.0168 -0.9979 0.0630
vn 0.0120 -0.9977 0.0665
vn -0.0063 -0.9996 -0.0282
vn -0.0064 -0.9918 -0.1276
vn 0.0007 0.0000 1.0000
vn 0.0391 0.0000 0.9992
vn 0.0350 -0.3289 0.9437
vn 0.0006 0.2840 0.9588
vn 0.0110 0.2956 0.9552
vn 0.0350 0.3289 0.9437
vn -0.0454 0.3220 0.9456
vn -0.0435 0.3388 0.9399
vn -0.0151 0.2433 0.9698
vn -0.0068 0.2995 0.9541
vn 0.0533 0.3331 0.9414
vn 0.9838 0.0000 0.1795
vn 0.9406 0.0000 0.3394
vn 0.9086 -0.2824 0.3076
vn 0.9838 0.0000 0.1794
vn 0.9397 0.3015 0.1613
vn 0.8898 0.2924 -0.3503
vn 0.9086 0.2824 0.3076
vn 0.8953 0.2800 -0.3464
vn 0.8309 0.2536 0.4952
vn 0.9767 0.2118 0.0357
vn 0.8601 0.2796 0.4267
vn 0.9194 0.2919 -0.2638
vn 0.0024 0.0000 -1.0000
vn -0.0129 0.0000 -0.9999
vn -0.0115 -0.2966 -0.9549
vn 0.0021 0.2856 -0.9583
vn 0.0040 0.2789 -0.9603
vn -0.0115 0.2966 -0.9549
vn 0.0103 0.2978 -0.9546
vn -0.0117 0.2783 -0.9604
vn 0.0085 0.2274 -0.9738
vn -0.0056 0.2806 -0.9598
vn 0.0097 0.2760 -0.9611
vn -0.9967 0.0000 0.0806
vn -0.7424 0.0000 -0.6699
vn -0.7367 -0.2491 -0.6287
vn -0.9517 0.2984 0.0723
vn -0.9523 0.2990 -0.0614
vn -0.7367 0.2491 -0.6287
vn -0.9550 0.2954 0.0277
vn -0.9296 0.3050 0.2070
vn -0.8990 0.2519 -0.3582
vn -0.8877 0.2896 0.3580
vn -0.9163 0.3026 -0.2625
vn -0.9517 -0.2984 0.0723
vn 0.0021 -0.2856 -0.9583
vn 0.9397 -0.3015 0.1613
vn 0.0006 -0.2840 0.9588
vn -0.0091 -0.9922 -0.1242
vn -0.0036 -0.9993 -0.0380
vn -0.0018 -0.9653 -0.2613
vn 0.0009 -0.9861 0.1663
vn 0.0004 -0.9885 0.1514
vn -0.0001 -0.9995 0.0317
vn 0.0141 -0.9450 0.3267
vn 0.0005 -0.9879 0.1551
vn -0.0051 -0.9912 0.1322
vn -0.0175 0.9962 -0.0854
vn 0.0195 0.9897 -0.1418
vn 0.0068 0.9598 -0.2806
vn 0.0149 0.9987 0.0480
vn -0.0103 0.9953 0.0962
vn -0.0059 0.9953 0.0966
vn -0.0149 0.9946 0.1029
vn 0.0080 0.9962 0.0868
vn 0.0046 0.9846 0.1750
vn -0.0043 0.9935 -0.1136
vn 0.0086 0.9684 -0.2491
vn 0.0068 0.9769 0.2137
vn -0.0150 0.9996 0.0244
vn 0.0015 0.9861 0.1664
vn -0.0039 0.9652 -0.2616
vn -0.0101 0.9965 0.0833
vn 0.0057 0.9988 0.0482
vn 0.0004 0.9646 0.2639
vn -0.0188 0.9543 -0.2984
vn 0.0114 0.9913 -0.1313
vn -0.0040 0.9999 0.0160
vn -0.0130 0.9951 0.0984
vn 0.0140 0.9706 0.2404
vn 0.0171 0.9992 -0.0358
vn 0.0100 0.9998 -0.0158
vn -0.0027 0.9955 0.0943
vn -0.0035 0.9844 0.1757
vn 0.0118 0.9362 -0.3511
vn -0.0194 0.9990 -0.0398
vn -0.0128 0.9234 -0.3837
vn -0.0147 0.9768 0.2137
vn 0.0153 0.9977 0.0656
vn 0.0065 0.9897 -0.1427
vn 0.0083 0.9999 0.0057
vn -0.0000 0.9790 0.2039
vn 0.0067 0.9907 0.1358
vn 0.0131 -0.9998 -0.0131
vn -0.0141 -0.9958 -0.0909
vn -0.0177 -0.9992 -0.0346
vn 0.0031 -0.9996 0.0263
vn -0.0052 -0.9879 0.1548
vn -0.0038 -0.9950 0.0997
vn 0.0039 -0.9987 -0.0511
vn 0.0032 -0.9914 0.1309
vn 0.0014 -0.9983 0.0590
vn -0.0014 -0.9995 0.0309
vn -0.0099 -0.9958 0.0912
vn -0.0079 -0.9995 0.0307
vn 0.0088 -0.9993 -0.0358
vn -0.0112 -0.9998 0.0181
vn -0.0045 -0.9646 0.2635
vn -0.0067 -0.9996 0.0256
vn 0.0108 -0.9926 0.1211
vn 0.0082 -0.9999 -0.0112
vn 0.0044 -0.9934 -0.1144
vn -0.0039 -0.9830 -0.1838
vn -0.0073 -0.9591 -0.2828
vn -0.0025 -0.9485 0.3169
vn -0.0122 -0.9488 0.3156
vn -0.0225 -0.9604 0.2779
vn -0.0204 -0.9834 -0.1801
vn 0.0093 -0.9999 -0.0118
vn 0.0087 -0.9945 0.1042
vn 0.0048 -0.3255 0.9455
vn 0.9434 -0.2879 0.1645
vn -0.0147 -0.2798 -0.9600
vn -0.9548 -0.2946 0.0388
vn -0.8331 -0.2595 0.4884
vn 0.0154 -0.2858 -0.9582
vn 0.8960 -0.2893 -0.3369
vn 0.0003 -0.3125 0.9499
vn 0.0037 -0.9822 0.1879
vn 0.0006 -0.9882 0.1534
vn 0.0012 -0.9611 -0.2761
vn -0.0161 -0.9983 0.0557
vn 0.0002 -1.0000 0.0098
vn -0.0031 -0.9963 0.0856
vn 0.0083 -0.9978 -0.0657
vn 0.0091 -0.9876 0.1565
vn 0.0165 -0.9979 -0.0633
vn -0.0153 0.9999 0.0023
vn 0.0108 0.9999 -0.0128
vn 0.0107 0.9680 -0.2508
vn 0.0144 0.9829 0.1836
vn 0.0075 0.9993 0.0372
vn 0.0151 0.9982 -0.0588
vn -0.0172 0.9998 0.0099
vn 0.0094 0.9999 -0.0045
vn 0.0054 0.9970 0.0768
vn -0.0163 0.9674 0.2526
vn 0.0027 0.9933 0.1159
vn 0.0074 0.9185 -0.3953
vn 0.0169 -0.9763 -0.2158
vn 0.0154 -0.9947 -0.1016
vn 0.0113 -0.9241 -0.3819
vn -0.0435 -0.3388 0.9399
vn 0.8309 -0.2536 0.4952
vn -0.0117 -0.2783 -0.9604
vn -0.9296 -0.3050 0.2070
usemtl None_Conservation-Textured-Kerb--Charcoal-5954.jpg.001
s off
f 2052/1191/706 1287/1192/706 1029/1193/706 1458/1194/706
f 2051/1195/707 1290/1196/707 1033/1197/707 1460/1198/707
f 2050/1199/708 1293/1200/708 1031/1201/708 1462/1202/708
f 2049/1203/709 1445/1204/709 1027/1205/709 1464/1206/709
f 2048/1207/710 1460/1208/710 1033/1209/710 1294/1210/710
f 2047/1211/711 1459/1212/711 1030/1213/711 1286/1214/711
f 2046/1215/712 1305/1216/712 1035/1217/712 1297/1218/712
f 2045/1219/713 1306/1220/713 1043/1221/713 1467/1222/713
f 2044/1223/714 1449/1224/714 1037/1225/714 1468/1226/714
f 2043/1227/715 1309/1228/715 1040/1229/715 1302/1230/715
f 2042/1231/716 1310/1232/716 1044/1233/716 1471/1234/716
f 2041/1235/717 1451/1236/717 1038/1237/717 1472/1238/717
f 2040/1239/718 1313/1240/718 1042/1241/718 1456/1242/718
f 2039/1243/719 1314/1244/719 1040/1245/719 1454/1246/719
f 2038/1247/720 1315/1248/720 1038/1249/720 1451/1250/720
f 2037/1251/721 1316/1252/721 1036/1253/721 1448/1254/721
f 2036/1255/722 1349/1256/722 1048/1257/722 1416/1258/722
f 2035/1259/723 1350/1260/723 1077/1261/723 1479/1262/723
f 2034/1263/724 1348/1264/724 1076/1265/724 1480/1266/724
f 2033/1267/725 1353/1268/725 1051/1269/725 1419/1270/725
f 2032/1271/726 1354/1272/726 1078/1273/726 1483/1274/726
f 2031/1275/727 1347/1276/727 1075/1277/727 1484/1278/727
f 2030/1279/728 1357/1280/728 1054/1281/728 1422/1282/728
f 2029/1283/729 1358/1284/729 1079/1285/729 1487/1286/729
f 2028/1287/730 1346/1288/730 1074/1289/730 1488/1290/730
f 2027/1291/731 1361/1292/731 1056/1293/731 1424/1294/731
f 2026/1295/732 1362/1296/732 1080/1297/732 1491/1298/732
f 2025/1299/733 1345/1300/733 1073/1301/733 1492/1302/733
f 2024/1303/734 1365/1304/734 1072/1305/734 1440/1306/734
f 2023/1307/735 1366/1308/735 1081/1309/735 1495/1310/735
f 2022/1311/736 1419/1312/736 1051/1313/736 1496/1314/736
f 2021/1315/737 1369/1316/737 1071/1317/737 1439/1318/737
f 2020/1319/738 1370/1320/738 1082/1321/738 1499/1322/738
f 2019/1323/739 1342/1324/739 1070/1325/739 1500/1326/739
f 2018/1327/740 1373/1328/740 1062/1329/740 1334/1330/740
f 2017/1331/741 1374/1332/741 1083/1333/741 1503/1334/741
f 2016/1335/742 1341/1336/742 1069/1337/742 1504/1338/742
f 2015/1339/743 1377/1340/743 1068/1341/743 1436/1342/743
f 2014/1343/744 1378/1344/744 1084/1345/744 1507/1346/744
f 2013/1347/745 1417/1348/745 1049/1349/745 1508/1350/745
f 2012/1351/746 1381/1352/746 1067/1353/746 1435/1354/746
f 2011/1355/747 1382/1356/747 1085/1357/747 1511/1358/747
f 2010/1359/748 1338/1360/748 1066/1361/748 1512/1362/748
f 2009/1363/749 1385/1364/749 1057/1365/749 1329/1366/749
f 2008/1367/750 1386/1368/750 1086/1369/750 1515/1370/750
f 2007/1371/751 1337/1372/751 1065/1373/751 1516/1374/751
f 2006/1375/752 1389/1376/752 1046/1377/752 1318/1378/752
f 2005/1379/753 1390/1380/753 1087/1381/753 1519/1382/753
f 2004/1383/754 1427/1384/754 1059/1385/754 1520/1386/754
f 2003/1387/755 1393/1388/755 1054/1389/755 1326/1390/755
f 2002/1391/756 1394/1392/756 1088/1393/756 1523/1394/756
f 2001/1395/757 1428/1396/757 1060/1397/757 1524/1398/757
f 2000/1399/758 1397/1400/758 1064/1401/758 1432/1402/758
f 1999/1403/759 1398/1404/759 1089/1405/759 1527/1406/759
f 1998/1407/760 1413/1408/760 1045/1409/760 1528/1410/760
f 1997/1411/761 1401/1412/761 1062/1413/761 1430/1414/761
f 1996/1415/762 1402/1416/762 1090/1417/762 1531/1418/762
f 1995/1419/763 1325/1420/763 1053/1421/763 1532/1422/763
f 1994/1423/764 1405/1424/764 1060/1425/764 1428/1426/764
f 1993/1427/765 1406/1428/765 1091/1429/765 1535/1430/765
f 1992/1431/766 1322/1432/766 1050/1433/766 1536/1434/766
f 1991/1435/767 1409/1436/767 1058/1437/767 1426/1438/767
f 1990/1439/768 1410/1440/768 1092/1441/768 1539/1442/768
f 1989/1443/769 1319/1444/769 1047/1445/769 1540/1446/769
f 1988/1447/770 1541/1448/770 1220/1449/770 1412/1450/770
f 1987/1451/770 1542/1452/770 1221/1453/770 1543/1454/770
f 1986/1455/769 1447/1456/769 1127/1457/769 1544/1458/769
f 1985/1459/771 1545/1460/771 1219/1461/771 1411/1462/771
f 1984/1463/771 1546/1464/771 1222/1465/771 1547/1466/771
f 1983/1467/768 1538/1468/768 1218/1469/768 1548/1470/768
f 1982/1471/772 1549/1472/772 1106/1473/772 1298/1474/772
f 1981/1475/771 1550/1476/771 1223/1477/771 1551/1478/771
f 1980/1479/768 1537/1480/768 1217/1481/768 1552/1482/768
f 1979/1483/773 1553/1484/773 1216/1485/773 1408/1486/773
f 1978/1487/773 1554/1488/773 1224/1489/773 1555/1490/773
f 1977/1491/766 1450/1492/766 1130/1493/766 1556/1494/766
f 1976/1495/774 1557/1496/774 1215/1497/774 1407/1498/774
f 1975/1499/774 1558/1500/774 1225/1501/774 1559/1502/774
f 1974/1503/765 1534/1504/765 1214/1505/765 1560/1506/765
f 1973/1507/775 1561/1508/775 1108/1509/775 1300/1510/775
f 1972/1511/774 1562/1512/774 1226/1513/774 1563/1514/774
f 1971/1515/765 1533/1516/765 1213/1517/765 1564/1518/765
f 1970/1519/776 1565/1520/776 1212/1521/776 1404/1522/776
f 1969/1523/776 1566/1524/776 1227/1525/776 1567/1526/776
f 1968/1527/763 1453/1528/763 1133/1529/763 1568/1530/763
f 1967/1531/777 1569/1532/777 1211/1533/777 1403/1534/777
f 1966/1535/777 1570/1536/777 1228/1537/777 1571/1538/777
f 1965/1539/762 1530/1540/762 1210/1541/762 1572/1542/762
f 1964/1543/778 1573/1544/778 1110/1545/778 1302/1546/778
f 1963/1547/777 1574/1548/777 1229/1549/777 1575/1550/777
f 1962/1551/762 1529/1552/762 1209/1553/762 1576/1554/762
f 1961/1555/779 1577/1556/779 1208/1557/779 1400/1558/779
f 1960/1559/779 1578/1560/779 1230/1561/779 1579/1562/779
f 1959/1563/760 1285/1564/760 1093/1565/760 1580/1566/760
f 1958/1567/780 1581/1568/780 1207/1569/780 1399/1570/780
f 1957/1571/780 1582/1572/780 1231/1573/780 1583/1574/780
f 1956/1575/759 1526/1576/759 1206/1577/759 1584/1578/759
f 1955/1579/781 1585/1580/781 1112/1581/781 1304/1582/781
f 1954/1583/780 1586/1584/780 1232/1585/780 1587/1586/780
f 1953/1587/759 1525/1588/759 1205/1589/759 1588/1590/759
f 1952/1591/782 1589/1592/782 1204/1593/782 1396/1594/782
f 1951/1595/783 1590/1596/783 1233/1597/783 1591/1598/783
f 1950/1599/784 1300/1600/784 1108/1601/784 1592/1602/784
f 1949/1603/785 1593/1604/785 1203/1605/785 1395/1606/785
f 1948/1607/786 1594/1608/786 1234/1609/786 1595/1610/786
f 1947/1611/787 1522/1612/787 1202/1613/787 1596/1614/787
f 1946/1615/788 1597/1616/788 1134/1617/788 1454/1618/788
f 1945/1619/789 1598/1620/789 1235/1621/789 1599/1622/789
f 1944/1623/790 1521/1624/790 1201/1625/790 1600/1626/790
f 1943/1627/791 1601/1628/791 1200/1629/791 1392/1630/791
f 1942/1631/792 1602/1632/792 1236/1633/792 1603/1634/792
f 1941/1635/793 1299/1636/793 1107/1637/793 1604/1638/793
f 1940/1639/794 1605/1640/794 1199/1641/794 1391/1642/794
f 1939/1643/795 1606/1644/795 1237/1645/795 1607/1646/795
f 1938/1647/796 1518/1648/796 1198/1649/796 1608/1650/796
f 1937/1651/797 1609/1652/797 1126/1653/797 1446/1654/797
f 1936/1655/798 1610/1656/798 1238/1657/798 1611/1658/798
f 1935/1659/799 1517/1660/799 1197/1661/799 1612/1662/799
f 1934/1663/800 1613/1664/800 1196/1665/800 1388/1666/800
f 1933/1667/801 1614/1668/801 1239/1669/801 1615/1670/801
f 1932/1671/802 1465/1672/802 1145/1673/802 1616/1674/802
f 1931/1675/803 1617/1676/803 1195/1677/803 1387/1678/803
f 1930/1679/804 1618/1680/804 1240/1681/804 1619/1682/804
f 1929/1683/805 1514/1684/805 1194/1685/805 1620/1686/805
f 1928/1687/806 1621/1688/806 1137/1689/806 1457/1690/806
f 1927/1691/807 1622/1692/807 1241/1693/807 1623/1694/807
f 1926/1695/808 1513/1696/808 1193/1697/808 1624/1698/808
f 1925/1699/809 1625/1700/809 1192/1701/809 1384/1702/809
f 1924/1703/810 1626/1704/810 1242/1705/810 1627/1706/810
f 1923/1707/811 1466/1708/811 1146/1709/811 1628/1710/811
f 1922/1711/812 1629/1712/812 1191/1713/812 1383/1714/812
f 1921/1715/813 1630/1716/813 1243/1717/813 1631/1718/813
f 1920/1719/814 1510/1720/814 1190/1721/814 1632/1722/814
f 1919/1723/815 1633/1724/815 1115/1725/815 1307/1726/815
f 1918/1727/816 1634/1728/816 1244/1729/816 1635/1730/816
f 1917/1731/817 1509/1732/817 1189/1733/817 1636/1734/817
f 1916/1735/818 1637/1736/818 1188/1737/818 1380/1738/818
f 1915/1739/819 1638/1740/819 1245/1741/819 1639/1742/819
f 1914/1743/820 1289/1744/820 1097/1745/820 1640/1746/820
f 1913/1747/821 1641/1748/821 1187/1749/821 1379/1750/821
f 1912/1751/822 1642/1752/822 1246/1753/822 1643/1754/822
f 1911/1755/823 1506/1756/823 1186/1757/823 1644/1758/823
f 1910/1759/824 1645/1760/824 1116/1761/824 1308/1762/824
f 1909/1763/825 1646/1764/825 1247/1765/825 1647/1766/825
f 1908/1767/826 1505/1768/826 1185/1769/826 1648/1770/826
f 1907/1771/827 1649/1772/827 1184/1773/827 1376/1774/827
f 1906/1775/828 1650/1776/828 1248/1777/828 1651/1778/828
f 1905/1779/829 1469/1780/829 1149/1781/829 1652/1782/829
f 1904/1783/830 1653/1784/830 1183/1785/830 1375/1786/830
f 1903/1787/831 1654/1788/831 1249/1789/831 1655/1790/831
f 1902/1791/832 1502/1792/832 1182/1793/832 1656/1794/832
f 1901/1795/833 1657/1796/833 1142/1797/833 1462/1798/833
f 1900/1799/834 1658/1800/834 1250/1801/834 1659/1802/834
f 1899/1803/835 1501/1804/835 1181/1805/835 1660/1806/835
f 1898/1807/836 1661/1808/836 1180/1809/836 1372/1810/836
f 1897/1811/837 1662/1812/837 1251/1813/837 1663/1814/837
f 1896/1815/838 1470/1816/838 1150/1817/838 1664/1818/838
f 1895/1819/839 1665/1820/839 1179/1821/839 1371/1822/839
f 1894/1823/840 1666/1824/840 1252/1825/840 1667/1826/840
f 1893/1827/841 1498/1828/841 1178/1829/841 1668/1830/841
f 1892/1831/842 1669/1832/842 1119/1833/842 1311/1834/842
f 1891/1835/843 1670/1836/843 1253/1837/843 1671/1838/843
f 1890/1839/844 1497/1840/844 1177/1841/844 1672/1842/844
f 1889/1843/845 1673/1844/845 1176/1845/845 1368/1846/845
f 1888/1847/846 1674/1848/846 1254/1849/846 1675/1850/846
f 1887/1851/847 1291/1852/847 1099/1853/847 1676/1854/847
f 1886/1855/848 1677/1856/848 1175/1857/848 1367/1858/848
f 1885/1859/849 1678/1860/849 1255/1861/849 1679/1862/849
f 1884/1863/850 1494/1864/850 1174/1865/850 1680/1866/850
f 1883/1867/851 1681/1868/851 1120/1869/851 1312/1870/851
f 1882/1871/852 1682/1872/852 1256/1873/852 1683/1874/852
f 1881/1875/853 1493/1876/853 1173/1877/853 1684/1878/853
f 1880/1879/854 1685/1880/854 1172/1881/854 1364/1882/854
f 1879/1883/854 1686/1884/854 1257/1885/854 1687/1886/854
f 1878/1887/733 1473/1888/733 1153/1889/733 1688/1890/733
f 1877/1891/855 1689/1892/855 1171/1893/855 1363/1894/855
f 1876/1895/855 1690/1896/855 1258/1897/855 1691/1898/855
f 1875/1899/732 1490/1900/732 1170/1901/732 1692/1902/732
f 1874/1903/856 1693/1904/856 1104/1905/856 1296/1906/856
f 1873/1907/855 1694/1908/855 1259/1909/855 1695/1910/855
f 1872/1911/732 1489/1912/732 1169/1913/732 1696/1914/732
f 1871/1915/857 1697/1916/857 1168/1917/857 1360/1918/857
f 1870/1919/857 1698/1920/857 1260/1921/857 1699/1922/857
f 1869/1923/730 1474/1924/730 1154/1925/730 1700/1926/730
f 1868/1927/858 1701/1928/858 1167/1929/858 1359/1930/858
f 1867/1931/858 1702/1932/858 1261/1933/858 1703/1934/858
f 1866/1935/729 1486/1936/729 1166/1937/729 1704/1938/729
f 1865/1939/859 1705/1940/859 1102/1941/859 1294/1942/859
f 1864/1943/858 1706/1944/858 1262/1945/858 1707/1946/858
f 1863/1947/729 1485/1948/729 1165/1949/729 1708/1950/729
f 1862/1951/860 1709/1952/860 1164/1953/860 1356/1954/860
f 1861/1955/860 1710/1956/860 1263/1957/860 1711/1958/860
f 1860/1959/727 1475/1960/727 1155/1961/727 1712/1962/727
f 1859/1963/861 1713/1964/861 1163/1965/861 1355/1966/861
f 1858/1967/861 1714/1968/861 1264/1969/861 1715/1970/861
f 1857/1971/726 1482/1972/726 1162/1973/726 1716/1974/726
f 1856/1975/862 1717/1976/862 1099/1977/862 1291/1978/862
f 1855/1979/861 1718/1980/861 1265/1981/861 1719/1982/861
f 1854/1983/726 1481/1984/726 1161/1985/726 1720/1986/726
f 1853/1987/863 1721/1988/863 1160/1989/863 1352/1990/863
f 1852/1991/863 1722/1992/863 1266/1993/863 1723/1994/863
f 1851/1995/724 1476/1996/724 1156/1997/724 1724/1998/724
f 1850/1999/864 1725/2000/864 1159/2001/864 1351/2002/864
f 1849/2003/864 1726/2004/864 1267/2005/864 1727/2006/864
f 1848/2007/723 1478/2008/723 1158/2009/723 1728/2010/723
f 1847/2011/865 1729/2012/865 1096/2013/865 1288/2014/865
f 1846/2015/864 1730/2016/864 1268/2017/864 1731/2018/864
f 1845/2019/723 1477/2020/723 1157/2021/723 1732/2022/723
f 1844/2023/866 1733/2024/866 1128/2025/866 1320/2026/866
f 1843/2027/863 1734/2028/863 1269/2029/863 1735/2030/863
f 1842/2031/724 1444/2032/724 1124/2033/724 1736/2034/724
f 1841/2035/867 1737/2036/867 1131/2037/867 1323/2038/867
f 1840/2039/860 1738/2040/860 1270/2041/860 1739/2042/860
f 1839/2043/727 1443/2044/727 1123/2045/727 1740/2046/727
f 1838/2047/868 1741/2048/868 1134/2049/868 1326/2050/868
f 1837/2051/857 1742/2052/857 1271/2053/857 1743/2054/857
f 1836/2055/730 1442/2056/730 1122/2057/730 1744/2058/730
f 1835/2059/869 1745/2060/869 1136/2061/869 1328/2062/869
f 1834/2063/854 1746/2064/854 1272/2065/854 1747/2066/854
f 1833/2067/733 1441/2068/733 1121/2069/733 1748/2070/733
f 1832/2071/870 1749/2072/870 1152/2073/870 1344/2074/870
f 1831/2075/871 1750/2076/871 1273/2077/871 1751/2078/871
f 1830/2079/872 1323/2080/872 1131/2081/872 1752/2082/872
f 1829/2083/873 1753/2084/873 1151/2085/873 1343/2086/873
f 1828/2087/874 1754/2088/874 1274/2089/874 1755/2090/874
f 1827/2091/875 1438/2092/875 1118/2093/875 1756/2094/875
f 1826/2095/876 1757/2096/876 1110/2097/876 1430/2098/876
f 1825/2099/877 1758/2100/877 1275/2101/877 1759/2102/877
f 1824/2103/878 1437/2104/878 1117/2105/878 1760/2106/878
f 1823/2107/879 1761/2108/879 1148/2109/879 1340/2110/879
f 1822/2111/880 1762/2112/880 1276/2113/880 1763/2114/880
f 1821/2115/881 1321/2116/881 1129/2117/881 1764/2118/881
f 1820/2119/882 1765/2120/882 1147/2121/882 1339/2122/882
f 1819/2123/883 1766/2124/883 1277/2125/883 1767/2126/883
f 1818/2127/884 1434/2128/884 1114/2129/884 1768/2130/884
f 1817/2131/885 1769/2132/885 1105/2133/885 1425/2134/885
f 1816/2135/886 1770/2136/886 1278/2137/886 1771/2138/886
f 1815/2139/887 1433/2140/887 1113/2141/887 1772/2142/887
f 1814/2143/888 1773/2144/888 1094/2145/888 1414/2146/888
f 1813/2147/889 1774/2148/889 1279/2149/889 1775/2150/889
f 1812/2151/890 1331/2152/890 1139/2153/890 1776/2154/890
f 1811/2155/891 1777/2156/891 1102/2157/891 1422/2158/891
f 1810/2159/892 1778/2160/892 1280/2161/892 1779/2162/892
f 1809/2163/893 1332/2164/893 1140/2165/893 1780/2166/893
f 1808/2167/894 1781/2168/894 1144/2169/894 1336/2170/894
f 1807/2171/779 1782/2172/779 1281/2173/779 1783/2174/779
f 1806/2175/760 1317/2176/760 1125/2177/760 1784/2178/760
f 1805/2179/895 1785/2180/895 1142/2181/895 1334/2182/895
f 1804/2183/776 1786/2184/776 1282/2185/776 1787/2186/776
f 1803/2187/763 1421/2188/763 1101/2189/763 1788/2190/763
f 1802/2191/896 1789/2192/896 1140/2193/896 1332/2194/896
f 1801/2195/773 1790/2196/773 1283/2197/773 1791/2198/773
f 1800/2199/766 1418/2200/766 1098/2201/766 1792/2202/766
f 1799/2203/897 1793/2204/897 1138/2205/897 1330/2206/897
f 1798/2207/770 1794/2208/770 1284/2209/770 1795/2210/770
f 1797/2211/769 1415/2212/769 1095/2213/769 1796/2214/769
f 1794/2208/898 1797/2211/898 1796/2214/898 1284/2209/898
f 1220/1449/898 1540/1446/898 1797/2211/898 1794/2208/898
f 1540/1446/769 1047/1445/769 1415/2212/769 1797/2211/769
f 1537/1480/899 1798/2207/899 1795/2210/899 1217/1481/899
f 1092/1441/899 1412/1450/899 1798/2207/899 1537/1480/899
f 1412/1450/770 1220/1449/770 1794/2208/770 1798/2207/770
f 1409/1436/900 1799/2203/900 1330/2206/900 1058/1437/900
f 1217/1481/899 1795/2210/899 1799/2203/899 1409/1436/899
f 1795/2210/770 1284/2209/770 1793/2204/770 1799/2203/770
f 1790/2196/901 1800/2199/901 1792/2202/901 1283/2197/901
f 1216/1485/901 1536/1434/901 1800/2199/901 1790/2196/901
f 1536/1434/766 1050/1433/766 1418/2200/766 1800/2199/766
f 1533/1516/902 1801/2195/902 1791/2198/902 1213/1517/902
f 1091/1429/902 1408/1486/902 1801/2195/902 1533/1516/902
f 1408/1486/773 1216/1485/773 1790/2196/773 1801/2195/773
f 1405/1424/903 1802/2191/903 1332/2194/903 1060/1425/903
f 1213/1517/902 1791/2198/902 1802/2191/902 1405/1424/902
f 1791/2198/773 1283/2197/773 1789/2192/773 1802/2191/773
f 1786/2184/904 1803/2187/904 1788/2190/904 1282/2185/904
f 1212/1521/904 1532/1422/904 1803/2187/904 1786/2184/904
f 1532/1422/763 1053/1421/763 1421/2188/763 1803/2187/763
f 1529/1552/905 1804/2183/905 1787/2186/905 1209/1553/905
f 1090/1417/905 1404/1522/905 1804/2183/905 1529/1552/905
f 1404/1522/776 1212/1521/776 1786/2184/776 1804/2183/776
f 1401/1412/906 1805/2179/906 1334/2182/906 1062/1413/906
f 1209/1553/905 1787/2186/905 1805/2179/905 1401/1412/905
f 1787/2186/776 1282/2185/776 1785/2180/776 1805/2179/776
f 1782/2172/907 1806/2175/907 1784/2178/907 1281/2173/907
f 1208/1557/907 1528/1410/907 1806/2175/907 1782/2172/907
f 1528/1410/760 1045/1409/760 1317/2176/760 1806/2175/760
f 1525/1588/908 1807/2171/908 1783/2174/908 1205/1589/908
f 1089/1405/908 1400/1558/908 1807/2171/908 1525/1588/908
f 1400/1558/779 1208/1557/779 1782/2172/779 1807/2171/779
f 1397/1400/909 1808/2167/909 1336/2170/909 1064/1401/909
f 1205/1589/908 1783/2174/908 1808/2167/908 1397/1400/908
f 1783/2174/779 1281/2173/779 1781/2168/779 1808/2167/779
f 1778/2160/910 1809/2163/910 1780/2166/910 1280/2161/910
f 1204/1593/911 1524/1398/911 1809/2163/911 1778/2160/911
f 1524/1398/912 1060/1397/912 1332/2164/912 1809/2163/912
f 1521/1624/913 1810/2159/913 1779/2162/913 1201/1625/913
f 1088/1393/914 1396/1594/914 1810/2159/914 1521/1624/914
f 1396/1594/915 1204/1593/915 1778/2160/915 1810/2159/915
f 1393/1388/916 1811/2155/916 1422/2158/916 1054/1389/916
f 1201/1625/917 1779/2162/917 1811/2155/917 1393/1388/917
f 1779/2162/918 1280/2161/918 1777/2156/918 1811/2155/918
f 1774/2148/919 1812/2151/919 1776/2154/919 1279/2149/919
f 1200/1629/920 1520/1386/920 1812/2151/920 1774/2148/920
f 1520/1386/921 1059/1385/921 1331/2152/921 1812/2151/921
f 1517/1660/922 1813/2147/922 1775/2150/922 1197/1661/922
f 1087/1381/923 1392/1630/923 1813/2147/923 1517/1660/923
f 1392/1630/924 1200/1629/924 1774/2148/924 1813/2147/924
f 1389/1376/925 1814/2143/925 1414/2146/925 1046/1377/925
f 1197/1661/926 1775/2150/926 1814/2143/926 1389/1376/926
f 1775/2150/927 1279/2149/927 1773/2144/927 1814/2143/927
f 1770/2136/928 1815/2139/928 1772/2142/928 1278/2137/928
f 1196/1665/929 1516/1374/929 1815/2139/929 1770/2136/929
f 1516/1374/930 1065/1373/930 1433/2140/930 1815/2139/930
f 1513/1696/931 1816/2135/931 1771/2138/931 1193/1697/931
f 1086/1369/932 1388/1666/932 1816/2135/932 1513/1696/932
f 1388/1666/933 1196/1665/933 1770/2136/933 1816/2135/933
f 1385/1364/934 1817/2131/934 1425/2134/934 1057/1365/934
f 1193/1697/935 1771/2138/935 1817/2131/935 1385/1364/935
f 1771/2138/936 1278/2137/936 1769/2132/936 1817/2131/936
f 1766/2124/937 1818/2127/937 1768/2130/937 1277/2125/937
f 1192/1701/938 1512/1362/938 1818/2127/938 1766/2124/938
f 1512/1362/939 1066/1361/939 1434/2128/939 1818/2127/939
f 1509/1732/940 1819/2123/940 1767/2126/940 1189/1733/940
f 1085/1357/941 1384/1702/941 1819/2123/941 1509/1732/941
f 1384/1702/942 1192/1701/942 1766/2124/942 1819/2123/942
f 1381/1352/943 1820/2119/943 1339/2122/943 1067/1353/943
f 1189/1733/944 1767/2126/944 1820/2119/944 1381/1352/944
f 1767/2126/945 1277/2125/945 1765/2120/945 1820/2119/945
f 1762/2112/946 1821/2115/946 1764/2118/946 1276/2113/946
f 1188/1737/947 1508/1350/947 1821/2115/947 1762/2112/947
f 1508/1350/948 1049/1349/948 1321/2116/948 1821/2115/948
f 1505/1768/949 1822/2111/949 1763/2114/949 1185/1769/949
f 1084/1345/950 1380/1738/950 1822/2111/950 1505/1768/950
f 1380/1738/951 1188/1737/951 1762/2112/951 1822/2111/951
f 1377/1340/952 1823/2107/952 1340/2110/952 1068/1341/952
f 1185/1769/953 1763/2114/953 1823/2107/953 1377/1340/953
f 1763/2114/954 1276/2113/954 1761/2108/954 1823/2107/954
f 1758/2100/955 1824/2103/955 1760/2106/955 1275/2101/955
f 1184/1773/956 1504/1338/956 1824/2103/956 1758/2100/956
f 1504/1338/957 1069/1337/957 1437/2104/957 1824/2103/957
f 1501/1804/958 1825/2099/958 1759/2102/958 1181/1805/958
f 1083/1333/959 1376/1774/959 1825/2099/959 1501/1804/959
f 1376/1774/960 1184/1773/960 1758/2100/960 1825/2099/960
f 1373/1328/961 1826/2095/961 1430/2098/961 1062/1329/961
f 1181/1805/962 1759/2102/962 1826/2095/962 1373/1328/962
f 1759/2102/963 1275/2101/963 1757/2096/963 1826/2095/963
f 1754/2088/964 1827/2091/964 1756/2094/964 1274/2089/964
f 1180/1809/965 1500/1326/965 1827/2091/965 1754/2088/965
f 1500/1326/966 1070/1325/966 1438/2092/966 1827/2091/966
f 1497/1840/967 1828/2087/967 1755/2090/967 1177/1841/967
f 1082/1321/968 1372/1810/968 1828/2087/968 1497/1840/968
f 1372/1810/969 1180/1809/969 1754/2088/969 1828/2087/969
f 1369/1316/970 1829/2083/970 1343/2086/970 1071/1317/970
f 1177/1841/971 1755/2090/971 1829/2083/971 1369/1316/971
f 1755/2090/972 1274/2089/972 1753/2084/972 1829/2083/972
f 1750/2076/973 1830/2079/973 1752/2082/973 1273/2077/973
f 1176/1845/974 1496/1314/974 1830/2079/974 1750/2076/974
f 1496/1314/975 1051/1313/975 1323/2080/975 1830/2079/975
f 1493/1876/976 1831/2075/976 1751/2078/976 1173/1877/976
f 1081/1309/977 1368/1846/977 1831/2075/977 1493/1876/977
f 1368/1846/978 1176/1845/978 1750/2076/978 1831/2075/978
f 1365/1304/979 1832/2071/979 1344/2074/979 1072/1305/979
f 1173/1877/980 1751/2078/980 1832/2071/980 1365/1304/980
f 1751/2078/981 1273/2077/981 1749/2072/981 1832/2071/981
f 1746/2064/982 1833/2067/982 1748/2070/982 1272/2065/982
f 1172/1881/982 1492/1302/982 1833/2067/982 1746/2064/982
f 1492/1302/733 1073/1301/733 1441/2068/733 1833/2067/733
f 1489/1912/983 1834/2063/983 1747/2066/983 1169/1913/983
f 1080/1297/983 1364/1882/983 1834/2063/983 1489/1912/983
f 1364/1882/854 1172/1881/854 1746/2064/854 1834/2063/854
f 1361/1292/984 1835/2059/984 1328/2062/984 1056/1293/984
f 1169/1913/983 1747/2066/983 1835/2059/983 1361/1292/983
f 1747/2066/854 1272/2065/854 1745/2060/854 1835/2059/854
f 1742/2052/985 1836/2055/985 1744/2058/985 1271/2053/985
f 1168/1917/985 1488/1290/985 1836/2055/985 1742/2052/985
f 1488/1290/730 1074/1289/730 1442/2056/730 1836/2055/730
f 1485/1948/986 1837/2051/986 1743/2054/986 1165/1949/986
f 1079/1285/986 1360/1918/986 1837/2051/986 1485/1948/986
f 1360/1918/857 1168/1917/857 1742/2052/857 1837/2051/857
f 1357/1280/987 1838/2047/987 1326/2050/987 1054/1281/987
f 1165/1949/986 1743/2054/986 1838/2047/986 1357/1280/986
f 1743/2054/857 1271/2053/857 1741/2048/857 1838/2047/857
f 1738/2040/988 1839/2043/988 1740/2046/988 1270/2041/988
f 1164/1953/988 1484/1278/988 1839/2043/988 1738/2040/988
f 1484/1278/727 1075/1277/727 1443/2044/727 1839/2043/727
f 1481/1984/989 1840/2039/989 1739/2042/989 1161/1985/989
f 1078/1273/989 1356/1954/989 1840/2039/989 1481/1984/989
f 1356/1954/860 1164/1953/860 1738/2040/860 1840/2039/860
f 1353/1268/990 1841/2035/990 1323/2038/990 1051/1269/990
f 1161/1985/989 1739/2042/989 1841/2035/989 1353/1268/989
f 1739/2042/860 1270/2041/860 1737/2036/860 1841/2035/860
f 1734/2028/991 1842/2031/991 1736/2034/991 1269/2029/991
f 1160/1989/991 1480/1266/991 1842/2031/991 1734/2028/991
f 1480/1266/724 1076/1265/724 1444/2032/724 1842/2031/724
f 1477/2020/992 1843/2027/992 1735/2030/992 1157/2021/992
f 1077/1261/992 1352/1990/992 1843/2027/992 1477/2020/992
f 1352/1990/863 1160/1989/863 1734/2028/863 1843/2027/863
f 1349/1256/993 1844/2023/993 1320/2026/993 1048/1257/993
f 1157/2021/992 1735/2030/992 1844/2023/992 1349/1256/992
f 1735/2030/863 1269/2029/863 1733/2024/863 1844/2023/863
f 1730/2016/994 1845/2019/994 1732/2022/994 1268/2017/994
f 1159/2001/994 1479/1262/994 1845/2019/994 1730/2016/994
f 1479/1262/723 1077/1261/723 1477/2020/723 1845/2019/723
f 1317/2215/995 1846/2015/995 1731/2018/995 1125/2216/995
f 1045/2217/995 1351/2002/995 1846/2015/995 1317/2215/995
f 1351/2002/864 1159/2001/864 1730/2016/864 1846/2015/864
f 1445/2218/996 1847/2011/996 1288/2014/996 1027/2219/996
f 1125/2216/995 1731/2018/995 1847/2011/995 1445/2218/995
f 1731/2018/864 1268/2017/864 1729/2012/864 1847/2011/864
f 1726/2004/994 1848/2007/994 1728/2010/994 1267/2005/994
f 1137/2220/997 1329/2221/997 1848/2007/997 1726/2004/997
f 1329/2221/998 1057/2222/998 1478/2008/998 1848/2007/998
f 1285/2223/995 1849/2003/995 1727/2006/995 1093/2224/995
f 1028/2225/999 1457/2226/999 1849/2003/999 1285/2223/999
f 1457/2226/1000 1137/2220/1000 1726/2004/1000 1849/2003/1000
f 1413/2227/995 1850/1999/995 1351/2002/995 1045/2217/995
f 1093/2224/995 1727/2006/995 1850/1999/995 1413/2227/995
f 1727/2006/864 1267/2005/864 1725/2000/864 1850/1999/864
f 1722/1992/991 1851/1995/991 1724/1998/991 1266/1993/991
f 1105/2228/1001 1297/2229/1001 1851/1995/1001 1722/1992/1001
f 1297/2229/1002 1035/2230/1002 1476/1996/1002 1851/1995/1002
f 1478/2008/992 1852/1991/992 1723/1994/992 1158/2009/992
f 1057/2222/1003 1425/2231/1003 1852/1991/1003 1478/2008/1003
f 1425/2231/1004 1105/2228/1004 1722/1992/1004 1852/1991/1004
f 1350/1260/992 1853/1987/992 1352/1990/992 1077/1261/992
f 1158/2009/992 1723/1994/992 1853/1987/992 1350/1260/992
f 1723/1994/863 1266/1993/863 1721/1988/863 1853/1987/863
f 1718/1980/1005 1854/1983/1005 1720/1986/1005 1265/1981/1005
f 1163/1965/1005 1483/1274/1005 1854/1983/1005 1718/1980/1005
f 1483/1274/726 1078/1273/726 1481/1984/726 1854/1983/726
f 1415/2232/1006 1855/1979/1006 1719/1982/1006 1095/2233/1006
f 1047/2234/1006 1355/1966/1006 1855/1979/1006 1415/2232/1006
f 1355/1966/861 1163/1965/861 1718/1980/861 1855/1979/861
f 1287/2235/1007 1856/1975/1007 1291/1978/1007 1029/2236/1007
f 1095/2233/1006 1719/1982/1006 1856/1975/1006 1287/2235/1006
f 1719/1982/861 1265/1981/861 1717/1976/861 1856/1975/861
f 1714/1968/1005 1857/1971/1005 1716/1974/1005 1264/1969/1005
f 1139/2237/1008 1331/2238/1008 1857/1971/1008 1714/1968/1008
f 1331/2238/1009 1059/2239/1009 1482/1972/1009 1857/1971/1009
f 1447/2240/1006 1858/1967/1006 1715/1970/1006 1127/2241/1006
f 1030/2242/1010 1459/2243/1010 1858/1967/1010 1447/2240/1010
f 1459/2243/1011 1139/2237/1011 1714/1968/1011 1858/1967/1011
f 1319/2244/1006 1859/1963/1006 1355/1966/1006 1047/2234/1006
f 1127/2241/1006 1715/1970/1006 1859/1963/1006 1319/2244/1006
f 1715/1970/861 1264/1969/861 1713/1964/861 1859/1963/861
f 1710/1956/988 1860/1959/988 1712/1962/988 1263/1957/988
f 1107/2245/1012 1299/2246/1012 1860/1959/1012 1710/1956/1012
f 1299/2246/1013 1037/2247/1013 1475/1960/1013 1860/1959/1013
f 1482/1972/989 1861/1955/989 1711/1958/989 1162/1973/989
f 1059/2239/1014 1427/2248/1014 1861/1955/1014 1482/1972/1014
f 1427/2248/1015 1107/2245/1015 1710/1956/1015 1861/1955/1015
f 1354/1272/989 1862/1951/989 1356/1954/989 1078/1273/989
f 1162/1973/989 1711/1958/989 1862/1951/989 1354/1272/989
f 1711/1958/860 1263/1957/860 1709/1952/860 1862/1951/860
f 1706/1944/1016 1863/1947/1016 1708/1950/1016 1262/1945/1016
f 1167/1929/1016 1487/1286/1016 1863/1947/1016 1706/1944/1016
f 1487/1286/1017 1079/1285/1017 1485/1948/1017 1863/1947/1017
f 1418/2249/1018 1864/1943/1018 1707/1946/1018 1098/2250/1018
f 1050/2251/1018 1359/1930/1018 1864/1943/1018 1418/2249/1018
f 1359/1930/858 1167/1929/858 1706/1944/858 1864/1943/858
f 1290/2252/1019 1865/1939/1019 1294/1942/1019 1033/2253/1019
f 1098/2250/1018 1707/1946/1018 1865/1939/1018 1290/2252/1018
f 1707/1946/858 1262/1945/858 1705/1940/858 1865/1939/858
f 1702/1932/1016 1866/1935/1016 1704/1938/1016 1261/1933/1016
f 1141/2254/1020 1333/2255/1020 1866/1935/1020 1702/1932/1020
f 1333/2255/1021 1061/2256/1021 1486/1936/1021 1866/1935/1021
f 1450/2257/1018 1867/1931/1018 1703/1934/1018 1130/2258/1018
f 1034/2259/1022 1461/2260/1022 1867/1931/1022 1450/2257/1022
f 1461/2260/1023 1141/2254/1023 1702/1932/1023 1867/1931/1023
f 1322/2261/1018 1868/1927/1018 1359/1930/1018 1050/2251/1018
f 1130/2258/1018 1703/1934/1018 1868/1927/1018 1322/2261/1018
f 1703/1934/858 1261/1933/858 1701/1928/858 1868/1927/858
f 1698/1920/985 1869/1923/985 1700/1926/985 1260/1921/985
f 1109/2262/1024 1301/2263/1024 1869/1923/1024 1698/1920/1024
f 1301/2263/1025 1039/2264/1025 1474/1924/1025 1869/1923/1025
f 1486/1936/986 1870/1919/986 1699/1922/986 1166/1937/986
f 1061/2256/1026 1429/2265/1026 1870/1919/1026 1486/1936/1026
f 1429/2265/1027 1109/2262/1027 1698/1920/1027 1870/1919/1027
f 1358/1284/986 1871/1915/986 1360/1918/986 1079/1285/986
f 1166/1937/986 1699/1922/986 1871/1915/986 1358/1284/986
f 1699/1922/857 1260/1921/857 1697/1916/857 1871/1915/857
f 1694/1908/1028 1872/1911/1028 1696/1914/1028 1259/1909/1028
f 1171/1893/1028 1491/1298/1028 1872/1911/1028 1694/1908/1028
f 1491/1298/732 1080/1297/732 1489/1912/732 1872/1911/732
f 1421/2266/1029 1873/1907/1029 1695/1910/1029 1101/2267/1029
f 1053/2268/1029 1363/1894/1029 1873/1907/1029 1421/2266/1029
f 1363/1894/855 1171/1893/855 1694/1908/855 1873/1907/855
f 1293/2269/1030 1874/1903/1030 1296/1906/1030 1031/2270/1030
f 1101/2267/1029 1695/1910/1029 1874/1903/1029 1293/2269/1029
f 1695/1910/855 1259/1909/855 1693/1904/855 1874/1903/855
f 1690/1896/1028 1875/1899/1028 1692/1902/1028 1258/1897/1028
f 1143/2271/1031 1335/2272/1031 1875/1899/1031 1690/1896/1031
f 1335/2272/1032 1063/2273/1032 1490/1900/1032 1875/1899/1032
f 1453/2274/1029 1876/1895/1029 1691/1898/1029 1133/2275/1029
f 1032/2276/1033 1463/2277/1033 1876/1895/1033 1453/2274/1033
f 1463/2277/1034 1143/2271/1034 1690/1896/1034 1876/1895/1034
f 1325/2278/1029 1877/1891/1029 1363/1894/1029 1053/2268/1029
f 1133/2275/1029 1691/1898/1029 1877/1891/1029 1325/2278/1029
f 1691/1898/855 1258/1897/855 1689/1892/855 1877/1891/855
f 1686/1884/982 1878/1887/982 1688/1890/982 1257/1885/982
f 1111/2279/1035 1303/2280/1035 1878/1887/1035 1686/1884/1035
f 1303/2280/1036 1041/2281/1036 1473/1888/1036 1878/1887/1036
f 1490/1900/983 1879/1883/983 1687/1886/983 1170/1901/983
f 1063/2273/1037 1431/2282/1037 1879/1883/1037 1490/1900/1037
f 1431/2282/1038 1111/2279/1038 1686/1884/1038 1879/1883/1038
f 1362/1296/983 1880/1879/983 1364/1882/983 1080/1297/983
f 1170/1901/983 1687/1886/983 1880/1879/983 1362/1296/983
f 1687/1886/854 1257/1885/854 1685/1880/854 1880/1879/854
f 1682/1872/1039 1881/1875/1039 1684/1878/1039 1256/1873/1039
f 1175/1857/1040 1495/1310/1040 1881/1875/1040 1682/1872/1040
f 1495/1310/1041 1081/1309/1041 1493/1876/1041 1881/1875/1041
f 1438/2092/1042 1882/1871/1042 1683/1874/1042 1118/2093/1042
f 1070/1325/1043 1367/1858/1043 1882/1871/1043 1438/2092/1043
f 1367/1858/1044 1175/1857/1044 1682/1872/1044 1882/1871/1044
f 1310/1232/1045 1883/1867/1045 1312/1870/1045 1044/1233/1045
f 1118/2093/1046 1683/1874/1046 1883/1867/1046 1310/1232/1046
f 1683/1874/1047 1256/1873/1047 1681/1868/1047 1883/1867/1047
f 1678/1860/1048 1884/1863/1048 1680/1866/1048 1255/1861/1048
f 1106/2283/1049 1426/2284/1049 1884/1863/1049 1678/1860/1049
f 1426/2284/1050 1058/2285/1050 1494/1864/1050 1884/1863/1050
f 1470/1816/1051 1885/1859/1051 1679/1862/1051 1150/1817/1051
f 1036/2286/1052 1298/2287/1052 1885/1859/1052 1470/1816/1052
f 1298/2287/1053 1106/2283/1053 1678/1860/1053 1885/1859/1053
f 1342/1324/1054 1886/1855/1054 1367/1858/1054 1070/1325/1054
f 1150/1817/1055 1679/1862/1055 1886/1855/1055 1342/1324/1055
f 1679/1862/1056 1255/1861/1056 1677/1856/1056 1886/1855/1056
f 1674/1848/1057 1887/1851/1057 1676/1854/1057 1254/1849/1057
f 1138/2288/1058 1458/2289/1058 1887/1851/1058 1674/1848/1058
f 1458/2289/1059 1029/2290/1059 1291/1852/1059 1887/1851/1059
f 1494/1864/1060 1888/1847/1060 1675/1850/1060 1174/1865/1060
f 1058/2285/1061 1330/2291/1061 1888/1847/1061 1494/1864/1061
f 1330/2291/1062 1138/2288/1062 1674/1848/1062 1888/1847/1062
f 1366/1308/1063 1889/1843/1063 1368/1846/1063 1081/1309/1063
f 1174/1865/1064 1675/1850/1064 1889/1843/1064 1366/1308/1064
f 1675/1850/1065 1254/1849/1065 1673/1844/1065 1889/1843/1065
f 1670/1836/1066 1890/1839/1066 1672/1842/1066 1253/1837/1066
f 1179/1821/1067 1499/1322/1067 1890/1839/1067 1670/1836/1067
f 1499/1322/1068 1082/1321/1068 1497/1840/1068 1890/1839/1068
f 1432/2292/1069 1891/1835/1069 1671/1838/1069 1112/2293/1069
f 1064/2294/1070 1371/1822/1070 1891/1835/1070 1432/2292/1070
f 1371/1822/1071 1179/1821/1071 1670/1836/1071 1891/1835/1071
f 1304/2295/1072 1892/1831/1072 1311/1834/1072 1042/2296/1072
f 1112/2293/1073 1671/1838/1073 1892/1831/1073 1304/2295/1073
f 1671/1838/1074 1253/1837/1074 1669/1832/1074 1892/1831/1074
f 1666/1824/1075 1893/1827/1075 1668/1830/1075 1252/1825/1075
f 1096/2297/1076 1416/2298/1076 1893/1827/1076 1666/1824/1076
f 1416/2298/1077 1048/2299/1077 1498/1828/1077 1893/1827/1077
f 1464/2300/1078 1894/1823/1078 1667/1826/1078 1144/2301/1078
f 1027/2302/1079 1288/2303/1079 1894/1823/1079 1464/2300/1079
f 1288/2303/1080 1096/2297/1080 1666/1824/1080 1894/1823/1080
f 1336/2304/1081 1895/1819/1081 1371/1822/1081 1064/2294/1081
f 1144/2301/1082 1667/1826/1082 1895/1819/1082 1336/2304/1082
f 1667/1826/1083 1252/1825/1083 1665/1820/1083 1895/1819/1083
f 1662/1812/1084 1896/1815/1084 1664/1818/1084 1251/1813/1084
f 1128/2305/1085 1448/2306/1085 1896/1815/1085 1662/1812/1085
f 1448/2306/1086 1036/2286/1086 1470/1816/1086 1896/1815/1086
f 1498/1828/1087 1897/1811/1087 1663/1814/1087 1178/1829/1087
f 1048/2299/1088 1320/2307/1088 1897/1811/1088 1498/1828/1088
f 1320/2307/1089 1128/2305/1089 1662/1812/1089 1897/1811/1089
f 1370/1320/1090 1898/1807/1090 1372/1810/1090 1082/1321/1090
f 1178/1829/1091 1663/1814/1091 1898/1807/1091 1370/1320/1091
f 1663/1814/1092 1251/1813/1092 1661/1808/1092 1898/1807/1092
f 1658/1800/1093 1899/1803/1093 1660/1806/1093 1250/1801/1093
f 1183/1785/1094 1503/1334/1094 1899/1803/1094 1658/1800/1094
f 1503/1334/1095 1083/1333/1095 1501/1804/1095 1899/1803/1095
f 1424/2308/1096 1900/1799/1096 1659/1802/1096 1104/2309/1096
f 1056/2310/1097 1375/1786/1097 1900/1799/1097 1424/2308/1097
f 1375/1786/1098 1183/1785/1098 1658/1800/1098 1900/1799/1098
f 1296/2311/1099 1901/1795/1099 1462/1798/1099 1031/2312/1099
f 1104/2309/1100 1659/1802/1100 1901/1795/1100 1296/2311/1100
f 1659/1802/1101 1250/1801/1101 1657/1796/1101 1901/1795/1101
f 1654/1788/1102 1902/1791/1102 1656/1794/1102 1249/1789/1102
f 1119/1833/1103 1439/1318/1103 1902/1791/1103 1654/1788/1103
f 1439/1318/1104 1071/1317/1104 1502/1792/1104 1902/1791/1104
f 1456/2313/1105 1903/1787/1105 1655/1790/1105 1136/2314/1105
f 1042/2296/1106 1311/1834/1106 1903/1787/1106 1456/2313/1106
f 1311/1834/1107 1119/1833/1107 1654/1788/1107 1903/1787/1107
f 1328/2315/1108 1904/1783/1108 1375/1786/1108 1056/2310/1108
f 1136/2314/1109 1655/1790/1109 1904/1783/1109 1328/2315/1109
f 1655/1790/1110 1249/1789/1110 1653/1784/1110 1904/1783/1110
f 1650/1776/1111 1905/1779/1111 1652/1782/1111 1248/1777/1111
f 1151/2085/1112 1471/1234/1112 1905/1779/1112 1650/1776/1112
f 1471/1234/1113 1044/1233/1113 1469/1780/1113 1905/1779/1113
f 1502/1792/1114 1906/1775/1114 1651/1778/1114 1182/1793/1114
f 1071/1317/1115 1343/2086/1115 1906/1775/1115 1502/1792/1115
f 1343/2086/1116 1151/2085/1116 1650/1776/1116 1906/1775/1116
f 1374/1332/1117 1907/1771/1117 1376/1774/1117 1083/1333/1117
f 1182/1793/1118 1651/1778/1118 1907/1771/1118 1374/1332/1118
f 1651/1778/1119 1248/1777/1119 1649/1772/1119 1907/1771/1119
f 1646/1764/1120 1908/1767/1120 1648/1770/1120 1247/1765/1120
f 1187/1749/1121 1507/1346/1121 1908/1767/1121 1646/1764/1121
f 1507/1346/1122 1084/1345/1122 1505/1768/1122 1908/1767/1122
f 1434/2128/1123 1909/1763/1123 1647/1766/1123 1114/2129/1123
f 1066/1361/1124 1379/1750/1124 1909/1763/1124 1434/2128/1124
f 1379/1750/1125 1187/1749/1125 1646/1764/1125 1909/1763/1125
f 1306/1220/1126 1910/1759/1126 1308/1762/1126 1043/1221/1126
f 1114/2129/1127 1647/1766/1127 1910/1759/1127 1306/1220/1127
f 1647/1766/1128 1247/1765/1128 1645/1760/1128 1910/1759/1128
f 1642/1752/1129 1911/1755/1129 1644/1758/1129 1246/1753/1129
f 1109/2316/1130 1429/2317/1130 1911/1755/1130 1642/1752/1130
f 1429/2317/1131 1061/2318/1131 1506/1756/1131 1911/1755/1131
f 1466/1708/1132 1912/1751/1132 1643/1754/1132 1146/1709/1132
f 1039/2319/1133 1301/2320/1133 1912/1751/1133 1466/1708/1133
f 1301/2320/1134 1109/2316/1134 1642/1752/1134 1912/1751/1134
f 1338/1360/1135 1913/1747/1135 1379/1750/1135 1066/1361/1135
f 1146/1709/1136 1643/1754/1136 1913/1747/1136 1338/1360/1136
f 1643/1754/1137 1246/1753/1137 1641/1748/1137 1913/1747/1137
f 1638/1740/1138 1914/1743/1138 1640/1746/1138 1245/1741/1138
f 1141/2321/1139 1461/2322/1139 1914/1743/1139 1638/1740/1139
f 1461/2322/1140 1034/2323/1140 1289/1744/1140 1914/1743/1140
f 1506/1756/1141 1915/1739/1141 1639/1742/1141 1186/1757/1141
f 1061/2318/1142 1333/2324/1142 1915/1739/1142 1506/1756/1142
f 1333/2324/1143 1141/2321/1143 1638/1740/1143 1915/1739/1143
f 1378/1344/1144 1916/1735/1144 1380/1738/1144 1084/1345/1144
f 1186/1757/1145 1639/1742/1145 1916/1735/1145 1378/1344/1145
f 1639/1742/1146 1245/1741/1146 1637/1736/1146 1916/1735/1146
f 1634/1728/1147 1917/1731/1147 1636/1734/1147 1244/1729/1147
f 1191/1713/1148 1511/1358/1148 1917/1731/1148 1634/1728/1148
f 1511/1358/1149 1085/1357/1149 1509/1732/1149 1917/1731/1149
f 1431/2325/1150 1918/1727/1150 1635/1730/1150 1111/2326/1150
f 1063/2327/1151 1383/1714/1151 1918/1727/1151 1431/2325/1151
f 1383/1714/1152 1191/1713/1152 1634/1728/1152 1918/1727/1152
f 1303/2328/1153 1919/1723/1153 1307/1726/1153 1041/2329/1153
f 1111/2326/1154 1635/1730/1154 1919/1723/1154 1303/2328/1154
f 1635/1730/1155 1244/1729/1155 1633/1724/1155 1919/1723/1155
f 1630/1716/1156 1920/1719/1156 1632/1722/1156 1243/1717/1156
f 1100/2330/1157 1420/2331/1157 1920/1719/1157 1630/1716/1157
f 1420/2331/1158 1052/2332/1158 1510/1720/1158 1920/1719/1158
f 1463/2333/1159 1921/1715/1159 1631/1718/1159 1143/2334/1159
f 1032/2335/1160 1292/2336/1160 1921/1715/1160 1463/2333/1160
f 1292/2336/1161 1100/2330/1161 1630/1716/1161 1921/1715/1161
f 1335/2337/1162 1922/1711/1162 1383/1714/1162 1063/2327/1162
f 1143/2334/1163 1631/1718/1163 1922/1711/1163 1335/2337/1163
f 1631/1718/1164 1243/1717/1164 1629/1712/1164 1922/1711/1164
f 1626/1704/1165 1923/1707/1165 1628/1710/1165 1242/1705/1165
f 1132/2338/1166 1452/2339/1166 1923/1707/1166 1626/1704/1166
f 1452/2339/1167 1039/2319/1167 1466/1708/1167 1923/1707/1167
f 1510/1720/1168 1924/1703/1168 1627/1706/1168 1190/1721/1168
f 1052/2332/1169 1324/2340/1169 1924/1703/1169 1510/1720/1169
f 1324/2340/1170 1132/2338/1170 1626/1704/1170 1924/1703/1170
f 1382/1356/1171 1925/1699/1171 1384/1702/1171 1085/1357/1171
f 1190/1721/1172 1627/1706/1172 1925/1699/1172 1382/1356/1172
f 1627/1706/1173 1242/1705/1173 1625/1700/1173 1925/1699/1173
f 1622/1692/1174 1926/1695/1174 1624/1698/1174 1241/1693/1174
f 1195/1677/1175 1515/1370/1175 1926/1695/1175 1622/1692/1175
f 1515/1370/1176 1086/1369/1176 1513/1696/1176 1926/1695/1176
f 1423/2341/1177 1927/1691/1177 1623/1694/1177 1103/2342/1177
f 1055/2343/1178 1387/1678/1178 1927/1691/1178 1423/2341/1178
f 1387/1678/1179 1195/1677/1179 1622/1692/1179 1927/1691/1179
f 1295/2344/1180 1928/1687/1180 1457/1690/1180 1028/2345/1180
f 1103/2342/1181 1623/1694/1181 1928/1687/1181 1295/2344/1181
f 1623/1694/1182 1241/1693/1182 1621/1688/1182 1928/1687/1182
f 1618/1680/1183 1929/1683/1183 1620/1686/1183 1240/1681/1183
f 1115/1725/1184 1435/1354/1184 1929/1683/1184 1618/1680/1184
f 1435/1354/1185 1067/1353/1185 1514/1684/1185 1929/1683/1185
f 1455/2346/1186 1930/1679/1186 1619/1682/1186 1135/2347/1186
f 1041/2329/1187 1307/1726/1187 1930/1679/1187 1455/2346/1187
f 1307/1726/1188 1115/1725/1188 1618/1680/1188 1930/1679/1188
f 1327/2348/1189 1931/1675/1189 1387/1678/1189 1055/2343/1189
f 1135/2347/1190 1619/1682/1190 1931/1675/1190 1327/2348/1190
f 1619/1682/1191 1240/1681/1191 1617/1676/1191 1931/1675/1191
f 1614/1668/1192 1932/1671/1192 1616/1674/1192 1239/1669/1192
f 1147/2121/1193 1467/1222/1193 1932/1671/1193 1614/1668/1193
f 1467/1222/1194 1043/1221/1194 1465/1672/1194 1932/1671/1194
f 1514/1684/1195 1933/1667/1195 1615/1670/1195 1194/1685/1195
f 1067/1353/1196 1339/2122/1196 1933/1667/1196 1514/1684/1196
f 1339/2122/1197 1147/2121/1197 1614/1668/1197 1933/1667/1197
f 1386/1368/1198 1934/1663/1198 1388/1666/1198 1086/1369/1198
f 1194/1685/1199 1615/1670/1199 1934/1663/1199 1386/1368/1199
f 1615/1670/1200 1239/1669/1200 1613/1664/1200 1934/1663/1200
f 1610/1656/1201 1935/1659/1201 1612/1662/1201 1238/1657/1201
f 1199/1641/1202 1519/1382/1202 1935/1659/1202 1610/1656/1202
f 1519/1382/1203 1087/1381/1203 1517/1660/1203 1935/1659/1203
f 1433/2140/1204 1936/1655/1204 1611/1658/1204 1113/2141/1204
f 1065/1373/1205 1391/1642/1205 1936/1655/1205 1433/2140/1205
f 1391/1642/1206 1199/1641/1206 1610/1656/1206 1936/1655/1206
f 1305/1216/1207 1937/1651/1207 1446/1654/1207 1035/1217/1207
f 1113/2141/1208 1611/1658/1208 1937/1651/1208 1305/1216/1208
f 1611/1658/1209 1238/1657/1209 1609/1652/1209 1937/1651/1209
f 1606/1644/1210 1938/1647/1210 1608/1650/1210 1237/1645/1210
f 1116/1761/1211 1436/1342/1211 1938/1647/1211 1606/1644/1211
f 1436/1342/1212 1068/1341/1212 1518/1648/1212 1938/1647/1212
f 1465/1672/1213 1939/1643/1213 1607/1646/1213 1145/1673/1213
f 1043/1221/1214 1308/1762/1214 1939/1643/1214 1465/1672/1214
f 1308/1762/1215 1116/1761/1215 1606/1644/1215 1939/1643/1215
f 1337/1372/1216 1940/1639/1216 1391/1642/1216 1065/1373/1216
f 1145/1673/1217 1607/1646/1217 1940/1639/1217 1337/1372/1217
f 1607/1646/1218 1237/1645/1218 1605/1640/1218 1940/1639/1218
f 1602/1632/1219 1941/1635/1219 1604/1638/1219 1236/1633/1219
f 1148/2109/1220 1468/1226/1220 1941/1635/1220 1602/1632/1220
f 1468/1226/1221 1037/1225/1221 1299/1636/1221 1941/1635/1221
f 1518/1648/1222 1942/1631/1222 1603/1634/1222 1198/1649/1222
f 1068/1341/1223 1340/2110/1223 1942/1631/1223 1518/1648/1223
f 1340/2110/1224 1148/2109/1224 1602/1632/1224 1942/1631/1224
f 1390/1380/1225 1943/1627/1225 1392/1630/1225 1087/1381/1225
f 1198/1649/1226 1603/1634/1226 1943/1627/1226 1390/1380/1226
f 1603/1634/1227 1236/1633/1227 1601/1628/1227 1943/1627/1227
f 1598/1620/1228 1944/1623/1228 1600/1626/1228 1235/1621/1228
f 1203/1605/1229 1523/1394/1229 1944/1623/1229 1598/1620/1229
f 1523/1394/1230 1088/1393/1230 1521/1624/1230 1944/1623/1230
f 1437/2104/1231 1945/1619/1231 1599/1622/1231 1117/2105/1231
f 1069/1337/1232 1395/1606/1232 1945/1619/1232 1437/2104/1232
f 1395/1606/1233 1203/1605/1233 1598/1620/1233 1945/1619/1233
f 1309/1228/1234 1946/1615/1234 1454/1618/1234 1040/1229/1234
f 1117/2105/1235 1599/1622/1235 1946/1615/1235 1309/1228/1235
f 1599/1622/1236 1235/1621/1236 1597/1616/1236 1946/1615/1236
f 1594/1608/1237 1947/1611/1237 1596/1614/1237 1234/1609/1237
f 1120/1869/1238 1440/1306/1238 1947/1611/1238 1594/1608/1238
f 1440/1306/1239 1072/1305/1239 1522/1612/1239 1947/1611/1239
f 1469/1780/1240 1948/1607/1240 1595/1610/1240 1149/1781/1240
f 1044/1233/1241 1312/1870/1241 1948/1607/1241 1469/1780/1241
f 1312/1870/1242 1120/1869/1242 1594/1608/1242 1948/1607/1242
f 1341/1336/1243 1949/1603/1243 1395/1606/1243 1069/1337/1243
f 1149/1781/1244 1595/1610/1244 1949/1603/1244 1341/1336/1244
f 1595/1610/1245 1234/1609/1245 1593/1604/1245 1949/1603/1245
f 1590/1596/1246 1950/1599/1246 1592/1602/1246 1233/1597/1246
f 1152/2073/1247 1472/1238/1247 1950/1599/1247 1590/1596/1247
f 1472/1238/1248 1038/1237/1248 1300/1600/1248 1950/1599/1248
f 1522/1612/1249 1951/1595/1249 1591/1598/1249 1202/1613/1249
f 1072/1305/1250 1344/2074/1250 1951/1595/1250 1522/1612/1250
f 1344/2074/1251 1152/2073/1251 1590/1596/1251 1951/1595/1251
f 1394/1392/1252 1952/1591/1252 1396/1594/1252 1088/1393/1252
f 1202/1613/1253 1591/1598/1253 1952/1591/1253 1394/1392/1253
f 1591/1598/1254 1233/1597/1254 1589/1592/1254 1952/1591/1254
f 1586/1584/1255 1953/1587/1255 1588/1590/1255 1232/1585/1255
f 1207/1569/1255 1527/1406/1255 1953/1587/1255 1586/1584/1255
f 1527/1406/759 1089/1405/759 1525/1588/759 1953/1587/759
f 1441/2068/1256 1954/1583/1256 1587/1586/1256 1121/2069/1256
f 1073/1301/1256 1399/1570/1256 1954/1583/1256 1441/2068/1256
f 1399/1570/780 1207/1569/780 1586/1584/780 1954/1583/780
f 1313/1240/1257 1955/1579/1257 1304/1582/1257 1042/1241/1257
f 1121/2069/1256 1587/1586/1256 1955/1579/1256 1313/1240/1256
f 1587/1586/780 1232/1585/780 1585/1580/780 1955/1579/780
f 1582/1572/1255 1956/1575/1255 1584/1578/1255 1231/1573/1255
f 1135/2349/1258 1327/2350/1258 1956/1575/1258 1582/1572/1258
f 1327/2350/1259 1055/2351/1259 1526/1576/1259 1956/1575/1259
f 1473/1888/1256 1957/1571/1256 1583/1574/1256 1153/1889/1256
f 1041/2281/1260 1455/2352/1260 1957/1571/1260 1473/1888/1260
f 1455/2352/1261 1135/2349/1261 1582/1572/1261 1957/1571/1261
f 1345/1300/1256 1958/1567/1256 1399/1570/1256 1073/1301/1256
f 1153/1889/1256 1583/1574/1256 1958/1567/1256 1345/1300/1256
f 1583/1574/780 1231/1573/780 1581/1568/780 1958/1567/780
f 1578/1560/907 1959/1563/907 1580/1566/907 1230/1561/907
f 1103/2353/1262 1295/2354/1262 1959/1563/1262 1578/1560/1262
f 1295/2354/1263 1028/2355/1263 1285/1564/1263 1959/1563/1263
f 1526/1576/908 1960/1559/908 1579/1562/908 1206/1577/908
f 1055/2351/1264 1423/2356/1264 1960/1559/1264 1526/1576/1264
f 1423/2356/1265 1103/2353/1265 1578/1560/1265 1960/1559/1265
f 1398/1404/908 1961/1555/908 1400/1558/908 1089/1405/908
f 1206/1577/908 1579/1562/908 1961/1555/908 1398/1404/908
f 1579/1562/779 1230/1561/779 1577/1556/779 1961/1555/779
f 1574/1548/1266 1962/1551/1266 1576/1554/1266 1229/1549/1266
f 1211/1533/1266 1531/1418/1266 1962/1551/1266 1574/1548/1266
f 1531/1418/762 1090/1417/762 1529/1552/762 1962/1551/762
f 1442/2056/1267 1963/1547/1267 1575/1550/1267 1122/2057/1267
f 1074/1289/1267 1403/1534/1267 1963/1547/1267 1442/2056/1267
f 1403/1534/777 1211/1533/777 1574/1548/777 1963/1547/777
f 1314/1244/1268 1964/1543/1268 1302/1546/1268 1040/1245/1268
f 1122/2057/1267 1575/1550/1267 1964/1543/1267 1314/1244/1267
f 1575/1550/777 1229/1549/777 1573/1544/777 1964/1543/777
f 1570/1536/1269 1965/1539/1269 1572/1542/1269 1228/1537/1269
f 1132/2357/1270 1324/2358/1270 1965/1539/1270 1570/1536/1270
f 1324/2358/1271 1052/2359/1271 1530/1540/1271 1965/1539/1271
f 1474/1924/1267 1966/1535/1267 1571/1538/1267 1154/1925/1267
f 1039/2264/1272 1452/2360/1272 1966/1535/1272 1474/1924/1272
f 1452/2360/1273 1132/2357/1273 1570/1536/1273 1966/1535/1273
f 1346/1288/1267 1967/1531/1267 1403/1534/1267 1074/1289/1267
f 1154/1925/1267 1571/1538/1267 1967/1531/1267 1346/1288/1267
f 1571/1538/777 1228/1537/777 1569/1532/777 1967/1531/777
f 1566/1524/904 1968/1527/904 1568/1530/904 1227/1525/904
f 1100/2361/1274 1292/2362/1274 1968/1527/1274 1566/1524/1274
f 1292/2362/1275 1032/2363/1275 1453/1528/1275 1968/1527/1275
f 1530/1540/905 1969/1523/905 1567/1526/905 1210/1541/905
f 1052/2359/1276 1420/2364/1276 1969/1523/1276 1530/1540/1276
f 1420/2364/1277 1100/2361/1277 1566/1524/1277 1969/1523/1277
f 1402/1416/905 1970/1519/905 1404/1522/905 1090/1417/905
f 1210/1541/905 1567/1526/905 1970/1519/905 1402/1416/905
f 1567/1526/776 1227/1525/776 1565/1520/776 1970/1519/776
f 1562/1512/1278 1971/1515/1278 1564/1518/1278 1226/1513/1278
f 1215/1497/1278 1535/1430/1278 1971/1515/1278 1562/1512/1278
f 1535/1430/765 1091/1429/765 1533/1516/765 1971/1515/765
f 1443/2044/1279 1972/1511/1279 1563/1514/1279 1123/2045/1279
f 1075/1277/1279 1407/1498/1279 1972/1511/1279 1443/2044/1279
f 1407/1498/774 1215/1497/774 1562/1512/774 1972/1511/774
f 1315/1248/1280 1973/1507/1280 1300/1510/1280 1038/1249/1280
f 1123/2045/1279 1563/1514/1279 1973/1507/1279 1315/1248/1279
f 1563/1514/774 1226/1513/774 1561/1508/774 1973/1507/774
f 1558/1500/1278 1974/1503/1278 1560/1506/1278 1225/1501/1278
f 1129/2365/1281 1321/2366/1281 1974/1503/1281 1558/1500/1281
f 1321/2366/1282 1049/2367/1282 1534/1504/1282 1974/1503/1282
f 1475/1960/1279 1975/1499/1279 1559/1502/1279 1155/1961/1279
f 1037/2247/1283 1449/2368/1283 1975/1499/1283 1475/1960/1283
f 1449/2368/1284 1129/2365/1284 1558/1500/1284 1975/1499/1284
f 1347/1276/1279 1976/1495/1279 1407/1498/1279 1075/1277/1279
f 1155/1961/1279 1559/1502/1279 1976/1495/1279 1347/1276/1279
f 1559/1502/774 1225/1501/774 1557/1496/774 1976/1495/774
f 1554/1488/901 1977/1491/901 1556/1494/901 1224/1489/901
f 1097/2369/1285 1289/2370/1285 1977/1491/1285 1554/1488/1285
f 1289/2370/1286 1034/2371/1286 1450/1492/1286 1977/1491/1286
f 1534/1504/902 1978/1487/902 1555/1490/902 1214/1505/902
f 1049/2367/1287 1417/2372/1287 1978/1487/1287 1534/1504/1287
f 1417/2372/1288 1097/2369/1288 1554/1488/1288 1978/1487/1288
f 1406/1428/902 1979/1483/902 1408/1486/902 1091/1429/902
f 1214/1505/902 1555/1490/902 1979/1483/902 1406/1428/902
f 1555/1490/773 1224/1489/773 1553/1484/773 1979/1483/773
f 1550/1476/1289 1980/1479/1289 1552/1482/1289 1223/1477/1289
f 1219/1461/1289 1539/1442/1289 1980/1479/1289 1550/1476/1289
f 1539/1442/768 1092/1441/768 1537/1480/768 1980/1479/768
f 1444/2032/1290 1981/1475/1290 1551/1478/1290 1124/2033/1290
f 1076/1265/1290 1411/1462/1290 1981/1475/1290 1444/2032/1290
f 1411/1462/771 1219/1461/771 1550/1476/771 1981/1475/771
f 1316/1252/1291 1982/1471/1291 1298/1474/1291 1036/1253/1291
f 1124/2033/1290 1551/1478/1290 1982/1471/1290 1316/1252/1290
f 1551/1478/771 1223/1477/771 1549/1472/771 1982/1471/771
f 1546/1464/1289 1983/1467/1289 1548/1470/1289 1222/1465/1289
f 1126/2373/1292 1318/2374/1292 1983/1467/1292 1546/1464/1292
f 1318/2374/1293 1046/2375/1293 1538/1468/1293 1983/1467/1293
f 1476/1996/1290 1984/1463/1290 1547/1466/1290 1156/1997/1290
f 1035/2230/1294 1446/2376/1294 1984/1463/1294 1476/1996/1294
f 1446/2376/1295 1126/2373/1295 1546/1464/1295 1984/1463/1295
f 1348/1264/1290 1985/1459/1290 1411/1462/1290 1076/1265/1290
f 1156/1997/1290 1547/1466/1290 1985/1459/1290 1348/1264/1290
f 1547/1466/771 1222/1465/771 1545/1460/771 1985/1459/771
f 1542/1452/898 1986/1455/898 1544/1458/898 1221/1453/898
f 1094/2377/1296 1286/2378/1296 1986/1455/1296 1542/1452/1296
f 1286/2378/1297 1030/2379/1297 1447/1456/1297 1986/1455/1297
f 1538/1468/899 1987/1451/899 1543/1454/899 1218/1469/899
f 1046/2375/1298 1414/2380/1298 1987/1451/1298 1538/1468/1298
f 1414/2380/1299 1094/2377/1299 1542/1452/1299 1987/1451/1299
f 1410/1440/899 1988/1447/899 1412/1450/899 1092/1441/899
f 1218/1469/899 1543/1454/899 1988/1447/899 1410/1440/899
f 1543/1454/770 1221/1453/770 1541/1448/770 1988/1447/770
f 1541/1448/898 1989/1443/898 1540/1446/898 1220/1449/898
f 1221/1453/898 1544/1458/898 1989/1443/898 1541/1448/898
f 1544/1458/769 1127/1457/769 1319/1444/769 1989/1443/769
f 1545/1460/1289 1990/1439/1289 1539/1442/1289 1219/1461/1289
f 1222/1465/1289 1548/1470/1289 1990/1439/1289 1545/1460/1289
f 1548/1470/768 1218/1469/768 1410/1440/768 1990/1439/768
f 1549/1472/1300 1991/1435/1300 1426/1438/1300 1106/1473/1300
f 1223/1477/1289 1552/1482/1289 1991/1435/1289 1549/1472/1289
f 1552/1482/768 1217/1481/768 1409/1436/768 1991/1435/768
f 1553/1484/901 1992/1431/901 1536/1434/901 1216/1485/901
f 1224/1489/901 1556/1494/901 1992/1431/901 1553/1484/901
f 1556/1494/766 1130/1493/766 1322/1432/766 1992/1431/766
f 1557/1496/1278 1993/1427/1278 1535/1430/1278 1215/1497/1278
f 1225/1501/1278 1560/1506/1278 1993/1427/1278 1557/1496/1278
f 1560/1506/765 1214/1505/765 1406/1428/765 1993/1427/765
f 1561/1508/1301 1994/1423/1301 1428/1426/1301 1108/1509/1301
f 1226/1513/1278 1564/1518/1278 1994/1423/1278 1561/1508/1278
f 1564/1518/765 1213/1517/765 1405/1424/765 1994/1423/765
f 1565/1520/904 1995/1419/904 1532/1422/904 1212/1521/904
f 1227/1525/904 1568/1530/904 1995/1419/904 1565/1520/904
f 1568/1530/763 1133/1529/763 1325/1420/763 1995/1419/763
f 1569/1532/1269 1996/1415/1269 1531/1418/1269 1211/1533/1269
f 1228/1537/1269 1572/1542/1269 1996/1415/1269 1569/1532/1269
f 1572/1542/762 1210/1541/762 1402/1416/762 1996/1415/762
f 1573/1544/1302 1997/1411/1302 1430/1414/1302 1110/1545/1302
f 1229/1549/1266 1576/1554/1266 1997/1411/1266 1573/1544/1266
f 1576/1554/762 1209/1553/762 1401/1412/762 1997/1411/762
f 1577/1556/907 1998/1407/907 1528/1410/907 1208/1557/907
f 1230/1561/907 1580/1566/907 1998/1407/907 1577/1556/907
f 1580/1566/760 1093/1565/760 1413/1408/760 1998/1407/760
f 1581/1568/1255 1999/1403/1255 1527/1406/1255 1207/1569/1255
f 1231/1573/1255 1584/1578/1255 1999/1403/1255 1581/1568/1255
f 1584/1578/759 1206/1577/759 1398/1404/759 1999/1403/759
f 1585/1580/1303 2000/1399/1303 1432/1402/1303 1112/1581/1303
f 1232/1585/1255 1588/1590/1255 2000/1399/1255 1585/1580/1255
f 1588/1590/759 1205/1589/759 1397/1400/759 2000/1399/759
f 1589/1592/1304 2001/1395/1304 1524/1398/1304 1204/1593/1304
f 1233/1597/1305 1592/1602/1305 2001/1395/1305 1589/1592/1305
f 1592/1602/1306 1108/1601/1306 1428/1396/1306 2001/1395/1306
f 1593/1604/1307 2002/1391/1307 1523/1394/1307 1203/1605/1307
f 1234/1609/1308 1596/1614/1308 2002/1391/1308 1593/1604/1308
f 1596/1614/1309 1202/1613/1309 1394/1392/1309 2002/1391/1309
f 1597/1616/1310 2003/1387/1310 1326/1390/1310 1134/1617/1310
f 1235/1621/1311 1600/1626/1311 2003/1387/1311 1597/1616/1311
f 1600/1626/1312 1201/1625/1312 1393/1388/1312 2003/1387/1312
f 1601/1628/1313 2004/1383/1313 1520/1386/1313 1200/1629/1313
f 1236/1633/1314 1604/1638/1314 2004/1383/1314 1601/1628/1314
f 1604/1638/1315 1107/1637/1315 1427/1384/1315 2004/1383/1315
f 1605/1640/1316 2005/1379/1316 1519/1382/1316 1199/1641/1316
f 1237/1645/1317 1608/1650/1317 2005/1379/1317 1605/1640/1317
f 1608/1650/1318 1198/1649/1318 1390/1380/1318 2005/1379/1318
f 1609/1652/1319 2006/1375/1319 1318/1378/1319 1126/1653/1319
f 1238/1657/1320 1612/1662/1320 2006/1375/1320 1609/1652/1320
f 1612/1662/1321 1197/1661/1321 1389/1376/1321 2006/1375/1321
f 1613/1664/1322 2007/1371/1322 1516/1374/1322 1196/1665/1322
f 1239/1669/1323 1616/1674/1323 2007/1371/1323 1613/1664/1323
f 1616/1674/1324 1145/1673/1324 1337/1372/1324 2007/1371/1324
f 1617/1676/1325 2008/1367/1325 1515/1370/1325 1195/1677/1325
f 1240/1681/1326 1620/1686/1326 2008/1367/1326 1617/1676/1326
f 1620/1686/1327 1194/1685/1327 1386/1368/1327 2008/1367/1327
f 1621/1688/1328 2009/1363/1328 1329/1366/1328 1137/1689/1328
f 1241/1693/1329 1624/1698/1329 2009/1363/1329 1621/1688/1329
f 1624/1698/1330 1193/1697/1330 1385/1364/1330 2009/1363/1330
f 1625/1700/1331 2010/1359/1331 1512/1362/1331 1192/1701/1331
f 1242/1705/1332 1628/1710/1332 2010/1359/1332 1625/1700/1332
f 1628/1710/1333 1146/1709/1333 1338/1360/1333 2010/1359/1333
f 1629/1712/1334 2011/1355/1334 1511/1358/1334 1191/1713/1334
f 1243/1717/1335 1632/1722/1335 2011/1355/1335 1629/1712/1335
f 1632/1722/1336 1190/1721/1336 1382/1356/1336 2011/1355/1336
f 1633/1724/1337 2012/1351/1337 1435/1354/1337 1115/1725/1337
f 1244/1729/1338 1636/1734/1338 2012/1351/1338 1633/1724/1338
f 1636/1734/1339 1189/1733/1339 1381/1352/1339 2012/1351/1339
f 1637/1736/1340 2013/1347/1340 1508/1350/1340 1188/1737/1340
f 1245/1741/1341 1640/1746/1341 2013/1347/1341 1637/1736/1341
f 1640/1746/1342 1097/1745/1342 1417/1348/1342 2013/1347/1342
f 1641/1748/1343 2014/1343/1343 1507/1346/1343 1187/1749/1343
f 1246/1753/1344 1644/1758/1344 2014/1343/1344 1641/1748/1344
f 1644/1758/1345 1186/1757/1345 1378/1344/1345 2014/1343/1345
f 1645/1760/1346 2015/1339/1346 1436/1342/1346 1116/1761/1346
f 1247/1765/1347 1648/1770/1347 2015/1339/1347 1645/1760/1347
f 1648/1770/1348 1185/1769/1348 1377/1340/1348 2015/1339/1348
f 1649/1772/1349 2016/1335/1349 1504/1338/1349 1184/1773/1349
f 1248/1777/1350 1652/1782/1350 2016/1335/1350 1649/1772/1350
f 1652/1782/1351 1149/1781/1351 1341/1336/1351 2016/1335/1351
f 1653/1784/1352 2017/1331/1352 1503/1334/1352 1183/1785/1352
f 1249/1789/1353 1656/1794/1353 2017/1331/1353 1653/1784/1353
f 1656/1794/1354 1182/1793/1354 1374/1332/1354 2017/1331/1354
f 1657/1796/1355 2018/1327/1355 1334/1330/1355 1142/1797/1355
f 1250/1801/1356 1660/1806/1356 2018/1327/1356 1657/1796/1356
f 1660/1806/1357 1181/1805/1357 1373/1328/1357 2018/1327/1357
f 1661/1808/1358 2019/1323/1358 1500/1326/1358 1180/1809/1358
f 1251/1813/1359 1664/1818/1359 2019/1323/1359 1661/1808/1359
f 1664/1818/1360 1150/1817/1360 1342/1324/1360 2019/1323/1360
f 1665/1820/1361 2020/1319/1361 1499/1322/1361 1179/1821/1361
f 1252/1825/1362 1668/1830/1362 2020/1319/1362 1665/1820/1362
f 1668/1830/1363 1178/1829/1363 1370/1320/1363 2020/1319/1363
f 1669/1832/1364 2021/1315/1364 1439/1318/1364 1119/1833/1364
f 1253/1837/1365 1672/1842/1365 2021/1315/1365 1669/1832/1365
f 1672/1842/1366 1177/1841/1366 1369/1316/1366 2021/1315/1366
f 1673/1844/1367 2022/1311/1367 1496/1314/1367 1176/1845/1367
f 1254/1849/1368 1676/1854/1368 2022/1311/1368 1673/1844/1368
f 1676/1854/1369 1099/1853/1369 1419/1312/1369 2022/1311/1369
f 1677/1856/1370 2023/1307/1370 1495/1310/1370 1175/1857/1370
f 1255/1861/1371 1680/1866/1371 2023/1307/1371 1677/1856/1371
f 1680/1866/1372 1174/1865/1372 1366/1308/1372 2023/1307/1372
f 1681/1868/1373 2024/1303/1373 1440/1306/1373 1120/1869/1373
f 1256/1873/1374 1684/1878/1374 2024/1303/1374 1681/1868/1374
f 1684/1878/1375 1173/1877/1375 1365/1304/1375 2024/1303/1375
f 1685/1880/982 2025/1299/982 1492/1302/982 1172/1881/982
f 1257/1885/982 1688/1890/982 2025/1299/982 1685/1880/982
f 1688/1890/733 1153/1889/733 1345/1300/733 2025/1299/733
f 1689/1892/1028 2026/1295/1028 1491/1298/1028 1171/1893/1028
f 1258/1897/1028 1692/1902/1028 2026/1295/1028 1689/1892/1028
f 1692/1902/732 1170/1901/732 1362/1296/732 2026/1295/732
f 1693/1904/1376 2027/1291/1376 1424/1294/1376 1104/1905/1376
f 1259/1909/1028 1696/1914/1028 2027/1291/1028 1693/1904/1028
f 1696/1914/732 1169/1913/732 1361/1292/732 2027/1291/732
f 1697/1916/985 2028/1287/985 1488/1290/985 1168/1917/985
f 1260/1921/985 1700/1926/985 2028/1287/985 1697/1916/985
f 1700/1926/730 1154/1925/730 1346/1288/730 2028/1287/730
f 1701/1928/1016 2029/1283/1016 1487/1286/1016 1167/1929/1016
f 1261/1933/1016 1704/1938/1016 2029/1283/1016 1701/1928/1016
f 1704/1938/729 1166/1937/729 1358/1284/729 2029/1283/729
f 1705/1940/1377 2030/1279/1377 1422/1282/1377 1102/1941/1377
f 1262/1945/1016 1708/1950/1016 2030/1279/1016 1705/1940/1016
f 1708/1950/729 1165/1949/729 1357/1280/729 2030/1279/729
f 1709/1952/988 2031/1275/988 1484/1278/988 1164/1953/988
f 1263/1957/988 1712/1962/988 2031/1275/988 1709/1952/988
f 1712/1962/727 1155/1961/727 1347/1276/727 2031/1275/727
f 1713/1964/1005 2032/1271/1005 1483/1274/1005 1163/1965/1005
f 1264/1969/1005 1716/1974/1005 2032/1271/1005 1713/1964/1005
f 1716/1974/726 1162/1973/726 1354/1272/726 2032/1271/726
f 1717/1976/1378 2033/1267/1378 1419/1270/1378 1099/1977/1378
f 1265/1981/1005 1720/1986/1005 2033/1267/1005 1717/1976/1005
f 1720/1986/726 1161/1985/726 1353/1268/726 2033/1267/726
f 1721/1988/991 2034/1263/991 1480/1266/991 1160/1989/991
f 1266/1993/991 1724/1998/991 2034/1263/991 1721/1988/991
f 1724/1998/724 1156/1997/724 1348/1264/724 2034/1263/724
f 1725/2000/994 2035/1259/994 1479/1262/994 1159/2001/994
f 1267/2005/994 1728/2010/994 2035/1259/994 1725/2000/994
f 1728/2010/723 1158/2009/723 1350/1260/723 2035/1259/723
f 1729/2012/1379 2036/1255/1379 1416/1258/1379 1096/2013/1379
f 1268/2017/994 1732/2022/994 2036/1255/994 1729/2012/994
f 1732/2022/723 1157/2021/723 1349/1256/723 2036/1255/723
f 1733/2024/1380 2037/1251/1380 1448/1254/1380 1128/2025/1380
f 1269/2029/991 1736/2034/991 2037/1251/991 1733/2024/991
f 1736/2034/724 1124/2033/724 1316/1252/724 2037/1251/724
f 1737/2036/1381 2038/1247/1381 1451/1250/1381 1131/2037/1381
f 1270/2041/988 1740/2046/988 2038/1247/988 1737/2036/988
f 1740/2046/727 1123/2045/727 1315/1248/727 2038/1247/727
f 1741/2048/1382 2039/1243/1382 1454/1246/1382 1134/2049/1382
f 1271/2053/985 1744/2058/985 2039/1243/985 1741/2048/985
f 1744/2058/730 1122/2057/730 1314/1244/730 2039/1243/730
f 1745/2060/1383 2040/1239/1383 1456/1242/1383 1136/2061/1383
f 1272/2065/982 1748/2070/982 2040/1239/982 1745/2060/982
f 1748/2070/733 1121/2069/733 1313/1240/733 2040/1239/733
f 1749/2072/1384 2041/1235/1384 1472/1238/1384 1152/2073/1384
f 1273/2077/1385 1752/2082/1385 2041/1235/1385 1749/2072/1385
f 1752/2082/1386 1131/2081/1386 1451/1236/1386 2041/1235/1386
f 1753/2084/1387 2042/1231/1387 1471/1234/1387 1151/2085/1387
f 1274/2089/1388 1756/2094/1388 2042/1231/1388 1753/2084/1388
f 1756/2094/1389 1118/2093/1389 1310/1232/1389 2042/1231/1389
f 1757/2096/1390 2043/1227/1390 1302/1230/1390 1110/2097/1390
f 1275/2101/1391 1760/2106/1391 2043/1227/1391 1757/2096/1391
f 1760/2106/1392 1117/2105/1392 1309/1228/1392 2043/1227/1392
f 1761/2108/1393 2044/1223/1393 1468/1226/1393 1148/2109/1393
f 1276/2113/1394 1764/2118/1394 2044/1223/1394 1761/2108/1394
f 1764/2118/1395 1129/2117/1395 1449/1224/1395 2044/1223/1395
f 1765/2120/1396 2045/1219/1396 1467/1222/1396 1147/2121/1396
f 1277/2125/1397 1768/2130/1397 2045/1219/1397 1765/2120/1397
f 1768/2130/1398 1114/2129/1398 1306/1220/1398 2045/1219/1398
f 1769/2132/1399 2046/1215/1399 1297/1218/1399 1105/2133/1399
f 1278/2137/1400 1772/2142/1400 2046/1215/1400 1769/2132/1400
f 1772/2142/1401 1113/2141/1401 1305/1216/1401 2046/1215/1401
f 1773/2144/1402 2047/1211/1402 1286/1214/1402 1094/2145/1402
f 1279/2149/1403 1776/2154/1403 2047/1211/1403 1773/2144/1403
f 1776/2154/1404 1139/2153/1404 1459/1212/1404 2047/1211/1404
f 1777/2156/1405 2048/1207/1405 1294/1210/1405 1102/2157/1405
f 1280/2161/1406 1780/2166/1406 2048/1207/1406 1777/2156/1406
f 1780/2166/1407 1140/2165/1407 1460/1208/1407 2048/1207/1407
f 1781/2168/1408 2049/1203/1408 1464/1206/1408 1144/2169/1408
f 1281/2173/907 1784/2178/907 2049/1203/907 1781/2168/907
f 1784/2178/760 1125/2177/760 1445/1204/760 2049/1203/760
f 1785/2180/1409 2050/1199/1409 1462/1202/1409 1142/2181/1409
f 1282/2185/904 1788/2190/904 2050/1199/904 1785/2180/904
f 1788/2190/763 1101/2189/763 1293/1200/763 2050/1199/763
f 1789/2192/1410 2051/1195/1410 1460/1198/1410 1140/2193/1410
f 1283/2197/901 1792/2202/901 2051/1195/901 1789/2192/901
f 1792/2202/766 1098/2201/766 1290/1196/766 2051/1195/766
f 1793/2204/1411 2052/1191/1411 1458/1194/1411 1138/2205/1411
f 1284/2209/898 1796/2214/898 2052/1191/898 1793/2204/898
f 1796/2214/769 1095/2213/769 1287/1192/769 2052/1191/769
