# This file uses centimeters as units for non-parametric coordinates.

mtllib outpost_full.mtl
v -3.412468 0.000000 0.828663
v -3.412468 0.000000 -0.731335
v -3.342735 0.836939 0.045460
v -3.342583 0.838888 0.051701
v -3.342346 0.841620 0.188206
v -3.342186 0.844351 0.212543
v -3.341568 0.850744 -0.024502
v -3.340942 0.859560 0.181263
v -3.338760 0.884833 0.149448
v -3.337433 0.901213 0.312763
v -3.337273 0.902228 -0.090023
v -3.332520 0.959402 0.292011
v -3.330956 0.978590 -0.022717
v -3.329788 0.993017 0.272358
v -3.328224 1.011427 0.235386
v -3.327766 1.017199 0.155994
v -3.327766 1.016573 0.019871
v -3.326981 1.026556 0.137348
v -3.325111 1.048010 0.142506
v -3.324173 1.060019 0.030720
v -3.323311 0.835379 0.045460
v -3.323158 0.837332 0.051701
v -3.323006 0.839979 0.188206
v -3.322685 0.842634 0.212543
v -3.322227 0.849188 -0.024502
v -3.321754 1.089506 0.165195
v -3.321442 0.858000 0.181263
v -3.319496 1.115790 0.016132
v -3.319260 0.883192 0.149448
v -3.317932 0.899653 0.312763
v -3.317932 0.900664 -0.090023
v -3.316368 1.153540 0.008564
v -3.316292 1.154944 0.186649
v -3.314034 1.182245 0.057087
v -3.313179 0.957686 0.292011
v -3.313019 1.193869 0.184925
v -3.312782 1.196440 0.142414
v -3.311455 0.977026 -0.022717
v -3.310287 0.991301 0.272358
v -3.308723 1.009711 0.235386
v -3.308342 1.015013 0.019871
v -3.308266 1.015562 0.155994
v -3.307480 1.024920 0.137348
v -3.305763 1.046446 0.142506
v -3.304756 1.058302 0.030720
v -3.302254 1.087866 0.165195
v -3.300072 1.114149 0.016132
v -3.296951 1.151983 0.008564
v -3.296791 1.153387 0.186649
v -3.294533 1.180609 0.057087
v -3.293602 1.192152 0.184925
v -3.293358 1.194803 0.142414
v -3.224571 2.255133 0.828663
v -3.224571 2.255133 -0.731335
v -3.217468 1.170000 0.828663
v -3.022469 0.000000 1.959736
v -3.022469 1.364928 1.959736
v -3.022469 2.729933 1.959736
v -3.022469 3.315001 1.959736
v -3.022469 1.519514 1.587208
v -3.022469 1.480597 1.567165
v -3.022469 1.586050 1.561466
v -3.022469 1.648688 1.512104
v -3.022469 1.492216 1.510929
v -3.022469 1.516394 1.502186
v -3.022469 1.564596 1.484791
v -3.022469 1.667250 1.437611
v -3.022469 1.622633 1.424274
v -3.022469 1.680586 1.418110
v -3.022469 2.996062 1.113285
v -3.022469 3.102049 1.101185
v -3.022469 2.926481 1.099079
v -3.022469 3.029051 1.092152
v -3.022469 2.878584 1.084263
v -3.022469 3.134901 1.080219
v -3.022469 2.856825 1.022099
v -3.022469 3.136214 1.018436
v -3.022469 3.096205 0.987858
v -3.022469 2.868376 0.980061
v -3.022469 2.980681 0.942158
v -3.022469 2.840910 0.917042
v -3.022469 2.959395 0.879124
v -3.022469 2.841139 0.874531
v -3.022469 2.905501 0.863529
v -3.022469 2.913924 0.852924
v -3.022469 0.000000 0.828663
v -3.022469 2.339995 0.828663
v -3.022469 2.729933 0.251469
v -3.022469 2.866499 0.251469
v -3.022469 2.729933 0.243656
v -3.022469 2.846922 0.243656
v -3.022469 2.866499 0.243656
v -3.022469 3.315001 0.243656
v -3.022469 2.729933 -0.146328
v -3.022469 2.846922 -0.146328
v -3.022469 2.866499 -0.146328
v -3.022469 3.315001 -0.146328
v -3.022469 2.729933 -0.154140
v -3.022469 2.866499 -0.154140
v -3.022469 0.000000 -0.731335
v -3.022469 2.339995 -0.731335
v -3.022469 1.244334 -1.087719
v -3.022469 2.488745 -1.444012
v -3.022469 2.455908 -1.464092
v -3.022469 2.515730 -1.477032
v -3.022469 2.512617 -1.501049
v -3.022469 2.458868 -1.502270
v -3.022469 2.508787 -1.515484
v -3.022469 2.518934 -1.519939
v -3.022469 2.466589 -1.540417
v -3.022469 2.501929 -1.553844
v -3.022469 1.244334 -1.653149
v -3.022469 1.227953 -1.663128
v -3.022469 1.229437 -1.682323
v -3.022469 1.233260 -1.701366
v -3.022469 1.250964 -1.708050
v -3.022469 0.000000 -1.862255
v -3.022469 1.364928 -1.862255
v -3.022469 2.729933 -1.862255
v -3.022469 3.315001 -1.862255
v -3.020988 1.364928 1.967152
v -3.020988 1.364928 -1.869762
v -3.019585 0.000000 1.974636
v -3.019585 1.364928 1.974636
v -3.019585 2.729933 1.974636
v -3.019585 3.315001 1.974636
v -3.019585 3.315001 0.048664
v -3.019585 0.000000 -1.877239
v -3.019585 1.364928 -1.877239
v -3.019585 2.729933 -1.877239
v -3.019585 3.315001 -1.877239
v -3.015297 1.364928 1.980953
v -3.015297 3.315001 0.054981
v -3.015297 1.364928 -1.883556
v -3.011086 0.000000 1.987278
v -3.011086 1.364928 1.987278
v -3.011086 2.729933 1.987278
v -3.011086 3.315001 1.987278
v -3.011086 3.315001 0.048664
v -3.011086 0.000000 -1.889965
v -3.011086 1.364928 -1.889965
v -3.011086 2.729933 -1.889965
v -3.011086 3.315001 -1.889965
v -3.004761 1.364928 1.991489
v -3.004761 3.315001 0.052952
v -3.004761 1.364928 -1.894085
v -3.002968 1.519514 1.587208
v -3.002968 1.480597 1.567165
v -3.002968 1.586050 1.561466
v -3.002968 1.648688 1.512104
v -3.002968 1.492216 1.510929
v -3.002968 1.516394 1.502186
v -3.002968 1.564596 1.484791
v -3.002968 1.667250 1.437611
v -3.002968 1.622633 1.424274
v -3.002968 1.680586 1.418110
v -3.002968 2.996062 1.113285
v -3.002968 3.102049 1.101185
v -3.002968 2.926481 1.099079
v -3.002968 3.029051 1.092152
v -3.002968 2.878584 1.084263
v -3.002968 3.134901 1.080219
v -3.002968 2.856825 1.022099
v -3.002968 3.136214 1.018436
v -3.002968 3.096205 0.987858
v -3.002968 2.868376 0.980061
v -3.002968 2.980681 0.942158
v -3.002968 2.840910 0.917042
v -3.002968 2.959395 0.879124
v -3.002968 2.841139 0.874531
v -3.002968 2.905501 0.863529
v -3.002968 2.913924 0.852924
v -3.002968 2.488745 -1.444012
v -3.002968 2.455908 -1.464092
v -3.002968 2.515730 -1.477032
v -3.002968 2.512617 -1.501049
v -3.002968 2.458868 -1.502270
v -3.002968 2.508787 -1.515484
v -3.002968 2.518934 -1.519939
v -3.002968 2.466589 -1.540417
v -3.002968 2.501929 -1.553844
v -2.998444 0.000000 1.995777
v -2.998444 1.364928 1.995777
v -2.998444 2.729933 1.995777
v -2.998444 3.315001 1.995777
v -2.998444 3.315001 0.048664
v -2.998444 0.000000 -1.898296
v -2.998444 1.364928 -1.898296
v -2.998444 2.729933 -1.898296
v -2.998444 3.315001 -1.898296
v -2.991035 3.315001 0.050144
v -2.990959 1.364928 1.997181
v -2.990959 1.364928 -1.899761
v -2.983467 0.000000 1.998661
v -2.983467 1.364928 1.998661
v -2.983467 2.729933 1.998661
v -2.983467 3.315001 1.998661
v -2.983467 3.315001 0.048664
v -2.983467 0.000000 -1.901348
v -2.983467 1.364928 -1.901348
v -2.983467 2.729933 -1.901348
v -2.983467 3.315001 -1.901348
v -2.905464 3.315001 -0.048840
v -2.827545 2.924925 1.803661
v -2.827545 3.315001 1.803661
v -2.827545 2.729933 0.251469
v -2.827545 2.866499 0.251469
v -2.827545 2.729933 0.243656
v -2.827545 2.846922 0.243656
v -2.827545 2.866499 0.243656
v -2.827545 2.924925 0.243656
v -2.827545 3.315001 0.243656
v -2.827545 2.729933 -0.146328
v -2.827545 2.846922 -0.146328
v -2.827545 2.866499 -0.146328
v -2.827545 2.924925 -0.146328
v -2.827545 3.315001 -0.146328
v -2.827545 2.729933 -0.154140
v -2.827545 2.866499 -0.154140
v -2.827545 2.924925 -1.706280
v -2.827545 3.315001 -1.706280
v -2.811867 2.729933 0.251469
v -2.811867 2.866499 0.251469
v -2.811867 2.729933 -0.154140
v -2.811867 2.866499 -0.154140
v -2.712418 2.441321 1.998661
v -2.712418 2.441321 1.979160
v -2.700401 2.517370 1.998661
v -2.700401 2.517370 1.979160
v -2.699944 2.414725 1.998661
v -2.699944 2.414725 1.979160
v -2.694084 2.560515 1.998661
v -2.694084 2.560515 1.979160
v -2.668510 2.577193 1.998661
v -2.668510 2.577193 1.979160
v -2.665459 2.569792 1.998661
v -2.665459 2.569792 1.979160
v -2.657738 2.404745 1.998661
v -2.657738 2.404745 1.979160
v -2.622948 2.571120 1.998661
v -2.622948 2.571120 1.979160
v -2.614998 2.402243 1.998661
v -2.614998 2.402243 1.979160
v -2.592300 1.087477 2.076664
v -2.592300 1.784872 2.076664
v -2.592300 1.013064 1.998661
v -2.592300 1.784872 1.998661
v -2.585358 2.485388 1.998661
v -2.585358 2.485388 1.979160
v -2.581306 2.558089 1.998661
v -2.581306 2.558089 1.979160
v -2.573265 2.444205 1.998661
v -2.573265 2.444205 1.979160
v -2.572098 2.399672 1.998661
v -2.572098 2.399672 1.979160
v -2.566872 0.406537 -1.881817
v -2.566872 0.406537 -1.901348
v -2.564766 0.454897 -1.881817
v -2.564766 0.454897 -1.901348
v -2.545418 2.427748 1.998661
v -2.545418 2.427748 1.979160
v -2.543785 2.390539 1.998661
v -2.543785 2.390539 1.979160
v -2.533638 0.520104 -1.881817
v -2.533638 0.520104 -1.901348
v -2.532318 2.404745 1.998661
v -2.532318 2.404745 1.979160
v -2.531532 1.330839 2.115665
v -2.531532 1.737761 2.115665
v -2.531532 1.330839 2.076664
v -2.531532 1.737761 2.076664
v -2.531532 2.419562 1.998661
v -2.531532 2.419562 1.979160
v -2.530602 0.330019 -1.881817
v -2.530602 0.330019 -1.901348
v -2.527481 1.901640 1.998661
v -2.525612 1.784872 1.998661
v -2.512032 1.899534 2.035946
v -2.510086 1.784872 2.035946
v -2.503532 1.534262 2.115665
v -2.502983 1.099566 -1.881817
v -2.502983 1.099566 -1.901348
v -2.501579 1.990477 1.998661
v -2.497528 1.488943 2.115665
v -2.497528 1.579809 2.115665
v -2.488251 0.527436 -1.881817
v -2.488251 0.527436 -1.901348
v -2.487862 1.534262 2.208790
v -2.486687 1.986349 2.035946
v -2.484818 1.136382 -1.881817
v -2.484818 1.136382 -1.901348
v -2.482399 1.492995 2.208790
v -2.482399 1.575682 2.208790
v -2.479980 1.446509 2.115665
v -2.479980 1.622092 2.115665
v -2.474594 1.894537 2.051388
v -2.472801 1.784872 2.051388
v -2.467735 1.150191 -1.881817
v -2.467735 1.150191 -1.901348
v -2.466408 1.454390 2.208790
v -2.466408 1.614210 2.208790
v -2.462425 1.208376 2.108562
v -2.462425 1.208376 2.076664
v -2.460243 1.191607 2.108562
v -2.460243 1.225146 2.108562
v -2.460243 1.191607 2.076664
v -2.460243 1.225146 2.076664
v -2.456886 2.165587 1.998661
v -2.453773 1.175928 2.108562
v -2.453773 1.240824 2.108562
v -2.453773 1.175928 2.076664
v -2.453773 1.240824 2.076664
v -2.452133 1.410162 2.115665
v -2.452133 1.658438 2.115665
v -2.450729 1.976515 2.051388
v -2.443474 1.162512 2.108562
v -2.443474 1.254240 2.108562
v -2.443474 1.162512 2.076664
v -2.443474 1.254240 2.076664
v -2.443085 2.157484 2.035946
v -2.440979 1.421316 2.208790
v -2.440979 1.647284 2.208790
v -2.437546 2.924925 0.048664
v -2.437317 1.889548 2.035946
v -2.435593 1.784872 2.035946
v -2.429985 1.152136 2.108562
v -2.429985 1.264536 2.108562
v -2.429985 1.152136 2.076664
v -2.429985 1.264536 2.076664
v -2.429985 2.924925 0.191395
v -2.429985 2.924925 -0.093929
v -2.421791 1.887442 1.998661
v -2.421165 1.534262 2.275486
v -2.420074 1.784872 1.998661
v -2.418510 3.063292 0.048664
v -2.417969 1.510237 2.275486
v -2.417969 1.558363 2.275486
v -2.415779 1.382315 2.115665
v -2.415779 1.686278 2.115665
v -2.414848 1.966688 2.035946
v -2.414619 0.521899 -1.881817
v -2.414619 0.521899 -1.901348
v -2.414459 1.145743 2.108562
v -2.414459 1.271010 2.108562
v -2.414459 1.145743 2.076664
v -2.414459 1.271010 2.076664
v -2.411179 3.063292 0.189457
v -2.411179 3.063292 -0.091976
v -2.410789 1.190592 -1.881817
v -2.410789 1.190592 -1.901348
v -2.409622 2.137671 2.051388
v -2.408684 1.487852 2.275486
v -2.408684 1.580824 2.275486
v -2.407906 1.395964 2.208790
v -2.407906 1.672713 2.208790
v -2.407677 2.924925 0.332493
v -2.407677 2.924925 -0.235104
v -2.402916 0.229243 -1.881817
v -2.402916 0.229243 -1.901348
v -2.399872 1.962713 1.998661
v -2.397614 1.143481 2.108562
v -2.397614 1.273276 2.108562
v -2.397614 1.143481 2.076664
v -2.397614 1.273276 2.076664
v -2.393867 1.468504 2.275486
v -2.393867 1.600172 2.275486
v -2.389183 3.063292 0.328526
v -2.389183 3.063292 -0.231213
v -2.386848 3.199324 0.048664
v -2.380844 1.145743 2.108562
v -2.380844 1.271010 2.108562
v -2.380844 1.145743 2.076664
v -2.380844 1.271010 2.076664
v -2.379669 3.199324 0.186100
v -2.379669 3.199324 -0.088696
v -2.376244 2.117857 2.035946
v -2.374596 1.453764 2.275486
v -2.374596 1.614989 2.275486
v -2.374138 0.837645 -1.881817
v -2.374138 0.837645 -1.901348
v -2.373817 0.542647 -1.881817
v -2.373817 0.542647 -1.901348
v -2.373436 1.364767 2.115665
v -2.373436 1.703833 2.115665
v -2.370705 2.924925 0.470478
v -2.370705 2.924925 -0.373089
v -2.369453 1.379973 2.208790
v -2.369453 1.688696 2.208790
v -2.365242 1.152136 2.108562
v -2.365242 1.264536 2.108562
v -2.365242 1.152136 2.076664
v -2.365242 1.264536 2.076664
v -2.362434 2.109740 1.998661
v -2.358147 3.199324 0.322056
v -2.358147 3.199324 -0.224575
v -2.353851 1.225539 -1.881817
v -2.353851 1.225539 -1.901348
v -2.352684 3.063292 0.464634
v -2.352684 3.063292 -0.367229
v -2.352058 1.444403 2.275486
v -2.352058 1.624197 2.275486
v -2.351830 1.162512 2.108562
v -2.351830 1.254240 2.108562
v -2.351830 1.162512 2.076664
v -2.351830 1.254240 2.076664
v -2.342697 3.331846 0.048664
v -2.341454 1.175928 2.108562
v -2.341454 1.240824 2.108562
v -2.341454 1.175928 2.076664
v -2.341454 1.240824 2.076664
v -2.335838 3.331846 0.181416
v -2.335838 3.331846 -0.084087
v -2.334900 1.191607 2.108562
v -2.334900 1.225146 2.108562
v -2.334900 1.191607 2.076664
v -2.334900 1.225146 2.076664
v -2.332794 1.208376 2.108562
v -2.332794 1.208376 2.076664
v -2.328026 1.534262 2.291241
v -2.328026 1.441283 2.275486
v -2.328026 1.627386 2.275486
v -2.328026 1.374518 2.208790
v -2.328026 1.694159 2.208790
v -2.328026 1.358839 2.115665
v -2.328026 1.709837 2.115665
v -2.322578 3.199324 0.454884
v -2.322578 3.199324 -0.357403
v -2.319527 2.924925 0.603947
v -2.319527 2.924925 -0.506466
v -2.314934 3.331846 0.312763
v -2.314934 3.331846 -0.215374
v -2.308922 1.234038 -1.881817
v -2.308922 1.234038 -1.901348
v -2.304085 2.308333 1.998661
v -2.303932 1.444403 2.275486
v -2.303932 1.624197 2.275486
v -2.302223 3.063292 0.596210
v -2.302223 3.063292 -0.498745
v -2.296059 2.294684 2.035946
v -2.286690 1.379973 2.208790
v -2.286690 1.688696 2.208790
v -2.286537 3.459608 0.048664
v -2.282646 1.364767 2.115665
v -2.282646 1.703833 2.115665
v -2.281929 0.191880 -1.881817
v -2.281929 0.191880 -1.901348
v -2.281548 1.453764 2.275486
v -2.281548 1.614989 2.275486
v -2.280617 3.331846 0.441242
v -2.280617 3.331846 -0.343761
v -2.279915 3.459608 0.175571
v -2.279915 3.459608 -0.078167
v -2.276711 2.261770 2.051388
v -2.273354 1.208376 2.108562
v -2.273354 1.208376 2.076664
v -2.273277 3.199324 0.583271
v -2.273277 3.199324 -0.485943
v -2.271095 1.191607 2.108562
v -2.271095 1.225146 2.108562
v -2.271095 1.191607 2.076664
v -2.271095 1.225146 2.076664
v -2.264702 1.175928 2.108562
v -2.264702 1.240824 2.108562
v -2.264702 1.175928 2.076664
v -2.264702 1.240824 2.076664
v -2.262276 1.468504 2.275486
v -2.262276 1.600172 2.275486
v -2.260017 3.459608 0.301060
v -2.260017 3.459608 -0.203747
v -2.257362 2.228850 2.035946
v -2.254646 2.924925 0.731236
v -2.254646 2.924925 -0.633755
v -2.254402 1.162512 2.108562
v -2.254402 1.254240 2.108562
v -2.254402 1.162512 2.076664
v -2.254402 1.254240 2.076664
v -2.249413 0.616902 -1.862255
v -2.249413 0.616902 -1.881817
v -2.249336 2.215201 1.998661
v -2.248161 1.395964 2.208790
v -2.248161 1.672713 2.208790
v -2.247459 1.487852 2.275486
v -2.247459 1.580824 2.275486
v -2.241142 0.571896 -1.862255
v -2.241142 0.571896 -1.881817
v -2.240913 1.152136 2.108562
v -2.240913 1.264536 2.108562
v -2.240913 1.152136 2.076664
v -2.240913 1.264536 2.076664
v -2.240913 1.255488 -1.881817
v -2.240913 1.255488 -1.901348
v -2.240288 1.382315 2.115665
v -2.240288 1.686278 2.115665
v -2.238182 3.063292 0.721729
v -2.238182 3.063292 -0.624325
v -2.238091 1.510237 2.275486
v -2.238091 1.558363 2.275486
v -2.234978 1.534262 2.275486
v -2.232948 3.331846 0.565342
v -2.232948 3.331846 -0.468014
v -2.230934 0.659178 -1.862255
v -2.230934 0.659178 -1.881817
v -2.227104 3.459608 0.423847
v -2.227104 3.459608 -0.326443
v -2.225227 1.145743 2.108562
v -2.225227 1.271010 2.108562
v -2.225227 1.145743 2.076664
v -2.225227 1.271010 2.076664
v -2.218758 3.581679 0.048664
v -2.215004 1.421316 2.208790
v -2.215004 1.647284 2.208790
v -2.212364 3.581679 0.168476
v -2.212364 3.581679 -0.071148
v -2.210793 3.199324 0.705891
v -2.210793 3.199324 -0.608486
v -2.208458 1.143481 2.108562
v -2.208458 1.273276 2.108562
v -2.208458 1.143481 2.076664
v -2.208458 1.273276 2.076664
v -2.203926 1.410162 2.115665
v -2.203926 1.658438 2.115665
v -2.200188 0.842791 -1.862255
v -2.200188 0.842791 -1.881817
v -2.199181 0.870322 -1.862255
v -2.199181 0.870322 -1.881817
v -2.195900 1.252680 -1.881817
v -2.195900 1.252680 -1.901348
v -2.193718 3.581679 0.287022
v -2.193718 3.581679 -0.189632
v -2.191780 1.145743 2.108562
v -2.191780 1.271010 2.108562
v -2.191780 1.145743 2.076664
v -2.191780 1.271010 2.076664
v -2.189659 1.454390 2.208790
v -2.189659 1.614210 2.208790
v -2.188805 0.878592 -1.862255
v -2.188805 0.878592 -1.881817
v -2.181618 3.459608 0.542484
v -2.181618 3.459608 -0.445080
v -2.176872 2.924925 0.851048
v -2.176872 2.924925 -0.753567
v -2.176094 1.446509 2.115665
v -2.176094 1.622092 2.115665
v -2.176094 1.152136 2.108562
v -2.176094 1.264536 2.108562
v -2.176094 1.152136 2.076664
v -2.176094 1.264536 2.076664
v -2.173744 1.492995 2.208790
v -2.173744 1.575682 2.208790
v -2.172585 3.331846 0.683826
v -2.172585 3.331846 -0.586407
v -2.168282 1.534262 2.208790
v -2.163765 0.740065 -1.862255
v -2.163765 0.740065 -1.881817
v -2.162605 1.162512 2.108562
v -2.162605 1.254240 2.108562
v -2.162605 1.162512 2.076664
v -2.162605 1.254240 2.076664
v -2.162605 3.581679 0.402866
v -2.162605 3.581679 -0.305538
v -2.161430 3.063292 0.839893
v -2.161430 3.063292 -0.742489
v -2.158546 1.488943 2.115665
v -2.158546 1.579809 2.115665
v -2.152611 1.534262 2.115665
v -2.152290 1.175928 2.108562
v -2.152290 1.240824 2.108562
v -2.152290 1.175928 2.076664
v -2.152290 1.240824 2.076664
v -2.151283 0.517607 -1.862255
v -2.151283 0.517607 -1.881817
v -2.146461 2.359183 1.998661
v -2.145821 1.191607 2.108562
v -2.145821 1.225146 2.108562
v -2.145821 1.191607 2.076664
v -2.145821 1.225146 2.076664
v -2.143654 1.208376 2.108562
v -2.143654 1.208376 2.076664
v -2.142555 2.344214 2.035946
v -2.141777 0.886313 -1.862255
v -2.141777 0.886313 -1.881817
v -2.139900 3.696959 0.048664
v -2.135841 3.199324 0.821262
v -2.135841 3.199324 -0.723934
v -2.134209 0.198121 -1.881817
v -2.134209 0.198121 -1.901348
v -2.134056 3.696959 0.160282
v -2.134056 3.696959 -0.062878
v -2.133430 2.308020 2.051388
v -2.124535 1.330839 2.115665
v -2.124535 1.737761 2.115665
v -2.124535 1.330839 2.076664
v -2.124535 1.737761 2.076664
v -2.124153 2.271834 2.035946
v -2.123833 3.459608 0.655735
v -2.123833 3.459608 -0.558331
v -2.120323 2.256773 1.998661
v -2.119621 3.581679 0.514866
v -2.119621 3.581679 -0.417553
v -2.116585 3.696959 0.270573
v -2.116585 3.696959 -0.173244
v -2.103157 0.509654 -1.862255
v -2.103157 0.509654 -1.881817
v -2.100197 3.331846 0.795353
v -2.100197 3.331846 -0.697872
v -2.087639 3.696959 0.378529
v -2.087639 3.696959 -0.281124
v -2.086937 2.924925 0.962116
v -2.086937 2.924925 -0.864651
v -2.083580 1.087477 2.076664
v -2.083580 1.784872 2.076664
v -2.083580 1.013064 1.998661
v -2.083580 1.784872 1.998661
v -2.072899 1.170546 -1.881817
v -2.072899 1.170546 -1.901348
v -2.072823 3.063292 0.949329
v -2.072823 3.063292 -0.852001
v -2.065102 3.581679 0.621891
v -2.065102 3.581679 -0.524410
v -2.061119 0.521586 -1.862255
v -2.061119 0.521586 -1.881817
v -2.054634 3.459608 0.762287
v -2.054634 3.459608 -0.664883
v -2.050667 3.804365 0.048664
v -2.049339 3.199324 0.928196
v -2.049339 3.199324 -0.830791
v -2.047935 0.856673 -1.862255
v -2.047935 0.856673 -1.881817
v -2.047539 3.696959 0.482807
v -2.047539 3.696959 -0.385479
v -2.045372 3.804365 0.150990
v -2.045372 3.804365 -0.053509
v -2.034218 1.104090 -1.881817
v -2.034218 1.104090 -1.901348
v -2.032341 0.551539 -1.862255
v -2.032341 0.551539 -1.881817
v -2.029366 3.804365 0.252079
v -2.029366 3.804365 -0.154675
v -2.018608 1.029913 -1.881817
v -2.018608 1.029913 -1.901348
v -2.016502 3.331846 0.898701
v -2.016502 3.331846 -0.801220
v -2.002846 3.804365 0.350910
v -2.002846 3.804365 -0.253582
v -1.999809 3.581679 0.722355
v -1.999809 3.581679 -0.625027
v -1.997780 2.387427 1.998661
v -1.996925 3.696959 0.582417
v -1.996925 3.696959 -0.484936
v -1.996544 2.371977 2.035946
v -1.996147 0.213876 -1.881817
v -1.996147 0.213876 -1.901348
v -1.993492 2.334624 2.051388
v -1.990608 2.297255 2.035946
v -1.989281 2.281729 1.998661
v -1.985924 2.924925 1.063129
v -1.985924 2.924925 -0.965649
v -1.985298 0.957449 -1.881817
v -1.985298 0.957449 -1.901348
v -1.974693 3.459608 0.861027
v -1.974693 3.459608 -0.763622
v -1.973137 3.063292 1.049015
v -1.973137 3.063292 -0.951611
v -1.972206 0.566826 -1.862255
v -1.972206 0.566826 -1.881817
v -1.970482 0.787409 -1.862255
v -1.970482 0.787409 -1.881817
v -1.966118 3.804365 0.446613
v -1.966118 3.804365 -0.349148
v -1.952003 3.199324 1.025455
v -1.952003 3.903197 0.048664
v -1.952003 3.199324 -0.928051
v -1.947151 3.903197 0.140614
v -1.947151 3.903197 -0.043148
v -1.944832 0.931006 -1.881817
v -1.944832 0.931006 -1.901348
v -1.940681 0.263484 -1.881817
v -1.940681 0.263484 -1.901348
v -1.935997 3.696959 0.676090
v -1.935997 3.696959 -0.578701
v -1.932732 3.903197 0.231495
v -1.932732 3.903197 -0.134182
v -1.924309 3.581679 0.815708
v -1.924309 3.581679 -0.718227
v -1.922676 0.562693 -1.862255
v -1.922676 0.562693 -1.881817
v -1.922523 3.331846 0.992695
v -1.922523 3.331846 -0.895214
v -1.919701 3.804365 0.537800
v -1.919701 3.804365 -0.440395
v -1.915184 0.333138 -1.881817
v -1.915184 0.333138 -1.901348
v -1.908943 3.903197 0.320484
v -1.908943 3.903197 -0.223080
v -1.890144 0.377442 -1.881817
v -1.890144 0.377442 -1.901348
v -1.884911 3.459608 0.950886
v -1.884911 3.459608 -0.853497
v -1.877663 0.399672 -1.881817
v -1.877663 0.399672 -1.901348
v -1.876503 0.540852 -1.862255
v -1.876503 0.540852 -1.881817
v -1.875954 3.903197 0.406376
v -1.875954 3.903197 -0.309048
v -1.874855 2.924925 1.153065
v -1.874855 2.924925 -1.055584
v -1.869713 0.737334 -1.862255
v -1.869713 0.737334 -1.881817
v -1.867134 1.160796 -1.901348
v -1.867134 2.146796 -1.901348
v -1.867134 1.198004 -1.940258
v -1.867134 2.146796 -1.940258
v -1.865730 3.696959 0.762897
v -1.865730 3.696959 -0.665585
v -1.863853 3.804365 0.623676
v -1.863853 3.804365 -0.526287
v -1.863625 3.063292 1.137623
v -1.863625 3.063292 -1.040295
v -1.852547 0.000000 1.998661
v -1.845222 2.277441 1.998661
v -1.845070 3.199324 1.112034
v -1.845070 3.199324 -1.014629
v -1.844673 0.078000 1.998661
v -1.844673 0.078000 1.881657
v -1.844429 3.992277 0.048664
v -1.844048 2.292814 2.035946
v -1.841072 2.330099 2.051388
v -1.840309 3.992277 0.129475
v -1.840309 3.992277 -0.031994
v -1.839531 3.581679 0.900578
v -1.839531 3.581679 -0.803097
v -1.838112 2.367300 2.035946
v -1.836861 2.382666 1.998661
v -1.834129 3.903197 0.488422
v -1.834129 3.903197 -0.391018
v -1.834129 0.733359 -1.862255
v -1.834129 0.733359 -1.881817
v -1.828911 0.413167 -1.881817
v -1.828911 0.413167 -1.901348
v -1.827583 3.992277 0.209187
v -1.827583 3.992277 -0.111782
v -1.827187 0.717368 -1.862255
v -1.827187 0.717368 -1.881817
v -1.820946 0.905188 -1.881817
v -1.820946 0.905188 -1.901348
v -1.819160 3.331846 1.076389
v -1.819160 3.331846 -0.978909
v -1.806679 3.992277 0.287266
v -1.806679 3.992277 -0.189861
v -1.799431 3.804365 0.703312
v -1.799431 3.804365 -0.605831
v -1.799049 0.671034 -1.862255
v -1.799049 0.671034 -1.881817
v -1.786720 3.696959 0.841923
v -1.786720 3.696959 -0.744518
v -1.786079 3.459608 1.030918
v -1.786079 3.459608 -0.933437
v -1.783974 3.903197 0.565647
v -1.783974 3.903197 -0.468166
v -1.777748 3.992277 0.362766
v -1.777748 3.992277 -0.265285
v -1.775566 0.487345 -1.862255
v -1.775566 0.487345 -1.881817
v -1.755043 2.924925 1.230915
v -1.755043 2.924925 -1.133434
v -1.749657 0.865958 -1.881817
v -1.749657 0.865958 -1.901348
v -1.746300 3.581679 0.976002
v -1.746300 3.581679 -0.878597
v -1.745522 3.063292 1.214375
v -1.745522 3.063292 -1.117046
v -1.741081 3.992277 0.434681
v -1.741081 3.992277 -0.337292
v -1.731575 0.476893 -1.862255
v -1.731575 0.476893 -1.881817
v -1.729698 3.199324 1.187077
v -1.729698 3.199324 -1.089611
v -1.729225 4.071211 0.048664
v -1.727119 3.804365 0.775700
v -1.727119 3.804365 -0.678219
v -1.726112 3.903197 0.637165
v -1.726112 3.903197 -0.539761
v -1.725639 4.071211 0.117390
v -1.725639 4.071211 -0.019894
v -1.720177 0.817050 -1.881817
v -1.720177 0.817050 -1.901348
v -1.719704 0.583128 -1.862255
v -1.719704 0.583128 -1.881817
v -1.714867 4.071211 0.185230
v -1.714867 4.071211 -0.087749
v -1.709572 0.253422 1.881657
v -1.709572 0.253422 1.862156
v -1.707619 3.331846 1.148777
v -1.707619 3.331846 -1.051373
v -1.700523 0.408019 -1.881817
v -1.700523 0.408019 -1.901348
v -1.699898 3.696959 0.912205
v -1.699898 3.696959 -0.814800
v -1.697090 3.992277 0.502384
v -1.697090 4.071211 0.251698
v -1.697090 4.071211 -0.154217
v -1.697090 3.992277 -0.405056
v -1.694359 0.494597 -1.862255
v -1.694359 0.494597 -1.881817
v -1.690376 0.773840 -1.881817
v -1.690376 0.773840 -1.901348
v -1.679619 0.195000 1.881657
v -1.679619 0.195000 1.862156
v -1.679543 3.459608 1.100025
v -1.679543 3.459608 -1.002697
v -1.679466 0.498732 -1.862255
v -1.679466 0.498732 -1.881817
v -1.672447 4.071211 0.315815
v -1.672447 4.071211 -0.218410
v -1.671822 0.527281 -1.862255
v -1.671822 0.527281 -1.881817
v -1.666130 0.768614 -1.881817
v -1.666130 0.768614 -1.901348
v -1.660988 3.903197 0.702305
v -1.660988 3.903197 -0.604824
v -1.657555 1.949919 1.998661
v -1.657555 1.949919 1.881657
v -1.647484 3.804365 0.840046
v -1.647484 3.804365 -0.742718
v -1.646248 3.992277 0.565250
v -1.646248 3.992277 -0.467922
v -1.645622 3.581679 1.041279
v -1.645622 3.581679 -0.943966
v -1.641243 4.071211 0.377033
v -1.641243 4.071211 -0.279720
v -1.636406 0.985296 1.881657
v -1.636406 0.985296 1.862156
v -1.630562 1.043799 1.881657
v -1.630562 1.043799 1.862156
v -1.627754 2.924925 1.295658
v -1.627754 2.924925 -1.198345
v -1.627602 2.438360 -1.901348
v -1.620033 3.063292 1.278400
v -1.620033 3.063292 -1.180950
v -1.617378 0.758082 -1.881817
v -1.617378 0.758082 -1.901348
v -1.607155 4.138991 0.048664
v -1.607079 3.199324 1.249470
v -1.607079 3.199324 -1.151989
v -1.606224 3.696959 0.973118
v -1.606224 3.696959 -0.875637
v -1.604271 4.138990 0.104588
v -1.604271 4.138991 -0.007259
v -1.603889 4.071211 0.434681
v -1.603889 4.071211 -0.337353
v -1.595467 4.138990 0.159809
v -1.595467 4.138991 -0.062496
v -1.589455 3.903197 0.760181
v -1.589455 3.903197 -0.662853
v -1.589134 3.331846 1.209156
v -1.589134 3.331846 -1.111645
v -1.589058 3.992277 0.622425
v -1.589058 3.992277 -0.524944
v -1.580940 4.138990 0.213856
v -1.580940 4.138991 -0.116543
v -1.566292 3.459608 1.157810
v -1.566292 3.459608 -1.060345
v -1.561607 3.804365 0.895908
v -1.561607 3.804365 -0.798428
v -1.560982 4.138990 0.266193
v -1.560982 4.138991 -0.168728
v -1.560524 4.071211 0.488117
v -1.560524 4.071211 -0.390713
v -1.557472 1.774428 1.881657
v -1.557472 1.774428 1.862156
v -1.538673 3.581679 1.095890
v -1.538673 3.581679 -0.998394
v -1.535561 4.138990 0.316044
v -1.535561 4.138990 -0.218639
v -1.533058 2.237044 1.998661
v -1.531807 2.252409 2.035946
v -1.528770 2.289610 2.051388
v -1.526360 3.992277 0.673283
v -1.526360 3.992277 -0.575817
v -1.525734 2.326819 2.035946
v -1.524483 2.342261 1.998661
v -1.521431 1.832999 1.881657
v -1.521431 1.832999 1.862156
v -1.515587 3.305250 1.998661
v -1.515587 3.315001 1.998661
v -1.512230 3.903197 0.810337
v -1.512230 3.903197 -0.712856
v -1.511909 4.071211 0.536701
v -1.511909 4.071211 -0.439388
v -1.506615 3.696959 1.023746
v -1.506615 3.696959 -0.926418
v -1.505058 4.138990 0.362934
v -1.505058 4.138990 -0.265591
v -1.494301 2.924925 1.346897
v -1.494301 2.924925 -1.249554
v -1.488441 3.063292 1.328876
v -1.488441 3.063292 -1.231457
v -1.481819 0.766428 -1.881817
v -1.481819 0.766428 -1.901348
v -1.479393 4.195219 0.048664
v -1.478691 3.199324 1.298771
v -1.478691 3.199324 -1.201275
v -1.477135 4.195219 0.091251
v -1.477135 4.195220 0.006229
v -1.470497 4.195219 0.133289
v -1.470497 4.195220 -0.035900
v -1.470436 3.804365 0.942310
v -1.470436 3.804365 -0.844982
v -1.469795 4.138990 0.406452
v -1.469795 4.138990 -0.309048
v -1.465034 3.331846 1.256794
v -1.465034 3.331846 -1.159344
v -1.459419 4.195219 0.174473
v -1.459419 4.195220 -0.076992
v -1.458488 3.992277 0.717274
v -1.458488 4.071211 0.580006
v -1.458488 4.071211 -0.482586
v -1.458488 3.992277 -0.619869
v -1.447731 3.459608 1.203297
v -1.447731 3.459608 -1.105968
v -1.444221 4.195219 0.214176
v -1.444221 4.195220 -0.116848
v -1.442024 1.717795 -1.940258
v -1.442024 2.010138 -1.940258
v -1.442024 1.754927 -1.979351
v -1.442024 2.010138 -1.979351
v -1.437584 3.315001 1.901157
v -1.433052 1.317343 -1.940258
v -1.433052 1.577078 -1.940258
v -1.433052 1.357436 -1.979351
v -1.433052 1.577078 -1.979351
v -1.430244 4.138990 0.446003
v -1.430244 4.138990 -0.348675
v -1.430183 3.903197 0.852131
v -1.430183 3.903197 -0.754650
v -1.426659 3.581679 1.138783
v -1.426659 3.581679 -1.041393
v -1.424797 4.195219 0.252079
v -1.424797 4.195220 -0.154675
v -1.407021 0.267619 -1.881817
v -1.407021 0.267619 -1.901348
v -1.402321 3.696959 1.063831
v -1.402321 3.696959 -0.966427
v -1.401619 4.195219 0.287800
v -1.401619 4.195220 -0.190487
v -1.400841 4.071211 0.617435
v -1.400841 4.071211 -0.520046
v -1.386742 4.138990 0.481251
v -1.386742 4.138990 -0.383846
v -1.386497 3.992277 0.753941
v -1.386497 3.992277 -0.656612
v -1.374886 4.195219 0.320957
v -1.374886 4.195220 -0.223476
v -1.374718 3.804365 0.979038
v -1.374718 3.804365 -0.881634
v -1.356316 2.924925 1.383945
v -1.356316 2.924925 -1.286449
v -1.352333 3.063292 1.365299
v -1.352333 3.063292 -1.267956
v -1.350761 0.775946 -1.881817
v -1.350761 0.775946 -1.901348
v -1.349525 0.253890 -1.881817
v -1.349525 0.253890 -1.901348
v -1.346870 4.239302 0.048664
v -1.345772 3.199324 1.334339
v -1.345772 3.199324 -1.236919
v -1.345314 4.239302 0.077442
v -1.345314 4.239302 0.020039
v -1.344765 4.195219 0.351078
v -1.344765 4.195219 -0.253582
v -1.344215 3.903197 0.885136
v -1.344215 3.903197 -0.787731
v -1.340858 4.239302 0.105762
v -1.340858 4.239302 -0.008282
v -1.339851 4.138990 0.511738
v -1.339851 4.138990 -0.414349
v -1.339607 4.071211 0.648640
v -1.339607 4.071211 -0.551311
v -1.336586 3.331846 1.291203
v -1.336586 3.331846 -1.193798
v -1.333458 4.239302 0.133518
v -1.333458 4.239302 -0.036037
v -1.324883 3.459608 1.236210
v -1.324883 3.459608 -1.138805
v -1.323082 4.239302 0.160282
v -1.323082 4.239302 -0.062878
v -1.311623 4.195219 0.377827
v -1.311623 4.195219 -0.280499
v -1.311073 3.992277 0.782887
v -1.311073 3.992277 -0.685558
v -1.310844 3.581679 1.169910
v -1.310844 3.581679 -1.072430
v -1.310066 4.239302 0.185871
v -1.310066 4.239302 -0.088451
v -1.294456 4.239302 0.209965
v -1.294456 4.239302 -0.112576
v -1.294380 3.696959 1.092762
v -1.294380 3.696959 -0.995373
v -1.290016 4.138990 0.537098
v -1.290016 4.138990 -0.439785
v -1.278847 0.282439 -1.881817
v -1.278847 0.282439 -1.901348
v -1.276360 4.239302 0.232273
v -1.276360 4.239302 -0.134869
v -1.275978 4.195219 0.400990
v -1.275978 4.195219 -0.303661
v -1.275887 3.804365 1.005573
v -1.275887 3.804365 -0.908092
v -1.275505 4.071211 0.673283
v -1.275505 4.071211 -0.575970
v -1.275276 2.729933 1.998661
v -1.275276 2.866499 1.998661
v -1.275276 2.729933 1.803661
v -1.275276 2.729933 1.788059
v -1.275276 2.866499 1.788059
v -1.275276 2.729933 -1.690746
v -1.275276 2.866499 -1.690746
v -1.275276 2.729933 -1.706280
v -1.275276 2.866499 -1.706280
v -1.275276 2.729933 -1.901348
v -1.275276 2.866499 -1.901348
v -1.267479 2.729933 1.998661
v -1.267479 2.846922 1.998661
v -1.267479 2.729933 1.803661
v -1.267479 2.846922 1.803661
v -1.267479 2.866499 1.803661
v -1.267479 2.924925 1.803661
v -1.267479 3.315001 1.803661
v -1.267479 2.866499 1.788059
v -1.267479 2.729933 -1.706280
v -1.267479 2.846922 -1.706280
v -1.267479 2.866499 -1.706280
v -1.267479 2.924925 -1.706280
v -1.267479 3.315001 -1.706280
v -1.267479 2.729933 -1.901348
v -1.267479 2.846922 -1.901348
v -1.256081 4.239302 0.252552
v -1.256081 4.239302 -0.155239
v -1.255302 3.903197 0.908924
v -1.255302 3.903197 -0.811611
v -1.240868 2.227370 1.998661
v -1.239693 2.242811 2.035946
v -1.237984 4.195219 0.420414
v -1.237984 4.195219 -0.322933
v -1.237679 4.138990 0.557148
v -1.237679 4.138990 -0.459820
v -1.236961 2.280012 2.051388
v -1.234230 2.317229 2.035946
v -1.233772 4.239302 0.270649
v -1.233772 4.239302 -0.173244
v -1.233070 2.332587 1.998661
v -1.232994 3.992277 0.803776
v -1.232994 3.992277 -0.706448
v -1.215218 2.924925 1.406162
v -1.215218 2.924925 -1.308849
v -1.213249 3.063292 1.387379
v -1.213249 3.063292 -1.289989
v -1.210915 4.270964 0.048664
v -1.210136 4.270964 0.063175
v -1.210136 4.270964 0.034229
v -1.209908 3.199324 1.355854
v -1.209908 3.199324 -1.258465
v -1.209755 4.239302 0.286259
v -1.209755 4.239302 -0.188915
v -1.209038 4.071211 0.691151
v -1.209038 4.071211 -0.593670
v -1.207878 4.270964 0.077518
v -1.207878 4.270964 0.019962
v -1.205223 3.331846 1.312031
v -1.205223 3.331846 -1.214550
v -1.204597 0.682265 -1.881817
v -1.204597 0.682265 -1.901348
v -1.204048 4.270964 0.091404
v -1.204048 4.270964 0.005909
v -1.199364 3.459608 1.256092
v -1.199364 3.459608 -1.158611
v -1.198906 4.270964 0.104984
v -1.198906 4.270964 -0.007488
v -1.198204 4.195219 0.435612
v -1.198204 4.195219 -0.338223
v -1.197197 0.985296 1.881657
v -1.197197 1.043799 1.881657
v -1.197197 1.061735 1.881657
v -1.197197 0.985296 1.862156
v -1.197197 1.043799 1.862156
v -1.197197 1.061735 1.862156
v -1.196648 0.965018 1.881657
v -1.196648 0.965018 1.862156
v -1.195473 0.373152 -1.881817
v -1.195473 0.373152 -1.901348
v -1.192268 3.581679 1.188633
v -1.192268 4.270964 0.117847
v -1.192268 4.270964 -0.020443
v -1.192268 3.581679 -1.091228
v -1.185020 0.646388 -1.881817
v -1.185020 0.646388 -1.901348
v -1.184395 4.270964 0.130024
v -1.184395 4.270964 -0.032696
v -1.184090 3.696959 1.110233
v -1.184090 4.239302 0.299351
v -1.184090 4.239302 -0.201946
v -1.184090 3.696959 -1.012859
v -1.183617 4.138990 0.571644
v -1.183617 4.138990 -0.474331
v -1.175346 4.270964 0.141315
v -1.175346 4.270964 -0.043835
v -1.174721 3.804365 1.021549
v -1.174721 3.804365 -0.924145
v -1.165138 4.270964 0.151554
v -1.165138 4.270964 -0.054073
v -1.164421 3.903197 0.923359
v -1.164421 3.903197 -0.825954
v -1.157326 4.239302 0.309650
v -1.157326 4.239302 -0.212170
v -1.157097 4.195219 0.446613
v -1.157097 4.195219 -0.349224
v -1.154594 0.923365 1.881657
v -1.154594 0.923365 1.862156
v -1.153831 1.105574 1.881657
v -1.153831 1.105574 1.862156
v -1.153831 4.270964 0.160587
v -1.153831 4.270964 -0.063274
v -1.153206 3.992277 0.816486
v -1.153206 3.992277 -0.719006
v -1.145638 0.561366 -1.881817
v -1.145638 0.561366 -1.901348
v -1.141655 4.270964 0.168476
v -1.141655 4.270964 -0.071148
v -1.141182 4.071211 0.701832
v -1.141182 4.071211 -0.604427
v -1.138603 0.907530 1.881657
v -1.138603 1.120779 1.881657
v -1.138603 0.907530 1.862156
v -1.138603 1.120779 1.862156
v -1.138542 1.037791 1.881657
v -1.138298 0.989584 1.881657
v -1.138298 0.482741 -1.881817
v -1.138298 0.482741 -1.901348
v -1.129555 4.239302 0.317066
v -1.129555 4.239302 -0.219662
v -1.129097 1.130530 1.881657
v -1.129097 1.130530 1.862156
v -1.128777 4.270964 0.175098
v -1.128777 4.270964 -0.077694
v -1.128395 4.138990 0.580463
v -1.128395 4.138990 -0.482983
v -1.127937 0.896921 1.881657
v -1.127937 0.896921 1.862156
v -1.115211 4.270964 0.180256
v -1.115211 4.270964 -0.082928
v -1.115059 4.195219 0.453327
v -1.115059 4.195219 -0.355846
v -1.109367 1.130610 1.881657
v -1.109367 1.832999 1.881657
v -1.109367 1.130610 1.862156
v -1.109367 1.832999 1.862156
v -1.109123 0.195000 1.881657
v -1.109123 0.897002 1.881657
v -1.109123 0.195000 1.862156
v -1.109123 0.897002 1.862156
v -1.104607 1.072111 1.881657
v -1.104057 0.955580 1.881657
v -1.101326 4.270964 0.183994
v -1.101326 4.270964 -0.086590
v -1.101250 4.239302 0.321507
v -1.101250 4.239302 -0.224178
v -1.089241 2.209975 1.998661
v -1.088448 2.225416 2.035946
v -1.086983 4.270964 0.186329
v -1.086983 4.270964 -0.088863
v -1.086662 2.262778 2.051388
v -1.084938 2.300062 2.035946
v -1.084251 2.315504 1.998661
v -1.080513 0.955656 1.881657
v -1.079948 1.072188 1.881657
v -1.079887 1.072188 1.881657
v -1.072472 2.729933 1.998661
v -1.072472 2.924925 1.413731
v -1.072472 3.063292 1.394703
v -1.072472 3.199324 1.363041
v -1.072472 3.331846 1.318958
v -1.072472 3.459608 1.262730
v -1.072472 3.581679 1.194950
v -1.072472 3.696959 1.116093
v -1.072472 3.804365 1.026859
v -1.072472 3.903197 0.928120
v -1.072472 3.992277 0.820698
v -1.072472 4.071211 0.705433
v -1.072472 4.138990 0.583363
v -1.072472 4.195219 0.455585
v -1.072472 4.239302 0.323063
v -1.072472 4.270964 0.187122
v -1.072472 4.289991 0.048664
v -1.072472 4.270964 -0.089626
v -1.072472 4.239302 -0.225674
v -1.072472 4.195219 -0.358105
v -1.072472 4.138990 -0.485943
v -1.072472 4.071211 -0.608105
v -1.072472 3.992277 -0.723309
v -1.072472 3.903197 -0.830791
v -1.072472 3.804365 -0.929546
v -1.072472 3.696959 -1.018688
v -1.072472 3.581679 -1.097454
v -1.072472 3.459608 -1.165325
v -1.072472 3.331846 -1.221569
v -1.072472 3.199324 -1.265728
v -1.072472 3.063292 -1.297375
v -1.072472 2.924925 -1.316265
v -1.058037 4.270964 0.186329
v -1.058037 4.270964 -0.088863
v -1.056328 1.072344 1.881657
v -1.055702 0.955889 1.881657
v -1.052971 0.000000 -1.901348
v -1.052971 2.729933 -1.901348
v -1.052971 3.315001 -1.901348
v -1.050621 1.130923 1.881657
v -1.050621 1.832999 1.881657
v -1.050621 1.130923 1.862156
v -1.050621 1.832999 1.862156
v -1.050545 0.897314 1.881657
v -1.050545 0.897314 1.862156
v -1.050392 0.195000 1.881657
v -1.050392 0.195000 1.862156
v -1.043846 4.239302 0.321507
v -1.043846 4.239302 -0.224178
v -1.043770 4.270964 0.183994
v -1.043770 4.270964 -0.086590
v -1.032463 1.130923 1.881657
v -1.032463 1.130923 1.862156
v -1.031288 0.897391 1.881657
v -1.031288 0.897391 1.862156
v -1.030037 4.195219 0.453327
v -1.030037 4.195219 -0.355846
v -1.029732 4.270964 0.180256
v -1.029732 4.270964 -0.082928
v -1.022011 1.038336 1.881657
v -1.021858 0.990134 1.881657
v -1.021614 0.907065 1.881657
v -1.021614 1.120390 1.881657
v -1.021614 0.907065 1.862156
v -1.021614 1.120390 1.862156
v -1.016624 4.138990 0.580463
v -1.016624 4.138990 -0.482983
v -1.016228 4.270964 0.175098
v -1.016228 4.270964 -0.077694
v -1.015526 4.239302 0.317066
v -1.015526 4.239302 -0.219662
v -1.007103 1.105963 1.881657
v -1.007103 1.105963 1.862156
v -1.004845 0.923987 1.881657
v -1.004845 0.923987 1.862156
v -1.003914 4.071211 0.701832
v -1.003914 4.071211 -0.604427
v -1.003288 4.270964 0.168476
v -1.003288 4.270964 -0.071148
v -0.991814 3.992277 0.816486
v -0.991814 3.992277 -0.719006
v -0.991112 4.270964 0.160587
v -0.991112 4.270964 -0.063274
v -0.987907 4.195219 0.446613
v -0.987907 4.195219 -0.349224
v -0.987770 4.239302 0.309650
v -0.987770 4.239302 -0.212170
v -0.980583 3.903197 0.923359
v -0.980583 3.903197 -0.825954
v -0.979958 4.270964 0.151554
v -0.979958 4.270964 -0.054073
v -0.974968 3.315001 -1.803844
v -0.970284 3.804365 1.021549
v -0.970284 3.804365 -0.924145
v -0.969749 4.270964 0.141315
v -0.969749 4.270964 -0.043835
v -0.963661 1.062907 1.881657
v -0.963661 1.062907 1.862156
v -0.963570 1.043799 1.881657
v -0.963570 1.043799 1.862156
v -0.963188 0.966185 1.881657
v -0.963188 0.985296 1.881657
v -0.963188 0.966185 1.862156
v -0.963188 0.985296 1.862156
v -0.961311 4.138990 0.571644
v -0.961311 4.138990 -0.474331
v -0.960930 3.696959 1.110233
v -0.960930 4.239302 0.299351
v -0.960930 4.239302 -0.201946
v -0.960930 3.696959 -1.012859
v -0.960548 4.270964 0.130024
v -0.960548 4.270964 -0.032696
v -0.952660 3.581679 1.188633
v -0.952660 4.270964 0.117847
v -0.952660 4.270964 -0.020443
v -0.952660 3.581679 -1.091228
v -0.946800 4.195219 0.435612
v -0.946800 4.195219 -0.338223
v -0.946114 4.270964 0.104984
v -0.946114 4.270964 -0.007488
v -0.945641 3.459608 1.256092
v -0.945641 3.459608 -1.158611
v -0.940880 4.270964 0.091404
v -0.940880 4.270964 0.005909
v -0.939705 3.331846 1.312031
v -0.939705 3.331846 -1.214550
v -0.937141 4.270964 0.077518
v -0.937141 4.270964 0.019962
v -0.935966 4.071211 0.691151
v -0.935966 4.071211 -0.593670
v -0.935341 4.239302 0.286259
v -0.935341 4.239302 -0.188915
v -0.935112 3.199324 1.355854
v -0.935112 3.199324 -1.258465
v -0.934959 4.270964 0.063175
v -0.934959 4.270964 0.034229
v -0.934181 4.270964 0.048664
v -0.931831 3.063292 1.387379
v -0.931831 3.063292 -1.289989
v -0.929878 2.924925 1.406162
v -0.929878 2.924925 -1.308849
v -0.914986 2.653563 1.998661
v -0.912025 3.992277 0.803776
v -0.912025 3.992277 -0.706448
v -0.911247 4.239302 0.270649
v -0.911247 4.239302 -0.173244
v -0.909615 2.318938 1.998661
v -0.908989 2.303496 2.035946
v -0.907646 2.266295 2.051388
v -0.907265 4.138990 0.557148
v -0.907265 4.138990 -0.459820
v -0.907112 4.195219 0.420414
v -0.907112 4.195219 -0.322933
v -0.906319 2.228926 2.035946
v -0.905708 2.213560 1.998661
v -0.892281 2.650526 1.998661
v -0.889626 3.903197 0.908924
v -0.889626 3.903197 -0.811611
v -0.888924 4.239302 0.252552
v -0.888924 4.239302 -0.155239
v -0.877556 2.729933 1.998661
v -0.877556 2.846922 1.998661
v -0.877556 2.729933 1.803661
v -0.877556 2.846922 1.803661
v -0.877556 2.866499 1.803661
v -0.877556 2.924925 1.803661
v -0.877556 3.315001 1.803661
v -0.877556 2.866499 -1.690746
v -0.877556 2.729933 -1.706280
v -0.877556 2.846922 -1.706280
v -0.877556 2.866499 -1.706280
v -0.877556 2.924925 -1.706280
v -0.877556 3.315001 -1.706280
v -0.877556 2.729933 -1.901348
v -0.877556 2.846922 -1.901348
v -0.873482 2.607695 1.998661
v -0.871376 2.644041 1.998661
v -0.869667 2.729933 1.998661
v -0.869667 2.866499 1.998661
v -0.869667 2.729933 1.803661
v -0.869667 2.866499 1.803661
v -0.869667 2.729933 1.788059
v -0.869667 2.866499 1.788059
v -0.869667 2.729933 -1.690746
v -0.869667 2.866499 -1.690746
v -0.869667 2.729933 -1.706280
v -0.869667 2.729933 -1.901348
v -0.869667 2.866499 -1.901348
v -0.869591 4.071211 0.673283
v -0.869591 4.071211 -0.575970
v -0.869209 3.804365 1.005573
v -0.869209 3.804365 -0.908092
v -0.869041 4.195219 0.400990
v -0.869041 4.195219 -0.303661
v -0.868568 4.239302 0.232273
v -0.868568 4.239302 -0.134869
v -0.867409 2.587095 1.998661
v -0.855080 4.138990 0.537098
v -0.855080 4.138990 -0.439785
v -0.853523 2.578840 1.998661
v -0.850548 3.696959 1.092762
v -0.850548 4.239302 0.209965
v -0.850548 4.239302 -0.112576
v -0.850548 3.696959 -0.995373
v -0.846901 2.567366 1.998661
v -0.846504 2.574782 1.998661
v -0.834877 4.239302 0.185871
v -0.834877 4.239302 -0.088451
v -0.834175 3.581679 1.169910
v -0.834175 3.581679 -1.072430
v -0.833946 3.992277 0.782887
v -0.833946 3.992277 -0.685558
v -0.833321 4.195219 0.377827
v -0.833321 4.195219 -0.280499
v -0.821846 4.239302 0.160282
v -0.821846 4.239302 -0.062878
v -0.820061 3.459608 1.236210
v -0.820061 3.459608 -1.138805
v -0.811638 4.239302 0.133518
v -0.811638 4.239302 -0.036037
v -0.808357 3.331846 1.291203
v -0.808357 3.331846 -1.193798
v -0.805397 4.071211 0.648640
v -0.805397 4.071211 -0.551311
v -0.805153 4.138990 0.511738
v -0.805153 4.138990 -0.414349
v -0.804070 4.239302 0.105762
v -0.804070 4.239302 -0.008282
v -0.800713 3.903197 0.885136
v -0.800713 3.903197 -0.787731
v -0.800331 4.195219 0.351078
v -0.800331 4.195219 -0.253582
v -0.799614 4.239302 0.077442
v -0.799614 4.239302 0.020039
v -0.799232 3.199324 1.334339
v -0.799232 3.199324 -1.236919
v -0.798134 4.239302 0.048664
v -0.792610 3.063292 1.365299
v -0.792610 3.063292 -1.267956
v -0.788704 2.924925 1.383945
v -0.788704 2.924925 -1.286449
v -0.770226 3.804365 0.979038
v -0.770226 4.195219 0.320957
v -0.770226 4.195220 -0.223476
v -0.770226 3.804365 -0.881634
v -0.758522 3.992277 0.753941
v -0.758522 3.992277 -0.656612
v -0.758202 4.138990 0.481251
v -0.758202 4.138990 -0.383846
v -0.744087 4.071211 0.617435
v -0.744087 4.071211 -0.520046
v -0.743309 4.195219 0.287800
v -0.743309 4.195220 -0.190487
v -0.742607 3.696959 1.063831
v -0.742607 3.696959 -0.966427
v -0.720146 4.195219 0.252079
v -0.720146 4.195220 -0.154675
v -0.718269 3.581679 1.138783
v -0.718269 3.581679 -1.041393
v -0.714760 3.903197 0.852131
v -0.714760 4.138990 0.446003
v -0.714760 4.138990 -0.348675
v -0.714760 3.903197 -0.754650
v -0.702202 0.095940 -1.901348
v -0.700874 4.195219 0.214176
v -0.700874 4.195220 -0.116848
v -0.697365 3.459608 1.203297
v -0.697365 3.459608 -1.105968
v -0.686531 3.992277 0.717274
v -0.686531 4.071211 0.580006
v -0.686531 4.071211 -0.482586
v -0.686531 3.992277 -0.619869
v -0.685585 4.195219 0.174473
v -0.685585 4.195220 -0.076992
v -0.679970 3.331846 1.256794
v -0.679970 3.331846 -1.159344
v -0.675148 4.138990 0.406452
v -0.675148 4.138990 -0.309048
v -0.674660 3.804365 0.942310
v -0.674660 3.804365 -0.844982
v -0.674507 4.195219 0.133289
v -0.674507 4.195220 -0.035900
v -0.667961 4.195219 0.091251
v -0.667961 4.195220 0.006229
v -0.666405 3.199324 1.298771
v -0.666405 3.199324 -1.201275
v -0.665688 4.195219 0.048664
v -0.656487 3.063292 1.328876
v -0.656487 3.063292 -1.231457
v -0.650642 2.924925 1.346897
v -0.650642 2.924925 -1.249554
v -0.639961 4.138990 0.362934
v -0.639961 4.138990 -0.265591
v -0.638405 3.696959 1.023746
v -0.638405 3.696959 -0.926418
v -0.633018 4.071211 0.536701
v -0.633018 4.071211 -0.439388
v -0.632774 3.903197 0.810337
v -0.632774 3.903197 -0.712856
v -0.628334 0.099061 -1.901348
v -0.624214 1.832999 1.881657
v -0.624214 1.832999 1.862156
v -0.618736 3.992277 0.673283
v -0.618736 3.992277 -0.575817
v -0.615547 2.335081 1.998661
v -0.612968 2.319800 2.035946
v -0.609459 4.138990 0.316044
v -0.609459 4.138990 -0.218639
v -0.606728 2.282828 2.051388
v -0.606270 3.581679 1.095890
v -0.606270 3.581679 -0.998394
v -0.600655 2.245856 2.035946
v -0.598076 2.230482 1.998661
v -0.588936 1.774428 1.881657
v -0.588936 1.774428 1.862156
v -0.584419 4.071211 0.488117
v -0.584419 4.071211 -0.390713
v -0.584038 4.138990 0.266193
v -0.584038 4.138991 -0.168728
v -0.583412 3.804365 0.895908
v -0.583412 3.804365 -0.798428
v -0.578728 3.459608 1.157810
v -0.578728 3.459608 -1.060345
v -0.563988 4.138990 0.213856
v -0.563988 4.138991 -0.116543
v -0.555870 3.331846 1.209156
v -0.555870 3.992277 0.622425
v -0.555870 3.992277 -0.524944
v -0.555870 3.331846 -1.111645
v -0.555641 3.903197 0.760181
v -0.555641 3.903197 -0.662853
v -0.549568 4.138990 0.159809
v -0.549568 4.138991 -0.062496
v -0.541206 4.071211 0.434681
v -0.541206 4.071211 -0.337353
v -0.540810 4.138990 0.104588
v -0.540810 4.138991 -0.007259
v -0.538872 3.696959 0.973118
v -0.538872 3.696959 -0.875637
v -0.537849 3.199324 1.249470
v -0.537849 4.138991 0.048664
v -0.537849 3.199324 -1.151989
v -0.524986 3.063292 1.278400
v -0.524986 3.063292 -1.180950
v -0.521797 1.043799 1.881657
v -0.521797 1.043799 1.862156
v -0.517342 2.924925 1.295658
v -0.517342 2.924925 -1.198345
v -0.516487 0.985296 1.881657
v -0.516487 0.985296 1.862156
v -0.503777 4.071211 0.377033
v -0.503777 4.071211 -0.279720
v -0.499413 3.581679 1.041279
v -0.499413 3.581679 -0.943966
v -0.498787 3.992277 0.565250
v -0.498787 3.992277 -0.467922
v -0.497536 3.804365 0.840046
v -0.497536 3.804365 -0.742718
v -0.487541 1.949919 1.998661
v -0.487541 1.949919 1.881657
v -0.484032 3.903197 0.702305
v -0.484032 3.903197 -0.604824
v -0.482552 2.372763 1.998661
v -0.479134 0.195000 1.881657
v -0.479134 0.195000 1.862156
v -0.478188 2.357939 2.035946
v -0.472496 4.071211 0.315815
v -0.472496 4.071211 -0.218410
v -0.467735 2.322142 2.051388
v -0.465462 3.459608 1.100025
v -0.465462 3.459608 -1.002697
v -0.457436 2.286337 2.035946
v -0.453072 2.271521 1.998661
v -0.449257 0.253422 1.881657
v -0.449257 0.253422 1.862156
v -0.448006 3.992277 0.502384
v -0.448006 3.992277 -0.405056
v -0.447853 4.071211 0.251698
v -0.447853 4.071211 -0.154217
v -0.445122 3.696959 0.912205
v -0.445122 3.696959 -0.814800
v -0.437325 3.331846 1.148777
v -0.437325 3.331846 -1.051373
v -0.430138 4.071211 0.185230
v -0.430138 4.071211 -0.087749
v -0.421791 1.317343 -1.940258
v -0.421791 1.577078 -1.940258
v -0.421791 1.717795 -1.940258
v -0.421791 2.010138 -1.940258
v -0.421791 1.357436 -1.979351
v -0.421791 1.577078 -1.979351
v -0.421791 1.754927 -1.979351
v -0.421791 2.010138 -1.979351
v -0.419304 4.071211 0.117390
v -0.419304 4.071211 -0.019894
v -0.418907 3.903197 0.637165
v -0.418907 3.903197 -0.539761
v -0.417961 3.804365 0.775700
v -0.417961 3.804365 -0.678219
v -0.415718 4.071211 0.048664
v -0.415321 3.199324 1.187077
v -0.415321 3.199324 -1.089611
v -0.403923 3.992277 0.434681
v -0.403923 3.992277 -0.337292
v -0.399559 2.397566 1.998661
v -0.399483 3.063292 1.214375
v -0.399483 3.063292 -1.117046
v -0.398781 3.581679 0.976002
v -0.398781 3.581679 -0.878597
v -0.396828 2.382277 2.035946
v -0.390358 2.345221 2.051388
v -0.389977 2.924925 1.230915
v -0.389977 2.924925 -1.133434
v -0.383965 2.308333 2.035946
v -0.381310 2.292967 1.998661
v -0.367195 3.992277 0.362766
v -0.367195 3.992277 -0.265285
v -0.360954 3.903197 0.565647
v -0.360954 3.903197 -0.468166
v -0.358925 3.459608 1.030918
v -0.358925 3.459608 -0.933437
v -0.358223 3.696959 0.841923
v -0.358223 3.696959 -0.744518
v -0.345589 3.804365 0.703312
v -0.345589 3.804365 -0.605831
v -0.338264 3.992277 0.287266
v -0.338264 3.992277 -0.189861
v -0.325935 3.331846 1.076389
v -0.325935 3.331846 -0.978909
v -0.317360 3.992277 0.209187
v -0.317360 3.992277 -0.111782
v -0.315559 0.078000 1.998661
v -0.315559 0.078000 1.881657
v -0.315468 2.296553 1.998661
v -0.310875 3.903197 0.488422
v -0.310875 3.903197 -0.391018
v -0.310097 2.312315 2.035946
v -0.308449 0.000000 1.998661
v -0.305565 3.581679 0.900578
v -0.305565 3.581679 -0.803097
v -0.304787 3.992277 0.129475
v -0.304787 3.992277 -0.031994
v -0.300499 3.992277 0.048664
v -0.299889 3.199324 1.112034
v -0.299889 3.199324 -1.014629
v -0.297066 2.350294 2.051388
v -0.288567 2.273237 1.998661
v -0.284050 2.388434 2.035946
v -0.281319 3.063292 1.137623
v -0.281319 3.063292 -1.040295
v -0.281090 3.804365 0.623676
v -0.281090 3.804365 -0.526287
v -0.279289 3.696959 0.762897
v -0.279289 3.696959 -0.665585
v -0.278664 2.404120 1.998661
v -0.275078 2.281965 2.035946
v -0.271645 1.160796 -1.901348
v -0.271645 2.146796 -1.901348
v -0.271645 1.198004 -1.940258
v -0.271645 2.146796 -1.940258
v -0.271568 2.214888 1.998661
v -0.270149 2.924925 1.153065
v -0.270149 2.924925 -1.055584
v -0.269157 3.903197 0.406376
v -0.269157 3.903197 -0.309048
v -0.260185 3.459608 0.950886
v -0.260185 3.459608 -0.853497
v -0.256584 2.218710 2.035946
v -0.242317 2.302954 2.051388
v -0.238808 2.065283 1.998661
v -0.236076 3.903197 0.320484
v -0.236076 3.903197 -0.223080
v -0.225395 3.804365 0.537800
v -0.225395 3.804365 -0.440395
v -0.223747 2.068251 2.035946
v -0.222588 3.331846 0.992695
v -0.222588 3.331846 -0.895214
v -0.220711 3.581679 0.815708
v -0.220711 3.581679 -0.718227
v -0.220390 2.227995 2.051388
v -0.212196 3.903197 0.231495
v -0.212196 3.903197 -0.134182
v -0.209709 2.323935 2.035946
v -0.209007 3.696959 0.676090
v -0.209007 3.696959 -0.578701
v -0.197929 3.903197 0.140614
v -0.197929 3.903197 -0.043148
v -0.196129 2.332587 1.998661
v -0.193016 3.199324 1.025455
v -0.193016 3.903197 0.048664
v -0.193016 3.199324 -0.928051
v -0.187477 1.745329 1.998661
v -0.187019 2.075117 2.051388
v -0.184288 2.237120 2.035946
v -0.178902 3.804365 0.446613
v -0.178902 3.804365 -0.349148
v -0.172188 1.747359 2.035946
v -0.171806 3.063292 1.049015
v -0.171806 3.063292 -0.951611
v -0.170326 3.459608 0.861027
v -0.170326 3.459608 -0.763622
v -0.169380 2.241019 1.998661
v -0.169075 1.579031 1.998661
v -0.159157 2.924925 1.063129
v -0.159157 2.924925 -0.965649
v -0.153862 1.581839 2.035946
v -0.150352 2.082052 2.035946
v -0.148170 3.696959 0.582417
v -0.148170 3.696959 -0.484936
v -0.145195 3.581679 0.722355
v -0.145195 3.581679 -0.625027
v -0.142159 3.804365 0.350910
v -0.142159 3.804365 -0.253582
v -0.135292 1.752272 2.051388
v -0.135292 2.084944 1.998661
v -0.128593 3.331846 0.898701
v -0.128593 3.331846 -0.801220
v -0.117119 1.588782 2.051388
v -0.116737 1.381697 1.998661
v -0.115715 3.804365 0.252079
v -0.115715 3.804365 -0.154675
v -0.102928 1.389799 2.035946
v -0.099663 3.804365 0.150990
v -0.099663 3.804365 -0.053509
v -0.098244 1.757338 2.035946
v -0.097389 3.696959 0.482807
v -0.097389 3.696959 -0.385479
v -0.095757 3.199324 0.928196
v -0.095757 3.199324 -0.830791
v -0.094261 3.804365 0.048664
v -0.090370 3.459608 0.762287
v -0.090370 3.459608 -0.664883
v -0.082954 1.759444 1.998661
v -0.080467 1.595564 2.035946
v -0.079842 3.581679 0.621891
v -0.079842 3.581679 -0.524410
v -0.072121 3.063292 0.949329
v -0.072121 3.063292 -0.852001
v -0.069618 1.409376 2.051388
v -0.065254 1.598372 1.998661
v -0.058159 2.924925 0.962116
v -0.058159 2.924925 -0.864651
v -0.057381 3.696959 0.378529
v -0.057381 3.696959 -0.281124
v -0.047707 3.295500 1.998661
v -0.047707 3.315001 1.998661
v -0.044899 3.331846 0.795353
v -0.044899 3.331846 -0.697872
v -0.041695 3.295500 1.974087
v -0.041695 3.315001 1.974087
v -0.036247 1.429121 2.035946
v -0.033897 3.295500 1.970509
v -0.033897 3.315001 1.970509
v -0.028435 3.696959 0.270573
v -0.028435 3.696959 -0.173244
v -0.025398 3.581679 0.514866
v -0.025398 3.581679 -0.417553
v -0.025322 3.295500 1.975033
v -0.025322 3.315001 1.975033
v -0.022346 1.437147 1.998661
v -0.021111 3.459608 0.655735
v -0.021111 3.459608 -0.558331
v -0.011040 3.295500 1.976040
v -0.011040 3.315001 1.976040
v -0.010963 3.696959 0.160282
v -0.010963 3.696959 -0.062878
v -0.009087 3.199324 0.821262
v -0.009087 3.199324 -0.723934
v -0.005119 3.696959 0.048664
v 0.001122 3.295500 1.957478
v 0.001122 3.315001 1.957478
v 0.016487 3.063292 0.839893
v 0.016487 3.063292 -0.742489
v 0.016884 1.253069 1.998661
v 0.017570 3.581679 0.402866
v 0.017570 3.581679 -0.305538
v 0.026009 1.265627 2.035946
v 0.027565 3.331846 0.683826
v 0.027565 3.331846 -0.586407
v 0.031776 2.924925 0.851048
v 0.031776 2.924925 -0.753567
v 0.036537 3.459608 0.542484
v 0.036537 3.459608 -0.445080
v 0.048225 1.296049 2.051388
v 0.048622 3.581679 0.287022
v 0.048622 3.581679 -0.189632
v 0.065788 3.199324 0.705891
v 0.065788 3.199324 -0.608486
v 0.067421 3.581679 0.168476
v 0.067421 3.581679 -0.071148
v 0.070457 1.326315 2.035946
v 0.073662 3.581679 0.048664
v 0.075539 3.295500 1.949215
v 0.075539 3.315001 1.949215
v 0.079750 1.338949 1.998661
v 0.082161 3.459608 0.423847
v 0.082161 3.459608 -0.326443
v 0.087852 3.331846 0.565342
v 0.087852 3.331846 -0.468014
v 0.093239 3.063292 0.721729
v 0.093239 3.063292 -0.624325
v 0.101814 1.207129 1.998661
v 0.106895 1.221869 2.035946
v 0.108925 0.352326 1.998661
v 0.108925 0.352326 1.979160
v 0.109627 2.924925 0.731236
v 0.109627 2.924925 -0.633755
v 0.109779 0.258960 1.998661
v 0.109779 0.258960 1.979160
v 0.112831 3.295500 1.965748
v 0.112831 3.315001 1.965748
v 0.114998 3.459608 0.301060
v 0.114998 3.459608 -0.203747
v 0.115395 0.410670 1.998661
v 0.115395 0.410670 1.979160
v 0.119057 1.257674 2.051388
v 0.128258 3.199324 0.583271
v 0.128258 3.199324 -0.485943
v 0.128807 3.295500 1.971516
v 0.128807 3.315001 1.971516
v 0.131218 1.293394 2.035946
v 0.134819 3.459608 0.175571
v 0.134819 3.459608 -0.078167
v 0.135521 3.331846 0.441242
v 0.135521 3.331846 -0.343761
v 0.136299 1.308295 1.998661
v 0.141441 3.459608 0.048664
v 0.144020 0.242892 1.998661
v 0.144020 0.242892 1.979160
v 0.147911 3.295500 1.970737
v 0.147911 3.315001 1.970737
v 0.156120 0.470106 1.998661
v 0.156120 0.470106 1.979160
v 0.157127 3.063292 0.596210
v 0.157127 3.063292 -0.498745
v 0.169991 3.331846 0.312763
v 0.169991 3.331846 -0.215374
v 0.174522 2.924925 0.603947
v 0.174522 2.924925 -0.506466
v 0.177483 3.199324 0.454884
v 0.177483 3.199324 -0.357403
v 0.177727 3.295500 1.969334
v 0.177727 3.315001 1.969334
v 0.190742 3.331846 0.181416
v 0.190742 3.331846 -0.084087
v 0.195808 3.295500 1.978298
v 0.195808 3.315001 1.978298
v 0.196205 0.252720 1.998661
v 0.196205 0.252720 1.979160
v 0.197762 3.331846 0.048664
v 0.204460 3.295500 1.979473
v 0.204460 3.315001 1.979473
v 0.207756 1.189970 1.998661
v 0.207756 3.063292 0.464634
v 0.207756 3.063292 -0.367229
v 0.209312 1.205336 2.035946
v 0.212578 3.295500 1.998661
v 0.212578 3.315001 1.998661
v 0.212883 1.242541 2.051388
v 0.213203 3.199324 0.322056
v 0.213203 3.199324 -0.224575
v 0.216484 1.279669 2.035946
v 0.217979 1.295035 1.998661
v 0.225761 2.924925 0.470478
v 0.225761 2.924925 -0.373089
v 0.234734 3.199324 0.186100
v 0.234734 3.199324 -0.088696
v 0.238548 0.535937 1.998661
v 0.238548 0.535937 1.979160
v 0.241905 3.199324 0.048664
v 0.244164 3.063292 0.328526
v 0.244164 3.063292 -0.231213
v 0.247917 0.257946 1.998661
v 0.247917 0.257946 1.979160
v 0.262657 2.924925 0.332493
v 0.262657 2.924925 -0.235104
v 0.266167 3.063292 0.189457
v 0.266167 3.063292 -0.091976
v 0.273582 3.063292 0.048664
v 0.276634 1.293082 1.998661
v 0.278404 1.277640 2.035946
v 0.282951 1.240202 2.051388
v 0.285057 2.924925 0.191395
v 0.285057 2.924925 -0.093929
v 0.287376 1.202681 2.035946
v 0.289268 1.187239 1.998661
v 0.292442 2.924925 0.048664
v 0.299065 0.249756 1.998661
v 0.299065 0.249756 1.979160
v 0.316246 0.633829 1.998661
v 0.316246 0.633829 1.979160
v 0.335503 1.309546 1.998661
v 0.340416 1.294958 2.035946
v 0.345421 0.227448 1.998661
v 0.345421 0.227448 1.979160
v 0.352043 1.259466 2.051388
v 0.363884 1.224055 2.035946
v 0.368736 1.209391 1.998661
v 0.382927 0.190008 1.998661
v 0.382927 0.190008 1.979160
v 0.388695 1.330054 1.998661
v 0.398064 1.317030 2.035946
v 0.403679 0.689757 1.998661
v 0.403679 0.689757 1.979160
v 0.420860 1.285910 2.051388
v 0.429802 1.381071 1.998661
v 0.443230 1.373190 2.035946
v 0.443535 1.254706 2.035946
v 0.452965 1.241759 1.998661
v 0.454002 0.470183 1.998661
v 0.454002 0.470183 1.979160
v 0.467491 0.202020 1.998661
v 0.467491 0.202020 1.979160
v 0.475761 1.354155 2.051388
v 0.492149 1.536604 1.998661
v 0.494255 0.369642 1.998661
v 0.494255 0.369642 1.979160
v 0.495934 0.554034 1.998661
v 0.495934 0.554034 1.979160
v 0.506950 1.531996 2.035946
v 0.508354 1.335127 2.035946
v 0.509300 0.685934 1.998661
v 0.509300 0.685934 1.979160
v 0.518028 0.242813 1.998661
v 0.518028 0.242813 1.979160
v 0.518822 0.348114 1.998661
v 0.518822 0.348114 1.979160
v 0.521782 1.327170 1.998661
v 0.530907 0.297961 1.998661
v 0.530907 0.297961 1.979160
v 0.536613 1.730665 1.998661
v 0.541435 0.678755 1.998661
v 0.541435 0.678755 1.979160
v 0.542595 1.520842 2.051388
v 0.544945 0.583441 1.998661
v 0.544945 0.583441 1.979160
v 0.551964 1.728560 2.035946
v 0.552605 2.057173 1.998661
v 0.557335 0.635699 1.998661
v 0.557335 0.635699 1.979160
v 0.567863 2.055144 2.035946
v 0.572624 2.147032 1.998661
v 0.578239 1.509688 2.035946
v 0.587212 2.141646 2.035946
v 0.589012 1.723486 2.051388
v 0.593071 1.505087 1.998661
v 0.604942 2.050078 2.051388
v 0.616447 2.231184 1.998661
v 0.622490 2.128775 2.051388
v 0.626060 1.718336 2.035946
v 0.628258 2.220587 2.035946
v 0.641411 1.716238 1.998661
v 0.641960 2.045157 2.035946
v 0.656883 2.194838 2.051388
v 0.657341 2.042975 1.998661
v 0.657890 2.115828 2.035946
v 0.666954 2.729933 0.251469
v 0.666954 2.866499 0.251469
v 0.666954 2.866499 0.243656
v 0.666954 2.729933 -0.154140
v 0.666954 2.866499 -0.154140
v 0.672447 2.110602 1.998661
v 0.682549 2.924925 1.803661
v 0.682549 3.315001 1.803661
v 0.682549 2.729933 0.251469
v 0.682549 2.729933 0.243656
v 0.682549 2.846922 0.243656
v 0.682549 2.866499 0.243656
v 0.682549 2.924925 0.243656
v 0.682549 3.315001 0.243656
v 0.682549 2.924925 0.048664
v 0.682549 2.729933 -0.146328
v 0.682549 2.846922 -0.146328
v 0.682549 2.866499 -0.146328
v 0.682549 2.924925 -0.146328
v 0.682549 3.315001 -0.146328
v 0.682549 2.729933 -0.154140
v 0.682549 2.866499 -0.154140
v 0.682549 2.924925 -1.706280
v 0.682549 3.315001 -1.706280
v 0.685478 2.169104 2.035946
v 0.697441 2.158491 1.998661
v 0.703514 2.289221 1.998661
v 0.708183 2.273855 2.035946
v 0.719505 2.236571 2.051388
v 0.730797 2.199362 2.035946
v 0.735497 2.183844 1.998661
v 0.822563 0.000000 1.998661
v 0.835625 2.236571 2.051388
v 0.835625 2.199362 2.035946
v 0.835625 2.273855 2.035946
v 0.835625 2.183844 1.998661
v 0.835625 2.236571 1.998661
v 0.835625 2.289221 1.998661
v 0.837517 2.289221 1.998585
v 0.837517 0.000000 1.995777
v 0.838005 1.364928 1.997181
v 0.838432 2.729933 1.998661
v 0.838432 3.315001 1.998661
v 0.839073 2.289221 1.998348
v 0.845482 1.364928 1.995777
v 0.850151 0.000000 1.987278
v 0.851707 1.364928 1.991489
v 0.852654 1.806868 0.729527
v 0.852806 1.825361 0.802525
v 0.852959 1.857413 0.831715
v 0.853203 1.896574 0.688816
v 0.853355 1.916380 0.871326
v 0.853447 2.729933 1.995777
v 0.853447 3.315001 1.995777
v 0.853447 1.935255 0.888340
v 0.853447 1.945395 0.869923
v 0.853447 1.942274 0.755039
v 0.853569 1.949843 0.827641
v 0.858025 3.315001 0.048664
v 0.858116 1.364928 1.987278
v 0.858513 0.000000 1.974636
v 0.861534 0.000000 1.959736
v 0.861534 0.000000 0.048664
v 0.862236 1.364928 1.980953
v 0.865440 3.315001 0.047169
v 0.865990 2.729933 1.987278
v 0.865990 3.315001 1.987278
v 0.866295 0.797003 0.048664
v 0.866539 1.364928 1.974636
v 0.866539 0.854567 0.143986
v 0.866600 0.859949 0.152714
v 0.866692 0.885535 0.195072
v 0.866692 0.918295 0.084538
v 0.866692 0.922507 0.081181
v 0.866692 0.935610 0.074085
v 0.866692 0.931708 0.074009
v 0.866692 0.935923 0.072987
v 0.866753 0.886469 0.196552
v 0.866753 0.882727 0.190311
v 0.866753 0.947775 0.094059
v 0.866844 0.938650 0.064259
v 0.866844 0.938730 0.064182
v 0.866844 0.938730 0.064106
v 0.866844 0.939352 0.063084
v 0.866844 0.940214 0.061848
v 0.866936 0.963846 0.120655
v 0.866936 0.940291 0.061848
v 0.866997 0.889200 0.200916
v 0.866997 0.893492 0.196384
v 0.866997 0.943255 0.048740
v 0.866997 0.943255 0.048664
v 0.867058 0.943411 0.048664
v 0.867149 0.921881 0.217533
v 0.867149 0.909090 0.211048
v 0.867332 1.030226 0.154362
v 0.867455 1.064467 0.171833
v 0.867699 1.058851 0.801441
v 0.867699 1.056433 0.770710
v 0.867699 1.056433 0.733662
v 0.867699 1.060644 0.670246
v 0.867699 1.024840 0.240543
v 0.867699 1.019850 0.239841
v 0.867699 1.018759 0.235325
v 0.867790 1.060255 0.809711
v 0.867790 1.036776 0.247715
v 0.867790 1.038336 0.243580
v 0.867882 1.082953 0.887318
v 0.867882 1.079756 0.877720
v 0.867882 1.072500 0.856129
v 0.867882 1.057368 0.791996
v 0.867882 1.055731 0.750202
v 0.867882 1.058851 0.682026
v 0.867882 1.072500 0.598026
v 0.867882 1.028120 0.271580
v 0.867882 1.139189 0.189137
v 0.867943 1.091143 1.004154
v 0.867943 1.090361 0.980289
v 0.867943 1.093558 0.955799
v 0.867943 1.092936 0.923832
v 0.867943 1.063528 0.829365
v 0.867943 1.070627 0.604725
v 0.867943 1.090674 0.529377
v 0.868004 1.364928 1.967152
v 0.868095 1.088412 0.993000
v 0.868095 1.091688 0.972416
v 0.868095 1.094733 0.945972
v 0.868095 1.090048 0.535542
v 0.868248 1.207361 0.205128
v 0.868309 0.935530 0.075260
v 0.869102 1.310011 0.228916
v 0.869102 1.308684 0.228764
v 0.869438 1.292853 0.333210
v 0.869652 0.936468 0.072773
v 0.869987 0.936232 0.073704
v 0.870049 0.936156 0.074009
v 0.870354 1.516554 0.243977
v 0.870354 1.515852 0.243900
v 0.870415 1.524748 0.244587
v 0.870415 1.524824 0.244587
v 0.870689 1.508208 0.348881
v 0.870750 1.572790 0.248096
v 0.870964 1.619360 0.251698
v 0.870964 1.618498 0.251545
v 0.871056 1.603132 0.342258
v 0.871208 1.600950 0.355824
v 0.871208 1.661009 0.262928
v 0.871269 1.723257 0.279469
v 0.871269 1.671385 0.265583
v 0.871269 1.667723 0.264729
v 0.871452 1.721617 0.279072
v 0.871605 1.719740 0.278614
v 0.871666 1.698996 0.359806
v 0.871758 1.692755 0.380405
v 0.871758 1.729262 0.367374
v 0.871758 1.729109 0.367207
v 0.871758 1.732924 0.366047
v 0.871758 3.315001 0.043049
v 0.871849 1.749541 0.371037
v 0.871849 1.747435 0.368687
v 0.872063 1.798445 0.304981
v 0.872154 1.806792 0.729527
v 0.872215 1.825278 0.802525
v 0.872215 1.824652 0.382038
v 0.872459 1.857336 0.831715
v 0.872520 1.860609 0.404499
v 0.872520 1.935416 0.351139
v 0.872795 1.896490 0.688816
v 0.872795 1.902731 0.417210
v 0.872795 1.911856 0.398808
v 0.872856 1.916228 0.871326
v 0.872856 1.888228 0.446537
v 0.872917 1.935179 0.888340
v 0.872917 1.942206 0.755039
v 0.872917 1.953200 0.490604
v 0.873009 1.945242 0.869923
v 0.873009 1.949766 0.827641
v 0.873009 1.953352 0.490696
v 0.873009 1.953123 0.490604
v 0.873100 1.962164 0.496693
v 0.873650 2.070044 0.575947
v 0.873711 2.077299 0.584751
v 0.873711 2.130491 0.483189
v 0.873772 2.090864 0.528049
v 0.873772 2.091574 0.526569
v 0.873772 2.094610 0.522587
v 0.873955 2.117697 1.554218
v 0.873955 2.112944 1.492832
v 0.873955 2.112860 1.418659
v 0.873955 2.121290 1.291828
v 0.873955 2.058729 0.561985
v 0.873955 0.935217 0.078770
v 0.874016 2.120589 1.570675
v 0.874016 2.120039 1.567707
v 0.874016 2.129317 0.661198
v 0.874016 2.136809 0.491154
v 0.874077 2.145003 1.663570
v 0.874077 2.145003 1.147282
v 0.874077 2.135252 0.672977
v 0.874077 2.134779 0.672047
v 0.874077 2.134627 0.671650
v 0.874077 2.148901 0.603153
v 0.874077 2.156698 0.598087
v 0.874077 2.201086 0.569080
v 0.874077 0.935141 0.079166
v 0.874168 2.165900 1.726055
v 0.874168 2.159514 1.706860
v 0.874168 2.114813 1.535419
v 0.874168 2.216994 1.452106
v 0.874168 2.111464 1.451725
v 0.874168 2.222922 1.325840
v 0.874168 2.117781 1.315449
v 0.874168 2.138525 0.679371
v 0.874168 2.136503 0.675312
v 0.874168 2.112234 0.627033
v 0.874321 2.180723 1.912006
v 0.874321 2.187117 1.862942
v 0.874321 2.185873 1.798977
v 0.874321 2.127135 1.610065
v 0.874321 2.244604 1.183018
v 0.874321 2.181425 1.010166
v 0.874321 2.186339 0.931080
v 0.874321 2.176436 0.839115
v 0.874321 2.218245 0.603153
v 0.874413 2.182280 1.959736
v 0.874413 2.186339 1.805302
v 0.874413 2.141333 1.160709
v 0.874413 2.148276 0.698399
v 0.874413 2.168631 0.691380
v 0.874413 2.179007 0.687794
v 0.874413 2.248816 0.663776
v 0.874413 2.194762 0.561588
v 0.874504 2.729933 1.974636
v 0.874504 3.315001 1.974636
v 0.874504 2.211066 1.819103
v 0.874504 2.192892 1.818478
v 0.874504 2.169256 1.735332
v 0.874504 2.175497 1.733379
v 0.874504 2.218168 1.485889
v 0.874504 2.217932 1.480518
v 0.874504 2.184317 0.899097
v 0.874565 2.183844 1.998661
v 0.874565 2.236571 1.998661
v 0.874565 2.289221 1.998661
v 0.874565 2.183844 1.966053
v 0.874565 2.236571 1.959736
v 0.874565 2.289221 1.953342
v 0.874565 2.176825 1.937275
v 0.874565 2.284308 1.932903
v 0.874565 2.287901 1.910442
v 0.874565 2.183455 1.896091
v 0.874565 2.205374 1.843594
v 0.874565 2.236181 1.839230
v 0.874565 2.185400 1.791027
v 0.874565 2.220274 1.784626
v 0.874565 2.225264 1.783772
v 0.874565 2.237509 1.781513
v 0.874565 2.289610 1.771992
v 0.874565 2.222220 1.769657
v 0.874565 2.216757 1.765438
v 0.874565 2.229712 1.584637
v 0.874565 2.229628 1.584095
v 0.874565 2.219649 1.524586
v 0.874565 2.218481 1.494083
v 0.874565 2.218085 1.486042
v 0.874565 2.283995 1.042530
v 0.874565 2.180174 1.022404
v 0.874565 2.240858 0.952915
v 0.874565 2.187895 0.951893
v 0.874565 2.237746 0.906498
v 0.874565 2.182204 0.867191
v 0.874565 2.201941 0.864613
v 0.874565 2.234625 0.860249
v 0.874565 2.234625 0.860172
v 0.874565 2.286879 0.853230
v 0.874565 2.261839 0.728825
v 0.874565 2.235251 0.637257
v 0.874626 2.219252 1.840710
v 0.874718 2.295386 1.845234
v 0.874718 2.234701 1.844067
v 0.874718 2.189459 1.843281
v 0.874718 2.294684 1.836971
v 0.874718 2.259665 1.673870
v 0.874718 2.245856 1.633076
v 0.874718 2.264189 1.112736
v 0.874718 2.276350 1.069294
v 0.874718 2.252486 0.909626
v 0.874718 2.287115 0.856434
v 0.874809 2.288290 1.960522
v 0.874809 2.289221 1.960522
v 0.874809 2.289221 1.959736
v 0.874809 2.275336 1.723171
v 0.874809 2.274397 1.720280
v 0.874809 2.269644 1.703976
v 0.874809 2.265509 1.691502
v 0.874809 2.264189 1.687603
v 0.874809 2.268317 1.098072
v 0.874809 2.288756 0.998692
v 0.874809 2.287268 0.859699
v 0.874809 2.274946 0.794193
v 0.874901 2.279707 1.738224
v 0.874901 2.292731 0.962040
v 0.874901 2.293585 0.954090
v 0.874901 2.291411 0.921101
v 0.874901 2.291022 0.916019
v 0.874901 2.290709 0.911884
v 0.874901 2.290709 0.911106
v 0.874901 2.290625 0.909626
v 0.874901 2.290312 0.905811
v 0.874901 2.289763 0.897388
v 0.874901 2.289221 0.888874
v 0.874901 2.287665 0.866261
v 0.874901 2.287504 0.862980
v 0.874962 2.292578 0.963673
v 0.875969 3.315001 0.036716
v 0.877068 0.850744 0.097645
v 0.877525 2.729933 1.959736
v 0.877525 3.315001 1.959736
v 0.877525 2.729933 0.251469
v 0.877525 2.866499 0.251469
v 0.877525 2.729933 0.243656
v 0.877525 2.846922 0.243656
v 0.877525 2.729933 0.048664
v 0.877525 2.846922 0.048664
v 0.877525 3.315001 0.048664
v 0.877525 3.315001 0.029163
v 0.877525 2.729933 0.009739
v 0.877525 2.846922 0.009739
v 0.877525 2.866499 0.009739
v 0.877525 2.917814 0.009739
v 0.877525 3.315001 0.009739
v 0.877525 4.874922 0.009739
v 0.877525 5.069990 0.009739
v 0.877525 2.729933 -0.146328
v 0.877525 2.846922 -0.146328
v 0.877525 2.729933 -0.154140
v 0.877525 2.866499 -0.154140
v 0.877525 4.605040 -0.307873
v 0.877525 4.579771 -0.311153
v 0.877525 4.633284 -0.323956
v 0.877525 4.515105 -0.330181
v 0.877525 4.654097 -0.337673
v 0.877525 4.489516 -0.347500
v 0.877525 4.481413 -0.375973
v 0.877525 4.678755 -0.378078
v 0.877525 4.689985 -0.407253
v 0.877525 4.469008 -0.419964
v 0.877525 4.691694 -0.440166
v 0.877525 4.451308 -0.445461
v 0.877525 4.343657 -0.462231
v 0.877525 4.417677 -0.463879
v 0.877525 4.307158 -0.468090
v 0.877525 4.378614 -0.471127
v 0.877525 4.278685 -0.484554
v 0.877525 4.256697 -0.511761
v 0.877525 4.252562 -0.540386
v 0.877525 4.689360 -0.554424
v 0.877525 4.257154 -0.562847
v 0.877525 4.682173 -0.586803
v 0.877525 4.275953 -0.587749
v 0.877525 4.305052 -0.605999
v 0.877525 4.706679 -0.611462
v 0.877525 4.324156 -0.629009
v 0.877525 4.345381 -0.639996
v 0.877525 4.738966 -0.647335
v 0.877525 4.371824 -0.661373
v 0.877525 4.751067 -0.674633
v 0.877525 4.382124 -0.692730
v 0.877525 4.751921 -0.706692
v 0.877525 4.874922 -0.723537
v 0.877525 5.011427 -0.723537
v 0.877525 4.874922 -0.731335
v 0.877525 4.991926 -0.731335
v 0.877525 4.749098 -0.732357
v 0.877525 4.736556 -0.763241
v 0.877525 4.360426 -0.764324
v 0.877525 4.712523 -0.782894
v 0.877525 4.698957 -0.792889
v 0.877525 4.692411 -0.807934
v 0.877525 4.344526 -0.852703
v 0.877525 4.655745 -0.925091
v 0.877525 4.355131 -0.948498
v 0.877525 4.636320 -0.950283
v 0.877525 4.442030 -0.958630
v 0.877525 4.413237 -0.959637
v 0.877525 4.464094 -0.965252
v 0.877525 4.364805 -0.966976
v 0.877525 4.607618 -0.967358
v 0.877525 4.381102 -0.968227
v 0.877525 4.491240 -0.982738
v 0.877525 4.557005 -0.987957
v 0.877525 4.555906 -0.989285
v 0.877525 4.552778 -0.989758
v 0.877525 4.522520 -0.994274
v 0.877525 4.874922 -1.121319
v 0.877525 4.991926 -1.121319
v 0.877525 4.874922 -1.129131
v 0.877525 5.011427 -1.129131
v 0.877525 2.729933 -1.862255
v 0.877525 3.315001 -1.862255
v 0.877525 4.874922 -1.862255
v 0.877525 5.069990 -1.862255
v 0.877525 0.000000 -1.901348
v 0.877525 1.364928 -1.901348
v 0.877525 2.729933 -1.901348
v 0.877525 3.315001 -1.901348
v 0.879784 0.935690 0.084538
v 0.880424 2.729933 0.024647
v 0.880424 4.874922 0.024647
v 0.880424 5.069990 0.024647
v 0.880424 2.729933 -1.877239
v 0.880424 4.874922 -1.877239
v 0.880424 5.069990 -1.877239
v 0.888908 2.729933 0.037281
v 0.888908 4.874922 0.037281
v 0.888908 5.069990 0.037281
v 0.888908 2.729933 -1.889965
v 0.888908 4.874922 -1.889965
v 0.888908 5.069990 -1.889965
v 0.890068 0.808394 0.048664
v 0.892448 0.934515 0.092808
v 0.894554 0.933974 0.093586
v 0.896477 0.933584 0.094364
v 0.897026 0.933424 0.094517
v 0.897026 4.605040 -0.307873
v 0.897026 4.579771 -0.311153
v 0.897026 4.633284 -0.323956
v 0.897026 4.515105 -0.330181
v 0.897026 4.654097 -0.337673
v 0.897026 4.489516 -0.347500
v 0.897026 4.481413 -0.375973
v 0.897026 4.678755 -0.378078
v 0.897026 4.689985 -0.407253
v 0.897026 4.469008 -0.419964
v 0.897026 4.691694 -0.440166
v 0.897026 4.451308 -0.445461
v 0.897026 4.343657 -0.462231
v 0.897026 4.417677 -0.463879
v 0.897026 4.307158 -0.468090
v 0.897026 4.378614 -0.471127
v 0.897026 4.278685 -0.484554
v 0.897026 4.256697 -0.511761
v 0.897026 4.252562 -0.540386
v 0.897026 4.689360 -0.554424
v 0.897026 4.257154 -0.562847
v 0.897026 4.682173 -0.586803
v 0.897026 4.275953 -0.587749
v 0.897026 4.305052 -0.605999
v 0.897026 4.706679 -0.611462
v 0.897026 4.324156 -0.629009
v 0.897026 4.345381 -0.639996
v 0.897026 4.738966 -0.647335
v 0.897026 4.371824 -0.661373
v 0.897026 4.751067 -0.674633
v 0.897026 4.382124 -0.692730
v 0.897026 4.751921 -0.706692
v 0.897026 4.749098 -0.732357
v 0.897026 4.736556 -0.763241
v 0.897026 4.360426 -0.764324
v 0.897026 4.712523 -0.782894
v 0.897026 4.698957 -0.792889
v 0.897026 4.692411 -0.807934
v 0.897026 4.344526 -0.852703
v 0.897026 4.655745 -0.925091
v 0.897026 4.355131 -0.948498
v 0.897026 4.636320 -0.950283
v 0.897026 4.442030 -0.958630
v 0.897026 4.413237 -0.959637
v 0.897026 4.464094 -0.965252
v 0.897026 4.364805 -0.966976
v 0.897026 4.607618 -0.967358
v 0.897026 4.381102 -0.968227
v 0.897026 4.491240 -0.982738
v 0.897026 4.557005 -0.987957
v 0.897026 4.555906 -0.989285
v 0.897026 4.552778 -0.989758
v 0.897026 4.522520 -0.994274
v 0.901299 2.188132 1.936802
v 0.901543 2.729933 0.045780
v 0.901543 4.874922 0.045780
v 0.901543 5.069990 0.045780
v 0.901543 2.729933 -1.898296
v 0.901543 4.874922 -1.898296
v 0.901543 5.069990 -1.898296
v 0.903343 0.929369 0.097645
v 0.903831 0.823992 0.063404
v 0.904045 0.932883 0.099354
v 0.904228 0.952849 0.132267
v 0.904289 0.900122 0.189060
v 0.904594 0.827894 0.065357
v 0.904839 1.059004 0.186100
v 0.904991 0.829218 0.066059
v 0.905083 1.033346 0.256763
v 0.905540 0.829218 0.061848
v 0.906242 1.306265 0.243809
v 0.906548 1.294958 0.317753
v 0.906944 0.924223 0.098515
v 0.906944 0.836317 0.069645
v 0.906944 0.828123 0.048664
v 0.907249 0.839751 0.074009
v 0.907402 1.514525 0.259037
v 0.907799 1.509062 0.333286
v 0.908043 1.615843 0.266514
v 0.908440 1.603369 0.340305
v 0.908562 1.718733 0.293964
v 0.908958 1.697050 0.365345
v 0.909813 1.928389 0.364948
v 0.909966 0.916342 0.099445
v 0.910149 1.895010 0.432255
v 0.910973 2.119803 0.494663
v 0.911156 2.069182 0.550282
v 0.911400 2.201475 1.452106
v 0.911400 2.126822 1.451801
v 0.911400 2.125189 0.618443
v 0.911400 2.188055 0.577427
v 0.911522 2.142271 1.606319
v 0.911522 2.214735 1.588306
v 0.911522 2.130179 1.533863
v 0.911522 2.204359 1.526142
v 0.911522 2.207480 1.324268
v 0.911522 2.133223 1.317020
v 0.911613 2.229399 1.179813
v 0.911613 2.156462 1.164051
v 0.911613 2.233999 0.668690
v 0.911705 2.163023 0.693256
v 0.911766 2.192503 1.936657
v 0.911766 2.268477 1.933613
v 0.911766 2.183920 1.730656
v 0.911766 2.255057 1.708500
v 0.911919 2.199362 2.035946
v 0.911919 2.273855 2.035946
v 0.911919 2.199362 1.964184
v 0.911919 2.273855 1.955219
v 0.911919 2.272604 1.908337
v 0.911919 2.198744 1.898121
v 0.911919 2.279860 1.844929
v 0.911919 2.204985 1.843594
v 0.911919 2.200697 1.788143
v 0.911919 2.274321 1.774723
v 0.911919 2.268790 1.039661
v 0.911919 2.195311 1.025455
v 0.911919 2.278227 0.953693
v 0.911919 2.203421 0.952213
v 0.911919 2.197569 0.865086
v 0.911919 2.271590 0.855259
v 0.912010 0.859560 0.084538
v 0.914879 0.901137 0.097645
v 0.915916 0.897623 0.096470
v 0.916222 0.874224 0.088749
v 0.916374 0.874304 0.088749
v 0.916374 0.874457 0.088749
v 0.916435 2.729933 0.048664
v 0.916435 4.874922 0.048664
v 0.916435 5.069990 0.048664
v 0.916435 2.729933 -1.901348
v 0.916435 4.874922 -1.901348
v 0.916435 5.069990 -1.901348
v 0.916527 0.895437 0.095707
v 0.917381 0.884054 0.092579
v 0.919395 0.886626 0.094837
v 0.919731 0.926481 0.160587
v 0.920341 1.046133 0.221348
v 0.921837 1.300490 0.280704
v 0.923088 1.511717 0.296085
v 0.923698 1.609534 0.303333
v 0.924187 1.707808 0.329624
v 0.925407 1.911703 0.398563
v 0.926537 2.094534 0.522358
v 0.926842 2.156698 0.597858
v 0.926903 2.167311 1.529957
v 0.926903 2.164191 1.451893
v 0.926903 2.170424 1.320683
v 0.926964 2.178465 1.597279
v 0.927147 2.192969 1.171940
v 0.927147 2.198431 0.681019
v 0.927238 2.219488 1.719578
v 0.927299 2.236571 2.051388
v 0.927299 2.236571 1.959736
v 0.927299 2.230482 1.935169
v 0.927299 2.235632 1.903263
v 0.927299 2.237509 1.781437
v 0.927299 2.232046 1.032551
v 0.927299 2.234625 0.860096
v 0.927361 2.242499 1.844303
v 0.927361 2.240858 0.952915
v 0.975029 1.364928 -1.901348
v 0.994530 1.364928 -1.901348
v 1.000999 1.121641 0.048664
v 1.002495 1.120859 0.061848
v 1.007011 1.118365 0.074009
v 1.013969 1.114229 0.084538
v 1.023155 1.109003 0.092579
v 1.033775 1.102843 0.097645
v 1.045158 1.096365 0.099445
v 1.056694 1.089735 0.097645
v 1.067314 1.083578 0.092579
v 1.072533 4.874922 -0.723537
v 1.072533 4.874922 -0.731335
v 1.072533 4.991926 -0.731335
v 1.072533 4.874922 -1.121319
v 1.072533 4.991926 -1.121319
v 1.072533 4.874922 -1.129131
v 1.072533 0.000000 -1.901348
v 1.072533 1.364928 -1.901348
v 1.072533 2.729933 -1.901348
v 1.072533 1.320693 -2.046886
v 1.072533 2.641478 -2.192364
v 1.072533 1.320693 -2.241802
v 1.072533 0.000000 -2.291241
v 1.076439 1.078352 0.084538
v 1.083458 1.074293 0.074009
v 1.087822 1.071799 0.061848
v 1.089378 1.070940 0.048664
v 1.092033 4.874922 -0.723537
v 1.092033 5.011427 -0.723537
v 1.092033 4.874922 -1.129131
v 1.092033 5.011427 -1.129131
v 1.104912 1.367422 0.048664
v 1.106529 1.366949 0.061848
v 1.111290 1.365385 0.074009
v 1.119011 1.362814 0.084538
v 1.129021 1.359617 0.092579
v 1.133080 4.499830 -1.881817
v 1.133080 4.499830 -1.901348
v 1.140312 4.542494 -1.881817
v 1.140312 4.542494 -1.901348
v 1.140648 1.355879 0.097645
v 1.153099 1.351736 0.099445
v 1.161705 1.610388 0.048664
v 1.163322 1.610075 0.061848
v 1.165581 1.347685 0.097645
v 1.168327 1.609221 0.074009
v 1.176292 1.607741 0.084538
v 1.177269 1.343863 0.092579
v 1.182121 4.470961 -1.881817
v 1.182121 4.470961 -1.901348
v 1.185570 1.804999 0.048664
v 1.186546 1.606016 0.092579
v 1.187187 1.804838 0.061848
v 1.187248 1.340666 0.084538
v 1.189903 4.665342 -1.881817
v 1.189903 4.665342 -1.901348
v 1.192284 1.804060 0.074009
v 1.194908 1.338095 0.074009
v 1.196709 4.624006 -1.881817
v 1.196709 4.624006 -1.901348
v 1.198601 1.603834 0.097645
v 1.199760 1.336531 0.061848
v 1.200157 1.802893 0.084538
v 1.201408 1.336066 0.048664
v 1.210594 1.801337 0.092579
v 1.211540 1.601492 0.099445
v 1.222679 1.799544 0.097645
v 1.224236 4.494673 -1.881817
v 1.224236 4.494673 -1.901348
v 1.224388 1.599234 0.097645
v 1.231194 4.537031 -1.881817
v 1.231194 4.537031 -1.901348
v 1.235619 1.797583 0.099445
v 1.236473 1.597128 0.092579
v 1.238365 4.594908 -1.881817
v 1.238365 4.594908 -1.901348
v 1.246788 1.595259 0.084538
v 1.248558 1.795714 0.097645
v 1.249138 2.171599 0.048664
v 1.250847 2.171286 0.061848
v 1.254662 1.593848 0.074009
v 1.255821 2.170424 0.074009
v 1.259666 1.592917 0.061848
v 1.260521 1.793921 0.092579
v 1.261467 1.592680 0.048664
v 1.263786 2.169028 0.084538
v 1.270958 1.792357 0.084538
v 1.274101 2.167151 0.092579
v 1.278831 1.791197 0.074009
v 1.283226 2.360121 0.048664
v 1.283928 1.790488 0.061848
v 1.284904 2.359656 0.061848
v 1.285545 1.790175 0.048664
v 1.286095 2.165045 0.097645
v 1.289757 2.358336 0.074009
v 1.297539 2.356146 0.084538
v 1.298882 2.162779 0.099445
v 1.307213 4.686171 -1.881817
v 1.307213 4.686171 -1.901348
v 1.307701 2.353338 0.092579
v 1.311913 2.160444 0.097645
v 1.319481 2.350058 0.097645
v 1.323845 2.158339 0.092579
v 1.332115 2.346396 0.099445
v 1.334221 2.156538 0.084538
v 1.335777 4.649336 -1.881817
v 1.335777 4.649336 -1.901348
v 1.341484 4.569166 -1.881817
v 1.341484 4.569166 -1.901348
v 1.342094 2.155134 0.074009
v 1.344841 2.342886 0.097645
v 1.347008 2.154204 0.061848
v 1.348503 2.529463 0.048664
v 1.348747 2.153967 0.048664
v 1.350060 2.528761 0.061848
v 1.354637 2.526732 0.074009
v 1.354820 4.662687 -1.881817
v 1.354820 4.662687 -1.901348
v 1.356621 2.339613 0.092579
v 1.361839 4.606367 -1.881817
v 1.361839 4.606367 -1.901348
v 1.361931 2.523299 0.084538
v 1.366753 2.336806 0.084538
v 1.368706 4.586088 -1.881817
v 1.368706 4.586088 -1.901348
v 1.371513 2.519011 0.092579
v 1.374565 2.334540 0.074009
v 1.379387 2.333136 0.061848
v 1.381004 2.332747 0.048664
v 1.382591 2.513945 0.097645
v 1.394585 2.508482 0.099445
v 1.406548 2.503096 0.097645
v 1.417686 2.498030 0.092579
v 1.419609 2.663862 0.048664
v 1.421135 2.663008 0.061848
v 1.425346 2.660338 0.074009
v 1.427177 2.493742 0.084538
v 1.432182 2.656065 0.084538
v 1.434532 2.490301 0.074009
v 1.439140 2.488280 0.061848
v 1.440697 2.487578 0.048664
v 1.441154 2.650679 0.092579
v 1.451530 2.644209 0.097645
v 1.462700 2.637266 0.099445
v 1.473839 2.630461 0.097645
v 1.484306 2.624083 0.092579
v 1.484306 3.094328 -1.901348
v 1.484306 4.314421 -1.901348
v 1.484306 3.132002 -1.940258
v 1.484306 4.314421 -1.940258
v 1.493279 2.618452 0.084538
v 1.500053 2.614317 0.074009
v 1.504326 2.611677 0.061848
v 1.505821 2.610731 0.048664
v 1.509972 2.790846 0.048664
v 1.511223 2.789747 0.061848
v 1.515099 2.786314 0.074009
v 1.521172 2.781080 0.084538
v 1.529137 2.774229 0.092579
v 1.538353 2.766203 0.097645
v 1.548332 2.757612 0.099445
v 1.551994 1.365004 0.048664
v 1.556358 3.438795 -1.940258
v 1.556358 4.140867 -1.940258
v 1.556358 3.669981 -2.096355
v 1.556358 4.140867 -2.096355
v 1.558311 2.749037 0.097645
v 1.560356 3.384733 -1.940258
v 1.560356 3.492995 -1.940258
v 1.560356 4.110518 -1.940258
v 1.560356 4.171125 -1.940258
v 1.560356 3.679182 -2.066082
v 1.560356 4.110518 -2.066082
v 1.560356 3.660628 -2.126598
v 1.560356 4.171125 -2.126598
v 1.567619 2.741072 0.092579
v 1.572044 3.334273 -1.940258
v 1.572044 3.543379 -1.940258
v 1.572044 4.082289 -1.940258
v 1.572044 4.199293 -1.940258
v 1.572044 3.687758 -2.037762
v 1.572044 4.082289 -2.037762
v 1.572044 3.652037 -2.154766
v 1.572044 4.199293 -2.154766
v 1.575493 2.734144 0.084538
v 1.581657 2.728834 0.074009
v 1.585533 2.725554 0.061848
v 1.586784 2.724379 0.048664
v 1.590202 4.055449 0.126743
v 1.590202 4.564161 0.126743
v 1.590202 3.977446 0.048664
v 1.590202 4.055449 0.048664
v 1.590202 4.564161 0.048664
v 1.590691 3.290907 -1.940258
v 1.590691 3.586684 -1.940258
v 1.590691 4.058180 -1.940258
v 1.590691 4.223555 -1.940258
v 1.590691 3.695174 -2.013500
v 1.590691 4.058180 -2.013500
v 1.590691 3.644636 -2.178997
v 1.590691 4.223555 -2.178997
v 1.614922 3.257750 -1.940258
v 1.614922 3.619902 -1.940258
v 1.614922 4.039534 -1.940258
v 1.614922 4.242186 -1.940258
v 1.614922 3.700941 -1.994946
v 1.614922 4.039534 -1.994946
v 1.614922 3.638853 -2.197674
v 1.614922 4.242186 -2.197674
v 1.637230 4.116209 0.165653
v 1.637230 4.523222 0.165653
v 1.637230 4.116209 0.126743
v 1.637230 4.523222 0.126743
v 1.643181 3.236845 -1.940258
v 1.643181 3.640806 -1.940258
v 1.643181 4.027845 -1.940258
v 1.643181 4.253813 -1.940258
v 1.643181 3.704527 -1.983227
v 1.643181 4.027845 -1.983227
v 1.643181 3.635344 -2.209362
v 1.643181 4.253813 -2.209362
v 1.649712 4.874922 0.048664
v 1.649712 5.011427 0.048664
v 1.649712 4.874922 -0.146328
v 1.649712 4.874922 -0.165829
v 1.649712 5.011427 -0.165829
v 1.649712 4.874922 -1.686840
v 1.649712 5.011427 -1.686840
v 1.649712 4.874922 -1.706280
v 1.649712 4.874922 -1.901348
v 1.649712 5.011427 -1.901348
v 1.657524 4.874922 0.048664
v 1.657524 4.991926 0.048664
v 1.657524 4.874922 -0.146328
v 1.657524 4.991926 -0.146328
v 1.657524 4.874922 -1.706280
v 1.657524 4.991926 -1.706280
v 1.657524 4.874922 -1.901348
v 1.657524 4.991926 -1.901348
v 1.665276 4.319715 0.165653
v 1.671257 4.274321 0.165653
v 1.671257 4.365202 0.165653
v 1.673363 3.229750 -1.940258
v 1.673363 3.647978 -1.940258
v 1.673363 4.023863 -1.940258
v 1.673363 4.257856 -1.940258
v 1.673363 3.705702 -1.979351
v 1.673363 4.023863 -1.979351
v 1.673363 3.634093 -2.213360
v 1.673363 4.257856 -2.213360
v 1.681023 4.319715 0.258793
v 1.686394 4.278379 0.258793
v 1.686394 4.361052 0.258793
v 1.688713 4.231886 0.165653
v 1.688713 4.407469 0.165653
v 1.702385 4.239851 0.258793
v 1.702385 4.399672 0.258793
v 1.703728 3.236845 -1.940258
v 1.703728 3.640806 -1.940258
v 1.703728 4.027845 -1.940258
v 1.703728 4.253813 -1.940258
v 1.703728 3.704527 -1.983227
v 1.703728 4.027845 -1.983227
v 1.703728 3.635344 -2.209362
v 1.703728 4.253813 -2.209362
v 1.716728 4.195631 0.165653
v 1.716728 4.443815 0.165653
v 1.726097 2.997847 0.048664
v 1.727409 2.996763 0.061848
v 1.727806 4.206694 0.258793
v 1.727806 4.432661 0.258793
v 1.731407 2.993651 0.074009
v 1.731926 3.257750 -1.940258
v 1.731926 3.619902 -1.940258
v 1.731926 4.039534 -1.940258
v 1.731926 4.242186 -1.940258
v 1.731926 3.700941 -1.994946
v 1.731926 4.039534 -1.994946
v 1.731926 3.638853 -2.197674
v 1.731926 4.242186 -2.197674
v 1.737785 2.988569 0.084538
v 1.745995 2.981947 0.092579
v 1.747704 4.319715 0.325565
v 1.750877 4.295607 0.325565
v 1.750877 4.343824 0.325565
v 1.753075 4.167692 0.165653
v 1.753075 4.471739 0.165653
v 1.755577 2.974211 0.097645
v 1.756218 3.290907 -1.940258
v 1.756218 3.586684 -1.940258
v 1.756218 4.058180 -1.940258
v 1.756218 4.223555 -1.940258
v 1.756218 3.695174 -2.013500
v 1.756218 4.058180 -2.013500
v 1.756218 3.644636 -2.178997
v 1.756218 4.223555 -2.178997
v 1.760185 4.273222 0.325565
v 1.760185 4.366285 0.325565
v 1.760887 4.181349 0.258793
v 1.760887 4.458082 0.258793
v 1.765953 2.965956 0.099445
v 1.774773 3.334273 -1.940258
v 1.774773 3.543379 -1.940258
v 1.774773 4.082289 -1.940258
v 1.774773 4.199293 -1.940258
v 1.774773 3.687758 -2.037762
v 1.774773 4.082289 -2.037762
v 1.774773 3.652037 -2.154766
v 1.774773 4.199293 -2.154766
v 1.775017 4.253965 0.325565
v 1.775017 4.385542 0.325565
v 1.776268 2.957762 0.097645
v 1.785759 2.950117 0.092579
v 1.786461 3.384733 -1.940258
v 1.786461 3.492995 -1.940258
v 1.786461 4.110518 -1.940258
v 1.786461 4.171125 -1.940258
v 1.786461 3.679182 -2.066082
v 1.786461 4.110518 -2.066082
v 1.786461 3.660628 -2.126598
v 1.786461 4.171125 -2.126598
v 1.790367 3.438795 -1.940258
v 1.790367 4.140867 -1.940258
v 1.790367 3.669981 -2.096355
v 1.790367 4.140867 -2.096355
v 1.794029 2.943495 0.084538
v 1.794273 4.239149 0.325565
v 1.794273 4.400373 0.325565
v 1.795341 4.150221 0.165653
v 1.795341 4.489286 0.165653
v 1.795830 3.113600 0.048664
v 1.797386 3.112822 0.061848
v 1.799431 4.165434 0.258793
v 1.799431 4.474073 0.258793
v 1.800407 2.938414 0.074009
v 1.801994 3.110640 0.074009
v 1.804405 2.935210 0.061848
v 1.805717 2.934126 0.048664
v 1.809166 3.107130 0.084538
v 1.816643 4.229856 0.325565
v 1.816643 4.409575 0.325565
v 1.818596 3.102522 0.092579
v 1.829765 3.097151 0.097645
v 1.836235 3.221632 0.048664
v 1.837883 3.221159 0.061848
v 1.840843 4.319715 0.341236
v 1.840843 4.226667 0.325565
v 1.840843 4.412840 0.325565
v 1.840843 4.159971 0.258793
v 1.840843 4.479536 0.258793
v 1.840843 4.144285 0.165653
v 1.840843 4.495207 0.165653
v 1.841545 3.091536 0.099445
v 1.842766 3.219832 0.074009
v 1.850578 3.217573 0.084538
v 1.852531 1.320776 -2.241894
v 1.853386 3.085753 0.097645
v 1.860710 3.214689 0.092579
v 1.864372 3.080443 0.092579
v 1.864861 4.229856 0.325565
v 1.864861 4.409575 0.325565
v 1.872429 3.211333 0.097645
v 1.872795 3.402037 0.048664
v 1.873833 3.075850 0.084538
v 1.874535 3.401900 0.061848
v 1.875237 5.069990 -0.536251
v 1.875237 5.108931 -0.536251
v 1.875237 5.069990 -1.316265
v 1.875237 5.108931 -1.316265
v 1.879509 3.401274 0.074009
v 1.881157 3.072340 0.074009
v 1.882072 4.165434 0.258793
v 1.882072 4.474073 0.258793
v 1.885063 3.207670 0.099445
v 1.885765 3.070158 0.061848
v 1.886223 4.150221 0.165653
v 1.886223 4.489286 0.165653
v 1.887321 4.239149 0.325565
v 1.887321 4.400373 0.325565
v 1.887321 3.069380 0.048664
v 1.887474 3.400252 0.084538
v 1.888481 3.711394 0.048664
v 1.890129 3.711165 0.061848
v 1.892082 3.977446 0.048664
v 1.892540 3.986265 0.057468
v 1.892784 3.990645 0.061848
v 1.895195 3.710844 0.074009
v 1.895897 3.999525 0.070744
v 1.896996 4.002806 0.074009
v 1.897606 3.204008 0.097645
v 1.897942 3.398924 0.092579
v 1.900871 3.854918 0.048664
v 1.902611 3.854918 0.061848
v 1.902763 4.011076 0.082279
v 1.903252 3.710310 0.084538
v 1.904228 4.013258 0.084538
v 1.906578 4.253965 0.325565
v 1.906578 4.385542 0.325565
v 1.907677 3.854841 0.074009
v 1.909386 3.200728 0.092579
v 1.910118 3.397368 0.097645
v 1.912590 4.019972 0.091251
v 1.913689 3.709608 0.092579
v 1.914238 4.021376 0.092579
v 1.915703 3.854841 0.084538
v 1.919548 3.197767 0.084538
v 1.920708 4.181349 0.258793
v 1.920708 4.458082 0.258793
v 1.921410 4.273222 0.325565
v 1.921410 4.366285 0.325565
v 1.923119 3.395720 0.099445
v 1.924370 4.025649 0.096943
v 1.925865 3.708739 0.097645
v 1.926079 4.026442 0.097645
v 1.926262 3.854750 0.092579
v 1.927238 3.195585 0.074009
v 1.928520 4.167692 0.165653
v 1.928520 4.471739 0.165653
v 1.930595 4.295607 0.325565
v 1.930595 4.343824 0.325565
v 1.932091 3.194182 0.061848
v 1.932854 3.438795 -1.940258
v 1.932854 4.140867 -1.940258
v 1.932854 3.669981 -2.096355
v 1.932854 4.140867 -2.096355
v 1.933708 3.193709 0.048664
v 1.933891 4.319715 0.325565
v 1.936089 3.394179 0.097645
v 1.936852 3.384733 -1.940258
v 1.936852 3.492995 -1.940258
v 1.936852 4.110518 -1.940258
v 1.936852 4.171125 -1.940258
v 1.936852 3.679182 -2.066082
v 1.936852 4.110518 -2.066082
v 1.936852 3.660628 -2.126598
v 1.936852 4.171125 -2.126598
v 1.937340 4.027922 0.099201
v 1.938560 3.854689 0.097645
v 1.938957 3.707884 0.099445
v 1.939110 4.028151 0.099445
v 1.942924 5.108931 -0.668636
v 1.942924 5.225935 -0.668636
v 1.942924 5.108931 -0.963467
v 1.942924 5.225935 -0.963467
v 1.946831 5.108931 -0.638683
v 1.946831 5.225935 -0.638683
v 1.946831 5.108931 -0.698666
v 1.946831 5.225935 -0.698666
v 1.946831 5.108931 -0.933437
v 1.946831 5.225935 -0.933437
v 1.946831 5.108931 -0.993496
v 1.946831 5.225935 -0.993496
v 1.948235 3.392607 0.092579
v 1.948570 3.334273 -1.940258
v 1.948570 3.543379 -1.940258
v 1.948570 4.082289 -1.940258
v 1.948570 4.199293 -1.940258
v 1.948570 3.687758 -2.037762
v 1.948570 4.082289 -2.037762
v 1.948570 3.652037 -2.154766
v 1.948570 4.199293 -2.154766
v 1.950401 4.026671 0.097950
v 1.951591 3.854536 0.099445
v 1.951988 3.706953 0.097645
v 1.952293 4.026442 0.097645
v 1.953697 4.206694 0.258793
v 1.953697 4.432661 0.258793
v 1.958366 5.108931 -0.610668
v 1.958366 5.225935 -0.610668
v 1.958366 5.108931 -0.726665
v 1.958366 5.225935 -0.726665
v 1.958366 5.108931 -0.905437
v 1.958366 5.225935 -0.905437
v 1.958366 5.108931 -1.021496
v 1.958366 5.225935 -1.021496
v 1.958672 3.391356 0.084538
v 1.962883 4.022231 0.093433
v 1.964165 3.706099 0.092579
v 1.964684 3.854445 0.097645
v 1.964867 4.195631 0.165653
v 1.964867 4.443815 0.165653
v 1.964928 4.021376 0.092579
v 1.966667 3.390272 0.074009
v 1.967186 3.290907 -1.940258
v 1.967186 3.586684 -1.940258
v 1.967186 4.058180 -1.940258
v 1.967186 4.223555 -1.940258
v 1.967186 3.695174 -2.013500
v 1.967186 4.058180 -2.013500
v 1.967186 3.644636 -2.178997
v 1.967186 4.223555 -2.178997
v 1.971733 3.389723 0.061848
v 1.973412 3.389418 0.048664
v 1.973808 4.014891 0.086170
v 1.974602 3.705382 0.084538
v 1.976067 4.013258 0.084538
v 1.976768 5.108931 -0.586651
v 1.976768 5.225935 -0.586651
v 1.976768 5.108931 -0.750683
v 1.976768 5.225935 -0.750683
v 1.976768 5.108931 -0.881481
v 1.976768 5.225935 -0.881481
v 1.976768 5.108931 -1.045452
v 1.976768 5.225935 -1.045452
v 1.977013 3.854368 0.092579
v 1.977959 4.010985 0.082203
v 1.979118 4.239851 0.258793
v 1.979118 4.399672 0.258793
v 1.982536 3.704848 0.074009
v 1.984825 4.002806 0.074009
v 1.986443 3.999373 0.070576
v 1.987572 3.854292 0.084538
v 1.987633 3.704527 0.061848
v 1.987846 3.996565 0.067768
v 1.989342 3.704375 0.048664
v 1.990746 3.990645 0.061848
v 1.991142 3.988539 0.059727
v 1.991447 3.257750 -1.940258
v 1.991447 3.619902 -1.940258
v 1.991447 4.039534 -1.940258
v 1.991447 4.242186 -1.940258
v 1.991447 3.700941 -1.994946
v 1.991447 4.039534 -1.994946
v 1.991447 3.638853 -2.197674
v 1.991447 4.242186 -2.197674
v 1.991692 3.986113 0.057316
v 1.992760 4.231886 0.165653
v 1.992760 4.407469 0.165653
v 1.993462 3.977446 0.048664
v 1.995110 4.278379 0.258793
v 1.995110 4.361052 0.258793
v 1.995506 3.854292 0.074009
v 2.000572 4.319715 0.258793
v 2.000572 3.854140 0.061848
v 2.000908 5.108931 -0.568249
v 2.000908 5.225935 -0.568249
v 2.000908 5.108931 -0.769100
v 2.000908 5.225935 -0.769100
v 2.000908 5.108931 -0.863003
v 2.000908 5.225935 -0.863003
v 2.000908 5.108931 -1.063854
v 2.000908 5.225935 -1.063854
v 2.002373 3.854140 0.048664
v 2.010307 4.274321 0.165653
v 2.010307 4.365202 0.165653
v 2.016258 4.319715 0.165653
v 2.019585 3.236845 -1.940258
v 2.019585 3.640806 -1.940258
v 2.019585 4.027845 -1.940258
v 2.019585 4.253813 -1.940258
v 2.019585 3.704527 -1.983227
v 2.019585 4.027845 -1.983227
v 2.019585 3.635344 -2.209362
v 2.019585 4.253813 -2.209362
v 2.028801 5.108931 -0.556622
v 2.028801 5.225935 -0.556622
v 2.028801 5.108931 -0.780712
v 2.028801 5.225935 -0.780712
v 2.028801 5.108931 -0.851528
v 2.028801 5.225935 -0.851528
v 2.028801 5.108931 -1.075481
v 2.028801 5.225935 -1.075481
v 2.029961 2.209975 -2.189068
v 2.029961 2.210600 -2.208599
v 2.044334 4.116209 0.165653
v 2.044334 4.523222 0.165653
v 2.044334 4.116209 0.126743
v 2.044334 4.523222 0.126743
v 2.047539 4.874922 0.048664
v 2.047539 4.991926 0.048664
v 2.047539 4.874922 -0.146328
v 2.047539 4.991926 -0.146328
v 2.047539 4.874922 -1.706280
v 2.047539 4.991926 -1.706280
v 2.047539 4.874922 -1.901348
v 2.047539 4.991926 -1.901348
v 2.049858 3.229750 -1.940258
v 2.049858 3.647978 -1.940258
v 2.049858 4.023863 -1.940258
v 2.049858 4.257856 -1.940258
v 2.049858 3.705702 -1.979351
v 2.049858 4.023863 -1.979351
v 2.049858 3.634093 -2.213360
v 2.049858 4.257856 -2.213360
v 2.055321 4.874922 0.048664
v 2.055321 5.011427 0.048664
v 2.055321 4.874922 -0.146328
v 2.055321 4.874922 -0.165829
v 2.055321 5.011427 -0.165829
v 2.055321 4.874922 -1.686840
v 2.055321 5.011427 -1.686840
v 2.055321 4.874922 -1.706280
v 2.055321 4.874922 -1.901348
v 2.055321 5.011427 -1.901348
v 2.058861 5.108931 -0.552715
v 2.058861 5.225935 -0.552715
v 2.058861 5.108931 -0.784679
v 2.058861 5.225935 -0.784679
v 2.058861 5.108931 -0.847485
v 2.058861 5.225935 -0.847485
v 2.058861 5.108931 -1.079449
v 2.058861 5.225935 -1.079449
v 2.059563 2.149291 -2.191357
v 2.059563 2.149916 -2.210766
v 2.073357 2.277915 -2.186443
v 2.073357 2.278616 -2.205914
v 2.073662 2.130179 -2.191967
v 2.073662 2.130965 -2.211468
v 2.078819 2.301939 -2.185589
v 2.078819 2.302565 -2.205059
v 2.080132 3.236845 -1.940258
v 2.080132 3.640806 -1.940258
v 2.080132 4.027845 -1.940258
v 2.080132 4.253813 -1.940258
v 2.080132 3.704527 -1.983227
v 2.080132 4.027845 -1.983227
v 2.080132 3.635344 -2.209362
v 2.080132 4.253813 -2.209362
v 2.088860 5.108931 -0.556622
v 2.088860 5.225935 -0.556622
v 2.088860 5.108931 -0.780712
v 2.088860 5.225935 -0.780712
v 2.088860 5.108931 -0.851528
v 2.088860 5.225935 -0.851528
v 2.088860 5.108931 -1.075481
v 2.088860 5.225935 -1.075481
v 2.099541 2.142821 -2.191479
v 2.099541 2.143591 -2.211010
v 2.101891 4.250135 0.158558
v 2.101891 4.439222 0.158558
v 2.101891 4.250135 0.126743
v 2.101891 4.439222 0.126743
v 2.104179 4.233381 0.158558
v 2.104179 4.266920 0.158558
v 2.104179 4.422438 0.158558
v 2.104179 4.456068 0.158558
v 2.104179 4.233381 0.126743
v 2.104179 4.266920 0.126743
v 2.104179 4.422438 0.126743
v 2.104179 4.456068 0.126743
v 2.108452 3.257750 -1.940258
v 2.108452 3.619902 -1.940258
v 2.108452 4.039534 -1.940258
v 2.108452 4.242186 -1.940258
v 2.108452 3.700941 -1.994946
v 2.108452 4.039534 -1.994946
v 2.108452 3.638853 -2.197674
v 2.108452 4.242186 -2.197674
v 2.110558 4.217695 0.158558
v 2.110558 4.282591 0.158558
v 2.110558 4.406843 0.158558
v 2.110558 4.471663 0.158558
v 2.110558 4.217695 0.126743
v 2.110558 4.282591 0.126743
v 2.110558 4.406843 0.126743
v 2.110558 4.471663 0.126743
v 2.116814 5.108931 -0.568249
v 2.116814 5.225935 -0.568249
v 2.116814 5.108931 -0.769100
v 2.116814 5.225935 -0.769100
v 2.116814 5.108931 -0.863003
v 2.116814 5.225935 -0.863003
v 2.116814 5.108931 -1.063854
v 2.116814 5.225935 -1.063854
v 2.120872 4.204268 0.158558
v 2.120872 4.296003 0.158558
v 2.120872 4.393431 0.158558
v 2.120872 4.485075 0.158558
v 2.120872 4.204268 0.126743
v 2.120872 4.296003 0.126743
v 2.120872 4.393431 0.126743
v 2.120872 4.485075 0.126743
v 2.130608 2.315123 -2.185101
v 2.130608 2.315817 -2.204510
v 2.132561 3.290907 -1.940258
v 2.132561 3.586684 -1.940258
v 2.132561 4.058180 -1.940258
v 2.132561 4.223555 -1.940258
v 2.132561 3.695174 -2.013500
v 2.132561 4.058180 -2.013500
v 2.132561 3.644636 -2.178997
v 2.132561 4.223555 -2.178997
v 2.134361 4.193907 0.158558
v 2.134361 4.306379 0.158558
v 2.134361 4.383131 0.158558
v 2.134361 4.495451 0.158558
v 2.134361 4.193907 0.126743
v 2.134361 4.306379 0.126743
v 2.134361 4.383131 0.126743
v 2.134361 4.495451 0.126743
v 2.137230 2.181426 -2.190166
v 2.137230 2.182051 -2.209576
v 2.140800 5.108931 -0.586651
v 2.140800 5.225935 -0.586651
v 2.140800 5.108931 -0.750683
v 2.140800 5.225935 -0.750683
v 2.140800 5.108931 -0.881481
v 2.140800 5.225935 -0.881481
v 2.140800 5.108931 -1.045452
v 2.140800 5.225935 -1.045452
v 2.142632 2.205451 -2.189159
v 2.142632 2.206152 -2.208660
v 2.149925 4.187498 0.158558
v 2.149925 4.312773 0.158558
v 2.149925 4.376570 0.158558
v 2.149925 4.501921 0.158558
v 2.149925 4.187498 0.126743
v 2.149925 4.312773 0.126743
v 2.149925 4.376570 0.126743
v 2.149925 4.501921 0.126743
v 2.151176 3.334273 -1.940258
v 2.151176 3.543379 -1.940258
v 2.151176 4.082289 -1.940258
v 2.151176 4.199293 -1.940258
v 2.151176 3.687758 -2.037762
v 2.151176 4.082289 -2.037762
v 2.151176 3.652037 -2.154766
v 2.151176 4.199293 -2.154766
v 2.159233 5.108931 -0.610668
v 2.159233 5.225935 -0.610668
v 2.159233 5.108931 -0.726665
v 2.159233 5.225935 -0.726665
v 2.159233 5.108931 -0.905437
v 2.159233 5.225935 -0.905437
v 2.159233 5.108931 -1.021496
v 2.159233 5.225935 -1.021496
v 2.159782 2.255133 -2.187298
v 2.159782 2.255835 -2.206768
v 2.161980 2.339918 -2.184185
v 2.161980 2.340704 -2.203655
v 2.162895 3.384733 -1.940258
v 2.162895 3.492995 -1.940258
v 2.162895 4.110518 -1.940258
v 2.162895 4.171125 -1.940258
v 2.162895 3.679182 -2.066082
v 2.162895 4.110518 -2.066082
v 2.162895 3.660628 -2.126598
v 2.162895 4.171125 -2.126598
v 2.166801 4.185255 0.158558
v 2.166801 4.315046 0.158558
v 2.166801 4.374464 0.158558
v 2.166801 4.504103 0.158558
v 2.166801 4.185255 0.126743
v 2.166801 4.315046 0.126743
v 2.166801 4.374464 0.126743
v 2.166801 4.504103 0.126743
v 2.166862 3.438795 -1.940258
v 2.166862 4.140867 -1.940258
v 2.166862 3.669981 -2.096355
v 2.166862 4.140867 -2.096355
v 2.170830 5.108931 -0.638683
v 2.170830 5.225935 -0.638683
v 2.170830 5.108931 -0.698666
v 2.170830 5.225935 -0.698666
v 2.170830 5.108931 -0.933437
v 2.170830 5.225935 -0.933437
v 2.170830 5.108931 -0.993496
v 2.170830 5.225935 -0.993496
v 2.174828 5.108931 -0.668636
v 2.174828 5.225935 -0.668636
v 2.174828 5.108931 -0.963467
v 2.174828 5.225935 -0.963467
v 2.183464 4.187498 0.158558
v 2.183464 4.312773 0.158558
v 2.183464 4.376570 0.158558
v 2.183464 4.501921 0.158558
v 2.183464 4.187498 0.126743
v 2.183464 4.312773 0.126743
v 2.183464 4.376570 0.126743
v 2.183464 4.501921 0.126743
v 2.185204 2.267302 -2.186840
v 2.185204 2.268080 -2.206402
v 2.199242 4.193907 0.158558
v 2.199242 4.306379 0.158558
v 2.199242 4.383131 0.158558
v 2.199242 4.495451 0.158558
v 2.199242 4.193907 0.126743
v 2.199242 4.306379 0.126743
v 2.199242 4.383131 0.126743
v 2.199242 4.495451 0.126743
v 2.201836 2.322066 -2.184795
v 2.201836 2.322836 -2.204388
v 2.209312 2.301619 -2.185589
v 2.209312 2.302405 -2.205059
v 2.210472 2.279471 -2.186443
v 2.210472 2.280257 -2.205914
v 2.212669 4.204268 0.158558
v 2.212669 4.296003 0.158558
v 2.212669 4.393431 0.158558
v 2.212669 4.485075 0.158558
v 2.212669 4.204268 0.126743
v 2.212669 4.296003 0.126743
v 2.212669 4.393431 0.126743
v 2.212669 4.485075 0.126743
v 2.222862 4.217695 0.158558
v 2.222862 4.282591 0.158558
v 2.222862 4.406843 0.158558
v 2.222862 4.471663 0.158558
v 2.222862 4.217695 0.126743
v 2.222862 4.282591 0.126743
v 2.222862 4.406843 0.126743
v 2.222862 4.471663 0.126743
v 2.229424 4.233381 0.158558
v 2.229424 4.266920 0.158558
v 2.229424 4.422438 0.158558
v 2.229424 4.456068 0.158558
v 2.229424 4.233381 0.126743
v 2.229424 4.266920 0.126743
v 2.229424 4.422438 0.126743
v 2.229424 4.456068 0.126743
v 2.231621 4.250135 0.158558
v 2.231621 4.439222 0.158558
v 2.231621 4.250135 0.126743
v 2.231621 4.439222 0.126743
v 2.238396 3.094328 -1.901348
v 2.238396 4.314421 -1.901348
v 2.238396 3.132002 -1.940258
v 2.238396 4.314421 -1.940258
v 2.242455 0.000000 0.438740
v 2.242455 1.324827 0.344044
v 2.242455 2.649733 0.249424
v 2.242455 1.324827 0.149052
v 2.242455 0.000000 0.048664
v 2.242455 1.364928 0.048664
v 2.242455 2.729933 0.048664
v 2.242455 5.069990 -0.536251
v 2.242455 5.108931 -0.536251
v 2.242455 5.069990 -1.316265
v 2.242455 5.108931 -1.316265
v 2.284050 4.055449 0.126743
v 2.284050 4.564161 0.126743
v 2.284050 3.977446 0.048664
v 2.284050 4.055449 0.048664
v 2.284050 4.564161 0.048664
v 2.291283 3.582304 0.048664
v 2.291283 3.582304 0.029163
v 2.312828 3.607741 0.048664
v 2.312828 3.607741 0.029163
v 2.319603 3.604536 0.048664
v 2.319603 3.604536 0.029163
v 2.320305 3.629347 0.048664
v 2.320305 3.629347 0.029163
v 2.339409 3.564909 0.048664
v 2.339409 3.564909 0.029163
v 2.340263 3.599867 0.048664
v 2.340263 3.599867 0.029163
v 2.362572 3.669508 0.048664
v 2.362572 3.669508 0.029163
v 2.379570 3.520842 0.048664
v 2.379570 3.520842 0.029163
v 2.437431 1.324827 0.344044
v 2.444389 3.689955 0.048664
v 2.444389 3.689955 0.029163
v 2.450401 3.652495 0.048664
v 2.450401 3.652495 0.029163
v 2.454613 3.511091 0.048664
v 2.454613 3.511091 0.029163
v 2.476860 3.625044 0.048664
v 2.476860 3.625044 0.029163
v 2.502251 3.538634 0.048664
v 2.502251 3.538634 0.029163
v 2.516289 3.581602 0.048664
v 2.516289 3.581602 0.029163
v 2.613029 4.874922 -0.723537
v 2.613029 5.011427 -0.723537
v 2.613029 4.874922 -1.129131
v 2.613029 5.011427 -1.129131
v 2.632530 0.000000 0.438740
v 2.632530 1.324827 0.344044
v 2.632530 2.649733 0.249424
v 2.632530 1.324827 0.149052
v 2.632530 0.000000 0.048664
v 2.632530 1.364928 0.048664
v 2.632530 2.729933 0.048664
v 2.632530 4.874922 -0.723537
v 2.632530 4.874922 -0.731335
v 2.632530 4.991926 -0.731335
v 2.632530 4.874922 -1.121319
v 2.632530 4.991926 -1.121319
v 2.632530 4.874922 -1.129131
v 2.632530 0.000000 -1.901348
v 2.632530 1.364928 -1.901348
v 2.632530 2.729933 -1.901348
v 2.632530 1.364928 -2.096264
v 2.632530 2.641478 -2.192364
v 2.632530 1.320693 -2.241802
v 2.632530 0.000000 -2.291241
v 2.671532 1.218748 0.048664
v 2.710442 1.364928 -1.901348
v 2.710533 2.437498 0.048664
v 2.749443 1.218748 0.048664
v 2.749443 3.656248 0.048664
v 2.788445 0.000000 0.048664
v 2.788445 1.218748 0.048664
v 2.788445 2.437498 0.048664
v 2.788445 3.656248 0.048664
v 2.788445 4.874922 0.048664
v 2.788445 5.069990 0.048664
v 2.788445 0.000000 -1.901348
v 2.788445 1.218749 -1.901348
v 2.788445 2.437498 -1.901348
v 2.788445 3.656248 -1.901348
v 2.788445 4.874922 -1.901348
v 2.788445 5.069990 -1.901348
v 2.792198 1.218748 0.047962
v 2.792198 3.656248 0.047962
v 2.792198 1.218749 -1.900555
v 2.792198 3.656248 -1.900555
v 2.795952 2.437498 0.047169
v 2.795952 2.437498 -1.899853
v 2.799706 1.218748 0.046482
v 2.799706 3.656248 0.046482
v 2.799706 1.218749 -1.899090
v 2.799706 3.656248 -1.899090
v 2.803429 0.000000 0.045780
v 2.803429 1.218748 0.045780
v 2.803429 2.437498 0.045780
v 2.803429 3.656248 0.045780
v 2.803429 4.874922 0.045780
v 2.803429 5.069990 0.045780
v 2.803429 0.000000 -1.898296
v 2.803429 1.218749 -1.898296
v 2.803429 2.437498 -1.898296
v 2.803429 3.656248 -1.898296
v 2.803429 4.874922 -1.898296
v 2.803429 5.069990 -1.898296
v 2.806633 1.218748 0.043583
v 2.806633 3.656248 0.043583
v 2.806633 1.218749 -1.896191
v 2.806633 3.656248 -1.896191
v 2.808037 2.397871 -0.528225
v 2.808037 2.438360 -0.541714
v 2.808037 2.450056 -0.601635
v 2.808037 2.256384 -0.625332
v 2.808037 2.479697 -0.707546
v 2.808037 2.566893 -0.718624
v 2.808037 2.520491 -0.720959
v 2.808037 2.642958 -0.776577
v 2.808037 2.144217 -0.835155
v 2.808037 2.106077 -0.885693
v 2.808037 2.355444 -0.887264
v 2.808037 2.394369 -0.908947
v 2.808037 2.601759 -0.912380
v 2.808037 2.303961 -0.930630
v 2.808037 2.433287 -0.946774
v 2.808037 2.481177 -0.959957
v 2.808037 2.057951 -1.053234
v 2.808037 2.228850 -1.066601
v 2.808037 2.122381 -1.107372
v 2.808037 1.947111 -1.145275
v 2.808037 1.960997 -1.204174
v 2.808037 1.998282 -1.235668
v 2.808037 1.972540 -1.237713
v 2.808037 4.502699 -1.368755
v 2.808037 4.404814 -1.369915
v 2.808037 4.540693 -1.375774
v 2.808037 4.363401 -1.384502
v 2.808037 4.582106 -1.393719
v 2.808037 4.459883 -1.399487
v 2.808037 4.478682 -1.405560
v 2.808037 4.622755 -1.416973
v 2.808037 4.545225 -1.419231
v 2.808037 4.326429 -1.437725
v 2.808037 4.632185 -1.460552
v 2.808037 4.521498 -1.494488
v 2.808037 4.500669 -1.504803
v 2.808037 4.387022 -1.506176
v 2.808037 4.205519 -1.510967
v 2.808037 4.245863 -1.512432
v 2.808037 4.425093 -1.518597
v 2.808037 4.463087 -1.530926
v 2.808037 4.648329 -1.531841
v 2.808037 4.540617 -1.539104
v 2.808037 4.346479 -1.549236
v 2.808037 4.207716 -1.567181
v 2.808037 4.550062 -1.583569
v 2.808037 4.304655 -1.598370
v 2.808037 4.263548 -1.602764
v 2.808037 4.615034 -1.613201
v 2.808037 4.530775 -1.621868
v 2.808037 4.563154 -1.639477
v 2.809746 2.437498 0.041477
v 2.809746 2.437498 -1.894085
v 2.812950 1.218748 0.039387
v 2.812950 3.656248 0.039387
v 2.812950 1.218749 -1.891979
v 2.812950 3.656248 -1.891979
v 2.816124 0.000000 0.037281
v 2.816124 1.218748 0.037281
v 2.816124 2.437498 0.037281
v 2.816124 3.656248 0.037281
v 2.816124 4.874922 0.037281
v 2.816124 5.069990 0.037281
v 2.816124 0.000000 -1.889965
v 2.816124 1.218749 -1.889965
v 2.816124 2.437498 -1.889965
v 2.816124 3.656248 -1.889965
v 2.816124 4.874922 -1.889965
v 2.816124 5.069990 -1.889965
v 2.818169 1.218748 0.034153
v 2.818169 3.656248 0.034153
v 2.818169 1.218749 -1.886730
v 2.818169 3.656248 -1.886730
v 2.820274 2.437498 0.030949
v 2.820274 2.437498 -1.883556
v 2.822380 1.218748 0.027760
v 2.822380 3.656248 0.027760
v 2.822380 1.218749 -1.880413
v 2.822380 3.656248 -1.880413
v 2.824486 0.000000 0.024647
v 2.824486 1.218748 0.024647
v 2.824486 2.437498 0.024647
v 2.824486 3.656248 0.024647
v 2.824486 4.874922 0.024647
v 2.824486 5.069990 0.024647
v 2.824486 0.000000 -1.877239
v 2.824486 1.218749 -1.877239
v 2.824486 2.437498 -1.877239
v 2.824486 3.656248 -1.877239
v 2.824486 4.874922 -1.877239
v 2.824486 5.069990 -1.877239
v 2.825249 1.218748 0.020893
v 2.825249 3.656248 0.020893
v 2.825249 1.218749 -1.873486
v 2.825249 3.656248 -1.873486
v 2.826042 2.437498 0.017155
v 2.826042 2.437498 -1.869762
v 2.826744 1.218748 0.013416
v 2.826744 3.656248 0.013416
v 2.826744 1.218749 -1.866009
v 2.826744 3.656248 -1.866009
v 2.827538 0.000000 0.009739
v 2.827538 1.218748 0.009739
v 2.827538 2.437498 0.009739
v 2.827538 3.656248 0.009739
v 2.827538 4.874922 0.009739
v 2.827538 5.069990 0.009739
v 2.827538 1.198939 -0.259212
v 2.827538 3.636427 -0.259212
v 2.827538 2.397871 -0.528225
v 2.827538 2.438360 -0.541714
v 2.827538 2.450056 -0.601635
v 2.827538 2.256384 -0.625332
v 2.827538 3.636427 -0.625881
v 2.827538 3.656645 -0.632595
v 2.827538 3.662489 -0.662548
v 2.827538 2.479697 -0.707546
v 2.827538 3.677305 -0.715496
v 2.827538 2.566893 -0.718624
v 2.827538 2.520491 -0.720959
v 2.827538 4.874922 -0.723537
v 2.827538 5.011427 -0.723537
v 2.827538 4.874922 -0.731335
v 2.827538 4.991926 -0.731335
v 2.827538 2.642958 -0.776577
v 2.827538 2.144217 -0.835155
v 2.827538 2.106077 -0.885693
v 2.827538 2.355444 -0.887264
v 2.827538 2.394369 -0.908947
v 2.827538 2.601759 -0.912380
v 2.827538 1.198939 -0.922207
v 2.827538 2.303961 -0.930630
v 2.827538 2.433287 -0.946774
v 2.827538 3.817473 -0.948956
v 2.827538 2.481177 -0.959957
v 2.827538 3.796797 -1.016888
v 2.827538 3.736510 -1.040600
v 2.827538 2.057951 -1.053234
v 2.827538 2.228850 -1.066601
v 2.827538 3.610380 -1.093945
v 2.827538 2.122381 -1.107372
v 2.827538 3.498686 -1.114391
v 2.827538 3.557188 -1.114391
v 2.827538 4.874922 -1.121319
v 2.827538 4.991926 -1.121319
v 2.827538 4.874922 -1.129131
v 2.827538 5.011427 -1.129131
v 2.827538 1.947111 -1.145275
v 2.827538 3.436598 -1.178509
v 2.827538 3.436598 -1.182415
v 2.827538 1.960997 -1.204174
v 2.827538 1.998282 -1.235668
v 2.827538 1.972540 -1.237713
v 2.827538 3.250487 -1.302227
v 2.827538 3.237623 -1.303234
v 2.827538 0.000000 -1.316265
v 2.827538 1.206427 -1.316265
v 2.827538 2.412848 -1.316265
v 2.827538 4.502699 -1.368755
v 2.827538 4.404814 -1.369915
v 2.827538 4.540693 -1.375774
v 2.827538 4.363401 -1.384502
v 2.827538 4.582106 -1.393719
v 2.827538 4.459883 -1.399487
v 2.827538 4.478682 -1.405560
v 2.827538 4.622755 -1.416973
v 2.827538 4.545225 -1.419231
v 2.827538 4.326429 -1.437725
v 2.827538 4.632185 -1.460552
v 2.827538 4.521498 -1.494488
v 2.827538 4.500669 -1.504803
v 2.827538 4.387022 -1.506176
v 2.827538 4.205519 -1.510967
v 2.827538 4.245863 -1.512432
v 2.827538 4.425093 -1.518597
v 2.827538 4.463087 -1.530926
v 2.827538 4.648329 -1.531841
v 2.827538 4.540617 -1.539104
v 2.827538 4.346479 -1.549236
v 2.827538 4.207716 -1.567181
v 2.827538 4.550062 -1.583569
v 2.827538 4.304655 -1.598370
v 2.827538 4.263548 -1.602764
v 2.827538 4.615034 -1.613201
v 2.827538 4.530775 -1.621868
v 2.827538 4.563154 -1.639477
v 2.827538 0.000000 -1.706280
v 2.827538 1.206427 -1.706280
v 2.827538 2.412848 -1.706280
v 2.827538 1.206427 -1.784283
v 2.827538 3.643919 -1.784283
v 2.827538 0.000000 -1.862255
v 2.827538 1.218749 -1.862255
v 2.827538 2.437498 -1.862255
v 2.827538 3.656248 -1.862255
v 2.827538 4.874922 -1.862255
v 2.827538 5.069990 -1.862255
v 3.119957 1.206427 -1.706280
v 3.130730 2.323935 -1.316265
v 3.130730 2.323935 -1.706280
v 3.271599 1.161967 -1.511272
v 3.412468 0.000000 -1.316265
v 3.412468 0.000000 -1.706280
vt 0.371650 0.462393
vt 0.371187 0.546722
vt 0.372113 0.546722
vt 0.372113 0.378059
vt 0.372113 0.341911
vt 0.371188 0.378059
vt 0.371188 0.341911
vt 0.230244 0.540794
vt 0.318718 0.534482
vt 0.225680 0.540602
vt 0.014582 0.320828
vt 0.014582 0.396126
vt 0.024215 0.378059
vt 0.251916 0.546722
vt 0.327844 0.534867
vt 0.270238 0.531036
vt 0.132644 0.546722
vt 0.084453 0.245535
vt 0.084453 0.238306
vt 0.060357 0.245535
vt 0.310188 0.533508
vt 0.287418 0.396073
vt 0.265651 0.378059
vt 0.265169 0.378059
vt 0.203643 0.414087
vt 0.251916 0.378059
vt 0.335319 0.532559
vt 0.120596 0.378059
vt 0.095155 0.355545
vt 0.325310 0.469154
vt 0.302217 0.414087
vt 0.251916 0.341911
vt 0.240591 0.369621
vt 0.014582 0.245535
vt 0.103155 0.258647
vt 0.106097 0.257197
vt 0.104332 0.259472
vt 0.059876 0.245535
vt 0.059876 0.237101
vt 0.019401 0.462393
vt 0.095155 0.280164
vt 0.113825 0.270493
vt 0.048566 0.280164
vt 0.084936 0.245535
vt 0.130240 0.245535
vt 0.113344 0.258483
vt 0.102722 0.262127
vt 0.102298 0.263380
vt 0.103979 0.264425
vt 0.110793 0.266411
vt 0.116408 0.266073
vt 0.112924 0.261037
vt 0.111223 0.269028
vt 0.048565 0.355545
vt 0.265169 0.370831
vt 0.241078 0.378059
vt 0.014582 0.546722
vt 0.024215 0.546722
vt 0.116855 0.268709
vt 0.125415 0.462393
vt 0.130240 0.378059
vt 0.126620 0.462393
vt 0.120596 0.546722
vt 0.014582 0.233483
vt 0.130240 0.233483
vt 0.060357 0.238306
vt 0.110350 0.262835
vt 0.132644 0.378059
vt 0.322529 0.469328
vt 0.345449 0.521605
vt 0.345319 0.518617
vt 0.343396 0.514588
vt 0.340592 0.514135
vt 0.333522 0.513196
vt 0.336042 0.514478
vt 0.203643 0.475005
vt 0.314930 0.474402
vt 0.329512 0.470480
vt 0.312540 0.478508
vt 0.302217 0.475005
vt 0.240591 0.378059
vt 0.311576 0.483091
vt 0.309518 0.487568
vt 0.307018 0.489202
vt 0.299363 0.490797
vt 0.341502 0.478788
vt 0.294959 0.493221
vt 0.293138 0.496242
vt 0.270314 0.498782
vt 0.261284 0.504570
vt 0.260074 0.506786
vt 0.257641 0.512039
vt 0.257188 0.516897
vt 0.260720 0.523668
vt 0.265871 0.529272
vt 0.291924 0.521513
vt 0.273790 0.530188
vt 0.305186 0.526140
vt 0.132644 0.462393
vt 0.241078 0.370831
vt 0.132644 0.341911
vt 0.332288 0.471005
vt 0.335806 0.473164
vt 0.339324 0.475660
vt 0.340379 0.476513
vt 0.302868 0.522029
vt 0.299856 0.521195
vt 0.291296 0.498912
vt 0.333541 0.494970
vt 0.371188 0.462393
vt 0.343208 0.526332
vt 0.306761 0.530443
vt 0.289798 0.499235
vt 0.303639 0.523403
vt 0.286787 0.499885
vt 0.278411 0.499370
vt 0.084936 0.237101
vt 0.265651 0.369621
vt 0.641865 0.127191
vt 0.641402 0.042857
vt 0.642327 0.042857
vt 0.642327 0.211521
vt 0.641402 0.211521
vt 0.641402 0.006710
vt 0.642327 0.006710
vt 0.405274 0.042857
vt 0.509808 0.052192
vt 0.509374 0.052443
vt 0.613480 0.062033
vt 0.614338 0.061527
vt 0.510666 0.051682
vt 0.474291 0.062987
vt 0.469192 0.067406
vt 0.509399 0.052901
vt 0.613529 0.062948
vt 0.616058 0.060510
vt 0.511041 0.050409
vt 0.423406 0.175474
vt 0.429025 0.182471
vt 0.426538 0.188683
vt 0.512202 0.047763
vt 0.510911 0.048164
vt 0.616555 0.053474
vt 0.619128 0.052669
vt 0.513605 0.047576
vt 0.616805 0.057966
vt 0.621943 0.052294
vt 0.523335 0.042857
vt 0.621754 0.052751
vt 0.535865 0.042857
vt 0.535383 0.042857
vt 0.511293 0.042857
vt 0.510805 0.042857
vt 0.476565 0.069633
vt 0.480633 0.069854
vt 0.474903 0.071073
vt 0.428192 0.199039
vt 0.476571 0.206702
vt 0.406254 0.211521
vt 0.571044 0.206702
vt 0.571530 0.211521
vt 0.559483 0.091049
vt 0.585804 0.148930
vt 0.476131 0.211521
vt 0.617235 0.148930
vt 0.606594 0.101246
vt 0.585804 0.101246
vt 0.606700 0.094909
vt 0.605346 0.090258
vt 0.471829 0.083921
vt 0.487196 0.091049
vt 0.468657 0.103689
vt 0.641402 0.127191
vt 0.485067 0.071179
vt 0.494025 0.073715
vt 0.588074 0.072090
vt 0.571078 0.070814
vt 0.579978 0.070549
vt 0.596045 0.074659
vt 0.533739 0.073907
vt 0.551791 0.073309
vt 0.413609 0.070086
vt 0.405447 0.070086
vt 0.473853 0.074678
vt 0.603033 0.081175
vt 0.524371 0.074982
vt 0.513032 0.074760
vt 0.467539 0.073064
vt 0.418989 0.073671
vt 0.464287 0.126155
vt 0.467520 0.113963
vt 0.447429 0.182476
vt 0.442336 0.178409
vt 0.437536 0.172361
vt 0.432134 0.168905
vt 0.439203 0.138169
vt 0.444239 0.138001
vt 0.450784 0.136941
vt 0.456031 0.134102
vt 0.450345 0.189753
vt 0.449945 0.186148
vt 0.450292 0.195521
vt 0.405447 0.076596
vt 0.411633 0.076596
vt 0.413985 0.078163
vt 0.415529 0.081121
vt 0.433416 0.199781
vt 0.448177 0.196514
vt 0.424274 0.193112
vt 0.435733 0.197468
vt 0.416462 0.085300
vt 0.417446 0.105486
vt 0.421696 0.078871
vt 0.465433 0.082707
vt 0.422933 0.084422
vt 0.434293 0.136801
vt 0.462200 0.102817
vt 0.423921 0.104595
vt 0.420433 0.118532
vt 0.461106 0.112768
vt 0.426668 0.116585
vt 0.425608 0.169141
vt 0.423623 0.169585
vt 0.429089 0.134801
vt 0.424837 0.129524
vt 0.422641 0.172245
vt 0.458455 0.122729
vt 0.430520 0.126194
vt 0.425069 0.196519
vt 0.425020 0.190013
vt 0.481760 0.063392
vt 0.452147 0.128796
vt 0.436346 0.130613
vt 0.433060 0.129346
vt 0.580503 0.064018
vt 0.570561 0.064312
vt 0.448654 0.130690
vt 0.443607 0.131509
vt 0.439983 0.131630
vt 0.614237 0.063826
vt 0.589689 0.065763
vt 0.551262 0.066809
vt 0.486888 0.064924
vt 0.533257 0.067406
vt 0.495105 0.067252
vt 0.524063 0.068462
vt 0.513273 0.068250
vt 0.623523 0.053324
vt 0.623913 0.055990
vt 0.624656 0.060689
vt 0.623885 0.062332
vt 0.615986 0.063262
vt 0.618637 0.063103
vt 0.621277 0.062948
vt 0.599428 0.068905
vt 0.608868 0.077724
vt 0.611629 0.088543
vt 0.613230 0.094032
vt 0.613114 0.101246
vt 0.617235 0.101246
vt 0.511293 0.035629
vt 0.535383 0.035629
vt 0.438597 0.196090
vt 0.444952 0.195907
vt 0.441758 0.195584
vt 0.550712 0.007312
vt 0.460022 0.007915
vt 0.460022 0.006710
vt 0.535865 0.034420
vt 0.443941 0.007915
vt 0.405274 0.006710
vt 0.443941 0.006710
vt 0.510805 0.034420
vt 0.426434 0.177291
vt 0.404346 0.006710
vt 0.404346 0.042857
vt 0.868514 0.297175
vt 0.869434 0.297175
vt 0.869434 0.429698
vt 0.868514 0.429698
vt 0.868514 0.285123
vt 0.869434 0.285123
vt 0.131160 0.378059
vt 0.131160 0.245535
vt 0.131160 0.233483
vt 0.752624 0.523064
vt 0.752855 0.598362
vt 0.751930 0.598362
vt 0.751930 0.523064
vt 0.751930 0.447766
vt 0.752160 0.523064
vt 0.752855 0.372468
vt 0.752855 0.447766
vt 0.752624 0.372468
vt 0.752160 0.372468
vt 0.752392 0.447766
vt 0.751930 0.297175
vt 0.752855 0.297175
vt 0.751930 0.285123
vt 0.752855 0.285123
vt 0.760079 0.523064
vt 0.757669 0.447766
vt 0.762488 0.514032
vt 0.829247 0.514028
vt 0.857829 0.532196
vt 0.871906 0.598362
vt 0.786589 0.514032
vt 0.786589 0.429698
vt 0.781779 0.374130
vt 0.779167 0.371649
vt 0.802227 0.369494
vt 0.752855 0.523064
vt 0.755265 0.523064
vt 0.755265 0.372468
vt 0.762488 0.429698
vt 0.827098 0.430041
vt 0.832100 0.437063
vt 0.786589 0.598362
vt 0.774112 0.370385
vt 0.773741 0.372700
vt 0.870143 0.548417
vt 0.871612 0.549120
vt 0.784019 0.352623
vt 0.801972 0.352623
vt 0.801422 0.360242
vt 0.823210 0.288741
vt 0.826887 0.347804
vt 0.826887 0.316374
vt 0.823210 0.297175
vt 0.822727 0.297175
vt 0.798631 0.297175
vt 0.798150 0.297175
vt 0.826887 0.352623
vt 0.808458 0.369061
vt 0.807693 0.360193
vt 0.808236 0.352623
vt 0.770537 0.379734
vt 0.805664 0.401045
vt 0.808530 0.408726
vt 0.809427 0.388174
vt 0.811686 0.399320
vt 0.814182 0.405994
vt 0.818491 0.413146
vt 0.831843 0.425935
vt 0.813571 0.417083
vt 0.870918 0.429698
vt 0.837426 0.433780
vt 0.841819 0.442084
vt 0.836123 0.444672
vt 0.845852 0.452546
vt 0.847959 0.464194
vt 0.851886 0.486843
vt 0.853361 0.498867
vt 0.856869 0.513878
vt 0.863289 0.529063
vt 0.871564 0.540075
vt 0.798631 0.289946
vt 0.822727 0.289946
vt 0.798150 0.288741
vt 0.784019 0.316374
vt 0.784019 0.347804
vt 0.772106 0.374396
vt 0.769670 0.377080
vt 0.773481 0.381436
vt 0.803211 0.388953
vt 0.869100 0.547198
vt 0.778117 0.380834
vt 0.780598 0.378111
vt 0.783572 0.377036
vt 0.762488 0.598362
vt 0.839811 0.454238
vt 0.841805 0.465283
vt 0.845709 0.487759
vt 0.847197 0.499961
vt 0.850907 0.515816
vt 0.782240 0.375465
vt 0.781822 0.375663
vt 0.780546 0.375951
vt 0.871568 0.540085
vt 0.013656 0.245535
vt 0.013656 0.233483
vt 0.934848 0.647249
vt 0.886658 0.728851
vt 0.983039 0.728851
vt 0.983039 0.565652
vt 0.921186 0.597193
vt 0.922057 0.596022
vt 0.923886 0.592273
vt 0.921205 0.588071
vt 0.920867 0.586591
vt 0.917668 0.585773
vt 0.915730 0.584235
vt 0.886658 0.647254
vt 0.919587 0.596413
vt 0.886658 0.565652
vt 0.917259 0.594037
vt 0.916925 0.592548
vt 0.912734 0.587970
vt 0.914295 0.588722
vt 0.915865 0.589478
vt 0.912805 0.586601
vt 0.913267 0.585339
vt 0.013886 0.471424
vt 0.013656 0.546722
vt 0.014350 0.320828
vt 0.867436 0.798083
vt 0.871364 0.801657
vt 0.909172 0.798083
vt 0.871364 0.809305
vt 0.898052 0.801657
vt 0.871364 0.812986
vt 0.898052 0.809305
vt 0.897817 0.812986
vt 0.871364 0.819780
vt 0.867436 0.822902
vt 0.897817 0.819780
vt 0.909172 0.822902
vt 0.405300 0.127191
vt 0.405330 0.211521
vt 0.405234 0.070086
vt 0.405447 0.073339
vt 0.405330 0.070086
vt 0.014582 0.471424
vt 0.014350 0.471424
vt 0.014118 0.396126
vt 0.013656 0.320828
vt 0.013656 0.396126
vt 0.013886 0.320828
vt 0.983039 0.647254
vt 0.550712 0.006710
vt 0.120596 0.462393
vt 0.024215 0.462393
vt 0.404838 0.127191
vt 0.372113 0.462393
vt 0.642327 0.127191
vt 0.013656 0.471424
vt 0.751930 0.372468
vt 0.251308 0.093073
vt 0.251308 0.006144
vt 0.250831 0.093073
vt 0.250353 0.093073
vt 0.250353 0.180006
vt 0.251308 0.217267
vt 0.251308 0.180006
vt 0.250353 0.217267
vt 0.390643 0.187457
vt 0.388164 0.187457
vt 0.390643 0.180006
vt 0.388164 0.217267
vt 0.266453 0.217267
vt 0.375247 0.188704
vt 0.266453 0.180006
vt 0.375247 0.180006
vt 0.390643 0.217267
vt 0.389405 0.217267
vt 0.390643 0.191972
vt 0.390643 0.188704
vt 0.375745 0.180006
vt 0.388164 0.180006
vt 0.375745 0.187457
vt 0.230711 0.165485
vt 0.228552 0.166568
vt 0.225819 0.166364
vt 0.227349 0.166166
vt 0.228268 0.165922
vt 0.240107 0.084687
vt 0.229856 0.163234
vt 0.240532 0.085815
vt 0.238894 0.084444
vt 0.227427 0.162743
vt 0.237672 0.084349
vt 0.224995 0.162554
vt 0.237036 0.085392
vt 0.223716 0.164645
vt 0.250353 0.006144
vt 0.201025 0.085392
vt 0.178328 0.155172
vt 0.141568 0.180006
vt 0.078976 0.155172
vt 0.041436 0.113176
vt 0.040194 0.112327
vt 0.141071 0.180006
vt 0.178328 0.006144
vt 0.115736 0.180006
vt 0.062955 0.205797
vt 0.061620 0.203705
vt 0.006941 0.180006
vt 0.035450 0.111144
vt 0.141071 0.187457
vt 0.116233 0.180006
vt 0.041043 0.109485
vt 0.078976 0.006144
vt 0.032306 0.107155
vt 0.006941 0.093073
vt 0.030667 0.102918
vt 0.116233 0.187457
vt 0.037189 0.105789
vt 0.036081 0.102719
vt 0.035524 0.101179
vt 0.031943 0.100439
vt 0.006941 0.006144
vt 0.116233 0.188704
vt 0.116233 0.217267
vt 0.141071 0.217267
vt 0.141071 0.188704
vt 0.115736 0.188704
vt 0.141568 0.188704
vt 0.060849 0.196955
vt 0.061754 0.192524
vt 0.062195 0.199056
vt 0.076756 0.191188
vt 0.077431 0.191724
vt 0.076055 0.187088
vt 0.073348 0.187074
vt 0.066657 0.188087
vt 0.069334 0.188823
vt 0.062698 0.189473
vt 0.075763 0.194620
vt 0.071748 0.195975
vt 0.068838 0.203333
vt 0.066890 0.205881
vt 0.006941 0.217267
vt 0.006469 0.093073
vt 0.005992 0.093073
vt 0.005992 0.180006
vt 0.005992 0.217267
vt 0.265504 0.180006
vt 0.265504 0.217267
vt 0.940406 0.440318
vt 0.939959 0.352665
vt 0.944489 0.436364
vt 0.885942 0.293853
vt 0.868813 0.217496
vt 0.928166 0.293853
vt 0.988035 0.295115
vt 0.988035 0.372734
vt 0.978101 0.371164
vt 0.988035 0.527967
vt 0.966992 0.513536
vt 0.972173 0.511415
vt 0.868813 0.450353
vt 0.868813 0.372734
vt 0.885942 0.449090
vt 0.940847 0.527967
vt 0.940406 0.444044
vt 0.983069 0.449568
vt 0.973847 0.508111
vt 0.971509 0.489030
vt 0.972725 0.506049
vt 0.939104 0.447432
vt 0.937362 0.359446
vt 0.935706 0.455464
vt 0.930570 0.375516
vt 0.934196 0.459304
vt 0.927540 0.383195
vt 0.929870 0.460621
vt 0.918891 0.385819
vt 0.925941 0.367508
vt 0.928702 0.364229
vt 0.927322 0.369987
vt 0.915001 0.451694
vt 0.914495 0.375421
vt 0.915200 0.380975
vt 0.929730 0.372466
vt 0.916010 0.527967
vt 0.916010 0.535418
vt 0.940847 0.535418
vt 0.915513 0.527967
vt 0.911629 0.450750
vt 0.907750 0.373534
vt 0.909722 0.450378
vt 0.903934 0.372789
vt 0.915349 0.378020
vt 0.909294 0.449090
vt 0.903074 0.370210
vt 0.988035 0.540390
vt 0.868813 0.540390
vt 0.915513 0.536660
vt 0.942373 0.341503
vt 0.953262 0.217496
vt 0.946124 0.342387
vt 0.958950 0.502731
vt 0.956679 0.498027
vt 0.958562 0.501534
vt 0.948260 0.343122
vt 0.936511 0.348562
vt 0.925840 0.351627
vt 0.922622 0.354056
vt 0.909259 0.361199
vt 0.956605 0.504261
vt 0.953262 0.371164
vt 0.965756 0.487904
vt 0.960998 0.493035
vt 0.965663 0.485334
vt 0.941344 0.527967
vt 0.959676 0.511907
vt 0.957052 0.506681
vt 0.959820 0.506969
vt 0.958195 0.509318
vt 0.967454 0.506676
vt 0.965270 0.504132
vt 0.966934 0.501738
vt 0.941344 0.536660
vt 0.964613 0.505458
vt 0.971229 0.491648
vt 0.966148 0.499318
vt 0.968100 0.494312
vt 0.969243 0.485474
vt 0.978101 0.294330
vt 0.978101 0.217496
vt 0.983069 0.294330
vt 0.970286 0.507277
vt 0.957608 0.495389
vt 0.965357 0.496894
vt 0.962452 0.512507
vt 0.953262 0.294330
vt 0.952368 0.424511
vt 0.948130 0.344761
vt 0.952433 0.423692
vt 0.944738 0.436364
vt 0.868813 0.527967
vt 0.867864 0.527967
vt 0.867864 0.540390
vt 0.269592 0.151854
vt 0.266860 0.151938
vt 0.268161 0.151625
vt 0.336476 0.148461
vt 0.333530 0.148660
vt 0.336198 0.146380
vt 0.336034 0.145123
vt 0.988989 0.527967
vt 0.988989 0.540390
vt 0.988274 0.295115
vt 0.988513 0.372734
vt 0.988035 0.450353
vt 0.988274 0.450353
vt 0.988989 0.295115
vt 0.988989 0.372734
vt 0.988750 0.295115
vt 0.988750 0.450353
vt 0.868103 0.295115
vt 0.868340 0.372734
vt 0.867864 0.372734
vt 0.867864 0.450353
vt 0.868103 0.450353
vt 0.868813 0.295115
vt 0.868578 0.295115
vt 0.868578 0.450353
vt 0.334110 0.151973
vt 0.333331 0.152028
vt 0.333574 0.152008
vt 0.336093 0.151839
vt 0.334653 0.151938
vt 0.333237 0.152033
vt 0.333187 0.152033
vt 0.388164 0.006144
vt 0.382093 0.060569
vt 0.381537 0.060912
vt 0.388164 0.056903
vt 0.330574 0.148858
vt 0.333331 0.149599
vt 0.336511 0.151814
vt 0.336923 0.151789
vt 0.336481 0.148461
vt 0.354582 0.137980
vt 0.357981 0.139544
vt 0.353172 0.143498
vt 0.357727 0.139351
vt 0.357633 0.139306
vt 0.273745 0.152331
vt 0.274271 0.152286
vt 0.278409 0.151963
vt 0.280560 0.151332
vt 0.371840 0.120682
vt 0.373464 0.115894
vt 0.275409 0.146961
vt 0.276691 0.145356
vt 0.277803 0.148645
vt 0.331965 0.145386
vt 0.293476 0.140831
vt 0.291231 0.141199
vt 0.291420 0.141164
vt 0.328021 0.075462
vt 0.267883 0.144780
vt 0.327311 0.075636
vt 0.328831 0.075586
vt 0.269492 0.145028
vt 0.266453 0.145128
vt 0.266453 0.006144
vt 0.265504 0.093073
vt 0.265504 0.006144
vt 0.265980 0.093073
vt 0.266402 0.151938
vt 0.266402 0.151879
vt 0.266453 0.148585
vt 0.266453 0.151938
vt 0.281519 0.151054
vt 0.379143 0.062363
vt 0.378839 0.062541
vt 0.282741 0.150692
vt 0.281703 0.150994
vt 0.283536 0.150428
vt 0.283784 0.150344
vt 0.284659 0.150056
vt 0.287257 0.149176
vt 0.290376 0.148143
vt 0.290342 0.148148
vt 0.294166 0.147507
vt 0.296109 0.147433
vt 0.296621 0.147408
vt 0.373490 0.115789
vt 0.373519 0.115670
vt 0.374349 0.112590
vt 0.374403 0.112357
vt 0.323162 0.151119
vt 0.321329 0.150607
vt 0.324867 0.151605
vt 0.327659 0.151909
vt 0.329889 0.152152
vt 0.329993 0.152162
vt 0.375243 0.109222
vt 0.375686 0.103251
vt 0.375233 0.109277
vt 0.376693 0.089491
vt 0.375730 0.102685
vt 0.376684 0.089575
vt 0.378199 0.083038
vt 0.375724 0.102729
vt 0.336302 0.151829
vt 0.336719 0.151804
vt 0.340683 0.151029
vt 0.344846 0.150194
vt 0.348989 0.149365
vt 0.350678 0.148501
vt 0.352850 0.147418
vt 0.355020 0.146325
vt 0.355497 0.145922
vt 0.359983 0.142232
vt 0.360490 0.141829
vt 0.368900 0.129405
vt 0.332600 0.152078
vt 0.332924 0.152053
vt 0.330499 0.152216
vt 0.335363 0.074911
vt 0.282558 0.143678
vt 0.334752 0.075114
vt 0.336738 0.074449
vt 0.285314 0.142753
vt 0.338443 0.073877
vt 0.288722 0.141615
vt 0.339694 0.073669
vt 0.340221 0.073579
vt 0.292279 0.141014
vt 0.340823 0.073485
vt 0.342179 0.073425
vt 0.296188 0.140712
vt 0.274127 0.148560
vt 0.281335 0.144084
vt 0.332426 0.075750
vt 0.343485 0.073381
vt 0.298806 0.140617
vt 0.344538 0.073425
vt 0.300912 0.140706
vt 0.347826 0.073579
vt 0.307486 0.141020
vt 0.348577 0.073694
vt 0.308990 0.141243
vt 0.352749 0.074329
vt 0.317340 0.142520
vt 0.353176 0.074449
vt 0.318195 0.142753
vt 0.357155 0.075566
vt 0.326149 0.144993
vt 0.357548 0.075606
vt 0.326928 0.145073
vt 0.334687 0.129390
vt 0.330639 0.145485
vt 0.335770 0.128183
vt 0.338293 0.124433
vt 0.340152 0.122391
vt 0.344801 0.121214
vt 0.347394 0.126926
vt 0.347996 0.142341
vt 0.347459 0.144919
vt 0.348254 0.142212
vt 0.348403 0.142132
vt 0.348462 0.142102
vt 0.349153 0.141754
vt 0.348487 0.142093
vt 0.334002 0.145257
vt 0.335860 0.130031
vt 0.338553 0.130319
vt 0.337822 0.144755
vt 0.346784 0.142962
vt 0.343177 0.129838
vt 0.347231 0.144258
vt 0.331016 0.075865
vt 0.273869 0.145585
vt 0.330391 0.075790
vt 0.274033 0.147482
vt 0.275449 0.145803
vt 0.273819 0.148466
vt 0.273849 0.146598
vt 0.329332 0.075671
vt 0.270506 0.145202
vt 0.365864 0.127905
vt 0.360017 0.130538
vt 0.370042 0.088482
vt 0.366932 0.122351
vt 0.367782 0.117433
vt 0.367633 0.117568
vt 0.367866 0.116276
vt 0.367876 0.116266
vt 0.367950 0.116509
vt 0.368348 0.114348
vt 0.369465 0.108243
vt 0.373967 0.071622
vt 0.375487 0.072174
vt 0.375750 0.072273
vt 0.375988 0.071096
vt 0.375943 0.071413
vt 0.377409 0.064856
vt 0.376276 0.071026
vt 0.377822 0.064042
vt 0.355471 0.137259
vt 0.359630 0.131109
vt 0.360012 0.130548
vt 0.360017 0.130533
vt 0.351329 0.140667
vt 0.352850 0.143002
vt 0.296973 0.147398
vt 0.296631 0.147413
vt 0.298782 0.147338
vt 0.306824 0.147716
vt 0.315920 0.149097
vt 0.320396 0.150344
vt 0.378756 0.063048
vt 0.379217 0.078696
vt 0.380319 0.073937
vt 0.381432 0.071756
vt 0.383579 0.067529
vt 0.385273 0.066505
vt 0.386544 0.065731
vt 0.386615 0.065750
vt 0.387180 0.065929
vt 0.387170 0.065924
vt 0.387245 0.065969
vt 0.387324 0.066024
vt 0.388164 0.066217
vt 0.272617 0.145436
vt 0.988035 0.217496
vt 0.867864 0.217496
vt 0.005992 0.006144
vt 0.988989 0.217496
vt 0.867864 0.295115
vt 0.988989 0.450353
vt 0.801383 0.034142
vt 0.808762 0.050197
vt 0.810848 0.043219
vt 0.811812 0.052283
vt 0.797295 0.022823
vt 0.797112 0.047294
vt 0.798663 0.026604
vt 0.789392 0.037498
vt 0.788500 0.021005
vt 0.785366 0.027092
vt 0.982206 0.106103
vt 0.982903 0.107690
vt 0.986105 0.099503
vt 0.988205 0.105030
vt 0.980139 0.098296
vt 0.974169 0.097833
vt 0.976192 0.107189
vt 0.971028 0.102968
vt 0.979949 0.106702
vt 0.816643 0.018214
vt 0.817727 0.034255
vt 0.818961 0.010723
vt 0.814422 0.029096
vt 0.845113 0.004831
vt 0.851043 0.023361
vt 0.851762 0.004867
vt 0.855141 0.016250
vt 0.853482 0.014933
vt 0.819593 0.050810
vt 0.835257 0.009127
vt 0.841185 0.026690
vt 0.829255 0.051015
vt 0.834038 0.044758
vt 0.828683 0.007320
vt 0.816314 0.045672
vt 0.919956 0.129108
vt 0.923042 0.112798
vt 0.919687 0.123046
vt 0.926605 0.129523
vt 0.926591 0.106321
vt 0.927397 0.102954
vt 0.939950 0.127303
vt 0.903209 0.092439
vt 0.915637 0.074446
vt 0.899963 0.083363
vt 0.906282 0.097696
vt 0.912065 0.100575
vt 0.924481 0.101491
vt 0.919443 0.074030
vt 0.920529 0.076849
vt 0.925505 0.080789
vt 0.940792 0.073616
vt 0.944073 0.108175
vt 0.947538 0.122826
vt 0.941768 0.073311
vt 0.946355 0.116909
vt 0.945770 0.101405
vt 0.952709 0.075471
vt 0.952430 0.095464
vt 0.962957 0.083521
vt 0.819040 0.129080
vt 0.807451 0.117441
vt 0.814405 0.118919
vt 0.795166 0.131762
vt 0.803280 0.071344
vt 0.800474 0.114451
vt 0.806315 0.134287
vt 0.820395 0.115902
vt 0.823149 0.120966
vt 0.811842 0.065378
vt 0.817407 0.074109
vt 0.816720 0.080538
vt 0.804244 0.099374
vt 0.802087 0.111194
vt 0.802301 0.093420
vt 0.791596 0.083944
vt 0.788704 0.118162
vt 0.809036 0.087079
vt 0.806172 0.105316
vt 0.786566 0.107755
vt 0.785616 0.104815
vt 0.780991 0.096203
vt 0.783272 0.089726
vt 0.803051 0.065034
vt 0.866645 0.127086
vt 0.857582 0.115190
vt 0.857947 0.107933
vt 0.784714 0.123930
vt 0.788351 0.130287
vt 0.780810 0.111511
vt 0.781907 0.117453
vt 0.887884 0.120643
vt 0.883956 0.082121
vt 0.887347 0.088208
vt 0.855849 0.101553
vt 0.875807 0.049086
vt 0.938445 0.026263
vt 0.924308 0.018260
vt 0.933519 0.020432
vt 0.893263 0.094295
vt 0.912003 0.062322
vt 0.890738 0.074069
vt 0.909913 0.035595
vt 0.938764 0.022237
vt 0.895325 0.101785
vt 0.883710 0.043121
vt 0.842992 0.066628
vt 0.829914 0.095088
vt 0.839285 0.096918
vt 0.827804 0.088756
vt 0.918380 0.045671
vt 0.944191 0.047702
vt 0.944410 0.052239
vt 0.941530 0.050653
vt 0.950386 0.038479
vt 0.951023 0.052935
vt 0.954951 0.033467
vt 0.962377 0.051751
vt 0.966367 0.030574
vt 0.972734 0.044604
vt 0.807768 0.062658
vt 0.808011 0.068227
vt 0.892740 0.063422
vt 0.917097 0.103137
vt 0.876439 0.106514
vt 0.911483 0.104349
vt 0.869316 0.079355
vt 0.876240 0.081115
vt 0.881943 0.080639
vt 0.972260 0.071433
vt 0.965676 0.058814
vt 0.907523 0.062829
vt 0.885689 0.059308
vt 0.887126 0.061868
vt 0.882806 0.054207
vt 0.811945 0.053848
vt 0.887260 0.078124
vt 0.861162 0.074532
vt 0.866003 0.075906
vt 0.826647 0.042244
vt 0.879870 0.046187
vt 0.857587 0.038661
vt 0.873484 0.040475
vt 0.840578 0.037942
vt 0.966880 0.090276
vt 0.971415 0.080486
vt 0.905314 0.082992
vt 0.932705 0.104098
vt 0.888042 0.100748
vt 0.898882 0.071963
vt 0.845274 0.081699
vt 0.855621 0.075448
vt 0.825299 0.075942
vt 0.905260 0.109926
vt 0.908691 0.104951
vt 0.908233 0.072798
vt 0.947796 0.105194
vt 0.892139 0.100290
vt 0.892938 0.098449
vt 0.849990 0.112891
vt 0.854183 0.101062
vt 0.829960 0.112298
vt 0.909948 0.073274
vt 0.910828 0.076561
vt 0.896178 0.093114
vt 0.964626 0.094407
vt 0.903948 0.070760
vt 0.956076 0.048369
vt 0.947938 0.045082
vt 0.941318 0.046663
vt 0.811595 0.075735
vt 0.867521 0.114489
vt 0.856715 0.117902
vt 0.901865 0.115558
vt 0.837470 0.157940
vt 0.845300 0.160410
vt 0.850483 0.160087
vt 0.893657 0.120075
vt 0.851300 0.117013
vt 0.815125 0.142456
vt 0.832296 0.156962
vt 0.825740 0.152938
vt 0.864646 0.150629
vt 0.817216 0.146696
vt 0.819183 0.148286
vt 0.879392 0.123048
vt 0.869100 0.142977
vt 0.874733 0.126093
vt 0.870897 0.134436
vt 0.850106 0.116060
vt 0.844322 0.086881
vt 0.846449 0.091749
vt 0.829997 0.078331
vt 0.816821 0.076579
vt 0.971206 0.137142
vt 0.954410 0.138985
vt 0.973399 0.138679
vt 0.967917 0.141383
vt 0.955193 0.134225
vt 0.959990 0.130875
vt 0.974207 0.132194
vt 0.971863 0.127911
vt 0.974998 0.129859
vt 0.948700 0.124840
vt 0.947867 0.119927
vt 0.959164 0.124211
vt 0.953514 0.116603
vt 0.958363 0.119333
vt 0.957674 0.150830
vt 0.962277 0.150085
vt 0.959297 0.148629
vt 0.966617 0.154530
vt 0.954265 0.157817
vt 0.967239 0.157296
vt 0.969213 0.163017
vt 0.959262 0.165640
vt 0.972141 0.164418
vt 0.975050 0.165819
vt 0.959891 0.168406
vt 0.974917 0.168369
vt 0.974056 0.170724
vt 0.965854 0.169924
vt 0.969467 0.172779
vt 0.856715 0.117902
vt 0.850106 0.116060
vt 0.851300 0.117013
vt 0.896178 0.093114
vt 0.844322 0.086881
vt 0.846449 0.091749
vt 0.849990 0.112891
vt 0.867521 0.114489
vt 0.854183 0.101062
vt 0.876439 0.106514
vt 0.892139 0.100290
vt 0.888042 0.100748
vt 0.892938 0.098449
vt 0.905314 0.082992
vt 0.876240 0.081115
vt 0.845274 0.081699
vt 0.887260 0.078124
vt 0.881943 0.080639
vt 0.869316 0.079355
vt 0.908233 0.072798
vt 0.903948 0.070760
vt 0.898882 0.071963
vt 0.909948 0.073274
vt 0.910828 0.076561
vt 0.866003 0.075906
vt 0.855621 0.075448
vt 0.861162 0.074532
vt 0.894918 0.137563
vt 0.900927 0.138694
vt 0.890976 0.139413
vt 0.906881 0.139296
vt 0.939466 0.143903
vt 0.912771 0.138353
vt 0.937983 0.137554
vt 0.942509 0.182792
vt 0.940678 0.187750
vt 0.924816 0.189016
vt 0.936978 0.188576
vt 0.930611 0.163734
vt 0.896311 0.163725
vt 0.891622 0.156881
vt 0.914749 0.182577
vt 0.935439 0.173389
vt 0.941082 0.176775
vt 0.905803 0.171305
vt 0.890877 0.150163
vt 0.935246 0.152157
vt 0.938074 0.149678
vt 0.922427 0.131473
vt 0.932164 0.132856
vt 0.918108 0.135784
vt 0.896242 0.043497
vt 0.899538 0.044565
vt 0.899187 0.045418
vt 0.914959 0.027267
vt 0.895567 0.026710
vt 0.900427 0.025561
vt 0.904433 0.044718
vt 0.895515 0.038529
vt 0.909228 0.043218
vt 0.910154 0.030105
vt 0.908761 0.034847
vt 0.894131 0.029773
vt 0.913360 0.028210
vt 0.914868 0.025561
vt 0.905348 0.025273
vt 0.910288 0.024977
vt 0.913548 0.023925
vt 0.970293 0.104902
vt 0.975933 0.106924
vt 0.973554 0.107462
vt 0.973635 0.110319
vt 0.988614 0.112984
vt 0.978501 0.114943
vt 0.987922 0.117297
vt 0.991661 0.109823
vt 0.972774 0.107831
vt 0.975834 0.102899
vt 0.996201 0.104821
vt 0.980459 0.097825
vt 0.994585 0.099873
vt 0.989099 0.096702
vt 0.649494 0.615852
vt 0.624861 0.628164
vt 0.649494 0.517350
vt 0.649494 0.628164
vt 0.649494 0.738975
vt 0.620651 0.654795
vt 0.622981 0.646082
vt 0.624395 0.637168
vt 0.624395 0.619152
vt 0.649494 0.640477
vt 0.617416 0.663216
vt 0.613318 0.671253
vt 0.608402 0.678819
vt 0.602724 0.685833
vt 0.596347 0.692210
vt 0.589339 0.697889
vt 0.581772 0.702804
vt 0.573730 0.706903
vt 0.565313 0.710136
vt 0.556596 0.712466
vt 0.550985 0.738975
vt 0.538678 0.714349
vt 0.547682 0.713880
vt 0.526365 0.738975
vt 0.512043 0.710136
vt 0.520756 0.712466
vt 0.529665 0.713880
vt 0.556596 0.543852
vt 0.547682 0.542449
vt 0.550985 0.517350
vt 0.495579 0.702804
vt 0.503617 0.706903
vt 0.529665 0.542449
vt 0.520756 0.543852
vt 0.526365 0.517350
vt 0.488014 0.697889
vt 0.481001 0.692210
vt 0.474623 0.685833
vt 0.427860 0.738975
vt 0.468944 0.678819
vt 0.452963 0.637168
vt 0.427860 0.615852
vt 0.452485 0.628164
vt 0.427860 0.517350
vt 0.454371 0.646082
vt 0.456705 0.654795
vt 0.459937 0.663216
vt 0.464034 0.671253
vt 0.622981 0.610243
vt 0.620651 0.601530
vt 0.617416 0.593103
vt 0.613318 0.585066
vt 0.608402 0.577500
vt 0.602724 0.570487
vt 0.596347 0.564109
vt 0.589339 0.558430
vt 0.581772 0.553515
vt 0.573730 0.549427
vt 0.565313 0.546192
vt 0.538678 0.541972
vt 0.503617 0.549427
vt 0.512043 0.546192
vt 0.495579 0.553515
vt 0.488014 0.558430
vt 0.481001 0.564109
vt 0.474623 0.570487
vt 0.452963 0.619152
vt 0.454371 0.610243
vt 0.456705 0.601530
vt 0.459937 0.593103
vt 0.464034 0.585066
vt 0.468944 0.577500
vt 0.427860 0.640477
vt 0.427860 0.640477
vt 0.418014 0.751292
vt 0.422940 0.634321
vt 0.427860 0.615852
vt 0.427860 0.517350
vt 0.418014 0.628164
vt 0.526365 0.738975
vt 0.661805 0.751292
vt 0.544835 0.745135
vt 0.515625 0.511194
vt 0.510699 0.505038
vt 0.649494 0.517350
vt 0.619306 0.506249
vt 0.619819 0.505038
vt 0.661440 0.628519
vt 0.661042 0.628259
vt 0.661076 0.505757
vt 0.661805 0.628164
vt 0.661706 0.628919
vt 0.661805 0.507496
vt 0.661805 0.629396
vt 0.415734 0.506555
vt 0.416005 0.627766
vt 0.415734 0.628164
vt 0.427860 0.738975
vt 0.539910 0.751292
vt 0.415552 0.640477
vt 0.416270 0.505757
vt 0.415734 0.749770
vt 0.415552 0.615852
vt 0.661614 0.506555
vt 0.416270 0.628164
vt 0.416670 0.627894
vt 0.661805 0.630622
vt 0.661805 0.748823
vt 0.660285 0.505220
vt 0.417068 0.505220
vt 0.416270 0.750573
vt 0.417068 0.628164
vt 0.417537 0.628071
vt 0.660574 0.628164
vt 0.649494 0.640477
vt 0.659336 0.505038
vt 0.418014 0.505038
vt 0.417068 0.751099
vt 0.550985 0.738975
vt 0.649494 0.738975
vt 0.649494 0.615852
vt 0.415552 0.507496
vt 0.618759 0.506324
vt 0.617618 0.506890
vt 0.615736 0.506801
vt 0.614529 0.506752
vt 0.613520 0.507116
vt 0.611166 0.508160
vt 0.606467 0.507638
vt 0.550985 0.517350
vt 0.604256 0.506815
vt 0.604797 0.506530
vt 0.605699 0.506466
vt 0.603763 0.506590
vt 0.526365 0.517350
vt 0.603384 0.505038
vt 0.415552 0.748823
vt 0.782464 0.751292
vt 0.747989 0.714349
vt 0.782464 0.628164
vt 0.724802 0.714349
vt 0.664262 0.628164
vt 0.724802 0.665097
vt 0.664262 0.751292
vt 0.784739 0.629681
vt 0.784932 0.630622
vt 0.784739 0.749770
vt 0.784932 0.748823
vt 0.784211 0.628883
vt 0.784211 0.750573
vt 0.783410 0.628346
vt 0.783410 0.751099
vt 0.747989 0.665097
vt 0.663321 0.628346
vt 0.663321 0.751099
vt 0.662524 0.628883
vt 0.662524 0.750573
vt 0.661988 0.629681
vt 0.661988 0.749770
vt 0.661805 0.630622
vt 0.661805 0.748823
vt 0.862808 0.801460
vt 0.862808 0.797038
vt 0.863595 0.796231
vt 0.863595 0.801460
vt 0.863809 0.796231
vt 0.864596 0.797038
vt 0.863809 0.801460
vt 0.864596 0.801460
vt 0.860806 0.796231
vt 0.861593 0.796978
vt 0.860806 0.802116
vt 0.861593 0.802116
vt 0.861807 0.802116
vt 0.861807 0.796978
vt 0.862594 0.796231
vt 0.862594 0.802116
vt 0.858804 0.816081
vt 0.858804 0.796980
vt 0.859587 0.796231
vt 0.859587 0.816081
vt 0.859805 0.796231
vt 0.860588 0.796980
vt 0.859805 0.816081
vt 0.860588 0.816081
vt 0.852385 0.816590
vt 0.852385 0.796231
vt 0.853171 0.816590
vt 0.853171 0.796231
vt 0.851383 0.816770
vt 0.851383 0.796231
vt 0.852170 0.816770
vt 0.852170 0.796231
vt 0.843251 0.828352
vt 0.843251 0.796231
vt 0.844034 0.828352
vt 0.844034 0.796231
vt 0.857808 0.816590
vt 0.853386 0.816590
vt 0.857808 0.796231
vt 0.853386 0.796231
vt 0.858615 0.796231
vt 0.858615 0.816590
vt 0.850397 0.816770
vt 0.845259 0.816770
vt 0.850397 0.796231
vt 0.845259 0.796231
vt 0.851144 0.816770
vt 0.851144 0.796231
vt 0.844258 0.796231
vt 0.845041 0.796231
vt 0.845041 0.828352
vt 0.844258 0.828352
vt 0.933613 0.040817
vt 0.896147 0.040417
vt 0.897685 0.035012
vt 0.893792 0.048769
vt 0.928931 0.033146
vt 0.935745 0.046356
vt 0.902543 0.031724
vt 0.936069 0.052605
vt 0.924980 0.030542
vt 0.890431 0.053610
vt 0.914820 0.028111
vt 0.935626 0.074297
vt 0.919618 0.027488
vt 0.884046 0.057107
vt 0.876630 0.058483
vt 0.857658 0.061032
vt 0.853484 0.066197
vt 0.863064 0.057906
vt 0.852699 0.071632
vt 0.869993 0.056794
vt 0.853570 0.075896
vt 0.934262 0.080444
vt 0.857139 0.080624
vt 0.938914 0.085126
vt 0.862664 0.084089
vt 0.866291 0.088457
vt 0.945044 0.091937
vt 0.870320 0.090543
vt 0.875341 0.094602
vt 0.947341 0.097119
vt 0.877296 0.100555
vt 0.947504 0.103206
vt 0.873177 0.114147
vt 0.946968 0.108078
vt 0.944587 0.113942
vt 0.940024 0.117673
vt 0.870158 0.130926
vt 0.937448 0.119570
vt 0.936206 0.122427
vt 0.929244 0.144669
vt 0.872172 0.149113
vt 0.925556 0.149452
vt 0.883203 0.151228
vt 0.888670 0.151037
vt 0.874008 0.152622
vt 0.920107 0.152694
vt 0.877102 0.152859
vt 0.892859 0.152294
vt 0.898012 0.155614
vt 0.910498 0.156605
vt 0.903951 0.157804
vt 0.910289 0.156857
vt 0.909696 0.156947
vt 0.728909 0.270655
vt 0.728909 0.271388
vt 0.722777 0.271388
vt 0.729467 0.266277
vt 0.723069 0.270655
vt 0.728909 0.266277
vt 0.728909 0.273308
vt 0.723069 0.266277
vt 0.728909 0.288172
vt 0.722777 0.266277
vt 0.728909 0.346550
vt 0.717023 0.336450
vt 0.729467 0.346550
vt 0.716421 0.337507
vt 0.716900 0.335504
vt 0.728909 0.353850
vt 0.715908 0.338286
vt 0.716189 0.333084
vt 0.701468 0.351658
vt 0.729467 0.353850
vt 0.714396 0.339209
vt 0.710411 0.324237
vt 0.658853 0.353850
vt 0.701468 0.346550
vt 0.715540 0.332127
vt 0.709393 0.323414
vt 0.686289 0.351658
vt 0.713304 0.339629
vt 0.711028 0.325302
vt 0.658853 0.288172
vt 0.686289 0.346550
vt 0.712072 0.339693
vt 0.714475 0.331823
vt 0.708322 0.323259
vt 0.658853 0.346550
vt 0.707796 0.339606
vt 0.712829 0.331359
vt 0.707481 0.323431
vt 0.658292 0.353850
vt 0.706585 0.339337
vt 0.711247 0.326668
vt 0.706549 0.324134
vt 0.658292 0.346550
vt 0.686581 0.346550
vt 0.705662 0.340254
vt 0.711874 0.330697
vt 0.705866 0.325223
vt 0.658853 0.266277
vt 0.691336 0.333362
vt 0.704320 0.341462
vt 0.711185 0.329438
vt 0.705005 0.325938
vt 0.658292 0.266277
vt 0.686581 0.350929
vt 0.691768 0.332191
vt 0.703298 0.341915
vt 0.710914 0.327976
vt 0.704594 0.326733
vt 0.691505 0.334494
vt 0.692310 0.328069
vt 0.702098 0.341947
vt 0.703794 0.327722
vt 0.691522 0.334611
vt 0.692422 0.331175
vt 0.692357 0.327460
vt 0.701138 0.341841
vt 0.702621 0.328108
vt 0.691572 0.334652
vt 0.692632 0.329272
vt 0.693049 0.327098
vt 0.701176 0.346550
vt 0.699941 0.327296
vt 0.692343 0.336546
vt 0.692670 0.330350
vt 0.696634 0.326701
vt 0.692982 0.337621
vt 0.699982 0.341372
vt 0.701176 0.350929
vt 0.693925 0.338347
vt 0.699247 0.340472
vt 0.698309 0.339720
vt 0.698872 0.339965
vt 0.626971 0.266277
vt 0.641569 0.266277
vt 0.641569 0.324658
vt 0.626971 0.324658
vt 0.641569 0.339252
vt 0.626971 0.331955
vt 0.626971 0.339252
vt 0.641569 0.397631
vt 0.626971 0.397631
vt 0.642631 0.324656
vt 0.642631 0.266277
vt 0.657229 0.324656
vt 0.657229 0.266277
vt 0.657229 0.339250
vt 0.642631 0.339250
vt 0.657229 0.397631
vt 0.642631 0.397631
vt 0.610218 0.339254
vt 0.595620 0.339254
vt 0.610218 0.324661
vt 0.595620 0.397637
vt 0.595620 0.324661
vt 0.610218 0.397637
vt 0.610218 0.266277
vt 0.595620 0.266277
vt 0.625907 0.339254
vt 0.625907 0.397637
vt 0.611310 0.397637
vt 0.611310 0.339254
vt 0.611310 0.324661
vt 0.625907 0.324661
vt 0.625907 0.266277
vt 0.611310 0.266277
vt 0.487134 0.358905
vt 0.463239 0.319511
vt 0.487134 0.275196
vt 0.429229 0.358905
vt 0.467214 0.310808
vt 0.461662 0.319607
vt 0.466485 0.312056
vt 0.467985 0.308648
vt 0.458494 0.319080
vt 0.465113 0.312739
vt 0.429229 0.275196
vt 0.456693 0.318014
vt 0.463304 0.318067
vt 0.464265 0.306538
vt 0.455532 0.311520
vt 0.462166 0.312954
vt 0.463362 0.306436
vt 0.453034 0.308686
vt 0.456974 0.316613
vt 0.462507 0.315638
vt 0.463104 0.307102
vt 0.457113 0.312930
vt 0.461665 0.314097
vt 0.461923 0.308040
vt 0.455466 0.306775
vt 0.457516 0.314543
vt 0.461473 0.313301
vt 0.458294 0.306335
vt 0.458063 0.306263
vt 0.487904 0.275196
vt 0.495406 0.275196
vt 0.487904 0.333102
vt 0.495406 0.333102
vt 0.406138 0.318625
vt 0.413377 0.362055
vt 0.405875 0.358905
vt 0.413377 0.275196
vt 0.398901 0.275196
vt 0.414074 0.362055
vt 0.421049 0.278346
vt 0.428551 0.362055
vt 0.428551 0.275196
vt 0.658795 0.183826
vt 0.655419 0.139276
vt 0.668536 0.139276
vt 0.655419 0.185174
vt 0.665352 0.183826
vt 0.662170 0.228378
vt 0.655419 0.231075
vt 0.669475 0.185174
vt 0.669475 0.139276
vt 0.676029 0.185174
vt 0.682585 0.139276
vt 0.669475 0.231075
vt 0.680923 0.183687
vt 0.679260 0.228100
vt 0.686689 0.183826
vt 0.683504 0.139276
vt 0.693246 0.183826
vt 0.696621 0.139276
vt 0.689870 0.228378
vt 0.696621 0.185174
vt 0.696621 0.231075
vt 0.710645 0.185174
vt 0.710645 0.231075
vt 0.700859 0.228100
vt 0.705751 0.183687
vt 0.710645 0.139276
vt 0.699197 0.183687
vt 0.697534 0.139276
vt 0.773475 0.178349
vt 0.766917 0.217422
vt 0.766917 0.139276
vt 0.780032 0.217422
vt 0.780032 0.139276
vt 0.775193 0.217945
vt 0.768442 0.231062
vt 0.768442 0.217945
vt 0.775193 0.231062
vt 0.757443 0.220935
vt 0.767639 0.220935
vt 0.757443 0.234050
vt 0.767639 0.234050
vt 0.775996 0.270402
vt 0.775996 0.217945
vt 0.785782 0.270402
vt 0.785782 0.217945
vt 0.735427 0.179844
vt 0.745263 0.220412
vt 0.725594 0.220412
vt 0.735789 0.142266
vt 0.725594 0.179844
vt 0.725594 0.139276
vt 0.746255 0.139276
vt 0.765925 0.139276
vt 0.756451 0.217422
vt 0.746255 0.179844
vt 0.746255 0.220412
vt 0.718120 0.183826
vt 0.724681 0.228378
vt 0.711564 0.228378
vt 0.724681 0.183826
vt 0.711564 0.183826
vt 0.724681 0.139276
vt 0.711564 0.139276
vt 0.921792 0.935294
vt 0.923370 0.927708
vt 0.923370 0.934951
vt 0.921792 0.927883
vt 0.921792 0.941336
vt 0.923370 0.924034
vt 0.923370 0.940758
vt 0.921792 0.924123
vt 0.923370 0.919181
vt 0.921792 0.919181
vt 0.920609 0.923522
vt 0.919031 0.926876
vt 0.919031 0.923611
vt 0.920609 0.926708
vt 0.920609 0.919181
vt 0.919031 0.933274
vt 0.919031 0.919181
vt 0.920609 0.932930
vt 0.919031 0.937971
vt 0.920609 0.937394
vt 0.884588 0.839481
vt 0.890154 0.842680
vt 0.884254 0.841026
vt 0.890454 0.841125
vt 0.889853 0.844235
vt 0.878114 0.838497
vt 0.893524 0.843053
vt 0.883921 0.842568
vt 0.893491 0.844635
vt 0.877959 0.840072
vt 0.893554 0.841468
vt 0.872410 0.838227
vt 0.897453 0.842789
vt 0.897658 0.844354
vt 0.877807 0.841640
vt 0.872406 0.839808
vt 0.897241 0.841221
vt 0.869102 0.839940
vt 0.904514 0.839759
vt 0.905032 0.841257
vt 0.872397 0.841386
vt 0.868936 0.838369
vt 0.869263 0.841508
vt 0.905554 0.842763
vt 0.866253 0.840412
vt 0.866632 0.841947
vt 0.907680 0.838157
vt 0.908552 0.839491
vt 0.865870 0.838880
vt 0.909416 0.840818
vt 0.861076 0.842149
vt 0.861545 0.843654
vt 0.910565 0.835787
vt 0.911747 0.836860
vt 0.860607 0.840643
vt 0.912919 0.837929
vt 0.858458 0.842911
vt 0.858742 0.844469
vt 0.915561 0.828415
vt 0.916987 0.829122
vt 0.858174 0.841353
vt 0.918409 0.829828
vt 0.855828 0.841535
vt 0.855798 0.843122
vt 0.918392 0.820037
vt 0.919904 0.820492
vt 0.855771 0.844704
vt 0.921414 0.820955
vt 0.853520 0.841271
vt 0.853302 0.842832
vt 0.919452 0.816072
vt 0.921017 0.816333
vt 0.853087 0.844397
vt 0.922575 0.816600
vt 0.851952 0.842614
vt 0.852018 0.844222
vt 0.919749 0.812081
vt 0.921324 0.812193
vt 0.851889 0.841006
vt 0.922892 0.812312
vt 0.850912 0.842871
vt 0.851103 0.844450
vt 0.920407 0.803019
vt 0.921975 0.803253
vt 0.850724 0.841297
vt 0.923536 0.803498
vt 0.847687 0.841297
vt 0.847687 0.844450
vt 0.922988 0.791947
vt 0.924487 0.792488
vt 0.847033 0.842871
vt 0.925979 0.793033
vt 0.925853 0.786308
vt 0.927059 0.787424
vt 0.928257 0.788540
vt 0.931172 0.783086
vt 0.929841 0.785737
vt 0.930723 0.783753
vt 0.929722 0.786351
vt 0.930277 0.784591
vt 0.930907 0.783608
vt 0.929804 0.786110
vt 0.929646 0.786995
vt 0.930099 0.785215
vt 0.931238 0.793574
vt 0.930723 0.793680
vt 0.929650 0.787695
vt 0.931238 0.783307
vt 0.930277 0.793852
vt 0.929685 0.787328
vt 0.930723 0.804845
vt 0.931059 0.783307
vt 0.931795 0.783261
vt 0.930277 0.804954
vt 0.931238 0.804779
vt 0.931089 0.783251
vt 0.931795 0.793538
vt 0.931795 0.782426
vt 0.929937 0.794073
vt 0.930723 0.815669
vt 0.930277 0.815729
vt 0.929937 0.805089
vt 0.931795 0.804759
vt 0.931238 0.815630
vt 0.930723 0.824022
vt 0.930277 0.824071
vt 0.929937 0.815808
vt 0.931795 0.815620
vt 0.931238 0.823992
vt 0.930723 0.839425
vt 0.930277 0.839484
vt 0.929937 0.824137
vt 0.931795 0.823978
vt 0.931238 0.839385
vt 0.930723 0.847018
vt 0.930277 0.847114
vt 0.929937 0.839561
vt 0.931795 0.839375
vt 0.931238 0.846959
vt 0.930723 0.853610
vt 0.930277 0.853756
vt 0.929937 0.847233
vt 0.931795 0.846942
vt 0.931238 0.853525
vt 0.930723 0.858859
vt 0.930277 0.859034
vt 0.929937 0.853937
vt 0.931795 0.853495
vt 0.931238 0.858747
vt 0.930723 0.863706
vt 0.930277 0.863931
vt 0.929937 0.859272
vt 0.931795 0.858707
vt 0.931238 0.863567
vt 0.930723 0.872576
vt 0.931795 0.863517
vt 0.931238 0.872440
vt 0.930277 0.872791
vt 0.930723 0.878244
vt 0.930277 0.878393
vt 0.931795 0.872395
vt 0.931238 0.878152
vt 0.929937 0.873071
vt 0.930723 0.883460
vt 0.930277 0.883553
vt 0.929937 0.878587
vt 0.931795 0.878119
vt 0.931238 0.883401
vt 0.930723 0.891700
vt 0.930277 0.891746
vt 0.929937 0.883678
vt 0.931795 0.883381
vt 0.931238 0.891677
vt 0.930723 0.905014
vt 0.930277 0.905037
vt 0.929937 0.891799
vt 0.931795 0.891664
vt 0.931238 0.905001
vt 0.930723 0.911339
vt 0.930277 0.911339
vt 0.929937 0.905067
vt 0.931795 0.904994
vt 0.931238 0.911333
vt 0.930868 0.917480
vt 0.930376 0.917971
vt 0.929937 0.911343
vt 0.931795 0.911333
vt 0.930987 0.917361
vt 0.930723 0.917625
vt 0.930277 0.918067
vt 0.931429 0.916918
vt 0.931238 0.917110
vt 0.930208 0.918137
vt 0.931795 0.916552
vt 0.931327 0.917021
vt 0.929937 0.918411
vt 0.958849 0.922445
vt 0.957271 0.930170
vt 0.957271 0.922782
vt 0.958849 0.929976
vt 0.958849 0.918831
vt 0.957271 0.939001
vt 0.957271 0.919378
vt 0.958849 0.938912
vt 0.957271 0.952833
vt 0.958849 0.952741
vt 0.957271 0.955824
vt 0.958849 0.955603
vt 0.957271 0.958079
vt 0.958849 0.957630
vt 0.957271 0.959360
vt 0.958849 0.958703
vt 0.960032 0.928124
vt 0.961610 0.921207
vt 0.961610 0.927929
vt 0.960032 0.921541
vt 0.960032 0.936337
vt 0.961610 0.918831
vt 0.961610 0.936248
vt 0.960032 0.919382
vt 0.960032 0.950156
vt 0.961610 0.950070
vt 0.960032 0.953959
vt 0.961610 0.953731
vt 0.960032 0.957521
vt 0.961610 0.957072
vt 0.960032 0.959977
vt 0.961610 0.959327
vt 0.973141 0.937162
vt 0.971563 0.950816
vt 0.971563 0.937073
vt 0.973141 0.950938
vt 0.973141 0.930345
vt 0.971563 0.957379
vt 0.971563 0.930226
vt 0.973141 0.957544
vt 0.973141 0.923521
vt 0.971563 0.961053
vt 0.971563 0.923182
vt 0.973141 0.961419
vt 0.971563 0.918831
vt 0.973141 0.964447
vt 0.973141 0.919365
vt 0.971563 0.963783
vt 0.965792 0.953206
vt 0.967370 0.939751
vt 0.967370 0.953332
vt 0.965792 0.939665
vt 0.965792 0.959538
vt 0.967370 0.932745
vt 0.967370 0.959700
vt 0.965792 0.932626
vt 0.965792 0.962008
vt 0.967370 0.924617
vt 0.967370 0.962377
vt 0.965792 0.924274
vt 0.967370 0.963661
vt 0.965792 0.918831
vt 0.965792 0.962994
vt 0.967370 0.919362
vt 0.897362 0.919653
vt 0.897359 0.919646
vt 0.897362 0.919650
vt 0.897227 0.919181
vt 0.980854 0.783482
vt 0.981412 0.783354
vt 0.980857 0.783482
vt 0.981412 0.783357
vt 0.980854 0.783489
vt 0.981464 0.783317
vt 0.981507 0.783291
vt 0.981412 0.790999
vt 0.980854 0.791032
vt 0.981874 0.783195
vt 0.980854 0.801435
vt 0.981914 0.783185
vt 0.981412 0.801415
vt 0.981927 0.790894
vt 0.980854 0.811718
vt 0.981927 0.783182
vt 0.981927 0.801348
vt 0.981412 0.811705
vt 0.982128 0.783142
vt 0.982372 0.790719
vt 0.980854 0.819954
vt 0.982372 0.782426
vt 0.982372 0.801239
vt 0.982372 0.783162
vt 0.981927 0.811669
vt 0.981412 0.819948
vt 0.982230 0.782604
vt 0.982712 0.801104
vt 0.980854 0.835470
vt 0.981927 0.782994
vt 0.982712 0.790497
vt 0.982712 0.811533
vt 0.982372 0.811606
vt 0.981927 0.819915
vt 0.981412 0.835457
vt 0.980854 0.843449
vt 0.982712 0.819800
vt 0.982372 0.819865
vt 0.981927 0.835420
vt 0.981412 0.843430
vt 0.980854 0.850616
vt 0.982712 0.835282
vt 0.982372 0.835361
vt 0.981927 0.843374
vt 0.981412 0.850587
vt 0.980854 0.856305
vt 0.982712 0.843162
vt 0.982372 0.843281
vt 0.981927 0.850501
vt 0.981412 0.856268
vt 0.980854 0.861679
vt 0.982712 0.850174
vt 0.982372 0.850356
vt 0.981927 0.856155
vt 0.981412 0.861633
vt 0.980854 0.870440
vt 0.982712 0.855747
vt 0.982372 0.855975
vt 0.981927 0.861487
vt 0.981412 0.870394
vt 0.980854 0.875339
vt 0.982372 0.861266
vt 0.981927 0.870262
vt 0.981412 0.875306
vt 0.982372 0.870047
vt 0.980854 0.879911
vt 0.981927 0.875214
vt 0.981412 0.879891
vt 0.982372 0.875065
vt 0.980854 0.887547
vt 0.982712 0.874870
vt 0.981927 0.879835
vt 0.981412 0.887541
vt 0.982712 0.869767
vt 0.982712 0.879618
vt 0.982372 0.879740
vt 0.980854 0.900640
vt 0.981927 0.887514
vt 0.981412 0.900630
vt 0.982712 0.887415
vt 0.982372 0.887471
vt 0.980854 0.906714
vt 0.981927 0.900617
vt 0.981412 0.906714
vt 0.982712 0.900564
vt 0.982372 0.900594
vt 0.981226 0.912273
vt 0.981927 0.906711
vt 0.981412 0.912459
vt 0.980854 0.911900
vt 0.982712 0.906707
vt 0.982372 0.906711
vt 0.981788 0.912835
vt 0.982277 0.913324
vt 0.981927 0.912974
vt 0.982656 0.913700
vt 0.982372 0.913416
vt 0.982712 0.913760
vt 0.986024 0.945534
vt 0.987602 0.940044
vt 0.987602 0.945696
vt 0.986024 0.939988
vt 0.986024 0.950994
vt 0.987602 0.933841
vt 0.987602 0.951334
vt 0.986024 0.933891
vt 0.986024 0.920679
vt 0.987602 0.920626
vt 0.986024 0.908312
vt 0.987602 0.908263
vt 0.986024 0.901895
vt 0.987602 0.901861
vt 0.986024 0.894127
vt 0.987602 0.894153
vt 0.987602 0.881216
vt 0.986024 0.881107
vt 0.987602 0.875155
vt 0.986024 0.874970
vt 0.987602 0.872045
vt 0.986024 0.871933
vt 0.987602 0.868919
vt 0.986024 0.869146
vt 0.984237 0.867809
vt 0.985815 0.861478
vt 0.985815 0.868149
vt 0.984237 0.861313
vt 0.985815 0.855185
vt 0.984237 0.855133
vt 0.985815 0.848374
vt 0.984237 0.848427
vt 0.984237 0.835207
vt 0.985815 0.835153
vt 0.984237 0.822869
vt 0.985815 0.822820
vt 0.984237 0.816550
vt 0.985815 0.816521
vt 0.984237 0.809104
vt 0.985815 0.809130
vt 0.985815 0.796684
vt 0.984237 0.796575
vt 0.985815 0.791055
vt 0.984237 0.790871
vt 0.985815 0.787543
vt 0.984237 0.787427
vt 0.985815 0.782426
vt 0.984237 0.782654
vt 0.933374 0.919181
vt 0.931803 0.922406
vt 0.931803 0.922373
vt 0.933374 0.922598
vt 0.931793 0.920759
vt 0.931793 0.922677
vt 0.930291 0.920772
vt 0.933367 0.923512
vt 0.930225 0.920762
vt 0.931793 0.923542
vt 0.930145 0.920759
vt 0.931793 0.924493
vt 0.930145 0.919181
vt 0.933374 0.924582
vt 0.924751 0.919181
vt 0.931799 0.927252
vt 0.924553 0.920759
vt 0.933374 0.927265
vt 0.933374 0.930237
vt 0.931799 0.927602
vt 0.931793 0.930352
vt 0.931807 0.931782
vt 0.933367 0.933040
vt 0.931803 0.932419
vt 0.931803 0.932541
vt 0.931803 0.933231
vt 0.931803 0.933759
vt 0.931803 0.933924
vt 0.933357 0.938126
vt 0.931799 0.934505
vt 0.931799 0.936232
vt 0.931793 0.938282
vt 0.931793 0.938305
vt 0.933357 0.940758
vt 0.931793 0.940823
vt 0.931793 0.942114
vt 0.931793 0.942455
vt 0.983260 0.940823
vt 0.983260 0.943808
vt 0.983249 0.943290
vt 0.984841 0.943937
vt 0.984841 0.940837
vt 0.984828 0.949803
vt 0.984841 0.937149
vt 0.983253 0.949661
vt 0.983260 0.937239
vt 0.983239 0.949093
vt 0.984824 0.956277
vt 0.983257 0.938589
vt 0.984831 0.929877
vt 0.983243 0.956210
vt 0.983249 0.939942
vt 0.983253 0.930095
vt 0.983234 0.955211
vt 0.984819 0.961981
vt 0.983249 0.936050
vt 0.984819 0.926711
vt 0.983243 0.961978
vt 0.983243 0.927074
vt 0.983234 0.960579
vt 0.983243 0.965520
vt 0.983243 0.929289
vt 0.984808 0.923826
vt 0.983234 0.963718
vt 0.984824 0.965454
vt 0.983234 0.924321
vt 0.983249 0.968680
vt 0.983224 0.925285
vt 0.983198 0.921558
vt 0.983236 0.967012
vt 0.984824 0.968521
vt 0.983221 0.924912
vt 0.983194 0.921304
vt 0.983257 0.973981
vt 0.984766 0.918831
vt 0.983243 0.972776
vt 0.984834 0.973783
vt 0.983243 0.973589
vt 0.983239 0.970944
vt 0.983260 0.976339
vt 0.984841 0.976216
vt 0.983266 0.978550
vt 0.983253 0.976943
vt 0.984841 0.978563
vt 0.983249 0.976675
vt 0.984841 0.980871
vt 0.983260 0.980785
vt 0.983249 0.979382
vt 0.984391 0.982508
vt 0.983260 0.982528
vt 0.984834 0.982502
vt 0.983249 0.981459
vt 0.983260 0.983746
vt 0.984841 0.983667
vt 0.983253 0.983479
vt 0.983260 0.985126
vt 0.984841 0.986704
vt 0.981612 0.986704
vt 0.981612 0.985126
vt 0.977374 0.985126
vt 0.977175 0.986704
vt 0.975979 0.933488
vt 0.974417 0.936327
vt 0.974400 0.933353
vt 0.974421 0.936948
vt 0.975975 0.927374
vt 0.975992 0.939420
vt 0.974394 0.927308
vt 0.974417 0.938166
vt 0.975970 0.921964
vt 0.974411 0.939299
vt 0.974394 0.921964
vt 0.974421 0.941154
vt 0.974408 0.920761
vt 0.974427 0.942636
vt 0.974408 0.920534
vt 0.975992 0.943058
vt 0.975975 0.918831
vt 0.974425 0.942705
vt 0.974425 0.943042
vt 0.974425 0.944438
vt 0.974425 0.944653
vt 0.975992 0.947225
vt 0.974425 0.944828
vt 0.974425 0.946759
vt 0.974425 0.946898
vt 0.974421 0.947037
vt 0.974417 0.947175
vt 0.974411 0.947310
vt 0.974421 0.949809
vt 0.975979 0.955121
vt 0.974411 0.952576
vt 0.974404 0.955329
vt 0.974411 0.956451
vt 0.975970 0.958983
vt 0.974400 0.957895
vt 0.974390 0.959337
vt 0.974404 0.959654
vt 0.975952 0.962486
vt 0.974387 0.962635
vt 0.974374 0.962972
vt 0.974324 0.968561
vt 0.975902 0.967976
vt 0.916269 0.922746
vt 0.917847 0.919580
vt 0.917847 0.922951
vt 0.916269 0.919181
vt 0.916269 0.926109
vt 0.917847 0.926189
vt 0.917847 0.929493
vt 0.916269 0.929559
vt 0.917847 0.933828
vt 0.916269 0.934043
vt 0.917847 0.937251
vt 0.916269 0.937637
vt 0.913508 0.921621
vt 0.915086 0.919577
vt 0.915086 0.921829
vt 0.913508 0.919181
vt 0.913508 0.924245
vt 0.915086 0.924320
vt 0.915086 0.926803
vt 0.913508 0.926866
vt 0.915086 0.930260
vt 0.913508 0.930475
vt 0.915086 0.932653
vt 0.913508 0.933046
vt 0.911723 0.919181
vt 0.910727 0.923215
vt 0.910716 0.919181
vt 0.910729 0.923585
vt 0.910736 0.925176
vt 0.910746 0.925625
vt 0.912325 0.925123
vt 0.910736 0.925440
vt 0.912305 0.919805
vt 0.910733 0.925377
vt 0.904294 0.920798
vt 0.904360 0.921594
vt 0.904292 0.921643
vt 0.904302 0.919672
vt 0.905881 0.919181
vt 0.904604 0.921428
vt 0.904846 0.921201
vt 0.905382 0.920851
vt 0.905576 0.920779
vt 0.905873 0.920574
vt 0.841823 0.905922
vt 0.842279 0.911967
vt 0.840747 0.911574
vt 0.843405 0.906044
vt 0.840321 0.918031
vt 0.843213 0.899593
vt 0.843811 0.912353
vt 0.838928 0.917212
vt 0.841714 0.918850
vt 0.841635 0.899719
vt 0.844788 0.899468
vt 0.844986 0.906173
vt 0.835069 0.923657
vt 0.835908 0.925073
vt 0.841500 0.886376
vt 0.843074 0.886247
vt 0.834230 0.922244
vt 0.839925 0.886504
vt 0.828248 0.925396
vt 0.828665 0.926918
vt 0.841093 0.874025
vt 0.842669 0.873910
vt 0.827833 0.923878
vt 0.839519 0.874141
vt 0.824779 0.926406
vt 0.824990 0.927991
vt 0.840364 0.867664
vt 0.841942 0.867591
vt 0.824568 0.924829
vt 0.838783 0.867740
vt 0.820137 0.924756
vt 0.820137 0.926331
vt 0.838931 0.860031
vt 0.840513 0.860087
vt 0.820137 0.927909
vt 0.842087 0.860144
vt 0.839648 0.847094
vt 0.841213 0.847351
vt 0.842777 0.847616
vt 0.841361 0.841033
vt 0.842876 0.841469
vt 0.844392 0.841911
vt 0.842292 0.837923
vt 0.843853 0.838194
vt 0.845422 0.838468
vt 0.842461 0.834797
vt 0.844068 0.834245
vt 0.845682 0.833695
vt 0.842064 0.831928
vt 0.842952 0.830548
vt 0.841176 0.833315
vt 0.838892 0.831000
vt 0.839278 0.829472
vt 0.838499 0.832532
vt 0.832422 0.829588
vt 0.832715 0.828036
vt 0.832131 0.831143
vt 0.818758 0.827399
vt 0.818972 0.825831
vt 0.818550 0.828960
vt 0.811838 0.826630
vt 0.812125 0.825078
vt 0.811544 0.828185
vt 0.804245 0.824619
vt 0.805081 0.823207
vt 0.803417 0.826029
vt 0.799449 0.819632
vt 0.800730 0.818691
vt 0.798161 0.820572
vt 0.797824 0.816634
vt 0.799336 0.816119
vt 0.796309 0.817148
vt 0.797184 0.812663
vt 0.798755 0.812510
vt 0.795609 0.812814
vt 0.797085 0.809697
vt 0.798669 0.809890
vt 0.795497 0.809510
vt 0.796402 0.806272
vt 0.797900 0.806773
vt 0.799403 0.807265
vt 0.797699 0.802901
vt 0.799019 0.803860
vt 0.800337 0.804825
vt 0.801102 0.800157
vt 0.801908 0.801537
vt 0.802713 0.802914
vt 0.808491 0.797199
vt 0.808963 0.798708
vt 0.809435 0.800217
vt 0.817321 0.795175
vt 0.817539 0.796744
vt 0.817754 0.798311
vt 0.831153 0.794503
vt 0.831362 0.796069
vt 0.831576 0.797639
vt 0.834145 0.793828
vt 0.834693 0.795327
vt 0.835237 0.796820
vt 0.836399 0.792661
vt 0.837488 0.793871
vt 0.838578 0.795082
vt 0.837680 0.790743
vt 0.839255 0.791221
vt 0.840833 0.791700
vt 0.839255 0.786306
vt 0.840833 0.786306
vt 0.840833 0.783077
vt 0.839255 0.782426
vt 0.837680 0.786306
vt 0.837680 0.783077
vt 0.956087 0.918831
vt 0.953179 0.922420
vt 0.952740 0.921852
vt 0.953453 0.923088
vt 0.952173 0.921420
vt 0.953546 0.923793
vt 0.951513 0.921142
vt 0.954355 0.928976
vt 0.950800 0.921049
vt 0.954355 0.946206
vt 0.953453 0.924507
vt 0.950089 0.921142
vt 0.956087 0.948197
vt 0.953179 0.925166
vt 0.945177 0.922420
vt 0.937129 0.946206
vt 0.952740 0.925737
vt 0.949429 0.921420
vt 0.944738 0.921852
vt 0.934557 0.948197
vt 0.952173 0.926173
vt 0.945448 0.923088
vt 0.944170 0.921420
vt 0.937129 0.928976
vt 0.951513 0.926443
vt 0.945544 0.923793
vt 0.943507 0.921142
vt 0.934557 0.918831
vt 0.950800 0.926540
vt 0.948862 0.921852
vt 0.942797 0.921049
vt 0.940417 0.922420
vt 0.950089 0.926443
vt 0.948426 0.922420
vt 0.942088 0.921142
vt 0.940146 0.923088
vt 0.940856 0.921852
vt 0.949429 0.926173
vt 0.948148 0.923088
vt 0.940051 0.923793
vt 0.941424 0.921420
vt 0.945448 0.924507
vt 0.948059 0.923793
vt 0.940146 0.924507
vt 0.945177 0.925166
vt 0.948148 0.924507
vt 0.940417 0.925166
vt 0.948862 0.925737
vt 0.944738 0.925737
vt 0.948426 0.925166
vt 0.940856 0.925737
vt 0.944170 0.926173
vt 0.941424 0.926173
vt 0.943507 0.926443
vt 0.942088 0.926443
vt 0.942797 0.926540
vt 0.970329 0.953022
vt 0.968801 0.961113
vt 0.968755 0.952840
vt 0.970379 0.961400
vt 0.970307 0.949057
vt 0.968804 0.963863
vt 0.968731 0.948954
vt 0.970280 0.945065
vt 0.968709 0.945029
vt 0.970227 0.936004
vt 0.968656 0.935915
vt 0.970165 0.924931
vt 0.968590 0.924710
vt 0.968559 0.920214
vt 0.968559 0.919672
vt 0.970131 0.919293
vt 0.968553 0.918831
vt 0.962977 0.927810
vt 0.964608 0.919128
vt 0.964555 0.928001
vt 0.963011 0.924627
vt 0.962985 0.927879
vt 0.963030 0.918831
vt 0.962991 0.927959
vt 0.962977 0.930005
vt 0.962977 0.930160
vt 0.962974 0.930444
vt 0.962964 0.932207
vt 0.964533 0.932356
vt 0.962964 0.932243
vt 0.962955 0.934178
vt 0.962941 0.936208
vt 0.962941 0.936211
vt 0.962938 0.936558
vt 0.964506 0.936644
vt 0.962938 0.936588
vt 0.962885 0.945300
vt 0.964457 0.945458
vt 0.962885 0.945356
vt 0.962849 0.949644
vt 0.962834 0.952530
vt 0.962816 0.955692
vt 0.964398 0.955923
vt 0.962810 0.957141
vt 0.962794 0.959951
vt 0.964372 0.960416
vt 0.896004 0.919351
vt 0.896044 0.919181
vt 0.896027 0.919262
vt 0.977440 0.916799
vt 0.977520 0.909566
vt 0.978041 0.909564
vt 0.977011 0.916619
vt 0.976988 0.903423
vt 0.977512 0.916833
vt 0.977503 0.903386
vt 0.977989 0.916896
vt 0.976321 0.890274
vt 0.978592 0.909557
vt 0.976837 0.890208
vt 0.978057 0.903350
vt 0.978064 0.916905
vt 0.974746 0.882477
vt 0.979146 0.909553
vt 0.978542 0.916843
vt 0.975242 0.882334
vt 0.977387 0.890138
vt 0.978609 0.903311
vt 0.978622 0.916833
vt 0.972963 0.877729
vt 0.979668 0.909550
vt 0.979070 0.916655
vt 0.973436 0.877502
vt 0.975776 0.882180
vt 0.977936 0.890073
vt 0.979124 0.903275
vt 0.979156 0.916619
vt 0.969890 0.872626
vt 0.970296 0.872299
vt 0.973935 0.877264
vt 0.976307 0.882025
vt 0.978450 0.890007
vt 0.960712 0.863835
vt 0.961102 0.863495
vt 0.960375 0.864125
vt 0.970735 0.871949
vt 0.974436 0.877020
vt 0.976806 0.881886
vt 0.956988 0.858606
vt 0.969543 0.872906
vt 0.956609 0.858834
vt 0.957428 0.858332
vt 0.961525 0.863131
vt 0.971172 0.871602
vt 0.974901 0.876795
vt 0.954041 0.853033
vt 0.954510 0.852819
vt 0.957900 0.858038
vt 0.961947 0.862769
vt 0.971573 0.871279
vt 0.951340 0.846021
vt 0.951839 0.845882
vt 0.955017 0.852587
vt 0.958372 0.857750
vt 0.962341 0.862431
vt 0.949918 0.838141
vt 0.971923 0.870999
vt 0.950426 0.838052
vt 0.952374 0.845727
vt 0.955524 0.852359
vt 0.958815 0.857480
vt 0.962674 0.862138
vt 0.947230 0.822659
vt 0.947742 0.822583
vt 0.950967 0.837956
vt 0.952912 0.845579
vt 0.955995 0.852145
vt 0.959195 0.857242
vt 0.946213 0.814392
vt 0.946723 0.814299
vt 0.948290 0.822500
vt 0.951519 0.837857
vt 0.953411 0.845440
vt 0.943778 0.803963
vt 0.944270 0.803805
vt 0.947271 0.814200
vt 0.948837 0.822420
vt 0.952024 0.837768
vt 0.939297 0.793356
vt 0.939747 0.793096
vt 0.944797 0.803630
vt 0.947814 0.814105
vt 0.949344 0.822345
vt 0.933765 0.785971
vt 0.933854 0.785949
vt 0.933229 0.786021
vt 0.940229 0.792821
vt 0.945325 0.803458
vt 0.948326 0.814016
vt 0.933936 0.785932
vt 0.938908 0.793578
vt 0.934507 0.785202
vt 0.933959 0.785925
vt 0.934379 0.785536
vt 0.940717 0.792541
vt 0.945820 0.803296
vt 0.934226 0.785754
vt 0.934715 0.784559
vt 0.941166 0.792280
vt 0.933114 0.782426
vt 0.934759 0.784410
vt 0.934784 0.784317
vt 0.934821 0.783836
vt 0.934778 0.783430
vt 0.934593 0.782799
vt 0.934771 0.783420
vt 0.941553 0.792059
vt 0.899950 0.919181
vt 0.900898 0.921069
vt 0.900673 0.920627
vt 0.903108 0.921224
vt 0.903056 0.921125
vt 0.903036 0.921086
vt 0.902081 0.919181
vt 0.898546 0.919181
vt 0.898767 0.920547
vt 0.898668 0.919976
vt 0.909533 0.921654
vt 0.909523 0.921650
vt 0.907064 0.919181
vt 0.815032 0.905305
vt 0.807649 0.908898
vt 0.807649 0.905626
vt 0.815032 0.908898
vt 0.802362 0.906993
vt 0.815032 0.901941
vt 0.807649 0.912181
vt 0.802362 0.908898
vt 0.802362 0.905218
vt 0.807649 0.902566
vt 0.815032 0.912508
vt 0.802362 0.910808
vt 0.815032 0.899059
vt 0.807649 0.915236
vt 0.802362 0.912589
vt 0.802362 0.903684
vt 0.807649 0.899944
vt 0.815032 0.915860
vt 0.815032 0.896852
vt 0.807649 0.917858
vt 0.802362 0.914123
vt 0.807649 0.897934
vt 0.815032 0.918742
vt 0.815032 0.920949
vt 0.807649 0.919874
vt 0.819324 0.867931
vt 0.822416 0.867931
vt 0.819324 0.900190
vt 0.822416 0.900190
vt 0.815632 0.908254
vt 0.815632 0.875995
vt 0.818724 0.875995
vt 0.818724 0.908254
vt 0.795433 0.927127
vt 0.795433 0.925798
vt 0.797962 0.925798
vt 0.797962 0.924469
vt 0.797962 0.927127
vt 0.795433 0.924469
vt 0.795433 0.928370
vt 0.797962 0.923226
vt 0.797962 0.928370
vt 0.795433 0.923226
vt 0.795433 0.929434
vt 0.797962 0.922162
vt 0.797962 0.929434
vt 0.795433 0.922162
vt 0.797962 0.930250
vt 0.795433 0.921339
vt 0.795433 0.930250
vt 0.797962 0.921339
vt 0.757864 0.896461
vt 0.757864 0.835275
vt 0.764047 0.841174
vt 0.764047 0.896461
vt 0.805726 0.841174
vt 0.811910 0.835275
vt 0.805726 0.896461
vt 0.811910 0.896461
vt 0.798673 0.927127
vt 0.801202 0.927127
vt 0.798673 0.928370
vt 0.801202 0.925798
vt 0.801202 0.928370
vt 0.798673 0.925798
vt 0.798673 0.929434
vt 0.801202 0.924469
vt 0.801202 0.929434
vt 0.798673 0.924469
vt 0.801202 0.930250
vt 0.801202 0.923226
vt 0.798673 0.930250
vt 0.798673 0.923226
vt 0.801202 0.922162
vt 0.798673 0.922162
vt 0.798673 0.921339
vt 0.801202 0.921339
vt 0.789092 0.915860
vt 0.796474 0.912181
vt 0.796474 0.915236
vt 0.789092 0.912508
vt 0.801762 0.912589
vt 0.789092 0.918742
vt 0.796474 0.908898
vt 0.801762 0.910808
vt 0.801762 0.914123
vt 0.796474 0.917858
vt 0.789092 0.908898
vt 0.801762 0.908898
vt 0.789092 0.920949
vt 0.796474 0.905626
vt 0.801762 0.906993
vt 0.796474 0.919874
vt 0.789092 0.905305
vt 0.796474 0.902566
vt 0.801762 0.905218
vt 0.789092 0.901941
vt 0.796474 0.899944
vt 0.801762 0.903684
vt 0.789092 0.899059
vt 0.789092 0.896852
vt 0.796474 0.897934
vt 0.801914 0.927127
vt 0.804443 0.927127
vt 0.801914 0.928370
vt 0.804443 0.925798
vt 0.804443 0.928370
vt 0.801914 0.925798
vt 0.801914 0.929434
vt 0.804443 0.924469
vt 0.804443 0.929434
vt 0.801914 0.924469
vt 0.804443 0.930250
vt 0.804443 0.923226
vt 0.801914 0.930250
vt 0.801914 0.923226
vt 0.804443 0.922162
vt 0.801914 0.922162
vt 0.801914 0.921339
vt 0.804443 0.921339
vt 0.805154 0.927127
vt 0.805154 0.925798
vt 0.807683 0.925798
vt 0.807683 0.924469
vt 0.807683 0.927127
vt 0.805154 0.924469
vt 0.805154 0.928370
vt 0.807683 0.923226
vt 0.807683 0.928370
vt 0.805154 0.923226
vt 0.805154 0.929434
vt 0.807683 0.922162
vt 0.807683 0.929434
vt 0.805154 0.922162
vt 0.807683 0.930250
vt 0.805154 0.921339
vt 0.805154 0.930250
vt 0.807683 0.921339
vt 0.808394 0.923905
vt 0.810923 0.923905
vt 0.810923 0.925235
vt 0.808394 0.922583
vt 0.808394 0.925235
vt 0.810923 0.922583
vt 0.810923 0.926478
vt 0.808394 0.921339
vt 0.808394 0.926478
vt 0.810923 0.921339
vt 0.819450 0.835275
vt 0.822542 0.835275
vt 0.822542 0.867540
vt 0.819450 0.867540
vt 0.823262 0.867540
vt 0.823262 0.835275
vt 0.826354 0.867540
vt 0.826354 0.835275
vt 0.814875 0.926472
vt 0.814875 0.925241
vt 0.817404 0.926472
vt 0.817404 0.925241
vt 0.814875 0.923906
vt 0.817404 0.923906
vt 0.814875 0.922576
vt 0.817404 0.922576
vt 0.814875 0.921339
vt 0.817404 0.921339
vt 0.815816 0.863181
vt 0.812588 0.835275
vt 0.818772 0.861951
vt 0.814592 0.866131
vt 0.818772 0.835275
vt 0.812588 0.875605
vt 0.815816 0.869087
vt 0.818772 0.875605
vt 0.818772 0.870318
vt 0.818116 0.912547
vt 0.820644 0.912547
vt 0.820644 0.913777
vt 0.818116 0.911211
vt 0.818116 0.913777
vt 0.820644 0.911211
vt 0.818116 0.909882
vt 0.820644 0.909882
vt 0.818116 0.908645
vt 0.820644 0.908645
vt 0.775822 0.902214
vt 0.783204 0.899480
vt 0.783204 0.902535
vt 0.775822 0.898856
vt 0.788492 0.903902
vt 0.775822 0.905812
vt 0.788492 0.902127
vt 0.788492 0.905812
vt 0.783204 0.905812
vt 0.783204 0.896852
vt 0.783204 0.909096
vt 0.788492 0.900599
vt 0.788492 0.907717
vt 0.775822 0.909412
vt 0.783204 0.912144
vt 0.775822 0.912769
vt 0.788492 0.909504
vt 0.783204 0.914766
vt 0.788492 0.911031
vt 0.767839 0.899480
vt 0.775222 0.902214
vt 0.767839 0.902535
vt 0.775222 0.898856
vt 0.767839 0.905812
vt 0.762552 0.903902
vt 0.775222 0.905812
vt 0.762552 0.905812
vt 0.762552 0.902127
vt 0.767839 0.909096
vt 0.762552 0.907717
vt 0.767839 0.896852
vt 0.775222 0.909412
vt 0.762552 0.900599
vt 0.767839 0.912144
vt 0.775222 0.912769
vt 0.762552 0.909504
vt 0.767839 0.914766
vt 0.762552 0.911031
vt 0.811635 0.926478
vt 0.811635 0.925235
vt 0.814164 0.926478
vt 0.814164 0.925235
vt 0.811635 0.923905
vt 0.814164 0.923905
vt 0.811635 0.922583
vt 0.814164 0.922583
vt 0.811635 0.921339
vt 0.814164 0.921339
vt 0.770460 0.917321
vt 0.765235 0.922533
vt 0.768926 0.916146
vt 0.771635 0.918849
vt 0.767145 0.915403
vt 0.772365 0.920623
vt 0.765235 0.915157
vt 0.772617 0.922533
vt 0.763330 0.915403
vt 0.772365 0.924439
vt 0.761556 0.916146
vt 0.771635 0.926225
vt 0.760022 0.917321
vt 0.770460 0.927753
vt 0.758853 0.918849
vt 0.768926 0.928928
vt 0.758111 0.920623
vt 0.767145 0.929664
vt 0.757864 0.922533
vt 0.765235 0.929917
vt 0.758111 0.924439
vt 0.763330 0.929664
vt 0.758853 0.926225
vt 0.761556 0.928928
vt 0.760022 0.927753
vt 0.781027 0.924754
vt 0.775894 0.924754
vt 0.774825 0.923937
vt 0.777125 0.925267
vt 0.782090 0.923937
vt 0.779790 0.925267
vt 0.782912 0.922874
vt 0.778460 0.925447
vt 0.774008 0.922874
vt 0.783432 0.921631
vt 0.773495 0.921631
vt 0.773322 0.920301
vt 0.783599 0.920301
vt 0.783432 0.918972
vt 0.773495 0.918972
vt 0.782912 0.917729
vt 0.774008 0.917729
vt 0.782090 0.916665
vt 0.774825 0.916665
vt 0.775894 0.915843
vt 0.781027 0.915843
vt 0.779790 0.915336
vt 0.777125 0.915336
vt 0.778460 0.915157
vt 0.792088 0.930936
vt 0.786949 0.930936
vt 0.793157 0.930120
vt 0.788193 0.931450
vt 0.785880 0.930120
vt 0.790844 0.931450
vt 0.793975 0.929057
vt 0.789522 0.931629
vt 0.785064 0.929057
vt 0.794488 0.927814
vt 0.784557 0.927814
vt 0.794660 0.926484
vt 0.784378 0.926484
vt 0.794488 0.925155
vt 0.784557 0.925155
vt 0.785064 0.923912
vt 0.793975 0.923912
vt 0.793157 0.922848
vt 0.785880 0.922848
vt 0.786949 0.922026
vt 0.792088 0.922026
vt 0.788193 0.921519
vt 0.790844 0.921519
vt 0.789522 0.921339
vt 0.800379 0.955651
vt 0.801770 0.952294
vt 0.804460 0.964827
vt 0.802246 0.948694
vt 0.798172 0.958533
vt 0.804460 0.932562
vt 0.795290 0.960741
vt 0.801770 0.945097
vt 0.791938 0.962132
vt 0.800379 0.941739
vt 0.788327 0.962608
vt 0.798172 0.938856
vt 0.784735 0.962132
vt 0.795290 0.936649
vt 0.772201 0.964827
vt 0.791938 0.935258
vt 0.781371 0.960741
vt 0.788327 0.934788
vt 0.778489 0.958533
vt 0.784735 0.935258
vt 0.776282 0.955651
vt 0.772201 0.932562
vt 0.774890 0.952294
vt 0.781371 0.936649
vt 0.774420 0.948694
vt 0.778489 0.938856
vt 0.774890 0.945097
vt 0.776282 0.941739
vt 0.769562 0.860467
vt 0.769562 0.892726
vt 0.764745 0.896461
vt 0.801828 0.892726
vt 0.764745 0.841174
vt 0.805074 0.896461
vt 0.775727 0.848186
vt 0.801828 0.860467
vt 0.776543 0.847123
vt 0.775214 0.849429
vt 0.805074 0.841174
vt 0.777612 0.846300
vt 0.775041 0.850759
vt 0.800140 0.849429
vt 0.778843 0.845793
vt 0.775214 0.852088
vt 0.800312 0.850759
vt 0.799627 0.848186
vt 0.780179 0.845614
vt 0.775727 0.853331
vt 0.800140 0.852088
vt 0.798810 0.847123
vt 0.795175 0.845614
vt 0.776543 0.854394
vt 0.799627 0.853331
vt 0.797740 0.846300
vt 0.781508 0.845793
vt 0.796497 0.845793
vt 0.777612 0.855211
vt 0.798810 0.854394
vt 0.793845 0.845793
vt 0.778843 0.855724
vt 0.797740 0.855211
vt 0.792602 0.846300
vt 0.805074 0.835275
vt 0.780179 0.855904
vt 0.796497 0.855724
vt 0.782745 0.846300
vt 0.764745 0.835275
vt 0.795175 0.855904
vt 0.783808 0.847123
vt 0.793845 0.855724
vt 0.791532 0.847123
vt 0.781508 0.855724
vt 0.790716 0.848186
vt 0.782745 0.855211
vt 0.784631 0.848186
vt 0.792602 0.855211
vt 0.790209 0.849429
vt 0.791532 0.854394
vt 0.785151 0.849429
vt 0.783808 0.854394
vt 0.785318 0.850759
vt 0.784631 0.853331
vt 0.790030 0.850759
vt 0.790716 0.853331
vt 0.785151 0.852088
vt 0.790209 0.852088
vt 0.868628 0.859010
vt 0.868628 0.853776
vt 0.873866 0.859010
vt 0.868628 0.893139
vt 0.873866 0.893139
vt 0.921722 0.894598
vt 0.915474 0.896911
vt 0.915474 0.894320
vt 0.921722 0.897434
vt 0.910994 0.894671
vt 0.921722 0.891547
vt 0.915474 0.899125
vt 0.910994 0.893164
vt 0.910994 0.895963
vt 0.915474 0.891547
vt 0.921722 0.899873
vt 0.921722 0.888501
vt 0.921722 0.901746
vt 0.910994 0.891547
vt 0.915474 0.888774
vt 0.915474 0.900830
vt 0.921722 0.885654
vt 0.910994 0.889929
vt 0.915474 0.886189
vt 0.910994 0.888428
vt 0.921722 0.883222
vt 0.910994 0.887136
vt 0.915474 0.883964
vt 0.921722 0.881347
vt 0.915474 0.882264
vt 0.875691 0.919285
vt 0.875691 0.918233
vt 0.877826 0.918233
vt 0.877826 0.917107
vt 0.877826 0.919285
vt 0.875691 0.917107
vt 0.875691 0.920185
vt 0.877826 0.915983
vt 0.877826 0.920185
vt 0.875691 0.915983
vt 0.877826 0.920881
vt 0.877826 0.914931
vt 0.875691 0.920881
vt 0.875691 0.914931
vt 0.877826 0.914030
vt 0.875691 0.914030
vt 0.875691 0.913335
vt 0.877826 0.913335
vt 0.878340 0.911460
vt 0.880474 0.911460
vt 0.878340 0.912583
vt 0.880474 0.910407
vt 0.880474 0.912583
vt 0.878340 0.910407
vt 0.878340 0.913710
vt 0.880474 0.909506
vt 0.880474 0.913710
vt 0.878340 0.909506
vt 0.878340 0.914761
vt 0.878340 0.908811
vt 0.880474 0.914761
vt 0.880474 0.908811
vt 0.878340 0.915661
vt 0.880474 0.915661
vt 0.880474 0.916357
vt 0.878340 0.916357
vt 0.879542 0.859010
vt 0.874304 0.859010
vt 0.879542 0.853776
vt 0.874304 0.893139
vt 0.879542 0.893139
vt 0.913782 0.881083
vt 0.913782 0.853776
vt 0.916393 0.853776
vt 0.916393 0.881083
vt 0.916809 0.853776
vt 0.919420 0.853776
vt 0.916809 0.881083
vt 0.919420 0.881083
vt 0.880988 0.912574
vt 0.883123 0.912574
vt 0.880988 0.913704
vt 0.883123 0.911448
vt 0.883123 0.913704
vt 0.880988 0.911448
vt 0.880988 0.914751
vt 0.883123 0.910402
vt 0.883123 0.914751
vt 0.880988 0.910402
vt 0.880988 0.915651
vt 0.883123 0.909502
vt 0.883123 0.915651
vt 0.880988 0.909502
vt 0.883123 0.916347
vt 0.880988 0.908811
vt 0.880988 0.916347
vt 0.883123 0.908811
vt 0.883637 0.912574
vt 0.883637 0.911448
vt 0.885772 0.911448
vt 0.885772 0.910402
vt 0.885772 0.912574
vt 0.883637 0.910402
vt 0.883637 0.913704
vt 0.885772 0.909502
vt 0.885772 0.913704
vt 0.883637 0.909502
vt 0.883637 0.914751
vt 0.883637 0.908811
vt 0.885772 0.914751
vt 0.885772 0.908811
vt 0.883637 0.915651
vt 0.885772 0.915651
vt 0.885772 0.916347
vt 0.883637 0.916347
vt 0.899868 0.888501
vt 0.906117 0.886189
vt 0.906117 0.888774
vt 0.899868 0.885654
vt 0.910597 0.888428
vt 0.899868 0.891547
vt 0.906117 0.883964
vt 0.910597 0.889929
vt 0.910597 0.887136
vt 0.906117 0.891547
vt 0.899868 0.883222
vt 0.899868 0.894598
vt 0.899868 0.881348
vt 0.910597 0.891547
vt 0.906117 0.894320
vt 0.906117 0.882264
vt 0.899868 0.897434
vt 0.910597 0.893164
vt 0.906117 0.896911
vt 0.910597 0.894671
vt 0.899868 0.899873
vt 0.910597 0.895963
vt 0.906117 0.899125
vt 0.899868 0.901746
vt 0.906117 0.900830
vt 0.893222 0.883561
vt 0.899471 0.885874
vt 0.893222 0.886153
vt 0.899471 0.883037
vt 0.899471 0.888919
vt 0.888743 0.887308
vt 0.893222 0.888919
vt 0.888743 0.885801
vt 0.888743 0.888919
vt 0.893222 0.891697
vt 0.893222 0.881347
vt 0.899471 0.891972
vt 0.888743 0.884509
vt 0.893222 0.894283
vt 0.888743 0.890543
vt 0.899471 0.894807
vt 0.888743 0.892043
vt 0.893222 0.896503
vt 0.888743 0.893335
vt 0.886286 0.910987
vt 0.886286 0.909870
vt 0.888420 0.910987
vt 0.888420 0.909870
vt 0.888420 0.912120
vt 0.886286 0.908811
vt 0.886286 0.912120
vt 0.888420 0.908811
vt 0.888420 0.913164
vt 0.886286 0.913164
vt 0.888935 0.896761
vt 0.891069 0.896761
vt 0.891069 0.897819
vt 0.888935 0.897819
vt 0.891069 0.898937
vt 0.888935 0.898937
vt 0.891069 0.900070
vt 0.888935 0.900070
vt 0.891069 0.901114
vt 0.888935 0.901114
vt 0.862952 0.900327
vt 0.862952 0.853776
vt 0.868190 0.900327
vt 0.868190 0.853776
vt 0.907728 0.853776
vt 0.910338 0.853776
vt 0.910338 0.881089
vt 0.907728 0.881089
vt 0.910755 0.881089
vt 0.910755 0.853776
vt 0.913366 0.881089
vt 0.913366 0.853776
vt 0.891583 0.897819
vt 0.891583 0.896761
vt 0.893718 0.897819
vt 0.893718 0.896761
vt 0.893718 0.898937
vt 0.891583 0.898937
vt 0.893718 0.900070
vt 0.891583 0.900070
vt 0.893718 0.901114
vt 0.891583 0.901114
vt 0.894232 0.897819
vt 0.896367 0.897819
vt 0.896367 0.898937
vt 0.894232 0.896761
vt 0.894232 0.898937
vt 0.896367 0.896761
vt 0.896367 0.900070
vt 0.894232 0.900070
vt 0.896367 0.901114
vt 0.894232 0.901114
vt 0.877617 0.900969
vt 0.883866 0.903747
vt 0.877617 0.904022
vt 0.883866 0.900969
vt 0.883866 0.906333
vt 0.883866 0.898203
vt 0.888346 0.902593
vt 0.877617 0.906857
vt 0.877617 0.897925
vt 0.888346 0.900969
vt 0.888346 0.904094
vt 0.883866 0.895611
vt 0.888346 0.899358
vt 0.883866 0.908553
vt 0.877617 0.895087
vt 0.888346 0.905385
vt 0.888346 0.897851
vt 0.883866 0.893398
vt 0.888346 0.896559
vt 0.876383 0.903710
vt 0.870972 0.906828
vt 0.875389 0.902418
vt 0.877001 0.905217
vt 0.874097 0.901423
vt 0.877220 0.906828
vt 0.872590 0.900806
vt 0.877001 0.908451
vt 0.870972 0.900585
vt 0.876383 0.909952
vt 0.869355 0.900806
vt 0.875389 0.911244
vt 0.867853 0.901423
vt 0.874097 0.912239
vt 0.866561 0.902418
vt 0.872590 0.912864
vt 0.865567 0.903710
vt 0.870972 0.913077
vt 0.864943 0.905217
vt 0.869355 0.912864
vt 0.864730 0.906828
vt 0.867853 0.912239
vt 0.864943 0.908451
vt 0.866561 0.911244
vt 0.865567 0.909952
vt 0.907286 0.853776
vt 0.905407 0.867429
vt 0.905009 0.864384
vt 0.907286 0.881089
vt 0.903832 0.861546
vt 0.905009 0.870481
vt 0.901959 0.859108
vt 0.903832 0.873317
vt 0.899520 0.857237
vt 0.901959 0.875755
vt 0.896685 0.856059
vt 0.899520 0.877635
vt 0.893633 0.855660
vt 0.896685 0.878806
vt 0.890587 0.856059
vt 0.893633 0.879207
vt 0.879979 0.853776
vt 0.890587 0.878806
vt 0.887740 0.857237
vt 0.879979 0.881089
vt 0.885308 0.859108
vt 0.887740 0.877635
vt 0.883433 0.861546
vt 0.885308 0.875755
vt 0.882261 0.864384
vt 0.883433 0.873317
vt 0.882261 0.870481
vt 0.881863 0.867429
vt 0.862736 0.921890
vt 0.860486 0.921890
vt 0.859442 0.921461
vt 0.861618 0.922043
vt 0.863795 0.921461
vt 0.858537 0.920765
vt 0.864696 0.920765
vt 0.857845 0.919865
vt 0.865380 0.919865
vt 0.857417 0.918814
vt 0.865820 0.918814
vt 0.857263 0.917688
vt 0.865967 0.917688
vt 0.857417 0.916564
vt 0.865820 0.916564
vt 0.857845 0.915511
vt 0.865380 0.915511
vt 0.858537 0.914611
vt 0.864696 0.914611
vt 0.859442 0.913915
vt 0.863795 0.913915
vt 0.860486 0.913485
vt 0.862736 0.913485
vt 0.861618 0.913335
vt 0.875035 0.916566
vt 0.875035 0.918816
vt 0.874601 0.919860
vt 0.875181 0.917684
vt 0.874601 0.915507
vt 0.873905 0.920765
vt 0.873905 0.914606
vt 0.873005 0.921457
vt 0.873005 0.913923
vt 0.871958 0.921885
vt 0.871958 0.913482
vt 0.870828 0.922039
vt 0.870828 0.913335
vt 0.869702 0.921885
vt 0.869702 0.913482
vt 0.868656 0.921457
vt 0.868656 0.913923
vt 0.867756 0.920765
vt 0.867756 0.914606
vt 0.867065 0.919860
vt 0.867065 0.915507
vt 0.866625 0.918816
vt 0.866625 0.916566
vt 0.866484 0.917684
vt 0.857263 0.853776
vt 0.862502 0.853776
vt 0.857263 0.873272
vt 0.858006 0.873428
vt 0.858148 0.873454
vt 0.858545 0.873649
vt 0.858964 0.873851
vt 0.858733 0.873743
vt 0.859514 0.874312
vt 0.859670 0.874439
vt 0.859780 0.874591
vt 0.860210 0.875186
vt 0.860267 0.875324
vt 0.860550 0.876034
vt 0.860670 0.876919
vt 0.862502 0.900327
vt 0.860654 0.877037
vt 0.860550 0.877793
vt 0.860503 0.877907
vt 0.860210 0.878587
vt 0.860121 0.878698
vt 0.859670 0.879259
vt 0.859519 0.879357
vt 0.858964 0.879744
vt 0.858745 0.879818
vt 0.858148 0.880027
vt 0.857854 0.880043
vt 0.857263 0.880074
vt 0.857263 0.900327
vt 0.027557 0.865981
vt 0.042195 0.880876
vt 0.027557 0.881081
vt 0.042195 0.865981
vt 0.042195 0.895588
vt 0.027557 0.850896
vt 0.056586 0.880521
vt 0.027557 0.896007
vt 0.056586 0.894903
vt 0.042195 0.851103
vt 0.056586 0.865981
vt 0.042195 0.909987
vt 0.056586 0.908955
vt 0.042195 0.836373
vt 0.070605 0.880025
vt 0.070605 0.893920
vt 0.027557 0.910605
vt 0.070605 0.907512
vt 0.027557 0.835961
vt 0.056586 0.837075
vt 0.056586 0.851449
vt 0.070605 0.865981
vt 0.042195 0.923906
vt 0.056586 0.922537
vt 0.070605 0.920641
vt 0.042195 0.821984
vt 0.056586 0.823023
vt 0.070605 0.851937
vt 0.084121 0.879407
vt 0.084121 0.892682
vt 0.084121 0.905672
vt 0.027557 0.924725
vt 0.084121 0.918223
vt 0.027557 0.821364
vt 0.070605 0.838048
vt 0.070605 0.824466
vt 0.084121 0.865981
vt 0.042195 0.937185
vt 0.056586 0.935509
vt 0.070605 0.933175
vt 0.084121 0.930203
vt 0.042195 0.808070
vt 0.056586 0.809425
vt 0.070605 0.811321
vt 0.084121 0.839278
vt 0.084121 0.852563
vt 0.097035 0.878656
vt 0.097035 0.891197
vt 0.097035 0.903452
vt 0.097035 0.915301
vt 0.027557 0.938191
vt 0.097035 0.926623
vt 0.027557 0.807253
vt 0.084121 0.826298
vt 0.084121 0.813748
vt 0.097035 0.853306
vt 0.097035 0.865981
vt 0.042195 0.949686
vt 0.056586 0.947715
vt 0.070605 0.944974
vt 0.084121 0.941476
vt 0.097035 0.937251
vt 0.042195 0.794785
vt 0.056586 0.796461
vt 0.070605 0.798796
vt 0.084121 0.801767
vt 0.097035 0.840771
vt 0.097035 0.828510
vt 0.109231 0.877789
vt 0.109231 0.889457
vt 0.109231 0.900877
vt 0.109231 0.911909
vt 0.109231 0.922447
vt 0.027557 0.950866
vt 0.109231 0.932357
vt 0.027557 0.793788
vt 0.097035 0.816660
vt 0.097035 0.805355
vt 0.109231 0.865981
vt 0.109231 0.842505
vt 0.042195 0.961263
vt 0.056586 0.959027
vt 0.070605 0.955907
vt 0.084121 0.951921
vt 0.097035 0.947127
vt 0.109231 0.941540
vt 0.042195 0.782284
vt 0.056586 0.784247
vt 0.070605 0.787005
vt 0.084121 0.790495
vt 0.097035 0.794711
vt 0.109231 0.831093
vt 0.109231 0.820053
vt 0.109231 0.854181
vt 0.120594 0.876806
vt 0.120594 0.887500
vt 0.120594 0.897956
vt 0.120594 0.908080
vt 0.120594 0.917727
vt 0.120594 0.926812
vt 0.027557 0.962616
vt 0.027557 0.781112
vt 0.109231 0.809531
vt 0.109231 0.799612
vt 0.120594 0.865981
vt 0.120594 0.844470
vt 0.120594 0.834006
vt 0.042195 0.971809
vt 0.056586 0.969317
vt 0.070605 0.965851
vt 0.084121 0.961428
vt 0.097035 0.956106
vt 0.120594 0.935237
vt 0.042195 0.770699
vt 0.056586 0.772943
vt 0.070605 0.776071
vt 0.084121 0.780049
vt 0.097035 0.784851
vt 0.109231 0.790420
vt 0.120594 0.823896
vt 0.120594 0.814243
vt 0.120594 0.855172
vt 0.131049 0.865981
vt 0.131049 0.875708
vt 0.131049 0.885323
vt 0.131049 0.894737
vt 0.131049 0.903824
vt 0.131049 0.912503
vt 0.027557 0.973302
vt 0.109231 0.949900
vt 0.131049 0.920673
vt 0.027557 0.769361
vt 0.120594 0.805157
vt 0.131049 0.856268
vt 0.131049 0.846638
vt 0.131049 0.837233
vt 0.042195 0.981182
vt 0.027557 0.982816
vt 0.056586 0.978476
vt 0.070605 0.974705
vt 0.084121 0.969894
vt 0.097035 0.964085
vt 0.131049 0.928239
vt 0.120594 0.942895
vt 0.042195 0.760161
vt 0.056586 0.762654
vt 0.070605 0.766127
vt 0.084121 0.770541
vt 0.097035 0.775873
vt 0.109231 0.782070
vt 0.120594 0.796742
vt 0.131049 0.828139
vt 0.131049 0.819467
vt 0.140473 0.865981
vt 0.140473 0.874530
vt 0.140473 0.882963
vt 0.140473 0.891223
vt 0.140473 0.899210
vt 0.140473 0.906818
vt 0.109231 0.957336
vt 0.027557 0.758676
vt 0.131049 0.811305
vt 0.140473 0.857448
vt 0.140473 0.849007
vt 0.140473 0.840747
vt 0.140473 0.913980
vt 0.042195 0.989302
vt 0.027557 0.991052
vt 0.056586 0.986414
vt 0.131049 0.935130
vt 0.056586 0.753495
vt 0.042195 0.750780
vt 0.070605 0.757273
vt 0.084121 0.762084
vt 0.097035 0.767886
vt 0.109231 0.774635
vt 0.120594 0.789084
vt 0.131049 0.803731
vt 0.140473 0.832768
vt 0.140473 0.825151
vt 0.148823 0.865981
vt 0.148823 0.873251
vt 0.148823 0.880428
vt 0.148823 0.887460
vt 0.148823 0.894243
vt 0.070605 0.982363
vt 0.027557 0.749162
vt 0.140473 0.817982
vt 0.148823 0.858728
vt 0.148823 0.851550
vt 0.148823 0.844518
vt 0.148823 0.900719
vt 0.056586 0.745562
vt 0.070605 0.749607
vt 0.042195 0.742660
vt 0.131049 0.796848
vt 0.148823 0.837727
vt 0.027557 0.740926
vt 0.148823 0.831241
vt 0.208613 0.790503
vt 0.195097 0.798803
vt 0.195097 0.787005
vt 0.208613 0.801775
vt 0.181077 0.796469
vt 0.208613 0.780057
vt 0.221527 0.794727
vt 0.195097 0.811338
vt 0.181077 0.784263
vt 0.181077 0.809441
vt 0.195097 0.776071
vt 0.221527 0.784851
vt 0.221527 0.805355
vt 0.208613 0.813756
vt 0.166686 0.794793
vt 0.166686 0.808072
vt 0.195097 0.766127
vt 0.208613 0.770551
vt 0.233723 0.799621
vt 0.233723 0.790438
vt 0.195097 0.824466
vt 0.181077 0.823023
vt 0.166686 0.782293
vt 0.181077 0.772951
vt 0.166686 0.821992
vt 0.181077 0.762662
vt 0.221527 0.775873
vt 0.233723 0.809531
vt 0.221527 0.816677
vt 0.233723 0.782078
vt 0.208613 0.826306
vt 0.152048 0.793788
vt 0.152048 0.807253
vt 0.152048 0.821373
vt 0.208613 0.762084
vt 0.195097 0.757273
vt 0.221527 0.767894
vt 0.245085 0.805166
vt 0.245085 0.796742
vt 0.195097 0.838058
vt 0.181077 0.837075
vt 0.166686 0.836390
vt 0.152048 0.781112
vt 0.166686 0.770715
vt 0.152048 0.835971
vt 0.181077 0.753502
vt 0.233723 0.774643
vt 0.245085 0.814251
vt 0.233723 0.820069
vt 0.221527 0.828526
vt 0.245085 0.789084
vt 0.208613 0.839296
vt 0.166686 0.760169
vt 0.195097 0.749615
vt 0.255541 0.819475
vt 0.255541 0.811305
vt 0.255541 0.803739
vt 0.195097 0.851953
vt 0.181077 0.851458
vt 0.166686 0.851103
vt 0.152048 0.850898
vt 0.152048 0.769363
vt 0.166686 0.750795
vt 0.181077 0.745564
vt 0.255541 0.828155
vt 0.245085 0.823898
vt 0.233723 0.831101
vt 0.221527 0.840781
vt 0.255541 0.796848
vt 0.208613 0.852572
vt 0.152048 0.758676
vt 0.264964 0.825160
vt 0.264964 0.832768
vt 0.195097 0.865997
vt 0.181077 0.865997
vt 0.166686 0.865997
vt 0.152048 0.865997
vt 0.152048 0.749162
vt 0.166686 0.742676
vt 0.264964 0.817998
vt 0.255541 0.837241
vt 0.264964 0.840755
vt 0.245085 0.834022
vt 0.233723 0.842521
vt 0.221527 0.853322
vt 0.208613 0.865997
vt 0.273315 0.837735
vt 0.273315 0.844518
vt 0.208613 0.879415
vt 0.181077 0.880529
vt 0.166686 0.880876
vt 0.152048 0.740926
vt 0.273315 0.831259
vt 0.255541 0.846655
vt 0.264964 0.849015
vt 0.273315 0.851550
vt 0.245085 0.844478
vt 0.233723 0.854189
vt 0.221527 0.865997
vt 0.195097 0.880041
vt 0.152048 0.881082
vt 0.208613 0.892700
vt 0.221527 0.878672
vt 0.195097 0.893930
vt 0.181077 0.894903
vt 0.166686 0.895606
vt 0.255541 0.856270
vt 0.264964 0.857448
vt 0.273315 0.858727
vt 0.245085 0.855172
vt 0.233723 0.865997
vt 0.221527 0.891207
vt 0.233723 0.877797
vt 0.152048 0.896017
vt 0.208613 0.905680
vt 0.221527 0.903468
vt 0.233723 0.889473
vt 0.195097 0.907512
vt 0.181077 0.908955
vt 0.166686 0.909995
vt 0.255541 0.865997
vt 0.264964 0.865997
vt 0.273315 0.865997
vt 0.245085 0.865997
vt 0.233723 0.900886
vt 0.245085 0.887508
vt 0.152048 0.910615
vt 0.245085 0.876806
vt 0.208613 0.918230
vt 0.221527 0.915319
vt 0.233723 0.911926
vt 0.245085 0.897972
vt 0.195097 0.920657
vt 0.181077 0.922554
vt 0.166686 0.923908
vt 0.255541 0.875710
vt 0.264964 0.874530
vt 0.245085 0.908082
vt 0.255541 0.885341
vt 0.152048 0.924725
vt 0.273315 0.873250
vt 0.208613 0.930212
vt 0.221527 0.926623
vt 0.233723 0.922447
vt 0.245085 0.917735
vt 0.255541 0.894745
vt 0.195097 0.933182
vt 0.181077 0.935518
vt 0.166686 0.937193
vt 0.264964 0.882971
vt 0.255541 0.903840
vt 0.152048 0.938191
vt 0.273315 0.880428
vt 0.208613 0.941484
vt 0.221527 0.937267
vt 0.233723 0.932367
vt 0.245085 0.926822
vt 0.255541 0.912511
vt 0.264964 0.891231
vt 0.195097 0.944974
vt 0.181077 0.947731
vt 0.166686 0.949694
vt 0.264964 0.899210
vt 0.152048 0.950866
vt 0.273315 0.887460
vt 0.208613 0.951930
vt 0.221527 0.947127
vt 0.233723 0.941558
vt 0.255541 0.920673
vt 0.264964 0.906828
vt 0.195097 0.955907
vt 0.181077 0.959036
vt 0.166686 0.961279
vt 0.245085 0.935237
vt 0.273315 0.894251
vt 0.152048 0.962617
vt 0.195097 0.965851
vt 0.208613 0.961437
vt 0.221527 0.956106
vt 0.233723 0.949908
vt 0.264964 0.913997
vt 0.255541 0.928247
vt 0.273315 0.900737
vt 0.181077 0.969325
vt 0.166686 0.971817
vt 0.245085 0.942895
vt 0.152048 0.973302
vt 0.181077 0.978484
vt 0.195097 0.974705
vt 0.208613 0.969894
vt 0.221527 0.964093
vt 0.255541 0.935130
vt 0.166686 0.981199
vt 0.152048 0.982816
vt 0.233723 0.957344
vt 0.181077 0.986416
vt 0.166686 0.989318
vt 0.152048 0.991052
vt 0.195097 0.982371
vt 0.421119 0.854922
vt 0.408578 0.862193
vt 0.408265 0.856276
vt 0.421499 0.862193
vt 0.395054 0.862193
vt 0.419973 0.847745
vt 0.421119 0.869445
vt 0.394814 0.857687
vt 0.408265 0.868109
vt 0.407339 0.850434
vt 0.381043 0.862193
vt 0.394814 0.866682
vt 0.418099 0.840713
vt 0.419973 0.876624
vt 0.380886 0.859148
vt 0.394121 0.853240
vt 0.407339 0.873952
vt 0.405813 0.844717
vt 0.366650 0.862193
vt 0.380886 0.865221
vt 0.394121 0.871138
vt 0.415492 0.833930
vt 0.418099 0.883655
vt 0.366568 0.860657
vt 0.380415 0.856152
vt 0.392949 0.848883
vt 0.405813 0.879670
vt 0.403692 0.839180
vt 0.352020 0.862193
vt 0.366568 0.863720
vt 0.380415 0.868217
vt 0.392949 0.875486
vt 0.412183 0.827454
vt 0.415492 0.890446
vt 0.366337 0.859140
vt 0.379614 0.853216
vt 0.391332 0.844683
vt 0.403692 0.885190
vt 0.401003 0.833906
vt 0.366337 0.865229
vt 0.365941 0.857671
vt 0.379614 0.871153
vt 0.391332 0.879702
vt 0.408223 0.821355
vt 0.412183 0.896932
vt 0.365941 0.866716
vt 0.365388 0.856234
vt 0.378534 0.850384
vt 0.389293 0.840673
vt 0.401003 0.890471
vt 0.397776 0.828946
vt 0.418083 0.814193
vt 0.365388 0.868133
vt 0.364695 0.854873
vt 0.378534 0.873992
vt 0.389293 0.883704
vt 0.403652 0.815702
vt 0.422746 0.821355
vt 0.412711 0.807543
vt 0.408223 0.903029
vt 0.364695 0.869503
vt 0.363861 0.853585
vt 0.377156 0.847677
vt 0.386843 0.836894
vt 0.397776 0.895438
vt 0.394053 0.824342
vt 0.421161 0.799935
vt 0.418083 0.910192
vt 0.377156 0.876698
vt 0.363861 0.870799
vt 0.362887 0.852391
vt 0.375498 0.845128
vt 0.386843 0.887492
vt 0.398510 0.810563
vt 0.406672 0.801494
vt 0.427292 0.807500
vt 0.414272 0.793043
vt 0.403652 0.908674
vt 0.422746 0.903023
vt 0.412711 0.916842
vt 0.375498 0.879250
vt 0.362887 0.871978
vt 0.361807 0.851308
vt 0.373591 0.842768
vt 0.383995 0.833387
vt 0.394053 0.900035
vt 0.389863 0.820158
vt 0.421161 0.924442
vt 0.373591 0.881608
vt 0.361807 0.873061
vt 0.360627 0.850352
vt 0.371438 0.840623
vt 0.383995 0.890982
vt 0.392849 0.805981
vt 0.400021 0.796114
vt 0.406696 0.786920
vt 0.398510 0.913824
vt 0.406672 0.922875
vt 0.427292 0.916868
vt 0.414272 0.931325
vt 0.371438 0.883764
vt 0.360627 0.874034
vt 0.359339 0.849517
vt 0.369076 0.838709
vt 0.380810 0.830200
vt 0.389863 0.904227
vt 0.385267 0.816429
vt 0.412843 0.778472
vt 0.380810 0.894167
vt 0.369076 0.885668
vt 0.359339 0.874868
vt 0.357970 0.848817
vt 0.366527 0.837057
vt 0.377320 0.827370
vt 0.386760 0.802022
vt 0.392849 0.791460
vt 0.398536 0.781614
vt 0.421261 0.785279
vt 0.403758 0.772562
vt 0.400021 0.928257
vt 0.392849 0.918394
vt 0.406696 0.937464
vt 0.377320 0.897015
vt 0.366527 0.887326
vt 0.357970 0.875560
vt 0.356542 0.848271
vt 0.363820 0.835672
vt 0.373541 0.824920
vt 0.385267 0.907948
vt 0.380300 0.813204
vt 0.418388 0.770838
vt 0.408470 0.764394
vt 0.412843 0.945913
vt 0.373541 0.899465
vt 0.363820 0.888705
vt 0.356542 0.876114
vt 0.355057 0.847876
vt 0.360981 0.834583
vt 0.369514 0.822865
vt 0.380274 0.798721
vt 0.385233 0.787581
vt 0.389863 0.777193
vt 0.394105 0.767653
vt 0.427581 0.778273
vt 0.397941 0.759038
vt 0.392849 0.932917
vt 0.398536 0.942754
vt 0.386760 0.922357
vt 0.421261 0.939090
vt 0.403758 0.951807
vt 0.380300 0.911175
vt 0.369514 0.901504
vt 0.360981 0.889786
vt 0.355057 0.876501
vt 0.353547 0.847628
vt 0.358045 0.833798
vt 0.365315 0.821257
vt 0.375018 0.810521
vt 0.412645 0.757183
vt 0.401340 0.751405
vt 0.418388 0.953539
vt 0.375018 0.913866
vt 0.365315 0.903121
vt 0.358045 0.890579
vt 0.353547 0.876741
vt 0.352020 0.847545
vt 0.355049 0.833328
vt 0.360966 0.820093
vt 0.369498 0.808400
vt 0.373483 0.796114
vt 0.377254 0.784518
vt 0.380770 0.773702
vt 0.383995 0.763767
vt 0.386917 0.754797
vt 0.423290 0.764089
vt 0.389492 0.746868
vt 0.385233 0.936804
vt 0.389863 0.947176
vt 0.394105 0.956732
vt 0.380274 0.925664
vt 0.427581 0.946104
vt 0.408470 0.959975
vt 0.369498 0.915985
vt 0.360966 0.904285
vt 0.355049 0.891056
vt 0.352020 0.876822
vt 0.350485 0.847628
vt 0.356509 0.819383
vt 0.363780 0.806866
vt 0.423290 0.960288
vt 0.373483 0.928273
vt 0.363780 0.917520
vt 0.356509 0.904986
vt 0.352020 0.891215
vt 0.350485 0.876741
vt 0.348968 0.847876
vt 0.352020 0.833163
vt 0.357928 0.805933
vt 0.366461 0.794223
vt 0.368994 0.782309
vt 0.371364 0.771185
vt 0.373523 0.760960
vt 0.375498 0.751737
vt 0.377230 0.743575
vt 0.377254 0.939866
vt 0.380770 0.950675
vt 0.383995 0.960609
vt 0.397941 0.965347
vt 0.412645 0.967203
vt 0.366461 0.930145
vt 0.357928 0.918436
vt 0.352020 0.905225
vt 0.348968 0.876501
vt 0.347499 0.848271
vt 0.348976 0.833328
vt 0.352020 0.819144
vt 0.359273 0.793094
vt 0.368994 0.942076
vt 0.359273 0.931283
vt 0.348976 0.891056
vt 0.347499 0.876114
vt 0.346064 0.848817
vt 0.345981 0.833798
vt 0.352020 0.805626
vt 0.360553 0.780964
vt 0.361741 0.769658
vt 0.362831 0.759270
vt 0.363820 0.749888
vt 0.364695 0.741594
vt 0.371364 0.953201
vt 0.373523 0.963408
vt 0.386917 0.969579
vt 0.401340 0.972962
vt 0.360553 0.943405
vt 0.352020 0.931672
vt 0.352020 0.918749
vt 0.347515 0.904986
vt 0.345981 0.890579
vt 0.346064 0.875560
vt 0.344701 0.849517
vt 0.343043 0.834583
vt 0.347515 0.819383
vt 0.352020 0.792712
vt 0.361741 0.954719
vt 0.352020 0.943860
vt 0.343043 0.889786
vt 0.344701 0.874868
vt 0.343413 0.850352
vt 0.340212 0.835672
vt 0.343068 0.820093
vt 0.346104 0.805933
vt 0.352020 0.780518
vt 0.352020 0.769154
vt 0.352020 0.758708
vt 0.352020 0.749268
vt 0.362831 0.965107
vt 0.375498 0.972642
vt 0.389492 0.977510
vt 0.352020 0.955231
vt 0.346104 0.918436
vt 0.344751 0.931283
vt 0.343068 0.904285
vt 0.340212 0.888705
vt 0.343413 0.874034
vt 0.342217 0.851308
vt 0.337497 0.837057
vt 0.338719 0.821257
vt 0.344751 0.793094
vt 0.352020 0.740926
vt 0.352020 0.965678
vt 0.343479 0.943405
vt 0.338719 0.903121
vt 0.337497 0.887326
vt 0.342217 0.873061
vt 0.341137 0.852391
vt 0.334956 0.838709
vt 0.334511 0.822865
vt 0.340262 0.806866
vt 0.343479 0.780964
vt 0.342293 0.769658
vt 0.340212 0.749888
vt 0.339347 0.741594
vt 0.363820 0.974492
vt 0.377230 0.980794
vt 0.352020 0.975108
vt 0.342293 0.954719
vt 0.340262 0.917520
vt 0.337573 0.930145
vt 0.334511 0.901504
vt 0.334956 0.885668
vt 0.341137 0.871978
vt 0.340180 0.853585
vt 0.332596 0.840623
vt 0.330491 0.824920
vt 0.334543 0.808400
vt 0.337573 0.794223
vt 0.341203 0.759270
vt 0.341203 0.965107
vt 0.335038 0.942076
vt 0.334543 0.915985
vt 0.330491 0.899465
vt 0.332596 0.883764
vt 0.340180 0.870799
vt 0.339347 0.854873
vt 0.330451 0.842768
vt 0.326720 0.827370
vt 0.329006 0.810521
vt 0.335038 0.782309
vt 0.332678 0.771185
vt 0.328544 0.751737
vt 0.326803 0.743575
vt 0.364695 0.982782
vt 0.352020 0.983441
vt 0.340212 0.974492
vt 0.332678 0.953201
vt 0.330541 0.928273
vt 0.329006 0.913866
vt 0.326720 0.897015
vt 0.330451 0.881608
vt 0.339347 0.869503
vt 0.338645 0.856234
vt 0.328536 0.845128
vt 0.323214 0.830200
vt 0.323734 0.813204
vt 0.330541 0.796114
vt 0.330501 0.760960
vt 0.330501 0.963408
vt 0.326778 0.939866
vt 0.323734 0.911175
vt 0.323214 0.894167
vt 0.328536 0.879250
vt 0.338645 0.868133
vt 0.338101 0.857671
vt 0.326885 0.847677
vt 0.320028 0.833387
vt 0.318773 0.816429
vt 0.323760 0.798721
vt 0.326778 0.784518
vt 0.323272 0.773702
vt 0.320045 0.763767
vt 0.317125 0.754797
vt 0.339347 0.982782
vt 0.328544 0.972642
vt 0.323272 0.950675
vt 0.323760 0.925664
vt 0.318773 0.907948
vt 0.320028 0.890982
vt 0.326885 0.876698
vt 0.338101 0.866716
vt 0.337695 0.859140
vt 0.325508 0.850384
vt 0.317200 0.836894
vt 0.314171 0.820158
vt 0.317282 0.802022
vt 0.314550 0.746868
vt 0.320045 0.960609
vt 0.318799 0.936804
vt 0.317282 0.922357
vt 0.314171 0.904227
vt 0.317200 0.887492
vt 0.325508 0.873992
vt 0.337695 0.865229
vt 0.337457 0.860657
vt 0.324410 0.853216
vt 0.314747 0.840673
vt 0.309987 0.824342
vt 0.311183 0.805981
vt 0.318799 0.787581
vt 0.314178 0.777193
vt 0.306092 0.759038
vt 0.302700 0.751405
vt 0.326803 0.980794
vt 0.317125 0.969579
vt 0.314178 0.947176
vt 0.311183 0.918394
vt 0.309987 0.900035
vt 0.314747 0.883704
vt 0.324410 0.871153
vt 0.337457 0.863720
vt 0.337374 0.862193
vt 0.323627 0.856152
vt 0.312693 0.844683
vt 0.306257 0.828946
vt 0.305532 0.810563
vt 0.311183 0.791460
vt 0.309919 0.767653
vt 0.309919 0.956732
vt 0.311183 0.932917
vt 0.305532 0.913824
vt 0.306257 0.895438
vt 0.312693 0.879702
vt 0.323627 0.868217
vt 0.323156 0.859148
vt 0.311085 0.848883
vt 0.303030 0.833906
vt 0.300389 0.815702
vt 0.304003 0.796114
vt 0.305498 0.781614
vt 0.295554 0.764394
vt 0.291386 0.757183
vt 0.314550 0.977510
vt 0.306092 0.965347
vt 0.305498 0.942754
vt 0.304003 0.928257
vt 0.300389 0.908674
vt 0.303030 0.890471
vt 0.311085 0.875486
vt 0.323156 0.865221
vt 0.322991 0.862193
vt 0.309913 0.853240
vt 0.300340 0.839180
vt 0.295801 0.821355
vt 0.297370 0.801494
vt 0.300274 0.772562
vt 0.300274 0.951807
vt 0.297370 0.922875
vt 0.295801 0.903029
vt 0.300340 0.885190
vt 0.309913 0.871138
vt 0.309211 0.857687
vt 0.298229 0.844717
vt 0.291849 0.827454
vt 0.291320 0.807543
vt 0.297328 0.786920
vt 0.285644 0.770838
vt 0.280735 0.764089
vt 0.302700 0.972962
vt 0.295554 0.959975
vt 0.297328 0.937464
vt 0.291320 0.916842
vt 0.291849 0.896932
vt 0.298229 0.879670
vt 0.309211 0.866682
vt 0.308972 0.862193
vt 0.296692 0.850434
vt 0.288548 0.833930
vt 0.285941 0.814193
vt 0.289761 0.793043
vt 0.291189 0.778472
vt 0.291189 0.945913
vt 0.289761 0.931325
vt 0.285941 0.910192
vt 0.288548 0.890446
vt 0.296692 0.873952
vt 0.295761 0.856276
vt 0.285941 0.840713
vt 0.281288 0.821355
vt 0.282871 0.799935
vt 0.282765 0.785279
vt 0.291386 0.967203
vt 0.285644 0.953539
vt 0.282871 0.924442
vt 0.281288 0.903023
vt 0.285941 0.883655
vt 0.295761 0.868109
vt 0.295456 0.862193
vt 0.284061 0.847745
vt 0.276750 0.807500
vt 0.276459 0.778273
vt 0.282765 0.939090
vt 0.276750 0.916868
vt 0.284061 0.876624
vt 0.282921 0.854922
vt 0.280735 0.960288
vt 0.276459 0.946104
vt 0.282921 0.869445
vt 0.282542 0.862193
vt 0.576072 0.779623
vt 0.562556 0.787917
vt 0.562556 0.776133
vt 0.576072 0.790893
vt 0.588985 0.783839
vt 0.562556 0.800458
vt 0.588985 0.794485
vt 0.576072 0.802876
vt 0.548536 0.798552
vt 0.562556 0.813587
vt 0.548536 0.785589
vt 0.548536 0.812152
vt 0.588985 0.805790
vt 0.576072 0.815427
vt 0.534145 0.797191
vt 0.534145 0.811102
vt 0.562556 0.827169
vt 0.548536 0.826204
vt 0.534145 0.783914
vt 0.534145 0.825503
vt 0.588985 0.817638
vt 0.576072 0.828407
vt 0.519507 0.796382
vt 0.519507 0.810484
vt 0.519507 0.825090
vt 0.562556 0.841064
vt 0.548536 0.840578
vt 0.534145 0.840231
vt 0.519507 0.782908
vt 0.519507 0.840025
vt 0.588985 0.829900
vt 0.576072 0.841692
vt 0.576072 0.855109
vt 0.562556 0.855109
vt 0.548536 0.855109
vt 0.534145 0.855109
vt 0.588985 0.842434
vt 0.588985 0.855109
vt 0.519507 0.855109
vt 0.562556 0.869154
vt 0.576072 0.868534
vt 0.548536 0.869649
vt 0.534145 0.870003
vt 0.519507 0.870211
vt 0.588985 0.867783
vt 0.562556 0.883051
vt 0.548536 0.884022
vt 0.576072 0.881812
vt 0.534145 0.884716
vt 0.519507 0.885137
vt 0.588985 0.880327
vt 0.576072 0.894809
vt 0.562556 0.896639
vt 0.548536 0.898084
vt 0.588985 0.892579
vt 0.534145 0.899115
vt 0.519507 0.899735
vt 0.562556 0.909768
vt 0.576072 0.907351
vt 0.548536 0.911666
vt 0.534145 0.913036
vt 0.519507 0.913853
vt 0.588985 0.904429
vt 0.562556 0.922302
vt 0.548536 0.924638
vt 0.576072 0.919332
vt 0.534145 0.926312
vt 0.519507 0.927319
vt 0.588985 0.915744
vt 0.562556 0.934102
vt 0.576072 0.930603
vt 0.588985 0.926394
vt 0.460399 0.930603
vt 0.473915 0.922302
vt 0.473915 0.934102
vt 0.460399 0.919332
vt 0.447485 0.926394
vt 0.473915 0.909768
vt 0.447485 0.915744
vt 0.460399 0.907351
vt 0.487935 0.911666
vt 0.473915 0.896639
vt 0.487935 0.924638
vt 0.487935 0.898084
vt 0.447485 0.904429
vt 0.460399 0.894809
vt 0.502326 0.913037
vt 0.502326 0.899115
vt 0.473915 0.883051
vt 0.487935 0.884022
vt 0.502326 0.926312
vt 0.502326 0.884716
vt 0.447485 0.892579
vt 0.460399 0.881812
vt 0.516964 0.913853
vt 0.516964 0.899735
vt 0.516964 0.885137
vt 0.473915 0.869154
vt 0.487935 0.869649
vt 0.502326 0.870003
vt 0.516964 0.927319
vt 0.516964 0.870211
vt 0.447485 0.880327
vt 0.460399 0.868534
vt 0.473915 0.855109
vt 0.487935 0.855109
vt 0.502326 0.855109
vt 0.516964 0.855109
vt 0.447485 0.867783
vt 0.460399 0.855109
vt 0.460399 0.841692
vt 0.473915 0.841064
vt 0.487935 0.840578
vt 0.502326 0.840231
vt 0.447485 0.855109
vt 0.447485 0.842434
vt 0.516964 0.840025
vt 0.473915 0.827169
vt 0.460399 0.828407
vt 0.487935 0.826204
vt 0.502326 0.825503
vt 0.516964 0.825090
vt 0.447485 0.829900
vt 0.473915 0.813587
vt 0.487935 0.812152
vt 0.460399 0.815427
vt 0.502326 0.811102
vt 0.516964 0.810484
vt 0.447485 0.817638
vt 0.473915 0.800458
vt 0.487935 0.798552
vt 0.502326 0.797191
vt 0.460399 0.802876
vt 0.516964 0.796382
vt 0.447485 0.805790
vt 0.473915 0.787917
vt 0.487935 0.785589
vt 0.502326 0.783914
vt 0.516964 0.782908
vt 0.460399 0.790893
vt 0.447485 0.794485
vt 0.473915 0.776133
vt 0.460399 0.779623
vt 0.447485 0.783839
vt 0.918591 0.988291
vt 0.870447 0.988291
vt 0.918591 0.985888
vt 0.870447 0.985888
vt 0.918591 0.983047
vt 0.918591 0.985451
vt 0.870447 0.985451
vt 0.870447 0.983047
vt 0.894798 0.940148
vt 0.894799 0.947370
vt 0.893070 0.947370
vt 0.896277 0.940148
vt 0.893070 0.940148
vt 0.896277 0.947370
vt 0.891217 0.947370
vt 0.897413 0.947370
vt 0.891217 0.940148
vt 0.897413 0.940148
vt 0.889363 0.947370
vt 0.889363 0.940148
vt 0.887635 0.947370
vt 0.887635 0.940148
vt 0.886156 0.947370
vt 0.886157 0.940148
vt 0.885016 0.940148
vt 0.885016 0.947370
vt 0.903142 0.954979
vt 0.901414 0.954979
vt 0.903142 0.947757
vt 0.901414 0.947757
vt 0.904621 0.947757
vt 0.899560 0.954979
vt 0.904621 0.954979
vt 0.899560 0.947757
vt 0.905761 0.954979
vt 0.897707 0.954979
vt 0.905761 0.947757
vt 0.897707 0.947757
vt 0.895979 0.954979
vt 0.895979 0.947757
vt 0.894500 0.954979
vt 0.894500 0.947757
vt 0.893364 0.947757
vt 0.893364 0.954979
vt 0.926893 0.955366
vt 0.926893 0.962588
vt 0.925039 0.962588
vt 0.928621 0.955366
vt 0.925039 0.955366
vt 0.928621 0.962588
vt 0.923190 0.962588
vt 0.930103 0.955366
vt 0.923190 0.955366
vt 0.930103 0.962588
vt 0.921461 0.962588
vt 0.931240 0.962588
vt 0.921461 0.955366
vt 0.931240 0.955366
vt 0.919979 0.962588
vt 0.919979 0.955366
vt 0.918843 0.955366
vt 0.918843 0.962588
vt 0.928622 0.970197
vt 0.926892 0.970197
vt 0.928622 0.962975
vt 0.926892 0.962975
vt 0.930104 0.962975
vt 0.925044 0.970197
vt 0.930104 0.970197
vt 0.925044 0.962975
vt 0.931240 0.970197
vt 0.923190 0.970197
vt 0.931240 0.962975
vt 0.923190 0.962975
vt 0.921462 0.970197
vt 0.921462 0.962975
vt 0.919980 0.970197
vt 0.919980 0.962975
vt 0.918843 0.962975
vt 0.918843 0.970197
vt 0.896816 0.978445
vt 0.918591 0.982622
vt 0.878618 0.978445
vt 0.898669 0.978203
vt 0.870447 0.982622
vt 0.880471 0.978203
vt 0.900397 0.977491
vt 0.876769 0.978203
vt 0.894962 0.978204
vt 0.901876 0.976356
vt 0.875040 0.977491
vt 0.882200 0.977491
vt 0.918591 0.959957
vt 0.873558 0.976356
vt 0.893234 0.977491
vt 0.903012 0.974866
vt 0.872422 0.974866
vt 0.883682 0.976356
vt 0.903729 0.973144
vt 0.871704 0.973144
vt 0.891755 0.976356
vt 0.903974 0.971289
vt 0.871463 0.971289
vt 0.884819 0.974866
vt 0.903729 0.969437
vt 0.870447 0.959957
vt 0.890615 0.974866
vt 0.903012 0.967712
vt 0.871704 0.969437
vt 0.885536 0.973144
vt 0.901876 0.966231
vt 0.872422 0.967712
vt 0.889906 0.973144
vt 0.900397 0.965093
vt 0.873558 0.966231
vt 0.885780 0.971289
vt 0.898669 0.964378
vt 0.875040 0.965094
vt 0.889657 0.971289
vt 0.896816 0.964131
vt 0.876769 0.964378
vt 0.885536 0.969437
vt 0.878618 0.964131
vt 0.889906 0.969437
vt 0.884819 0.967712
vt 0.894962 0.964378
vt 0.890615 0.967712
vt 0.880471 0.964378
vt 0.883682 0.966231
vt 0.893234 0.965093
vt 0.891755 0.966231
vt 0.882200 0.965094
vt 0.875752 0.939781
vt 0.877605 0.939534
vt 0.879459 0.939781
vt 0.881187 0.940497
vt 0.874024 0.940497
vt 0.882666 0.941634
vt 0.872545 0.941634
vt 0.883802 0.943115
vt 0.871405 0.943115
vt 0.884519 0.944840
vt 0.870696 0.944840
vt 0.884764 0.946692
vt 0.870447 0.946692
vt 0.884519 0.948547
vt 0.870696 0.948547
vt 0.883802 0.950269
vt 0.871405 0.950269
vt 0.882666 0.951759
vt 0.872545 0.951759
vt 0.881187 0.952895
vt 0.874024 0.952895
vt 0.879459 0.953607
vt 0.875752 0.953607
vt 0.877606 0.953848
vt 0.894024 0.939520
vt 0.892171 0.939761
vt 0.890322 0.939520
vt 0.888593 0.938808
vt 0.895753 0.938808
vt 0.887111 0.937672
vt 0.897235 0.937672
vt 0.885975 0.936182
vt 0.898372 0.936182
vt 0.885257 0.934461
vt 0.899088 0.934461
vt 0.885016 0.932606
vt 0.899333 0.932605
vt 0.885257 0.930754
vt 0.899089 0.930754
vt 0.885975 0.929028
vt 0.898372 0.929028
vt 0.887111 0.927548
vt 0.897235 0.927548
vt 0.888593 0.926410
vt 0.895753 0.926410
vt 0.890322 0.925694
vt 0.894024 0.925694
vt 0.892171 0.925448
vt 0.870447 0.957101
vt 0.893112 0.957101
vt 0.893112 0.959504
vt 0.870447 0.959504
vt 0.893112 0.954272
vt 0.893112 0.956676
vt 0.870447 0.954272
vt 0.870447 0.956676
vt 0.926065 0.970584
vt 0.926065 0.972309
vt 0.918843 0.972309
vt 0.918843 0.974161
vt 0.918843 0.970584
vt 0.926065 0.974161
vt 0.918843 0.976016
vt 0.926065 0.976016
vt 0.918843 0.977738
vt 0.926065 0.977738
vt 0.926065 0.985279
vt 0.918843 0.985279
vt 0.926065 0.983557
vt 0.918843 0.983557
vt 0.926065 0.981702
vt 0.918843 0.981702
vt 0.926065 0.979850
vt 0.918843 0.979850
vt 0.926065 0.978125
vt 0.918843 0.978125
vt 0.933538 0.982863
vt 0.933538 0.984714
vt 0.926316 0.984714
vt 0.926316 0.986570
vt 0.926316 0.982863
vt 0.933538 0.986570
vt 0.933538 0.981137
vt 0.926316 0.988291
vt 0.926316 0.981137
vt 0.933538 0.988291
vt 0.933538 0.977078
vt 0.926316 0.977078
vt 0.933538 0.975226
vt 0.926316 0.978933
vt 0.926316 0.975226
vt 0.933538 0.978933
vt 0.933538 0.973501
vt 0.926316 0.980655
vt 0.926316 0.973501
vt 0.933538 0.980655
vt 0.649526 0.877964
vt 0.651827 0.880192
vt 0.649526 0.950097
vt 0.651827 0.950097
vt 0.652565 0.950097
vt 0.652565 0.880192
vt 0.654865 0.877964
vt 0.654865 0.950097
vt 0.716561 0.926712
vt 0.722325 0.926712
vt 0.716561 0.928380
vt 0.720891 0.925286
vt 0.724000 0.928380
vt 0.716561 0.925286
vt 0.722325 0.903387
vt 0.716561 0.930175
vt 0.724000 0.902880
vt 0.716561 0.924184
vt 0.720891 0.903825
vt 0.725790 0.930175
vt 0.725790 0.902336
vt 0.719794 0.924184
vt 0.716561 0.897411
vt 0.719794 0.904166
vt 0.716561 0.894851
vt 0.716561 0.931964
vt 0.716561 0.891872
vt 0.716561 0.899375
vt 0.727578 0.931964
vt 0.727578 0.901783
vt 0.716561 0.888668
vt 0.716561 0.933629
vt 0.729243 0.933629
vt 0.729243 0.901275
vt 0.716561 0.885472
vt 0.716561 0.935063
vt 0.730675 0.935063
vt 0.730675 0.900837
vt 0.716561 0.882488
vt 0.731780 0.936165
vt 0.716561 0.936165
vt 0.716561 0.879925
vt 0.731780 0.900495
vt 0.716561 0.877964
vt 0.735043 0.933629
vt 0.736708 0.931964
vt 0.747725 0.931964
vt 0.736708 0.901783
vt 0.747725 0.930175
vt 0.747725 0.933629
vt 0.738496 0.902336
vt 0.735043 0.901275
vt 0.738496 0.930175
vt 0.733610 0.935063
vt 0.747725 0.885472
vt 0.747725 0.882488
vt 0.747725 0.928380
vt 0.747725 0.935063
vt 0.747725 0.888668
vt 0.740286 0.902880
vt 0.733610 0.900837
vt 0.747725 0.879925
vt 0.740286 0.928380
vt 0.747725 0.936165
vt 0.732506 0.936165
vt 0.747725 0.926712
vt 0.747725 0.891872
vt 0.741960 0.903387
vt 0.732506 0.900495
vt 0.741960 0.926712
vt 0.747725 0.877964
vt 0.747725 0.925286
vt 0.747725 0.894851
vt 0.743395 0.903825
vt 0.743395 0.925286
vt 0.747725 0.897411
vt 0.744492 0.924184
vt 0.747725 0.899375
vt 0.744492 0.904166
vt 0.747725 0.924184
vt 0.744427 0.985353
vt 0.750192 0.985353
vt 0.744427 0.987022
vt 0.748757 0.983928
vt 0.751866 0.987022
vt 0.744427 0.983928
vt 0.750192 0.962028
vt 0.744427 0.988816
vt 0.751866 0.961521
vt 0.744427 0.982826
vt 0.748757 0.962467
vt 0.753656 0.988816
vt 0.753656 0.960977
vt 0.747661 0.982826
vt 0.744427 0.956053
vt 0.747661 0.962808
vt 0.744427 0.953493
vt 0.744427 0.990605
vt 0.744427 0.950514
vt 0.744427 0.958017
vt 0.755444 0.990605
vt 0.755444 0.960424
vt 0.744427 0.947310
vt 0.744427 0.992271
vt 0.757109 0.992271
vt 0.757109 0.959917
vt 0.744427 0.944113
vt 0.744427 0.993705
vt 0.758542 0.993705
vt 0.758542 0.959479
vt 0.744427 0.941130
vt 0.759646 0.994806
vt 0.744427 0.994806
vt 0.744427 0.938566
vt 0.759646 0.959137
vt 0.744427 0.936606
vt 0.731067 0.992271
vt 0.732732 0.990605
vt 0.743749 0.990605
vt 0.732732 0.960424
vt 0.743749 0.988816
vt 0.743749 0.992271
vt 0.734520 0.960977
vt 0.731067 0.959917
vt 0.734520 0.988816
vt 0.729635 0.993705
vt 0.743749 0.944113
vt 0.743749 0.941130
vt 0.743749 0.987022
vt 0.743749 0.993705
vt 0.743749 0.947310
vt 0.736310 0.961521
vt 0.729635 0.959479
vt 0.743749 0.938566
vt 0.736310 0.987022
vt 0.743749 0.994806
vt 0.728530 0.994806
vt 0.743749 0.985353
vt 0.743749 0.950514
vt 0.737985 0.962028
vt 0.728530 0.959137
vt 0.737985 0.985353
vt 0.743749 0.936606
vt 0.743749 0.983928
vt 0.743749 0.953493
vt 0.739419 0.962467
vt 0.739419 0.983928
vt 0.740516 0.982826
vt 0.743749 0.956053
vt 0.740516 0.962808
vt 0.743749 0.982826
vt 0.743749 0.958017
vt 0.725552 0.981188
vt 0.725552 0.936606
vt 0.727852 0.981188
vt 0.727852 0.936606
vt 0.691950 0.955785
vt 0.694491 0.955785
vt 0.694491 0.957456
vt 0.692180 0.954000
vt 0.691258 0.957456
vt 0.694491 0.954000
vt 0.691950 0.952205
vt 0.694491 0.952205
vt 0.691258 0.950538
vt 0.694491 0.950538
vt 0.708015 0.937533
vt 0.709682 0.937533
vt 0.708015 0.953442
vt 0.709682 0.952751
vt 0.706220 0.953678
vt 0.706220 0.937533
vt 0.704435 0.953442
vt 0.704435 0.937533
vt 0.702765 0.952751
vt 0.702765 0.937533
vt 0.688039 0.955792
vt 0.690579 0.955792
vt 0.690579 0.957456
vt 0.688268 0.954002
vt 0.687346 0.957456
vt 0.690579 0.954002
vt 0.688039 0.952213
vt 0.690579 0.952213
vt 0.687346 0.950538
vt 0.690579 0.950538
vt 0.700412 0.950538
vt 0.702086 0.950538
vt 0.700412 0.966448
vt 0.702086 0.965757
vt 0.698622 0.966684
vt 0.698622 0.950538
vt 0.696833 0.966448
vt 0.696833 0.950538
vt 0.695169 0.965757
vt 0.695169 0.950538
vt 0.689017 0.917365
vt 0.668554 0.917789
vt 0.666758 0.917365
vt 0.687227 0.917789
vt 0.661871 0.893113
vt 0.670221 0.919025
vt 0.660768 0.891688
vt 0.663303 0.894216
vt 0.685564 0.919025
vt 0.660077 0.890019
vt 0.664974 0.894907
vt 0.684129 0.920989
vt 0.655581 0.877964
vt 0.666758 0.895142
vt 0.671657 0.920989
vt 0.664974 0.917789
vt 0.659841 0.888225
vt 0.689017 0.895142
vt 0.683029 0.923549
vt 0.663303 0.919025
vt 0.660077 0.886436
vt 0.690807 0.894907
vt 0.668554 0.894907
vt 0.672754 0.923549
vt 0.661871 0.920989
vt 0.660768 0.884771
vt 0.692481 0.894216
vt 0.687227 0.894907
vt 0.682336 0.926528
vt 0.660768 0.923549
vt 0.661871 0.883336
vt 0.693906 0.893113
vt 0.670221 0.894216
vt 0.673445 0.926528
vt 0.660077 0.926528
vt 0.663303 0.882235
vt 0.695007 0.891688
vt 0.685564 0.894216
vt 0.682100 0.929732
vt 0.659841 0.929732
vt 0.664974 0.881548
vt 0.695700 0.890019
vt 0.671657 0.893113
vt 0.673676 0.929732
vt 0.660077 0.932928
vt 0.666758 0.881308
vt 0.700163 0.877964
vt 0.684129 0.893113
vt 0.673445 0.932928
vt 0.655581 0.947870
vt 0.689017 0.881308
vt 0.690807 0.917789
vt 0.695934 0.888225
vt 0.672754 0.891688
vt 0.682336 0.932928
vt 0.660768 0.935911
vt 0.687227 0.881548
vt 0.692481 0.919025
vt 0.695700 0.886436
vt 0.683029 0.891688
vt 0.672754 0.935911
vt 0.661871 0.938475
vt 0.690807 0.881548
vt 0.668554 0.881548
vt 0.693906 0.920989
vt 0.695007 0.884771
vt 0.673445 0.890019
vt 0.683029 0.935911
vt 0.663303 0.940435
vt 0.692481 0.882235
vt 0.685564 0.882235
vt 0.695007 0.923549
vt 0.693906 0.883336
vt 0.682336 0.890019
vt 0.684129 0.938475
vt 0.664974 0.941671
vt 0.670221 0.882235
vt 0.695700 0.926528
vt 0.673676 0.888225
vt 0.671657 0.938475
vt 0.664974 0.918112
vt 0.666758 0.942091
vt 0.684129 0.883336
vt 0.695934 0.929732
vt 0.682100 0.888225
vt 0.685564 0.940435
vt 0.666758 0.918186
vt 0.700163 0.947870
vt 0.671657 0.883336
vt 0.695700 0.932928
vt 0.673445 0.886436
vt 0.670221 0.940435
vt 0.668554 0.941671
vt 0.689017 0.942091
vt 0.655581 0.950097
vt 0.683029 0.884771
vt 0.682336 0.886436
vt 0.687227 0.941671
vt 0.668554 0.918112
vt 0.690807 0.941671
vt 0.700163 0.950097
vt 0.672754 0.884771
vt 0.695007 0.935911
vt 0.687227 0.918112
vt 0.692481 0.940435
vt 0.689017 0.918186
vt 0.693906 0.938475
vt 0.690807 0.918112
vt 0.717956 0.941397
vt 0.719627 0.941609
vt 0.717956 0.961415
vt 0.719627 0.937842
vt 0.719627 0.960724
vt 0.717956 0.936606
vt 0.721411 0.938266
vt 0.721411 0.941679
vt 0.721411 0.960488
vt 0.723206 0.941609
vt 0.723206 0.960724
vt 0.723206 0.937842
vt 0.724873 0.941397
vt 0.724873 0.961415
vt 0.724873 0.936606
vt 0.706297 0.914768
vt 0.706297 0.878203
vt 0.707964 0.914560
vt 0.704502 0.877964
vt 0.707964 0.878891
vt 0.707964 0.937091
vt 0.704502 0.914842
vt 0.702717 0.914768
vt 0.702717 0.878203
vt 0.701047 0.914560
vt 0.701047 0.937091
vt 0.701047 0.878891
vt 0.710360 0.942324
vt 0.712024 0.942536
vt 0.710360 0.962341
vt 0.712024 0.938768
vt 0.712024 0.961650
vt 0.710360 0.937533
vt 0.713814 0.939192
vt 0.713814 0.942605
vt 0.713814 0.961415
vt 0.715603 0.942536
vt 0.715603 0.961650
vt 0.715603 0.938768
vt 0.717278 0.942324
vt 0.717278 0.962341
vt 0.717278 0.937533
vt 0.714047 0.914768
vt 0.714047 0.878203
vt 0.715721 0.914560
vt 0.712257 0.877964
vt 0.715721 0.878891
vt 0.715721 0.937091
vt 0.712257 0.914842
vt 0.710467 0.914768
vt 0.710467 0.878203
vt 0.708804 0.914560
vt 0.708804 0.937091
vt 0.708804 0.878891
vt 0.149910 0.641548
vt 0.144978 0.639472
vt 0.152804 0.638674
vt 0.156891 0.638700
vt 0.164711 0.639571
vt 0.159752 0.641595
vt 0.164711 0.641186
vt 0.148533 0.635951
vt 0.161190 0.636004
vt 0.154794 0.638681
vt 0.144931 0.641186
vt 0.205625 0.574387
vt 0.208150 0.579325
vt 0.101624 0.579325
vt 0.104155 0.574387
vt 0.107808 0.641186
vt 0.106020 0.722719
vt 0.204914 0.722719
vt 0.196344 0.707886
vt 0.202019 0.646131
vt 0.149884 0.634613
vt 0.090204 0.564498
vt 0.158855 0.653495
vt 0.157321 0.653495
vt 0.152355 0.653468
vt 0.219451 0.564498
vt 0.158955 0.633756
vt 0.159772 0.634574
vt 0.157327 0.633749
vt 0.152376 0.633723
vt 0.152376 0.574387
vt 0.150786 0.633716
vt 0.157340 0.574387
vt 0.160999 0.651385
vt 0.148597 0.651352
vt 0.156838 0.648544
vt 0.152758 0.648524
vt 0.154847 0.648530
vt 0.154842 0.648530
vt 0.157321 0.712837
vt 0.152355 0.712837
vt 0.150688 0.653462
vt 0.149884 0.652637
vt 0.164671 0.647746
vt 0.159772 0.652605
vt 0.117526 0.712837
vt 0.114480 0.707886
vt 0.193362 0.712837
vt 0.164679 0.646131
vt 0.159739 0.645669
vt 0.144931 0.646131
vt 0.108302 0.646131
vt 0.149889 0.645623
vt 0.144931 0.647647
vt 0.202468 0.641186
vt 0.144931 0.647647
vt 0.144931 0.646131
vt 0.114480 0.707886
vt 0.108302 0.646131
vt 0.164679 0.646131
vt 0.202019 0.646131
vt 0.152355 0.712837
vt 0.152355 0.653468
vt 0.193362 0.712837
vt 0.157321 0.712837
vt 0.117526 0.712837
vt 0.148597 0.651352
vt 0.149884 0.652637
vt 0.150688 0.653462
vt 0.159772 0.652605
vt 0.160999 0.651385
vt 0.157321 0.653495
vt 0.158855 0.653495
vt 0.164671 0.647746
vt 0.196344 0.707886
vt 0.164711 0.639571
vt 0.164711 0.641186
vt 0.208150 0.579325
vt 0.202468 0.641186
vt 0.144931 0.641186
vt 0.107808 0.641186
vt 0.157340 0.574387
vt 0.157327 0.633749
vt 0.104155 0.574387
vt 0.152376 0.574387
vt 0.205625 0.574387
vt 0.161190 0.636004
vt 0.159772 0.634574
vt 0.158955 0.633756
vt 0.149884 0.634613
vt 0.148533 0.635951
vt 0.152376 0.633723
vt 0.150786 0.633716
vt 0.144978 0.639472
vt 0.101624 0.579325
vt 0.229295 0.570141
vt 0.278841 0.638877
vt 0.236362 0.640836
vt 0.278787 0.640836
vt 0.295748 0.633279
vt 0.294813 0.632345
vt 0.292968 0.564498
vt 0.287295 0.564498
vt 0.285478 0.632300
vt 0.282903 0.634854
vt 0.284447 0.633324
vt 0.232188 0.564498
vt 0.287295 0.632307
vt 0.292953 0.632338
vt 0.297368 0.634914
vt 0.348149 0.564498
vt 0.344541 0.640836
vt 0.301391 0.638990
vt 0.351035 0.570141
vt 0.301391 0.640836
vt 0.337543 0.717062
vt 0.301346 0.648333
vt 0.301355 0.646487
vt 0.292946 0.654903
vt 0.294700 0.654903
vt 0.292946 0.722719
vt 0.344028 0.646487
vt 0.287271 0.722719
vt 0.247468 0.722719
vt 0.287271 0.654873
vt 0.334135 0.722719
vt 0.295748 0.653885
vt 0.285366 0.654865
vt 0.297150 0.652492
vt 0.284447 0.653923
vt 0.282976 0.652454
vt 0.236927 0.646487
vt 0.278787 0.648220
vt 0.243987 0.717062
vt 0.278787 0.646487
vt 0.013746 0.564082
vt 0.023131 0.564082
vt 0.013746 0.714225
vt 0.023131 0.714225
vt 0.024189 0.714225
vt 0.024189 0.564082
vt 0.033574 0.564082
vt 0.033574 0.714225
vt 0.045021 0.564082
vt 0.054406 0.564082
vt 0.054406 0.657926
vt 0.045021 0.657926
vt 0.034605 0.686729
vt 0.034605 0.564082
vt 0.043990 0.686729
vt 0.043990 0.564082
usemtl lambert2SG
f 193/1 199/2 187/3
f 189/4 190/5 201/6
f 193/1 189/4 201/6
f 202/7 201/6 190/5
f 129/438 128/439 122/440
f 118/441 119/442 122/440
f 131/443 130/444 119/442
f 119/442 120/445 131/443
f 141 140 134
f 129 130 134
f 143 142 130
f 130 131 143
f 146 187 140
f 142 143 189
f 146 142 189
f 190 189 143
f 2259/446 2255/447 2258/448
f 2330 2336 2331
f 2256/449 2249/450 2251/451
f 2259/1428 2260/1429 2268/1430
f 2248/452 2250/453 2249/450
f 2303/1498 2304/1505 2327/1481
f 2301/1451 2298/1483 2296/1477
f 2300/1488 2301/1451 2305/1493
f 2301/1451 2303/1498 2305/1493
f 2301/1451 2300/1488 2298/1483
f 2301/1451 2296/1477 2293/1472
f 2301/1451 2293/1472 2290/1467
f 2301/1451 2290/1467 2288/1463
f 2301/1451 2288/1463 2279/1459
f 2301/1451 2279/1459 2277/1455
f 2301/1451 2277/1455 2276/1448
f 2278/1464 2280/1473 2281/1468
f 2276/1448 2273/1444 2263/1438
f 2262/1436 2263/1438 2269/1439
f 2301/1451 2276/1448 2263/1438
f 2273/1444 2271/1441 2263/1438
f 2271/1441 2269/1439 2263/1438
f 2262/454 2257/455 2261/456
f 2326/1471 2328/1458 2331/1457
f 2332/1462 2331/1457 2328/1458
f 2261/456 2251/451 2260/457
f 2295/1485 2297/1489 2331/1457
f 2327/1481 2325/1476 2324/1486
f 2265/1435 2266/1432 2268/1430
f 2321/1482 2325/1476 2331/1457
f 2327/1481 2326/1471 2325/1476
f 2325/1476 2326/1471 2331/1457
f 2320/1487 2321/1482 2331/1457
f 2318/1492 2320/1487 2331/1457
f 2321/1482 2320/1487 2317/1491
f 2313/1497 2318/1492 2331/1457
f 2311/1502 2313/1497 2331/1457
f 2307/1499 2311/1502 2331/1457
f 2299/1494 2307/1499 2331/1457
f 2297/1489 2299/1494 2331/1457
f 2294/1479 2295/1485 2331/1457
f 2292/1474 2294/1479 2331/1457
f 2291/1469 2292/1474 2331/1457
f 2289/1465 2291/1469 2331/1457
f 2287/1461 2289/1465 2331/1457
f 2327/1481 2324/1486 2323/1490
f 2286/1453 2287/1461 2331/1457
f 2275/1460 2278/1464 2283/1456
f 2268/1430 2267/1437 2265/1435
f 2278/1464 2281/1468 2283/1456
f 2272/1445 2274/1452 2285/1449
f 2281/1468 2282/1478 2284/1484
f 2274/1452 2275/1460 2283/1456
f 2274/1452 2283/1456 2285/1449
f 2262/1436 2285/1449 2286/1453
f 2262/1436 2269/1439 2270/1442
f 2262/1436 2270/1442 2272/1445
f 2327/1481 2323/1490 2322/1495
f 2262/1436 2272/1445 2285/1449
f 2262/1436 2286/1453 2331/1457
f 2327/1481 2322/1495 2319/1500
f 2327/1481 2319/1500 2314/1503
f 2327/1481 2308/1507 2306/1504
f 2327/1481 2314/1503 2312/1506
f 2327/1481 2312/1506 2310/1508
f 2327/1481 2310/1508 2309/1509
f 2327/1481 2309/1509 2308/1507
f 2327/1481 2306/1504 2305/1493
f 2327/1481 2305/1493 2303/1498
f 2316/1496 2317/1491 2320/1487
f 2317/1491 2316/1496 2315/1501
f 2282/1478 2281/1468 2280/1473
f 2268/1430 2266/1432 2259/1428
f 2252/458 2254/459 2253/460
f 2254/459 2258/448 2255/447
f 2251/451 2249/450 2250/453
f 2255/447 2253/460 2254/459
f 2302/1446 2301/1451 2263/1438
f 2333/1450 2332/1462 2328/1458
f 2333/1450 2329/1454 2302/1446
f 2328/1458 2329/1454 2333/1450
f 2333/1450 2302/1446 2264/1443
f 2263/1438 2264/1443 2302/1446
f 2337 2331 2336
f 2251/451 2257/455 2256/449
f 2251/451 2261/456 2257/455
f 1440/8 586/9 1476/10
f 3419/11 3418/12 3400/13
f 1213/14 446/15 1440/8
f 586/9 1440/8 446/15
f 963/16 2334/17 1476/10
f 2755/18 2756/19 3092/20
f 963/16 1476/10 586/9
f 963/16 586/9 652/21
f 837/22 201/6 1020/23
f 1035/24 1634/25 1020/23
f 1214/26 1634/25 1035/24
f 1476/10 2334/17 1440/8
f 199/2 359/27 446/15
f 2536/28 2664/29 3400/13
f 491/30 201/6 710/31
f 1215/32 1364/33 202/7
f 1213/14 1440/8 2334/17
f 3420/34 2635/35 2616/36
f 3420/34 2624/37 2635/35
f 3110/38 3111/39 3420/34
f 3406/40 3400/13 3418/12
f 2665/41 2567/42 3333/43
f 2747/44 2616/36 2487/45
f 2755/18 2616/36 2747/44
f 3092/20 2616/36 2755/18
f 3110/38 2616/36 3092/20
f 3420/34 2616/36 3110/38
f 2573/46 2487/45 2616/36
f 3420/34 2638/47 2624/37
f 3420/34 2642/48 2638/47
f 3420/34 2626/49 2642/48
f 3420/34 2589/50 2626/49
f 2557/51 2487/45 2577/52
f 3420/34 2586/53 2589/50
f 3420/34 2567/42 2586/53
f 3420/34 3333/43 2567/42
f 3420/34 3332/54 3333/43
f 1214/26 1036/55 1350/56
f 1035/24 1036/55 1214/26
f 3332/54 3400/13 2664/29
f 3420/34 3400/13 3332/54
f 3406/40 3416/57 3398/58
f 2555/59 2487/45 2557/51
f 2518/60 2486/61 2536/28
f 2517/62 2534/63 2334/17
f 3421/64 3111/39 2488/65
f 3093/66 3092/20 2756/19
f 3421/64 3420/34 3111/39
f 2577/52 2487/45 2573/46
f 2536/28 2487/45 2664/29
f 2557/51 2577/52 2593/67
f 2486/61 2487/45 2536/28
f 2664/29 2567/42 2665/41
f 2517/62 2336/68 2486/61
f 2664/29 2555/59 2567/42
f 710/31 527/69 491/30
f 2664/29 2487/45 2555/59
f 257/70 201/6 259/71
f 265/72 201/6 287/73
f 382/74 342/75 287/73
f 2336/68 1633/76 1634/25
f 710/31 615/77 527/69
f 433/78 201/6 491/30
f 837/22 1634/25 710/31
f 1633/76 634/79 709/80
f 634/79 615/77 709/80
f 710/31 709/80 615/77
f 1350/56 1634/25 1214/26
f 1363/81 1634/25 1350/56
f 2336/68 1634/25 1363/81
f 1633/76 640/82 634/79
f 1633/76 659/83 640/82
f 1633/76 676/84 659/83
f 1633/76 745/85 676/84
f 382/74 201/6 282/86
f 1633/76 767/87 745/85
f 1633/76 786/88 767/87
f 1633/76 961/89 786/88
f 1633/76 1072/90 961/89
f 1633/76 1096/91 1072/90
f 1633/76 1126/92 1096/91
f 1633/76 1138/93 1126/92
f 1633/76 1090/94 1138/93
f 1633/76 1002/95 1090/94
f 796/96 941/97 692/98
f 1002/95 2334/17 963/16
f 2335/99 2334/17 1633/76
f 1633/76 2334/17 1002/95
f 1363/81 1364/33 2336/68
f 1351/100 1350/56 1036/55
f 2337/101 2336/68 1364/33
f 397/102 201/6 433/78
f 350/103 201/6 397/102
f 299/104 201/6 350/103
f 291/105 201/6 299/104
f 282/86 201/6 291/105
f 287/73 201/6 382/74
f 259/71 201/6 265/72
f 700/106 739/107 796/96
f 806/108 786/88 961/89
f 382/74 282/86 380/109
f 200/110 201/6 257/70
f 199/2 257/70 275/111
f 199/2 446/15 1213/14
f 941/97 963/16 678/112
f 961/89 818/113 806/108
f 199/2 275/111 359/27
f 796/96 696/114 700/106
f 841/115 818/113 899/116
f 961/89 899/116 818/113
f 796/96 692/98 696/114
f 652/21 678/112 963/16
f 678/112 692/98 941/97
f 2747/44 2488/65 2748/117
f 2748/117 2488/65 3111/39
f 2487/45 2488/65 2747/44
f 2337/101 1364/33 1215/32
f 1020/23 202/7 1021/118
f 1021/118 202/7 1364/33
f 201/6 202/7 1020/23
f 192/119 196/120 184/121
f 192/119 182/122 194/123
f 184/121 196/120 197/124
f 197/124 185/125 184/121
f 124 123 132
f 136 137 132
f 126 125 137
f 137 138 126
f 119/442 111/461 109/462
f 105/463 106/464 108/465
f 115/466 110/467 116/468
f 116/468 111/461 118/441
f 114/469 107/470 115/466
f 113/471 104/472 107/470
f 112/473 103/474 104/472
f 119/442 109/462 106/464
f 112/473 117/475 102/476
f 119/442 101/477 98/478
f 119/442 106/464 105/463
f 87/479 69/480 67/481
f 94/482 98/478 101/477
f 102/476 100/483 101/477
f 105/463 103/474 101/477
f 119/442 105/463 101/477
f 87/479 88/484 101/477
f 75/485 71/486 58/487
f 87/479 63/488 58/487
f 95/489 94/482 90/490
f 90/490 94/482 101/477
f 88/484 90/490 101/477
f 87/479 67/481 63/488
f 68/491 69/480 86/492
f 88/484 87/479 58/487
f 63/488 62/493 58/487
f 57/494 58/487 60/495
f 62/493 60/495 58/487
f 87/479 86/492 69/480
f 90/490 91/496 95/489
f 66/497 68/491 86/492
f 65/498 66/497 86/492
f 64/499 65/498 86/492
f 61/500 64/499 86/492
f 60/495 61/500 86/492
f 56/501 60/495 86/492
f 92/502 93/503 97/504
f 97/504 96/505 92/502
f 93/503 92/502 89/506
f 120/445 119/442 98/478
f 120/445 99/507 96/505
f 96/505 97/504 120/445
f 98/478 99/507 120/445
f 58/487 70/508 72/509
f 70/508 71/486 73/510
f 84/511 85/512 88/484
f 89/506 88/484 85/512
f 83/513 84/511 88/484
f 81/514 83/513 88/484
f 76/515 79/516 81/514
f 76/515 81/514 88/484
f 58/487 72/509 74/517
f 58/487 76/515 88/484
f 58/487 74/517 76/515
f 93/503 82/518 80/519
f 93/503 89/506 85/512
f 93/503 85/512 82/518
f 93/503 80/519 78/520
f 93/503 78/520 77/521
f 93/503 77/521 75/485
f 71/486 70/508 58/487
f 58/487 59/522 75/485
f 93/503 75/485 59/522
f 57/494 56/501 121/523
f 124/524 125/525 121/523
f 59/522 58/487 125/525
f 125/525 126/526 59/522
f 144 184 137
f 144 135 182
f 137 184 185
f 185 138 137
f 1029 1015 1014
f 1359 1029 1014
f 1014 1358 1359
f 1017 1020 1019
f 1021 1019 1020
f 1016 1018 1017
f 1020 1017 1018
f 1011 1013 1012
f 1015 1012 1014
f 1014 1012 1013
f 1935 1937 1954
f 1934 1944 2251
f 2260 2251 1944
f 2268 2260 1944
f 1934 1935 1944
f 1364 1032 1019
f 1944 1950 2268
f 1950 1954 2268
f 1026 1341 1355
f 1357 1355 1341
f 1012 1026 1355
f 1029 1026 1012
f 1347 1344 1032
f 1012 1015 1029
f 1017 1019 1032
f 1017 1032 1344
f 1019 1021 1364
f 1344 1347 1364
f 1359 1341 1026
f 1364 1361 1344
f 1364 1347 1032
f 225 223 207
f 210 207 89
f 215 210 92
f 207 210 225
f 210 215 225
f 215 219 225
f 96 99 219
f 92 96 215
f 89 92 210
f 1950 1944 1935
f 1954 1950 1935
f 219 215 96
f 1359 1357 1341
f 1026 1029 1359
f 1364 1363 1362
f 1364 1362 1360
f 1356 1357 1358
f 1357 1356 1354
f 1360 1361 1364
f 1359 1358 1357
f 1354 1355 1357
f 1939/1510 1940/1511 1946/1512
f 1946/1512 1945/1513 1939/1510
f 1956/1517 1955/1518 1951/1516
f 1951/1516 1952/1514 1956/1517
f 1945/1513 1946/1512 1952/1514
f 1952/1514 1951/1516 1947/1515
f 1952/1514 1947/1515 1945/1513
f 1027/1527 1028/1528 1342/1529
f 204/1532 205/1530 1027/1527
f 1342/1529 1343/1531 1939/1533
f 1343/1531 1342/1529 1028/1528
f 1028/1528 1027/1527 205/1530
f 1940/1534 1939/1533 1343/1531
f 1945/1162 1863/1163 1939/1164
f 1947/1165 1863/1163 1945/1162
f 1955/1166 1841/1167 1852/1168
f 1955/1166 1860/1169 1863/1163
f 1859/1170 1939/1164 1863/1163
f 1955/1166 1852/1168 1860/1169
f 1951/1171 1863/1163 1947/1165
f 1955/1166 1863/1163 1951/1171
f 1955/1166 1815/1172 1841/1167
f 1955/1166 1783/1173 1815/1172
f 1955/1166 1757/1174 1783/1173
f 1955/1166 1718/1175 1757/1174
f 1955/1166 1681/1176 1718/1175
f 1955/1166 1639/1177 1681/1176
f 1955/1166 1589/1178 1639/1177
f 1955/1166 1524/1179 1589/1178
f 1955/1166 1467/1180 1524/1179
f 1955/1166 1417/1181 1467/1180
f 1348/1182 1208/1183 1317/1184
f 1033/1185 895/1186 957/1187
f 1348/1182 1055/1188 1208/1183
f 1317/1184 1417/1181 1348/1182
f 1955/1166 1348/1182 1417/1181
f 1416/1189 1316/1190 1342/1191
f 1033/1185 765/1192 836/1193
f 1033/1185 836/1193 895/1186
f 957/1187 1055/1188 1033/1185
f 1348/1182 1033/1185 1055/1188
f 1054/1194 956/1195 1027/1196
f 1033/1185 706/1197 765/1192
f 1033/1185 657/1198 706/1197
f 1033/1185 609/1199 657/1198
f 609/1199 220/1200 541/1201
f 331/1202 211/1203 323/1204
f 204/1205 1027/1196 211/1203
f 357/1206 211/1203 331/1202
f 386/1207 211/1203 357/1206
f 429/1208 211/1203 386/1207
f 472/1209 211/1203 429/1208
f 1033/1185 220/1200 609/1199
f 541/1201 211/1203 472/1209
f 1851/1210 1939/1164 1859/1170
f 1840/1211 1939/1164 1851/1210
f 1814/1212 1939/1164 1840/1211
f 1782/1213 1939/1164 1814/1212
f 1756/1214 1939/1164 1782/1213
f 1717/1215 1939/1164 1756/1214
f 1680/1216 1939/1164 1717/1215
f 1638/1217 1939/1164 1680/1216
f 1588/1218 1939/1164 1638/1217
f 1523/1219 1939/1164 1588/1218
f 1466/1220 1939/1164 1523/1219
f 1054/1194 1342/1191 1178/1221
f 1416/1189 1939/1164 1466/1220
f 1342/1191 1939/1164 1416/1189
f 835/1222 1027/1196 894/1223
f 1178/1221 1342/1191 1316/1190
f 1027/1196 1342/1191 1054/1194
f 894/1223 1027/1196 956/1195
f 764/1224 1027/1196 835/1222
f 705/1225 1027/1196 764/1224
f 656/1226 1027/1196 705/1225
f 608/1227 1027/1196 656/1226
f 211/1203 330/1228 323/1204
f 211/1203 356/1229 330/1228
f 211/1203 385/1230 356/1229
f 211/1203 428/1231 385/1230
f 211/1203 471/1232 428/1231
f 211/1203 540/1233 471/1232
f 211/1203 608/1227 540/1233
f 211/1203 1027/1196 608/1227
f 216/1234 541/1201 220/1200
f 211/1203 541/1201 216/1234
f 1034/1535 221/1536 220/1537
f 3645/1630 3650/1631 3634/1632
f 3645/1630 3636/1635 3647/1633
f 1349/1540 1034/1535 1348/1539
f 1033/1538 1348/1539 1034/1535
f 220/1537 1033/1538 1034/1535
f 1956/1541 1349/1540 1348/1539
f 1348/1539 1955/1542 1956/1541
f 2709/2974 2708/2975 2706/2976
f 2710/2977 2709/2974 2706/2976
f 2706/2976 2707/2978 2710/2977
f 1018 1030 1020
f 2413 2336 2348
f 208 90 206
f 1035 1020 1030
f 1941 2250 1942
f 2252 1942 2250
f 88 206 90
f 1337 1354 1339
f 94 213 98
f 1356 1339 1354
f 1011 1022 1013
f 1024 1013 1022
f 1948 2265 1953
f 1345 1362 1350
f 2267 1953 2265
f 1363 1350 1362
f 218 98 213
f 2330 2342 2336
f 2486 2336 2413
f 2348 2336 2342
f 2254 2483 2410
f 2254 2339 2258
f 2254 2410 2345
f 2254 2345 2339
f 3349/3305 3347/3306 3046/3307
f 2706/3320 2708/3333 2901/3332
f 2706/3320 2901/3332 2902/3331
f 2706/3320 2902/3331 2903/3330
f 2706/3320 2903/3330 2905/3329
f 2706/3320 2905/3329 2906/3328
f 2706/3320 2906/3328 2911/3327
f 2706/3320 2911/3327 2913/3326
f 2706/3320 2913/3326 2919/3325
f 2706/3320 2919/3325 2921/3324
f 2706/3320 2921/3324 2929/3323
f 2706/3320 2929/3323 2931/3322
f 2706/3320 2931/3322 2954/3321
f 2706/3320 2954/3321 2957/3319
f 2957 2979 2982
f 3027/3311 3028/3312 3031/3310
f 3027/3311 3031/3310 3347/3306
f 3023/3313 3027/3311 3347/3306
f 3013/3314 3023/3313 3347/3306
f 3011/3315 3013/3314 3347/3306
f 2999/3316 3011/3315 3347/3306
f 2994/3317 2999/3316 3347/3306
f 2982/3318 2994/3317 3347/3306
f 2957/3319 2982/3318 3347/3306
f 2706/3320 2957/3319 3347/3306
f 3034 3043 3046
f 3034/3308 3046/3307 3347/3306
f 3033/3309 3034/3308 3347/3306
f 3031/3310 3033/3309 3347/3306
f 217/1235 202/1236 203/1237
f 212/1238 203/1237 205/1239
f 217/1235 203/1237 212/1238
f 198/1240 205/1239 203/1237
f 1034/1241 2337/1242 1268/1243
f 927/1244 205/1239 885/1245
f 1940/1246 1828/1247 1834/1248
f 2089/1249 1997/1250 1999/1251
f 2256/1252 2246/1253 2249/1254
f 2257/1255 2246/1253 2256/1252
f 126/1256 133/1257 127/1258
f 221/1259 1268/1243 1215/1260
f 127/1258 97/1261 126/1256
f 126/1256 138/1262 133/1257
f 131/1263 97/1261 127/1258
f 127/1258 133/1257 131/1263
f 93/1264 126/1256 97/1261
f 2337/1242 1215/1260 1268/1243
f 2246/1253 2089/1249 2165/1265
f 1999/1251 2165/1265 2089/1249
f 139/1266 133/1257 138/1262
f 139/1266 131/1263 133/1257
f 138/1262 145/1267 139/1266
f 2262/1268 2246/1253 2257/1255
f 2331/1269 2246/1253 2262/1268
f 2337/1242 2246/1253 2331/1269
f 1986/1270 1999/1251 1997/1250
f 138/1262 185/1271 145/1267
f 143/1272 131/1263 139/1266
f 139/1266 145/1267 143/1272
f 186/1273 145/1267 185/1271
f 186/1273 143/1272 145/1267
f 185/1271 191/1274 186/1273
f 2337/1242 2089/1249 2246/1253
f 1991/1275 1952/1276 1975/1277
f 1991/1275 1975/1277 1986/1270
f 185/1271 197/1278 191/1274
f 190/1279 143/1272 186/1273
f 186/1273 191/1274 190/1279
f 198/1240 191/1274 197/1278
f 198/1240 190/1279 191/1274
f 2337/1242 1349/1280 1956/1281
f 2337/1242 1997/1250 2089/1249
f 1986/1270 1997/1250 1991/1275
f 198/1240 203/1237 202/1236
f 2337/1242 1991/1275 1997/1250
f 2165/1265 2249/1254 2246/1253
f 1946/1282 1975/1277 1952/1276
f 59/1283 126/1256 93/1264
f 2337/1242 1952/1276 1991/1275
f 1952/1276 2337/1242 1956/1281
f 1268/1243 221/1259 1034/1241
f 2337/1242 1034/1241 1349/1280
f 221/1259 202/1236 217/1235
f 1215/1260 202/1236 221/1259
f 1940/1246 1975/1277 1946/1282
f 1940/1246 1823/1284 1828/1247
f 1834/1248 1975/1277 1940/1246
f 1940/1246 1819/1285 1823/1284
f 1940/1246 1807/1286 1819/1285
f 1940/1246 1796/1287 1807/1286
f 1940/1246 1787/1288 1796/1287
f 1940/1246 1770/1289 1787/1288
f 1940/1246 1747/1290 1770/1289
f 1747/1290 1343/1291 1729/1292
f 1747/1290 1729/1292 1735/1293
f 1747/1290 1735/1293 1740/1294
f 1940/1246 1343/1291 1747/1290
f 1729/1292 1343/1291 1726/1295
f 1028/1296 1722/1297 1343/1291
f 1726/1295 1343/1291 1722/1297
f 927/1244 1722/1297 1028/1296
f 202/1236 190/1279 198/1240
f 197/1278 205/1239 198/1240
f 97/1261 131/1263 120/1298
f 216/1519 220/1520 217/1521
f 212/1523 205/1525 211/1524
f 204/1526 211/1524 205/1525
f 211/1524 216/1519 212/1523
f 221/1522 217/1521 220/1520
f 217/1521 212/1523 216/1519
f 1787 1770 1769
f 1769 1786 1787
f 1721 1725 1722
f 1726 1722 1725
f 1828 1823 1822
f 1822 1827 1828
f 1770 1747 1746
f 1746 1769 1770
f 1819 1807 1806
f 1806 1818 1819
f 1828 1827 1833
f 1833 1834 1828
f 1735 1729 1728
f 1728 1734 1735
f 1818 1833 1822
f 1822 1833 1827
f 1806 1833 1818
f 1795 1833 1806
f 1739 1833 1746
f 1746 1795 1786
f 1746 1786 1769
f 1746 1833 1795
f 1734 1833 1739
f 1721 1833 1725
f 1725 1833 1734
f 1725 1734 1728
f 1729 1726 1725
f 1725 1728 1729
f 1823 1819 1818
f 1818 1822 1823
f 1795 1806 1796
f 1807 1796 1806
f 1739 1746 1740
f 1747 1740 1746
f 1796 1787 1786
f 1786 1795 1796
f 1740 1735 1734
f 1734 1739 1740
f 73 71 160
f 158 160 71
f 165 78 80
f 80 167 165
f 84 171 85
f 172 85 171
f 74 161 76
f 163 76 161
f 71 75 158
f 162 158 75
f 164 162 75
f 75 77 164
f 171 84 83
f 83 170 171
f 153/857 154/858 155/859
f 156/860 155/859 154/858
f 153/857 151/861 150/862
f 153/857 152/863 151/861
f 154/858 153/857 150/862
f 149/864 150/862 151/861
f 148/865 149/864 151/861
f 149/864 148/865 147/866
f 178/867 179/868 180/869
f 181/870 180/869 179/868
f 177/871 178/867 180/869
f 174/872 175/873 177/871
f 178/867 177/871 175/873
f 175/873 174/872 173/874
f 179/868 178/867 176/875
f 159/876 160/877 161/878
f 160/877 159/876 157/879
f 168/880 169/881 170/882
f 172/883 171/884 169/881
f 171/884 170/882 169/881
f 162/885 161/878 160/877
f 166/886 167/887 168/880
f 169/881 168/880 167/887
f 164/888 165/889 166/886
f 167/887 166/886 165/889
f 163/890 164/888 166/886
f 161/878 162/885 163/890
f 164/888 163/890 162/885
f 162/885 160/877 158/891
f 81 168 83
f 170 83 168
f 76 163 79
f 166 79 163
f 74 72 161
f 159 161 72
f 72 70 159
f 157 159 70
f 70 73 157
f 160 157 73
f 164 77 78
f 78 165 164
f 169 82 85
f 85 172 169
f 169 167 80
f 80 82 169
f 79 166 81
f 168 81 166
f 1954 1937 1936
f 2268 1954 1936
f 219 99 98
f 225 219 98
f 1953 2267 2268
f 1936 1953 2268
f 218 224 225
f 98 218 225
f 1941 1934 2250
f 1933 1934 1941
f 2251 2250 1934
f 207 222 89
f 223 222 207
f 206 89 222
f 88 89 206
f 1934 1936 1935
f 1937 1935 1936
f 1933 1936 1934
f 225 224 222
f 222 223 225
f 1974/126 1376/127 1382/128
f 272/129 1382/128 1376/127
f 260/130 1376/127 1373/131
f 1974/126 1631/132 1664/133
f 1974/126 1382/128 1381/134
f 272/129 1381/134 1382/128
f 1974/126 1381/134 1631/132
f 1381/134 272/129 266/135
f 252/136 1373/131 1352/137
f 1911/138 1886/139 1892/140
f 1974/126 1373/131 1376/127
f 1974/126 1332/141 1353/142
f 1974/126 1352/137 1373/131
f 250/143 1353/142 1332/141
f 240/144 1332/141 1318/145
f 1974/126 1353/142 1352/137
f 250/143 1352/137 1353/142
f 1373/131 252/136 260/130
f 1352/137 250/143 248/146
f 234/147 1318/145 1177/148
f 236/149 240/144 234/147
f 1974/126 1318/145 1332/141
f 1011/150 196/120 234/147
f 1022/151 1011/150 234/147
f 1177/148 1022/151 234/147
f 1352/137 248/146 252/136
f 1337/152 1177/148 1318/145
f 1354/153 1337/152 1318/145
f 1974/126 1354/153 1318/145
f 2174 2173 1969
f 1610/154 1591/155 1623/156
f 1888/157 1608/158 1964/159
f 1968 1969 2173
f 1608/158 723/160 719/161
f 821/162 612/163 723/160
f 719/161 1614/164 1608/158
f 612/163 246/165 723/160
f 334/166 613/167 332/168
f 821/162 332/168 613/167
f 332/168 821/162 360/169
f 821/162 613/167 612/163
f 1646/170 1535/171 1668/172
f 195/173 194/123 246/165
f 1623/156 1549/174 1489/175
f 597/176 720/177 655/178
f 479/179 1041/180 875/181
f 1959/182 1970/183 1974/126
f 479/179 875/181 597/176
f 720/177 597/176 875/181
f 1623/156 1489/175 1637/184
f 360/169 1646/170 393/185
f 393/185 1167/186 479/179
f 1331/187 1637/184 1489/175
f 1041/180 479/179 1167/186
f 1549/174 1623/156 1591/155
f 1646/170 360/169 821/162
f 1678/188 1959/182 1664/133
f 1637/184 1331/187 1167/186
f 1959/182 1678/188 1924/189
f 1637/184 1167/186 393/185
f 1637/184 393/185 1646/170
f 1695/190 1679/191 1535/171
f 821/162 1535/171 1646/170
f 1679/191 1668/172 1535/171
f 1808/192 1844/193 1535/171
f 1866/194 1879/195 1695/190
f 1879/195 1862/196 1829/197
f 1879/195 1829/197 1778/198
f 1879/195 1778/198 1750/199
f 1879/195 1750/199 1695/190
f 1866/194 1695/190 1535/171
f 1780/200 1790/201 1535/171
f 1790/201 1808/192 1535/171
f 1844/193 1866/194 1535/171
f 1784/202 1780/200 1535/171
f 1968/203 1963/204 1958/205
f 1968/203 1958/205 1938/206
f 1608/158 1875/207 1804/208
f 1968/203 1905/209 1964/159
f 1875/207 1870/210 1804/208
f 1608/158 1804/208 1784/202
f 1608/158 1784/202 1535/171
f 1968/203 1938/206 1931/211
f 1968/203 1931/211 1928/212
f 1918/213 1691/214 1914/215
f 1874/216 1862/196 1879/195
f 1914/215 1709/217 1907/218
f 1968/203 1928/212 1922/219
f 1907/218 1716/220 1891/221
f 1968/203 1898/222 1908/223
f 1885/224 1874/216 1879/195
f 1904/225 1885/224 1879/195
f 1922/219 1904/225 1879/195
f 1968/203 1908/223 1915/226
f 1891/221 1736/227 1882/228
f 1968/203 1922/219 1879/195
f 1968/203 1879/195 1898/222
f 1905/209 1900/229 1964/159
f 1911/138 1892/140 1902/230
f 1915/226 1911/138 1902/230
f 1968/203 1915/226 1902/230
f 1968/203 1902/230 1905/209
f 1888/157 1875/207 1608/158
f 1736/227 1891/221 1716/220
f 1900/229 1888/157 1964/159
f 1614/164 1964/159 1608/158
f 1691/214 1918/213 1678/188
f 1918/213 1924/189 1678/188
f 1581/231 1631/132 266/135
f 1709/217 1914/215 1691/214
f 1716/220 1907/218 1709/217
f 1771/232 1882/228 1736/227
f 1868/233 1877/234 1771/232
f 1581/231 647/235 733/236
f 1381/134 266/135 1631/132
f 1882/228 1771/232 1877/234
f 1802/237 1868/233 1771/232
f 1868/233 1802/237 1839/238
f 1868/233 1839/238 1856/239
f 262/240 1581/231 266/135
f 1581/231 262/240 647/235
f 572/241 647/235 262/240
f 881/242 1539/243 733/236
f 1581/231 733/236 1539/243
f 1051/244 1481/245 881/242
f 1539/243 881/242 1481/245
f 1318/145 234/147 240/144
f 1173/246 1323/247 1051/244
f 1481/245 1051/244 1323/247
f 232/248 234/147 196/120
f 1376/127 260/130 272/129
f 228/249 232/248 196/120
f 226/250 228/249 196/120
f 230/251 226/250 196/120
f 262/240 254/252 242/253
f 262/240 242/253 238/254
f 434/255 238/254 230/251
f 434/255 572/241 262/240
f 308/256 434/255 230/251
f 434/255 262/240 238/254
f 283/257 308/256 230/251
f 283/257 230/251 196/120
f 276/258 283/257 196/120
f 277/259 276/258 196/120
f 246/165 247/260 196/120
f 247/260 277/259 196/120
f 194/123 723/160 246/165
f 1177/148 1337/152 1338/261
f 1022/151 1177/148 1338/261
f 194/123 719/161 723/160
f 1338/261 1023/262 1022/151
f 1332/141 240/144 250/143
f 1974/126 1664/133 1959/182
f 1804/208 1864/263 1824/264
f 1849/265 1824/264 1864/263
f 1864/263 1804/208 1870/210
f 884/266 1721/267 1722/268
f 196/120 1011/150 1012/269
f 196/120 1012/269 197/124
f 1833/270 1721/267 1012/269
f 884/266 197/124 1012/269
f 1975/271 1834/272 1833/270
f 1975/271 1833/270 1012/269
f 1975/271 1355/273 1354/153
f 1911/138 1894/274 1886/139
f 1012/269 1355/273 1975/271
f 1354/153 1974/126 1975/271
f 1986/275 1975/271 1974/126
f 1974/126 1985/276 1986/275
f 1999 1986 1985
f 1985 1998 1999
f 2164/527 2248/452 2165/528
f 2249/450 2165/528 2248/452
f 1998 2164 1999
f 2165 1999 2164
f 1016 1017 1360
f 1344 1360 1017
f 1361 1360 1344
f 1863/3334 1853/3335 1859/3336
f 1853/3335 1863/3334 1855/3337
f 1855/3337 1842/3340 1853/3335
f 1842/3340 1855/3337 1846/3344
f 1846/3344 1820/3348 1842/3340
f 1820/3348 1846/3344 1826/3355
f 1826/3355 1798/3362 1820/3348
f 1798/3362 1826/3355 1803/3370
f 1803/3370 1765/3380 1798/3362
f 1765/3380 1803/3370 1768/3390
f 1768/3390 1741/3402 1765/3380
f 1741/3402 1768/3390 1745/3412
f 1745/3412 1699/3428 1741/3402
f 1699/3428 1745/3412 1706/3438
f 1699/3428 1666/3456 1662/3457
f 1666/3456 1699/3428 1706/3438
f 1662/3457 1619/3487 1617/3488
f 1619/3487 1662/3457 1666/3456
f 1617/3488 1576/3514 1570/3515
f 1576/3514 1617/3488 1619/3487
f 1570/3732 1517/3733 1512/3734
f 1517/3733 1570/3732 1576/3735
f 1512/3734 1463/3736 1459/3739
f 1463/3736 1512/3734 1517/3733
f 1459/3739 1413/3742 1409/3746
f 1413/3742 1459/3739 1463/3736
f 1409/3746 1313/3750 1311/3755
f 1313/3750 1409/3746 1413/3742
f 1313/3750 1193/3760 1311/3755
f 1859/3336 1847/3338 1851/3341
f 1847/3338 1859/3336 1853/3335
f 1853/3335 1836/3342 1847/3338
f 1836/3342 1853/3335 1842/3340
f 1842/3340 1812/3349 1836/3342
f 1812/3349 1842/3340 1820/3348
f 1820/3348 1788/3363 1812/3349
f 1788/3363 1820/3348 1798/3362
f 1798/3362 1761/3381 1788/3363
f 1761/3381 1798/3362 1765/3380
f 1765/3380 1730/3403 1761/3381
f 1730/3403 1765/3380 1741/3402
f 1741/3402 1696/3429 1730/3403
f 1696/3429 1741/3402 1699/3428
f 1696/3429 1662/3457 1657/3458
f 1662/3457 1696/3429 1699/3428
f 1657/3458 1617/3488 1606/3489
f 1617/3488 1657/3458 1662/3457
f 1606/3489 1570/3515 1560/3516
f 1570/3515 1606/3489 1617/3488
f 1560/3737 1512/3734 1508/3741
f 1512/3734 1560/3737 1570/3732
f 1508/3741 1459/3739 1457/3747
f 1459/3739 1508/3741 1512/3734
f 1457/3747 1409/3746 1403/3756
f 1409/3746 1457/3747 1459/3739
f 1403/3756 1311/3755 1303/3766
f 1311/3755 1403/3756 1409/3746
f 1311/3755 1193/3760 1303/3766
f 1851/3341 1830/3345 1840/3350
f 1830/3345 1851/3341 1847/3338
f 1847/3338 1816/3346 1830/3345
f 1816/3346 1847/3338 1836/3342
f 1836/3342 1800/3351 1816/3346
f 1800/3351 1836/3342 1812/3349
f 1812/3349 1772/3364 1800/3351
f 1772/3364 1812/3349 1788/3363
f 1788/3363 1751/3382 1772/3364
f 1751/3382 1788/3363 1761/3381
f 1761/3381 1719/3404 1751/3382
f 1719/3404 1761/3381 1730/3403
f 1730/3403 1688/3430 1719/3404
f 1688/3430 1730/3403 1696/3429
f 1688/3430 1657/3458 1647/3459
f 1657/3458 1688/3430 1696/3429
f 1647/3459 1606/3489 1602/3490
f 1606/3489 1647/3459 1657/3458
f 1602/3490 1560/3516 1554/3517
f 1560/3516 1602/3490 1606/3489
f 1554/3744 1508/3741 1500/3749
f 1508/3741 1554/3744 1560/3737
f 1500/3749 1457/3747 1449/3757
f 1457/3747 1500/3749 1508/3741
f 1449/3757 1403/3756 1395/3767
f 1403/3756 1449/3757 1457/3747
f 1395/3767 1303/3766 1299/3772
f 1303/3766 1395/3767 1403/3756
f 1303/3766 1193/3760 1299/3772
f 1840/3350 1810/3356 1814/3365
f 1810/3356 1840/3350 1830/3345
f 1830/3345 1793/3357 1810/3356
f 1793/3357 1830/3345 1816/3346
f 1816/3346 1774/3358 1793/3357
f 1774/3358 1816/3346 1800/3351
f 1800/3351 1758/3366 1774/3358
f 1758/3366 1800/3351 1772/3364
f 1772/3364 1732/3383 1758/3366
f 1732/3383 1772/3364 1751/3382
f 1751/3382 1702/3405 1732/3383
f 1702/3405 1751/3382 1719/3404
f 1719/3404 1671/3431 1702/3405
f 1671/3431 1719/3404 1688/3430
f 1671/3431 1647/3459 1640/3460
f 1647/3459 1671/3431 1688/3430
f 1640/3460 1602/3490 1592/3491
f 1602/3490 1640/3460 1647/3459
f 1592/3491 1554/3517 1543/3518
f 1554/3517 1592/3491 1602/3490
f 1543/3753 1500/3749 1494/3759
f 1500/3749 1543/3753 1554/3744
f 1494/3759 1449/3757 1441/3768
f 1449/3757 1494/3759 1500/3749
f 1441/3768 1395/3767 1391/3779
f 1395/3767 1441/3768 1449/3757
f 1391/3779 1299/3772 1295/3778
f 1299/3772 1391/3779 1395/3767
f 1299/3772 1193/3760 1295/3778
f 1814/3365 1776/3371 1782/3384
f 1776/3371 1814/3365 1810/3356
f 1810/3356 1763/3372 1776/3371
f 1763/3372 1810/3356 1793/3357
f 1793/3357 1754/3373 1763/3372
f 1754/3373 1793/3357 1774/3358
f 1774/3358 1737/3374 1754/3373
f 1737/3374 1774/3358 1758/3366
f 1758/3366 1711/3385 1737/3374
f 1711/3385 1758/3366 1732/3383
f 1732/3383 1684/3406 1711/3385
f 1684/3406 1732/3383 1702/3405
f 1702/3405 1649/3432 1684/3406
f 1649/3432 1702/3405 1671/3431
f 1649/3432 1640/3460 1611/3461
f 1640/3460 1649/3432 1671/3431
f 1611/3461 1592/3491 1579/3492
f 1592/3491 1611/3461 1640/3460
f 1579/3492 1543/3518 1527/3525
f 1543/3518 1579/3492 1592/3491
f 1527/3764 1494/3759 1483/3770
f 1494/3759 1527/3764 1543/3753
f 1483/3770 1441/3768 1432/3780
f 1441/3768 1483/3770 1494/3759
f 1432/3780 1391/3779 1383/3794
f 1391/3779 1432/3780 1441/3768
f 1383/3794 1295/3778 1290/3785
f 1295/3778 1383/3794 1391/3779
f 1295/3778 1193/3760 1290/3785
f 1782/3384 1748/3391 1756/3407
f 1748/3391 1782/3384 1776/3371
f 1776/3371 1743/3392 1748/3391
f 1743/3392 1776/3371 1763/3372
f 1763/3372 1723/3393 1743/3392
f 1723/3393 1763/3372 1754/3373
f 1754/3373 1707/3394 1723/3393
f 1707/3394 1754/3373 1737/3374
f 1737/3374 1686/3395 1707/3394
f 1686/3395 1737/3374 1711/3385
f 1711/3385 1660/3408 1686/3395
f 1660/3408 1711/3385 1684/3406
f 1684/3406 1627/3433 1660/3408
f 1627/3433 1684/3406 1649/3432
f 1627/3433 1611/3461 1594/3464
f 1611/3461 1627/3433 1649/3432
f 1594/3464 1579/3492 1552/3499
f 1579/3492 1594/3464 1611/3461
f 1552/3783 1527/3764 1510/3775
f 1527/3764 1552/3783 1579/3789
f 1510/3775 1483/3770 1468/3782
f 1483/3770 1510/3775 1527/3764
f 1468/3782 1432/3780 1428/3795
f 1432/3780 1468/3782 1483/3770
f 1428/3795 1383/3794 1378/3803
f 1383/3794 1428/3795 1432/3780
f 1378/3803 1290/3785 1287/3793
f 1290/3785 1378/3803 1383/3794
f 1290/3785 1193/3760 1287/3793
f 1756/3407 1713/3414 1717/3434
f 1713/3414 1756/3407 1748/3391
f 1748/3391 1704/3415 1713/3414
f 1704/3415 1748/3391 1743/3392
f 1743/3392 1692/3416 1704/3415
f 1692/3416 1743/3392 1723/3393
f 1723/3393 1676/3417 1692/3416
f 1676/3417 1723/3393 1707/3394
f 1707/3394 1654/3418 1676/3417
f 1654/3418 1707/3394 1686/3395
f 1686/3395 1629/3419 1654/3418
f 1629/3419 1686/3395 1660/3408
f 1629/3419 1627/3433 1600/3446
f 1627/3433 1629/3419 1660/3408
f 1600/3446 1594/3464 1572/3476
f 1594/3464 1600/3446 1627/3433
f 1572/3798 1552/3783 1531/3790
f 1552/3783 1572/3798 1594/3807
f 1531/3790 1510/3775 1492/3788
f 1510/3775 1531/3790 1552/3783
f 1492/3788 1468/3782 1453/3797
f 1468/3782 1492/3788 1510/3775
f 1453/3797 1428/3795 1419/3816
f 1428/3795 1453/3797 1468/3782
f 1419/3816 1378/3803 1371/3815
f 1378/3803 1419/3816 1428/3795
f 1371/3815 1287/3793 1271/3802
f 1287/3793 1371/3815 1378/3803
f 1287/3793 1193/3760 1271/3802
f 1680/3462 1717/3434 1674/3441
f 1713/3414 1674/3441 1717/3434
f 1713/3414 1665/3442 1674/3441
f 1665/3442 1713/3414 1704/3415
f 1692/3416 1665/3442 1704/3415
f 1665/3442 1692/3416 1652/3443
f 1676/3417 1652/3443 1692/3416
f 1652/3443 1676/3417 1642/3444
f 1654/3418 1642/3444 1676/3417
f 1642/3444 1654/3418 1615/3445
f 1629/3419 1615/3445 1654/3418
f 1615/3445 1629/3419 1598/3463
f 1598/3463 1629/3419 1600/3446
f 1600/3446 1574/3477 1598/3463
f 1574/3477 1572/3476 1537/3503
f 1572/3476 1574/3477 1600/3446
f 1537/3808 1531/3790 1503/3806
f 1531/3790 1537/3808 1572/3798
f 1503/3806 1492/3788 1472/3805
f 1492/3788 1503/3806 1531/3790
f 1472/3805 1453/3797 1437/3818
f 1453/3797 1472/3805 1492/3788
f 1437/3818 1419/3816 1407/3836
f 1419/3816 1437/3818 1453/3797
f 1407/3836 1371/3815 1335/3823
f 1371/3815 1407/3836 1419/3816
f 1335/3823 1271/3802 1266/3814
f 1271/3802 1335/3823 1371/3815
f 1271/3802 1193/3760 1266/3814
f 1674/3441 1638/3471 1680/3462
f 1638/3471 1674/3441 1625/3470
f 1665/3442 1625/3470 1674/3441
f 1625/3470 1665/3442 1620/3472
f 1652/3443 1620/3472 1665/3442
f 1620/3472 1652/3443 1604/3473
f 1642/3444 1604/3473 1652/3443
f 1604/3473 1642/3444 1596/3474
f 1615/3445 1596/3474 1642/3444
f 1596/3474 1615/3445 1584/3475
f 1598/3463 1584/3475 1615/3445
f 1584/3475 1598/3463 1556/3493
f 1556/3862 1574/3849 1533/3839
f 1574/3849 1556/3862 1598/3875
f 1533/3839 1537/3808 1506/3827
f 1537/3808 1533/3839 1574/3849
f 1506/3827 1503/3806 1479/3826
f 1503/3806 1506/3827 1537/3808
f 1479/3826 1472/3805 1446/3825
f 1472/3805 1479/3826 1503/3806
f 1446/3825 1437/3818 1424/3838
f 1437/3818 1446/3825 1472/3805
f 1424/3838 1407/3836 1389/3845
f 1407/3836 1424/3838 1437/3818
f 1389/3845 1335/3823 1321/3835
f 1335/3823 1389/3845 1407/3836
f 1321/3835 1266/3814 1258/3822
f 1266/3814 1321/3835 1335/3823
f 1266/3814 1193/3760 1258/3822
f 1625/3470 1588/3501 1638/3471
f 1588/3501 1625/3470 1582/3500
f 1620/3472 1582/3500 1625/3470
f 1582/3500 1620/3472 1577/3502
f 1604/3473 1577/3502 1620/3472
f 1577/3502 1604/3473 1558/3519
f 1596/4199 1558/4200 1604/4201
f 1558/4200 1596/4199 1546/4202
f 1584/4203 1546/4202 1596/4199
f 1546/4202 1584/4203 1529/4205
f 1556/3862 1529/3890 1584/3906
f 1529/3890 1556/3862 1514/3863
f 1533/3839 1514/3863 1556/3862
f 1514/3863 1533/3839 1496/3850
f 1496/3850 1506/3827 1474/3848
f 1506/3827 1496/3850 1533/3839
f 1474/3848 1479/3826 1445/3847
f 1479/3826 1474/3848 1506/3827
f 1445/3847 1446/3825 1426/3846
f 1446/3825 1445/3847 1479/3826
f 1426/3846 1424/3838 1401/3861
f 1424/3838 1426/3846 1446/3825
f 1401/3861 1389/3845 1369/3859
f 1389/3845 1401/3861 1424/3838
f 1369/3859 1321/3835 1307/3844
f 1321/3835 1369/3859 1389/3845
f 1307/3844 1258/3822 1254/3834
f 1258/3822 1307/3844 1321/3835
f 1258/3822 1193/3760 1254/3834
f 1582/4217 1523/4221 1588/4227
f 1523/4221 1582/4217 1519/4213
f 1577/4209 1519/4213 1582/4217
f 1519/4213 1577/4209 1516/4207
f 1558/4200 1516/4207 1577/4209
f 1516/4207 1558/4200 1502/4204
f 1546/4202 1502/4204 1558/4200
f 1502/4204 1546/4202 1498/4206
f 1529/4205 1498/4206 1546/4202
f 1498/4206 1529/4205 1486/4211
f 1514/3863 1486/3891 1529/3890
f 1486/3891 1514/3863 1470/3876
f 1496/3850 1470/3876 1514/3863
f 1470/3876 1496/3850 1455/3874
f 1455/3874 1474/3848 1436/3873
f 1474/3848 1455/3874 1496/3850
f 1436/3873 1445/3847 1422/3872
f 1445/3847 1436/3873 1474/3848
f 1422/3872 1426/3846 1399/3871
f 1426/3846 1422/3872 1445/3847
f 1399/3871 1401/3861 1374/3889
f 1401/3861 1399/3871 1426/3846
f 1374/3889 1369/3859 1328/3870
f 1369/3859 1374/3889 1401/3861
f 1328/3870 1307/3844 1284/3858
f 1307/3844 1328/3870 1369/3859
f 1284/3858 1254/3834 1244/3843
f 1254/3834 1284/3858 1307/3844
f 1254/3834 1193/3760 1244/3843
f 1519/4213 1466/4222 1523/4221
f 1466/4222 1519/4213 1464/4214
f 1516/4207 1464/4214 1519/4213
f 1464/4214 1516/4207 1461/4210
f 1502/4204 1461/4210 1516/4207
f 1461/4210 1502/4204 1451/4208
f 1498/4206 1451/4208 1502/4204
f 1451/4208 1498/4206 1443/4212
f 1486/4211 1443/4212 1498/4206
f 1443/4212 1486/4211 1434/4219
f 1470/3876 1434/3907 1486/3891
f 1434/3907 1470/3876 1430/3905
f 1455/3874 1430/3905 1470/3876
f 1430/3905 1455/3874 1418/3904
f 1418/3904 1436/3873 1405/3903
f 1436/3873 1418/3904 1455/3874
f 1405/3903 1422/3872 1387/3902
f 1422/3872 1405/3903 1436/3873
f 1387/3902 1399/3871 1365/3901
f 1399/3871 1387/3902 1422/3872
f 1365/3901 1374/3889 1326/3900
f 1374/3889 1365/3901 1399/3871
f 1326/3900 1328/3870 1293/3888
f 1328/3870 1326/3900 1374/3889
f 1293/3888 1284/3858 1262/3869
f 1284/3858 1293/3888 1328/3870
f 1262/3869 1244/3843 1234/3857
f 1244/3843 1262/3869 1284/3858
f 1244/3843 1193/3760 1234/3857
f 1464/4214 1416/4223 1466/4222
f 1416/4223 1464/4214 1414/4218
f 1461/4210 1414/4218 1464/4214
f 1414/4218 1461/4210 1411/4216
f 1451/4208 1411/4216 1461/4210
f 1411/4216 1451/4208 1397/4215
f 1443/4212 1397/4215 1451/4208
f 1397/4215 1443/4212 1393/4220
f 1434/4219 1393/4220 1443/4212
f 1393/4220 1434/4219 1385/4229
f 1430/3905 1385/3935 1434/3907
f 1385/3935 1430/3905 1377/3934
f 1418/3904 1377/3934 1430/3905
f 1377/3934 1418/3904 1367/3933
f 1367/3933 1405/3903 1333/3932
f 1405/3903 1367/3933 1418/3904
f 1333/3932 1387/3902 1319/3931
f 1387/3902 1333/3932 1405/3903
f 1319/3931 1365/3901 1305/3930
f 1365/3901 1319/3931 1387/3902
f 1305/3930 1326/3900 1281/3920
f 1326/3900 1305/3930 1365/3901
f 1281/3920 1293/3888 1260/3899
f 1293/3888 1281/3920 1326/3900
f 1260/3899 1262/3869 1246/3887
f 1262/3869 1260/3899 1293/3888
f 1246/3887 1234/3857 1226/3868
f 1234/3857 1246/3887 1262/3869
f 1234/3857 1193/3760 1226/3868
f 1414/4218 1316/4228 1416/4223
f 1316/4228 1414/4218 1314/4226
f 1411/4216 1314/4226 1414/4218
f 1314/4226 1411/4216 1309/4225
f 1397/4215 1309/4225 1411/4216
f 1309/4225 1397/4215 1301/4224
f 1393/4220 1301/4224 1397/4215
f 1301/4224 1393/4220 1297/4230
f 1385/4229 1297/4230 1393/4220
f 1297/4230 1385/4229 1289/4235
f 1377/3934 1289/3960 1385/3935
f 1289/3960 1377/3934 1283/3959
f 1367/3933 1283/3959 1377/3934
f 1283/3959 1367/3933 1269/3958
f 1269/3958 1333/3932 1264/3957
f 1333/3932 1269/3958 1367/3933
f 1264/3957 1319/3931 1256/3956
f 1319/3931 1264/3957 1333/3932
f 1256/3956 1305/3930 1252/3948
f 1305/3930 1256/3956 1319/3931
f 1252/3948 1281/3920 1242/3929
f 1281/3920 1252/3948 1305/3930
f 1242/3929 1260/3899 1232/3919
f 1260/3899 1242/3929 1281/3920
f 1232/3919 1246/3887 1224/3898
f 1246/3887 1232/3919 1260/3899
f 1224/3898 1226/3868 1209/3886
f 1226/3868 1224/3898 1246/3887
f 1226/3868 1193/3760 1209/3886
f 1316/4228 1179/4234 1178/4237
f 1179/4234 1316/4228 1314/4226
f 1314/4226 1180/4233 1179/4234
f 1180/4233 1314/4226 1309/4225
f 1309/4225 1181/4232 1180/4233
f 1181/4232 1309/4225 1301/4224
f 1301/4224 1182/4231 1181/4232
f 1182/4231 1301/4224 1297/4230
f 1297/4230 1183/4236 1182/4231
f 1183/4236 1297/4230 1289/4235
f 1289/3960 1184/3986 1183/4000
f 1184/3986 1289/3960 1283/3959
f 1283/3959 1185/3985 1184/3986
f 1185/3985 1283/3959 1269/3958
f 1269/3958 1186/3984 1185/3985
f 1186/3984 1269/3958 1264/3957
f 1264/3957 1187/3983 1186/3984
f 1187/3983 1264/3957 1256/3956
f 1256/3956 1188/3974 1187/3983
f 1188/3974 1256/3956 1252/3948
f 1252/3948 1189/3955 1188/3974
f 1189/3955 1252/3948 1242/3929
f 1242/3929 1190/3947 1189/3955
f 1190/3947 1242/3929 1232/3919
f 1232/3919 1191/3928 1190/3947
f 1191/3928 1232/3919 1224/3898
f 1224/3898 1192/3897 1191/3928
f 1192/3897 1224/3898 1209/3886
f 1209/3886 1193/3760 1192/3897
f 1179/4234 1054/4242 1178/4237
f 1054/4242 1179/4234 1056/4241
f 1180/4233 1056/4241 1179/4234
f 1056/4241 1180/4233 1061/4240
f 1181/4232 1061/4240 1180/4233
f 1061/4240 1181/4232 1069/4238
f 1182/4231 1069/4238 1181/4232
f 1069/4238 1182/4231 1075/4239
f 1183/4236 1075/4239 1182/4231
f 1075/4239 1183/4236 1091/4243
f 1184/3986 1091/4013 1183/4000
f 1091/4013 1184/3986 1099/4012
f 1185/3985 1099/4012 1184/3986
f 1099/4012 1185/3985 1107/4028
f 1185/3985 1111/4011 1107/4028
f 1111/4011 1185/3985 1186/3984
f 1186/3984 1123/4010 1111/4011
f 1123/4010 1186/3984 1187/3983
f 1187/3983 1129/3999 1123/4010
f 1129/3999 1187/3983 1188/3974
f 1188/3974 1145/3982 1129/3999
f 1145/3982 1188/3974 1189/3955
f 1189/3955 1151/3973 1145/3982
f 1151/3973 1189/3955 1190/3947
f 1190/3947 1165/3946 1151/3973
f 1165/3946 1190/3947 1191/3928
f 1191/3928 1169/3918 1165/3946
f 1169/3918 1191/3928 1192/3897
f 1193/3760 1169/3918 1192/3897
f 1056/4241 956/4248 1054/4242
f 956/4248 1056/4241 958/4247
f 1061/4240 958/4247 1056/4241
f 958/4247 1061/4240 965/4245
f 1069/4238 965/4245 1061/4240
f 965/4245 1069/4238 979/4244
f 1075/4239 979/4244 1069/4238
f 979/4244 1075/4239 983/4246
f 1091/4243 983/4246 1075/4239
f 983/4246 1091/4243 991/4249
f 1099/4012 991/4042 1091/4013
f 991/4042 1099/4012 997/4041
f 1107/4028 997/4041 1099/4012
f 997/4041 1107/4028 1007/4057
f 1107/4028 1039/4040 1007/4057
f 1039/4040 1107/4028 1111/4011
f 1111/4011 1052/4039 1039/4040
f 1052/4039 1111/4011 1123/4010
f 1123/4010 1065/4027 1052/4039
f 1065/4027 1123/4010 1129/3999
f 1129/3999 1103/4009 1065/4027
f 1103/4009 1129/3999 1145/3982
f 1145/3982 1115/3981 1103/4009
f 1115/3981 1145/3982 1151/3973
f 1151/3973 1139/3954 1115/3981
f 1139/3954 1151/3973 1165/3946
f 1165/3946 1163/3927 1139/3954
f 1163/3927 1165/3946 1169/3918
f 1193/3760 1163/3927 1169/3918
f 956/4248 896/4254 894/4255
f 896/4254 956/4248 958/4247
f 958/4247 901/4252 896/4254
f 901/4252 958/4247 965/4245
f 965/4245 911/4251 901/4252
f 911/4251 965/4245 979/4244
f 979/4244 919/4250 911/4251
f 919/4250 979/4244 983/4246
f 983/4246 936/4253 919/4250
f 936/4253 983/4246 991/4249
f 991/4042 942/4072 936/4086
f 942/4072 991/4042 997/4041
f 997/4041 954/4071 942/4072
f 954/4071 997/4041 1007/4057
f 1007/4057 971/4070 954/4071
f 971/4070 1007/4057 1039/4040
f 1039/4040 989/4069 971/4070
f 989/4069 1039/4040 1052/4039
f 1052/4039 1009/4056 989/4069
f 1009/4056 1052/4039 1065/4027
f 1065/4027 1045/4026 1009/4056
f 1045/4026 1065/4027 1103/4009
f 1103/4009 1079/3998 1045/4026
f 1079/3998 1103/4009 1115/3981
f 1115/3981 1113/3972 1079/3998
f 1113/3972 1115/3981 1139/3954
f 1139/3954 1149/3945 1113/3972
f 1149/3945 1139/3954 1163/3927
f 1193/3760 1149/3945 1163/3927
f 896/4254 835/4260 894/4255
f 835/4260 896/4254 838/4259
f 901/4252 838/4259 896/4254
f 838/4259 901/4252 843/4258
f 911/4251 843/4258 901/4252
f 843/4258 911/4251 855/4256
f 919/4250 855/4256 911/4251
f 855/4256 919/4250 861/4257
f 936/4253 861/4257 919/4250
f 861/4257 936/4253 871/4261
f 942/4072 871/4102 936/4086
f 871/4102 942/4072 890/4101
f 954/4071 890/4101 942/4072
f 890/4101 954/4071 907/4117
f 954/4071 934/4100 907/4117
f 934/4100 954/4071 971/4070
f 971/4070 950/4099 934/4100
f 950/4099 971/4070 989/4069
f 989/4069 977/4068 950/4099
f 977/4068 989/4069 1009/4056
f 1009/4056 999/4038 977/4068
f 999/4038 1009/4056 1045/4026
f 1045/4026 1043/4008 999/4038
f 1043/4008 1045/4026 1079/3998
f 1079/3998 1100/3980 1043/4008
f 1100/3980 1079/3998 1113/3972
f 1113/3972 1143/3953 1100/3980
f 1143/3953 1113/3972 1149/3945
f 1193/3760 1143/3953 1149/3945
f 838/4259 764/4266 835/4260
f 764/4266 838/4259 770/4265
f 843/4258 770/4265 838/4259
f 770/4265 843/4258 776/4263
f 855/4256 776/4263 843/4258
f 776/4263 855/4256 793/4262
f 861/4257 793/4262 855/4256
f 793/4262 861/4257 809/4264
f 871/4261 809/4264 861/4257
f 809/4264 871/4261 827/4267
f 890/4101 827/4131 871/4102
f 827/4131 890/4101 845/4130
f 907/4117 845/4130 890/4101
f 845/4130 907/4117 863/4145
f 907/4117 886/4129 863/4145
f 886/4129 907/4117 934/4100
f 934/4100 915/4116 886/4129
f 915/4116 934/4100 950/4099
f 950/4099 946/4085 915/4116
f 946/4085 950/4099 977/4068
f 977/4068 975/4055 946/4085
f 975/4055 977/4068 999/4038
f 999/4038 1005/4025 975/4055
f 1005/4025 999/4038 1043/4008
f 1043/4008 1063/3997 1005/4025
f 1063/3997 1043/4008 1100/3980
f 1100/3980 1127/3971 1063/3997
f 1127/3971 1100/3980 1143/3953
f 1193/3760 1127/3971 1143/3953
f 770/3611 705/3610 764/3624
f 705/3610 770/3611 717/3595
f 776/3596 717/3595 770/3611
f 717/3595 776/3596 721/3578
f 793/3586 721/3578 776/3596
f 721/3578 793/3586 746/3568
f 809/4264 746/4268 793/4262
f 746/4268 809/4264 756/4269
f 827/4267 756/4269 809/4264
f 756/4269 827/4267 768/4270
f 845/4130 768/4157 827/4131
f 768/4157 845/4130 797/4156
f 863/4145 797/4156 845/4130
f 797/4156 863/4145 823/4170
f 863/4145 853/4155 823/4170
f 853/4155 863/4145 886/4129
f 886/4129 878/4128 853/4155
f 878/4128 886/4129 915/4116
f 915/4116 916/4098 878/4128
f 916/4098 915/4116 946/4085
f 946/4085 948/4067 916/4098
f 948/4067 946/4085 975/4055
f 975/4055 987/4037 948/4067
f 987/4037 975/4055 1005/4025
f 1005/4025 1049/4007 987/4037
f 1049/4007 1005/4025 1063/3997
f 1063/3997 1121/3979 1049/4007
f 1121/3979 1063/3997 1127/3971
f 1193/3760 1121/3979 1127/3971
f 717/3595 656/3603 705/3610
f 656/3603 717/3595 662/3585
f 721/3578 662/3585 717/3595
f 662/3585 721/3578 670/3558
f 746/3568 670/3558 721/3578
f 670/3558 746/3568 687/3549
f 756/3567 687/3549 746/3568
f 687/3549 756/3567 697/3550
f 768/3569 697/3550 756/3567
f 697/3550 768/3569 730/3559
f 797/3579 730/3559 768/3569
f 730/3559 797/3579 754/3562
f 797/4156 779/4180 754/4190
f 779/4180 797/4156 823/4170
f 823/4170 819/4169 779/4180
f 819/4169 823/4170 853/4155
f 853/4155 857/4144 819/4169
f 857/4144 853/4155 878/4128
f 878/4128 888/4115 857/4144
f 888/4115 878/4128 916/4098
f 916/4098 932/4084 888/4115
f 932/4084 916/4098 948/4067
f 948/4067 969/4054 932/4084
f 969/4054 948/4067 987/4037
f 987/4037 1037/4024 969/4054
f 1037/4024 987/4037 1049/4007
f 1049/4007 1109/3996 1037/4024
f 1109/3996 1049/4007 1121/3979
f 1193/3760 1109/3996 1121/3979
f 656/3603 662/3585 608/3594
f 616/3576 608/3594 662/3585
f 670/3558 616/3576 662/3585
f 616/3576 670/3558 625/3556
f 670/3558 641/3543 625/3556
f 641/3543 670/3558 687/3549
f 687/3549 660/3538 641/3543
f 660/3538 687/3549 697/3550
f 697/3550 683/3544 660/3538
f 683/3544 697/3550 730/3559
f 730/3559 754/3562 683/3544
f 713/3552 683/3544 754/3562
f 713/3552 754/3562 750/3571
f 779/3583 750/3571 754/3562
f 779/3583 819/3601 781/3589
f 781/3589 750/3571 779/3583
f 819/4169 857/4144 825/4154
f 825/4154 781/4179 819/4169
f 857/4144 888/4115 867/4127
f 867/4127 825/4154 857/4144
f 888/4115 932/4084 909/4097
f 909/4097 867/4127 888/4115
f 932/4084 969/4054 952/4066
f 952/4066 909/4097 932/4084
f 969/4054 1037/4024 1003/4036
f 1003/4036 952/4066 969/4054
f 1037/4024 1109/3996 1105/4006
f 1105/4006 1003/4036 1037/4024
f 1193/3760 1105/4006 1109/3996
f 616/3576 540/3575 608/3594
f 540/3575 616/3576 561/3555
f 625/3556 561/3555 616/3576
f 561/3555 625/3556 583/3541
f 641/3543 583/3541 625/3556
f 583/3541 641/3543 604/3535
f 660/3538 604/3535 641/3543
f 604/3535 660/3538 622/3533
f 683/3544 622/3533 660/3538
f 622/3533 683/3544 645/3539
f 713/3552 645/3539 683/3544
f 645/3539 713/3552 679/3551
f 713/3552 715/3570 679/3551
f 715/3570 713/3552 750/3571
f 750/3571 758/3588 715/3570
f 758/3588 750/3571 781/3589
f 781/4179 799/4168 758/4189
f 799/4168 781/4179 825/4154
f 825/4154 849/4143 799/4168
f 849/4143 825/4154 867/4127
f 867/4127 892/4114 849/4143
f 892/4114 867/4127 909/4097
f 909/4097 944/4083 892/4114
f 944/4083 909/4097 952/4066
f 952/4066 995/4053 944/4083
f 995/4053 952/4066 1003/4036
f 1003/4036 1097/4023 995/4053
f 1097/4023 1003/4036 1105/4006
f 1193/3760 1097/4023 1105/4006
f 561/3555 471/3564 540/3575
f 471/3564 561/3555 494/3547
f 583/3541 494/3547 561/3555
f 494/3547 583/3541 514/3537
f 604/3535 514/3537 583/3541
f 514/3537 604/3535 550/3534
f 622/3533 550/3534 604/3535
f 550/3534 622/3533 595/3536
f 645/3539 595/3536 622/3533
f 595/3536 645/3539 618/3545
f 679/3551 618/3545 645/3539
f 618/3545 679/3551 648/3560
f 715/3570 648/3560 679/3551
f 648/3560 715/3570 689/3580
f 715/3570 734/3587 689/3580
f 734/3587 715/3570 758/3588
f 758/3588 772/3604 734/3587
f 772/3604 758/3588 799/3612
f 799/4168 829/4153 772/4178
f 829/4153 799/4168 849/4143
f 849/4143 873/4126 829/4153
f 873/4126 849/4143 892/4114
f 892/4114 938/4096 873/4126
f 938/4096 892/4114 944/4083
f 944/4083 993/4065 938/4096
f 993/4065 944/4083 995/4053
f 995/4053 1092/4035 993/4065
f 1092/4035 995/4053 1097/4023
f 1193/3760 1092/4035 1097/4023
f 494/3547 428/3565 471/3564
f 428/3565 494/3547 437/3548
f 514/3537 437/3548 494/3547
f 437/3548 514/3537 456/3542
f 550/3534 456/3542 514/3537
f 456/3542 550/3534 499/3540
f 595/3536 499/3540 550/3534
f 499/3540 595/3536 538/3546
f 618/3545 538/3546 595/3536
f 538/3546 618/3545 598/3561
f 648/3560 598/3561 618/3545
f 598/3561 648/3560 629/3581
f 689/3580 629/3581 648/3560
f 629/3581 689/3580 668/3598
f 689/3580 703/3597 668/3598
f 703/3597 689/3580 734/3587
f 734/3587 760/3605 703/3597
f 760/3605 734/3587 772/3604
f 772/3604 813/3619 760/3605
f 813/3619 772/3604 829/3625
f 829/4153 865/4142 813/4167
f 865/4142 829/4153 873/4126
f 873/4126 921/4113 865/4142
f 921/4113 873/4126 938/4096
f 938/4096 985/4082 921/4113
f 985/4082 938/4096 993/4065
f 993/4065 1077/4052 985/4082
f 1077/4052 993/4065 1092/4035
f 1193/3760 1077/4052 1092/4035
f 437/3548 385/3566 428/3565
f 385/3566 437/3548 398/3557
f 456/3542 398/3557 437/3548
f 398/3557 456/3542 426/3554
f 499/3540 426/3554 456/3542
f 426/3554 499/3540 449/3553
f 538/3546 449/3553 499/3540
f 449/3553 538/3546 503/3563
f 598/3561 503/3563 538/3546
f 503/3563 598/3561 559/3582
f 629/3581 559/3582 598/3561
f 559/3582 629/3581 606/3599
f 668/3598 606/3599 629/3581
f 606/3599 668/3598 643/3615
f 668/3598 693/3613 643/3615
f 693/3613 668/3598 703/3597
f 703/3597 748/3614 693/3613
f 748/3614 703/3597 760/3605
f 760/3605 800/3620 748/3614
f 800/3620 760/3605 813/3619
f 813/4167 859/4152 800/4177
f 859/4152 813/4167 865/4142
f 865/4142 913/4125 859/4152
f 913/4125 865/4142 921/4113
f 921/4113 981/4095 913/4125
f 981/4095 921/4113 985/4082
f 985/4082 1073/4064 981/4095
f 1073/4064 985/4082 1077/4052
f 1193/3760 1073/4064 1077/4052
f 398/3557 356/3577 385/3566
f 356/3577 398/3557 367/3574
f 426/3554 367/3574 398/3557
f 367/3574 426/3554 394/3573
f 449/3553 394/3573 426/3554
f 394/3573 449/3553 430/3572
f 503/3563 430/3572 449/3553
f 430/3572 503/3563 468/3584
f 559/3582 468/3584 503/3563
f 468/3584 559/3582 528/3600
f 606/3599 528/3600 559/3582
f 528/3600 606/3599 600/3616
f 643/3615 600/3616 606/3599
f 600/3616 643/3615 637/3629
f 643/3615 681/3626 637/3629
f 681/3626 643/3615 693/3613
f 693/3613 740/3627 681/3626
f 740/3627 693/3613 748/3614
f 748/3614 789/3628 740/3627
f 789/3628 748/3614 800/3620
f 800/4177 851/4166 789/4188
f 851/4166 800/4177 859/4152
f 859/4152 905/4141 851/4166
f 905/4141 859/4152 913/4125
f 913/4125 973/4112 905/4141
f 973/4112 913/4125 981/4095
f 981/4095 1067/4081 973/4112
f 1067/4081 981/4095 1073/4064
f 1193/3760 1067/4081 1073/4064
f 367/3574 330/3593 356/3577
f 330/3593 367/3574 347/3592
f 394/3573 347/3592 367/3574
f 347/3592 394/3573 374/3591
f 430/3572 374/3591 394/3573
f 374/3591 430/3572 411/3590
f 468/3584 411/3590 430/3572
f 411/3590 468/3584 451/3602
f 528/3600 451/3602 468/3584
f 451/3602 528/3600 512/3617
f 600/3616 512/3617 528/3600
f 512/3617 600/3616 587/3630
f 637/3629 587/3630 600/3616
f 587/3630 637/3629 631/3642
f 637/3629 673/3639 631/3642
f 673/3639 637/3629 681/3626
f 681/3626 728/3640 673/3639
f 728/3640 681/3626 740/3627
f 740/3627 783/3641 728/3640
f 783/3641 740/3627 789/3628
f 789/4188 847/4176 783/4194
f 847/4176 789/4188 851/4166
f 851/4166 903/4151 847/4176
f 903/4151 851/4166 905/4141
f 905/4141 967/4124 903/4151
f 967/4124 905/4141 973/4112
f 973/4112 1059/4094 967/4124
f 1059/4094 973/4112 1067/4081
f 1193/3760 1059/4094 1067/4081
f 347/3592 323/3609 330/3593
f 323/3609 347/3592 335/3608
f 374/3591 335/3608 347/3592
f 335/3608 374/3591 369/3607
f 411/3590 369/3607 374/3591
f 369/3607 411/3590 406/3606
f 451/3602 406/3606 411/3590
f 406/3606 451/3602 442/3618
f 512/3617 442/3618 451/3602
f 442/3618 512/3617 509/3631
f 587/3630 509/3631 512/3617
f 509/3631 587/3630 582/3643
f 631/3642 582/3643 587/3630
f 582/3643 631/3642 624/3656
f 631/3642 671/3653 624/3656
f 671/3653 631/3642 673/3639
f 673/3639 725/3654 671/3653
f 725/3654 673/3639 728/3640
f 728/3640 778/3655 725/3654
f 778/3655 728/3640 783/3641
f 783/4194 842/4187 778/4198
f 842/4187 783/4194 847/4176
f 847/4176 900/4165 842/4187
f 900/4165 847/4176 903/4151
f 903/4151 964/4140 900/4165
f 964/4140 903/4151 967/4124
f 967/4124 1058/4111 964/4140
f 1058/4111 967/4124 1059/4094
f 1193/3760 1058/4111 1059/4094
f 348/3623 323/3609 335/3608
f 323/3609 348/3623 331/3633
f 375/3622 335/3608 369/3607
f 335/3608 375/3622 348/3623
f 406/3606 375/3622 369/3607
f 375/3622 406/3606 412/3632
f 452/3621 406/3606 442/3618
f 406/3606 452/3621 412/3632
f 509/3631 452/3621 442/3618
f 452/3621 509/3631 513/3635
f 588/3645 509/3631 582/3643
f 509/3631 588/3645 513/3635
f 624/3656 588/3645 582/3643
f 588/3645 624/3656 632/3660
f 671/3653 632/3660 624/3656
f 632/3660 671/3653 674/3668
f 725/3654 674/3668 671/3653
f 674/3668 725/3654 729/3669
f 778/3655 729/3669 725/3654
f 729/3669 778/3655 784/3673
f 842/4187 784/4197 778/4198
f 784/4197 842/4187 848/4186
f 900/4165 848/4186 842/4187
f 848/4186 900/4165 904/4164
f 964/4140 904/4164 900/4165
f 904/4164 964/4140 968/4139
f 1058/4111 968/4139 964/4140
f 968/4139 1058/4111 1060/4110
f 1193/3760 1060/4110 1058/4111
f 368/3638 331/3633 348/3623
f 331/3633 368/3638 357/3646
f 395/3637 348/3623 375/3622
f 348/3623 395/3637 368/3638
f 431/3636 375/3622 412/3632
f 375/3622 431/3636 395/3637
f 469/3634 412/3632 452/3621
f 412/3632 469/3634 431/3636
f 529/3644 452/3621 513/3635
f 452/3621 529/3644 469/3634
f 601/3649 513/3635 588/3645
f 513/3635 601/3649 529/3644
f 638/3658 588/3645 632/3660
f 588/3645 638/3658 601/3649
f 674/3668 638/3658 632/3660
f 638/3658 674/3668 682/3671
f 729/3669 682/3671 674/3668
f 682/3671 729/3669 741/3682
f 784/3673 741/3682 729/3669
f 741/3682 784/3673 790/3685
f 848/4186 790/4193 784/4197
f 790/4193 848/4186 852/4175
f 904/4164 852/4175 848/4186
f 852/4175 904/4164 906/4150
f 968/4139 906/4150 904/4164
f 906/4150 968/4139 974/4123
f 1060/4110 974/4123 968/4139
f 974/4123 1060/4110 1068/4093
f 1193/3760 1068/4093 1060/4110
f 399/3652 357/3646 368/3638
f 357/3646 399/3652 386/3659
f 427/3651 368/3638 395/3637
f 368/3638 427/3651 399/3652
f 450/3650 395/3637 431/3636
f 395/3637 450/3650 427/3651
f 504/3647 431/3636 469/3634
f 431/3636 504/3647 450/3650
f 560/3648 469/3634 529/3644
f 469/3634 560/3648 504/3647
f 607/3657 529/3644 601/3649
f 529/3644 607/3657 560/3648
f 644/3664 601/3649 638/3658
f 601/3649 644/3664 607/3657
f 682/3671 644/3664 638/3658
f 644/3664 682/3671 694/3678
f 741/3682 694/3678 682/3671
f 694/3678 741/3682 749/3691
f 790/3685 749/3691 741/3682
f 749/3691 790/3685 801/3697
f 852/4175 801/4185 790/4193
f 801/4185 852/4175 860/4163
f 906/4150 860/4163 852/4175
f 860/4163 906/4150 914/4138
f 974/4123 914/4138 906/4150
f 914/4138 974/4123 982/4109
f 1068/4093 982/4109 974/4123
f 982/4109 1068/4093 1074/4080
f 1193/3760 1074/4080 1068/4093
f 438/3667 386/3659 399/3652
f 386/3659 438/3667 429/3672
f 457/3666 399/3652 427/3651
f 399/3652 457/3666 438/3667
f 500/3665 427/3651 450/3650
f 427/3651 500/3665 457/3666
f 539/3661 450/3650 504/3647
f 450/3650 539/3661 500/3665
f 599/3662 504/3647 560/3648
f 504/3647 599/3662 539/3661
f 630/3663 560/3648 607/3657
f 560/3648 630/3663 599/3662
f 669/3670 607/3657 644/3664
f 607/3657 669/3670 630/3663
f 694/3678 669/3670 644/3664
f 669/3670 694/3678 704/3683
f 749/3691 704/3683 694/3678
f 704/3683 749/3691 761/3695
f 801/3697 761/3695 749/3691
f 761/3695 801/3697 814/3707
f 860/4163 814/4174 801/4185
f 814/4174 860/4163 866/4149
f 914/4138 866/4149 860/4163
f 866/4149 914/4138 922/4122
f 982/4109 922/4122 914/4138
f 922/4122 982/4109 986/4092
f 1074/4080 986/4092 982/4109
f 986/4092 1074/4080 1078/4063
f 1193/3760 1078/4063 1074/4080
f 495/3681 429/3672 438/3667
f 429/3672 495/3681 472/3684
f 515/3680 438/3667 457/3666
f 438/3667 515/3680 495/3681
f 551/3679 457/3666 500/3665
f 457/3666 551/3679 515/3680
f 596/3674 500/3665 539/3661
f 500/3665 596/3674 551/3679
f 619/3675 539/3661 599/3662
f 539/3661 619/3675 596/3674
f 649/3676 599/3662 630/3663
f 599/3662 649/3676 619/3675
f 690/3677 630/3663 669/3670
f 630/3663 690/3677 649/3676
f 704/3683 690/3677 669/3670
f 690/3677 704/3683 735/3690
f 761/3695 735/3690 704/3683
f 735/3690 761/3695 773/3702
f 814/3707 773/3702 761/3695
f 773/3702 814/3707 830/3715
f 866/4149 830/4162 814/4174
f 830/4162 866/4149 874/4137
f 922/4122 874/4137 866/4149
f 874/4137 922/4122 939/4108
f 986/4092 939/4108 922/4122
f 939/4108 986/4092 994/4079
f 1078/4063 994/4079 986/4092
f 994/4079 1078/4063 1093/4051
f 1193/3760 1093/4051 1078/4063
f 562/3694 472/3684 495/3681
f 472/3684 562/3694 541/3696
f 584/3693 495/3681 515/3680
f 495/3681 584/3693 562/3694
f 605/3692 515/3680 551/3679
f 515/3680 605/3692 584/3693
f 623/3686 551/3679 596/3674
f 551/3679 623/3686 605/3692
f 646/3687 596/3674 619/3675
f 596/3674 646/3687 623/3686
f 680/3688 619/3675 649/3676
f 619/3675 680/3688 646/3687
f 716/3689 649/3676 690/3677
f 649/3676 716/3689 680/3688
f 735/3690 716/3689 690/3677
f 716/3689 735/3690 759/3701
f 773/3702 759/3701 735/3690
f 759/3701 773/3702 802/3713
f 830/4162 802/4173 773/4184
f 802/4173 830/4162 850/4148
f 874/4137 850/4148 830/4162
f 850/4148 874/4137 893/4121
f 939/4108 893/4121 874/4137
f 893/4121 939/4108 945/4091
f 994/4079 945/4091 939/4108
f 945/4091 994/4079 996/4062
f 1093/4051 996/4062 994/4079
f 996/4062 1093/4051 1098/4034
f 1193/3760 1098/4034 1093/4051
f 617/3705 541/3696 562/3694
f 541/3696 617/3705 609/3708
f 626/3704 562/3694 584/3693
f 562/3694 626/3704 617/3705
f 642/3703 584/3693 605/3692
f 584/3693 642/3703 626/3704
f 661/3698 605/3692 623/3686
f 605/3692 661/3698 642/3703
f 684/3699 623/3686 646/3687
f 623/3686 684/3699 661/3698
f 714/3700 646/3687 680/3688
f 646/3687 714/3700 684/3699
f 716/3689 714/3700 680/3688
f 714/3700 716/3689 751/3706
f 759/3701 751/3706 716/3689
f 751/3706 759/3701 782/3714
f 802/4173 782/4183 759/4192
f 782/4183 802/4173 826/4161
f 850/4148 826/4161 802/4173
f 826/4161 850/4148 868/4136
f 893/4121 868/4136 850/4148
f 868/4136 893/4121 910/4107
f 945/4091 910/4107 893/4121
f 910/4107 945/4091 953/4078
f 996/4062 953/4078 945/4091
f 953/4078 996/4062 1004/4050
f 1098/4034 1004/4050 996/4062
f 1004/4050 1098/4034 1106/4022
f 1193/3760 1106/4022 1098/4034
f 609/3708 663/3717 657/3719
f 663/3717 609/3708 617/3705
f 617/3705 672/3716 663/3717
f 672/3716 617/3705 626/3704
f 672/3716 626/3704 642/3703
f 642/3703 688/3709 672/3716
f 688/3709 642/3703 661/3698
f 661/3698 698/3710 688/3709
f 698/3710 661/3698 684/3699
f 684/3699 731/3711 698/3710
f 731/3711 684/3699 714/3700
f 714/3700 755/3712 731/3711
f 751/3706 780/3718 755/3712
f 755/3712 714/3700 751/3706
f 782/3714 780/3718 751/3706
f 780/3718 782/3714 820/3724
f 826/4161 820/4172 782/4183
f 820/4172 826/4161 858/4147
f 868/4136 858/4147 826/4161
f 858/4147 868/4136 889/4120
f 910/4107 889/4120 868/4136
f 889/4120 910/4107 933/4090
f 953/4078 933/4090 910/4107
f 933/4090 953/4078 970/4061
f 1004/4050 970/4061 953/4078
f 970/4061 1004/4050 1038/4033
f 1106/4022 1038/4033 1004/4050
f 1038/4033 1106/4022 1110/4005
f 1193/3760 1110/4005 1106/4022
f 663/3717 706/3726 657/3719
f 706/3726 663/3717 718/3725
f 672/3716 718/3725 663/3717
f 718/3725 672/3716 722/3720
f 688/3709 722/3720 672/3716
f 722/3720 688/3709 747/3721
f 698/3710 747/3721 688/3709
f 747/3721 698/3710 757/3722
f 731/3711 757/3722 698/3710
f 757/3722 731/3711 769/3723
f 755/3712 769/3723 731/3711
f 769/3723 755/3712 798/3727
f 780/4191 798/4182 755/4196
f 798/4182 780/4191 824/4171
f 820/4172 824/4171 780/4191
f 824/4171 820/4172 854/4160
f 858/4147 854/4160 820/4172
f 854/4160 858/4147 879/4135
f 889/4120 879/4135 858/4147
f 879/4135 889/4120 917/4106
f 933/4090 917/4106 889/4120
f 917/4106 933/4090 949/4077
f 970/4061 949/4077 933/4090
f 949/4077 970/4061 988/4049
f 1038/4033 988/4049 970/4061
f 988/4049 1038/4033 1050/4021
f 1110/4005 1050/4021 1038/4033
f 1050/4021 1110/4005 1122/3995
f 1193/3760 1122/3995 1110/4005
f 718/3725 765/3730 706/3726
f 765/3730 718/3725 771/3729
f 722/3720 771/3729 718/3725
f 771/3729 722/3720 777/3728
f 747/3721 777/3728 722/3720
f 777/3728 747/3721 794/3731
f 757/4271 794/4272 747/4273
f 794/4272 757/4271 810/4274
f 769/4275 810/4274 757/4271
f 810/4274 769/4275 828/4277
f 798/4182 828/4181 769/4195
f 828/4181 798/4182 846/4159
f 824/4171 846/4159 798/4182
f 846/4159 824/4171 864/4146
f 854/4160 864/4146 824/4171
f 864/4146 854/4160 887/4134
f 879/4135 887/4134 854/4160
f 887/4134 879/4135 918/4119
f 917/4106 918/4119 879/4135
f 918/4119 917/4106 947/4089
f 949/4077 947/4089 917/4106
f 947/4089 949/4077 976/4060
f 988/4049 976/4060 949/4077
f 976/4060 988/4049 1006/4032
f 1050/4021 1006/4032 988/4049
f 1006/4032 1050/4021 1064/4004
f 1122/3995 1064/4004 1050/4021
f 1064/4004 1122/3995 1128/3978
f 1193/3760 1128/3978 1122/3995
f 771/4289 836/4293 765/4299
f 836/4293 771/4289 839/4285
f 777/4281 839/4285 771/4289
f 839/4285 777/4281 844/4279
f 794/4272 844/4279 777/4281
f 844/4279 794/4272 856/4276
f 810/4274 856/4276 794/4272
f 856/4276 810/4274 862/4278
f 828/4277 862/4278 810/4274
f 862/4278 828/4277 872/4283
f 846/4159 872/4158 828/4181
f 872/4158 846/4159 891/4133
f 864/4146 891/4133 846/4159
f 891/4133 864/4146 908/4118
f 887/4134 908/4118 864/4146
f 908/4118 887/4134 935/4105
f 918/4119 935/4105 887/4134
f 935/4105 918/4119 951/4088
f 947/4089 951/4088 918/4119
f 951/4088 947/4089 978/4076
f 976/4060 978/4076 947/4089
f 978/4076 976/4060 1000/4048
f 1006/4032 1000/4048 976/4060
f 1000/4048 1006/4032 1044/4020
f 1064/4004 1044/4020 1006/4032
f 1044/4020 1064/4004 1101/3994
f 1128/3978 1101/3994 1064/4004
f 1101/3994 1128/3978 1144/3970
f 1193/3760 1144/3970 1128/3978
f 839/4285 895/4294 836/4293
f 895/4294 839/4285 897/4286
f 844/4279 897/4286 839/4285
f 897/4286 844/4279 902/4282
f 856/4276 902/4282 844/4279
f 902/4282 856/4276 912/4280
f 862/4278 912/4280 856/4276
f 912/4280 862/4278 920/4284
f 872/4283 920/4284 862/4278
f 920/4284 872/4283 937/4291
f 891/4133 937/4132 872/4158
f 937/4132 891/4133 943/4104
f 908/4118 943/4104 891/4133
f 943/4104 908/4118 955/4087
f 935/4105 955/4087 908/4118
f 955/4087 935/4105 972/4075
f 951/4088 972/4075 935/4105
f 972/4075 951/4088 990/4059
f 978/4076 990/4059 951/4088
f 990/4059 978/4076 1010/4047
f 1000/4048 1010/4047 978/4076
f 1010/4047 1000/4048 1046/4031
f 1044/4020 1046/4031 1000/4048
f 1046/4031 1044/4020 1080/4003
f 1101/3994 1080/4003 1044/4020
f 1080/4003 1101/3994 1114/3977
f 1144/3970 1114/3977 1101/3994
f 1114/3977 1144/3970 1150/3952
f 1193/3760 1150/3952 1144/3970
f 897/4286 957/4295 895/4294
f 957/4295 897/4286 959/4290
f 902/4282 959/4290 897/4286
f 959/4290 902/4282 966/4288
f 912/4280 966/4288 902/4282
f 966/4288 912/4280 980/4287
f 920/4284 980/4287 912/4280
f 980/4287 920/4284 984/4292
f 937/4291 984/4292 920/4284
f 984/4292 937/4291 992/4301
f 943/4104 992/4103 937/4132
f 992/4103 943/4104 998/4074
f 955/4087 998/4074 943/4104
f 998/4074 955/4087 1008/4058
f 972/4075 1008/4058 955/4087
f 1008/4058 972/4075 1040/4046
f 990/4059 1040/4046 972/4075
f 1040/4046 990/4059 1053/4030
f 1010/4047 1053/4030 990/4059
f 1053/4030 1010/4047 1066/4019
f 1046/4031 1066/4019 1010/4047
f 1066/4019 1046/4031 1104/4018
f 1080/4003 1104/4018 1046/4031
f 1104/4018 1080/4003 1116/3993
f 1114/3977 1116/3993 1080/4003
f 1116/3993 1114/3977 1140/3969
f 1150/3952 1140/3969 1114/3977
f 1140/3969 1150/3952 1164/3944
f 1193/3760 1164/3944 1150/3952
f 959/4290 1055/4300 957/4295
f 1055/4300 959/4290 1057/4298
f 966/4288 1057/4298 959/4290
f 1057/4298 966/4288 1062/4297
f 980/4287 1062/4297 966/4288
f 1062/4297 980/4287 1070/4296
f 984/4292 1070/4296 980/4287
f 1070/4296 984/4292 1076/4302
f 992/4301 1076/4302 984/4292
f 1076/4302 992/4301 1094/4307
f 998/4074 1094/4073 992/4103
f 1094/4073 998/4074 1102/4045
f 1008/4058 1102/4045 998/4074
f 1102/4045 1008/4058 1108/4029
f 1040/4046 1108/4029 1008/4058
f 1108/4029 1040/4046 1112/4017
f 1053/4030 1112/4017 1040/4046
f 1112/4017 1053/4030 1124/4002
f 1066/4019 1124/4002 1053/4030
f 1124/4002 1066/4019 1130/3992
f 1104/4018 1130/3992 1066/4019
f 1130/3992 1104/4018 1146/3991
f 1116/3993 1146/3991 1104/4018
f 1146/3991 1116/3993 1152/3968
f 1140/3969 1152/3968 1116/3993
f 1152/3968 1140/3969 1166/3951
f 1164/3944 1166/3951 1140/3969
f 1166/3951 1164/3944 1170/3926
f 1193/3760 1170/3926 1164/3944
f 1057/4298 1208/4306 1055/4300
f 1208/4306 1057/4298 1207/4305
f 1062/4297 1207/4305 1057/4298
f 1207/4305 1062/4297 1206/4304
f 1070/4296 1206/4304 1062/4297
f 1206/4304 1070/4296 1205/4303
f 1076/4302 1205/4303 1070/4296
f 1205/4303 1076/4302 1204/4308
f 1094/4307 1204/4308 1076/4302
f 1204/4308 1094/4307 1203/4313
f 1102/4045 1203/4044 1094/4073
f 1203/4044 1102/4045 1202/4016
f 1108/4029 1202/4016 1102/4045
f 1202/4016 1108/4029 1201/4001
f 1112/4017 1201/4001 1108/4029
f 1201/4001 1112/4017 1200/3990
f 1124/4002 1200/3990 1112/4017
f 1200/3990 1124/4002 1199/3976
f 1130/3992 1199/3976 1124/4002
f 1199/3976 1130/3992 1198/3966
f 1146/3991 1198/3966 1130/3992
f 1198/3966 1146/3991 1197/3967
f 1152/3968 1197/3967 1146/3991
f 1197/3967 1152/3968 1196/3943
f 1166/3951 1196/3943 1152/3968
f 1196/3943 1166/3951 1195/3925
f 1170/3926 1195/3925 1166/3951
f 1195/3925 1170/3926 1194/3917
f 1194/3917 1170/3926 1193/3760
f 1208/4306 1315/4312 1317/4315
f 1315/4312 1208/4306 1207/4305
f 1207/4305 1310/4311 1315/4312
f 1310/4311 1207/4305 1206/4304
f 1206/4304 1302/4310 1310/4311
f 1302/4310 1206/4304 1205/4303
f 1205/4303 1298/4309 1302/4310
f 1298/4309 1205/4303 1204/4308
f 1204/4308 1292/4314 1298/4309
f 1292/4314 1204/4308 1203/4313
f 1203/4044 1286/4014 1292/4043
f 1286/4014 1203/4044 1202/4016
f 1202/4016 1270/3987 1286/4014
f 1270/3987 1202/4016 1201/4001
f 1265/3975 1201/4001 1200/3990
f 1201/4001 1265/3975 1270/3987
f 1257/3965 1200/3990 1199/3976
f 1200/3990 1257/3965 1265/3975
f 1253/3950 1199/3976 1198/3966
f 1199/3976 1253/3950 1257/3965
f 1243/3942 1198/3966 1197/3967
f 1198/3966 1243/3942 1253/3950
f 1196/3943 1243/3942 1197/3967
f 1243/3942 1196/3943 1233/3924
f 1225/3916 1196/3943 1195/3925
f 1196/3943 1225/3916 1233/3924
f 1210/3896 1195/3925 1194/3917
f 1195/3925 1210/3896 1225/3916
f 1210/3896 1194/3917 1193/3760
f 1315/4312 1417/4320 1317/4315
f 1417/4320 1315/4312 1415/4319
f 1310/4311 1415/4319 1315/4312
f 1415/4319 1310/4311 1412/4318
f 1302/4310 1412/4318 1310/4311
f 1412/4318 1302/4310 1398/4316
f 1298/4309 1398/4316 1302/4310
f 1398/4316 1298/4309 1394/4317
f 1292/4314 1394/4317 1298/4309
f 1394/4317 1292/4314 1386/4321
f 1286/4014 1386/4015 1292/4043
f 1386/4015 1286/4014 1380/3988
f 1270/3987 1380/3988 1286/4014
f 1380/3988 1270/3987 1368/3962
f 1334/3961 1270/3987 1265/3975
f 1270/3987 1334/3961 1368/3962
f 1320/3949 1265/3975 1257/3965
f 1265/3975 1320/3949 1334/3961
f 1306/3941 1257/3965 1253/3950
f 1257/3965 1306/3941 1320/3949
f 1282/3923 1253/3950 1243/3942
f 1253/3950 1282/3923 1306/3941
f 1261/3915 1243/3942 1233/3924
f 1243/3942 1261/3915 1282/3923
f 1247/3895 1233/3924 1225/3916
f 1233/3924 1247/3895 1261/3915
f 1227/3885 1225/3916 1210/3896
f 1225/3916 1227/3885 1247/3895
f 1227/3885 1210/3896 1193/3760
f 1415/4319 1467/4326 1417/4320
f 1467/4326 1415/4319 1465/4325
f 1412/4318 1465/4325 1415/4319
f 1465/4325 1412/4318 1462/4323
f 1398/4316 1462/4323 1412/4318
f 1462/4323 1398/4316 1452/4322
f 1394/4317 1452/4322 1398/4316
f 1452/4322 1394/4317 1444/4324
f 1386/4321 1444/4324 1394/4317
f 1444/4324 1386/4321 1435/4327
f 1380/3988 1435/3989 1386/4015
f 1435/3989 1380/3988 1431/3963
f 1368/3962 1431/3963 1380/3988
f 1431/3963 1368/3962 1421/3938
f 1406/3937 1368/3962 1334/3961
f 1368/3962 1406/3937 1421/3938
f 1388/3936 1334/3961 1320/3949
f 1334/3961 1388/3936 1406/3937
f 1366/3922 1320/3949 1306/3941
f 1320/3949 1366/3922 1388/3936
f 1327/3914 1306/3941 1282/3923
f 1306/3941 1327/3914 1366/3922
f 1294/3894 1282/3923 1261/3915
f 1282/3923 1294/3894 1327/3914
f 1263/3884 1261/3915 1247/3895
f 1261/3915 1263/3884 1294/3894
f 1235/3867 1247/3895 1227/3885
f 1247/3895 1235/3867 1263/3884
f 1235/3867 1227/3885 1193/3760
f 1465/4325 1524/4332 1467/4326
f 1524/4332 1465/4325 1520/4330
f 1462/4323 1520/4330 1465/4325
f 1520/4330 1462/4323 1518/4329
f 1452/4322 1518/4329 1462/4323
f 1518/4329 1452/4322 1505/4328
f 1444/4324 1505/4328 1452/4322
f 1505/4328 1444/4324 1499/4331
f 1435/4327 1499/4331 1444/4324
f 1499/4331 1435/4327 1487/4333
f 1431/3963 1487/3964 1435/3989
f 1487/3964 1431/3963 1471/3939
f 1421/3938 1471/3939 1431/3963
f 1471/3939 1421/3938 1456/3910
f 1439/3909 1421/3938 1406/3937
f 1421/3938 1439/3909 1456/3910
f 1423/3908 1406/3937 1388/3936
f 1406/3937 1423/3908 1439/3909
f 1400/3911 1388/3936 1366/3922
f 1388/3936 1400/3911 1423/3908
f 1375/3893 1366/3922 1327/3914
f 1366/3922 1375/3893 1400/3911
f 1329/3883 1327/3914 1294/3894
f 1327/3914 1329/3883 1375/3893
f 1285/3866 1294/3894 1263/3884
f 1294/3894 1285/3866 1329/3883
f 1245/3856 1263/3884 1235/3867
f 1263/3884 1245/3856 1285/3866
f 1245/3856 1235/3867 1193/3760
f 1520/4330 1589/4337 1524/4332
f 1589/4337 1520/4330 1583/4336
f 1518/4329 1583/4336 1520/4330
f 1583/4336 1518/4329 1578/4335
f 1505/4328 1578/4335 1518/4329
f 1578/4335 1505/4328 1559/4334
f 1499/4331 1559/4334 1505/4328
f 1559/4334 1499/4331 1547/4338
f 1487/4333 1547/4338 1499/4331
f 1547/4338 1487/4333 1530/4339
f 1471/3939 1530/3940 1487/3964
f 1530/3940 1471/3939 1515/3913
f 1456/3910 1515/3913 1471/3939
f 1515/3913 1456/3910 1497/3881
f 1475/3878 1456/3910 1439/3909
f 1456/3910 1475/3878 1497/3881
f 1448/3877 1439/3909 1423/3908
f 1439/3909 1448/3877 1475/3878
f 1427/3879 1423/3908 1400/3911
f 1423/3908 1427/3879 1448/3877
f 1402/3882 1400/3911 1375/3893
f 1400/3911 1402/3882 1427/3879
f 1370/3865 1375/3893 1329/3883
f 1375/3893 1370/3865 1402/3882
f 1308/3855 1329/3883 1285/3866
f 1329/3883 1308/3855 1370/3865
f 1255/3842 1285/3866 1245/3856
f 1285/3866 1255/3842 1308/3855
f 1255/3842 1245/3856 1193/3760
f 1583/3528 1639/3520 1589/3531
f 1639/3520 1583/3528 1626/3505
f 1578/3526 1626/3505 1583/3528
f 1626/3505 1578/3526 1621/3504
f 1559/3527 1621/3504 1578/3526
f 1621/3504 1559/3527 1605/3506
f 1547/4338 1605/4340 1559/4334
f 1605/4340 1547/4338 1597/4341
f 1530/4339 1597/4341 1547/4338
f 1597/4341 1530/4339 1585/4342
f 1515/3913 1585/3921 1530/3940
f 1585/3921 1515/3913 1557/3892
f 1497/3881 1557/3892 1515/3913
f 1557/3892 1497/3881 1534/3864
f 1507/3853 1497/3881 1475/3878
f 1497/3881 1507/3853 1534/3864
f 1480/3851 1475/3878 1448/3877
f 1475/3878 1480/3851 1507/3853
f 1447/3852 1448/3877 1427/3879
f 1448/3877 1447/3852 1480/3851
f 1425/3860 1427/3879 1402/3882
f 1427/3879 1425/3860 1447/3852
f 1390/3854 1402/3882 1370/3865
f 1402/3882 1390/3854 1425/3860
f 1322/3841 1370/3865 1308/3855
f 1370/3865 1322/3841 1390/3854
f 1259/3833 1308/3855 1255/3842
f 1308/3855 1259/3833 1322/3841
f 1259/3833 1255/3842 1193/3760
f 1626/3505 1681/3494 1639/3520
f 1681/3494 1626/3505 1675/3478
f 1621/3504 1675/3478 1626/3505
f 1675/3478 1621/3504 1667/3479
f 1605/3506 1667/3479 1621/3504
f 1667/3479 1605/3506 1653/3480
f 1597/3507 1653/3480 1605/3506
f 1653/3480 1597/3507 1643/3481
f 1585/3508 1643/3481 1597/3507
f 1643/3481 1585/3508 1616/3482
f 1557/3509 1616/3482 1585/3508
f 1616/3482 1557/3509 1599/3483
f 1575/3880 1557/3892 1534/3864
f 1557/3892 1575/3880 1599/3912
f 1538/3831 1534/3864 1507/3853
f 1534/3864 1538/3831 1575/3880
f 1504/3829 1507/3853 1480/3851
f 1507/3853 1504/3829 1538/3831
f 1473/3828 1480/3851 1447/3852
f 1480/3851 1473/3828 1504/3829
f 1438/3837 1447/3852 1425/3860
f 1447/3852 1438/3837 1473/3828
f 1408/3840 1425/3860 1390/3854
f 1425/3860 1408/3840 1438/3837
f 1336/3832 1390/3854 1322/3841
f 1390/3854 1336/3832 1408/3840
f 1267/3821 1322/3841 1259/3833
f 1322/3841 1267/3821 1336/3832
f 1267/3821 1259/3833 1193/3760
f 1718/3465 1681/3494 1675/3478
f 1675/3478 1714/3447 1718/3465
f 1714/3447 1675/3478 1667/3479
f 1667/3479 1705/3448 1714/3447
f 1653/3480 1693/3449 1705/3448
f 1705/3448 1667/3479 1653/3480
f 1643/3481 1677/3450 1693/3449
f 1693/3449 1653/3480 1643/3481
f 1616/3482 1655/3451 1677/3450
f 1677/3450 1643/3481 1616/3482
f 1655/3451 1616/3482 1599/3483
f 1599/3483 1630/3452 1655/3451
f 1575/3510 1601/3484 1599/3483
f 1630/3452 1599/3483 1601/3484
f 1573/3511 1601/3484 1575/3510
f 1575/3510 1538/3529 1573/3511
f 1532/3811 1573/3819 1538/3831
f 1538/3831 1504/3829 1532/3811
f 1493/3809 1532/3811 1504/3829
f 1504/3829 1473/3828 1493/3809
f 1454/3817 1493/3809 1473/3828
f 1473/3828 1438/3837 1454/3817
f 1420/3824 1454/3817 1438/3837
f 1438/3837 1408/3840 1420/3824
f 1372/3820 1420/3824 1408/3840
f 1408/3840 1336/3832 1372/3820
f 1272/3813 1372/3820 1336/3832
f 1336/3832 1267/3821 1272/3813
f 1272/3813 1267/3821 1193/3760
f 1757/3435 1714/3447 1749/3420
f 1714/3447 1757/3435 1718/3465
f 1749/3420 1705/3448 1744/3421
f 1705/3448 1749/3420 1714/3447
f 1744/3421 1693/3449 1724/3422
f 1693/3449 1744/3421 1705/3448
f 1724/3422 1677/3450 1708/3423
f 1677/3450 1724/3422 1693/3449
f 1708/3423 1655/3451 1687/3424
f 1655/3451 1708/3423 1677/3450
f 1687/3424 1630/3452 1661/3437
f 1630/3452 1687/3424 1655/3451
f 1628/3466 1630/3452 1601/3484
f 1630/3452 1628/3466 1661/3437
f 1595/3495 1601/3484 1573/3511
f 1601/3484 1595/3495 1628/3466
f 1553/3799 1573/3819 1532/3811
f 1573/3819 1553/3799 1595/3830
f 1511/3791 1532/3811 1493/3809
f 1532/3811 1511/3791 1553/3799
f 1469/3796 1493/3809 1454/3817
f 1493/3809 1469/3796 1511/3791
f 1429/3804 1454/3817 1420/3824
f 1454/3817 1429/3804 1469/3796
f 1379/3812 1420/3824 1372/3820
f 1420/3824 1379/3812 1429/3804
f 1288/3801 1372/3820 1272/3813
f 1372/3820 1288/3801 1379/3812
f 1288/3801 1272/3813 1193/3760
f 1783/3409 1749/3420 1777/3396
f 1749/3420 1783/3409 1757/3435
f 1777/3396 1744/3421 1764/3397
f 1744/3421 1777/3396 1749/3420
f 1764/3397 1724/3422 1755/3398
f 1724/3422 1764/3397 1744/3421
f 1755/3398 1708/3423 1738/3399
f 1708/3423 1755/3398 1724/3422
f 1738/3399 1687/3424 1712/3411
f 1687/3424 1738/3399 1708/3423
f 1712/3411 1661/3437 1685/3436
f 1661/3437 1712/3411 1687/3424
f 1685/3436 1628/3466 1650/3454
f 1628/3466 1685/3436 1661/3437
f 1612/3486 1628/3466 1595/3495
f 1628/3466 1612/3486 1650/3454
f 1580/3513 1595/3495 1553/3521
f 1595/3495 1580/3513 1612/3486
f 1528/3776 1553/3799 1511/3791
f 1553/3799 1528/3776 1580/3810
f 1484/3781 1511/3791 1469/3796
f 1511/3791 1484/3781 1528/3776
f 1433/3787 1469/3796 1429/3804
f 1469/3796 1433/3787 1484/3781
f 1384/3800 1429/3804 1379/3812
f 1429/3804 1384/3800 1433/3787
f 1291/3792 1379/3812 1288/3801
f 1379/3812 1291/3792 1384/3800
f 1291/3792 1288/3801 1193/3760
f 1815/3386 1777/3396 1811/3375
f 1777/3396 1815/3386 1783/3409
f 1811/3375 1764/3397 1794/3376
f 1764/3397 1811/3375 1777/3396
f 1794/3376 1755/3398 1775/3377
f 1755/3398 1794/3376 1764/3397
f 1775/3377 1738/3399 1759/3388
f 1738/3399 1775/3377 1755/3398
f 1759/3388 1712/3411 1733/3410
f 1712/3411 1759/3388 1738/3399
f 1733/3410 1685/3436 1703/3426
f 1685/3436 1733/3410 1712/3411
f 1703/3426 1650/3454 1672/3453
f 1650/3454 1703/3426 1685/3436
f 1641/3485 1650/3454 1612/3486
f 1650/3454 1641/3485 1672/3453
f 1593/3512 1612/3486 1580/3513
f 1612/3486 1593/3512 1641/3485
f 1544/3530 1580/3513 1528/3532
f 1580/3513 1544/3530 1593/3512
f 1495/3769 1528/3776 1484/3781
f 1528/3776 1495/3769 1544/3765
f 1442/3774 1484/3781 1433/3787
f 1484/3781 1442/3774 1495/3769
f 1392/3786 1433/3787 1384/3800
f 1433/3787 1392/3786 1442/3774
f 1296/3784 1384/3800 1291/3792
f 1384/3800 1296/3784 1392/3786
f 1296/3784 1291/3792 1193/3760
f 1841/3367 1811/3375 1831/3359
f 1811/3375 1841/3367 1815/3386
f 1831/3359 1794/3376 1817/3360
f 1794/3376 1831/3359 1811/3375
f 1817/3360 1775/3377 1801/3369
f 1775/3377 1817/3360 1794/3376
f 1801/3369 1759/3388 1773/3387
f 1759/3388 1801/3369 1775/3377
f 1773/3387 1733/3410 1752/3401
f 1733/3410 1773/3387 1759/3388
f 1752/3401 1703/3426 1720/3425
f 1703/3426 1752/3401 1733/3410
f 1720/3425 1672/3453 1689/3440
f 1672/3453 1720/3425 1703/3426
f 1648/3469 1672/3453 1641/3485
f 1672/3453 1648/3469 1689/3440
f 1603/3498 1641/3485 1593/3512
f 1641/3485 1603/3498 1648/3469
f 1555/3524 1593/3512 1544/3530
f 1593/3512 1555/3524 1603/3498
f 1501/3758 1544/3765 1495/3769
f 1544/3765 1501/3758 1555/3754
f 1450/3763 1495/3769 1442/3774
f 1495/3769 1450/3763 1501/3758
f 1396/3773 1442/3774 1392/3786
f 1442/3774 1396/3773 1450/3763
f 1300/3777 1392/3786 1296/3784
f 1392/3786 1300/3777 1396/3773
f 1300/3777 1296/3784 1193/3760
f 1852/3352 1831/3359 1848/3347
f 1831/3359 1852/3352 1841/3367
f 1848/3347 1817/3360 1837/3353
f 1817/3360 1848/3347 1831/3359
f 1837/3353 1801/3369 1813/3368
f 1801/3369 1837/3353 1817/3360
f 1813/3368 1773/3387 1789/3378
f 1773/3387 1813/3368 1801/3369
f 1789/3378 1752/3401 1762/3400
f 1752/3401 1789/3378 1773/3387
f 1762/3400 1720/3425 1731/3413
f 1720/3425 1762/3400 1752/3401
f 1731/3413 1689/3440 1697/3439
f 1689/3440 1731/3413 1720/3425
f 1658/3468 1689/3440 1648/3469
f 1689/3440 1658/3468 1697/3439
f 1607/3497 1648/3469 1603/3498
f 1648/3469 1607/3497 1658/3468
f 1561/3523 1603/3498 1555/3524
f 1603/3498 1561/3523 1607/3497
f 1509/3748 1555/3754 1501/3758
f 1555/3754 1509/3748 1561/3745
f 1458/3752 1501/3758 1450/3763
f 1501/3758 1458/3752 1509/3748
f 1404/3762 1450/3763 1396/3773
f 1450/3763 1404/3762 1458/3752
f 1304/3771 1396/3773 1300/3777
f 1396/3773 1304/3771 1404/3762
f 1304/3771 1300/3777 1193/3760
f 1860/3339 1848/3347 1854/3343
f 1848/3347 1860/3339 1852/3352
f 1854/3343 1837/3353 1843/3354
f 1837/3353 1854/3343 1848/3347
f 1843/3354 1813/3368 1821/3361
f 1813/3368 1843/3354 1837/3353
f 1821/3361 1789/3378 1799/3379
f 1789/3378 1821/3361 1813/3368
f 1799/3379 1762/3400 1766/3389
f 1762/3400 1799/3379 1789/3378
f 1766/3389 1731/3413 1742/3427
f 1731/3413 1766/3389 1762/3400
f 1742/3427 1697/3439 1700/3455
f 1697/3439 1742/3427 1731/3413
f 1663/3467 1697/3439 1658/3468
f 1697/3439 1663/3467 1700/3455
f 1618/3496 1658/3468 1607/3497
f 1658/3468 1618/3496 1663/3467
f 1571/3522 1607/3497 1561/3523
f 1607/3497 1571/3522 1618/3496
f 1513/3740 1561/3745 1509/3748
f 1561/3745 1513/3740 1571/3738
f 1460/3743 1509/3748 1458/3752
f 1509/3748 1460/3743 1513/3740
f 1410/3751 1458/3752 1404/3762
f 1458/3752 1410/3751 1460/3743
f 1312/3761 1404/3762 1304/3771
f 1404/3762 1312/3761 1410/3751
f 1312/3761 1304/3771 1193/3760
f 1860/3339 1855/3337 1863/3334
f 1855/3337 1860/3339 1854/3343
f 1854/3343 1846/3344 1855/3337
f 1846/3344 1854/3343 1843/3354
f 1846/3344 1821/3361 1826/3355
f 1821/3361 1846/3344 1843/3354
f 1821/3361 1803/3370 1826/3355
f 1803/3370 1821/3361 1799/3379
f 1803/3370 1766/3389 1768/3390
f 1766/3389 1803/3370 1799/3379
f 1766/3389 1745/3412 1768/3390
f 1745/3412 1766/3389 1742/3427
f 1742/3427 1706/3438 1745/3412
f 1706/3438 1742/3427 1700/3455
f 1666/3456 1700/3455 1663/3467
f 1700/3455 1666/3456 1706/3438
f 1619/3487 1663/3467 1618/3496
f 1663/3467 1619/3487 1666/3456
f 1576/3514 1618/3496 1571/3522
f 1618/3496 1576/3514 1619/3487
f 1517/3733 1571/3738 1513/3740
f 1571/3738 1517/3733 1576/3735
f 1463/3736 1513/3740 1460/3743
f 1513/3740 1463/3736 1517/3733
f 1413/3742 1460/3743 1410/3751
f 1460/3743 1413/3742 1463/3736
f 1313/3750 1410/3751 1312/3761
f 1410/3751 1313/3750 1413/3742
f 1313/3750 1312/3761 1193/3760
f 2548 2547 2545
f 2545 2546 2548
f 3344/4523 2884/4524 2883/4525
f 2883/4525 3343/4526 3344/4523
f 3339/1585 3340/1586 3336/1587
f 3339/1585 3338/1590 3341/1588
f 3343/4343 3345/4344 3344/4345
f 3346/4346 3344/4345 3345/4344
f 2886/4347 2885/4348 2883/4349
f 2883/4349 2884/4350 2886/4347
f 3603/1636 3649/1637 3646/1638
f 3604/1639 3603/1636 3646/1638
f 2885/4527 2886/4528 3345/4529
f 3346/4530 3345/4529 2886/4528
f 2960/4423 2886/4424 2958/4425
f 3346/4435 3274/4459 3278/4462
f 3270/4470 3276/4465 3272/4468
f 3346/4435 3278/4462 3344/4448
f 3278/4462 3272/4468 3276/4465
f 3268/4463 3344/4448 3276/4465
f 3238/4474 3270/4470 3240/4472
f 3272/4468 3240/4472 3270/4470
f 3212/4471 3238/4474 3214/4473
f 3240/4472 3214/4473 3238/4474
f 3176/4467 3212/4471 3178/4469
f 3214/4473 3178/4469 3212/4471
f 3138/4464 3176/4467 3140/4466
f 3178/4469 3140/4466 3176/4467
f 3114/4458 3138/4464 3116/4461
f 3140/4466 3116/4461 3138/4464
f 3074/4452 3114/4458 3076/4455
f 3116/4461 3076/4455 3114/4458
f 3054/4446 3074/4452 3056/4449
f 3076/4455 3056/4449 3074/4452
f 3016/4440 3054/4446 3018/4443
f 3056/4449 3018/4443 3054/4446
f 2987/4434 3016/4440 2989/4437
f 3018/4443 2989/4437 3016/4440
f 2964/4428 2987/4434 2966/4431
f 2989/4437 2966/4431 2987/4434
f 2958/4425 2964/4428 2960/4423
f 2966/4431 2960/4423 2964/4428
f 3346/4435 3242/4456 3274/4459
f 3346/4435 3216/4453 3242/4456
f 3346/4435 3180/4450 3216/4453
f 3346/4435 3142/4447 3180/4450
f 3346/4435 3118/4444 3142/4447
f 3346/4435 3078/4441 3118/4444
f 3346/4435 3058/4438 3078/4441
f 3346/4435 3020/4432 3058/4438
f 3276/4465 3344/4448 3278/4462
f 2968/4426 2886/4424 2960/4423
f 2991/4429 2886/4424 2968/4426
f 3020/4432 2886/4424 2991/4429
f 3346/4435 2886/4424 3020/4432
f 3236/4460 3344/4448 3268/4463
f 3210/4457 3344/4448 3236/4460
f 3174/4454 3344/4448 3210/4457
f 3136/4451 3344/4448 3174/4454
f 3112/4445 3344/4448 3136/4451
f 2884/4427 3112/4445 3072/4442
f 2884/4427 3344/4448 3112/4445
f 2884/4427 3072/4442 3052/4439
f 2884/4427 3052/4439 3014/4436
f 2884/4427 3014/4436 2985/4433
f 2884/4427 2985/4433 2962/4430
f 2884/4427 2962/4430 2958/4425
f 2884/4427 2958/4425 2886/4424
f 2528 2302 2545
f 2301 2302 2528
f 3392 3382 3568
f 3381 3382 3392
f 3569 3568 3382
f 2546 2545 2302
f 3106 3103 2740
f 2740 2743 3106
f 2745 2748 3111
f 3111 3108 2745
f 2548 2546 2302
f 2302 2329 2548
f 3594 3569 3382
f 3382 3384 3594
f 3106 2743 2742
f 2742 3105 3106
f 2744 2745 3107
f 3108 3107 2745
f 2743 2740 2742
f 2744 2746 2745
f 2748 2745 2747
f 2747 2745 2746
f 2739 2741 2740
f 2742 2740 2741
f 3179/4531 3141/4532 3140/4533
f 3140/4533 3178/4535 3179/4531
f 2992/4351 2991/4352 2968/4353
f 2968/4353 2969/4355 2992/4351
f 3240/4369 3272/4370 3241/4371
f 3273/4372 3241/4371 3272/4370
f 2969/4355 2968/4353 2960/4357
f 2960/4357 2961/4359 2969/4355
f 3058/4541 3059/4542 3078/4543
f 3079/4544 3078/4543 3059/4542
f 3118/4545 3119/4546 3142/4547
f 3143/4548 3142/4547 3119/4546
f 3272/4370 3278/4374 3273/4372
f 3279/4376 3273/4372 3278/4374
f 3278/4374 3274/4378 3279/4376
f 3275/4380 3279/4376 3274/4378
f 3274/4378 3242/4381 3275/4380
f 3243/4382 3275/4380 3242/4381
f 2990/4364 2989/4363 3018/4365
f 3018/4365 3019/4366 2990/4364
f 3021/4354 3020/4356 2991/4352
f 2991/4352 2992/4351 3021/4354
f 3057/4367 3019/4366 3018/4365
f 3018/4365 3056/4368 3057/4367
f 3078/4543 3079/4544 3118/4545
f 3119/4546 3118/4545 3079/4544
f 3214/4375 3240/4369 3215/4373
f 3241/4371 3215/4373 3240/4369
f 3142/4547 3143/4548 3180/4549
f 3181/4550 3180/4549 3143/4548
f 3077/4538 3057/4540 3056/4539
f 3056/4539 3076/4537 3077/4538
f 3117/4536 3077/4538 3076/4537
f 3076/4537 3116/4534 3117/4536
f 3215/4373 3179/4379 3178/4377
f 3178/4377 3214/4375 3215/4373
f 3141/4532 3117/4536 3116/4534
f 3116/4534 3140/4533 3141/4532
f 2961/4359 2960/4357 2966/4361
f 2966/4361 2967/4362 2961/4359
f 2967/4362 2966/4361 2989/4363
f 2989/4363 2990/4364 2967/4362
f 3020/4356 3021/4354 3058/4358
f 3059/4360 3058/4358 3021/4354
f 3242/4381 3216/4383 3243/4382
f 3217/4384 3243/4382 3216/4383
f 3180/4386 3181/4385 3216/4383
f 3217/4384 3216/4383 3181/4385
f 3137/4551 3113/4552 3112/4553
f 3112/4553 3136/4555 3137/4551
f 2965/4387 2964/4388 2958/4389
f 2958/4389 2959/4391 2965/4387
f 2959/4391 2958/4389 2962/4393
f 2962/4393 2963/4395 2959/4391
f 3073/4556 3053/4560 3052/4558
f 3052/4558 3072/4554 3073/4556
f 3114/4561 3115/4562 3138/4563
f 3139/4565 3138/4563 3115/4562
f 2986/4399 2985/4397 3014/4401
f 3014/4401 3015/4402 2986/4399
f 3211/4409 3175/4415 3174/4413
f 3174/4413 3210/4411 3211/4409
f 3016/4396 3017/4394 3054/4398
f 3055/4400 3054/4398 3017/4394
f 3210/4411 3236/4405 3211/4409
f 3237/4407 3211/4409 3236/4405
f 3236/4405 3268/4406 3237/4407
f 3269/4408 3237/4407 3268/4406
f 3053/4403 3015/4402 3014/4401
f 3014/4401 3052/4404 3053/4403
f 3017/4394 3016/4396 2987/4392
f 2987/4392 2988/4390 3017/4394
f 3175/4557 3137/4551 3136/4555
f 3136/4555 3174/4559 3175/4557
f 3138/4563 3139/4565 3176/4567
f 3177/4569 3176/4567 3139/4565
f 3074/4566 3075/4564 3114/4561
f 3115/4562 3114/4561 3075/4564
f 2988/4390 2987/4392 2964/4388
f 2964/4388 2965/4387 2988/4390
f 3054/4570 3055/4568 3074/4566
f 3075/4564 3074/4566 3055/4568
f 3113/4552 3073/4556 3072/4554
f 3072/4554 3112/4553 3113/4552
f 2963/4395 2962/4393 2985/4397
f 2985/4397 2986/4399 2963/4395
f 3273/4475 3279/4476 3275/4477
f 2969/4496 2961/4498 2967/4497
f 2965/4499 2959/4500 2963/4501
f 3241/4479 3273/4475 3243/4478
f 3275/4477 3243/4478 3273/4475
f 3269/4520 3277/4522 3271/4521
f 3215/4481 3241/4479 3217/4480
f 3243/4478 3217/4480 3241/4479
f 3271/4521 3239/4519 3269/4520
f 3179/4483 3215/4481 3181/4482
f 3217/4480 3181/4482 3215/4481
f 3239/4519 3213/4517 3237/4518
f 3141/4485 3179/4483 3143/4484
f 3181/4482 3143/4484 3179/4483
f 3213/4517 3177/4515 3211/4516
f 3117/4487 3141/4485 3119/4486
f 3143/4484 3119/4486 3141/4485
f 3177/4515 3139/4513 3175/4514
f 3077/4489 3117/4487 3079/4488
f 3119/4486 3079/4488 3117/4487
f 3139/4513 3115/4511 3137/4512
f 3057/4491 3077/4489 3059/4490
f 3079/4488 3059/4490 3077/4489
f 3115/4511 3075/4509 3113/4510
f 3019/4493 3057/4491 3021/4492
f 3059/4490 3021/4492 3057/4491
f 3075/4509 3055/4507 3073/4508
f 2990/4495 3019/4493 2992/4494
f 3021/4492 2992/4494 3019/4493
f 3055/4507 3017/4505 3053/4506
f 2967/4497 2990/4495 2969/4496
f 2992/4494 2969/4496 2990/4495
f 2988/4503 2965/4499 2986/4502
f 3017/4505 2988/4503 3015/4504
f 3237/4518 3269/4520 3239/4519
f 3211/4516 3237/4518 3213/4517
f 3175/4514 3211/4516 3177/4515
f 3137/4512 3175/4514 3139/4513
f 3113/4510 3137/4512 3115/4511
f 3073/4508 3113/4510 3075/4509
f 3053/4506 3073/4508 3055/4507
f 3015/4504 3053/4506 3017/4505
f 2986/4502 3015/4504 2988/4503
f 2963/4501 2986/4502 2965/4499
f 3270/4414 3238/4417 3271/4416
f 3239/4418 3271/4416 3238/4417
f 3238/4417 3212/4419 3239/4418
f 3213/4420 3239/4418 3212/4419
f 3176/4422 3177/4421 3212/4419
f 3213/4420 3212/4419 3177/4421
f 3268/4406 3276/4410 3269/4408
f 3277/4412 3269/4408 3276/4410
f 3276/4410 3270/4414 3277/4412
f 3271/4416 3277/4412 3270/4414
f 3421/1299 3345/1300 3415/1301
f 3421/1299 2885/1302 3345/1300
f 2485/1303 2883/1304 2488/1305
f 3532/1306 3554/1307 3538/1308
f 3644/1309 3538/1308 3554/1307
f 3510/1310 3532/1306 3516/1311
f 3538/1308 3516/1311 3532/1306
f 3437/1312 3510/1310 3443/1313
f 3516/1311 3443/1313 3510/1310
f 3415/1301 3437/1312 3421/1299
f 3443/1313 3421/1299 3437/1312
f 3343/1314 3415/1301 3345/1300
f 2885/1302 2488/1305 2883/1304
f 2485/1303 3415/1301 2883/1304
f 3421/1299 2488/1305 2885/1302
f 2883/1304 3415/1301 3343/1314
f 2412/1315 2485/1303 2415/1316
f 2488/1305 2415/1316 2485/1303
f 2347/1317 2412/1315 2350/1318
f 2415/1316 2350/1318 2412/1315
f 2341/1319 2347/1317 2344/1320
f 2350/1318 2344/1320 2347/1317
f 2264/1321 2341/1319 2333/1322
f 2344/1320 2333/1322 2341/1319
f 2349 2348 2342
f 2342 2343 2349
f 2350 2349 2343
f 2343 2344 2350
f 2343/1470 2342/1480 2330/1475
f 2330/1475 2331/1457 2343/1470
f 2331/1457 2332/1462 2343/1470
f 2344/1466 2343/1470 2332/1462
f 2332/1462 2333/1450 2344/1466
f 2259/1428 2258/1433 2339/1431
f 2260/1429 2259/1428 2339/1431
f 2261/1434 2260/1429 2339/1431
f 2262/1436 2261/1434 2339/1431
f 2263/1438 2262/1436 2339/1431
f 2339/1431 2340/1440 2263/1438
f 2264/1443 2263/1438 2340/1440
f 2340/1440 2341/1447 2264/1443
f 2348 2349 2413
f 2349 2350 2414
f 2414 2413 2349
f 2415 2414 2350
f 2411 2346 2345
f 2345 2410 2411
f 2346 2411 2412
f 2412 2347 2346
f 2484/277 2411/278 2410/279
f 2410/279 2483/280 2484/277
f 2411/278 2484/277 2485/281
f 2485/281 2412/282 2411/278
f 2413/283 2414/284 2486/61
f 2414/284 2415/285 2487/45
f 2487/45 2486/61 2414/284
f 2488/65 2487/45 2415/285
f 2340 2339 2345
f 2345 2346 2340
f 2341 2340 2346
f 2346 2347 2341
f 3589/529 3588/530 3596/531
f 3555/532 3549/533 3578/534
f 3640/535 3641/536 3636/537
f 3643/538 3624/539 3631/540
f 3552/541 3551/542 3556/543
f 3589/529 3591/544 3590/545
f 3638/546 3643/538 3633/547
f 3630/548 3636/537 3632/549
f 3587/550 3586/551 3590/545
f 3584/552 3582/553 3587/550
f 3583/554 3577/555 3584/552
f 3581/556 3572/557 3583/554
f 3575/558 3579/559 3576/560
f 3565/561 3564/562 3566/563
f 3580/564 3586/551 3582/553
f 3570/565 3572/557 3571/566
f 3581/556 3592/567 3571/566
f 3568/568 3572/557 3570/565
f 3563/569 3559/570 3564/562
f 3566/563 3572/557 3568/568
f 3562/571 3558/572 3559/570
f 3564/562 3567/573 3566/563
f 3561/574 3557/575 3558/572
f 3644/576 3554/577 3569/578
f 3561/574 3568/568 3556/543
f 3595/579 3603/580 3598/581
f 3612/582 3607/583 3611/584
f 3598/581 3603/580 3600/585
f 3585/586 3603/580 3595/579
f 3580/564 3576/560 3579/559
f 3574/587 3603/580 3585/586
f 3573/588 3603/580 3574/587
f 3560/589 3603/580 3573/588
f 3578/534 3603/580 3560/589
f 3555/532 3557/575 3551/542
f 3579/559 3586/551 3580/564
f 3612/582 3606/590 3607/583
f 3605/591 3636/537 3607/583
f 3621/592 3615/593 3620/594
f 3643/538 3593/595 3613/596
f 3608/597 3614/598 3610/599
f 3625/600 3618/601 3623/602
f 3644/576 3569/578 3594/603
f 3625/600 3617/604 3618/601
f 3643/538 3631/540 3633/547
f 3632/549 3629/605 3630/548
f 3622/606 3626/607 3623/602
f 3623/602 3626/607 3625/600
f 3627/608 3636/537 3630/548
f 3635/609 3634/610 3637/611
f 3626/607 3629/605 3628/612
f 3632/549 3628/612 3629/605
f 3609/613 3636/537 3615/593
f 3628/612 3625/600 3626/607
f 3619/614 3626/607 3622/606
f 3644/576 3594/603 3643/538
f 3638/546 3636/537 3641/536
f 3643/538 3616/615 3624/539
f 3604/616 3605/591 3600/585
f 3643/538 3613/596 3616/615
f 3613/596 3593/595 3610/599
f 3601/617 3599/618 3602/619
f 3602/619 3600/585 3605/591
f 3632/549 3636/537 3633/547
f 3610/599 3593/595 3608/597
f 3597/620 3593/595 3596/531
f 3601/617 3606/590 3597/620
f 3608/597 3593/595 3606/590
f 3620/594 3636/537 3627/608
f 3607/583 3636/537 3609/613
f 3615/593 3636/537 3620/594
f 3605/591 3607/583 3606/590
f 3569/578 3554/577 3568/568
f 3553/621 3568/568 3554/577
f 3593/595 3643/538 3594/603
f 3510 3437 3436
f 3436 3509 3510
f 3517 3505 3523
f 3528 3529 3523
f 3524 3531 3518
f 3508 3507 3518
f 3509 3531 3510
f 3524 3521 3529
f 3517 3521 3507
f 3532 3510 3531
f 3422/286 3410/287 3432/288
f 3433/289 3434/290 3428/291
f 3413/292 3412/293 3423/294
f 3429/295 3426/296 3434/290
f 3429/295 3436/297 3423/294
f 3414/298 3436/297 3437/299
f 3422/286 3426/296 3412/293
f 3437/299 3415/300 3414/298
f 3405/301 3407/302 3390/303
f 2679/304 2544/305 1995/306
f 3341/307 3342/308 2679/304
f 3358/309 3364/310 3032/311
f 3411/312 3412/293 3408/313
f 3409/314 3414/298 3391/315
f 3342/308 2705/316 2671/317
f 3409/314 3407/302 3412/293
f 1995/306 3340/318 2679/304
f 3414/298 3369/319 3371/320
f 2351/321 2000/322 1995/306
f 3349/323 3046/324 3060/325
f 2484/277 2740/326 2485/281
f 3349/323 3060/325 3032/311
f 2709/327 2710/328 2484/277
f 2739/329 2484/277 2710/328
f 2749/330 2739/329 2710/328
f 3086/331 2749/330 2710/328
f 3102/332 3086/331 2710/328
f 3414/298 3102/332 2710/328
f 2708/333 2709/327 2484/277
f 2899/334 2909/335 2708/333
f 2901/336 2708/333 2909/335
f 3377/337 2943/338 2897/339
f 2880/340 2899/334 2708/333
f 2880/340 2708/333 2484/277
f 2861/341 2880/340 2484/277
f 2848/342 2861/341 2484/277
f 2785/343 2848/342 2484/277
f 2672/344 2785/343 2484/277
f 2483/280 2672/344 2484/277
f 2705/316 3342/308 2855/345
f 2483/280 2254/346 2651/347
f 2630/348 2651/347 2254/346
f 2672/344 2483/280 2651/347
f 3342/308 2671/317 2658/349
f 2607/350 2630/348 2254/346
f 2596/351 2607/350 2254/346
f 2568/352 2596/351 2254/346
f 2560/353 2568/352 2254/346
f 2549/354 2560/353 2254/346
f 2519/355 2549/354 2254/346
f 2024/356 2519/355 2254/346
f 3087/357 2750/358 2749/330
f 2740/326 3103/359 3415/300
f 3414/298 3351/360 3350/361
f 2749/330 3086/331 3087/357
f 3349/323 3032/311 3369/319
f 2710/328 3351/360 3414/298
f 3414/298 3350/361 3349/323
f 3414/298 3371/320 3375/362
f 3414/298 3375/362 3379/363
f 3364/310 3369/319 3032/311
f 3414/298 3349/323 3369/319
f 3377/337 3373/364 2943/338
f 3373/364 3010/365 2943/338
f 3377/337 2897/339 2855/345
f 3379/363 3377/337 3342/308
f 3377/337 2855/345 3342/308
f 2544/305 2430/366 1995/306
f 3366/367 3360/368 3352/369
f 3405/301 3389/370 3410/287
f 3342/308 3391/315 3379/363
f 3414/298 3379/363 3391/315
f 3342/308 2658/349 2646/371
f 3342/308 2646/371 2631/372
f 3342/308 2631/372 2610/373
f 3342/308 2610/373 2602/374
f 3342/308 2602/374 2581/375
f 3342/308 2581/375 2544/305
f 2544/305 2679/304 3342/308
f 2430/366 2351/321 1995/306
f 3354/376 3358/309 3032/311
f 3356/377 3354/376 3032/311
f 3352/369 3356/377 3032/311
f 3010/365 3373/364 3366/367
f 3366/367 3352/369 3032/311
f 3010/365 3366/367 3032/311
f 3354/376 3356/377 3362/378
f 3415/300 2485/281 2740/326
f 2484/277 2739/329 2740/326
f 3415/300 3103/359 3102/332
f 3102/332 3414/298 3415/300
f 2023/379 2024/356 2254/346
f 3531/622 3553/621 3532/623
f 3554/577 3532/623 3553/621
f 3514 3513 3504
f 3503 3500 3513
f 3447 3442 3504
f 3439 3440 3446
f 3442 3443 3515
f 3447 3500 3440
f 3503 3511 3438
f 3516 3515 3443
f 3525 3533 3519
f 3512 3513 3519
f 3520 3515 3526
f 3536 3535 3526
f 3537 3515 3538
f 3520 3522 3513
f 3525 3522 3535
f 3516 3538 3515
f 3593 3397 3591
f 3090 3109 3092
f 3110 3092 3109
f 2533 2326 2531
f 2326 2533 2328
f 3392 3568 3393
f 2739 2749 2741
f 3570 3393 3568
f 2751 2741 2749
f 3086 3102 3088
f 3104 3088 3102
f 2301 2528 2303
f 2746 2753 2747
f 3395 3591 3397
f 2529 2303 2528
f 2755 2747 2753
f 2187 2188 2190
f 2187 2190 2191
f 2187 2186 2184
f 2181/624 2178/625 2180/626
f 2204/627 2201/628 2203/629
f 2203/629 2201/628 2202/630
f 2173 2174 2176
f 2177 2176 2174
f 2188 2187 2184
f 3643/538 3537/631 3644/576
f 3538/632 3644/576 3537/631
f 3420/34 3421/64 3442/380
f 3443/381 3442/380 3421/64
f 3102 3103 3106
f 3111 3110 3109
f 3111 3109 3107
f 3106 3105 3104
f 3106 3104 3102
f 3107 3108 3111
f 2548 2329 2328
f 3397 3593 3594
f 3383 3397 3594
f 3594 3384 3383
f 2533 2547 2548
f 2328 2533 2548
f 3381 3383 3382
f 3384 3382 3383
f 654/2245 589/2246 594/2247
f 589/2246 654/2245 653/2248
f 597/2010 654/2011 594/2012
f 654/2011 597/2010 655/2013
f 351/2257 289/2264 315/2263
f 289/2264 351/2257 320/2258
f 376/2261 315/2263 340/2267
f 315/2263 376/2261 351/2257
f 308/1648 289/1649 320/1650
f 289/1649 308/1648 283/1651
f 393/1665 470/1666 376/1663
f 470/1666 393/1665 479/1667
f 276/1655 279/1656 278/1653
f 279/1656 276/1655 277/1657
f 332/1658 340/1659 324/1660
f 340/1659 332/1658 360/1661
f 325/2275 296/2269 297/2276
f 296/2269 325/2275 324/2273
f 297/2276 278/2270 279/2279
f 278/2270 297/2276 296/2269
f 53/1572 87/1573 54/1574
f 101/1575 54/1574 87/1573
f 55/1576 87/1577 53/1578
f 55/1576 1/1580 86/1579
f 3391/1618 3338/1619 3387/1620
f 3338/1619 3391/1618 3342/1621
f 3399/1592 3398/1593 3401/1594
f 3403/1597 3402/1598 3401/1594
f 3386/1599 3385/1600 3388/1601
f 3390/1604 3391/1605 3387/1603
f 3368/1641 3387/1642 3338/1643
f 3368/1641 3336/1647 3385/1646
f 2535/1606 2536/1607 2538/1608
f 2539/1611 2540/1612 2537/1609
f 53/1543 36/1544 1/1545
f 36/1544 53/1543 54/1546
f 1/1545 36/1544 12/1547
f 1/1545 12/1547 10/1550
f 12/1547 36/1544 14/1549
f 14/1549 36/1544 15/1552
f 15/1552 36/1544 33/1555
f 36/1544 54/1546 37/1548
f 37/1548 54/1546 34/1551
f 34/1551 54/1546 32/1554
f 32/1554 54/1546 13/1557
f 13/1557 54/1546 11/1560
f 10/1550 2/1553 1/1545
f 2/1553 10/1550 6/1556
f 2/1553 6/1556 5/1559
f 2/1553 5/1559 8/1563
f 2/1553 8/1563 9/1566
f 2/1553 9/1566 4/1570
f 2/1553 4/1570 3/1571
f 2/1553 3/1571 7/1567
f 2/1553 7/1567 11/1560
f 2/1553 11/1560 54/1546
f 28/1561 17/1564 20/1568
f 17/1564 28/1561 13/1557
f 13/1557 28/1561 32/1554
f 33/1555 16/1558 15/1552
f 16/1558 33/1555 26/1562
f 16/1558 26/1562 19/1565
f 16/1558 19/1565 18/1569
f 2873/382 3404/383 2540/384
f 2873/382 2538/385 3125/386
f 3125/386 2538/385 3121/387
f 3121/387 2538/385 3081/388
f 3081/388 2538/385 3123/389
f 3123/389 2538/385 3127/390
f 3127/390 2538/385 3191/391
f 3191/391 2538/385 3247/392
f 3403/393 3404/383 3145/394
f 3145/394 3404/383 3125/386
f 3402/395 3145/394 3209/396
f 3402/395 3209/396 3219/397
f 3402/395 3219/397 3303/398
f 3303/398 3219/397 3289/399
f 3289/399 3219/397 3245/400
f 3402/395 3303/398 3301/401
f 3402/395 3301/401 3299/402
f 3402/395 3299/402 3247/392
f 3402/395 3247/392 2538/385
f 3648/1613 3646/1614 3649/1615
f 3648/1613 3650/1617 3647/1616
f 3605/1622 3646/1623 3636/1624
f 3647/1625 3636/1624 3646/1623
f 3571 3394 3393
f 3393 3570 3571
f 2530 2304 2303
f 2303 2529 2530
f 2/1581 54/1582 100/1583
f 101/1584 100/1583 54/1582
f 2536/1626 3400/1627 2538/1628
f 3402/1629 2538/1628 3400/1627
f 94 95 213
f 214 213 95
f 1948 1949 2265
f 2266 2265 1949
f 3430/403 3438/404 3416/57
f 3425/405 3420/34 3442/380
f 723/5064 724/5065 821/5066
f 822/5067 821/5066 724/5065
f 3547/633 3544/634 3641/536
f 3642/635 3641/536 3548/636
f 3534/637 3535/638 3541/639
f 3542/640 3544/634 3535/638
f 1536/5072 1535/5073 821/5074
f 821/5074 822/5075 1536/5072
f 3539/641 3543/642 3529/643
f 3530/644 3529/643 3540/645
f 3550/646 3551/542 3545/647
f 3546/648 3543/642 3551/542
f 3444 3432 3505
f 3502 3509 3445
f 334/1662 324/1660 325/1664
f 324/1660 334/1662 332/1658
f 467/2815 419/2816 483/2817
f 552/2583 497/2593 498/2589
f 497/2593 552/2583 549/2588
f 535/2595 467/2602 483/2596
f 467/2602 535/2595 511/2601
f 483/2817 419/2816 497/2819
f 448/2818 419/2816 467/2815
f 563/2582 552/2583 548/2584
f 552/2583 563/2582 565/2585
f 543/2599 511/2601 535/2595
f 511/2601 543/2599 521/2604
f 419/2816 435/2831 447/2829
f 497/2819 419/2816 498/2821
f 564/2592 535/2595 549/2588
f 535/2595 564/2592 543/2599
f 453/2249 320/2258 351/2257
f 320/2258 453/2249 439/2253
f 470/2252 351/2257 376/2261
f 351/2257 470/2252 453/2249
f 479/2014 594/2012 470/2016
f 594/2012 479/2014 597/2010
f 320/1650 434/1652 308/1648
f 434/1652 320/1650 439/1654
f 3299 3246 3247
f 3246 3299 3298
f 3299 3300 3298
f 3300 3299 3301
f 3208 3219 3209
f 3219 3208 3218
f 256/977 258/978 738/979
f 840/980 667/981 817/982
f 636/983 665/984 686/985
f 1137/986 1089/987 795/988
f 695/989 256/977 699/990
f 738/979 699/990 256/977
f 691/991 256/977 695/989
f 274/992 256/977 691/991
f 702/993 603/994 621/995
f 358/996 274/992 677/997
f 691/991 677/997 274/992
f 585/998 358/996 651/999
f 677/997 651/999 358/996
f 445/1000 358/996 585/998
f 1095/1001 1125/1002 788/1003
f 898/1004 708/1005 840/980
f 702/993 763/1006 603/994
f 621/995 636/983 702/993
f 686/985 702/993 636/983
f 485/1007 571/1008 341/1009
f 785/1010 805/1011 667/981
f 1125/1002 1137/986 804/1012
f 960/1013 737/1014 708/1005
f 960/1013 708/1005 898/1004
f 960/1013 743/1015 737/1014
f 523/1016 554/1017 379/1018
f 1125/1002 812/1019 816/1020
f 753/1021 743/1015 1071/1022
f 960/1013 1071/1022 743/1015
f 788/1003 753/1021 1095/1001
f 1071/1022 1095/1001 753/1021
f 816/1020 788/1003 1125/1002
f 1137/986 258/978 775/1023
f 1125/1002 804/1012 812/1019
f 1137/986 795/988 738/979
f 775/1023 804/1012 1137/986
f 1001/1024 962/1025 940/1026
f 775/1023 264/1027 763/1006
f 1137/986 738/979 258/978
f 1001/1024 795/988 1089/987
f 940/1026 795/988 1001/1024
f 628/1028 581/1029 766/1030
f 432/1031 490/1032 526/1033
f 744/1034 766/1030 581/1029
f 537/1035 281/1036 581/1029
f 667/981 628/1028 785/1010
f 766/1030 785/1010 628/1028
f 817/982 667/981 805/1011
f 526/1033 396/1037 432/1031
f 708/1005 667/981 840/980
f 526/1033 349/1038 396/1037
f 614/1039 290/1040 298/1041
f 581/1029 675/1042 744/1034
f 298/1041 349/1038 614/1039
f 526/1033 614/1039 349/1038
f 281/1036 290/1040 633/1043
f 614/1039 633/1043 290/1040
f 658/1044 281/1036 639/1045
f 633/1043 639/1045 281/1036
f 675/1042 281/1036 658/1044
f 581/1029 281/1036 675/1042
f 525/1046 281/1036 537/1035
f 523/1016 281/1036 525/1046
f 478/1047 379/1018 502/1048
f 379/1018 281/1036 523/1016
f 763/1006 264/1027 603/994
f 502/1048 379/1018 554/1017
f 485/1007 379/1018 478/1047
f 258/978 264/1027 775/1023
f 381/1049 379/1018 485/1007
f 603/994 264/1027 571/1008
f 264/1027 286/1050 341/1009
f 485/1007 341/1009 381/1049
f 341/1009 571/1008 264/1027
f 2623/1051 2572/1052 2634/1053
f 2615/1054 2634/1053 2572/1052
f 2576/1055 2572/1052 2623/1051
f 2592/1056 2576/1055 2637/1057
f 2623/1051 2637/1057 2576/1055
f 2625/1058 2592/1056 2641/1059
f 2637/1057 2641/1059 2592/1056
f 2556/1060 2592/1056 2625/1058
f 2554/1061 2556/1060 2588/1062
f 2625/1058 2588/1062 2556/1060
f 2566/1063 2554/1061 2585/1064
f 2588/1062 2585/1064 2554/1061
f 3302 3301 3303
f 3301 3302 3300
f 3302 3289 3288
f 3289 3302 3303
f 3218 3245 3219
f 3245 3218 3244
f 3124 3144 3125
f 3145 3125 3144
f 3120 3121 3081
f 3081 3080 3120
f 3209 3144 3208
f 3144 3209 3145
f 3288 3245 3244
f 3245 3288 3289
f 3124 3121 3120
f 3121 3124 3125
f 3122 3123 3127
f 3127 3126 3122
f 3191 3190 3126
f 3126 3127 3191
f 3247 3190 3191
f 3190 3247 3246
f 3080 3081 3123
f 3123 3122 3080
f 2624 2638 2637
f 2637 2623 2624
f 2638 2642 2641
f 2641 2637 2638
f 2589 2586 2585
f 2585 2588 2589
f 2625 2641 2626
f 2642 2626 2641
f 2566 2585 2567
f 2586 2567 2585
f 2554 2566 2555
f 2567 2555 2566
f 2588 2625 2589
f 2626 2589 2625
f 786 806 805
f 805 785 786
f 961 960 898
f 898 899 961
f 1072 1096 1095
f 1095 1071 1072
f 634 640 639
f 639 633 634
f 615 614 526
f 526 527 615
f 1072 1071 960
f 960 961 1072
f 1096 1126 1125
f 1125 1095 1096
f 350 349 298
f 298 299 350
f 640 659 658
f 658 639 640
f 676 675 658
f 658 659 676
f 397 396 349
f 349 350 397
f 299 298 290
f 290 291 299
f 433 432 396
f 396 397 433
f 767 766 744
f 744 745 767
f 615 634 633
f 633 614 615
f 818 817 805
f 805 806 818
f 899 898 840
f 840 841 899
f 491 490 432
f 432 433 491
f 527 526 490
f 490 491 527
f 767 786 785
f 785 766 767
f 745 744 675
f 675 676 745
f 841 840 817
f 817 818 841
f 518/2720 516/2721 505/2722
f 505/2722 507/2724 518/2720
f 2984/3124 2896/3121 2915/3126
f 2896/3121 2984/3124 2925/3114
f 2896/3204 2863/3205 2915/3206
f 3045/2982 2984/2985 3025/2980
f 2984/2985 3045/2982 2998/2989
f 2915/3206 2863/3205 2927/3208
f 2925/3114 2894/3115 2890/3116
f 2894/3115 2925/3114 2935/3117
f 3062/2979 3025/2980 3048/2981
f 3025/2980 3062/2979 3045/2982
f 2925/3114 2878/3119 2896/3121
f 2878/3119 2925/3114 2890/3116
f 390/2840 327/2841 317/2842
f 545/2864 487/2865 556/2866
f 531/2869 506/2867 545/2864
f 344/2843 371/2845 362/2847
f 414/2849 305/2850 302/2851
f 506/2867 531/2869 517/2871
f 327/2841 390/2840 344/2843
f 371/2845 344/2843 390/2840
f 556/2866 474/2868 567/2870
f 317/2842 403/2844 390/2840
f 574/2873 459/2874 577/2875
f 402/2857 316/2858 326/2859
f 310/2848 408/2846 317/2842
f 403/2844 317/2842 408/2846
f 567/2870 463/2872 574/2873
f 305/2850 414/2849 310/2848
f 408/2846 310/2848 414/2849
f 577/2875 454/2876 573/2877
f 302/2851 417/2852 414/2849
f 573/2877 458/2878 462/2879
f 304/2854 413/2853 302/2851
f 417/2852 302/2851 413/2853
f 309/2856 407/2855 304/2854
f 413/2853 304/2854 407/2855
f 566/2880 462/2879 555/2881
f 316/2858 402/2857 309/2856
f 407/2855 309/2856 402/2857
f 326/2859 389/2860 402/2857
f 487/2865 545/2864 506/2867
f 343/2862 370/2861 326/2859
f 389/2860 326/2859 370/2861
f 530/2886 505/2885 516/2887
f 370/2861 343/2862 361/2863
f 462/2879 566/2880 573/2877
f 474/2868 556/2866 487/2865
f 463/2872 567/2870 474/2868
f 459/2874 574/2873 463/2872
f 454/2876 577/2875 459/2874
f 458/2878 573/2877 454/2876
f 555/2881 473/2882 486/2883
f 486/2883 544/2884 555/2881
f 473/2882 555/2881 462/2879
f 544/2884 486/2883 505/2885
f 505/2885 530/2886 544/2884
f 2890/3116 2865/3122 2878/3119
f 2865/3122 2890/3116 2867/3120
f 2865/3209 2863/3205 2878/3207
f 3025/2980 2915/2987 2927/2983
f 2915/2987 3025/2980 2984/2985
f 2878/3207 2863/3205 2896/3204
f 3048/2981 2927/2983 2937/2986
f 2927/2983 3048/2981 3025/2980
f 2984/2985 2935/2991 2925/2994
f 2935/2991 2984/2985 2998/2989
f 929/1347 1563/1348 931/1349
f 1567/1350 931/1349 1563/1348
f 931/1323 930/1324 928/1325
f 928/1325 929/1326 931/1323
f 930/1359 931/1360 1566/1361
f 1567/1362 1566/1361 931/1360
f 925/1365 926/1366 1568/1367
f 1569/1368 1568/1367 926/1366
f 1562/1327 1566/1328 1563/1329
f 1567/1330 1563/1329 1566/1328
f 1564/1331 1568/1332 1565/1333
f 1569/1334 1565/1333 1568/1332
f 924/1351 1565/1352 926/1353
f 1569/1354 926/1353 1565/1352
f 926/1335 925/1336 923/1337
f 923/1337 924/1338 926/1335
f 3257/3133 3281/3134 3261/3135
f 3285/3136 3261/3135 3281/3134
f 3201/3142 3221/3139 3205/3141
f 3225/3137 3205/3141 3221/3139
f 3221/3139 3257/3133 3225/3137
f 3261/3135 3225/3137 3257/3133
f 3281/3134 3291/3138 3285/3136
f 3295/3140 3285/3136 3291/3138
f 3171/3004 3155/3005 3151/3006
f 3151/3006 3167/3008 3171/3004
f 3187/3010 3171/3004 3167/3008
f 3167/3008 3183/3012 3187/3010
f 3183/3012 3201/3014 3187/3010
f 3205/3016 3187/3010 3201/3014
f 3155/3005 3148/3009 3146/3007
f 3146/3007 3151/3006 3155/3005
f 3320/3022 3324/3023 3328/3024
f 3330/3026 3328/3024 3324/3023
f 3148/3009 3154/3013 3150/3011
f 3150/3011 3146/3007 3148/3009
f 3313/3032 3317/3034 3305/3036
f 3309/3037 3305/3036 3317/3034
f 3291/3039 3305/3036 3295/3038
f 3309/3037 3295/3038 3305/3036
f 3328/3024 3330/3026 3321/3028
f 3325/3030 3321/3028 3330/3026
f 3321/3028 3325/3030 3313/3032
f 3317/3034 3313/3032 3325/3030
f 3294/3143 3290/3144 3280/3145
f 3280/3145 3284/3146 3294/3143
f 3154/3013 3170/3017 3166/3015
f 3166/3015 3150/3011 3154/3013
f 3224/3150 3220/3149 3200/3151
f 3200/3151 3204/3152 3224/3150
f 3284/3146 3280/3145 3256/3147
f 3256/3147 3260/3148 3284/3146
f 3260/3148 3256/3147 3220/3149
f 3220/3149 3224/3150 3260/3148
f 3170/3017 3186/3019 3182/3018
f 3182/3018 3166/3015 3170/3017
f 3204/3020 3200/3021 3182/3018
f 3182/3018 3186/3019 3204/3020
f 3304/3031 3308/3029 3312/3027
f 3316/3025 3312/3027 3308/3029
f 3312/3027 3316/3025 3320/3022
f 3324/3023 3320/3022 3316/3025
f 3308/3029 3304/3031 3290/3033
f 3290/3033 3294/3035 3308/3029
f 2707/3153 3348/3154 2710/3155
f 3351/3156 2710/3155 3348/3154
f 3350/3040 3347/3041 3349/3042
f 3347/3041 3350/3040 3348/3043
f 3351/3044 3348/3043 3350/3040
f 3348/2356 3297/2357 3311/2358
f 3207/2369 3227/2366 3085/2363
f 3348/2356 3263/2361 3287/2359
f 3227/2366 3263/2361 3085/2363
f 3189/2372 3207/2369 3085/2363
f 3173/2376 3189/2372 3085/2363
f 3157/2380 3173/2376 3085/2363
f 3149/2384 3157/2380 3085/2363
f 3156/2388 3149/2384 3085/2363
f 3172/2393 3156/2388 3085/2363
f 3225/2397 3261/2381 3172/2393
f 3261/2381 3262/2398 3226/2401
f 3261/2381 3226/2401 3206/2405
f 3261/2381 3206/2405 3188/2403
f 3261/2381 3188/2403 3172/2393
f 3225/2397 3172/2393 3085/2363
f 3205/2400 3225/2397 3085/2363
f 3187/2404 3205/2400 3085/2363
f 3171/2407 3187/2404 3085/2363
f 3155/2409 3171/2407 3085/2363
f 3148/2411 3155/2409 3085/2363
f 3154/2410 3148/2411 3085/2363
f 3348/2356 3287/2359 3297/2357
f 3084/2379 3260/2395 3224/2399
f 3084/2379 3224/2399 3204/2402
f 3084/2379 3204/2402 3186/2406
f 3084/2379 3186/2406 3170/2408
f 3084/2379 3170/2408 3154/2410
f 3348/2356 3324/2390 3347/2383
f 3084/2379 3154/2410 3085/2363
f 3348/2356 2707/2368 2730/2365
f 2729/2371 2730/2365 2707/2368
f 3084/2379 2729/2371 2706/2375
f 2706/2375 2729/2371 2707/2368
f 2730/2365 3085/2363 3348/2356
f 3348/2356 3085/2363 3263/2361
f 3286/2394 3262/2398 3261/2381
f 3348/2356 3311/2358 3319/2360
f 3348/2356 3319/2360 3327/2362
f 3348/2356 3327/2362 3331/2364
f 3348/2356 3331/2364 3326/2367
f 3348/2356 3309/2374 3317/2378
f 3296/2389 3286/2394 3261/2381
f 3310/2385 3296/2389 3261/2381
f 3318/2373 3310/2385 3261/2381
f 3318/2373 3261/2381 3285/2377
f 3318/2373 3285/2377 3295/2370
f 3326/2367 3318/2373 3295/2370
f 3284/2391 3260/2395 3084/2379
f 3348/2356 3326/2367 3295/2370
f 3348/2356 3295/2370 3309/2374
f 3348/2356 3317/2378 3325/2382
f 3348/2356 3325/2382 3330/2386
f 3348/2356 3330/2386 3324/2390
f 3324/2390 3316/2396 3347/2383
f 3294/2387 3284/2391 3084/2379
f 3316/2396 3308/2392 3347/2383
f 3308/2392 3294/2387 3347/2383
f 3294/2387 3084/2379 3347/2383
f 2706/2375 3347/2383 3084/2379
f 3083/3229 2869/3230 2894/3231
f 2847/3234 2869/3230 2728/3232
f 3083/3229 2728/3232 2869/3230
f 2804/3236 2847/3234 2728/3232
f 2784/3238 2804/3236 2728/3232
f 2772/3240 2784/3238 2728/3232
f 2759/3242 2772/3240 2728/3232
f 2757/3244 2759/3242 2728/3232
f 2758/3246 2757/3244 2728/3232
f 3083/3229 2894/3231 2935/3233
f 2727/3248 2868/3256 2846/3255
f 2727/3248 2846/3255 2803/3254
f 2727/3248 2803/3254 2783/3252
f 2727/3248 2783/3252 2771/3250
f 2727/3248 2771/3250 2758/3246
f 3083/3229 3061/3243 3082/3245
f 3083/3229 2935/3233 2998/3235
f 2727/3248 2758/3246 2728/3232
f 2893/3253 2868/3256 2727/3248
f 3083/3229 2998/3235 3045/3237
f 3083/3229 3045/3237 3062/3239
f 3083/3229 3062/3239 3063/3241
f 3083/3229 3063/3241 3061/3243
f 3061/3243 3044/3247 3082/3245
f 2727/3248 3082/3245 2893/3253
f 3044/3247 2997/3249 3082/3245
f 2997/3249 2934/3251 3082/3245
f 2934/3251 2893/3253 3082/3245
f 2730/3045 2729/3046 2727/3047
f 2727/3047 2728/3048 2730/3045
f 3084/3157 3082/3158 2727/3159
f 2727/3159 2729/3160 3084/3157
f 3082/3049 3084/3050 3083/3051
f 3085/3052 3083/3051 3084/3050
f 2728/3161 3083/3162 2730/3163
f 3085/3164 2730/3163 3083/3162
f 3329/3053 3331/3054 3323/3055
f 3327/3057 3323/3055 3331/3054
f 3322/3058 3326/3056 3329/3053
f 3331/3054 3329/3053 3326/3056
f 3281/3257 3221/3258 3201/3259
f 3291/3261 3201/3259 3183/3262
f 3221/3258 3281/3257 3257/3260
f 3201/3259 3291/3261 3281/3257
f 3305/3263 3183/3262 3167/3264
f 3183/3262 3305/3263 3291/3261
f 3313/3265 3167/3264 3151/3266
f 3167/3264 3313/3265 3305/3263
f 3321/3267 3151/3266 3146/3268
f 3151/3266 3321/3267 3313/3265
f 3328/3269 3146/3268 3150/3270
f 3146/3268 3328/3269 3321/3267
f 3320/3271 3150/3270 3166/3272
f 3150/3270 3320/3271 3328/3269
f 3312/3273 3166/3272 3182/3274
f 3166/3272 3312/3273 3320/3271
f 3304/3275 3182/3274 3200/3276
f 3182/3274 3304/3275 3312/3273
f 3290/3277 3200/3276 3220/3278
f 3200/3276 3290/3277 3304/3275
f 3283/3281 3223/3282 3203/3283
f 3220/3278 3280/3279 3290/3277
f 3293/3285 3203/3283 3185/3286
f 3280/3279 3220/3278 3256/3280
f 3223/3282 3283/3281 3259/3284
f 3203/3283 3293/3285 3283/3281
f 3307/3287 3185/3286 3169/3288
f 3185/3286 3307/3287 3293/3285
f 3315/3289 3169/3288 3153/3290
f 3169/3288 3315/3289 3307/3287
f 3323/3291 3153/3290 3147/3292
f 3153/3290 3323/3291 3315/3289
f 3329/3293 3147/3292 3152/3294
f 3147/3292 3329/3293 3323/3291
f 3322/3295 3152/3294 3168/3296
f 3152/3294 3322/3295 3329/3293
f 3314/3297 3168/3296 3184/3298
f 3168/3296 3314/3297 3322/3295
f 3306/3299 3184/3298 3202/3300
f 3184/3298 3306/3299 3314/3297
f 3292/3301 3202/3300 3222/3302
f 3202/3300 3292/3301 3306/3299
f 3222/3302 3282/3303 3292/3301
f 3282/3303 3222/3302 3258/3304
f 3323/3055 3327/3057 3315/3059
f 3319/3061 3315/3059 3327/3057
f 3315/3059 3319/3061 3307/3063
f 3311/3065 3307/3063 3319/3061
f 3293/3069 3307/3063 3297/3067
f 3311/3065 3297/3067 3307/3063
f 3283/3165 3293/3166 3287/3167
f 3297/3168 3287/3167 3293/3166
f 3223/3172 3259/3170 3227/3171
f 3263/3169 3227/3171 3259/3170
f 3203/3174 3223/3172 3207/3173
f 3227/3171 3207/3173 3223/3172
f 3259/3170 3283/3165 3263/3169
f 3287/3167 3263/3169 3283/3165
f 3185/3086 3203/3087 3189/3085
f 3207/3088 3189/3085 3203/3087
f 3286/3175 3282/3176 3258/3177
f 3258/3177 3262/3179 3286/3175
f 3149/3071 3156/3072 3152/3073
f 3152/3073 3147/3075 3149/3071
f 3172/3076 3188/3080 3184/3078
f 3184/3078 3168/3074 3172/3076
f 3173/3081 3157/3077 3153/3079
f 3153/3079 3169/3083 3173/3081
f 3262/3179 3258/3177 3222/3181
f 3222/3181 3226/3182 3262/3179
f 3189/3085 3173/3081 3169/3083
f 3169/3083 3185/3086 3189/3085
f 3306/3066 3310/3064 3314/3062
f 3318/3060 3314/3062 3310/3064
f 3314/3062 3318/3060 3322/3058
f 3326/3056 3322/3058 3318/3060
f 3156/3072 3172/3076 3168/3074
f 3168/3074 3152/3073 3156/3072
f 3226/3182 3222/3181 3202/3183
f 3202/3183 3206/3184 3226/3182
f 3296/3178 3292/3180 3282/3176
f 3282/3176 3286/3175 3296/3178
f 3157/3077 3149/3071 3147/3075
f 3147/3075 3153/3079 3157/3077
f 3206/3082 3202/3084 3184/3078
f 3184/3078 3188/3080 3206/3082
f 3310/3064 3306/3066 3292/3068
f 3292/3068 3296/3070 3310/3064
f 3120/1065 3144/1066 3124/1067
f 3144/1066 3120/1065 3208/1068
f 3208/1068 3120/1065 3080/1069
f 3208/1068 3080/1069 3218/1070
f 3218/1070 3080/1069 3244/1071
f 3244/1071 3080/1069 3122/1072
f 3244/1071 3122/1072 3288/1073
f 3288/1073 3122/1072 3302/1074
f 3302/1074 3122/1072 3126/1075
f 3302/1074 3126/1075 3300/1076
f 3300/1076 3126/1075 3298/1077
f 3298/1077 3126/1075 3190/1078
f 3298/1077 3190/1078 3246/1079
f 594/2247 453/2249 470/2252
f 453/2249 594/2247 589/2246
f 589/2246 439/2253 453/2249
f 439/2253 589/2246 579/2251
f 439/2034 572/2035 434/2036
f 572/2035 439/2034 579/2037
f 1979 1972 1978
f 1979 1998 1985
f 1992 1978 1993
f 2001 2164 1998
f 1536/5068 1609/5069 1608/5070
f 1608/5070 1535/5071 1536/5068
f 2462/2058 2222/2059 2221/2060
f 2175/2062 2462/2058 2221/2060
f 2200/2095 2198/2096 2152/2097
f 2198/2096 2200/2095 2472/2098
f 2472/2098 2200/2095 2474/2099
f 2453/2159 2216/2160 2151/2161
f 2216/2160 2453/2159 2228/2162
f 2217/2166 2471/2164 2197/2168
f 2471/2164 2217/2166 2228/2162
f 2471/2164 2228/2162 2453/2159
f 2198/2096 2158/2102 2129/2104
f 2158/2102 2198/2096 2454/2100
f 2454/2100 2198/2096 2472/2098
f 2454/1668 2513/1669 2505/1670
f 2513/1669 2454/1668 2472/1671
f 2472/1671 2516/1674 2513/1669
f 2516/1674 2472/1671 2474/1678
f 2516/1674 2476/1681 2473/1676
f 2476/1681 2516/1674 2514/1680
f 2505/1670 2471/1672 2453/1675
f 2471/1672 2505/1670 2513/1669
f 2513/1669 2473/1676 2471/1672
f 2473/1676 2513/1669 2516/1674
f 2153/2109 2172/2106 2200/2095
f 2200/2095 2202/2103 2475/2101
f 2200/2095 2475/2101 2474/2099
f 2471/2164 2229/2170 2197/2168
f 2229/2170 2471/2164 2245/2172
f 2233/2176 2473/2174 2234/2177
f 2473/2174 2233/2176 2245/2172
f 2473/2174 2245/2172 2471/2164
f 2474/1678 2514/1680 2516/1674
f 2514/1680 2474/1678 2475/1684
f 2159/2110 2202/2103 2154/2113
f 2202/2103 2159/2110 2456/2107
f 2202/2103 2456/2107 2475/2101
f 2241/649 2239/650 2240/651
f 2241/649 2243/652 2242/653
f 2238/654 2240/651 2239/650
f 2240/651 2243/652 2241/649
f 2242/653 2239/650 2241/649
f 2473/2174 2235/2178 2234/2177
f 2473/2174 2236/2179 2235/2178
f 2236/2179 2473/2174 2476/2180
f 2206/2186 2219/2185 2476/2180
f 2230/2184 2244/2183 2476/2180
f 2236/2179 2476/2180 2237/2181
f 2476/2180 2243/2182 2237/2181
f 2240/651 2237/655 2243/652
f 2238/654 2237/655 2240/651
f 2476/2180 2231/2187 2206/2186
f 2231/2187 2476/2180 2455/2188
f 2207/2189 2455/2188 2162/2190
f 2455/2188 2207/2189 2231/2187
f 2146/2569 2132/2570 2126/2571
f 2131 2132 2146
f 2145/2572 2130/2573 2131/2574
f 2146 2144 2145
f 2146/2575 2145/2572 2131/2574
f 2144/2119 2146/2116 2159/2110
f 2159/2110 2146/2116 2445/2114
f 2159/2110 2445/2114 2456/2107
f 2455/2188 2208/2191 2162/2190
f 2208/2191 2455/2188 2446/2192
f 2155/2193 2446/2192 2135/2194
f 2446/2192 2155/2193 2208/2191
f 2440/1706 2499/1701 2442/1700
f 2499/1701 2440/1706 2498/1707
f 1965/2350 1961/2348 1962/2347
f 2508/2353 1965/2350 1962/2347
f 1962/2347 1966/2354 2508/2353
f 1966/2354 2461/2355 2508/2353
f 1966/2155 1968/2156 2173/2153
f 1966/2155 2173/2153 2461/2154
f 1962/2158 1963/2157 1966/2155
f 1968/2156 1966/2155 1963/2157
f 2098/2199 2441/2196 2438/2200
f 2441/2196 2098/2199 2114/2198
f 2464/2061 2178/2063 2222/2059
f 2506/1687 2476/1681 2514/1680
f 2476/1681 2506/1687 2455/1691
f 1967/2351 1960/2349 1961/2348
f 2462/2352 1967/2351 1961/2348
f 1961/2348 1965/2350 2462/2352
f 1965/2350 2508/2353 2462/2352
f 2445/1694 2506/1687 2456/1686
f 2506/1687 2445/1694 2500/1695
f 2500/1695 2455/1691 2506/1687
f 2455/1691 2500/1695 2446/1697
f 2498/1707 2441/1703 2499/1701
f 2441/1703 2498/1707 2438/1709
f 2464/2061 2222/2059 2462/2058
f 2440/2415 2106/2417 2103/2413
f 2109/2579 2110/2580 2440/2581
f 2442/2120 2109/2130 2440/2132
f 2440 2110 2106
f 2442/2120 2111/2126 2109/2130
f 2442/2120 2122/2123 2111/2126
f 2122/2123 2113/2125 2112/2129
f 2113/2125 2122/2123 2146/2116
f 2146/2116 2122/2123 2442/2120
f 2146/2116 2442/2120 2445/2114
f 2442/1700 2500/1695 2445/1694
f 2500/1695 2442/1700 2499/1701
f 2446/2192 2163/2195 2135/2194
f 2163/2195 2446/2192 2441/2196
f 2127/2197 2441/2196 2114/2198
f 2441/2196 2127/2197 2163/2195
f 2499/1701 2446/1697 2500/1695
f 2446/1697 2499/1701 2441/1703
f 2456/1686 2514/1680 2475/1684
f 2514/1680 2456/1686 2506/1687
f 1967/2070 2462/2058 1970/2068
f 1970/2068 1960/2072 1967/2070
f 1970/2068 1959/2074 1960/2072
f 1970/2068 2462/2058 1971/2066
f 1971/2066 2462/2058 1976/2064
f 1976/2064 2462/2058 2175/2062
f 2435/1718 2497/1713 2437/1712
f 2497/1713 2435/1718 2496/1719
f 2497/1713 2438/1709 2498/1707
f 2438/1709 2497/1713 2436/1715
f 2437/2412 2103/2413 2085/2414
f 2103/2413 2437/2412 2440/2415
f 2433/2419 2077/2418 2072/2420
f 2077/2418 2433/2419 2435/2416
f 2495/1725 2434/1721 2496/1719
f 2434/1721 2495/1725 2432/1727
f 2079/2429 2438/2430 2436/2431
f 2438/2430 2079/2429 2092/2432
f 2438/2430 2092/2432 2098/2434
f 2068/2445 2432/2446 2069/2447
f 2434/2440 2432/2446 2068/2445
f 2434/2440 2070/2444 2071/2443
f 2434/2440 2068/2445 2070/2444
f 2434/2440 2071/2443 2073/2442
f 2073/2442 2075/2441 2434/2440
f 2437/1712 2498/1707 2440/1706
f 2498/1707 2437/1712 2497/1713
f 2435/2416 2085/2414 2077/2418
f 2085/2414 2435/2416 2437/2412
f 2179/2147 2176/2150 2156/2152
f 2176/2150 2179/2147 2409/2146
f 2176/2150 2409/2146 2463/2151
f 2463/2151 2409/2146 2457/2148
f 2496/1719 2436/1715 2497/1713
f 2436/1715 2496/1719 2434/1721
f 2074/2439 2434/2440 2075/2441
f 2436/2431 2434/2440 2074/2439
f 2436/2431 2074/2439 2078/2438
f 2436/2431 2078/2438 2081/2437
f 2436/2431 2081/2437 2080/2436
f 2436/2431 2080/2436 2083/2435
f 2082/2433 2436/2431 2083/2435
f 2079/2429 2436/2431 2082/2433
f 2433/1724 2496/1719 2435/1718
f 2496/1719 2433/1724 2495/1725
f 3332/4571 3334/4572 3333/4573
f 3335/4574 3333/4573 3334/4572
f 2665/4723 3333/4724 2667/4725
f 3335/4726 2667/4725 3333/4724
f 2667/4575 2666/4576 2664/4577
f 2664/4577 2665/4578 2667/4575
f 2758/3089 2773/3090 2769/3091
f 2773/3090 2758/3089 2771/3092
f 2863/3205 2857/3226 2864/3224
f 2863/3205 2814/3225 2827/3227
f 2863/3205 2801/3223 2814/3225
f 2863/3205 2827/3227 2844/3228
f 2814/3093 2769/3091 2773/3090
f 2769/3091 2814/3093 2801/3096
f 2757/3094 2769/3091 2768/3098
f 2769/3091 2757/3094 2758/3089
f 2868/3185 2850/3186 2846/3187
f 2850/3186 2868/3185 2866/3188
f 590/2607 592/2608 591/2609
f 593/2610 591/2609 592/2608
f 532/2723 530/2725 516/2721
f 516/2721 518/2720 532/2723
f 2844/3195 2787/3198 2816/3189
f 2787/3198 2844/3195 2827/3200
f 2801/3096 2768/3098 2769/3091
f 2768/3098 2801/3096 2800/3102
f 2827/3097 2773/3090 2787/3095
f 2773/3090 2827/3097 2814/3093
f 2863/3205 2844/3228 2857/3226
f 2803/3101 2787/3095 2783/3099
f 2787/3095 2803/3101 2816/3104
f 2771/3092 2787/3095 2773/3090
f 2787/3095 2771/3092 2783/3099
f 2866/3188 2857/3191 2850/3186
f 2857/3191 2866/3188 2864/3194
f 2863/3205 2800/3221 2801/3223
f 2846/3187 2816/3189 2803/3192
f 2816/3189 2846/3187 2850/3186
f 2857/3191 2816/3189 2850/3186
f 2816/3189 2857/3191 2844/3195
f 592/2730 590/2731 268/2732
f 268/2732 270/2733 592/2730
f 2815/3217 2802/3219 2863/3205
f 2815/3108 2770/3103 2802/3106
f 2770/3103 2815/3108 2774/3107
f 2802/3219 2800/3221 2863/3205
f 2772/3105 2770/3103 2774/3107
f 2770/3103 2772/3105 2759/3100
f 271/2611 270/2612 268/2613
f 268/2613 269/2614 271/2611
f 2800/3102 2770/3103 2768/3098
f 2770/3103 2800/3102 2802/3106
f 2784/3109 2774/3107 2788/3111
f 2774/3107 2784/3109 2772/3105
f 2759/3100 2768/3098 2770/3103
f 2768/3098 2759/3100 2757/3094
f 269/2734 591/2735 271/2736
f 593/2737 271/2736 591/2735
f 3063/2984 3048/2981 3050/2988
f 3048/2981 3063/2984 3062/2979
f 2937/3210 2863/3205 2944/3212
f 3050/2988 2937/2986 2944/2992
f 2937/2986 3050/2988 3048/2981
f 1910/2333 1883/2331 1890/2330
f 1883/2331 1910/2333 1896/2334
f 2178/2063 2458/2065 2180/2067
f 2458/2065 2178/2063 2464/2061
f 1885/1848 1897/1846 1884/1850
f 1897/1846 1885/1848 1904/1844
f 1919/2332 1890/2330 1897/2329
f 1890/2330 1919/2332 1910/2333
f 1897/2329 1881/2327 1884/2326
f 1881/2327 1897/2329 1890/2330
f 1881/2327 1869/2325 1872/2324
f 1869/2325 1881/2327 1878/2328
f 1926/2335 1910/2333 1919/2332
f 1910/2333 1926/2335 1921/2336
f 1904/1844 1919/1845 1897/1846
f 1919/1845 1904/1844 1922/1847
f 1874/2201 1884/2202 1873/2203
f 1884/2202 1874/2201 1885/2204
f 1884/2326 1872/2324 1873/2323
f 1872/2324 1884/2326 1881/2327
f 1882/1863 1878/1865 1883/1861
f 1878/1865 1882/1863 1877/1867
f 1891/1860 1883/1861 1896/1862
f 1883/1861 1891/1860 1882/1863
f 1890/2330 1878/2328 1881/2327
f 1878/2328 1890/2330 1883/2331
f 1922/1847 1926/1849 1919/1845
f 1926/1849 1922/1847 1928/1851
f 2180/2067 2458/2065 2181/2069
f 2181/2069 2458/2065 2465/2071
f 1869/2213 1877/2214 1868/2215
f 1877/2214 1869/2213 1878/2216
f 1923/2339 1913/2337 1921/2336
f 1913/2337 1923/2339 1917/2340
f 1925/2342 1917/2340 1923/2339
f 1917/2340 1925/2342 1920/2343
f 1931/1853 1932/1854 1929/1852
f 1932/1854 1931/1853 1938/1855
f 1918/1870 1917/1869 1920/1871
f 1917/1869 1918/1870 1914/1868
f 1932/2341 1923/2339 1929/2338
f 1923/2339 1932/2341 1925/2342
f 1929/2338 1921/2336 1926/2335
f 1921/2336 1929/2338 1923/2339
f 1938/1855 1957/1856 1932/1854
f 1957/1856 1938/1855 1958/1857
f 1957/2344 1925/2342 1932/2341
f 1925/2342 1957/2344 1930/2345
f 1930/2345 1920/2343 1925/2342
f 1920/2343 1930/2345 1927/2346
f 1921/2336 1896/2334 1910/2333
f 1896/2334 1921/2336 1913/2337
f 1924/1872 1920/1871 1927/1873
f 1920/1871 1924/1872 1918/1870
f 1914/1868 1913/1866 1917/1869
f 1913/1866 1914/1868 1907/1864
f 1907/1864 1896/1862 1913/1866
f 1896/1862 1907/1864 1891/1860
f 1928/1851 1929/1852 1926/1849
f 1929/1852 1928/1851 1931/1853
f 1962/2347 1930/2345 1957/2344
f 1930/2345 1962/2347 1961/2348
f 1927/1873 1959/1874 1924/1872
f 1959/1874 1927/1873 1960/1875
f 1961/2348 1927/2346 1930/2345
f 1927/2346 1961/2348 1960/2349
f 2463/2151 2461/2154 2173/2153
f 2173/2153 2176/2150 2463/2151
f 1958/1857 1962/1858 1957/1856
f 1962/1858 1958/1857 1963/1859
f 1995/656 2002/657 2003/658
f 2002/657 1995/656 2000/659
f 2199/660 2201/628 2218/661
f 2243/652 2218/661 2201/628
f 2243/652 2201/628 2204/627
f 2243/652 2204/627 2230/662
f 2230/662 2204/627 2206/663
f 2206/663 2204/627 2205/664
f 2112/665 2117/666 2134/667
f 2116/668 2112/665 2115/669
f 2117/666 2112/665 2116/668
f 2210/670 2254/459 2181/624
f 2254/459 2210/670 2213/671
f 2254/459 2213/671 2189/672
f 2254/459 2189/672 2232/673
f 2166 2184 2186
f 2186 2185 2149
f 2021 2020 2026
f 2254/459 2092/674 2079/675
f 580/1080 524/1081 536/1082
f 752/1083 477/1084 501/1085
f 522/1086 524/1081 627/1087
f 580/1080 627/1087 524/1081
f 553/1088 522/1086 666/1089
f 627/1087 666/1089 522/1086
f 736/1090 553/1088 707/1091
f 666/1089 707/1091 553/1088
f 742/1092 553/1088 736/1090
f 752/1083 553/1088 742/1092
f 787/1093 664/1094 484/1095
f 501/1085 553/1088 752/1083
f 787/1093 701/1096 685/1097
f 787/1093 685/1097 664/1094
f 484/1095 477/1084 787/1093
f 752/1083 787/1093 477/1084
f 635/1098 484/1095 664/1094
f 803/1099 774/1100 762/1101
f 811/1102 701/1096 815/1103
f 787/1093 815/1103 701/1096
f 803/1099 701/1096 811/1102
f 762/1101 701/1096 803/1099
f 620/1104 484/1095 635/1098
f 570/1105 484/1095 620/1104
f 620/1104 602/1106 570/1105
f 635 664 636
f 665 636 664
f 685 701 686
f 702 686 701
f 701 762 702
f 763 702 762
f 570 602 571
f 603 571 602
f 602 620 603
f 621 603 620
f 651 677 652
f 678 652 677
f 1090 1002 1001
f 1001 1089 1090
f 699 738 700
f 739 700 738
f 1126 1138 1137
f 1137 1125 1126
f 795 940 796
f 941 796 940
f 696 692 691
f 691 695 696
f 484 570 485
f 571 485 570
f 636 621 620
f 620 635 636
f 738 795 739
f 796 739 795
f 664 685 665
f 686 665 685
f 962 1001 963
f 1002 963 1001
f 1138 1090 1089
f 1089 1137 1138
f 940 962 941
f 963 941 962
f 700 696 695
f 695 699 700
f 692 678 677
f 677 691 692
f 585 651 586
f 652 586 651
f 484 485 477
f 478 477 485
f 710/1355 1634/1356 712/1357
f 1636/1358 712/1357 1634/1356
f 3095/4767 2776/4768 2761/4769
f 3096/4784 3095/4767 2762/4780
f 2732/4782 2667/4779 2761/4769
f 3065/4770 2791/4772 2776/4768
f 2776/4768 3095/4767 3065/4770
f 2939/4805 2831/4815 2839/4810
f 2791/4772 3065/4770 3036/4775
f 2946/4821 2819/4827 2831/4815
f 2807/4781 2791/4772 3002/4778
f 3036/4775 3002/4778 2791/4772
f 2820/4790 2807/4781 2972/4785
f 3002/4778 2972/4785 2807/4781
f 2832/4800 2820/4790 2947/4795
f 2972/4785 2947/4795 2820/4790
f 2839/4810 2832/4800 2939/4805
f 2947/4795 2939/4805 2832/4800
f 2831/4815 2939/4805 2946/4821
f 3094/4860 3334/4854 2760/4848
f 2819/4827 2946/4821 2971/4834
f 3335/4813 3131/4829 3097/4817
f 2806/4846 2819/4827 3001/4841
f 2971/4834 3001/4841 2819/4827
f 2790/4858 2806/4846 3035/4852
f 3001/4841 3035/4852 2806/4846
f 2775/4859 2790/4858 3064/4864
f 3035/4852 3064/4864 2790/4858
f 2760/4848 2775/4859 3094/4860
f 3064/4864 3094/4860 2775/4859
f 2778/4830 2763/4812 3067/4823
f 3335/4813 3097/4817 2667/4779
f 3097/4817 3067/4823 2763/4812
f 2734/4807 2667/4779 2763/4812
f 2793/4843 2778/4830 3038/4837
f 3067/4823 3038/4837 2778/4830
f 2809/4855 2793/4843 3004/4849
f 3038/4837 3004/4849 2793/4843
f 2822/4868 2809/4855 2974/4862
f 3004/4849 2974/4862 2809/4855
f 2834/4857 2822/4868 2949/4863
f 2974/4862 2949/4863 2822/4868
f 2840/4845 2834/4857 2940/4851
f 2949/4863 2940/4851 2834/4857
f 2833/4833 2840/4845 2948/4840
f 2940/4851 2948/4840 2840/4845
f 2821/4820 2833/4833 2973/4826
f 2948/4840 2973/4826 2833/4833
f 2808/4809 2821/4820 3003/4814
f 2973/4826 3003/4814 2821/4820
f 2792/4799 2808/4809 3037/4804
f 3003/4814 3037/4804 2808/4809
f 2777/4789 2792/4799 3066/4794
f 3037/4804 3066/4794 2792/4799
f 2762/4780 2777/4789 3096/4784
f 3066/4794 3096/4784 2777/4789
f 3335/4813 3161/4836 3131/4829
f 3335/4813 3195/4839 3161/4836
f 3335/4813 3231/4832 3195/4839
f 3335/4813 3251/4825 3231/4832
f 3335/4813 3265/4819 3251/4825
f 3335/4813 3250/4808 3265/4819
f 3335/4813 3159/4824 3129/4818
f 3130/4788 3095/4767 3096/4784
f 3160/4793 3095/4767 3130/4788
f 3194/4798 3095/4767 3160/4793
f 3230/4803 3095/4767 3194/4798
f 3250/4808 3095/4767 3230/4803
f 3335/4813 3193/4831 3159/4824
f 3335/4813 3095/4767 3250/4808
f 3335/4813 3129/4818 3095/4767
f 3335/4813 3229/4838 3193/4831
f 3335/4813 3249/4844 3229/4838
f 3335/4813 3264/4850 3249/4844
f 3335/4813 3248/4856 3264/4850
f 2763/4812 2667/4779 3097/4817
f 3128/4866 3334/4854 3094/4860
f 3158/4871 3334/4854 3128/4866
f 3192/4873 3334/4854 3158/4871
f 3228/4869 3334/4854 3192/4873
f 3248/4856 3334/4854 3228/4869
f 3335/4813 3334/4854 3248/4856
f 2722/4802 2667/4779 2734/4807
f 2714/4797 2667/4779 2722/4802
f 2697/4792 2667/4779 2714/4797
f 2688/4787 2667/4779 2697/4792
f 2681/4783 2667/4779 2688/4787
f 2687/4776 2667/4779 2681/4783
f 3095/4767 2733/4777 2762/4780
f 3095/4767 2721/4774 2733/4777
f 2761/4769 2696/4773 2713/4771
f 3095/4767 2713/4771 2721/4774
f 2761/4769 2713/4771 3095/4767
f 2761/4769 2687/4776 2696/4773
f 2761/4769 2667/4779 2687/4776
f 2720/4786 2667/4779 2732/4782
f 2712/4791 2667/4779 2720/4786
f 2695/4796 2667/4779 2712/4791
f 2686/4801 2667/4779 2695/4796
f 2680/4806 2667/4779 2686/4801
f 2685/4811 2667/4779 2680/4806
f 2666/4816 2685/4811 2694/4822
f 2666/4816 2667/4779 2685/4811
f 1636/406 1565/407 712/408
f 2666/4816 2694/4822 2711/4828
f 2666/4816 2711/4828 2719/4835
f 1636/406 1564/409 1565/407
f 2666/4816 2719/4835 2731/4842
f 2666/4816 2731/4842 2760/4848
f 2666/4816 2760/4848 3334/4854
f 924/410 712/408 1565/407
f 1564/409 1563/411 923/412
f 929/413 923/412 1563/411
f 1636/406 1562/414 1563/411
f 1636/406 1563/411 1564/409
f 1562/414 1635/415 928/416
f 711/417 712/408 928/416
f 1636/406 1635/415 1562/414
f 923/412 712/408 924/410
f 711/417 928/416 1635/415
f 929/413 712/408 923/412
f 928/416 712/408 929/413
f 712/1339 711/1340 709/1341
f 709/1341 710/1342 712/1339
f 1633/1343 1635/1344 1634/1345
f 1636/1346 1634/1345 1635/1344
f 360/1661 376/1663 340/1659
f 376/1663 360/1661 393/1665
f 315/2263 278/2270 296/2269
f 278/2270 315/2263 289/2264
f 340/2267 296/2269 324/2273
f 296/2269 340/2267 315/2263
f 283/1651 278/1653 289/1649
f 278/1653 283/1651 276/1655
f 3061/2990 3050/2988 3047/2993
f 3050/2988 3061/2990 3063/2984
f 2997/2999 3024/2997 2983/3001
f 3024/2997 2997/2999 3044/2995
f 2863/3205 2936/3214 2944/3212
f 3024/2997 2914/3000 2983/3001
f 2914/3000 3024/2997 2926/2998
f 3047/2993 2944/2992 2936/2996
f 2944/2992 3047/2993 3050/2988
f 2934/3002 2983/3001 2924/3003
f 2983/3001 2934/3002 2997/2999
f 2863/3205 2926/3216 2936/3214
f 3044/2995 3047/2993 3024/2997
f 3047/2993 3044/2995 3061/2990
f 2983/3202 2895/3201 2924/3196
f 2895/3201 2983/3202 2914/3203
f 3047/2993 2926/2998 3024/2997
f 2926/2998 3047/2993 2936/2996
f 2863/3205 2914/3218 2926/3216
f 339/2888 384/2889 269/2890
f 384/2889 425/2891 269/2890
f 314/2892 339/2888 269/2890
f 295/2894 314/2892 269/2890
f 285/2896 295/2894 269/2890
f 280/2898 285/2896 269/2890
f 284/2900 280/2898 269/2890
f 591/2893 425/2891 444/2895
f 268/2902 424/2912 383/2910
f 268/2902 383/2910 338/2908
f 268/2902 338/2908 313/2906
f 268/2902 313/2906 294/2904
f 268/2902 294/2904 284/2900
f 591/2893 563/2907 590/2909
f 591/2893 269/2890 425/2891
f 268/2902 284/2900 269/2890
f 591/2893 444/2895 493/2897
f 591/2893 493/2897 521/2899
f 443/2914 424/2912 268/2902
f 591/2893 521/2899 543/2901
f 591/2893 543/2901 564/2903
f 591/2893 564/2903 565/2905
f 591/2893 565/2905 563/2907
f 563/2907 542/2911 590/2909
f 268/2902 590/2909 443/2914
f 542/2911 520/2913 590/2909
f 520/2913 492/2915 590/2909
f 492/2915 443/2914 590/2909
f 2889/3190 2864/3194 2866/3188
f 2864/3194 2889/3190 2877/3197
f 2863/3205 2864/3224 2877/3222
f 2924/3196 2877/3197 2889/3190
f 2877/3197 2924/3196 2895/3201
f 2863/3205 2895/3220 2914/3218
f 2868/3185 2889/3190 2866/3188
f 2889/3190 2868/3185 2893/3193
f 2863/3205 2877/3222 2895/3220
f 2893/3193 2924/3196 2889/3190
f 2924/3196 2893/3193 2934/3199
f 381 382 379
f 380 379 382
f 274 275 256
f 257 256 275
f 379 380 281
f 282 281 380
f 281 282 290
f 291 290 282
f 445 585 446
f 586 446 585
f 274 358 275
f 359 275 358
f 258 259 264
f 265 264 259
f 287 286 264
f 264 265 287
f 358 445 359
f 446 359 445
f 342 341 286
f 286 287 342
f 256 257 258
f 259 258 257
f 382 381 341
f 341 342 382
f 579/2037 647/2038 572/2035
f 647/2038 579/2037 650/2039
f 727/2250 654/2245 726/2254
f 654/2245 727/2250 653/2248
f 1047/2265 876/2262 1042/2268
f 876/2262 1047/2265 877/2259
f 1048/2044 881/2043 880/2042
f 881/2043 1048/2044 1051/2045
f 1048/2266 877/2259 1047/2265
f 877/2259 1048/2266 880/2260
f 732/2041 880/2042 733/2040
f 881/2043 733/2040 880/2042
f 650/2039 733/2040 647/2038
f 733/2040 650/2039 732/2041
f 876/2262 877/2259 726/2254
f 727/2250 726/2254 877/2259
f 875/2018 726/2015 720/2017
f 726/2015 875/2018 876/2019
f 655/2013 726/2015 654/2011
f 726/2015 655/2013 720/2017
f 653/2248 579/2251 589/2246
f 579/2251 653/2248 650/2256
f 880/2260 727/2250 877/2259
f 727/2250 880/2260 732/2255
f 1041/2020 876/2019 875/2018
f 876/2019 1041/2020 1042/2021
f 732/2255 653/2248 727/2250
f 653/2248 732/2255 650/2256
f 1167/2022 1042/2021 1041/2020
f 1042/2021 1167/2022 1168/2023
f 1331/2024 1168/2023 1167/2022
f 1168/2023 1331/2024 1330/2025
f 1330/2277 1171/2271 1168/2274
f 1171/2271 1330/2277 1325/2278
f 1172/2272 1047/2265 1171/2271
f 1047/2265 1172/2272 1048/2266
f 1325/2278 1172/2272 1171/2271
f 1172/2272 1325/2278 1324/2280
f 1171/2271 1042/2268 1168/2274
f 1042/2268 1171/2271 1047/2265
f 1172/2046 1051/2045 1048/2044
f 1051/2045 1172/2046 1173/2047
f 1683/2300 1656/2296 1669/2299
f 1656/2296 1683/2300 1670/2297
f 1709/1876 1683/1877 1701/1878
f 1683/1877 1709/1876 1691/1879
f 1646/1892 1673/1893 1651/1894
f 1673/1893 1646/1892 1668/1895
f 1659/1885 1631/1889 1624/1891
f 1631/1889 1659/1885 1664/1887
f 2008 2123 2136
f 2166/676 2149/677 2188/678
f 2136 2338 2005
f 1623/1900 1644/1898 1632/1902
f 1644/1898 1623/1900 1637/1896
f 1691/1879 1670/1881 1683/1877
f 1670/1881 1691/1879 1678/1883
f 1701/2303 1669/2299 1690/2302
f 1669/2299 1701/2303 1683/2300
f 2510/1722 2464/1729 2509/1728
f 2464/1729 2510/1722 2458/1723
f 1668/1895 1682/1897 1673/1893
f 1682/1897 1668/1895 1679/1899
f 1690/2302 1651/2301 1673/2304
f 1651/2301 1690/2302 1669/2299
f 1670/2297 1645/2293 1656/2296
f 1645/2293 1670/2297 1659/2294
f 1678/1883 1659/1885 1670/1881
f 1659/1885 1678/1883 1664/1887
f 1637/1896 1651/1894 1644/1898
f 1651/1894 1637/1896 1646/1892
f 1669/2299 1644/2298 1651/2301
f 1644/2298 1669/2299 1656/2296
f 1656/2296 1632/2295 1644/2298
f 1632/2295 1656/2296 1645/2293
f 2085 2103 2100
f 2100 2097 2085
f 2085 2090 2086
f 2090 2085 2097
f 2085 2086 2087
f 2087 2088 2084
f 2085 2087 2084
f 1715/2308 1682/2307 1698/2310
f 1682/2307 1715/2308 1694/2305
f 1760/2311 1698/2310 1753/2313
f 1698/2310 1760/2311 1715/2308
f 1679/1899 1698/1901 1682/1897
f 1698/1901 1679/1899 1695/1903
f 1694/2305 1673/2304 1682/2307
f 1673/2304 1694/2305 1690/2302
f 2153/679 2201/628 2199/660
f 2201/628 2153/679 2202/630
f 1716/1880 1701/1878 1710/1882
f 1701/1878 1716/1880 1709/1876
f 2072 2077 2076
f 2076 2064 2072
f 2352/2458 2354/2459 2353/2460
f 1767/2312 1715/2308 1760/2311
f 1715/2308 1767/2312 1727/2309
f 1750/1905 1698/1901 1695/1903
f 1698/1901 1750/1905 1753/1907
f 1727/2309 1694/2305 1715/2308
f 1694/2305 1727/2309 1710/2306
f 1778/2210 1753/2211 1750/2212
f 1753/2211 1778/2210 1779/2209
f 2077 2085 2084
f 2084 2076 2077
f 1710/2306 1690/2302 1694/2305
f 1690/2302 1710/2306 1701/2303
f 1736/1884 1710/1882 1727/1886
f 1710/1882 1736/1884 1716/1880
f 2113 2146 2133
f 1792/2314 1753/2313 1779/2316
f 1753/2313 1792/2314 1760/2311
f 1797/2315 1760/2311 1792/2314
f 1760/2311 1797/2315 1767/2312
f 1797/2222 1771/2223 1767/2224
f 1771/2223 1797/2222 1802/2221
f 1767/1888 1736/1884 1727/1886
f 1736/1884 1767/1888 1771/1890
f 1857/2217 1839/2219 1838/2220
f 1839/2219 1857/2217 1856/2218
f 1835/2317 1779/2316 1832/2319
f 1779/2316 1835/2317 1792/2314
f 1858/2320 1832/2319 1861/2322
f 1832/2319 1858/2320 1835/2317
f 2025 2046 2037
f 2037 2034 2025
f 1857/2321 1835/2317 1858/2320
f 1835/2317 1857/2321 1838/2318
f 1862/2205 1873/2203 1861/2206
f 1873/2203 1862/2205 1874/2201
f 1829/2208 1779/2209 1778/2210
f 1779/2209 1829/2208 1832/2207
f 1872/2324 1857/2321 1858/2320
f 1857/2321 1872/2324 1869/2325
f 2209 2183 2211
f 2167 2209 2211
f 2157 2167 2211
f 2212 2167 2157
f 2168 2185 2186
f 2186 2187 2168
f 2187 2191 2168
f 2191 2169 2168
f 1838/2220 1802/2221 1797/2222
f 1802/2221 1838/2220 1839/2219
f 1857/2217 1868/2215 1856/2218
f 1868/2215 1857/2217 1869/2213
f 1862/2205 1832/2207 1829/2208
f 1832/2207 1862/2205 1861/2206
f 1838/2318 1792/2314 1835/2317
f 1792/2314 1838/2318 1797/2315
f 1873/2323 1858/2320 1861/2322
f 1858/2320 1873/2323 1872/2324
f 2444/1679 2503/1677 2502/1683
f 2503/1677 2444/1679 2452/1673
f 2450/2091 2195/2093 2194/2092
f 2450/2091 2196/2094 2195/2093
f 2450 2170 2196
f 2170/2173 2450/2175 2443/2167
f 2171/2171 2443/2167 2140/2169
f 2443/2167 2171/2171 2170/2173
f 2502/1683 2451/1682 2443/1688
f 2451/1682 2502/1683 2503/1677
f 2503/1677 2453/1675 2451/1682
f 2453/1675 2503/1677 2505/1670
f 2449/1689 2504/1692 2447/1696
f 2504/1692 2449/1689 2501/1685
f 2451/2163 2151/2161 2142/2165
f 2151/2161 2451/2163 2453/2159
f 2351/2225 2002/2226 2000/2227
f 2002/2226 2351/2225 2003/2228
f 2003/2228 2351/2225 2011/2229
f 2011/2229 2351/2225 2020/2230
f 2020/2230 2351/2225 2420/2231
f 2420/2231 2351/2225 2417/2233
f 2011/2229 2010/2232 2004/2234
f 2010/2232 2011/2229 2020/2230
f 2501/1685 2448/1693 2504/1692
f 2448/1693 2501/1685 2450/1690
f 2143/2108 2141/2115 2120/2117
f 2141/2115 2143/2108 2444/2112
f 2444/2112 2143/2108 2452/2105
f 2141/2115 2139/2118 2119/2121
f 2139/2118 2141/2115 2444/2112
f 2139/2118 2444/2112 2449/2122
f 2444/1679 2501/1685 2449/1689
f 2501/1685 2444/1679 2502/1683
f 2450/2091 2194/2092 2193/2090
f 2448/2086 2193/2090 2192/2089
f 2450/2091 2193/2090 2448/2086
f 2502/1683 2450/1690 2501/1685
f 2450/1690 2502/1683 2443/1688
f 2158/2102 2143/2108 2121/2111
f 2143/2108 2158/2102 2452/2105
f 2452/2105 2158/2102 2454/2100
f 2452/1673 2505/1670 2503/1677
f 2505/1670 2452/1673 2454/1668
f 2443/2167 2142/2165 2140/2169
f 2142/2165 2443/2167 2451/2163
f 2511/1717 2458/1723 2510/1722
f 2458/1723 2511/1717 2465/1720
f 2508/1738 2509/1728 2462/1735
f 2464/1729 2462/1735 2509/1728
f 2466/1716 2515/1711 2511/1717
f 2515/1711 2466/1716 2468/1710
f 2509/1728 2461/1734 2463/1732
f 2509/1728 2508/1738 2461/1734
f 2466/1716 2510/1722 2457/1726
f 2510/1722 2466/1716 2511/1717
f 2212/2139 2182/2144 2148/2145
f 2182/2144 2212/2139 2466/2143
f 2466/2143 2212/2139 2468/2141
f 2511/1717 2467/1714 2465/1720
f 2467/1714 2511/1717 2515/1711
f 2457/1726 2509/1728 2463/1732
f 2509/1728 2457/1726 2510/1722
f 2182/2144 2179/2147 2147/2149
f 2179/2147 2182/2144 2409/2146
f 2409/2146 2182/2144 2466/2143
f 2409/2146 2466/2143 2457/2148
f 2465/2071 2210/2073 2181/2069
f 2210/2073 2465/2071 2467/2075
f 2470/2076 2232/2079 2189/2078
f 2232/2079 2470/2076 2460/2080
f 2224/2082 2460/2080 2225/2083
f 2223/2081 2460/2080 2224/2082
f 2460/2080 2223/2081 2232/2079
f 2185/2137 2157/2140 2149/2142
f 2157/2140 2185/2137 2212/2139
f 2212/2139 2185/2137 2469/2138
f 2212/2139 2469/2138 2468/2141
f 2459/1702 2512/1704 2469/1708
f 2512/1704 2459/1702 2507/1698
f 2150/2124 2138/2133 2128/2136
f 2138/2133 2168/2131 2137/2135
f 2168/2131 2138/2133 2150/2124
f 2168/2131 2150/2124 2447/2128
f 2168/2131 2447/2128 2459/2134
f 2447/1696 2507/1698 2459/1702
f 2507/1698 2447/1696 2504/1692
f 2504/1692 2460/1699 2507/1698
f 2460/1699 2504/1692 2448/1693
f 2460/2080 2226/2084 2225/2083
f 2460/2080 2227/2085 2226/2084
f 2227/2085 2460/2080 2448/2086
f 2448/2086 2192/2089 2215/2088
f 2448/2086 2215/2088 2214/2087
f 2448/2086 2214/2087 2227/2085
f 2515/1711 2470/1705 2467/1714
f 2470/1705 2515/1711 2512/1704
f 2459/2134 2185/2137 2168/2131
f 2185/2137 2459/2134 2469/2138
f 2213/2077 2470/2076 2189/2078
f 2470/2076 2213/2077 2210/2073
f 2470/2076 2210/2073 2467/2075
f 2139/2576 2125/2577 2118/2578
f 2139/680 2124/681 2125/682
f 2124/2127 2139/2118 2150/2124
f 2150/2124 2139/2118 2449/2122
f 2150/2124 2449/2122 2447/2128
f 2507/1698 2470/1705 2512/1704
f 2470/1705 2507/1698 2460/1699
f 2468/1710 2512/1704 2515/1711
f 2512/1704 2468/1710 2469/1708
f 328/2630 326/2632 316/2626
f 316/2626 318/2628 328/2630
f 307/2615 303/2616 302/2617
f 302/2617 305/2619 307/2615
f 303/2616 306/2620 304/2618
f 304/2618 302/2617 303/2616
f 247/2633 246/2634 244/2635
f 244/2635 245/2636 247/2633
f 327/2738 344/2739 329/2740
f 346/2741 329/2740 344/2739
f 319/2625 312/2621 310/2623
f 310/2623 317/2627 319/2625
f 311/2624 318/2628 316/2626
f 316/2626 309/2622 311/2624
f 325/2748 611/2749 334/2750
f 613/2752 334/2750 611/2749
f 297/2751 611/2749 325/2748
f 245/2753 611/2749 297/2751
f 247/2755 279/2754 277/2756
f 245/2753 297/2751 279/2754
f 245/2753 279/2754 247/2755
f 270/2916 271/2917 245/2918
f 271/2917 593/2919 245/2918
f 611/2921 593/2919 592/2923
f 592/2923 519/2955 533/2952
f 364/2951 519/2955 270/2916
f 592/2923 270/2916 519/2955
f 508/2957 373/2959 392/2961
f 346/2947 364/2951 270/2916
f 519/2955 364/2951 508/2957
f 329/2944 346/2947 270/2916
f 410/2969 465/2971 476/2965
f 319/2939 329/2944 270/2916
f 312/2935 319/2939 270/2916
f 416/2972 461/2973 465/2971
f 307/2931 312/2935 270/2916
f 409/2962 464/2960 460/2964
f 303/2928 307/2931 270/2916
f 306/2925 303/2928 270/2916
f 311/2922 306/2925 270/2916
f 244/2920 270/2916 245/2918
f 244/2920 363/2934 345/2930
f 244/2920 345/2930 328/2927
f 244/2920 328/2927 318/2924
f 244/2920 318/2924 311/2922
f 475/2958 404/2956 488/2949
f 244/2920 311/2922 270/2916
f 611/2921 245/2918 593/2919
f 592/2923 575/2929 610/2926
f 518/2938 363/2934 244/2920
f 592/2923 533/2952 547/2948
f 592/2923 547/2948 558/2945
f 489/2963 392/2961 476/2965
f 592/2923 558/2945 569/2940
f 592/2923 569/2940 576/2936
f 592/2923 576/2936 578/2932
f 461/2973 416/2972 455/2970
f 592/2923 578/2932 575/2929
f 455/2970 418/2968 460/2964
f 611/2921 592/2923 610/2926
f 507/2946 372/2942 518/2938
f 532/2943 518/2938 244/2920
f 557/2937 546/2941 610/2926
f 404/2956 475/2958 464/2960
f 244/2920 610/2926 532/2943
f 575/2929 568/2933 610/2926
f 568/2933 557/2937 610/2926
f 372/2942 507/2946 488/2949
f 546/2941 532/2943 610/2926
f 373/2959 508/2957 364/2951
f 392/2961 489/2963 508/2957
f 476/2965 405/2967 410/2969
f 405/2967 476/2965 392/2961
f 465/2971 410/2969 416/2972
f 460/2964 415/2966 409/2962
f 418/2968 455/2970 416/2972
f 415/2966 460/2964 418/2968
f 464/2960 409/2962 404/2956
f 488/2949 391/2953 372/2942
f 391/2953 488/2949 404/2956
f 363/2934 518/2938 372/2942
f 312/2621 307/2615 305/2619
f 305/2619 310/2623 312/2621
f 345/2757 343/2758 326/2759
f 326/2759 328/2761 345/2757
f 317/2627 327/2629 319/2625
f 329/2631 319/2625 327/2629
f 610/2637 612/2638 611/2639
f 613/2640 611/2639 612/2638
f 414/2641 416/2642 408/2643
f 410/2645 408/2643 416/2642
f 552/2583 496/2586 548/2584
f 496/2586 552/2583 498/2589
f 534/2591 466/2597 510/2598
f 466/2597 534/2591 482/2590
f 443/2767 480/2768 440/2769
f 480/2768 443/2767 492/2770
f 419/2816 447/2829 466/2827
f 542/2587 548/2584 534/2591
f 548/2584 542/2587 563/2582
f 510/2776 447/2773 480/2768
f 447/2773 510/2776 466/2778
f 492/2600 510/2598 480/2603
f 510/2598 492/2600 520/2594
f 480/2768 435/2771 440/2769
f 435/2771 480/2768 447/2773
f 548/2584 482/2590 534/2591
f 482/2590 548/2584 496/2586
f 520/2594 534/2591 510/2598
f 534/2591 520/2594 542/2587
f 419/2816 466/2827 482/2825
f 498/2821 419/2816 496/2823
f 419/2816 482/2825 496/2823
f 413/2650 415/2648 417/2646
f 418/2644 417/2646 415/2648
f 404/2655 402/2656 389/2657
f 389/2657 391/2658 404/2655
f 407/2654 409/2652 413/2650
f 415/2648 413/2650 409/2652
f 417/2646 418/2644 414/2641
f 416/2642 414/2641 418/2644
f 344/2739 362/2742 346/2741
f 364/2743 346/2741 362/2742
f 402/2656 404/2655 407/2654
f 409/2652 407/2654 404/2655
f 372/2763 370/2764 361/2762
f 361/2762 363/2760 372/2763
f 371/2744 390/2746 373/2745
f 392/2747 373/2745 390/2746
f 363/2760 361/2762 343/2758
f 343/2758 345/2757 363/2760
f 408/2643 410/2645 403/2647
f 405/2649 403/2647 410/2645
f 391/2765 389/2766 370/2764
f 370/2764 372/2763 391/2765
f 306/2620 311/2624 309/2622
f 309/2622 304/2618 306/2620
f 390/2653 403/2647 392/2651
f 405/2649 392/2651 403/2647
f 362/2742 371/2744 364/2743
f 373/2745 364/2743 371/2744
f 401/2796 355/2800 378/2802
f 355/2800 401/2796 388/2795
f 436/2820 419/2816 448/2818
f 378/2826 366/2828 419/2816
f 353/2663 293/2660 337/2666
f 293/2660 353/2663 301/2661
f 337/2832 333/2834 419/2816
f 293/2660 333/2670 337/2666
f 333/2670 293/2660 288/2665
f 421/2822 419/2816 436/2820
f 353/2830 337/2832 419/2816
f 401/2796 423/2790 388/2795
f 423/2790 401/2796 421/2793
f 322/2668 339/2671 314/2664
f 339/2671 322/2668 355/2674
f 481/2786 436/2791 448/2794
f 436/2791 481/2786 441/2788
f 481/2786 444/2787 441/2788
f 444/2787 481/2786 493/2789
f 421/2793 441/2788 423/2790
f 441/2788 421/2793 436/2791
f 314/2664 301/2661 322/2668
f 301/2661 314/2664 295/2659
f 295/2659 293/2660 301/2661
f 293/2660 295/2659 285/2662
f 388/2795 425/2792 384/2798
f 425/2792 388/2795 423/2790
f 511/2601 493/2605 481/2606
f 493/2605 511/2601 521/2604
f 423/2790 444/2787 425/2792
f 444/2787 423/2790 441/2788
f 401/2824 378/2826 419/2816
f 378/2802 322/2803 366/2804
f 322/2803 378/2802 355/2800
f 366/2667 301/2661 353/2663
f 301/2661 366/2667 322/2668
f 366/2828 353/2830 419/2816
f 421/2822 401/2824 419/2816
f 285/2662 288/2665 293/2660
f 288/2665 285/2662 280/2669
f 511/2797 448/2794 467/2799
f 448/2794 511/2797 481/2786
f 424/2772 387/2777 383/2780
f 387/2777 424/2772 422/2775
f 419/2816 400/2835 420/2833
f 365/2680 300/2676 321/2679
f 300/2676 365/2680 352/2677
f 288/2665 336/2673 333/2670
f 336/2673 288/2665 292/2672
f 419/2816 365/2839 377/2837
f 294/2678 321/2679 300/2676
f 321/2679 294/2678 313/2681
f 383/2780 354/2781 338/2782
f 354/2781 383/2780 387/2777
f 400/2779 354/2781 387/2777
f 354/2781 400/2779 377/2783
f 424/2772 440/2769 422/2775
f 440/2769 424/2772 443/2767
f 377/2783 321/2784 354/2781
f 321/2784 377/2783 365/2785
f 419/2816 352/2838 365/2839
f 280/2669 292/2672 288/2665
f 292/2672 280/2669 284/2675
f 284/2675 300/2676 292/2672
f 300/2676 284/2675 294/2678
f 338/2682 321/2679 313/2681
f 321/2679 338/2682 354/2683
f 549/2588 483/2596 497/2593
f 483/2596 549/2588 535/2595
f 419/2816 377/2837 400/2835
f 352/2677 292/2672 300/2676
f 292/2672 352/2677 336/2673
f 422/2775 400/2779 387/2777
f 400/2779 422/2775 420/2774
f 440/2769 420/2774 422/2775
f 420/2774 440/2769 435/2771
f 565/2585 549/2588 552/2583
f 549/2588 565/2585 564/2592
f 333/2834 336/2836 419/2816
f 419/2816 336/2836 352/2838
f 419/2816 420/2833 435/2831
f 555/2699 557/2698 566/2697
f 568/2695 566/2697 557/2698
f 546/2727 544/2729 530/2725
f 530/2725 532/2723 546/2727
f 574/2684 576/2685 567/2686
f 569/2688 567/2686 576/2685
f 507/2724 505/2722 486/2726
f 486/2726 488/2728 507/2724
f 487/2805 506/2806 489/2807
f 508/2808 489/2807 506/2806
f 488/2717 486/2719 473/2713
f 473/2713 475/2715 488/2717
f 461/2702 455/2703 454/2704
f 454/2704 459/2706 461/2702
f 465/2708 461/2702 459/2706
f 459/2706 463/2710 465/2708
f 460/2707 464/2711 462/2709
f 462/2709 458/2705 460/2707
f 464/2711 475/2715 473/2713
f 473/2713 462/2709 464/2711
f 577/2689 578/2687 574/2684
f 576/2685 574/2684 578/2687
f 506/2806 517/2809 508/2808
f 519/2810 508/2808 517/2809
f 557/2698 555/2699 544/2700
f 544/2700 546/2701 557/2698
f 566/2697 568/2695 573/2693
f 575/2691 573/2693 568/2695
f 455/2703 460/2707 458/2705
f 458/2705 454/2704 455/2703
f 476/2712 465/2708 463/2710
f 463/2710 474/2714 476/2712
f 517/2809 531/2811 519/2810
f 533/2812 519/2810 531/2811
f 573/2693 575/2691 577/2689
f 578/2687 577/2689 575/2691
f 355/2800 384/2798 339/2801
f 384/2798 355/2800 388/2795
f 567/2686 569/2688 556/2690
f 558/2692 556/2690 569/2688
f 474/2714 487/2716 476/2712
f 489/2718 476/2712 487/2716
f 545/2696 556/2690 547/2694
f 558/2692 547/2694 556/2690
f 531/2811 545/2813 533/2812
f 547/2814 533/2812 545/2813
f 2593 2592 2556
f 2556 2557 2593
f 2616 2615 2572
f 2572 2573 2616
f 2576 2592 2577
f 2593 2577 2592
f 2576 2577 2572
f 2573 2572 2577
f 2554 2555 2556
f 2557 2556 2555
f 2623 2634 2624
f 2635 2624 2634
f 2635 2634 2615
f 2615 2616 2635
f 2858/3128 2817/3127 2845/3130
f 2817/3127 2858/3128 2851/3123
f 2851/3123 2869/3118 2847/3125
f 2869/3118 2851/3123 2867/3120
f 2828/3110 2774/3107 2815/3108
f 2774/3107 2828/3110 2788/3111
f 2865/3209 2858/3211 2863/3205
f 2865/3122 2851/3123 2858/3128
f 2851/3123 2865/3122 2867/3120
f 2845/3130 2788/3131 2828/3132
f 2788/3131 2845/3130 2817/3127
f 2845/3213 2828/3215 2863/3205
f 2890/3116 2869/3118 2867/3120
f 2869/3118 2890/3116 2894/3115
f 2927/3208 2863/3205 2937/3210
f 2858/3211 2845/3213 2863/3205
f 2788/3111 2804/3112 2784/3109
f 2804/3112 2788/3111 2817/3113
f 2828/3215 2815/3217 2863/3205
f 2817/3127 2847/3125 2804/3129
f 2847/3125 2817/3127 2851/3123
f 753 788 787
f 787 752 753
f 737 736 707
f 707 708 737
f 628 627 580
f 580 581 628
f 581 580 536
f 536 537 581
f 708 707 666
f 666 667 708
f 553 554 522
f 523 522 554
f 774 803 775
f 804 775 803
f 803 811 804
f 812 804 811
f 477 478 501
f 502 501 478
f 501 502 553
f 554 553 502
f 762 774 763
f 775 763 774
f 788 816 815
f 815 787 788
f 743 753 752
f 752 742 743
f 667 666 627
f 627 628 667
f 537 536 524
f 524 525 537
f 737 743 742
f 742 736 737
f 522 523 524
f 525 524 523
f 816 812 811
f 811 815 816
f 1909 1916 1915
f 1915 1908 1909
f 1894 1911 1895
f 1912 1895 1911
f 1916 1912 1911
f 1911 1915 1916
f 1899 1898 1879
f 1879 1880 1899
f 1895 1887 1886
f 1886 1894 1895
f 1780 1781 1790
f 1791 1790 1781
f 1844 1845 1866
f 1867 1866 1845
f 1887 1893 1892
f 1892 1886 1887
f 1880 1879 1866
f 1866 1867 1880
f 1845 1844 1808
f 1808 1809 1845
f 1909 1908 1898
f 1898 1899 1909
f 1790 1791 1808
f 1809 1808 1791
f 273 267 266
f 266 272 273
f 228 229 232
f 233 232 229
f 273 272 260
f 260 261 273
f 235 237 236
f 236 234 235
f 254 262 255
f 263 255 262
f 251 249 248
f 248 250 251
f 238 242 239
f 243 239 242
f 249 253 252
f 252 248 249
f 251 250 240
f 240 241 251
f 241 240 236
f 236 237 241
f 230 231 226
f 227 226 231
f 1805/1107 1825/1108 1785/1109
f 1825/1108 1850/1110 1785/1109
f 1906/1111 1865/1112 1901/1113
f 1916/1114 1909/1115 1880/1116
f 1909/1115 1899/1117 1880/1116
f 1887/1118 1809/1119 1791/1120
f 1867/1121 1916/1114 1880/1116
f 1895/1122 1912/1123 1867/1121
f 1916/1114 1867/1121 1912/1123
f 1845/1124 1895/1122 1867/1121
f 1809/1119 1887/1118 1845/1124
f 1895/1122 1845/1124 1887/1118
f 1906/1111 1850/1110 1865/1112
f 1781/1125 1893/1126 1791/1120
f 1887/1118 1791/1120 1893/1126
f 1906/1111 1903/1127 1781/1125
f 1893/1126 1781/1125 1903/1127
f 1785/1109 1906/1111 1781/1125
f 1906/1111 1785/1109 1850/1110
f 1876/1128 1889/1129 1871/1130
f 1871/1130 1901/1113 1865/1112
f 1901/1113 1871/1130 1889/1129
f 233/1131 237/1132 235/1133
f 273/1134 231/1135 239/1136
f 241/1137 237/1132 233/1131
f 229/1138 251/1139 233/1131
f 241/1137 233/1131 251/1139
f 253/1140 249/1141 229/1138
f 251/1139 229/1138 249/1141
f 227/1142 253/1140 229/1138
f 273/1134 261/1143 227/1142
f 253/1140 227/1142 261/1143
f 231/1135 273/1134 227/1142
f 267/1144 239/1136 243/1145
f 239/1136 267/1144 273/1134
f 267/1144 243/1145 255/1146
f 267/1144 255/1146 263/1147
f 226 227 228
f 229 228 227
f 230 238 231
f 239 231 238
f 267 263 262
f 262 266 267
f 261 260 252
f 252 253 261
f 235 234 232
f 232 233 235
f 242 254 243
f 255 243 254
f 104 103 174
f 173 174 103
f 107 177 110
f 180 110 177
f 181 111 110
f 110 180 181
f 104 174 107
f 177 107 174
f 106 176 108
f 178 108 176
f 179 176 106
f 106 109 179
f 175 173 103
f 103 105 175
f 178 175 105
f 105 108 178
f 181 179 109
f 109 111 181
f 1804 1824 1805
f 1825 1805 1824
f 1888 1900 1889
f 1901 1889 1900
f 1784 1804 1785
f 1805 1785 1804
f 1824 1849 1825
f 1850 1825 1849
f 1864 1870 1865
f 1871 1865 1870
f 1849 1864 1850
f 1865 1850 1864
f 1870 1875 1871
f 1876 1871 1875
f 1875 1888 1876
f 1889 1876 1888
f 1906 1901 1900
f 1900 1905 1906
f 1903 1906 1905
f 1905 1902 1903
f 1903 1902 1892
f 1892 1893 1903
f 1784 1785 1780
f 1781 1780 1785
f 37 51 36
f 51 37 52
f 38 11 31
f 11 38 13
f 26 49 46
f 49 26 33
f 7 25 11
f 31 11 25
f 19 46 44
f 46 19 26
f 48 34 32
f 34 48 50
f 21 7 3
f 7 21 25
f 51/892 46/893 49/894
f 46/893 51/892 52/895
f 46/893 52/895 44/896
f 44/896 52/895 43/897
f 43/897 52/895 50/898
f 35/899 24/900 30/901
f 24/900 35/899 39/902
f 24/900 39/902 40/903
f 24/900 40/903 42/904
f 24/900 42/904 23/905
f 23/905 42/904 27/906
f 27/906 42/904 29/907
f 29/907 42/904 43/897
f 29/907 43/897 22/908
f 22/908 43/897 50/898
f 22/908 50/898 45/909
f 45/909 50/898 48/910
f 22/908 45/909 21/911
f 45/909 48/910 47/912
f 21/911 41/913 25/914
f 41/913 21/911 45/909
f 25/914 41/913 38/915
f 25/914 38/915 31/916
f 50 37 34
f 37 50 52
f 45 17 41
f 17 45 20
f 18 44 43
f 44 18 19
f 20 47 28
f 47 20 45
f 33 51 49
f 51 33 36
f 38 17 13
f 17 38 41
f 48 28 47
f 28 48 32
f 4 21 3
f 21 4 22
f 10 24 6
f 24 10 30
f 27 9 8
f 9 27 29
f 14 15 39
f 40 39 15
f 27 5 23
f 5 27 8
f 12 39 35
f 39 12 14
f 9 22 4
f 22 9 29
f 16 18 42
f 43 42 18
f 15 16 40
f 42 40 16
f 6 23 5
f 23 6 24
f 10 35 30
f 35 10 12
f 2177 2174 2220
f 1973/418 1964/159 1972/419
f 2056/683 2179/684 2048/685
f 2049/686 2147/687 2056/683
f 2156 2176 2177
f 2048/685 2156/688 1994/689
f 2001/690 1993/691 2055/692
f 2221 1994 2220
f 2055/692 1994/689 2221/693
f 2220/694 1994/689 2177/695
f 2177 1994 2156
f 2248/452 2164/527 2221/693
f 2248/452 2221/693 2222/696
f 1973/418 1985/276 1968/203
f 1968 1985 1976
f 1974/126 1970/183 1985/276
f 2175 2220 2174
f 2175 2221 2220
f 1976/420 1969/421 1968/203
f 1971/422 1976/420 1985/276
f 1970/183 1971/422 1985/276
f 66 153 68
f 155 68 153
f 2178/625 2248/452 2222/696
f 61 148 64
f 151 64 148
f 156 69 68
f 68 155 156
f 61 60 148
f 147 148 60
f 2254/459 2232/673 2223/697
f 1995/656 2011/698 2004/699
f 2011/698 1995/656 2003/658
f 2225/700 2223/697 2224/701
f 2254/459 2226/702 2227/703
f 2254/459 2225/700 2226/702
f 2254/459 2223/697 2225/700
f 2214/704 2254/459 2227/703
f 2254/459 2214/704 2215/705
f 2193/706 2215/705 2192/707
f 2194/708 2215/705 2193/706
f 2195/709 2215/705 2194/708
f 2196/710 2215/705 2195/709
f 2254/459 2215/705 2196/710
f 2254 2196 2170
f 153 66 65
f 65 152 153
f 152 65 64
f 64 151 152
f 60 62 147
f 149 147 62
f 62 63 149
f 150 149 63
f 2178/625 2250/453 2248/452
f 2250/453 2178/625 2181/624
f 2181/624 2252/458 2250/453
f 2181/624 2254/459 2252/458
f 2254/459 2079/675 2082/711
f 2254/459 2082/711 2083/712
f 2254/459 2083/712 2080/713
f 2254/459 2080/713 2081/714
f 2217/715 2254/459 2228/716
f 2254/459 2217/715 2197/717
f 2254/459 2197/717 2229/718
f 2254/459 2229/718 2245/719
f 2254/459 2245/719 2233/720
f 2074 2081 2078
f 2071 2075 2073
f 2070 2075 2071
f 2254/459 2075/721 2070/722
f 2254/459 2074/723 2075/721
f 2254/459 2081/714 2074/723
f 2063/724 2069/725 2062/726
f 2060/727 2069/725 2063/724
f 2060/727 2068/728 2069/725
f 2060/727 2070/722 2068/728
f 2070/722 2060/727 2254/459
f 2244/729 2230/662 2254/459
f 2219/730 2206/663 2254/459
f 2254/459 2206/663 2231/731
f 156 154 67
f 67 69 156
f 2207/732 2254/459 2231/731
f 2254/459 2207/732 2162/733
f 2254/459 2162/733 2208/734
f 2254/459 2208/734 2155/735
f 2254/459 2155/735 2135/736
f 2254/459 2135/736 2163/737
f 2254/459 2163/737 2127/738
f 2254/459 2127/738 2114/739
f 2254/459 2114/739 2098/740
f 2254/459 2098/740 2092/674
f 154 150 63
f 63 67 154
f 2254/459 2235/741 2236/742
f 2254/459 2234/743 2235/741
f 2254/459 2233/720 2234/743
f 2254/459 2236/742 2237/655
f 2239 2237 2238
f 2254/459 2237/655 2239/650
f 2254/459 2239/650 2242/653
f 2254/459 2242/653 2243/652
f 1622/2291 1586/2289 1587/2288
f 1586/2289 1622/2291 1624/2292
f 1591/2031 1613/2032 1590/2030
f 1613/2032 1591/2031 1610/2033
f 1659/2294 1622/2291 1645/2293
f 1622/2291 1659/2294 1624/2292
f 1548/2284 1485/2282 1488/2281
f 1485/2282 1548/2284 1545/2285
f 1482/2051 1539/2052 1481/2050
f 1539/2052 1482/2051 1542/2053
f 1549/2029 1590/2030 1548/2028
f 1590/2030 1549/2029 1591/2031
f 1613/2290 1587/2288 1590/2287
f 1587/2288 1613/2290 1622/2291
f 1542/2053 1581/2054 1539/2052
f 1581/2054 1542/2053 1586/2055
f 1586/2055 1631/2056 1581/2054
f 1631/2056 1586/2055 1624/2057
f 1645/2293 1613/2290 1632/2295
f 1613/2290 1645/2293 1622/2291
f 1545/2285 1482/2283 1485/2282
f 1482/2283 1545/2285 1542/2286
f 1489/2027 1548/2028 1488/2026
f 1548/2028 1489/2027 1549/2029
f 1590/2287 1545/2285 1548/2284
f 1545/2285 1590/2287 1587/2288
f 1623/1900 1613/1904 1610/1906
f 1613/1904 1623/1900 1632/1902
f 1587/2288 1542/2286 1545/2285
f 1542/2286 1587/2288 1586/2289
f 1331/2024 1488/2026 1330/2025
f 1488/2026 1331/2024 1489/2027
f 1485/2282 1324/2280 1325/2278
f 1324/2280 1485/2282 1482/2283
f 1488/2281 1325/2278 1330/2277
f 1325/2278 1488/2281 1485/2282
f 1324/2048 1481/2050 1323/2049
f 1481/2050 1324/2048 1482/2051
f 1324/2048 1173/2047 1172/2046
f 1173/2047 1324/2048 1323/2049
f 2491/1744 2419/1742 2492/1741
f 2419/1742 2491/1744 2478/1746
f 2419/1742 2478/1746 2439/1750
f 2478 2489 2479
f 2478/1746 2491/1744 2489/1749
f 2439/1750 2418/1754 2419/1742
f 2439/1750 2428/1757 2418/1754
f 2417/1743 2492/1741 2420/1740
f 2492/1741 2417/1743 2431/1745
f 2492/1741 2431/1745 2477/1747
f 2492/1741 2477/1747 2491/1744
f 2491/1744 2477/1747 2481/1751
f 2431/1745 2417/1743 2429/1748
f 2429 2417 2423
f 2423 2417 2421
f 2493/1737 2426/1733 2494/1731
f 2426/1733 2493/1737 2422/1739
f 2028/2453 2426/2449 2422/2454
f 2426/2449 2028/2453 2047/2452
f 2426/2449 2047/2452 2060/2451
f 2060/2451 2063/2450 2426/2449
f 2492/1741 2422/1739 2493/1737
f 2422/1739 2492/1741 2419/1742
f 2427/1730 2495/1725 2433/1724
f 2495/1725 2427/1730 2494/1731
f 2420/2427 2026/2426 2020/2428
f 2026/2426 2420/2427 2424/2423
f 2026/2426 2424/2423 2025/2425
f 2025/2425 2424/2423 2046/2424
f 2424/1736 2494/1731 2427/1730
f 2494/1731 2424/1736 2493/1737
f 2427/2421 2072/2420 2064/2422
f 2072/2420 2427/2421 2433/2419
f 2494/1731 2432/1727 2495/1725
f 2432/1727 2494/1731 2426/1733
f 2062/2448 2426/2449 2063/2450
f 2432/2446 2426/2449 2062/2448
f 2062/2448 2069/2447 2432/2446
f 2424/2423 2064/2422 2046/2424
f 2064/2422 2424/2423 2427/2421
f 2420/1740 2493/1737 2424/1736
f 2493/1737 2420/1740 2492/1741
f 2018/2456 2422/2454 2419/2457
f 2422/2454 2018/2456 2027/2455
f 2422/2454 2027/2455 2028/2453
f 2012/2235 2061/2236 2007/2237
f 2061/2236 2012/2235 2018/2238
f 2061/2236 2018/2238 2419/2239
f 2061/2236 2419/2239 2136/2240
f 2136/2240 2419/2239 2338/2241
f 2338/2241 2419/2239 2352/2242
f 2352 2355 2354
f 2352/2242 2419/2239 2355/2243
f 2243/652 2244/729 2254/459
f 2355/2243 2419/2239 2418/2244
f 3496/917 3490/918 3493/919
f 3481/920 3486/921 3482/922
f 3489/923 3481/920 3482/922
f 3493/919 3497/924 3496/917
f 3498/925 3496/917 3497/924
f 3492/926 3495/927 3494/928
f 3482/922 3490/918 3489/923
f 3496/917 3489/923 3490/918
f 3487/929 3483/930 3484/931
f 3480/932 3486/921 3481/920
f 3482/922 3484/931 3483/930
f 3481/920 3479/933 3480/932
f 3491/934 3484/931 3486/921
f 3488/935 3483/930 3487/929
f 3477/936 3480/932 3479/933
f 3482/922 3486/921 3484/931
f 3476/937 3472/938 3474/939
f 3485/940 3492/926 3486/921
f 3455/941 3453/942 3454/943
f 3475/944 3479/933 3478/945
f 3481/920 3478/945 3479/933
f 3486/921 3492/926 3491/934
f 3494/928 3491/934 3492/926
f 3471/946 3477/936 3473/947
f 3479/933 3473/947 3477/936
f 3476/937 3480/932 3477/936
f 3474/939 3480/932 3476/937
f 3460/948 3458/949 3459/950
f 3452/951 3456/952 3454/943
f 3469/953 3467/954 3468/955
f 3459/950 3462/956 3460/948
f 3465/957 3461/958 3464/959
f 3468/955 3470/960 3469/953
f 3463/961 3460/948 3462/956
f 3458/949 3456/952 3457/962
f 3454/943 3456/952 3455/941
f 3460/948 3456/952 3458/949
f 3460/948 3455/941 3456/952
f 3451/963 3456/952 3452/951
f 3449/964 3451/963 3450/965
f 3452/951 3450/965 3451/963
f 3448/966 3451/963 3449/964
f 3465/957 3467/954 3466/967
f 3469/953 3466/967 3467/954
f 3464/959 3467/954 3465/957
f 3458/949 3464/959 3461/958
f 3457/962 3464/959 3458/949
f 3451 3560 3456
f 3573 3456 3560
f 3456 3573 3457
f 3574 3457 3573
f 3457 3574 3464
f 3585 3464 3574
f 3467 3464 3595
f 3585 3595 3464
f 3467 3595 3468
f 3598 3468 3595
f 3468 3598 3470
f 3600 3470 3598
f 3599 3469 3470
f 3470 3600 3599
f 3599 3588 3466
f 3466 3469 3599
f 3586 3465 3466
f 3466 3588 3586
f 3586 3579 3461
f 3461 3465 3586
f 3575 3458 3461
f 3461 3579 3575
f 3576 3459 3458
f 3458 3575 3576
f 3580 3462 3459
f 3459 3576 3580
f 3582 3463 3462
f 3462 3580 3582
f 3577 3460 3463
f 3463 3582 3577
f 3577 3572 3455
f 3455 3460 3577
f 3453 3455 3566
f 3572 3566 3455
f 3454 3453 3567
f 3566 3567 3453
f 3452 3454 3564
f 3567 3564 3454
f 3564 3559 3450
f 3450 3452 3564
f 3559 3558 3449
f 3449 3450 3559
f 3448 3449 3557
f 3558 3557 3449
f 3451 3448 3560
f 3557 3560 3448
f 3471 3606 3477
f 3612 3477 3606
f 3476 3477 3611
f 3612 3611 3477
f 3472 3476 3607
f 3611 3607 3476
f 3474 3472 3609
f 3607 3609 3472
f 3474 3609 3480
f 3615 3480 3609
f 3486 3480 3621
f 3615 3621 3480
f 3485 3486 3620
f 3621 3620 3486
f 3485 3620 3492
f 3627 3492 3620
f 3630 3495 3492
f 3492 3627 3630
f 3629 3494 3495
f 3495 3630 3629
f 3629 3626 3491
f 3491 3494 3629
f 3626 3619 3484
f 3484 3491 3626
f 3622 3487 3484
f 3484 3619 3622
f 3623 3488 3487
f 3487 3622 3623
f 3618 3483 3488
f 3488 3623 3618
f 3617 3482 3483
f 3483 3618 3617
f 3482 3617 3490
f 3625 3490 3617
f 3490 3625 3493
f 3628 3493 3625
f 3493 3628 3497
f 3632 3497 3628
f 3633 3498 3497
f 3497 3632 3633
f 3631 3496 3498
f 3498 3633 3631
f 3631 3624 3489
f 3489 3496 3631
f 3624 3616 3481
f 3481 3489 3624
f 3616 3613 3478
f 3478 3481 3616
f 3475 3478 3610
f 3613 3610 3478
f 3479 3475 3614
f 3610 3614 3475
f 3614 3608 3473
f 3473 3479 3614
f 3471 3473 3606
f 3608 3606 3473
f 3353/1148 3363/1149 3357/1150
f 3359/1151 3372/1152 3365/1153
f 3370/1154 3365/1153 3372/1152
f 3376/1155 3355/1156 3363/1149
f 3376/1155 3363/1149 3353/1148
f 3355/1156 3376/1155 3359/1151
f 3372/1152 3359/1151 3376/1155
f 3361/1157 3380/1158 3353/1148
f 3376/1155 3353/1148 3380/1158
f 3367/1159 3378/1160 3361/1157
f 3380/1158 3361/1157 3378/1160
f 3378/1160 3367/1159 3374/1161
f 3363 3362 3356
f 3356 3357 3363
f 3357 3356 3352
f 3352 3353 3357
f 3352 3360 3353
f 3361 3353 3360
f 3366 3367 3360
f 3361 3360 3367
f 3366 3373 3367
f 3374 3367 3373
f 3373 3377 3374
f 3378 3374 3377
f 3380 3378 3377
f 3377 3379 3380
f 3376 3380 3379
f 3379 3375 3376
f 3372 3376 3375
f 3375 3371 3372
f 3370 3372 3371
f 3371 3369 3370
f 3370 3369 3364
f 3364 3365 3370
f 3365 3364 3358
f 3358 3359 3365
f 3354 3355 3358
f 3359 3358 3355
f 3354 3362 3355
f 3363 3355 3362
f 1984/968 1988/969 1987/970
f 1988/969 1984/968 1982/971
f 1988/969 1982/971 1990/972
f 1990/972 1982/971 1981/973
f 1990/972 1981/973 1989/974
f 1989/974 1981/973 1980/975
f 1989/974 1980/975 1983/976
f 1988 2104 1987
f 2104 1988 2107
f 1984 1987 2104
f 2104 2102 1984
f 1982 1984 2102
f 2102 2096 1982
f 1981 1982 2096
f 2096 2094 1981
f 1981 2094 2093
f 2093 1980 1981
f 2099 1980 2093
f 1980 2099 1983
f 2099 1989 1983
f 1989 2099 2105
f 1990 2105 2108
f 2105 1990 1989
f 1990 2107 1988
f 2107 1990 2108
f 2363/1375 2362/1376 2361/1377
f 2370/1392 2371/1389 2372/1390
f 2383/1401 2382/1402 2381/1400
f 2405/1424 2404/1423 2402/1420
f 2371/1389 2370/1392 2368/1394
f 2403/1421 2401/1419 2399/1417
f 2396/1415 2399/1417 2401/1419
f 2397/1416 2398/1418 2399/1417
f 2396/1415 2397/1416 2399/1417
f 2394/1411 2395/1414 2396/1415
f 2397/1416 2396/1415 2395/1414
f 2392/1412 2393/1413 2394/1411
f 2395/1414 2394/1411 2393/1413
f 2391/1410 2392/1412 2394/1411
f 2390/1407 2391/1410 2394/1411
f 2388/1408 2389/1409 2390/1407
f 2391/1410 2390/1407 2389/1409
f 2387/1406 2388/1408 2390/1407
f 2380/1398 2379/1399 2378/1397
f 2386/1405 2387/1406 2390/1407
f 2375/1386 2373/1391 2372/1390
f 2384/1403 2385/1404 2386/1405
f 2387/1406 2386/1405 2385/1404
f 2382/1402 2383/1401 2384/1403
f 2385/1404 2384/1403 2383/1401
f 2375/1386 2374/1393 2373/1391
f 2379/1399 2380/1398 2381/1400
f 2383/1401 2381/1400 2380/1398
f 2375/1386 2369/1388 2367/1384
f 2376/1395 2377/1396 2378/1397
f 2380/1398 2378/1397 2377/1396
f 2374/1393 2375/1386 2376/1395
f 2377/1396 2376/1395 2375/1386
f 2375/1386 2371/1389 2369/1388
f 2375/1386 2372/1390 2371/1389
f 2365/1378 2366/1382 2367/1384
f 2375/1386 2367/1384 2366/1382
f 2363/1375 2364/1380 2365/1378
f 2366/1382 2365/1378 2364/1380
f 2362/1376 2363/1375 2365/1378
f 2359/1381 2360/1379 2361/1377
f 2363/1375 2361/1377 2360/1379
f 2357/1385 2358/1383 2359/1381
f 2360/1379 2359/1381 2358/1383
f 2358/1383 2357/1385 2356/1387
f 2405/1424 2406/1426 2408/1425
f 2406/1426 2407/1427 2408/1425
f 2402/1420 2400/1422 2398/1418
f 2404/1423 2405/1424 2408/1425
f 2402/1420 2398/1418 2397/1416
f 2400/1422 2402/1420 2404/1423
f 2406 2405 2322
f 2322 2323 2406
f 2406 2323 2324
f 2324 2407 2406
f 2407 2324 2325
f 2325 2408 2407
f 2408 2325 2321
f 2321 2404 2408
f 2404 2321 2317
f 2317 2400 2404
f 2400 2317 2315
f 2315 2398 2400
f 2398 2315 2316
f 2316 2399 2398
f 2399 2316 2320
f 2320 2403 2399
f 2403 2320 2318
f 2318 2401 2403
f 2313 2396 2318
f 2401 2318 2396
f 2311 2394 2313
f 2396 2313 2394
f 2307 2390 2311
f 2394 2311 2390
f 2299 2386 2307
f 2390 2307 2386
f 2297 2384 2299
f 2386 2299 2384
f 2384 2297 2295
f 2295 2382 2384
f 2382 2295 2294
f 2294 2381 2382
f 2292 2379 2294
f 2381 2294 2379
f 2379 2292 2291
f 2291 2378 2379
f 2289 2376 2291
f 2378 2291 2376
f 2287 2374 2289
f 2376 2289 2374
f 2286 2373 2287
f 2374 2287 2373
f 2285 2372 2286
f 2373 2286 2372
f 2285 2283 2372
f 2370 2372 2283
f 2283 2281 2370
f 2368 2370 2281
f 2281 2284 2368
f 2371 2368 2284
f 2284 2282 2371
f 2369 2371 2282
f 2282 2280 2369
f 2367 2369 2280
f 2278 2365 2280
f 2367 2280 2365
f 2275 2362 2278
f 2365 2278 2362
f 2274 2361 2275
f 2362 2275 2361
f 2274 2272 2361
f 2359 2361 2272
f 2272 2270 2359
f 2357 2359 2270
f 2270 2269 2357
f 2356 2357 2269
f 2269 2271 2356
f 2358 2356 2271
f 2271 2273 2358
f 2360 2358 2273
f 2363 2360 2273
f 2273 2276 2363
f 2364 2363 2276
f 2276 2277 2364
f 2366 2364 2277
f 2277 2279 2366
f 2375 2366 2279
f 2279 2288 2375
f 2377 2375 2288
f 2288 2290 2377
f 2380 2377 2290
f 2290 2293 2380
f 2383 2380 2293
f 2293 2296 2383
f 2385 2383 2296
f 2296 2298 2385
f 2387 2385 2298
f 2298 2300 2387
f 2388 2387 2300
f 2300 2305 2388
f 2389 2388 2305
f 2305 2306 2389
f 2389 2306 2308
f 2308 2391 2389
f 2391 2308 2309
f 2309 2392 2391
f 2393 2392 2309
f 2309 2310 2393
f 2395 2393 2310
f 2310 2312 2395
f 2397 2395 2312
f 2312 2314 2397
f 2397 2314 2319
f 2319 2402 2397
f 2402 2319 2322
f 2322 2405 2402
f 1031 1346 1036
f 1351 1036 1346
f 91 209 95
f 214 95 209
f 1943 2253 1949
f 2255 1949 2253
f 2259 1949 2255
f 2266 1949 2259
f 1023 1338 1025
f 1340 1025 1338
f 1036 1035 1030
f 1030 1031 1036
f 1025 1024 1022
f 1022 1023 1025
f 1345 1350 1346
f 1351 1346 1350
f 1337 1339 1338
f 1340 1338 1339
f 209 91 90
f 90 208 209
f 1942 2252 2253
f 2253 1943 1942
f 3394 3571 3396
f 2750 3087 2752
f 3089 2752 3087
f 2754 3091 2756
f 3093 2756 3091
f 3592 3396 3571
f 2304 2530 2327
f 2532 2327 2530
f 3395 3396 3591
f 3592 3591 3396
f 2326 2327 2531
f 2532 2531 2327
f 2752 2751 2749
f 2749 2750 2752
f 2756 2755 2753
f 2753 2754 2756
f 3086 3088 3087
f 3089 3087 3088
f 3090 3092 3091
f 3093 3091 3092
f 723/5076 1608/5077 724/5078
f 1609/5079 724/5078 1608/5077
f 1136/4929 1087/4930 1162/4931
f 1212/4932 1277/4933 1237/4934
f 1277/4933 1278/4935 1237/4934
f 1117/4936 1250/4937 1087/4930
f 1174/4938 1162/4931 1250/4937
f 1250/4937 1162/4931 1087/4930
f 1212/4932 1174/4938 1250/4937
f 1136/4929 1081/4939 1087/4930
f 1277/4933 1212/4932 1250/4937
f 1540/4940 1550/4941 1250/4937
f 1277/4933 1250/4937 1550/4941
f 1117/4936 791/4942 807/4943
f 791/4942 831/4944 822/4945
f 831/4944 1081/4939 1136/4929
f 1536/4946 1490/4947 1521/4948
f 1162/4931 1174/4938 1136/4929
f 791/4942 1117/4936 1087/4930
f 1250/4937 1117/4936 1131/4949
f 1174/4938 1212/4932 1136/4929
f 724/4950 791/4942 822/4945
f 1228/4951 1216/4952 1153/4953
f 1536/4946 1550/4941 1609/4954
f 1230/4955 1238/4956 1131/4949
f 1250/4937 1131/4949 1238/4956
f 1220/4957 1230/4955 1131/4949
f 1220/4957 1158/4958 1157/4959
f 1158/4958 1220/4957 1131/4949
f 1147/4960 1158/4958 1131/4949
f 1157/4959 1222/4961 1220/4957
f 1248/4962 1119/4963 1211/4964
f 1161/4965 1176/4966 1175/4967
f 1521/4948 1237/4934 1278/4935
f 1217/4968 1154/4969 1216/4952
f 1161/4965 1175/4967 1119/4963
f 1153/4953 1141/4970 1132/4971
f 1248/4962 1211/4964 1273/4972
f 1228/4951 1153/4953 1132/4971
f 1248/4962 1239/4973 1132/4971
f 1228/4951 1132/4971 1239/4973
f 1119/4963 1248/4962 1132/4971
f 882/4974 869/4975 1119/4963
f 1490/4947 1248/4962 1273/4972
f 1248/4962 1490/4947 1477/4976
f 1275/4977 1273/4972 1211/4964
f 1521/4948 1236/4978 1237/4934
f 1082/4979 833/4980 1135/4981
f 1521/4948 1275/4977 1236/4978
f 1236/4978 1275/4977 1211/4964
f 1153/4953 1216/4952 1154/4969
f 1536/4946 822/4945 882/4974
f 869/4975 882/4974 822/4945
f 833/4980 869/4975 822/4945
f 1083/4982 1119/4963 869/4975
f 1175/4967 1211/4964 1119/4963
f 1136/4929 1135/4981 833/4980
f 1237/4934 1136/4929 1212/4932
f 831/4944 833/4980 822/4945
f 724/4950 807/4943 791/4942
f 831/4944 1136/4929 833/4980
f 1211/4964 1175/4967 1176/4966
f 724/4950 1609/4954 807/4943
f 1157/4959 807/4943 1609/4954
f 1222/4961 1157/4959 1609/4954
f 1540/4940 1222/4961 1609/4954
f 1536/4946 1477/4976 1490/4947
f 1536/4946 1525/4983 1550/4941
f 1278/4935 1525/4983 1521/4948
f 1536/4946 1521/4948 1525/4983
f 1550/4941 1540/4940 1609/4954
f 1161/4965 1083/4982 1082/4979
f 1176/4966 1161/4965 1236/4978
f 1211/4964 1176/4966 1236/4978
f 1083/4982 1161/4965 1119/4963
f 1236/4978 1135/4981 1237/4934
f 1161/4965 1082/4979 1135/4981
f 1135/4981 1236/4978 1161/4965
f 1136/4929 1237/4934 1135/4981
f 1217/4968 1477/4976 1536/4946
f 1154/4969 1217/4968 1536/4946
f 882/4974 1154/4969 1536/4946
f 792/5024 1088/5025 832/5026
f 1084/5027 832/5026 1088/5025
f 1240/5028 1231/5029 1223/5030
f 1159/5031 1148/5032 1118/5033
f 1148/5032 1133/5034 1118/5033
f 808/5035 1159/5031 1118/5033
f 1160/5036 1148/5032 1159/5031
f 1231/5029 1221/5037 1223/5030
f 1251/5038 1240/5028 1223/5030
f 1223/5030 1541/5039 1251/5038
f 1526/5040 1279/5041 1551/5042
f 1526/5040 1280/5043 1279/5041
f 1491/5044 1274/5045 1276/5046
f 1218/5047 1229/5048 1219/5049
f 1276/5046 1522/5050 1491/5044
f 1156/5051 883/5052 1155/5053
f 1478/5054 1219/5049 1229/5048
f 1478/5054 1229/5048 1241/5055
f 1142/5056 1155/5053 883/5052
f 1478/5054 1241/5055 1249/5057
f 1134/5058 1142/5056 883/5052
f 1120/5059 1134/5058 883/5052
f 834/5060 1086/5061 870/5062
f 834/5060 1085/5063 1086/5061
f 1086/4984 1085/4985 1082/4979
f 1082/4979 1083/4982 1086/4984
f 870/4986 1086/4984 1083/4982
f 1083/4982 869/4975 870/4986
f 833/4980 834/4987 869/4975
f 870/4986 869/4975 834/4987
f 1275/4977 1521/4948 1276/4988
f 1522/4989 1276/4988 1521/4948
f 833/4980 1082/4979 834/4987
f 1085/4985 834/4987 1082/4979
f 1156/4990 1155/4991 1153/4953
f 1153/4953 1154/4969 1156/4990
f 1478/4992 1477/4976 1217/4968
f 1217/4968 1219/4993 1478/4992
f 1156/4990 1154/4969 882/4974
f 882/4974 883/4994 1156/4990
f 1119/4963 1120/4995 882/4974
f 883/4994 882/4974 1120/4995
f 1134/4996 1120/4995 1119/4963
f 1119/4963 1132/4971 1134/4996
f 1142/4997 1134/4996 1132/4971
f 1132/4971 1141/4970 1142/4997
f 1141/4970 1153/4953 1142/4997
f 1155/4991 1142/4997 1153/4953
f 1239/4973 1248/4962 1241/4998
f 1249/4999 1241/4998 1248/4962
f 1478/4992 1249/4999 1248/4962
f 1248/4962 1477/4976 1478/4992
f 1216/4952 1218/5000 1217/4968
f 1219/4993 1217/4968 1218/5000
f 1216/4952 1228/4951 1218/5000
f 1229/5001 1218/5000 1228/4951
f 1228/4951 1239/4973 1229/5001
f 1241/4998 1229/5001 1239/4973
f 1275/4977 1276/4988 1273/4972
f 1274/5002 1273/4972 1276/4988
f 1491/5003 1522/4989 1521/4948
f 1521/4948 1490/4947 1491/5003
f 1273/4972 1274/5002 1490/4947
f 1491/5003 1490/4947 1274/5002
f 1277/4933 1279/5004 1278/4935
f 1280/5005 1278/4935 1279/5004
f 1550/4941 1551/5006 1277/4933
f 1279/5004 1277/4933 1551/5006
f 1526/5007 1551/5006 1550/4941
f 1550/4941 1525/4983 1526/5007
f 1084/5008 1081/4939 831/4944
f 831/4944 832/5009 1084/5008
f 1526/5007 1525/4983 1278/4935
f 1278/4935 1280/5005 1526/5007
f 1222/4961 1223/5010 1220/4957
f 1221/5011 1220/4957 1223/5010
f 807/4943 1157/4959 808/5012
f 1159/5013 808/5012 1157/4959
f 1222/4961 1540/4940 1223/5010
f 1541/5014 1223/5010 1540/4940
f 1251/5015 1541/5014 1540/4940
f 1540/4940 1250/4937 1251/5015
f 1238/4956 1240/5016 1250/4937
f 1251/5015 1250/4937 1240/5016
f 1230/4955 1231/5017 1238/4956
f 1240/5016 1238/4956 1231/5017
f 1231/5017 1230/4955 1220/4957
f 1220/4957 1221/5011 1231/5017
f 1133/5018 1131/4949 1117/4936
f 1117/4936 1118/5019 1133/5018
f 807/4943 808/5012 1117/4936
f 1118/5019 1117/4936 808/5012
f 1160/5020 1159/5013 1157/4959
f 1157/4959 1158/4958 1160/5020
f 1160/5020 1158/4958 1147/4960
f 1147/4960 1148/5021 1160/5020
f 1148/5021 1147/4960 1131/4949
f 1131/4949 1133/5018 1148/5021
f 1084/5008 1088/5022 1087/4930
f 1087/4930 1081/4939 1084/5008
f 791/4942 792/5023 831/4944
f 832/5009 831/4944 792/5023
f 1088/5022 792/5023 791/4942
f 791/4942 1087/4930 1088/5022
f 1635/1371 1633/1372 709/1373
f 709/1373 711/1374 1635/1371
f 928/1364 930/1359 1562/1363
f 1566/1361 1562/1363 930/1359
f 1568/1367 1564/1370 923/1369
f 923/1369 925/1365 1568/1367
f 3334/4854 3332/4867 2664/4861
f 2664/4861 2666/4816 3334/4854
f 2736/4727 2733/4728 2721/4729
f 2721/4729 2724/4731 2736/4727
f 2765/4730 2762/4732 2733/4728
f 2733/4728 2736/4727 2765/4730
f 2780/4733 2777/4734 2762/4732
f 2762/4732 2765/4730 2780/4733
f 2795/4735 2792/4736 2777/4734
f 2777/4734 2780/4733 2795/4735
f 2811/4582 2808/4584 2792/4588
f 2792/4588 2795/4592 2811/4582
f 2808/4584 2811/4582 2821/4579
f 2824/4580 2821/4579 2811/4582
f 2821/4579 2824/4580 2833/4581
f 2836/4583 2833/4581 2824/4580
f 2833/4581 2836/4583 2840/4586
f 2842/4590 2840/4586 2836/4583
f 2840/4586 2842/4590 2834/4596
f 2838/4599 2834/4596 2842/4590
f 2834/4596 2838/4599 2822/4602
f 2826/4603 2822/4602 2838/4599
f 2822/4602 2826/4603 2809/4606
f 2813/4607 2809/4606 2826/4603
f 2793/4611 2809/4606 2797/4610
f 2813/4607 2797/4610 2809/4606
f 2778/4737 2793/4738 2782/4739
f 2797/4740 2782/4739 2793/4738
f 2763/4742 2778/4737 2767/4741
f 2782/4739 2767/4741 2778/4737
f 2734/4744 2763/4742 2738/4743
f 2767/4741 2738/4743 2763/4742
f 2722/4746 2734/4744 2726/4745
f 2738/4743 2726/4745 2734/4744
f 2714/4628 2722/4634 2718/4624
f 2726/4635 2718/4624 2722/4634
f 2718/4624 2701/4615 2697/4620
f 2697/4620 2714/4628 2718/4624
f 2701/4615 2692/4616 2688/4617
f 2688/4617 2697/4620 2701/4615
f 2692/4616 2683/4623 2681/4619
f 2681/4619 2688/4617 2692/4616
f 2683/4623 2690/4633 2687/4627
f 2687/4627 2681/4619 2683/4623
f 2690/4633 2699/4640 2696/4636
f 2696/4636 2687/4627 2690/4633
f 2699/4640 2716/4645 2713/4642
f 2713/4642 2696/4636 2699/4640
f 2724/4647 2721/4650 2713/4642
f 2713/4642 2716/4645 2724/4647
f 2723/4875 2735/4876 2724/4877
f 2735/4876 2736/4879 2724/4877
f 2735/4876 2764/4882 2736/4879
f 2764/4882 2765/4883 2736/4879
f 2780/4885 2765/4883 2764/4882
f 2780/4885 2764/4882 2779/4884
f 2795/4888 2780/4885 2779/4884
f 2795/4888 2779/4884 2794/4887
f 2811/4582 2795/4592 2794/4594
f 2811/4582 2794/4594 2810/4589
f 2810/4589 2823/4585 2811/4582
f 2824/4580 2811/4582 2823/4585
f 2823/4585 2835/4587 2824/4580
f 2836/4583 2824/4580 2835/4587
f 2835/4587 2841/4591 2836/4583
f 2842/4590 2836/4583 2841/4591
f 2841/4591 2837/4600 2842/4590
f 2838/4599 2842/4590 2837/4600
f 2837/4600 2825/4604 2838/4599
f 2826/4603 2838/4599 2825/4604
f 2825/4604 2812/4608 2826/4603
f 2813/4607 2826/4603 2812/4608
f 2796/4613 2797/4610 2812/4608
f 2812/4608 2797/4610 2813/4607
f 2781/4890 2782/4891 2796/4892
f 2796/4892 2782/4891 2797/4894
f 2766/4896 2767/4893 2781/4890
f 2781/4890 2767/4893 2782/4891
f 2767/4893 2737/4897 2738/4898
f 2767/4893 2766/4896 2737/4897
f 2738/4898 2725/4899 2726/4901
f 2738/4898 2737/4897 2725/4899
f 2726/4635 2717/4631 2718/4624
f 2726/4635 2725/4639 2717/4631
f 2718/4624 2717/4631 2700/4622
f 2700/4622 2701/4615 2718/4624
f 2701/4615 2700/4622 2691/4618
f 2691/4618 2692/4616 2701/4615
f 2692/4616 2691/4618 2682/4621
f 2682/4621 2683/4623 2692/4616
f 2683/4623 2682/4621 2689/4630
f 2689/4630 2690/4633 2683/4623
f 2690/4633 2689/4630 2698/4638
f 2698/4638 2699/4640 2690/4633
f 2699/4640 2698/4638 2715/4644
f 2715/4644 2716/4645 2699/4640
f 2715/4644 2723/4649 2716/4645
f 2723/4649 2724/4647 2716/4645
f 3069/4747 3066/4748 3037/4749
f 3037/4749 3040/4751 3069/4747
f 3099/4750 3096/4752 3066/4748
f 3066/4748 3069/4747 3099/4750
f 3133/4753 3130/4754 3096/4752
f 3096/4752 3099/4750 3133/4753
f 3163/4755 3160/4756 3130/4754
f 3130/4754 3133/4753 3163/4755
f 3197/4654 3194/4656 3160/4660
f 3160/4660 3163/4664 3197/4654
f 3194/4656 3197/4654 3230/4651
f 3233/4652 3230/4651 3197/4654
f 3230/4651 3233/4652 3250/4653
f 3253/4655 3250/4653 3233/4652
f 3250/4653 3253/4655 3265/4658
f 3267/4662 3265/4658 3253/4655
f 3265/4658 3267/4662 3251/4668
f 3255/4671 3251/4668 3267/4662
f 3251/4668 3255/4671 3231/4674
f 3235/4675 3231/4674 3255/4671
f 3231/4674 3235/4675 3195/4678
f 3199/4679 3195/4678 3235/4675
f 3161/4683 3195/4678 3165/4682
f 3199/4679 3165/4682 3195/4678
f 3131/4757 3161/4758 3135/4759
f 3165/4760 3135/4759 3161/4758
f 3097/4762 3131/4757 3101/4761
f 3135/4759 3101/4761 3131/4757
f 3067/4764 3097/4762 3071/4763
f 3101/4761 3071/4763 3097/4762
f 3038/4766 3067/4764 3042/4765
f 3071/4763 3042/4765 3067/4764
f 3004/4700 3038/4706 3008/4696
f 3042/4707 3008/4696 3038/4706
f 3008/4696 2978/4687 2974/4692
f 2974/4692 3004/4700 3008/4696
f 2978/4687 2953/4688 2949/4689
f 2949/4689 2974/4692 2978/4687
f 2953/4688 2942/4695 2940/4691
f 2940/4691 2949/4689 2953/4688
f 2942/4695 2951/4705 2948/4699
f 2948/4699 2940/4691 2942/4695
f 2951/4705 2976/4712 2973/4708
f 2973/4708 2948/4699 2951/4705
f 2976/4712 3006/4717 3003/4714
f 3003/4714 2973/4708 2976/4712
f 3040/4718 3037/4721 3003/4714
f 3003/4714 3006/4717 3040/4718
f 3039/4902 3068/4903 3040/4904
f 3068/4903 3069/4906 3040/4904
f 3068/4903 3098/4909 3069/4906
f 3098/4909 3099/4910 3069/4906
f 3133/4912 3099/4910 3098/4909
f 3133/4912 3098/4909 3132/4911
f 3163/4915 3133/4912 3132/4911
f 3163/4915 3132/4911 3162/4914
f 3197/4654 3163/4664 3162/4666
f 3197/4654 3162/4666 3196/4661
f 3196/4661 3232/4657 3197/4654
f 3233/4652 3197/4654 3232/4657
f 3232/4657 3252/4659 3233/4652
f 3253/4655 3233/4652 3252/4659
f 3252/4659 3266/4663 3253/4655
f 3267/4662 3253/4655 3266/4663
f 3266/4663 3254/4672 3267/4662
f 3255/4671 3267/4662 3254/4672
f 3254/4672 3234/4676 3255/4671
f 3235/4675 3255/4671 3234/4676
f 3234/4676 3198/4680 3235/4675
f 3199/4679 3235/4675 3198/4680
f 3164/4685 3165/4682 3198/4680
f 3198/4680 3165/4682 3199/4679
f 3134/4917 3135/4918 3164/4919
f 3164/4919 3135/4918 3165/4921
f 3100/4923 3101/4920 3134/4917
f 3134/4917 3101/4920 3135/4918
f 3101/4920 3070/4924 3071/4925
f 3101/4920 3100/4923 3070/4924
f 3071/4925 3041/4926 3042/4928
f 3071/4925 3070/4924 3041/4926
f 3042/4707 3007/4703 3008/4696
f 3042/4707 3041/4711 3007/4703
f 3008/4696 3007/4703 2977/4694
f 2977/4694 2978/4687 3008/4696
f 2978/4687 2977/4694 2952/4690
f 2952/4690 2953/4688 2978/4687
f 2953/4688 2952/4690 2941/4693
f 2941/4693 2942/4695 2953/4688
f 2942/4695 2941/4693 2950/4702
f 2950/4702 2951/4705 2942/4695
f 2951/4705 2950/4702 2975/4710
f 2975/4710 2976/4712 2951/4705
f 2976/4712 2975/4710 3005/4716
f 3005/4716 3006/4717 2976/4712
f 3005/4716 3039/4720 3006/4717
f 3039/4720 3040/4718 3006/4717
f 2766/4853 2775/4859 2760/4848
f 2775/4859 2766/4853 2781/4865
f 2841/4591 2832/4597 2839/4601
f 2832/4597 2841/4591 2835/4587
f 3134/4874 3158/4871 3128/4866
f 3158/4922 3134/4917 3164/4919
f 2810/4589 2791/4598 2807/4593
f 2791/4598 2810/4589 2794/4594
f 2952/4690 2971/4698 2946/4697
f 2971/4698 2952/4690 2977/4694
f 3198/4680 3228/4681 3192/4684
f 3228/4681 3198/4680 3234/4676
f 2712/4646 2698/4638 2695/4643
f 2698/4638 2712/4646 2715/4644
f 3095/4908 3068/4903 3065/4905
f 3068/4903 3095/4908 3098/4909
f 3252/4659 3229/4667 3249/4669
f 3229/4667 3252/4659 3232/4657
f 3196/4661 3159/4670 3193/4665
f 3159/4670 3196/4661 3162/4666
f 3162/4914 3129/4913 3159/4916
f 3129/4913 3162/4914 3132/4911
f 3001/4704 3041/4711 3035/4713
f 3041/4711 3001/4704 3007/4703
f 3005/4716 2972/4715 3002/4719
f 2972/4715 3005/4716 2975/4710
f 3254/4672 3264/4673 3248/4677
f 3264/4673 3254/4672 3266/4663
f 3064/4864 3100/4872 3094/4860
f 3100/4872 3064/4864 3070/4870
f 2796/4613 2806/4612 2790/4614
f 2806/4612 2796/4613 2812/4608
f 2711/4632 2725/4639 2719/4641
f 2725/4639 2711/4632 2717/4631
f 3100/4872 3128/4866 3094/4860
f 3128/4866 3100/4872 3134/4874
f 3132/4911 3095/4908 3129/4913
f 3095/4908 3132/4911 3098/4909
f 2761/4881 2735/4876 2732/4878
f 2735/4876 2761/4881 2764/4882
f 2719/4835 2737/4847 2731/4842
f 2737/4897 2719/4900 2725/4899
f 2682/4621 2685/4625 2680/4629
f 2685/4625 2682/4621 2691/4618
f 3234/4676 3248/4677 3228/4681
f 3248/4677 3234/4676 3254/4672
f 3232/4657 3193/4665 3229/4667
f 3193/4665 3232/4657 3196/4661
f 2691/4618 2694/4626 2685/4625
f 2694/4626 2691/4618 2700/4622
f 3164/4685 3192/4684 3158/4686
f 3192/4684 3164/4685 3198/4680
f 3036/4722 3005/4716 3002/4719
f 3005/4716 3036/4722 3039/4720
f 2781/4865 2790/4858 2775/4859
f 2790/4895 2781/4890 2796/4892
f 2698/4638 2686/4637 2695/4643
f 2686/4637 2698/4638 2689/4630
f 2732/4878 2723/4875 2720/4880
f 2723/4875 2732/4878 2735/4876
f 2825/4604 2831/4605 2819/4609
f 2831/4605 2825/4604 2837/4600
f 2794/4887 2776/4886 2791/4889
f 2776/4886 2794/4887 2779/4884
f 2941/4693 2946/4697 2939/4701
f 2946/4697 2941/4693 2952/4690
f 2700/4622 2711/4632 2694/4626
f 2711/4632 2700/4622 2717/4631
f 2812/4608 2819/4609 2806/4612
f 2819/4609 2812/4608 2825/4604
f 2977/4694 3001/4704 2971/4698
f 3001/4704 2977/4694 3007/4703
f 2950/4702 2939/4701 2947/4709
f 2939/4701 2950/4702 2941/4693
f 3035/4852 3070/4870 3064/4864
f 3070/4924 3035/4927 3041/4926
f 2837/4600 2839/4601 2831/4605
f 2839/4601 2837/4600 2841/4591
f 3065/4905 3039/4902 3036/4907
f 3039/4902 3065/4905 3068/4903
f 2975/4710 2947/4709 2972/4715
f 2947/4709 2975/4710 2950/4702
f 2823/4585 2807/4593 2820/4595
f 2807/4593 2823/4585 2810/4589
f 2731/4842 2766/4853 2760/4848
f 2766/4853 2731/4842 2737/4847
f 2835/4587 2820/4595 2832/4597
f 2820/4595 2835/4587 2823/4585
f 2779/4884 2761/4881 2776/4886
f 2761/4881 2779/4884 2764/4882
f 2689/4630 2680/4629 2686/4637
f 2680/4629 2689/4630 2682/4621
f 3266/4663 3249/4669 3264/4673
f 3249/4669 3266/4663 3252/4659
f 2720/4648 2715/4644 2712/4646
f 2715/4644 2720/4648 2723/4649
f 2040/744 2138/745 2039/746
f 2041/747 2128/748 2040/744
f 2052/749 2150/750 2041/747
f 2036/751 2124/681 2052/749
f 2124 2118 2125
f 2029/752 2118/753 2036/751
f 2042/754 2139/680 2029/752
f 2030/755 2119/756 2042/754
f 2184/757 2166/676 2188/678
f 2149/677 2137/758 2188/678
f 2039/746 2137/758 2051/759
f 2137 2190 2188
f 2137 2191 2190
f 2191 2137 2169
f 2043/760 2141/761 2030/755
f 2031/762 2120/763 2043/760
f 2044/764 2143/765 2031/762
f 2032/766 2121/767 2044/764
f 2053/768 2158/769 2032/766
f 2045/770 2129/771 2053/768
f 2059/772 2198/773 2045/770
f 2054/774 2152/775 2059/772
f 2054/774 1995/656 2104/776
f 2152/775 2104/776 2200/777
f 2200/777 2104/776 2153/679
f 2104/776 1995/656 2102/778
f 2102/778 1995/656 2096/779
f 2096/779 1995/656 2094/780
f 2094/780 1995/656 2093/781
f 2093/781 1995/656 2099/782
f 2099/782 2144/783 2161/784
f 2099/782 2145/785 2144/783
f 2099/782 1995/656 2145/785
f 2145/785 1995/656 2130/786
f 2131/787 2126/788 2132/789
f 2131/787 1995/656 2126/788
f 2130/786 1995/656 2131/787
f 2172/790 2153/679 2104/776
f 2202/630 2104/776 2107/791
f 2202/630 2107/791 2108/792
f 2202/630 2108/792 2203/629
f 2203/629 2108/792 2204/627
f 2204/627 2108/792 2154/793
f 2154/793 2108/792 2159/794
f 2159/794 2108/792 2105/795
f 2159/794 2105/795 2099/782
f 2159/794 2099/782 2160/796
f 2161/784 2160/796 2099/782
f 2058/797 2212/798 2050/799
f 2051/759 2149/677 2058/797
f 2209/800 2167/801 2184/757
f 2149/677 2184/757 2167/801
f 2212/798 2149/677 2167/801
f 2184/757 2211/802 2183/803
f 2184/757 2183/803 2209/800
f 2057/804 2182/805 2049/686
f 2101/806 2106/807 2064/808
f 2064/808 2106/807 1995/656
f 2101/806 2064/808 2095/809
f 2091/810 2095/809 2090/811
f 2086/812 2064/808 2087/813
f 2090/811 2064/808 2086/812
f 2095/809 2064/808 2090/811
f 2087/813 2064/808 2088/814
f 2088/814 2064/808 2084/815
f 2084/815 2064/808 2076/816
f 2064/808 1995/656 2046/817
f 2046/817 1995/656 2037/818
f 2037/818 1995/656 2038/819
f 2038/819 2034/820 2033/821
f 2034/820 1995/656 2025/822
f 2038/819 1995/656 2034/820
f 2035/823 2038/819 2033/821
f 2025/822 1995/656 2026/824
f 1995/656 2122/825 2112/665
f 2122/825 1995/656 2111/826
f 2109/827 1995/656 2110/828
f 2111/826 1995/656 2109/827
f 2106 2110 1995
f 1995/656 2146/829 2126/788
f 2146/829 1995/656 2133/830
f 2133/830 1995/656 2112/665
f 2133/830 2112/665 2134/667
f 2171/831 2254/459 2170/832
f 2254/459 2171/831 2140/833
f 2254/459 2140/833 2142/834
f 2254/459 2142/834 2151/835
f 2254/459 2151/835 2216/836
f 2254/459 2216/836 2228/716
f 2097 2100 2101
f 2101 2091 2097
f 2101 2095 2091
f 2204/627 2154/793 2205/664
f 2021/837 2026/824 2004/699
f 2004/699 2026/824 1995/656
f 2047/838 2254/459 2060/727
f 2254/459 2047/838 2028/839
f 2254/459 2028/839 2027/840
f 2254/459 2027/840 2018/841
f 2254/459 2018/841 2012/842
f 2254/459 2012/842 2007/843
f 2254/459 2007/843 2009/844
f 2015/1908 2013/1909 2014/1910
f 2015/845 2009/844 2013/846
f 2016/847 2009/844 2015/845
f 2017/848 2009/844 2016/847
f 2023/1912 2017/1913 2022/1914
f 2254/459 2017/848 2023/849
f 2254/459 2009/844 2017/848
f 2910/1995 2903/2000 2902/1998
f 2910/1995 2902/1998 2909/1993
f 2902/1998 2901/2001 2909/1993
f 2916/1999 2906/2006 2905/2004
f 2916/1999 2905/2004 2910/1995
f 2903/2000 2910/1995 2905/2004
f 2922/2003 2913/2008 2911/2005
f 2922/2003 2911/2005 2916/1999
f 2906/2006 2916/1999 2911/2005
f 2919/2007 2922/2003 2932/2002
f 2921/2009 2919/2007 2932/2002
f 2919/2007 2913/2008 2922/2003
f 2929/2461 2932/2462 2955/2463
f 2931/2466 2929/2461 2955/2463
f 2929/2461 2921/2464 2932/2462
f 2954/2468 2955/2463 2980/2470
f 2957/2473 2954/2468 2980/2470
f 2954/2468 2931/2466 2955/2463
f 2980/2470 2982/2480 2979/2476
f 2982/2480 2980/2470 2996/2475
f 2980/2470 2979/2476 2957/2473
f 2996/2475 2999/2488 2994/2483
f 2999/2488 2996/2475 3022/2482
f 2996/2475 2994/2483 2982/2480
f 3022/1833 3013/1837 3011/1840
f 3013/1837 3022/1833 3029/1827
f 3022/1833 3011/1840 2999/1843
f 3029/1827 3023/1832 3013/1837
f 3029/1827 3049/1826 3023/1832
f 3027/1836 3023/1832 3049/1826
f 3049/1826 3028/1831 3027/1836
f 3049/1826 3051/1830 3028/1831
f 3028/1831 3051/1830 3031/1835
f 3033/1839 3031/1835 3051/1830
f 3046/1841 3043/1838 3060/1834
f 3051/1830 3034/1842 3033/1839
f 3051/1830 3043/1838 3034/1842
f 3051/1830 3060/1834 3043/1838
f 2909/1993 2900/1990 2910/1995
f 2900/1990 2909/1993 2899/1988
f 2910/1995 2904/1994 2916/1999
f 2904/1994 2910/1995 2900/1990
f 2916/1999 2912/1997 2922/2003
f 2912/1997 2916/1999 2904/1994
f 2932/2002 2912/1997 2920/1996
f 2912/1997 2932/2002 2922/2003
f 2955/2463 2920/2465 2930/2467
f 2920/2465 2955/2463 2932/2462
f 2980/2470 2930/2467 2956/2472
f 2930/2467 2980/2470 2955/2463
f 2996/2475 2956/2472 2981/2479
f 2956/2472 2996/2475 2980/2470
f 3022/2482 2981/2479 2995/2487
f 2981/2479 3022/2482 2996/2475
f 3029/1827 2995/1828 3012/1822
f 2995/1828 3029/1827 3022/1833
f 3026/1821 3029/1827 3012/1822
f 3029/1827 3026/1821 3049/1826
f 3030/1825 3049/1826 3026/1821
f 3049/1826 3030/1825 3051/1830
f 3032/1829 3051/1830 3030/1825
f 3051/1830 3032/1829 3060/1834
f 2899/1988 2882/1984 2900/1990
f 2882/1984 2899/1988 2880/1981
f 2900/1990 2887/1989 2904/1994
f 2887/1989 2900/1990 2882/1984
f 2904/1994 2898/1992 2912/1997
f 2898/1992 2904/1994 2887/1989
f 2920/1996 2898/1992 2908/1991
f 2898/1992 2920/1996 2912/1997
f 2930/2467 2908/2469 2918/2471
f 2908/2469 2930/2467 2920/2465
f 2956/2472 2918/2471 2928/2478
f 2918/2471 2956/2472 2930/2467
f 2981/2479 2928/2478 2945/2486
f 2928/2478 2981/2479 2956/2472
f 2995/2487 2945/2486 2970/2493
f 2945/2486 2995/2487 2981/2479
f 3012/1822 2970/1823 2993/1817
f 2970/1823 3012/1822 2995/1828
f 3000/1816 3012/1822 2993/1817
f 3012/1822 3000/1816 3026/1821
f 3009/1820 3026/1821 3000/1816
f 3026/1821 3009/1820 3030/1825
f 3010/1824 3030/1825 3009/1820
f 3030/1825 3010/1824 3032/1829
f 2880/1981 2862/1979 2882/1984
f 2862/1979 2880/1981 2861/1977
f 2882/1984 2871/1983 2887/1989
f 2871/1983 2882/1984 2862/1979
f 2887/1989 2872/1987 2898/1992
f 2872/1987 2887/1989 2871/1983
f 2908/1991 2872/1987 2875/1986
f 2872/1987 2908/1991 2898/1992
f 2918/2471 2875/2474 2879/2477
f 2875/2474 2918/2471 2908/2469
f 2928/2478 2879/2477 2891/2485
f 2879/2477 2928/2478 2918/2471
f 2945/2486 2891/2485 2907/2492
f 2891/2485 2945/2486 2928/2478
f 2970/2493 2907/2492 2917/2499
f 2907/2492 2970/2493 2945/2486
f 2993/1817 2917/1818 2923/1812
f 2917/1818 2993/1817 2970/1823
f 2933/1811 2993/1817 2923/1812
f 2993/1817 2933/1811 3000/1816
f 2938/1815 3000/1816 2933/1811
f 3000/1816 2938/1815 3009/1820
f 2943/1819 3009/1820 2938/1815
f 3009/1820 2943/1819 3010/1824
f 2861/1977 2849/1975 2862/1979
f 2849/1975 2861/1977 2848/1972
f 2862/1979 2853/1978 2871/1983
f 2853/1978 2862/1979 2849/1975
f 2871/1983 2856/1980 2872/1987
f 2856/1980 2871/1983 2853/1978
f 2875/1986 2856/1980 2859/1982
f 2856/1980 2875/1986 2872/1987
f 2879/2477 2859/2481 2860/2484
f 2859/2481 2879/2477 2875/2474
f 2891/2485 2860/2484 2870/2491
f 2860/2484 2891/2485 2879/2477
f 2907/2492 2870/2491 2874/2498
f 2870/2491 2907/2492 2891/2485
f 2917/2499 2874/2498 2876/2506
f 2874/2498 2917/2499 2907/2492
f 2923/1812 2876/1813 2881/1807
f 2876/1813 2923/1812 2917/1818
f 2888/1806 2923/1812 2881/1807
f 2923/1812 2888/1806 2933/1811
f 2892/1809 2933/1811 2888/1806
f 2933/1811 2892/1809 2938/1815
f 2897/1814 2938/1815 2892/1809
f 2938/1815 2897/1814 2943/1819
f 2848/1972 2786/1971 2849/1975
f 2786/1971 2848/1972 2785/1967
f 2849/1975 2789/1974 2853/1978
f 2789/1974 2849/1975 2786/1971
f 2853/1978 2798/1976 2856/1980
f 2798/1976 2853/1978 2789/1974
f 2859/1982 2798/1976 2799/1985
f 2798/1976 2859/1982 2856/1980
f 2860/2484 2799/2489 2805/2490
f 2799/2489 2860/2484 2859/2481
f 2870/2491 2805/2490 2818/2497
f 2805/2490 2870/2491 2860/2484
f 2874/2498 2818/2497 2829/2505
f 2818/2497 2874/2498 2870/2491
f 2876/2506 2829/2505 2830/2511
f 2829/2505 2876/2506 2874/2498
f 2881/1807 2830/1810 2843/1805
f 2830/1810 2881/1807 2876/1813
f 2852/1802 2881/1807 2843/1805
f 2881/1807 2852/1802 2888/1806
f 2854/1804 2888/1806 2852/1802
f 2888/1806 2854/1804 2892/1809
f 2855/1808 2892/1809 2854/1804
f 2892/1809 2855/1808 2897/1814
f 2673/1966 2785/1967 2672/1962
f 2785/1967 2673/1966 2786/1971
f 2674/1970 2786/1971 2673/1966
f 2786/1971 2674/1970 2789/1974
f 2798/1976 2674/1970 2675/1973
f 2674/1970 2798/1976 2789/1974
f 2799/2489 2675/2496 2676/2494
f 2675/2496 2799/2489 2798/2501
f 2805/2490 2676/2494 2677/2495
f 2676/2494 2805/2490 2799/2489
f 2818/2497 2677/2495 2678/2504
f 2677/2495 2818/2497 2805/2490
f 2829/2505 2678/2504 2684/2510
f 2678/2504 2829/2505 2818/2497
f 2830/2511 2684/2510 2693/2516
f 2684/2510 2830/2511 2829/2505
f 2843/2518 2693/2516 2702/2523
f 2693/2516 2843/2518 2830/2511
f 2852/1802 2702/1798 2703/1797
f 2702/1798 2852/1802 2843/1805
f 2704/1801 2852/1802 2703/1797
f 2852/1802 2704/1801 2854/1804
f 2705/1803 2854/1804 2704/1801
f 2854/1804 2705/1803 2855/1808
f 2672/1962 2652/1961 2673/1966
f 2652/1961 2672/1962 2651/1957
f 2673/1966 2653/1965 2674/1970
f 2653/1965 2673/1966 2652/1961
f 2674/1970 2655/1969 2675/1973
f 2655/1969 2674/1970 2653/1965
f 2676/2494 2655/2502 2659/2500
f 2655/2502 2676/2494 2675/2496
f 2677/2495 2659/2500 2660/2503
f 2659/2500 2677/2495 2676/2494
f 2678/2504 2660/2503 2661/2509
f 2660/2503 2678/2504 2677/2495
f 2684/2510 2661/2509 2662/2515
f 2661/2509 2684/2510 2678/2504
f 2693/2516 2662/2515 2663/2522
f 2662/2515 2693/2516 2684/2510
f 2702/2523 2663/2522 2668/2529
f 2663/2522 2702/2523 2693/2516
f 2669/1792 2702/1798 2668/1793
f 2702/1798 2669/1792 2703/1797
f 2670/1796 2703/1797 2669/1792
f 2703/1797 2670/1796 2704/1801
f 2671/1800 2704/1801 2670/1796
f 2704/1801 2671/1800 2705/1803
f 2651/1957 2632/1956 2652/1961
f 2632/1956 2651/1957 2630/1952
f 2652/1961 2633/1960 2653/1965
f 2633/1960 2652/1961 2632/1956
f 2653/1965 2639/1964 2655/1969
f 2639/1964 2653/1965 2633/1960
f 2659/1968 2639/1964 2643/1963
f 2639/1964 2659/1968 2655/1969
f 2660/2503 2643/2507 2647/2508
f 2643/2507 2660/2503 2659/2500
f 2661/2509 2647/2508 2648/2514
f 2647/2508 2661/2509 2660/2503
f 2662/2515 2648/2514 2649/2521
f 2648/2514 2662/2515 2661/2509
f 2663/2522 2649/2521 2650/2528
f 2649/2521 2663/2522 2662/2515
f 2668/1793 2650/1794 2654/1788
f 2650/1794 2668/1793 2663/1799
f 2656/1787 2668/1793 2654/1788
f 2668/1793 2656/1787 2669/1792
f 2657/1791 2669/1792 2656/1787
f 2669/1792 2657/1791 2670/1796
f 2658/1795 2670/1796 2657/1791
f 2670/1796 2658/1795 2671/1800
f 2630/1952 2609/1951 2632/1956
f 2609/1951 2630/1952 2607/1947
f 2632/1956 2612/1955 2633/1960
f 2612/1955 2632/1956 2609/1951
f 2633/1960 2613/1959 2639/1964
f 2613/1959 2633/1960 2612/1955
f 2643/1963 2613/1959 2617/1958
f 2613/1959 2643/1963 2639/1964
f 2647/2508 2617/2512 2619/2513
f 2617/2512 2647/2508 2643/2507
f 2648/2514 2619/2513 2621/2520
f 2619/2513 2648/2514 2647/2508
f 2649/2521 2621/2520 2628/2527
f 2621/2520 2649/2521 2648/2514
f 2650/2528 2628/2527 2636/2534
f 2628/2527 2650/2528 2649/2521
f 2654/1788 2636/1789 2640/1783
f 2636/1789 2654/1788 2650/1794
f 2644/1782 2654/1788 2640/1783
f 2654/1788 2644/1782 2656/1787
f 2645/1786 2656/1787 2644/1782
f 2656/1787 2645/1786 2657/1791
f 2646/1790 2657/1791 2645/1786
f 2657/1791 2646/1790 2658/1795
f 2607/1947 2597/1946 2609/1951
f 2597/1946 2607/1947 2596/1940
f 2609/1951 2599/1950 2612/1955
f 2599/1950 2609/1951 2597/1946
f 2612/1955 2603/1954 2613/1959
f 2603/1954 2612/1955 2599/1950
f 2617/1958 2603/1954 2605/1953
f 2603/1954 2617/1958 2613/1959
f 2619/2513 2605/2517 2611/2519
f 2605/2517 2619/2513 2617/2512
f 2621/2520 2611/2519 2614/2526
f 2611/2519 2621/2520 2619/2513
f 2628/2527 2614/2526 2618/2533
f 2614/2526 2628/2527 2621/2520
f 2636/2534 2618/2533 2620/2539
f 2618/2533 2636/2534 2628/2527
f 2640/1783 2620/1784 2622/1778
f 2620/1784 2640/1783 2636/1789
f 2627/1777 2640/1783 2622/1778
f 2640/1783 2627/1777 2644/1782
f 2629/1781 2644/1782 2627/1777
f 2644/1782 2629/1781 2645/1786
f 2631/1785 2645/1786 2629/1781
f 2645/1786 2631/1785 2646/1790
f 2596/1940 2570/1937 2597/1946
f 2570/1937 2596/1940 2568/1932
f 2597/1946 2574/1945 2599/1950
f 2574/1945 2597/1946 2570/1937
f 2599/1950 2580/1949 2603/1954
f 2580/1949 2599/1950 2574/1945
f 2605/1953 2580/1949 2582/1948
f 2580/1949 2605/1953 2603/1954
f 2611/2519 2582/2524 2584/2525
f 2582/2524 2611/2519 2605/2517
f 2614/2526 2584/2525 2590/2532
f 2584/2525 2614/2526 2611/2519
f 2618/2533 2590/2532 2595/2538
f 2590/2532 2618/2533 2614/2526
f 2620/2539 2595/2538 2601/2544
f 2595/2538 2620/2539 2618/2533
f 2622/1778 2601/1779 2604/1773
f 2601/1779 2622/1778 2620/1784
f 2606/1772 2622/1778 2604/1773
f 2622/1778 2606/1772 2627/1777
f 2608/1776 2627/1777 2606/1772
f 2627/1777 2608/1776 2629/1781
f 2608/1776 2610/1780 2629/1781
f 2631/1785 2629/1781 2610/1780
f 2568/1932 2561/1929 2570/1937
f 2561/1929 2568/1932 2560/1926
f 2570/1937 2563/1936 2574/1945
f 2563/1936 2570/1937 2561/1929
f 2574/1945 2564/1944 2580/1949
f 2564/1944 2574/1945 2563/1936
f 2582/1948 2564/1944 2569/1943
f 2564/1944 2582/1948 2580/1949
f 2584/2525 2569/2530 2578/2531
f 2569/2530 2584/2525 2582/2524
f 2590/2532 2578/2531 2583/2537
f 2578/2531 2590/2532 2584/2525
f 2595/2538 2583/2537 2587/2543
f 2583/2537 2595/2538 2590/2532
f 2601/2544 2587/2543 2591/2550
f 2587/2543 2601/2544 2595/2538
f 2604/1773 2591/1774 2594/1768
f 2591/1774 2604/1773 2601/1779
f 2598/1767 2604/1773 2594/1768
f 2604/1773 2598/1767 2606/1772
f 2600/1771 2606/1772 2598/1767
f 2606/1772 2600/1771 2608/1776
f 2602/1775 2608/1776 2600/1771
f 2608/1776 2602/1775 2610/1780
f 2560/1926 2550/1924 2561/1929
f 2550/1924 2560/1926 2549/1922
f 2561/1929 2551/1928 2563/1936
f 2551/1928 2561/1929 2550/1924
f 2563/1936 2552/1934 2564/1944
f 2552/1934 2563/1936 2551/1928
f 2569/1943 2552/1934 2553/1939
f 2552/1934 2569/1943 2564/1944
f 2578/2531 2553/2535 2558/2536
f 2553/2535 2578/2531 2569/2530
f 2583/2537 2558/2536 2559/2542
f 2558/2536 2583/2537 2578/2531
f 2587/2543 2559/2542 2562/2549
f 2559/2542 2587/2543 2583/2537
f 2591/2550 2562/2549 2565/2557
f 2562/2549 2591/2550 2587/2543
f 2594/1768 2565/1769 2571/1761
f 2565/1769 2594/1768 2591/1774
f 2575/1758 2594/1768 2571/1761
f 2594/1768 2575/1758 2598/1767
f 2579/1762 2598/1767 2575/1758
f 2598/1767 2579/1762 2600/1771
f 2581/1770 2600/1771 2579/1762
f 2600/1771 2581/1770 2602/1775
f 2549/1922 2520/1919 2550/1924
f 2520/1919 2549/1922 2519/1920
f 2550/1924 2521/1925 2551/1928
f 2521/1925 2550/1924 2520/1919
f 2551/1928 2522/1931 2552/1934
f 2522/1931 2551/1928 2521/1925
f 2553/1939 2522/1931 2523/1942
f 2522/1931 2553/1939 2552/1934
f 2558/2536 2523/2540 2524/2541
f 2523/2540 2558/2536 2553/2535
f 2559/2542 2524/2541 2525/2548
f 2524/2541 2559/2542 2558/2536
f 2562/2549 2525/2548 2526/2556
f 2525/2548 2562/2549 2559/2542
f 2565/2557 2526/2556 2527/2560
f 2526/2556 2565/2557 2562/2549
f 2571/1761 2527/1766 2541/1756
f 2527/1766 2571/1761 2565/1769
f 2542/1753 2571/1761 2541/1756
f 2571/1761 2542/1753 2575/1758
f 2543/1752 2575/1758 2542/1753
f 2575/1758 2543/1752 2579/1762
f 2544/1764 2579/1762 2543/1752
f 2579/1762 2544/1764 2581/1770
f 2520/1919 2024/1916 2019/1915
f 2024/1916 2520/1919 2519/1920
f 2521/1925 2338/1935 2522/1931
f 2230/662 2219/730 2254/459
f 2521/1925 2005/1933 2338/1935
f 2123/1930 2006/1938 2005/1933
f 2521/1925 2067/1927 2123/1930
f 2521/1925 2123/1930 2005/1933
f 2006/1938 2123/1930 2008/1941
f 2523/2540 2338/2547 2352/2545
f 2338/2547 2523/2540 2522/2552
f 2524/2541 2353/2546 2354/2551
f 2524/2541 2354/2551 2355/2554
f 2244/2183 2243/2182 2476/2180
f 2524/2541 2355/2554 2416/2558
f 2524/2541 2352/2545 2353/2546
f 2352/2545 2524/2541 2523/2540
f 2524/2541 2416/2558 2428/2555
f 2524/2541 2428/2555 2439/2553
f 2524/2541 2439/2553 2525/2548
f 2526/2556 2439/2553 2478/2559
f 2439/2553 2526/2556 2525/2548
f 2527/2560 2479/2562 2489/2563
f 2527/2560 2489/2563 2490/2564
f 2247/2561 2479/2562 2527/2560
f 2247/2561 2527/2560 2478/2559
f 2478/2559 2527/2560 2526/2556
f 2482/2565 2480/2567 2477/2566
f 2527/2560 2490/2564 2482/2565
f 2527/2560 2482/2565 2477/2566
f 2527/2560 2477/2566 2541/2568
f 2477/1747 2542/1753 2541/1756
f 2542/1753 2477/1747 2431/1745
f 2431/1745 2543/1752 2542/1753
f 2543/1752 2431/1745 2429/1748
f 2543/1752 2429/1748 2425/1755
f 2430/1760 2543/1752 2425/1755
f 2543/1752 2430/1760 2544/1764
f 2050/799 2148/850 2057/804
f 2430/1760 2425/1755 2351/1765
f 2351 2425 2417
f 2418 2428 2416
f 2416 2355 2418
f 2136 2005 2006
f 2006 2008 2136
f 2425/1755 2423/1759 2421/1763
f 2425/1755 2429/1748 2423/1759
f 2017/1913 2019/1915 2022/1914
f 2024/1916 2022/1914 2019/1915
f 2024/1916 2023/1912 2022/1914
f 2520/1919 2066/1923 2521/1925
f 2067/1927 2521/1925 2066/1923
f 2520/1919 2065/1921 2066/1923
f 2015 2014 2065
f 2520/1919 2015/1918 2065/1921
f 2019/1915 2016/1917 2015/1918
f 2520/1919 2019/1915 2015/1918
f 2019/1915 2017/1913 2016/1917
f 2009 2061 2013
f 2007 2061 2009
f 2013/1909 2061/1911 2014/1910
f 2065 2014 2061
f 2061 2066 2065
f 2061 2067 2066
f 2061 2123 2067
f 2061 2136 2123
f 612/2950 610/2926 244/2920
f 244/2920 246/2954 612/2950
f 2425/1755 2421/1763 2417/1743
f 2091 2090 2097
f 2490 2481 2482
f 2491 2481 2490
f 2490 2489 2491
f 2481 2477 2480
f 2480 2482 2481
f 2247 2478 2479
f 1969 1976 2174
f 1976 2175 2174
f 2137 2168 2169
f 2184 2149 2211
f 2149 2157 2211
f 2243 2230 2202
f 2230 2205 2202
f 2205 2230 2206
f 2134 2117 2133
f 2101 2100 2106
f 2100 2103 2106
f 2117 2116 2133
f 2115 2112 2113
f 2115 2113 2133
f 2116 2115 2133
f 2159 2161 2144
f 2159 2160 2161
f 2202 2205 2154
f 2199 2218 2202
f 2243 2202 2218
f 2202 2153 2199
f 2004 2010 2021
f 2010 2020 2021
f 2038 2035 2037
f 2035 2033 2037
f 2037 2033 2034
f 2149 2166 2186
f 2219/2185 2230/2184 2476/2180
f 2202/630 2172/790 2104/776
f 2172/2106 2202/2103 2200/2095
f 3417/423 3418/12 3424/424
f 3425/405 3427/425 3418/12
f 3441/426 3440/427 3431/428
f 3430/403 3427/425 3440/427
f 3547/633 3639/851 3541/639
f 3542/640 3537/631 3548/636
f 3539/641 3527/852 3549/533
f 3546/648 3553/621 3540/645
f 3502 3499 3507
f 3506 3507 3501
f 3435 3434 3445
f 3444 3499 3434
f 2539/429 2538/385 2873/382
f 2873/382 3125/386 3404/383
f 885/430 197/124 884/266
f 884/266 1012/269 1721/267
f 885/1245 205/1239 197/1278
f 885/430 884/266 1722/268
f 2048/685 2179/684 2156/688
f 2048/685 1994/689 1995/656
f 2056/683 2048/685 1995/656
f 2056/683 2147/687 2179/684
f 3596/531 3588/530 3599/618
f 3596/531 3593/595 3591/544
f 3597/620 3596/531 3599/618
f 3597/620 3606/590 3593/595
f 3590/545 3591/544 3592/567
f 3590/545 3586/551 3588/530
f 2049/686 2056/683 1995/656
f 2049/686 2182/805 2147/687
f 2057/804 2049/686 1995/656
f 2057/804 2148/850 2182/805
f 2050/799 2212/798 2148/850
f 2050/799 2057/804 1995/656
f 2058/797 2050/799 1995/656
f 2058/797 2149/677 2212/798
f 2051/759 2137/758 2149/677
f 2051/759 2058/797 1995/656
f 927/1244 885/1245 1722/1297
f 927/1244 1028/1296 205/1239
f 837/22 1020/23 1634/25
f 837/22 710/31 201/6
f 3587/550 3590/545 3592/567
f 3587/550 3582/553 3586/551
f 3401/1594 3398/1593 3404/1595
f 3401/1594 3402/1598 3400/1596
f 3589/529 3596/531 3591/544
f 3589/529 3590/545 3588/530
f 2039/746 2138/745 2137/758
f 2039/746 2051/759 1995/656
f 2335/99 2336/68 2517/62
f 2518/60 2534/63 2517/62
f 2535/431 2534/63 2518/60
f 2518/60 2517/62 2486/61
f 3417/423 3416/57 3406/40
f 3399/432 3400/13 3406/40
f 1977/433 1985/276 1973/418
f 1973/418 1968/203 1964/159
f 1992 1998 1979
f 1977 1972 1979
f 2055/692 1993/691 1994/689
f 2055/692 2221/693 2164/527
f 1977 1979 1985
f 1977/433 1973/418 1972/419
f 1996 1993 2001
f 2001/690 2055/692 2164/527
f 1992 1979 1978
f 1996 1998 1992
f 122/440 128/439 117/475
f 122/440 119/442 130/444
f 134 140 128
f 134 130 142
f 132 123 135
f 132 137 125
f 136 135 144
f 183 184 144
f 188/434 189/4 193/1
f 200/110 199/2 193/1
f 141 142 146
f 188 187 146
f 183/435 182/122 192/119
f 195/173 196/120 192/119
f 121/523 56/501 123/853
f 121/523 125/525 58/487
f 1996 1992 1993
f 1996 2001 1998
f 188/434 193/1 187/3
f 188 146 189
f 200/110 193/1 201/6
f 200/110 257/70 199/2
f 129/438 122/440 130/444
f 129 134 128
f 118/441 122/440 117/475
f 118/441 111/461 119/442
f 141 134 142
f 141 146 140
f 2335/99 2517/62 2334/17
f 2335/99 1633/76 2336/68
f 3399/432 3406/40 3398/58
f 3399/1592 3401/1594 3400/1596
f 2535/431 2518/60 2536/28
f 2537/1609 2534/1610 2535/1606
f 183/435 192/119 184/121
f 183 144 182
f 195/173 192/119 194/123
f 195/173 246/165 196/120
f 124 132 125
f 124/524 121/523 123/853
f 136 132 135
f 136 144 137
f 57/494 60/495 56/501
f 57/494 121/523 58/487
f 3341/1588 3338/1590 3342/1591
f 3341/307 2679/304 3340/318
f 3390/303 3407/302 3391/315
f 3388/1601 3389/1602 3390/1604
f 2040/744 2039/746 1995/656
f 2040/744 2128/748 2138/745
f 3337/1645 3336/1647 3368/1641
f 3386/1644 3387/1642 3368/1641
f 2041/747 2040/744 1995/656
f 2041/747 2150/750 2128/748
f 2537/1609 2535/1606 2538/1608
f 2537/1609 2540/1612 2534/1610
f 3337/1589 3338/1590 3339/1585
f 3339/1585 3341/1588 3340/1586
f 3388/1601 3385/1600 3389/1602
f 3388/1601 3390/1604 3387/1603
f 3337/1589 3339/1585 3336/1587
f 3337/1645 3368/1641 3338/1643
f 3386/1599 3388/1601 3387/1603
f 3386/1644 3368/1641 3385/1646
f 3403/1597 3401/1594 3404/1595
f 3403/393 3145/394 3402/395
f 2539/1611 2537/1609 2538/1608
f 2539/429 2873/382 2540/384
f 2052/749 2041/747 1995/656
f 2052/749 2124/681 2150/750
f 2036/751 2052/749 1995/656
f 2036/751 2118/753 2124/681
f 2029/752 2036/751 1995/656
f 2029/752 2139/680 2118/753
f 102/476 117/475 100/483
f 102/476 101/477 103/474
f 2042/754 2029/752 1995/656
f 2042/754 2119/756 2139/680
f 2030/755 2042/754 1995/656
f 2030/755 2141/761 2119/756
f 2043/760 2030/755 1995/656
f 2043/760 2120/763 2141/761
f 3556/543 3551/542 3557/575
f 3556/543 3568/568 3553/621
f 3602/619 3599/618 3600/585
f 3602/619 3605/591 3606/590
f 3578/534 3549/533 3603/580
f 3578/534 3560/589 3557/575
f 113/471 117/475 112/473
f 112/473 102/476 103/474
f 116/468 110/467 111/461
f 116/468 118/441 117/475
f 2031/762 2043/760 1995/656
f 2031/762 2143/765 2120/763
f 3584/552 3587/550 3592/567
f 3584/552 3577/555 3582/553
f 3601/617 3602/619 3606/590
f 3601/617 3597/620 3599/618
f 114/469 117/475 113/471
f 113/471 112/473 104/472
f 115/466 116/468 117/475
f 115/466 107/470 110/467
f 114/469 115/466 117/475
f 114/469 113/471 107/470
f 3562/571 3568/568 3561/574
f 3561/574 3556/543 3557/575
f 3635/1634 3636/1635 3645/1630
f 3645/1630 3647/1633 3650/1631
f 2044/764 2031/762 1995/656
f 2044/764 2121/767 2143/765
f 3638/546 3633/547 3636/537
f 3642/635 3643/538 3638/546
f 2032/766 2044/764 1995/656
f 2032/766 2158/769 2121/767
f 3555/532 3578/534 3557/575
f 3550/646 3549/533 3555/532
f 3563/569 3568/568 3562/571
f 3562/571 3561/574 3558/572
f 3405/301 3390/303 3389/370
f 3408/313 3407/302 3405/301
f 3408/313 3412/293 3407/302
f 3408/313 3405/301 3410/287
f 3409/314 3391/315 3407/302
f 3413/292 3414/298 3409/314
f 3424/424 3427/425 3430/403
f 3439/436 3438/404 3430/403
f 3541/639 3535/638 3544/634
f 3541/639 3639/851 3533/854
f 3528/855 3527/852 3539/641
f 3545/647 3543/642 3539/641
f 3428/291 3426/296 3422/286
f 3411/312 3410/287 3422/286
f 3428/291 3422/286 3432/288
f 3428/291 3434/290 3426/296
f 3424/424 3430/403 3416/57
f 3424/424 3418/12 3427/425
f 3640/535 3639/851 3547/633
f 3547/633 3541/639 3544/634
f 3501 3499 3444
f 3433 3432 3444
f 3523 3505 3527
f 3523 3529 3521
f 3517 3523 3521
f 3506 3505 3517
f 3512 3511 3503
f 3446 3500 3503
f 3446 3440 3500
f 3446 3503 3438
f 3519 3533 3511
f 3519 3513 3522
f 3525 3519 3522
f 3534 3533 3525
f 3501 3444 3505
f 3501 3507 3499
f 3545/647 3551/542 3543/642
f 3545/647 3539/641 3549/533
f 3417/423 3406/40 3418/12
f 3417/423 3424/424 3416/57
f 3637/611 3639/851 3640/535
f 3640/535 3547/633 3641/536
f 3550/646 3555/532 3551/542
f 3550/646 3545/647 3549/533
f 3528 3523 3527
f 3528/855 3539/641 3529/643
f 3506 3517 3507
f 3506 3501 3505
f 3433/289 3428/291 3432/288
f 3433 3444 3434
f 3411/312 3422/286 3412/293
f 3411/312 3408/313 3410/287
f 3512 3503 3513
f 3512 3519 3511
f 3439 3446 3438
f 3439/436 3430/403 3440/427
f 3534 3525 3535
f 3534/637 3541/639 3533/854
f 3423/294 3412/293 3426/296
f 3423/294 3436/297 3414/298
f 3435/437 3436/297 3429/295
f 3429/295 3423/294 3426/296
f 3431/428 3427/425 3425/405
f 3419/11 3420/34 3425/405
f 3431/428 3425/405 3442/380
f 3431/428 3440/427 3427/425
f 3548/636 3641/536 3544/634
f 3548/636 3537/631 3643/538
f 3536/856 3537/631 3542/640
f 3542/640 3548/636 3544/634
f 3540/645 3529/643 3543/642
f 3540/645 3553/621 3531/622
f 3445 3509 3436
f 3445 3434 3499
f 3518 3531 3509
f 3518 3507 3521
f 3524 3518 3521
f 3530 3531 3524
f 3504 3513 3500
f 3504 3442 3515
f 3447 3504 3500
f 3441 3442 3447
f 3526 3515 3537
f 3526 3535 3522
f 3520 3526 3522
f 3514 3515 3520
f 3502 3445 3499
f 3508 3509 3502
f 3552/541 3553/621 3546/648
f 3546/648 3540/645 3543/642
f 3419/11 3400/13 3420/34
f 3419/11 3425/405 3418/12
f 3552/541 3556/543 3553/621
f 3552/541 3546/648 3551/542
f 3642/635 3638/546 3641/536
f 3642/635 3548/636 3643/538
f 3508 3518 3509
f 3508 3502 3507
f 3530 3524 3529
f 3530/644 3540/645 3531/622
f 3413/292 3423/294 3414/298
f 3413/292 3409/314 3412/293
f 3435/437 3429/295 3434/290
f 3435 3445 3436
f 3514 3504 3515
f 3514 3520 3513
f 3441 3447 3440
f 3441/426 3431/428 3442/380
f 3536 3526 3537
f 3536/856 3542/640 3535/638
f 3565/561 3568/568 3563/569
f 3563/569 3562/571 3559/570
f 3637/611 3640/535 3636/537
f 3637/611 3634/610 3639/851
f 2053/768 2032/766 1995/656
f 2053/768 2129/771 2158/769
f 3635/1634 3645/1630 3634/1632
f 3635/609 3637/611 3636/537
f 3604/1639 3646/1638 3605/1640
f 3604/616 3600/585 3603/580
f 2045/770 2053/768 1995/656
f 2045/770 2198/773 2129/771
f 3583/554 3584/552 3592/567
f 3583/554 3572/557 3577/555
f 3565/561 3566/563 3568/568
f 3565/561 3563/569 3564/562
f 2059/772 2045/770 1995/656
f 2059/772 2152/775 2198/773
f 2054/774 2059/772 1995/656
f 2054/774 2104/776 2152/775
f 3581/556 3583/554 3592/567
f 3581/556 3571/566 3572/557
f 3648/1613 3649/1615 3650/1617
f 3648/1613 3647/1616 3646/1614
f 55/1576 53/1578 1/1580
f 55/1576 86/1579 87/1577
