# This file uses centimeters as units for non-parametric coordinates.

mtllib tall_long_curve.mtl
v -1.353027 0.361450 1.331482
v -1.353027 0.351807 1.337708
v -1.353027 0.341309 1.343079
v -1.353027 0.329834 1.347351
v -1.353027 0.317749 1.350403
v -1.352539 0.305176 1.352234
v -1.353027 0.000000 1.352844
v -1.353027 0.292480 1.352844
v -1.353027 0.369873 1.324280
v -1.353027 0.376953 1.316345
v -1.353027 0.382568 1.307678
v -1.353027 0.386719 1.298645
v -1.353027 0.389160 1.289246
v -1.353027 0.390015 1.279724
v -1.353027 0.000000 1.206604
v -1.353027 0.390015 1.206604
v -1.353027 1.272339 1.206604
v -1.353027 0.000000 1.133484
v -1.353027 0.097534 1.133484
v -1.353027 0.000000 1.060242
v -1.353027 0.097534 1.060242
v -1.353027 0.000000 0.987244
v -1.353027 0.390015 0.987244
v -1.353027 1.272339 0.987244
v -1.353027 0.390015 0.914001
v -1.353027 0.389160 0.904480
v -1.353027 0.386719 0.895081
v -1.353027 0.382568 0.886169
v -1.353027 0.376953 0.877502
v -1.353027 0.369873 0.869568
v -1.353027 0.000000 0.841003
v -1.353027 0.292480 0.841003
v -1.352539 0.305176 0.841614
v -1.352539 0.317749 0.843445
v -1.352539 0.329834 0.846497
v -1.352539 0.341309 0.850769
v -1.352539 0.351807 0.856018
v -1.352539 0.361450 0.862366
v -1.352539 0.369873 0.869568
v -1.352051 0.376953 0.877502
v -1.352051 0.382568 0.886047
v -1.352051 0.386719 0.895081
v -1.352051 0.389160 0.904480
v -1.352051 0.390015 0.914124
v -1.295410 0.000000 0.840271
v -1.295410 0.292480 0.840271
v -1.295410 0.305176 0.840881
v -1.295410 0.317749 0.842712
v -1.295410 0.329834 0.845764
v -1.295410 0.341309 0.850037
v -1.294922 0.351807 0.855286
v -1.294434 0.361450 0.861633
v -1.294434 0.369873 0.868713
v -1.294434 0.376953 0.876770
v -1.293945 0.382568 0.885315
v -1.293945 0.386719 0.894348
v -1.293457 0.389160 0.903748
v -1.293457 0.390015 0.913269
v -1.291504 0.390015 0.986389
v -1.291504 1.272339 0.986389
v -1.285645 0.390015 1.205750
v -1.285645 1.272339 1.205750
v -1.284180 0.390015 1.278870
v -1.283691 0.389160 1.288391
v -1.283203 0.386719 1.297668
v -1.283203 0.382568 1.306702
v -1.282715 0.376953 1.315369
v -1.282715 0.369873 1.323303
v -1.282227 0.361450 1.330505
v -1.282227 0.351807 1.336731
v -1.282227 0.341309 1.342102
v -1.282227 0.329834 1.346252
v -1.282227 0.317749 1.349426
v -1.281738 0.305176 1.351257
v -1.281738 0.000000 1.351868
v -1.281738 0.292480 1.351868
v -1.237793 0.000000 0.837952
v -1.237793 0.292480 0.837952
v -1.238281 0.305176 0.838562
v -1.237793 0.317749 0.840515
v -1.237793 0.329834 0.843445
v -1.237793 0.341309 0.847717
v -1.237305 0.351807 0.852966
v -1.236816 0.361450 0.859314
v -1.236328 0.369873 0.866516
v -1.236328 0.376953 0.874451
v -1.235840 0.382568 0.883118
v -1.234863 0.386719 0.892151
v -1.234375 0.389160 0.901428
v -1.233887 0.390015 0.910950
v -1.229980 0.390015 0.983948
v -1.229980 1.272339 0.983948
v -1.218750 0.390015 1.203064
v -1.218750 1.272339 1.203064
v -1.215332 0.390015 1.276062
v -1.214355 0.389160 1.285706
v -1.214355 0.386719 1.294983
v -1.213867 0.382568 1.304016
v -1.212891 0.376953 1.312561
v -1.212402 0.369873 1.320496
v -1.212402 0.361450 1.327698
v -1.211914 0.351807 1.334045
v -1.211426 0.341309 1.339294
v -1.211426 0.329834 1.343567
v -1.211426 0.317749 1.346619
v -1.211426 0.305176 1.348572
v -1.210938 0.000000 1.349060
v -1.210938 0.292480 1.349060
v -1.180664 0.000000 0.834167
v -1.180664 0.292480 0.834167
v -1.180664 0.305176 0.834778
v -1.180664 0.317749 0.836731
v -1.180176 0.329834 0.839783
v -1.179688 0.341309 0.843933
v -1.179688 0.351807 0.849304
v -1.178711 0.361450 0.855530
v -1.178223 0.369873 0.862732
v -1.177734 0.376953 0.870667
v -1.176758 0.382568 0.879211
v -1.176758 0.386719 0.888245
v -1.175781 0.389160 0.897522
v -1.174805 0.390015 0.907166
v -1.169434 0.390015 0.979919
v -1.169434 1.272339 0.979919
v -1.152344 0.390015 1.198669
v -1.152344 1.272339 1.198669
v -1.145996 0.390015 1.271545
v -1.145508 0.389160 1.281189
v -1.145020 0.386719 1.290466
v -1.144043 0.382568 1.299500
v -1.143555 0.376953 1.308044
v -1.142578 0.369873 1.315979
v -1.142090 0.361450 1.323181
v -1.141602 0.351807 1.329407
v -1.141113 0.341309 1.334778
v -1.140625 0.329834 1.338928
v -1.140625 0.317749 1.341980
v -1.140625 0.305176 1.343933
v -1.140625 0.000000 1.344421
v -1.140625 0.292480 1.344421
v -1.123535 0.000000 0.828918
v -1.123535 0.292480 0.828918
v -1.123535 0.305176 0.829651
v -1.123535 0.317749 0.831482
v -1.122559 0.329834 0.834534
v -1.122559 0.341309 0.838684
v -1.122070 0.351807 0.844055
v -1.121582 0.361450 0.850281
v -1.120117 0.369873 0.857361
v -1.119629 0.376953 0.865295
v -1.118652 0.382568 0.873840
v -1.117676 0.386719 0.882751
v -1.117188 0.389160 0.892151
v -1.115723 0.390015 0.901672
v -1.108398 0.390015 0.974426
v -1.108398 1.272339 0.974426
v -1.084961 0.390015 1.192566
v -1.084961 1.272339 1.192566
v -1.077637 0.390015 1.265320
v -1.076660 0.389160 1.274719
v -1.075684 0.386719 1.284119
v -1.074707 0.382568 1.293030
v -1.073730 0.376953 1.301697
v -1.072754 0.369873 1.309509
v -1.072266 0.361450 1.316711
v -1.071289 0.351807 1.322937
v -1.071289 0.341309 1.328308
v -1.070313 0.329834 1.332458
v -1.070313 0.317749 1.335510
v -1.069824 0.305176 1.337341
v -1.070313 0.000000 1.337952
v -1.070313 0.292480 1.337952
v -1.066406 0.000000 0.822205
v -1.066406 0.292480 0.822205
v -1.066406 0.305176 0.822815
v -1.066406 0.317749 0.824646
v -1.065430 0.329834 0.827698
v -1.065430 0.341309 0.831970
v -1.064453 0.351807 0.837219
v -1.063477 0.361450 0.843445
v -1.062500 0.369873 0.850525
v -1.062012 0.376953 0.858459
v -1.060547 0.382568 0.867004
v -1.059082 0.386719 0.875916
v -1.058105 0.389160 0.885193
v -1.056641 0.390015 0.894714
v -1.047363 0.390015 0.967224
v -1.047363 1.272339 0.967224
v -1.018555 0.390015 1.184753
v -1.018555 1.272339 1.184753
v -1.009277 0.000000 0.813904
v -1.009277 0.292480 0.813904
v -1.009277 0.305176 0.814514
v -1.009277 0.317749 0.816467
v -1.009277 0.390015 1.257141
v -1.008789 0.329834 0.819397
v -1.007813 0.341309 0.823547
v -1.007813 0.389160 1.266663
v -1.007324 0.351807 0.828796
v -1.006836 0.386719 1.275940
v -1.006348 0.361450 0.835144
v -1.005859 0.382568 1.284851
v -1.005371 0.369873 0.842224
v -1.004395 0.376953 1.293518
v -1.003906 0.376953 0.850037
v -1.003418 0.369873 1.301331
v -1.002441 0.382568 0.858582
v -1.002441 0.361450 1.308411
v -1.001953 0.351807 1.314636
v -1.000977 0.386719 0.867493
v -1.000977 0.341309 1.319885
v -1.000488 0.329834 1.324158
v -1.000000 0.317749 1.327209
v -1.000000 0.305176 1.329041
v -1.000000 0.389160 0.876770
v -0.999512 0.000000 1.329773
v -0.999512 0.292480 1.329773
v -0.998047 0.390015 0.886169
v -0.986816 0.390015 0.958313
v -0.986816 1.272339 0.958313
v -0.953125 0.000000 0.804138
v -0.953125 0.292480 0.804138
v -0.953125 0.305176 0.804871
v -0.952637 0.317749 0.806702
v -0.952148 0.390015 1.175110
v -0.952148 1.272339 1.175110
v -0.952148 0.329834 0.809631
v -0.951172 0.341309 0.813782
v -0.950195 0.351807 0.819031
v -0.949219 0.361450 0.825256
v -0.947754 0.369873 0.832336
v -0.946289 0.376953 0.840149
v -0.944824 0.382568 0.848572
v -0.942871 0.386719 0.857483
v -0.941406 0.389160 0.866760
v -0.940918 0.390015 1.247253
v -0.939941 0.390015 0.876038
v -0.939453 0.389160 1.256653
v -0.937988 0.386719 1.265930
v -0.936523 0.382568 1.274963
v -0.935547 0.376953 1.283386
v -0.934082 0.369873 1.291321
v -0.933105 0.361450 1.298401
v -0.932129 0.351807 1.304626
v -0.931152 0.341309 1.309875
v -0.930664 0.329834 1.314026
v -0.929688 0.317749 1.317078
v -0.929688 0.305176 1.318909
v -0.929199 0.000000 1.319519
v -0.929199 0.292480 1.319519
v -0.926270 0.390015 0.948059
v -0.926270 1.272339 0.948059
v -0.896484 0.000000 0.793030
v -0.896484 0.292480 0.793030
v -0.896484 0.305176 0.793640
v -0.896484 0.317749 0.795471
v -0.895508 0.329834 0.798523
v -0.894531 0.341309 0.802551
v -0.893555 0.351807 0.807800
v -0.892090 0.361450 0.813904
v -0.890625 0.369873 0.820984
v -0.889160 0.376953 0.828796
v -0.887207 0.382568 0.837097
v -0.886719 0.390015 1.163757
v -0.886719 1.272339 1.163757
v -0.885254 0.386719 0.846008
v -0.883789 0.389160 0.855286
v -0.881836 0.390015 0.864563
v -0.873047 0.390015 1.235657
v -0.871094 0.389160 1.245056
v -0.869629 0.386719 1.254211
v -0.867676 0.382568 1.263123
v -0.866699 0.376953 1.271545
v -0.866211 0.390015 0.936096
v -0.866211 1.272339 0.936096
v -0.864746 0.369873 1.279358
v -0.863770 0.361450 1.286438
v -0.862305 0.351807 1.292664
v -0.861816 0.341309 1.297913
v -0.860840 0.329834 1.302063
v -0.859863 0.317749 1.305115
v -0.859863 0.305176 1.306824
v -0.859863 0.000000 1.307434
v -0.859863 0.292480 1.307434
v -0.840332 0.000000 0.780334
v -0.840332 0.292480 0.780334
v -0.840820 0.305176 0.780945
v -0.839844 0.317749 0.782776
v -0.839355 0.329834 0.785828
v -0.838379 0.341309 0.789856
v -0.837402 0.351807 0.794983
v -0.835938 0.361450 0.801086
v -0.833984 0.369873 0.808167
v -0.832031 0.376953 0.815857
v -0.830078 0.382568 0.824158
v -0.828125 0.386719 0.833069
v -0.825684 0.389160 0.842224
v -0.823730 0.390015 0.851379
v -0.820801 0.390015 1.150574
v -0.820801 1.272339 1.150574
v -0.806641 0.390015 0.922546
v -0.806641 1.272339 0.922546
v -0.805664 0.390015 1.222229
v -0.803223 0.389160 1.231506
v -0.801270 0.386719 1.240662
v -0.799316 0.382568 1.249573
v -0.797852 0.376953 1.257874
v -0.795898 0.369873 1.265686
v -0.794434 0.361450 1.272766
v -0.793457 0.351807 1.278992
v -0.792480 0.341309 1.284119
v -0.791504 0.329834 1.288269
v -0.791016 0.317749 1.291199
v -0.790527 0.305176 1.293030
v -0.790527 0.000000 1.293640
v -0.790527 0.292480 1.293640
v -0.784668 0.000000 0.766174
v -0.784668 0.292480 0.766174
v -0.785156 0.305176 0.766785
v -0.784180 0.317749 0.768616
v -0.783203 0.329834 0.771667
v -0.782715 0.341309 0.775696
v -0.780762 0.351807 0.780823
v -0.779785 0.361450 0.786804
v -0.777344 0.369873 0.793762
v -0.775391 0.376953 0.801453
v -0.773438 0.382568 0.809875
v -0.770996 0.386719 0.818542
v -0.768555 0.389160 0.827698
v -0.766113 0.390015 0.836853
v -0.755371 0.390015 1.135925
v -0.755371 1.272339 1.135925
v -0.747070 0.390015 0.907410
v -0.747070 1.272339 0.907410
v -0.738281 0.390015 1.206970
v -0.736328 0.389160 1.216248
v -0.733887 0.386719 1.225403
v -0.731445 0.382568 1.234192
v -0.729492 0.000000 0.750671
v -0.729492 0.292480 0.750671
v -0.729492 0.376953 1.242493
v -0.729492 0.305176 0.751160
v -0.729004 0.317749 0.752991
v -0.728027 0.329834 0.756042
v -0.728027 0.369873 1.250183
v -0.727051 0.341309 0.759949
v -0.726074 0.361450 1.257263
v -0.725098 0.351807 0.765076
v -0.724609 0.351807 1.263367
v -0.723633 0.361450 0.771179
v -0.723633 0.341309 1.268616
v -0.722656 0.329834 1.272644
v -0.721680 0.317749 1.275696
v -0.721680 0.369873 0.778015
v -0.721191 0.305176 1.277405
v -0.721191 0.000000 1.278137
v -0.721191 0.292480 1.278137
v -0.719238 0.376953 0.785583
v -0.716797 0.382568 0.793884
v -0.714355 0.386719 0.802673
v -0.711914 0.389160 0.811584
v -0.708984 0.390015 0.820740
v -0.690430 0.390015 1.119446
v -0.690430 1.272339 1.119446
v -0.688477 0.390015 0.890808
v -0.688477 1.272339 0.890808
v -0.674805 0.000000 0.733582
v -0.674805 0.292480 0.733582
v -0.674316 0.305176 0.734192
v -0.674316 0.317749 0.735901
v -0.673340 0.329834 0.738953
v -0.671875 0.341309 0.742859
v -0.671387 0.390015 1.190002
v -0.670410 0.351807 0.747986
v -0.668945 0.389160 1.199158
v -0.668457 0.361450 0.753967
v -0.666504 0.386719 1.208313
v -0.666016 0.369873 0.760803
v -0.664063 0.382568 1.216980
v -0.663574 0.376953 0.768372
v -0.661621 0.376953 1.225403
v -0.660645 0.382568 0.776550
v -0.659668 0.369873 1.232971
v -0.658203 0.386719 0.785095
v -0.657715 0.361450 1.239929
v -0.656250 0.351807 1.246033
v -0.655273 0.389160 0.794006
v -0.655273 0.341309 1.251160
v -0.653809 0.329834 1.255188
v -0.652832 0.317749 1.258240
v -0.652344 0.305176 1.259949
v -0.652832 0.000000 1.260681
v -0.652832 0.292480 1.260681
v -0.652344 0.390015 0.803162
v -0.629395 0.390015 0.872620
v -0.629395 1.272339 0.872620
v -0.625977 0.390015 1.101135
v -0.625977 1.272339 1.101135
v -0.620605 0.000000 0.715149
v -0.620605 0.292480 0.715149
v -0.620117 0.305176 0.715759
v -0.619629 0.317749 0.717468
v -0.618652 0.329834 0.720398
v -0.617188 0.341309 0.724304
v -0.615234 0.351807 0.729431
v -0.613281 0.361450 0.735291
v -0.610840 0.369873 0.742126
v -0.608398 0.376953 0.749573
v -0.605469 0.382568 0.757629
v -0.604980 0.390015 1.171326
v -0.602539 0.389160 1.180481
v -0.602539 0.386719 0.766174
v -0.599609 0.386719 1.189514
v -0.599121 0.389160 0.775085
v -0.597168 0.382568 1.198181
v -0.596191 0.390015 0.784119
v -0.594727 0.376953 1.206360
v -0.592285 0.369873 1.213928
v -0.590332 0.361450 1.220886
v -0.588867 0.351807 1.226990
v -0.586914 0.341309 1.231995
v -0.585938 0.329834 1.236145
v -0.584961 0.317749 1.239075
v -0.584473 0.305176 1.240784
v -0.583984 0.000000 1.241394
v -0.583984 0.292480 1.241394
v -0.571777 0.390015 0.852966
v -0.571777 1.272339 0.852966
v -0.566895 0.000000 0.695251
v -0.566895 0.292480 0.695251
v -0.566406 0.305176 0.695862
v -0.565430 0.317749 0.697571
v -0.564453 0.329834 0.700500
v -0.562988 0.341309 0.704407
v -0.562012 0.390015 1.081238
v -0.562012 1.272339 1.081238
v -0.561035 0.351807 0.709412
v -0.559082 0.361450 0.715271
v -0.556152 0.369873 0.721985
v -0.553223 0.376953 0.729431
v -0.550781 0.382568 0.737366
v -0.547363 0.386719 0.745911
v -0.543945 0.389160 0.754578
v -0.540527 0.390015 0.763489
v -0.539063 0.390015 1.150818
v -0.536621 0.389160 1.159851
v -0.533203 0.386719 1.168884
v -0.530762 0.382568 1.177551
v -0.528320 0.376953 1.185608
v -0.525391 0.369873 1.193176
v -0.523438 0.361450 1.200012
v -0.520996 0.351807 1.206116
v -0.520020 0.341309 1.211121
v -0.518555 0.329834 1.215149
v -0.517578 0.317749 1.218079
v -0.517090 0.305176 1.219788
v -0.516602 0.000000 1.220398
v -0.516602 0.292480 1.220398
v -0.514160 0.390015 0.831848
v -0.514160 1.272339 0.831848
v -0.513184 0.000000 0.673889
v -0.513184 0.292480 0.673889
v -0.512695 0.305176 0.674500
v -0.512207 0.317749 0.676208
v -0.511230 0.329834 0.679138
v -0.509277 0.341309 0.683044
v -0.507813 0.351807 0.687927
v -0.504883 0.361450 0.693787
v -0.502441 0.369873 0.700378
v -0.499023 0.376953 0.707703
v -0.498535 0.390015 1.059753
v -0.498535 1.272339 1.059753
v -0.496094 0.382568 0.715759
v -0.492676 0.386719 0.724060
v -0.489258 0.389160 0.732727
v -0.485352 0.390015 0.741516
v -0.474121 0.390015 1.128723
v -0.470703 0.389160 1.137634
v -0.467773 0.386719 1.146545
v -0.464355 0.382568 1.155090
v -0.461914 0.376953 1.163147
v -0.460449 0.000000 0.651306
v -0.460449 0.292480 0.651306
v -0.459961 0.305176 0.651794
v -0.459473 0.317749 0.653503
v -0.458984 0.369873 1.170715
v -0.458496 0.329834 0.656433
v -0.457520 0.390015 0.809143
v -0.457520 1.272339 0.809143
v -0.457031 0.361450 1.177429
v -0.456543 0.341309 0.660217
v -0.454590 0.351807 1.183411
v -0.454102 0.351807 0.665100
v -0.453125 0.341309 1.188416
v -0.452148 0.361450 0.670837
v -0.451172 0.329834 1.192322
v -0.450195 0.317749 1.195374
v -0.449707 0.305176 1.196960
v -0.449707 0.000000 1.197693
v -0.449707 0.292480 1.197693
v -0.448730 0.369873 0.677429
v -0.445801 0.376953 0.684753
v -0.441895 0.382568 0.692566
v -0.438477 0.386719 0.700867
v -0.435547 0.390015 1.036560
v -0.435547 1.272339 1.036560
v -0.434570 0.389160 0.709290
v -0.430664 0.390015 0.718079
v -0.409180 0.390015 1.104797
v -0.408203 0.000000 0.627258
v -0.408203 0.292480 0.627258
v -0.407715 0.305176 0.627869
v -0.407227 0.317749 0.629456
v -0.406250 0.389160 1.113831
v -0.406250 0.329834 0.632263
v -0.403809 0.341309 0.636047
v -0.402832 0.386719 1.122498
v -0.401855 0.351807 0.640808
v -0.401367 0.390015 0.784851
v -0.401367 1.272339 0.784851
v -0.399414 0.382568 1.131042
v -0.398926 0.361450 0.646667
v -0.396484 0.376953 1.138977
v -0.395996 0.369873 0.653137
v -0.393555 0.369873 1.146423
v -0.392578 0.376953 0.660339
v -0.390625 0.361450 1.153137
v -0.389160 0.382568 0.668030
v -0.388672 0.351807 1.158997
v -0.386719 0.341309 1.164001
v -0.385254 0.329834 1.167908
v -0.385254 0.386719 0.676208
v -0.384277 0.317749 1.170837
v -0.383301 0.305176 1.172546
v -0.383301 0.000000 1.173157
v -0.383301 0.292480 1.173157
v -0.380859 0.389160 0.684631
v -0.376953 0.390015 0.693298
v -0.373047 0.390015 1.011780
v -0.373047 1.272339 1.011780
v -0.356934 0.000000 0.601868
v -0.356934 0.292480 0.601868
v -0.356445 0.305176 0.602478
v -0.355957 0.317749 0.604065
v -0.354492 0.329834 0.606750
v -0.352051 0.341309 0.610657
v -0.350098 0.351807 0.615295
v -0.347168 0.361450 0.620911
v -0.345215 0.390015 0.759338
v -0.345215 1.272339 0.759338
v -0.345215 0.390015 1.079407
v -0.343750 0.369873 0.627258
v -0.341797 0.389160 1.088196
v -0.340332 0.376953 0.634338
v -0.337891 0.386719 1.096741
v -0.336426 0.382568 0.642151
v -0.334961 0.382568 1.105164
v -0.332031 0.386719 0.650208
v -0.331543 0.376953 1.113098
v -0.328125 0.369873 1.120422
v -0.328125 0.389160 0.658508
v -0.325684 0.361450 1.127136
v -0.323730 0.390015 0.667053
v -0.323242 0.351807 1.132874
v -0.321289 0.341309 1.137878
v -0.319336 0.329834 1.141785
v -0.318359 0.317749 1.144592
v -0.317871 0.305176 1.146301
v -0.317383 0.000000 1.146912
v -0.317383 0.292480 1.146912
v -0.311523 0.390015 0.985291
v -0.311523 1.272339 0.985291
v -0.305664 0.000000 0.575134
v -0.305664 0.292480 0.575134
v -0.305664 0.305176 0.575745
v -0.305176 0.317749 0.577332
v -0.303223 0.329834 0.580017
v -0.301270 0.341309 0.583801
v -0.298828 0.351807 0.588440
v -0.295898 0.361450 0.593933
v -0.292480 0.369873 0.600281
v -0.290527 0.390015 0.732239
v -0.290527 1.272339 0.732239
v -0.288574 0.376953 0.607239
v -0.284180 0.382568 0.614807
v -0.281738 0.390015 1.052185
v -0.280273 0.386719 0.622742
v -0.277832 0.389160 1.060852
v -0.275391 0.389160 0.630920
v -0.274414 0.386719 1.069397
v -0.270996 0.390015 0.639343
v -0.270996 0.382568 1.077698
v -0.267090 0.376953 1.085510
v -0.264160 0.369873 1.092834
v -0.260742 0.361450 1.099426
v -0.258301 0.351807 1.105042
v -0.256348 0.341309 1.110046
v -0.255859 0.000000 0.547058
v -0.255859 0.292480 0.547058
v -0.255859 0.305176 0.547668
v -0.254883 0.317749 0.549255
v -0.254395 0.329834 1.113831
v -0.253418 0.317749 1.116638
v -0.253418 0.329834 0.551941
v -0.252441 0.305176 1.118347
v -0.252441 0.000000 1.118835
v -0.252441 0.292480 1.118835
v -0.250977 0.341309 0.555481
v -0.250977 0.390015 0.957214
v -0.250977 1.272339 0.957214
v -0.248047 0.351807 0.560120
v -0.245117 0.361450 0.565613
v -0.241699 0.369873 0.571838
v -0.237793 0.376953 0.578674
v -0.236328 0.390015 0.703552
v -0.236328 1.272339 0.703552
v -0.233398 0.382568 0.586121
v -0.229004 0.386719 0.593933
v -0.224121 0.389160 0.602112
v -0.219727 0.390015 1.023254
v -0.219238 0.390015 0.610413
v -0.215332 0.389160 1.031921
v -0.211426 0.386719 1.040344
v -0.207520 0.382568 1.048523
v -0.206543 0.000000 0.517639
v -0.206543 0.292480 0.517639
v -0.206543 0.305176 0.518127
v -0.205566 0.317749 0.519836
v -0.203613 0.376953 1.056213
v -0.203613 0.329834 0.522522
v -0.201172 0.341309 0.526062
v -0.200195 0.369873 1.063416
v -0.198730 0.351807 0.530579
v -0.197266 0.361450 1.069885
v -0.195313 0.361450 0.535950
v -0.194824 0.351807 1.075623
v -0.192383 0.341309 1.080505
v -0.191406 0.369873 0.542053
v -0.190918 0.390015 0.927673
v -0.190918 1.272339 0.927673
v -0.190430 0.329834 1.084167
v -0.188965 0.317749 1.087097
v -0.188477 0.305176 1.088684
v -0.187988 0.000000 1.089172
v -0.187988 0.292480 1.089172
v -0.187500 0.376953 0.548889
v -0.182617 0.382568 0.556213
v -0.183105 0.390015 0.673767
v -0.183105 1.272339 0.673767
v -0.178223 0.386719 0.563904
v -0.173340 0.389160 0.571838
v -0.168457 0.390015 0.580017
v -0.158203 0.000000 0.487122
v -0.158203 0.292480 0.487122
v -0.157715 0.390015 0.992859
v -0.157715 0.305176 0.487610
v -0.156738 0.317749 0.489075
v -0.155273 0.329834 0.491638
v -0.153320 0.389160 1.001282
v -0.152344 0.341309 0.495178
v -0.149414 0.351807 0.499695
v -0.149414 0.386719 1.009705
v -0.145996 0.361450 0.504944
v -0.145020 0.382568 1.017639
v -0.142578 0.369873 0.511047
v -0.141113 0.376953 1.025330
v -0.138184 0.376953 0.517639
v -0.137207 0.369873 1.032532
v -0.134277 0.361450 1.038879
v -0.133301 0.382568 0.524963
v -0.131348 0.390015 0.896423
v -0.131348 1.272339 0.896423
v -0.131348 0.351807 1.044495
v -0.129883 0.390015 0.642395
v -0.129883 1.272339 0.642395
v -0.128906 0.341309 1.049133
v -0.128418 0.386719 0.532532
v -0.126953 0.329834 1.052917
v -0.125488 0.317749 1.055725
v -0.124512 0.305176 1.057312
v -0.124512 0.000000 1.057922
v -0.124512 0.292480 1.057922
v -0.123047 0.389160 0.540344
v -0.118164 0.390015 0.548401
v -0.109863 0.000000 0.455139
v -0.109863 0.292480 0.455139
v -0.109863 0.305176 0.455627
v -0.108887 0.317749 0.457214
v -0.107422 0.329834 0.459656
v -0.104980 0.341309 0.463196
v -0.101563 0.351807 0.467590
v -0.098145 0.361450 0.472839
v -0.096680 0.390015 0.960754
v -0.094238 0.369873 0.478699
v -0.091797 0.389160 0.969055
v -0.089844 0.376953 0.485291
v -0.087891 0.386719 0.977356
v -0.084961 0.382568 0.492249
v -0.083008 0.382568 0.985291
v -0.079590 0.386719 0.499817
v -0.079102 0.376953 0.992859
v -0.078613 0.390015 0.609680
v -0.078613 1.272339 0.609680
v -0.075195 0.369873 0.999817
v -0.074219 0.389160 0.507507
v -0.072754 0.390015 0.863708
v -0.072754 1.272339 0.863708
v -0.071777 0.361450 1.006165
v -0.068848 0.351807 1.011658
v -0.068848 0.390015 0.515320
v -0.066406 0.341309 1.016296
v -0.064453 0.329834 1.020081
v -0.063477 0.000000 0.422058
v -0.063477 0.292480 0.422058
v -0.062988 0.317749 1.022766
v -0.062988 0.305176 0.422424
v -0.062012 0.305176 1.024353
v -0.061523 0.317749 0.424011
v -0.061523 0.000000 1.024963
v -0.061523 0.292480 1.024963
v -0.060059 0.329834 0.426453
v -0.057617 0.341309 0.429871
v -0.054199 0.351807 0.434265
v -0.050781 0.361450 0.439270
v -0.046387 0.369873 0.445129
v -0.041992 0.376953 0.451477
v -0.036621 0.382568 0.458435
v -0.036621 0.390015 0.927063
v -0.031738 0.389160 0.935364
v -0.031250 0.386719 0.465881
v -0.027344 0.390015 0.575745
v -0.027344 1.272339 0.575745
v -0.026855 0.386719 0.943420
v -0.025879 0.389160 0.473450
v -0.022461 0.382568 0.951233
v -0.020020 0.390015 0.481140
v -0.018066 0.376953 0.958679
v -0.017090 0.000000 0.387634
v -0.017090 0.292480 0.387634
v -0.017090 0.305176 0.388123
v -0.016113 0.317749 0.389587
v -0.015625 0.390015 0.829407
v -0.015625 1.272339 0.829407
v -0.014160 0.369873 0.965637
v -0.014160 0.329834 0.392029
v -0.011230 0.341309 0.395447
v -0.010742 0.361450 0.971741
v -0.008301 0.351807 0.399597
v -0.007324 0.351807 0.977234
v -0.004883 0.341309 0.981873
v -0.004395 0.361450 0.404602
v -0.002930 0.329834 0.985535
v -0.000977 0.317749 0.988098
v 0.000000 0.305176 0.989807
v 0.000000 0.000000 0.990295
v 0.000000 0.292480 0.990295
v 0.000000 0.369873 0.410339
v 0.004883 0.376953 0.416687
v 0.010254 0.382568 0.423523
v 0.015625 0.386719 0.430603
v 0.021484 0.389160 0.438049
v 0.022949 0.390015 0.540222
v 0.022949 1.272339 0.540222
v 0.022949 0.390015 0.891785
v 0.026855 0.390015 0.445618
v 0.027832 0.389160 0.899963
v 0.027832 0.000000 0.351990
v 0.027832 0.292480 0.351990
v 0.027832 0.305176 0.352478
v 0.029297 0.317749 0.354065
v 0.031250 0.329834 0.356384
v 0.032227 0.386719 0.907898
v 0.034180 0.341309 0.359680
v 0.037598 0.351807 0.363831
v 0.037598 0.382568 0.915588
v 0.041016 0.390015 0.793762
v 0.041016 1.272339 0.793762
v 0.041016 0.361450 0.368713
v 0.041504 0.376953 0.923035
v 0.045898 0.369873 0.374329
v 0.045898 0.369873 0.929749
v 0.049805 0.361450 0.935852
v 0.050781 0.376953 0.380432
v 0.053223 0.351807 0.941223
v 0.055664 0.341309 0.945740
v 0.056152 0.382568 0.387146
v 0.058105 0.329834 0.949402
v 0.059570 0.317749 0.952087
v 0.060547 0.305176 0.953674
v 0.060547 0.000000 0.954163
v 0.060547 0.292480 0.954163
v 0.062012 0.386719 0.394104
v 0.067871 0.389160 0.401428
v 0.071777 0.390015 0.503601
v 0.071777 1.272339 0.503601
v 0.072266 0.000000 0.315369
v 0.072266 0.292480 0.315369
v 0.072266 0.305176 0.315857
v 0.073730 0.317749 0.317322
v 0.073730 0.390015 0.408875
v 0.075684 0.329834 0.319519
v 0.078125 0.341309 0.322815
v 0.081055 0.390015 0.855042
v 0.082031 0.351807 0.326843
v 0.085938 0.361450 0.331604
v 0.085938 0.389160 0.863098
v 0.090332 0.369873 0.337097
v 0.091309 0.386719 0.870911
v 0.095703 0.376953 0.343201
v 0.096191 0.382568 0.878479
v 0.097168 0.390015 0.756531
v 0.097168 1.272339 0.756531
v 0.100586 0.376953 0.885681
v 0.101074 0.382568 0.349670
v 0.104980 0.369873 0.892395
v 0.107422 0.386719 0.356628
v 0.109375 0.361450 0.898376
v 0.112793 0.351807 0.903748
v 0.113281 0.389160 0.363708
v 0.115234 0.000000 0.277527
v 0.115234 0.292480 0.277527
v 0.115723 0.341309 0.908142
v 0.115234 0.305176 0.278015
v 0.116699 0.317749 0.279358
v 0.117676 0.329834 0.911682
v 0.119141 0.329834 0.281677
v 0.119629 0.390015 0.371033
v 0.119629 0.317749 0.914246
v 0.120117 0.390015 0.465759
v 0.120117 1.272339 0.465759
v 0.120117 0.305176 0.915833
v 0.120605 0.000000 0.916321
v 0.120605 0.292480 0.916321
v 0.121582 0.341309 0.284729
v 0.125000 0.351807 0.288757
v 0.129395 0.361450 0.293396
v 0.134277 0.369873 0.298767
v 0.138184 0.390015 0.816711
v 0.139648 0.376953 0.304626
v 0.143555 0.389160 0.824646
v 0.145020 0.382568 0.311096
v 0.148926 0.386719 0.832336
v 0.151367 0.386719 0.317688
v 0.151855 0.390015 0.717834
v 0.151855 1.272339 0.717834
v 0.153809 0.382568 0.839783
v 0.157227 0.000000 0.238586
v 0.157227 0.292480 0.238586
v 0.157715 0.389160 0.324646
v 0.157715 0.305176 0.238953
v 0.159180 0.376953 0.846863
v 0.159180 0.317749 0.240295
v 0.161133 0.329834 0.242493
v 0.163574 0.369873 0.853455
v 0.164063 0.341309 0.245544
v 0.164063 0.390015 0.331848
v 0.166992 0.390015 0.426575
v 0.166992 1.272339 0.426575
v 0.167480 0.361450 0.859314
v 0.167969 0.351807 0.249451
v 0.170898 0.351807 0.864563
v 0.171875 0.361450 0.254089
v 0.173828 0.341309 0.868958
v 0.176758 0.329834 0.872375
v 0.176758 0.369873 0.259338
v 0.178223 0.317749 0.874939
v 0.179199 0.305176 0.876404
v 0.179688 0.000000 0.877014
v 0.179688 0.292480 0.877014
v 0.182129 0.376953 0.264954
v 0.188477 0.382568 0.271301
v 0.194336 0.390015 0.776917
v 0.194336 0.386719 0.277893
v 0.198242 0.000000 0.198425
v 0.198242 0.292480 0.198425
v 0.198730 0.305176 0.198792
v 0.200195 0.389160 0.784607
v 0.200195 0.317749 0.200134
v 0.201172 0.389160 0.284607
v 0.202637 0.329834 0.202332
v 0.205078 0.390015 0.677673
v 0.205078 1.272339 0.677673
v 0.205078 0.341309 0.205261
v 0.206055 0.386719 0.792297
v 0.207520 0.390015 0.291565
v 0.208984 0.351807 0.209167
v 0.210938 0.382568 0.799622
v 0.212891 0.390015 0.386169
v 0.212891 1.272339 0.386169
v 0.213379 0.361450 0.213562
v 0.216309 0.376953 0.806458
v 0.218750 0.369873 0.218689
v 0.220703 0.369873 0.812927
v 0.224121 0.376953 0.224304
v 0.224609 0.361450 0.818787
v 0.229004 0.351807 0.823792
v 0.230469 0.382568 0.230286
v 0.231934 0.341309 0.828186
v 0.234375 0.329834 0.831604
v 0.236328 0.317749 0.834167
v 0.236816 0.386719 0.236755
v 0.236816 0.305176 0.835632
v 0.237305 0.000000 0.836121
v 0.237305 0.292480 0.836121
v 0.238770 0.000000 0.157288
v 0.238770 0.292480 0.157288
v 0.238770 0.305176 0.157776
v 0.240234 0.317749 0.158997
v 0.242676 0.329834 0.161194
v 0.243164 0.389160 0.243469
v 0.245605 0.341309 0.164001
v 0.249512 0.351807 0.167664
v 0.249512 0.390015 0.735657
v 0.250488 0.390015 0.250183
v 0.254395 0.361450 0.171936
v 0.255371 0.389160 0.743225
v 0.257813 0.390015 0.636292
v 0.257813 1.272339 0.636292
v 0.258301 0.390015 0.344666
v 0.258301 1.272339 0.344666
v 0.259277 0.369873 0.177063
v 0.261230 0.386719 0.750793
v 0.265137 0.376953 0.182434
v 0.266602 0.382568 0.757996
v 0.271484 0.382568 0.188416
v 0.271973 0.376953 0.764709
v 0.276855 0.369873 0.770935
v 0.277832 0.000000 0.115051
v 0.277832 0.292480 0.115051
v 0.277832 0.386719 0.194641
v 0.278320 0.305176 0.115540
v 0.279297 0.317749 0.116760
v 0.281250 0.361450 0.776672
v 0.281738 0.329834 0.118835
v 0.284668 0.389160 0.201111
v 0.284668 0.341309 0.121643
v 0.285156 0.351807 0.781799
v 0.288086 0.341309 0.785950
v 0.288574 0.351807 0.125305
v 0.291016 0.329834 0.789246
v 0.291504 0.390015 0.207703
v 0.292480 0.317749 0.791809
v 0.293457 0.361450 0.129456
v 0.293945 0.305176 0.793274
v 0.293945 0.000000 0.793762
v 0.293945 0.292480 0.793762
v 0.298828 0.369873 0.134338
v 0.301758 0.390015 0.301819
v 0.301758 1.272339 0.301819
v 0.304199 0.390015 0.693054
v 0.304688 0.376953 0.139587
v 0.309570 0.390015 0.593323
v 0.309570 1.272339 0.593323
v 0.309570 0.389160 0.700500
v 0.311035 0.382568 0.145325
v 0.315430 0.000000 0.071960
v 0.315430 0.292480 0.071960
v 0.315918 0.386719 0.707703
v 0.315918 0.305176 0.072327
v 0.316895 0.317749 0.073547
v 0.317871 0.386719 0.151306
v 0.319824 0.329834 0.075623
v 0.321777 0.382568 0.714783
v 0.322754 0.341309 0.078308
v 0.324707 0.389160 0.157654
v 0.326660 0.351807 0.081726
v 0.327148 0.376953 0.721375
v 0.331543 0.361450 0.085754
v 0.331543 0.390015 0.164001
v 0.332031 0.369873 0.727600
v 0.336426 0.361450 0.733215
v 0.337402 0.369873 0.090515
v 0.340332 0.351807 0.738098
v 0.343262 0.376953 0.095764
v 0.343750 0.341309 0.742249
v 0.344238 0.390015 0.257996
v 0.344238 1.272339 0.257996
v 0.346680 0.329834 0.745544
v 0.348633 0.317749 0.747986
v 0.349609 0.305176 0.749329
v 0.349609 0.382568 0.101257
v 0.349609 0.000000 0.749817
v 0.349609 0.292480 0.749817
v 0.352051 0.000000 0.027771
v 0.352051 0.292480 0.027771
v 0.352539 0.305176 0.028137
v 0.354004 0.317749 0.029358
v 0.356445 0.329834 0.031311
v 0.356934 0.386719 0.107117
v 0.356934 0.390015 0.648987
v 0.359863 0.341309 0.033875
v 0.359863 0.390015 0.549133
v 0.359863 1.272339 0.549133
v 0.362793 0.389160 0.656311
v 0.363770 0.389160 0.113220
v 0.363770 0.351807 0.037292
v 0.368652 0.361450 0.041199
v 0.369141 0.386719 0.663391
v 0.371094 0.390015 0.119446
v 0.374023 0.369873 0.045715
v 0.375000 0.382568 0.670227
v 0.380371 0.376953 0.050720
v 0.380859 0.376953 0.676697
v 0.385742 0.369873 0.682800
v 0.386230 0.390015 0.212952
v 0.386230 1.272339 0.212952
v 0.387207 0.382568 0.056213
v 0.387695 0.000000 -0.017273
v 0.387695 0.292480 -0.017273
v 0.388184 0.305176 -0.017029
v 0.389648 0.317749 -0.015808
v 0.390137 0.361450 0.688293
v 0.392090 0.329834 -0.013977
v 0.394043 0.386719 0.061829
v 0.394531 0.351807 0.693176
v 0.395508 0.341309 -0.011292
v 0.397949 0.341309 0.697205
v 0.399414 0.351807 -0.008118
v 0.400879 0.329834 0.700378
v 0.401855 0.389160 0.067810
v 0.402832 0.317749 0.702698
v 0.403809 0.305176 0.704041
v 0.404297 0.000000 0.704529
v 0.404297 0.292480 0.704529
v 0.404297 0.361450 -0.004211
v 0.408691 0.390015 0.603577
v 0.409180 0.390015 0.073792
v 0.409180 0.390015 0.503723
v 0.409180 1.272339 0.503723
v 0.410645 0.369873 0.000061
v 0.415039 0.389160 0.610657
v 0.416992 0.376953 0.004944
v 0.421387 0.386719 0.617615
v 0.421875 0.000000 -0.063416
v 0.421875 0.292480 -0.063416
v 0.422363 0.305176 -0.062927
v 0.423340 0.382568 0.010071
v 0.423828 0.317749 -0.061829
v 0.426270 0.329834 -0.059998
v 0.426758 0.390015 0.166931
v 0.426758 1.272339 0.166931
v 0.427246 0.382568 0.624329
v 0.430176 0.341309 -0.057556
v 0.430664 0.386719 0.015686
v 0.433105 0.376953 0.630676
v 0.434570 0.351807 -0.054504
v 0.437988 0.389160 0.021301
v 0.438477 0.369873 0.636658
v 0.439453 0.361450 -0.050720
v 0.443359 0.361450 0.642029
v 0.444824 0.369873 -0.046570
v 0.445313 0.390015 0.027283
v 0.447754 0.351807 0.646667
v 0.451172 0.341309 0.650574
v 0.451660 0.376953 -0.041931
v 0.454102 0.329834 0.653748
v 0.455078 0.000000 -0.110168
v 0.455078 0.292480 -0.110168
v 0.455566 0.305176 -0.109802
v 0.456055 0.317749 0.655945
v 0.457031 0.390015 0.456970
v 0.457031 1.272339 0.456970
v 0.457520 0.317749 -0.108826
v 0.457520 0.305176 0.657410
v 0.457520 0.000000 0.657898
v 0.457520 0.292480 0.657898
v 0.458496 0.382568 -0.036804
v 0.459473 0.390015 0.556824
v 0.459473 0.329834 -0.107117
v 0.463379 0.341309 -0.104675
v 0.465820 0.390015 0.119812
v 0.465820 1.272339 0.119812
v 0.465820 0.386719 -0.031555
v 0.465820 0.389160 0.563660
v 0.467285 0.351807 -0.101624
v 0.472168 0.386719 0.570496
v 0.473145 0.361450 -0.098083
v 0.473633 0.389160 -0.025940
v 0.478516 0.382568 0.577087
v 0.478516 0.369873 -0.094055
v 0.480957 0.390015 -0.020325
v 0.484375 0.376953 0.583191
v 0.485352 0.376953 -0.089539
v 0.487305 0.000000 -0.158020
v 0.487305 0.292480 -0.158020
v 0.487793 0.305176 -0.157654
v 0.489258 0.317749 -0.156677
v 0.489746 0.369873 0.589050
v 0.491699 0.329834 -0.154968
v 0.492676 0.382568 -0.084656
v 0.494629 0.361450 0.594299
v 0.495605 0.341309 -0.152649
v 0.499512 0.351807 0.598816
v 0.499512 0.351807 -0.149841
v 0.499512 0.386719 -0.079529
v 0.502930 0.341309 0.602722
v 0.503418 0.390015 0.071716
v 0.503418 1.272339 0.071716
v 0.503418 0.390015 0.408997
v 0.503418 1.272339 0.408997
v 0.505371 0.361450 -0.146301
v 0.505859 0.329834 0.605774
v 0.507324 0.389160 -0.074158
v 0.507813 0.317749 0.607971
v 0.508789 0.390015 0.508728
v 0.509277 0.305176 0.609314
v 0.509766 0.000000 0.609802
v 0.509766 0.292480 0.609802
v 0.510742 0.369873 -0.142395
v 0.515137 0.390015 -0.068909
v 0.515625 0.389160 0.515442
v 0.517578 0.000000 -0.206482
v 0.517578 0.292480 -0.206482
v 0.518066 0.376953 -0.138123
v 0.518066 0.305176 -0.206238
v 0.519531 0.317749 -0.205261
v 0.521973 0.386719 0.522034
v 0.522461 0.329834 -0.203674
v 0.524902 0.382568 -0.133362
v 0.526367 0.341309 -0.201355
v 0.528320 0.382568 0.528503
v 0.530273 0.351807 -0.198669
v 0.532227 0.386719 -0.128479
v 0.534668 0.376953 0.534485
v 0.535645 0.361450 -0.195374
v 0.540039 0.369873 0.540100
v 0.540527 0.390015 0.022644
v 0.540527 1.272339 0.022644
v 0.540527 0.389160 -0.123352
v 0.541992 0.369873 -0.191589
v 0.544922 0.361450 0.545227
v 0.547363 0.000000 -0.255920
v 0.547363 0.292480 -0.255920
v 0.547852 0.305176 -0.255554
v 0.548340 0.390015 -0.118103
v 0.548828 0.376953 -0.187439
v 0.549316 0.390015 0.359680
v 0.549316 1.272339 0.359680
v 0.549316 0.317749 -0.254700
v 0.549805 0.351807 0.549622
v 0.552246 0.329834 -0.253113
v 0.553223 0.341309 0.553406
v 0.555664 0.341309 -0.251038
v 0.556152 0.382568 -0.183044
v 0.556152 0.329834 0.556458
v 0.556641 0.390015 0.459290
v 0.558594 0.317749 0.558533
v 0.560059 0.305176 0.559998
v 0.560059 0.351807 -0.248352
v 0.560547 0.000000 0.560364
v 0.560547 0.292480 0.560364
v 0.563965 0.389160 0.465881
v 0.563965 0.386719 -0.178284
v 0.565918 0.361450 -0.245300
v 0.570313 0.386719 0.472351
v 0.571777 0.369873 -0.241638
v 0.571777 0.389160 -0.173279
v 0.575195 0.000000 -0.305969
v 0.575195 0.292480 -0.305969
v 0.575684 0.390015 -0.027405
v 0.575684 1.272339 -0.027405
v 0.575684 0.305176 -0.305725
v 0.577148 0.382568 0.478577
v 0.577148 0.317749 -0.304871
v 0.578613 0.376953 -0.237610
v 0.580078 0.329834 -0.303406
v 0.580078 0.390015 -0.168274
v 0.583008 0.376953 0.484436
v 0.583984 0.341309 -0.301331
v 0.586426 0.382568 -0.233337
v 0.588379 0.351807 -0.298767
v 0.588867 0.369873 0.489929
v 0.593750 0.390015 0.309387
v 0.593750 1.272339 0.309387
v 0.594238 0.361450 -0.295837
v 0.594238 0.386719 -0.228821
v 0.594238 0.361450 0.494812
v 0.598633 0.351807 0.499207
v 0.600098 0.369873 -0.292297
v 0.602051 0.000000 -0.356873
v 0.602051 0.292480 -0.356873
v 0.602051 0.389160 -0.224060
v 0.602539 0.305176 -0.356627
v 0.603027 0.341309 0.502869
v 0.603516 0.390015 0.408752
v 0.604004 0.317749 -0.355652
v 0.605957 0.329834 0.505798
v 0.606934 0.329834 -0.354309
v 0.606934 0.376953 -0.288513
v 0.607910 0.317749 0.507874
v 0.609375 0.305176 0.509216
v 0.609375 0.390015 -0.078430
v 0.609375 1.272339 -0.078430
v 0.609863 0.000000 0.509583
v 0.609863 0.292480 0.509583
v 0.610352 0.390015 -0.219299
v 0.610840 0.341309 -0.352356
v 0.610352 0.389160 0.415100
v 0.614746 0.382568 -0.284485
v 0.615234 0.351807 -0.349915
v 0.617676 0.386719 0.421326
v 0.620605 0.361450 -0.347107
v 0.622559 0.386719 -0.280090
v 0.624512 0.382568 0.427429
v 0.626953 0.000000 -0.408386
v 0.626953 0.292480 -0.408386
v 0.627441 0.369873 -0.343811
v 0.627930 0.305176 -0.408019
v 0.629395 0.317749 -0.407288
v 0.630371 0.376953 0.433167
v 0.631348 0.389160 -0.275696
v 0.632324 0.329834 -0.405945
v 0.634766 0.376953 -0.340271
v 0.636230 0.341309 -0.404114
v 0.636230 0.390015 0.257874
v 0.636230 1.272339 0.257874
v 0.636719 0.369873 0.438416
v 0.639160 0.390015 -0.271057
v 0.641113 0.351807 -0.401917
v 0.642090 0.361450 0.443298
v 0.642090 0.382568 -0.336365
v 0.642578 0.390015 -0.130066
v 0.642578 1.272339 -0.130066
v 0.646484 0.361450 -0.399109
v 0.646973 0.351807 0.447571
v 0.648926 0.390015 0.356873
v 0.650391 0.386719 -0.332214
v 0.650391 0.341309 0.450989
v 0.651367 0.000000 -0.460510
v 0.651367 0.292480 -0.460510
v 0.651855 0.305176 -0.460265
v 0.653320 0.369873 -0.396057
v 0.653809 0.317749 -0.459534
v 0.653809 0.329834 0.453918
v 0.656250 0.317749 0.455994
v 0.656250 0.389160 0.363098
v 0.656250 0.329834 -0.458313
v 0.657227 0.305176 0.457214
v 0.657715 0.000000 0.457581
v 0.657715 0.292480 0.457581
v 0.658203 0.389160 -0.327942
v 0.660156 0.376953 -0.392639
v 0.660156 0.341309 -0.456482
v 0.663574 0.386719 0.369202
v 0.665039 0.351807 -0.454285
v 0.666992 0.390015 -0.323669
v 0.667969 0.382568 -0.388855
v 0.670410 0.382568 0.375061
v 0.670898 0.361450 -0.451721
v 0.673828 0.390015 -0.182800
v 0.673828 1.272339 -0.182800
v 0.674316 0.000000 -0.513367
v 0.674316 0.292480 -0.513367
v 0.674316 0.305176 -0.513000
v 0.676270 0.386719 -0.384949
v 0.676270 0.317749 -0.512268
v 0.676758 0.376953 0.380676
v 0.677246 0.369873 -0.448914
v 0.677734 0.390015 0.205261
v 0.677734 1.272339 0.205261
v 0.679199 0.329834 -0.511169
v 0.683105 0.369873 0.385803
v 0.683105 0.341309 -0.509583
v 0.684570 0.389160 -0.380920
v 0.684570 0.376953 -0.445618
v 0.687988 0.351807 -0.507507
v 0.687988 0.361450 0.390442
v 0.692871 0.382568 -0.442200
v 0.693359 0.390015 0.303894
v 0.692871 0.351807 0.394470
v 0.693359 0.390015 -0.376892
v 0.693848 0.361450 -0.505066
v 0.695313 0.000000 -0.566711
v 0.695313 0.292480 -0.566711
v 0.695801 0.305176 -0.566466
v 0.696777 0.341309 0.398010
v 0.697266 0.317749 -0.565735
v 0.700684 0.329834 0.400818
v 0.700684 0.369873 -0.502258
v 0.700684 0.329834 -0.564636
v 0.700684 0.389160 0.309875
v 0.701172 0.386719 -0.438538
v 0.702637 0.317749 0.402771
v 0.703613 0.390015 -0.236267
v 0.703613 1.272339 -0.236267
v 0.704102 0.305176 0.403992
v 0.704102 0.341309 -0.563171
v 0.704590 0.000000 0.404358
v 0.704590 0.292480 0.404358
v 0.708008 0.376953 -0.499207
v 0.707520 0.386719 0.315857
v 0.709473 0.351807 -0.561218
v 0.709473 0.389160 -0.434631
v 0.714844 0.382568 0.321472
v 0.715332 0.000000 -0.620422
v 0.715332 0.292480 -0.620422
v 0.715332 0.361450 -0.558899
v 0.715332 0.382568 -0.496033
v 0.715820 0.305176 -0.620299
v 0.717773 0.317749 -0.619690
v 0.717773 0.390015 0.151550
v 0.717773 1.272339 0.151550
v 0.717773 0.390015 -0.430847
v 0.720703 0.329834 -0.618591
v 0.721680 0.376953 0.326843
v 0.722168 0.369873 -0.556335
v 0.724121 0.386719 -0.492493
v 0.724121 0.341309 -0.617249
v 0.727539 0.369873 0.331848
v 0.729492 0.351807 -0.615417
v 0.729492 0.376953 -0.553528
v 0.732422 0.390015 -0.290466
v 0.732422 1.272339 -0.290466
v 0.732422 0.389160 -0.488953
v 0.733398 0.361450 0.336365
v 0.733398 0.000000 -0.674866
v 0.733398 0.292480 -0.674866
v 0.733887 0.305176 -0.674743
v 0.735352 0.361450 -0.613342
v 0.735840 0.390015 0.249817
v 0.735840 0.317749 -0.674133
v 0.737305 0.382568 -0.550476
v 0.737793 0.351807 0.340393
v 0.739258 0.329834 -0.673157
v 0.741211 0.390015 -0.485291
v 0.742188 0.369873 -0.610901
v 0.742188 0.341309 0.343811
v 0.742676 0.341309 -0.671936
v 0.743164 0.389160 0.255554
v 0.745605 0.329834 0.346497
v 0.746094 0.386719 -0.547180
v 0.748047 0.317749 0.348328
v 0.748047 0.351807 -0.670227
v 0.749512 0.305176 0.349426
v 0.749512 0.376953 -0.608215
v 0.750000 0.000000 0.349915
v 0.750000 0.292480 0.349915
v 0.750488 0.000000 -0.729675
v 0.750488 0.292480 -0.729675
v 0.750977 0.386719 0.261292
v 0.750977 0.305176 -0.729552
v 0.752930 0.317749 -0.729065
v 0.753906 0.361450 -0.668274
v 0.754883 0.389160 -0.543762
v 0.755859 0.329834 -0.728210
v 0.756348 0.390015 0.096863
v 0.756348 1.272339 0.096863
v 0.757813 0.382568 -0.605408
v 0.757813 0.382568 0.266785
v 0.759277 0.390015 -0.345398
v 0.759277 1.272339 -0.345398
v 0.760254 0.341309 -0.726990
v 0.760742 0.369873 -0.666077
v 0.763672 0.390015 -0.540466
v 0.764648 0.376953 0.272034
v 0.765137 0.351807 -0.725403
v 0.766113 0.000000 -0.784973
v 0.766113 0.292480 -0.784973
v 0.766113 0.386719 -0.602478
v 0.767090 0.305176 -0.784850
v 0.768555 0.376953 -0.663513
v 0.768555 0.317749 -0.784363
v 0.770996 0.369873 0.276794
v 0.771484 0.361450 -0.723694
v 0.771484 0.329834 -0.783630
v 0.775391 0.389160 -0.599304
v 0.775391 0.341309 -0.782410
v 0.776855 0.382568 -0.660950
v 0.776855 0.361450 0.281311
v 0.776855 0.390015 0.194519
v 0.778320 0.369873 -0.721619
v 0.780273 0.000000 -0.840759
v 0.780273 0.292480 -0.840759
v 0.780762 0.351807 -0.781189
v 0.780762 0.305176 -0.840514
v 0.781738 0.351807 0.285095
v 0.782715 0.317749 -0.840149
v 0.784180 0.390015 -0.596130
v 0.784668 0.389160 0.200134
v 0.785156 0.390015 -0.401062
v 0.785156 1.272339 -0.401062
v 0.785156 0.386719 -0.658142
v 0.785645 0.376953 -0.719421
v 0.785645 0.329834 -0.839294
v 0.786133 0.341309 0.288391
v 0.786621 0.361450 -0.779480
v 0.789063 0.329834 0.290833
v 0.789551 0.341309 -0.838440
v 0.791992 0.317749 0.292786
v 0.791992 0.386719 0.205627
v 0.792969 0.000000 -0.896667
v 0.792969 0.292480 -0.896667
v 0.792969 0.305176 0.293884
v 0.793945 0.305176 -0.896544
v 0.793457 0.390015 0.041199
v 0.793457 1.272339 0.041199
v 0.793945 0.000000 0.294250
v 0.793945 0.292480 0.294250
v 0.793945 0.369873 -0.777649
v 0.793945 0.382568 -0.716980
v 0.794434 0.389160 -0.655212
v 0.794922 0.351807 -0.837097
v 0.795410 0.317749 -0.896179
v 0.798828 0.329834 -0.895569
v 0.799316 0.382568 0.210999
v 0.801270 0.361450 -0.835754
v 0.801270 0.376953 -0.775574
v 0.802246 0.386719 -0.714294
v 0.802734 0.341309 -0.894714
v 0.803223 0.390015 -0.652283
v 0.804199 0.000000 -0.952942
v 0.804199 0.292480 -0.952942
v 0.805176 0.305176 -0.952941
v 0.806641 0.376953 0.216003
v 0.806641 0.317749 -0.952576
v 0.807617 0.351807 -0.893494
v 0.808105 0.369873 -0.833923
v 0.809082 0.390015 -0.457336
v 0.809082 1.272339 -0.457336
v 0.810059 0.329834 -0.951965
v 0.810059 0.382568 -0.773254
v 0.811523 0.389160 -0.711609
v 0.812988 0.369873 0.220642
v 0.813965 0.341309 -0.951233
v 0.813965 0.000000 -1.009583
v 0.813965 0.292480 -1.009583
v 0.813965 0.361450 -0.892151
v 0.814941 0.305176 -1.009459
v 0.815918 0.376953 -0.832214
v 0.816406 0.317749 -1.009216
v 0.816895 0.390015 0.138245
v 0.818359 0.386719 -0.770935
v 0.818848 0.361450 0.224915
v 0.818848 0.351807 -0.950256
v 0.819336 0.329834 -1.008728
v 0.820801 0.390015 -0.709045
v 0.820801 0.369873 -0.890686
v 0.822266 0.000000 -1.066467
v 0.822266 0.292480 -1.066467
v 0.822754 0.305176 -1.066344
v 0.823730 0.341309 -1.008118
v 0.823730 0.351807 0.228577
v 0.824219 0.382568 -0.830139
v 0.824707 0.389160 0.143616
v 0.824707 0.317749 -1.066101
v 0.825195 0.361450 -0.949036
v 0.827637 0.389160 -0.768494
v 0.827637 0.329834 -1.065735
v 0.828125 0.341309 0.231750
v 0.829102 0.376953 -0.889099
v 0.829102 0.351807 -1.007263
v 0.828613 0.000000 -1.123474
v 0.828613 0.292480 -1.123474
v 0.829102 0.390015 -0.015442
v 0.829102 1.272339 -0.015442
v 0.829590 0.305176 -1.123473
v 0.831543 0.317749 -1.123230
v 0.831543 0.329834 0.234314
v 0.831543 0.390015 -0.514221
v 0.831543 1.272339 -0.514221
v 0.832031 0.341309 -1.065247
v 0.832520 0.386719 0.148987
v 0.832520 0.369873 -0.947815
v 0.833008 0.386719 -0.828064
v 0.833984 0.317749 0.236145
v 0.833984 0.000000 -1.180725
v 0.833984 0.292480 -1.180725
v 0.834473 0.329834 -1.122864
v 0.834961 0.305176 -1.180602
v 0.834961 0.361450 -1.006287
v 0.835938 0.305176 0.237244
v 0.836426 0.000000 0.237488
v 0.836426 0.292480 0.237488
v 0.836426 0.317749 -1.180481
v 0.836914 0.390015 -0.766052
v 0.837402 0.382568 -0.887268
v 0.837402 0.351807 -1.064514
v 0.837891 0.000000 -1.237976
v 0.837891 0.292480 -1.237976
v 0.838379 0.305176 -1.237975
v 0.838867 0.341309 -1.122375
v 0.839844 0.329834 -1.180237
v 0.839844 0.382568 0.154114
v 0.839844 0.376953 -0.946350
v 0.840332 0.000000 -1.295349
v 0.840332 0.292480 -1.295349
v 0.840332 0.317749 -1.237854
v 0.840820 0.305176 -1.295348
v 0.841309 0.000000 -1.352844
v 0.841309 0.292480 -1.352844
v 0.841797 0.305176 -1.352843
v 0.842285 0.389160 -0.825867
v 0.842285 0.369873 -1.005188
v 0.842773 0.317749 -1.295227
v 0.843750 0.361450 -1.063660
v 0.843750 0.317749 -1.352844
v 0.843262 0.329834 -1.237732
v 0.843750 0.341309 -1.179871
v 0.844238 0.351807 -1.121887
v 0.845703 0.329834 -1.295227
v 0.845703 0.386719 -0.885437
v 0.846191 0.329834 -1.352844
v 0.846680 0.376953 0.158997
v 0.847656 0.341309 -1.237488
v 0.848633 0.382568 -0.944763
v 0.849121 0.351807 -1.179504
v 0.850098 0.341309 -1.295105
v 0.850098 0.376953 -1.003845
v 0.850586 0.361450 -1.121277
v 0.850586 0.369873 -1.062805
v 0.850586 0.341309 -1.352844
v 0.851563 0.390015 -0.823669
v 0.853027 0.390015 -0.571594
v 0.853027 1.272339 -0.571594
v 0.853027 0.351807 -1.237244
v 0.853516 0.369873 0.163513
v 0.854980 0.390015 0.080994
v 0.855469 0.389160 -0.883484
v 0.855469 0.351807 -1.294983
v 0.855469 0.361450 -1.179016
v 0.856445 0.351807 -1.352844
v 0.857422 0.369873 -1.120422
v 0.857422 0.386719 -0.943176
v 0.858398 0.376953 -1.061707
v 0.858887 0.382568 -1.002625
v 0.859375 0.361450 0.167542
v 0.859375 0.361450 -1.236877
v 0.861328 0.361450 -1.294739
v 0.862305 0.361450 -1.352844
v 0.862793 0.369873 -1.178406
v 0.862793 0.389160 0.086243
v 0.863770 0.390015 -0.073059
v 0.863770 1.272339 -0.073059
v 0.864258 0.351807 0.171082
v 0.864258 0.390015 -0.881409
v 0.865234 0.376953 -1.119690
v 0.866211 0.369873 -1.236511
v 0.866699 0.389160 -0.941467
v 0.867188 0.382568 -1.060608
v 0.867188 0.386719 -1.001160
v 0.868652 0.369873 -1.294617
v 0.869141 0.341309 0.174133
v 0.869629 0.369873 -1.352478
v 0.869629 0.369873 -1.352844
v 0.870605 0.376953 -1.177795
v 0.870605 0.386719 0.091248
v 0.872559 0.329834 0.176453
v 0.873047 0.390015 -0.629700
v 0.873047 1.272339 -0.629700
v 0.874023 0.382568 -1.118713
v 0.874512 0.376953 -1.236023
v 0.875000 0.317749 0.178284
v 0.875977 0.386719 -1.059387
v 0.875977 0.390015 -0.939636
v 0.876465 0.305176 0.179260
v 0.876465 0.389160 -0.999695
v 0.876953 0.376953 -1.294373
v 0.876953 0.000000 0.179626
v 0.876953 0.292480 0.179626
v 0.877441 0.376953 -1.352234
v 0.877441 0.376953 -1.352844
v 0.878418 0.382568 0.096130
v 0.879395 0.382568 -1.177063
v 0.882813 0.386719 -1.117859
v 0.883301 0.382568 -1.235535
v 0.885254 0.389160 -1.058167
v 0.885254 0.382568 -1.294128
v 0.885742 0.376953 0.100891
v 0.886230 0.382568 -1.352234
v 0.886230 0.382568 -1.352844
v 0.886230 0.390015 -0.998108
v 0.888184 0.386719 -1.176453
v 0.890625 0.390015 -0.688171
v 0.890625 1.272339 -0.688171
v 0.892090 0.390015 0.022644
v 0.892090 0.386719 -1.235168
v 0.892090 0.389160 -1.116882
v 0.892090 0.369873 0.105286
v 0.894531 0.386719 -1.293884
v 0.894531 0.390015 -1.056824
v 0.895508 0.386719 -1.352112
v 0.895020 0.386719 -1.352844
v 0.896484 0.390015 -0.131531
v 0.896484 1.272339 -0.131531
v 0.897949 0.389160 -1.175598
v 0.898438 0.361450 0.109070
v 0.899902 0.389160 0.027649
v 0.901367 0.389160 -1.234680
v 0.901367 0.390015 -1.115906
v 0.903320 0.351807 0.112610
v 0.903809 0.389160 -1.293762
v 0.904785 0.389160 -1.351990
v 0.904297 0.389160 -1.352844
v 0.907227 0.390015 -1.174866
v 0.907715 0.390015 -0.747131
v 0.907715 1.272339 -0.747131
v 0.907715 0.386719 0.032654
v 0.908203 0.341309 0.115540
v 0.911133 0.390015 -1.234070
v 0.911621 0.329834 0.117737
v 0.913574 0.390015 -1.293396
v 0.914063 0.390015 -1.351868
v 0.914063 0.390015 -1.352844
v 0.914063 0.317749 0.119446
v 0.915527 0.382568 0.037292
v 0.916016 0.305176 0.120422
v 0.916504 0.000000 0.120789
v 0.916504 0.292480 0.120789
v 0.922852 0.390015 -0.806458
v 0.922852 1.272339 -0.806458
v 0.922852 0.376953 0.041809
v 0.927246 0.390015 -0.036560
v 0.927734 0.390015 -0.190857
v 0.927734 1.272339 -0.190857
v 0.929688 0.369873 0.045959
v 0.935547 0.389160 -0.031799
v 0.936035 0.361450 0.049744
v 0.936035 0.390015 -0.866272
v 0.936035 1.272339 -0.866272
v 0.941406 0.351807 0.052917
v 0.943359 0.386719 -0.027039
v 0.945801 0.341309 0.055847
v 0.947754 0.390015 -0.926453
v 0.947754 1.272339 -0.926453
v 0.949219 0.329834 0.057922
v 0.951172 0.382568 -0.022522
v 0.952148 0.317749 0.059509
v 0.953613 0.305176 0.060608
v 0.954102 0.000000 0.060852
v 0.954102 0.292480 0.060852
v 0.957031 0.390015 -0.251038
v 0.957031 1.272339 -0.251038
v 0.958496 0.390015 -0.986755
v 0.958496 1.272339 -0.986755
v 0.958496 0.376953 -0.018250
v 0.960938 0.390015 -0.096619
v 0.965820 0.369873 -0.014343
v 0.967285 0.390015 -1.047424
v 0.967285 1.272339 -1.047424
v 0.969238 0.389160 -0.092102
v 0.971680 0.361450 -0.010681
v 0.974609 0.390015 -1.108215
v 0.974609 1.272339 -1.108215
v 0.977539 0.351807 -0.007507
v 0.977051 0.386719 -0.087585
v 0.979980 0.390015 -1.169250
v 0.979980 1.272339 -1.169250
v 0.981934 0.341309 -0.004944
v 0.984375 0.390015 -1.230286
v 0.984375 1.272339 -1.230286
v 0.985352 0.382568 -0.083313
v 0.985352 0.390015 -0.311829
v 0.985352 1.272339 -0.311829
v 0.985352 0.329834 -0.002747
v 0.986328 0.390015 -1.291565
v 0.986328 1.272339 -1.291565
v 0.987305 0.000000 -1.352844
v 0.987305 0.390015 -1.352844
v 0.987305 1.272339 -1.352844
v 0.988281 0.317749 -0.001160
v 0.989746 0.305176 -0.000305
v 0.990234 0.000000 -0.000061
v 0.990234 0.292480 -0.000061
v 0.992676 0.390015 -0.157654
v 0.992676 0.376953 -0.079285
v 0.999512 0.369873 -0.075378
v 1.001465 0.389160 -0.153381
v 1.006348 0.361450 -0.072083
v 1.009766 0.386719 -0.149109
v 1.011719 0.351807 -0.069031
v 1.011719 0.390015 -0.373352
v 1.011719 1.272339 -0.373352
v 1.016113 0.341309 -0.066467
v 1.018066 0.382568 -0.144958
v 1.020020 0.329834 -0.064514
v 1.022949 0.317749 -0.063049
v 1.022949 0.390015 -0.219421
v 1.024414 0.305176 -0.062073
v 1.024902 0.000000 -0.061829
v 1.024902 0.292480 -0.061829
v 1.025391 0.376953 -0.141052
v 1.032227 0.389160 -0.215393
v 1.032227 0.369873 -0.137390
v 1.036621 0.390015 -0.435608
v 1.036621 1.272339 -0.435608
v 1.038574 0.361450 -0.134216
v 1.040039 0.386719 -0.211243
v 1.044434 0.351807 -0.131409
v 1.048828 0.382568 -0.207336
v 1.049316 0.341309 -0.128845
v 1.052246 0.390015 -0.282043
v 1.052734 0.329834 -0.127014
v 1.055664 0.317749 -0.125671
v 1.056152 0.376953 -0.203796
v 1.057129 0.305176 -0.124817
v 1.058105 0.000000 -0.124451
v 1.058105 0.292480 -0.124451
v 1.060059 0.390015 -0.498474
v 1.060059 1.272339 -0.498474
v 1.060059 0.000000 -1.352844
v 1.060059 0.097534 -1.352844
v 1.060547 0.389160 -0.278259
v 1.063477 0.369873 -0.200256
v 1.069336 0.386719 -0.274353
v 1.069824 0.361450 -0.197205
v 1.075684 0.351807 -0.194519
v 1.077637 0.382568 -0.270691
v 1.079590 0.390015 -0.345398
v 1.080566 0.341309 -0.192200
v 1.081543 0.390015 -0.561951
v 1.081543 1.272339 -0.561951
v 1.083984 0.329834 -0.190369
v 1.085449 0.376953 -0.267151
v 1.086914 0.317749 -0.189026
v 1.088379 0.389160 -0.341736
v 1.088867 0.305176 -0.188171
v 1.089355 0.000000 -0.188049
v 1.089355 0.292480 -0.188049
v 1.092773 0.369873 -0.263977
v 1.097168 0.386719 -0.338196
v 1.099121 0.361450 -0.261047
v 1.101074 0.390015 -0.625916
v 1.101074 1.272339 -0.625916
v 1.104980 0.390015 -0.409363
v 1.105469 0.351807 -0.258484
v 1.105469 0.382568 -0.334656
v 1.109863 0.341309 -0.256287
v 1.112793 0.376953 -0.331360
v 1.113770 0.389160 -0.405945
v 1.113770 0.329834 -0.254578
v 1.116699 0.317749 -0.253357
v 1.118164 0.305176 -0.252502
v 1.119141 0.000000 -0.252380
v 1.119141 0.292480 -0.252380
v 1.119141 0.390015 -0.690369
v 1.119141 1.272339 -0.690369
v 1.120117 0.369873 -0.328430
v 1.122559 0.386719 -0.402649
v 1.126953 0.361450 -0.325623
v 1.128906 0.390015 -0.474060
v 1.131348 0.382568 -0.399353
v 1.132813 0.351807 -0.323181
v 1.133301 0.000000 -1.352844
v 1.133301 0.097534 -1.352844
v 1.135742 0.390015 -0.755310
v 1.135742 1.272339 -0.755310
v 1.137695 0.389160 -0.470886
v 1.137695 0.341309 -0.321106
v 1.138672 0.376953 -0.396301
v 1.141602 0.329834 -0.319519
v 1.144531 0.317749 -0.318298
v 1.146484 0.305176 -0.317566
v 1.146484 0.369873 -0.393372
v 1.146484 0.386719 -0.467712
v 1.146973 0.000000 -0.317322
v 1.146973 0.292480 -0.317322
v 1.150879 0.390015 -0.820740
v 1.150879 1.272339 -0.820740
v 1.150879 0.390015 -0.539368
v 1.152832 0.361450 -0.390808
v 1.154785 0.382568 -0.464661
v 1.158691 0.351807 -0.388611
v 1.160156 0.389160 -0.536316
v 1.163086 0.376953 -0.461853
v 1.164063 0.390015 -0.886414
v 1.164063 1.272339 -0.886414
v 1.164063 0.341309 -0.386780
v 1.167969 0.329834 -0.385193
v 1.168945 0.386719 -0.533386
v 1.170410 0.369873 -0.459167
v 1.170898 0.317749 -0.384094
v 1.171387 0.390015 -0.605042
v 1.172852 0.305176 -0.383483
v 1.173340 0.000000 -0.383240
v 1.173340 0.292480 -0.383240
v 1.175293 0.390015 -0.952454
v 1.175293 1.272339 -0.952454
v 1.177246 0.361450 -0.456726
v 1.177734 0.382568 -0.530701
v 1.180664 0.389160 -0.602478
v 1.183594 0.351807 -0.454773
v 1.185059 0.390015 -1.018738
v 1.185059 1.272339 -1.018738
v 1.185547 0.376953 -0.528015
v 1.188477 0.341309 -0.452942
v 1.189453 0.386719 -0.599670
v 1.189941 0.390015 -0.671448
v 1.192383 0.329834 -0.451477
v 1.192383 0.390015 -1.085266
v 1.192383 1.272339 -1.085266
v 1.192871 0.369873 -0.525574
v 1.195313 0.317749 -0.450378
v 1.197266 0.305176 -0.449889
v 1.197754 0.000000 -0.449646
v 1.197754 0.292480 -0.449646
v 1.198242 0.382568 -0.597107
v 1.198730 0.390015 -1.152039
v 1.198730 1.272339 -1.152039
v 1.199219 0.389160 -0.669006
v 1.200195 0.361450 -0.523376
v 1.203125 0.390015 -1.218811
v 1.203125 1.272339 -1.218811
v 1.205566 0.390015 -1.285828
v 1.205566 1.272339 -1.285828
v 1.206055 0.351807 -0.521423
v 1.206543 0.376953 -0.594666
v 1.206543 0.000000 -1.352844
v 1.206543 0.390015 -1.352844
v 1.206543 1.272339 -1.352844
v 1.207031 0.390015 -0.738220
v 1.208008 0.386719 -0.666565
v 1.210938 0.341309 -0.519714
v 1.213867 0.369873 -0.592468
v 1.215332 0.329834 -0.518372
v 1.216309 0.389160 -0.736023
v 1.217285 0.382568 -0.664124
v 1.217773 0.317749 -0.517395
v 1.219727 0.305176 -0.516906
v 1.220215 0.000000 -0.516785
v 1.220215 0.292480 -0.516785
v 1.220703 0.361450 -0.590393
v 1.222168 0.390015 -0.805481
v 1.225098 0.376953 -0.662048
v 1.225586 0.386719 -0.733826
v 1.227051 0.351807 -0.588684
v 1.231445 0.389160 -0.803406
v 1.231934 0.341309 -0.587219
v 1.232910 0.369873 -0.659851
v 1.233887 0.382568 -0.731750
v 1.235840 0.390015 -0.873108
v 1.236328 0.329834 -0.585876
v 1.239258 0.317749 -0.585022
v 1.239746 0.361450 -0.658142
v 1.240723 0.386719 -0.801453
v 1.240723 0.305176 -0.584533
v 1.241699 0.000000 -0.584412
v 1.241699 0.292480 -0.584412
v 1.242676 0.376953 -0.729797
v 1.245117 0.389160 -0.871277
v 1.246094 0.351807 -0.656433
v 1.247559 0.390015 -0.940979
v 1.249512 0.382568 -0.799622
v 1.250000 0.369873 -0.727844
v 1.250977 0.341309 -0.655090
v 1.254395 0.386719 -0.869568
v 1.255371 0.329834 -0.653992
v 1.256836 0.389160 -0.939514
v 1.257324 0.390015 -1.009094
v 1.257324 0.361450 -0.726257
v 1.258301 0.376953 -0.797791
v 1.258301 0.317749 -0.653259
v 1.260254 0.305176 -0.652648
v 1.260742 0.000000 -0.652527
v 1.260742 0.292480 -0.652527
v 1.263184 0.382568 -0.867981
v 1.263672 0.351807 -0.724792
v 1.265625 0.390015 -1.077698
v 1.265625 0.369873 -0.796204
v 1.266113 0.386719 -0.938049
v 1.266602 0.389160 -1.007996
v 1.268555 0.341309 -0.723450
v 1.271484 0.376953 -0.866394
v 1.271484 0.390015 -1.146179
v 1.272949 0.329834 -0.722473
v 1.272949 0.361450 -0.794739
v 1.274902 0.389160 -1.076599
v 1.274902 0.382568 -0.936584
v 1.275879 0.317749 -0.721741
v 1.275879 0.386719 -1.006775
v 1.276367 0.390015 -1.215027
v 1.277832 0.305176 -0.721251
v 1.277832 0.000000 -0.721130
v 1.277832 0.292480 -0.721130
v 1.278809 0.390015 -1.283875
v 1.278809 0.351807 -0.793396
v 1.279297 0.369873 -0.864929
v 1.279785 0.390015 -1.352844
v 1.281250 0.389160 -1.145569
v 1.283691 0.376953 -0.935242
v 1.284180 0.386719 -1.075623
v 1.284180 0.341309 -0.792297
v 1.284668 0.382568 -1.005554
v 1.285645 0.389160 -1.214539
v 1.286621 0.361450 -0.863708
v 1.288574 0.329834 -0.791443
v 1.288086 0.389160 -1.283630
v 1.289551 0.389160 -1.352844
v 1.290527 0.386719 -1.144714
v 1.291016 0.369873 -0.934021
v 1.291504 0.317749 -0.790710
v 1.292969 0.351807 -0.862488
v 1.293457 0.305176 -0.790343
v 1.293457 0.382568 -1.074646
v 1.293457 0.376953 -1.004456
v 1.293457 0.000000 -0.790222
v 1.293457 0.292480 -0.790222
v 1.294922 0.386719 -1.214050
v 1.297852 0.386719 -1.283386
v 1.297852 0.341309 -0.861511
v 1.298340 0.361450 -0.932922
v 1.298828 0.386719 -1.352844
v 1.299805 0.382568 -1.144104
v 1.301270 0.369873 -1.003357
v 1.301758 0.376953 -1.073792
v 1.301758 0.329834 -0.860657
v 1.304199 0.382568 -1.213562
v 1.304688 0.351807 -0.931824
v 1.305176 0.317749 -0.860168
v 1.306641 0.382568 -1.283142
v 1.306641 0.305176 -0.859923
v 1.307617 0.000000 -0.859680
v 1.307617 0.292480 -0.859680
v 1.307617 0.382568 -1.352844
v 1.308105 0.376953 -1.143372
v 1.308105 0.361450 -1.002380
v 1.309570 0.369873 -1.072937
v 1.309570 0.341309 -0.931091
v 1.312988 0.376953 -1.213074
v 1.313965 0.329834 -0.930481
v 1.314453 0.351807 -1.001648
v 1.315430 0.376953 -1.282898
v 1.315918 0.369873 -1.142761
v 1.316406 0.376953 -1.352844
v 1.316895 0.361450 -1.072205
v 1.317383 0.317749 -0.929993
v 1.318848 0.305176 -0.929626
v 1.319336 0.000000 -0.929504
v 1.319336 0.292480 -0.929504
v 1.320313 0.341309 -1.000916
v 1.320801 0.369873 -1.212708
v 1.323242 0.351807 -1.071594
v 1.323242 0.361450 -1.142151
v 1.323242 0.369873 -1.282654
v 1.324219 0.329834 -1.000305
v 1.324219 0.369873 -1.352844
v 1.327148 0.317749 -0.999939
v 1.327637 0.361450 -1.212341
v 1.328613 0.341309 -1.070984
v 1.329102 0.305176 -0.999694
v 1.329590 0.351807 -1.141663
v 1.329590 0.000000 -0.999695
v 1.329590 0.292480 -0.999695
v 1.330566 0.361450 -1.282532
v 1.331543 0.361450 -1.352844
v 1.332520 0.329834 -1.070496
v 1.333984 0.351807 -1.211975
v 1.334473 0.341309 -1.141296
v 1.335449 0.317749 -1.070251
v 1.336914 0.351807 -1.282288
v 1.337402 0.305176 -1.070128
v 1.337891 0.351807 -1.352844
v 1.337891 0.000000 -1.070007
v 1.337891 0.292480 -1.070007
v 1.338867 0.329834 -1.140930
v 1.339355 0.341309 -1.211731
v 1.341797 0.317749 -1.140686
v 1.342285 0.341309 -1.282288
v 1.342773 0.341309 -1.352844
v 1.343262 0.329834 -1.211487
v 1.344238 0.305176 -1.140563
v 1.344238 0.000000 -1.140442
v 1.344238 0.292480 -1.140442
v 1.346191 0.329834 -1.282166
v 1.346680 0.317749 -1.211243
v 1.347168 0.329834 -1.352844
v 1.348633 0.305176 -1.211242
v 1.349121 0.000000 -1.211121
v 1.349121 0.292480 -1.211121
v 1.349609 0.317749 -1.282043
v 1.350098 0.317749 -1.352844
v 1.351563 0.305176 -1.281920
v 1.352051 0.000000 -1.282043
v 1.352051 0.292480 -1.282043
v 1.352051 0.305176 -1.352843
v 1.353027 0.000000 -1.352844
v 1.353027 0.292480 -1.352844
vt 0.803825 0.719459
vt 0.798557 0.702375
vt 0.799761 0.702111
vt 0.802621 0.719722
vt 0.797654 0.702638
vt 0.801567 0.719910
vt 0.805481 0.700719
vt 0.807287 0.718668
vt 0.803374 0.701283
vt 0.809394 0.718217
vt 0.807889 0.700192
vt 0.811953 0.717728
vt 0.813157 0.698913
vt 0.814512 0.717163
vt 0.810448 0.699552
vt 0.817071 0.716599
vt 0.816017 0.698235
vt 0.820081 0.715997
vt 0.813007 0.735828
vt 0.815265 0.735376
vt 0.820683 0.734398
vt 0.823543 0.733871
vt 0.822791 0.715357
vt 0.826403 0.733307
vt 0.805330 0.719082
vt 0.801417 0.701697
vt 0.795396 0.684839
vt 0.797052 0.684463
vt 0.817974 0.734887
vt 0.793289 0.685441
vt 0.794192 0.685215
vt 0.797052 0.702751
vt 0.801116 0.720023
vt 0.792837 0.685591
vt 0.818877 0.697558
vt 0.811502 0.680549
vt 0.808642 0.681302
vt 0.803374 0.682732
vt 0.801116 0.683371
vt 0.158244 0.139579
vt 0.139278 0.161894
vt 0.139278 0.139316
vt 0.139579 0.161856
vt 0.157642 0.162120
vt 0.176005 0.162835
vt 0.177209 0.140332
vt 0.194218 0.164001
vt 0.195874 0.141574
vt 0.212431 0.165694
vt 0.214689 0.143267
vt 0.230644 0.167839
vt 0.233504 0.145487
vt 0.248706 0.170474
vt 0.252168 0.148234
vt 0.266618 0.173597
vt 0.270833 0.151395
vt 0.284530 0.177134
vt 0.289347 0.155083
vt 0.302442 0.181198
vt 0.307710 0.159260
vt 0.320204 0.185676
vt 0.326074 0.163926
vt 0.337814 0.190643
vt 0.344136 0.169044
vt 0.355275 0.196062
vt 0.362349 0.174650
vt 0.372585 0.201932
vt 0.380111 0.180709
vt 0.389744 0.208292
vt 0.397872 0.187219
vt 0.406753 0.215065
vt 0.415332 0.194218
vt 0.423611 0.222290
vt 0.432642 0.201706
vt 0.440168 0.229929
vt 0.449952 0.209571
vt 0.456575 0.238019
vt 0.466810 0.217925
vt 0.472831 0.246561
vt 0.483518 0.226768
vt 0.488786 0.255480
vt 0.499925 0.235950
vt 0.504440 0.264850
vt 0.516331 0.245621
vt 0.519944 0.274596
vt 0.532136 0.255706
vt 0.535146 0.284794
vt 0.547941 0.266167
vt 0.550199 0.295330
vt 0.563444 0.277117
vt 0.564648 0.306280
vt 0.578496 0.288406
vt 0.579098 0.317607
vt 0.593398 0.300071
vt 0.593247 0.329272
vt 0.606945 0.341352
vt 0.607848 0.312151
vt 0.620341 0.353770
vt 0.621997 0.324606
vt 0.633587 0.366526
vt 0.635995 0.337400
vt 0.646230 0.379621
vt 0.649391 0.350609
vt 0.658573 0.393093
vt 0.662487 0.364118
vt 0.670765 0.406828
vt 0.675431 0.378003
vt 0.682506 0.420902
vt 0.687925 0.392190
vt 0.693644 0.435239
vt 0.699966 0.406715
vt 0.704632 0.449914
vt 0.711556 0.421541
vt 0.715169 0.464891
vt 0.722996 0.436669
vt 0.725404 0.480056
vt 0.733833 0.452097
vt 0.735188 0.495522
vt 0.744219 0.467826
vt 0.744520 0.511251
vt 0.754455 0.483744
vt 0.753401 0.527207
vt 0.761981 0.543425
vt 0.764088 0.500000
vt 0.770109 0.559832
vt 0.773270 0.516482
vt 0.777635 0.576464
vt 0.782150 0.533190
vt 0.784860 0.593247
vt 0.790429 0.550123
vt 0.791784 0.610256
vt 0.798406 0.567283
vt 0.798105 0.627415
vt 0.803976 0.644725
vt 0.805782 0.584630
vt 0.809394 0.662223
vt 0.812706 0.602166
vt 0.814362 0.679797
vt 0.819329 0.619852
vt 0.825500 0.637764
vt 0.830919 0.655789
vt 0.829564 0.751331
vt 0.832123 0.769431
vt 0.836187 0.673964
vt 0.834230 0.787644
vt 0.836037 0.805820
vt 0.837241 0.824070
vt 0.840853 0.692252
vt 0.837993 0.842358
vt 0.838144 0.860383
vt 0.838144 0.860684
vt 0.860722 0.860684
vt 0.844917 0.710691
vt 0.848530 0.729242
vt 0.851841 0.747832
vt 0.854551 0.766534
vt 0.856808 0.785274
vt 0.858464 0.804089
vt 0.859819 0.822904
vt 0.860421 0.841794
vt 0.806083 0.682017
vt 0.798858 0.683936
vt 0.810749 0.736204
vt 0.808792 0.736580
vt 0.807287 0.736881
vt 0.806083 0.737107
vt 0.805029 0.737295
vt 0.804578 0.737408
vt 0.826554 0.751821
vt 0.764840 0.562315
vt 0.769958 0.579964
vt 0.762282 0.563520
vt 0.772517 0.578835
vt 0.756863 0.546059
vt 0.754304 0.547339
vt 0.759873 0.564686
vt 0.765141 0.582034
vt 0.757766 0.565740
vt 0.767399 0.581018
vt 0.767399 0.561074
vt 0.775076 0.577631
vt 0.759271 0.544742
vt 0.763185 0.582899
vt 0.755659 0.566681
vt 0.752046 0.548543
vt 0.749788 0.549634
vt 0.747681 0.550650
vt 0.750391 0.569202
vt 0.742112 0.553585
vt 0.742563 0.553284
vt 0.749939 0.569427
vt 0.751294 0.568788
vt 0.743466 0.552870
vt 0.752498 0.568223
vt 0.744671 0.552268
vt 0.734285 0.537630
vt 0.735188 0.537179
vt 0.754003 0.567546
vt 0.746025 0.551516
vt 0.733833 0.537894
vt 0.736392 0.536539
vt 0.761379 0.583689
vt 0.759873 0.584367
vt 0.758669 0.584931
vt 0.770259 0.599343
vt 0.772366 0.598478
vt 0.757917 0.585307
vt 0.757314 0.585533
vt 0.782150 0.594376
vt 0.768453 0.600096
vt 0.774624 0.597537
vt 0.776882 0.596559
vt 0.779591 0.595468
vt 0.765744 0.601225
vt 0.764840 0.601564
vt 0.764238 0.601789
vt 0.766948 0.600736
vt 0.789074 0.611272
vt 0.786365 0.612326
vt 0.793289 0.648187
vt 0.796299 0.666099
vt 0.790880 0.648978
vt 0.798557 0.665422
vt 0.784258 0.651160
vt 0.777635 0.634678
vt 0.778538 0.634339
vt 0.783204 0.651461
vt 0.777032 0.634866
vt 0.782602 0.651649
vt 0.788773 0.649655
vt 0.781247 0.633361
vt 0.783053 0.632721
vt 0.786967 0.650257
vt 0.779591 0.633925
vt 0.785311 0.650784
vt 0.789977 0.630275
vt 0.787418 0.631141
vt 0.795848 0.647397
vt 0.792536 0.629372
vt 0.798406 0.646532
vt 0.783655 0.613342
vt 0.781247 0.614283
vt 0.795396 0.628394
vt 0.801266 0.645628
vt 0.789375 0.668131
vt 0.788472 0.668395
vt 0.794192 0.666739
vt 0.792235 0.667266
vt 0.803675 0.663841
vt 0.806535 0.663013
vt 0.801116 0.664669
vt 0.790730 0.667755
vt 0.785161 0.631969
vt 0.770861 0.618271
vt 0.771313 0.618046
vt 0.773420 0.617255
vt 0.775076 0.616653
vt 0.772366 0.617707
vt 0.778989 0.615148
vt 0.776882 0.615938
vt 0.175855 0.165770
vt 0.157642 0.165055
vt 0.174951 0.180709
vt 0.192713 0.183493
vt 0.174801 0.182327
vt 0.192713 0.181838
vt 0.175102 0.178752
vt 0.193014 0.179919
vt 0.175403 0.171414
vt 0.193315 0.175253
vt 0.175252 0.174086
vt 0.193616 0.172618
vt 0.175704 0.168630
vt 0.193616 0.169834
vt 0.157491 0.167952
vt 0.157491 0.170737
vt 0.157040 0.183870
vt 0.174650 0.185149
vt 0.157040 0.184434
vt 0.174801 0.184547
vt 0.139429 0.183644
vt 0.139429 0.184208
vt 0.175252 0.176532
vt 0.193164 0.177698
vt 0.157341 0.175855
vt 0.157341 0.178037
vt 0.193917 0.166974
vt 0.157040 0.182929
vt 0.174801 0.183644
vt 0.139429 0.182703
vt 0.157190 0.179994
vt 0.157040 0.181612
vt 0.139429 0.177811
vt 0.139429 0.179768
vt 0.157341 0.173371
vt 0.139429 0.175591
vt 0.139579 0.173145
vt 0.139579 0.170511
vt 0.139429 0.181386
vt 0.139579 0.167727
vt 0.139579 0.164829
vt 0.139278 0.164829
vt 0.139278 0.167727
vt 0.139278 0.173145
vt 0.139278 0.175591
vt 0.139278 0.170474
vt 0.405549 0.217775
vt 0.388690 0.211039
vt 0.383422 0.224962
vt 0.399377 0.233090
vt 0.382820 0.226505
vt 0.399829 0.231585
vt 0.365360 0.222478
vt 0.381766 0.229139
vt 0.365209 0.223005
vt 0.382067 0.228612
vt 0.366112 0.220371
vt 0.382368 0.227709
vt 0.365661 0.221575
vt 0.386583 0.216345
vt 0.402538 0.225489
vt 0.385830 0.218791
vt 0.403441 0.223005
vt 0.401484 0.227746
vt 0.384927 0.221086
vt 0.387637 0.213710
vt 0.404495 0.220446
vt 0.370628 0.207464
vt 0.369725 0.210098
vt 0.349254 0.214651
vt 0.348802 0.215855
vt 0.366714 0.218791
vt 0.349705 0.213071
vt 0.367316 0.216984
vt 0.384024 0.223156
vt 0.348501 0.216796
vt 0.348501 0.217323
vt 0.368069 0.214877
vt 0.368822 0.212582
vt 0.351813 0.206787
vt 0.351060 0.209120
vt 0.398474 0.235197
vt 0.398775 0.234294
vt 0.400732 0.229778
vt 0.352716 0.204265
vt 0.371681 0.204717
vt 0.350308 0.211227
vt 0.353468 0.201631
vt 0.354372 0.198884
vt 0.336159 0.196212
vt 0.335406 0.198922
vt 0.331643 0.211528
vt 0.331493 0.212092
vt 0.331944 0.210587
vt 0.314935 0.205771
vt 0.314634 0.206711
vt 0.334653 0.201481
vt 0.333901 0.203814
vt 0.332847 0.207803
vt 0.332245 0.209383
vt 0.336911 0.193465
vt 0.333299 0.205921
vt 0.314333 0.207276
vt 0.318698 0.191321
vt 0.317946 0.193992
vt 0.301087 0.186843
vt 0.300485 0.189590
vt 0.317344 0.196589
vt 0.316742 0.198959
vt 0.315989 0.201104
vt 0.315688 0.202948
vt 0.315086 0.204529
vt 0.297625 0.201405
vt 0.297475 0.202346
vt 0.298228 0.198583
vt 0.297926 0.200164
vt 0.319451 0.188498
vt 0.298679 0.196702
vt 0.299281 0.194519
vt 0.299883 0.192148
vt 0.297174 0.202911
vt 0.301840 0.184020
vt 0.280316 0.197492
vt 0.280015 0.198433
vt 0.280015 0.198997
vt 0.282272 0.188160
vt 0.281821 0.190568
vt 0.262705 0.194971
vt 0.262554 0.195535
vt 0.280918 0.194632
vt 0.280617 0.196250
vt 0.281369 0.192750
vt 0.282874 0.185601
vt 0.283928 0.179994
vt 0.283477 0.182854
vt 0.262855 0.194068
vt 0.265113 0.182064
vt 0.264662 0.184660
vt 0.263457 0.191170
vt 0.263156 0.192788
vt 0.266167 0.176457
vt 0.265715 0.179317
vt 0.263758 0.189251
vt 0.245696 0.189778
vt 0.245395 0.191057
vt 0.247803 0.176231
vt 0.247352 0.178978
vt 0.246148 0.186203
vt 0.245846 0.188160
vt 0.264210 0.187068
vt 0.245244 0.191960
vt 0.245244 0.192562
vt 0.246449 0.184020
vt 0.246900 0.181612
vt 0.248104 0.173371
vt 0.227935 0.187181
vt 0.227935 0.188498
vt 0.210324 0.185112
vt 0.210324 0.186391
vt 0.227634 0.189439
vt 0.228236 0.185563
vt 0.227634 0.190004
vt 0.228988 0.179016
vt 0.228838 0.181461
vt 0.228537 0.183644
vt 0.229891 0.173634
vt 0.229440 0.176381
vt 0.230192 0.170775
vt 0.210023 0.187332
vt 0.210023 0.187896
vt 0.192562 0.184773
vt 0.192412 0.185714
vt 0.210625 0.181537
vt 0.210474 0.183456
vt 0.211829 0.171527
vt 0.211528 0.174274
vt 0.211227 0.176908
vt 0.211076 0.179354
vt 0.211979 0.168630
vt 0.192412 0.186316
vt 0.787870 0.668545
vt 0.592344 0.357533
vt 0.606042 0.368897
vt 0.605439 0.369574
vt 0.593097 0.356818
vt 0.579701 0.345152
vt 0.579098 0.345830
vt 0.610858 0.363704
vt 0.622147 0.377815
vt 0.609353 0.365322
vt 0.623803 0.376235
vt 0.618083 0.381955
vt 0.618836 0.381277
vt 0.617632 0.382368
vt 0.604988 0.369988
vt 0.591893 0.357947
vt 0.606945 0.367956
vt 0.619588 0.380374
vt 0.608149 0.366752
vt 0.620793 0.379170
vt 0.614471 0.360016
vt 0.625459 0.374504
vt 0.612514 0.361973
vt 0.627415 0.372660
vt 0.618384 0.355915
vt 0.629372 0.370665
vt 0.616277 0.357984
vt 0.631329 0.368596
vt 0.596258 0.353205
vt 0.594903 0.354635
vt 0.604988 0.343572
vt 0.597763 0.351549
vt 0.578647 0.346281
vt 0.593849 0.355877
vt 0.582861 0.341427
vt 0.581657 0.342894
vt 0.601074 0.347749
vt 0.599419 0.349743
vt 0.580453 0.344136
vt 0.603031 0.345717
vt 0.585872 0.337852
vt 0.584216 0.339734
vt 0.587528 0.335858
vt 0.589484 0.333713
vt 0.566003 0.333788
vt 0.565401 0.334503
vt 0.591291 0.331530
vt 0.564950 0.334992
vt 0.569014 0.329987
vt 0.567960 0.331493
vt 0.566906 0.332772
vt 0.573680 0.324305
vt 0.572024 0.326375
vt 0.577292 0.319903
vt 0.575486 0.322160
vt 0.570519 0.328256
vt 0.555015 0.318924
vt 0.553811 0.320467
vt 0.562993 0.308613
vt 0.561186 0.310909
vt 0.552908 0.321746
vt 0.552005 0.322800
vt 0.557875 0.315199
vt 0.556370 0.317155
vt 0.542070 0.306431
vt 0.540716 0.308237
vt 0.551403 0.323553
vt 0.551102 0.324004
vt 0.559531 0.313091
vt 0.537856 0.312188
vt 0.537404 0.312941
vt 0.538608 0.311135
vt 0.536953 0.313430
vt 0.539662 0.309780
vt 0.545081 0.302329
vt 0.543425 0.304474
vt 0.546737 0.300034
vt 0.526115 0.297889
vt 0.525062 0.299507
vt 0.522804 0.302706
vt 0.522503 0.303195
vt 0.548392 0.297701
vt 0.533491 0.287202
vt 0.531835 0.289573
vt 0.530179 0.291906
vt 0.524008 0.300862
vt 0.523255 0.301953
vt 0.527319 0.296083
vt 0.528674 0.294051
vt 0.508504 0.292094
vt 0.508053 0.292884
vt 0.509408 0.291003
vt 0.510311 0.289610
vt 0.493603 0.282573
vt 0.494355 0.281482
vt 0.512418 0.286111
vt 0.511364 0.287992
vt 0.495108 0.280090
vt 0.507752 0.293336
vt 0.496162 0.278434
vt 0.513773 0.284079
vt 0.497366 0.276553
vt 0.515278 0.281821
vt 0.516783 0.279488
vt 0.518439 0.277079
vt 0.492700 0.283928
vt 0.493001 0.283401
vt 0.480809 0.269290
vt 0.479906 0.270983
vt 0.500075 0.272188
vt 0.498570 0.274445
vt 0.502935 0.267371
vt 0.501430 0.269817
vt 0.477798 0.274332
vt 0.477497 0.274822
vt 0.478250 0.273505
vt 0.479002 0.272413
vt 0.487281 0.258039
vt 0.485776 0.260560
vt 0.484421 0.262968
vt 0.483066 0.265264
vt 0.481862 0.267371
vt 0.467412 0.256458
vt 0.466208 0.258603
vt 0.464251 0.262253
vt 0.463499 0.263683
vt 0.462897 0.264850
vt 0.465155 0.260560
vt 0.462295 0.265678
vt 0.462144 0.266167
vt 0.447845 0.255405
vt 0.447092 0.256609
vt 0.468767 0.254125
vt 0.446641 0.257437
vt 0.446490 0.257926
vt 0.448447 0.253975
vt 0.471476 0.249158
vt 0.469971 0.251679
vt 0.450404 0.250287
vt 0.449350 0.252244
vt 0.451457 0.248104
vt 0.455220 0.240654
vt 0.454016 0.243212
vt 0.452661 0.245696
vt 0.435352 0.240089
vt 0.434298 0.242309
vt 0.431890 0.247578
vt 0.431137 0.248744
vt 0.430836 0.249610
vt 0.430685 0.250099
vt 0.432492 0.246110
vt 0.436405 0.237718
vt 0.438964 0.232601
vt 0.437609 0.235197
vt 0.433395 0.244304
vt 0.418945 0.232563
vt 0.418042 0.234821
vt 0.414730 0.242196
vt 0.414580 0.242723
vt 0.415633 0.240127
vt 0.415031 0.241293
vt 0.416386 0.238622
vt 0.398324 0.235724
vt 0.422407 0.224999
vt 0.421203 0.227596
vt 0.420149 0.230155
vt 0.416988 0.236853
vt 0.654058 0.420977
vt 0.642166 0.408032
vt 0.642467 0.407656
vt 0.653756 0.421353
vt 0.654359 0.397007
vt 0.664142 0.412435
vt 0.652251 0.398850
vt 0.666400 0.410629
vt 0.642016 0.383648
vt 0.640059 0.385567
vt 0.662186 0.414128
vt 0.650295 0.400619
vt 0.638102 0.387411
vt 0.646833 0.403742
vt 0.657068 0.418456
vt 0.645327 0.405022
vt 0.658573 0.417214
vt 0.655864 0.419509
vt 0.643220 0.407016
vt 0.644123 0.406151
vt 0.654961 0.420337
vt 0.630426 0.394636
vt 0.631178 0.393958
vt 0.632082 0.393093
vt 0.633286 0.391964
vt 0.648488 0.402237
vt 0.660379 0.415746
vt 0.636296 0.389067
vt 0.634791 0.390647
vt 0.668507 0.408747
vt 0.656466 0.395050
vt 0.644123 0.381653
vt 0.629974 0.395012
vt 0.831370 0.824409
vt 0.829263 0.842584
vt 0.828661 0.824522
vt 0.832123 0.842509
vt 0.834230 0.824258
vt 0.834983 0.842471
vt 0.820081 0.842848
vt 0.817673 0.825124
vt 0.819329 0.825049
vt 0.818426 0.842885
vt 0.816469 0.807362
vt 0.818125 0.807250
vt 0.826855 0.860496
vt 0.826704 0.842659
vt 0.829564 0.860496
vt 0.825952 0.824672
vt 0.824145 0.842735
vt 0.823393 0.824823
vt 0.816318 0.825199
vt 0.817071 0.842923
vt 0.815415 0.825237
vt 0.816168 0.842923
vt 0.821888 0.842772
vt 0.821286 0.824936
vt 0.824446 0.860571
vt 0.827457 0.806497
vt 0.824748 0.806723
vt 0.835284 0.860421
vt 0.832424 0.860458
vt 0.814813 0.825274
vt 0.815566 0.842960
vt 0.822339 0.806911
vt 0.820081 0.807099
vt 0.833177 0.806045
vt 0.830166 0.806309
vt 0.815265 0.807475
vt 0.822189 0.860684
vt 0.814211 0.807551
vt 0.813760 0.807588
vt 0.812104 0.789977
vt 0.812706 0.789902
vt 0.809997 0.772366
vt 0.810599 0.772291
vt 0.825801 0.788510
vt 0.823092 0.788811
vt 0.828511 0.788246
vt 0.813609 0.789789
vt 0.811502 0.772178
vt 0.814964 0.789639
vt 0.816619 0.789488
vt 0.812856 0.772028
vt 0.814512 0.771802
vt 0.820683 0.789037
vt 0.818576 0.789300
vt 0.831370 0.787945
vt 0.818576 0.771275
vt 0.816469 0.771539
vt 0.826855 0.860684
vt 0.829564 0.860684
vt 0.816469 0.860684
vt 0.815867 0.860684
vt 0.817221 0.860684
vt 0.818576 0.860684
vt 0.820382 0.860684
vt 0.835133 0.860684
vt 0.824446 0.860684
vt 0.832273 0.860684
vt 0.820984 0.770937
vt 0.818426 0.753100
vt 0.816017 0.753514
vt 0.829263 0.769845
vt 0.826403 0.770222
vt 0.823694 0.752272
vt 0.823694 0.770598
vt 0.821135 0.752724
vt 0.808040 0.754756
vt 0.808943 0.754605
vt 0.811953 0.754154
vt 0.813760 0.753852
vt 0.807588 0.754831
vt 0.810298 0.754417
vt 0.734736 0.516896
vt 0.741359 0.533754
vt 0.732629 0.518138
vt 0.743466 0.532588
vt 0.745875 0.531346
vt 0.726608 0.521675
vt 0.727662 0.521035
vt 0.739553 0.514187
vt 0.737145 0.515579
vt 0.748283 0.529991
vt 0.750993 0.528637
vt 0.725705 0.522164
vt 0.716523 0.506924
vt 0.717427 0.506435
vt 0.737747 0.535749
vt 0.729017 0.520207
vt 0.730823 0.519267
vt 0.739553 0.534846
vt 0.718631 0.505720
vt 0.719835 0.504892
vt 0.723447 0.502709
vt 0.721491 0.503876
vt 0.725254 0.522428
vt 0.741961 0.512719
vt 0.716072 0.507225
vt 0.725555 0.501430
vt 0.732629 0.497065
vt 0.722996 0.481674
vt 0.706740 0.492248
vt 0.707191 0.491947
vt 0.730221 0.498608
vt 0.727812 0.500075
vt 0.712158 0.488749
vt 0.710352 0.489840
vt 0.707944 0.491420
vt 0.696805 0.477497
vt 0.697407 0.477196
vt 0.709148 0.490705
vt 0.713814 0.487544
vt 0.718179 0.484760
vt 0.716072 0.486227
vt 0.720437 0.483255
vt 0.705987 0.471251
vt 0.703880 0.472643
vt 0.698009 0.476669
vt 0.699214 0.475917
vt 0.702224 0.473885
vt 0.686570 0.463047
vt 0.687021 0.462709
vt 0.700418 0.474976
vt 0.708245 0.469745
vt 0.712760 0.466509
vt 0.710352 0.468165
vt 0.693494 0.458005
vt 0.691838 0.459284
vt 0.690333 0.460451
vt 0.695601 0.456575
vt 0.688978 0.461392
vt 0.687774 0.462144
vt 0.697708 0.454994
vt 0.699966 0.453376
vt 0.682957 0.443630
vt 0.681001 0.444947
vt 0.702375 0.451645
vt 0.676033 0.448898
vt 0.676485 0.448522
vt 0.665045 0.434975
vt 0.665497 0.434599
vt 0.677238 0.447958
vt 0.679495 0.446151
vt 0.678291 0.447130
vt 0.684914 0.442125
vt 0.689129 0.438814
vt 0.686871 0.440545
vt 0.691387 0.437083
vt 0.677840 0.424589
vt 0.675732 0.426320
vt 0.666250 0.433997
vt 0.667303 0.433207
vt 0.668507 0.432153
vt 0.670013 0.430949
vt 0.671668 0.429557
vt 0.673625 0.428014
vt 0.680248 0.422746
vt 0.796901 0.702826
vt 0.800815 0.720061
vt 0.792536 0.685629
vt 0.804277 0.737408
vt 0.741961 0.553661
vt 0.749638 0.569540
vt 0.757164 0.585608
vt 0.764238 0.601902
vt 0.776882 0.634904
vt 0.782451 0.651687
vt 0.770711 0.618347
vt 0.174801 0.185337
vt 0.157040 0.184622
vt 0.139278 0.184397
vt 0.381616 0.229327
vt 0.365059 0.223193
vt 0.348351 0.217511
vt 0.331493 0.212243
vt 0.314484 0.207464
vt 0.297324 0.203099
vt 0.280015 0.199185
vt 0.262554 0.195761
vt 0.245244 0.192750
vt 0.227634 0.190192
vt 0.210023 0.188122
vt 0.192412 0.186504
vt 0.787719 0.668583
vt 0.591893 0.358097
vt 0.604837 0.370101
vt 0.617481 0.382481
vt 0.578647 0.346432
vt 0.564950 0.335143
vt 0.551102 0.324155
vt 0.536802 0.313543
vt 0.522503 0.303345
vt 0.507601 0.293486
vt 0.492700 0.284079
vt 0.477497 0.275010
vt 0.462144 0.266355
vt 0.446339 0.258114
vt 0.430535 0.250287
vt 0.414429 0.242874
vt 0.398173 0.235912
vt 0.642016 0.408183
vt 0.653606 0.421466
vt 0.629974 0.395163
vt 0.814663 0.825274
vt 0.815415 0.842961
vt 0.813459 0.807626
vt 0.811803 0.789977
vt 0.815716 0.860684
vt 0.807287 0.754869
vt 0.809846 0.772404
vt 0.725103 0.522541
vt 0.733683 0.537969
vt 0.706589 0.492361
vt 0.715921 0.507300
vt 0.696655 0.477610
vt 0.686419 0.463198
vt 0.675883 0.448974
vt 0.664895 0.435088
vt 0.710377 0.423277
vt 0.720364 0.439472
vt 0.709063 0.424295
vt 0.721678 0.438487
vt 0.734818 0.452514
vt 0.722860 0.437633
vt 0.723780 0.436943
vt 0.733898 0.453138
vt 0.735869 0.451759
vt 0.724437 0.436450
vt 0.724963 0.436154
vt 0.735475 0.452021
vt 0.688564 0.416608
vt 0.698025 0.432771
vt 0.686593 0.418218
vt 0.699996 0.431227
vt 0.718787 0.440622
vt 0.707486 0.425511
vt 0.725094 0.436089
vt 0.713399 0.420912
vt 0.713662 0.420813
vt 0.711560 0.422390
vt 0.713136 0.421207
vt 0.705778 0.426792
vt 0.715107 0.443217
vt 0.703938 0.428204
vt 0.717078 0.441870
vt 0.702098 0.429683
vt 0.711165 0.446141
vt 0.713136 0.444663
vt 0.712348 0.421733
vt 0.709063 0.447652
vt 0.736001 0.451660
vt 0.686461 0.393842
vt 0.697368 0.409479
vt 0.685147 0.394927
vt 0.698551 0.408395
vt 0.699733 0.407476
vt 0.687513 0.392890
vt 0.678577 0.400643
vt 0.676606 0.402285
vt 0.690404 0.414998
vt 0.701310 0.406260
vt 0.701704 0.405964
vt 0.680417 0.399066
vt 0.692375 0.413487
vt 0.695791 0.410695
vt 0.683833 0.396175
vt 0.700653 0.406753
vt 0.674635 0.403961
vt 0.694214 0.412042
vt 0.682125 0.397555
vt 0.701836 0.405833
vt 0.765172 0.522421
vt 0.771742 0.540127
vt 0.762938 0.523571
vt 0.773976 0.539010
vt 0.751769 0.508558
vt 0.758602 0.526001
vt 0.749535 0.509839
vt 0.760836 0.524786
vt 0.782386 0.534674
vt 0.772268 0.518577
vt 0.773450 0.517887
vt 0.781072 0.535364
vt 0.784094 0.533820
vt 0.774502 0.517362
vt 0.775290 0.516967
vt 0.783306 0.534181
vt 0.753871 0.507276
vt 0.769508 0.541277
vt 0.767143 0.521337
vt 0.775947 0.537959
vt 0.770823 0.519398
vt 0.777787 0.536974
vt 0.768983 0.520285
vt 0.779495 0.536119
vt 0.793161 0.550607
vt 0.784488 0.533590
vt 0.784751 0.533491
vt 0.793030 0.550640
vt 0.755974 0.506061
vt 0.757945 0.504911
vt 0.775684 0.516705
vt 0.767143 0.542427
vt 0.775816 0.516639
vt 0.766355 0.500082
vt 0.766486 0.500016
vt 0.742177 0.492559
vt 0.740074 0.493906
vt 0.744279 0.491212
vt 0.751900 0.486613
vt 0.759916 0.503860
vt 0.750192 0.487632
vt 0.761493 0.502874
vt 0.753346 0.485759
vt 0.763070 0.502020
vt 0.765172 0.500739
vt 0.754528 0.484971
vt 0.755448 0.484412
vt 0.764252 0.501330
vt 0.746381 0.489964
vt 0.765961 0.500312
vt 0.748353 0.488749
vt 0.756237 0.483985
vt 0.756631 0.483690
vt 0.732190 0.476791
vt 0.730087 0.478203
vt 0.745330 0.468315
vt 0.745987 0.467855
vt 0.743096 0.469695
vt 0.741782 0.470648
vt 0.744410 0.468907
vt 0.734292 0.475444
vt 0.746513 0.467593
vt 0.756762 0.483624
vt 0.746644 0.467494
vt 0.738366 0.472849
vt 0.736395 0.474130
vt 0.724043 0.459906
vt 0.721940 0.461351
vt 0.740074 0.471666
vt 0.727854 0.457212
vt 0.726014 0.458526
vt 0.729693 0.455996
vt 0.719838 0.462796
vt 0.731270 0.454912
vt 0.732584 0.453960
vt 0.635346 0.337799
vt 0.622205 0.324067
vt 0.636134 0.336978
vt 0.621417 0.324921
vt 0.599341 0.321472
vt 0.611693 0.335664
vt 0.597633 0.323377
vt 0.613401 0.333791
vt 0.625359 0.348311
vt 0.627067 0.346472
vt 0.636660 0.336386
vt 0.623125 0.323082
vt 0.637054 0.336025
vt 0.622731 0.323476
vt 0.619314 0.327221
vt 0.631798 0.341478
vt 0.618000 0.328666
vt 0.633112 0.340066
vt 0.609985 0.337569
vt 0.596056 0.325348
vt 0.600918 0.319632
vt 0.614978 0.331984
vt 0.616555 0.330276
vt 0.628775 0.344698
vt 0.630352 0.343055
vt 0.603809 0.316249
vt 0.602495 0.317891
vt 0.620497 0.325973
vt 0.634426 0.338850
vt 0.623651 0.350151
vt 0.623125 0.322950
vt 0.637185 0.335894
vt 0.604991 0.314770
vt 0.585018 0.309547
vt 0.583310 0.311485
vt 0.590537 0.302681
vt 0.589354 0.304192
vt 0.606174 0.313456
vt 0.592508 0.300250
vt 0.607094 0.312372
vt 0.591588 0.301367
vt 0.593296 0.299363
vt 0.607882 0.311518
vt 0.608408 0.310894
vt 0.581864 0.313489
vt 0.594085 0.298345
vt 0.608671 0.310533
vt 0.593822 0.298706
vt 0.594085 0.298214
vt 0.608802 0.310401
vt 0.588040 0.305868
vt 0.586595 0.307642
vt 0.568724 0.299988
vt 0.567147 0.302024
vt 0.555452 0.286782
vt 0.553875 0.288851
vt 0.570301 0.297951
vt 0.573192 0.294206
vt 0.571746 0.296013
vt 0.558212 0.282971
vt 0.556766 0.284810
vt 0.575688 0.290986
vt 0.574506 0.292530
vt 0.579105 0.286519
vt 0.578711 0.286913
vt 0.559394 0.281230
vt 0.560446 0.279653
vt 0.576740 0.289607
vt 0.578316 0.287603
vt 0.577528 0.288490
vt 0.579105 0.286387
vt 0.552299 0.290921
vt 0.688564 0.392134
vt 0.689090 0.391609
vt 0.671350 0.382016
vt 0.669642 0.383429
vt 0.672795 0.380702
vt 0.689484 0.391280
vt 0.689615 0.391182
vt 0.675029 0.378633
vt 0.675949 0.377844
vt 0.676869 0.376957
vt 0.677000 0.376859
vt 0.674110 0.379552
vt 0.666225 0.386615
vt 0.664254 0.388291
vt 0.676606 0.377286
vt 0.653479 0.372884
vt 0.651771 0.374625
vt 0.668065 0.384973
vt 0.662415 0.389999
vt 0.649800 0.376399
vt 0.642178 0.357772
vt 0.640470 0.359513
vt 0.655319 0.371208
vt 0.645332 0.354651
vt 0.656896 0.369631
vt 0.643887 0.356163
vt 0.658473 0.368153
vt 0.661101 0.365656
vt 0.659918 0.366839
vt 0.647960 0.352089
vt 0.646646 0.353272
vt 0.662283 0.364671
vt 0.648880 0.351071
vt 0.663991 0.362963
vt 0.664123 0.362864
vt 0.663072 0.363882
vt 0.649669 0.350249
vt 0.638762 0.361287
vt 0.636922 0.363094
vt 0.663597 0.363324
vt 0.650325 0.349691
vt 0.650720 0.349297
vt 0.650851 0.349198
vt 0.154409 0.155838
vt 0.135881 0.175286
vt 0.135881 0.155608
vt 0.154015 0.175516
vt 0.172017 0.176238
vt 0.172937 0.156594
vt 0.189888 0.177421
vt 0.191596 0.157809
vt 0.208022 0.179064
vt 0.209993 0.159484
vt 0.225892 0.181166
vt 0.228389 0.161685
vt 0.243763 0.183761
vt 0.246786 0.164346
vt 0.261371 0.186816
vt 0.265051 0.167467
vt 0.279111 0.190364
vt 0.283184 0.171081
vt 0.296719 0.194306
vt 0.301318 0.175187
vt 0.314196 0.198741
vt 0.319320 0.179753
vt 0.331541 0.203669
vt 0.337191 0.184780
vt 0.348755 0.209024
vt 0.354931 0.190299
vt 0.365837 0.214805
vt 0.372407 0.196245
vt 0.382788 0.221047
vt 0.389884 0.202683
vt 0.399608 0.227716
vt 0.407098 0.209516
vt 0.416165 0.234844
vt 0.424180 0.216842
vt 0.432459 0.242400
vt 0.440868 0.224628
vt 0.448621 0.250350
vt 0.457557 0.232808
vt 0.464652 0.258760
vt 0.473982 0.241447
vt 0.480421 0.267564
vt 0.490145 0.250514
vt 0.495795 0.276795
vt 0.506176 0.260008
vt 0.511038 0.286387
vt 0.521813 0.269896
vt 0.526149 0.296407
vt 0.537187 0.280211
vt 0.540866 0.306821
vt 0.555189 0.317628
vt 0.569381 0.328765
vt 0.583310 0.340328
vt 0.596844 0.352220
vt 0.610116 0.364441
vt 0.622994 0.377023
vt 0.635477 0.389933
vt 0.647829 0.403205
vt 0.659787 0.416739
vt 0.671219 0.430603
vt 0.682388 0.444761
vt 0.693163 0.459216
vt 0.703544 0.473933
vt 0.713531 0.488913
vt 0.723123 0.504156
vt 0.732453 0.519661
vt 0.741257 0.535397
vt 0.749667 0.551362
vt 0.757551 0.567558
vt 0.765172 0.583917
vt 0.772268 0.600474
vt 0.775290 0.559049
vt 0.778970 0.617228
vt 0.783174 0.575902
vt 0.785277 0.634146
vt 0.790533 0.592951
vt 0.791059 0.651229
vt 0.797366 0.610165
vt 0.796315 0.668443
vt 0.801177 0.685788
vt 0.803805 0.627576
vt 0.805644 0.703265
vt 0.809718 0.645152
vt 0.809718 0.720873
vt 0.813266 0.738546
vt 0.815237 0.662825
vt 0.816288 0.756319
vt 0.820230 0.680696
vt 0.818916 0.774157
vt 0.820887 0.792060
vt 0.824829 0.698665
vt 0.822595 0.810030
vt 0.823778 0.827999
vt 0.824435 0.846035
vt 0.824698 0.864070
vt 0.844408 0.864070
vt 0.828903 0.716766
vt 0.832582 0.734966
vt 0.835736 0.753231
vt 0.838364 0.771562
vt 0.840598 0.790024
vt 0.842175 0.808453
vt 0.843489 0.826981
vt 0.844146 0.845509
vt 0.340608 0.173315
vt 0.357821 0.180936
vt 0.339951 0.175351
vt 0.358610 0.178899
vt 0.360450 0.172986
vt 0.342579 0.166547
vt 0.360712 0.172198
vt 0.342316 0.167336
vt 0.338637 0.179885
vt 0.355588 0.187868
vt 0.337848 0.182316
vt 0.356507 0.185437
vt 0.378058 0.180180
vt 0.378583 0.179129
vt 0.360055 0.174070
vt 0.378846 0.178308
vt 0.357165 0.183104
vt 0.339294 0.177552
vt 0.377663 0.181527
vt 0.359793 0.175417
vt 0.342710 0.166087
vt 0.360844 0.171738
vt 0.359136 0.177060
vt 0.341527 0.169800
vt 0.341133 0.171442
vt 0.377006 0.183137
vt 0.342053 0.168453
vt 0.376481 0.184944
vt 0.375692 0.186981
vt 0.378977 0.177881
vt 0.360975 0.171574
vt 0.378977 0.177684
vt 0.303683 0.165628
vt 0.321291 0.172493
vt 0.303158 0.167861
vt 0.321948 0.170227
vt 0.323000 0.166317
vt 0.322474 0.168190
vt 0.342842 0.165923
vt 0.324314 0.161390
vt 0.324051 0.162211
vt 0.320634 0.174826
vt 0.319977 0.177290
vt 0.324314 0.160733
vt 0.324445 0.160930
vt 0.301844 0.172690
vt 0.302501 0.170227
vt 0.323657 0.163295
vt 0.323394 0.164675
vt 0.305260 0.158597
vt 0.304997 0.160010
vt 0.305917 0.156035
vt 0.305917 0.156232
vt 0.304603 0.161653
vt 0.286469 0.155805
vt 0.286207 0.157481
vt 0.305523 0.157513
vt 0.283841 0.168584
vt 0.284367 0.166120
vt 0.304078 0.163558
vt 0.285812 0.159386
vt 0.286732 0.154425
vt 0.287258 0.151863
vt 0.287258 0.152027
vt 0.285287 0.161488
vt 0.284893 0.163722
vt 0.305786 0.156692
vt 0.286995 0.153308
vt 0.287126 0.152520
vt 0.267942 0.152126
vt 0.267547 0.153801
vt 0.266759 0.157809
vt 0.266496 0.160076
vt 0.247180 0.161817
vt 0.265576 0.164938
vt 0.247968 0.156889
vt 0.265970 0.162474
vt 0.247574 0.159320
vt 0.268599 0.148775
vt 0.268336 0.149596
vt 0.267285 0.155707
vt 0.268599 0.148315
vt 0.248231 0.154622
vt 0.268073 0.150713
vt 0.248625 0.152487
vt 0.268599 0.148151
vt 0.229309 0.154228
vt 0.229046 0.156626
vt 0.229966 0.149793
vt 0.229703 0.151896
vt 0.228783 0.159123
vt 0.230229 0.147888
vt 0.248888 0.150582
vt 0.249414 0.147494
vt 0.230754 0.143650
vt 0.249545 0.146377
vt 0.230623 0.144800
vt 0.249808 0.145063
vt 0.249808 0.145556
vt 0.231017 0.142139
vt 0.249939 0.144899
vt 0.230886 0.142336
vt 0.249151 0.148906
vt 0.230886 0.142829
vt 0.230360 0.146213
vt 0.210518 0.154425
vt 0.210255 0.156955
vt 0.211964 0.139938
vt 0.212095 0.140102
vt 0.191728 0.155214
vt 0.192122 0.150286
vt 0.191859 0.152717
vt 0.210781 0.152027
vt 0.192253 0.147987
vt 0.211044 0.149695
vt 0.211701 0.142533
vt 0.211701 0.143979
vt 0.211964 0.140595
vt 0.192516 0.145851
vt 0.211307 0.147592
vt 0.211438 0.145654
vt 0.192647 0.143913
vt 0.211964 0.141416
vt 0.173331 0.149071
vt 0.173200 0.151502
vt 0.173725 0.144636
vt 0.173594 0.146771
vt 0.193042 0.138854
vt 0.193042 0.139675
vt 0.173200 0.153998
vt 0.192910 0.140792
vt 0.173988 0.138427
vt 0.173988 0.139577
vt 0.192779 0.142238
vt 0.193042 0.138329
vt 0.174120 0.136949
vt 0.193042 0.138197
vt 0.173988 0.137080
vt 0.173725 0.142698
vt 0.173857 0.140989
vt 0.173988 0.137606
vt 0.154935 0.141942
vt 0.135881 0.143618
vt 0.135881 0.141679
vt 0.154803 0.143880
vt 0.154803 0.146016
vt 0.154935 0.137704
vt 0.154935 0.138821
vt 0.154935 0.136850
vt 0.154672 0.148348
vt 0.154672 0.150779
vt 0.154540 0.153276
vt 0.154935 0.140267
vt 0.155066 0.136357
vt 0.155066 0.136193
vt 0.135881 0.153046
vt 0.135881 0.148085
vt 0.135881 0.145753
vt 0.135881 0.150516
vt 0.135881 0.137409
vt 0.135881 0.138558
vt 0.136013 0.136095
vt 0.135881 0.136587
vt 0.135881 0.135930
vt 0.135881 0.140004
vt 0.414062 0.192730
vt 0.396585 0.184911
vt 0.414325 0.191974
vt 0.396323 0.185699
vt 0.393300 0.193485
vt 0.409857 0.202585
vt 0.392512 0.195620
vt 0.410777 0.200449
vt 0.396848 0.184451
vt 0.414456 0.191514
vt 0.429831 0.204129
vt 0.413011 0.195128
vt 0.430488 0.202618
vt 0.412354 0.196672
vt 0.428911 0.205903
vt 0.411697 0.198478
vt 0.413537 0.193781
vt 0.431013 0.201271
vt 0.432064 0.199037
vt 0.414588 0.191350
vt 0.432064 0.198905
vt 0.394089 0.191481
vt 0.391592 0.197920
vt 0.408018 0.207151
vt 0.390672 0.200252
vt 0.409069 0.204851
vt 0.431539 0.200252
vt 0.431802 0.199497
vt 0.394877 0.189674
vt 0.395403 0.188098
vt 0.428122 0.207874
vt 0.395929 0.186751
vt 0.396848 0.184287
vt 0.373327 0.193846
vt 0.374115 0.191448
vt 0.375035 0.189149
vt 0.500000 0.233629
vt 0.483443 0.224168
vt 0.500000 0.233497
vt 0.483312 0.224332
vt 0.498686 0.235764
vt 0.482655 0.225482
vt 0.499212 0.234779
vt 0.482129 0.226500
vt 0.481472 0.227749
vt 0.497109 0.238491
vt 0.480684 0.229227
vt 0.498029 0.237012
vt 0.476347 0.236980
vt 0.491459 0.248280
vt 0.475296 0.239213
vt 0.492773 0.246112
vt 0.499737 0.234089
vt 0.483049 0.224759
vt 0.496189 0.240133
vt 0.479764 0.230935
vt 0.458739 0.230541
vt 0.459791 0.228274
vt 0.460973 0.226139
vt 0.477661 0.234844
vt 0.516031 0.243780
vt 0.516294 0.243353
vt 0.516294 0.243221
vt 0.478713 0.232808
vt 0.493955 0.244010
vt 0.495138 0.242006
vt 0.464652 0.218912
vt 0.463864 0.220423
vt 0.465835 0.216645
vt 0.465310 0.217663
vt 0.466492 0.215462
vt 0.466229 0.215889
vt 0.463076 0.222131
vt 0.446125 0.213820
vt 0.462024 0.224069
vt 0.445205 0.215758
vt 0.446913 0.212079
vt 0.442051 0.222295
vt 0.444154 0.217828
vt 0.447570 0.210535
vt 0.443102 0.220029
vt 0.448227 0.209221
vt 0.449147 0.207447
vt 0.448753 0.208235
vt 0.466492 0.215298
vt 0.426151 0.212210
vt 0.425231 0.214510
vt 0.427071 0.209976
vt 0.449278 0.207020
vt 0.449410 0.206888
vt 0.544020 0.270323
vt 0.542838 0.272097
vt 0.563862 0.274988
vt 0.563731 0.275119
vt 0.561628 0.278306
vt 0.541392 0.274003
vt 0.563074 0.276204
vt 0.547962 0.264542
vt 0.563599 0.275514
vt 0.547568 0.265231
vt 0.540078 0.276006
vt 0.538633 0.278076
vt 0.545071 0.268746
vt 0.546780 0.266151
vt 0.562417 0.277123
vt 0.545991 0.267334
vt 0.548225 0.264147
vt 0.548356 0.263983
vt 0.529434 0.258234
vt 0.528252 0.259844
vt 0.527069 0.261651
vt 0.514323 0.246703
vt 0.513403 0.248149
vt 0.530354 0.256789
vt 0.531668 0.254653
vt 0.531143 0.255606
vt 0.532457 0.253405
vt 0.532325 0.253536
vt 0.525887 0.263589
vt 0.532194 0.253963
vt 0.524572 0.265626
vt 0.523127 0.267728
vt 0.507490 0.257807
vt 0.511169 0.251598
vt 0.510118 0.253602
vt 0.512352 0.249791
vt 0.508673 0.255672
vt 0.515637 0.244502
vt 0.514980 0.245488
vt 0.813003 0.624291
vt 0.816945 0.642819
vt 0.810769 0.625047
vt 0.819047 0.642096
vt 0.814974 0.623569
vt 0.821019 0.641439
vt 0.824566 0.640322
vt 0.816814 0.622912
vt 0.818522 0.622386
vt 0.822990 0.640848
vt 0.833896 0.657306
vt 0.827720 0.639238
vt 0.828246 0.639107
vt 0.833502 0.657438
vt 0.820887 0.621499
vt 0.821676 0.621203
vt 0.827063 0.639501
vt 0.806170 0.626722
vt 0.812215 0.644330
vt 0.799731 0.609246
vt 0.814580 0.643542
vt 0.808535 0.625868
vt 0.802096 0.608359
vt 0.828377 0.639074
vt 0.822201 0.621072
vt 0.822333 0.621006
vt 0.832713 0.657668
vt 0.825881 0.639863
vt 0.819836 0.621893
vt 0.804462 0.607472
vt 0.834159 0.657273
vt 0.801439 0.588385
vt 0.806433 0.606650
vt 0.799468 0.589174
vt 0.808535 0.605862
vt 0.795264 0.591013
vt 0.792898 0.591966
vt 0.803279 0.587630
vt 0.810243 0.605172
vt 0.811820 0.604581
vt 0.804856 0.586973
vt 0.814317 0.603661
vt 0.806170 0.586414
vt 0.807221 0.585987
vt 0.813266 0.604088
vt 0.815105 0.603365
vt 0.808010 0.585659
vt 0.815631 0.603201
vt 0.815763 0.603135
vt 0.797497 0.590061
vt 0.785408 0.574884
vt 0.787774 0.573832
vt 0.808535 0.585461
vt 0.808667 0.585396
vt 0.790007 0.572847
vt 0.794081 0.571040
vt 0.792110 0.571894
vt 0.797497 0.569562
vt 0.798680 0.568970
vt 0.800520 0.568182
vt 0.800914 0.567952
vt 0.799731 0.568510
vt 0.795789 0.570252
vt 0.777787 0.557965
vt 0.801177 0.567919
vt 0.779889 0.556848
vt 0.782255 0.555797
vt 0.791716 0.551231
vt 0.790796 0.551724
vt 0.786197 0.553892
vt 0.784226 0.554845
vt 0.792504 0.550870
vt 0.787905 0.553071
vt 0.789482 0.552348
vt 0.822727 0.680039
vt 0.827326 0.698074
vt 0.840072 0.695052
vt 0.833633 0.677115
vt 0.835342 0.676655
vt 0.838364 0.695446
vt 0.843357 0.694231
vt 0.837838 0.675998
vt 0.838627 0.675801
vt 0.842569 0.694428
vt 0.817734 0.662135
vt 0.843883 0.694066
vt 0.839152 0.675637
vt 0.839284 0.675604
vt 0.843883 0.694099
vt 0.836655 0.676294
vt 0.841386 0.694691
vt 0.820099 0.661380
vt 0.825092 0.679382
vt 0.826669 0.659442
vt 0.829691 0.678167
vt 0.824698 0.660033
vt 0.831794 0.677575
vt 0.827589 0.678725
vt 0.822464 0.660690
vt 0.834422 0.696399
vt 0.836393 0.695873
vt 0.828509 0.658883
vt 0.829823 0.697483
vt 0.832056 0.696924
vt 0.830217 0.658423
vt 0.831531 0.658029
vt 0.851636 0.845312
vt 0.849533 0.864070
vt 0.849270 0.845378
vt 0.851898 0.864070
vt 0.860045 0.864070
vt 0.858074 0.845148
vt 0.859783 0.845082
vt 0.858337 0.864070
vt 0.861359 0.864070
vt 0.861228 0.845082
vt 0.848482 0.826718
vt 0.846642 0.845443
vt 0.845985 0.826850
vt 0.856366 0.864070
vt 0.856103 0.845180
vt 0.853344 0.826455
vt 0.850979 0.826587
vt 0.854001 0.845246
vt 0.854264 0.864070
vt 0.847036 0.864070
vt 0.863330 0.864070
vt 0.862279 0.845049
vt 0.863199 0.845016
vt 0.862542 0.864070
vt 0.863856 0.864069
vt 0.863725 0.844983
vt 0.855446 0.826357
vt 0.857286 0.826258
vt 0.864119 0.864070
vt 0.863856 0.845016
vt 0.858994 0.826160
vt 0.860440 0.826094
vt 0.861491 0.826028
vt 0.856103 0.807369
vt 0.857812 0.807238
vt 0.849796 0.807895
vt 0.847299 0.808059
vt 0.844803 0.808289
vt 0.852030 0.807698
vt 0.859126 0.807139
vt 0.860308 0.807041
vt 0.854132 0.807533
vt 0.863068 0.825930
vt 0.861754 0.806942
vt 0.861754 0.806909
vt 0.862936 0.825962
vt 0.861097 0.806975
vt 0.862411 0.825963
vt 0.843094 0.789728
vt 0.845591 0.789465
vt 0.854395 0.788545
vt 0.852424 0.788743
vt 0.843357 0.770937
vt 0.840860 0.771266
vt 0.848088 0.770313
vt 0.848088 0.789202
vt 0.845722 0.770609
vt 0.850322 0.788973
vt 0.852030 0.769755
vt 0.850190 0.770018
vt 0.857549 0.788217
vt 0.853738 0.769558
vt 0.855315 0.769361
vt 0.856103 0.788381
vt 0.858600 0.788086
vt 0.856366 0.769196
vt 0.859388 0.788020
vt 0.859914 0.787987
vt 0.860045 0.787954
vt 0.857154 0.769098
vt 0.857680 0.769032
vt 0.857812 0.769032
vt 0.854921 0.750175
vt 0.855052 0.750143
vt 0.835079 0.734473
vt 0.838232 0.752837
vt 0.851110 0.750767
vt 0.852424 0.750570
vt 0.853607 0.750406
vt 0.847431 0.751358
vt 0.845460 0.751687
vt 0.849402 0.751063
vt 0.837575 0.734013
vt 0.840729 0.752442
vt 0.839941 0.733586
vt 0.843094 0.752048
vt 0.854526 0.750274
vt 0.849270 0.731845
vt 0.850322 0.731615
vt 0.836261 0.715190
vt 0.833896 0.715682
vt 0.851241 0.731484
vt 0.851636 0.731418
vt 0.831399 0.716208
vt 0.846248 0.732436
vt 0.844277 0.732765
vt 0.842175 0.733159
vt 0.847956 0.732108
vt 0.846774 0.712989
vt 0.847562 0.712791
vt 0.851898 0.731352
vt 0.842569 0.713876
vt 0.844146 0.713514
vt 0.838627 0.714697
vt 0.840598 0.714270
vt 0.845591 0.713218
vt 0.848088 0.712660
vt 0.848088 0.712693
vt 0.056018 0.204358
vt 0.035773 0.270006
vt 0.035773 0.204101
vt 0.054257 0.270263
vt 0.072742 0.270997
vt 0.076116 0.205165
vt 0.090932 0.272207
vt 0.096067 0.206485
vt 0.109270 0.273857
vt 0.116311 0.208319
vt 0.127607 0.276021
vt 0.136263 0.210666
vt 0.145798 0.278698
vt 0.156214 0.213564
vt 0.163989 0.281779
vt 0.175872 0.216974
vt 0.182033 0.285373
vt 0.195676 0.220935
vt 0.199931 0.289444
vt 0.215334 0.225336
vt 0.217828 0.293992
vt 0.234845 0.230287
vt 0.235432 0.298980
vt 0.254210 0.235789
vt 0.253183 0.304444
vt 0.270493 0.310349
vt 0.273427 0.241767
vt 0.287804 0.316694
vt 0.292498 0.248222
vt 0.304821 0.323515
vt 0.311423 0.255190
vt 0.321692 0.330814
vt 0.330200 0.262635
vt 0.338562 0.338479
vt 0.348684 0.270593
vt 0.354993 0.346621
vt 0.366875 0.279029
vt 0.371276 0.355239
vt 0.384919 0.287904
vt 0.387267 0.364188
vt 0.402817 0.297293
vt 0.403257 0.373613
vt 0.420421 0.307122
vt 0.418660 0.383442
vt 0.434064 0.393638
vt 0.437585 0.317427
vt 0.449174 0.404310
vt 0.454602 0.328136
vt 0.463844 0.415313
vt 0.471472 0.339322
vt 0.478367 0.426682
vt 0.487903 0.350948
vt 0.492451 0.438455
vt 0.503893 0.363014
vt 0.506240 0.450594
vt 0.519737 0.375447
vt 0.519884 0.463064
vt 0.535287 0.388357
vt 0.532940 0.475937
vt 0.545703 0.489103
vt 0.550397 0.401633
vt 0.558319 0.502636
vt 0.565214 0.415276
vt 0.570495 0.516463
vt 0.579590 0.429323
vt 0.582231 0.530619
vt 0.593527 0.443736
vt 0.593527 0.545069
vt 0.604676 0.559813
vt 0.607317 0.458553
vt 0.615239 0.574849
vt 0.620667 0.473663
vt 0.625361 0.590180
vt 0.633429 0.489140
vt 0.635337 0.605693
vt 0.645899 0.504947
vt 0.644725 0.621537
vt 0.653674 0.637600
vt 0.657928 0.521084
vt 0.662329 0.653884
vt 0.669518 0.537514
vt 0.670398 0.670388
vt 0.680667 0.554238
vt 0.678173 0.687112
vt 0.685361 0.704019
vt 0.691376 0.571255
vt 0.692110 0.721109
vt 0.701792 0.588566
vt 0.698564 0.738347
vt 0.704579 0.755804
vt 0.711621 0.606133
vt 0.709860 0.773371
vt 0.714995 0.791085
vt 0.721009 0.623957
vt 0.719543 0.808909
vt 0.723503 0.826880
vt 0.729811 0.642038
vt 0.727024 0.844961
vt 0.730252 0.863078
vt 0.738320 0.660302
vt 0.732892 0.881306
vt 0.735093 0.899570
vt 0.736706 0.917908
vt 0.738027 0.936245
vt 0.738613 0.954656
vt 0.746242 0.678786
vt 0.738907 0.973067
vt 0.804775 0.973067
vt 0.753724 0.697491
vt 0.760765 0.716378
vt 0.767220 0.735449
vt 0.773088 0.754667
vt 0.778516 0.774032
vt 0.783504 0.793543
vt 0.788051 0.813200
vt 0.792012 0.832932
vt 0.795386 0.852773
vt 0.798320 0.872687
vt 0.800521 0.892675
vt 0.802428 0.912736
vt 0.803748 0.932798
vt 0.804482 0.952932
vt 0.487886 0.410205
vt 0.475194 0.759826
vt 0.492413 0.759301
vt 0.470667 0.410730
vt 0.505061 0.409728
vt 0.509588 0.758824
vt 0.453474 0.411291
vt 0.440742 0.760995
vt 0.458001 0.760387
vt 0.436215 0.411899
vt 0.561087 0.757632
vt 0.539419 0.408895
vt 0.543946 0.757991
vt 0.556560 0.408536
vt 0.578070 0.757330
vt 0.573543 0.408234
vt 0.401997 0.413221
vt 0.389451 0.763041
vt 0.406524 0.762317
vt 0.384925 0.413945
vt 0.300659 0.418154
vt 0.288683 0.768201
vt 0.305186 0.767250
vt 0.284156 0.419105
vt 0.317366 0.417233
vt 0.321892 0.766329
vt 0.367828 0.414718
vt 0.355441 0.764618
vt 0.372355 0.763814
vt 0.350915 0.415522
vt 0.526697 0.758394
vt 0.522170 0.409298
vt 0.251564 0.421106
vt 0.239951 0.771265
vt 0.256090 0.770202
vt 0.235424 0.422169
vt 0.334141 0.416352
vt 0.338668 0.765448
vt 0.267815 0.420086
vt 0.272342 0.769182
vt 0.219467 0.423262
vt 0.208240 0.773482
vt 0.223994 0.772358
vt 0.203714 0.424386
vt 0.419047 0.412548
vt 0.423574 0.761643
vt 0.595058 0.757063
vt 0.590531 0.407967
vt 0.611959 0.756841
vt 0.607432 0.407745
vt 0.711123 0.756413
vt 0.690386 0.407280
vt 0.694913 0.756376
vt 0.706596 0.407318
vt 0.727111 0.756504
vt 0.722584 0.407408
vt 0.743019 0.756624
vt 0.738492 0.407528
vt 0.804622 0.757559
vt 0.785016 0.408162
vt 0.789543 0.757258
vt 0.800095 0.408463
vt 0.876526 0.759694
vt 0.858112 0.410089
vt 0.862639 0.759185
vt 0.871999 0.410598
vt 0.769673 0.407911
vt 0.774199 0.757007
vt 0.628752 0.756662
vt 0.624225 0.407566
vt 0.890107 0.760250
vt 0.885580 0.411154
vt 0.819415 0.757909
vt 0.814888 0.408813
vt 0.834016 0.758296
vt 0.829489 0.409200
vt 0.903452 0.760841
vt 0.898925 0.411745
vt 0.916378 0.761488
vt 0.911851 0.412392
vt 0.929160 0.762160
vt 0.924633 0.413064
vt 0.941572 0.762874
vt 0.937046 0.413778
vt 0.645437 0.756528
vt 0.640910 0.407432
vt 0.662013 0.756438
vt 0.657486 0.407342
vt 0.758685 0.756795
vt 0.754158 0.407699
vt 0.953657 0.763633
vt 0.949130 0.414537
vt 0.678574 0.756380
vt 0.674047 0.407284
vt 0.848424 0.758722
vt 0.843897 0.409626
vt 0.965464 0.764425
vt 0.960938 0.415329
vt 0.157592 0.427941
vt 0.147181 0.778286
vt 0.162119 0.777037
vt 0.142654 0.429190
vt 0.192670 0.774636
vt 0.188143 0.425540
vt 0.172755 0.426724
vt 0.177282 0.775820
vt 0.071494 0.435839
vt 0.062676 0.786331
vt 0.076020 0.784935
vt 0.058149 0.437235
vt 0.132405 0.779564
vt 0.127878 0.430468
vt 0.085320 0.434443
vt 0.089846 0.783539
vt 0.099257 0.433090
vt 0.103784 0.782186
vt 0.113512 0.431758
vt 0.118039 0.780854
vt 0.045008 0.438661
vt 0.036619 0.789217
vt 0.049535 0.787757
vt 0.032092 0.440121
vt 0.518196 0.414602
vt 0.507073 0.764093
vt 0.502547 0.414997
vt 0.522722 0.763698
vt 0.565197 0.413626
vt 0.554151 0.763002
vt 0.549624 0.413906
vt 0.569723 0.762722
vt 0.315678 0.422697
vt 0.335449 0.770958
vt 0.320204 0.771793
vt 0.330922 0.421862
vt 0.538491 0.763328
vt 0.533964 0.414232
vt 0.580662 0.413389
vt 0.585188 0.762485
vt 0.171245 0.432782
vt 0.189409 0.780743
vt 0.175772 0.781878
vt 0.184882 0.431647
vt 0.198795 0.430531
vt 0.217303 0.778551
vt 0.203321 0.779627
vt 0.212776 0.429454
vt 0.245977 0.776464
vt 0.256030 0.426367
vt 0.260557 0.775463
vt 0.241450 0.427368
vt 0.300616 0.423561
vt 0.305143 0.772657
vt 0.070134 0.442781
vt 0.086466 0.790546
vt 0.074661 0.791877
vt 0.081940 0.441450
vt 0.346172 0.421063
vt 0.366224 0.769378
vt 0.350699 0.770159
vt 0.361697 0.420282
vt 0.377085 0.419561
vt 0.397211 0.767950
vt 0.381612 0.768657
vt 0.392685 0.418854
vt 0.118709 0.437600
vt 0.136049 0.785452
vt 0.123236 0.786696
vt 0.131523 0.436356
vt 0.408374 0.418188
vt 0.428504 0.766663
vt 0.412901 0.767283
vt 0.423977 0.417567
vt 0.098547 0.789233
vt 0.094020 0.440137
vt 0.106191 0.438865
vt 0.110718 0.787961
vt 0.439699 0.416971
vt 0.459903 0.765520
vt 0.444226 0.766067
vt 0.455376 0.416424
vt 0.149067 0.784240
vt 0.144540 0.435144
vt 0.157791 0.433947
vt 0.162318 0.783043
vt 0.275226 0.774503
vt 0.270700 0.425407
vt 0.290079 0.773573
vt 0.285552 0.424477
vt 0.471080 0.415913
vt 0.491409 0.764521
vt 0.475607 0.765009
vt 0.486882 0.415425
vt 0.596203 0.413175
vt 0.600730 0.762271
vt 0.231652 0.777482
vt 0.227125 0.428386
vt 0.897587 0.418689
vt 0.890697 0.767140
vt 0.886170 0.418044
vt 0.902114 0.767785
vt 0.730327 0.413138
vt 0.720562 0.762073
vt 0.716035 0.412977
vt 0.734854 0.762234
vt 0.672005 0.412757
vt 0.661616 0.761855
vt 0.657089 0.412759
vt 0.676532 0.761853
vt 0.799273 0.414501
vt 0.790336 0.763255
vt 0.785810 0.414159
vt 0.803799 0.763597
vt 0.879094 0.766517
vt 0.874567 0.417421
vt 0.626777 0.412899
vt 0.616071 0.762111
vt 0.611544 0.413015
vt 0.631303 0.761995
vt 0.758469 0.413565
vt 0.748975 0.762434
vt 0.744448 0.413338
vt 0.762995 0.762661
vt 0.825300 0.415328
vt 0.816956 0.763986
vt 0.812429 0.414890
vt 0.829827 0.764424
vt 0.908585 0.419389
vt 0.913111 0.768485
vt 0.706005 0.761963
vt 0.701478 0.412867
vt 0.691390 0.761882
vt 0.686863 0.412786
vt 0.862637 0.416844
vt 0.854977 0.765396
vt 0.850451 0.416300
vt 0.867164 0.765940
vt 0.642023 0.412801
vt 0.646549 0.761897
vt 0.842484 0.764899
vt 0.837957 0.415803
vt 0.772339 0.413833
vt 0.776865 0.762929
vt 0.919397 0.420111
vt 0.923924 0.769207
vt 0.322225 0.352000
vt 0.305736 0.466344
vt 0.321600 0.466716
vt 0.306361 0.351629
vt 0.230100 0.349678
vt 0.214961 0.463989
vt 0.229475 0.464393
vt 0.215586 0.349274
vt 0.201374 0.348866
vt 0.186812 0.463170
vt 0.200749 0.463581
vt 0.187437 0.348455
vt 0.097988 0.345475
vt 0.085948 0.459757
vt 0.097363 0.460190
vt 0.086573 0.345042
vt 0.160276 0.347617
vt 0.146547 0.461907
vt 0.159651 0.462332
vt 0.147172 0.347192
vt 0.421179 0.354101
vt 0.403653 0.468483
vt 0.420554 0.468816
vt 0.404278 0.353768
vt 0.576690 0.471449
vt 0.559725 0.356476
vt 0.559100 0.471192
vt 0.577315 0.356734
vt 0.472557 0.355056
vt 0.454681 0.469460
vt 0.471932 0.469771
vt 0.455306 0.354745
vt 0.064786 0.344173
vt 0.053718 0.458448
vt 0.064160 0.458888
vt 0.054343 0.343733
vt 0.075529 0.344609
vt 0.074904 0.459324
vt 0.819022 0.474001
vt 0.802860 0.359169
vt 0.802235 0.473884
vt 0.819647 0.359285
vt 0.594293 0.471698
vt 0.594918 0.356983
vt 0.489869 0.355358
vt 0.489244 0.470073
vt 0.768448 0.473627
vt 0.751931 0.358765
vt 0.751306 0.473481
vt 0.769073 0.358912
vt 0.682010 0.472789
vt 0.665141 0.357875
vt 0.664516 0.472590
vt 0.682635 0.358074
vt 0.611838 0.471934
vt 0.612463 0.357219
vt 0.506618 0.470365
vt 0.507243 0.355650
vt 0.524028 0.470648
vt 0.524653 0.355933
vt 0.122001 0.346342
vt 0.109195 0.460625
vt 0.121376 0.461057
vt 0.109820 0.345910
vt 0.734151 0.473325
vt 0.717465 0.358441
vt 0.716840 0.473156
vt 0.734777 0.358609
vt 0.786033 0.359047
vt 0.785408 0.473762
vt 0.646984 0.472382
vt 0.630065 0.357449
vt 0.629440 0.472164
vt 0.647609 0.357666
vt 0.699466 0.472979
vt 0.700091 0.358264
vt 0.851909 0.474190
vt 0.836181 0.359386
vt 0.835556 0.474102
vt 0.852534 0.359475
vt 0.354541 0.352727
vt 0.337620 0.467081
vt 0.353916 0.467442
vt 0.338245 0.352366
vt 0.133788 0.461482
vt 0.134413 0.346767
vt 0.437587 0.469143
vt 0.438212 0.354428
vt 0.290632 0.351248
vt 0.274555 0.465579
vt 0.290007 0.465963
vt 0.275180 0.350863
vt 0.387558 0.353428
vt 0.370369 0.467798
vt 0.386933 0.468144
vt 0.370994 0.353083
vt 0.990677 0.474501
vt 0.976820 0.359797
vt 0.976195 0.474512
vt 0.991302 0.359786
vt 0.868150 0.474270
vt 0.868775 0.359555
vt 0.915774 0.474442
vt 0.900707 0.359681
vt 0.900082 0.474396
vt 0.916399 0.359727
vt 0.931210 0.474476
vt 0.931834 0.359761
vt 0.884879 0.359625
vt 0.884254 0.474341
vt 0.961408 0.474511
vt 0.947014 0.359783
vt 0.946389 0.474498
vt 0.962033 0.359796
vt 0.259909 0.350473
vt 0.244264 0.464794
vt 0.259284 0.465188
vt 0.244889 0.350078
vt 0.173011 0.462750
vt 0.173636 0.348034
vt 0.541545 0.470924
vt 0.542170 0.356209
vt 0.818412 0.356438
vt 0.804637 0.471088
vt 0.805262 0.356373
vt 0.817787 0.471153
vt 0.791302 0.471014
vt 0.791927 0.356299
vt 0.265304 0.462152
vt 0.277250 0.347770
vt 0.276625 0.462486
vt 0.265929 0.347437
vt 0.831425 0.356494
vt 0.830800 0.471209
vt 0.695646 0.355532
vt 0.681007 0.470106
vt 0.681632 0.355390
vt 0.695021 0.470247
vt 0.288773 0.348100
vt 0.288147 0.462816
vt 0.709713 0.355670
vt 0.709088 0.470385
vt 0.723718 0.355799
vt 0.723092 0.470514
vt 0.243367 0.461475
vt 0.254859 0.347100
vt 0.254234 0.461815
vt 0.243992 0.346759
vt 0.653324 0.355077
vt 0.638404 0.469620
vt 0.639029 0.354905
vt 0.652699 0.469792
vt 0.667462 0.355237
vt 0.666837 0.469952
vt 0.844302 0.356540
vt 0.843677 0.471255
vt 0.777855 0.470931
vt 0.778480 0.356216
vt 0.764297 0.470839
vt 0.764922 0.356124
vt 0.539444 0.353503
vt 0.524650 0.467987
vt 0.525275 0.353272
vt 0.538819 0.468218
vt 0.510493 0.467747
vt 0.511118 0.353032
vt 0.610538 0.354543
vt 0.595670 0.469064
vt 0.596296 0.354349
vt 0.609913 0.469258
vt 0.624862 0.354730
vt 0.624237 0.469445
vt 0.894004 0.356632
vt 0.881221 0.471337
vt 0.881846 0.356622
vt 0.893379 0.471347
vt 0.868852 0.471318
vt 0.869477 0.356603
vt 0.856392 0.471293
vt 0.857017 0.356578
vt 0.581412 0.468864
vt 0.582037 0.354149
vt 0.567165 0.468655
vt 0.567790 0.353940
vt 0.552951 0.468440
vt 0.553576 0.353725
vt 0.496464 0.467503
vt 0.497089 0.352788
vt 0.482541 0.467254
vt 0.483166 0.352538
vt 0.468701 0.466998
vt 0.469326 0.352282
vt 0.454897 0.466732
vt 0.455522 0.352017
vt 0.750672 0.470741
vt 0.751297 0.356026
vt 0.736915 0.470630
vt 0.737541 0.355915
vt 0.905977 0.356633
vt 0.905352 0.471348
vt 0.336475 0.464106
vt 0.349611 0.349701
vt 0.348986 0.464417
vt 0.337100 0.349391
vt 0.362394 0.350011
vt 0.361769 0.464727
vt 0.441221 0.466463
vt 0.441846 0.351748
vt 0.427582 0.466185
vt 0.428207 0.351470
vt 0.414214 0.465907
vt 0.414840 0.351191
vt 0.400789 0.465616
vt 0.401414 0.350901
vt 0.375239 0.350312
vt 0.374614 0.465027
vt 0.311943 0.463469
vt 0.324721 0.349074
vt 0.324096 0.463789
vt 0.312568 0.348754
vt 0.299897 0.463143
vt 0.300522 0.348427
vt 0.388285 0.350610
vt 0.387660 0.465325
vt 0.165827 0.458679
vt 0.175202 0.344319
vt 0.174576 0.459034
vt 0.166452 0.343963
vt 0.157398 0.458323
vt 0.158023 0.343608
vt 0.192826 0.459737
vt 0.203021 0.345373
vt 0.202396 0.460089
vt 0.193451 0.345022
vt 0.232725 0.461131
vt 0.233350 0.346416
vt 0.222335 0.460784
vt 0.222960 0.346069
vt 0.212913 0.345724
vt 0.212288 0.460439
vt 0.183553 0.459386
vt 0.184178 0.344671
vt 0.917764 0.356625
vt 0.917138 0.471341
usemtl lambert2SG
f 1376/867 1433/868 1369/869
f 1433/868 1376/867 1442/870
f 1547/871 1449/872 1458/873
f 1449/872 1547/871 1542/874
f 1555/875 1465/876 1471/877
f 1465/876 1555/875 1552/878
f 1552/878 1458/873 1465/876
f 1458/873 1552/878 1547/871
f 756/2087 719/2088 755/2089
f 719/2088 756/2087 720/2090
f 1281/879 1320/880 1269/881
f 1320/880 1281/879 1329/882
f 1369/869 1423/883 1363/884
f 1423/883 1369/869 1433/868
f 1473/885 1393/886 1398/887
f 1393/886 1473/885 1471/877
f 1449/872 1376/867 1385/888
f 1376/867 1449/872 1442/870
f 1471/877 1389/889 1393/886
f 1389/889 1471/877 1465/876
f 1355/890 1405/891 1349/892
f 1405/891 1355/890 1414/893
f 1340/894 1379/895 1329/882
f 1379/895 1340/894 1390/896
f 1465/876 1387/897 1389/889
f 1387/897 1465/876 1458/873
f 1329/882 1370/898 1320/880
f 1370/898 1329/882 1379/895
f 1349/892 1390/896 1340/894
f 1390/896 1349/892 1405/891
f 1363/884 1414/893 1355/890
f 1414/893 1363/884 1423/883
f 1458/873 1385/888 1387/897
f 1385/888 1458/873 1449/872
f 1559/899 1471/877 1473/885
f 1471/877 1559/899 1555/875
f 1270/900 1315/901 1267/902
f 1315/901 1270/900 1323/903
f 1327/904 1270/900 1276/905
f 1270/900 1327/904 1323/903
f 1244/906 1281/879 1236/907
f 1281/879 1244/906 1291/908
f 1393/886 1332/909 1334/910
f 1332/909 1393/886 1389/889
f 1248/911 1291/908 1244/906
f 1291/908 1248/911 1294/912
f 1267/902 1309/913 1262/914
f 1309/913 1267/902 1315/901
f 1389/889 1330/915 1332/909
f 1330/915 1389/889 1387/897
f 1315/901 1363/884 1309/913
f 1363/884 1315/901 1369/869
f 1291/908 1329/882 1281/879
f 1329/882 1291/908 1340/894
f 1236/907 1269/881 1226/916
f 1269/881 1236/907 1281/879
f 1305/917 1349/892 1294/912
f 1349/892 1305/917 1355/890
f 1257/918 1294/912 1248/911
f 1294/912 1257/918 1305/917
f 1398/887 1334/910 1337/919
f 1334/910 1398/887 1393/886
f 1309/913 1355/890 1305/917
f 1355/890 1309/913 1363/884
f 1294/912 1340/894 1291/908
f 1340/894 1294/912 1349/892
f 1385/888 1323/903 1327/904
f 1323/903 1385/888 1376/867
f 1387/897 1327/904 1330/915
f 1327/904 1387/897 1385/888
f 1323/903 1369/869 1315/901
f 1369/869 1323/903 1376/867
f 1262/914 1305/917 1257/918
f 1305/917 1262/914 1309/913
f 1651/920 1669/921 1645/922
f 1669/921 1651/920 1674/923
f 1616/924 1636/925 1612/926
f 1636/925 1616/924 1640/927
f 1690/928 1670/929 1673/930
f 1670/929 1690/928 1688/931
f 1693/932 1675/933 1676/934
f 1675/933 1693/932 1692/935
f 1621/936 1640/927 1616/924
f 1640/927 1621/936 1645/922
f 1645/922 1667/937 1640/927
f 1667/937 1645/922 1669/921
f 1665/938 1674/923 1651/920
f 1674/923 1665/938 1681/939
f 1668/940 1683/941 1666/942
f 1683/941 1668/940 1686/943
f 1718/944 1695/945 1697/946
f 1695/945 1718/944 1716/947
f 1626/948 1645/922 1621/936
f 1645/922 1626/948 1651/920
f 1635/949 1651/920 1626/948
f 1651/920 1635/949 1665/938
f 1695/945 1676/934 1678/950
f 1676/934 1695/945 1693/932
f 536/2091 499/2092 535/2093
f 499/2092 536/2091 500/2094
f 1640/927 1664/951 1636/925
f 1664/951 1640/927 1667/937
f 1688/931 1668/940 1670/929
f 1668/940 1688/931 1686/943
f 1666/942 1681/939 1665/938
f 1681/939 1666/942 1683/941
f 1692/935 1673/930 1675/933
f 1673/930 1692/935 1690/928
f 1697/946 1678/950 1680/952
f 1678/950 1697/946 1695/945
f 1680/952 1661/953 1663/954
f 1661/953 1680/952 1678/950
f 1587/955 1612/926 1575/956
f 1612/926 1587/955 1616/924
f 1597/957 1616/924 1587/955
f 1616/924 1597/957 1621/936
f 1617/958 1637/959 1615/960
f 1637/959 1617/958 1641/961
f 1620/962 1641/961 1617/958
f 1641/961 1620/962 1644/963
f 1654/964 1622/965 1625/966
f 1622/965 1654/964 1648/967
f 1605/968 1621/936 1597/957
f 1621/936 1605/968 1626/948
f 1676/934 1654/964 1660/969
f 1654/964 1676/934 1675/933
f 1615/960 1635/949 1611/970
f 1635/949 1615/960 1637/959
f 1660/969 1625/966 1627/971
f 1625/966 1660/969 1654/964
f 1661/953 1627/971 1628/972
f 1627/971 1661/953 1660/969
f 1611/970 1626/948 1605/968
f 1626/948 1611/970 1635/949
f 1641/961 1666/942 1637/959
f 1666/942 1641/961 1668/940
f 1648/967 1620/962 1622/965
f 1620/962 1648/967 1644/963
f 1675/933 1648/967 1654/964
f 1648/967 1675/933 1673/930
f 1637/959 1665/938 1635/949
f 1665/938 1637/959 1666/942
f 1673/930 1644/963 1648/967
f 1644/963 1673/930 1670/929
f 1678/950 1660/969 1661/953
f 1660/969 1678/950 1676/934
f 1644/963 1668/940 1641/961
f 1668/940 1644/963 1670/929
f 1531/973 1575/956 1517/974
f 1575/956 1531/973 1587/955
f 1627/971 1600/975 1604/976
f 1600/975 1627/971 1625/966
f 1590/977 1617/958 1586/978
f 1617/958 1590/977 1620/962
f 1625/966 1598/979 1600/975
f 1598/979 1625/966 1622/965
f 1546/980 1587/955 1531/973
f 1587/955 1546/980 1597/957
f 1628/972 1604/976 1606/981
f 1604/976 1628/972 1627/971
f 1622/965 1590/977 1598/979
f 1590/977 1622/965 1620/962
f 1630/982 1606/981 1608/983
f 1606/981 1630/982 1628/972
f 1568/984 1605/968 1562/985
f 1605/968 1568/984 1611/970
f 458/2095 425/2096 457/2097
f 425/2096 458/2095 426/2098
f 1462/986 1531/973 1444/987
f 1531/973 1462/986 1546/980
f 1578/988 1611/970 1568/984
f 1611/970 1578/988 1615/960
f 1503/989 1562/985 1483/990
f 1562/985 1503/989 1568/984
f 1516/991 1568/984 1503/989
f 1568/984 1516/991 1578/988
f 1444/987 1517/974 1431/992
f 1517/974 1444/987 1531/973
f 1483/990 1546/980 1462/986
f 1546/980 1483/990 1562/985
f 1562/985 1597/957 1546/980
f 1597/957 1562/985 1605/968
f 1663/954 1628/972 1630/982
f 1628/972 1663/954 1661/953
f 1586/978 1615/960 1578/988
f 1615/960 1586/978 1617/958
f 1526/993 1578/988 1516/991
f 1578/988 1526/993 1586/978
f 1390/896 1444/987 1379/895
f 1444/987 1390/896 1462/986
f 1542/874 1442/870 1449/872
f 1442/870 1542/874 1534/994
f 1600/975 1542/874 1547/871
f 1542/874 1600/975 1598/979
f 500/2094 457/2097 499/2092
f 457/2097 500/2094 458/2095
f 1606/981 1552/878 1555/875
f 1552/878 1606/981 1604/976
f 1379/895 1431/992 1370/898
f 1431/992 1379/895 1444/987
f 1414/893 1483/990 1405/891
f 1483/990 1414/893 1503/989
f 1534/994 1586/978 1526/993
f 1586/978 1534/994 1590/977
f 1433/868 1516/991 1423/883
f 1516/991 1433/868 1526/993
f 1442/870 1526/993 1433/868
f 1526/993 1442/870 1534/994
f 1604/976 1547/871 1552/878
f 1547/871 1604/976 1600/975
f 1598/979 1534/994 1542/874
f 1534/994 1598/979 1590/977
f 1423/883 1503/989 1414/893
f 1503/989 1423/883 1516/991
f 1405/891 1462/986 1390/896
f 1462/986 1405/891 1483/990
f 1608/983 1555/875 1559/899
f 1555/875 1608/983 1606/981
f 1096/995 1056/996 1102/997
f 1056/996 1096/995 1054/998
f 998/999 1031/1000 994/1001
f 1031/1000 998/999 1033/1002
f 1033/1002 1074/1003 1031/1000
f 1074/1003 1033/1002 1076/1004
f 1104/1005 1064/1006 1106/1007
f 1064/1006 1104/1005 1060/1008
f 1050/1009 1088/1010 1048/1011
f 1088/1010 1050/1009 1091/1012
f 994/1001 1026/1013 990/1014
f 1026/1013 994/1001 1031/1000
f 1001/1015 1033/1002 998/999
f 1033/1002 1001/1015 1042/1016
f 1045/1017 1079/1018 1042/1016
f 1079/1018 1045/1017 1082/1019
f 1042/1016 1076/1004 1033/1002
f 1076/1004 1042/1016 1079/1018
f 1004/1020 1045/1017 1003/1021
f 1045/1017 1004/1020 1048/1011
f 1053/1022 1091/1012 1050/1009
f 1091/1012 1053/1022 1093/1023
f 1003/1021 1042/1016 1001/1015
f 1042/1016 1003/1021 1045/1017
f 1102/997 1060/1008 1104/1005
f 1060/1008 1102/997 1056/996
f 1031/1000 1068/1024 1026/1013
f 1068/1024 1031/1000 1074/1003
f 1048/1011 1082/1019 1045/1017
f 1082/1019 1048/1011 1088/1010
f 1093/1023 1054/998 1096/995
f 1054/998 1093/1023 1053/1022
f 1106/1007 1066/1025 1108/1026
f 1066/1025 1106/1007 1064/1006
f 172/2099 139/2100 171/2101
f 139/2100 172/2099 140/2102
f 1012/1027 1048/1011 1004/1020
f 1048/1011 1012/1027 1050/1009
f 958/1028 994/1001 954/1029
f 994/1001 958/1028 998/999
f 971/1030 1004/1020 970/1031
f 1004/1020 971/1030 1012/1027
f 1015/1032 975/1033 1017/1034
f 975/1033 1015/1032 973/1035
f 1017/1034 978/1036 1019/1037
f 978/1036 1017/1034 975/1033
f 1056/996 1021/1038 1060/1008
f 1021/1038 1056/996 1019/1037
f 954/1029 990/1014 950/1039
f 990/1014 954/1029 994/1001
f 1015/1032 1050/1009 1012/1027
f 1050/1009 1015/1032 1053/1022
f 1021/1038 980/1040 1022/1041
f 980/1040 1021/1038 979/1042
f 1054/998 1019/1037 1056/996
f 1019/1037 1054/998 1017/1034
f 1019/1037 979/1042 1021/1038
f 979/1042 1019/1037 978/1036
f 1022/1041 983/1043 1024/1044
f 983/1043 1022/1041 980/1040
f 357/2103 315/2104 356/2105
f 315/2104 357/2103 316/2106
f 967/1045 1001/1015 963/1046
f 1001/1015 967/1045 1003/1021
f 1060/1008 1022/1041 1064/1006
f 1022/1041 1060/1008 1021/1038
f 963/1046 998/999 958/1028
f 998/999 963/1046 1001/1015
f 970/1031 1003/1021 967/1045
f 1003/1021 970/1031 1004/1020
f 973/1035 1012/1027 971/1030
f 1012/1027 973/1035 1015/1032
f 1064/1006 1024/1044 1066/1025
f 1024/1044 1064/1006 1022/1041
f 1053/1022 1017/1034 1054/998
f 1017/1034 1053/1022 1015/1032
f 916/1047 950/1039 913/1048
f 950/1039 916/1047 954/1029
f 884/1049 916/1047 877/1050
f 916/1047 884/1049 922/1051
f 926/1052 963/1046 924/1053
f 963/1046 926/1052 967/1045
f 891/1054 924/1053 887/1055
f 924/1053 891/1054 926/1052
f 933/1056 970/1031 927/1057
f 970/1031 933/1056 971/1030
f 887/1055 922/1051 884/1049
f 922/1051 887/1055 924/1053
f 927/1057 967/1045 926/1052
f 967/1045 927/1057 970/1031
f 922/1051 954/1029 916/1047
f 954/1029 922/1051 958/1028
f 979/1042 944/1058 980/1040
f 944/1058 979/1042 942/1059
f 893/1060 926/1052 891/1054
f 926/1052 893/1060 927/1057
f 895/1061 927/1057 893/1060
f 927/1057 895/1061 933/1056
f 937/1062 971/1030 933/1056
f 971/1030 937/1062 973/1035
f 978/1036 942/1059 979/1042
f 942/1059 978/1036 940/1063
f 975/1033 940/1063 978/1036
f 940/1063 975/1033 938/1064
f 983/2107 945/2108 982/2109
f 945/2108 983/2107 946/2110
f 973/1035 938/1064 975/1033
f 938/1064 973/1035 937/1062
f 980/1040 946/1065 983/1043
f 946/1065 980/1040 944/1058
f 877/1050 913/1048 872/1066
f 913/1048 877/1050 916/1047
f 924/1053 958/1028 922/1051
f 958/1028 924/1053 963/1046
f 1332/909 1278/1067 1283/1068
f 1278/1067 1332/909 1330/915
f 1217/1069 1257/918 1210/1070
f 1257/918 1217/1069 1262/914
f 1220/1071 1262/914 1217/1069
f 1262/914 1220/1071 1267/902
f 1337/919 1286/1072 1289/1073
f 1286/1072 1337/919 1334/910
f 1334/910 1283/1068 1286/1072
f 1283/1068 1334/910 1332/909
f 1278/1067 1228/1074 1234/1075
f 1228/1074 1278/1067 1276/905
f 1289/1073 1238/1076 1240/1077
f 1238/1076 1289/1073 1286/1072
f 1225/1078 1267/902 1220/1071
f 1267/902 1225/1078 1270/900
f 1201/1079 1236/907 1198/1080
f 1236/907 1201/1079 1244/906
f 1286/1072 1235/1081 1238/1076
f 1235/1081 1286/1072 1283/1068
f 1276/905 1225/1078 1228/1074
f 1225/1078 1276/905 1270/900
f 1155/1082 1198/1080 1152/1083
f 1198/1080 1155/1082 1201/1079
f 1330/915 1276/905 1278/1067
f 1276/905 1330/915 1327/904
f 1210/1070 1248/911 1204/1084
f 1248/911 1210/1070 1257/918
f 1283/1068 1234/1075 1235/1081
f 1234/1075 1283/1068 1278/1067
f 1152/1083 1185/1085 1146/1086
f 1185/1085 1152/1083 1198/1080
f 1198/1080 1226/916 1185/1085
f 1226/916 1198/1080 1236/907
f 1397/2111 1337/2112 1336/2113
f 1337/2112 1397/2111 1398/2114
f 1204/1084 1244/906 1201/1079
f 1244/906 1204/1084 1248/911
f 1121/1087 1155/1082 1117/1088
f 1155/1082 1121/1087 1163/1089
f 1126/1090 1168/1091 1124/1092
f 1168/1091 1126/1090 1172/1093
f 1178/1094 1220/1071 1177/1095
f 1220/1071 1178/1094 1225/1078
f 1124/1092 1163/1089 1121/1087
f 1163/1089 1124/1092 1168/1091
f 1140/1096 1177/1095 1131/1097
f 1177/1095 1140/1096 1178/1094
f 1184/1098 1140/1096 1142/1099
f 1140/1096 1184/1098 1178/1094
f 1163/1089 1201/1079 1155/1082
f 1201/1079 1163/1089 1204/1084
f 1168/1091 1204/1084 1163/1089
f 1204/1084 1168/1091 1210/1070
f 1240/1077 1191/1100 1195/1101
f 1191/1100 1240/1077 1238/1076
f 1228/1074 1178/1094 1184/1098
f 1178/1094 1228/1074 1225/1078
f 1187/1102 1142/1099 1145/1103
f 1142/1099 1187/1102 1184/1098
f 1172/1093 1210/1070 1168/1091
f 1210/1070 1172/1093 1217/1069
f 1131/1097 1172/1093 1126/1090
f 1172/1093 1131/1097 1177/1095
f 1177/1095 1217/1069 1172/1093
f 1217/1069 1177/1095 1220/1071
f 1117/1088 1152/1083 1111/1104
f 1152/1083 1117/1088 1155/1082
f 1111/1104 1146/1086 1105/1105
f 1146/1086 1111/1104 1152/1083
f 1238/1076 1190/1106 1191/1100
f 1190/1106 1238/1076 1235/1081
f 1235/1081 1187/1102 1190/1106
f 1187/1102 1235/1081 1234/1075
f 1234/1075 1184/1098 1187/1102
f 1184/1098 1234/1075 1228/1074
f 1190/1106 1145/1103 1147/1107
f 1145/1103 1190/1106 1187/1102
f 1082/1019 1121/1087 1079/1018
f 1121/1087 1082/1019 1124/1092
f 1088/1010 1124/1092 1082/1019
f 1124/1092 1088/1010 1126/1090
f 1191/1100 1147/1107 1148/1108
f 1147/1107 1191/1100 1190/1106
f 1091/1012 1126/1090 1088/1010
f 1126/1090 1091/1012 1131/1097
f 1079/1018 1117/1088 1076/1004
f 1117/1088 1079/1018 1121/1087
f 1140/1096 1096/995 1142/1099
f 1096/995 1140/1096 1093/1023
f 1142/1099 1102/997 1145/1103
f 1102/997 1142/1099 1096/995
f 1147/1107 1106/1007 1148/1108
f 1106/1007 1147/1107 1104/1005
f 1195/1101 1148/1108 1151/1109
f 1148/1108 1195/1101 1191/1100
f 1074/1003 1105/1105 1068/1024
f 1105/1105 1074/1003 1111/1104
f 1076/1004 1111/1104 1074/1003
f 1111/1104 1076/1004 1117/1088
f 1093/1023 1131/1097 1091/1012
f 1131/1097 1093/1023 1140/1096
f 1148/1108 1108/1026 1151/1109
f 1108/1026 1148/1108 1106/1007
f 1108/2115 1065/2116 1107/2117
f 1065/2116 1108/2115 1066/2118
f 1145/1103 1104/1005 1147/1107
f 1104/1005 1145/1103 1102/997
f 76/2119 7/2120 75/2121
f 7/2120 76/2119 8/2122
f 108/2123 75/2121 107/2124
f 75/2121 108/2123 76/2119
f 1836/2125 1820/2126 1819/2127
f 1820/2126 1836/2125 1837/2128
f 1472/2129 1398/2114 1397/2111
f 1398/2114 1472/2129 1473/2130
f 1151/2131 1107/2117 1150/2132
f 1107/2117 1151/2131 1108/2115
f 1774/2133 1756/2134 1755/2135
f 1756/2134 1774/2133 1775/2136
f 1679/2137 1663/2138 1662/2139
f 1663/2138 1679/2137 1680/2140
f 1558/2141 1473/2130 1472/2129
f 1473/2130 1558/2141 1559/2142
f 1194/2143 1151/2131 1150/2132
f 1151/2131 1194/2143 1195/2144
f 1239/2145 1195/2144 1194/2143
f 1195/2144 1239/2145 1240/2146
f 250/2147 216/2148 249/2149
f 216/2148 250/2147 217/2150
f 1733/2151 1718/2152 1717/2153
f 1718/2152 1733/2151 1734/2154
f 1819/2127 1795/2155 1794/2156
f 1795/2155 1819/2127 1820/2126
f 1629/2157 1608/2158 1607/2159
f 1608/2158 1629/2157 1630/2160
f 1696/2161 1680/2140 1679/2137
f 1680/2140 1696/2161 1697/2162
f 63/1110 16/1111 14/1112
f 16/1111 63/1110 61/1113
f 61/1113 63/1110 93/1114
f 93/1114 63/1110 95/1115
f 93/1114 95/1115 125/1116
f 125/1116 95/1115 127/1117
f 125/1116 127/1117 157/1118
f 157/1118 127/1117 159/1119
f 157/1118 159/1119 189/1120
f 189/1120 159/1119 195/1121
f 189/1120 195/1121 225/1122
f 225/1122 195/1121 236/1123
f 225/1122 236/1123 264/1124
f 264/1124 236/1123 269/1125
f 264/1124 269/1125 299/1126
f 299/1126 269/1125 303/1127
f 299/1126 303/1127 331/1128
f 331/1128 303/1127 335/1129
f 331/1128 335/1129 363/1130
f 363/1130 335/1129 373/1131
f 363/1130 373/1131 397/1132
f 397/1132 373/1131 410/1133
f 397/1132 410/1133 435/1134
f 435/1134 410/1133 445/1135
f 435/1134 445/1135 471/1136
f 471/1136 445/1135 477/1137
f 471/1136 477/1137 505/1138
f 505/1138 477/1137 509/1139
f 505/1138 509/1139 539/1140
f 539/1140 509/1139 551/1141
f 539/1140 551/1141 571/1142
f 571/1142 551/1141 586/1143
f 571/1142 586/1143 609/1144
f 609/1144 586/1143 620/1145
f 609/1144 620/1145 639/1146
f 639/1146 620/1145 655/1147
f 639/1146 655/1147 671/1148
f 671/1148 655/1147 693/1149
f 671/1148 693/1149 706/1150
f 706/1150 693/1149 728/1151
f 706/1150 728/1151 742/1152
f 742/1152 728/1151 764/1153
f 742/1152 764/1153 776/1154
f 776/1154 764/1153 803/1155
f 776/1154 803/1155 811/1156
f 811/1156 803/1155 838/1157
f 811/1156 838/1157 844/1158
f 844/1158 838/1157 872/1066
f 844/1158 872/1066 881/1159
f 881/1159 872/1066 913/1048
f 881/1159 913/1048 917/1160
f 917/1160 913/1048 950/1039
f 917/1160 950/1039 952/1161
f 952/1161 950/1039 990/1014
f 952/1161 990/1014 992/1162
f 992/1162 990/1014 1026/1013
f 992/1162 1026/1013 1028/1163
f 1028/1163 1026/1013 1068/1024
f 1028/1163 1068/1024 1061/1164
f 1061/1164 1068/1024 1099/1165
f 1099/1165 1068/1024 1105/1105
f 1099/1165 1105/1105 1137/1166
f 1137/1166 1105/1105 1146/1086
f 1137/1166 1146/1086 1173/1167
f 1173/1167 1146/1086 1185/1085
f 1173/1167 1185/1085 1215/1168
f 1215/1168 1185/1085 1226/916
f 1215/1168 1226/916 1259/1169
f 1259/1169 1226/916 1269/881
f 1259/1169 1269/881 1301/1170
f 1301/1170 1269/881 1320/880
f 1301/1170 1320/880 1346/1171
f 1346/1171 1320/880 1370/898
f 1346/1171 1370/898 1395/1172
f 1395/1172 1370/898 1431/992
f 1395/1172 1431/992 1454/1173
f 1454/1173 1431/992 1517/974
f 1454/1173 1517/974 1532/1174
f 1532/1174 1517/974 1575/956
f 1532/1174 1575/956 1583/1175
f 1583/1175 1575/956 1612/926
f 1583/1175 1612/926 1613/1176
f 1613/1176 1612/926 1636/925
f 1613/1176 1636/925 1631/1177
f 1631/1177 1636/925 1652/1178
f 1652/1178 1636/925 1664/951
f 1652/1178 1664/951 1671/1179
f 1671/1179 1664/951 1677/1180
f 1671/1179 1677/1180 1684/1181
f 1684/1181 1677/1180 1691/1182
f 1684/1181 1691/1182 1698/1183
f 1698/1183 1691/1182 1708/1184
f 1698/1183 1708/1184 1710/1185
f 1710/1185 1708/1184 1724/1186
f 1710/1185 1724/1186 1722/1187
f 1722/1187 1724/1186 1735/1188
f 1735/1188 1724/1186 1740/1189
f 1735/1188 1740/1189 1745/1190
f 1745/1190 1740/1189 1759/1191
f 1745/1190 1759/1191 1757/1192
f 1757/1192 1759/1191 1765/1193
f 1765/1193 1759/1191 1772/1194
f 1765/1193 1772/1194 1776/1195
f 1776/1195 1772/1194 1787/1196
f 1776/1195 1787/1196 1782/1197
f 1782/1197 1787/1196 1789/1198
f 1789/1198 1787/1196 1810/1199
f 1789/1198 1810/1199 1797/1200
f 1797/1200 1810/1199 1801/1201
f 1801/1201 1810/1199 1803/1202
f 1803/1202 1810/1199 1808/1203
f 1808/1203 1810/1199 1877/1204
f 1877/1204 1810/1199 1822/1205
f 1877/1204 1822/1205 1830/1206
f 1877/1204 1830/1206 1841/1207
f 1877/1204 1841/1207 1848/1208
f 1877/1204 1848/1208 1857/1209
f 1877/1204 1857/1209 1863/1210
f 1877/1204 1863/1210 1870/1211
f 1877/1204 1870/1211 1874/1212
f 1662/2139 1630/2160 1629/2157
f 1630/2160 1662/2139 1663/2138
f 1794/2156 1775/2136 1774/2133
f 1775/2136 1794/2156 1795/2155
f 1717/2153 1697/2162 1696/2161
f 1697/2162 1717/2153 1718/2152
f 1755/2135 1734/2154 1733/2151
f 1734/2154 1755/2135 1756/2134
f 1607/2159 1559/2142 1558/2141
f 1559/2142 1607/2159 1608/2158
f 418/1213 449/1214 417/1215
f 449/1214 418/1213 450/1216
f 454/1217 423/1218 455/1219
f 423/1218 454/1217 422/1220
f 413/1221 446/1222 411/1223
f 446/1222 413/1221 447/1224
f 494/1225 454/1217 496/1226
f 454/1217 494/1225 453/1227
f 496/1226 455/1219 497/1228
f 455/1219 496/1226 454/1217
f 417/1215 448/1229 415/1230
f 448/1229 417/1215 449/1214
f 492/1231 453/1227 494/1225
f 453/1227 492/1231 452/1232
f 1872/2163 1854/2164 1853/2165
f 1854/2164 1872/2163 1873/2166
f 455/1219 424/1233 456/1234
f 424/1233 455/1219 423/1218
f 451/1235 420/1236 452/1232
f 420/1236 451/1235 419/1237
f 490/1238 452/1232 492/1231
f 452/1232 490/1238 451/1235
f 453/1227 422/1220 454/1217
f 422/1220 453/1227 421/1239
f 451/1235 486/1240 450/1216
f 486/1240 451/1235 490/1238
f 415/1230 447/1224 413/1221
f 447/1224 415/1230 448/1229
f 450/1216 481/1241 449/1214
f 481/1241 450/1216 486/1240
f 419/1237 450/1216 418/1213
f 450/1216 419/1237 451/1235
f 411/1223 445/1135 410/1133
f 445/1135 411/1223 446/1222
f 498/1242 458/1243 500/1244
f 458/1243 498/1242 456/1234
f 452/1232 421/1239 453/1227
f 421/1239 452/1232 420/1236
f 497/1228 456/1234 498/1242
f 456/1234 497/1228 455/1219
f 341/1245 379/1246 338/1247
f 379/1246 341/1245 381/1248
f 385/1249 418/1213 383/1250
f 418/1213 385/1249 419/1237
f 456/1234 426/1251 458/1243
f 426/1251 456/1234 424/1233
f 422/1220 390/1252 423/1218
f 390/1252 422/1220 389/1253
f 379/1246 413/1221 377/1254
f 413/1221 379/1246 415/1230
f 383/1250 417/1215 381/1248
f 417/1215 383/1250 418/1213
f 375/1255 410/1133 373/1131
f 410/1133 375/1255 411/1223
f 381/1248 415/1230 379/1246
f 415/1230 381/1248 417/1215
f 424/1233 393/1256 426/1251
f 393/1256 424/1233 391/1257
f 377/1254 411/1223 375/1255
f 411/1223 377/1254 413/1221
f 336/1258 373/1131 335/1129
f 373/1131 336/1258 375/1255
f 423/1218 391/1257 424/1233
f 391/1257 423/1218 390/1252
f 337/1259 375/1255 336/1258
f 375/1255 337/1259 377/1254
f 833/2167 790/2168 832/2169
f 790/2168 833/2167 791/2170
f 338/1247 377/1254 337/1259
f 377/1254 338/1247 379/1246
f 420/1236 388/1260 421/1239
f 388/1260 420/1236 386/1261
f 421/1239 389/1253 422/1220
f 389/1253 421/1239 388/1260
f 419/1237 386/1261 420/1236
f 386/1261 419/1237 385/1249
f 386/1261 351/1262 388/1260
f 351/1262 386/1261 349/1263
f 391/1257 357/1264 393/1256
f 357/1264 391/1257 355/1265
f 347/1266 310/1267 349/1263
f 310/1267 347/1266 309/1268
f 388/1260 352/1269 389/1253
f 352/1269 388/1260 351/1262
f 304/1270 335/1129 303/1127
f 335/1129 304/1270 336/1258
f 305/1271 336/1258 304/1270
f 336/1258 305/1271 337/1259
f 309/1268 345/1272 308/1273
f 345/1272 309/1268 347/1266
f 347/1266 383/1250 345/1272
f 383/1250 347/1266 385/1249
f 349/1263 311/1274 351/1262
f 311/1274 349/1263 310/1267
f 345/1272 381/1248 341/1245
f 381/1248 345/1272 383/1250
f 355/1265 316/1275 357/1264
f 316/1275 355/1265 314/1276
f 307/1277 338/1247 306/1278
f 338/1247 307/1277 341/1245
f 385/1249 349/1263 386/1261
f 349/1263 385/1249 347/1266
f 389/1253 353/1279 390/1252
f 353/1279 389/1253 352/1269
f 390/1252 355/1265 391/1257
f 355/1265 390/1252 353/1279
f 306/1278 337/1259 305/1271
f 337/1259 306/1278 338/1247
f 308/1273 341/1245 307/1277
f 341/1245 308/1273 345/1272
f 351/1262 312/1280 352/1269
f 312/1280 351/1262 311/1274
f 352/1269 313/1281 353/1279
f 313/1281 352/1269 312/1280
f 353/1279 314/1276 355/1265
f 314/1276 353/1279 313/1281
f 309/1268 278/1282 310/1267
f 278/1282 309/1268 277/1283
f 273/1284 306/1278 272/1285
f 306/1278 273/1284 307/1277
f 238/1286 269/1125 236/1123
f 269/1125 238/1286 270/1287
f 240/1288 271/1289 239/1290
f 271/1289 240/1288 272/1285
f 312/1280 281/1291 313/1281
f 281/1291 312/1280 280/1292
f 277/1283 308/1273 276/1293
f 308/1273 277/1283 309/1268
f 313/1281 282/1294 314/1276
f 282/1294 313/1281 281/1291
f 239/1290 270/1287 238/1286
f 270/1287 239/1290 271/1289
f 241/1295 272/1285 240/1288
f 272/1285 241/1295 273/1284
f 271/1289 304/1270 270/1287
f 304/1270 271/1289 305/1271
f 276/1293 307/1277 273/1284
f 307/1277 276/1293 308/1273
f 311/1274 280/1292 312/1280
f 280/1292 311/1274 279/1296
f 316/2106 283/2171 315/2104
f 283/2171 316/2106 284/2172
f 270/1287 303/1127 269/1125
f 303/1127 270/1287 304/1270
f 242/1297 273/1284 241/1295
f 273/1284 242/1297 276/1293
f 272/1285 305/1271 271/1289
f 305/1271 272/1285 306/1278
f 310/1267 279/1296 311/1274
f 279/1296 310/1267 278/1282
f 314/1276 284/1298 316/1275
f 284/1298 314/1276 282/1294
f 202/1299 239/1290 200/1300
f 239/1290 202/1299 240/1288
f 206/1301 241/1295 204/1302
f 241/1295 206/1301 242/1297
f 198/1303 236/1123 195/1121
f 236/1123 198/1303 238/1286
f 204/1302 240/1288 202/1299
f 240/1288 204/1302 241/1295
f 208/1304 242/1297 206/1301
f 242/1297 208/1304 243/1305
f 245/1306 212/1307 246/1308
f 212/1307 245/1306 211/1309
f 1066/2118 1023/2173 1065/2116
f 1023/2173 1066/2118 1024/2174
f 281/1291 248/1310 282/1294
f 248/1310 281/1291 247/1311
f 248/1310 217/1312 250/1313
f 217/1312 248/1310 214/1314
f 243/1305 276/1293 242/1297
f 276/1293 243/1305 277/1283
f 282/1294 250/1313 284/1298
f 250/1313 282/1294 248/1310
f 279/1296 246/1308 280/1292
f 246/1308 279/1296 245/1306
f 200/1300 238/1286 198/1303
f 238/1286 200/1300 239/1290
f 278/1282 245/1306 279/1296
f 245/1306 278/1282 244/1315
f 246/1308 213/1316 247/1311
f 213/1316 246/1308 212/1307
f 247/1311 214/1314 248/1310
f 214/1314 247/1311 213/1316
f 243/1305 209/1317 244/1315
f 209/1317 243/1305 208/1304
f 244/1315 211/1309 245/1306
f 211/1309 244/1315 209/1317
f 277/1283 244/1315 278/1282
f 244/1315 277/1283 243/1305
f 280/1292 247/1311 281/1291
f 247/1311 280/1292 246/1308
f 161/1318 198/1303 160/1319
f 198/1303 161/1318 200/1300
f 214/1314 172/1320 217/1312
f 172/1320 214/1314 170/1321
f 128/1322 159/1119 127/1117
f 159/1119 128/1322 160/1319
f 130/1323 161/1318 129/1324
f 161/1318 130/1323 162/1325
f 131/1326 162/1325 130/1323
f 162/1325 131/1326 163/1327
f 209/1317 167/1328 211/1309
f 167/1328 209/1317 166/1329
f 213/1316 170/1321 214/1314
f 170/1321 213/1316 169/1330
f 132/1331 163/1327 131/1326
f 163/1327 132/1331 164/1332
f 129/1324 160/1319 128/1322
f 160/1319 129/1324 161/1318
f 165/1333 206/1301 164/1332
f 206/1301 165/1333 208/1304
f 133/1334 164/1332 132/1331
f 164/1332 133/1334 165/1333
f 682/2175 644/2176 681/2177
f 644/2176 682/2175 645/2178
f 160/1319 195/1121 159/1119
f 195/1121 160/1319 198/1303
f 164/1332 204/1302 163/1327
f 204/1302 164/1332 206/1301
f 163/1327 202/1299 162/1325
f 202/1299 163/1327 204/1302
f 162/1325 200/1300 161/1318
f 200/1300 162/1325 202/1299
f 208/1304 166/1329 209/1317
f 166/1329 208/1304 165/1333
f 211/1309 168/1335 212/1307
f 168/1335 211/1309 167/1328
f 212/1307 169/1330 213/1316
f 169/1330 212/1307 168/1335
f 98/1336 129/1324 97/1337
f 129/1324 98/1336 130/1323
f 100/1338 131/1326 99/1339
f 131/1326 100/1338 132/1331
f 168/1335 137/1340 169/1330
f 137/1340 168/1335 136/1341
f 96/1342 127/1117 95/1115
f 127/1117 96/1342 128/1322
f 135/1343 104/1344 136/1341
f 104/1344 135/1343 103/1345
f 97/1337 128/1322 96/1342
f 128/1322 97/1337 129/1324
f 166/1329 135/1343 167/1328
f 135/1343 166/1329 134/1346
f 138/1347 108/1348 140/1349
f 108/1348 138/1347 106/1350
f 140/2102 107/2124 139/2100
f 107/2124 140/2102 108/2123
f 165/1333 134/1346 166/1329
f 134/1346 165/1333 133/1334
f 167/1328 136/1341 168/1335
f 136/1341 167/1328 135/1343
f 169/1330 138/1347 170/1321
f 138/1347 169/1330 137/1340
f 904/2179 868/2180 903/2181
f 868/2180 904/2179 869/2182
f 99/1339 130/1323 98/1336
f 130/1323 99/1339 131/1326
f 101/1351 132/1331 100/1338
f 132/1331 101/1351 133/1334
f 133/1334 102/1352 134/1346
f 102/1352 133/1334 101/1351
f 134/1346 103/1345 135/1343
f 103/1345 134/1346 102/1352
f 136/1341 105/1353 137/1340
f 105/1353 136/1341 104/1344
f 137/1340 106/1350 138/1347
f 106/1350 137/1340 105/1353
f 170/1321 140/1349 172/1320
f 140/1349 170/1321 138/1347
f 69/1354 9/1355 1/1356
f 9/1355 69/1354 68/1357
f 68/1357 99/1339 67/1358
f 99/1339 68/1357 100/1338
f 103/1345 72/1359 104/1344
f 72/1359 103/1345 71/1360
f 104/1344 73/1361 105/1353
f 73/1361 104/1344 72/1359
f 66/1362 97/1337 65/1363
f 97/1337 66/1362 98/1336
f 65/1363 96/1342 64/1364
f 96/1342 65/1363 97/1337
f 102/1352 71/1360 103/1345
f 71/1360 102/1352 70/1365
f 105/1353 74/1366 106/1350
f 74/1366 105/1353 73/1361
f 106/1350 76/1367 108/1348
f 76/1367 106/1350 74/1366
f 64/1364 14/1112 13/1368
f 14/1112 64/1364 63/1110
f 67/1358 11/1369 10/1370
f 11/1369 67/1358 66/1362
f 64/1364 95/1115 63/1110
f 95/1115 64/1364 96/1342
f 101/1351 70/1365 102/1352
f 70/1365 101/1351 69/1354
f 67/1358 98/1336 66/1362
f 98/1336 67/1358 99/1339
f 69/1354 100/1338 68/1357
f 100/1338 69/1354 101/1351
f 66/1362 12/1371 11/1369
f 12/1371 66/1362 65/1363
f 71/1360 4/1372 72/1359
f 4/1372 71/1360 3/1373
f 73/1361 6/1374 74/1366
f 6/1374 73/1361 5/1375
f 74/1366 8/1376 76/1367
f 8/1376 74/1366 6/1374
f 72/1359 5/1375 73/1361
f 5/1375 72/1359 4/1372
f 69/1354 2/1377 70/1365
f 2/1377 69/1354 1/1356
f 70/1365 3/1373 71/1360
f 3/1373 70/1365 2/1377
f 1853/2165 1837/2128 1836/2125
f 1837/2128 1853/2165 1854/2164
f 1975/2183 1973/2184 1972/2185
f 1973/2184 1975/2183 1976/2186
f 1895/2187 1873/2166 1872/2163
f 1873/2166 1895/2187 1896/2188
f 1941/2189 1928/2190 1927/2191
f 1928/2190 1941/2189 1942/2192
f 1952/2193 1942/2192 1941/2189
f 1942/2192 1952/2193 1953/2194
f 1927/2191 1912/2195 1911/2196
f 1912/2195 1927/2191 1928/2190
f 1967/2197 1962/2198 1961/2199
f 1962/2198 1967/2197 1968/2200
f 1972/2185 1968/2200 1967/2197
f 1968/2200 1972/2185 1973/2184
f 566/1378 533/1379 567/1380
f 533/1379 566/1378 531/1381
f 523/1382 557/1383 521/1384
f 557/1383 523/1382 559/1385
f 567/1380 534/1386 568/1387
f 534/1386 567/1380 533/1379
f 595/1388 564/1389 596/1390
f 564/1389 595/1388 562/1391
f 1961/2199 1953/2194 1952/2193
f 1953/2194 1961/2199 1962/2198
f 562/1391 594/1392 560/1393
f 594/1392 562/1391 595/1388
f 596/1390 565/1394 597/1395
f 565/1394 596/1390 564/1389
f 605/1396 570/1397 607/1398
f 570/1397 605/1396 568/1387
f 525/1399 559/1385 523/1382
f 559/1385 525/1399 560/1393
f 517/1400 553/1401 514/1402
f 553/1401 517/1400 555/1403
f 602/1404 567/1380 603/1405
f 567/1380 602/1404 566/1378
f 597/1395 566/1378 602/1404
f 566/1378 597/1395 565/1394
f 514/1402 551/1141 509/1139
f 551/1141 514/1402 553/1401
f 603/1405 568/1387 605/1396
f 568/1387 603/1405 567/1380
f 521/1384 555/1403 517/1400
f 555/1403 521/1384 557/1383
f 527/1406 560/1393 525/1399
f 560/1393 527/1406 562/1391
f 562/1391 529/1407 564/1389
f 529/1407 562/1391 527/1406
f 560/1393 593/1408 559/1385
f 593/1408 560/1393 594/1392
f 564/1389 530/1409 565/1394
f 530/1409 564/1389 529/1407
f 565/1394 531/1381 566/1378
f 531/1381 565/1394 530/1409
f 568/1387 536/1410 570/1397
f 536/1410 568/1387 534/1386
f 527/1406 492/1231 529/1407
f 492/1231 527/1406 490/1238
f 530/1409 496/1226 531/1381
f 496/1226 530/1409 494/1225
f 1024/2174 982/2109 1023/2173
f 982/2109 1024/2174 983/2107
f 478/1411 509/1139 477/1137
f 509/1139 478/1411 514/1402
f 486/1240 523/1382 481/1241
f 523/1382 486/1240 525/1399
f 479/1412 514/1402 478/1411
f 514/1402 479/1412 517/1400
f 490/1238 525/1399 486/1240
f 525/1399 490/1238 527/1406
f 533/1379 498/1242 534/1386
f 498/1242 533/1379 497/1228
f 531/1381 497/1228 533/1379
f 497/1228 531/1381 496/1226
f 447/1224 478/1411 446/1222
f 478/1411 447/1224 479/1412
f 480/1413 517/1400 479/1412
f 517/1400 480/1413 521/1384
f 448/1229 479/1412 447/1224
f 479/1412 448/1229 480/1413
f 446/1222 477/1137 445/1135
f 477/1137 446/1222 478/1411
f 534/1386 500/1244 536/1410
f 500/1244 534/1386 498/1242
f 449/1214 480/1413 448/1229
f 480/1413 449/1214 481/1241
f 481/1241 521/1384 480/1413
f 521/1384 481/1241 523/1382
f 529/1407 494/1225 530/1409
f 494/1225 529/1407 492/1231
f 1911/2196 1896/2188 1895/2187
f 1896/2188 1911/2196 1912/2195
f 754/1414 720/1415 756/1416
f 720/1415 754/1414 717/1417
f 720/2090 681/2177 719/2088
f 681/2177 720/2090 682/2175
f 750/1418 712/1419 752/1420
f 712/1419 750/1418 711/1421
f 709/1422 747/1423 708/1424
f 747/1423 709/1422 749/1425
f 697/1426 729/1427 695/1428
f 729/1427 697/1426 733/1429
f 753/1430 717/1417 754/1414
f 717/1417 753/1430 715/1431
f 708/1424 744/1432 704/1433
f 744/1432 708/1424 747/1423
f 659/1434 693/1149 655/1147
f 693/1149 659/1434 695/1428
f 662/1435 695/1428 659/1434
f 695/1428 662/1435 697/1426
f 749/1425 711/1421 750/1418
f 711/1421 749/1425 709/1422
f 664/1436 697/1426 662/1435
f 697/1426 664/1436 699/1437
f 791/2170 755/2089 790/2168
f 755/2089 791/2170 756/2087
f 788/1438 754/1414 789/1439
f 754/1414 788/1438 753/1430
f 752/1420 715/1431 753/1430
f 715/1431 752/1420 712/1419
f 789/1439 756/1416 791/1440
f 756/1416 789/1439 754/1414
f 695/1428 728/1151 693/1149
f 728/1151 695/1428 729/1427
f 701/1441 735/1442 699/1437
f 735/1442 701/1441 737/1443
f 704/1433 737/1443 701/1441
f 737/1443 704/1433 744/1432
f 699/1437 733/1429 697/1426
f 733/1429 699/1437 735/1442
f 708/1424 673/1444 709/1422
f 673/1444 708/1424 669/1445
f 711/1421 678/1446 712/1419
f 678/1446 711/1421 676/1447
f 715/1431 680/1448 717/1417
f 680/1448 715/1431 679/1449
f 669/1445 704/1433 668/1450
f 704/1433 669/1445 708/1424
f 632/1451 666/1452 629/1453
f 666/1452 632/1451 668/1450
f 634/1454 668/1450 632/1451
f 668/1450 634/1454 669/1445
f 622/1455 655/1147 620/1145
f 655/1147 622/1455 659/1434
f 712/1419 679/1449 715/1431
f 679/1449 712/1419 678/1446
f 629/1453 664/1436 624/1456
f 664/1436 629/1453 666/1452
f 666/1452 699/1437 664/1436
f 699/1437 666/1452 701/1441
f 669/1445 636/1457 673/1444
f 636/1457 669/1445 634/1454
f 709/1422 676/1447 711/1421
f 676/1447 709/1422 673/1444
f 623/1458 659/1434 622/1455
f 659/1434 623/1458 662/1435
f 668/1450 701/1441 666/1452
f 701/1441 668/1450 704/1433
f 624/1456 662/1435 623/1458
f 662/1435 624/1456 664/1436
f 673/1444 637/1459 676/1447
f 637/1459 673/1444 636/1457
f 678/1446 642/1460 679/1449
f 642/1460 678/1446 641/1461
f 717/1417 682/1462 720/1415
f 682/1462 717/1417 680/1448
f 676/1447 641/1461 678/1446
f 641/1461 676/1447 637/1459
f 594/1392 629/1453 593/1408
f 629/1453 594/1392 632/1451
f 590/1463 622/1455 588/1464
f 622/1455 590/1463 623/1458
f 634/1454 596/1390 636/1457
f 596/1390 634/1454 595/1388
f 637/1459 602/1404 641/1461
f 602/1404 637/1459 597/1395
f 555/1403 588/1464 553/1401
f 588/1464 555/1403 590/1463
f 593/1408 624/1456 592/1465
f 624/1456 593/1408 629/1453
f 557/1383 590/1463 555/1403
f 590/1463 557/1383 592/1465
f 592/1465 623/1458 590/1463
f 623/1458 592/1465 624/1456
f 636/1457 597/1395 637/1459
f 597/1395 636/1457 596/1390
f 641/1461 603/1405 642/1460
f 603/1405 641/1461 602/1404
f 588/1464 620/1145 586/1143
f 620/1145 588/1464 622/1455
f 559/1385 592/1465 557/1383
f 592/1465 559/1385 593/1408
f 642/1460 605/1396 643/1466
f 605/1396 642/1460 603/1405
f 607/2201 569/2202 606/2203
f 569/2202 607/2201 570/2204
f 553/1401 586/1143 551/1141
f 586/1143 553/1401 588/1464
f 595/1388 632/1451 594/1392
f 632/1451 595/1388 634/1454
f 643/1466 607/1398 645/1467
f 607/1398 643/1466 605/1396
f 679/1449 643/1466 680/1448
f 643/1466 679/1449 642/1460
f 680/1448 645/1467 682/1462
f 645/1467 680/1448 643/1466
f 854/1468 891/1054 851/1469
f 891/1054 854/1468 893/1060
f 944/1058 904/1470 946/1065
f 904/1470 944/1058 902/1471
f 896/1472 933/1056 895/1061
f 933/1056 896/1472 937/1062
f 851/1469 887/1055 846/1473
f 887/1055 851/1469 891/1054
f 899/1474 866/1475 900/1476
f 866/1475 899/1474 864/1477
f 842/1478 877/1050 840/1479
f 877/1050 842/1478 884/1049
f 284/2172 249/2149 283/2171
f 249/2149 284/2172 250/2147
f 859/1480 893/1060 854/1468
f 893/1060 859/1480 895/1061
f 896/1472 863/1481 898/1482
f 863/1481 896/1472 861/1483
f 898/1482 864/1477 899/1474
f 864/1477 898/1482 863/1481
f 942/1059 902/1471 944/1058
f 902/1471 942/1059 900/1476
f 846/1473 884/1049 842/1478
f 884/1049 846/1473 887/1055
f 940/1063 900/1476 942/1059
f 900/1476 940/1063 899/1474
f 937/1062 898/1482 938/1064
f 898/1482 937/1062 896/1472
f 861/1483 895/1061 859/1480
f 895/1061 861/1483 896/1472
f 900/1476 867/1484 902/1471
f 867/1484 900/1476 866/1475
f 938/1064 899/1474 940/1063
f 899/1474 938/1064 898/1482
f 902/1471 869/1485 904/1470
f 869/1485 902/1471 867/1484
f 840/1479 872/1066 838/1157
f 872/1066 840/1479 877/1050
f 817/1486 854/1468 815/1487
f 854/1468 817/1486 859/1480
f 815/1487 851/1469 813/1488
f 851/1469 815/1487 854/1468
f 426/2098 392/2205 425/2096
f 392/2205 426/2098 393/2206
f 784/1489 817/1486 782/1490
f 817/1486 784/1489 818/1491
f 863/1481 825/1492 864/1477
f 825/1492 863/1481 822/1493
f 867/1484 833/1494 869/1485
f 833/1494 867/1484 831/1495
f 861/1483 822/1493 863/1481
f 822/1493 861/1483 818/1491
f 813/1488 846/1473 810/1496
f 846/1473 813/1488 851/1469
f 866/1475 831/1495 867/1484
f 831/1495 866/1475 828/1497
f 810/1496 842/1478 808/1498
f 842/1478 810/1496 846/1473
f 864/1477 828/1497 866/1475
f 828/1497 864/1477 825/1492
f 806/1499 838/1157 803/1155
f 838/1157 806/1499 840/1479
f 766/1500 803/1155 764/1153
f 803/1155 766/1500 806/1499
f 779/1501 810/1496 775/1502
f 810/1496 779/1501 813/1488
f 782/1490 815/1487 781/1503
f 815/1487 782/1490 817/1486
f 772/1504 806/1499 766/1500
f 806/1499 772/1504 808/1498
f 775/1502 808/1498 772/1504
f 808/1498 775/1502 810/1496
f 781/1503 813/1488 779/1501
f 813/1488 781/1503 815/1487
f 808/1498 840/1479 806/1499
f 840/1479 808/1498 842/1478
f 818/1491 859/1480 817/1486
f 859/1480 818/1491 861/1483
f 828/1497 789/1439 831/1495
f 789/1439 828/1497 788/1438
f 737/1443 775/1502 735/1442
f 775/1502 737/1443 779/1501
f 749/1425 782/1490 747/1423
f 782/1490 749/1425 784/1489
f 733/1429 766/1500 729/1427
f 766/1500 733/1429 772/1504
f 825/1492 788/1438 828/1497
f 788/1438 825/1492 787/1505
f 822/1493 787/1505 825/1492
f 787/1505 822/1493 785/1506
f 784/1489 750/1418 785/1506
f 750/1418 784/1489 749/1425
f 785/1506 752/1420 787/1505
f 752/1420 785/1506 750/1418
f 729/1427 764/1153 728/1151
f 764/1153 729/1427 766/1500
f 747/1423 781/1503 744/1432
f 781/1503 747/1423 782/1490
f 787/1505 753/1430 788/1438
f 753/1430 787/1505 752/1420
f 744/1432 779/1501 737/1443
f 779/1501 744/1432 781/1503
f 735/1442 772/1504 733/1429
f 772/1504 735/1442 775/1502
f 818/1491 785/1506 822/1493
f 785/1506 818/1491 784/1489
f 831/1495 791/1440 833/1494
f 791/1440 831/1495 789/1439
f 1764/1507 1779/1508 1761/1509
f 1779/1508 1764/1507 1784/1510
f 1770/1511 1784/1510 1764/1507
f 1784/1510 1770/1511 1791/1512
f 1805/1513 1778/1514 1781/1515
f 1778/1514 1805/1513 1800/1516
f 1835/1517 1817/1518 1818/1519
f 1817/1518 1835/1517 1832/1520
f 1817/1518 1788/1521 1792/1522
f 1788/1521 1817/1518 1814/1523
f 1747/1524 1759/1191 1740/1189
f 1759/1191 1747/1524 1763/1525
f 1729/1526 1740/1189 1724/1186
f 1740/1189 1729/1526 1747/1524
f 1761/1509 1769/1527 1754/1528
f 1769/1527 1761/1509 1779/1508
f 1738/1529 1747/1524 1729/1526
f 1747/1524 1738/1529 1754/1528
f 1820/1530 1793/1531 1795/1532
f 1793/1531 1820/1530 1818/1519
f 1832/1520 1814/1523 1817/1518
f 1814/1523 1832/1520 1831/1533
f 1754/1528 1763/1525 1747/1524
f 1763/1525 1754/1528 1769/1527
f 1778/1514 1791/1512 1770/1511
f 1791/1512 1778/1514 1800/1516
f 1812/1534 1781/1515 1785/1535
f 1781/1515 1812/1534 1805/1513
f 1818/1519 1792/1522 1793/1531
f 1792/1522 1818/1519 1817/1518
f 1814/1523 1785/1535 1788/1521
f 1785/1535 1814/1523 1812/1534
f 1741/1536 1754/1528 1738/1529
f 1754/1528 1741/1536 1761/1509
f 1837/1537 1818/1519 1820/1530
f 1818/1519 1837/1537 1835/1517
f 869/2182 832/2169 868/2180
f 832/2169 869/2182 833/2167
f 1737/1538 1749/1539 1728/1540
f 1749/1539 1737/1538 1753/1541
f 1720/1542 1729/1526 1715/1543
f 1729/1526 1720/1542 1738/1529
f 1739/1544 1753/1541 1737/1538
f 1753/1541 1739/1544 1760/1545
f 1762/1546 1739/1544 1742/1547
f 1739/1544 1762/1546 1760/1545
f 1768/1548 1748/1549 1750/1550
f 1748/1549 1768/1548 1767/1551
f 1771/1552 1750/1550 1751/1553
f 1750/1550 1771/1552 1768/1548
f 1788/1521 1767/1551 1768/1548
f 1767/1551 1788/1521 1785/1535
f 1793/1531 1771/1552 1773/1554
f 1771/1552 1793/1531 1792/1522
f 1760/1545 1770/1511 1753/1541
f 1770/1511 1760/1545 1778/1514
f 1785/1535 1762/1546 1767/1551
f 1762/1546 1785/1535 1781/1515
f 1795/1532 1773/1554 1775/1555
f 1773/1554 1795/1532 1793/1531
f 1792/1522 1768/1548 1771/1552
f 1768/1548 1792/1522 1788/1521
f 1753/1541 1764/1507 1749/1539
f 1764/1507 1753/1541 1770/1511
f 1767/1551 1742/1547 1748/1549
f 1742/1547 1767/1551 1762/1546
f 1715/1543 1724/1186 1708/1184
f 1724/1186 1715/1543 1729/1526
f 1749/1539 1761/1509 1741/1536
f 1761/1509 1749/1539 1764/1507
f 1726/1556 1738/1529 1720/1542
f 1738/1529 1726/1556 1741/1536
f 1728/1540 1741/1536 1726/1556
f 1741/1536 1728/1540 1749/1539
f 1781/1515 1760/1545 1762/1546
f 1760/1545 1781/1515 1778/1514
f 946/2110 903/2181 945/2108
f 903/2181 946/2110 904/2179
f 1702/1557 1708/1184 1691/1182
f 1708/1184 1702/1557 1715/1543
f 1704/1558 1715/1543 1702/1557
f 1715/1543 1704/1558 1720/1542
f 1775/1555 1752/1559 1756/1560
f 1752/1559 1775/1555 1773/1554
f 1707/1561 1720/1542 1704/1558
f 1720/1542 1707/1561 1726/1556
f 1719/1562 1728/1540 1713/1563
f 1728/1540 1719/1562 1737/1538
f 1748/1549 1725/1564 1727/1565
f 1725/1564 1748/1549 1742/1547
f 1752/1559 1731/1566 1732/1567
f 1731/1566 1752/1559 1751/1553
f 1750/1550 1727/1565 1730/1568
f 1727/1565 1750/1550 1748/1549
f 1742/1547 1721/1569 1725/1564
f 1721/1569 1742/1547 1739/1544
f 1721/1569 1737/1538 1719/1562
f 1737/1538 1721/1569 1739/1544
f 1682/1570 1691/1182 1677/1180
f 1691/1182 1682/1570 1702/1557
f 1756/1560 1732/1567 1734/1571
f 1732/1567 1756/1560 1752/1559
f 1773/1554 1751/1553 1752/1559
f 1751/1553 1773/1554 1771/1552
f 1687/1572 1702/1557 1682/1570
f 1702/1557 1687/1572 1704/1558
f 1751/1553 1730/1568 1731/1566
f 1730/1568 1751/1553 1750/1550
f 1689/1573 1704/1558 1687/1572
f 1704/1558 1689/1573 1707/1561
f 217/2150 171/2101 216/2148
f 171/2101 217/2150 172/2099
f 1713/1563 1726/1556 1707/1561
f 1726/1556 1713/1563 1728/1540
f 1712/1574 1690/928 1692/935
f 1690/928 1712/1574 1709/1575
f 1703/1576 1713/1563 1694/1577
f 1713/1563 1703/1576 1719/1562
f 1716/947 1693/932 1695/945
f 1693/932 1716/947 1714/1578
f 1725/1564 1705/1579 1706/1580
f 1705/1579 1725/1564 1721/1569
f 1731/1566 1712/1574 1714/1578
f 1712/1574 1731/1566 1730/1568
f 1667/937 1677/1180 1664/951
f 1677/1180 1667/937 1682/1570
f 1681/939 1689/1573 1674/923
f 1689/1573 1681/939 1694/1577
f 1732/1567 1714/1578 1716/947
f 1714/1578 1732/1567 1731/1566
f 1669/921 1682/1570 1667/937
f 1682/1570 1669/921 1687/1572
f 1705/1579 1719/1562 1703/1576
f 1719/1562 1705/1579 1721/1569
f 1686/943 1703/1576 1683/941
f 1703/1576 1686/943 1705/1579
f 1714/1578 1692/935 1693/932
f 1692/935 1714/1578 1712/1574
f 1683/941 1694/1577 1681/939
f 1694/1577 1683/941 1703/1576
f 1694/1577 1707/1561 1689/1573
f 1707/1561 1694/1577 1713/1563
f 1730/1568 1709/1575 1712/1574
f 1709/1575 1730/1568 1727/1565
f 1734/1571 1716/947 1718/944
f 1716/947 1734/1571 1732/1567
f 1727/1565 1706/1580 1709/1575
f 1706/1580 1727/1565 1725/1564
f 1674/923 1687/1572 1669/921
f 1687/1572 1674/923 1689/1573
f 1706/1580 1686/943 1688/931
f 1686/943 1706/1580 1705/1579
f 1709/1575 1688/931 1690/928
f 1688/931 1709/1575 1706/1580
f 1799/1581 1810/1199 1787/1196
f 1810/1199 1799/1581 1815/1582
f 1856/1583 1833/1584 1840/1585
f 1833/1584 1856/1583 1849/1586
f 1868/1587 1846/1588 1851/1589
f 1846/1588 1868/1587 1864/1590
f 1780/1591 1787/1196 1772/1194
f 1787/1196 1780/1591 1799/1581
f 1873/1592 1852/1593 1854/1594
f 1852/1593 1873/1592 1871/1595
f 1864/1590 1844/1596 1846/1588
f 1844/1596 1864/1590 1861/1597
f 1871/1595 1851/1589 1852/1593
f 1851/1589 1871/1595 1868/1587
f 1786/1598 1799/1581 1780/1591
f 1799/1581 1786/1598 1811/1599
f 1861/1597 1840/1585 1844/1596
f 1840/1585 1861/1597 1856/1583
f 1813/1600 1823/1601 1806/1602
f 1823/1601 1813/1600 1828/1603
f 1806/1602 1816/1604 1796/1605
f 1816/1604 1806/1602 1823/1601
f 1828/1603 1838/1606 1823/1601
f 1838/1606 1828/1603 1843/1607
f 1821/1608 1828/1603 1813/1600
f 1828/1603 1821/1608 1833/1584
f 645/2178 606/2203 644/2176
f 606/2203 645/2178 607/2201
f 1811/1599 1815/1582 1799/1581
f 1815/1582 1811/1599 1824/1609
f 1796/1605 1811/1599 1786/1598
f 1811/1599 1796/1605 1816/1604
f 1816/1604 1824/1609 1811/1599
f 1824/1609 1816/1604 1829/1610
f 1833/1584 1843/1607 1828/1603
f 1843/1607 1833/1584 1849/1586
f 1823/1601 1829/1610 1816/1604
f 1829/1610 1823/1601 1838/1606
f 1840/1585 1821/1608 1825/1611
f 1821/1608 1840/1585 1833/1584
f 1852/1593 1832/1520 1835/1517
f 1832/1520 1852/1593 1851/1589
f 1779/1508 1786/1598 1769/1527
f 1786/1598 1779/1508 1796/1605
f 1784/1510 1796/1605 1779/1508
f 1796/1605 1784/1510 1806/1602
f 1791/1512 1806/1602 1784/1510
f 1806/1602 1791/1512 1813/1600
f 1800/1516 1813/1600 1791/1512
f 1813/1600 1800/1516 1821/1608
f 1846/1588 1827/1612 1831/1533
f 1827/1612 1846/1588 1844/1596
f 1763/1525 1772/1194 1759/1191
f 1772/1194 1763/1525 1780/1591
f 1825/1611 1800/1516 1805/1513
f 1800/1516 1825/1611 1821/1608
f 1827/1612 1805/1513 1812/1534
f 1805/1513 1827/1612 1825/1611
f 1831/1533 1812/1534 1814/1523
f 1812/1534 1831/1533 1827/1612
f 1844/1596 1825/1611 1827/1612
f 1825/1611 1844/1596 1840/1585
f 1851/1589 1831/1533 1832/1520
f 1831/1533 1851/1589 1846/1588
f 1854/1594 1835/1517 1837/1537
f 1835/1517 1854/1594 1852/1593
f 1769/1527 1780/1591 1763/1525
f 1780/1591 1769/1527 1786/1598
f 1909/1613 1901/1614 1898/1615
f 1901/1614 1909/1613 1913/1616
f 1951/1617 1943/1618 1949/1619
f 1943/1618 1951/1617 1944/1620
f 1958/1621 1949/1619 1957/1622
f 1949/1619 1958/1621 1951/1617
f 1897/1623 1886/1624 1883/1625
f 1886/1624 1897/1623 1898/1615
f 1943/1618 1935/1626 1933/1627
f 1935/1626 1943/1618 1944/1620
f 1918/1628 1909/1613 1906/1629
f 1909/1613 1918/1628 1921/1630
f 1921/1630 1913/1616 1909/1613
f 1913/1616 1921/1630 1923/1631
f 1898/1615 1887/1632 1886/1624
f 1887/1632 1898/1615 1901/1614
f 1970/1633 1963/1634 1969/1635
f 1963/1634 1970/1633 1965/1636
f 1974/1637 1969/1635 1971/1638
f 1969/1635 1974/1637 1970/1633
f 1933/1627 1923/1631 1921/1630
f 1923/1631 1933/1627 1935/1626
f 1930/1639 1921/1630 1918/1628
f 1921/1630 1930/1639 1933/1627
f 1937/1640 1933/1627 1930/1639
f 1933/1627 1937/1640 1943/1618
f 1976/1641 1971/1638 1973/1642
f 1971/1638 1976/1641 1974/1637
f 1965/1636 1957/1622 1963/1634
f 1957/1622 1965/1636 1958/1621
f 1883/1625 1874/1212 1870/1211
f 1874/1212 1883/1625 1886/1624
f 1949/1619 1937/1640 1946/1643
f 1937/1640 1949/1619 1943/1618
f 1957/1622 1946/1643 1955/1644
f 1946/1643 1957/1622 1949/1619
f 1963/1634 1955/1644 1959/1645
f 1955/1644 1963/1634 1957/1622
f 1906/1629 1898/1615 1897/1623
f 1898/1615 1906/1629 1909/1613
f 1288/2207 1240/2146 1239/2145
f 1240/2146 1288/2207 1289/2208
f 1946/1643 1932/1646 1940/1647
f 1932/1646 1946/1643 1937/1640
f 1902/1648 1897/1623 1888/1649
f 1897/1623 1902/1648 1906/1629
f 1878/1650 1870/1211 1863/1210
f 1870/1211 1878/1650 1883/1625
f 1914/1651 1906/1629 1902/1648
f 1906/1629 1914/1651 1918/1628
f 1959/1645 1947/1652 1954/1653
f 1947/1652 1959/1645 1955/1644
f 1932/1646 1930/1639 1922/1654
f 1930/1639 1932/1646 1937/1640
f 1968/1655 1960/1656 1962/1657
f 1960/1656 1968/1655 1966/1658
f 1336/2113 1289/2208 1288/2207
f 1289/2208 1336/2113 1337/2112
f 1966/1658 1956/1659 1960/1656
f 1956/1659 1966/1658 1964/1660
f 1866/1661 1863/1210 1857/1209
f 1863/1210 1866/1661 1878/1650
f 1971/1638 1964/1660 1966/1658
f 1964/1660 1971/1638 1969/1635
f 1888/1649 1883/1625 1878/1650
f 1883/1625 1888/1649 1897/1623
f 1955/1644 1940/1647 1947/1652
f 1940/1647 1955/1644 1946/1643
f 1880/1662 1878/1650 1866/1661
f 1878/1650 1880/1662 1888/1649
f 1969/1635 1959/1645 1964/1660
f 1959/1645 1969/1635 1963/1634
f 1922/1654 1918/1628 1914/1651
f 1918/1628 1922/1654 1930/1639
f 1964/1660 1954/1653 1956/1659
f 1954/1653 1964/1660 1959/1645
f 1973/1642 1966/1658 1968/1655
f 1966/1658 1973/1642 1971/1638
f 1924/1663 1922/1654 1916/1664
f 1922/1654 1924/1663 1932/1646
f 1869/1665 1866/1661 1860/1666
f 1866/1661 1869/1665 1880/1662
f 1894/1667 1893/1668 1882/1669
f 1893/1668 1894/1667 1904/1670
f 1860/1666 1857/1209 1848/1208
f 1857/1209 1860/1666 1866/1661
f 1904/1670 1902/1648 1893/1668
f 1902/1648 1904/1670 1914/1651
f 1915/1671 1916/1664 1903/1672
f 1916/1664 1915/1671 1924/1663
f 1938/1673 1920/1674 1929/1675
f 1920/1674 1938/1673 1931/1676
f 1945/1677 1929/1675 1934/1678
f 1929/1675 1945/1677 1938/1673
f 1940/1647 1924/1663 1931/1676
f 1924/1663 1940/1647 1932/1646
f 1931/1676 1915/1671 1920/1674
f 1915/1671 1931/1676 1924/1663
f 1954/1653 1938/1673 1945/1677
f 1938/1673 1954/1653 1947/1652
f 1916/1664 1914/1651 1904/1670
f 1914/1651 1916/1664 1922/1654
f 1956/1659 1945/1677 1948/1679
f 1945/1677 1956/1659 1954/1653
f 1947/1652 1931/1676 1938/1673
f 1931/1676 1947/1652 1940/1647
f 1882/1669 1880/1662 1869/1665
f 1880/1662 1882/1669 1893/1668
f 1960/1656 1948/1679 1950/1680
f 1948/1679 1960/1656 1956/1659
f 1962/1657 1950/1680 1953/1681
f 1950/1680 1962/1657 1960/1656
f 1893/1668 1888/1649 1880/1662
f 1888/1649 1893/1668 1902/1648
f 1903/1672 1904/1670 1894/1667
f 1904/1670 1903/1672 1916/1664
f 393/2206 356/2105 392/2205
f 356/2105 393/2206 357/2103
f 1950/1680 1936/1682 1939/1683
f 1936/1682 1950/1680 1948/1679
f 1942/1684 1926/1685 1928/1686
f 1926/1685 1942/1684 1939/1683
f 1948/1679 1934/1678 1936/1682
f 1934/1678 1948/1679 1945/1677
f 1839/1687 1841/1207 1830/1206
f 1841/1207 1839/1687 1847/1688
f 1929/1675 1907/1689 1917/1690
f 1907/1689 1929/1675 1920/1674
f 1934/1678 1917/1690 1919/1691
f 1917/1690 1934/1678 1929/1675
f 1889/1692 1894/1667 1879/1693
f 1894/1667 1889/1692 1903/1672
f 1847/1688 1848/1208 1841/1207
f 1848/1208 1847/1688 1860/1666
f 1900/1694 1903/1672 1889/1692
f 1903/1672 1900/1694 1915/1671
f 1845/1695 1847/1688 1839/1687
f 1847/1688 1845/1695 1859/1696
f 1855/1697 1859/1696 1845/1695
f 1859/1696 1855/1697 1867/1698
f 1867/1698 1869/1665 1859/1696
f 1869/1665 1867/1698 1882/1669
f 1920/1674 1900/1694 1907/1689
f 1900/1694 1920/1674 1915/1671
f 1879/1693 1882/1669 1867/1698
f 1882/1669 1879/1693 1894/1667
f 1939/1683 1925/1699 1926/1685
f 1925/1699 1939/1683 1936/1682
f 1859/1696 1860/1666 1847/1688
f 1860/1666 1859/1696 1869/1665
f 1936/1682 1919/1691 1925/1699
f 1919/1691 1936/1682 1934/1678
f 1953/1681 1939/1683 1942/1684
f 1939/1683 1953/1681 1950/1680
f 1919/1691 1899/1700 1905/1701
f 1899/1700 1919/1691 1917/1690
f 1842/1702 1845/1695 1834/1703
f 1845/1695 1842/1702 1855/1697
f 1926/1685 1908/1704 1910/1705
f 1908/1704 1926/1685 1925/1699
f 1834/1703 1839/1687 1826/1706
f 1839/1687 1834/1703 1845/1695
f 1884/1707 1889/1692 1876/1708
f 1889/1692 1884/1707 1900/1694
f 1862/1709 1867/1698 1855/1697
f 1867/1698 1862/1709 1879/1693
f 1876/1708 1879/1693 1862/1709
f 1879/1693 1876/1708 1889/1692
f 1925/1699 1905/1701 1908/1704
f 1905/1701 1925/1699 1919/1691
f 1917/1690 1891/1710 1899/1700
f 1891/1710 1917/1690 1907/1689
f 1908/1704 1885/1711 1890/1712
f 1885/1711 1908/1704 1905/1701
f 1928/1686 1910/1705 1912/1713
f 1910/1705 1928/1686 1926/1685
f 1891/1710 1865/1714 1875/1715
f 1865/1714 1891/1710 1884/1707
f 1826/1706 1830/1206 1822/1205
f 1830/1206 1826/1706 1839/1687
f 1907/1689 1884/1707 1891/1710
f 1884/1707 1907/1689 1900/1694
f 1850/1716 1855/1697 1842/1702
f 1855/1697 1850/1716 1862/1709
f 1858/1717 1862/1709 1850/1716
f 1862/1709 1858/1717 1876/1708
f 1899/1700 1875/1715 1881/1718
f 1875/1715 1899/1700 1891/1710
f 1865/1714 1876/1708 1858/1717
f 1876/1708 1865/1714 1884/1707
f 1905/1701 1881/1718 1885/1711
f 1881/1718 1905/1701 1899/1700
f 1829/1610 1834/1703 1824/1609
f 1834/1703 1829/1610 1842/1702
f 1849/1586 1858/1717 1843/1607
f 1858/1717 1849/1586 1865/1714
f 1824/1609 1826/1706 1815/1582
f 1826/1706 1824/1609 1834/1703
f 1875/1715 1849/1586 1856/1583
f 1849/1586 1875/1715 1865/1714
f 1815/1582 1822/1205 1810/1199
f 1822/1205 1815/1582 1826/1706
f 1881/1718 1856/1583 1861/1597
f 1856/1583 1881/1718 1875/1715
f 1885/1711 1861/1597 1864/1590
f 1861/1597 1885/1711 1881/1718
f 1838/1606 1842/1702 1829/1610
f 1842/1702 1838/1606 1850/1716
f 1896/1719 1871/1595 1873/1592
f 1871/1595 1896/1719 1892/1720
f 1910/1705 1890/1712 1892/1720
f 1890/1712 1910/1705 1908/1704
f 1890/1712 1864/1590 1868/1587
f 1864/1590 1890/1712 1885/1711
f 570/2204 535/2093 569/2202
f 535/2093 570/2204 536/2091
f 1892/1720 1868/1587 1871/1595
f 1868/1587 1892/1720 1890/1712
f 1912/1713 1892/1720 1896/1719
f 1892/1720 1912/1713 1910/1705
f 1843/1607 1850/1716 1838/1606
f 1850/1716 1843/1607 1858/1717
f 1807 1976 1975
f 1976 1807 1808
f 1976 1808 1974
f 1974 1808 1970
f 1970 1808 1965
f 1965 1808 1958
f 1958 1808 1951
f 1951 1808 1944
f 1944 1808 1935
f 1935 1808 1923
f 1923 1808 1913
f 1913 1808 1901
f 1901 1808 1887
f 1887 1808 1877
f 1886/1624 1877/1204 1874/1212
f 1877/1204 1886/1624 1887/1632
f 65/1363 13/1368 12/1371
f 13/1368 65/1363 64/1364
f 68/1357 10/1370 9/1355
f 10/1370 68/1357 67/1358
f 8 15 7
f 15 8 6
f 15 6 5
f 15 5 4
f 15 4 3
f 15 3 2
f 15 2 1
f 15 1 9
f 15 9 10
f 15 10 11
f 15 11 12
f 15 12 13
f 15 13 14
f 15 14 16
f 1029/1843 992/1844 1028/1845
f 992/1844 1029/1843 993/1846
f 1062/1847 1028/1845 1061/1848
f 1028/1845 1062/1847 1029/1843
f 953/1849 917/1850 952/1851
f 917/1850 953/1849 918/1852
f 993/1846 952/1851 992/1844
f 952/1851 993/1846 953/1849
f 1173/1853 1138/1854 1137/1855
f 1138/1854 1173/1853 1174/1856
f 1215/1857 1174/1856 1173/1853
f 1174/1856 1215/1857 1216/1858
f 845/1859 811/1860 844/1861
f 811/1860 845/1859 812/1862
f 640/1863 609/1864 639/1865
f 609/1864 640/1863 610/1866
f 672/1867 639/1865 671/1868
f 639/1865 672/1867 640/1863
f 777/1869 742/1870 776/1871
f 742/1870 777/1869 743/1872
f 812/1862 776/1871 811/1860
f 776/1871 812/1862 777/1869
f 1099/1873 1062/1847 1061/1848
f 1062/1847 1099/1873 1100/1874
f 1137/1855 1100/1874 1099/1873
f 1100/1874 1137/1855 1138/1854
f 540/1875 505/1876 539/1877
f 505/1876 540/1875 506/1878
f 707/1879 671/1868 706/1880
f 671/1868 707/1879 672/1867
f 743/1872 706/1880 742/1870
f 706/1880 743/1872 707/1879
f 572/1881 539/1877 571/1882
f 539/1877 572/1881 540/1875
f 610/1866 571/1882 609/1864
f 571/1882 610/1866 572/1881
f 472/1883 435/1884 471/1885
f 435/1884 472/1883 436/1886
f 506/1878 471/1885 505/1876
f 471/1885 506/1878 472/1883
f 882/1887 844/1861 881/1888
f 844/1861 882/1887 845/1859
f 918/1852 881/1888 917/1850
f 881/1888 918/1852 882/1887
f 1259/1889 1216/1858 1215/1857
f 1216/1858 1259/1889 1260/1890
f 1301/1891 1260/1890 1259/1889
f 1260/1890 1301/1891 1302/1892
f 1613/1893 1584/1894 1583/1895
f 1584/1894 1613/1893 1614/1896
f 1631/1897 1614/1896 1613/1893
f 1614/1896 1631/1897 1632/1898
f 1652/1899 1632/1898 1631/1897
f 1632/1898 1652/1899 1653/1900
f 1710/1901 1699/1902 1698/1903
f 1699/1902 1710/1901 1711/1904
f 1765/1905 1758/1906 1757/1907
f 1758/1906 1765/1905 1766/1908
f 1698/1903 1685/1909 1684/1910
f 1685/1909 1698/1903 1699/1902
f 1346/1911 1302/1892 1301/1891
f 1302/1892 1346/1911 1347/1912
f 1776/1913 1766/1908 1765/1905
f 1766/1908 1776/1913 1777/1914
f 1722/1915 1711/1904 1710/1901
f 1711/1904 1722/1915 1723/1916
f 1735/1917 1723/1916 1722/1915
f 1723/1916 1735/1917 1736/1918
f 1782/1919 1777/1914 1776/1913
f 1777/1914 1782/1919 1783/1920
f 1789/1921 1783/1920 1782/1919
f 1783/1920 1789/1921 1790/1922
f 1797/1923 1790/1922 1789/1921
f 1790/1922 1797/1923 1798/1924
f 1801/1925 1798/1924 1797/1923
f 1798/1924 1801/1925 1802/1926
f 1395/1927 1347/1912 1346/1911
f 1347/1912 1395/1927 1396/1928
f 1454/1929 1396/1928 1395/1927
f 1396/1928 1454/1929 1455/1930
f 1671/1931 1653/1900 1652/1899
f 1653/1900 1671/1931 1672/1932
f 1684/1910 1672/1932 1671/1931
f 1672/1932 1684/1910 1685/1909
f 1803/1933 1802/1926 1801/1925
f 1802/1926 1803/1933 1804/1934
f 1532/1935 1455/1930 1454/1929
f 1455/1930 1532/1935 1533/1936
f 1583/1895 1533/1936 1532/1935
f 1533/1936 1583/1895 1584/1894
f 1745/1937 1736/1918 1735/1917
f 1736/1918 1745/1937 1746/1938
f 1757/1907 1746/1938 1745/1937
f 1746/1938 1757/1907 1758/1906
f 1808/1939 1804/1934 1803/1933
f 1804/1934 1808/1939 1809/1940
f 332/1941 299/1942 331/1943
f 299/1942 332/1941 300/1944
f 436/1886 397/1945 435/1884
f 397/1945 436/1886 398/1946
f 364/1947 331/1943 363/1948
f 331/1943 364/1947 332/1941
f 398/1946 363/1948 397/1945
f 363/1948 398/1946 364/1947
f 126/1949 93/1950 125/1951
f 93/1950 126/1949 94/1952
f 300/1944 264/1953 299/1942
f 264/1953 300/1944 265/1954
f 158/1955 125/1951 157/1956
f 125/1951 158/1955 126/1949
f 190/1957 157/1956 189/1958
f 157/1956 190/1957 158/1955
f 226/1959 189/1958 225/1960
f 189/1958 226/1959 190/1957
f 265/1954 225/1960 264/1953
f 225/1960 265/1954 226/1959
f 62/1961 16/1962 61/1963
f 16/1962 62/1961 17/1964
f 94/1952 61/1963 93/1950
f 61/1963 94/1952 62/1961
f 1658 1700 1657
f 1700 1658 1701
f 1744 1807 1743
f 1807 1744 1808
f 1808 1744 1701
f 1808 1701 1658
f 1808 1658 1659
f 1808 1659 1809
f 24 16 17
f 16 24 15
f 15 24 19
f 19 24 21
f 21 24 20
f 20 24 22
f 22 24 23
f 18 15 19
f 62/1721 24/1722 17/1723
f 24/1722 62/1721 60/1724
f 60/1724 62/1721 92/1725
f 92/1725 62/1721 94/1726
f 92/1725 94/1726 124/1727
f 124/1727 94/1726 126/1728
f 124/1727 126/1728 156/1729
f 156/1729 126/1728 158/1730
f 156/1729 158/1730 188/1731
f 188/1731 158/1730 190/1732
f 188/1731 190/1732 220/1733
f 220/1733 190/1732 226/1734
f 220/1733 226/1734 252/1735
f 252/1735 226/1734 265/1736
f 252/1735 265/1736 275/1737
f 275/1737 265/1736 300/1738
f 275/1737 300/1738 302/1739
f 302/1739 300/1738 332/1740
f 302/1739 332/1740 334/1741
f 334/1741 332/1740 364/1742
f 334/1741 364/1742 366/1743
f 366/1743 364/1742 398/1744
f 366/1743 398/1744 396/1745
f 396/1745 398/1744 428/1746
f 428/1746 398/1744 436/1747
f 428/1746 436/1747 460/1748
f 460/1748 436/1747 472/1749
f 460/1748 472/1749 489/1750
f 489/1750 472/1749 506/1751
f 489/1750 506/1751 520/1752
f 520/1752 506/1751 540/1753
f 520/1752 540/1753 550/1754
f 550/1754 540/1753 572/1755
f 550/1754 572/1755 583/1756
f 583/1756 572/1755 610/1757
f 583/1756 610/1757 616/1758
f 616/1758 610/1757 640/1759
f 616/1758 640/1759 649/1760
f 649/1760 640/1759 672/1761
f 649/1760 672/1761 675/1762
f 675/1762 672/1761 707/1763
f 675/1762 707/1763 703/1764
f 703/1764 707/1763 732/1765
f 732/1765 707/1763 743/1766
f 732/1765 743/1766 763/1767
f 763/1767 743/1766 777/1768
f 763/1767 777/1768 795/1769
f 795/1769 777/1768 812/1770
f 795/1769 812/1770 830/1771
f 830/1771 812/1770 845/1772
f 830/1771 845/1772 858/1773
f 858/1773 845/1772 882/1774
f 858/1773 882/1774 889/1775
f 889/1775 882/1774 918/1776
f 889/1775 918/1776 920/1777
f 920/1777 918/1776 953/1778
f 920/1777 953/1778 949/1779
f 949/1779 953/1778 977/1780
f 977/1780 953/1778 993/1781
f 977/1780 993/1781 1006/1782
f 1006/1782 993/1781 1029/1783
f 1006/1782 1029/1783 1041/1784
f 1041/1784 1029/1783 1062/1785
f 1041/1784 1062/1785 1072/1786
f 1072/1786 1062/1785 1100/1787
f 1072/1786 1100/1787 1098/1788
f 1098/1788 1100/1787 1128/1789
f 1128/1789 1100/1787 1138/1790
f 1128/1789 1138/1790 1161/1791
f 1161/1791 1138/1790 1174/1792
f 1161/1791 1174/1792 1193/1793
f 1193/1793 1174/1792 1216/1794
f 1193/1793 1216/1794 1223/1795
f 1223/1795 1216/1794 1260/1796
f 1223/1795 1260/1796 1251/1797
f 1251/1797 1260/1796 1285/1798
f 1285/1798 1260/1796 1302/1799
f 1285/1798 1302/1799 1313/1800
f 1313/1800 1302/1799 1347/1801
f 1313/1800 1347/1801 1351/1802
f 1351/1802 1347/1801 1396/1803
f 1351/1802 1396/1803 1381/1804
f 1381/1804 1396/1803 1419/1805
f 1419/1805 1396/1803 1455/1806
f 1419/1805 1455/1806 1460/1807
f 1460/1807 1455/1806 1533/1808
f 1460/1807 1533/1808 1514/1809
f 1514/1809 1533/1808 1549/1810
f 1549/1810 1533/1808 1584/1811
f 1549/1810 1584/1811 1574/1812
f 1574/1812 1584/1811 1596/1813
f 1596/1813 1584/1811 1614/1814
f 1596/1813 1614/1814 1610/1815
f 1610/1815 1614/1814 1619/1816
f 1619/1816 1614/1814 1632/1817
f 1619/1816 1632/1817 1624/1818
f 1624/1818 1632/1817 1634/1819
f 1634/1819 1632/1817 1653/1820
f 1634/1819 1653/1820 1639/1821
f 1639/1821 1653/1820 1643/1822
f 1643/1822 1653/1820 1647/1823
f 1647/1823 1653/1820 1650/1824
f 1650/1824 1653/1820 1656/1825
f 1656/1825 1653/1820 1672/1826
f 1656/1825 1672/1826 1659/1827
f 1659/1827 1672/1826 1809/1828
f 1809/1828 1672/1826 1685/1829
f 1809/1828 1685/1829 1699/1830
f 1809/1828 1699/1830 1711/1831
f 1809/1828 1711/1831 1723/1832
f 1809/1828 1723/1832 1736/1833
f 1809/1828 1736/1833 1746/1834
f 1809/1828 1746/1834 1758/1835
f 1809/1828 1758/1835 1766/1836
f 1809/1828 1766/1836 1777/1837
f 1809/1828 1777/1837 1783/1838
f 1809/1828 1783/1838 1790/1839
f 1809/1828 1790/1839 1798/1840
f 1809/1828 1798/1840 1802/1841
f 1809/1828 1802/1841 1804/1842
f 977/1965 948/1966 949/1967
f 948/1966 977/1965 976/1968
f 1072/1969 1040/1970 1041/1971
f 1040/1970 1072/1969 1071/1972
f 583/1973 615/1974 582/1975
f 615/1974 583/1973 616/1976
f 1041/1971 1005/1977 1006/1978
f 1005/1977 1041/1971 1040/1970
f 1098/1979 1071/1972 1072/1969
f 1071/1972 1098/1979 1097/1980
f 275/1981 301/1982 274/1983
f 301/1982 275/1981 302/1984
f 334/1985 365/1986 333/1987
f 365/1986 334/1985 366/1988
f 427/1989 460/1990 459/1991
f 460/1990 427/1989 428/1992
f 302/1984 333/1987 301/1982
f 333/1987 302/1984 334/1985
f 550/1993 582/1975 549/1994
f 582/1975 550/1993 583/1973
f 24/1995 59/1996 23/1997
f 59/1996 24/1995 60/1998
f 649/1999 674/2000 648/2001
f 674/2000 649/1999 675/2002
f 703/2003 731/2004 702/2005
f 731/2004 703/2003 732/2006
f 156/2007 187/2008 155/2009
f 187/2008 156/2007 188/2010
f 763/2011 794/2012 762/2013
f 794/2012 763/2011 795/2014
f 1006/1978 976/1968 977/1965
f 976/1968 1006/1978 1005/1977
f 60/1998 91/2015 59/1996
f 91/2015 60/1998 92/2016
f 124/2017 155/2009 123/2018
f 155/2009 124/2017 156/2007
f 830/2019 857/2020 829/2021
f 857/2020 830/2019 858/2022
f 188/2010 219/2023 187/2008
f 219/2023 188/2010 220/2024
f 252/2025 274/1983 251/2026
f 274/1983 252/2025 275/1981
f 460/1990 488/2027 459/1991
f 488/2027 460/1990 489/2028
f 489/2028 519/2029 488/2027
f 519/2029 489/2028 520/2030
f 519/2029 550/1993 549/1994
f 550/1993 519/2029 520/2030
f 616/1976 648/2001 615/1974
f 648/2001 616/1976 649/1999
f 889/2031 919/2032 888/2033
f 919/2032 889/2031 920/2034
f 1128/2035 1097/1980 1098/1979
f 1097/1980 1128/2035 1127/2036
f 366/1988 395/2037 365/1986
f 395/2037 366/1988 396/2038
f 795/2014 829/2021 794/2012
f 829/2021 795/2014 830/2019
f 858/2022 888/2033 857/2020
f 888/2033 858/2022 889/2031
f 92/2016 123/2018 91/2015
f 123/2018 92/2016 124/2017
f 675/2002 702/2005 674/2000
f 702/2005 675/2002 703/2003
f 220/2024 251/2026 219/2023
f 251/2026 220/2024 252/2025
f 396/2038 427/1989 395/2037
f 427/1989 396/2038 428/1992
f 732/2006 762/2013 731/2004
f 762/2013 732/2006 763/2011
f 920/2034 948/1966 919/2032
f 948/1966 920/2034 949/1967
f 1650/2039 1646/2040 1647/2041
f 1646/2040 1650/2039 1649/2042
f 1419/2043 1380/2044 1381/2045
f 1380/2044 1419/2043 1418/2046
f 1285/2047 1250/2048 1251/2049
f 1250/2048 1285/2047 1284/2050
f 1596/2051 1573/2052 1574/2053
f 1573/2052 1596/2051 1595/2054
f 1647/2041 1642/2055 1643/2056
f 1642/2055 1647/2041 1646/2040
f 1193/2057 1160/2058 1161/2059
f 1160/2058 1193/2057 1192/2060
f 1514/2061 1459/2062 1460/2063
f 1459/2062 1514/2061 1513/2064
f 1619/2065 1609/2066 1610/2067
f 1609/2066 1619/2065 1618/2068
f 1656/2069 1649/2042 1650/2039
f 1649/2042 1656/2069 1655/2070
f 1381/2045 1350/2071 1351/2072
f 1350/2071 1381/2045 1380/2044
f 1161/2059 1127/2036 1128/2035
f 1127/2036 1161/2059 1160/2058
f 1351/2072 1312/2073 1313/2074
f 1312/2073 1351/2072 1350/2071
f 1639/2075 1633/2076 1634/2077
f 1633/2076 1639/2075 1638/2078
f 1223/2079 1192/2060 1193/2057
f 1192/2060 1223/2079 1222/2080
f 1634/2077 1623/2081 1624/2082
f 1623/2081 1634/2077 1633/2076
f 1549/2083 1513/2064 1514/2061
f 1513/2064 1549/2083 1548/2084
f 1460/2063 1418/2046 1419/2043
f 1418/2046 1460/2063 1459/2062
f 1313/2074 1284/2050 1285/2047
f 1284/2050 1313/2074 1312/2073
f 1574/2053 1548/2084 1549/2083
f 1548/2084 1574/2053 1573/2052
f 1659/2085 1655/2070 1656/2069
f 1655/2070 1659/2085 1658/2086
f 1251/2049 1222/2080 1223/2079
f 1222/2080 1251/2049 1250/2048
f 1610/2067 1595/2054 1596/2051
f 1595/2054 1610/2067 1609/2066
f 1624/2082 1618/2068 1619/2065
f 1618/2068 1624/2082 1623/2081
f 1643/2056 1638/2078 1639/2075
f 1638/2078 1643/2056 1642/2055
f 1409/1 1384/2 1388/3
f 1384/2 1409/1 1404/4
f 1404/4 1377/5 1384/2
f 1377/5 1404/4 1403/6
f 1417/7 1427/8 1406/9
f 1427/8 1417/7 1437/10
f 1429/11 1437/10 1417/7
f 1437/10 1429/11 1450/12
f 1464/13 1476/14 1443/15
f 1476/14 1464/13 1501/16
f 1492/17 1501/16 1464/13
f 1501/16 1492/17 1518/18
f 1450/12 1463/19 1437/10
f 1463/19 1450/12 1484/20
f 1518/18 1523/21 1501/16
f 1523/21 1518/18 1538/22
f 1535/23 1538/22 1518/18
f 1538/22 1535/23 1554/24
f 1416/25 1388/3 1402/26
f 1388/3 1416/25 1409/1
f 1402/26 1367/27 1374/28
f 1367/27 1402/26 1388/3
f 1443/15 1450/12 1429/11
f 1450/12 1443/15 1476/14
f 1476/14 1484/20 1450/12
f 1484/20 1476/14 1505/29
f 1384/2 1362/30 1365/31
f 1362/30 1384/2 1377/5
f 1501/16 1505/29 1476/14
f 1505/29 1501/16 1523/21
f 1403/6 1375/32 1377/5
f 1375/32 1403/6 1394/33
f 1377/5 1360/34 1362/30
f 1360/34 1377/5 1375/32
f 1512/35 1518/18 1492/17
f 1518/18 1512/35 1535/23
f 1447/36 1464/13 1432/37
f 1464/13 1447/36 1492/17
f 1427/8 1402/26 1406/9
f 1402/26 1427/8 1416/25
f 1407/38 1417/7 1399/39
f 1417/7 1407/38 1429/11
f 1388/3 1365/31 1367/27
f 1365/31 1388/3 1384/2
f 59/40 25/41 23/42
f 25/41 59/40 44/43
f 44/43 59/40 58/44
f 58/44 59/40 90/45
f 90/45 59/40 91/46
f 90/45 91/46 122/47
f 122/47 91/46 123/48
f 122/47 123/48 154/49
f 154/49 123/48 155/50
f 154/49 155/50 186/51
f 186/51 155/50 187/52
f 186/51 187/52 218/53
f 218/53 187/52 219/54
f 218/53 219/54 237/55
f 237/55 219/54 251/56
f 237/55 251/56 268/57
f 268/57 251/56 274/58
f 268/57 274/58 298/59
f 298/59 274/58 301/60
f 298/59 301/60 330/61
f 330/61 301/60 333/62
f 330/61 333/62 362/63
f 362/63 333/62 365/64
f 362/63 365/64 394/65
f 394/65 365/64 395/66
f 394/65 395/66 416/67
f 416/67 395/66 427/68
f 416/67 427/68 444/69
f 444/69 427/68 459/70
f 444/69 459/70 476/71
f 476/71 459/70 488/72
f 476/71 488/72 508/73
f 508/73 488/72 519/74
f 508/73 519/74 538/75
f 538/75 519/74 549/76
f 538/75 549/76 563/77
f 563/77 549/76 582/78
f 563/77 582/78 591/79
f 591/79 582/78 615/80
f 591/79 615/80 621/81
f 621/81 615/80 648/82
f 621/81 648/82 652/83
f 652/83 648/82 674/84
f 652/83 674/84 684/85
f 684/85 674/84 702/86
f 684/85 702/86 710/87
f 710/87 702/86 731/88
f 710/87 731/88 736/89
f 736/89 731/88 762/90
f 736/89 762/90 765/91
f 765/91 762/90 794/92
f 765/91 794/92 800/93
f 800/93 794/92 829/94
f 800/93 829/94 827/95
f 827/95 829/94 856/96
f 856/96 829/94 857/97
f 856/96 857/97 885/98
f 885/98 857/97 888/99
f 885/98 888/99 914/100
f 914/100 888/99 919/101
f 914/100 919/101 941/102
f 941/102 919/101 948/103
f 941/102 948/103 969/104
f 969/104 948/103 976/105
f 969/104 976/105 999/106
f 999/106 976/105 1005/107
f 999/106 1005/107 1027/108
f 1027/108 1005/107 1040/109
f 1027/108 1040/109 1052/110
f 1052/110 1040/109 1071/111
f 1052/110 1071/111 1081/112
f 1081/112 1071/111 1097/113
f 1081/112 1097/113 1110/114
f 1110/114 1097/113 1127/115
f 1110/114 1127/115 1135/116
f 1135/116 1127/115 1160/117
f 1135/116 1160/117 1167/118
f 1167/118 1160/117 1192/119
f 1167/118 1192/119 1196/120
f 1196/120 1192/119 1222/121
f 1196/120 1222/121 1218/122
f 1218/122 1222/121 1246/123
f 1246/123 1222/121 1250/124
f 1246/123 1250/124 1271/125
f 1271/125 1250/124 1284/126
f 1271/125 1284/126 1303/127
f 1303/127 1284/126 1312/128
f 1303/127 1312/128 1325/129
f 1325/129 1312/128 1350/130
f 1325/129 1350/130 1354/131
f 1354/131 1350/130 1380/132
f 1354/131 1380/132 1378/133
f 1378/133 1380/132 1410/134
f 1410/134 1380/132 1418/135
f 1410/134 1418/135 1436/136
f 1436/136 1418/135 1459/137
f 1436/136 1459/137 1475/138
f 1475/138 1459/137 1513/139
f 1475/138 1513/139 1512/35
f 1512/35 1513/139 1535/23
f 1535/23 1513/139 1548/140
f 1535/23 1548/140 1554/24
f 1554/24 1548/140 1573/141
f 1554/24 1573/141 1571/142
f 1571/142 1573/141 1580/143
f 1580/143 1573/141 1595/144
f 1580/143 1595/144 1589/145
f 1589/145 1595/144 1594/146
f 1594/146 1595/144 1599/147
f 1599/147 1595/144 1609/148
f 1599/147 1609/148 1601/149
f 1601/149 1609/148 1602/150
f 1602/150 1609/148 1603/151
f 1603/151 1609/148 1658/152
f 1658/152 1609/148 1618/153
f 1658/152 1618/153 1623/154
f 1658/152 1623/154 1633/155
f 1658/152 1633/155 1638/156
f 1658/152 1638/156 1642/157
f 1658/152 1642/157 1646/158
f 1658/152 1646/158 1649/159
f 1658/152 1649/159 1655/160
f 1475/138 1492/17 1447/36
f 1492/17 1475/138 1512/35
f 1421/161 1429/11 1407/38
f 1429/11 1421/161 1443/15
f 1406/9 1374/28 1386/162
f 1374/28 1406/9 1402/26
f 1432/37 1443/15 1421/161
f 1443/15 1432/37 1464/13
f 1437/10 1446/163 1427/8
f 1446/163 1437/10 1463/19
f 1399/39 1406/9 1386/162
f 1406/9 1399/39 1417/7
f 1446/163 1416/25 1427/8
f 1416/25 1446/163 1434/164
f 1434/164 1409/1 1416/25
f 1409/1 1434/164 1424/165
f 1420/166 1403/6 1404/4
f 1403/6 1420/166 1415/167
f 1424/165 1404/4 1409/1
f 1404/4 1424/165 1420/166
f 1415/167 1394/33 1403/6
f 1394/33 1415/167 1413/168
f 1554/24 1556/169 1538/22
f 1556/169 1554/24 1571/142
f 1255/170 1268/171 1247/172
f 1268/171 1255/170 1282/173
f 1227/174 1247/172 1221/175
f 1247/172 1227/174 1255/170
f 1242/176 1258/177 1232/178
f 1258/177 1242/176 1265/179
f 1247/172 1265/179 1242/176
f 1265/179 1247/172 1268/171
f 1264/180 1282/173 1255/170
f 1282/173 1264/180 1293/181
f 1241/182 1255/170 1227/174
f 1255/170 1241/182 1264/180
f 1232/178 1249/183 1224/184
f 1249/183 1232/178 1258/177
f 1271/125 1293/181 1264/180
f 1293/181 1271/125 1303/127
f 1221/175 1242/176 1213/185
f 1242/176 1221/175 1247/172
f 1246/123 1264/180 1241/182
f 1264/180 1246/123 1271/125
f 1213/185 1232/178 1207/186
f 1232/178 1213/185 1242/176
f 1207/186 1224/184 1202/187
f 1224/184 1207/186 1232/178
f 1209/188 1183/189 1186/190
f 1183/189 1209/188 1208/191
f 1212/192 1186/190 1188/193
f 1186/190 1212/192 1209/188
f 1214/194 1188/193 1197/195
f 1188/193 1214/194 1212/192
f 1188/193 1164/196 1166/197
f 1164/196 1188/193 1186/190
f 1219/198 1197/195 1200/199
f 1197/195 1219/198 1214/194
f 1186/190 1162/200 1164/196
f 1162/200 1186/190 1183/189
f 1197/195 1166/197 1169/201
f 1166/197 1197/195 1188/193
f 1245/202 1214/194 1219/198
f 1214/194 1245/202 1243/203
f 1249/183 1219/198 1224/184
f 1219/198 1249/183 1245/202
f 1224/184 1200/199 1202/187
f 1200/199 1224/184 1219/198
f 1243/203 1212/192 1214/194
f 1212/192 1243/203 1237/204
f 1258/177 1272/205 1249/183
f 1272/205 1258/177 1279/206
f 1233/207 1208/191 1209/188
f 1208/191 1233/207 1231/208
f 1237/204 1209/188 1212/192
f 1209/188 1237/204 1233/207
f 1303/127 1314/209 1293/181
f 1314/209 1303/127 1325/129
f 1272/205 1245/202 1249/183
f 1245/202 1272/205 1266/210
f 1265/179 1279/206 1258/177
f 1279/206 1265/179 1290/211
f 1282/173 1298/212 1268/171
f 1298/212 1282/173 1307/213
f 1293/181 1307/213 1282/173
f 1307/213 1293/181 1314/209
f 1268/171 1290/211 1265/179
f 1290/211 1268/171 1298/212
f 1261/214 1233/207 1237/204
f 1233/207 1261/214 1256/215
f 1256/215 1231/208 1233/207
f 1231/208 1256/215 1254/216
f 1263/217 1237/204 1243/203
f 1237/204 1263/217 1261/214
f 1325/129 1344/218 1314/209
f 1344/218 1325/129 1354/131
f 1266/210 1243/203 1245/202
f 1243/203 1266/210 1263/217
f 1314/209 1331/219 1307/213
f 1331/219 1314/209 1344/218
f 1361/220 1371/221 1353/222
f 1371/221 1361/220 1383/223
f 1324/224 1300/225 1304/226
f 1300/225 1324/224 1321/227
f 1321/227 1299/228 1300/225
f 1299/228 1321/227 1318/229
f 1343/230 1310/231 1319/232
f 1310/231 1343/230 1333/233
f 1333/233 1308/234 1310/231
f 1308/234 1333/233 1328/235
f 1348/236 1361/220 1335/237
f 1361/220 1348/236 1368/238
f 1359/239 1368/238 1348/236
f 1368/238 1359/239 1382/240
f 1322/241 1335/237 1311/242
f 1335/237 1322/241 1348/236
f 1366/243 1382/240 1359/239
f 1382/240 1366/243 1401/244
f 1345/245 1321/227 1324/224
f 1321/227 1345/245 1342/246
f 1364/247 1333/233 1343/230
f 1333/233 1364/247 1356/248
f 1401/244 1408/249 1382/240
f 1408/249 1401/244 1422/250
f 1368/238 1383/223 1361/220
f 1383/223 1368/238 1400/251
f 1352/252 1324/224 1328/235
f 1324/224 1352/252 1345/245
f 1356/248 1328/235 1333/233
f 1328/235 1356/248 1352/252
f 1382/240 1400/251 1368/238
f 1400/251 1382/240 1408/249
f 1353/222 1364/247 1343/230
f 1364/247 1353/222 1371/221
f 1326/253 1343/230 1319/232
f 1343/230 1326/253 1353/222
f 1410/134 1422/250 1401/244
f 1422/250 1410/134 1436/136
f 1378/133 1401/244 1366/243
f 1401/244 1378/133 1410/134
f 1300/225 1275/254 1277/255
f 1275/254 1300/225 1299/228
f 1310/231 1287/256 1292/257
f 1287/256 1310/231 1308/234
f 1328/235 1304/226 1308/234
f 1304/226 1328/235 1324/224
f 1308/234 1280/258 1287/256
f 1280/258 1308/234 1304/226
f 1335/237 1353/222 1326/253
f 1353/222 1335/237 1361/220
f 1306/259 1319/232 1297/260
f 1319/232 1306/259 1326/253
f 1304/226 1277/255 1280/258
f 1277/255 1304/226 1300/225
f 1319/232 1292/257 1297/260
f 1292/257 1319/232 1310/231
f 1311/242 1326/253 1306/259
f 1326/253 1311/242 1335/237
f 1331/219 1348/236 1322/241
f 1348/236 1331/219 1359/239
f 1354/131 1366/243 1344/218
f 1366/243 1354/131 1378/133
f 1344/218 1359/239 1331/219
f 1359/239 1344/218 1366/243
f 58/44 89/261 57/262
f 89/261 58/44 90/45
f 83/263 114/264 82/265
f 114/264 83/263 115/266
f 84/267 115/266 83/263
f 115/266 84/267 116/268
f 87/269 118/270 86/271
f 118/270 87/269 119/272
f 88/273 119/272 87/269
f 119/272 88/273 120/274
f 56/275 87/269 55/276
f 87/269 56/275 88/273
f 48/277 79/278 47/279
f 79/278 48/277 80/280
f 34/281 47/279 33/282
f 47/279 34/281 48/277
f 85/283 116/268 84/267
f 116/268 85/283 117/284
f 53/285 84/267 52/286
f 84/267 53/285 85/283
f 89/261 120/274 88/273
f 120/274 89/261 121/287
f 90/45 121/287 89/261
f 121/287 90/45 122/47
f 49/288 80/280 48/277
f 80/280 49/288 81/289
f 35/290 48/277 34/281
f 48/277 35/290 49/288
f 51/291 82/265 50/292
f 82/265 51/291 83/263
f 52/286 83/263 51/291
f 83/263 52/286 84/267
f 57/262 88/273 56/275
f 88/273 57/262 89/261
f 86/271 117/284 85/283
f 117/284 86/271 118/270
f 50/292 81/289 49/288
f 81/289 50/292 82/265
f 38/293 51/291 37/294
f 51/291 38/293 52/286
f 54/295 85/283 53/285
f 85/283 54/295 86/271
f 39/296 52/286 38/293
f 52/286 39/296 53/285
f 55/276 86/271 54/295
f 86/271 55/276 87/269
f 40/297 53/285 39/296
f 53/285 40/297 54/295
f 41/298 54/295 40/297
f 54/295 41/298 55/276
f 36/299 49/288 35/290
f 49/288 36/299 50/292
f 42/300 55/276 41/298
f 55/276 42/300 56/275
f 37/294 50/292 36/299
f 50/292 37/294 51/291
f 43/301 56/275 42/300
f 56/275 43/301 57/262
f 44/43 26/302 25/41
f 26/302 44/43 43/301
f 44/43 57/262 43/301
f 57/262 44/43 58/44
f 43/301 27/303 26/302
f 27/303 43/301 42/300
f 29/304 39/296 30/305
f 39/296 29/304 40/297
f 42/300 28/306 27/303
f 28/306 42/300 41/298
f 39/296 38/293 30/305
f 41/298 29/304 28/306
f 29/304 41/298 40/297
f 444/69 475/307 443/308
f 475/307 444/69 476/71
f 437/309 466/310 434/311
f 466/310 437/309 467/312
f 402/313 431/314 401/315
f 431/314 402/313 432/316
f 404/317 433/318 403/319
f 433/318 404/317 434/311
f 441/320 470/321 440/322
f 470/321 441/320 473/323
f 440/322 469/324 439/325
f 469/324 440/322 470/321
f 442/326 473/323 441/320
f 473/323 442/326 474/327
f 412/328 441/320 409/329
f 441/320 412/328 442/326
f 372/330 403/319 371/331
f 403/319 372/330 404/317
f 405/332 434/311 404/317
f 434/311 405/332 437/309
f 374/333 404/317 372/330
f 404/317 374/333 405/332
f 406/334 437/309 405/332
f 437/309 406/334 438/335
f 370/336 401/315 369/337
f 401/315 370/336 402/313
f 407/338 438/335 406/334
f 438/335 407/338 439/325
f 408/339 439/325 407/338
f 439/325 408/339 440/322
f 380/340 407/338 378/341
f 407/338 380/340 408/339
f 433/318 464/342 432/316
f 464/342 433/318 465/343
f 403/319 432/316 402/313
f 432/316 403/319 433/318
f 438/335 467/312 437/309
f 467/312 438/335 468/344
f 439/325 468/344 438/335
f 468/344 439/325 469/324
f 443/308 474/327 442/326
f 474/327 443/308 475/307
f 371/331 402/313 370/336
f 402/313 371/331 403/319
f 434/311 465/343 433/318
f 465/343 434/311 466/310
f 409/329 440/322 408/339
f 440/322 409/329 441/320
f 382/345 408/339 380/340
f 408/339 382/345 409/329
f 414/346 442/326 412/328
f 442/326 414/346 443/308
f 378/341 406/334 376/347
f 406/334 378/341 407/338
f 416/67 443/308 414/346
f 443/308 416/67 444/69
f 376/347 405/332 374/333
f 405/332 376/347 406/334
f 384/348 409/329 382/345
f 409/329 384/348 412/328
f 387/349 412/328 384/348
f 412/328 387/349 414/346
f 360/350 382/345 359/351
f 382/345 360/350 384/348
f 394/65 414/346 387/349
f 414/346 394/65 416/67
f 343/352 369/337 342/353
f 369/337 343/352 370/336
f 344/354 370/336 343/352
f 370/336 344/354 371/331
f 321/355 343/352 320/356
f 343/352 321/355 344/354
f 358/357 378/341 354/358
f 378/341 358/357 380/340
f 348/359 372/330 346/360
f 372/330 348/359 374/333
f 362/63 387/349 361/361
f 387/349 362/63 394/65
f 361/361 384/348 360/350
f 384/348 361/361 387/349
f 354/358 376/347 350/362
f 376/347 354/358 378/341
f 320/356 342/353 319/363
f 342/353 320/356 343/352
f 350/362 374/333 348/359
f 374/333 350/362 376/347
f 346/360 371/331 344/354
f 371/331 346/360 372/330
f 359/351 380/340 358/357
f 380/340 359/351 382/345
f 328/364 359/351 327/365
f 359/351 328/364 360/350
f 296/366 327/365 295/367
f 327/365 296/366 328/364
f 326/368 354/358 325/369
f 354/358 326/368 358/357
f 324/370 348/359 323/371
f 348/359 324/370 350/362
f 322/372 344/354 321/355
f 344/354 322/372 346/360
f 289/373 320/356 288/374
f 320/356 289/373 321/355
f 323/371 346/360 322/372
f 346/360 323/371 348/359
f 291/375 322/372 290/376
f 322/372 291/375 323/371
f 329/377 360/350 328/364
f 360/350 329/377 361/361
f 330/61 361/361 329/377
f 361/361 330/61 362/63
f 290/376 321/355 289/373
f 321/355 290/376 322/372
f 292/378 323/371 291/375
f 323/371 292/378 324/370
f 325/369 350/362 324/370
f 350/362 325/369 354/358
f 293/379 324/370 292/378
f 324/370 293/379 325/369
f 327/365 358/357 326/368
f 358/357 327/365 359/351
f 295/367 326/368 294/380
f 326/368 295/367 327/365
f 288/374 319/363 287/381
f 319/363 288/374 320/356
f 294/380 325/369 293/379
f 325/369 294/380 326/368
f 298/59 329/377 297/382
f 329/377 298/59 330/61
f 257/383 288/374 256/384
f 288/374 257/383 289/373
f 256/384 287/381 255/385
f 287/381 256/384 288/374
f 262/386 293/379 261/387
f 293/379 262/386 294/380
f 224/388 255/385 223/389
f 255/385 224/388 256/384
f 297/382 328/364 296/366
f 328/364 297/382 329/377
f 259/390 290/376 258/391
f 290/376 259/390 291/375
f 258/391 289/373 257/383
f 289/373 258/391 290/376
f 260/392 291/375 259/390
f 291/375 260/392 292/378
f 263/393 294/380 262/386
f 294/380 263/393 295/367
f 268/57 297/382 267/394
f 297/382 268/57 298/59
f 266/395 295/367 263/393
f 295/367 266/395 296/366
f 261/387 292/378 260/392
f 292/378 261/387 293/379
f 227/396 256/384 224/388
f 256/384 227/396 257/383
f 267/394 296/366 266/395
f 296/366 267/394 297/382
f 233/397 262/386 232/398
f 262/386 233/397 263/393
f 229/399 258/391 228/400
f 258/391 229/399 259/390
f 235/401 266/395 234/402
f 266/395 235/401 267/394
f 230/403 259/390 229/399
f 259/390 230/403 260/392
f 228/400 257/383 227/396
f 257/383 228/400 258/391
f 197/404 227/396 196/405
f 227/396 197/404 228/400
f 234/402 263/393 233/397
f 263/393 234/402 266/395
f 210/406 233/397 207/407
f 233/397 210/406 234/402
f 237/55 267/394 235/401
f 267/394 237/55 268/57
f 201/408 229/399 199/409
f 229/399 201/408 230/403
f 232/398 261/387 231/410
f 261/387 232/398 262/386
f 194/411 223/389 193/412
f 223/389 194/411 224/388
f 199/409 228/400 197/404
f 228/400 199/409 229/399
f 231/410 260/392 230/403
f 260/392 231/410 261/387
f 203/413 230/403 201/408
f 230/403 203/413 231/410
f 205/414 231/410 203/413
f 231/410 205/414 232/398
f 215/415 234/402 210/406
f 234/402 215/415 235/401
f 207/407 232/398 205/414
f 232/398 207/407 233/397
f 196/405 224/388 194/411
f 224/388 196/405 227/396
f 178/416 196/405 177/417
f 196/405 178/416 197/404
f 146/418 177/417 145/419
f 177/417 146/418 178/416
f 177/417 194/411 176/420
f 194/411 177/417 196/405
f 179/421 197/404 178/416
f 197/404 179/421 199/409
f 176/420 193/412 175/422
f 193/412 176/420 194/411
f 182/423 203/413 181/424
f 203/413 182/423 205/414
f 218/53 235/401 215/415
f 235/401 218/53 237/55
f 181/424 201/408 180/425
f 201/408 181/424 203/413
f 184/426 207/407 183/427
f 207/407 184/426 210/406
f 180/425 199/409 179/421
f 199/409 180/425 201/408
f 185/428 210/406 184/426
f 210/406 185/428 215/415
f 145/419 176/420 144/429
f 176/420 145/419 177/417
f 144/429 175/422 143/430
f 175/422 144/429 176/420
f 186/51 215/415 185/428
f 215/415 186/51 218/53
f 183/427 205/414 182/423
f 205/414 183/427 207/407
f 113/431 144/429 112/432
f 144/429 113/431 145/419
f 148/433 179/421 147/434
f 179/421 148/433 180/425
f 116/268 147/434 115/266
f 147/434 116/268 148/433
f 152/435 183/427 151/436
f 183/427 152/435 184/426
f 147/434 178/416 146/418
f 178/416 147/434 179/421
f 150/437 181/424 149/438
f 181/424 150/437 182/423
f 149/438 180/425 148/433
f 180/425 149/438 181/424
f 151/436 182/423 150/437
f 182/423 151/436 183/427
f 117/284 148/433 116/268
f 148/433 117/284 149/438
f 118/270 149/438 117/284
f 149/438 118/270 150/437
f 154/49 185/428 153/439
f 185/428 154/49 186/51
f 119/272 150/437 118/270
f 150/437 119/272 151/436
f 153/439 184/426 152/435
f 184/426 153/439 185/428
f 120/274 151/436 119/272
f 151/436 120/274 152/435
f 114/264 145/419 113/431
f 145/419 114/264 146/418
f 112/432 143/430 111/440
f 143/430 112/432 144/429
f 121/287 152/435 120/274
f 152/435 121/287 153/439
f 115/266 146/418 114/264
f 146/418 115/266 147/434
f 82/265 113/431 81/289
f 113/431 82/265 114/264
f 80/280 111/440 79/278
f 111/440 80/280 112/432
f 81/289 112/432 80/280
f 112/432 81/289 113/431
f 122/47 153/439 121/287
f 153/439 122/47 154/49
f 1422/250 1432/37 1408/249
f 1432/37 1422/250 1447/36
f 1386/162 1356/248 1364/247
f 1356/248 1386/162 1374/28
f 1374/28 1352/252 1356/248
f 1352/252 1374/28 1367/27
f 1342/246 1318/229 1321/227
f 1318/229 1342/246 1341/441
f 1365/31 1342/246 1345/245
f 1342/246 1365/31 1362/30
f 1367/27 1345/245 1352/252
f 1345/245 1367/27 1365/31
f 1362/30 1341/441 1342/246
f 1341/441 1362/30 1360/34
f 1436/136 1447/36 1422/250
f 1447/36 1436/136 1475/138
f 1383/223 1399/39 1371/221
f 1399/39 1383/223 1407/38
f 1408/249 1421/161 1400/251
f 1421/161 1408/249 1432/37
f 1400/251 1407/38 1383/223
f 1407/38 1400/251 1421/161
f 1371/221 1386/162 1364/247
f 1386/162 1371/221 1399/39
f 1307/213 1322/241 1298/212
f 1322/241 1307/213 1331/219
f 1298/212 1311/242 1290/211
f 1311/242 1298/212 1322/241
f 1292/257 1263/217 1266/210
f 1263/217 1292/257 1287/256
f 1287/256 1261/214 1263/217
f 1261/214 1287/256 1280/258
f 1280/258 1256/215 1261/214
f 1256/215 1280/258 1277/255
f 1297/260 1266/210 1272/205
f 1266/210 1297/260 1292/257
f 1277/255 1254/216 1256/215
f 1254/216 1277/255 1275/254
f 1279/206 1297/260 1272/205
f 1297/260 1279/206 1306/259
f 1290/211 1306/259 1279/206
f 1306/259 1290/211 1311/242
f 824/442 853/443 852/444
f 853/443 824/442 826/445
f 801/446 824/442 799/447
f 824/442 801/446 826/445
f 865/448 890/449 862/450
f 890/449 865/448 892/451
f 853/443 878/452 852/444
f 878/452 853/443 880/453
f 852/444 876/454 850/455
f 876/454 852/444 878/452
f 823/456 852/444 850/455
f 852/444 823/456 824/442
f 855/457 880/453 853/443
f 880/453 855/457 883/458
f 860/459 883/458 855/457
f 883/458 860/459 886/460
f 862/450 886/460 860/459
f 886/460 862/450 890/449
f 871/461 894/462 870/463
f 894/462 871/461 897/464
f 879/465 901/466 873/467
f 901/466 879/465 910/468
f 873/467 897/464 871/461
f 897/464 873/467 901/466
f 870/463 892/451 865/448
f 892/451 870/463 894/462
f 885/98 910/468 879/465
f 910/468 885/98 914/100
f 836/469 860/459 835/470
f 860/459 836/469 862/450
f 856/96 879/465 849/471
f 879/465 856/96 885/98
f 837/472 862/450 836/469
f 862/450 837/472 865/448
f 799/447 823/456 798/473
f 823/456 799/447 824/442
f 826/445 855/457 853/443
f 855/457 826/445 834/474
f 834/474 860/459 855/457
f 860/459 834/474 835/470
f 805/475 835/470 804/476
f 835/470 805/475 836/469
f 841/477 870/463 839/478
f 870/463 841/477 871/461
f 804/476 834/474 802/479
f 834/474 804/476 835/470
f 849/471 873/467 843/480
f 873/467 849/471 879/465
f 843/480 871/461 841/477
f 871/461 843/480 873/467
f 839/478 865/448 837/472
f 865/448 839/478 870/463
f 802/479 826/445 801/446
f 826/445 802/479 834/474
f 809/481 837/472 807/482
f 837/472 809/481 839/478
f 814/483 839/478 809/481
f 839/478 814/483 841/477
f 816/484 841/477 814/483
f 841/477 816/484 843/480
f 771/485 799/447 770/486
f 799/447 771/485 801/446
f 827/95 849/471 819/487
f 849/471 827/95 856/96
f 807/482 836/469 805/475
f 836/469 807/482 837/472
f 770/486 798/473 769/488
f 798/473 770/486 799/447
f 778/489 804/476 774/490
f 804/476 778/489 805/475
f 773/491 801/446 771/485
f 801/446 773/491 802/479
f 786/492 809/481 783/493
f 809/481 786/492 814/483
f 819/487 843/480 816/484
f 843/480 819/487 849/471
f 793/494 816/484 792/495
f 816/484 793/494 819/487
f 800/93 819/487 793/494
f 819/487 800/93 827/95
f 792/495 814/483 786/492
f 814/483 792/495 816/484
f 780/496 805/475 778/489
f 805/475 780/496 807/482
f 774/490 802/479 773/491
f 802/479 774/490 804/476
f 783/493 807/482 780/496
f 807/482 783/493 809/481
f 751/497 774/490 748/498
f 774/490 751/497 778/489
f 761/499 792/495 760/500
f 792/495 761/499 793/494
f 746/501 771/485 745/502
f 771/485 746/501 773/491
f 758/503 780/496 757/504
f 780/496 758/503 783/493
f 757/504 778/489 751/497
f 778/489 757/504 780/496
f 725/505 751/497 724/506
f 751/497 725/505 757/504
f 741/507 769/488 740/508
f 769/488 741/507 770/486
f 748/498 773/491 746/501
f 773/491 748/498 774/490
f 760/500 786/492 759/509
f 786/492 760/500 792/495
f 745/502 770/486 741/507
f 770/486 745/502 771/485
f 721/510 741/507 718/511
f 741/507 721/510 745/502
f 765/91 793/494 761/499
f 793/494 765/91 800/93
f 722/512 745/502 721/510
f 745/502 722/512 746/501
f 718/511 740/508 716/513
f 740/508 718/511 741/507
f 759/509 783/493 758/503
f 783/493 759/509 786/492
f 723/514 746/501 722/512
f 746/501 723/514 748/498
f 724/506 748/498 723/514
f 748/498 724/506 751/497
f 727/515 758/503 726/516
f 758/503 727/515 759/509
f 726/516 757/504 725/505
f 757/504 726/516 758/503
f 730/517 759/509 727/515
f 759/509 730/517 760/500
f 692/518 723/514 691/519
f 723/514 692/518 724/506
f 688/520 716/513 687/521
f 716/513 688/520 718/511
f 736/89 761/499 734/522
f 761/499 736/89 765/91
f 710/87 734/522 705/523
f 734/522 710/87 736/89
f 734/522 760/500 730/517
f 760/500 734/522 761/499
f 705/523 730/517 700/524
f 730/517 705/523 734/522
f 700/524 727/515 698/525
f 727/515 700/524 730/517
f 690/526 721/510 689/527
f 721/510 690/526 722/512
f 694/528 724/506 692/518
f 724/506 694/528 725/505
f 698/525 726/516 696/529
f 726/516 698/525 727/515
f 696/529 725/505 694/528
f 725/505 696/529 726/516
f 691/519 722/512 690/526
f 722/512 691/519 723/514
f 689/527 718/511 688/520
f 718/511 689/527 721/510
f 658/530 688/520 657/531
f 688/520 658/530 689/527
f 660/532 689/527 658/530
f 689/527 660/532 690/526
f 661/533 690/526 660/532
f 690/526 661/533 691/519
f 630/534 660/532 658/530
f 660/532 630/534 631/535
f 665/536 692/518 663/537
f 692/518 665/536 694/528
f 663/537 691/519 661/533
f 691/519 663/537 692/518
f 631/535 661/533 660/532
f 661/533 631/535 633/538
f 657/531 687/521 656/539
f 687/521 657/531 688/520
f 635/540 661/533 633/538
f 661/533 635/540 663/537
f 667/541 694/528 665/536
f 694/528 667/541 696/529
f 638/542 663/537 635/540
f 663/537 638/542 665/536
f 670/543 696/529 667/541
f 696/529 670/543 698/525
f 677/544 698/525 670/543
f 698/525 677/544 700/524
f 684/85 705/523 683/545
f 705/523 684/85 710/87
f 683/545 700/524 677/544
f 700/524 683/545 705/523
f 627/546 657/531 656/539
f 657/531 627/546 628/547
f 628/547 658/530 657/531
f 658/530 628/547 630/534
f 612/548 633/538 611/549
f 633/538 612/548 635/540
f 647/550 667/541 646/551
f 667/541 647/550 670/543
f 651/552 677/544 650/553
f 677/544 651/552 683/545
f 601/554 627/546 600/555
f 627/546 601/554 628/547
f 650/553 670/543 647/550
f 670/543 650/553 677/544
f 652/83 683/545 651/552
f 683/545 652/83 684/85
f 646/551 665/536 638/542
f 665/536 646/551 667/541
f 604/556 628/547 601/554
f 628/547 604/556 630/534
f 608/557 630/534 604/556
f 630/534 608/557 631/535
f 619/558 650/553 618/559
f 650/553 619/558 651/552
f 617/560 646/551 614/561
f 646/551 617/560 647/550
f 621/81 651/552 619/558
f 651/552 621/81 652/83
f 611/549 631/535 608/557
f 631/535 611/549 633/538
f 614/561 638/542 613/562
f 638/542 614/561 646/551
f 613/562 635/540 612/548
f 635/540 613/562 638/542
f 618/559 647/550 617/560
f 647/550 618/559 650/553
f 584/563 613/562 581/564
f 613/562 584/563 614/561
f 579/565 608/557 578/566
f 608/557 579/565 611/549
f 578/566 604/556 577/567
f 604/556 578/566 608/557
f 580/568 611/549 579/565
f 611/549 580/568 612/548
f 576/569 600/555 575/570
f 600/555 576/569 601/554
f 577/567 601/554 576/569
f 601/554 577/567 604/556
f 546/571 577/567 545/572
f 577/567 546/571 578/566
f 581/564 612/548 580/568
f 612/548 581/564 613/562
f 585/573 614/561 584/563
f 614/561 585/573 617/560
f 544/574 575/570 543/575
f 575/570 544/574 576/569
f 547/576 578/566 546/571
f 578/566 547/576 579/565
f 589/577 618/559 587/578
f 618/559 589/577 619/558
f 591/79 619/558 589/577
f 619/558 591/79 621/81
f 552/579 580/568 548/580
f 580/568 552/579 581/564
f 587/578 617/560 585/573
f 617/560 587/578 618/559
f 545/572 576/569 544/574
f 576/569 545/572 577/567
f 548/580 579/565 547/576
f 579/565 548/580 580/568
f 554/581 581/564 552/579
f 581/564 554/581 584/563
f 561/582 587/578 558/583
f 587/578 561/582 589/577
f 558/583 585/573 556/584
f 585/573 558/583 587/578
f 526/585 552/579 524/586
f 552/579 526/585 554/581
f 516/587 545/572 515/588
f 545/572 516/587 546/571
f 513/589 543/575 512/590
f 543/575 513/589 544/574
f 515/588 544/574 513/589
f 544/574 515/588 545/572
f 563/77 589/577 561/582
f 589/577 563/77 591/79
f 556/584 584/563 554/581
f 584/563 556/584 585/573
f 518/591 546/571 516/587
f 546/571 518/591 547/576
f 528/592 554/581 526/585
f 554/581 528/592 556/584
f 537/593 558/583 532/594
f 558/583 537/593 561/582
f 522/595 547/576 518/591
f 547/576 522/595 548/580
f 532/594 556/584 528/592
f 556/584 532/594 558/583
f 538/75 561/582 537/593
f 561/582 538/75 563/77
f 524/586 548/580 522/595
f 548/580 524/586 552/579
f 502/596 524/586 501/597
f 524/586 502/596 526/585
f 470/321 501/597 469/324
f 501/597 470/321 502/596
f 485/598 512/590 484/599
f 512/590 485/598 513/589
f 491/600 515/588 487/601
f 515/588 491/600 516/587
f 493/602 516/587 491/600
f 516/587 493/602 518/591
f 464/342 484/599 463/603
f 484/599 464/342 485/598
f 487/601 513/589 485/598
f 513/589 487/601 515/588
f 507/604 532/594 504/605
f 532/594 507/604 537/593
f 508/73 537/593 507/604
f 537/593 508/73 538/75
f 503/606 526/585 502/596
f 526/585 503/606 528/592
f 495/607 518/591 493/602
f 518/591 495/607 522/595
f 501/597 522/595 495/607
f 522/595 501/597 524/586
f 468/344 493/602 467/312
f 493/602 468/344 495/607
f 466/310 487/601 465/343
f 487/601 466/310 491/600
f 504/605 528/592 503/606
f 528/592 504/605 532/594
f 473/323 502/596 470/321
f 502/596 473/323 503/606
f 467/312 491/600 466/310
f 491/600 467/312 493/602
f 469/324 495/607 468/344
f 495/607 469/324 501/597
f 465/343 485/598 464/342
f 485/598 465/343 487/601
f 475/307 504/605 474/327
f 504/605 475/307 507/604
f 474/327 503/606 473/323
f 503/606 474/327 504/605
f 476/71 507/604 475/307
f 507/604 476/71 508/73
f 432/316 463/603 431/314
f 463/603 432/316 464/342
f 960/608 931/609 932/610
f 931/609 960/608 959/611
f 961/612 981/613 955/614
f 981/613 961/612 989/615
f 930/616 955/614 925/617
f 955/614 930/616 961/612
f 955/614 974/618 951/619
f 974/618 955/614 981/613
f 925/617 951/619 923/620
f 951/619 925/617 955/614
f 943/621 966/622 939/623
f 966/622 943/621 968/624
f 964/625 934/626 936/627
f 934/626 964/625 962/628
f 934/626 908/629 909/630
f 908/629 934/626 932/610
f 936/627 909/630 911/631
f 909/630 936/627 934/626
f 939/623 911/631 912/632
f 911/631 939/623 936/627
f 947/633 968/624 943/621
f 968/624 947/633 972/634
f 921/635 943/621 915/636
f 943/621 921/635 947/633
f 969/104 995/637 965/638
f 995/637 969/104 999/106
f 941/102 965/638 935/639
f 965/638 941/102 969/104
f 962/628 932/610 934/626
f 932/610 962/628 960/608
f 951/619 972/634 947/633
f 972/634 951/619 974/618
f 923/620 947/633 921/635
f 947/633 923/620 951/619
f 965/638 989/615 961/612
f 989/615 965/638 995/637
f 935/639 961/612 930/616
f 961/612 935/639 965/638
f 911/631 880/453 883/458
f 880/453 911/631 909/630
f 915/636 939/623 912/632
f 939/623 915/636 943/621
f 932/610 907/640 908/629
f 907/640 932/610 931/609
f 909/630 878/452 880/453
f 878/452 909/630 908/629
f 890/449 912/632 886/460
f 912/632 890/449 915/636
f 912/632 883/458 886/460
f 883/458 912/632 911/631
f 966/622 936/627 939/623
f 936/627 966/622 964/625
f 908/629 876/454 878/452
f 876/454 908/629 907/640
f 894/462 921/635 892/451
f 921/635 894/462 923/620
f 897/464 923/620 894/462
f 923/620 897/464 925/617
f 910/468 930/616 901/466
f 930/616 910/468 935/639
f 914/100 935/639 910/468
f 935/639 914/100 941/102
f 892/451 915/636 890/449
f 915/636 892/451 921/635
f 901/466 925/617 897/464
f 925/617 901/466 930/616
f 1576/641 1567/642 1565/643
f 1567/642 1576/641 1579/644
f 1588/645 1579/644 1576/641
f 1579/644 1588/645 1591/646
f 1519/647 1504/648 1515/649
f 1504/648 1519/647 1507/650
f 1515/649 1498/651 1506/652
f 1498/651 1515/649 1504/648
f 1599/147 1591/646 1588/645
f 1591/646 1599/147 1601/149
f 1567/642 1560/653 1557/654
f 1560/653 1567/642 1569/655
f 1551/656 1541/657 1537/658
f 1541/657 1551/656 1557/654
f 1507/650 1497/659 1504/648
f 1497/659 1507/650 1500/660
f 1500/660 1487/661 1497/659
f 1487/661 1500/660 1494/662
f 1537/658 1528/663 1527/664
f 1528/663 1537/658 1541/657
f 1557/654 1543/665 1541/657
f 1543/665 1557/654 1560/653
f 1565/643 1557/654 1551/656
f 1557/654 1565/643 1567/642
f 1563/666 1551/656 1545/667
f 1551/656 1563/666 1565/643
f 1601/149 1592/668 1591/646
f 1592/668 1601/149 1602/150
f 1591/646 1581/669 1579/644
f 1581/669 1591/646 1592/668
f 1494/662 1480/670 1487/661
f 1480/670 1494/662 1488/671
f 1528/663 1515/649 1527/664
f 1515/649 1528/663 1519/647
f 1545/667 1537/658 1530/672
f 1537/658 1545/667 1551/656
f 1530/672 1527/664 1520/673
f 1527/664 1530/672 1537/658
f 1527/664 1506/652 1520/673
f 1506/652 1527/664 1515/649
f 1585/674 1576/641 1572/675
f 1576/641 1585/674 1588/645
f 1504/648 1482/676 1498/651
f 1482/676 1504/648 1497/659
f 1594/146 1588/645 1585/674
f 1588/645 1594/146 1599/147
f 1579/644 1569/655 1567/642
f 1569/655 1579/644 1581/669
f 1572/675 1565/643 1563/666
f 1565/643 1572/675 1576/641
f 1541/657 1529/677 1528/663
f 1529/677 1541/657 1543/665
f 1497/659 1474/678 1482/676
f 1474/678 1497/659 1487/661
f 1487/661 1469/679 1474/678
f 1469/679 1487/661 1480/670
f 1474/678 1456/680 1457/681
f 1456/680 1474/678 1469/679
f 1457/681 1440/682 1445/683
f 1440/682 1457/681 1456/680
f 1550/684 1545/667 1536/685
f 1545/667 1550/684 1563/666
f 1564/686 1563/666 1550/684
f 1563/666 1564/686 1572/675
f 1482/676 1457/681 1468/687
f 1457/681 1482/676 1474/678
f 1468/687 1445/683 1448/688
f 1445/683 1468/687 1457/681
f 1506/652 1481/689 1499/690
f 1481/689 1506/652 1498/651
f 1499/690 1461/691 1477/692
f 1461/691 1499/690 1481/689
f 1522/693 1520/673 1509/694
f 1520/673 1522/693 1530/672
f 1520/673 1499/690 1509/694
f 1499/690 1520/673 1506/652
f 1536/685 1530/672 1522/693
f 1530/672 1536/685 1545/667
f 1498/651 1468/687 1481/689
f 1468/687 1498/651 1482/676
f 1589/145 1585/674 1577/695
f 1585/674 1589/145 1594/146
f 1577/695 1572/675 1564/686
f 1572/675 1577/695 1585/674
f 1510/696 1509/694 1495/697
f 1509/694 1510/696 1522/693
f 1481/689 1448/688 1461/691
f 1448/688 1481/689 1468/687
f 1509/694 1477/692 1495/697
f 1477/692 1509/694 1499/690
f 1569/655 1561/698 1560/653
f 1561/698 1569/655 1570/699
f 1496/700 1488/671 1494/662
f 1488/671 1496/700 1491/701
f 1502/702 1494/662 1500/660
f 1494/662 1502/702 1496/700
f 1511/703 1500/660 1507/650
f 1500/660 1511/703 1502/702
f 1581/669 1570/699 1569/655
f 1570 1581 1582
f 1521/704 1507/650 1519/647
f 1507/650 1521/704 1511/703
f 1529/677 1519/647 1528/663
f 1519/647 1529/677 1521/704
f 1602/150 1593/705 1592/668
f 1593/705 1602/150 1603/151
f 1560/653 1544/706 1543/665
f 1544/706 1560/653 1561/698
f 1544/706 1529/677 1543/665
f 1592/668 1582/707 1581/669
f 1582/707 1592/668 1593/705
f 1524/708 1522/693 1510/696
f 1522/693 1524/708 1536/685
f 1508/709 1510/696 1493/710
f 1510/696 1508/709 1524/708
f 1566/711 1564/686 1553/712
f 1564/686 1566/711 1577/695
f 1556/169 1553/712 1540/713
f 1553/712 1556/169 1566/711
f 1580/143 1577/695 1566/711
f 1577/695 1580/143 1589/145
f 1571/142 1566/711 1556/169
f 1566/711 1571/142 1580/143
f 1553/712 1550/684 1539/714
f 1550/684 1553/712 1564/686
f 1540/713 1539/714 1525/715
f 1539/714 1540/713 1553/712
f 1539/714 1536/685 1524/708
f 1536/685 1539/714 1550/684
f 1448/688 1430/716 1435/717
f 1430/716 1448/688 1445/683
f 1525/715 1524/708 1508/709
f 1524/708 1525/715 1539/714
f 1495/697 1451/718 1470/719
f 1451/718 1495/697 1477/692
f 1445/683 1428/720 1430/716
f 1428/720 1445/683 1440/682
f 1461/691 1435/717 1441/721
f 1435/717 1461/691 1448/688
f 1477/692 1441/721 1451/718
f 1441/721 1477/692 1461/691
f 1493/710 1495/697 1470/719
f 1495/697 1493/710 1510/696
f 1430/716 1413/168 1415/167
f 1413/168 1430/716 1428/720
f 1451/718 1424/165 1434/164
f 1424/165 1451/718 1441/721
f 1435/717 1415/167 1420/166
f 1415/167 1435/717 1430/716
f 1470/719 1434/164 1446/163
f 1434/164 1470/719 1451/718
f 1463/19 1470/719 1446/163
f 1470/719 1463/19 1493/710
f 1441/721 1420/166 1424/165
f 1420/166 1441/721 1435/717
f 1484/20 1493/710 1463/19
f 1493/710 1484/20 1508/709
f 1505/29 1508/709 1484/20
f 1508/709 1505/29 1525/715
f 1523/21 1525/715 1505/29
f 1525/715 1523/21 1540/713
f 1538/22 1540/713 1523/21
f 1540/713 1538/22 1556/169
f 1165/722 1179/723 1156/724
f 1179/723 1165/722 1189/725
f 1199/726 1213/185 1189/725
f 1213/185 1199/726 1221/175
f 1189/725 1207/186 1179/723
f 1207/186 1189/725 1213/185
f 1169/201 1141/727 1143/728
f 1141/727 1169/201 1166/197
f 1176/729 1199/726 1170/730
f 1199/726 1176/729 1203/731
f 1170/730 1189/725 1165/722
f 1189/725 1170/730 1199/726
f 1211/732 1227/174 1203/731
f 1227/174 1211/732 1241/182
f 1218/122 1241/182 1211/732
f 1241/182 1218/122 1246/123
f 1166/197 1139/733 1141/727
f 1139/733 1166/197 1164/196
f 1141/727 1116/734 1118/735
f 1116/734 1141/727 1139/733
f 1171/736 1143/728 1149/737
f 1143/728 1171/736 1169/201
f 1154/738 1171/736 1149/737
f 1171/736 1154/738 1175/739
f 1149/737 1120/740 1122/741
f 1120/740 1149/737 1143/728
f 1156/724 1175/739 1154/738
f 1175/739 1156/724 1179/723
f 1130/742 1154/738 1125/743
f 1154/738 1130/742 1156/724
f 1164/196 1134/744 1139/733
f 1134/744 1164/196 1162/200
f 1179/723 1202/187 1175/739
f 1202/187 1179/723 1207/186
f 1202/187 1171/736 1175/739
f 1171/736 1202/187 1200/199
f 1196/120 1211/732 1182/745
f 1211/732 1196/120 1218/122
f 1200/199 1169/201 1171/736
f 1169/201 1200/199 1197/195
f 1203/731 1221/175 1199/726
f 1221/175 1203/731 1227/174
f 1182/745 1203/731 1176/729
f 1203/731 1182/745 1211/732
f 1139/733 1115/746 1116/734
f 1115/746 1139/733 1134/744
f 1125/743 1149/737 1122/741
f 1149/737 1125/743 1154/738
f 1143/728 1118/735 1120/740
f 1118/735 1143/728 1141/727
f 1136/747 1156/724 1130/742
f 1156/724 1136/747 1165/722
f 1167/118 1182/745 1157/748
f 1182/745 1167/118 1196/120
f 1135/116 1157/748 1129/749
f 1157/748 1135/116 1167/118
f 1116/734 1086/750 1087/751
f 1086/750 1116/734 1115/746
f 1153/752 1170/730 1144/753
f 1170/730 1153/752 1176/729
f 1157/748 1176/729 1153/752
f 1176/729 1157/748 1182/745
f 1101/754 1122/741 1094/755
f 1122/741 1101/754 1125/743
f 1118/735 1087/751 1089/756
f 1087/751 1118/735 1116/734
f 1087/751 1059/757 1063/758
f 1059/757 1087/751 1086/750
f 1120/740 1089/756 1092/759
f 1089/756 1120/740 1118/735
f 1122/741 1092/759 1094/755
f 1092/759 1122/741 1120/740
f 1109/760 1125/743 1101/754
f 1125/743 1109/760 1130/742
f 1144/753 1165/722 1136/747
f 1165/722 1144/753 1170/730
f 1119/761 1136/747 1114/762
f 1136/747 1119/761 1144/753
f 1129/749 1153/752 1123/763
f 1153/752 1129/749 1157/748
f 1114/762 1130/742 1109/760
f 1130/742 1114/762 1136/747
f 1123/763 1144/753 1119/761
f 1144/753 1123/763 1153/752
f 1083/764 1109/760 1080/765
f 1109/760 1083/764 1114/762
f 1092/759 1069/766 1070/767
f 1069/766 1092/759 1089/756
f 1080/765 1101/754 1077/768
f 1101/754 1080/765 1109/760
f 1063/758 1036/769 1038/770
f 1036/769 1063/758 1059/757
f 1089/756 1063/758 1069/766
f 1063/758 1089/756 1087/751
f 1094/755 1070/767 1075/771
f 1070/767 1094/755 1092/759
f 1077/768 1094/755 1075/771
f 1094/755 1077/768 1101/754
f 1090/772 1114/762 1083/764
f 1114/762 1090/772 1119/761
f 1110/114 1129/749 1103/773
f 1129/749 1110/114 1135/116
f 1103/773 1123/763 1095/774
f 1123/763 1103/773 1129/749
f 1051/775 1077/768 1049/776
f 1077/768 1051/775 1080/765
f 1095/774 1119/761 1090/772
f 1119/761 1095/774 1123/763
f 1049/776 1075/771 1046/777
f 1075/771 1049/776 1077/768
f 1055/778 1080/765 1051/775
f 1080/765 1055/778 1083/764
f 1075/771 1043/779 1046/777
f 1043/779 1075/771 1070/767
f 1069/766 1038/770 1039/780
f 1038/770 1069/766 1063/758
f 1070/767 1039/780 1043/779
f 1039/780 1070/767 1069/766
f 1067/781 1083/764 1055/778
f 1083/764 1067/781 1090/772
f 1073/782 1090/772 1067/781
f 1090/772 1073/782 1095/774
f 1030/783 1049/776 1025/784
f 1049/776 1030/783 1051/775
f 1081/112 1103/773 1078/785
f 1103/773 1081/112 1110/114
f 1038/770 1010/786 1011/787
f 1010/786 1038/770 1036/769
f 1011/787 986/788 987/789
f 986/788 1011/787 1010/786
f 1039/780 1011/787 1013/790
f 1011/787 1039/780 1038/770
f 1025/784 1046/777 1018/791
f 1046/777 1025/784 1049/776
f 1078/785 1095/774 1073/782
f 1095/774 1078/785 1103/773
f 1043/779 1013/790 1016/792
f 1013/790 1043/779 1039/780
f 1046/777 1016/792 1018/791
f 1016/792 1046/777 1043/779
f 1032/793 1051/775 1030/783
f 1051/775 1032/793 1055/778
f 1044/794 1067/781 1037/795
f 1067/781 1044/794 1073/782
f 1037/795 1055/778 1032/793
f 1055/778 1037/795 1067/781
f 1047/796 1073/782 1044/794
f 1073/782 1047/796 1078/785
f 1052/110 1078/785 1047/796
f 1078/785 1052/110 1081/112
f 1014/797 1037/795 1007/798
f 1037/795 1014/797 1044/794
f 989/615 1007/798 981/613
f 1007/798 989/615 1014/797
f 1016/792 988/799 991/800
f 988/799 1016/792 1013/790
f 991/800 962/628 964/625
f 962/628 991/800 988/799
f 1018/791 991/800 996/801
f 991/800 1018/791 1016/792
f 997/802 1018/791 996/801
f 1018/791 997/802 1025/784
f 1000/803 1025/784 997/802
f 1025/784 1000/803 1030/783
f 1002/804 1030/783 1000/803
f 1030/783 1002/804 1032/793
f 1013/790 987/789 988/799
f 987/789 1013/790 1011/787
f 1007/798 1032/793 1002/804
f 1032/793 1007/798 1037/795
f 1020/805 1044/794 1014/797
f 1044/794 1020/805 1047/796
f 1027/108 1047/796 1020/805
f 1047/796 1027/108 1052/110
f 974/618 1000/803 972/634
f 1000/803 974/618 1002/804
f 996/801 964/625 966/622
f 964/625 996/801 991/800
f 988/799 960/608 962/628
f 960/608 988/799 987/789
f 972/634 997/802 968/624
f 997/802 972/634 1000/803
f 981/613 1002/804 974/618
f 1002/804 981/613 1007/798
f 987/789 959/611 960/608
f 959/611 987/789 986/788
f 968/624 996/801 966/622
f 996/801 968/624 997/802
f 999/106 1020/805 995/637
f 1020/805 999/106 1027/108
f 995/637 1014/797 989/615
f 1014/797 995/637 1020/805
f 1394/33 1373/806 1375/32
f 1373/806 1394/33 1392/807
f 1392/2209 1372/2210 1373/2211
f 1372/2210 1392/2209 1391/2212
f 1375/32 1358/808 1360/34
f 1358/808 1375/32 1373/806
f 1373/2211 1357/2213 1358/2214
f 1357/2213 1373/2211 1372/2210
f 339/2215 368/2216 367/2217
f 368/2216 339/2215 340/2218
f 1413/168 1392/807 1394/33
f 1392/807 1413/168 1412/809
f 1412/2219 1391/2212 1392/2209
f 1391/2212 1412/2219 1411/2220
f 1208/191 1181/810 1183/189
f 1181/810 1208/191 1206/811
f 1206/2221 1180/2222 1181/2223
f 1180/2222 1206/2221 1205/2224
f 367/2217 400/2225 399/2226
f 400/2225 367/2217 368/2216
f 1231/208 1206/811 1208/191
f 1206/811 1231/208 1230/812
f 1230/2227 1205/2224 1206/2221
f 1205/2224 1230/2227 1229/2228
f 1254/216 1230/812 1231/208
f 1230/812 1254/216 1253/813
f 1253/2229 1229/2228 1230/2227
f 1229/2228 1253/2229 1252/2230
f 285/2231 318/2232 317/2233
f 318/2232 285/2231 286/2234
f 1133/2235 1112/2236 1113/2237
f 1112/2236 1133/2235 1132/2238
f 1159/2239 1132/2238 1133/2235
f 1132/2238 1159/2239 1158/2240
f 1426/2241 1411/2220 1412/2219
f 1411/2220 1426/2241 1425/2242
f 1358/2214 1338/2243 1339/2244
f 1338/2243 1358/2214 1357/2213
f 1339/2244 1316/2245 1317/2246
f 1316/2245 1339/2244 1338/2243
f 929/2247 905/2248 906/2249
f 905/2248 929/2247 928/2250
f 906/2249 874/2251 875/2252
f 874/2251 906/2249 905/2248
f 1058/2253 1034/2254 1035/2255
f 1034/2254 1058/2253 1057/2256
f 1085/2257 1057/2256 1058/2253
f 1057/2256 1085/2257 1084/2258
f 1479/2259 1466/2260 1467/2261
f 1466/2260 1479/2259 1478/2262
f 1467/2261 1452/2263 1453/2264
f 1452/2263 1467/2261 1466/2260
f 1453/2264 1438/2265 1439/2266
f 1438/2265 1453/2264 1452/2263
f 1439/2266 1425/2242 1426/2241
f 1425/2242 1439/2266 1438/2265
f 1181/2223 1158/2240 1159/2239
f 1158/2240 1181/2223 1180/2222
f 1113/2237 1084/2258 1085/2257
f 1084/2258 1113/2237 1112/2236
f 1035/2255 1008/2267 1009/2268
f 1008/2267 1035/2255 1034/2254
f 1009/2268 984/2269 985/2270
f 984/2269 1009/2268 1008/2267
f 985/2270 956/2271 957/2272
f 956/2271 985/2270 984/2269
f 957/2272 928/2250 929/2247
f 928/2250 957/2272 956/2271
f 847/2273 875/2252 874/2251
f 875/2252 847/2273 848/2274
f 820/2275 848/2274 847/2273
f 848/2274 820/2275 821/2276
f 796/2277 821/2276 820/2275
f 821/2276 796/2277 797/2278
f 767/2279 797/2278 796/2277
f 797/2278 767/2279 768/2280
f 1317/2246 1295/2281 1296/2282
f 1295/2281 1317/2246 1316/2245
f 1296/2282 1273/2283 1274/2284
f 1273/2283 1296/2282 1295/2281
f 1274/2284 1252/2230 1253/2229
f 1252/2230 1274/2284 1273/2283
f 1486/2285 1478/2262 1479/2259
f 1478/2262 1486/2285 1485/2286
f 510/2287 542/2288 541/2289
f 542/2288 510/2287 511/2290
f 541/2289 574/2291 573/2292
f 574/2291 541/2289 542/2288
f 738/2293 768/2280 767/2279
f 768/2280 738/2293 739/2294
f 713/2295 739/2294 738/2293
f 739/2294 713/2295 714/2296
f 685/2297 714/2296 713/2295
f 714/2296 685/2297 686/2298
f 653/2299 686/2298 685/2297
f 686/2298 653/2299 654/2300
f 573/2292 599/2301 598/2302
f 599/2301 573/2292 574/2291
f 461/2303 483/2304 482/2305
f 483/2304 461/2303 462/2306
f 429/2307 462/2306 461/2303
f 462/2306 429/2307 430/2308
f 482/2305 511/2290 510/2287
f 511/2290 482/2305 483/2304
f 399/2226 430/2308 429/2307
f 430/2308 399/2226 400/2225
f 598/2302 626/2309 625/2310
f 626/2309 598/2302 599/2301
f 625/2310 654/2300 653/2299
f 654/2300 625/2310 626/2309
f 1318/229 1296/814 1299/228
f 1296/814 1318/229 1317/815
f 45/2311 78/2312 77/2313
f 78/2312 45/2311 46/2314
f 31/2315 46/2314 45/2311
f 46/2314 31/2315 32/2316
f 1299/228 1274/816 1275/254
f 1274/816 1299/228 1296/814
f 47/279 78/817 46/818
f 78/817 47/279 79/278
f 141/2317 174/2318 173/2319
f 174/2318 141/2317 142/2320
f 33/282 46/818 32/819
f 46/818 33/282 47/279
f 401/315 430/820 400/821
f 430/820 401/315 431/314
f 342/353 368/822 340/823
f 368/822 342/353 369/337
f 369/337 400/821 368/822
f 400/821 369/337 401/315
f 319/363 340/823 318/824
f 340/823 319/363 342/353
f 317/2233 340/2218 339/2215
f 340/2218 317/2233 318/2232
f 255/385 286/825 254/826
f 286/825 255/385 287/381
f 253/2321 286/2234 285/2231
f 286/2234 253/2321 254/2322
f 287/381 318/824 286/825
f 318/824 287/381 319/363
f 223/389 254/826 222/827
f 254/826 223/389 255/385
f 221/2323 254/2322 253/2321
f 254/2322 221/2323 222/2324
f 173/2319 192/2325 191/2326
f 192/2325 173/2319 174/2318
f 193/412 222/827 192/828
f 222/827 193/412 223/389
f 191/2326 222/2324 221/2323
f 222/2324 191/2326 192/2325
f 175/422 192/828 174/829
f 192/828 175/422 193/412
f 143/430 174/829 142/830
f 174/829 143/430 175/422
f 111/440 142/830 110/831
f 142/830 111/440 143/430
f 109/2327 142/2320 141/2317
f 142/2320 109/2327 110/2328
f 77/2313 110/2328 109/2327
f 110/2328 77/2313 78/2312
f 79/278 110/831 78/817
f 110/831 79/278 111/440
f 1341/441 1317/815 1318/229
f 1317/815 1341/441 1339/832
f 1360/34 1339/832 1341/441
f 1339/832 1360/34 1358/808
f 1275/254 1253/813 1254/216
f 1253/813 1275/254 1274/816
f 1490/2329 1485/2286 1486/2285
f 1485/2286 1490/2329 1489/2330
f 1489 1658 1657
f 1658 1489 1490
f 1658 1490 1491
f 1658 1491 1496
f 1658 1496 1502
f 1658 1502 1511
f 1658 1511 1521
f 1658 1521 1529
f 1658 1529 1544
f 1658 1544 1561
f 1658 1561 1570
f 1658 1570 1582
f 1658 1582 1593
f 1658 1593 1603
f 821/833 850/455 848/834
f 850/455 821/833 823/456
f 850/455 875/835 848/834
f 875/835 850/455 876/454
f 769/488 797/836 768/837
f 797/836 769/488 798/473
f 798/473 821/833 797/836
f 821/833 798/473 823/456
f 740/508 768/837 739/838
f 768/837 740/508 769/488
f 716/513 739/838 714/839
f 739/838 716/513 740/508
f 687/521 714/839 686/840
f 714/839 687/521 716/513
f 656/539 686/840 654/841
f 686/840 656/539 687/521
f 626/842 656/539 654/841
f 656/539 626/842 627/546
f 600/555 626/842 599/843
f 626/842 600/555 627/546
f 575/570 599/843 574/844
f 599/843 575/570 600/555
f 543/575 574/844 542/845
f 574/844 543/575 575/570
f 512/590 542/845 511/846
f 542/845 512/590 543/575
f 484/599 511/846 483/847
f 511/846 484/599 512/590
f 431/314 462/848 430/820
f 462/848 431/314 463/603
f 463/603 483/847 462/848
f 483/847 463/603 484/599
f 959/611 929/849 931/609
f 929/849 959/611 957/850
f 931/609 906/851 907/640
f 906/851 931/609 929/849
f 907/640 875/835 876/454
f 875/835 907/640 906/851
f 1488/671 1479/852 1480/670
f 1479/852 1488/671 1486/853
f 1480/670 1467/854 1469/679
f 1467/854 1480/670 1479/852
f 1469/679 1453/855 1456/680
f 1453/855 1469/679 1467/854
f 1491/701 1486/853 1488/671
f 1486/853 1491/701 1490/856
f 1440/682 1426/857 1428/720
f 1426/857 1440/682 1439/858
f 1456/680 1439/858 1440/682
f 1439/858 1456/680 1453/855
f 1428/720 1412/809 1413/168
f 1412/809 1428/720 1426/857
f 1162/200 1133/859 1134/744
f 1133/859 1162/200 1159/860
f 1115/746 1085/861 1086/750
f 1085/861 1115/746 1113/862
f 1134/744 1113/862 1115/746
f 1113/862 1134/744 1133/859
f 1086/750 1058/863 1059/757
f 1058/863 1086/750 1085/861
f 1059/757 1035/864 1036/769
f 1035/864 1059/757 1058/863
f 1036/769 1009/865 1010/786
f 1009/865 1036/769 1035/864
f 1010/786 985/866 986/788
f 985/866 1010/786 1009/865
f 986/788 957/850 959/611
f 957/850 986/788 985/866
f 1183/189 1159/860 1162/200
f 1159/860 1183/189 1181/810
f 25 22 23
f 22 25 31
f 31 25 26
f 31 26 27
f 31 27 28
f 31 28 29
f 31 29 30
f 31 30 38
f 31 38 37
f 31 37 36
f 31 36 35
f 31 35 34
f 31 34 33
f 31 33 32
