# Blender v2.79 (sub 0) OBJ File: ''
# www.blender.org
mtllib ship.mtl
o Mesh32_RAX_Gunshi1_skp3EC1_Model.001
v 0.937271 0.775898 1.930628
v 0.937271 4.404806 4.092329
v 0.937271 0.458451 5.123751
v 0.937271 4.791570 3.030157
v -0.937274 4.791570 3.030157
v -0.937274 0.775868 1.930628
v -0.937274 4.404806 4.092329
v -0.937274 0.458451 5.123751
vt -1.433660 0.487970
vt -2.693450 0.741930
vt -3.294540 0.611121
vt -2.074440 0.754750
vt 0.920135 0.369284
vt 0.837174 0.331709
vt 0.920135 0.331709
vt 0.837174 0.369284
vt 1.433660 0.487969
vt 2.693450 0.741930
vt 2.074440 0.754750
vt 3.294540 0.611121
vt 0.920135 0.260161
vt 0.837174 0.295410
vt 0.837174 0.260161
vt 0.920135 0.295410
usemtl default1
s 1
f 1/1 2/2 3/3
f 1/1 4/4 2/2
f 1/5 5/6 4/7
f 1/5 6/8 5/6
f 6/9 7/10 5/11
f 6/9 8/12 7/10
f 3/13 7/14 8/15
f 2/16 7/14 3/13
f 2/16 5/6 7/14
f 4/7 5/6 2/16
o Mesh84_RAX_Gunshi1_skp3EC1_Model
v 0.864066 3.515898 8.425441
v 0.729462 3.770779 8.508961
v 0.701955 3.794858 8.451051
v 0.965485 5.306899 4.815601
v 1.146450 6.074960 2.968981
v 1.181210 7.886940 -1.293529
v 0.000000 3.789399 8.803841
v 0.000000 3.622648 8.888131
l 15 16
l 9 10
l 11 10
l 12 11
l 13 14
l 12 13
l 10 15
o Mesh81_RAX_Gunshi1_skp3EC1_Model
v 2.085630 0.453332 4.288320
v 2.440610 0.406909 -2.752520
l 17 18
o Mesh79_RAX_Gunshi1_skp3EC1_Model
v 0.937271 0.611120 3.294540
v 0.937271 0.487970 1.433660
v 0.937271 0.741930 2.693450
v 0.937271 0.754750 2.074440
v -0.937274 0.487969 1.433660
v -0.937274 0.611120 3.294540
v -0.937274 0.754750 2.074440
v -0.937274 0.741930 2.693450
l 23 24
l 24 19
l 19 20
l 20 23
l 25 23
l 26 25
l 21 19
l 24 26
l 22 21
l 20 22
o Mesh102_RAX_Gunshi1_skp3EC1_Model
v 1.915960 7.623569 1.769741
v 1.930830 7.515629 2.706281
v 1.971590 7.458210 1.751881
v 1.979410 7.371300 2.690701
l 27 28
l 30 29
l 28 30
l 29 27
o Mesh72_RAX_Gunshi1_skp3EC1_Model
v 7.048790 1.541821 -6.230790
v 7.051650 1.558271 -6.448359
v 7.165610 1.735901 -6.219689
v 7.242200 2.175621 -6.191460
v 7.183830 2.440661 -6.178199
v 7.186230 2.454541 -6.361639
v 7.244760 2.190401 -6.386869
v 7.168330 1.751591 -6.427090
v 7.027260 1.573051 -6.447559
v 7.024400 1.556601 -6.229990
v 7.139360 1.745751 -6.219299
v 7.214230 2.174971 -6.191870
v 7.155990 2.434461 -6.179039
v 7.158400 2.448331 -6.362470
v 7.216790 2.189751 -6.387290
v 7.142080 1.761431 -6.426690
l 43 44
l 41 42
l 42 43
l 35 43
l 45 46
l 34 33
l 35 34
l 31 40
l 41 40
l 37 36
l 44 36
l 46 39
l 33 31
l 40 39
l 36 35
l 44 45
l 31 32
l 32 38
l 39 32
l 38 37
o Mesh91_RAX_Gunshi1_skp3EC1_Model
v 3.575960 4.155371 -3.570159
v 1.179900 6.242730 -1.164799
v 3.457150 4.032970 -3.582309
v 0.667228 5.382200 -1.782149
v -0.212373 7.966641 -4.917559
v 2.754100 4.903491 -5.477329
v 2.872910 5.025891 -5.465179
v -0.264529 6.535901 -4.293629
l 52 51
l 52 49
l 47 48
l 48 51
l 53 52
l 51 53
l 50 54
l 53 47
l 49 47
l 54 51
l 52 54
l 50 49
l 48 50
o Mesh85_RAX_Gunshi1_skp3EC1_Model
v 1.170560 6.081731 -9.372719
v 1.183530 6.302671 -9.357369
v 1.236110 3.944901 -8.329599
v 1.287110 3.780612 -8.170639
v 2.439210 1.438171 -4.725050
v 2.439210 0.805416 -3.876230
v 0.000000 6.302671 -9.491589
v -1.183530 6.302671 -9.357369
v -1.170560 6.081731 -9.372719
v -1.236110 3.944901 -8.329599
v -1.287110 3.780612 -8.170639
v -2.439210 1.438171 -4.725050
v -2.439210 0.805416 -3.876230
v -1.159240 8.526361 -7.358378
v 0.000000 8.526361 -7.520799
v -1.141300 8.570411 -7.194748
v -1.104060 8.436061 -5.743819
v -1.238560 8.449441 -5.329268
v -1.156400 7.853871 -5.519178
v -1.350770 8.017351 -5.315809
v -1.589840 7.751201 -1.655159
v -1.410090 8.052200 -1.598279
v 1.159240 8.526361 -7.358378
v 1.141300 8.570411 -7.194778
v 1.104060 8.436061 -5.743819
v 1.238560 8.449441 -5.329268
v 1.410090 8.052200 -1.598279
v 1.156400 7.853871 -5.519178
v 1.350770 8.017351 -5.315809
v 1.589840 7.751201 -1.655159
l 63 62
l 74 75
l 65 66
l 66 67
l 80 79
l 58 57
l 70 71
l 71 73
l 59 58
l 64 65
l 84 82
l 71 72
l 72 76
l 77 69
l 78 77
l 84 83
l 57 55
l 63 64
l 62 68
l 79 78
l 60 59
l 68 69
l 68 70
l 73 75
l 83 82
l 55 56
l 61 56
l 82 79
l 62 61
l 73 74
l 81 80
l 77 56
o Mesh68_RAX_Gunshi1_skp3EC1_Model
v 5.864860 0.998513 -6.295080
v 5.867520 1.013821 -6.497440
v 6.134410 0.964703 -6.295170
v 6.565960 1.080411 -6.275590
v 6.748720 1.214131 -6.264130
v 6.751450 1.229891 -6.472520
v 6.568720 1.096331 -6.486070
v 6.137040 0.979846 -6.495400
v 5.871180 1.042031 -6.495260
v 5.868520 1.026721 -6.292890
v 6.135140 1.007691 -6.493320
v 6.556500 1.121511 -6.484330
v 6.734470 1.252761 -6.471010
v 6.731730 1.237001 -6.262620
v 6.553730 1.105591 -6.273850
v 6.132500 0.992542 -6.293090
l 97 98
l 96 95
l 96 97
l 100 99
l 88 87
l 89 88
l 94 85
l 91 90
l 95 93
l 97 90
l 87 85
l 93 94
l 94 100
l 90 89
l 98 89
l 99 98
l 85 86
l 86 92
l 93 86
l 92 91
o Mesh61_RAX_Gunshi1_skp3EC1_Model
v -7.720410 4.283551 -7.710320
v -7.644710 4.092132 -7.541130
v -7.850680 4.680321 -7.837449
v -7.919310 4.890262 -7.820289
v -7.919920 4.892391 -7.848739
v -7.753540 4.945481 -7.819679
v -7.682470 4.736351 -7.836829
v -7.549640 4.340431 -7.709690
v -7.496560 4.141481 -7.540579
v -7.638900 4.074952 -7.563159
v -7.490750 4.124301 -7.562610
v -7.716150 4.271031 -7.734980
v -7.849620 4.677462 -7.865319
v -7.754150 4.947611 -7.848119
v -7.681420 4.733481 -7.864699
v -7.545380 4.327921 -7.734350
l 106 104
l 109 108
l 102 110
l 116 111
l 112 113
l 105 113
l 115 116
l 103 104
l 104 105
l 110 111
l 110 112
l 107 106
l 106 114
l 111 109
l 103 101
l 105 114
l 114 115
l 101 102
l 102 109
l 108 107
o Mesh116_RAX_Gunshi1_skp3EC1_Model
v -1.369990 6.013191 -8.080639
v -1.347020 6.793331 -6.174539
l 117 118
o Mesh88_RAX_Gunshi1_skp3EC1_Model
v -1.876500 0.277994 4.289720
v -1.644900 0.280855 6.613330
l 119 120
o Mesh4_RAX_Gunshi1_skp3EC1_Model
v 0.888118 1.135498 9.408680
v 0.876453 1.085938 9.420940
v 0.913381 1.026958 9.418040
v 0.750608 0.973543 8.867150
v 0.796522 0.907473 8.863550
v 0.838315 0.904318 8.860260
v 0.821345 0.903119 8.792710
v 0.747170 0.961677 8.798530
v 0.766578 1.029309 8.852580
v 0.937298 1.173748 9.388230
v 0.811453 1.061359 8.834440
v 0.868709 1.037389 8.829950
v 0.980504 1.160878 9.384840
v 1.025030 1.104528 9.381340
v 1.016560 1.051308 9.399630
v 0.964159 1.016719 9.414050
v 0.891806 0.940475 8.845260
v 0.872829 0.977386 8.765040
v 0.899189 0.992126 8.827550
v 0.798625 1.035939 8.770870
v 1.121140 1.156509 8.275820
v 1.054360 1.090759 8.278430
v 1.117520 1.020729 8.264540
v 1.184330 1.086489 8.261920
vt 0.006542 0.472150
vt 0.004768 0.464615
vt 0.010383 0.455647
vt 0.131174 0.917560
vt 0.141703 0.971057
vt 0.136834 0.971803
vt 0.095519 0.922760
vt 0.109987 0.976264
vt 0.106418 0.976462
vt 0.099956 0.922515
vt 0.104008 0.922359
vt 0.102509 0.915738
vt 0.095341 0.916133
vt 0.129686 0.911008
vt 0.125666 0.918330
vt 0.132681 0.971468
vt 0.122126 0.917837
vt 0.116875 0.919558
vt 0.128764 0.972984
vt 0.123339 0.972703
vt 0.020590 0.476010
vt 0.027361 0.467441
vt 0.014020 0.477968
vt 0.026074 0.459348
vt 0.018105 0.454089
vt 0.114880 0.975927
vt 0.107510 0.920978
vt 0.103906 0.915908
vt 0.111072 0.913238
vt 0.112494 0.919269
vt 0.116722 0.913800
vt 0.128355 0.866033
vt 0.122011 0.866286
vt 0.109556 0.916470
vt 0.115254 0.864945
vt 0.121598 0.864693
vt 0.122045 0.911298
vt 0.119174 0.919934
vt 0.118204 0.974468
usemtl default1
s 1
f 121/17 122/18 123/19
f 124/20 122/21 121/22
f 124/23 123/24 122/25
f 125/26 123/24 124/23
f 123/24 125/26 126/27
f 126/27 125/26 127/28
f 127/28 125/26 128/29
f 128/29 125/26 124/23
f 128/30 124/20 129/31
f 129/31 124/20 121/22
f 130/32 129/31 121/22
f 130/32 131/33 129/31
f 130/32 132/34 131/33
f 133/35 132/34 130/32
f 132/34 133/35 134/36
f 133/37 121/17 134/38
f 130/39 121/17 133/37
f 121/17 135/40 134/38
f 121/17 136/41 135/40
f 121/17 123/19 136/41
f 136/42 123/24 126/27
f 136/42 126/27 137/43
f 137/43 126/27 127/44
f 138/45 137/43 127/44
f 138/45 139/46 137/43
f 138/45 132/34 139/46
f 138/45 140/47 132/34
f 141/48 140/47 138/45
f 141/48 142/49 140/47
f 142/49 128/50 140/47
f 142/49 127/44 128/50
f 143/51 127/44 142/49
f 143/51 138/45 127/44
f 144/52 138/45 143/51
f 144/52 141/48 138/45
f 140/53 128/30 129/31
f 131/33 140/53 129/31
f 132/34 140/47 131/54
f 139/46 132/34 134/36
f 139/46 134/36 137/43
f 137/43 134/36 135/55
f 135/55 136/42 137/43
o Mesh2_RAX_Gunshi1_skp3EC1_Model
v 6.737710 1.568731 -8.733700
v 1.393950 5.944840 -0.554791
v -0.293894 8.034731 -5.104228
v 7.890190 0.200695 -6.221540
v 8.059440 0.375045 -6.204240
v 1.563190 6.119190 -0.537490
v 0.086334 7.947831 -4.518239
v -0.051489 8.003581 -4.729099
v 7.072080 1.474471 -8.622310
v 6.848250 1.700871 -8.714010
v -0.183357 8.166861 -5.084538
v 7.200580 1.438491 -8.519230
vt 0.381288 0.894683
vt 0.024372 0.998033
vt 0.031396 0.825522
vt 0.386469 0.995383
vt 0.020779 0.998995
vt 0.393771 0.994832
vt 0.394049 0.986351
vt 0.022340 0.990006
vt 0.000901 0.836770
vt 0.003578 0.996687
vt 0.004106 0.828269
vt 0.395941 0.894824
vt 0.028478 0.826642
vt 0.028634 0.835399
vt 0.388096 0.886024
vt 0.029071 0.812084
vt 0.028632 0.832577
vt 0.377208 0.894703
vt 0.037988 0.823676
vt 0.386563 0.885802
vt -4.337660 8.286000
vt -3.891410 8.249730
vt -4.257780 8.439900
vt 0.028133 0.816252
vt 0.397566 0.899978
usemtl default1
s 1
f 145/56 146/57 147/58
f 148/59 146/57 145/56
f 146/60 148/61 149/62
f 150/63 146/60 149/62
f 151/64 146/60 150/65
f 146/60 151/64 152/66
f 153/67 152/68 151/69
f 153/67 154/70 152/68
f 154/70 155/71 152/68
f 155/72 154/73 147/74
f 147/74 154/73 145/75
f 147/76 152/77 155/78
f 147/79 146/60 152/66
f 156/80 153/67 151/69
f 156/80 151/69 150/63
f 149/62 156/80 150/63
o Mesh27_RAX_Gunshi1_skp3EC1_Model
v 7.051650 1.558271 -6.448359
v 7.165610 1.735901 -6.219689
v 7.048790 1.541821 -6.230790
v 7.168330 1.751591 -6.427090
v 7.142080 1.761431 -6.426690
v 7.216790 2.189751 -6.387290
v 7.244760 2.190401 -6.386869
v 7.242200 2.175621 -6.191460
v 7.183830 2.440661 -6.178199
v 7.186230 2.454541 -6.361639
v 7.158400 2.448331 -6.362470
v 7.155990 2.434461 -6.179039
v 7.214230 2.174971 -6.191870
v 7.139360 1.745751 -6.219299
v 7.027260 1.573051 -6.447559
v 7.024400 1.556601 -6.229990
vt 0.017478 0.578117
vt 0.022034 0.595611
vt 0.015050 0.595619
vt 0.024348 0.578120
vt 0.030238 0.578120
vt 0.077106 0.578124
vt 0.072383 0.578125
vt 0.070203 0.595594
vt 0.117233 0.595585
vt 0.119280 0.578127
vt 0.123205 0.578127
vt 0.121158 0.595585
vt 0.074925 0.595594
vt 0.027924 0.595611
vt 0.023737 0.578117
vt 0.021310 0.595618
usemtl default1
s 1
f 157/81 158/82 159/83
f 157/81 160/84 158/82
f 161/85 160/84 157/81
f 162/86 160/84 161/85
f 163/87 160/84 162/86
f 160/84 163/87 164/88
f 163/87 165/89 164/88
f 163/87 166/90 165/89
f 166/90 163/87 162/86
f 166/90 162/86 167/91
f 162/86 168/92 167/91
f 162/86 169/93 168/92
f 161/85 169/93 162/86
f 161/85 170/94 169/93
f 171/95 170/94 161/85
f 171/95 172/96 170/94
f 159/83 172/96 171/95
f 170/94 172/96 159/83
f 170/94 159/83 158/82
f 169/93 170/94 158/82
f 164/88 169/93 158/82
f 165/89 169/93 164/88
f 165/89 168/92 169/93
f 166/90 168/92 165/89
f 166/90 167/91 168/92
f 160/84 164/88 158/82
f 157/81 159/83 171/95
f 161/85 157/81 171/95
o Mesh98_RAX_Gunshi1_skp3EC1_Model
v -7.102220 5.489351 -7.315079
v -7.649780 5.418511 -7.697189
v -7.200370 5.668781 -7.231949
v -6.853290 5.391781 -6.699169
v -6.998070 5.163081 -6.084699
v -7.100490 5.355931 -6.052139
v -7.481250 4.890601 -5.706389
v -8.118280 4.678411 -5.708729
v -7.563820 5.094641 -5.689369
v -8.665830 4.607581 -6.090829
v -8.174670 4.891181 -5.691609
v -8.914770 4.705141 -6.706739
v -8.699720 4.823251 -6.058009
v -8.769990 4.933841 -7.321209
v -8.938420 4.916801 -6.648609
v -8.286810 5.206321 -7.699519
v -8.799590 5.136111 -7.237829
v -8.336270 5.397391 -7.600589
v -7.725420 5.600852 -7.598349
v -6.961670 5.575231 -6.641349
l 177 176
l 182 184
l 182 185
l 188 174
l 173 176
l 176 192
l 177 179
l 175 173
l 174 191
l 178 177
l 179 181
l 186 188
l 186 189
l 188 190
l 173 174
l 184 186
l 184 187
l 179 180
l 180 182
l 180 183
o Mesh11_RAX_Gunshi1_skp3EC1_Model
v -7.065590 4.183831 -7.281330
v -6.843930 4.381861 -7.119460
v -6.990340 4.154341 -7.095160
v -6.918380 4.411051 -7.303669
v -6.746430 4.816911 -7.084339
v -6.824700 4.847591 -7.277989
v -6.942020 4.421051 -7.292529
v -7.087080 4.198981 -7.270249
v -7.011830 4.169491 -7.084070
v -6.867570 4.391871 -7.108319
v -6.850710 4.847221 -7.267529
v -6.772440 4.816551 -7.073889
v -6.775520 5.037131 -7.038849
v -6.801760 5.031531 -7.029129
v -6.879240 5.061901 -7.220849
v -6.853010 5.067501 -7.230559
vt 0.145295 0.578110
vt 0.091938 0.595655
vt 0.143037 0.595656
vt 0.094172 0.578110
vt 0.033797 0.595644
vt 0.036145 0.578112
vt 0.098383 0.578110
vt 3.716990 2.977240
vt 3.690910 2.967120
vt 3.835810 2.737340
vt 3.723440 2.980970
vt 3.842280 2.741070
vt 3.866360 2.756390
vt 0.148602 0.578110
vt 0.146343 0.595655
vt 0.096149 0.595654
vt 0.041760 0.578112
vt 0.039411 0.595644
vt 0.020998 0.595637
vt 0.027112 0.595637
vt 0.029437 0.578114
vt 0.023323 0.578113
vt -3.690410 3.049350
vt -3.809130 2.809390
vt -3.664320 3.039240
usemtl default1
s 1
f 193/97 194/98 195/99
f 196/100 194/98 193/97
f 196/100 197/101 194/98
f 196/100 198/102 197/101
f 198/102 196/100 199/103
f 199/104 196/105 193/106
f 199/107 193/108 200/109
f 195/99 200/110 193/97
f 195/99 201/111 200/110
f 202/112 201/111 195/99
f 200/110 201/111 202/112
f 199/103 200/110 202/112
f 199/103 202/112 203/113
f 203/113 202/112 204/114
f 197/101 204/114 202/112
f 205/115 204/114 197/101
f 205/115 206/116 204/114
f 205/115 207/117 206/116
f 205/115 208/118 207/117
f 198/102 208/118 205/115
f 208/118 198/102 203/113
f 198/102 199/103 203/113
f 208/118 203/113 207/117
f 203/113 206/116 207/117
f 203/113 204/114 206/116
f 198/102 205/115 197/101
f 197/101 202/112 194/98
f 202/119 195/120 194/121
o Mesh48_RAX_Gunshi1_skp3EC1_Model
v -1.336950 1.183059 8.276290
v -1.268680 1.114799 8.276290
v -1.264710 1.172789 8.908200
v -1.260780 1.176429 8.977720
v -1.125470 1.201468 9.540610
v -1.104630 1.145208 9.533900
v -1.099650 1.252798 9.529020
v -1.043580 1.277558 9.517540
v -0.996312 1.246058 9.509820
v -0.968679 1.192648 9.503310
v -1.005980 1.133038 9.513820
v -1.050540 1.116558 9.526380
v -1.229490 1.108329 8.969020
v -1.185850 1.091519 8.963490
v -1.201330 1.100969 8.896160
v -1.200450 1.183059 8.276290
v -1.132110 1.165329 8.876660
v -1.268680 1.251319 8.276290
v -1.195450 1.237149 8.888690
v -1.178890 1.252529 8.954650
v -1.103990 1.167609 8.940420
v -1.147140 1.102559 8.952580
v -1.236320 1.226509 8.966510
l 217 216
l 220 219
l 230 219
l 226 227
l 212 211
l 224 225
l 212 213
l 219 218
l 210 223
l 210 224
l 228 216
l 229 218
l 214 220
l 221 214
l 215 213
l 211 209
l 218 217
l 213 214
l 223 222
l 224 226
l 209 210
l 222 220
l 215 231
l 216 215
l 226 209
l 227 228
l 225 229
o Mesh62_RAX_Gunshi1_skp3EC1_Model
v -7.870800 5.347682 -7.703099
v -7.929480 5.536801 -7.603659
v -8.067430 5.282181 -7.703819
v -8.134520 5.468502 -7.604409
v -8.225490 5.745841 -7.279799
v -8.256840 5.828761 -7.028799
v -8.051430 5.897181 -7.028039
v -8.025130 5.812571 -7.279069
v -8.059900 5.922721 -7.037539
v -8.032690 5.835421 -7.293349
v -8.265310 5.854301 -7.038289
v -8.233050 5.768681 -7.294089
v -8.139820 5.484672 -7.626699
v -8.071390 5.294362 -7.729319
v -7.874760 5.359851 -7.728599
v -7.934780 5.552961 -7.625949
l 245 244
l 243 242
l 244 243
l 247 246
l 235 234
l 236 235
l 238 237
l 242 240
l 246 232
l 237 242
l 234 232
l 240 241
l 241 247
l 237 236
l 240 238
l 246 245
l 232 233
l 234 245
l 239 233
l 238 239
o Mesh28_RAX_Gunshi1_skp3EC1_Model
v 6.753600 2.560801 -5.485710
v 6.537510 2.228081 -5.278430
v 6.727080 2.062791 -5.371560
v 6.736200 2.552211 -5.505869
v 6.524870 2.227691 -5.303460
v 6.714450 2.062411 -5.396590
v 6.897970 2.411171 -5.585340
v 6.803780 2.715241 -5.705850
v 6.941890 2.594821 -5.773690
v 6.961160 2.607461 -5.756879
v 6.823060 2.727871 -5.689030
v 6.915360 2.419761 -5.565179
v 6.593450 1.880991 -5.347310
v 6.390920 2.057571 -5.247809
v 6.381180 2.061351 -5.274360
v 6.583700 1.884771 -5.373859
vt 0.104361 0.577867
vt 0.145173 0.577840
vt 0.146817 0.595139
vt 0.099494 0.577867
vt 0.139309 0.577840
vt 0.140954 0.595139
vt 0.100898 0.595142
vt 0.057163 0.577889
vt 0.058362 0.595145
vt 0.062516 0.595145
vt 0.061317 0.577889
vt 0.105765 0.595142
vt 0.150241 0.595137
vt 0.148485 0.577828
vt 0.142337 0.577828
vt 0.144094 0.595137
usemtl default1
s 1
f 248/122 249/123 250/124
f 251/125 249/123 248/122
f 251/125 252/126 249/123
f 251/125 253/127 252/126
f 251/125 254/128 253/127
f 255/129 254/128 251/125
f 256/130 254/128 255/129
f 256/130 257/131 254/128
f 255/129 257/131 256/130
f 258/132 257/131 255/129
f 257/131 258/132 259/133
f 258/132 248/122 259/133
f 258/132 251/125 248/122
f 255/129 251/125 258/132
f 248/122 250/124 259/133
f 254/128 259/133 250/124
f 257/131 259/133 254/128
f 254/128 250/124 253/127
f 253/127 250/124 260/134
f 249/123 260/134 250/124
f 249/123 261/135 260/134
f 252/126 261/135 249/123
f 252/126 262/136 261/135
f 252/126 263/137 262/136
f 252/126 253/127 263/137
f 253/127 260/134 263/137
f 260/134 262/136 263/137
f 260/134 261/135 262/136
o Mesh37_RAX_Gunshi1_skp3EC1_Model
v -1.188140 5.964661 -1.955959
v -4.415430 5.341140 -4.209789
v -4.353790 5.188380 -4.255759
v -3.618410 6.220441 -6.063089
v -3.556770 6.067681 -6.109059
v -1.102520 5.100980 -2.750419
v -0.046217 6.266321 -5.206629
v 0.390229 7.705961 -5.626119
vt 0.543225 0.561961
vt 0.569906 0.440939
vt 0.577962 0.441056
vt 0.664520 0.437087
vt 0.577962 0.437087
vt 0.664520 0.441056
vt 0.577946 0.562599
vt 0.665411 0.562599
vt 0.576919 0.616755
vt 0.665340 0.616755
vt 0.716869 0.581040
vt 0.676504 0.437011
usemtl default1
s 1
f 264/138 265/139 266/140
f 267/141 266/140 265/142
f 268/143 266/140 267/141
f 269/144 266/140 268/143
f 264/138 266/140 269/144
f 270/145 264/146 269/144
f 271/147 264/146 270/145
f 271/148 270/145 268/143
f 270/145 269/144 268/143
f 271/148 268/143 267/149
o Mesh18_RAX_Gunshi1_skp3EC1_Model
v -7.929480 5.536801 -7.603659
v -8.134520 5.468502 -7.604409
v -7.870800 5.347682 -7.703099
v -8.025130 5.812571 -7.279069
v -7.934780 5.552961 -7.625949
v -8.032690 5.835421 -7.293349
v -8.139820 5.484672 -7.626699
v -8.071390 5.294362 -7.729319
v -7.874760 5.359851 -7.728599
v -8.067430 5.282181 -7.703819
v -8.225490 5.745841 -7.279799
v -8.256840 5.828761 -7.028799
v -8.051430 5.897181 -7.028039
v -8.059900 5.922721 -7.037539
v -8.233050 5.768681 -7.294089
v -8.265310 5.854301 -7.038289
vt 0.040956 0.595653
vt 0.044257 0.578071
vt 0.027604 0.595658
vt 0.098649 0.595647
vt 0.035551 0.595653
vt 0.094670 0.595646
vt 0.038852 0.578071
vt 0.024846 0.578057
vt 0.021680 0.595658
vt 0.030770 0.578057
vt 0.101875 0.578108
vt 0.151854 0.578124
vt 0.148546 0.595642
vt 0.145476 0.595642
vt 0.097896 0.578108
vt 0.148784 0.578125
usemtl default1
s 1
f 272/150 273/151 274/152
f 272/150 275/153 273/151
f 276/154 275/153 272/150
f 276/154 277/155 275/153
f 276/154 278/156 277/155
f 276/154 279/157 278/156
f 276/154 280/158 279/157
f 280/158 276/154 272/150
f 280/158 272/150 274/152
f 274/152 281/159 280/158
f 273/151 281/159 274/152
f 279/157 281/159 273/151
f 280/158 281/159 279/157
f 279/157 273/151 278/156
f 278/156 273/151 282/160
f 275/153 282/160 273/151
f 275/153 283/161 282/160
f 275/153 284/162 283/161
f 275/153 285/163 284/162
f 277/155 285/163 275/153
f 277/155 286/164 285/163
f 277/155 278/156 286/164
f 278/156 282/160 286/164
f 286/164 282/160 287/165
f 282/160 283/161 287/165
f 284/162 287/165 283/161
f 285/163 287/165 284/162
f 285/163 286/164 287/165
o Mesh74_RAX_Gunshi1_skp3EC1_Model
v 5.279250 2.606921 -6.815410
v 5.385010 2.527471 -7.012879
v 5.161390 2.412831 -6.815390
v 5.046620 1.995651 -6.702240
v 5.071100 1.750431 -6.587930
v 5.172680 1.674121 -6.777599
v 5.146320 1.920751 -6.888410
v 5.256090 2.341681 -6.992219
v 5.405230 2.515051 -6.997049
v 5.299480 2.594501 -6.799580
v 5.278470 2.334031 -6.977160
v 5.171280 1.923101 -6.875989
v 5.198080 1.681701 -6.767049
v 5.096510 1.758011 -6.577380
v 5.071580 1.998001 -6.689819
v 5.183760 2.405171 -6.800320
l 301 300
l 299 298
l 300 299
l 303 302
l 291 290
l 292 291
l 297 288
l 294 293
l 298 296
l 293 300
l 290 288
l 296 297
l 297 303
l 293 292
l 302 301
l 301 292
l 288 289
l 289 295
l 289 296
l 295 294
o Mesh94_RAX_Gunshi1_skp3EC1_Model
v -0.659042 3.861769 7.817801
v -0.426708 4.022959 8.039241
v -0.849973 4.212779 7.031820
v -0.884989 4.543879 6.282871
v -0.737958 4.929359 5.525461
v -0.753503 5.268949 4.791791
v -0.849973 5.502220 4.268161
v -0.901214 5.846799 3.494611
v -0.539707 6.157879 2.795261
v -0.000002 6.293900 2.450171
v 0.539704 6.157879 2.795261
v 0.901211 5.846799 3.494611
v 0.849970 5.502220 4.268161
v 0.753500 5.268939 4.791791
v 0.737955 4.929359 5.525461
v 0.884986 4.543879 6.282871
v 0.849970 4.212779 7.031820
v 0.659039 3.861759 7.817801
v 0.426705 4.022959 8.039241
v -0.000002 4.129739 8.085821
v -0.438189 4.222939 7.923531
v -0.550330 4.689349 7.327991
v 0.436627 4.216449 7.931800
v 0.550327 4.689349 7.327991
l 312 311
l 317 316
l 315 314
l 316 315
l 319 318
l 322 321
l 307 306
l 320 319
l 308 307
l 314 313
l 325 324
l 310 309
l 321 320
l 327 326
l 306 304
l 313 312
l 305 323
l 305 324
l 309 308
l 318 317
l 322 326
l 304 305
l 311 310
l 323 322
o Mesh43_RAX_Gunshi1_skp3EC1_Model
v -0.293894 8.034731 -5.104228
v 6.737710 1.568731 -8.733700
v 1.393950 5.944840 -0.554791
v 7.890190 0.200695 -6.221540
v 6.848250 1.700871 -8.714010
v -0.183357 8.166861 -5.084538
v -0.051489 8.003581 -4.729099
v 0.086334 7.947831 -4.518239
v 1.563190 6.119190 -0.537490
v 8.059440 0.375045 -6.204240
v 7.200580 1.438491 -8.519230
v 7.072080 1.474471 -8.622310
l 335 336
l 328 333
l 338 339
l 336 330
l 331 330
l 337 338
l 339 332
l 334 333
l 329 331
l 332 329
l 331 337
l 330 328
l 337 336
l 333 332
l 328 329
l 335 334
o Mesh31_RAX_Gunshi1_skp3EC1_Model
v 1.174030 1.843089 7.629941
v 0.836878 1.821249 7.541350
v 0.995970 1.880969 7.756300
v 1.331970 1.769389 7.505250
v 1.147300 1.718169 7.309411
v 1.491340 1.612009 7.418641
v 1.353370 1.407079 7.162650
v 1.555010 1.432669 7.346390
v 1.613780 1.599469 7.663480
v 1.471620 1.730869 7.737831
v 1.320080 1.802449 7.857740
v 1.161190 1.833959 7.969770
v 0.853413 1.841399 7.866271
v 1.003310 1.786919 8.091570
v 0.675352 1.724769 8.003640
v 0.864980 1.689649 8.198280
v 0.696123 1.353079 8.336080
v 0.492583 1.360469 8.152790
v 0.719120 0.952801 8.330550
v 0.517473 0.927211 8.146800
v 0.925184 0.641706 8.183780
v 0.740516 0.590485 7.987940
v 1.235610 0.538624 7.951840
v 1.240530 0.592972 7.963200
v 1.512030 0.725237 7.753750
v 1.567760 0.844444 7.980990
v 1.363390 0.744879 8.138660
v 1.544280 1.008199 8.166150
v 1.606940 1.133099 8.115010
v 1.684270 1.076669 7.885910
v 1.668400 1.352849 7.889730
v 1.645720 1.400609 7.632510
v 1.595250 1.536339 7.687760
v 1.677680 1.419779 7.591070
v 1.579900 0.999405 7.340400
v 1.376360 1.006799 7.157110
v 1.397140 0.635103 7.489560
v 1.700680 1.019499 7.585530
v 1.666800 1.033729 7.627440
v 1.531820 0.682928 7.723330
v 1.076520 0.478909 7.736900
v 0.600870 0.629003 7.755360
v 0.911294 0.525920 7.523420
v 1.207510 0.670225 7.294910
v 1.456850 1.685749 7.767040
v 1.526230 1.567489 7.991001
v 1.316400 1.750279 7.869881
v 1.172320 1.780239 7.979620
v 1.041060 1.738509 8.080880
v 0.900824 1.647969 8.189070
v 0.746054 1.339479 8.315380
v 0.767132 0.972595 8.310300
v 0.956005 0.687454 8.175780
v 1.149200 0.816002 8.298680
v 1.434360 0.954650 8.250940
v 1.319170 0.992902 8.337010
v 1.007030 1.030649 8.399950
v 0.991161 1.306829 8.403770
v 1.242700 1.108349 8.391480
v 1.449140 1.196109 8.292030
v 1.234160 1.256889 8.393530
v 1.107670 1.539049 8.308690
v 1.312040 1.638619 8.151020
v 1.406750 1.435329 8.257600
v 1.296820 1.381789 8.342390
v 1.521940 1.397079 8.171530
v 1.598410 1.281639 8.117060
vt 0.424897 0.942760
vt 0.418521 0.926924
vt 0.418521 0.942760
vt 0.431190 0.942760
vt 0.431190 0.926924
vt 0.438097 0.942760
vt 0.443858 0.926924
vt 0.443858 0.942760
vt 0.437608 0.958596
vt 0.431190 0.958596
vt 0.424640 0.958596
vt 0.418521 0.958596
vt 0.412888 0.942760
vt 0.411768 0.958596
vt 0.405852 0.942760
vt 0.405852 0.958596
vt 0.418558 0.958596
vt 0.418558 0.942760
vt 0.431227 0.958596
vt 0.431227 0.942760
vt 0.443896 0.958596
vt 0.443896 0.942760
vt 0.456565 0.958596
vt -3.725610 2.233400
vt -3.338800 2.127760
vt -3.340930 2.183460
vt -4.113200 2.128450
vt -4.454910 1.993160
vt -4.450890 1.937560
vt 0.218365 0.367125
vt 0.205734 0.351289
vt 0.218365 0.351289
vt 0.205734 0.367125
vt 0.218365 0.382961
vt 0.205696 0.382961
vt 0.205696 0.367125
vt 0.193027 0.367125
vt 0.193027 0.351289
vt 0.187824 0.351289
vt -4.903130 1.188310
vt -5.030110 1.304950
vt -4.955460 1.169130
vt -4.791410 1.308190
vt -4.887930 1.487910
vt -4.918460 1.424760
vt 0.443858 0.958596
vt 0.456527 0.942760
vt 0.456527 0.926924
vt 0.469196 0.942760
vt 0.456527 0.958596
vt -4.888470 0.798780
vt -4.907090 1.199330
vt -4.959430 1.180150
vt -4.888410 0.798789
vt -4.942290 0.813028
vt 0.205696 0.351289
vt -4.699090 1.731500
vt -4.895750 1.421020
vt -4.859790 1.378440
vt -4.113200 2.128460
vt -4.078070 2.085180
vt 0.469196 0.958596
vt 0.456565 0.942760
vt 0.443896 0.926924
vt 0.456565 0.926924
vt 0.469196 0.926924
vt -4.645020 1.717110
vt -4.698880 1.731430
vt -4.859580 1.378370
vt -3.496440 0.746808
vt -3.338160 0.596104
vt -3.308770 0.659783
vt 0.180358 0.351289
vt 0.180358 0.367125
vt 0.174125 0.351289
vt -3.931810 0.851346
vt -3.942320 0.798698
vt -3.768460 0.733575
vt -3.871010 0.834407
vt -4.062530 0.811984
vt -3.881470 0.781747
vt -3.956510 -0.070652
vt -3.953730 -0.126322
vt -3.762290 -0.103303
vt -3.466720 -0.108227
vt -3.628350 -0.207030
vt -3.462950 -0.163838
vt -3.518070 -0.017988
vt -3.717110 -0.066534
vt -3.679870 -0.116501
vt -3.345680 0.173064
vt -3.483900 0.030892
vt -3.307870 0.123532
vt -3.178040 -0.005757
vt -3.351190 -0.105763
vt -3.315550 -0.148616
vt -2.659260 0.429519
vt -2.816380 0.074850
vt -2.622870 0.387303
vt -2.659330 0.429553
vt -2.870460 0.088660
vt -2.816450 0.074884
vt -2.569010 1.278480
vt -2.493550 0.897981
vt -2.514950 1.264880
vt -2.568940 1.278500
vt -2.545580 0.878199
vt -2.493480 0.897994
vt -2.929730 2.017540
vt -2.981770 1.997560
vt -2.701120 1.729770
vt -2.732360 1.683580
vt -3.695470 2.280280
vt -3.340930 2.183450
vt 0.193065 0.351289
vt 0.193065 0.367125
vt 0.205734 0.382961
vt 0.193065 0.382961
vt 0.180396 0.367125
vt 0.180396 0.351289
vt 0.167727 0.351289
vt 0.167727 0.367125
vt 0.180396 0.382961
vt 0.186730 0.398797
vt 0.167727 0.382961
vt 0.174062 0.398797
vt 0.155058 0.367125
vt 0.155058 0.351289
vt 0.155021 0.367125
vt 0.161564 0.351289
vt 0.155021 0.351289
vt 0.167689 0.367125
vt 0.167689 0.351289
vt 0.167689 0.382961
vt 0.155021 0.382961
vt 0.155058 0.382961
vt 0.161393 0.398797
vt 0.174024 0.398797
vt 0.180358 0.382961
vt 0.193027 0.382961
vt 0.199362 0.398797
vt 0.212031 0.398797
vt 0.212068 0.398797
vt -4.455320 0.186412
vt -4.293690 0.066299
vt -4.262870 0.112741
vt -3.933100 -0.153669
vt -3.963350 -0.200488
vt -3.776860 -0.290019
usemtl default1
s 1
f 340/166 341/167 342/168
f 343/169 341/167 340/166
f 343/169 344/170 341/167
f 345/171 344/170 343/169
f 344/170 345/171 346/172
f 345/171 347/173 346/172
f 347/173 345/171 348/174
f 348/174 345/171 343/169
f 348/174 343/169 349/175
f 349/175 343/169 340/166
f 349/175 340/166 350/176
f 350/176 340/166 342/168
f 350/176 342/168 351/177
f 351/177 342/168 352/178
f 351/177 352/178 353/179
f 353/179 352/178 354/180
f 353/179 354/180 355/181
f 354/180 356/182 355/181
f 354/180 357/183 356/182
f 357/183 358/184 356/182
f 357/183 359/185 358/184
f 358/184 359/185 360/186
f 359/185 361/187 360/186
f 362/188 360/186 361/187
f 360/189 362/190 363/191
f 364/192 363/193 362/194
f 365/195 363/196 364/197
f 365/195 366/198 363/196
f 365/195 367/199 366/198
f 365/195 368/200 367/199
f 369/201 368/200 365/195
f 369/201 370/202 368/200
f 371/203 370/202 369/201
f 371/203 372/204 370/202
f 373/205 372/206 371/207
f 373/208 348/209 372/210
f 347/173 348/174 373/211
f 374/212 347/173 373/211
f 347/173 374/212 375/213
f 375/213 374/212 376/214
f 374/212 377/215 376/214
f 374/212 373/211 377/215
f 377/216 373/217 371/218
f 377/219 371/218 378/220
f 378/221 371/203 369/201
f 378/221 369/201 364/197
f 364/197 369/201 365/195
f 378/222 364/223 379/224
f 364/225 362/194 379/226
f 379/227 362/188 380/228
f 362/188 361/187 380/228
f 380/228 361/187 381/229
f 380/228 381/229 382/230
f 383/231 380/228 382/230
f 376/214 380/228 383/231
f 379/227 380/228 376/214
f 376/214 377/215 379/227
f 377/232 378/233 379/234
f 375/213 376/214 383/231
f 347/173 375/213 346/172
f 384/235 372/236 348/237
f 372/204 384/238 385/239
f 385/239 384/238 386/240
f 350/241 386/242 384/243
f 350/244 387/245 386/246
f 351/247 387/248 350/249
f 351/250 388/251 387/252
f 351/253 353/254 388/255
f 353/256 389/257 388/258
f 353/259 355/260 389/261
f 355/262 390/263 389/264
f 355/265 356/266 390/267
f 356/268 391/269 390/270
f 356/271 358/272 391/273
f 391/274 358/275 392/276
f 358/275 360/277 392/276
f 392/278 360/189 363/279
f 366/198 392/280 363/196
f 366/198 393/281 392/280
f 394/282 393/281 366/198
f 395/283 393/281 394/282
f 396/284 393/281 395/283
f 396/284 391/285 393/281
f 390/286 391/285 396/284
f 390/286 396/284 397/287
f 397/287 396/284 398/288
f 398/288 396/284 395/283
f 399/289 398/288 395/283
f 400/290 398/288 399/291
f 397/287 398/288 400/290
f 401/292 397/287 400/290
f 389/293 397/287 401/292
f 389/293 390/286 397/287
f 401/294 388/295 389/296
f 402/297 388/295 401/294
f 402/297 387/298 388/295
f 386/240 387/298 402/297
f 385/239 386/240 402/297
f 385/239 402/297 403/299
f 402/297 404/300 403/299
f 402/297 401/294 404/300
f 401/292 400/290 404/301
f 404/301 400/290 399/302
f 403/299 404/300 399/302
f 403/299 399/303 405/304
f 406/305 405/304 399/289
f 370/202 405/304 406/305
f 370/202 385/239 405/304
f 372/204 385/239 370/202
f 385/239 403/299 405/304
f 370/202 406/305 368/200
f 368/200 406/305 399/306
f 368/200 399/307 367/199
f 399/308 394/282 367/199
f 399/306 395/283 394/282
f 366/198 367/199 394/282
f 391/285 392/280 393/281
f 350/309 384/310 349/311
f 349/312 384/313 348/314
o Mesh46_RAX_Gunshi1_skp3EC1_Model
v 0.423730 7.929341 -5.759509
v 0.473310 7.771981 -5.812839
v -8.849580 5.181272 -9.057920
v -8.800000 5.023901 -9.111259
v -1.440140 5.661020 -1.363529
v -1.527910 5.878610 -1.298039
v 0.146354 7.725701 -5.191179
v 0.274235 7.764421 -5.411889
v -10.228500 3.959221 -6.582290
v -10.140700 3.741621 -6.647769
v -9.254880 5.033391 -8.846329
v -9.132850 5.038301 -8.962559
l 418 417
l 410 409
l 413 412
l 412 415
l 417 415
l 408 410
l 408 411
l 416 410
l 409 407
l 415 416
l 412 411
l 407 414
l 416 411
l 407 408
l 418 409
l 414 413
l 410 418
o Mesh105_RAX_Gunshi1_skp3EC1_Model
v -2.426350 6.553100 1.707621
v -2.395730 6.309669 2.643581
v -2.502320 6.394100 1.670951
v -2.462020 6.170889 2.611571
l 419 420
l 422 421
l 420 422
l 421 419
o Mesh16_RAX_Gunshi1_skp3EC1_Model
v -8.713940 4.451511 -7.250529
v -8.653210 4.181561 -7.090549
v -8.765180 4.370551 -7.033020
v -8.607320 4.254061 -7.285329
v -8.316410 3.888281 -7.114220
v -8.303570 3.910441 -7.102940
v -8.063190 3.793591 -7.087500
v -8.268090 3.964601 -7.319280
v -8.255250 3.986761 -7.308010
v -8.586350 4.269341 -7.274700
v -8.632240 4.196841 -7.079929
v -8.740900 4.381781 -7.023119
v -8.689650 4.462741 -7.240629
v -8.055150 3.818571 -7.076310
v -8.005930 3.896331 -7.285220
v -8.013970 3.871341 -7.296410
vt 0.007192 0.595817
vt 0.012971 0.577424
vt 0.008947 0.577408
vt 0.011399 0.595819
vt 0.055732 0.577443
vt 0.060610 0.577443
vt 0.100022 0.577455
vt 0.054077 0.595834
vt 0.058955 0.595834
vt 0.017316 0.595819
vt 0.018888 0.577425
vt 0.015167 0.577409
vt 0.013412 0.595818
vt 10.239400 2.863220
vt 10.148100 2.660990
vt 10.265400 2.851480
vt 10.309400 2.847730
vt 10.192600 2.656920
vt 10.215700 2.640910
vt 0.104164 0.577455
vt 0.102477 0.595843
vt 0.098335 0.595843
usemtl default1
s 1
f 423/315 424/316 425/317
f 426/318 424/316 423/315
f 427/319 424/316 426/318
f 424/316 427/319 428/320
f 428/320 427/319 429/321
f 429/321 427/319 430/322
f 430/322 427/319 426/318
f 426/318 431/323 430/322
f 432/324 431/323 426/318
f 431/323 432/324 428/320
f 428/320 432/324 433/325
f 432/324 434/326 433/325
f 432/324 435/327 434/326
f 435/328 432/329 423/330
f 423/331 432/332 426/333
f 435/327 423/315 425/317
f 435/327 425/317 434/326
f 434/326 425/317 433/325
f 425/317 424/316 433/325
f 433/325 424/316 428/320
f 436/334 431/323 428/320
f 437/335 431/323 436/334
f 431/323 437/335 438/336
f 438/336 437/335 436/334
f 438/336 436/334 429/321
f 428/320 429/321 436/334
f 438/336 429/321 430/322
f 431/323 438/336 430/322
o Mesh29_RAX_Gunshi1_skp3EC1_Model
v 5.385010 2.527471 -7.012879
v 5.161390 2.412831 -6.815390
v 5.279250 2.606921 -6.815410
v 5.256090 2.341681 -6.992219
v 5.278470 2.334031 -6.977160
v 5.405230 2.515051 -6.997049
v 5.299480 2.594501 -6.799580
v 5.183760 2.405171 -6.800320
v 5.071580 1.998001 -6.689819
v 5.046620 1.995651 -6.702240
v 5.146320 1.920751 -6.888410
v 5.171280 1.923101 -6.875989
v 5.096510 1.758011 -6.577380
v 5.071100 1.750431 -6.587930
v 5.172680 1.674121 -6.777599
v 5.198080 1.681701 -6.767049
vt 0.007192 0.595817
vt 0.012971 0.577424
vt 0.008947 0.577408
vt 0.011399 0.595819
vt -1.588160 5.673180
vt -1.509690 5.463680
vt -1.482900 5.471970
vt -1.679470 5.640770
vt -1.704640 5.627340
vt -1.600160 5.431590
vt 0.013412 0.595818
vt 0.015167 0.577409
vt 0.018888 0.577425
vt 0.060610 0.577443
vt 0.055732 0.577443
vt 0.054077 0.595834
vt 0.058955 0.595834
vt 0.017316 0.595819
vt 0.104164 0.577455
vt 0.100022 0.577455
vt 0.098335 0.595843
vt 0.102477 0.595843
usemtl default1
s 1
f 439/337 440/338 441/339
f 439/337 442/340 440/338
f 439/341 443/342 442/343
f 439/344 444/345 443/346
f 444/347 439/337 441/339
f 444/347 441/339 445/348
f 441/339 446/349 445/348
f 441/339 440/338 446/349
f 440/338 447/350 446/349
f 440/338 448/351 447/350
f 442/340 448/351 440/338
f 442/340 449/352 448/351
f 442/340 450/353 449/352
f 442/340 443/354 450/353
f 443/354 447/350 450/353
f 443/354 446/349 447/350
f 443/354 445/348 446/349
f 444/347 445/348 443/354
f 450/353 447/350 451/355
f 447/350 452/356 451/355
f 447/350 448/351 452/356
f 449/352 452/356 448/351
f 449/352 453/357 452/356
f 450/353 453/357 449/352
f 450/353 454/358 453/357
f 450/353 451/355 454/358
f 454/358 451/355 453/357
f 453/357 451/355 452/356
o Mesh87_RAX_Gunshi1_skp3EC1_Model
v -0.729462 3.770779 8.508961
v -0.693252 3.617699 8.709621
v -0.965485 5.306899 4.815601
v -1.146450 6.074960 2.968981
v -1.181210 7.886940 -1.293529
v -0.655518 3.458179 8.803351
l 455 456
l 458 457
l 457 455
l 459 458
l 456 460
o Mesh93_RAX_Gunshi1_skp3EC1_Model
v -4.415430 5.341140 -4.209789
v -4.353790 5.188380 -4.255759
v -1.188140 5.964661 -1.955959
v -1.102520 5.100980 -2.750419
v -3.556770 6.067681 -6.109059
v 0.390229 7.705961 -5.626119
v -3.618410 6.220441 -6.063089
v -0.046217 6.266321 -5.206629
l 466 465
l 466 463
l 461 462
l 462 465
l 467 466
l 465 467
l 468 464
l 461 467
l 463 461
l 468 465
l 466 468
l 464 463
l 462 464
o Mesh12_RAX_Gunshi1_skp3EC1_Model
v -8.855600 4.849731 -7.107179
v -8.895590 4.786551 -6.937429
v -8.881680 5.063331 -7.035689
v -8.827960 4.850911 -7.100229
v -8.867950 4.787731 -6.930479
v -8.895090 4.995241 -6.857769
v -8.854360 5.059581 -7.030649
v -8.752160 5.443521 -6.849329
v -8.787230 5.388111 -6.700479
v -8.596780 5.630891 -6.741599
v -8.619090 5.648621 -6.740249
v -8.653610 5.594081 -6.593719
v -8.811890 5.401311 -6.701369
v -8.776820 5.456711 -6.850219
v -8.922420 4.998981 -6.862819
v -8.631300 5.576351 -6.595059
vt 0.018582 0.595799
vt 0.019952 0.577409
vt 0.033858 0.595797
vt 0.024526 0.595800
vt 0.025896 0.577410
vt 0.040647 0.577404
vt 0.039252 0.595797
vt 0.099536 0.595791
vt 0.100737 0.577409
vt 0.150756 0.595793
vt 0.147790 0.595792
vt 0.148972 0.577412
vt 0.096833 0.577407
vt 0.095631 0.595791
vt 0.035253 0.577403
vt 9.946660 3.732510
vt 10.101400 3.514040
vt 10.125600 3.528100
vt 0.151939 0.577413
usemtl default1
s 1
f 469/359 470/360 471/361
f 472/362 470/360 469/359
f 472/362 473/363 470/360
f 472/362 474/364 473/363
f 472/362 475/365 474/364
f 475/365 472/362 469/359
f 471/361 475/365 469/359
f 476/366 475/365 471/361
f 475/365 476/366 474/364
f 474/364 476/366 477/367
f 476/366 478/368 477/367
f 479/369 478/368 476/366
f 478/368 479/369 480/370
f 479/369 481/371 480/370
f 482/372 481/371 479/369
f 483/373 481/371 482/372
f 481/371 483/373 477/367
f 477/367 483/373 474/364
f 483/373 470/360 474/364
f 471/361 470/360 483/373
f 471/361 483/373 482/372
f 482/372 476/366 471/361
f 479/374 476/375 482/376
f 474/364 470/360 473/363
f 480/370 481/371 477/367
f 480/370 477/367 484/377
f 478/368 484/377 477/367
f 478/368 480/370 484/377
o Mesh35_RAX_Gunshi1_skp3EC1_Model
v 1.179900 6.242730 -1.164799
v 3.457150 4.032970 -3.582309
v 3.575960 4.155371 -3.570159
v 0.667228 5.382200 -1.782149
v -0.264529 6.535901 -4.293629
v 2.754100 4.903491 -5.477329
v 2.872910 5.025891 -5.465179
v -0.212373 7.966641 -4.917559
vt 0.543225 0.561961
vt 0.577962 0.441056
vt 0.569906 0.440939
vt 0.577946 0.562599
vt 0.665411 0.562599
vt 0.576919 0.616755
vt 0.664520 0.441056
vt 0.664520 0.437087
vt 0.716869 0.581040
vt 0.676504 0.437011
vt 0.665340 0.616755
vt 0.577962 0.437087
usemtl default1
s 1
f 485/378 486/379 487/380
f 485/378 488/381 486/379
f 489/382 488/381 485/383
f 490/384 488/381 489/382
f 486/379 488/381 490/384
f 490/384 491/385 486/379
f 492/386 491/387 490/384
f 492/386 490/384 489/382
f 492/388 489/382 485/383
f 491/385 487/389 486/379
o Mesh97_RAX_Gunshi1_skp3EC1_Model
v -6.931880 5.105462 -7.461309
v -7.504220 5.031412 -7.860709
v -6.968510 5.330091 -7.426059
v -7.069820 5.518251 -7.340169
v -7.642160 5.444201 -7.739569
v -7.563500 5.253111 -7.841259
v -8.170090 4.809621 -7.863159
v -8.675150 4.524801 -7.467709
v -8.826480 4.285751 -6.825429
v -8.566280 4.183761 -6.181630
v -7.993940 4.257811 -5.782229
v -7.328060 4.479601 -5.779779
v -6.823010 4.764421 -6.175229
v -6.671680 5.003481 -6.817509
v -6.855340 4.975561 -6.089089
v -6.960950 5.177211 -6.054089
v -7.466000 4.892391 -5.658639
v -6.809620 5.416271 -6.696379
v -6.698020 5.224071 -6.756789
v -7.380370 4.679471 -5.677999
v -8.131870 4.670601 -5.661089
v -8.072590 4.448901 -5.680539
v -8.704220 4.596551 -6.060489
v -8.667580 4.371931 -6.095739
v -8.964420 4.698541 -6.704289
v -8.938080 4.477941 -6.765019
v -8.813090 4.937592 -7.346579
v -8.780760 4.726461 -7.432709
v -8.308030 5.222412 -7.742019
v -8.255720 5.022552 -7.843799
l 502 501
l 516 515
l 503 514
l 496 495
l 496 510
l 518 517
l 497 496
l 519 521
l 504 503
l 507 505
l 510 508
l 498 497
l 505 504
l 520 519
l 499 522
l 505 506
l 502 516
l 513 515
l 522 521
l 495 493
l 500 499
l 503 502
l 509 513
l 507 508
l 493 506
l 499 494
l 501 500
l 514 513
l 500 520
l 521 497
l 493 494
l 494 498
l 508 509
l 511 510
l 512 509
l 515 517
l 506 511
l 504 512
l 501 518
l 517 519
o Mesh104_RAX_Gunshi1_skp3EC1_Model
v -2.416140 6.161640 1.618751
v -2.383880 5.960660 2.558261
v -2.254060 6.088590 1.599731
v -2.242420 5.896890 2.541651
l 523 524
l 526 525
l 524 526
l 525 523
o Mesh22_RAX_Gunshi1_skp3EC1_Model
v 5.650940 1.345621 -5.594340
v 5.499590 1.290471 -5.813100
v 5.646960 1.161991 -5.885490
v 5.659610 1.365511 -5.612000
v 5.953330 1.559231 -5.343470
v 5.802510 1.213471 -5.668800
v 5.811180 1.233371 -5.686460
v 5.659170 1.183771 -5.899290
v 5.511800 1.312251 -5.826890
v 6.113390 1.435841 -5.445090
v 6.111990 1.420901 -5.421410
v 6.264830 1.577791 -5.362070
v 6.262490 1.589671 -5.387899
v 6.116930 1.716581 -5.316400
v 6.119270 1.704701 -5.290559
v 5.954720 1.574171 -5.367149
vt 0.058588 0.577855
vt 0.006731 0.577859
vt 0.008009 0.595150
vt 0.054800 0.577855
vt 0.120505 0.577851
vt 0.059903 0.595150
vt 2.694010 5.684970
vt 2.442210 5.775950
vt 2.430380 5.750600
vt 2.693560 5.703390
vt 2.434950 5.766510
vt 2.686800 5.675680
vt 0.056115 0.595149
vt 0.005158 0.595150
vt 0.003879 0.577860
vt 0.116600 0.595148
vt 0.121882 0.595148
vt 0.137581 0.595150
vt 0.131740 0.595150
vt 0.130477 0.577862
vt 0.136317 0.577861
vt 0.115223 0.577851
usemtl default1
s 1
f 527/390 528/391 529/392
f 528/391 527/390 530/393
f 530/393 527/390 531/394
f 531/394 527/390 532/395
f 532/395 527/390 529/392
f 529/396 533/397 532/398
f 534/399 533/400 529/401
f 533/402 534/403 535/404
f 535/404 534/403 528/391
f 528/391 534/403 529/392
f 535/404 528/391 530/393
f 533/402 535/404 530/393
f 536/405 533/402 530/393
f 533/402 536/405 537/406
f 536/405 538/407 537/406
f 536/405 539/408 538/407
f 540/409 539/408 536/405
f 539/408 540/409 541/410
f 542/411 541/410 540/409
f 542/411 531/394 541/410
f 530/393 531/394 542/411
f 542/411 536/405 530/393
f 540/409 536/405 542/411
f 541/410 531/394 537/406
f 531/394 532/395 537/406
f 533/402 537/406 532/395
f 541/410 537/406 538/407
f 539/408 541/410 538/407
o Mesh123_RAX_Gunshi1_skp3EC1_Model
v 0.370733 5.360269 6.353381
v 0.401279 5.204959 6.826761
l 543 544
o Mesh63_RAX_Gunshi1_skp3EC1_Model
v 5.608240 1.190821 -6.743930
v 5.723870 1.066311 -6.530420
v 5.417570 1.371711 -6.817330
v 5.224690 1.539881 -6.722569
v 5.103280 1.631091 -6.495850
v 5.099700 1.610521 -6.223780
v 5.215330 1.486011 -6.010270
v 5.406000 1.305121 -5.936870
v 5.598880 1.136951 -6.031630
v 5.720300 1.045731 -6.258340
v 5.696410 1.022071 -6.537300
v 5.692750 1.001011 -6.258910
v 5.568520 1.094341 -6.026930
v 5.371170 1.266421 -5.929980
v 5.176070 1.451501 -6.005080
v 5.057750 1.578901 -6.223539
v 5.061410 1.599961 -6.501939
v 5.185640 1.506621 -6.733910
v 5.383000 1.334551 -6.830870
v 5.578090 1.149471 -6.755770
l 553 552
l 558 557
l 546 554
l 555 546
l 556 555
l 555 564
l 548 562
l 553 557
l 557 556
l 560 559
l 563 562
l 547 563
l 549 561
l 548 547
l 561 560
l 549 548
l 554 556
l 551 550
l 562 561
l 550 560
l 545 564
l 547 545
l 554 553
l 552 558
l 550 549
l 559 558
l 551 559
l 545 546
l 552 551
l 564 563
o Mesh117_RAX_Gunshi1_skp3EC1_Model
v -0.605829 5.213159 5.603421
v -0.618592 5.576869 4.911131
l 565 566
o Mesh71_RAX_Gunshi1_skp3EC1_Model
v 5.664010 2.748801 -5.545959
v 5.810720 2.935911 -5.632549
v 5.567680 2.852521 -5.723830
v 5.580930 2.834481 -5.741519
v 5.744310 2.994041 -5.737440
v 6.147720 3.147501 -5.854810
v 6.143040 3.138951 -5.845119
v 6.142240 3.114601 -5.858890
v 5.819470 2.915241 -5.649340
v 6.146920 3.123161 -5.868569
v 5.753060 2.973371 -5.754240
v 5.677250 2.730761 -5.563660
l 574 575
l 578 567
l 571 569
l 569 570
l 575 578
l 577 576
l 573 572
l 572 576
l 570 577
l 569 567
l 572 571
l 567 568
l 568 573
l 574 573
l 576 574
l 570 578
o Mesh106_RAX_Gunshi1_skp3EC1_Model
v -7.084890 4.185701 -7.363830
v -6.948030 4.132061 -7.025199
v -7.385930 4.146751 -7.573900
v -7.736170 4.030091 -7.575190
v -8.001820 3.880281 -7.367189
v -8.081420 3.754541 -7.029359
v -7.944560 3.700901 -6.690730
v -7.643520 3.739851 -6.480659
v -7.293280 3.856511 -6.479370
v -7.027630 4.006321 -6.687369
l 584 583
l 579 580
l 583 582
l 585 584
l 586 585
l 581 579
l 580 588
l 582 581
l 587 586
l 588 587
o Mesh82_RAX_Gunshi1_skp3EC1_Model
v 1.370210 1.549689 6.853110
v 1.676110 1.602049 6.516911
v 1.498170 1.261759 6.812840
v 1.354850 1.480859 7.295031
v 1.124950 1.682389 6.862831
v 2.082930 1.448619 6.062640
v 2.082820 1.216979 5.963180
v 1.925680 1.622529 6.101070
v 1.889700 1.695829 6.202421
v 1.844400 1.736739 6.495390
v 1.819340 1.766379 6.638210
v 1.700760 2.137279 6.680820
v 1.671450 2.200699 6.755661
v 1.248440 2.029809 6.975350
v 1.587340 2.227139 7.023681
v 1.520430 2.375799 7.098220
v 1.002630 2.241079 7.332301
v 1.467030 2.568039 7.055750
v 1.414260 2.461519 7.383911
v 1.363510 2.481069 7.550440
v 1.347710 2.435109 7.665891
v 1.278260 2.557679 7.776781
v 1.226510 2.633889 7.924211
v 1.080630 2.714108 8.206850
v 0.992534 2.443899 7.931681
v 1.022630 2.594779 8.331130
v 1.118040 2.263889 8.288190
v 0.685799 2.073929 7.554941
v 1.144490 1.742649 7.122321
v 0.849304 2.082449 7.946830
v 0.755875 2.060909 8.351070
v 0.697266 2.047399 8.604660
v 0.606232 1.705649 8.632130
v 0.911072 2.195219 8.522630
v 1.044010 1.740399 7.624801
v 1.304170 1.348379 7.430290
v 1.318330 0.685220 7.171620
v 1.728100 0.898488 6.856660
v 0.576538 0.964433 8.625720
v 0.553650 0.682352 8.564500
v 0.567657 0.541627 8.444380
v 0.662292 0.231225 7.891710
v 1.081950 0.247690 6.880180
v 1.416050 0.280847 6.613330
l 597 590
l 611 612
l 614 615
l 621 627
l 602 593
l 632 631
l 596 590
l 604 606
l 613 616
l 602 617
l 599 590
l 601 602
l 612 613
l 612 614
l 593 592
l 598 599
l 631 630
l 619 620
l 613 615
l 617 592
l 618 615
l 610 611
l 615 622
l 623 624
l 606 605
l 620 621
l 603 604
l 591 626
l 613 614
l 593 617
l 600 590
l 592 589
l 604 605
l 607 608
l 622 620
l 624 592
l 619 618
l 618 623
l 598 597
l 596 597
l 590 593
l 624 617
l 592 626
l 628 629
l 589 591
l 608 609
l 603 602
l 609 610
l 605 616
l 616 617
l 590 595
l 599 600
l 627 628
l 594 595
l 589 590
l 609 605
l 594 590
l 629 630
l 601 600
l 606 607
l 605 602
l 601 603
l 618 616
l 625 592
o Mesh33_RAX_Gunshi1_skp3EC1_Model
v 0.891673 0.650788 -3.175970
v -0.891676 0.650788 -3.175970
v 0.692728 0.650787 2.133570
v -0.692731 0.650787 2.133570
v -0.752098 0.716613 2.133570
v -0.968092 0.716614 -3.175970
v -0.892568 0.716613 2.133570
v -1.148900 0.716614 -3.175970
v -1.067620 0.472679 -3.175970
v -0.829423 0.472678 2.133570
v 0.752095 0.716613 2.133570
v 0.968087 0.716614 -3.175970
v 0.892565 0.716613 2.133570
v 1.148900 0.716614 -3.175970
v 1.067620 0.472679 -3.175970
v 0.829418 0.472679 2.133570
vt 0.318578 0.548330
vt 0.318578 0.464750
vt 0.517459 0.539004
vt 0.517459 0.474073
vt 0.318886 0.550325
vt 0.516770 0.554682
vt 0.516770 0.550325
vt 0.318886 0.554676
vt 0.516770 0.563376
vt 0.318886 0.563376
vt 0.318886 0.563376
vt 0.516774 0.575865
vt 0.318886 0.575865
vt 0.516774 0.563376
vt 0.318886 0.550325
vt 0.516770 0.550325
vt 0.516770 0.554682
vt 0.318886 0.554676
vt 0.318886 0.563376
vt 0.516770 0.563376
vt 0.516770 0.554682
vt 0.318886 0.554676
vt 0.318886 0.575865
vt 0.516774 0.575865
vt 0.318886 0.563376
vt 0.516774 0.563376
usemtl default1
s 1
f 633/412 634/413 635/414
f 635/414 634/413 636/415
f 634/416 637/417 636/418
f 637/417 634/416 638/419
f 637/417 638/419 639/420
f 639/420 638/419 640/421
f 641/422 639/423 640/424
f 641/422 642/425 639/423
f 633/426 635/427 643/428
f 644/429 633/426 643/428
f 644/430 643/431 645/432
f 646/433 644/430 645/432
f 646/434 645/435 647/436
f 647/436 645/435 648/437
o Mesh103_RAX_Gunshi1_skp3EC1_Model
v -2.030540 6.557740 1.738501
v -2.041360 6.332449 2.611491
v -2.182580 6.626269 1.756351
v -2.174070 6.392270 2.627071
l 649 650
l 652 651
l 650 652
l 651 649
o Mesh111_RAX_Gunshi1_skp3EC1_Model
v 7.004940 2.613141 -6.721069
v 7.153830 2.452811 -6.446139
v 6.759420 2.846061 -6.815579
v 6.511060 3.062601 -6.693560
v 6.354720 3.180061 -6.401629
v 6.350120 3.153561 -6.051290
v 6.499010 2.993241 -5.776360
v 6.744530 2.760321 -5.681849
v 6.992890 2.543771 -5.803860
v 7.149230 2.426321 -6.095799
l 658 657
l 653 654
l 657 656
l 659 658
l 660 659
l 655 653
l 654 662
l 656 655
l 661 660
l 662 661
o Mesh118_RAX_Gunshi1_skp3EC1_Model
v -0.384890 6.500470 3.419381
v -0.349442 6.413300 2.893451
l 663 664
o Mesh25_RAX_Gunshi1_skp3EC1_Model
v 5.850400 3.001051 -6.924829
v 5.591000 2.926231 -6.808340
v 5.766350 3.064201 -6.767889
v 5.673530 2.864231 -6.962440
v 5.858750 2.978071 -6.911109
v 6.239310 3.115611 -6.746850
v 5.774690 3.041221 -6.754169
v 6.166940 3.169981 -6.611710
v 6.470260 3.100111 -6.615409
v 6.399010 3.153641 -6.482369
v 6.405110 3.180471 -6.489910
v 6.476350 3.126941 -6.622940
v 6.168040 3.196121 -6.621640
v 6.240410 3.141751 -6.756770
v 5.603820 2.905721 -6.793220
v 5.686350 2.843711 -6.947320
vt 0.033858 0.595797
vt 0.019952 0.577409
vt 0.035253 0.577403
vt 0.018582 0.595799
vt 0.039252 0.595797
vt 0.099536 0.595791
vt 0.040647 0.577404
vt 0.100737 0.577409
vt 0.150756 0.595793
vt 0.151939 0.577413
vt 0.148972 0.577412
vt 0.147790 0.595792
vt 0.096833 0.577407
vt 0.095631 0.595791
vt 0.025896 0.577410
vt 0.024526 0.595800
usemtl default1
s 1
f 665/438 666/439 667/440
f 665/438 668/441 666/439
f 665/438 669/442 668/441
f 670/443 669/442 665/438
f 670/443 671/444 669/442
f 670/443 672/445 671/444
f 673/446 672/445 670/443
f 673/446 674/447 672/445
f 673/446 675/448 674/447
f 676/449 675/448 673/446
f 676/449 677/450 675/448
f 676/449 678/451 677/450
f 678/451 676/449 670/443
f 676/449 673/446 670/443
f 678/451 670/443 665/438
f 678/451 665/438 667/440
f 678/451 667/440 677/450
f 677/450 667/440 672/445
f 672/445 667/440 671/444
f 667/440 666/439 671/444
f 671/444 666/439 679/452
f 680/453 679/452 666/439
f 671/444 679/452 680/453
f 669/442 671/444 680/453
f 669/442 680/453 668/441
f 668/441 680/453 666/439
f 677/450 672/445 675/448
f 675/448 672/445 674/447
o Mesh47_RAX_Gunshi1_skp3EC1_Model
v -1.910250 8.241241 -8.293469
v -2.130470 8.681122 -9.161149
v -1.852680 7.382501 -4.739289
v -1.799810 7.204781 -4.208409
v -1.776800 6.714770 -2.131149
v -2.011680 6.175470 1.455281
v -2.024620 5.910280 2.706281
v -2.219690 5.840569 2.692001
v -1.936980 6.093699 2.748581
v -1.911280 6.385610 1.503731
v -2.008110 6.283390 2.794111
v -1.992760 6.602930 1.555901
v -1.733220 7.699360 -1.899369
v -1.756230 8.189371 -3.976629
v -1.813320 8.271751 -4.529959
v -1.872530 9.093541 -8.092798
v -2.111650 9.106182 -9.061089
v -2.326110 9.202832 -9.035908
v -2.030640 8.890082 -9.112958
v -2.352720 8.601702 -9.177419
v -2.355870 8.082001 -8.326089
v -2.317600 7.216351 -4.773339
v -2.314530 7.020821 -4.246099
v -2.291520 6.530810 -2.168839
v -2.235170 6.095600 1.438911
v -2.407880 5.925409 2.714101
v -2.450790 6.192790 1.464231
v -2.788220 6.754691 -2.110519
v -2.811230 7.244700 -4.187789
v -2.766180 7.418541 -4.720669
v -2.785820 8.275791 -8.275589
v -2.567140 8.698352 -9.152249
v -2.648160 8.914452 -9.100368
v -2.948270 8.709091 -8.171569
v -2.935700 7.870641 -4.612149
v -2.998920 7.745260 -4.067628
v -2.975910 7.255240 -1.990369
v -2.532280 6.410110 1.516391
v -2.479020 6.115089 2.759631
v -2.391400 6.298520 2.801931
v -2.431870 6.620259 1.564851
v -2.744640 7.739271 -1.878749
v -2.767660 8.229281 -3.956009
v -2.726820 8.307771 -4.511309
v -2.748070 9.128071 -8.074958
v -2.548330 9.123412 -9.052188
v -2.302490 9.287311 -8.042328
v -2.261910 8.473921 -4.477269
v -2.252940 8.413241 -3.918319
v -2.229920 7.923231 -1.841059
v -2.208420 6.700130 1.581221
v -2.196330 6.368229 2.816211
v -1.710080 8.660231 -8.196819
v -1.643800 7.819661 -4.638479
v -1.568540 7.688810 -4.096788
v -1.545530 7.198801 -2.019529
l 704 703
l 734 735
l 684 683
l 688 705
l 706 688
l 707 706
l 724 723
l 706 719
l 694 693
l 705 704
l 714 713
l 685 684
l 700 682
l 699 697
l 716 717
l 727 698
l 691 732
l 726 713
l 686 685
l 723 722
l 711 712
l 720 732
l 729 730
l 687 689
l 703 702
l 715 716
l 697 698
l 713 712
l 696 695
l 691 689
l 726 725
l 715 714
l 687 688
l 732 731
l 718 717
l 696 697
l 710 711
l 728 729
l 689 690
l 707 708
l 730 731
l 721 720
l 683 681
l 701 700
l 733 734
l 727 728
l 695 694
l 702 701
l 690 736
l 708 709
l 692 691
l 720 719
l 686 687
l 681 682
l 682 699
l 719 718
l 698 726
l 733 699
l 722 721
l 692 693
l 712 700
l 725 724
l 735 736
l 709 710
o Mesh115_RAX_Gunshi1_skp3EC1_Model
v 1.347010 6.793331 -6.174539
v 1.370000 6.013191 -8.080639
l 737 738
o Mesh6_RAX_Gunshi1_skp3EC1_Model
v -2.130470 8.681122 -9.161149
v -2.030640 8.890082 -9.112958
v -1.910250 8.241241 -8.293469
v -2.567140 8.698352 -9.152249
v -2.352720 8.601702 -9.177419
v -2.355870 8.082001 -8.326089
v -2.317600 7.216351 -4.773339
v -1.852680 7.382501 -4.739289
v -2.314530 7.020821 -4.246099
v -1.799810 7.204781 -4.208409
v -1.776800 6.714770 -2.131149
v -2.291520 6.530810 -2.168839
v -2.235170 6.095600 1.438911
v -2.011680 6.175470 1.455281
v -1.545530 7.198801 -2.019529
v -1.568540 7.688810 -4.096788
v -1.643800 7.819661 -4.638479
v -1.813320 8.271751 -4.529959
v -1.872530 9.093541 -8.092798
v -2.302490 9.287311 -8.042328
v -2.326110 9.202832 -9.035908
v -2.111650 9.106182 -9.061089
v -1.710080 8.660231 -8.196819
v -2.648160 8.914452 -9.100368
v -2.948270 8.709091 -8.171569
v -2.785820 8.275791 -8.275589
v -2.766180 7.418541 -4.720669
v -2.811230 7.244700 -4.187789
v -2.788220 6.754691 -2.110519
v -2.450790 6.192790 1.464231
v -2.254060 6.088590 1.599731
v -2.219690 5.840569 2.692001
v -2.024620 5.910280 2.706281
v -2.015250 6.009220 2.470741
v -2.007380 6.170559 1.709611
v -1.911280 6.385610 1.503731
v -1.733220 7.699360 -1.899369
v -1.756230 8.189371 -3.976629
v -2.261910 8.473921 -4.477269
v -2.748070 9.128071 -8.074958
v -2.548330 9.123412 -9.052188
v -2.726820 8.307771 -4.511309
v -2.935700 7.870641 -4.612149
v -2.998920 7.745260 -4.067628
v -2.975910 7.255240 -1.990369
v -2.532280 6.410110 1.516391
v -2.479020 6.115089 2.759631
v -2.407880 5.925409 2.714101
v -2.383880 5.960660 2.558261
v -2.242420 5.896890 2.541651
v -2.391400 6.298520 2.801931
v -2.462020 6.170889 2.611571
v -2.502320 6.394100 1.670951
v -2.431870 6.620259 1.564851
v -2.426350 6.553100 1.707621
v -2.395730 6.309669 2.643581
v -2.196330 6.368229 2.816211
v -2.208420 6.700130 1.581221
v -2.182580 6.626269 1.756351
v -2.174070 6.392270 2.627071
v -2.008110 6.283390 2.794111
v -2.041360 6.332449 2.611491
v -1.992760 6.602930 1.555901
v -2.030540 6.557740 1.738501
v -2.229920 7.923231 -1.841059
v -2.252940 8.413241 -3.918319
v -2.767660 8.229281 -3.956009
v -2.744640 7.739271 -1.878749
v -1.936980 6.093699 2.748581
v -1.961930 6.120810 2.496471
v -1.946290 6.298409 1.739091
v -2.416140 6.161640 1.618751
vt 0.028757 0.809402
vt 0.041925 0.809402
vt 0.001827 0.773754
vt 0.001129 0.466496
vt 0.005185 0.456703
vt 0.024772 0.456703
vt 0.014979 0.452646
vt 0.134294 0.809402
vt 0.141269 0.773754
vt 0.121111 0.809403
vt 0.161181 0.773754
vt 0.141254 0.657670
vt 0.161170 0.657668
vt 0.141251 0.636684
vt 0.161169 0.636682
vt 0.161163 0.573563
vt 0.141243 0.573565
vt 0.110658 0.437732
vt 0.120399 0.437732
vt 0.001810 0.573564
vt 0.021732 0.573563
vt 0.042516 0.437732
vt 0.001816 0.636682
vt 0.021733 0.636682
vt 0.021733 0.657668
vt 0.041647 0.657668
vt 0.041636 0.773754
vt 0.061549 0.773754
vt 0.068277 0.809402
vt 0.055094 0.809402
vt 0.021732 0.773753
vt 0.001817 0.657669
vt 0.005185 0.476290
vt 0.028829 0.466496
vt 0.107909 0.809403
vt 0.101409 0.773757
vt 0.094694 0.809403
vt 0.121343 0.773757
vt 0.121332 0.657672
vt 0.121330 0.636685
vt 0.121325 0.573567
vt 0.100928 0.437733
vt 1.870780 4.311630
vt 2.032010 4.295210
vt 1.940210 4.539130
vt 1.760070 6.001130
vt 2.996440 5.674170
vt 1.921890 5.992140
vt 0.110649 0.389660
vt 0.120393 0.389658
vt -1.415480 5.828880
vt -2.430680 5.660980
vt -2.665990 5.561060
vt -1.415480 5.828850
vt -1.669840 5.823890
vt -2.430670 5.660940
vt -1.402450 4.711440
vt -1.453510 4.943780
vt -1.656810 4.706020
vt 0.052265 0.437732
vt 0.041654 0.573564
vt 0.041649 0.636682
vt 0.061565 0.657670
vt 0.081475 0.773757
vt 0.081478 0.809403
vt 0.014979 0.480347
vt 0.024772 0.476290
vt 0.081486 0.657672
vt 0.101409 0.657673
vt 0.101409 0.636686
vt 0.101409 0.573568
vt 0.091206 0.437735
vt 0.091206 0.389661
vt 0.100922 0.389660
vt 1.545280 -1.747260
vt 1.523340 -1.907330
vt 1.924710 -0.693079
vt 3.341490 3.420340
vt 3.575220 3.477790
vt 3.430090 3.548800
vt 3.457350 3.306890
vt 3.341490 3.420350
vt 0.012546 0.480024
vt 0.021167 0.483595
vt 0.024739 0.492216
vt 0.003924 0.483595
vt 2.459400 4.501530
vt 2.606170 4.440050
vt 2.653640 4.642180
vt 1.763020 1.903140
vt 0.852835 2.231430
vt 1.899360 1.821070
vt 1.899390 1.821190
vt 0.852861 2.231540
vt 0.696378 2.255090
vt 0.889793 4.856880
vt 1.047090 4.839560
vt 0.960155 5.084120
vt 0.960138 5.084110
vt 1.100310 5.011480
vt 1.502710 6.687500
vt 1.645560 6.620310
vt 2.582000 6.376790
vt 1.502680 6.687420
vt 2.581980 6.376700
vt 2.740390 6.365550
vt 2.459380 4.501580
vt 2.495300 4.654510
vt 0.071763 0.389660
vt 0.081484 0.437733
vt 0.081490 0.389660
vt 0.071755 0.437733
vt -2.039650 6.220190
vt -3.239920 5.778760
vt -2.204400 6.121960
vt -2.204360 6.122180
vt -3.239880 5.779000
vt -3.050600 5.810970
vt -3.330430 3.609760
vt -3.234520 3.850800
vt -3.418950 3.797590
vt -3.330450 3.609670
vt -3.172130 3.718290
vt -3.234540 3.850720
vt -2.270500 0.612711
vt -2.535480 -0.445386
vt -2.540550 -0.637322
vt -2.270460 0.612601
vt -2.345030 0.435823
vt -2.535390 -0.445506
vt -2.422380 4.029960
vt -2.567890 4.218170
vt -2.593130 3.942460
vt 0.062014 0.437732
vt 0.061574 0.573565
vt 0.061568 0.636684
vt 0.081488 0.636685
vt 0.081493 0.573567
vt 0.052265 0.389660
vt 0.062020 0.389660
vt 0.000353 0.492216
vt 0.012546 0.504409
vt 0.003924 0.500838
vt 0.021167 0.500838
vt -2.152030 4.555520
vt -2.438300 4.647800
vt -2.383730 4.447460
vt -2.185230 4.677430
vt -1.323000 3.099630
vt -2.314660 2.820930
vt -2.062570 2.857840
vt -1.099100 3.218290
vt -1.687890 4.847410
vt -2.695710 4.075200
vt 2.996450 5.674140
vt 2.851250 5.746350
vt 1.544760 -1.747420
vt 1.924360 -0.693303
vt 1.846610 -0.834740
vt 2.084200 4.466240
vt 1.940210 4.539150
usemtl default1
s 1
f 739/454 740/455 741/456
f 740/457 739/458 742/459
f 742/459 739/458 743/460
f 739/461 744/462 743/463
f 741/464 744/462 739/461
f 741/464 745/465 744/462
f 746/466 745/465 741/464
f 746/466 747/467 745/465
f 748/468 747/467 746/466
f 749/469 747/467 748/468
f 749/469 750/470 747/467
f 749/469 751/471 750/470
f 749/469 752/472 751/471
f 749/473 753/474 752/475
f 748/476 753/474 749/473
f 748/476 754/477 753/474
f 755/478 754/477 748/476
f 755/478 756/479 754/477
f 757/480 756/479 755/478
f 756/479 757/480 758/481
f 757/480 759/482 758/481
f 757/480 760/483 759/482
f 760/483 757/480 761/484
f 761/484 757/480 755/478
f 761/484 755/478 746/485
f 746/485 755/478 748/476
f 741/456 761/484 746/485
f 740/455 761/484 741/456
f 740/455 760/483 761/484
f 760/486 740/457 762/487
f 762/487 740/457 742/459
f 742/488 763/489 762/490
f 742/488 764/491 763/489
f 743/463 764/491 742/488
f 743/463 744/462 764/491
f 744/462 765/492 764/491
f 745/465 765/492 744/462
f 745/465 766/493 765/492
f 747/467 766/493 745/465
f 750/470 766/493 747/467
f 750/470 767/494 766/493
f 750/470 768/495 767/494
f 751/471 768/495 750/470
f 751/496 769/497 768/498
f 751/499 770/500 769/501
f 752/472 770/502 751/471
f 752/472 771/503 770/502
f 752/504 772/505 771/506
f 752/507 773/508 772/509
f 752/510 774/511 773/512
f 753/474 774/513 752/475
f 753/474 775/514 774/513
f 754/477 775/514 753/474
f 754/477 776/515 775/514
f 756/479 776/515 754/477
f 776/515 756/479 777/516
f 756/479 758/481 777/516
f 777/516 758/481 778/517
f 758/481 779/518 778/517
f 758/481 759/482 779/518
f 759/519 760/486 779/520
f 779/520 760/486 762/487
f 762/490 778/517 779/518
f 762/490 763/489 778/517
f 763/489 780/521 778/517
f 763/489 781/522 780/521
f 764/491 781/522 763/489
f 764/491 765/492 781/522
f 765/492 782/523 781/522
f 765/492 766/493 782/523
f 766/493 767/494 782/523
f 782/523 767/494 783/524
f 767/494 784/525 783/524
f 767/494 768/495 784/525
f 768/495 785/526 784/525
f 768/495 786/527 785/526
f 787/528 786/529 768/530
f 788/531 786/532 787/533
f 770/534 786/532 788/535
f 785/536 786/537 770/538
f 789/539 785/536 770/538
f 790/540 785/541 789/542
f 790/543 791/544 785/545
f 785/546 791/547 784/548
f 784/549 791/550 792/551
f 792/552 791/550 793/553
f 792/554 793/555 794/556
f 792/557 794/558 789/559
f 790/560 789/542 794/561
f 795/562 792/563 789/564
f 795/562 796/565 792/563
f 796/566 795/567 797/568
f 797/569 795/570 798/571
f 799/572 798/573 795/574
f 799/575 800/576 798/577
f 801/578 800/579 799/580
f 801/581 802/582 800/583
f 801/584 796/585 802/586
f 801/587 803/588 796/565
f 775/514 803/588 801/587
f 775/514 776/515 803/588
f 776/515 804/589 803/588
f 776/515 777/516 804/589
f 804/589 777/516 780/521
f 777/516 778/517 780/521
f 804/589 780/521 805/590
f 781/522 805/590 780/521
f 781/522 782/523 805/590
f 782/523 783/524 805/590
f 805/590 783/524 806/591
f 783/524 792/563 806/591
f 783/524 784/525 792/563
f 796/565 806/591 792/563
f 796/565 803/588 806/591
f 803/588 804/589 806/591
f 804/589 805/590 806/591
f 775/514 801/587 774/513
f 774/513 801/587 807/592
f 801/587 799/593 807/592
f 795/594 807/595 799/596
f 795/594 771/597 807/595
f 795/594 789/539 771/597
f 789/539 770/538 771/597
f 772/598 807/599 771/600
f 772/598 808/601 807/599
f 809/602 807/603 808/604
f 774/605 807/603 809/602
f 774/511 809/606 773/512
f 802/586 796/585 797/607
f 769/501 770/608 788/609
f 787/610 768/611 810/612
f 769/497 810/613 768/614
o Mesh17_RAX_Gunshi1_skp3EC1_Model
v -7.720410 4.283551 -7.710320
v -7.644710 4.092132 -7.541130
v -7.496560 4.141481 -7.540579
v -7.638900 4.074952 -7.563159
v -7.716150 4.271031 -7.734980
v -7.545380 4.327921 -7.734350
v -7.490750 4.124301 -7.562610
v -7.549640 4.340431 -7.709690
v -7.681420 4.733481 -7.864699
v -7.682470 4.736351 -7.836829
v -7.754150 4.947611 -7.848119
v -7.849620 4.677462 -7.865319
v -7.850680 4.680321 -7.837449
v -7.753540 4.945481 -7.819679
v -7.919310 4.890262 -7.820289
v -7.919920 4.892391 -7.848739
vt 0.070449 0.578002
vt 0.114275 0.578007
vt 0.111890 0.595677
vt 0.110297 0.578005
vt 0.065718 0.578000
vt 0.062969 0.595674
vt 0.107912 0.595677
vt 0.067699 0.595674
vt 0.018558 0.595670
vt 0.024368 0.595670
vt 0.013275 0.595667
vt 0.021266 0.578021
vt 0.027075 0.578022
vt 0.019412 0.595667
vt 0.022082 0.578038
vt 0.015943 0.578037
usemtl default1
s 1
f 811/615 812/616 813/617
f 811/615 814/618 812/616
f 815/619 814/618 811/615
f 816/620 814/618 815/619
f 816/620 817/621 814/618
f 816/620 818/622 817/621
f 819/623 818/622 816/620
f 819/623 820/624 818/622
f 819/623 821/625 820/624
f 821/625 819/623 822/626
f 819/623 815/619 822/626
f 819/623 816/620 815/619
f 822/626 815/619 811/615
f 822/626 811/615 823/627
f 820/624 823/627 811/615
f 824/628 823/627 820/624
f 824/628 825/629 823/627
f 824/628 826/630 825/629
f 824/628 821/625 826/630
f 821/625 824/628 820/624
f 821/625 822/626 826/630
f 822/626 823/627 826/630
f 826/630 823/627 825/629
f 820/624 811/615 818/622
f 818/622 811/615 813/617
f 818/622 813/617 817/621
f 817/621 813/617 814/618
f 813/617 812/616 814/618
o Mesh76_RAX_Gunshi1_skp3EC1_Model
v -0.900133 1.647969 8.189070
v -1.030530 1.742489 8.088470
v -0.790436 1.486289 8.255270
v -0.745364 1.339479 8.315380
v -0.766441 0.972595 8.310300
v -0.955314 0.687454 8.175780
v -1.239840 0.592972 7.963190
v -1.511340 0.725237 7.753750
v -1.666110 1.033729 7.627440
v -1.645030 1.400609 7.632510
v -1.563790 1.563399 7.695661
v -1.456160 1.685759 7.767040
v -1.326930 1.753329 7.863590
v -1.171630 1.780239 7.979620
l 832 831
l 837 836
l 827 828
l 831 830
l 833 832
l 834 833
l 838 837
l 840 839
l 840 828
l 827 829
l 830 829
l 835 834
l 836 835
l 839 838
o Mesh99_RAX_Gunshi1_skp3EC1_Model
v -7.985630 5.913011 -7.026359
v -7.699090 5.950081 -6.826399
v -8.319000 5.801981 -7.027579
v -8.571850 5.659381 -6.829609
v -8.647610 5.539701 -6.508049
v -8.517350 5.488641 -6.185739
v -8.230810 5.525711 -5.985779
v -7.897440 5.636751 -5.984559
v -7.644590 5.779351 -6.182529
v -7.568830 5.899031 -6.504089
l 846 845
l 841 842
l 845 844
l 847 846
l 848 847
l 843 841
l 842 850
l 844 843
l 849 848
l 850 849
o Mesh42_RAX_Gunshi1_skp3EC1_Model
v -0.662292 0.231225 7.891710
v -1.499020 0.247690 6.880180
v -0.567657 0.541627 8.444380
v -0.553650 0.682352 8.564500
v -0.319605 0.511119 8.426460
v -0.039974 0.651648 8.457230
v 0.000000 0.645326 8.599050
v 0.000000 0.983575 8.749380
v 0.000000 1.092719 8.745760
v 0.118216 1.329169 8.726960
v 0.347608 1.529819 8.696190
v 0.233632 1.490399 8.578650
v 0.219632 1.640119 8.574740
v 0.146951 1.420949 8.589840
v 0.054550 1.271039 8.603940
v -0.077103 0.983407 8.601420
v 0.118939 1.746449 8.581090
v 0.054550 1.735769 8.588550
v 0.121818 1.863929 8.707050
v 0.328882 1.694479 8.692120
v 0.000000 1.824279 8.721540
v -0.206695 1.938349 8.695760
v -0.262287 1.766099 8.696330
v -0.411987 1.749269 8.681280
v -0.599008 1.525339 8.630570
v -0.606232 1.705649 8.632130
v -0.576538 0.964433 8.625720
v -0.452937 0.972245 8.525890
v -0.357438 0.983049 8.575800
v -0.481708 1.106549 8.514440
v -0.491029 1.467009 8.506210
v -0.357438 1.672319 8.548420
v -0.289191 1.709659 8.554750
v -0.067459 1.746579 8.575190
v -0.697266 2.047399 8.604660
v -0.849304 2.082449 7.946830
v -1.044010 1.740389 7.624801
v -0.911072 2.195219 8.522630
v -1.118040 2.263889 8.288190
v -1.384580 2.163569 7.915761
v -1.657410 1.832289 7.483140
v -1.796050 1.480859 7.295031
v -1.854980 1.031859 7.088610
v 0.411987 0.983049 8.711720
v -0.289470 0.668333 8.441660
l 859 860
l 867 869
l 874 873
l 879 854
l 857 856
l 854 878
l 886 885
l 853 854
l 865 864
l 875 874
l 875 876
l 867 868
l 855 857
l 880 881
l 862 861
l 871 869
l 876 885
l 864 862
l 884 872
l 892 893
l 855 856
l 862 863
l 873 872
l 869 870
l 878 880
l 885 888
l 890 891
l 884 873
l 889 890
l 894 870
l 851 853
l 857 858
l 860 861
l 854 877
l 868 884
l 894 861
l 866 865
l 856 866
l 858 859
l 872 871
l 884 883
l 888 889
l 851 852
l 882 881
l 895 853
l 855 853
l 863 867
l 877 875
l 883 882
l 887 886
l 892 891
o Mesh107_RAX_Gunshi1_skp3EC1_Model
v 5.873460 1.053411 -6.568790
v 5.724560 1.213741 -6.843720
v 5.868860 1.026921 -6.218450
v 5.712520 1.144371 -5.926520
v 5.464160 1.360921 -5.804500
v 5.218640 1.593831 -5.899010
v 5.069740 1.754161 -6.173940
v 5.074350 1.780661 -6.524290
v 5.230680 1.663201 -6.816219
v 5.479050 1.446661 -6.938230
l 900 901
l 896 897
l 899 900
l 901 902
l 902 903
l 896 898
l 905 897
l 899 898
l 903 904
l 904 905
o Mesh70_RAX_Gunshi1_skp3EC1_Model
v 5.591000 2.926231 -6.808340
v 5.766350 3.064201 -6.767889
v 5.673530 2.864231 -6.962440
v 5.850400 3.001051 -6.924829
v 6.240410 3.141751 -6.756770
v 6.476350 3.126941 -6.622940
v 6.405110 3.180471 -6.489910
v 6.168040 3.196121 -6.621640
v 6.399010 3.153641 -6.482369
v 6.470260 3.100111 -6.615409
v 6.239310 3.115611 -6.746850
v 5.858750 2.978071 -6.911109
v 5.686350 2.843711 -6.947320
v 5.603820 2.905721 -6.793220
v 5.774690 3.041221 -6.754169
v 6.166940 3.169981 -6.611710
l 919 918
l 917 916
l 918 917
l 921 920
l 909 908
l 910 909
l 916 915
l 912 911
l 911 915
l 914 921
l 908 906
l 915 914
l 906 919
l 908 918
l 911 910
l 914 912
l 920 919
l 906 907
l 907 913
l 913 912
o Mesh109_RAX_Gunshi1_skp3EC1_Model
v 6.762310 1.237331 -6.718960
v 6.464900 1.557581 -7.268119
v 6.946230 1.375951 -6.719980
v 7.066640 1.569951 -6.689799
v 6.769230 1.890191 -7.238959
v 6.637060 1.708861 -7.290870
v 5.974500 2.022821 -7.456890
v 5.478410 2.455351 -7.213170
v 5.166130 2.689951 -6.630060
v 5.156940 2.637031 -5.930280
v 5.454350 2.316791 -5.381120
v 5.944750 1.851551 -5.192349
v 6.440840 1.419021 -5.436060
v 6.753120 1.184411 -6.019170
v 6.612040 1.564821 -5.386330
v 6.745160 1.751631 -5.406909
v 6.249080 2.184161 -5.163189
v 7.057440 1.517021 -5.990019
v 6.936680 1.320931 -5.992510
v 6.096330 2.014461 -5.132969
v 5.758670 2.649401 -5.351970
v 5.586520 2.498111 -5.329209
v 5.461270 2.969641 -5.901120
v 5.277350 2.831031 -5.900100
v 5.470460 3.022571 -6.600910
v 5.286900 2.886051 -6.627570
v 5.782740 2.787961 -7.184020
v 5.611540 2.642161 -7.233749
v 6.278820 2.355431 -7.427740
v 6.127250 2.192511 -7.487110
l 931 930
l 945 944
l 932 943
l 925 924
l 925 939
l 947 946
l 926 925
l 948 950
l 933 932
l 936 934
l 939 937
l 927 926
l 934 933
l 949 948
l 928 951
l 934 935
l 931 945
l 942 944
l 951 950
l 924 922
l 929 928
l 932 931
l 938 942
l 936 937
l 922 935
l 928 923
l 930 929
l 943 942
l 929 949
l 950 926
l 922 923
l 923 927
l 937 938
l 940 939
l 941 938
l 944 946
l 935 940
l 933 941
l 930 947
l 946 948
o Mesh75_RAX_Gunshi1_skp3EC1_Model
v -1.554320 1.432669 7.346390
v -1.352680 1.407079 7.162650
v -1.473800 1.622609 7.420910
v -1.331280 1.769389 7.505250
v -1.181980 1.853939 7.616800
v -0.995279 1.880969 7.756300
v -0.849790 1.841409 7.868530
v -0.674662 1.724769 8.003640
v -0.551221 1.555769 8.077190
v -0.491892 1.360469 8.152790
v -0.516782 0.927211 8.146800
v -0.739825 0.590485 7.987940
v -0.600179 0.629003 7.755360
v -0.910603 0.525920 7.523420
v -1.075830 0.478909 7.736900
v -1.206820 0.670225 7.294910
v -1.396440 0.635103 7.489560
v -1.375670 1.006799 7.157110
v -1.579210 0.999405 7.340400
v -1.699990 1.019499 7.585530
v -1.676990 1.419779 7.591070
v -1.531130 0.682928 7.723330
v -1.234920 0.538624 7.951840
v -0.924494 0.641706 8.183780
v -0.718429 0.952800 8.330550
v -0.695433 1.353079 8.336080
v -0.739019 1.516999 8.273320
v -0.864290 1.689649 8.198280
v -1.003550 1.788809 8.090850
v -1.160500 1.833959 7.969770
v -1.316820 1.817009 7.852971
v -1.470930 1.730869 7.737831
v -1.599960 1.604459 7.663100
l 961 960
l 975 974
l 958 957
l 955 954
l 965 966
l 963 975
l 976 975
l 977 976
l 966 974
l 956 955
l 982 981
l 963 962
l 967 965
l 969 967
l 957 956
l 964 963
l 974 973
l 979 978
l 965 964
l 970 971
l 968 973
l 973 971
l 980 979
l 971 972
l 981 980
l 954 952
l 959 958
l 962 961
l 953 969
l 972 984
l 960 959
l 962 976
l 978 977
l 952 953
l 967 968
l 969 970
l 983 982
l 984 983
o Mesh121_RAX_Gunshi1_skp3EC1_Model
v 0.618591 5.576869 4.911131
v 0.605826 5.213159 5.603421
l 985 986
o Mesh113_RAX_Gunshi1_skp3EC1_Model
v 5.864790 1.003971 -6.581560
v 5.859950 0.976134 -6.213490
v 5.708360 1.172411 -6.870410
v 5.450410 1.417121 -6.969700
v 5.189480 1.644631 -6.841509
v 5.025230 1.768031 -6.534810
v 5.020390 1.740191 -6.166729
v 5.176820 1.571751 -5.877880
v 5.434770 1.327041 -5.778590
v 5.695700 1.099531 -5.906780
l 992 991
l 987 988
l 991 990
l 993 992
l 994 993
l 989 987
l 988 996
l 990 989
l 995 994
l 996 995
o Mesh44_RAX_Gunshi1_skp3EC1_Model
v 2.251020 7.709331 -4.728719
v 2.307900 8.146761 -8.358919
v 2.237800 7.577930 -4.182108
v 2.205690 7.338161 -2.061469
v 2.179580 7.333930 1.572781
v 2.163110 7.229509 2.847271
v 1.977300 7.321869 2.854901
v 2.359990 7.294650 2.857621
v 2.405160 7.408569 1.584631
v 2.452630 7.479139 2.879881
v 2.511310 7.619939 1.610141
v 2.969700 7.996931 -1.975419
v 3.001810 8.236701 -4.096058
v 2.941040 8.304311 -4.650999
v 2.969260 8.717010 -8.284399
v 2.673650 8.845531 -9.228328
v 2.598590 9.068562 -9.204248
v 2.568130 8.635352 -9.253699
v 2.343810 8.561131 -9.265479
v 2.132170 8.666352 -9.256789
v 1.883500 8.357741 -8.341489
v 2.057120 8.889382 -9.232708
v 1.732980 8.804941 -8.293168
v 1.651180 8.396051 -4.660159
v 1.573630 8.338281 -4.106199
v 1.541520 8.098500 -1.985549
v 1.891240 7.664030 1.605741
v 1.911400 7.517640 2.876041
v 2.004040 7.702129 2.898301
v 1.966700 7.439750 1.581521
v 1.715360 7.581891 -2.041329
v 1.747470 7.821671 -4.161979
v 1.808170 7.929461 -4.710538
v 1.997330 7.875410 1.631241
v 2.200920 7.767280 2.908651
v 2.386730 7.674920 2.901021
v 2.222900 7.950049 1.643101
v 2.305460 8.757270 -1.899499
v 2.337570 8.997051 -4.020149
v 2.341140 8.991011 -4.582408
v 2.394280 9.375181 -8.218688
v 2.386890 9.173782 -9.195559
v 2.162630 9.099562 -9.207348
v 2.818740 9.164191 -8.236108
v 2.783990 8.770881 -4.600589
v 2.827900 8.753311 -4.040278
v 2.795790 8.513540 -1.919639
v 2.435790 7.844230 1.634351
v 1.944570 9.226381 -8.242318
v 1.871890 8.835771 -4.607099
v 1.818020 8.825131 -4.047449
v 1.785910 8.585360 -1.926809
v 2.757670 8.295571 -8.335249
v 2.720270 7.864601 -4.704059
v 2.757350 7.749860 -4.154809
v 2.725240 7.510080 -2.034159
v 2.376500 7.404059 1.711611
v 2.195990 7.344329 1.702131
v 2.340360 7.312900 2.730341
v 2.182800 7.260759 2.722061
l 1020 1019
l 1051 1050
l 1000 999
l 1023 1022
l 1005 1052
l 1045 1039
l 1014 1012
l 1024 1003
l 1017 1029
l 1002 1004
l 1009 1010
l 1021 1020
l 1000 1001
l 1032 1044
l 1007 1006
l 1001 1002
l 1038 1039
l 1028 1027
l 1013 1038
l 1046 1045
l 1019 1018
l 1031 1032
l 1029 1028
l 1053 1054
l 1011 1012
l 1022 1021
l 1042 1041
l 1048 1047
l 1033 1034
l 1012 1013
l 1016 1015
l 1027 1026
l 1056 1055
l 1004 1005
l 1006 1004
l 1023 1024
l 1047 1046
l 1014 1049
l 1036 1037
l 1006 1032
l 999 997
l 1016 1017
l 1050 1049
l 1044 1043
l 1010 1011
l 1004 1055
l 1024 1025
l 1043 1042
l 1054 1056
l 1007 1008
l 1035 1036
l 1002 1003
l 1025 1030
l 1031 1025
l 1039 1018
l 997 998
l 1034 1035
l 1015 998
l 1005 1053
l 1018 1016
l 1033 1031
l 1037 1038
l 1008 1009
l 1040 1013
l 1030 1048
l 1015 1014
l 1041 1040
l 1052 1051
l 1055 1053
l 1003 1026
o Mesh100_RAX_Gunshi1_skp3EC1_Model
v -7.691530 6.001111 -6.831069
v -7.992580 5.962171 -7.041149
v -7.554670 5.947471 -6.492439
v -7.634270 5.821731 -6.154609
v -7.899920 5.671921 -5.946609
v -8.250160 5.555261 -5.947899
v -8.551200 5.516321 -6.157979
v -8.688060 5.569961 -6.496599
v -8.608470 5.695701 -6.834439
v -8.342820 5.845511 -7.042429
l 1062 1061
l 1057 1058
l 1061 1060
l 1063 1062
l 1064 1063
l 1059 1057
l 1058 1066
l 1060 1059
l 1065 1064
l 1066 1065
o Mesh112_RAX_Gunshi1_skp3EC1_Model
v 7.203190 2.466791 -6.453350
v 7.046750 2.635231 -6.742199
v 7.198350 2.438951 -6.085279
v 7.034100 2.562351 -5.778570
v 6.773170 2.789861 -5.650380
v 6.515220 3.034561 -5.749670
v 6.358790 3.203011 -6.038519
v 6.363620 3.230841 -6.406590
v 6.527880 3.107441 -6.713300
v 6.788810 2.879941 -6.841489
l 1072 1071
l 1067 1068
l 1071 1070
l 1073 1072
l 1074 1073
l 1069 1067
l 1068 1076
l 1070 1069
l 1075 1074
l 1076 1075
o Mesh45_RAX_Gunshi1_skp3EC1_Model
v 0.888118 1.135498 9.408680
v 0.876453 1.085938 9.420940
v 0.766578 1.029309 8.852580
v 0.937298 1.173748 9.388230
v 0.980504 1.160878 9.384840
v 1.025030 1.104528 9.381340
v 1.016560 1.051308 9.399630
v 0.964159 1.016719 9.414050
v 0.913381 1.026958 9.418040
v 0.750608 0.973543 8.867150
v 0.747170 0.961677 8.798530
v 1.054360 1.090759 8.278430
v 1.117520 1.020729 8.264540
v 1.121140 1.156509 8.275820
v 1.184330 1.086489 8.261920
v 0.821345 0.903119 8.792710
v 0.872829 0.977386 8.765040
v 0.798625 1.035939 8.770870
v 0.811453 1.061359 8.834440
v 0.899189 0.992126 8.827550
v 0.796522 0.907473 8.863550
v 0.838315 0.904318 8.860260
v 0.891806 0.940475 8.845260
v 0.868709 1.037389 8.829950
l 1085 1084
l 1091 1093
l 1086 1078
l 1087 1088
l 1080 1095
l 1093 1096
l 1092 1097
l 1097 1085
l 1088 1089
l 1095 1094
l 1093 1092
l 1090 1094
l 1081 1080
l 1086 1087
l 1080 1077
l 1083 1082
l 1094 1093
l 1092 1098
l 1081 1100
l 1096 1082
l 1077 1079
l 1089 1092
l 1082 1081
l 1091 1090
l 1098 1084
l 1077 1078
l 1078 1085
l 1090 1088
l 1089 1091
l 1083 1099
l 1084 1083
o Mesh114_RAX_Gunshi1_skp3EC1_Model
v 1.876530 0.277986 4.289720
v 2.191530 0.323977 -2.815260
l 1101 1102
o Mesh8_RAX_Gunshi1_skp3EC1_Model
v -7.183030 4.080701 -7.288310
v -7.473670 3.820431 -7.063340
v -7.405560 4.051911 -7.443600
v -7.081870 4.041051 -7.038000
v -7.140710 3.948101 -6.788280
v -7.116620 3.902111 -6.796259
v -7.056420 3.997211 -7.051780
v -7.027630 4.006321 -6.687369
v -6.948030 4.132061 -7.025199
v -7.159930 4.037781 -7.307899
v -7.084890 4.185701 -7.363830
v -6.988480 4.162311 -7.013750
v -7.118750 4.213371 -7.336060
v -7.385930 4.146751 -7.573900
v -7.387620 4.008321 -7.466790
v -7.664450 3.965671 -7.444550
v -7.860820 3.854941 -7.290800
v -7.919660 3.761991 -7.041080
v -7.818490 3.722341 -6.790770
v -7.595960 3.751131 -6.635479
v -7.337070 3.837361 -6.634530
v -7.582440 3.700571 -6.639920
v -7.317540 3.788801 -6.638949
v -7.293280 3.856511 -6.479370
v -7.317100 3.900041 -6.494219
v -7.064240 4.042631 -6.692190
v -7.278910 4.005621 -6.244319
v -6.924630 4.205411 -6.521709
v -7.299830 4.304621 -5.921209
v -6.836500 4.565911 -6.283979
v -6.818480 4.373101 -6.972250
v -6.697680 4.785211 -6.873189
v -7.001000 4.444642 -7.423849
v -6.936380 4.878761 -7.463789
v -6.721330 4.996871 -6.815059
v -6.970260 5.094441 -7.430979
v -7.461430 4.810842 -7.830189
v -7.402470 4.392702 -7.704009
v -7.405290 4.176301 -7.536019
v -7.736170 4.030091 -7.575190
v -7.652520 3.920091 -7.467770
v -7.853450 3.806781 -7.310450
v -7.913650 3.711681 -7.054930
v -7.810140 3.671111 -6.798810
v -7.944560 3.700901 -6.690730
v -7.643520 3.739851 -6.480659
v -7.650460 3.789001 -6.495440
v -7.745990 3.850051 -6.246039
v -7.910670 4.101161 -5.923450
v -7.986320 4.283501 -5.824619
v -7.349290 4.495691 -5.822279
v -7.993940 4.257811 -5.782229
v -7.328060 4.479601 -5.779779
v -8.072590 4.448901 -5.680539
v -7.380370 4.679471 -5.677999
v -8.131870 4.670601 -5.661089
v -7.466000 4.892391 -5.658639
v -8.118280 4.678411 -5.708729
v -7.481250 4.890601 -5.706389
v -6.960950 5.177211 -6.054089
v -6.998070 5.163081 -6.084699
v -6.809620 5.416271 -6.696379
v -6.853290 5.391781 -6.699169
v -7.069820 5.518251 -7.340169
v -6.968510 5.330091 -7.426059
v -7.563500 5.253111 -7.841259
v -7.504220 5.031412 -7.860709
v -6.931880 5.105462 -7.461309
v -6.698020 5.224071 -6.756789
v -6.855340 4.975561 -6.089089
v -6.823010 4.764421 -6.175229
v -6.866100 4.768171 -6.200589
v -6.671680 5.003481 -6.817509
v -7.517810 5.023602 -7.813079
v -8.072280 4.607371 -7.832429
v -7.869550 4.237122 -7.705729
v -7.738650 4.065261 -7.537250
v -8.001820 3.880281 -7.367189
v -8.081420 3.754541 -7.029359
v -8.067270 3.802991 -7.017710
v -7.937000 3.751931 -6.695400
v -8.147460 3.798111 -6.526199
v -8.435720 4.033231 -6.289850
v -8.533870 4.212661 -6.206719
v -8.782800 4.310231 -6.822629
v -8.674420 4.126791 -6.880449
v -8.329980 3.869641 -6.977799
v -8.535600 4.346091 -7.469669
v -8.638030 4.538931 -7.437099
v -8.675150 4.524801 -7.467709
v -8.826480 4.285751 -6.825429
v -8.566280 4.183761 -6.181630
v -8.667580 4.371931 -6.095739
v -8.938080 4.477941 -6.765019
v -8.780760 4.726461 -7.432709
v -8.255720 5.022552 -7.843799
v -8.170090 4.809621 -7.863159
v -8.154840 4.811411 -7.815419
v -8.223830 4.037332 -7.428339
v -7.991510 3.922671 -7.339270
v -7.642160 5.444201 -7.739569
v -7.102220 5.489351 -7.315079
v -7.649780 5.418511 -7.697189
v -8.308030 5.222412 -7.742019
v -8.813090 4.937592 -7.346579
v -8.964420 4.698541 -6.704289
v -8.704220 4.596551 -6.060489
v -8.665830 4.607581 -6.090829
v -8.699720 4.823251 -6.058009
v -8.938420 4.916801 -6.648609
v -8.914770 4.705141 -6.706739
v -8.769990 4.933841 -7.321209
v -8.286810 5.206321 -7.699519
v -7.725420 5.600852 -7.598349
v -7.200370 5.668781 -7.231949
v -6.961670 5.575231 -6.641349
v -7.306110 5.832371 -6.544009
v -7.488630 5.903911 -6.995599
v -7.890110 5.851971 -7.275769
v -8.336270 5.397391 -7.600589
v -8.799590 5.136111 -7.237829
v -8.711470 5.496601 -7.000099
v -8.817620 5.328911 -6.549559
v -8.635100 5.257381 -6.097959
v -8.174670 4.891181 -5.691609
v -7.563820 5.094641 -5.689369
v -8.233620 5.309321 -5.817789
v -8.517350 5.488641 -6.185739
v -8.647610 5.539701 -6.508049
v -8.571850 5.659381 -6.829609
v -8.319000 5.801981 -7.027579
v -8.357190 5.696391 -7.277479
v -7.985630 5.913011 -7.026359
v -7.699090 5.950081 -6.826399
v -7.568830 5.899031 -6.504089
v -7.554670 5.947471 -6.492439
v -7.691530 6.001111 -6.831069
v -7.722440 5.990341 -6.466869
v -7.825960 6.030911 -6.722989
v -7.992580 5.962171 -7.041149
v -8.342820 5.845511 -7.042429
v -8.608470 5.695701 -6.834439
v -8.688060 5.569961 -6.496599
v -8.551200 5.516321 -6.157979
v -8.230810 5.525711 -5.985779
v -8.250160 5.555261 -5.947899
v -7.897440 5.636751 -5.984559
v -7.899920 5.671921 -5.946609
v -7.644590 5.779351 -6.182529
v -7.634270 5.821731 -6.154609
v -7.782650 5.895231 -6.211359
v -7.775270 5.847081 -6.230999
v -7.716440 5.940021 -6.480719
v -8.162430 5.881591 -6.458469
v -7.817600 5.979671 -6.731029
v -8.053650 6.001451 -6.881879
v -8.318550 5.913211 -6.882859
v -8.519470 5.799911 -6.725539
v -8.579680 5.704801 -6.470019
v -8.476160 5.664231 -6.213899
v -8.248470 5.693691 -6.055009
v -8.453060 5.621321 -6.233489
v -8.230530 5.650111 -6.078199
v -7.983570 5.781921 -6.054039
v -7.971640 5.736341 -6.077249
v -8.554220 5.660971 -6.483799
v -8.495390 5.753911 -6.733519
v -8.299020 5.864651 -6.887269
v -8.040130 5.950881 -6.886319
v -7.412260 5.664681 -6.093469
v -7.766540 5.464891 -5.816079
v -7.100490 5.355931 -6.052139
vt 0.256450 0.408943
vt 0.243194 0.430921
vt 0.229938 0.408943
vt 0.230198 0.408943
vt 0.243454 0.430921
vt 0.256710 0.408943
vt 0.203686 0.408943
vt 0.216942 0.430921
vt -3.869610 7.292400
vt -3.632480 7.141680
vt -3.616050 7.191570
vt -3.891840 7.244950
vt -3.632390 7.141780
vt -3.869530 7.292500
vt 0.230198 0.408943
vt 0.203686 0.399565
vt 0.203686 0.408943
vt 0.230198 0.399565
vt 0.256710 0.408943
vt 0.256710 0.399565
vt 8.153130 6.944270
vt 8.510750 7.035820
vt 8.149090 6.995910
vt 8.489470 7.083060
vt 9.603530 -0.479765
vt 9.966320 -0.548028
vt 9.621700 -0.431260
vt 0.256450 0.399565
vt 0.229938 0.408943
vt 0.229938 0.399565
vt 0.256450 0.408943
vt -10.174600 1.928820
vt -10.171100 1.876410
vt -9.894110 1.911840
vt -6.197530 0.108572
vt -6.453310 0.013511
vt -6.176290 0.060526
vt 0.216682 0.430921
vt 0.203426 0.408943
vt 0.190170 0.430921
vt 0.176914 0.408943
vt 0.163658 0.430921
vt 0.150402 0.408943
vt 0.137146 0.430921
vt 0.124150 0.408943
vt 0.137406 0.430921
vt 0.150662 0.408943
vt 0.177174 0.408943
vt 0.163918 0.430921
vt 7.179490 3.272380
vt 7.424670 3.135130
vt 7.438290 3.185870
vt 7.179420 3.272240
vt 7.159790 3.223520
vt 7.424590 3.134990
vt 2.087620 5.341140
vt 2.317830 5.180030
vt 2.336460 5.229150
vt 2.063210 5.294610
vt 0.177174 0.399565
vt 0.177174 0.408943
vt -3.654300 7.776260
vt -3.997600 7.655680
vt -3.982000 7.606290
vt -3.685710 7.817490
vt 0.203686 0.399565
vt 0.177174 0.386964
vt 0.177174 0.399565
vt 0.203686 0.386964
vt 0.177174 0.364986
vt 0.203686 0.364986
vt 0.230198 0.386964
vt 0.230198 0.364986
vt 0.256710 0.386964
vt 0.256710 0.364986
vt 0.230198 0.350768
vt 0.256710 0.350768
vt 0.256450 0.350768
vt 0.256450 0.364986
vt 0.229938 0.364986
vt 0.229938 0.386964
vt 0.256450 0.386964
vt 0.229938 0.399565
vt 0.256450 0.399565
vt 0.256710 0.399565
vt 0.230198 0.399565
vt 2.153380 9.570120
vt 2.121870 9.611240
vt 1.810410 9.448600
vt 1.826130 9.399270
vt 9.621660 -0.431454
vt 9.966280 -0.548226
vt 9.966970 -0.496434
vt 4.490220 -3.821560
vt 4.820620 -3.986210
vt 4.520940 -3.779860
vt 0.203426 0.408943
vt 0.203426 0.399565
vt -6.176270 0.060391
vt -6.453290 0.013375
vt -6.437990 -0.036877
vt -0.528143 1.861150
vt -0.776613 1.748340
vt -0.503584 1.814710
vt -0.503565 1.814630
vt -0.757802 1.699210
vt 5.151840 4.253100
vt 5.130980 4.301310
vt 4.874460 4.208250
vt 5.151810 4.253290
vt 4.874430 4.208450
vt 4.889330 4.158080
vt 9.358960 4.645660
vt 9.348040 4.697040
vt 9.078190 4.656540
vt 9.358950 4.645580
vt 9.082840 4.604140
vt 9.998060 3.376020
vt 10.266800 3.294070
vt 10.269300 3.346540
vt 9.989250 3.324230
vt 0.150662 0.408943
vt 0.124150 0.399565
vt 0.124150 0.408943
vt 0.150662 0.399565
vt -7.897330 5.280430
vt -8.254360 5.210230
vt -8.245990 5.159110
vt -7.922490 5.325650
vt -8.254340 5.210180
vt 0.150662 0.386964
vt 0.150662 0.399565
vt 0.150662 0.364986
vt 0.150662 0.350768
vt 0.177174 0.350768
vt 9.309270 3.365750
vt 9.837720 2.924720
vt 9.853400 2.972360
vt 9.268920 3.336220
vt 9.837700 2.925030
vt 9.309230 3.366050
vt 0.177174 0.350768
vt 0.150662 0.343732
vt 0.150662 0.350768
vt 0.177174 0.343732
vt 0.150662 0.351130
vt 0.177174 0.351130
vt -7.053110 -4.260290
vt -7.234220 -4.924340
vt -7.190320 -4.948590
vt -7.102970 -4.265830
vt -7.512840 -2.540130
vt -7.296320 -3.193490
vt -7.246340 -3.189400
vt -7.512880 -2.540090
vt -7.551320 -2.572300
vt -7.296360 -3.193450
vt -8.782070 -0.324619
vt -8.287930 -0.803771
vt -8.245500 -0.777034
vt -8.801240 -0.370969
vt -9.359510 1.573650
vt -10.038700 1.750370
vt -9.386250 1.531230
vt 0.256710 0.343732
vt 0.256710 0.351130
vt 0.230198 0.351130
vt 0.256450 0.351130
vt 0.256450 0.343732
vt 0.229938 0.343732
vt 0.229938 0.350768
vt 0.256450 0.350768
vt 0.256710 0.350768
vt 0.230198 0.343732
vt 0.203686 0.351130
vt 0.203686 0.343732
vt 0.203686 0.350768
vt 8.642860 4.984610
vt 8.962410 4.359730
vt 8.692330 4.992840
vt 8.692090 4.993460
vt 8.962210 4.360380
vt 8.997840 4.395670
vt 0.203686 0.350768
vt 8.543110 5.765350
vt 8.435530 5.085510
vt 8.484460 5.096470
vt 8.496650 5.784980
vt 8.435380 5.085820
vt 8.542930 5.765670
vt 0.230198 0.350768
vt 9.210480 3.586620
vt 9.779380 3.974070
vt 9.761730 4.021010
vt 9.210440 3.586730
vt 9.251960 3.558600
vt 9.779330 3.974180
vt 9.820640 -1.488170
vt 9.811480 -1.537480
vt 10.403400 -1.854400
vt 0.229938 0.350768
vt 0.203426 0.364986
vt 0.203426 0.386964
vt 0.203426 0.399565
vt 4.521090 -3.779650
vt 4.820780 -3.986000
vt 4.835580 -3.936360
vt -1.437030 -1.976650
vt -1.111390 -2.150540
vt -1.405150 -1.935820
vt 0.176914 0.408943
vt 0.176914 0.399565
vt 0.150402 0.408943
vt 0.150402 0.399565
vt -9.665310 2.916440
vt -9.300190 2.862010
vt -9.648990 2.965600
vt -9.649010 2.965540
vt -9.300210 2.861950
vt -9.301480 2.913730
vt -10.355100 3.826910
vt -10.358500 3.775220
vt -9.991470 3.814670
vt -10.005800 3.864450
vt 0.124150 0.386964
vt 0.124150 0.399565
vt 0.124150 0.364986
vt 0.124150 0.350768
vt 0.150402 0.350768
vt 0.150402 0.364986
vt 0.150402 0.386964
vt 0.176914 0.364986
vt 0.176914 0.350768
vt 10.162100 -1.985020
vt 9.648820 -2.417830
vt 10.204600 -2.011760
vt 10.204400 -2.011860
vt 9.648670 -2.417930
vt 9.667850 -2.464260
vt 9.917790 -0.511910
vt 10.594300 -0.385280
vt 10.567600 -0.342855
vt 9.917830 -0.512005
vt 9.915150 -0.562083
vt 10.594400 -0.385369
vt 9.803360 1.457760
vt 10.469900 1.286040
vt 10.463600 1.335800
vt 9.779740 1.413610
vt 10.469900 1.286130
vt 0.124150 0.343732
vt 0.124150 0.350768
vt 0.150402 0.343732
vt 0.150402 0.350768
vt 0.176914 0.343732
vt 0.176914 0.350768
vt 0.203426 0.343732
vt 0.203426 0.350768
vt 9.217490 -3.828550
vt 9.304880 -4.511290
vt 9.354730 -4.516850
vt 9.217220 -3.828980
vt 9.173320 -3.853230
vt 9.304580 -4.511710
vt 9.820610 -1.488290
vt 10.403400 -1.854530
vt 10.439300 -1.819570
vt 0.203426 0.350768
vt 0.176914 0.386964
vt 0.176914 0.399565
vt -1.405110 -1.935790
vt -1.095170 -2.101300
vt -6.392090 1.031130
vt -6.047320 0.899183
vt -6.365550 1.075610
vt -6.365590 1.075530
vt -6.047370 0.899111
vt -6.037430 0.949947
vt 0.150402 0.399565
vt 9.504520 -3.373820
vt 9.249570 -3.994980
vt 9.554500 -3.377900
vt 9.554290 -3.378140
vt 9.249350 -3.995210
vt 9.287790 -4.027410
vt 0.229938 0.351130
vt -10.180600 3.583590
vt -10.870700 3.456100
vt -10.186800 3.533830
vt -10.847100 3.411890
vt -10.561900 5.124250
vt -11.130700 4.713050
vt -10.546200 5.076610
vt 0.203426 0.351130
vt 0.176914 0.351130
vt 0.150402 0.351130
vt 0.124150 0.351130
vt -8.779030 -3.433690
vt -9.406930 -3.715650
vt -9.397770 -3.764960
vt -8.815000 -3.398700
vt -9.406950 -3.715620
vt 0.124150 0.365710
vt 0.124150 0.351130
vt 0.150662 0.351130
vt 0.150402 0.365710
vt 0.150402 0.351130
vt -10.558700 1.900250
vt -11.086100 2.315820
vt -10.576300 1.853300
vt -10.576300 1.853540
vt -11.086000 2.316080
vt -11.127500 2.287950
vt -10.646000 5.581550
vt -10.633700 4.893360
vt -10.587400 4.912670
vt -10.645900 5.581860
vt -10.694800 5.592830
vt -10.633600 4.893660
vt -10.571700 5.954760
vt -10.926900 5.365200
vt -10.877500 5.356970
vt -10.571900 5.954380
vt -10.607500 5.989670
vt -10.927100 5.364810
vt -10.546200 5.076710
vt -11.130600 4.713150
vt -11.090300 4.683320
vt 0.229938 0.365710
vt 0.229938 0.351130
vt 0.203426 0.351130
vt 0.256450 0.365710
vt 0.256450 0.351130
vt 0.256710 0.351130
vt 0.256710 0.365710
vt 0.230198 0.365710
vt 0.230198 0.387688
vt 0.256710 0.387688
vt 0.256450 0.387688
vt 0.229938 0.387688
vt 0.203426 0.365710
vt 0.176914 0.351130
vt 0.176914 0.365710
vt 0.176914 0.387688
vt 0.150402 0.387688
vt 0.124150 0.387688
vt 0.150662 0.365710
vt 0.177174 0.351130
vt 0.177174 0.365710
vt 0.150662 0.387688
vt 0.124150 0.400288
vt 0.150402 0.400288
vt 0.176914 0.400288
vt 0.203426 0.400288
vt 0.203426 0.387688
vt 0.229938 0.400288
vt 0.256450 0.400288
vt 0.256710 0.400288
vt 0.230198 0.400288
vt 9.326940 5.125980
vt 8.963090 5.123330
vt 8.979410 5.074170
vt 9.328210 5.177680
vt 9.326940 5.125900
vt 0.230198 0.400288
vt 0.256710 0.400288
vt 0.230198 0.409666
vt 0.256710 0.409666
vt 0.256450 0.400288
vt 0.229938 0.400288
vt 0.256450 0.409666
vt 10.235800 6.087850
vt 10.588500 5.998620
vt 10.602800 6.048400
vt 10.239200 6.036160
vt 8.648660 7.439720
vt 8.640290 7.388610
vt 8.972150 7.273140
vt 8.972160 7.273150
vt 8.997330 7.318420
vt 4.707060 9.805870
vt 4.691460 9.756480
vt 5.003370 9.594690
vt 5.034810 9.635920
vt -1.110670 11.547500
vt -0.799206 11.384900
vt -1.094940 11.596900
vt -1.094990 11.596800
vt -0.799259 11.384900
vt -0.767758 11.426000
vt -7.607410 9.111910
vt -7.943770 9.250690
vt -7.947810 9.199050
vt -7.607480 9.111860
vt -7.586210 9.159090
vt -7.943840 9.250630
vt -10.025600 1.715450
vt -10.389100 1.698980
vt -10.370900 1.650480
vt -10.025600 1.715440
vt -10.026300 1.767230
vt -5.495290 -1.824650
vt -5.840500 -1.939660
vt -5.809780 -1.981370
vt -5.495240 -1.824800
vt -5.510040 -1.775160
vt -5.840450 -1.939810
vt 0.376352 -0.009215
vt 0.034523 -0.133906
vt 0.066404 -0.174729
vt 0.376287 -0.009039
vt 0.360094 0.040163
vt 0.034458 -0.133728
vt 5.584840 3.115620
vt 5.230130 3.034510
vt 5.256680 2.990030
vt 5.584860 3.115510
vt 5.574920 3.166350
vt 5.230150 3.034410
vt 0.203686 0.409666
vt 0.203686 0.400288
vt -4.366440 6.418350
vt -4.124820 6.274930
vt -4.103960 6.323140
vt -4.381370 6.367940
vt -4.366460 6.418310
vt 0.230198 0.409666
vt 0.216942 0.431644
vt 0.203686 0.409666
vt 0.256710 0.409666
vt 0.243454 0.431644
vt -9.021840 6.870840
vt -8.751980 6.830350
vt -9.017190 6.923160
vt -8.751960 6.830400
vt -8.741050 6.881780
vt -10.238100 5.613750
vt -10.515700 5.583580
vt -10.235600 5.561280
vt 0.229938 0.409666
vt 0.203426 0.400288
vt 0.203426 0.409666
vt 0.176914 0.400288
vt 0.176914 0.409666
vt 0.150402 0.400288
vt 0.150402 0.409666
vt 0.124150 0.400288
vt 0.124150 0.409666
vt 0.150662 0.400288
vt 0.150662 0.409666
vt 10.186300 4.196260
vt 10.453500 4.109230
vt 10.463300 4.160840
vt 10.182800 4.143860
vt 6.978610 2.219260
vt 7.219090 2.073950
vt 7.240330 2.122000
vt 6.978500 2.219020
vt 6.963200 2.168770
vt 7.218990 2.073710
vt 1.455570 3.911520
vt 1.685250 3.749660
vt 1.709800 3.796100
vt 1.455780 3.911840
vt 1.436980 3.862790
vt 1.685450 3.749990
vt 0.190430 0.431644
vt 0.177174 0.409666
vt 0.163918 0.431644
vt 0.150662 0.409666
vt 0.137406 0.431644
vt 0.124150 0.409666
vt 0.137146 0.431644
vt 0.150402 0.409666
vt 0.163658 0.431644
vt 0.176914 0.409666
vt 0.190170 0.431644
vt 0.203426 0.409666
vt 0.229938 0.409666
vt 0.216682 0.431644
vt -7.876430 5.357280
vt -8.154860 5.319480
vt -8.135230 5.270760
vt -7.890020 5.407740
vt -8.154830 5.319220
vt -7.876400 5.357010
vt -10.506800 5.531830
vt 0.256450 0.409666
vt 0.243194 0.431644
vt -3.008430 7.394920
vt -3.263050 7.280330
vt -2.989800 7.345800
vt -2.989760 7.345640
vt -3.263000 7.280160
vt -3.238590 7.233650
vt 3.057410 9.334980
vt 3.040980 9.384880
vt 2.781530 9.281710
vt 2.803840 9.234190
vt 8.653140 8.201610
vt 8.647190 8.253800
vt 8.372190 8.205500
vt 8.384380 8.154420
vt 0.177174 0.409666
vt 0.177174 0.400288
vt 0.203686 0.400288
vt 0.203686 0.387688
vt 0.177174 0.400288
vt 0.177174 0.387688
vt 0.150662 0.400288
vt 0.203686 0.365710
vt 0.203686 0.351130
vt 0.230198 0.351130
vt -9.386260 1.531220
vt -10.036100 1.700280
vt 0.190430 0.430921
vt -9.903900 1.963420
vt -9.045630 5.985460
vt -8.770630 5.937160
vt -9.033440 6.036560
vt -8.764640 5.989420
usemtl default1
s 1
f 1103/631 1104/632 1105/633
f 1106/634 1104/635 1103/636
f 1106/634 1107/637 1104/638
f 1106/639 1108/640 1107/641
f 1109/642 1108/643 1106/644
f 1109/645 1110/646 1108/647
f 1109/645 1111/648 1110/646
f 1112/649 1111/648 1109/645
f 1113/650 1111/648 1112/649
f 1111/651 1113/652 1114/653
f 1114/653 1113/652 1115/654
f 1113/655 1116/656 1115/657
f 1113/658 1117/659 1116/660
f 1113/658 1112/661 1117/659
f 1105/662 1117/663 1112/664
f 1105/665 1118/666 1117/667
f 1105/633 1104/668 1118/669
f 1104/670 1119/671 1118/669
f 1104/672 1120/673 1119/671
f 1104/674 1121/675 1120/673
f 1104/676 1122/677 1121/675
f 1123/678 1122/677 1104/679
f 1123/680 1124/681 1122/682
f 1123/683 1125/684 1124/685
f 1107/686 1125/687 1123/688
f 1107/686 1108/689 1125/687
f 1108/647 1126/690 1125/691
f 1110/646 1126/690 1108/647
f 1110/692 1127/693 1126/694
f 1128/695 1127/693 1110/692
f 1128/696 1129/697 1127/698
f 1130/699 1129/697 1128/696
f 1130/699 1131/700 1129/697
f 1130/699 1132/701 1131/700
f 1133/702 1132/701 1130/699
f 1133/702 1134/703 1132/701
f 1135/704 1134/703 1133/702
f 1136/705 1134/703 1135/704
f 1136/705 1137/706 1134/703
f 1136/705 1138/707 1137/706
f 1138/708 1136/709 1139/710
f 1136/709 1140/711 1139/710
f 1136/709 1135/712 1140/711
f 1135/712 1141/713 1140/711
f 1135/712 1115/714 1141/713
f 1135/704 1133/702 1115/715
f 1115/715 1133/702 1114/716
f 1114/716 1133/702 1130/699
f 1114/716 1130/699 1128/696
f 1111/717 1114/718 1128/719
f 1111/717 1128/719 1110/720
f 1115/721 1116/722 1141/723
f 1116/724 1142/725 1141/726
f 1116/660 1143/727 1142/728
f 1116/660 1117/659 1143/727
f 1117/729 1118/730 1143/731
f 1118/732 1119/733 1143/734
f 1143/735 1119/733 1144/736
f 1144/737 1119/738 1120/739
f 1144/740 1120/741 1145/742
f 1145/743 1120/744 1121/745
f 1145/746 1121/745 1146/747
f 1122/748 1146/749 1121/750
f 1122/748 1124/751 1146/749
f 1124/752 1147/753 1146/754
f 1124/752 1148/755 1147/753
f 1125/691 1148/755 1124/752
f 1126/690 1148/755 1125/691
f 1126/756 1149/757 1148/758
f 1127/759 1149/760 1126/756
f 1127/698 1150/761 1149/762
f 1129/697 1150/761 1127/698
f 1129/697 1151/763 1150/761
f 1129/697 1131/700 1151/763
f 1131/700 1152/764 1151/763
f 1153/765 1152/764 1131/700
f 1153/766 1154/767 1152/768
f 1155/769 1154/770 1153/771
f 1155/772 1156/773 1154/774
f 1157/775 1156/773 1155/772
f 1157/775 1158/776 1156/773
f 1159/777 1158/776 1157/775
f 1159/778 1160/779 1158/780
f 1159/778 1161/781 1160/779
f 1162/782 1161/783 1159/784
f 1162/785 1163/786 1161/787
f 1164/788 1163/789 1162/790
f 1164/788 1165/791 1163/789
f 1164/792 1166/793 1165/794
f 1167/795 1166/796 1164/797
f 1166/798 1167/799 1168/800
f 1167/799 1169/801 1168/800
f 1167/799 1170/802 1169/801
f 1170/803 1167/795 1171/804
f 1167/795 1164/797 1171/804
f 1171/804 1164/797 1162/805
f 1171/804 1162/805 1172/806
f 1162/805 1159/777 1172/806
f 1172/806 1159/777 1157/775
f 1172/806 1157/775 1173/807
f 1173/807 1157/775 1155/772
f 1173/808 1155/809 1174/810
f 1174/811 1155/812 1153/813
f 1174/814 1153/765 1132/701
f 1132/701 1153/765 1131/700
f 1134/703 1174/814 1132/701
f 1134/703 1137/706 1174/814
f 1137/815 1173/816 1174/817
f 1175/818 1173/819 1137/820
f 1175/821 1172/806 1173/807
f 1175/821 1171/804 1172/806
f 1170/803 1171/804 1175/821
f 1175/822 1138/823 1170/824
f 1175/825 1137/826 1138/827
f 1170/828 1138/829 1176/830
f 1138/708 1139/710 1176/831
f 1176/831 1139/710 1177/832
f 1139/710 1178/833 1177/832
f 1139/710 1140/711 1178/833
f 1140/711 1179/834 1178/833
f 1140/711 1141/713 1179/834
f 1141/835 1142/836 1179/837
f 1142/838 1180/839 1179/840
f 1142/728 1144/841 1180/842
f 1143/727 1144/841 1142/728
f 1144/841 1145/843 1180/842
f 1145/843 1181/844 1180/842
f 1146/754 1181/844 1145/843
f 1146/754 1147/753 1181/844
f 1181/845 1147/846 1182/847
f 1182/848 1147/849 1183/850
f 1183/851 1147/852 1148/853
f 1149/854 1183/851 1148/853
f 1149/762 1184/855 1183/856
f 1149/762 1150/761 1184/855
f 1150/761 1185/857 1184/855
f 1150/761 1151/763 1185/857
f 1186/858 1185/857 1151/763
f 1187/859 1185/857 1186/858
f 1188/860 1185/857 1187/859
f 1184/855 1185/857 1188/860
f 1184/855 1188/860 1189/861
f 1189/861 1188/860 1190/862
f 1190/862 1188/860 1191/863
f 1191/863 1188/860 1187/859
f 1191/864 1187/865 1192/866
f 1192/867 1187/868 1193/869
f 1186/870 1193/871 1187/872
f 1186/873 1194/874 1193/875
f 1152/876 1194/877 1186/878
f 1152/876 1154/879 1194/880
f 1195/881 1194/882 1154/774
f 1196/883 1194/882 1195/881
f 1193/884 1194/882 1196/883
f 1197/885 1193/884 1196/883
f 1192/886 1193/884 1197/885
f 1198/887 1192/886 1197/885
f 1198/887 1199/888 1192/886
f 1168/800 1199/888 1198/887
f 1168/800 1169/801 1199/888
f 1169/889 1200/890 1199/891
f 1169/892 1176/893 1200/894
f 1170/895 1176/896 1169/897
f 1176/831 1177/832 1200/898
f 1200/898 1177/832 1190/862
f 1177/832 1201/899 1190/862
f 1177/832 1178/833 1201/899
f 1178/833 1202/900 1201/899
f 1179/834 1202/900 1178/833
f 1179/901 1180/839 1202/902
f 1180/903 1181/904 1202/905
f 1202/906 1181/907 1182/908
f 1202/900 1182/909 1201/899
f 1182/909 1189/861 1201/899
f 1183/856 1189/861 1182/909
f 1183/856 1184/855 1189/861
f 1201/899 1189/861 1190/862
f 1200/898 1190/862 1191/863
f 1200/910 1191/911 1199/912
f 1199/913 1191/914 1192/915
f 1203/916 1168/800 1198/887
f 1166/798 1168/800 1203/916
f 1166/917 1203/918 1204/919
f 1204/919 1203/918 1205/920
f 1203/921 1206/922 1205/923
f 1203/916 1198/887 1206/924
f 1206/924 1198/887 1197/885
f 1206/924 1197/885 1207/925
f 1197/885 1196/883 1207/925
f 1207/925 1196/883 1208/926
f 1196/883 1195/881 1208/926
f 1208/926 1195/881 1209/927
f 1209/927 1195/881 1156/773
f 1156/773 1195/881 1154/774
f 1158/776 1209/927 1156/773
f 1158/928 1210/929 1209/930
f 1160/931 1210/932 1158/928
f 1211/933 1210/934 1160/935
f 1212/936 1210/934 1211/933
f 1213/937 1210/934 1212/936
f 1210/938 1213/939 1209/940
f 1209/941 1213/942 1208/943
f 1214/944 1208/945 1213/946
f 1214/947 1207/948 1208/949
f 1215/950 1207/951 1214/952
f 1215/953 1206/954 1207/955
f 1205/956 1206/957 1215/958
f 1216/959 1205/960 1215/961
f 1217/962 1205/960 1216/959
f 1217/962 1204/963 1205/960
f 1204/964 1217/965 1218/966
f 1218/966 1217/965 1219/967
f 1217/965 1220/968 1219/967
f 1217/962 1216/959 1220/969
f 1220/969 1216/959 1221/970
f 1216/959 1222/971 1221/970
f 1216/959 1215/961 1222/971
f 1222/971 1215/961 1214/972
f 1222/971 1214/972 1223/973
f 1214/972 1213/937 1223/973
f 1223/973 1213/937 1212/936
f 1223/973 1212/936 1224/974
f 1224/974 1212/936 1225/975
f 1212/936 1211/933 1225/975
f 1225/975 1211/933 1226/976
f 1226/976 1211/933 1227/977
f 1227/977 1211/933 1160/935
f 1227/977 1160/935 1161/978
f 1228/979 1227/977 1161/978
f 1229/980 1227/977 1228/979
f 1229/980 1226/976 1227/977
f 1230/981 1226/976 1229/980
f 1231/982 1226/976 1230/981
f 1225/975 1226/976 1231/982
f 1232/983 1225/975 1231/982
f 1224/974 1225/975 1232/983
f 1233/984 1224/974 1232/983
f 1233/984 1234/985 1224/974
f 1235/986 1234/985 1233/984
f 1221/970 1234/985 1235/986
f 1221/970 1222/971 1234/985
f 1222/971 1223/973 1234/985
f 1234/985 1223/973 1224/974
f 1236/987 1221/970 1235/986
f 1220/969 1221/970 1236/987
f 1220/968 1236/988 1237/989
f 1236/990 1238/991 1237/992
f 1239/993 1238/991 1236/994
f 1238/995 1239/996 1240/997
f 1239/996 1241/998 1240/997
f 1239/999 1242/1000 1241/1001
f 1239/1002 1235/1003 1242/1004
f 1239/1002 1236/1005 1235/1003
f 1242/1006 1235/1007 1233/1008
f 1242/1006 1233/1009 1243/1010
f 1243/1011 1233/1012 1232/1013
f 1243/1011 1232/1013 1244/1014
f 1232/1015 1231/1016 1244/1017
f 1244/1018 1231/1019 1245/1020
f 1230/1021 1245/1022 1231/1023
f 1230/1024 1246/1025 1245/1026
f 1247/1027 1246/1028 1230/1029
f 1247/1030 1248/1031 1246/1028
f 1249/1032 1248/1033 1247/1034
f 1249/1035 1250/1036 1248/1037
f 1251/1038 1250/1039 1249/1040
f 1251/1041 1252/1042 1250/1043
f 1237/1044 1252/1045 1251/1046
f 1237/1047 1238/1048 1252/1049
f 1238/995 1253/1050 1252/1051
f 1238/995 1240/997 1253/1050
f 1240/1052 1254/1053 1253/1054
f 1255/1055 1254/1053 1240/1056
f 1255/1057 1256/1058 1254/1059
f 1255/1057 1257/1060 1256/1061
f 1257/1062 1255/1063 1241/1064
f 1241/1064 1255/1065 1240/1066
f 1241/1067 1258/1068 1257/1069
f 1241/1001 1242/1000 1258/1070
f 1242/1000 1243/1071 1258/1070
f 1258/1070 1243/1071 1259/1072
f 1259/1072 1243/1071 1244/1073
f 1259/1072 1244/1073 1260/1074
f 1244/1073 1245/1075 1260/1074
f 1260/1074 1245/1075 1261/1076
f 1245/1075 1246/1077 1261/1076
f 1261/1076 1246/1077 1262/1078
f 1262/1078 1246/1077 1248/1079
f 1263/1080 1262/1078 1248/1079
f 1263/1081 1264/1082 1262/1083
f 1263/1081 1265/1084 1264/1082
f 1266/1085 1265/1086 1263/1087
f 1266/1088 1267/1089 1265/1090
f 1253/1091 1267/1092 1266/1093
f 1253/1094 1254/1095 1267/1096
f 1254/1059 1256/1097 1267/1098
f 1267/1098 1256/1099 1265/1100
f 1256/1101 1264/1102 1265/1100
f 1256/1103 1268/1104 1264/1102
f 1256/1105 1269/1106 1268/1104
f 1256/1107 1270/1108 1269/1106
f 1271/1109 1270/1108 1256/1110
f 1271/1111 1259/1112 1270/1113
f 1258/1114 1259/1115 1271/1116
f 1258/1068 1271/1117 1257/1069
f 1257/1118 1271/1109 1256/1119
f 1259/1120 1260/1121 1270/1122
f 1270/1123 1260/1124 1269/1125
f 1269/1126 1260/1127 1261/1128
f 1269/1126 1261/1128 1268/1129
f 1268/1130 1261/1131 1262/1132
f 1268/1130 1262/1132 1264/1133
f 1252/1051 1253/1050 1266/1134
f 1252/1051 1266/1134 1250/1135
f 1266/1134 1263/1080 1250/1135
f 1263/1080 1248/1079 1250/1135
f 1219/967 1237/989 1251/1136
f 1219/967 1220/968 1237/989
f 1219/967 1251/1136 1272/1137
f 1272/1137 1251/1136 1249/1138
f 1272/1137 1249/1138 1273/1139
f 1249/1138 1247/1140 1273/1139
f 1247/1140 1229/980 1273/1139
f 1247/1140 1230/981 1229/980
f 1273/1139 1229/980 1228/979
f 1273/1139 1228/979 1274/1141
f 1274/1141 1228/979 1163/1142
f 1163/1142 1228/979 1161/978
f 1165/1143 1274/1141 1163/1142
f 1165/1143 1218/966 1274/1141
f 1204/964 1218/966 1165/1143
f 1165/1144 1166/793 1204/1145
f 1218/966 1272/1137 1274/1141
f 1218/966 1219/967 1272/1137
f 1272/1137 1273/1139 1274/1141
f 1152/764 1186/858 1151/763
f 1107/637 1123/678 1104/1146
f 1103/1147 1105/662 1112/664
f 1112/1148 1109/1149 1103/1150
f 1103/1150 1109/1149 1106/1151
o Mesh15_RAX_Gunshi1_skp3EC1_Model
v -7.663810 5.539491 -5.864929
v -7.412960 5.181871 -5.767219
v -7.219960 5.290711 -5.918329
v -7.670500 5.522241 -5.885909
v -7.426010 5.172901 -5.790349
v -7.233010 5.281741 -5.941459
v -7.505810 5.615111 -6.014859
v -7.499110 5.632371 -5.993869
v -7.697390 5.773381 -6.115849
v -7.838000 5.694081 -6.005759
v -7.841060 5.673071 -6.024819
v -7.700460 5.752361 -6.134899
v -7.117630 5.090381 -5.948199
v -7.133410 5.085941 -5.971559
v -7.339610 4.969661 -5.810109
v -7.323820 4.974101 -5.786759
vt 0.104361 0.577867
vt 0.145173 0.577840
vt 0.146817 0.595139
vt 0.099494 0.577867
vt 0.139309 0.577840
vt 0.140954 0.595139
vt 0.100898 0.595142
vt 0.105765 0.595142
vt 0.062516 0.595145
vt 0.061317 0.577889
vt 0.057163 0.577889
vt 0.058362 0.595145
vt 0.150241 0.595137
vt 0.144094 0.595137
vt 0.142337 0.577828
vt 0.148485 0.577828
usemtl default1
s 1
f 1275/1152 1276/1153 1277/1154
f 1278/1155 1276/1153 1275/1152
f 1278/1155 1279/1156 1276/1153
f 1278/1155 1280/1157 1279/1156
f 1281/1158 1280/1157 1278/1155
f 1281/1158 1277/1154 1280/1157
f 1281/1158 1282/1159 1277/1154
f 1283/1160 1282/1159 1281/1158
f 1282/1159 1283/1160 1284/1161
f 1283/1160 1285/1162 1284/1161
f 1286/1163 1285/1162 1283/1160
f 1281/1158 1285/1162 1286/1163
f 1281/1158 1278/1155 1285/1162
f 1285/1162 1278/1155 1284/1161
f 1284/1161 1278/1155 1275/1152
f 1282/1159 1284/1161 1275/1152
f 1282/1159 1275/1152 1277/1154
f 1286/1163 1283/1160 1281/1158
f 1287/1164 1280/1157 1277/1154
f 1288/1165 1280/1157 1287/1164
f 1280/1157 1288/1165 1279/1156
f 1279/1156 1288/1165 1289/1166
f 1287/1164 1289/1166 1288/1165
f 1287/1164 1290/1167 1289/1166
f 1276/1153 1290/1167 1287/1164
f 1279/1156 1290/1167 1276/1153
f 1289/1166 1290/1167 1279/1156
f 1277/1154 1276/1153 1287/1164
o Mesh67_RAX_Gunshi1_skp3EC1_Model
v 5.499590 1.290471 -5.813100
v 5.646960 1.161991 -5.885490
v 5.650940 1.345621 -5.594340
v 5.953330 1.559231 -5.343470
v 6.119270 1.704701 -5.290559
v 6.264830 1.577791 -5.362070
v 6.111990 1.420901 -5.421410
v 5.802510 1.213471 -5.668800
v 5.659170 1.183771 -5.899290
v 5.511800 1.312251 -5.826890
v 5.811180 1.233371 -5.686460
v 6.113390 1.435841 -5.445090
v 6.262490 1.589671 -5.387899
v 6.116930 1.716581 -5.316400
v 5.954720 1.574171 -5.367149
v 5.659610 1.365511 -5.612000
l 1304 1303
l 1302 1301
l 1302 1303
l 1306 1305
l 1294 1293
l 1295 1294
l 1291 1300
l 1297 1296
l 1301 1299
l 1303 1296
l 1293 1291
l 1299 1300
l 1300 1306
l 1296 1295
l 1305 1304
l 1304 1295
l 1291 1292
l 1292 1298
l 1299 1292
l 1298 1297
o Mesh23_RAX_Gunshi1_skp3EC1_Model
v 6.134410 0.964703 -6.295170
v 5.864860 0.998513 -6.295080
v 5.867520 1.013821 -6.497440
v 6.132500 0.992542 -6.293090
v 6.565960 1.080411 -6.275590
v 6.553730 1.105591 -6.273850
v 6.556500 1.121511 -6.484330
v 6.135140 1.007691 -6.493320
v 6.568720 1.096331 -6.486070
v 6.751450 1.229891 -6.472520
v 6.748720 1.214131 -6.264130
v 6.731730 1.237001 -6.262620
v 6.734470 1.252761 -6.471010
v 6.137040 0.979846 -6.495400
v 5.871180 1.042031 -6.495260
v 5.868520 1.026721 -6.292890
vt 0.091938 0.595655
vt 0.143037 0.595656
vt 0.145295 0.578110
vt 5.807210 0.519006
vt 6.076740 0.485100
vt 6.074860 0.513018
vt 0.033797 0.595644
vt 0.096149 0.595654
vt 0.039411 0.595644
vt 0.041760 0.578112
vt 0.098383 0.578110
vt 0.036145 0.578112
vt 0.023323 0.578113
vt 0.020998 0.595637
vt 0.027112 0.595637
vt 0.029437 0.578114
vt 0.094172 0.578110
vt -5.755200 0.511022
vt -6.022850 0.504871
vt -6.024720 0.476950
vt -5.759020 0.544916
vt -6.022980 0.510474
vt -5.755330 0.516624
vt 0.148602 0.578110
vt 0.146343 0.595655
usemtl default1
s 1
f 1307/1168 1308/1169 1309/1170
f 1308/1171 1307/1172 1310/1173
f 1311/1174 1310/1175 1307/1168
f 1312/1176 1310/1175 1311/1174
f 1313/1177 1310/1175 1312/1176
f 1313/1177 1314/1178 1310/1175
f 1313/1177 1315/1179 1314/1178
f 1316/1180 1315/1179 1313/1177
f 1316/1180 1317/1181 1315/1179
f 1316/1180 1318/1182 1317/1181
f 1316/1180 1319/1183 1318/1182
f 1319/1183 1316/1180 1313/1177
f 1319/1183 1313/1177 1318/1182
f 1318/1182 1313/1177 1312/1176
f 1318/1182 1312/1176 1317/1181
f 1317/1181 1312/1176 1311/1174
f 1317/1181 1311/1174 1315/1179
f 1315/1179 1311/1174 1320/1184
f 1311/1174 1307/1168 1320/1184
f 1320/1184 1307/1168 1309/1170
f 1309/1185 1314/1186 1320/1187
f 1321/1188 1314/1189 1309/1190
f 1314/1178 1321/1191 1310/1175
f 1310/1175 1321/1191 1322/1192
f 1321/1191 1308/1169 1322/1192
f 1309/1170 1308/1169 1321/1191
f 1322/1192 1308/1169 1310/1175
f 1315/1179 1320/1184 1314/1178
o Mesh10_RAX_Gunshi1_skp3EC1_Model
v -7.094900 3.987151 -6.644509
v -7.156510 4.039851 -6.309939
v -7.244930 3.902541 -6.527040
v -7.002200 4.126871 -6.430759
v -7.125430 4.377401 -6.018229
v -6.963900 4.468491 -6.144699
v -7.020720 4.144971 -6.441370
v -6.983320 4.478551 -6.162249
v -7.175020 4.057951 -6.320549
v -7.262270 3.924241 -6.533559
v -7.112240 4.008851 -6.651030
v -7.144850 4.387461 -6.035769
v -7.158780 4.583341 -5.928939
v -7.010600 4.666911 -6.044969
v -7.177920 4.588951 -5.949339
v -7.029740 4.672521 -6.065369
vt 0.008009 0.595150
vt 0.058588 0.577855
vt 0.006731 0.577859
vt 0.059903 0.595150
vt 0.120505 0.577851
vt 0.121882 0.595148
vt 0.056115 0.595149
vt 0.116600 0.595148
vt 0.054800 0.577855
vt 0.003879 0.577860
vt 0.005158 0.595150
vt 9.636050 4.235080
vt 9.415130 4.383610
vt 9.620130 4.211410
vt 9.618000 4.217790
vt 9.412890 4.389870
vt 9.393060 4.370130
vt 0.115223 0.577851
vt 0.136317 0.577861
vt 0.137581 0.595150
vt 0.130477 0.577862
vt 0.131740 0.595150
usemtl default1
s 1
f 1323/1193 1324/1194 1325/1195
f 1326/1196 1324/1194 1323/1193
f 1326/1196 1327/1197 1324/1194
f 1326/1196 1328/1198 1327/1197
f 1329/1199 1328/1198 1326/1196
f 1329/1199 1330/1200 1328/1198
f 1329/1199 1331/1201 1330/1200
f 1329/1199 1332/1202 1331/1201
f 1329/1199 1333/1203 1332/1202
f 1333/1204 1329/1205 1323/1206
f 1323/1207 1329/1208 1326/1209
f 1333/1203 1323/1193 1325/1195
f 1333/1203 1325/1195 1332/1202
f 1332/1202 1325/1195 1331/1201
f 1325/1195 1324/1194 1331/1201
f 1331/1201 1324/1194 1327/1197
f 1331/1201 1327/1197 1334/1210
f 1334/1210 1327/1197 1335/1211
f 1335/1211 1327/1197 1328/1198
f 1336/1212 1335/1211 1328/1198
f 1336/1212 1337/1213 1335/1211
f 1336/1212 1338/1214 1337/1213
f 1330/1200 1338/1214 1336/1212
f 1338/1214 1330/1200 1337/1213
f 1337/1213 1330/1200 1334/1210
f 1331/1201 1334/1210 1330/1200
f 1334/1210 1335/1211 1337/1213
f 1330/1200 1336/1212 1328/1198
o Mesh14_RAX_Gunshi1_skp3EC1_Model
v -6.990760 5.475281 -7.115319
v -7.018800 5.630481 -6.847079
v -6.909860 5.443571 -6.915149
v -7.095910 5.660711 -7.037879
v -7.115560 5.641321 -7.033009
v -7.013640 5.459631 -7.108549
v -6.932730 5.427921 -6.908389
v -7.038450 5.611091 -6.842209
v -7.358750 5.859441 -6.679969
v -7.346930 5.884791 -6.680729
v -7.591640 5.944601 -6.578899
v -7.598860 5.917041 -6.580349
v -7.659850 5.971331 -6.747659
v -7.667060 5.943771 -6.749109
v -7.431410 5.887921 -6.859739
v -7.419590 5.913271 -6.860499
vt 0.017478 0.578117
vt 0.022034 0.595611
vt 0.015050 0.595619
vt 0.024348 0.578120
vt 0.030238 0.578120
vt 0.023737 0.578117
vt 0.021310 0.595618
vt 0.027924 0.595611
vt 0.074925 0.595594
vt 0.070203 0.595594
vt 0.117233 0.595585
vt 0.121158 0.595585
vt 0.119280 0.578127
vt 0.123205 0.578127
vt 0.077106 0.578124
vt 0.072383 0.578125
usemtl default1
s 1
f 1339/1215 1340/1216 1341/1217
f 1339/1215 1342/1218 1340/1216
f 1342/1218 1339/1215 1343/1219
f 1343/1219 1339/1215 1344/1220
f 1341/1217 1344/1220 1339/1215
f 1341/1217 1345/1221 1344/1220
f 1346/1222 1345/1221 1341/1217
f 1344/1220 1345/1221 1346/1222
f 1344/1220 1346/1222 1343/1219
f 1346/1222 1347/1223 1343/1219
f 1347/1223 1346/1222 1340/1216
f 1340/1216 1346/1222 1341/1217
f 1348/1224 1347/1223 1340/1216
f 1349/1225 1347/1223 1348/1224
f 1349/1225 1350/1226 1347/1223
f 1351/1227 1350/1226 1349/1225
f 1352/1228 1350/1226 1351/1227
f 1353/1229 1350/1226 1352/1228
f 1347/1223 1350/1226 1353/1229
f 1343/1219 1347/1223 1353/1229
f 1353/1229 1342/1218 1343/1219
f 1354/1230 1342/1218 1353/1229
f 1342/1218 1354/1230 1348/1224
f 1348/1224 1354/1230 1349/1225
f 1354/1230 1351/1227 1349/1225
f 1351/1227 1354/1230 1353/1229
f 1351/1227 1353/1229 1352/1228
f 1340/1216 1342/1218 1348/1224
o Mesh20_RAX_Gunshi1_skp3EC1_Model
v 5.809090 1.332051 -7.090320
v 5.641780 1.254801 -6.890370
v 5.532670 1.358311 -6.932370
v 5.817260 1.349041 -7.069640
v 5.653580 1.274241 -6.873140
v 5.691480 1.468361 -7.118060
v 6.120810 1.589131 -7.271550
v 5.996930 1.706661 -7.319240
v 5.996180 1.695451 -7.344930
v 5.683320 1.451361 -7.138730
v 6.120070 1.577931 -7.297239
v 6.279670 1.736361 -7.326159
v 6.276630 1.744221 -7.298900
v 6.157580 1.852191 -7.373159
v 6.154540 1.860051 -7.345900
v 5.544470 1.377751 -6.915140
vt 0.062969 0.595674
vt 0.107912 0.595677
vt 0.110297 0.578005
vt 0.067699 0.595674
vt 0.111890 0.595677
vt 0.070449 0.578002
vt 0.024368 0.595670
vt 0.027075 0.578022
vt 0.021266 0.578021
vt 0.065718 0.578000
vt 0.018558 0.595670
vt 0.013275 0.595667
vt 0.019412 0.595667
vt 0.015943 0.578037
vt 0.022082 0.578038
vt 0.114275 0.578007
usemtl default1
s 1
f 1355/1231 1356/1232 1357/1233
f 1358/1234 1356/1232 1355/1231
f 1358/1234 1359/1235 1356/1232
f 1358/1234 1360/1236 1359/1235
f 1361/1237 1360/1236 1358/1234
f 1362/1238 1360/1236 1361/1237
f 1363/1239 1360/1236 1362/1238
f 1363/1239 1364/1240 1360/1236
f 1363/1239 1365/1241 1364/1240
f 1366/1242 1365/1241 1363/1239
f 1366/1242 1361/1237 1365/1241
f 1366/1242 1367/1243 1361/1237
f 1368/1244 1367/1243 1366/1242
f 1368/1244 1369/1245 1367/1243
f 1368/1244 1362/1238 1369/1245
f 1368/1244 1363/1239 1362/1238
f 1368/1244 1366/1242 1363/1239
f 1369/1245 1362/1238 1367/1243
f 1367/1243 1362/1238 1361/1237
f 1365/1241 1361/1237 1358/1234
f 1365/1241 1358/1234 1355/1231
f 1365/1241 1355/1231 1364/1240
f 1355/1231 1357/1233 1364/1240
f 1364/1240 1357/1233 1360/1236
f 1360/1236 1357/1233 1370/1246
f 1370/1246 1357/1233 1356/1232
f 1370/1246 1356/1232 1359/1235
f 1360/1236 1370/1246 1359/1235
o Mesh5_RAX_Gunshi1_skp3EC1_Model
v 0.423730 7.929341 -5.759509
v 0.473310 7.771981 -5.812839
v -8.849580 5.181272 -9.057920
v 0.274235 7.764421 -5.411889
v -9.132850 5.038301 -8.962559
v -8.800000 5.023901 -9.111259
v -1.440140 5.661020 -1.363529
v 0.146354 7.725701 -5.191179
v -9.254880 5.033391 -8.846329
v -1.527910 5.878610 -1.298039
v -10.228500 3.959221 -6.582290
v -10.140700 3.741621 -6.647769
vt 0.028632 0.832577
vt 0.037988 0.823676
vt 0.377208 0.894703
vt 5.412140 7.987810
vt 5.342270 8.146510
vt 4.964490 7.980190
vt 0.029071 0.812084
vt 0.388096 0.886024
vt 0.028478 0.826642
vt 0.395941 0.894824
vt 0.388667 0.886047
vt 0.386563 0.885802
vt 0.031396 0.825522
vt 0.024372 0.998033
vt 0.381288 0.894683
vt 0.028133 0.816252
vt 0.004106 0.828269
vt 0.020779 0.998995
vt 0.000901 0.836770
vt 0.028634 0.835399
vt 0.397566 0.899978
vt 0.022340 0.990006
vt 0.394049 0.986351
vt 0.393771 0.994832
vt 0.386469 0.995383
vt 0.003578 0.996687
usemtl default1
s 1
f 1371/1247 1372/1248 1373/1249
f 1372/1250 1371/1251 1374/1252
f 1371/1253 1373/1254 1374/1255
f 1374/1255 1373/1254 1375/1256
f 1373/1254 1376/1257 1375/1256
f 1372/1248 1376/1258 1373/1249
f 1372/1259 1377/1260 1376/1261
f 1372/1262 1374/1263 1377/1264
f 1374/1263 1378/1265 1377/1264
f 1374/1255 1375/1256 1378/1266
f 1378/1266 1375/1256 1379/1267
f 1378/1266 1379/1267 1380/1268
f 1380/1268 1379/1267 1381/1269
f 1380/1268 1381/1269 1382/1270
f 1380/1268 1382/1270 1377/1264
f 1377/1260 1382/1271 1376/1261
f 1378/1265 1380/1272 1377/1264
o Mesh1_RAX_Gunshi1_skp3EC1_Model
v 1.308540 4.209792 -7.548600
v 1.384660 3.991991 -7.402249
v 1.468240 4.209782 -7.548600
v 1.308530 3.783801 -7.937600
v 2.311460 1.882171 -3.723980
v 1.923170 1.256201 -3.723980
v -1.308530 3.783801 -7.937600
v -1.308530 4.209782 -7.548600
v -1.157570 5.719932 -7.828909
v -1.298400 5.719922 -7.828909
v -1.274510 5.963671 -7.728799
v -1.369990 6.013191 -8.080639
v -1.468240 4.209782 -7.548600
v -1.419650 6.052221 -8.961739
v -1.541200 3.981431 -7.739419
v -1.510710 3.867261 -7.834819
v -1.170560 6.081731 -9.372719
v -1.236110 3.944901 -8.329599
v 0.000000 3.944901 -8.554939
v 0.000000 6.081731 -9.506939
v 1.170560 6.081731 -9.372719
v 1.236110 3.944901 -8.329599
v 1.510710 3.867261 -7.834819
v 1.419650 6.052221 -8.961739
v 1.183530 6.302671 -9.357369
v 0.000000 6.302671 -9.491589
v -1.183530 6.302671 -9.357369
v -1.159240 8.150431 -7.146129
v -1.347020 6.793331 -6.174539
v -1.375900 5.707651 -5.397259
v -1.213040 5.707651 -5.397259
v -1.213040 5.532880 -2.675109
v -1.375900 5.521430 -2.675109
v -1.213710 5.014771 -2.200539
v -0.866108 5.546530 -2.200549
v -0.000002 5.624431 -2.675109
v 1.024240 5.546530 -2.200539
v 0.841983 5.021120 1.607781
v 1.170430 5.014771 -2.200539
v 1.136910 4.489359 1.860601
v 1.375890 4.982290 -2.200539
v 1.274510 4.456870 1.860601
v 1.723210 6.005590 -1.999769
v 1.778200 6.365020 -2.316169
v 1.589840 7.751201 -1.655159
v 1.156400 7.853871 -5.519178
v 1.350770 8.017351 -5.315809
v 1.104060 8.436061 -5.743819
v 1.238560 8.449441 -5.329268
v 0.000000 8.582071 -7.271159
v 1.141300 8.570411 -7.194778
v 1.159240 8.526361 -7.358378
v 0.000000 8.526361 -7.520799
v 1.159240 8.150431 -7.146129
v 1.347010 6.793331 -6.174539
v 1.375890 5.707651 -5.397259
v 1.375890 5.521430 -2.675109
v 1.213040 5.532880 -2.675109
v 1.213040 5.707651 -5.397259
v 1.240460 6.140760 -2.968439
v -1.240470 6.140760 -2.968439
v -1.040360 6.314601 -5.362249
v -1.136340 5.963681 -7.728799
v -0.982542 6.569692 -7.679939
v 1.136330 5.963681 -7.728799
v 1.157570 5.719932 -7.828909
v 1.298390 5.719922 -7.828909
v 1.370000 6.013191 -8.080639
v 1.274510 5.963671 -7.728799
v 1.541200 3.981431 -7.739419
v 1.489470 4.039901 -7.402249
v 2.490770 1.936451 -3.476930
v 2.695800 1.649091 -4.171770
v 2.678250 1.307280 -3.265740
v 2.414540 1.891091 -3.476920
v -2.311460 1.882171 -3.723980
v -1.923170 1.256201 -3.723980
v -1.384640 3.991981 -7.402229
v -1.489470 4.039901 -7.402239
v -2.695770 1.649091 -4.171770
v -2.653840 1.505411 -4.519209
v -2.439210 1.438171 -4.725050
v -1.287110 3.780612 -8.170639
v 0.000000 1.294251 -5.072920
v 0.000000 0.709812 -3.876230
v -2.439210 0.805416 -3.876230
v -2.191530 0.323977 -2.815260
v 0.000000 0.255000 -2.815260
v -1.876500 0.277994 4.289720
v 0.000000 0.209016 4.291980
v -1.644900 0.280855 6.613330
v -1.499020 0.247690 6.880180
v -0.662292 0.231225 7.891710
v -0.443981 0.225537 7.891710
v 0.000000 0.213968 7.891710
v 0.000000 0.471811 8.403370
v -0.319605 0.511119 8.426460
v 0.000000 0.645326 8.599050
v -0.039974 0.651648 8.457230
v 0.000000 0.983575 8.749380
v 0.411987 0.983049 8.711720
v 0.553650 0.682352 8.564500
v 0.567657 0.541627 8.444380
v 0.662292 0.231225 7.891710
v 0.576538 0.964433 8.625720
v 0.681014 0.821052 8.268790
v 0.773346 0.694337 7.953360
v 1.318330 0.685220 7.171620
v 1.304170 1.348379 7.430290
v 1.354850 1.480859 7.295031
v 1.506030 1.031859 7.088610
v 1.485510 0.601594 6.893850
v 1.785700 0.766438 6.781470
v 1.976320 0.585535 6.572130
v 1.654460 0.422662 6.541250
v 1.416050 0.280847 6.613330
v 1.081950 0.247690 6.880180
v 1.466700 0.280221 6.105250
v 1.933730 0.430307 5.979690
v 2.018590 0.586601 6.073320
v 2.085630 0.453332 4.288320
v 2.169860 0.590417 4.288320
v 2.073240 0.716908 5.744150
v 2.202330 0.684536 4.288300
v 2.080630 0.860425 5.734060
v 2.259010 1.059859 4.288300
v 2.082820 1.216979 5.963180
v 2.097880 1.415619 5.912050
v 1.955160 1.679279 5.668520
v 2.121120 1.632169 4.288301
v 1.479550 2.911929 6.532580
v 1.202820 3.306599 6.330491
v 2.019610 1.883359 4.288321
v 1.889300 2.151719 4.473220
v 1.804690 2.019389 4.288321
v 1.642800 2.373259 4.448111
v 1.802900 2.342629 4.551450
v 1.553690 2.519609 4.701321
v 1.092990 3.601049 4.902141
v 1.114540 3.727599 4.288321
v 1.236730 3.963839 4.589540
v 1.263260 3.901279 4.342441
v 1.274510 3.918209 4.231101
v 1.274510 4.042610 4.143150
v 1.073910 5.111569 4.636891
v 1.274510 4.161280 4.009571
v 1.274510 4.222939 3.816321
v 1.285740 5.827940 2.965261
v 0.965485 5.306899 4.815601
v 1.146450 6.074960 2.968981
v 1.459690 7.613710 -1.286629
v 1.181210 7.886940 -1.293529
v 1.410090 8.052200 -1.598279
v 0.000000 8.157170 -1.598279
v 1.278260 4.913899 2.228811
v 1.274510 4.181200 3.483251
v 1.274510 4.231699 3.666841
v -1.274510 4.231699 3.666841
v -1.274510 4.222939 3.816321
v -1.274510 4.161280 4.009571
v -1.274510 4.042610 4.143150
v -1.274510 3.918209 4.231101
v -1.274510 3.727599 4.288301
v 1.274510 3.727599 4.288301
v 0.066813 2.982329 4.288301
v 0.378887 2.908119 4.288301
v 0.437778 2.623739 4.288301
v 1.033390 2.514699 4.288301
v 1.146440 2.285029 4.288301
v 1.541770 2.320969 4.288301
v 1.932250 2.099649 4.288301
v -1.891210 0.548465 4.288300
v 1.891210 0.548465 4.288300
v 1.891210 0.558492 3.151790
v 2.190170 0.694564 3.151790
v 2.560490 0.613131 -2.642410
v 2.203800 0.716494 2.080070
v 2.598050 0.793672 -2.689440
v 2.453910 0.798648 -2.683300
v 2.453910 1.317961 -3.257480
v -2.414540 1.891091 -3.476920
v -2.490780 1.936451 -3.476920
v -2.678250 1.307280 -3.265740
v -2.759800 1.188661 -3.492080
v -2.720120 0.958164 -3.721080
v -2.440610 0.406909 -2.752520
v -2.085630 0.453332 4.288320
v -1.883300 0.422662 6.541250
v -1.714320 0.601594 6.893850
v -1.318330 0.685220 7.171620
v -1.854980 1.031859 7.088610
v -1.976320 0.585535 6.572130
v -2.169830 0.590417 4.288320
v -1.999720 0.735338 6.572920
v -1.796050 1.480859 7.295031
v -1.304170 1.348379 7.430290
v -0.773346 0.694337 7.953360
v -0.576538 0.964433 8.625720
v -0.567657 0.541627 8.444380
v -0.289470 0.668333 8.441660
v -0.553650 0.682352 8.564500
v -0.452937 0.972245 8.525890
v -0.481708 1.106549 8.514440
v -0.491029 1.467009 8.506210
v -0.599008 1.525339 8.630570
v -0.357438 1.672319 8.548420
v -0.411987 1.749269 8.681280
v -0.289191 1.709659 8.554750
v -0.262287 1.766099 8.696330
v -0.411987 2.311959 8.658920
v -0.606232 1.705649 8.632130
v -0.697266 2.047399 8.604660
v -0.556997 2.994478 8.816551
v -0.911072 2.195219 8.522630
v -0.750912 2.986739 8.684851
v -0.655518 3.458179 8.803351
v -0.887207 3.064449 8.392081
v -1.118040 2.263889 8.288190
v -0.849304 2.082449 7.946830
v -1.044010 1.740389 7.624801
v -1.657410 1.832289 7.483140
v -2.013460 1.602049 6.762930
v -2.259010 1.059859 4.288300
v -2.202330 0.684536 4.288300
v -2.560460 0.613131 -2.642410
v -2.598050 0.793672 -2.689440
v -2.203770 0.716494 2.080070
v -2.190170 0.694564 3.151790
v -2.292290 1.065160 3.153420
v -1.274510 3.771349 3.195851
v -2.161710 1.696769 3.158140
v -2.179320 1.698090 2.080060
v -2.311860 1.076290 2.080070
v -1.966130 1.672670 2.080060
v -1.276450 4.112269 2.080071
v -1.132900 4.112269 2.080071
v -1.274510 3.929699 3.262501
v -0.767066 3.771349 3.195871
v -0.799543 0.558492 3.151790
v -1.891210 0.558492 3.151790
v -2.121120 1.632169 4.288301
v -1.202820 3.306599 6.330491
v -1.560030 2.512329 6.753770
v -1.478450 2.241079 7.657580
v -1.384580 2.163569 7.915761
v -1.083530 2.947129 7.967580
v -0.877441 3.562879 8.153121
v -0.801953 3.507549 8.460711
v -0.693252 3.617699 8.709621
v 0.000000 3.789399 8.803841
v -0.729462 3.770779 8.508961
v 0.000000 3.880018 8.627001
v -0.965485 5.306899 4.815601
v 0.000000 6.231989 2.914111
v -1.146450 6.074960 2.968981
v -1.181210 7.886940 -1.293529
v 0.000000 8.030350 -1.357559
v -1.410090 8.052200 -1.598279
v -1.238560 8.449441 -5.329268
v -1.104060 8.436061 -5.743819
v -1.141300 8.570411 -7.194748
v -1.159240 8.526361 -7.358378
v -1.156400 7.853871 -5.519178
v -1.778200 6.365020 -2.316169
v -1.375900 4.982290 -2.200539
v -1.136910 4.489359 1.860601
v -1.274510 4.456870 1.860601
v 1.132900 4.112269 2.080071
v 1.149660 4.656910 -0.557385
v 1.252800 4.809450 -0.577213
v 1.196230 4.391420 -0.534497
v 1.258540 4.326560 -0.545239
v 1.414260 4.809450 -0.641575
v 1.585080 3.770980 -0.527641
v 1.347210 4.621531 -1.489059
v 1.582700 3.839020 -1.489059
v 2.210860 2.337260 -1.489060
v 2.213480 2.301390 -0.532505
v 2.197030 2.016850 -1.489060
v 2.199700 1.988930 -0.533892
v 2.260550 1.851240 -1.489060
v 2.406840 1.356650 -0.298468
v 2.278950 1.804780 -1.556640
v 2.444170 1.397601 -2.629310
v 2.373990 0.796299 -2.689440
v 2.171010 0.769834 -0.299855
v 2.460450 0.769831 -0.299879
v 2.696290 1.356650 -0.298475
v 2.562740 1.881500 -0.598280
v 2.296260 1.943690 -0.338331
v 1.868770 3.770980 -0.591992
v 2.179320 1.698090 2.080060
v 1.541920 4.621531 -1.489059
v 1.525060 4.667991 -1.556639
v 1.414260 4.997251 -2.200539
v 1.252800 4.997251 -2.200539
v 1.414260 5.516490 -2.675109
v 1.252800 5.516490 -2.675109
v 1.053830 4.997251 -2.252299
v 1.053830 5.516490 -2.629969
v 1.506450 3.945030 -2.887659
v 1.503970 3.895241 -2.327289
v 2.009140 2.374940 -2.525870
v 2.181780 2.010581 -3.141470
v 2.196660 1.940570 -2.589810
v 2.373160 1.397601 -2.677330
v 2.388740 1.331481 -3.213980
v 2.302980 0.796299 -2.693680
v 2.587710 1.331481 -3.265740
v 2.663410 0.796298 -2.689440
v 2.733580 1.397601 -2.629290
v 2.749170 1.331481 -3.265740
v 2.542240 2.010581 -3.185440
v 2.554260 1.911721 -3.476910
v 2.372960 2.451971 -3.335520
v 2.356040 2.498430 -3.403110
v 2.014380 3.322241 -4.666269
v 1.802330 4.196560 -3.403109
v 1.710970 4.477831 -4.666269
v 1.586710 4.923981 -3.403109
v 1.542760 5.170421 -4.666269
v 1.414260 5.695841 -5.397259
v 1.573000 4.970440 -3.335519
v 1.252800 5.695841 -5.397259
v 1.252800 5.805431 -6.433489
v 1.365400 5.942421 -7.728789
v 1.519300 5.407311 -6.193259
v 1.516700 5.407311 -6.105979
v 1.527780 5.360851 -6.038399
v 1.618280 4.779371 -6.038399
v 1.547180 5.170421 -4.888719
v 1.533000 5.216881 -4.821129
v 1.531450 5.216881 -4.733849
v 1.394750 5.170421 -4.666269
v 1.730640 4.066331 -4.666269
v 1.742160 4.006751 -4.666269
v 1.874160 3.322241 -4.666269
v 1.893160 3.275781 -4.733850
v 2.034220 3.275781 -4.733850
v 2.028020 3.275781 -4.821129
v 1.998560 3.322241 -4.888720
v 1.886360 3.275781 -4.821129
v 1.856810 3.322241 -4.888720
v 1.721290 4.013491 -4.888720
v 1.612150 4.048721 -6.051849
v 1.627380 4.011511 -6.105979
v 1.620570 4.011511 -6.193260
v 1.479710 4.078071 -7.020559
v 2.244300 2.490880 -3.585860
v 2.168170 2.464020 -3.647550
v 1.398540 4.045021 -7.074820
v 1.166570 5.739881 -6.491559
v 1.117720 5.876872 -7.665659
v 1.305380 4.033951 -7.334420
v 1.386550 4.043721 -7.402229
v 1.203950 5.942421 -7.728789
v 1.364410 4.207341 -7.548600
v 1.228850 5.707662 -7.828909
v 1.390310 5.707662 -7.828909
v 1.525870 4.207341 -7.548600
v 1.513890 5.118961 -7.583659
v 1.286500 5.686101 -6.419209
v 1.511290 4.128071 -6.949339
v 1.591610 4.057971 -6.260849
v 1.592960 4.054921 -6.256410
v 1.736370 4.057971 -6.260849
v 1.577440 4.109451 -6.260849
v 1.329910 5.360851 -6.260849
v 1.603250 4.828251 -6.260849
v 1.548010 4.043721 -7.402229
v 1.534410 5.360851 -6.260849
v 1.322530 5.407311 -6.193259
v 1.321390 5.407311 -6.105979
v 1.327000 5.360851 -6.038399
v 1.598810 4.103431 -6.038390
v 1.752190 4.057971 -6.038400
v 1.695940 4.526711 -4.888719
v 1.411750 5.170421 -4.888719
v 1.709260 4.072351 -4.888720
v 1.610330 4.057971 -6.038400
v 1.772030 4.011511 -6.105979
v 1.765830 4.011511 -6.193260
v 2.392800 1.911721 -3.476910
v 2.380750 2.010581 -3.185420
v 1.705420 3.945030 -2.904299
v 2.172750 2.498430 -3.180660
v 1.732030 3.955570 -3.180659
v 1.695460 4.012091 -2.960639
v 1.309510 5.434230 -2.754369
v 1.383400 5.216881 -4.821129
v 1.382690 5.216881 -4.733849
v 1.439120 4.970440 -3.335519
v 1.452170 4.923981 -3.403109
v 1.740450 4.027620 -3.403109
v 1.753450 3.964051 -3.403109
v 2.209600 2.498430 -3.403110
v 2.225030 2.451971 -3.335520
v 2.316680 1.973001 -3.538600
v 2.211020 2.451971 -3.248240
v 2.340700 2.498430 -3.180660
v 2.368970 2.451971 -3.248240
v 1.571970 4.970440 -3.248239
v 1.586600 4.923981 -3.180659
v 1.841370 4.083701 -2.904309
v 1.864380 3.895241 -2.283579
v 1.553620 4.621531 -1.711509
v 1.529680 4.667991 -1.643919
v 1.338020 4.667991 -1.643919
v 1.334770 4.667991 -1.556639
v 1.866450 3.836880 -1.489059
v 2.578700 1.851240 -1.489060
v 2.594220 1.804780 -1.556640
v 2.279680 1.804780 -1.643920
v 2.594830 1.804780 -1.643920
v 2.580240 1.851240 -1.711510
v 2.557130 1.940570 -2.554150
v 1.819740 4.146231 -3.180659
v 1.450550 4.923981 -3.180659
v 1.717830 4.019811 -3.180659
v 1.438480 4.970440 -3.248239
v 1.865870 3.853220 -1.711509
v 1.582140 3.854760 -1.711509
v 1.355040 4.621531 -1.711509
v 1.580720 3.895241 -2.283599
v 2.210260 2.345600 -1.711510
v 2.208120 2.374940 -2.494030
v 2.196400 2.023360 -1.711510
v 2.194040 2.047991 -2.554150
v 2.262430 1.851240 -1.711510
v 2.311830 1.076290 2.080070
v 1.966130 1.672670 2.080060
v 2.292290 1.065160 3.153420
v 2.161710 1.696769 3.158140
v 1.274510 3.771349 3.195851
v 1.276450 4.112269 2.080071
v 1.965960 1.672720 2.313750
v 1.939860 1.021380 2.313750
v 1.940030 1.021330 2.080060
v 1.761940 0.682594 2.080060
v 1.761760 0.682641 2.313750
v 0.800095 0.674710 2.313750
v -1.761940 0.682595 2.080060
v -1.821210 0.331150 2.056270
v 1.821200 0.331150 2.056270
v 2.206220 0.385746 -2.727250
v -2.206220 0.385746 -2.727250
v -2.453910 0.798648 -2.683300
v -2.453910 1.317961 -3.257480
v -1.940030 1.021330 2.080060
v -1.939860 1.021380 2.313750
v -1.965960 1.672720 2.313750
v -1.981780 1.694440 1.922900
v -1.182010 4.058589 1.977041
v -1.284940 3.548820 1.201101
v -1.140720 4.154530 1.079761
v -1.101350 4.216320 1.132741
v -1.087980 4.368520 0.952747
v -1.048610 4.430300 1.005721
v -1.132390 4.487890 0.020312
v -1.092990 4.549680 -0.044263
v -1.149660 4.656900 -0.557385
v -1.252800 4.809450 -0.577213
v -1.196230 4.391420 -0.534497
v -1.170410 4.362550 -0.144055
v -1.209810 4.300760 -0.079419
v -1.431760 3.816630 -0.345105
v -1.258550 4.326560 -0.545239
v -1.414260 4.809450 -0.641575
v -1.868770 3.770980 -0.591992
v -2.199700 1.988930 -0.533892
v -2.296260 1.943690 -0.338331
v -1.625310 3.816630 -0.345105
v -2.428190 2.026000 -0.338331
v -1.416900 3.548820 1.201101
v -2.044370 1.781500 1.294240
v -2.406850 1.356650 -0.298468
v -2.153290 1.889670 1.280570
v -2.260560 1.851240 -1.489060
v -2.197030 2.016850 -1.489060
v -2.213490 2.301390 -0.532505
v -2.210870 2.337260 -1.489060
v -1.585090 3.770980 -0.527641
v -1.582700 3.839020 -1.489059
v -1.347210 4.621531 -1.489059
v -1.334780 4.667991 -1.556639
v -1.252800 4.997251 -2.200539
v -1.414260 4.997251 -2.200539
v -1.414260 5.516490 -2.675109
v -1.841370 4.083701 -2.904309
v -1.864410 3.895241 -2.283579
v -2.542210 2.010581 -3.185440
v -2.557100 1.940570 -2.554150
v -2.733580 1.397601 -2.629290
v -2.749170 1.331481 -3.265740
v -2.663420 0.796298 -2.689440
v -2.587710 1.331481 -3.265740
v -2.374000 0.796299 -2.689440
v -2.460420 0.769831 -0.299879
v -2.171010 0.769834 -0.299855
v -2.696260 1.356650 -0.298475
v -2.562740 1.881500 -0.598280
v -2.594230 1.804780 -1.556640
v -1.278260 4.913899 2.228811
v -1.274510 4.081160 3.357851
v 1.274510 3.929699 3.262501
v 0.767063 3.771349 3.195871
v 0.764544 3.766330 3.009741
v -0.764547 3.766330 3.009741
v -0.800098 0.674710 2.313750
v -0.765406 4.113309 2.313011
v 0.765403 4.113309 2.313011
v 1.132720 4.112319 2.313751
v -1.132730 4.112319 2.313751
v -1.761770 0.682642 2.313750
v 0.799540 0.558492 3.151790
v 1.981750 1.694440 1.922900
v 2.044370 1.781500 1.294240
v 1.284940 3.548820 1.201101
v 1.416900 3.548820 1.201101
v 2.153260 1.889670 1.280570
v 2.428220 2.026000 -0.338331
v 1.625310 3.816630 -0.345105
v 1.431760 3.816630 -0.345105
v 1.274510 4.081160 3.357851
v -1.274510 4.181200 3.483251
v -1.285740 5.827940 2.965261
v -1.723180 6.005590 -1.999769
v -1.589840 7.751201 -1.655159
v -1.459690 7.613710 -1.286629
v -1.073910 5.111569 4.636891
v -1.350770 8.017351 -5.315809
v 1.101350 4.216320 1.132741
v 1.182010 4.058589 1.977041
v 1.140720 4.154530 1.079761
v 1.087980 4.368520 0.952747
v 1.132390 4.487890 0.020312
v 1.209810 4.300760 -0.079419
v 1.170410 4.362550 -0.144055
v 1.092990 4.549680 -0.044263
v 1.048610 4.430300 1.005721
v -1.541930 4.621531 -1.489059
v -1.866450 3.836880 -1.489059
v -2.578710 1.851240 -1.489060
v -2.278950 1.804780 -1.556640
v -2.279680 1.804780 -1.643920
v -2.444170 1.397601 -2.629310
v -2.262430 1.851240 -1.711510
v -2.194040 2.047991 -2.554150
v -2.196670 1.940570 -2.589810
v -2.373160 1.397601 -2.677330
v -1.525060 4.667991 -1.556639
v -1.529690 4.667991 -1.643919
v -1.553620 4.621531 -1.711509
v -1.865880 3.853220 -1.711509
v -2.580240 1.851240 -1.711510
v -2.594830 1.804780 -1.643920
v -2.196410 2.023360 -1.711510
v -2.210260 2.345600 -1.711510
v -1.582150 3.854760 -1.711509
v -1.355050 4.621531 -1.711509
v -1.338030 4.667991 -1.643919
v -1.580730 3.895241 -2.283599
v -1.503970 3.895241 -2.327289
v -2.009140 2.374940 -2.525870
v -2.208120 2.374940 -2.494030
v -2.181780 2.010581 -3.141470
v -1.506450 3.945030 -2.887659
v -1.705430 3.945030 -2.904299
v -2.380760 2.010581 -3.185420
v -2.388740 1.331481 -3.213980
v -2.302980 0.796299 -2.693680
v -2.392800 1.911721 -3.476910
v -2.244300 2.490880 -3.585860
v -2.225030 2.451971 -3.335520
v -2.209610 2.498430 -3.403110
v -1.874160 3.322241 -4.666269
v -1.753450 3.964051 -3.403109
v -1.742170 4.006751 -4.666269
v -1.740450 4.027620 -3.403109
v -1.730640 4.066331 -4.666269
v -1.452170 4.923981 -3.403109
v -1.394760 5.170421 -4.666269
v -1.710980 4.477831 -4.666269
v -2.014380 3.322241 -4.666269
v -1.893170 3.275781 -4.733850
v -1.886360 3.275781 -4.821129
v -2.028020 3.275781 -4.821129
v -1.998560 3.322241 -4.888720
v -1.856810 3.322241 -4.888720
v -1.721290 4.013491 -4.888720
v -1.709270 4.072351 -4.888720
v -1.695950 4.526711 -4.888719
v -1.752190 4.057971 -6.038400
v -2.554260 1.911721 -3.476910
v -1.772030 4.011511 -6.105979
v -1.765830 4.011511 -6.193260
v -1.548010 4.043721 -7.402229
v -1.386550 4.043721 -7.402229
v -2.316680 1.973001 -3.538600
v -1.305380 4.033951 -7.334420
v -1.398540 4.045021 -7.074820
v -1.117720 5.876872 -7.665659
v -1.166580 5.739881 -6.491559
v -1.252800 5.805431 -6.433489
v -1.203950 5.942421 -7.728789
v -1.364410 4.207341 -7.548600
v -1.525870 4.207341 -7.548600
v -1.513890 5.118961 -7.583659
v -1.390310 5.707662 -7.828909
v -1.228850 5.707662 -7.828909
v -1.365410 5.942421 -7.728789
v -1.534410 5.360851 -6.260849
v -1.603250 4.828251 -6.260849
v -1.736370 4.057971 -6.260849
v -1.620570 4.011511 -6.193260
v -1.592960 4.054921 -6.256410
v -1.591610 4.057971 -6.260849
v -1.577440 4.109451 -6.260849
v -1.329910 5.360851 -6.260849
v -1.519300 5.407311 -6.193259
v -1.322530 5.407311 -6.193259
v -1.516700 5.407311 -6.105979
v -1.321390 5.407311 -6.105979
v -1.327010 5.360851 -6.038399
v -1.309510 5.434230 -2.754369
v -1.286500 5.686101 -6.419209
v -1.252800 5.695841 -5.397259
v -1.414260 5.695841 -5.397259
v -1.527780 5.360851 -6.038399
v -1.618280 4.779371 -6.038399
v -1.598810 4.103431 -6.038390
v -1.411760 5.170421 -4.888719
v -1.383410 5.216881 -4.821129
v -1.382690 5.216881 -4.733849
v -1.439120 4.970440 -3.335519
v -1.438490 4.970440 -3.248239
v -1.450550 4.923981 -3.180659
v -1.695460 4.012091 -2.960639
v -1.252800 5.516490 -2.675109
v -1.573000 4.970440 -3.335519
v -1.586710 4.923981 -3.403109
v -1.542760 5.170421 -4.666269
v -1.531450 5.216881 -4.733849
v -1.533000 5.216881 -4.821129
v -1.547180 5.170421 -4.888719
v -1.610330 4.057971 -6.038400
v -1.802330 4.196560 -3.403109
v -2.356050 2.498430 -3.403110
v -2.034230 3.275781 -4.733850
v -2.372970 2.451971 -3.335520
v -2.368970 2.451971 -3.248240
v -2.340700 2.498430 -3.180660
v -1.819740 4.146231 -3.180659
v -1.586610 4.923981 -3.180659
v -1.571980 4.970440 -3.248239
v -1.717830 4.019811 -3.180659
v -1.732030 3.955570 -3.180659
v -2.172750 2.498430 -3.180660
v -2.211020 2.451971 -3.248240
v -1.612150 4.048721 -6.051849
v -1.627380 4.011511 -6.105979
v -1.479710 4.078071 -7.020559
v -1.511300 4.128071 -6.949339
v -2.168180 2.464020 -3.647550
v -1.053830 4.997251 -2.252299
v -1.053830 5.516490 -2.629969
v -0.841984 5.021120 1.607781
v 0.701955 3.794858 8.451051
v 0.729462 3.770779 8.508961
v 0.877441 3.562879 8.153121
v 0.848818 3.583249 8.106871
v 1.215400 3.563789 5.082921
v 0.918674 3.363129 8.018451
v 0.962143 3.309808 8.076861
v 0.864066 3.515898 8.425441
v 0.695514 3.627269 8.587711
v 0.000000 3.622648 8.888131
v 0.000000 3.023389 8.770151
v 0.000000 2.369848 8.703480
v -0.206695 1.938349 8.695760
v -0.067459 1.746579 8.575190
v 0.054550 1.271039 8.603940
v -0.077103 0.983407 8.601420
v -0.357438 0.983049 8.575800
v 0.000000 1.092719 8.745760
v 0.118216 1.329169 8.726960
v 0.146951 1.420949 8.589840
v 0.054550 1.735769 8.588550
v 0.000000 1.824279 8.721540
v 0.121818 1.863929 8.707050
v 0.411987 2.311959 8.658920
v 0.328882 1.694479 8.692120
v 0.118939 1.746449 8.581090
v 0.219632 1.640119 8.574740
v 0.233632 1.490399 8.578650
v 0.347608 1.529819 8.696190
v 0.606232 1.705649 8.632130
v 0.690944 1.697129 8.374000
v 0.683793 1.825879 8.413460
v 0.849304 2.082449 7.946830
v 0.755875 2.060909 8.351070
v 1.118040 2.263889 8.288190
v 0.911072 2.195219 8.522630
v 1.022630 2.594779 8.331130
v 0.992534 2.443899 7.931681
v 1.080630 2.714108 8.206850
v 1.226510 2.633889 7.924211
v 1.108270 2.902879 7.948151
v 1.196450 2.769159 7.852180
v 1.083530 2.947129 7.967580
v 1.356260 3.247429 5.236351
v 1.471070 2.995439 5.126531
v 1.402600 3.171329 5.104590
v 1.190910 3.310739 5.065791
v 1.241870 3.209909 4.979470
v 1.334470 2.975349 4.997780
v 1.590610 2.739129 4.991500
v 1.722090 2.467689 4.807240
v 1.637330 2.670969 4.829501
v 1.447050 2.759319 4.784070
v 0.887207 3.064449 8.392081
v 0.655518 3.458179 8.595381
v 0.543414 2.930539 8.553841
v 0.697266 2.047399 8.604660
v 0.770358 2.890629 8.491900
v 1.278260 2.557679 7.776781
v 1.002630 2.241079 7.332301
v 0.685799 2.073929 7.554941
v 1.044010 1.740399 7.624801
v 0.750067 1.632109 8.179220
v 1.144490 1.742649 7.122321
v 1.248440 2.029809 6.975350
v 1.520430 2.375799 7.098220
v 1.467030 2.568039 7.055750
v 1.414260 2.461519 7.383911
v 1.363510 2.481069 7.550440
v 1.347710 2.435109 7.665891
v 1.931840 1.634379 6.010750
v 2.082930 1.448619 6.062640
v 1.925680 1.622529 6.101070
v 1.863990 1.780219 6.200740
v 1.671450 2.200699 6.755661
v 1.587340 2.227139 7.023681
v 1.124950 1.682389 6.862831
v 1.370210 1.549689 6.853110
v 1.676110 1.602049 6.516911
v 1.700760 2.137279 6.680820
v 1.819340 1.766379 6.638210
v 1.844400 1.736739 6.495390
v 1.843420 1.821339 6.271931
v 1.889700 1.695829 6.202421
v 2.055270 1.097129 6.145960
v 1.807000 1.251539 6.539560
v 1.498170 1.261759 6.812840
v 1.728100 0.898488 6.856660
v 1.999760 0.735338 6.572920
v 2.047930 0.996717 6.146650
v 2.759770 1.188661 -3.492080
v 2.653810 1.505411 -4.519239
v 2.439210 1.438171 -4.725050
v 2.720090 0.958164 -3.721080
v 2.440610 0.406909 -2.752520
v 2.191530 0.323977 -2.815260
v 1.876530 0.277986 4.289720
v 2.439210 0.805416 -3.876230
v 1.287110 3.780612 -8.170639
v 0.000000 3.690732 -8.353619
v 1.040360 6.314601 -5.362249
v 0.982541 6.569692 -7.679939
vt 1.001080 0.365047
vt 1.001080 0.375644
vt 0.985087 0.365047
vt 0.936616 0.779092
vt 0.913685 0.788639
vt 0.919953 0.798627
vt 0.519481 0.497072
vt 0.298497 0.520863
vt 0.512001 0.528094
vt 0.274562 0.481898
vt 0.539769 0.438901
vt 0.345726 0.464860
vt 0.345724 0.575399
vt 0.480361 0.584884
vt 0.505487 0.447950
vt 0.505488 0.584884
vt 0.480360 0.447949
vt 0.391278 0.455849
vt 1.001080 0.321388
vt 0.985086 0.321388
vt 1.001080 0.365047
vt 0.985086 0.312063
vt 0.942743 0.881328
vt 0.931960 0.867880
vt 0.927672 0.879058
vt 0.919954 0.798627
vt 0.980484 0.883118
vt 0.928127 0.788155
vt 0.932213 0.782919
vt 0.998088 0.884471
vt 0.953407 0.786480
vt 0.870253 0.061697
vt 0.771371 0.116352
vt 0.770479 0.058635
vt 0.872272 0.116352
vt 0.870253 0.171007
vt 0.770480 0.174068
vt 0.998088 0.884471
vt 0.932213 0.782919
vt 0.953407 0.786480
vt 0.980484 0.883118
vt 0.997430 0.894603
vt 0.880569 0.171613
vt 0.877766 0.116352
vt 0.880569 0.061090
vt 0.997430 0.894603
vt 0.902714 0.979339
vt 0.861097 0.917104
vt 0.827803 0.867317
vt 1.001080 0.250336
vt 0.985086 0.250336
vt 1.001080 0.301263
vt 0.985086 0.301263
vt 1.001080 0.330916
vt 0.463012 0.380039
vt 0.445581 0.382928
vt 0.442792 0.362225
vt 0.425341 0.381778
vt 0.441442 0.419934
vt 0.426091 0.435217
vt 0.441442 0.336658
vt 0.558027 0.344686
vt 0.442792 0.362225
vt 0.302367 0.381391
vt 0.445580 0.382928
vt 0.290254 0.361944
vt 0.985088 0.330916
vt 1.001080 0.444827
vt 1.001080 0.330916
vt 0.985088 0.444827
vt 0.690875 0.834053
vt 0.682275 0.880980
vt 0.516920 0.809958
vt 0.695828 0.897463
vt 0.667515 0.961031
vt 0.833025 0.965739
vt 0.824314 0.973236
vt 0.842647 0.992437
vt 0.824891 0.993051
vt 0.073031 0.333345
vt 0.057736 0.327147
vt 0.001385 0.276268
vt 0.004205 0.328863
vt 0.986291 0.170479
vt 0.992258 0.116352
vt 0.995826 0.169641
vt 0.982499 0.116352
vt 0.911806 0.996578
vt 0.902714 0.979339
vt 0.904798 0.998598
vt 0.861097 0.917104
vt 0.827803 0.867317
vt 0.711203 0.858777
vt 0.985088 0.301263
vt 1.001080 0.301263
vt 0.985088 0.250336
vt 1.001080 0.250336
vt 0.564326 0.373320
vt 0.463012 0.380039
vt 0.477018 0.402248
vt 0.412203 0.327131
vt 0.426091 0.328340
vt 0.412203 0.436426
vt 0.564326 0.373320
vt 0.477018 0.402248
vt 0.566217 0.397124
vt 0.651660 0.371705
vt 0.653036 0.395541
vt 0.343545 0.465007
vt 0.376900 0.456960
vt 0.376900 0.575876
vt 0.391278 0.576985
vt 1.001080 0.312063
vt 1.001080 0.321388
vt 0.985087 0.321388
vt 0.942743 0.881328
vt 0.931960 0.867880
vt 0.919953 0.798627
vt 0.927672 0.879057
vt 0.928127 0.788155
vt 0.913685 0.790837
vt 0.985087 0.375644
vt 0.985086 0.465560
vt 0.745548 0.694376
vt 0.775310 0.681198
vt 0.736502 0.665522
vt 1.001080 0.465560
vt 0.985086 0.480586
vt 0.291054 0.527813
vt 0.872776 0.177256
vt 0.881404 0.182713
vt 0.881403 0.427448
vt 0.822922 0.406892
vt 0.822923 0.203268
vt 0.539768 0.601361
vt 0.519481 0.497072
vt 0.298497 0.520863
vt 0.274562 0.481898
vt 0.512001 0.528094
vt 0.936616 0.779092
vt 0.919953 0.798627
vt 0.913684 0.788639
vt 0.985086 0.365047
vt 1.001080 0.375644
vt 0.985086 0.375644
vt 0.913684 0.790836
vt 0.775310 0.681198
vt 0.790193 0.674609
vt 0.799010 0.671525
vt 0.946598 0.778946
vt 0.601584 0.116352
vt 0.595562 0.002461
vt 0.759626 0.056254
vt 0.561113 0.116352
vt 0.555929 0.002461
vt 0.506390 0.014027
vt 0.506390 0.116352
vt 0.174653 0.028735
vt 0.174547 0.116352
vt 0.066163 0.039549
vt 0.053702 0.046360
vt 0.006472 0.085429
vt 0.006472 0.095622
vt 0.006472 0.116352
vt 0.723112 0.276269
vt 0.746997 0.250384
vt 0.746996 0.276270
vt 0.722035 0.257634
vt 0.714812 0.276268
vt 0.714802 0.270757
vt 0.699860 0.276268
vt 0.699884 0.300290
vt 0.714756 0.308549
vt 0.721196 0.309365
vt 0.746996 0.314883
vt 0.258584 0.616177
vt 0.227143 0.649801
vt 0.234911 0.630411
vt 0.242432 0.643225
vt 0.255944 0.637415
vt 0.289428 0.636996
vt 0.278349 0.667408
vt 0.284142 0.673483
vt 0.292984 0.652893
vt 0.301327 0.633161
vt 0.306140 0.640721
vt 0.315107 0.632425
vt 0.316430 0.624956
vt 0.313342 0.618452
vt 0.301912 0.616932
vt 0.053702 0.186343
vt 0.006472 0.147275
vt 0.066162 0.193155
vt 0.089885 0.195520
vt 0.340483 0.625306
vt 0.335105 0.618424
vt 0.336473 0.632474
vt 0.412932 0.626362
vt 0.412932 0.632649
vt 0.350573 0.638449
vt 0.412932 0.636965
vt 0.351005 0.645031
vt 0.412932 0.654176
vt 0.341191 0.661382
vt 0.343381 0.670491
vt 0.353812 0.682582
vt 0.412933 0.680421
vt 0.316801 0.739109
vt 0.325457 0.757208
vt 0.412932 0.691941
vt 0.405012 0.704247
vt 0.412932 0.698179
vt 0.406087 0.714407
vt 0.401661 0.713002
vt 0.395241 0.721118
vt 0.386639 0.770711
vt 0.412932 0.776514
vt 0.400029 0.787348
vt 0.410613 0.784479
vt 0.415382 0.785256
vt 0.419150 0.790961
vt 0.398001 0.839981
vt 0.424871 0.796403
vt 0.433149 0.799230
vt 0.469604 0.872833
vt 0.390346 0.848939
vt 0.469444 0.884161
vt 0.651729 0.954726
vt 0.652024 0.967255
vt 0.665078 0.974834
vt 0.210682 0.341250
vt 0.210682 0.276267
vt 0.221924 0.330703
vt 0.501149 0.830916
vt 0.447416 0.797316
vt 0.439552 0.799632
vt 0.201737 0.622915
vt 0.194157 0.567522
vt 0.194157 0.622915
vt 0.201737 0.567522
vt 0.211536 0.622915
vt 0.211537 0.567522
vt 0.218310 0.622915
vt 0.218310 0.567522
vt 0.225525 0.622915
vt 0.225525 0.567522
vt 0.231605 0.567521
vt 0.231605 0.622915
vt 0.159916 0.564431
vt 0.194196 0.533796
vt 0.232268 0.564431
vt 0.185337 0.530746
vt 0.183666 0.519056
vt 0.166760 0.514574
vt 0.163551 0.505132
vt 0.152329 0.506610
vt 0.141246 0.497512
vt 0.249773 0.433748
vt 0.135885 0.478296
vt 0.142411 0.433748
vt 0.131971 0.454769
vt 0.133580 0.439342
vt 0.473930 0.500855
vt 0.423125 0.485155
vt 0.477079 0.485155
vt 0.423125 0.500241
vt 0.709802 0.633690
vt 0.461614 0.637425
vt 0.507520 0.638430
vt 0.711816 0.641970
vt 0.509763 0.528243
vt 0.509550 0.528510
vt 0.344255 0.524110
vt 0.985086 0.498277
vt 1.001080 0.480586
vt 1.001080 0.498277
vt 0.872775 0.432905
vt 0.906421 0.175172
vt 0.291054 0.527813
vt 0.985086 0.465560
vt 1.001080 0.465560
vt 0.745548 0.694376
vt 0.736502 0.665523
vt 0.746197 0.660083
vt 0.756006 0.649513
vt 0.762652 0.642508
vt 0.714518 0.624233
vt 0.717206 0.620430
vt 0.412872 0.618322
vt 0.412932 0.626362
vt 0.313342 0.618453
vt 0.316430 0.624956
vt 0.286088 0.616368
vt 0.301327 0.633161
vt 0.274633 0.634780
vt 0.292984 0.652893
vt 0.315107 0.632425
vt 0.412932 0.632649
vt 0.315073 0.639295
vt 0.284142 0.673483
vt 0.264465 0.662688
vt 0.255944 0.637415
vt 0.258584 0.616177
vt 0.227143 0.649801
vt 0.234911 0.630411
vt 0.721199 0.243172
vt 0.746998 0.237656
vt 0.714777 0.256210
vt 0.714756 0.243987
vt 0.229766 0.636865
vt 0.700388 0.246680
vt 0.700753 0.242654
vt 0.694120 0.244991
vt 0.677280 0.244326
vt 0.674570 0.241342
vt 0.667711 0.252246
vt 0.664119 0.252246
vt 0.665968 0.256229
vt 0.663333 0.260975
vt 0.637854 0.252245
vt 0.666154 0.240920
vt 0.650204 0.235613
vt 0.605995 0.243791
vt 0.643303 0.223148
vt 0.606356 0.232486
vt 0.584350 0.238048
vt 0.237151 0.746104
vt 0.224611 0.742540
vt 0.219535 0.764160
vt 0.241601 0.709391
vt 0.231559 0.706243
vt 0.244162 0.693579
vt 0.228045 0.699463
vt 0.226869 0.683792
vt 0.256819 0.679184
vt 0.276085 0.689599
vt 0.306934 0.679041
vt 0.412932 0.654177
vt 0.412932 0.636965
vt 0.709802 0.633690
vt 0.711816 0.641970
vt 0.507520 0.638430
vt 0.461614 0.637425
vt 0.461544 0.654420
vt 0.370328 0.857653
vt 0.260922 0.798930
vt 0.244294 0.799623
vt 0.287185 0.808768
vt 0.507520 0.683445
vt 0.461342 0.683384
vt 0.459727 0.778521
vt 0.507520 0.654930
vt 2.179320 1.698090
vt 1.966130 1.672670
vt 2.311860 1.076290
vt 1.276450 4.112280
vt -1.276450 4.112270
vt -1.966130 1.672670
vt -1.132900 4.112270
vt 0.507520 0.794155
vt 0.456871 0.785783
vt 0.170953 0.567522
vt 0.164341 0.567522
vt 0.164342 0.578549
vt 0.366871 0.876005
vt 0.228971 0.848813
vt 0.236408 0.809334
vt 0.423125 0.485335
vt 0.423126 0.500423
vt 0.477079 0.485335
vt 0.473930 0.501036
vt 0.260212 0.454769
vt 0.258604 0.439342
vt 0.256299 0.478296
vt 0.412932 0.680422
vt 0.325457 0.757208
vt 0.412932 0.776514
vt 0.307326 0.720785
vt 0.268613 0.708345
vt 0.257554 0.704791
vt 0.255334 0.740724
vt 0.247387 0.768961
vt 0.234212 0.766424
vt 0.223550 0.771475
vt 0.572949 0.276266
vt 0.575551 0.235847
vt 0.567107 0.233736
vt 0.567311 0.276266
vt 0.447316 0.231774
vt 0.377160 0.276267
vt 0.379183 0.223434
vt 0.221922 0.221833
vt 0.219561 0.276267
vt 0.210682 0.211286
vt 0.073031 0.219191
vt 0.057736 0.225389
vt 0.004205 0.223673
vt 0.986291 0.062224
vt 0.995826 0.063062
vt 0.911806 0.996578
vt 0.904796 0.998598
vt 0.842647 0.992437
vt 0.833025 0.965739
vt 0.695828 0.897463
vt 0.711203 0.858777
vt 0.690875 0.834053
vt 0.985086 0.330916
vt 1.001080 0.444827
vt 0.985087 0.444827
vt 0.834896 0.424130
vt 0.823584 0.409104
vt 0.834896 0.422836
vt 0.595936 0.332075
vt 0.614165 0.432991
vt 0.595936 0.433169
vt 0.614165 0.332253
vt 0.620492 0.819131
vt 0.516920 0.811448
vt 0.621342 0.826127
vt 0.619512 0.806956
vt 0.619972 0.803982
vt 0.624097 0.826127
vt 0.990840 0.494257
vt 0.995957 0.456979
vt 0.986272 0.491919
vt 0.660400 0.817509
vt 0.619218 0.778504
vt 0.660400 0.781624
vt 0.660400 0.712756
vt 0.619426 0.711111
vt 0.660400 0.698063
vt 0.619486 0.696782
vt 0.660400 0.690468
vt 0.609402 0.667787
vt 0.663295 0.688337
vt 0.709241 0.669665
vt 0.711816 0.642090
vt 0.609461 0.640877
vt -2.460540 0.307621
vt -2.171100 0.307688
vt -2.374830 2.697350
vt 0.993422 0.301445
vt 0.993775 0.230680
vt 0.986043 0.240860
vt -2.406840 1.355930
vt -2.696290 1.355930
vt -2.460450 0.769112
vt 0.987237 0.327708
vt 0.985689 0.311625
vt 0.611109 0.694708
vt 0.622244 0.691856
vt 0.994396 0.361560
vt 0.994470 0.350869
vt 0.621975 0.778504
vt 0.507520 0.683445
vt 0.986845 0.447048
vt 0.660400 0.817509
vt 0.663295 0.819639
vt 0.690875 0.834739
vt 1.414260 1.212180
vt 1.414260 2.782420
vt 1.252800 2.782420
vt 1.414260 5.876730
vt 1.252800 5.173300
vt 1.414260 5.173300
vt 1.252800 5.876730
vt 0.711203 0.858550
vt 0.693092 0.834739
vt 0.690875 0.834739
vt 0.709269 0.858550
vt 0.720307 0.786486
vt 0.696304 0.784203
vt 0.704811 0.714484
vt 0.731179 0.697775
vt 0.707549 0.694564
vt 0.711298 0.669665
vt 0.734285 0.666633
vt 0.711998 0.642090
vt 0.736502 0.666633
vt -2.663420 2.512590
vt -2.374000 2.512590
vt -2.587720 3.299070
vt 0.711816 0.642090
vt 0.609462 0.640877
vt 0.609402 0.667787
vt 0.709240 0.669665
vt 0.736502 0.666633
vt 0.733062 0.697775
vt 0.745547 0.693241
vt 0.739491 0.718017
vt 0.742386 0.720147
vt 0.796492 0.757926
vt 0.742386 0.798020
vt 0.796492 0.810919
vt 0.742386 0.831379
vt 0.796492 0.842680
vt 0.827803 0.866775
vt 0.739491 0.833509
vt 0.711203 0.858551
vt 1.414260 5.760030
vt 1.252800 3.031970
vt 1.414260 3.031970
vt 1.414990 5.759840
vt 1.253530 5.759860
vt 1.253160 3.031810
vt 1.414710 5.966240
vt 1.253340 7.008270
vt 1.253250 5.966250
vt 1.414160 5.966390
vt 1.365260 8.310930
vt 1.252690 7.008400
vt 0.927672 0.878083
vt 0.861899 0.853543
vt 0.858160 0.853543
vt 0.855265 0.851413
vt 0.855265 0.824747
vt 0.806020 0.842680
vt 0.803125 0.844811
vt 0.799387 0.844811
vt 0.986207 0.233522
vt 0.998426 0.233522
vt 0.986201 0.236743
vt 0.985748 0.497957
vt 0.985887 0.449348
vt 0.997758 0.497946
vt 0.998322 0.423824
vt 0.997318 0.420128
vt 0.986054 0.376439
vt 0.997817 0.376411
vt 0.997839 0.373188
vt 0.985768 0.373225
vt 0.986107 0.369066
vt 0.803125 0.755795
vt 0.799387 0.755795
vt 0.806020 0.757926
vt 0.985833 0.365844
vt 0.997782 0.369028
vt 0.998061 0.365805
vt 0.997851 0.319808
vt 0.855842 0.791241
vt 0.806020 0.757926
vt 0.806020 0.789625
vt 0.858160 0.789534
vt 0.861899 0.789534
vt 0.897335 0.792587
vt 0.803125 0.755795
vt 0.750214 0.719801
vt 0.752856 0.718569
vt 0.899659 0.791071
vt 0.874676 0.868795
vt 0.924968 0.875077
vt 0.910779 0.790564
vt 0.913684 0.791011
vt 0.927672 0.878083
vt 0.919954 0.798515
vt 0.931960 0.867317
vt -1.390310 7.048410
vt -1.364410 5.522130
vt -1.228850 7.048410
vt -1.525870 5.522130
vt 0.931960 0.867317
vt 0.921455 0.840320
vt 0.919954 0.798515
vt -1.365400 2.434060
vt -1.390310 2.178850
vt -1.228850 2.178850
vt -1.203950 2.434060
vt 0.872189 0.871800
vt 0.871577 0.866328
vt 0.894285 0.794879
vt 0.864794 0.791665
vt 0.864604 0.791525
vt 0.998362 0.244117
vt 0.986113 0.244129
vt 0.986126 0.240902
vt 0.986113 0.244129
vt 0.985648 0.250407
vt 0.864794 0.794026
vt 0.864794 0.851413
vt 0.985834 0.365844
vt 0.998588 0.318424
vt 0.913684 0.791011
vt 0.864794 0.826989
vt 0.864794 0.791665
vt 0.864794 0.851413
vt 0.998061 0.365806
vt 0.997783 0.369028
vt 0.986108 0.369066
vt 0.997839 0.373188
vt 0.985768 0.373225
vt 0.986054 0.376439
vt 0.997818 0.376411
vt 0.998084 0.433998
vt 0.986692 0.491645
vt 0.997759 0.497946
vt 0.806020 0.813161
vt 0.855265 0.791665
vt 0.998362 0.244117
vt 0.986169 0.287975
vt 0.986112 0.244129
vt 0.998247 0.316157
vt 0.855265 0.793750
vt 0.806020 0.792324
vt 0.806020 0.842680
vt 0.855265 0.791665
vt -1.752190 -2.677530
vt -1.612150 -2.693850
vt -1.610330 -2.677530
vt 0.998427 0.233522
vt 0.986202 0.236743
vt 0.986207 0.233522
vt 0.998357 0.236743
vt 0.998366 0.240902
vt 0.861899 0.789534
vt 0.858160 0.789534
vt -2.554260 3.967770
vt -2.392800 3.967770
vt -1.548010 8.434700
vt -2.554260 2.985530
vt -2.587710 2.368060
vt -2.392800 2.985530
vt -2.749170 2.368060
vt -2.749170 3.299070
vt 0.745547 0.693241
vt 0.733061 0.697775
vt 0.721020 0.786486
vt 0.732857 0.720147
vt 0.732857 0.786969
vt 0.723433 0.789561
vt 0.714598 0.854778
vt 0.827803 0.866775
vt 0.858160 0.853544
vt 0.861899 0.853544
vt 0.855265 0.851413
vt 0.803125 0.844811
vt 0.986125 0.240902
vt 0.998365 0.240902
vt 0.998356 0.236743
vt 0.799387 0.844811
vt 0.796492 0.842680
vt 0.739491 0.833509
vt 0.742386 0.831379
vt 0.796492 0.792049
vt 0.742386 0.790273
vt 0.796492 0.789316
vt 0.742386 0.787358
vt 0.796492 0.757926
vt 0.742386 0.720147
vt 0.799387 0.755795
vt 0.739491 0.718016
vt 0.748190 0.696051
vt -1.386550 8.434700
vt -1.525870 8.168550
vt -1.548010 7.949010
vt -1.386550 7.949010
vt -1.364410 8.168550
vt 0.735752 0.718016
vt 0.986054 0.376439
vt 0.997839 0.373188
vt 0.997817 0.376411
vt 0.985768 0.373225
vt 0.997782 0.369028
vt 0.986108 0.369066
vt 0.985834 0.365844
vt 0.998061 0.365806
vt 0.998215 0.292382
vt 0.985921 0.280975
vt 0.998309 0.289263
vt 0.998362 0.244117
vt 0.986113 0.244129
vt 0.986125 0.240902
vt 0.998365 0.240902
vt 0.986201 0.236743
vt 0.735752 0.833509
vt 0.732857 0.831379
vt 0.721020 0.792845
vt 0.694432 0.784203
vt 0.669928 0.817509
vt 0.667033 0.819639
vt 0.986125 0.240902
vt 0.986201 0.236743
vt 0.998365 0.240902
vt 0.998357 0.236743
vt 0.998426 0.233522
vt 0.986207 0.233522
vt 0.985748 0.497957
vt 0.997924 0.463617
vt 0.997758 0.497946
vt 0.985778 0.463540
vt 0.660400 0.781526
vt 0.660400 0.690467
vt 0.663295 0.688338
vt 0.985767 0.373225
vt 0.997839 0.373188
vt 0.986054 0.376439
vt 0.997782 0.369028
vt 0.986107 0.369066
vt 0.985833 0.365844
vt 0.669928 0.690468
vt 0.667033 0.688338
vt 0.706022 0.694565
vt 0.732858 0.720147
vt 0.735752 0.718016
vt 0.732857 0.795713
vt 0.985748 0.497957
vt 0.986036 0.456970
vt 0.997758 0.497946
vt 0.998078 0.450765
vt 0.998341 0.447614
vt 0.732857 0.789915
vt 0.732857 0.831379
vt 0.735752 0.833509
vt 0.998427 0.233522
vt 0.998357 0.236743
vt 0.986207 0.233522
vt 0.669928 0.782276
vt 0.986113 0.244129
vt 0.998341 0.277791
vt 0.986272 0.277893
vt 0.998361 0.244117
vt 0.694433 0.784203
vt 0.669928 0.782346
vt 0.669928 0.817509
vt 0.669928 0.713138
vt 0.703447 0.714484
vt 0.669928 0.698361
vt 0.706022 0.699491
vt 0.669928 0.690468
vt 0.667033 0.688337
vt 0.998061 0.365805
vt 0.997841 0.358243
vt 0.998111 0.344102
vt 0.667033 0.819639
vt 0.663295 0.819639
vt 0.507520 0.654930
vt 0.461544 0.654420
vt 0.461342 0.683384
vt 0.459727 0.778521
vt 0.507520 0.794155
vt 1.276450 4.112270
vt 1.966130 1.672670
vt 2.179320 1.698090
vt 1.132900 4.112270
vt 0.823584 0.311891
vt 0.811539 0.311893
vt 0.823584 0.409104
vt 0.811539 0.285939
vt 0.823584 0.285937
vt 0.823584 0.272439
vt 0.811539 0.272441
vt 0.787231 0.405281
vt 0.795208 0.365348
vt 0.795208 0.405273
vt 0.787230 0.258982
vt 0.349355 0.587685
vt 0.349355 0.454607
vt 0.336004 0.589923
vt 0.336002 0.452368
vt 0.345081 0.503470
vt 0.344256 0.522294
vt 0.511075 0.506394
vt 0.540020 0.437828
vt 0.540020 0.604462
vt 0.955040 0.434990
vt 0.974261 0.421878
vt 0.974261 0.188285
vt 0.511075 0.506394
vt 0.509550 0.528510
vt 0.345081 0.503470
vt 0.344256 0.522294
vt 0.344255 0.524110
vt 0.509763 0.528243
vt 1.001080 0.480586
vt 0.985086 0.498277
vt 1.001080 0.498277
vt 0.985086 0.480586
vt 0.906420 0.434990
vt 0.955039 0.175172
vt 0.823584 0.285937
vt 0.811539 0.285939
vt 0.823584 0.272439
vt 0.823584 0.311891
vt 0.811539 0.311893
vt 0.514252 0.683277
vt 0.507520 0.794155
vt 0.507520 0.682279
vt 0.511933 0.791693
vt 0.545169 0.768316
vt 0.550367 0.796093
vt 0.548097 0.798926
vt 0.555807 0.805906
vt 0.553538 0.808740
vt 0.595747 0.811381
vt 0.598513 0.814214
vt 0.516920 0.811448
vt 0.620492 0.819131
vt 0.516920 0.809958
vt 0.621342 0.826127
vt 0.619512 0.806956
vt 0.602788 0.805632
vt 0.600019 0.802799
vt 0.611399 0.780598
vt 0.619972 0.803982
vt 0.624097 0.826127
vt 0.621975 0.778504
vt 0.619486 0.696782
vt 0.611109 0.694708
vt 0.985873 0.293716
vt 0.997578 0.427915
vt 0.997577 0.293716
vt 0.985873 0.427915
vt 0.611399 0.780598
vt 0.545169 0.768316
vt 0.611109 0.698482
vt 0.985873 0.293716
vt 0.985873 0.427915
vt 0.997578 0.427915
vt 0.997577 0.293716
vt 0.997578 0.427915
vt 0.997577 0.293716
vt 0.985873 0.427915
vt 0.541180 0.687270
vt 0.609402 0.667787
vt 0.997577 0.293716
vt 0.985873 0.427915
vt 0.997578 0.427915
vt 0.985873 0.293716
vt 0.541765 0.692231
vt 0.985873 0.293716
vt 0.660400 0.690468
vt 0.660400 0.698063
vt 0.619426 0.711111
vt 0.660400 0.712756
vt 0.619218 0.778504
vt 0.660400 0.781624
vt 0.660400 0.817509
vt 0.663295 0.819639
vt 0.690875 0.834739
vt -1.252800 2.782420
vt -1.414260 2.782420
vt -1.414260 1.212180
vt -1.414260 5.876730
vt -1.414260 5.173300
vt -1.252800 5.173300
vt 0.721020 0.792845
vt 0.690875 0.834739
vt 0.711202 0.858551
vt 0.694432 0.784203
vt 0.733062 0.697775
vt 0.706022 0.694565
vt 0.709240 0.669665
vt 0.736502 0.666633
vt 0.711816 0.642090
vt 2.587710 3.299070
vt 2.663420 2.512590
vt 2.749170 3.299070
vt 2.374010 2.512590
vt 0.711816 0.642090
vt 0.609462 0.640877
vt 2.171110 0.307688
vt 2.460510 0.307621
vt 2.374830 2.697350
vt 0.663295 0.688338
vt 0.609402 0.667787
vt 0.622244 0.691856
vt 2.171010 0.317029
vt 2.203770 -2.063490
vt 2.460420 0.317052
vt 0.507520 0.636876
vt 0.609461 0.640876
vt -1.940030 1.021330
vt -2.203770 0.716494
vt -1.761940 0.682595
vt 1.940040 1.021310
vt 2.203770 0.716471
vt 2.562740 1.930500
vt 2.406850 1.326050
vt 2.696260 1.326050
vt 0.994396 0.361560
vt 0.987237 0.327708
vt 0.994470 0.350869
vt 0.986845 0.447048
vt -1.274510 2.759630
vt -1.276450 2.351070
vt -1.132900 2.351070
vt 0.501149 0.830916
vt 0.452787 0.792728
vt 0.178490 0.567522
vt 0.170953 0.622915
vt 0.164342 0.611888
vt 0.685491 0.414484
vt 0.685491 0.349965
vt 0.673549 0.414378
vt 0.673549 0.350071
vt 0.829302 0.380726
vt 0.815416 0.380956
vt 0.818705 0.233696
vt 0.881223 0.239022
vt 0.881279 0.396629
vt 0.628848 0.414414
vt 0.628848 0.350035
vt 0.881279 0.396629
vt 0.881223 0.239022
vt 0.829302 0.380726
vt 0.364909 0.874875
vt 0.367856 0.859011
vt 0.227952 0.847527
vt 0.613903 0.429869
vt 0.628896 0.429862
vt 0.811539 0.409106
vt 0.277264 0.804703
vt 0.251056 0.800933
vt 0.236088 0.806074
vt 0.613903 0.334580
vt 0.628896 0.334587
vt 0.364920 0.874821
vt 0.227962 0.847473
vt 0.367867 0.858958
vt 0.236100 0.806020
vt 0.795208 0.298914
vt 0.795208 0.258990
vt 0.811539 0.272441
vt 0.251067 0.800879
vt 0.277275 0.804649
vt 0.811539 0.409106
vt 0.818705 0.233696
vt 0.815416 0.380956
vt 0.366863 0.876046
vt 0.228964 0.848854
vt 0.370320 0.857694
vt 0.236401 0.809373
vt 0.962354 0.268533
vt 0.914040 0.268533
vt 0.962354 0.201887
vt 0.843270 0.268533
vt 0.794956 0.201887
vt 0.794956 0.268533
vt 0.244287 0.799664
vt 0.260914 0.798971
vt 2.311830 1.076290
vt 1.940030 1.021330
vt 2.203800 0.716494
vt 0.514252 0.683277
vt 0.507520 0.652410
vt 0.507520 0.682279
vt 0.507520 0.636876
vt 0.426841 0.526966
vt 1.761940 0.682594
vt -2.460450 0.317052
vt -2.203800 -2.063490
vt -2.171010 0.317029
vt 0.541180 0.687270
vt 0.545169 0.768316
vt 0.985873 0.427915
vt 0.997577 0.293716
vt 0.997578 0.427915
vt 0.985873 0.293716
vt 0.611109 0.698482
vt 0.541765 0.692231
vt 0.545169 0.768316
vt 0.985873 0.293716
vt 0.997577 0.293716
vt 0.985873 0.427915
vt 0.985873 0.293716
vt 0.997578 0.427915
vt 0.985873 0.427915
vt 0.997577 0.293716
vt 0.611399 0.780598
vt 0.456871 0.785783
vt 0.452787 0.792728
vt 0.184848 0.622915
vt 0.178490 0.622915
vt 0.184848 0.567522
vt 0.469604 0.872833
vt 0.447416 0.797316
vt 0.439552 0.799632
vt 0.682275 0.880980
vt 0.667515 0.961031
vt 0.651729 0.954726
vt 0.469444 0.884161
vt 0.390346 0.848939
vt 0.398001 0.839981
vt 0.433149 0.799230
vt 0.424871 0.796403
vt 0.419150 0.790961
vt 0.415382 0.785256
vt 0.232145 0.778495
vt 0.652024 0.967255
vt 0.665078 0.974834
vt 0.824891 0.993051
vt 0.824314 0.973236
vt 0.164341 0.622915
vt 1.274510 2.759630
vt 1.132900 2.351070
vt 1.276450 2.351070
vt 0.507520 0.794155
vt 0.548097 0.798926
vt 0.511933 0.791693
vt 0.550367 0.796093
vt 0.555807 0.805906
vt 0.595747 0.811381
vt 0.600019 0.802799
vt 0.997578 0.427915
vt 0.985873 0.293716
vt 0.997577 0.293716
vt 0.985873 0.427915
vt 0.611399 0.780598
vt 0.602788 0.805633
vt 0.598513 0.814214
vt 0.553538 0.808740
vt 0.997578 0.427915
vt 0.287178 0.808808
vt 0.986272 0.491919
vt 0.995957 0.456979
vt 0.660400 0.817509
vt 0.660400 0.781526
vt 0.660400 0.690468
vt 0.997839 0.373188
vt 0.985767 0.373225
vt 0.986054 0.376439
vt 0.997782 0.369028
vt 0.709241 0.669665
vt 0.667033 0.688337
vt 0.663295 0.688337
vt 0.669928 0.690468
vt 0.706022 0.699491
vt 0.707549 0.694564
vt 0.711298 0.669665
vt 0.997817 0.376411
vt 0.998117 0.383681
vt 0.997952 0.397744
vt 0.985778 0.463540
vt 0.997924 0.463617
vt 0.985748 0.497957
vt 0.997758 0.497946
vt 0.998426 0.233522
vt 0.986207 0.233522
vt 0.986201 0.236743
vt 0.663295 0.819639
vt 0.667033 0.819639
vt 0.669928 0.817509
vt 0.669928 0.782275
vt 0.669928 0.690468
vt 0.667033 0.688337
vt 0.986107 0.369066
vt 0.985833 0.365844
vt 0.998061 0.365805
vt 0.997841 0.358243
vt 0.998111 0.344102
vt 0.986272 0.277893
vt 0.998341 0.277791
vt 0.986113 0.244129
vt 0.998361 0.244117
vt 0.986125 0.240902
vt 0.998365 0.240902
vt 0.998357 0.236743
vt 0.667033 0.819639
vt 0.669928 0.817509
vt 0.694433 0.784203
vt 0.696304 0.784203
vt 0.704811 0.714484
vt 0.703447 0.714484
vt 0.669928 0.713138
vt 0.669928 0.782346
vt 0.669928 0.698361
vt 0.731179 0.697775
vt 0.720307 0.786486
vt 0.721020 0.786486
vt 0.733061 0.697775
vt 0.734285 0.666633
vt 0.711998 0.642090
vt 0.736502 0.666633
vt 0.745547 0.693241
vt 0.750214 0.719801
vt 0.739491 0.718016
vt 0.742386 0.720147
vt 0.796492 0.757926
vt 0.742386 0.787358
vt 0.796492 0.789316
vt 0.742386 0.790273
vt 0.796492 0.792049
vt 0.742386 0.831379
vt 0.796492 0.842680
vt 0.997758 0.497946
vt 0.998322 0.423824
vt 0.985887 0.449348
vt 0.997318 0.420128
vt 0.986054 0.376439
vt 0.997817 0.376411
vt 0.997839 0.373188
vt 0.799387 0.755795
vt 0.803125 0.755795
vt 0.997782 0.369028
vt 0.986107 0.369066
vt 0.985833 0.365844
vt 0.998061 0.365805
vt 0.997851 0.319808
vt 0.998247 0.316157
vt 0.986169 0.287975
vt 0.855265 0.791665
vt 0.806020 0.757926
vt 0.806020 0.813161
vt 0.745547 0.693241
vt 0.858160 0.789534
vt 0.861899 0.789535
vt 0.913684 0.791011
vt 1.548010 8.434700
vt 2.392800 3.967770
vt 2.554260 3.967770
vt 1.386550 8.434700
vt 0.913684 0.791011
vt 0.748190 0.696051
vt 0.910779 0.790564
vt 0.899659 0.791071
vt 0.924968 0.875077
vt 0.874676 0.868795
vt 0.872189 0.871800
vt 0.927672 0.878083
vt 0.919954 0.798515
vt 1.364410 8.168550
vt 1.386550 7.949010
vt 1.525870 8.168550
vt 1.548010 7.949010
vt 0.921455 0.840320
vt 0.919953 0.798515
vt 0.931960 0.867317
vt 1.390310 7.048410
vt 1.364410 5.522130
vt 1.525870 5.522130
vt 1.228850 7.048410
vt 0.931960 0.867317
vt 1.203950 2.434060
vt 1.228850 2.178850
vt 1.365410 2.434060
vt 1.390310 2.178850
vt 0.927672 0.878083
vt 0.864794 0.851413
vt 0.864794 0.826989
vt 0.864794 0.791665
vt 0.986126 0.240902
vt 0.998362 0.244117
vt 0.998366 0.240902
vt 0.986113 0.244129
vt 0.986113 0.244129
vt 0.985648 0.250407
vt 0.998588 0.318424
vt 0.985834 0.365844
vt 0.998061 0.365806
vt 0.997783 0.369028
vt 0.986108 0.369066
vt 0.997839 0.373188
vt 0.985768 0.373225
vt 0.986054 0.376439
vt 0.858160 0.853544
vt 0.714598 0.854778
vt 0.855265 0.851413
vt 0.871577 0.866328
vt 0.827803 0.866775
vt -1.253340 7.008270
vt -1.414720 5.966240
vt -1.253260 5.966250
vt -1.252690 7.008400
vt -1.365270 8.310930
vt -1.414170 5.966390
vt -1.203950 8.310900
vt -1.365410 8.310900
vt -1.252800 7.008380
vt 0.861899 0.853543
vt 0.827803 0.866775
vt 0.858160 0.853543
vt 0.855265 0.851413
vt 0.997818 0.376411
vt 0.998084 0.433998
vt 0.986692 0.491645
vt 0.806020 0.842680
vt 0.855265 0.793750
vt 0.803125 0.844811
vt 0.799387 0.844811
vt 0.739491 0.833509
vt 0.735752 0.833509
vt 0.732857 0.831379
vt 0.723433 0.789561
vt 0.711203 0.858550
vt -1.253530 5.759860
vt -1.414990 5.759840
vt -1.253160 3.031810
vt -1.252800 3.031970
vt -1.414260 5.760030
vt -1.414260 3.031970
vt 0.739491 0.833509
vt 0.742386 0.831379
vt 0.796492 0.842680
vt 0.799387 0.844811
vt 0.803125 0.844810
vt 0.806020 0.842680
vt 0.855265 0.824747
vt 0.997759 0.497946
vt 0.985748 0.497957
vt 0.855265 0.791665
vt 0.806020 0.792324
vt 0.998362 0.244117
vt 0.986112 0.244129
vt 0.986125 0.240902
vt 0.998365 0.240902
vt 0.986201 0.236743
vt 0.998356 0.236743
vt 0.998426 0.233522
vt 0.986207 0.233522
vt 0.985748 0.497957
vt 0.796492 0.810919
vt 0.742386 0.798021
vt 0.796492 0.757926
vt 0.742386 0.720147
vt 0.799387 0.755795
vt 0.803125 0.755795
vt 0.985768 0.373225
vt 0.739491 0.718016
vt 2.554260 2.985530
vt 2.587710 2.368060
vt 2.749170 2.368060
vt 2.392800 2.985530
vt 0.735752 0.718016
vt 0.732857 0.720147
vt 0.732857 0.795712
vt 0.732857 0.831379
vt 0.735752 0.833509
vt 0.998427 0.233522
vt 0.986207 0.233522
vt 0.986201 0.236743
vt 0.997758 0.497946
vt 0.986036 0.456970
vt 0.985748 0.497957
vt 0.998078 0.450765
vt 0.732857 0.789915
vt 0.732857 0.786969
vt 0.732857 0.720147
vt 0.735752 0.718016
vt 0.997817 0.376411
vt 0.997839 0.373188
vt 0.986054 0.376439
vt 0.985768 0.373225
vt 0.997782 0.369028
vt 0.986108 0.369066
vt 0.985834 0.365844
vt 0.998061 0.365806
vt 0.998215 0.292382
vt 0.985921 0.280975
vt 0.998309 0.289263
vt 0.998362 0.244117
vt 0.986113 0.244129
vt 0.986125 0.240902
vt 0.998365 0.240902
vt 0.998357 0.236743
vt 0.998341 0.447614
vt 0.806020 0.789625
vt 0.855842 0.791241
vt 1.610330 -2.677530
vt 1.612150 -2.693850
vt 1.752190 -2.677530
vt 0.986207 0.233522
vt 0.986202 0.236743
vt 0.998427 0.233522
vt 0.858160 0.789534
vt 0.806020 0.757926
vt 0.861899 0.789534
vt 0.998357 0.236743
vt 0.897335 0.792587
vt 0.864604 0.791525
vt 0.864794 0.791665
vt 0.894285 0.794879
vt 0.752856 0.718569
vt 0.864794 0.851413
vt 0.861899 0.853544
vt 0.864794 0.794026
vt -1.252800 5.876730
vt 0.693092 0.834739
vt 0.709269 0.858550
vt 2.406850 1.355930
vt 2.171010 0.769114
vt 2.460420 0.769112
vt 0.507520 0.652410
vt 2.696260 1.355930
vt 0.990840 0.494257
vt 0.997817 0.376411
vt 0.998117 0.383681
vt 0.997952 0.397744
vt 0.985748 0.497957
vt 0.595961 0.331693
vt 0.595961 0.431864
vt 0.558027 0.418870
vt 0.302367 0.381391
vt 0.290254 0.361944
vt 0.379185 0.329100
vt 0.447316 0.320760
vt 0.564360 0.319013
vt 0.567105 0.318797
vt 0.247387 0.768961
vt 0.234626 0.779599
vt 0.232145 0.778495
vt 0.249368 0.769895
vt 0.378896 0.769002
vt 0.253155 0.759801
vt 0.250653 0.757356
vt 0.235722 0.766807
vt 0.228772 0.771914
vt 0.575022 0.316818
vt 0.576673 0.276266
vt 0.604644 0.276267
vt 0.635150 0.276267
vt 0.655293 0.264218
vt 0.664243 0.269152
vt 0.686441 0.276268
vt 0.699867 0.268592
vt 0.699884 0.252247
vt 0.694765 0.276268
vt 0.683732 0.283150
vt 0.679446 0.281650
vt 0.664748 0.276268
vt 0.660617 0.276268
vt 0.658765 0.283374
vt 0.637854 0.300289
vt 0.666678 0.295438
vt 0.664249 0.280025
vt 0.669213 0.285894
vt 0.676203 0.286706
vt 0.674363 0.296534
vt 0.666154 0.311615
vt 0.700753 0.309882
vt 0.229766 0.636865
vt 0.237925 0.683401
vt 0.226869 0.683792
vt 0.236235 0.689305
vt 0.256223 0.701071
vt 0.238908 0.700083
vt 0.241601 0.709391
vt 0.231559 0.706243
vt 0.239762 0.724565
vt 0.256872 0.717646
vt 0.245085 0.730038
vt 0.257192 0.726359
vt 0.256166 0.738695
vt 0.260277 0.732562
vt 0.255334 0.740724
vt 0.372324 0.754495
vt 0.377028 0.742939
vt 0.377967 0.751005
vt 0.379629 0.757398
vt 0.383327 0.752774
vt 0.382542 0.742018
vt 0.382812 0.731185
vt 0.390704 0.718737
vt 0.389751 0.728059
vt 0.391697 0.732111
vt 0.237151 0.746104
vt 0.228443 0.764160
vt 0.584350 0.314486
vt 0.608979 0.307951
vt 0.650202 0.316922
vt 0.228045 0.699463
vt 0.610841 0.321182
vt 0.643300 0.329387
vt 0.232876 0.738133
vt 0.263507 0.722864
vt 0.282546 0.708345
vt 0.273009 0.700680
vt 0.270017 0.685385
vt 0.246269 0.680419
vt 0.291540 0.685488
vt 0.297835 0.698657
vt 0.292572 0.714523
vt 0.294391 0.723339
vt 0.280335 0.718454
vt 0.273202 0.719351
vt 0.268257 0.717243
vt 0.339153 0.680523
vt 0.336930 0.672004
vt 0.335284 0.679980
vt 0.331015 0.687211
vt 0.307246 0.706494
vt 0.295765 0.707706
vt 0.302655 0.682725
vt 0.303072 0.676639
vt 0.317472 0.679041
vt 0.310451 0.703586
vt 0.312276 0.686576
vt 0.318394 0.685217
vt 0.327966 0.689097
vt 0.330943 0.683341
vt 0.333362 0.655886
vt 0.316502 0.662967
vt 0.304796 0.663436
vt 0.302919 0.646777
vt 0.315073 0.639295
vt 0.333332 0.651281
vt 0.226936 0.675523
vt 0.746197 0.660083
vt 0.790194 0.674609
vt 0.799010 0.671525
vt 0.756006 0.649513
vt 0.714518 0.624233
vt 0.717206 0.620430
vt 0.412872 0.618321
vt 0.174653 0.203969
vt 0.506390 0.218677
vt 0.555929 0.230243
vt 0.762652 0.642508
vt 0.595562 0.230243
vt 0.759626 0.176449
vt 0.764044 0.116352
vt 0.946598 0.778946
vt 0.985087 0.312063
vt 1.001080 0.312063
vt 0.651660 0.371705
vt 0.566217 0.397124
vt 0.328315 0.335946
vt 0.328315 0.427610
vt 0.261207 0.338494
vt 0.261207 0.425065
vt 0.343545 0.567829
vt 0.653035 0.395541
usemtl default1
s 1
f 1383/1273 1384/1274 1385/1275
f 1386/1276 1384/1277 1383/1278
f 1386/1279 1387/1280 1384/1281
f 1386/1279 1388/1282 1387/1280
f 1388/1283 1386/1284 1389/1285
f 1383/1286 1389/1287 1386/1288
f 1383/1286 1390/1289 1389/1287
f 1391/1290 1390/1289 1383/1286
f 1391/1291 1392/1292 1390/1293
f 1393/1294 1392/1292 1391/1291
f 1394/1295 1392/1296 1393/1297
f 1394/1295 1395/1298 1392/1296
f 1396/1299 1395/1298 1394/1295
f 1396/1299 1397/1300 1395/1298
f 1396/1299 1398/1301 1397/1300
f 1399/1302 1398/1301 1396/1299
f 1399/1302 1400/1303 1398/1301
f 1399/1304 1401/1305 1400/1306
f 1402/1307 1401/1305 1399/1304
f 1403/1308 1401/1305 1402/1307
f 1403/1308 1404/1309 1401/1305
f 1403/1310 1405/1311 1404/1312
f 1403/1310 1406/1313 1405/1311
f 1403/1310 1407/1314 1406/1313
f 1407/1315 1403/1308 1408/1316
f 1408/1316 1403/1308 1402/1307
f 1408/1316 1402/1307 1399/1304
f 1408/1316 1399/1304 1409/1317
f 1399/1302 1396/1299 1409/1318
f 1409/1318 1396/1299 1410/1319
f 1396/1299 1394/1295 1410/1319
f 1394/1295 1411/1320 1410/1319
f 1394/1295 1393/1297 1411/1320
f 1393/1297 1412/1321 1411/1320
f 1413/1322 1412/1323 1393/1294
f 1414/1324 1412/1323 1413/1322
f 1414/1324 1415/1325 1412/1323
f 1414/1324 1416/1326 1415/1325
f 1414/1327 1417/1328 1416/1329
f 1418/1330 1417/1331 1414/1332
f 1419/1333 1417/1331 1418/1330
f 1419/1333 1420/1334 1417/1331
f 1421/1335 1420/1336 1419/1337
f 1421/1335 1422/1338 1420/1336
f 1423/1339 1422/1340 1421/1341
f 1423/1339 1424/1342 1422/1340
f 1423/1343 1425/1344 1424/1345
f 1426/1346 1425/1344 1423/1343
f 1426/1346 1427/1347 1425/1344
f 1428/1348 1427/1347 1426/1346
f 1427/1347 1428/1348 1429/1349
f 1430/1350 1429/1349 1428/1348
f 1430/1350 1431/1351 1429/1349
f 1431/1352 1430/1353 1432/1354
f 1433/1355 1432/1354 1430/1353
f 1434/1356 1432/1357 1433/1358
f 1434/1356 1435/1359 1432/1357
f 1434/1356 1407/1315 1435/1359
f 1407/1314 1434/1360 1436/1361
f 1434/1360 1433/1362 1436/1361
f 1433/1362 1430/1350 1436/1361
f 1436/1361 1430/1350 1428/1348
f 1436/1361 1428/1348 1437/1363
f 1437/1363 1428/1348 1426/1346
f 1437/1363 1426/1346 1438/1364
f 1438/1364 1426/1346 1439/1365
f 1439/1365 1426/1346 1423/1343
f 1439/1366 1423/1339 1421/1341
f 1440/1367 1439/1366 1421/1341
f 1439/1366 1440/1367 1438/1368
f 1438/1368 1440/1367 1441/1369
f 1441/1370 1440/1371 1442/1372
f 1442/1373 1440/1374 1418/1330
f 1440/1374 1419/1333 1418/1330
f 1440/1371 1421/1335 1419/1337
f 1442/1373 1418/1330 1443/1375
f 1443/1375 1418/1330 1414/1332
f 1413/1376 1443/1377 1414/1327
f 1413/1376 1444/1378 1443/1377
f 1445/1379 1444/1378 1413/1376
f 1445/1379 1446/1380 1444/1378
f 1446/1381 1445/1382 1447/1383
f 1445/1382 1448/1384 1447/1383
f 1445/1382 1391/1290 1448/1384
f 1445/1385 1393/1294 1391/1291
f 1445/1385 1413/1322 1393/1294
f 1391/1290 1383/1286 1448/1384
f 1448/1386 1383/1273 1449/1387
f 1449/1387 1383/1273 1385/1275
f 1450/1388 1449/1389 1385/1390
f 1450/1388 1451/1391 1449/1389
f 1450/1388 1437/1363 1451/1391
f 1450/1388 1436/1361 1437/1363
f 1406/1313 1436/1361 1450/1388
f 1407/1314 1436/1361 1406/1313
f 1406/1313 1450/1388 1385/1390
f 1406/1313 1385/1390 1452/1392
f 1452/1392 1385/1390 1453/1393
f 1385/1275 1384/1274 1453/1394
f 1454/1395 1453/1394 1384/1274
f 1453/1393 1454/1396 1455/1397
f 1455/1397 1454/1396 1456/1398
f 1454/1395 1457/1399 1456/1400
f 1454/1395 1384/1274 1457/1399
f 1384/1281 1387/1280 1457/1401
f 1457/1402 1387/1403 1458/1404
f 1387/1403 1459/1405 1458/1404
f 1387/1403 1388/1406 1459/1405
f 1388/1283 1389/1285 1459/1407
f 1389/1408 1458/1409 1459/1410
f 1389/1408 1460/1411 1458/1409
f 1389/1412 1390/1413 1460/1414
f 1395/1415 1460/1416 1390/1293
f 1395/1415 1461/1417 1460/1416
f 1397/1300 1461/1418 1395/1298
f 1397/1300 1462/1419 1461/1418
f 1397/1300 1463/1420 1462/1419
f 1398/1301 1463/1420 1397/1300
f 1398/1301 1464/1421 1463/1420
f 1465/1422 1464/1421 1398/1301
f 1466/1423 1464/1424 1465/1425
f 1467/1426 1464/1424 1466/1423
f 1467/1426 1468/1427 1464/1424
f 1467/1426 1469/1428 1468/1427
f 1470/1429 1469/1428 1467/1426
f 1470/1429 1471/1430 1469/1428
f 1472/1431 1471/1430 1470/1429
f 1472/1431 1473/1432 1471/1430
f 1472/1431 1474/1433 1473/1432
f 1472/1431 1475/1434 1474/1433
f 1472/1431 1476/1435 1475/1434
f 1477/1436 1476/1435 1472/1431
f 1478/1437 1476/1438 1477/1439
f 1478/1437 1479/1440 1476/1438
f 1480/1441 1479/1440 1478/1437
f 1480/1441 1481/1442 1479/1440
f 1481/1442 1480/1441 1482/1443
f 1482/1443 1480/1441 1483/1444
f 1483/1444 1480/1441 1484/1445
f 1484/1445 1480/1441 1478/1437
f 1484/1445 1478/1437 1485/1446
f 1485/1446 1478/1437 1477/1439
f 1486/1447 1485/1446 1477/1439
f 1486/1448 1487/1449 1485/1450
f 1486/1448 1488/1451 1487/1449
f 1486/1448 1489/1452 1488/1451
f 1490/1453 1489/1452 1486/1448
f 1490/1453 1491/1454 1489/1452
f 1490/1453 1492/1455 1491/1454
f 1492/1455 1490/1453 1493/1456
f 1494/1457 1493/1456 1490/1453
f 1493/1456 1494/1457 1495/1458
f 1495/1458 1494/1457 1496/1459
f 1496/1459 1494/1457 1497/1460
f 1497/1460 1494/1457 1498/1461
f 1494/1457 1499/1462 1498/1461
f 1494/1457 1490/1453 1499/1462
f 1499/1462 1490/1453 1486/1448
f 1499/1463 1486/1464 1477/1436
f 1499/1463 1477/1436 1472/1431
f 1498/1465 1499/1463 1472/1431
f 1500/1466 1498/1465 1472/1431
f 1501/1467 1498/1461 1500/1468
f 1501/1467 1497/1460 1498/1461
f 1501/1467 1502/1469 1497/1460
f 1503/1470 1502/1469 1501/1467
f 1504/1471 1502/1469 1503/1470
f 1504/1471 1505/1472 1502/1469
f 1506/1473 1505/1472 1504/1471
f 1506/1473 1507/1474 1505/1472
f 1508/1475 1507/1474 1506/1473
f 1508/1475 1509/1476 1507/1474
f 1508/1475 1510/1477 1509/1476
f 1508/1475 1511/1478 1510/1477
f 1512/1479 1511/1478 1508/1475
f 1512/1479 1513/1480 1511/1478
f 1512/1479 1514/1481 1513/1480
f 1512/1479 1515/1482 1514/1481
f 1515/1482 1516/1483 1514/1481
f 1516/1483 1515/1482 1517/1484
f 1518/1485 1516/1483 1517/1484
f 1518/1485 1519/1486 1516/1483
f 1519/1486 1518/1485 1520/1487
f 1518/1485 1521/1488 1520/1487
f 1517/1484 1521/1488 1518/1485
f 1522/1489 1521/1488 1517/1484
f 1522/1489 1523/1490 1521/1488
f 1522/1489 1524/1491 1523/1490
f 1525/1492 1524/1491 1522/1489
f 1526/1493 1524/1491 1525/1492
f 1526/1493 1527/1494 1524/1491
f 1528/1495 1527/1494 1526/1493
f 1529/1496 1527/1494 1528/1495
f 1530/1497 1527/1494 1529/1496
f 1530/1497 1531/1498 1527/1494
f 1530/1497 1532/1499 1531/1498
f 1533/1500 1532/1499 1530/1497
f 1533/1500 1534/1501 1532/1499
f 1535/1502 1534/1501 1533/1500
f 1535/1503 1536/1504 1534/1505
f 1535/1503 1432/1354 1536/1504
f 1535/1503 1431/1352 1432/1354
f 1431/1351 1535/1502 1427/1347
f 1427/1347 1535/1502 1533/1500
f 1425/1344 1427/1347 1533/1500
f 1425/1344 1533/1500 1530/1497
f 1425/1344 1530/1497 1537/1506
f 1537/1506 1530/1497 1538/1507
f 1530/1497 1539/1508 1538/1507
f 1530/1497 1529/1496 1539/1508
f 1529/1509 1540/1510 1539/1511
f 1529/1509 1541/1512 1540/1510
f 1528/1513 1541/1512 1529/1509
f 1528/1513 1542/1514 1541/1512
f 1526/1515 1542/1514 1528/1513
f 1526/1515 1543/1516 1542/1514
f 1526/1515 1525/1517 1543/1516
f 1543/1516 1525/1517 1544/1518
f 1525/1517 1545/1519 1544/1518
f 1525/1517 1546/1520 1545/1519
f 1546/1521 1547/1522 1545/1523
f 1546/1521 1548/1524 1547/1522
f 1546/1521 1549/1525 1548/1524
f 1546/1521 1550/1526 1549/1525
f 1546/1521 1551/1527 1550/1526
f 1546/1521 1552/1528 1551/1527
f 1546/1521 1553/1529 1552/1528
f 1552/1528 1553/1529 1554/1530
f 1553/1529 1512/1531 1554/1530
f 1512/1531 1555/1532 1554/1530
f 1512/1531 1508/1533 1555/1532
f 1508/1533 1506/1534 1555/1532
f 1506/1535 1556/1536 1555/1537
f 1506/1535 1557/1538 1556/1536
f 1558/1539 1557/1540 1506/1473
f 1558/1539 1559/1541 1557/1540
f 1560/1542 1559/1541 1558/1539
f 1560/1543 1561/1544 1559/1545
f 1560/1546 1562/1547 1561/1548
f 1456/1400 1562/1547 1560/1546
f 1457/1399 1562/1547 1456/1400
f 1457/1402 1563/1549 1562/1550
f 1457/1402 1458/1404 1563/1549
f 1460/1411 1563/1551 1458/1409
f 1460/1416 1564/1552 1563/1553
f 1460/1416 1461/1417 1564/1552
f 1461/1418 1462/1419 1564/1554
f 1462/1419 1565/1555 1564/1554
f 1462/1419 1566/1556 1565/1555
f 1463/1420 1566/1556 1462/1419
f 1463/1420 1567/1557 1566/1556
f 1464/1421 1567/1557 1463/1420
f 1468/1558 1567/1557 1464/1421
f 1468/1558 1568/1559 1567/1557
f 1469/1560 1568/1559 1468/1558
f 1471/1561 1568/1559 1469/1560
f 1471/1561 1569/1562 1568/1559
f 1473/1563 1569/1562 1471/1561
f 1473/1563 1570/1564 1569/1562
f 1474/1565 1570/1564 1473/1563
f 1570/1564 1474/1565 1571/1566
f 1572/1567 1571/1566 1474/1565
f 1573/1568 1571/1566 1572/1567
f 1574/1569 1571/1566 1573/1568
f 1570/1564 1571/1566 1574/1569
f 1569/1562 1570/1564 1574/1569
f 1569/1562 1574/1569 1575/1570
f 1575/1570 1574/1569 1576/1571
f 1574/1569 1573/1568 1576/1571
f 1576/1571 1573/1568 1577/1572
f 1577/1572 1573/1568 1578/1573
f 1578/1573 1573/1568 1572/1567
f 1572/1567 1579/1574 1578/1573
f 1474/1565 1579/1574 1572/1567
f 1474/1565 1475/1575 1579/1574
f 1475/1575 1580/1576 1579/1574
f 1475/1575 1581/1577 1580/1576
f 1476/1438 1581/1578 1475/1579
f 1479/1440 1581/1578 1476/1438
f 1582/1580 1581/1578 1479/1440
f 1583/1581 1581/1578 1582/1580
f 1581/1577 1583/1582 1580/1576
f 1584/1583 1580/1584 1583/1581
f 1585/1585 1580/1584 1584/1583
f 1586/1586 1580/1584 1585/1585
f 1586/1586 1587/1587 1580/1584
f 1588/1588 1587/1587 1586/1586
f 1588/1588 1589/1589 1587/1587
f 1590/1590 1589/1589 1588/1588
f 1591/1591 1589/1589 1590/1590
f 1592/1592 1589/1589 1591/1591
f 1592/1592 1593/1593 1589/1589
f 1592/1592 1594/1594 1593/1593
f 1595/1595 1594/1594 1592/1592
f 1595/1595 1596/1596 1594/1594
f 1595/1595 1597/1597 1596/1596
f 1598/1598 1597/1597 1595/1595
f 1599/1599 1597/1600 1598/1601
f 1600/1602 1597/1600 1599/1599
f 1600/1602 1596/1603 1597/1600
f 1601/1604 1596/1603 1600/1602
f 1594/1605 1596/1603 1601/1604
f 1601/1604 1593/1606 1594/1605
f 1601/1604 1579/1574 1593/1606
f 1602/1607 1579/1574 1601/1604
f 1602/1607 1578/1573 1579/1574
f 1602/1607 1577/1572 1578/1573
f 1603/1608 1577/1572 1602/1607
f 1604/1609 1577/1572 1603/1608
f 1576/1571 1577/1572 1604/1609
f 1605/1610 1576/1571 1604/1609
f 1606/1611 1576/1571 1605/1610
f 1606/1611 1575/1570 1576/1571
f 1607/1612 1575/1570 1606/1611
f 1568/1559 1575/1570 1607/1612
f 1568/1559 1569/1562 1575/1570
f 1567/1557 1568/1559 1607/1612
f 1567/1557 1607/1612 1566/1556
f 1566/1556 1607/1612 1608/1613
f 1608/1613 1607/1612 1609/1614
f 1610/1615 1609/1614 1607/1612
f 1609/1614 1610/1615 1611/1616
f 1612/1617 1611/1618 1610/1619
f 1612/1617 1613/1620 1611/1618
f 1614/1621 1613/1622 1612/1623
f 1614/1621 1611/1616 1613/1622
f 1614/1621 1615/1624 1611/1616
f 1614/1625 1616/1626 1615/1627
f 1617/1628 1616/1626 1614/1625
f 1617/1629 1616/1630 1618/1631
f 1614/1621 1612/1623 1617/1632
f 1617/1632 1612/1623 1619/1633
f 1619/1634 1612/1635 1620/1636
f 1620/1637 1612/1617 1621/1638
f 1612/1617 1622/1639 1621/1638
f 1612/1617 1610/1619 1622/1639
f 1622/1640 1610/1641 1554/1642
f 1554/1642 1610/1641 1606/1643
f 1610/1615 1607/1612 1606/1611
f 1605/1644 1554/1530 1606/1645
f 1623/1646 1554/1530 1605/1644
f 1551/1527 1554/1530 1623/1646
f 1552/1528 1554/1530 1551/1527
f 1550/1526 1551/1527 1623/1646
f 1549/1525 1550/1526 1623/1646
f 1548/1524 1549/1525 1623/1646
f 1547/1522 1548/1524 1623/1646
f 1545/1523 1547/1522 1623/1646
f 1623/1647 1624/1648 1545/1649
f 1623/1647 1625/1650 1624/1648
f 1623/1647 1604/1609 1625/1650
f 1605/1610 1604/1609 1623/1647
f 1625/1650 1604/1609 1603/1608
f 1625/1650 1603/1608 1626/1651
f 1603/1608 1627/1652 1626/1651
f 1601/1604 1627/1652 1603/1608
f 1601/1604 1600/1602 1627/1652
f 1627/1652 1600/1602 1599/1599
f 1627/1652 1599/1599 1628/1653
f 1628/1653 1599/1599 1629/1654
f 1629/1654 1599/1599 1630/1655
f 1599/1599 1598/1601 1630/1655
f 1630/1655 1598/1601 1631/1656
f 1632/1657 1631/1658 1598/1598
f 1632/1657 1633/1659 1631/1658
f 1634/1660 1633/1659 1632/1657
f 1634/1660 1635/1661 1633/1659
f 1636/1662 1635/1661 1634/1660
f 1636/1662 1637/1663 1635/1661
f 1636/1662 1638/1664 1637/1663
f 1639/1665 1638/1664 1636/1662
f 1536/1504 1638/1664 1639/1665
f 1536/1504 1640/1666 1638/1664
f 1432/1354 1640/1666 1536/1504
f 1432/1354 1641/1667 1640/1666
f 1432/1354 1642/1668 1641/1667
f 1432/1354 1643/1669 1642/1668
f 1432/1357 1644/1670 1643/1671
f 1435/1359 1644/1670 1432/1357
f 1435/1359 1409/1317 1644/1670
f 1435/1359 1408/1316 1409/1317
f 1435/1359 1407/1315 1408/1316
f 1409/1318 1410/1319 1644/1672
f 1644/1672 1410/1319 1643/1673
f 1643/1673 1410/1319 1642/1674
f 1410/1319 1645/1675 1642/1674
f 1410/1319 1411/1320 1645/1675
f 1411/1320 1646/1676 1645/1675
f 1411/1320 1412/1321 1646/1676
f 1412/1321 1415/1677 1646/1676
f 1415/1677 1647/1678 1646/1676
f 1415/1325 1416/1326 1647/1679
f 1648/1680 1647/1679 1416/1326
f 1648/1680 1649/1681 1647/1679
f 1648/1682 1618/1683 1649/1684
f 1422/1685 1618/1686 1648/1687
f 1422/1685 1650/1688 1618/1686
f 1424/1345 1651/1689 1422/1690
f 1652/1691 1651/1689 1424/1345
f 1652/1691 1653/1692 1651/1689
f 1652/1691 1654/1693 1653/1692
f 1652/1691 1655/1694 1654/1693
f 1652/1695 1656/1696 1655/1697
f 1657/1698 1656/1699 1652/1691
f 1658/1700 1656/1699 1657/1698
f 1659/1701 1656/1699 1658/1700
f 1659/1701 1660/1702 1656/1699
f 1661/1703 1660/1702 1659/1701
f 1661/1703 1662/1704 1660/1702
f 1663/1705 1662/1704 1661/1703
f 1663/1705 1664/1706 1662/1704
f 1665/1707 1664/1706 1663/1705
f 1666/1708 1664/1706 1665/1707
f 1667/1709 1664/1706 1666/1708
f 1667/1709 1668/1710 1664/1706
f 1669/1711 1668/1712 1667/1713
f 1664/1714 1668/1715 1669/1716
f 1664/1717 1670/1718 1669/1719
f 1671/1720 1664/1714 1670/1721
f 1662/1704 1664/1706 1672/1722
f 1662/1704 1671/1723 1664/1706
f 1660/1724 1662/1725 1671/1720
f 1673/1726 1671/1723 1662/1704
f 1671/1723 1673/1726 1674/1727
f 1673/1728 1660/1724 1671/1720
f 1656/1696 1660/1724 1673/1728
f 1655/1697 1656/1696 1673/1728
f 1675/1729 1655/1694 1673/1726
f 1676/1730 1655/1694 1675/1729
f 1677/1731 1655/1694 1676/1730
f 1655/1732 1677/1733 1678/1734
f 1679/1735 1678/1736 1677/1737
f 1680/1738 1678/1736 1679/1735
f 1680/1739 1681/1740 1678/1741
f 1682/1742 1681/1740 1680/1739
f 1683/1743 1681/1740 1682/1742
f 1683/1743 1684/1744 1681/1740
f 1683/1743 1685/1745 1684/1744
f 1686/1746 1685/1745 1683/1743
f 1686/1746 1687/1747 1685/1745
f 1686/1746 1688/1748 1687/1747
f 1689/1749 1688/1748 1686/1746
f 1689/1749 1690/1750 1688/1748
f 1689/1749 1667/1709 1690/1750
f 1691/1751 1667/1709 1689/1749
f 1692/1752 1667/1753 1691/1754
f 1692/1755 1669/1756 1667/1709
f 1692/1755 1670/1757 1669/1756
f 1692/1755 1693/1758 1670/1757
f 1694/1759 1693/1758 1692/1755
f 1694/1759 1695/1760 1693/1758
f 1696/1761 1695/1760 1694/1759
f 1696/1761 1697/1762 1695/1760
f 1696/1761 1698/1763 1697/1762
f 1699/1764 1698/1763 1696/1761
f 1699/1764 1700/1765 1698/1763
f 1701/1766 1700/1765 1699/1764
f 1701/1766 1702/1767 1700/1765
f 1703/1768 1702/1767 1701/1766
f 1704/1769 1702/1767 1703/1768
f 1704/1769 1705/1770 1702/1767
f 1704/1769 1679/1771 1705/1770
f 1704/1772 1680/1773 1679/1774
f 1704/1775 1706/1776 1680/1777
f 1704/1778 1707/1779 1706/1780
f 1704/1781 1708/1782 1707/1783
f 1708/1784 1704/1769 1709/1785
f 1709/1785 1704/1769 1710/1786
f 1710/1786 1704/1769 1711/1787
f 1711/1787 1704/1769 1712/1788
f 1712/1788 1704/1769 1713/1789
f 1704/1769 1714/1790 1713/1789
f 1704/1769 1715/1791 1714/1790
f 1704/1769 1703/1768 1715/1791
f 1703/1792 1716/1793 1715/1794
f 1703/1795 1701/1796 1716/1797
f 1716/1797 1701/1796 1717/1798
f 1701/1796 1718/1799 1717/1798
f 1701/1796 1699/1800 1718/1799
f 1718/1799 1699/1800 1719/1801
f 1699/1800 1720/1802 1719/1801
f 1721/1803 1720/1802 1699/1800
f 1721/1803 1722/1804 1720/1802
f 1722/1805 1721/1806 1696/1761
f 1721/1806 1699/1764 1696/1761
f 1723/1807 1722/1805 1696/1761
f 1722/1804 1723/1808 1724/1809
f 1723/1808 1725/1810 1724/1809
f 1726/1811 1725/1810 1723/1808
f 1727/1812 1725/1813 1726/1814
f 1728/1815 1725/1813 1727/1812
f 1729/1816 1725/1813 1728/1815
f 1730/1817 1725/1813 1729/1816
f 1730/1817 1724/1818 1725/1813
f 1730/1817 1731/1819 1724/1818
f 1731/1819 1730/1817 1732/1820
f 1732/1820 1730/1817 1733/1821
f 1734/1822 1733/1821 1730/1817
f 1735/1823 1733/1821 1734/1822
f 1735/1823 1736/1824 1733/1821
f 1735/1823 1737/1825 1736/1824
f 1738/1826 1737/1825 1735/1823
f 1738/1826 1739/1827 1737/1825
f 1740/1828 1739/1827 1738/1826
f 1741/1829 1739/1830 1740/1831
f 1741/1829 1742/1832 1739/1830
f 1741/1833 1743/1834 1742/1835
f 1741/1833 1708/1784 1743/1834
f 1708/1836 1741/1837 1740/1838
f 1708/1836 1740/1838 1738/1839
f 1708/1784 1738/1826 1707/1840
f 1707/1840 1738/1826 1735/1823
f 1707/1840 1735/1823 1734/1822
f 1707/1840 1734/1822 1744/1841
f 1734/1822 1745/1842 1744/1841
f 1730/1817 1745/1842 1734/1822
f 1730/1817 1746/1843 1745/1842
f 1730/1817 1747/1844 1746/1843
f 1730/1817 1729/1816 1747/1844
f 1748/1845 1747/1846 1729/1847
f 1748/1845 1746/1848 1747/1846
f 1749/1849 1746/1848 1748/1845
f 1745/1842 1746/1843 1749/1850
f 1745/1842 1749/1850 1750/1851
f 1750/1852 1749/1849 1751/1853
f 1751/1853 1749/1849 1748/1845
f 1752/1854 1751/1855 1748/1856
f 1743/1834 1751/1855 1752/1854
f 1743/1834 1753/1857 1751/1855
f 1708/1784 1753/1857 1743/1834
f 1708/1784 1709/1785 1753/1857
f 1753/1858 1709/1859 1750/1852
f 1709/1859 1754/1860 1750/1852
f 1709/1859 1710/1861 1754/1860
f 1710/1861 1755/1862 1754/1860
f 1710/1861 1756/1863 1755/1862
f 1711/1864 1756/1863 1710/1861
f 1711/1864 1712/1865 1756/1863
f 1756/1863 1712/1865 1757/1866
f 1712/1865 1758/1867 1757/1866
f 1712/1788 1759/1868 1758/1869
f 1712/1788 1713/1789 1759/1868
f 1760/1870 1759/1871 1713/1872
f 1760/1870 1761/1873 1759/1871
f 1757/1874 1761/1875 1760/1876
f 1762/1877 1761/1875 1757/1874
f 1762/1877 1726/1814 1761/1875
f 1727/1812 1726/1814 1762/1877
f 1758/1878 1727/1879 1762/1880
f 1758/1881 1728/1882 1727/1883
f 1763/1884 1728/1882 1758/1881
f 1763/1884 1764/1885 1728/1882
f 1764/1886 1763/1887 1696/1761
f 1763/1887 1758/1869 1696/1761
f 1758/1869 1723/1807 1696/1761
f 1758/1869 1759/1868 1723/1807
f 1759/1871 1726/1811 1723/1808
f 1759/1871 1761/1873 1726/1811
f 1752/1854 1764/1886 1696/1761
f 1752/1854 1748/1856 1764/1886
f 1764/1885 1748/1845 1729/1847
f 1764/1885 1729/1847 1728/1882
f 1696/1888 1765/1889 1752/1890
f 1696/1891 1691/1892 1765/1893
f 1696/1891 1694/1894 1691/1892
f 1694/1895 1692/1752 1691/1754
f 1765/1896 1691/1751 1766/1897
f 1766/1897 1691/1751 1689/1749
f 1766/1897 1689/1749 1686/1746
f 1767/1898 1766/1897 1686/1746
f 1766/1897 1767/1898 1768/1899
f 1768/1899 1767/1898 1769/1900
f 1769/1900 1767/1898 1770/1901
f 1770/1901 1767/1898 1771/1902
f 1767/1898 1680/1739 1771/1902
f 1680/1739 1767/1898 1683/1743
f 1767/1898 1686/1746 1683/1743
f 1680/1739 1683/1743 1682/1742
f 1706/1903 1771/1902 1680/1739
f 1744/1841 1771/1902 1706/1903
f 1744/1841 1755/1904 1771/1902
f 1744/1841 1754/1905 1755/1904
f 1744/1841 1750/1851 1754/1905
f 1745/1842 1750/1851 1744/1841
f 1755/1904 1756/1906 1771/1902
f 1756/1906 1772/1907 1771/1902
f 1756/1906 1760/1876 1772/1907
f 1756/1906 1757/1874 1760/1876
f 1714/1908 1772/1909 1760/1870
f 1714/1908 1715/1794 1772/1909
f 1715/1794 1773/1910 1772/1909
f 1715/1794 1716/1793 1773/1910
f 1773/1911 1716/1912 1771/1902
f 1716/1912 1774/1913 1771/1902
f 1716/1912 1775/1914 1774/1913
f 1717/1915 1775/1914 1716/1912
f 1717/1915 1776/1916 1775/1914
f 1718/1917 1776/1916 1717/1915
f 1718/1917 1777/1918 1776/1916
f 1719/1919 1777/1918 1718/1917
f 1719/1919 1778/1920 1777/1918
f 1719/1919 1731/1819 1778/1920
f 1720/1921 1731/1819 1719/1919
f 1724/1818 1731/1819 1720/1921
f 1722/1804 1724/1809 1720/1802
f 1731/1819 1779/1922 1778/1920
f 1731/1819 1766/1897 1779/1922
f 1731/1819 1765/1896 1766/1897
f 1731/1819 1780/1923 1765/1896
f 1731/1819 1732/1820 1780/1923
f 1733/1821 1780/1923 1732/1820
f 1736/1824 1780/1923 1733/1821
f 1780/1923 1736/1824 1737/1825
f 1765/1896 1780/1923 1737/1825
f 1765/1889 1737/1924 1752/1890
f 1742/1925 1752/1926 1737/1927
f 1743/1834 1752/1854 1742/1835
f 1742/1925 1737/1927 1739/1928
f 1779/1922 1766/1897 1781/1929
f 1781/1929 1766/1897 1768/1899
f 1782/1930 1781/1931 1768/1932
f 1783/1933 1781/1931 1782/1930
f 1783/1933 1779/1934 1781/1931
f 1697/1935 1779/1934 1783/1933
f 1697/1935 1698/1936 1779/1934
f 1698/1936 1778/1937 1779/1934
f 1777/1938 1778/1937 1698/1936
f 1700/1939 1777/1938 1698/1936
f 1700/1939 1776/1940 1777/1938
f 1775/1941 1776/1940 1700/1939
f 1775/1941 1700/1939 1702/1942
f 1702/1942 1705/1943 1775/1941
f 1705/1943 1774/1944 1775/1941
f 1705/1943 1784/1945 1774/1944
f 1705/1770 1679/1771 1784/1946
f 1784/1946 1679/1771 1785/1947
f 1785/1947 1679/1771 1786/1948
f 1786/1948 1679/1771 1677/1731
f 1786/1948 1677/1731 1787/1949
f 1787/1949 1677/1731 1788/1950
f 1677/1731 1789/1951 1788/1950
f 1677/1731 1676/1730 1789/1951
f 1789/1952 1676/1953 1790/1954
f 1676/1953 1791/1955 1790/1954
f 1676/1953 1657/1956 1791/1955
f 1675/1957 1657/1956 1676/1953
f 1675/1958 1658/1959 1657/1960
f 1675/1958 1792/1961 1658/1959
f 1675/1729 1673/1726 1792/1962
f 1792/1962 1673/1726 1793/1963
f 1793/1963 1673/1726 1671/1723
f 1794/1964 1793/1963 1671/1723
f 1794/1965 1665/1966 1793/1967
f 1794/1965 1795/1968 1665/1966
f 1796/1969 1795/1968 1794/1965
f 1796/1969 1797/1970 1795/1968
f 1693/1758 1797/1971 1796/1972
f 1693/1758 1798/1973 1797/1971
f 1695/1760 1798/1973 1693/1758
f 1695/1760 1787/1949 1798/1973
f 1695/1760 1786/1948 1787/1949
f 1695/1760 1782/1974 1786/1948
f 1783/1975 1782/1974 1695/1760
f 1697/1762 1783/1975 1695/1760
f 1799/1976 1786/1948 1782/1974
f 1785/1947 1786/1948 1799/1976
f 1785/1977 1799/1978 1800/1979
f 1800/1979 1799/1978 1801/1980
f 1799/1978 1769/1981 1801/1980
f 1799/1978 1782/1930 1769/1981
f 1769/1981 1782/1930 1768/1932
f 1769/1900 1770/1901 1801/1982
f 1801/1982 1770/1901 1800/1983
f 1800/1983 1770/1901 1771/1902
f 1802/1984 1800/1983 1771/1902
f 1784/1945 1800/1985 1802/1986
f 1785/1987 1800/1985 1784/1945
f 1784/1945 1802/1986 1774/1944
f 1774/1913 1802/1984 1771/1902
f 1798/1973 1787/1949 1803/1988
f 1787/1949 1788/1950 1803/1988
f 1788/1989 1804/1990 1803/1991
f 1805/1992 1804/1990 1788/1989
f 1806/1993 1804/1994 1805/1995
f 1806/1993 1807/1996 1804/1994
f 1808/1997 1807/1996 1806/1993
f 1808/1997 1809/1998 1807/1996
f 1810/1999 1809/1998 1808/1997
f 1810/1999 1811/2000 1809/1998
f 1666/1708 1811/2000 1810/1999
f 1666/1708 1795/2001 1811/2000
f 1666/1708 1665/1707 1795/2001
f 1797/1970 1811/2002 1795/1968
f 1809/2003 1811/2002 1797/1970
f 1807/2004 1809/2003 1797/1970
f 1803/1991 1807/2004 1797/1970
f 1804/1990 1807/2004 1803/1991
f 1798/1973 1803/1988 1797/1971
f 1810/1999 1687/1747 1666/1708
f 1685/1745 1687/1747 1810/1999
f 1685/1745 1810/1999 1808/1997
f 1806/1993 1685/1745 1808/1997
f 1684/1744 1685/1745 1806/1993
f 1678/1741 1684/1744 1806/1993
f 1681/1740 1684/1744 1678/1741
f 1806/1993 1805/1995 1678/1741
f 1678/1741 1805/1995 1790/2005
f 1789/1952 1790/1954 1805/1992
f 1788/1989 1789/1952 1805/1992
f 1678/1741 1790/2005 1791/2006
f 1678/1741 1791/2006 1652/1691
f 1791/2006 1657/1698 1652/1691
f 1655/1694 1678/1741 1652/1691
f 1687/1747 1688/1748 1666/1708
f 1688/1748 1667/1709 1666/1708
f 1688/1748 1690/1750 1667/1709
f 1693/1758 1796/1972 1794/1964
f 1693/1758 1794/1964 1670/1757
f 1794/1964 1671/1723 1670/1757
f 1671/1723 1674/1727 1670/1757
f 1670/1757 1674/1727 1812/2007
f 1674/1727 1814/2008 1812/2007
f 1674/1727 1815/2009 1814/2008
f 1674/1727 1816/2010 1815/2009
f 1674/1727 1817/2011 1816/2010
f 1817/2012 1813/2013 1674/2014
f 1650/2015 1813/2013 1817/2012
f 1813/2016 1818/2017 1650/2018
f 1813/2016 1819/2019 1818/2017
f 1820/2020 1819/2019 1813/2016
f 1821/2021 1819/2019 1820/2020
f 1821/2021 1822/2022 1819/2019
f 1821/2023 1823/2024 1822/2025
f 1821/2023 1824/2026 1823/2024
f 1824/2027 1821/2028 1825/2029
f 1821/2028 1826/2030 1825/2029
f 1561/1544 1826/2031 1821/2032
f 1827/2033 1826/2031 1561/1544
f 1827/2034 1828/2035 1826/2030
f 1829/2036 1828/2037 1827/2038
f 1828/2039 1829/2040 1825/2041
f 1829/2040 1824/2042 1825/2041
f 1824/2042 1829/2040 1609/2043
f 1609/2043 1829/2040 1608/2044
f 1830/2045 1608/2046 1829/2047
f 1830/2045 1565/2048 1608/2046
f 1563/1553 1565/2048 1830/2045
f 1564/1552 1565/2048 1563/1553
f 1563/1549 1830/2049 1562/1550
f 1562/1550 1830/2049 1561/2050
f 1561/2050 1830/2049 1829/2036
f 1829/2036 1827/2038 1561/2050
f 1566/1556 1608/1613 1565/1555
f 1831/2051 1832/2052 1824/2053
f 1616/2054 1832/2052 1831/2051
f 1616/2054 1833/2055 1832/2052
f 1616/2054 1618/1683 1833/2055
f 1834/2056 1618/2057 1616/2058
f 1834/2056 1835/2059 1618/2057
f 1836/2060 1835/2059 1834/2056
f 1837/2061 1835/2059 1836/2060
f 1837/2061 1838/2062 1835/2059
f 1839/2063 1838/2062 1837/2061
f 1839/2063 1840/2064 1838/2062
f 1841/2065 1840/2064 1839/2063
f 1842/2066 1840/2064 1841/2065
f 1842/2066 1648/2067 1840/2064
f 1843/2068 1648/2067 1842/2066
f 1648/2067 1843/2068 1649/2069
f 1844/2070 1649/2069 1843/2068
f 1844/2070 1843/2068 1845/2071
f 1843/2068 1846/2072 1845/2071
f 1843/2068 1842/2066 1846/2072
f 1846/2072 1842/2066 1841/2065
f 1846/2072 1841/2065 1847/2073
f 1847/2073 1841/2065 1836/2060
f 1841/2065 1839/2063 1836/2060
f 1839/2063 1837/2061 1836/2060
f 1848/2074 1847/2073 1836/2060
f 1849/2075 1847/2073 1848/2074
f 1849/2075 1846/2072 1847/2073
f 1849/2075 1845/2071 1846/2072
f 1844/2070 1845/2071 1849/2075
f 1844/2070 1849/2075 1850/2076
f 1850/2076 1849/2075 1851/2077
f 1849/2075 1852/2078 1851/2077
f 1849/2075 1848/2074 1852/2078
f 1852/2078 1848/2074 1853/2079
f 1854/2080 1853/2081 1848/2082
f 1854/2080 1855/2083 1853/2081
f 1854/2084 1856/2085 1855/2086
f 1856/2087 1854/2088 1848/2089
f 1836/2090 1856/2087 1848/2089
f 1836/2091 1857/2092 1856/2093
f 1836/2060 1834/2056 1857/2094
f 1858/2095 1857/2094 1834/2056
f 1853/2079 1857/2094 1858/2095
f 1853/2096 1859/2097 1857/2098
f 1859/2097 1853/2096 1855/2099
f 1855/2086 1856/2085 1859/2100
f 1856/2093 1857/2092 1859/2101
f 1852/2078 1853/2079 1858/2095
f 1860/2102 1852/2078 1858/2095
f 1861/2103 1852/2078 1860/2102
f 1861/2103 1862/2104 1852/2078
f 1863/2105 1862/2104 1861/2103
f 1863/2105 1864/2106 1862/2104
f 1865/2107 1864/2106 1863/2105
f 1866/2108 1864/2106 1865/2107
f 1866/2108 1844/2070 1864/2106
f 1867/2109 1844/2070 1866/2108
f 1868/2110 1844/2070 1867/2109
f 1868/2110 1850/2076 1844/2070
f 1868/2111 1869/2112 1850/2113
f 1870/2114 1869/2115 1868/2116
f 1871/2117 1869/2118 1870/2119
f 1871/2117 1872/2120 1869/2118
f 1873/2121 1872/2120 1871/2117
f 1873/2121 1874/2122 1872/2120
f 1873/2121 1875/2123 1874/2122
f 1876/2124 1875/2123 1873/2121
f 1876/2124 1877/2125 1875/2123
f 1878/2126 1877/2127 1876/2128
f 1879/2129 1877/2127 1878/2126
f 1879/2130 1880/2131 1877/2125
f 1881/2132 1880/2133 1879/2134
f 1884/2135 1882/2136 1883/2137
f 1875/2123 1882/2136 1884/2135
f 1877/2125 1882/2136 1875/2123
f 1877/2125 1880/2131 1882/2136
f 1880/2131 1615/1624 1882/2136
f 1880/2131 1609/1614 1615/1624
f 1881/2138 1609/2139 1880/2140
f 1824/2141 1609/1614 1881/2142
f 1831/2143 1609/2144 1824/2145
f 1615/1627 1831/2146 1609/2147
f 1616/1626 1831/2146 1615/1627
f 1882/2136 1615/1624 1614/1621
f 1883/2137 1882/2136 1614/1621
f 1883/2148 1858/2149 1882/2150
f 1862/2151 1883/2152 1852/2153
f 1851/2154 1883/2152 1862/2151
f 1883/2137 1614/1621 1851/2077
f 1851/2077 1614/1621 1617/1632
f 1851/2077 1617/1632 1649/2069
f 1649/2155 1617/2156 1618/2157
f 1649/2069 1617/1632 1619/1633
f 1649/2069 1619/1633 1885/2158
f 1885/2158 1619/1633 1886/2159
f 1886/2160 1619/1634 1887/2161
f 1619/1634 1888/2162 1887/2161
f 1619/1634 1620/1636 1888/2162
f 1888/2163 1620/2164 1889/2165
f 1889/2165 1620/2164 1890/2166
f 1890/2167 1620/2168 1621/2169
f 1891/2170 1890/2167 1621/2169
f 1892/2171 1890/2167 1891/2170
f 1893/2172 1890/2166 1892/2173
f 1893/2172 1889/2165 1890/2166
f 1893/2174 1823/2175 1889/2176
f 1893/2177 1894/2178 1823/2179
f 1650/2180 1894/2181 1893/2172
f 1650/2018 1818/2017 1894/2182
f 1894/2178 1818/2183 1819/2184
f 1894/2178 1819/2184 1822/2185
f 1894/2178 1822/2185 1823/2179
f 1650/2180 1893/2172 1892/2173
f 1650/2180 1892/2173 1618/2186
f 1892/2173 1895/2187 1618/2186
f 1892/2188 1891/2189 1895/2190
f 1895/2190 1891/2189 1896/2191
f 1891/2192 1824/2026 1896/2193
f 1823/2024 1824/2026 1891/2192
f 1824/2053 1832/2052 1896/2194
f 1895/2190 1896/2191 1832/2195
f 1895/2190 1832/2195 1833/2196
f 1618/1683 1895/2197 1833/2055
f 1823/2175 1897/2198 1889/2176
f 1889/2176 1897/2198 1888/2199
f 1888/2200 1897/2201 1816/2202
f 1816/2202 1897/2201 1556/2203
f 1556/2204 1897/2205 1555/2206
f 1555/2206 1897/2205 1621/2207
f 1555/2206 1621/2207 1554/2208
f 1621/2207 1622/2209 1554/2208
f 1816/2202 1556/2203 1557/2210
f 1816/2202 1557/2210 1814/2211
f 1559/1541 1814/2008 1557/1540
f 1812/2007 1814/2008 1559/1541
f 1669/1756 1812/2007 1559/1541
f 1669/1756 1670/1757 1812/2007
f 1812/2212 1820/2213 1559/2214
f 1813/2013 1820/2213 1812/2212
f 1898/2215 1820/2216 1813/2217
f 1664/1706 1820/2216 1898/2215
f 1668/1710 1820/2216 1664/1706
f 1668/1710 1821/2218 1820/2216
f 1559/1545 1821/2032 1668/2219
f 1561/1544 1821/2032 1559/1545
f 1820/2213 1821/2220 1559/2214
f 1669/2221 1559/2222 1668/2223
f 1664/1706 1898/2215 1899/2224
f 1900/2225 1899/2224 1898/2215
f 1901/2226 1899/2227 1900/2228
f 1901/2226 1902/2229 1899/2227
f 1903/2230 1902/2231 1901/2232
f 1903/2233 1672/2234 1902/2235
f 1904/2236 1672/2237 1903/2238
f 1905/2239 1672/2237 1904/2236
f 1662/1704 1672/1722 1905/2240
f 1654/1693 1662/1704 1905/2240
f 1654/1693 1673/1726 1662/1704
f 1655/1694 1673/1726 1654/1693
f 1655/1694 1424/1345 1673/1726
f 1673/1726 1424/1345 1817/2011
f 1424/1345 1887/2241 1817/2011
f 1424/1345 1537/1506 1887/2241
f 1425/1344 1537/1506 1424/1345
f 1537/1506 1906/2242 1887/2241
f 1537/1506 1538/1507 1906/2242
f 1538/2243 1886/2160 1906/2244
f 1538/2243 1907/2245 1886/2160
f 1539/1511 1907/2245 1538/2243
f 1539/1511 1540/1510 1907/2245
f 1908/2246 1907/2247 1540/2248
f 1885/2158 1907/2247 1908/2246
f 1885/2158 1886/2159 1907/2247
f 1909/2249 1885/2158 1908/2246
f 1909/2249 1649/2069 1885/2158
f 1647/1678 1649/2069 1909/2249
f 1646/1676 1647/1678 1909/2249
f 1646/1676 1909/2249 1910/2250
f 1909/2249 1911/2251 1910/2250
f 1909/2249 1908/2246 1911/2251
f 1911/2251 1908/2246 1637/2252
f 1908/2246 1635/2253 1637/2252
f 1908/2246 1912/2254 1635/2253
f 1908/2246 1541/2255 1912/2254
f 1908/2246 1540/2248 1541/2255
f 1541/2255 1542/2256 1912/2254
f 1542/2256 1543/2257 1912/2254
f 1543/2257 1544/2258 1912/2254
f 1544/2258 1624/1648 1912/2254
f 1544/2258 1545/1649 1624/1648
f 1912/2254 1624/1648 1629/1654
f 1624/1648 1628/1653 1629/1654
f 1624/1648 1625/1650 1628/1653
f 1625/1650 1626/1651 1628/1653
f 1626/1651 1627/1652 1628/1653
f 1912/2254 1629/1654 1633/2259
f 1629/1654 1631/1656 1633/2259
f 1629/1654 1630/1655 1631/1656
f 1912/2254 1633/2259 1635/2253
f 1637/2252 1638/2260 1911/2251
f 1640/2261 1911/2251 1638/2260
f 1910/2250 1911/2251 1640/2261
f 1641/2262 1910/2250 1640/2261
f 1641/2262 1913/2263 1910/2250
f 1642/1674 1913/2263 1641/2262
f 1642/1674 1645/1675 1913/2263
f 1645/1675 1910/2250 1913/2263
f 1645/1675 1646/1676 1910/2250
f 1886/2160 1887/2161 1906/2244
f 1817/2011 1887/2241 1816/2010
f 1887/2161 1888/2162 1816/2264
f 1424/2265 1650/2266 1817/2267
f 1422/1690 1650/2268 1424/1345
f 1914/2269 1650/2268 1422/1690
f 1914/2269 1915/2270 1650/2268
f 1916/2271 1915/2270 1914/2269
f 1916/2271 1900/2225 1915/2270
f 1917/2272 1900/2225 1916/2271
f 1918/2273 1900/2225 1917/2272
f 1919/2274 1900/2225 1918/2273
f 1905/2240 1900/2225 1919/2274
f 1905/2275 1901/2276 1900/2277
f 1904/2278 1901/2276 1905/2275
f 1904/2279 1903/2230 1901/2232
f 1654/1693 1905/2240 1919/2274
f 1654/1693 1919/2274 1920/2280
f 1920/2280 1919/2274 1918/2273
f 1920/2280 1918/2273 1921/2281
f 1921/2281 1918/2273 1922/2282
f 1918/2273 1917/2272 1922/2282
f 1917/2272 1914/2269 1922/2282
f 1917/2272 1916/2271 1914/2269
f 1922/2282 1914/2269 1422/1690
f 1921/2281 1922/2282 1422/1690
f 1651/1689 1921/2281 1422/1690
f 1651/1689 1920/2280 1921/2281
f 1651/1689 1653/1692 1920/2280
f 1654/1693 1920/2280 1653/1692
f 1900/2225 1898/2215 1915/2270
f 1898/2215 1650/2268 1915/2270
f 1898/2215 1813/2217 1650/2268
f 1673/1726 1817/2011 1674/1727
f 1672/2234 1899/2283 1902/2235
f 1672/1722 1664/1706 1899/2224
f 1674/2014 1813/2013 1812/2212
f 1816/2202 1814/2211 1815/2284
f 1838/2062 1648/2067 1618/2057
f 1840/2064 1648/2067 1838/2062
f 1838/2062 1618/2057 1835/2059
f 1850/2076 1851/2077 1649/2069
f 1850/2285 1851/2154 1864/2286
f 1923/2287 1851/2077 1850/2076
f 1924/2288 1851/2077 1923/2287
f 1925/2289 1851/2077 1924/2288
f 1925/2289 1883/2137 1851/2077
f 1884/2135 1883/2137 1925/2289
f 1926/2290 1884/2291 1925/2292
f 1926/2290 1927/2293 1884/2291
f 1928/2294 1927/2295 1926/2296
f 1928/2294 1929/2297 1927/2295
f 1928/2294 1930/2298 1929/2297
f 1930/2298 1928/2294 1931/2299
f 1931/2299 1928/2294 1932/2300
f 1928/2294 1879/2130 1932/2300
f 1879/2130 1928/2294 1858/2095
f 1928/2294 1926/2296 1858/2095
f 1926/2296 1860/2102 1858/2095
f 1860/2301 1926/2290 1925/2292
f 1861/2302 1860/2301 1925/2292
f 1863/2303 1861/2302 1925/2292
f 1924/2304 1863/2303 1925/2292
f 1865/2305 1863/2303 1924/2304
f 1923/2306 1865/2305 1924/2304
f 1866/2307 1865/2305 1923/2306
f 1866/2308 1923/2309 1933/2310
f 1933/2311 1923/2287 1850/2076
f 1869/2118 1933/2311 1850/2076
f 1869/2118 1934/2312 1933/2311
f 1869/2118 1935/2313 1934/2312
f 1872/2120 1935/2313 1869/2118
f 1872/2120 1936/2314 1935/2313
f 1874/2122 1936/2314 1872/2120
f 1874/2122 1937/2315 1936/2314
f 1875/2123 1937/2315 1874/2122
f 1875/2123 1938/2316 1937/2315
f 1875/2123 1884/2135 1938/2316
f 1927/2293 1938/2317 1884/2291
f 1927/2293 1937/2318 1938/2317
f 1929/2319 1937/2318 1927/2293
f 1939/2320 1937/2318 1929/2319
f 1940/2321 1937/2318 1939/2320
f 1936/2322 1937/2318 1940/2321
f 1941/2323 1936/2322 1940/2321
f 1935/2324 1936/2322 1941/2323
f 1942/2325 1935/2324 1941/2323
f 1942/2325 1934/2326 1935/2324
f 1943/2327 1934/2326 1942/2325
f 1943/2327 1933/2310 1934/2326
f 1867/2328 1933/2310 1943/2327
f 1867/2328 1866/2308 1933/2310
f 1868/2110 1867/2109 1943/2329
f 1868/2110 1943/2329 1942/2330
f 1944/2331 1868/2110 1942/2330
f 1868/2110 1944/2331 1945/2332
f 1944/2331 1946/2333 1945/2332
f 1944/2331 1947/2334 1946/2333
f 1947/2334 1944/2331 1940/2335
f 1944/2331 1941/2336 1940/2335
f 1944/2331 1942/2330 1941/2336
f 1947/2334 1940/2335 1939/2337
f 1930/2298 1947/2334 1939/2337
f 1947/2334 1930/2298 1946/2333
f 1946/2333 1930/2298 1931/2299
f 1948/2338 1946/2333 1931/2299
f 1948/2338 1949/2339 1946/2333
f 1949/2339 1948/2338 1950/2340
f 1950/2340 1948/2338 1951/2341
f 1948/2338 1952/2342 1951/2341
f 1952/2342 1948/2338 1932/2300
f 1948/2338 1931/2299 1932/2300
f 1952/2342 1932/2300 1953/2343
f 1932/2300 1879/2130 1953/2343
f 1952/2342 1953/2343 1879/2130
f 1952/2342 1879/2130 1878/2344
f 1951/2341 1952/2342 1878/2344
f 1954/2345 1951/2341 1878/2344
f 1955/2346 1951/2341 1954/2345
f 1955/2346 1956/2347 1951/2341
f 1955/2346 1957/2348 1956/2347
f 1958/2349 1957/2348 1955/2346
f 1958/2349 1959/2350 1957/2348
f 1960/2351 1959/2350 1958/2349
f 1960/2351 1961/2352 1959/2350
f 1962/2353 1961/2352 1960/2351
f 1962/2353 1963/2354 1961/2352
f 1962/2353 1964/2355 1963/2354
f 1964/2356 1962/2357 1965/2358
f 1965/2358 1962/2357 1960/2359
f 1965/2358 1960/2359 1966/2360
f 1960/2359 1958/2361 1966/2360
f 1958/2361 1967/2362 1966/2360
f 1967/2363 1958/2349 1955/2346
f 1968/2364 1967/2363 1955/2346
f 1968/2365 1969/2366 1967/2362
f 1968/2365 1970/2367 1969/2366
f 1971/2368 1970/2367 1968/2365
f 1972/2369 1970/2367 1971/2368
f 1973/2370 1970/2367 1972/2369
f 1974/2371 1970/2367 1973/2370
f 1975/2372 1970/2373 1974/2374
f 1975/2372 1976/2375 1970/2373
f 1977/2376 1976/2375 1975/2372
f 1978/2377 1976/2375 1977/2376
f 1979/2378 1976/2375 1978/2377
f 1979/2379 1954/2380 1976/2381
f 1980/2382 1954/2380 1979/2379
f 1980/2383 1981/2384 1954/2345
f 1982/2385 1981/2384 1980/2383
f 1982/2385 1983/2386 1981/2384
f 1984/2387 1983/2386 1982/2385
f 1984/2387 1985/2388 1983/2386
f 1984/2387 1986/2389 1985/2388
f 1984/2387 1987/2390 1986/2389
f 1987/2390 1984/2387 1980/2383
f 1984/2387 1982/2385 1980/2383
f 1987/2390 1980/2383 1988/2391
f 1988/2392 1980/2393 1989/2394
f 1989/2394 1980/2393 1979/2395
f 1990/2396 1989/2397 1979/2378
f 1991/2398 1989/2397 1990/2396
f 1991/2399 1988/2400 1989/2401
f 1992/2402 1988/2400 1991/2399
f 1992/2403 1987/2390 1988/2391
f 1987/2404 1992/2405 1993/2406
f 1993/2406 1992/2405 1991/2407
f 1991/2398 1990/2396 1993/2408
f 1993/2408 1990/2396 1994/2409
f 1990/2396 1995/2410 1994/2409
f 1990/2396 1979/2378 1995/2410
f 1979/2378 1996/2411 1995/2410
f 1979/2378 1978/2377 1996/2411
f 1997/2412 1996/2413 1978/2414
f 1998/2415 1996/2413 1997/2412
f 1999/2416 1996/2413 1998/2415
f 2000/2417 1996/2413 1999/2416
f 1995/2418 1996/2413 2000/2417
f 2001/2419 1995/2418 2000/2417
f 2001/2419 1994/2420 1995/2418
f 2001/2419 2002/2421 1994/2420
f 2003/2422 2002/2421 2001/2419
f 2003/2422 2004/2423 2002/2421
f 2005/2424 2004/2423 2003/2422
f 2005/2424 2006/2425 2004/2423
f 2005/2426 2007/2427 2006/2428
f 2008/2429 2007/2427 2005/2426
f 2008/2429 2009/2430 2007/2427
f 1986/2389 2009/2430 2008/2429
f 1986/2431 2010/2432 2009/2433
f 1986/2434 1993/2435 2010/2436
f 1987/2437 1993/2438 1986/2439
f 1993/2408 2002/2440 2010/2441
f 1993/2408 1994/2409 2002/2440
f 2002/2440 2004/2442 2010/2441
f 2004/2442 2011/2443 2010/2441
f 2006/2425 2011/2444 2004/2423
f 2006/2425 2012/2445 2011/2444
f 2006/2425 2013/2446 2012/2445
f 2006/2428 2014/2447 2013/2448
f 2006/2428 2015/2449 2014/2447
f 2006/2428 2007/2427 2015/2449
f 2015/2449 2007/2427 2016/2450
f 2016/2450 2007/2427 1964/2355
f 1964/2355 2007/2427 2017/2451
f 2017/2451 2007/2427 2018/2452
f 2018/2452 2007/2427 2019/2453
f 2019/2453 2007/2427 2020/2454
f 2020/2454 2007/2427 1950/2340
f 1950/2340 2007/2427 2021/2455
f 2009/2430 2021/2455 2007/2427
f 2009/2456 2010/2457 2021/2458
f 2021/2459 2010/2460 1870/2461
f 2010/2441 2022/2462 1870/2119
f 2010/2441 2023/2463 2022/2462
f 2010/2441 2024/2464 2023/2463
f 2010/2441 2025/2465 2024/2464
f 2010/2441 2026/2466 2025/2465
f 2010/2441 2027/2467 2026/2466
f 2012/2468 2027/2467 2010/2441
f 2012/2468 1974/2374 2027/2467
f 1975/2372 1974/2374 2012/2468
f 2012/2445 2013/2446 1975/2469
f 2013/2446 2028/2470 1975/2469
f 2028/2471 2013/2448 1973/2472
f 2013/2448 2014/2447 1973/2472
f 2014/2473 1974/2371 1973/2370
f 2014/2473 2027/2474 1974/2371
f 2014/2473 2026/2475 2027/2474
f 2015/2476 2026/2475 2014/2473
f 2015/2476 2025/2477 2026/2475
f 2016/2478 2025/2477 2015/2476
f 2016/2478 1964/2479 2025/2477
f 1964/2479 2024/2480 2025/2477
f 1964/2356 1965/2358 2024/2481
f 1965/2482 2023/2463 2024/2464
f 1965/2482 2029/2483 2023/2463
f 1966/2484 2029/2483 1965/2482
f 1966/2484 2030/2485 2029/2483
f 1966/2484 1976/2375 2030/2485
f 2031/2486 1976/2375 1966/2484
f 1969/2487 1976/2375 2031/2486
f 1970/2373 1976/2375 1969/2487
f 1967/2362 1969/2366 2031/2488
f 1967/2362 2031/2488 1966/2360
f 1976/2375 2032/2489 2030/2485
f 1976/2375 1873/2121 2032/2489
f 1976/2375 1876/2124 1873/2121
f 1976/2490 1878/2491 1876/2492
f 1954/2493 1878/2491 1976/2490
f 2032/2489 1873/2121 2033/2494
f 2033/2494 1873/2121 2034/2495
f 1873/2121 1871/2117 2034/2495
f 2034/2495 1871/2117 2035/2496
f 2035/2496 1871/2117 2036/2497
f 2036/2497 1871/2117 1870/2119
f 2037/2498 2036/2497 1870/2119
f 2019/2499 2036/2500 2037/2501
f 2019/2502 2035/2503 2036/2504
f 2019/2502 2038/2505 2035/2503
f 2019/2453 2020/2454 2038/2506
f 2038/2506 2020/2454 2039/2507
f 2039/2507 2020/2454 1950/2340
f 2039/2507 1950/2340 2040/2508
f 1951/2341 2040/2508 1950/2340
f 2041/2509 2040/2508 1951/2341
f 2040/2510 2041/2511 2034/2512
f 2041/2511 2033/2513 2034/2512
f 2041/2511 1956/2514 2033/2513
f 1956/2347 2041/2509 1951/2341
f 1956/2514 2032/2515 2033/2513
f 1956/2514 2030/2516 2032/2515
f 1957/2517 2030/2516 1956/2514
f 1959/2518 2030/2516 1957/2517
f 2029/2519 2030/2516 1959/2518
f 2029/2519 1959/2518 1961/2520
f 1963/2521 2029/2519 1961/2520
f 2023/2522 2029/2519 1963/2521
f 1963/2521 2022/2523 2023/2522
f 2017/2524 2022/2523 1963/2521
f 2017/2524 2037/2501 2022/2523
f 2018/2525 2037/2501 2017/2524
f 2018/2525 2019/2499 2037/2501
f 2022/2462 2037/2498 1870/2119
f 1964/2355 2017/2451 1963/2354
f 2039/2526 2040/2510 2034/2512
f 2035/2503 2039/2526 2034/2512
f 2035/2503 2038/2505 2039/2526
f 2028/2471 1973/2472 1972/2527
f 2042/2528 2028/2471 1972/2527
f 2028/2529 2042/2530 1975/2531
f 2042/2532 2043/2533 1975/2534
f 2043/2535 2042/2528 1971/2536
f 2042/2528 1972/2527 1971/2536
f 1997/2537 2043/2535 1971/2536
f 1997/2412 1978/2414 2043/2533
f 2043/2533 1978/2414 1977/2538
f 2043/2533 1977/2538 1975/2534
f 2044/2539 1997/2537 1971/2536
f 2044/2539 1998/2540 1997/2537
f 2044/2539 1999/2541 1998/2540
f 2044/2539 2045/2542 1999/2541
f 2044/2539 1985/2388 2045/2542
f 1985/2388 2044/2539 1983/2386
f 1983/2386 2044/2539 2046/2543
f 2044/2539 1955/2346 2046/2543
f 2044/2539 1968/2364 1955/2346
f 2044/2539 1971/2536 1968/2364
f 1955/2346 1981/2384 2046/2543
f 1955/2346 1954/2345 1981/2384
f 1983/2386 2046/2543 1981/2384
f 1985/2388 2008/2429 2045/2542
f 1986/2389 2008/2429 1985/2388
f 2045/2542 2008/2429 2001/2544
f 2008/2429 2003/2545 2001/2544
f 2008/2429 2005/2426 2003/2545
f 2045/2542 2001/2544 2000/2546
f 2045/2542 2000/2546 1999/2541
f 2012/2468 2010/2441 2011/2443
f 1870/2114 1868/2116 2021/2547
f 2021/2455 1868/2110 2047/2548
f 1868/2110 1945/2332 2047/2548
f 1949/2339 2047/2548 1945/2332
f 1949/2339 2048/2549 2047/2548
f 2048/2549 1949/2339 2021/2455
f 2021/2455 1949/2339 1950/2340
f 2021/2455 2047/2548 2048/2549
f 1949/2339 1945/2332 1946/2333
f 1930/2298 1939/2337 1929/2297
f 1879/2130 1858/2095 1881/2142
f 1858/2550 1881/2551 1880/2552
f 1881/2142 1858/2095 1831/2553
f 1858/2095 1834/2056 1831/2553
f 1834/2056 1616/2058 1831/2553
f 1881/2142 1831/2553 1824/2141
f 1858/2550 1880/2552 1882/2554
f 1851/2077 1852/2078 1883/2137
f 1852/2078 1858/2095 1883/2137
f 1864/2286 1851/2154 1862/2151
f 1844/2555 1850/2285 1864/2286
f 1609/1614 1611/1616 1615/1624
f 1826/2030 1828/2035 1825/2029
f 1793/1967 1665/1966 1663/2556
f 1661/2557 1793/1967 1663/2556
f 1659/2558 1793/1967 1661/2557
f 1792/1961 1793/1967 1659/2558
f 1658/1959 1792/1961 1659/2558
f 1772/1907 1773/1911 1771/1902
f 1713/1872 1714/1908 1760/1870
f 1707/1840 1744/1841 1706/1903
f 1757/1866 1758/1867 1762/2559
f 1750/1852 1751/1853 1753/1858
f 1420/1334 1422/2560 1648/2561
f 1420/1334 1648/2561 2049/2562
f 1416/1329 2049/2563 1648/2564
f 1417/1328 2049/2563 1416/1329
f 1420/1334 2049/2562 1417/1331
f 1534/1505 1536/1504 1639/1665
f 1534/1505 1639/1665 1636/1662
f 1534/1505 1636/1662 1532/2565
f 1532/2565 1636/1662 1531/2566
f 1531/2566 1636/1662 1634/1660
f 1531/2566 1634/1660 2050/2567
f 2051/2568 2050/2567 1634/1660
f 2052/2569 2050/2570 2051/2571
f 2053/2572 2050/2570 2052/2569
f 1531/1498 2050/2570 2053/2572
f 1527/1494 1531/1498 2053/2572
f 1527/1494 2053/2572 2054/2573
f 2054/2573 2053/2572 2055/2574
f 2055/2574 2053/2572 2052/2569
f 2055/2574 2052/2569 2056/2575
f 2056/2575 2052/2569 2057/2576
f 2052/2569 2051/2571 2057/2576
f 2057/2576 2051/2571 2058/2577
f 1632/1657 2058/2578 2051/2568
f 1632/1657 2059/2579 2058/2578
f 1632/1657 1598/1598 2059/2579
f 2059/2579 1598/1598 1595/1595
f 2059/2579 1595/1595 2060/2580
f 2060/2580 1595/1595 1592/1592
f 2060/2580 1592/1592 2061/2581
f 2061/2581 1592/1592 2062/2582
f 1592/1592 1591/1591 2062/2582
f 2062/2582 1591/1591 2063/2583
f 2063/2583 1591/1591 1590/1590
f 2063/2583 1590/1590 2064/2584
f 1590/1590 2065/2585 2064/2584
f 1590/1590 2066/2586 2065/2585
f 1590/1590 1588/1588 2066/2586
f 1588/1588 1584/1583 2066/2586
f 1588/1588 1585/1585 1584/1583
f 1588/1588 1586/1586 1585/1585
f 2066/2586 1584/1583 1583/1581
f 2066/2586 1583/1581 1582/1580
f 2065/2585 2066/2586 1582/1580
f 2065/2585 1582/1580 1481/1442
f 1582/1580 1479/1440 1481/1442
f 1481/1442 1482/1443 2065/2585
f 2065/2585 1482/1443 2067/2587
f 2067/2587 1482/1443 1483/1444
f 2068/2588 2067/2587 1483/1444
f 2064/2584 2067/2587 2068/2588
f 2065/2585 2067/2587 2064/2584
f 2069/2589 2064/2584 2068/2588
f 2070/2590 2064/2584 2069/2589
f 2063/2583 2064/2584 2070/2590
f 2070/2590 2071/2591 2063/2583
f 2072/2592 2071/2591 2070/2590
f 2061/2581 2071/2591 2072/2592
f 2061/2581 2062/2582 2071/2591
f 2071/2591 2062/2582 2063/2583
f 2061/2581 2072/2592 2073/2593
f 2073/2593 2072/2592 2074/2594
f 2074/2594 2072/2592 2075/2595
f 2072/2592 2070/2590 2075/2595
f 2075/2595 2070/2590 2076/2596
f 2070/2590 2077/2597 2076/2596
f 2070/2590 2069/2589 2077/2597
f 2077/2597 2069/2589 2068/2588
f 2078/2598 2077/2597 2068/2588
f 2076/2596 2077/2597 2078/2598
f 2076/2596 2078/2598 2074/2594
f 2074/2594 2078/2598 1483/1444
f 2078/2598 2068/2588 1483/1444
f 2073/2593 2074/2594 1483/1444
f 2073/2593 1483/1444 2079/2599
f 2079/2599 1483/1444 1487/2600
f 1483/1444 1484/1445 1487/2600
f 1485/1450 1487/1449 1484/2601
f 2080/2602 2079/2603 1487/1449
f 2080/2602 2081/2604 2079/2603
f 2082/2605 2081/2604 2080/2602
f 2082/2605 2083/2606 2081/2604
f 2084/2607 2083/2606 2082/2605
f 2084/2607 2085/2608 2083/2606
f 2084/2607 2086/2609 2085/2608
f 2087/2610 2086/2609 2084/2607
f 2087/2610 2088/2611 2086/2609
f 2089/2612 2088/2611 2087/2610
f 2089/2612 2090/2613 2088/2611
f 2091/2614 2090/2613 2089/2612
f 1514/1481 2090/2613 2091/2614
f 1514/1481 2092/2615 2090/2613
f 1514/1481 2056/2575 2092/2615
f 2054/2573 2056/2575 1514/1481
f 2054/2573 2055/2574 2056/2575
f 2054/2573 1514/1481 2093/2616
f 2094/2617 2093/2616 1514/1481
f 2095/2618 2093/2616 2094/2617
f 2095/2618 2096/2619 2093/2616
f 2095/2618 2097/2620 2096/2619
f 2097/2620 2095/2618 2098/2621
f 2095/2618 2094/2617 2098/2621
f 2094/2617 2099/2622 2098/2621
f 2099/2622 2094/2617 1514/1481
f 2100/2623 2099/2622 1514/1481
f 2100/2623 2101/2624 2099/2622
f 2101/2624 2100/2623 1520/1487
f 1519/1486 1520/1487 2100/2623
f 1516/1483 1519/1486 2100/2623
f 1516/1483 2100/2623 1514/1481
f 2102/2625 2101/2624 1520/1487
f 2101/2624 2102/2625 2099/2622
f 2099/2622 2102/2625 2098/2621
f 2102/2625 1521/1488 2098/2621
f 1520/1487 1521/1488 2102/2625
f 1521/1488 2097/2620 2098/2621
f 1521/1488 2096/2619 2097/2620
f 1521/1488 2054/2573 2096/2619
f 1527/1494 2054/2573 1521/1488
f 1523/1490 1527/1494 1521/1488
f 1524/1491 1527/1494 1523/1490
f 2096/2619 2054/2573 2093/2616
f 2092/2615 2056/2575 2057/2576
f 2092/2615 2057/2576 2103/2626
f 2057/2576 2104/2627 2103/2626
f 2058/2577 2104/2627 2057/2576
f 2058/2578 2059/2579 2104/2628
f 2059/2579 2105/2629 2104/2628
f 2059/2579 2060/2580 2105/2629
f 2060/2580 2073/2593 2105/2629
f 2060/2580 2061/2581 2073/2593
f 2105/2629 2073/2593 2106/2630
f 2073/2593 2079/2599 2106/2630
f 2081/2604 2106/2631 2079/2603
f 2083/2606 2106/2631 2081/2604
f 2085/2608 2106/2631 2083/2606
f 2107/2632 2106/2630 2085/2633
f 2105/2629 2106/2630 2107/2632
f 2104/2628 2105/2629 2107/2632
f 2104/2627 2107/2634 2103/2626
f 2103/2626 2107/2634 2086/2609
f 2107/2634 2085/2608 2086/2609
f 2088/2611 2103/2626 2086/2609
f 2092/2615 2103/2626 2088/2611
f 2090/2613 2092/2615 2088/2611
f 1514/1481 2091/2614 1513/1480
f 1513/1480 2091/2614 2108/2635
f 2108/2635 2091/2614 2089/2612
f 2108/2635 2089/2612 2109/2636
f 2089/2612 2087/2610 2109/2636
f 2109/2636 2087/2610 2110/2637
f 2110/2637 2087/2610 2082/2605
f 2087/2610 2084/2607 2082/2605
f 2110/2637 2082/2605 2111/2638
f 2111/2638 2082/2605 1489/1452
f 2082/2605 2112/2639 1489/1452
f 2082/2605 2080/2602 2112/2639
f 2112/2639 2080/2602 1487/1449
f 2112/2639 1487/1449 1488/1451
f 1489/1452 2112/2639 1488/1451
f 2111/2638 1489/1452 1491/1454
f 2113/2640 2111/2638 1491/1454
f 2113/2640 2110/2637 2111/2638
f 2109/2636 2110/2637 2113/2640
f 2114/2641 2109/2636 2113/2640
f 2115/2642 2109/2636 2114/2641
f 2116/2643 2109/2636 2115/2642
f 2116/2643 2117/2644 2109/2636
f 1513/1480 2117/2644 2116/2643
f 1513/1480 2118/2645 2117/2644
f 1513/1480 2119/2646 2118/2645
f 1513/1480 2108/2635 2119/2646
f 2119/2646 2108/2635 2109/2636
f 2118/2645 2119/2646 2109/2636
f 2117/2644 2118/2645 2109/2636
f 2120/2647 1513/1480 2116/2643
f 1511/1478 1513/1480 2120/2647
f 1511/1478 2120/2647 2121/2648
f 2120/2647 2122/2649 2121/2648
f 2120/2647 2123/2650 2122/2649
f 2120/2647 2116/2643 2123/2650
f 2123/2650 2116/2643 2124/2651
f 2124/2651 2116/2643 2125/2652
f 2125/2652 2116/2643 2115/2642
f 2115/2642 2114/2641 2125/2652
f 2124/2651 2125/2652 2114/2641
f 2124/2651 2114/2641 2126/2653
f 2126/2653 2114/2641 2113/2640
f 2126/2653 2113/2640 1492/1455
f 2113/2640 1491/1454 1492/1455
f 2127/2654 2126/2653 1492/1455
f 2128/2655 2126/2653 2127/2654
f 2124/2651 2126/2653 2128/2655
f 2128/2655 2129/2656 2124/2651
f 2129/2656 2128/2655 2130/2657
f 2131/2658 2130/2657 2128/2655
f 2131/2658 2129/2656 2130/2657
f 2132/2659 2129/2656 2131/2658
f 2123/2650 2129/2656 2132/2659
f 2123/2650 2124/2651 2129/2656
f 2123/2650 2132/2659 2131/2658
f 2123/2650 2131/2658 2133/2660
f 2133/2660 2131/2658 2128/2655
f 2122/2649 2133/2660 2128/2655
f 2122/2649 2123/2650 2133/2660
f 2121/2648 2122/2649 2128/2655
f 2128/2655 1509/1476 2121/2648
f 1509/1476 2128/2655 2134/2661
f 2134/2661 2128/2655 2135/2662
f 2128/2655 2136/2663 2135/2662
f 2128/2655 2127/2654 2136/2663
f 2136/2663 2127/2654 1492/1455
f 2136/2663 1492/1455 2137/2664
f 1492/1455 1493/1456 2137/2664
f 1493/1456 1495/1458 2137/2664
f 2137/2664 1495/1458 2138/2665
f 1495/1458 1496/1459 2138/2665
f 1505/1472 2138/2665 1496/1459
f 1505/1472 2139/2666 2138/2665
f 1507/1474 2139/2666 1505/1472
f 1507/1474 2134/2661 2139/2666
f 1507/1474 1509/1476 2134/2661
f 2134/2661 2138/2665 2139/2666
f 2134/2661 2135/2662 2138/2665
f 2135/2662 2137/2664 2138/2665
f 2136/2663 2137/2664 2135/2662
f 1505/1472 1496/1459 1502/1469
f 1502/1469 1496/1459 1497/1460
f 1510/1477 2121/2648 1509/1476
f 1511/1478 2121/2648 1510/1477
f 2075/2595 2076/2596 2074/2594
f 2051/2568 1634/1660 1632/1657
f 1601/1604 1603/1608 1602/1607
f 1579/1574 1587/2667 1593/1606
f 1579/1574 1580/1576 1587/2667
f 1589/1589 1593/1593 1587/1587
f 2140/2668 1456/1398 1560/1542
f 1455/1397 1456/1398 2140/2668
f 2141/2669 1455/1397 2140/2668
f 1452/1392 1455/1397 2141/2669
f 1452/1392 1453/1393 1455/1397
f 1405/1311 1452/1392 2141/2669
f 1406/1313 1452/1392 1405/1311
f 1405/1311 2141/2669 2142/2670
f 2142/2670 2141/2669 2143/2671
f 2141/2669 2140/2668 2143/2671
f 2143/2671 2140/2668 1558/1539
f 2140/2668 1560/1542 1558/1539
f 2143/2671 1558/1539 2144/2672
f 2144/2672 1558/1539 1504/1471
f 1558/1539 1506/1473 1504/1471
f 2144/2672 1504/1471 1503/1470
f 2144/2672 1503/1470 2145/2673
f 2145/2673 1503/1470 2146/2674
f 1503/1470 1501/1467 2146/2674
f 1501/1467 1500/1468 2146/2674
f 2146/2675 1500/1466 1472/1431
f 2146/2675 1472/1431 1470/1429
f 2145/2676 2146/2675 1470/1429
f 2145/2676 1470/1429 1467/1426
f 2147/2677 2145/2676 1467/1426
f 2144/2672 2145/2673 2147/2678
f 2143/2671 2144/2672 2147/2678
f 2143/2671 2147/2678 2142/2670
f 2147/2677 1467/1426 2142/2679
f 2142/2679 1467/1426 1466/1423
f 2142/2679 1466/1423 2148/2680
f 2148/2680 1466/1423 2149/2681
f 1466/1423 1465/1425 2149/2681
f 1400/1306 2149/2681 1465/1425
f 1401/1305 2149/2681 1400/1306
f 1404/1309 2149/2681 1401/1305
f 1404/1309 2148/2680 2149/2681
f 1404/1312 1405/1311 2148/2682
f 2148/2682 1405/1311 2142/2670
f 1400/1303 1465/1422 1398/1301
f 1431/1351 1427/1347 1429/1349
f 1392/1292 1395/1415 1390/1293
f 1451/1391 1437/1363 1438/1364
f 1438/1368 1441/1369 1451/2683
f 1451/2683 1441/1369 1447/2684
f 1447/2685 1441/1370 2150/2686
f 1441/1370 1442/1372 2150/2686
f 1442/1373 1443/1375 2150/2687
f 2150/2687 1443/1375 1444/2688
f 2150/2687 1444/2688 2151/2689
f 2151/2689 1444/2688 1446/2690
f 1446/1381 1447/1383 2151/2691
f 1447/2685 2150/2686 2151/2692
f 1447/2684 1448/1386 1451/2683
f 1451/2683 1448/1386 1449/1387
o Mesh52_RAX_Gunshi1_skp3EC1_Model
v -1.946290 6.298409 1.739091
v -2.007380 6.170559 1.709611
v -1.961930 6.120810 2.496471
v -2.015250 6.009220 2.470741
l 2152 2153
l 2155 2154
l 2153 2155
l 2154 2152
o Mesh80_RAX_Gunshi1_skp3EC1_Model
v 0.891673 0.650788 -3.175970
v -0.891676 0.650788 -3.175970
v 0.692728 0.650787 2.133570
v -0.692731 0.650787 2.133570
v -0.968092 0.716614 -3.175970
v -0.752098 0.716613 2.133570
v -0.892568 0.716613 2.133570
v -1.148900 0.716614 -3.175970
v -0.829423 0.472678 2.133570
v -1.067620 0.472679 -3.175970
v 0.752095 0.716613 2.133570
v 0.892565 0.716613 2.133570
v 0.968087 0.716614 -3.175970
v 1.148900 0.716614 -3.175970
v 0.829418 0.472679 2.133570
v 1.067620 0.472679 -3.175970
l 2161 2159
l 2169 2168
l 2166 2167
l 2170 2171
l 2159 2158
l 2160 2163
l 2162 2161
l 2157 2159
l 2157 2160
l 2158 2156
l 2165 2164
l 2158 2166
l 2161 2160
l 2164 2162
l 2171 2169
l 2156 2157
l 2167 2169
l 2167 2170
l 2168 2156
l 2162 2163
l 2163 2165
l 2168 2166
o Mesh53_RAX_Gunshi1_skp3EC1_Model
v -7.705750 3.748291 -6.526130
v -7.854260 3.805451 -6.305719
v -7.883260 3.725321 -6.650010
v -8.048660 3.780301 -6.441380
v -8.280840 4.030771 -6.152699
v -8.373460 4.216001 -6.060319
v -8.175720 4.241581 -5.922329
v -8.088670 4.055631 -6.018589
v -8.163630 4.257591 -5.942619
v -8.361370 4.232011 -6.080609
v -8.271220 4.050501 -6.170139
v -8.044630 3.805911 -6.451910
v -7.882360 3.753101 -6.656459
v -7.704840 3.776071 -6.532589
v -7.850230 3.831061 -6.316249
v -8.079050 4.075361 -6.036039
l 2185 2184
l 2183 2182
l 2184 2183
l 2187 2186
l 2175 2174
l 2176 2175
l 2182 2181
l 2178 2177
l 2177 2181
l 2180 2187
l 2174 2172
l 2181 2180
l 2172 2185
l 2174 2184
l 2177 2176
l 2180 2178
l 2186 2185
l 2172 2173
l 2173 2179
l 2179 2178
o Mesh120_RAX_Gunshi1_skp3EC1_Model
v 0.384887 6.500470 3.419381
v 0.349439 6.413300 2.893451
l 2188 2189
o Mesh96_RAX_Gunshi1_skp3EC1_Model
v -6.970260 5.094441 -7.430979
v -6.936380 4.878761 -7.463789
v -7.517810 5.023602 -7.813079
v -7.461430 4.810842 -7.830189
v -8.154840 4.811411 -7.815419
v -8.072280 4.607371 -7.832429
v -8.638030 4.538931 -7.437099
v -8.535600 4.346091 -7.469669
v -8.782800 4.310231 -6.822629
v -8.674420 4.126791 -6.880449
v -8.533870 4.212661 -6.206719
v -8.435720 4.033231 -6.289850
v -7.986320 4.283501 -5.824619
v -7.910670 4.101161 -5.923450
v -7.349290 4.495691 -5.822279
v -7.299830 4.304621 -5.921209
v -6.866100 4.768171 -6.200589
v -6.836500 4.565911 -6.283979
v -6.721330 4.996871 -6.815059
v -6.697680 4.785211 -6.873189
l 2203 2202
l 2206 2204
l 2194 2192
l 2201 2200
l 2205 2204
l 2193 2192
l 2208 2206
l 2200 2198
l 2207 2206
l 2196 2194
l 2192 2190
l 2199 2198
l 2195 2194
l 2198 2196
l 2190 2208
l 2190 2191
l 2204 2202
l 2197 2196
l 2202 2200
l 2209 2208
o Mesh101_RAX_Gunshi1_skp3EC1_Model
v 2.203160 7.910130 1.775951
v 2.185900 7.766630 2.769571
v 2.026060 7.851520 1.766641
v 2.031320 7.715479 2.761441
l 2210 2211
l 2213 2212
l 2211 2213
l 2212 2210
o Mesh55_RAX_Gunshi1_skp3EC1_Model
v -6.990340 4.154341 -7.095160
v -7.065590 4.183831 -7.281330
v -6.843930 4.381861 -7.119460
v -6.746430 4.816911 -7.084339
v -6.775520 5.037131 -7.038849
v -6.853010 5.067501 -7.230559
v -6.824700 4.847591 -7.277989
v -6.918380 4.411051 -7.303669
v -7.087080 4.198981 -7.270249
v -7.011830 4.169491 -7.084070
v -6.942020 4.421051 -7.292529
v -6.850710 4.847221 -7.267529
v -6.879240 5.061901 -7.220849
v -6.801760 5.031531 -7.029129
v -6.772440 4.816551 -7.073889
v -6.867570 4.391871 -7.108319
l 2226 2227
l 2225 2224
l 2226 2225
l 2229 2228
l 2217 2216
l 2218 2217
l 2223 2214
l 2220 2219
l 2224 2222
l 2219 2226
l 2216 2214
l 2222 2223
l 2223 2229
l 2219 2218
l 2227 2218
l 2228 2227
l 2214 2215
l 2215 2221
l 2222 2215
l 2221 2220
o Mesh64_RAX_Gunshi1_skp3EC1_Model
v 7.123870 2.596461 -6.396299
v 7.008240 2.720971 -6.609819
v 7.120300 2.575881 -6.124229
v 6.998890 2.667101 -5.897510
v 6.806010 2.835271 -5.802760
v 6.615340 3.016151 -5.876150
v 6.499700 3.140661 -6.089660
v 6.503280 3.161241 -6.361740
v 6.624690 3.070031 -6.588449
v 6.817570 2.901861 -6.683209
v 7.047510 2.755481 -6.614999
v 7.165820 2.628081 -6.396540
v 6.852410 2.940561 -6.690100
v 6.655060 3.112631 -6.593150
v 6.530820 3.205971 -6.361169
v 6.527170 3.184911 -6.082779
v 6.645480 3.057511 -5.864309
v 6.840580 2.872431 -5.789209
v 7.037930 2.700361 -5.886169
v 7.162170 2.607021 -6.118150
l 2238 2237
l 2243 2242
l 2230 2241
l 2231 2239
l 2240 2231
l 2240 2241
l 2248 2233
l 2245 2244
l 2248 2247
l 2241 2249
l 2233 2232
l 2246 2245
l 2234 2233
l 2249 2232
l 2242 2239
l 2236 2235
l 2247 2246
l 2246 2235
l 2232 2230
l 2239 2238
l 2244 2237
l 2235 2234
l 2244 2243
l 2230 2231
l 2247 2234
l 2237 2236
l 2242 2240
l 2249 2248
l 2245 2236
l 2243 2238
o Mesh119_RAX_Gunshi1_skp3EC1_Model
v -0.000002 5.490059 5.800181
v -0.000002 5.638709 5.392081
v -0.000002 5.956059 5.094391
v -0.000002 6.296019 4.604591
v -0.000002 6.535150 3.978131
l 2250 2251
l 2251 2252
l 2252 2253
l 2253 2254
o Mesh59_RAX_Gunshi1_skp3EC1_Model
v -7.663810 5.539491 -5.864929
v -7.412960 5.181871 -5.767219
v -7.838000 5.694081 -6.005759
v -7.697390 5.773381 -6.115849
v -7.700460 5.752361 -6.134899
v -7.505810 5.615111 -6.014859
v -7.233010 5.281741 -5.941459
v -7.133410 5.085941 -5.971559
v -7.339610 4.969661 -5.810109
v -7.117630 5.090381 -5.948199
v -7.323820 4.974101 -5.786759
v -7.426010 5.172901 -5.790349
v -7.670500 5.522241 -5.885909
v -7.841060 5.673071 -6.024819
v -7.219960 5.290711 -5.918329
v -7.499110 5.632371 -5.993869
l 2262 2263
l 2267 2268
l 2256 2265
l 2266 2267
l 2269 2270
l 2258 2257
l 2263 2266
l 2259 2258
l 2265 2264
l 2260 2261
l 2265 2263
l 2257 2255
l 2264 2269
l 2260 2259
l 2268 2259
l 2255 2256
l 2257 2268
l 2261 2262
l 2262 2264
l 2270 2258
o Mesh60_RAX_Gunshi1_skp3EC1_Model
v -8.765180 4.370551 -7.033020
v -8.713940 4.451511 -7.250529
v -8.653210 4.181561 -7.090549
v -8.316410 3.888281 -7.114220
v -8.063190 3.793591 -7.087500
v -8.013970 3.871341 -7.296410
v -8.005930 3.896331 -7.285220
v -8.255250 3.986761 -7.308010
v -8.586350 4.269341 -7.274700
v -8.689650 4.462741 -7.240629
v -8.740900 4.381781 -7.023119
v -8.607320 4.254061 -7.285329
v -8.268090 3.964601 -7.319280
v -8.632240 4.196841 -7.079929
v -8.303570 3.910441 -7.102940
v -8.055150 3.818571 -7.076310
l 2278 2279
l 2272 2280
l 2272 2282
l 2281 2284
l 2282 2283
l 2281 2271
l 2285 2286
l 2274 2273
l 2275 2274
l 2280 2281
l 2286 2275
l 2277 2276
l 2283 2276
l 2273 2271
l 2279 2280
l 2276 2275
l 2284 2285
l 2271 2272
l 2278 2277
l 2286 2277
o Mesh54_RAX_Gunshi1_skp3EC1_Model
v -7.244930 3.902541 -6.527040
v -7.094900 3.987151 -6.644509
v -7.156510 4.039851 -6.309939
v -7.125430 4.377401 -6.018229
v -7.158780 4.583341 -5.928939
v -7.010600 4.666911 -6.044969
v -6.963900 4.468491 -6.144699
v -7.002200 4.126871 -6.430759
v -7.112240 4.008851 -6.651030
v -7.262270 3.924241 -6.533559
v -7.020720 4.144971 -6.441370
v -6.983320 4.478551 -6.162249
v -7.029740 4.672521 -6.065369
v -7.177920 4.588951 -5.949339
v -7.144850 4.387461 -6.035769
v -7.175020 4.057951 -6.320549
l 2299 2300
l 2298 2297
l 2298 2299
l 2302 2301
l 2290 2289
l 2291 2290
l 2287 2296
l 2293 2292
l 2297 2295
l 2299 2292
l 2289 2287
l 2295 2296
l 2296 2302
l 2292 2291
l 2300 2291
l 2301 2300
l 2287 2288
l 2288 2294
l 2295 2288
l 2294 2293
o Mesh73_RAX_Gunshi1_skp3EC1_Model
v 6.753600 2.560801 -5.485710
v 6.537510 2.228081 -5.278430
v 6.823060 2.727871 -5.689030
v 6.961160 2.607461 -5.756879
v 6.915360 2.419761 -5.565179
v 6.727080 2.062791 -5.371560
v 6.593450 1.880991 -5.347310
v 6.390920 2.057571 -5.247809
v 6.381180 2.061351 -5.274360
v 6.524870 2.227691 -5.303460
v 6.583700 1.884771 -5.373859
v 6.714450 2.062411 -5.396590
v 6.897970 2.411171 -5.585340
v 6.941890 2.594821 -5.773690
v 6.803780 2.715241 -5.705850
v 6.736200 2.552211 -5.505869
l 2310 2311
l 2316 2315
l 2313 2309
l 2314 2313
l 2315 2314
l 2318 2317
l 2306 2305
l 2307 2306
l 2309 2308
l 2313 2311
l 2316 2306
l 2305 2303
l 2311 2312
l 2312 2318
l 2305 2317
l 2308 2307
l 2317 2316
l 2303 2304
l 2304 2310
l 2310 2309
o Mesh38_RAX_Gunshi1_skp3EC1_Model
v -0.659042 3.861769 7.817801
v -0.426708 4.022959 8.039241
v -0.438189 4.222939 7.923531
v -0.000002 4.129739 8.085821
v -0.000002 4.327399 7.985870
v -0.000002 4.893518 7.422551
v -0.550330 4.689349 7.327991
v -0.401282 5.204959 6.826761
v -0.000002 5.292239 6.864821
v -0.370736 5.360269 6.353381
v -0.000002 5.440909 6.388541
v -0.000002 5.490059 5.800181
v -0.328659 5.381539 5.785161
v -0.315096 5.474259 5.420701
v -0.000002 5.638709 5.392081
v -0.328659 5.801009 5.008901
v -0.000002 5.956059 5.094391
v -0.000002 6.296019 4.604591
v -0.370736 6.149959 4.550281
v -0.401282 6.403269 3.961121
v -0.000002 6.535150 3.978131
v -0.000002 6.595910 3.471001
v -0.384890 6.500470 3.419381
v -0.000002 6.511559 2.939581
v -0.349442 6.413300 2.893451
v -0.000002 6.293900 2.450171
v -0.539707 6.157879 2.795261
v -0.739856 6.202839 3.619221
v -0.901214 5.846799 3.494611
v -0.697789 5.874129 4.429961
v -0.849973 5.502220 4.268161
v -0.753503 5.268949 4.791791
v -0.618592 5.576869 4.911131
v -0.737958 4.929359 5.525461
v -0.605829 5.213159 5.603421
v -0.726536 4.997709 6.465791
v -0.884989 4.543879 6.282871
v -0.849973 4.212779 7.031820
v 0.349439 6.413300 2.893451
v 0.539704 6.157879 2.795261
v 0.384887 6.500470 3.419381
v 0.401279 6.403269 3.961121
v 0.739853 6.202839 3.619221
v 0.901211 5.846799 3.494611
v 0.697788 5.874129 4.429961
v 0.370733 6.149959 4.550281
v 0.328656 5.801009 5.008901
v 0.315095 5.474259 5.420701
v 0.328656 5.381539 5.785161
v 0.605826 5.213159 5.603421
v 0.618591 5.576869 4.911131
v 0.753500 5.268939 4.791791
v 0.737955 4.929359 5.525461
v 0.726533 4.997709 6.465791
v 0.401279 5.204959 6.826761
v 0.370733 5.360269 6.353381
v 0.550327 4.689349 7.327991
v 0.849970 4.212779 7.031820
v 0.659039 3.861759 7.817801
v 0.436627 4.216449 7.931800
v 0.426705 4.022959 8.039241
v 0.884986 4.543879 6.282871
v 0.849970 5.502220 4.268161
vt 0.898843 0.475028
vt 0.909077 0.472051
vt 0.909775 0.483655
vt 0.933712 0.472460
vt 0.933712 0.481713
vt 0.933712 0.512615
vt 0.901794 0.512609
vt 0.910439 0.542763
vt 0.933712 0.542861
vt 0.912211 0.564974
vt 0.933712 0.565066
vt 0.933712 0.589956
vt 0.911193 0.588519
vt 0.912122 0.605112
vt 0.933712 0.609384
vt 0.914651 0.628055
vt 0.933712 0.627502
vt 0.933712 0.653872
vt 0.912211 0.653324
vt 0.910439 0.682103
vt 0.933712 0.683902
vt 0.933712 0.703847
vt 0.911389 0.704145
vt 0.933712 0.718325
vt 0.913446 0.718347
vt 0.933712 0.750441
vt 0.876474 0.724948
vt 0.893782 0.692241
vt 0.873153 0.690590
vt 0.893733 0.653013
vt 0.874705 0.652577
vt 0.877295 0.626846
vt 0.894044 0.627803
vt 0.869469 0.590553
vt 0.892201 0.592739
vt 0.895716 0.553548
vt 0.868500 0.552425
vt 0.876181 0.515669
vt 0.953980 0.718347
vt 0.990950 0.724948
vt 0.956036 0.704145
vt 0.956986 0.682103
vt 0.973643 0.692241
vt 0.994273 0.690590
vt 0.973692 0.653013
vt 0.955215 0.653324
vt 0.952774 0.628055
vt 0.955303 0.605112
vt 0.956232 0.588519
vt 0.975225 0.592739
vt 0.973382 0.627803
vt 0.990129 0.626846
vt 0.997956 0.590553
vt 0.971709 0.553548
vt 0.956986 0.542763
vt 0.955215 0.564974
vt 0.965631 0.512609
vt 0.991245 0.515669
vt 0.968583 0.475028
vt 0.957746 0.482080
vt 0.958349 0.472051
vt 0.998925 0.552425
vt 0.992720 0.652578
usemtl default1
s 1
f 2319/2693 2320/2694 2321/2695
f 2321/2695 2320/2694 2322/2696
f 2323/2697 2321/2695 2322/2696
f 2324/2698 2321/2695 2323/2697
f 2324/2698 2325/2699 2321/2695
f 2324/2698 2326/2700 2325/2699
f 2327/2701 2326/2700 2324/2698
f 2327/2701 2328/2702 2326/2700
f 2329/2703 2328/2702 2327/2701
f 2330/2704 2328/2702 2329/2703
f 2330/2704 2331/2705 2328/2702
f 2330/2704 2332/2706 2331/2705
f 2333/2707 2332/2706 2330/2704
f 2333/2707 2334/2708 2332/2706
f 2335/2709 2334/2708 2333/2707
f 2336/2710 2334/2708 2335/2709
f 2336/2710 2337/2711 2334/2708
f 2336/2710 2338/2712 2337/2711
f 2339/2713 2338/2712 2336/2710
f 2340/2714 2338/2712 2339/2713
f 2340/2714 2341/2715 2338/2712
f 2342/2716 2341/2715 2340/2714
f 2342/2716 2343/2717 2341/2715
f 2344/2718 2343/2717 2342/2716
f 2344/2718 2345/2719 2343/2717
f 2345/2719 2341/2715 2343/2717
f 2345/2719 2346/2720 2341/2715
f 2345/2719 2347/2721 2346/2720
f 2347/2721 2348/2722 2346/2720
f 2347/2721 2349/2723 2348/2722
f 2349/2723 2350/2724 2348/2722
f 2348/2722 2350/2724 2351/2725
f 2350/2724 2352/2726 2351/2725
f 2351/2725 2352/2726 2353/2727
f 2352/2726 2354/2728 2353/2727
f 2352/2726 2355/2729 2354/2728
f 2355/2729 2356/2730 2354/2728
f 2354/2728 2356/2730 2325/2699
f 2356/2730 2319/2693 2325/2699
f 2325/2699 2319/2693 2321/2695
f 2354/2728 2325/2699 2326/2700
f 2326/2700 2353/2727 2354/2728
f 2353/2727 2326/2700 2328/2702
f 2331/2705 2353/2727 2328/2702
f 2332/2706 2353/2727 2331/2705
f 2332/2706 2351/2725 2353/2727
f 2351/2725 2332/2706 2334/2708
f 2337/2711 2351/2725 2334/2708
f 2348/2722 2351/2725 2337/2711
f 2338/2712 2348/2722 2337/2711
f 2346/2720 2348/2722 2338/2712
f 2341/2715 2346/2720 2338/2712
f 2357/2731 2344/2718 2342/2716
f 2358/2732 2344/2718 2357/2731
f 2358/2732 2357/2731 2359/2733
f 2359/2733 2357/2731 2342/2716
f 2359/2733 2342/2716 2340/2714
f 2359/2733 2340/2714 2339/2713
f 2360/2734 2359/2733 2339/2713
f 2361/2735 2359/2733 2360/2734
f 2358/2732 2359/2733 2361/2735
f 2358/2732 2361/2735 2362/2736
f 2362/2736 2361/2735 2363/2737
f 2361/2735 2360/2734 2363/2737
f 2360/2734 2364/2738 2363/2737
f 2360/2734 2336/2710 2364/2738
f 2360/2734 2339/2713 2336/2710
f 2364/2738 2336/2710 2365/2739
f 2365/2739 2336/2710 2335/2709
f 2335/2709 2333/2707 2365/2739
f 2365/2739 2333/2707 2366/2740
f 2366/2740 2333/2707 2330/2704
f 2367/2741 2366/2740 2330/2704
f 2368/2742 2366/2740 2367/2741
f 2369/2743 2366/2740 2368/2742
f 2369/2743 2365/2739 2366/2740
f 2364/2738 2365/2739 2369/2743
f 2363/2737 2364/2738 2369/2743
f 2363/2737 2369/2743 2370/2744
f 2370/2744 2369/2743 2371/2745
f 2369/2743 2368/2742 2371/2745
f 2371/2745 2368/2742 2372/2746
f 2372/2746 2368/2742 2373/2747
f 2368/2742 2374/2748 2373/2747
f 2368/2742 2367/2741 2374/2748
f 2374/2748 2367/2741 2330/2704
f 2374/2748 2330/2704 2329/2703
f 2374/2748 2329/2703 2327/2701
f 2373/2747 2374/2748 2327/2701
f 2373/2747 2327/2701 2324/2698
f 2375/2749 2373/2747 2324/2698
f 2372/2746 2373/2747 2375/2749
f 2372/2746 2375/2749 2376/2750
f 2376/2750 2375/2749 2377/2751
f 2375/2749 2378/2752 2377/2751
f 2375/2749 2324/2698 2378/2752
f 2324/2698 2323/2697 2378/2752
f 2323/2697 2322/2696 2378/2752
f 2378/2752 2322/2696 2379/2753
f 2377/2751 2378/2752 2379/2753
f 2380/2754 2372/2746 2376/2750
f 2371/2745 2372/2746 2380/2754
f 2381/2755 2363/2737 2370/2744
f 2362/2736 2363/2737 2381/2755
o Mesh30_RAX_Gunshi1_skp3EC1_Model
v -1.554320 1.432669 7.346390
v -1.352680 1.407079 7.162650
v -1.579210 0.999405 7.340400
v -1.375670 1.006799 7.157110
v -1.206820 0.670225 7.294910
v -1.396440 0.635103 7.489560
v -0.910603 0.525920 7.523420
v -1.075830 0.478909 7.736900
v -0.600179 0.629003 7.755360
v -0.739825 0.590485 7.987940
v -1.234920 0.538624 7.951840
v -0.924494 0.641706 8.183780
v -0.516782 0.927211 8.146800
v -0.718429 0.952800 8.330550
v -0.955314 0.687454 8.175780
v -0.766441 0.972595 8.310300
v -1.148510 0.816002 8.298680
v -1.006340 1.030649 8.399950
v -1.318480 0.992902 8.337010
v -1.242010 1.108349 8.391480
v -1.448450 1.196109 8.292030
v -1.433670 0.954650 8.250940
v -1.543590 1.008199 8.166150
v -1.606250 1.133099 8.115010
v -1.567070 0.844444 7.980990
v -1.362700 0.744879 8.138660
v -1.239840 0.592972 7.963190
v -1.511340 0.725237 7.753750
v -1.531130 0.682928 7.723330
v -1.666110 1.033729 7.627440
v -1.699990 1.019499 7.585530
v -1.676990 1.419779 7.591070
v -1.645030 1.400609 7.632510
v -1.683580 1.076669 7.885910
v -1.667710 1.352849 7.889730
v -1.597720 1.281639 8.117060
v -1.521250 1.397079 8.171530
v -1.406060 1.435329 8.257600
v -1.311350 1.638619 8.151020
v -1.424430 1.625729 8.066530
v -1.326930 1.753329 7.863590
v -1.171630 1.780239 7.979620
v -1.316820 1.817009 7.852971
v -1.470930 1.730869 7.737831
v -1.181980 1.853939 7.616800
v -1.331280 1.769389 7.505250
v -1.473800 1.622609 7.420910
v -1.599960 1.604459 7.663100
v -1.563790 1.563399 7.695661
v -1.611150 1.478379 7.935300
v -1.525530 1.567489 7.991001
v -1.456160 1.685759 7.767040
v -0.995279 1.880969 7.756300
v -1.160500 1.833959 7.969770
v -1.030530 1.742489 8.088470
v -1.197920 1.614339 8.238530
v -1.296130 1.381789 8.342390
v -1.233470 1.256889 8.393530
v -0.990470 1.306829 8.403770
v -1.017080 1.416839 8.358730
v -1.106980 1.539049 8.308690
v -0.900133 1.647969 8.189070
v -1.003550 1.788809 8.090850
v -0.849790 1.841409 7.868530
v -0.674662 1.724769 8.003640
v -0.864290 1.689649 8.198280
v -0.790436 1.486289 8.255270
v -0.745364 1.339479 8.315380
v -0.695433 1.353079 8.336080
v -0.739019 1.516999 8.273320
v -0.551221 1.555769 8.077190
v -0.491892 1.360469 8.152790
vt 0.443858 0.942760
vt 0.443858 0.926924
vt 0.456527 0.942760
vt 0.456527 0.926924
vt 0.469196 0.926924
vt 0.469196 0.942760
vt 0.456565 0.926924
vt 0.456565 0.942760
vt 0.443896 0.926924
vt 0.443896 0.942760
vt 0.456565 0.958596
vt 0.443896 0.958596
vt 0.431227 0.942760
vt 0.431227 0.958596
vt 2.982410 1.997500
vt 2.701770 1.729710
vt 2.732990 1.683540
vt 2.930340 2.017510
vt 2.701730 1.729740
vt 0.180396 0.351289
vt 0.193065 0.367125
vt 0.193065 0.351289
vt 0.180396 0.367125
vt 0.193065 0.382961
vt 0.180396 0.382961
vt 0.186730 0.398797
vt 0.199399 0.398797
vt 0.205734 0.382961
vt 0.212068 0.398797
vt 0.218365 0.382961
vt 0.205696 0.382961
vt 0.212031 0.398797
vt 0.218365 0.367125
vt 0.205734 0.367125
vt 0.205734 0.351289
vt 3.696060 2.280190
vt 3.341520 2.183360
vt 3.726210 2.233310
vt 3.339390 2.127680
vt 4.113680 2.128370
vt 4.451380 1.937480
vt 4.455400 1.993070
vt 4.078560 2.085100
vt 4.699540 1.731440
vt 4.860240 1.378380
vt 4.896200 1.420960
vt 4.645520 1.717070
vt 4.860090 1.378330
vt 4.699390 1.731390
vt 0.469196 0.958596
vt 0.456527 0.958596
vt 0.443858 0.958596
vt 4.888890 0.798798
vt 4.959850 1.180160
vt 4.907520 1.199340
vt 4.942790 0.813036
vt 4.959860 1.180160
vt 0.205696 0.351289
vt 0.205696 0.367125
vt 0.193027 0.351289
vt 0.218365 0.351289
vt 0.193027 0.367125
vt 0.193027 0.382961
vt 0.180358 0.382961
vt 0.167689 0.382961
vt 0.174024 0.398797
vt 0.167689 0.367125
vt 0.174378 0.367125
vt 0.174604 0.351289
vt 0.167689 0.351289
vt 3.868910 0.215293
vt 3.867630 0.149956
vt 4.061390 0.177563
vt 4.355730 0.275399
vt 4.164380 0.187008
vt 4.355490 0.210049
vt 0.425560 0.942760
vt 0.431190 0.958596
vt 0.424900 0.958596
vt 0.431190 0.942760
vt 0.437916 0.942760
vt 0.437640 0.958596
vt 3.979950 1.653290
vt 3.874490 1.468610
vt 4.028610 1.612230
vt 4.699750 0.614468
vt 4.752040 0.595143
vt 4.852760 0.759278
vt 0.187080 0.351289
vt 0.187326 0.367125
vt 0.180358 0.367125
vt 0.180358 0.351289
vt 4.372750 0.069193
vt 4.181660 0.046036
vt 4.212340 -0.000496
vt 4.151970 0.021910
vt 4.006400 -0.108558
vt 4.182610 -0.024656
vt 3.636870 1.104890
vt 3.459570 1.023320
vt 3.508120 0.982115
vt 0.418521 0.942760
vt 0.418521 0.958596
vt 4.006810 -0.065647
vt 3.811730 -0.083207
vt 4.004140 -0.121321
vt 3.543640 -0.103726
vt 3.540020 -0.159346
vt 3.717940 -0.198434
vt 0.161105 0.351289
vt 0.160658 0.367125
vt 0.155021 0.382961
vt 0.161355 0.398797
vt 0.155058 0.382961
vt 0.167727 0.382961
vt 0.174062 0.398797
vt 0.167727 0.367125
vt 0.161725 0.367125
vt 0.155058 0.367125
vt 0.155021 0.367125
vt 0.155021 0.351289
vt 3.126510 -0.042279
vt 3.101880 -0.089956
vt 3.264960 -0.187229
vt 3.488820 -0.210867
vt 3.662930 -0.305925
vt 3.686640 -0.257783
vt 0.412772 0.942760
vt 0.411808 0.958596
vt 0.405852 0.942760
vt 0.405852 0.958596
vt 3.168950 0.002449
vt 3.307600 -0.142318
vt 3.343250 -0.099475
vt 2.308700 0.721851
vt 2.272040 0.679863
vt 2.398650 0.516986
vt 0.155058 0.351289
vt 0.161698 0.351289
vt 0.167727 0.351289
vt 2.569640 1.278490
vt 2.515580 1.264880
vt 2.494180 0.897983
vt 2.895130 -0.324917
vt 2.961930 -0.475694
vt 3.015890 -0.461725
vt 3.041250 -0.204839
vt 2.987190 -0.236311
vt 3.108310 -0.372799
vt 2.418610 0.774625
vt 2.508890 0.569907
vt 2.563270 0.600826
vt 0.412788 0.958596
vt 0.412136 0.942760
vt 0.418558 0.942760
vt 0.418558 0.958596
vt 2.494100 0.897998
vt 2.546210 0.878203
usemtl default1
s 1
f 2382/2756 2383/2757 2384/2758
f 2383/2757 2385/2759 2384/2758
f 2385/2759 2386/2760 2384/2758
f 2384/2758 2386/2760 2387/2761
f 2388/2762 2387/2761 2386/2760
f 2388/2762 2389/2763 2387/2761
f 2390/2764 2389/2763 2388/2762
f 2390/2764 2391/2765 2389/2763
f 2391/2765 2392/2766 2389/2763
f 2391/2765 2393/2767 2392/2766
f 2394/2768 2393/2767 2391/2765
f 2395/2769 2393/2767 2394/2768
f 2395/2770 2396/2771 2393/2772
f 2397/2773 2396/2774 2395/2770
f 2397/2775 2398/2776 2396/2777
f 2399/2778 2398/2776 2397/2775
f 2399/2778 2400/2779 2398/2776
f 2401/2780 2400/2779 2399/2778
f 2402/2781 2400/2779 2401/2780
f 2402/2782 2403/2783 2400/2779
f 2402/2784 2404/2785 2403/2783
f 2405/2786 2404/2785 2402/2787
f 2406/2788 2404/2785 2405/2786
f 2406/2788 2407/2789 2404/2785
f 2408/2790 2407/2789 2406/2788
f 2396/2777 2407/2789 2408/2790
f 2396/2777 2398/2776 2407/2789
f 2403/2783 2407/2789 2398/2776
f 2407/2789 2403/2783 2404/2785
f 2400/2779 2403/2783 2398/2776
f 2396/2791 2408/2792 2393/2793
f 2393/2793 2408/2792 2392/2794
f 2409/2795 2392/2796 2408/2797
f 2409/2795 2410/2798 2392/2796
f 2411/2799 2410/2800 2409/2801
f 2412/2802 2410/2803 2411/2804
f 2387/2761 2410/2805 2412/2806
f 2389/2763 2410/2805 2387/2761
f 2389/2763 2392/2766 2410/2805
f 2384/2758 2387/2761 2412/2806
f 2384/2758 2412/2806 2382/2756
f 2382/2756 2412/2806 2413/2807
f 2412/2808 2414/2809 2413/2810
f 2412/2808 2411/2811 2414/2812
f 2411/2813 2415/2814 2414/2815
f 2411/2813 2409/2816 2415/2814
f 2409/2816 2406/2788 2415/2814
f 2408/2790 2406/2788 2409/2816
f 2415/2814 2406/2788 2405/2786
f 2415/2814 2405/2786 2416/2817
f 2416/2817 2405/2786 2417/2818
f 2405/2786 2402/2782 2417/2818
f 2417/2818 2402/2781 2418/2819
f 2419/2820 2418/2819 2402/2821
f 2420/2822 2418/2819 2419/2820
f 2420/2822 2421/2823 2418/2819
f 2420/2822 2422/2824 2421/2823
f 2423/2825 2422/2824 2420/2822
f 2424/2826 2422/2827 2423/2828
f 2424/2829 2425/2830 2422/2831
f 2426/2832 2425/2833 2424/2834
f 2426/2832 2427/2835 2425/2833
f 2427/2835 2428/2836 2425/2833
f 2425/2833 2428/2836 2429/2837
f 2428/2836 2413/2807 2429/2837
f 2382/2756 2413/2807 2428/2836
f 2429/2838 2413/2839 2430/2840
f 2413/2841 2414/2842 2430/2843
f 2414/2815 2416/2817 2430/2844
f 2414/2815 2415/2814 2416/2817
f 2430/2844 2416/2817 2431/2845
f 2416/2817 2417/2818 2431/2845
f 2431/2845 2417/2818 2418/2819
f 2431/2845 2418/2819 2432/2846
f 2432/2846 2418/2819 2421/2823
f 2422/2824 2432/2846 2421/2823
f 2422/2824 2433/2847 2432/2846
f 2422/2848 2425/2849 2433/2850
f 2425/2851 2429/2852 2433/2853
f 2433/2854 2429/2855 2430/2856
f 2430/2844 2432/2846 2433/2847
f 2430/2844 2431/2845 2432/2846
f 2434/2857 2426/2832 2424/2834
f 2434/2857 2424/2834 2435/2858
f 2435/2859 2424/2860 2423/2861
f 2435/2862 2423/2863 2436/2864
f 2436/2865 2423/2825 2420/2822
f 2436/2865 2420/2822 2437/2866
f 2420/2822 2419/2820 2437/2866
f 2437/2866 2419/2820 2438/2867
f 2419/2820 2402/2868 2438/2867
f 2438/2869 2402/2868 2439/2870
f 2439/2870 2402/2871 2401/2780
f 2440/2872 2439/2870 2401/2780
f 2441/2873 2439/2870 2440/2872
f 2442/2874 2439/2870 2441/2873
f 2442/2874 2438/2869 2439/2870
f 2437/2866 2438/2867 2442/2875
f 2436/2865 2437/2866 2442/2875
f 2443/2876 2436/2865 2442/2875
f 2444/2877 2436/2878 2443/2879
f 2435/2880 2436/2881 2444/2882
f 2445/2883 2435/2858 2444/2884
f 2445/2883 2434/2857 2435/2858
f 2446/2885 2445/2883 2444/2884
f 2446/2885 2444/2884 2447/2886
f 2444/2887 2443/2888 2447/2889
f 2447/2890 2443/2891 2448/2892
f 2443/2893 2441/2873 2448/2894
f 2443/2893 2442/2874 2441/2873
f 2448/2894 2441/2873 2449/2895
f 2441/2873 2440/2872 2449/2895
f 2449/2895 2440/2872 2399/2778
f 2440/2872 2401/2780 2399/2778
f 2449/2895 2399/2778 2397/2775
f 2450/2896 2449/2897 2397/2898
f 2448/2899 2449/2900 2450/2901
f 2451/2902 2448/2903 2450/2904
f 2447/2905 2448/2906 2451/2907
f 2446/2885 2447/2886 2451/2908
f 2452/2909 2446/2885 2451/2908
f 2452/2909 2451/2908 2453/2910
f 2451/2908 2450/2911 2453/2910
f 2453/2910 2450/2911 2395/2769
f 2450/2896 2397/2912 2395/2913
f 2453/2910 2395/2769 2394/2768
o Mesh58_RAX_Gunshi1_skp3EC1_Model
v -6.909860 5.443571 -6.915149
v -6.990760 5.475281 -7.115319
v -7.018800 5.630481 -6.847079
v -7.346930 5.884791 -6.680729
v -7.591640 5.944601 -6.578899
v -7.659850 5.971331 -6.747659
v -7.667060 5.943771 -6.749109
v -7.431410 5.887921 -6.859739
v -7.115560 5.641321 -7.033009
v -7.013640 5.459631 -7.108549
v -6.932730 5.427921 -6.908389
v -7.095910 5.660711 -7.037879
v -7.419590 5.913271 -6.860499
v -7.038450 5.611091 -6.842209
v -7.358750 5.859441 -6.679969
v -7.598860 5.917041 -6.580349
l 2461 2462
l 2463 2455
l 2455 2465
l 2464 2467
l 2465 2466
l 2454 2464
l 2468 2469
l 2457 2456
l 2458 2457
l 2463 2464
l 2458 2469
l 2460 2459
l 2466 2459
l 2456 2454
l 2462 2463
l 2459 2458
l 2467 2468
l 2454 2455
l 2461 2460
l 2469 2460
o Mesh95_RAX_Gunshi1_skp3EC1_Model
v -7.118750 4.213371 -7.336060
v -7.405290 4.176301 -7.536019
v -6.988480 4.162311 -7.013750
v -7.064240 4.042631 -6.692190
v -7.317100 3.900041 -6.494219
v -7.650460 3.789001 -6.495440
v -7.937000 3.751931 -6.695400
v -8.067270 3.802991 -7.017710
v -7.991510 3.922671 -7.339270
v -7.738650 4.065261 -7.537250
l 2474 2475
l 2470 2471
l 2473 2474
l 2475 2476
l 2476 2477
l 2470 2472
l 2479 2471
l 2473 2472
l 2477 2478
l 2478 2479
o Mesh39_RAX_Gunshi1_skp3EC1_Model
v 1.308540 4.209792 -7.548600
v 1.384660 3.991991 -7.402249
v 1.308530 3.783801 -7.937600
v -1.308530 4.209782 -7.548600
v -1.308530 3.783801 -7.937600
v -2.311460 1.882171 -3.723980
v -2.414540 1.891091 -3.476920
v -2.490780 1.936451 -3.476920
v -1.384640 3.991981 -7.402229
v 2.414540 1.891091 -3.476920
v 2.490770 1.936451 -3.476930
v 2.678250 1.307280 -3.265740
v 2.598050 0.793672 -2.689440
v 2.453910 0.798648 -2.683300
v 2.203800 0.716494 2.080070
v 2.311830 1.076290 2.080070
v 2.696290 1.356650 -0.298475
v 2.460450 0.769831 -0.299879
v 1.761940 0.682594 2.080060
v 1.821200 0.331150 2.056270
v 2.206220 0.385746 -2.727250
v -2.453910 0.798648 -2.683300
v -2.206220 0.385746 -2.727250
v -2.598050 0.793672 -2.689440
v -1.761940 0.682595 2.080060
v -1.761770 0.682642 2.313750
v -1.821210 0.331150 2.056270
v -2.203770 0.716494 2.080070
v -2.460420 0.769831 -0.299879
v -2.696260 1.356650 -0.298475
v -2.311860 1.076290 2.080070
v -2.678250 1.307280 -3.265740
v -1.489470 4.039901 -7.402239
v -1.468240 4.209782 -7.548600
v -1.298400 5.719922 -7.828909
v -1.274510 5.963671 -7.728799
v -1.136340 5.963681 -7.728799
v -0.982542 6.569692 -7.679939
v -1.040360 6.314601 -5.362249
v -1.240470 6.140760 -2.968439
v 1.240460 6.140760 -2.968439
v 1.040360 6.314601 -5.362249
v 0.982541 6.569692 -7.679939
v 1.136330 5.963681 -7.728799
v 1.274510 5.963671 -7.728799
v 1.298390 5.719922 -7.828909
v 1.468240 4.209782 -7.548600
v 1.489470 4.039901 -7.402249
v 1.375890 5.707651 -5.397259
v 1.375890 5.521430 -2.675109
v 1.213040 5.532880 -2.675109
v 1.375890 4.982290 -2.200539
v 1.170430 5.014771 -2.200539
v 1.024240 5.546530 -2.200539
v 0.841983 5.021120 1.607781
v 1.136910 4.489359 1.860601
v 1.132900 4.112269 2.080071
v 1.966130 1.672670 2.080060
v 1.276450 4.112269 2.080071
v 2.179320 1.698090 2.080060
v 1.274510 4.456870 1.860601
v 1.132720 4.112319 2.313751
v 1.965960 1.672720 2.313750
v 1.939860 1.021380 2.313750
v 1.761760 0.682641 2.313750
v 1.940030 1.021330 2.080060
v 2.171010 0.769834 -0.299855
v 2.406840 1.356650 -0.298468
v 2.373990 0.796299 -2.689440
v 2.444170 1.397601 -2.629310
v 2.194040 2.047991 -2.554150
v 2.208120 2.374940 -2.494030
v 1.580720 3.895241 -2.283599
v 1.252800 4.997251 -2.200539
v 1.252800 4.809450 -0.577213
v 1.414260 4.997251 -2.200539
v 1.414260 4.809450 -0.641575
v 1.868770 3.770980 -0.591992
v 2.562740 1.881500 -0.598280
v 2.199700 1.988930 -0.533892
v 2.296260 1.943690 -0.338331
v 1.431760 3.816630 -0.345105
v 1.625310 3.816630 -0.345105
v 1.284940 3.548820 1.201101
v 1.416900 3.548820 1.201101
v 2.044370 1.781500 1.294240
v 2.153260 1.889670 1.280570
v 2.428220 2.026000 -0.338331
v 2.663410 0.796298 -2.689440
v 2.302980 0.796299 -2.693680
v 2.388740 1.331481 -3.213980
v 2.181780 2.010581 -3.141470
v 1.506450 3.945030 -2.887659
v 1.053830 5.516490 -2.629969
v 1.053830 4.997251 -2.252299
v 1.503970 3.895241 -2.327289
v 2.009140 2.374940 -2.525870
v 2.196660 1.940570 -2.589810
v 2.373160 1.397601 -2.677330
v 1.252800 5.516490 -2.675109
v 1.705420 3.945030 -2.904299
v 2.172750 2.498430 -3.180660
v 2.340700 2.498430 -3.180660
v 2.211020 2.451971 -3.248240
v 2.368970 2.451971 -3.248240
v 1.819740 4.146231 -3.180659
v 1.586600 4.923981 -3.180659
v 1.450550 4.923981 -3.180659
v 1.717830 4.019811 -3.180659
v 1.732030 3.955570 -3.180659
v 2.380750 2.010581 -3.185420
v 2.587710 1.331481 -3.265740
v 2.392800 1.911721 -3.476910
v 2.244300 2.490880 -3.585860
v 1.479710 4.078071 -7.020559
v 1.591610 4.057971 -6.260849
v 1.592960 4.054921 -6.256410
v 1.620570 4.011511 -6.193260
v 1.765830 4.011511 -6.193260
v 1.772030 4.011511 -6.105979
v 1.627380 4.011511 -6.105979
v 1.752190 4.057971 -6.038400
v 1.618280 4.779371 -6.038399
v 1.527780 5.360851 -6.038399
v 1.327000 5.360851 -6.038399
v 1.516700 5.407311 -6.105979
v 1.519300 5.407311 -6.193259
v 1.534410 5.360851 -6.260849
v 1.329910 5.360851 -6.260849
v 1.603250 4.828251 -6.260849
v 1.736370 4.057971 -6.260849
v 1.577440 4.109451 -6.260849
v 1.322530 5.407311 -6.193259
v 1.321390 5.407311 -6.105979
v 1.598810 4.103431 -6.038390
v 1.610330 4.057971 -6.038400
v 1.612150 4.048721 -6.051849
v 1.511290 4.128071 -6.949339
v 1.286500 5.686101 -6.419209
v 1.252800 5.805431 -6.433489
v 1.166570 5.739881 -6.491559
v 1.252800 5.695841 -5.397259
v 1.414260 5.516490 -2.675109
v 1.414260 5.695841 -5.397259
v 1.365400 5.942421 -7.728789
v 1.203950 5.942421 -7.728789
v 1.390310 5.707662 -7.828909
v 1.228850 5.707662 -7.828909
v 1.525870 4.207341 -7.548600
v 1.548010 4.043721 -7.402229
v 2.554260 1.911721 -3.476910
v 2.749170 1.331481 -3.265740
v 2.316680 1.973001 -3.538600
v 1.305380 4.033951 -7.334420
v 1.117720 5.876872 -7.665659
v 1.398540 4.045021 -7.074820
v 2.168170 2.464020 -3.647550
v 1.856810 3.322241 -4.888720
v 1.721290 4.013491 -4.888720
v 1.886360 3.275781 -4.821129
v 1.893160 3.275781 -4.733850
v 1.874160 3.322241 -4.666269
v 1.742160 4.006751 -4.666269
v 1.730640 4.066331 -4.666269
v 1.394750 5.170421 -4.666269
v 1.382690 5.216881 -4.733849
v 1.542760 5.170421 -4.666269
v 1.531450 5.216881 -4.733849
v 1.533000 5.216881 -4.821129
v 1.383400 5.216881 -4.821129
v 1.411750 5.170421 -4.888719
v 1.709260 4.072351 -4.888720
v 1.547180 5.170421 -4.888719
v 1.695940 4.526711 -4.888719
v 1.998560 3.322241 -4.888720
v 2.028020 3.275781 -4.821129
v 2.034220 3.275781 -4.733850
v 2.014380 3.322241 -4.666269
v 1.710970 4.477831 -4.666269
v 1.386550 4.043721 -7.402229
v 1.364410 4.207341 -7.548600
v 1.438480 4.970440 -3.248239
v 1.571970 4.970440 -3.248239
v 1.439120 4.970440 -3.335519
v 1.573000 4.970440 -3.335519
v 1.452170 4.923981 -3.403109
v 1.586710 4.923981 -3.403109
v 1.740450 4.027620 -3.403109
v 1.753450 3.964051 -3.403109
v 2.209600 2.498430 -3.403110
v 2.225030 2.451971 -3.335520
v 2.372960 2.451971 -3.335520
v 2.356040 2.498430 -3.403110
v 1.802330 4.196560 -3.403109
v 2.542240 2.010581 -3.185440
v 2.213480 2.301390 -0.532505
v 1.585080 3.770980 -0.527641
v 1.048610 4.430300 1.005721
v 1.149660 4.656910 -0.557385
v 1.092990 4.549680 -0.044263
v 1.196230 4.391420 -0.534497
v 1.258540 4.326560 -0.545239
v 2.560490 0.613131 -2.642410
v 2.202330 0.684536 4.288300
v 1.891210 0.548465 4.288300
v -1.891210 0.548465 4.288300
v -2.202330 0.684536 4.288300
v -2.190170 0.694564 3.151790
v -1.891210 0.558492 3.151790
v -0.799543 0.558492 3.151790
v 0.799540 0.558492 3.151790
v 1.891210 0.558492 3.151790
v 0.767063 3.771349 3.195871
v 0.764544 3.766330 3.009741
v -0.767066 3.771349 3.195871
v -0.800098 0.674710 2.313750
v -1.939860 1.021380 2.313750
v -1.965960 1.672720 2.313750
v -1.132730 4.112319 2.313751
v -1.132900 4.112269 2.080071
v -0.765406 4.113309 2.313011
v -0.764547 3.766330 3.009741
v 0.800095 0.674710 2.313750
v 0.765403 4.113309 2.313011
v -1.276450 4.112269 2.080071
v -1.966130 1.672670 2.080060
v -2.179320 1.698090 2.080060
v -1.940030 1.021330 2.080060
v -2.171010 0.769834 -0.299855
v -2.374000 0.796299 -2.689440
v -2.406850 1.356650 -0.298468
v -2.199700 1.988930 -0.533892
v -2.562740 1.881500 -0.598280
v -2.213490 2.301390 -0.532505
v -1.258550 4.326560 -0.545239
v -1.196230 4.391420 -0.534497
v -1.149660 4.656900 -0.557385
v -1.092990 4.549680 -0.044263
v -1.048610 4.430300 1.005721
v -1.136910 4.489359 1.860601
v -1.213710 5.014771 -2.200539
v -0.841984 5.021120 1.607781
v -0.866108 5.546530 -2.200549
v -1.213040 5.532880 -2.675109
v -1.375900 4.982290 -2.200539
v -1.274510 4.456870 1.860601
v -1.252800 4.809450 -0.577213
v -1.585090 3.770980 -0.527641
v -1.414260 4.809450 -0.641575
v -1.252800 4.997251 -2.200539
v -1.868770 3.770980 -0.591992
v -1.414260 4.997251 -2.200539
v -1.053830 4.997251 -2.252299
v -1.053830 5.516490 -2.629969
v -1.506450 3.945030 -2.887659
v -2.181780 2.010581 -3.141470
v -2.388740 1.331481 -3.213980
v -2.302980 0.796299 -2.693680
v -2.373160 1.397601 -2.677330
v -2.196670 1.940570 -2.589810
v -2.009140 2.374940 -2.525870
v -1.503970 3.895241 -2.327289
v -2.444170 1.397601 -2.629310
v -2.663420 0.796298 -2.689440
v -2.296260 1.943690 -0.338331
v -1.431760 3.816630 -0.345105
v -2.428190 2.026000 -0.338331
v -1.625310 3.816630 -0.345105
v -2.153290 1.889670 1.280570
v -1.416900 3.548820 1.201101
v -1.284940 3.548820 1.201101
v -2.044370 1.781500 1.294240
v -2.749170 1.331481 -3.265740
v -2.554260 1.911721 -3.476910
v -2.392800 1.911721 -3.476910
v -1.548010 4.043721 -7.402229
v -1.998560 3.322241 -4.888720
v -2.028020 3.275781 -4.821129
v -1.886360 3.275781 -4.821129
v -1.893170 3.275781 -4.733850
v -1.856810 3.322241 -4.888720
v -1.721290 4.013491 -4.888720
v -1.709270 4.072351 -4.888720
v -1.411760 5.170421 -4.888719
v -1.383410 5.216881 -4.821129
v -1.382690 5.216881 -4.733849
v -1.394760 5.170421 -4.666269
v -1.730640 4.066331 -4.666269
v -1.742170 4.006751 -4.666269
v -1.874160 3.322241 -4.666269
v -2.034230 3.275781 -4.733850
v -2.014380 3.322241 -4.666269
v -1.479710 4.078071 -7.020559
v -1.591610 4.057971 -6.260849
v -1.511300 4.128071 -6.949339
v -2.244300 2.490880 -3.585860
v -2.587710 1.331481 -3.265740
v -2.380760 2.010581 -3.185420
v -1.705430 3.945030 -2.904299
v -2.172750 2.498430 -3.180660
v -1.252800 5.516490 -2.675109
v -1.252800 5.695841 -5.397259
v -1.252800 5.805431 -6.433489
v -1.166580 5.739881 -6.491559
v -1.398540 4.045021 -7.074820
v -1.117720 5.876872 -7.665659
v -1.305380 4.033951 -7.334420
v -2.316680 1.973001 -3.538600
v -2.168180 2.464020 -3.647550
v -1.386550 4.043721 -7.402229
v -1.364410 4.207341 -7.548600
v -1.203950 5.942421 -7.728789
v -1.228850 5.707662 -7.828909
v -1.390310 5.707662 -7.828909
v -1.365410 5.942421 -7.728789
v -1.525870 4.207341 -7.548600
v -1.414260 5.695841 -5.397259
v -1.414260 5.516490 -2.675109
v -1.286500 5.686101 -6.419209
v -1.736370 4.057971 -6.260849
v -1.603250 4.828251 -6.260849
v -1.534410 5.360851 -6.260849
v -1.329910 5.360851 -6.260849
v -1.577440 4.109451 -6.260849
v -1.592960 4.054921 -6.256410
v -1.620570 4.011511 -6.193260
v -1.765830 4.011511 -6.193260
v -1.627380 4.011511 -6.105979
v -1.772030 4.011511 -6.105979
v -1.612150 4.048721 -6.051849
v -1.610330 4.057971 -6.038400
v -1.598810 4.103431 -6.038390
v -1.327010 5.360851 -6.038399
v -1.527780 5.360851 -6.038399
v -1.321390 5.407311 -6.105979
v -1.516700 5.407311 -6.105979
v -1.322530 5.407311 -6.193259
v -1.519300 5.407311 -6.193259
v -1.618280 4.779371 -6.038399
v -1.752190 4.057971 -6.038400
v -2.211020 2.451971 -3.248240
v -2.340700 2.498430 -3.180660
v -2.368970 2.451971 -3.248240
v -2.225030 2.451971 -3.335520
v -2.209610 2.498430 -3.403110
v -1.753450 3.964051 -3.403109
v -1.740450 4.027620 -3.403109
v -1.452170 4.923981 -3.403109
v -1.586710 4.923981 -3.403109
v -1.439120 4.970440 -3.335519
v -1.573000 4.970440 -3.335519
v -1.571980 4.970440 -3.248239
v -1.586610 4.923981 -3.180659
v -1.819740 4.146231 -3.180659
v -2.542210 2.010581 -3.185440
v -1.450550 4.923981 -3.180659
v -1.717830 4.019811 -3.180659
v -1.438490 4.970440 -3.248239
v -1.732030 3.955570 -3.180659
v -1.802330 4.196560 -3.403109
v -2.356050 2.498430 -3.403110
v -2.372970 2.451971 -3.335520
v -1.695950 4.526711 -4.888719
v -1.547180 5.170421 -4.888719
v -1.533000 5.216881 -4.821129
v -1.531450 5.216881 -4.733849
v -1.542760 5.170421 -4.666269
v -1.710980 4.477831 -4.666269
v -2.194040 2.047991 -2.554150
v -2.208120 2.374940 -2.494030
v -1.580730 3.895241 -2.283599
v 1.101350 4.216320 1.132741
v -1.101350 4.216320 1.132741
v -1.375900 5.521430 -2.675109
v -1.375900 5.707651 -5.397259
v -0.000002 5.624431 -2.675109
v -1.213040 5.707651 -5.397259
v 1.213040 5.707651 -5.397259
v -2.560460 0.613131 -2.642410
v -2.259010 1.059859 4.288300
v -2.121120 1.632169 4.288301
v -1.274510 3.727599 4.288301
v -1.274510 3.918209 4.231101
v -1.274510 4.042610 4.143150
v -1.274510 4.161280 4.009571
v -1.274510 4.222939 3.816321
v -1.274510 4.231699 3.666841
v -1.274510 4.181200 3.483251
v -1.274510 4.081160 3.357851
v -1.274510 3.929699 3.262501
v -1.274510 3.771349 3.195851
v -2.161710 1.696769 3.158140
v -2.292290 1.065160 3.153420
v 2.190170 0.694564 3.151790
v 2.259010 1.059859 4.288300
v 2.121120 1.632169 4.288301
v 1.932250 2.099649 4.288301
v 1.274510 3.727599 4.288301
v 1.274510 3.918209 4.231101
v 1.274510 4.042610 4.143150
v 1.274510 4.161280 4.009571
v 1.274510 4.222939 3.816321
v 1.274510 4.231699 3.666841
v 1.274510 4.181200 3.483251
v 1.274510 4.081160 3.357851
v 1.274510 3.929699 3.262501
v 1.274510 3.771349 3.195851
v 2.161710 1.696769 3.158140
v 2.292290 1.065160 3.153420
v 1.263260 3.901279 4.342441
v 1.236730 3.963839 4.589540
v 1.092990 3.601049 4.902141
v 1.114540 3.727599 4.288321
v 1.073910 5.111569 4.636891
v 1.215400 3.563789 5.082921
v 1.356260 3.247429 5.236351
v 1.402600 3.171329 5.104590
v 1.471070 2.995439 5.126531
v 1.590610 2.739129 4.991500
v 1.637330 2.670969 4.829501
v 1.722090 2.467689 4.807240
v 1.447050 2.759319 4.784070
v 1.334470 2.975349 4.997780
v 1.241870 3.209909 4.979470
v 1.190910 3.310739 5.065791
v 1.553690 2.519609 4.701321
v 1.642800 2.373259 4.448111
v 1.802900 2.342629 4.551450
v 1.889300 2.151719 4.473220
v 2.019610 1.883359 4.288321
v 1.804690 2.019389 4.288321
v 2.311460 1.882171 -3.723980
v 1.923170 1.256201 -3.723980
v -1.923170 1.256201 -3.723980
l 2716 2726
l 2683 2873
l 2908 2909
l 2547 2496
l 2648 2647
l 2826 2825
l 2556 2540
l 2816 2814
l 2573 2572
l 2487 2511
l 2640 2639
l 2894 2895
l 2557 2556
l 2780 2733
l 2549 2548
l 2656 2655
l 2666 2664
l 2725 2699
l 2663 2664
l 2700 2695
l 2605 2603
l 2802 2801
l 2587 2586
l 2579 2622
l 2624 2626
l 2806 2808
l 2887 2886
l 2623 2624
l 2632 2592
l 2765 2845
l 2879 2878
l 2773 2803
l 2810 2809
l 2495 2545
l 2616 2615
l 2631 2568
l 2595 2594
l 2799 2806
l 2850 2849
l 2603 2602
l 2511 2503
l 2778 2777
l 2527 2526
l 2860 2861
l 2519 2518
l 2535 2677
l 2694 2692
l 2790 2792
l 2870 2871
l 2535 2534
l 2684 2683
l 2784 2788
l 2709 2737
l 2793 2794
l 2543 2542
l 2760 2758
l 2786 2785
l 2635 2620
l 2583 2670
l 2671 2672
l 2715 2716
l 2497 2496
l 2676 2675
l 2504 2505
l 2762 2761
l 2530 2520
l 2753 2754
l 2710 2708
l 2725 2728
l 2480 2481
l 2566 2564
l 2493 2500
l 2563 2564
l 2653 2652
l 2725 2716
l 2738 2737
l 2825 2824
l 2874 2683
l 2590 2580
l 2816 2817
l 2572 2571
l 2495 2537
l 2665 2667
l 2841 2823
l 2898 2897
l 2512 2487
l 2556 2555
l 2644 2645
l 2857 2523
l 2621 2619
l 2669 2668
l 2704 2725
l 2905 2906
l 2579 2621
l 2801 2800
l 2588 2587
l 2594 2635
l 2889 2890
l 2569 2578
l 2580 2579
l 2597 2600
l 2622 2623
l 2712 2509
l 2832 2835
l 2882 2881
l 2630 2631
l 2554 2678
l 2856 2723
l 2596 2595
l 2615 2614
l 2673 2666
l 2771 2847
l 2608 2611
l 2603 2604
l 2847 2846
l 2778 2779
l 2865 2866
l 2655 2639
l 2726 2729
l 2520 2519
l 2687 2686
l 2910 2892
l 2829 2837
l 2490 2527
l 2536 2535
l 2505 2695
l 2775 2772
l 2538 2536
l 2678 2679
l 2765 2764
l 2770 2771
l 2889 2878
l 2598 2610
l 2913 2484
l 2544 2543
l 2614 2604
l 2555 2622
l 2787 2786
l 2717 2716
l 2756 2757
l 2506 2504
l 2565 2563
l 2901 2905
l 2705 2707
l 2729 2731
l 2749 2748
l 2483 2488
l 2585 2582
l 2584 2671
l 2702 2703
l 2788 2775
l 2496 2495
l 2562 2567
l 2708 2709
l 2480 2482
l 2652 2648
l 2733 2732
l 2821 2779
l 2725 2724
l 2719 2699
l 2911 2485
l 2547 2497
l 2567 2566
l 2899 2901
l 2650 2649
l 2625 2634
l 2659 2633
l 2735 2734
l 2824 2823
l 2741 2740
l 2911 2489
l 2575 2574
l 2815 2817
l 2573 2579
l 2642 2641
l 2840 2824
l 2558 2559
l 2550 2551
l 2658 2657
l 2664 2662
l 2593 2636
l 2665 2666
l 2732 2741
l 2899 2898
l 2632 2636
l 2707 2504
l 2885 2884
l 2589 2588
l 2695 2702
l 2498 2545
l 2581 2580
l 2634 2633
l 2659 2625
l 2807 2808
l 2877 2876
l 2596 2597
l 2592 2630
l 2559 2681
l 2832 2831
l 2612 2608
l 2617 2618
l 2494 2545
l 2810 2819
l 2498 2544
l 2839 2840
l 2873 2888
l 2610 2609
l 2525 2524
l 2657 2641
l 2779 2838
l 2862 2863
l 2517 2516
l 2529 2531
l 2541 2536
l 2698 2697
l 2868 2869
l 2539 2537
l 2690 2689
l 2678 2680
l 2645 2649
l 2496 2558
l 2696 2505
l 2772 2774
l 2842 2756
l 2481 2489
l 2788 2787
l 2507 2504
l 2604 2613
l 2712 2710
l 2799 2773
l 2547 2558
l 2617 2594
l 2764 2763
l 2724 2720
l 2809 2807
l 2480 2483
l 2495 2494
l 2705 2706
l 2486 2487
l 2726 2728
l 2823 2820
l 2721 2719
l 2722 2721
l 2754 2787
l 2651 2650
l 2736 2735
l 2907 2908
l 2740 2739
l 2875 2909
l 2493 2498
l 2561 2562
l 2826 2827
l 2570 2569
l 2819 2818
l 2708 2508
l 2759 2770
l 2811 2810
l 2553 2554
l 2643 2642
l 2779 2820
l 2891 2892
l 2517 2522
l 2708 2504
l 2899 2900
l 2569 2548
l 2628 2629
l 2639 2637
l 2703 2541
l 2766 2846
l 2498 2546
l 2582 2584
l 2586 2585
l 2646 2658
l 2694 2701
l 2803 2802
l 2884 2883
l 2711 2713
l 2509 2710
l 2578 2577
l 2833 2832
l 2506 2501
l 2594 2593
l 2613 2612
l 2849 2848
l 2602 2601
l 2638 2651
l 2627 2660
l 2840 2841
l 2686 2858
l 2522 2521
l 2785 2791
l 2863 2864
l 2609 2607
l 2554 2676
l 2786 2789
l 2791 2789
l 2689 2688
l 2514 2513
l 2536 2540
l 2697 2696
l 2867 2868
l 2498 2504
l 2507 2510
l 2769 2768
l 2876 2875
l 2529 2530
l 2681 2680
l 2792 2793
l 2537 2538
l 2751 2744
l 2753 2757
l 2736 2776
l 2723 2519
l 2777 2776
l 2672 2673
l 2705 2699
l 2744 2710
l 2751 2748
l 2547 2559
l 2709 2742
l 2763 2762
l 2905 2900
l 2595 2610
l 2490 2489
l 2720 2723
l 2727 2726
l 2746 2747
l 2486 2488
l 2731 2728
l 2699 2852
l 2563 2561
l 2711 2710
l 2718 2719
l 2482 2911
l 2494 2497
l 2601 2599
l 2822 2821
l 2555 2553
l 2646 2644
l 2702 2690
l 2739 2738
l 2561 2560
l 2589 2581
l 2854 2515
l 2896 2897
l 2552 2553
l 2644 2643
l 2669 2672
l 2705 2510
l 2668 2667
l 2784 2772
l 2890 2891
l 2913 2912
l 2660 2659
l 2723 2853
l 2516 2856
l 2591 2590
l 2707 2507
l 2791 2794
l 2534 2721
l 2883 2882
l 2636 2635
l 2674 2582
l 2730 2712
l 2805 2806
l 2503 2507
l 2599 2598
l 2619 2620
l 2853 2854
l 2830 2829
l 2607 2606
l 2675 2559
l 2699 2704
l 2780 2778
l 2846 2845
l 2522 2523
l 2607 2608
l 2591 2570
l 2486 2489
l 2532 2535
l 2688 2687
l 2686 2859
l 2515 2514
l 2755 2795
l 2866 2867
l 2789 2790
l 2875 2874
l 2501 2503
l 2766 2765
l 2760 2756
l 2794 2796
l 2538 2539
l 2774 2773
l 2892 2878
l 2605 2613
l 2595 2617
l 2781 2782
l 2702 2544
l 2745 2750
l 2758 2757
l 2711 2712
l 2785 2783
l 2713 2727
l 2509 2508
l 2547 2560
l 2706 2704
l 2748 2746
l 2749 2750
l 2732 2729
l 2492 2493
l 2654 2637
l 2545 2537
l 2485 2484
l 2719 2720
l 2728 2730
l 2482 2912
l 2498 2494
l 2647 2645
l 2649 2648
l 2661 2663
l 2734 2733
l 2813 2815
l 2641 2640
l 2812 2813
l 2510 2706
l 2551 2552
l 2844 2764
l 2894 2893
l 2657 2656
l 2902 2901
l 2909 2910
l 2807 2805
l 2837 2835
l 2886 2885
l 2584 2583
l 2535 2540
l 2742 2848
l 2536 2699
l 2904 2891
l 2502 2506
l 2710 2508
l 2626 2627
l 2805 2804
l 2507 2687
l 2878 2877
l 2497 2546
l 2576 2575
l 2618 2619
l 2531 2540
l 2508 2743
l 2592 2591
l 2678 2540
l 2904 2895
l 2599 2600
l 2821 2833
l 2524 2523
l 2843 2842
l 2861 2862
l 2587 2661
l 2698 2699
l 2869 2870
l 2516 2515
l 2656 2640
l 2690 2691
l 2831 2837
l 2828 2839
l 2851 2536
l 2682 2683
l 2532 2531
l 2504 2501
l 2502 2500
l 2783 2782
l 2500 2499
l 2753 2755
l 2798 2774
l 2907 2900
l 2508 2507
l 2747 2745
l 2855 2530
l 2560 2567
l 2761 2760
l 2492 2491
l 2494 2492
l 2704 2705
l 2752 2753
l 2744 2745
l 2484 2483
l 2652 2650
l 2797 2731
l 2820 2822
l 2654 2653
l 2571 2570
l 2737 2736
l 2540 2554
l 2782 2798
l 2814 2812
l 2763 2843
l 2661 2662
l 2812 2811
l 2493 2501
l 2759 2769
l 2754 2775
l 2546 2547
l 2583 2581
l 2670 2669
l 2707 2510
l 2629 2630
l 2902 2903
l 2626 2628
l 2800 2799
l 2723 2855
l 2637 2638
l 2714 2711
l 2881 2880
l 2577 2576
l 2808 2819
l 2830 2828
l 2593 2592
l 2827 2828
l 2836 2838
l 2533 2530
l 2689 2694
l 2835 2836
l 2724 2853
l 2821 2834
l 2844 2843
l 2521 2520
l 2548 2568
l 2700 2698
l 2864 2865
l 2553 2574
l 2601 2615
l 2654 2630
l 2692 2690
l 2686 2685
l 2513 2512
l 2662 2586
l 2792 2791
l 2528 2529
l 2743 2752
l 2768 2767
l 2817 2801
l 2536 2537
l 2743 2709
l 2783 2784
l 2499 2498
l 2663 2665
l 2753 2756
l 2491 2490
l 2611 2595
l 2726 2725
l 2746 2744
l 2872 2687
l 2682 2494
l 2718 2717
l 2566 2565
l 2564 2562
l 2760 2772
l 2906 2910
l 2594 2637
l 2647 2646
l 2574 2573
l 2581 2590
l 2556 2554
l 2725 2719
l 2814 2815
l 2729 2850
l 2558 2557
l 2776 2754
l 2841 2822
l 2896 2895
l 2548 2546
l 2550 2549
l 2539 2495
l 2797 2780
l 2655 2654
l 2757 2770
l 2827 2829
l 2912 2911
l 2625 2627
l 2693 2703
l 2818 2813
l 2904 2903
l 2581 2582
l 2689 2695
l 2796 2797
l 2888 2887
l 2568 2497
l 2624 2625
l 2873 2691
l 2880 2879
l 2598 2597
l 2633 2632
l 2804 2773
l 2506 2499
l 2524 2528
l 2831 2830
l 2777 2779
l 2494 2873
l 2606 2605
l 2845 2844
l 2526 2525
l 2518 2517
l 2859 2860
l 2606 2612
l 2600 2616
l 2679 2677
l 2701 2700
l 2769 2771
l 2507 2858
l 2530 2532
l 2534 2533
l 2535 2678
l 2692 2693
l 2795 2793
l 2871 2872
l 2540 2538
l 2655 2630
l 2685 2684
l 2530 2857
l 2747 2749
l 2767 2766
l 2485 2913
l 2542 2541
l 2716 2719
l 2772 2773
l 2501 2502
l 2781 2780
l 2670 2671
l 2715 2714
l 2758 2759
l 2620 2634
l 2802 2816
l 2510 2509
l 2751 2750
l 2484 2482
l 2486 2485
l 2560 2565
l 2893 2891
l 2493 2499
l 2723 2722
o Mesh13_RAX_Gunshi1_skp3EC1_Model
v -8.438580 4.868581 -5.835049
v -8.503310 4.623911 -5.936529
v -8.317940 4.647891 -5.807169
v -8.549540 4.844511 -5.911859
v -8.530940 5.275521 -5.985749
v -8.539150 5.284371 -5.992329
v -8.523300 5.274631 -6.013229
v -8.533560 4.845211 -5.934879
v -8.515100 5.265781 -6.006649
v -8.422600 4.869281 -5.858079
v -8.302500 4.653851 -5.830409
v -8.487870 4.629871 -5.959769
vt 0.125185 0.595403
vt 0.132389 0.578595
vt 0.133568 0.595401
vt 0.124002 0.578590
vt 0.074756 0.595405
vt 0.073666 0.595395
vt 0.069100 0.595395
vt 0.118213 0.578590
vt 0.070189 0.595405
vt 0.119397 0.595403
vt 0.127380 0.595401
vt 0.126200 0.578595
usemtl default1
s 1
f 2914/2914 2915/2915 2916/2916
f 2914/2914 2917/2917 2915/2915
f 2918/2918 2917/2917 2914/2914
f 2919/2919 2917/2917 2918/2918
f 2920/2920 2917/2917 2919/2919
f 2920/2920 2921/2921 2917/2917
f 2920/2920 2922/2922 2921/2921
f 2922/2922 2923/2923 2921/2921
f 2922/2922 2914/2914 2923/2923
f 2922/2922 2918/2918 2914/2914
f 2923/2923 2914/2914 2916/2916
f 2923/2923 2916/2916 2924/2924
f 2924/2924 2916/2916 2915/2915
f 2924/2924 2915/2915 2925/2925
f 2925/2925 2915/2915 2921/2921
f 2915/2915 2917/2917 2921/2921
f 2923/2923 2925/2925 2921/2921
f 2923/2923 2924/2924 2925/2925
o Mesh3_RAX_Gunshi1_skp3EC1_Model
v 2.757670 8.295571 -8.335249
v 2.251020 7.709331 -4.728719
v 2.307900 8.146761 -8.358919
v 2.720270 7.864601 -4.704059
v 2.969260 8.717010 -8.284399
v 2.673650 8.845531 -9.228328
v 2.598590 9.068562 -9.204248
v 2.162630 9.099562 -9.207348
v 2.386890 9.173782 -9.195559
v 2.818740 9.164191 -8.236108
v 2.941040 8.304311 -4.650999
v 2.783990 8.770881 -4.600589
v 2.394280 9.375181 -8.218688
v 1.944570 9.226381 -8.242318
v 2.057120 8.889382 -9.232708
v 1.732980 8.804941 -8.293168
v 2.132170 8.666352 -9.256789
v 1.883500 8.357741 -8.341489
v 2.343810 8.561131 -9.265479
v 2.568130 8.635352 -9.253699
v 1.808170 7.929461 -4.710538
v 1.747470 7.821671 -4.161979
v 2.237800 7.577930 -4.182108
v 2.757350 7.749860 -4.154809
v 2.205690 7.338161 -2.061469
v 2.725240 7.510080 -2.034159
v 3.001810 8.236701 -4.096058
v 2.827900 8.753311 -4.040278
v 2.341140 8.991011 -4.582408
v 1.871890 8.835771 -4.607099
v 1.651180 8.396051 -4.660159
v 1.573630 8.338281 -4.106199
v 1.541520 8.098500 -1.985549
v 1.715360 7.581891 -2.041329
v 1.966700 7.439750 1.581521
v 2.179580 7.333930 1.572781
v 2.405160 7.408569 1.584631
v 2.969700 7.996931 -1.975419
v 2.795790 8.513540 -1.919639
v 2.337570 8.997051 -4.020149
v 1.818020 8.825131 -4.047449
v 1.785910 8.585360 -1.926809
v 1.997330 7.875410 1.631241
v 1.891240 7.664030 1.605741
v 1.971590 7.458210 1.751881
v 1.977300 7.321869 2.854901
v 2.163110 7.229509 2.847271
v 2.182800 7.260759 2.722061
v 2.195990 7.344329 1.702131
v 2.376500 7.404059 1.711611
v 2.359990 7.294650 2.857621
v 2.511310 7.619939 1.610141
v 2.435790 7.844230 1.634351
v 2.305460 8.757270 -1.899499
v 2.222900 7.950049 1.643101
v 2.026060 7.851520 1.766641
v 2.004040 7.702129 2.898301
v 1.911400 7.517640 2.876041
v 1.930830 7.515629 2.706281
v 1.979410 7.371300 2.690701
v 2.200920 7.767280 2.908651
v 2.031320 7.715479 2.761441
v 2.185900 7.766630 2.769571
v 2.203160 7.910130 1.775951
v 2.386730 7.674920 2.901021
v 2.425490 7.796989 1.779071
v 2.387950 7.667419 2.748401
v 2.438380 7.517600 2.732221
v 2.452630 7.479139 2.879881
v 2.340360 7.312900 2.730341
v 2.483280 7.625340 1.760541
v 1.915960 7.623569 1.769741
vt 0.121343 0.773757
vt 0.141254 0.657670
vt 0.141269 0.773754
vt 0.121332 0.657672
vt 0.101409 0.773757
vt 0.094694 0.809403
vt 0.081478 0.809403
vt 0.005185 0.476290
vt 0.024772 0.476290
vt 0.028829 0.466496
vt 0.014979 0.480347
vt 0.081475 0.773757
vt 0.068277 0.809402
vt 0.101409 0.657673
vt 0.081486 0.657672
vt 0.061549 0.773754
vt 0.055094 0.809402
vt 0.041636 0.773754
vt 0.041925 0.809402
vt 0.021732 0.773753
vt 0.028757 0.809402
vt 0.001827 0.773754
vt 0.121111 0.809403
vt 0.161181 0.773754
vt 0.134294 0.809402
vt 0.107909 0.809403
vt 0.024772 0.456703
vt 0.005185 0.456703
vt 0.014979 0.452646
vt 0.001129 0.466496
vt 0.161170 0.657668
vt 0.161169 0.636682
vt 0.141251 0.636684
vt 0.121330 0.636685
vt 0.141243 0.573565
vt 0.121325 0.573567
vt 0.101409 0.636686
vt 0.081488 0.636685
vt 0.061565 0.657670
vt 0.041647 0.657668
vt 0.021733 0.657668
vt 0.001817 0.657669
vt 0.021733 0.636682
vt 0.001816 0.636682
vt 0.021732 0.573563
vt 0.001810 0.573564
vt 0.161163 0.573563
vt 0.120399 0.437732
vt 0.110658 0.437732
vt 0.100928 0.437733
vt 0.101409 0.573568
vt 0.081493 0.573567
vt 0.061568 0.636684
vt 0.041649 0.636682
vt 0.041654 0.573564
vt 0.062014 0.437732
vt 0.052265 0.437732
vt 0.042516 0.437732
vt 1.707520 6.435070
vt 1.877830 6.454590
vt 1.726720 6.672170
vt 1.616120 7.597480
vt 2.889490 7.478990
vt 1.786550 7.616030
vt 0.120393 0.389658
vt 0.110649 0.389660
vt -1.695490 6.921790
vt -2.843060 6.825320
vt -2.966930 6.784110
vt -1.695490 6.921740
vt -1.825570 6.935450
vt -1.292540 4.772150
vt -1.433690 4.567800
vt -1.307140 4.534710
vt -1.421940 4.757880
vt -1.433630 4.567860
vt 0.699710 -0.540362
vt 1.915960 -0.935649
vt 0.829021 -0.555995
vt 0.091206 0.437735
vt 0.100922 0.389660
vt 0.081484 0.437733
vt 0.061574 0.573565
vt 0.071755 0.437733
vt 2.635010 3.877780
vt 2.493010 3.686900
vt 2.619490 3.625830
vt -0.270302 -0.808817
vt -0.176428 -0.704338
vt -1.206440 -1.462350
vt 0.062020 0.389660
vt 0.052265 0.389660
vt 2.495700 3.692650
vt 2.666550 3.695510
vt 1.404900 3.904640
vt 2.456830 6.320060
vt 2.648520 6.473830
vt 2.477660 6.471720
vt 2.456840 6.320020
vt 2.620290 6.268080
vt 1.786540 7.616010
vt 2.725350 7.528650
vt 0.000353 0.492216
vt 0.012546 0.504409
vt 0.021167 0.500838
vt 0.003924 0.500838
vt 3.101700 4.281270
vt 2.939280 4.117760
vt 3.072980 4.075630
vt 2.961840 4.279210
vt 1.864310 7.408000
vt 2.980910 7.168900
vt 3.120800 7.169750
vt 1.864300 7.408070
vt 1.994400 7.356030
vt 2.980900 7.168980
vt 2.635020 3.877740
vt 2.730990 3.775650
vt 0.081490 0.389660
vt 0.071763 0.389660
vt -1.594540 8.143850
vt -2.861840 7.972160
vt -1.739410 8.095940
vt -1.739420 8.095960
vt -2.709230 7.964570
vt -2.753070 6.350580
vt -2.768810 6.508700
vt -2.921410 6.516620
vt -2.900830 6.310010
vt 0.003924 0.483595
vt 0.012546 0.480024
vt 0.024739 0.492216
vt 0.021167 0.483595
vt -3.653430 3.250570
vt -3.546380 3.072650
vt -3.447620 3.158020
vt -3.533290 3.300420
vt 0.829081 -0.555838
vt 1.916020 -0.935470
vt 1.802410 -0.872154
vt 0.091206 0.389661
vt -1.214440 3.673270
vt -2.334740 3.532590
vt -2.478580 3.479720
vt -1.367350 3.680740
vt -1.153420 6.450010
vt -1.190290 6.685040
vt -1.306410 6.455680
vt -1.190290 6.685050
vt -1.334620 6.635540
vt -1.079030 -1.403910
vt -1.206480 -1.462310
vt 2.495710 3.692780
vt 1.404910 3.904780
vt 1.565540 3.846970
vt 1.891990 6.629390
usemtl default1
s 1
f 2926/2926 2927/2927 2928/2928
f 2926/2926 2929/2929 2927/2927
f 2926/2926 2930/2930 2929/2929
f 2931/2931 2930/2930 2926/2926
f 2931/2931 2932/2932 2930/2930
f 2933/2933 2932/2934 2931/2935
f 2934/2936 2932/2934 2933/2933
f 2935/2937 2932/2932 2934/2938
f 2932/2932 2935/2937 2930/2930
f 2930/2930 2935/2937 2936/2939
f 2935/2937 2937/2940 2936/2939
f 2935/2937 2938/2941 2937/2940
f 2935/2937 2934/2938 2938/2941
f 2938/2941 2934/2938 2933/2942
f 2938/2941 2933/2942 2939/2943
f 2940/2944 2939/2943 2933/2942
f 2940/2944 2941/2945 2939/2943
f 2942/2946 2941/2945 2940/2944
f 2942/2946 2943/2947 2941/2945
f 2944/2948 2943/2949 2942/2950
f 2944/2948 2928/2928 2943/2949
f 2945/2951 2928/2928 2944/2948
f 2926/2926 2928/2928 2945/2951
f 2945/2951 2931/2931 2926/2926
f 2931/2935 2945/2952 2942/2953
f 2942/2953 2945/2952 2944/2954
f 2940/2955 2931/2935 2942/2953
f 2933/2933 2931/2935 2940/2955
f 2928/2928 2946/2956 2943/2949
f 2928/2928 2927/2927 2946/2956
f 2927/2927 2947/2957 2946/2956
f 2927/2927 2948/2958 2947/2957
f 2929/2929 2948/2958 2927/2927
f 2949/2959 2948/2958 2929/2929
f 2949/2959 2950/2960 2948/2958
f 2949/2959 2951/2961 2950/2960
f 2949/2959 2952/2962 2951/2961
f 2936/2939 2952/2962 2949/2959
f 2936/2939 2937/2940 2952/2962
f 2937/2940 2953/2963 2952/2962
f 2953/2963 2937/2940 2954/2964
f 2937/2940 2938/2941 2954/2964
f 2938/2941 2939/2943 2954/2964
f 2954/2964 2939/2943 2955/2965
f 2941/2945 2955/2965 2939/2943
f 2941/2945 2956/2966 2955/2965
f 2943/2947 2956/2966 2941/2945
f 2943/2947 2946/2967 2956/2966
f 2946/2967 2957/2968 2956/2966
f 2946/2967 2947/2969 2957/2968
f 2947/2969 2958/2970 2957/2968
f 2947/2969 2959/2971 2958/2970
f 2948/2958 2959/2972 2947/2957
f 2948/2958 2950/2960 2959/2972
f 2950/2960 2960/2973 2959/2972
f 2950/2960 2961/2974 2960/2973
f 2951/2961 2961/2974 2950/2960
f 2951/2961 2962/2975 2961/2974
f 2951/2961 2963/2976 2962/2975
f 2952/2962 2963/2976 2951/2961
f 2952/2962 2953/2963 2963/2976
f 2953/2963 2964/2977 2963/2976
f 2953/2963 2965/2978 2964/2977
f 2953/2963 2954/2964 2965/2978
f 2954/2964 2955/2965 2965/2978
f 2965/2978 2955/2965 2966/2979
f 2956/2966 2966/2979 2955/2965
f 2956/2966 2957/2968 2966/2979
f 2957/2968 2967/2980 2966/2979
f 2957/2968 2958/2970 2967/2980
f 2958/2970 2968/2981 2967/2980
f 2958/2970 2969/2982 2968/2981
f 2959/2971 2969/2982 2958/2970
f 2959/2971 2960/2983 2969/2982
f 2960/2984 2970/2985 2969/2986
f 2960/2987 2971/2988 2970/2989
f 2961/2974 2971/2990 2960/2973
f 2961/2974 2972/2991 2971/2990
f 2961/2992 2973/2993 2972/2994
f 2961/2995 2974/2996 2973/2993
f 2962/2997 2974/2998 2961/2999
f 2962/2997 2975/3000 2974/3001
f 2962/3002 2976/3003 2975/3004
f 2962/2975 2977/3005 2976/3006
f 2963/2976 2977/3005 2962/2975
f 2963/2976 2964/2977 2977/3005
f 2964/2977 2978/3007 2977/3005
f 2964/2977 2979/3008 2978/3007
f 2964/2977 2965/2978 2979/3008
f 2965/2978 2966/2979 2979/3008
f 2979/3008 2966/2979 2967/2980
f 2979/3008 2967/2980 2980/3009
f 2980/3009 2967/2980 2968/2981
f 2980/3010 2968/3011 2981/3012
f 2981/3013 2968/3014 2982/3015
f 2969/2982 2982/3016 2968/2981
f 2969/2982 2983/3017 2982/3016
f 2984/3018 2983/3019 2969/3020
f 2985/3021 2983/3022 2984/3023
f 2985/3024 2971/3025 2983/3022
f 2970/3026 2971/2988 2985/3027
f 2986/3028 2983/3029 2971/3030
f 2986/3028 2982/3031 2983/3029
f 2986/3032 2987/3033 2982/3034
f 2986/3032 2988/3035 2987/3033
f 2980/3036 2988/3037 2986/3038
f 2980/3039 2989/3040 2988/3041
f 2980/3042 2981/3012 2989/3043
f 2990/3044 2980/3009 2986/3045
f 2978/3007 2980/3009 2990/3044
f 2978/3007 2979/3008 2980/3009
f 2978/3046 2990/3047 2991/3048
f 2991/3049 2990/3047 2992/3050
f 2993/3051 2992/3052 2990/3053
f 2993/3051 2990/3053 2994/3054
f 2990/3055 2971/3030 2994/3056
f 2986/3028 2971/3030 2990/3055
f 2994/3056 2971/3030 2972/3057
f 2994/3056 2972/3057 2976/3058
f 2976/3059 2972/3060 2973/3061
f 2976/3059 2973/3061 2995/3062
f 2975/3063 2976/3064 2995/3065
f 2977/3005 2994/3066 2976/3006
f 2977/3067 2993/3068 2994/3069
f 2977/3067 2996/3070 2993/3068
f 2977/3071 2978/3072 2996/3073
f 2978/3074 2991/3075 2996/3073
f 2987/3076 2981/3013 2982/3077
f 2984/3078 2969/3079 2997/3080
f 2969/2986 2970/2985 2997/3081
f 2929/2929 2936/2939 2949/2959
f 2930/2930 2936/2939 2929/2929
o Mesh83_RAX_Gunshi1_skp3EC1_Model
v 2.018590 0.586601 6.073320
v 1.976320 0.585535 6.572130
v 1.999760 0.735338 6.572920
l 2998 2999
l 2999 3000
o Mesh19_RAX_Gunshi1_skp3EC1_Model
v 5.723870 1.066311 -6.530420
v 5.352010 1.273071 -6.382830
v 5.608240 1.190821 -6.743930
v 5.720300 1.045731 -6.258340
v 5.692750 1.001011 -6.258910
v 5.696410 1.022071 -6.537300
v 5.859950 0.976134 -6.213490
v 5.695700 1.099531 -5.906780
v 5.712520 1.144371 -5.926520
v 5.868860 1.026921 -6.218450
v 5.911430 1.152091 -5.738280
v 5.563440 1.455501 -5.567330
v 5.806930 1.706641 -5.299230
v 5.357050 2.133441 -5.472400
v 5.219440 1.781841 -5.699739
v 5.084220 2.427221 -5.976180
v 5.010820 2.006481 -6.084960
v 5.218640 1.593831 -5.899010
v 5.069740 1.754161 -6.173940
v 5.176820 1.571751 -5.877880
v 5.020390 1.740191 -6.166729
v 5.074350 1.780661 -6.524290
v 5.025230 1.768031 -6.534810
v 5.230680 1.663201 -6.816219
v 5.189480 1.644631 -6.841509
v 5.479050 1.446661 -6.938230
v 5.584300 1.575641 -7.155819
v 5.928310 1.249291 -7.023400
v 5.724560 1.213741 -6.843720
v 6.136920 1.024651 -6.638190
v 5.873460 1.053411 -6.568790
v 6.130480 0.987526 -6.147320
v 6.548500 1.094631 -6.057730
v 6.262020 1.309851 -5.522800
v 6.426590 1.448661 -5.473910
v 6.725340 1.224211 -6.031770
v 6.440840 1.419021 -5.436060
v 6.753120 1.184411 -6.019170
v 6.734130 1.274851 -6.701250
v 6.762310 1.237331 -6.718960
v 6.936680 1.320931 -5.992510
v 6.612040 1.564821 -5.386330
v 6.745160 1.751631 -5.406909
v 7.057440 1.517021 -5.990019
v 6.946230 1.375951 -6.719980
v 7.066640 1.569951 -6.689799
v 6.637060 1.708861 -7.290870
v 6.769230 1.890191 -7.238959
v 6.127250 2.192511 -7.487110
v 6.278820 2.355431 -7.427740
v 6.740750 1.899431 -7.198730
v 6.271590 2.344521 -7.379320
v 5.782740 2.787961 -7.184020
v 5.611540 2.642161 -7.233749
v 5.478410 2.455351 -7.213170
v 5.974500 2.022821 -7.456890
v 6.464900 1.557581 -7.268119
v 6.449610 1.581221 -7.226620
v 6.284100 1.436961 -7.203470
v 6.556930 1.143181 -6.699690
v 5.834220 1.863761 -7.376649
v 5.980440 2.026311 -7.407219
v 5.505850 2.440111 -7.174059
v 5.379120 2.260551 -7.153069
v 5.236320 1.879041 -6.984859
v 5.017270 2.043611 -6.575830
v 5.092650 2.475771 -6.618140
v 5.207090 2.664551 -6.616199
v 5.198300 2.613921 -5.946730
v 5.482820 2.307551 -5.421350
v 5.951990 1.862461 -5.240749
v 5.864790 1.003971 -6.581560
v 5.708360 1.172411 -6.870410
v 5.450410 1.417121 -6.969700
v 5.185640 1.506621 -6.733910
v 5.383000 1.334551 -6.830870
v 5.578090 1.149471 -6.755770
v 5.417570 1.371711 -6.817330
v 5.224690 1.539881 -6.722569
v 5.103280 1.631091 -6.495850
v 5.099700 1.610521 -6.223780
v 5.215330 1.486011 -6.010270
v 5.406000 1.305121 -5.936870
v 5.598880 1.136951 -6.031630
v 5.371170 1.266421 -5.929980
v 5.568520 1.094341 -6.026930
v 5.434770 1.327041 -5.778590
v 5.464160 1.360921 -5.804500
v 5.176070 1.451501 -6.005080
v 5.057750 1.578901 -6.223539
v 5.061410 1.599961 -6.501939
v 5.944750 1.851551 -5.192349
v 6.096330 2.014461 -5.132969
v 5.586520 2.498111 -5.329209
v 5.454350 2.316791 -5.381120
v 5.277350 2.831031 -5.900100
v 5.156940 2.637031 -5.930280
v 5.166130 2.689951 -6.630060
v 5.286900 2.886051 -6.627570
v 5.470460 3.022571 -6.600910
v 5.796990 2.758311 -7.146170
v 5.498240 2.982761 -6.588309
v 5.461270 2.969641 -5.901120
v 5.758670 2.649401 -5.351970
v 5.489440 2.932131 -5.918829
v 5.675080 3.112351 -6.562349
v 5.961550 2.897131 -7.097280
v 6.416650 2.500341 -7.320849
v 6.660140 2.751481 -7.052750
v 6.312150 3.054881 -6.881800
v 6.759420 2.846061 -6.815579
v 7.004940 2.613141 -6.721069
v 7.046750 2.635231 -6.742199
v 6.788810 2.879941 -6.841489
v 7.047510 2.755481 -6.614999
v 6.852410 2.940561 -6.690100
v 6.527880 3.107441 -6.713300
v 6.511060 3.062601 -6.693560
v 6.093100 3.219451 -6.472770
v 5.666650 3.063801 -5.920390
v 5.773970 2.625761 -5.393459
v 5.939480 2.770011 -5.416609
v 6.086650 3.182331 -5.981900
v 6.354720 3.180061 -6.401629
v 6.363620 3.230841 -6.406590
v 6.350120 3.153561 -6.051290
v 6.295270 2.957691 -5.596680
v 6.389360 2.343221 -5.243430
v 6.243130 2.180671 -5.212870
v 6.249080 2.184161 -5.163189
v 6.717730 1.766871 -5.446030
v 7.016480 1.542421 -6.003880
v 7.025280 1.593061 -6.673359
v 7.139360 1.779761 -6.643899
v 6.866530 2.073541 -7.147679
v 7.004140 2.425131 -6.920340
v 7.153830 2.452811 -6.446139
v 7.203190 2.466791 -6.453350
v 7.198350 2.438951 -6.085279
v 7.162170 2.607021 -6.118150
v 7.165820 2.628081 -6.396540
v 7.123870 2.596461 -6.396299
v 7.008240 2.720971 -6.609819
v 6.817570 2.901861 -6.683209
v 6.655060 3.112631 -6.593150
v 6.624690 3.070031 -6.588449
v 6.530820 3.205971 -6.361169
v 6.358790 3.203011 -6.038519
v 6.499010 2.993241 -5.776360
v 6.639270 2.631341 -5.464270
v 6.744530 2.760321 -5.681849
v 6.515220 3.034561 -5.749670
v 6.527170 3.184911 -6.082779
v 6.503280 3.161241 -6.361740
v 6.871570 2.933901 -6.237259
v 7.120300 2.575881 -6.124229
v 6.998890 2.667101 -5.897510
v 6.806010 2.835271 -5.802760
v 6.615340 3.016151 -5.876150
v 6.499700 3.140661 -6.089660
v 6.645480 3.057511 -5.864309
v 6.773170 2.789861 -5.650380
v 6.840580 2.872431 -5.789209
v 7.037930 2.700361 -5.886169
v 7.034100 2.562351 -5.778570
v 6.992890 2.543771 -5.803860
v 6.987260 2.327941 -5.635220
v 6.844450 1.946431 -5.467010
v 7.130930 1.731211 -6.001939
v 7.206310 2.163371 -6.044250
v 7.212760 2.200491 -6.535120
v 7.149230 2.426321 -6.095799
vt 0.256450 0.408943
vt 0.243194 0.430921
vt 0.229938 0.408943
vt 0.256710 0.408943
vt 0.230198 0.408943
vt 0.243454 0.430921
vt -6.335630 4.019740
vt -6.065310 3.943070
vt -6.063820 3.995580
vt -6.343450 3.967720
vt -6.065340 3.943000
vt 0.230198 0.399565
vt 0.230198 0.408943
vt 0.256710 0.408943
vt 0.203686 0.399565
vt 8.319480 1.167580
vt 7.997310 1.336690
vt 7.971790 1.291620
vt 8.328270 1.218650
vt 0.203686 0.386964
vt 0.203686 0.399565
vt 0.230198 0.399565
vt 0.177174 0.386964
vt 0.177174 0.364986
vt 0.150662 0.364986
vt 0.150662 0.386964
vt 0.124150 0.364986
vt 0.124150 0.386964
vt 0.150662 0.399565
vt 0.124150 0.399565
vt 3.508910 6.678280
vt 3.293770 6.956090
vt 3.474010 6.640010
vt 3.247970 6.931880
vt -5.011210 6.809470
vt -4.679310 6.660360
vt -4.673670 6.711850
vt -5.010960 6.809660
vt -5.033680 6.763110
vt -4.679060 6.660530
vt -7.044230 -3.632010
vt -6.763400 -3.400640
vt -6.807060 -3.372750
vt -7.044410 -3.631690
vt -7.012770 -3.672700
vt -6.763580 -3.400330
vt -3.516380 -3.654560
vt -3.729870 -3.933630
vt -3.470440 -3.678500
vt 0.203426 0.386964
vt 0.203426 0.399565
vt 0.176914 0.399565
vt 0.229938 0.386964
vt 0.229938 0.399565
vt 0.256450 0.386964
vt 0.256450 0.399565
vt 0.256710 0.386964
vt 0.230198 0.386964
vt 0.256710 0.399565
vt 0.230198 0.364986
vt 0.203686 0.364986
vt 0.203686 0.350768
vt 0.230198 0.350768
vt -7.365990 -2.159940
vt -6.722210 -1.916390
vt -6.755990 -1.879320
vt -7.365890 -2.160220
vt -7.359720 -2.209990
vt -6.722120 -1.916660
vt -7.139760 -2.618150
vt -6.460520 -2.729470
vt -6.471210 -2.680470
vt -7.159290 -2.664180
vt -6.460480 -2.729320
vt -7.139720 -2.618010
vt 0.230198 0.343732
vt 0.230198 0.350768
vt 0.256710 0.350768
vt 0.203686 0.343732
vt 0.203686 0.351130
vt 0.230198 0.351130
vt 0.256710 0.343732
vt 0.256710 0.351130
vt 0.229938 0.343732
vt 0.256450 0.351130
vt 0.256450 0.343732
vt 0.229938 0.351130
vt 0.203426 0.343732
vt 0.203426 0.351130
vt 9.312870 -1.284440
vt 9.294330 -0.582839
vt 9.264690 -1.270500
vt 9.264780 -1.270320
vt 9.294410 -0.582658
vt 9.247040 -0.599116
vt 9.121460 -0.476927
vt 8.723440 0.101132
vt 9.073480 -0.491512
vt 0.176914 0.351130
vt 0.176914 0.343732
vt 0.176914 0.350768
vt 0.203426 0.350768
vt 0.229938 0.350768
vt 0.256450 0.350768
vt -6.720810 -3.124210
vt -6.149370 -3.531690
vt -6.680680 -3.094120
vt -6.134070 -3.483980
vt 0.256450 0.350768
vt 0.229938 0.364986
vt 0.229938 0.350768
vt 0.256450 0.364986
vt 0.256710 0.350768
vt 0.256710 0.364986
vt 0.203426 0.364986
vt 0.203426 0.350768
vt -6.171320 -3.560790
vt -5.944890 -4.210780
vt -5.906950 -4.177990
vt -6.221460 -3.565550
vt -5.945130 -4.210710
vt -6.171540 -3.560710
vt -6.029710 -4.457400
vt -5.898390 -3.798920
vt -6.079550 -4.462950
vt 0.176914 0.350768
vt 0.176914 0.364986
vt 0.176914 0.386964
vt 0.150402 0.399565
vt 0.150402 0.386964
vt 0.150402 0.364986
vt 0.150402 0.350768
vt 0.124150 0.350768
vt 0.150662 0.350768
vt 0.177174 0.350768
vt 6.580830 2.001880
vt 6.568050 2.052080
vt 6.217710 2.025180
vt 3.208270 1.396110
vt 2.864430 1.277070
vt 2.879810 1.227610
vt 3.177070 1.437440
vt -0.309697 -1.115710
vt -0.605519 -1.327570
vt -0.576716 -1.370620
vt -0.351485 -1.084780
vt -0.605641 -1.327400
vt -0.309818 -1.115550
vt -3.470460 -3.678490
vt -3.694760 -3.971680
vt 0.203426 0.399565
vt 0.176914 0.408943
vt 0.176914 0.399565
vt 0.203426 0.408943
vt 0.229938 0.399565
vt 0.229938 0.408943
vt 0.256450 0.399565
vt 0.256450 0.408943
vt 0.256710 0.399565
vt 6.212760 1.973660
vt -1.644240 4.122810
vt -1.400520 3.986580
vt -1.615890 4.167040
vt -1.400570 3.986530
vt -1.377750 4.033840
vt 2.583880 1.345700
vt 2.755800 1.123450
vt 2.788180 1.164810
vt 2.546800 1.308580
vt 2.755850 1.123490
vt 5.841970 -1.145330
vt 6.009890 -1.370610
vt 6.043010 -1.329840
vt 5.804250 -1.181750
vt 6.009950 -1.370550
vt 8.340730 -0.145673
vt 8.101060 -0.015207
vt 8.318440 -0.193239
vt 0.176914 0.408943
vt 0.163658 0.430921
vt 0.150402 0.408943
vt 0.203426 0.408943
vt 0.190170 0.430921
vt 0.216682 0.430921
vt 0.137146 0.430921
vt 0.124150 0.408943
vt 0.137406 0.430921
vt 0.150662 0.408943
vt 0.163918 0.430921
vt 0.177174 0.408943
vt 0.203686 0.408943
vt 0.190430 0.430921
vt -7.104830 0.777182
vt -7.318450 0.607393
vt -7.069730 0.738104
vt -7.069700 0.738040
vt -7.318420 0.607328
vt -7.288280 0.564311
vt -8.455810 1.213270
vt -8.180100 1.267440
vt -8.202570 1.314920
vt -8.439210 1.163440
vt 0.203686 0.408943
vt 0.177174 0.399565
vt 7.757050 1.635720
vt 7.718250 1.601410
vt 8.006650 1.370970
vt 6.213460 3.838340
vt 6.403790 3.528230
vt 6.437440 3.567610
vt 6.168490 3.812660
vt 0.177174 0.408943
vt 0.150662 0.399565
vt 0.150662 0.408943
vt -4.446370 3.173280
vt -4.682650 3.021230
vt -4.648850 2.981020
vt -4.484770 3.209110
vt -0.530584 6.141760
vt -0.502411 6.097420
vt -0.276215 6.261110
vt 0.124150 0.408943
vt 0.124150 0.399565
vt 0.150402 0.399565
vt 0.150402 0.408943
vt 8.318400 -0.193420
vt 8.101030 -0.015384
vt 8.073180 -0.059922
vt 6.027610 5.489360
vt 5.756870 5.455240
vt 6.037300 5.437730
vt 5.760280 5.402820
vt -0.530713 6.141890
vt -0.276345 6.261250
vt -0.309649 6.301870
vt 0.177174 0.399565
vt 8.006690 1.370980
vt 8.031590 1.416390
vt 0.216942 0.430921
vt -7.334650 -1.688760
vt -6.905880 -1.150330
vt -6.953860 -1.135740
vt -7.334600 -1.688860
vt -7.303860 -1.728480
vt -6.905830 -1.150420
vt 0.177174 0.343732
vt 0.177174 0.350768
vt 0.203686 0.350768
vt 0.150662 0.343732
vt 0.150662 0.350768
vt 0.124150 0.343732
vt 0.124150 0.350768
vt -6.942640 -1.449650
vt -6.895210 -1.433390
vt -7.313300 -0.869674
vt -7.154260 -1.326210
vt -7.088350 -0.641070
vt -7.136520 -0.655001
vt -7.154350 -1.326060
vt -7.106980 -1.342520
vt -7.088420 -0.640920
vt -7.342610 -0.910398
vt -6.613850 -2.364840
vt -6.591790 -2.319800
vt -7.286010 -2.216650
vt 0.150402 0.350768
vt 0.150402 0.343732
vt 0.150402 0.351130
vt -6.675820 -3.821100
vt -6.106490 -3.434300
vt -6.124080 -3.387330
vt -6.634420 -3.849150
vt -6.106570 -3.434180
vt -6.675900 -3.820980
vt -6.079410 -4.463060
vt -5.898260 -3.799030
vt -5.942160 -3.774780
vt -7.278010 -2.266160
vt 8.282140 -0.204742
vt 7.644530 0.088569
vt 8.248360 -0.241807
vt 8.248310 -0.241946
vt 7.644480 0.088434
vt 7.638320 0.038664
vt 6.954460 -0.466847
vt 6.255650 -0.531987
vt 6.943760 -0.515843
vt 0.124150 0.351130
vt 0.150662 0.351130
vt 5.454980 -1.375210
vt 5.439610 -1.327480
vt 4.868180 -1.734960
vt 6.943770 -0.515909
vt 6.255650 -0.532054
vt 6.275220 -0.578227
vt 0.150402 0.365710
vt 0.150402 0.351130
vt 0.124150 0.351130
vt 0.176914 0.365710
vt 0.176914 0.351130
vt 0.203426 0.365710
vt 0.203426 0.387688
vt 0.176914 0.387688
vt 0.203426 0.400288
vt 0.229938 0.400288
vt -7.896600 5.230580
vt -8.165560 4.985520
vt -8.120570 4.959840
vt -7.930140 5.269970
vt -8.165460 4.985540
vt -7.896490 5.230590
vt 0.203426 0.400288
vt 0.229938 0.409666
vt 0.229938 0.400288
vt 0.203426 0.409666
vt 0.176914 0.400288
vt -9.145430 3.387570
vt -9.433840 3.157140
vt -9.120530 3.342160
vt -9.120500 3.342140
vt -9.395010 3.122810
vt 0.176914 0.400288
vt 0.150402 0.387688
vt 0.124150 0.365710
vt 0.150662 0.351130
vt 0.150662 0.365710
vt 0.124150 0.387688
vt 0.150402 0.400288
vt -9.087700 3.320870
vt -9.062170 3.275800
vt -8.731230 3.393870
vt -8.740010 3.444940
vt -6.405800 4.281460
vt -6.400830 4.229900
vt -6.050500 4.203000
vt 0.124150 0.400288
vt 0.150662 0.387688
vt 0.177174 0.365710
vt 0.177174 0.351130
vt 4.230630 -2.729510
vt 3.916340 -3.341870
vt 3.966260 -3.346720
vt 4.230870 -2.729490
vt 4.192930 -2.696710
vt 3.916600 -3.341860
vt 5.455050 -1.375270
vt 4.908370 -1.765110
vt 0.177174 0.351130
vt 3.915010 -4.894740
vt 3.827610 -4.212010
vt 3.777770 -4.206450
vt 3.915050 -4.894720
vt 3.958950 -4.870470
vt 3.827650 -4.211990
vt 5.311900 -5.555990
vt 4.801640 -5.094050
vt 4.760150 -5.122220
vt 5.312060 -5.555830
vt 5.329650 -5.508860
vt 4.801790 -5.093890
vt 7.610330 -4.399450
vt 6.924120 -4.453090
vt 6.916110 -4.502600
vt 7.610340 -4.399490
vt 7.588280 -4.354450
vt 8.667690 -2.748000
vt 9.085790 -2.184280
vt 8.638360 -2.707320
vt 8.638290 -2.707400
vt 9.085720 -2.184370
vt 9.038290 -2.168110
vt 0.229938 0.351130
vt 0.256450 0.365710
vt 0.256450 0.351130
vt 0.229938 0.365710
vt 0.203426 0.351130
vt 0.229938 0.387688
vt 0.256450 0.400288
vt -5.281580 8.039890
vt -5.235790 8.015670
vt -5.020640 8.293480
vt 4.398720 8.959160
vt 4.044100 8.856590
vt 4.404360 8.907670
vt 0.256710 0.400288
vt 0.230198 0.409666
vt 0.230198 0.400288
vt 0.256710 0.409666
vt 0.256450 0.409666
vt 0.256450 0.400288
vt 1.852720 7.963260
vt 1.626520 8.126940
vt 1.819410 7.922640
vt 1.819470 7.922660
vt 1.626580 8.126970
vt 1.598410 8.082630
vt 6.032210 4.843430
vt 6.196290 4.615340
vt 6.234690 4.651180
vt 6.032350 4.843480
vt 5.998540 4.803280
vt 6.196420 4.615380
vt 8.502760 2.541050
vt 8.686230 2.328250
vt 8.721340 2.367320
vt 8.472610 2.498030
vt 9.297120 3.300750
vt 9.038000 3.404750
vt 9.274650 3.253270
vt 0.176914 0.409666
vt 0.150402 0.400288
vt 0.150402 0.409666
vt 0.124150 0.400288
vt -6.405800 4.281450
vt -6.037720 4.253190
vt -2.180030 3.380960
vt -1.867400 3.220570
vt -2.164650 3.430420
vt 0.150662 0.400288
vt 0.177174 0.387688
vt 0.177174 0.400288
vt 1.888530 0.538163
vt 1.859720 0.495113
vt 2.113880 0.252488
vt -2.164600 3.430490
vt -1.867340 3.220650
vt -1.836140 3.261990
vt 0.124150 0.409666
vt 0.150662 0.400288
vt 6.141060 6.209230
vt 6.139570 6.261740
vt 5.861460 6.237020
vt 9.021400 3.354930
vt 0.163658 0.431644
vt 0.176914 0.409666
vt 0.150402 0.409666
vt 0.190170 0.431644
vt 0.203426 0.409666
vt 0.216682 0.431644
vt 0.229938 0.409666
vt 0.243194 0.431644
vt 0.256450 0.409666
vt 0.256710 0.409666
vt 0.243454 0.431644
vt 0.230198 0.409666
vt 0.216942 0.431644
vt 0.203686 0.409666
vt 0.190430 0.431644
vt 0.177174 0.409666
vt 0.163918 0.431644
vt 0.150662 0.409666
vt 0.137406 0.431644
vt 0.124150 0.409666
vt 0.137146 0.431644
vt 6.141050 6.209210
vt 5.869250 6.185060
vt 0.543413 6.085750
vt 0.520595 6.133060
vt 0.276874 5.996830
vt 0.150662 0.409666
vt 0.177174 0.400288
vt 0.177174 0.409666
vt -4.073310 3.032730
vt -4.282360 2.847640
vt -4.040920 2.991370
vt -4.282390 2.847690
vt -4.245260 2.810540
vt -7.361470 0.514861
vt -7.567180 0.326062
vt -7.328350 0.474089
vt 0.203686 0.409666
vt 0.203686 0.400288
vt 5.286380 -2.289230
vt 5.464750 -2.606370
vt 5.510680 -2.582430
vt 5.286250 -2.289350
vt 5.251120 -2.327420
vt 5.464620 -2.606490
vt 1.888480 0.538117
vt 2.113830 0.252442
vt 2.155500 0.283212
vt 0.203686 0.400288
vt 0.203686 0.387688
vt 0.203686 0.365710
vt 0.203686 0.351130
vt 0.230198 0.351130
vt 0.230198 0.365710
vt 0.256710 0.351130
vt 0.256710 0.365710
vt 0.230198 0.387688
vt 0.256710 0.387688
vt 0.256450 0.387688
vt 0.256710 0.400288
vt 0.230198 0.400288
vt 4.044190 8.856550
vt 4.066910 8.810010
vt 4.404450 8.907630
vt 8.699700 -2.129190
vt 8.450510 -1.856830
vt 8.656050 -2.157080
vt -9.419570 1.829470
vt -9.152050 1.915400
vt -9.174340 1.962970
vt -9.391720 1.784920
vt -5.749420 7.722650
vt -5.482090 7.636110
vt -5.472400 7.687740
vt -5.752770 7.670300
vt -5.482040 7.636180
vt -7.328400 0.474208
vt -7.567230 0.326182
vt -7.529440 0.289694
vt 8.450510 -1.856850
vt 8.418860 -1.897850
vt 0.543451 6.085660
vt 0.276911 5.996750
vt 0.305259 5.952520
vt -5.281890 8.039780
vt -5.020960 8.293380
vt -5.055860 8.331650
vt 9.073540 -0.491389
vt 8.723480 0.101252
vt 8.692740 0.061630
usemtl default1
s 1
f 3001/3082 3002/3083 3003/3084
f 3001/3085 3004/3086 3002/3087
f 3001/3088 3005/3089 3004/3090
f 3006/3091 3005/3092 3001/3088
f 3007/3093 3005/3094 3006/3095
f 3007/3093 3008/3096 3005/3094
f 3007/3097 3009/3098 3008/3099
f 3010/3100 3009/3098 3007/3097
f 3011/3101 3009/3102 3010/3103
f 3011/3101 3012/3104 3009/3102
f 3013/3105 3012/3104 3011/3101
f 3014/3106 3012/3104 3013/3105
f 3014/3106 3015/3107 3012/3104
f 3016/3108 3015/3107 3014/3106
f 3017/3109 3015/3107 3016/3108
f 3017/3109 3018/3110 3015/3107
f 3019/3111 3018/3110 3017/3109
f 3018/3112 3019/3113 3020/3114
f 3020/3114 3019/3113 3021/3115
f 3022/3116 3021/3117 3019/3118
f 3022/3119 3023/3120 3021/3121
f 3024/3122 3023/3123 3022/3124
f 3024/3125 3025/3126 3023/3127
f 3024/3128 3026/3129 3025/3130
f 3027/3131 3026/3132 3024/3133
f 3028/3134 3026/3132 3027/3131
f 3028/3134 3029/3135 3026/3132
f 3030/3136 3029/3135 3028/3134
f 3030/3136 3031/3137 3029/3135
f 3030/3138 3032/3139 3031/3140
f 3033/3141 3032/3139 3030/3138
f 3033/3141 3034/3142 3032/3139
f 3033/3141 3035/3143 3034/3142
f 3036/3144 3035/3143 3033/3141
f 3036/3145 3037/3146 3035/3147
f 3036/3148 3038/3149 3037/3150
f 3039/3151 3038/3152 3036/3153
f 3040/3154 3038/3155 3039/3156
f 3041/3157 3038/3158 3040/3159
f 3041/3157 3042/3160 3038/3158
f 3041/3157 3043/3161 3042/3160
f 3041/3157 3044/3162 3043/3161
f 3045/3163 3044/3162 3041/3157
f 3045/3163 3046/3164 3044/3162
f 3047/3165 3046/3166 3045/3167
f 3047/3165 3048/3168 3046/3166
f 3049/3169 3048/3168 3047/3165
f 3050/3170 3048/3168 3049/3169
f 3048/3171 3050/3172 3051/3173
f 3051/3174 3050/3175 3052/3176
f 3050/3177 3053/3178 3052/3179
f 3053/3180 3050/3170 3054/3181
f 3054/3181 3050/3170 3049/3169
f 3054/3181 3049/3169 3055/3182
f 3055/3182 3049/3169 3056/3183
f 3049/3169 3047/3165 3056/3183
f 3056/3183 3047/3165 3057/3184
f 3045/3167 3057/3184 3047/3165
f 3045/3167 3040/3185 3057/3184
f 3045/3163 3041/3157 3040/3159
f 3057/3186 3040/3187 3058/3188
f 3058/3188 3040/3187 3039/3189
f 3039/3190 3059/3191 3058/3192
f 3039/3190 3060/3193 3059/3191
f 3039/3194 3036/3144 3060/3195
f 3036/3144 3033/3141 3060/3195
f 3060/3195 3033/3141 3030/3138
f 3060/3193 3030/3136 3028/3134
f 3060/3193 3028/3134 3059/3191
f 3027/3131 3059/3191 3028/3134
f 3061/3196 3059/3191 3027/3131
f 3061/3196 3058/3192 3059/3191
f 3062/3197 3058/3192 3061/3196
f 3062/3198 3057/3199 3058/3200
f 3056/3201 3057/3202 3062/3203
f 3062/3204 3063/3205 3056/3206
f 3063/3207 3062/3197 3064/3208
f 3064/3208 3062/3197 3061/3196
f 3064/3208 3061/3196 3065/3209
f 3065/3209 3061/3196 3027/3131
f 3027/3131 3024/3133 3065/3209
f 3065/3209 3024/3133 3022/3210
f 3065/3209 3022/3210 3066/3211
f 3066/3211 3022/3210 3019/3111
f 3066/3211 3019/3111 3017/3109
f 3067/3212 3066/3211 3017/3109
f 3064/3208 3066/3211 3067/3212
f 3064/3208 3065/3209 3066/3211
f 3063/3207 3064/3208 3067/3212
f 3063/3207 3067/3212 3068/3213
f 3067/3212 3016/3108 3068/3213
f 3067/3212 3017/3109 3016/3108
f 3068/3213 3016/3108 3069/3214
f 3016/3108 3014/3106 3069/3214
f 3069/3214 3014/3106 3070/3215
f 3070/3215 3014/3106 3013/3105
f 3070/3215 3013/3105 3071/3216
f 3071/3216 3013/3105 3034/3142
f 3013/3105 3011/3101 3034/3142
f 3034/3142 3011/3101 3032/3139
f 3032/3139 3011/3101 3010/3103
f 3032/3139 3010/3103 3031/3140
f 3072/3217 3031/3218 3010/3219
f 3073/3220 3031/3221 3072/3222
f 3073/3220 3029/3223 3031/3221
f 3074/3224 3029/3225 3073/3226
f 3026/3227 3029/3228 3074/3229
f 3025/3230 3026/3129 3074/3231
f 3074/3232 3075/3233 3025/3234
f 3074/3232 3076/3235 3075/3233
f 3073/3236 3076/3235 3074/3232
f 3073/3236 3077/3237 3076/3235
f 3072/3238 3077/3237 3073/3236
f 3072/3238 3006/3239 3077/3237
f 3072/3240 3007/3093 3006/3095
f 3072/3217 3010/3219 3007/3241
f 3077/3242 3006/3243 3003/3244
f 3003/3244 3006/3245 3001/3246
f 3078/3247 3077/3248 3003/3249
f 3078/3247 3076/3250 3077/3251
f 3079/3252 3076/3253 3078/3254
f 3079/3252 3075/3255 3076/3256
f 3079/3257 3080/3258 3075/3259
f 3079/3260 3002/3261 3080/3262
f 3078/3263 3002/3264 3079/3260
f 3003/3084 3002/3265 3078/3263
f 3080/3262 3002/3266 3081/3267
f 3002/3268 3082/3269 3081/3267
f 3002/3270 3083/3271 3082/3269
f 3084/3272 3083/3271 3002/3273
f 3083/3274 3084/3275 3085/3276
f 3085/3277 3084/3278 3086/3279
f 3004/3280 3086/3281 3084/3282
f 3005/3283 3086/3281 3004/3280
f 3008/3096 3086/3284 3005/3094
f 3008/3096 3087/3285 3086/3284
f 3088/3286 3087/3287 3008/3288
f 3018/3289 3087/3290 3088/3291
f 3018/3289 3020/3292 3087/3290
f 3085/3293 3087/3285 3020/3294
f 3086/3284 3087/3285 3085/3293
f 3089/3295 3085/3293 3020/3294
f 3089/3296 3083/3297 3085/3298
f 3082/3299 3083/3297 3089/3296
f 3082/3300 3089/3301 3090/3302
f 3090/3303 3089/3295 3021/3304
f 3021/3304 3089/3295 3020/3294
f 3023/3305 3090/3303 3021/3304
f 3023/3305 3091/3306 3090/3303
f 3025/3234 3091/3306 3023/3305
f 3025/3234 3075/3233 3091/3306
f 3075/3307 3080/3308 3091/3309
f 3080/3310 3081/3311 3091/3312
f 3081/3311 3090/3313 3091/3312
f 3082/3314 3090/3315 3081/3316
f 3018/3110 3088/3317 3015/3107
f 3088/3317 3012/3104 3015/3107
f 3009/3102 3012/3104 3088/3317
f 3088/3286 3008/3318 3009/3319
f 3004/3086 3084/3272 3002/3320
f 3071/3216 3034/3142 3035/3143
f 3035/3321 3092/3322 3071/3323
f 3035/3324 3037/3325 3092/3326
f 3093/3327 3092/3328 3037/3329
f 3094/3330 3092/3328 3093/3327
f 3094/3330 3095/3331 3092/3328
f 3096/3332 3095/3331 3094/3330
f 3097/3333 3095/3331 3096/3332
f 3070/3334 3095/3335 3097/3336
f 3071/3337 3095/3338 3070/3339
f 3071/3340 3092/3341 3095/3342
f 3070/3334 3097/3336 3069/3343
f 3069/3344 3097/3345 3098/3346
f 3098/3347 3097/3333 3099/3348
f 3099/3348 3097/3333 3096/3332
f 3100/3349 3099/3348 3096/3332
f 3053/3180 3099/3348 3100/3349
f 3053/3180 3054/3181 3099/3348
f 3054/3181 3098/3347 3099/3348
f 3054/3181 3055/3182 3098/3347
f 3055/3350 3068/3351 3098/3352
f 3063/3353 3068/3354 3055/3355
f 3056/3356 3063/3357 3055/3358
f 3068/3359 3069/3344 3098/3346
f 3053/3360 3100/3361 3101/3362
f 3101/3363 3100/3364 3102/3365
f 3100/3366 3103/3367 3102/3368
f 3100/3349 3096/3332 3103/3369
f 3094/3330 3103/3369 3096/3332
f 3104/3370 3103/3369 3094/3330
f 3105/3371 3103/3372 3104/3373
f 3102/3374 3103/3375 3105/3376
f 3106/3377 3102/3378 3105/3379
f 3107/3380 3102/3378 3106/3377
f 3107/3380 3101/3381 3102/3378
f 3107/3380 3108/3382 3101/3381
f 3107/3380 3109/3383 3108/3382
f 3110/3384 3109/3383 3107/3380
f 3111/3385 3109/3383 3110/3384
f 3109/3383 3111/3385 3112/3386
f 3111/3387 3113/3388 3112/3389
f 3114/3390 3113/3391 3111/3392
f 3114/3393 3115/3394 3113/3395
f 3114/3393 3116/3396 3115/3394
f 3116/3396 3114/3393 3117/3397
f 3117/3398 3114/3399 3118/3400
f 3118/3401 3114/3399 3111/3402
f 3111/3385 3110/3384 3118/3403
f 3118/3403 3110/3384 3119/3404
f 3110/3384 3106/3377 3119/3404
f 3110/3384 3107/3380 3106/3377
f 3119/3404 3106/3377 3120/3405
f 3106/3377 3105/3379 3120/3405
f 3121/3406 3120/3405 3105/3379
f 3122/3407 3120/3405 3121/3406
f 3123/3408 3120/3405 3122/3407
f 3119/3404 3120/3405 3123/3408
f 3124/3409 3119/3404 3123/3408
f 3118/3403 3119/3404 3124/3409
f 3117/3410 3118/3411 3124/3412
f 3117/3410 3124/3412 3125/3413
f 3125/3414 3124/3415 3126/3416
f 3124/3409 3123/3408 3126/3417
f 3126/3417 3123/3408 3127/3418
f 3127/3418 3123/3408 3122/3407
f 3127/3418 3122/3407 3128/3419
f 3122/3407 3129/3420 3128/3419
f 3122/3407 3121/3406 3129/3420
f 3121/3421 3130/3422 3129/3423
f 3121/3424 3104/3425 3130/3426
f 3105/3427 3104/3373 3121/3428
f 3104/3370 3093/3327 3130/3429
f 3104/3370 3094/3330 3093/3327
f 3130/3429 3093/3327 3042/3160
f 3093/3327 3037/3329 3042/3160
f 3038/3158 3042/3160 3037/3329
f 3130/3429 3042/3160 3043/3161
f 3043/3430 3129/3431 3130/3432
f 3043/3433 3131/3434 3129/3435
f 3044/3436 3131/3437 3043/3438
f 3044/3439 3132/3440 3131/3441
f 3046/3442 3132/3443 3044/3444
f 3046/3445 3133/3446 3132/3443
f 3046/3447 3048/3448 3133/3449
f 3133/3450 3048/3451 3051/3452
f 3051/3453 3134/3454 3133/3455
f 3051/3453 3135/3456 3134/3454
f 3052/3457 3135/3456 3051/3453
f 3108/3382 3135/3456 3052/3457
f 3108/3382 3136/3458 3135/3456
f 3109/3383 3136/3458 3108/3382
f 3109/3383 3112/3386 3136/3458
f 3136/3458 3112/3386 3137/3459
f 3138/3460 3137/3461 3112/3462
f 3138/3463 3139/3464 3137/3465
f 3138/3466 3140/3467 3139/3468
f 3138/3466 3141/3469 3140/3467
f 3113/3395 3141/3470 3138/3471
f 3113/3395 3115/3394 3141/3470
f 3141/3472 3115/3473 3142/3474
f 3142/3475 3115/3476 3143/3477
f 3116/3478 3143/3479 3115/3480
f 3116/3481 3144/3482 3143/3483
f 3145/3484 3144/3485 3116/3486
f 3145/3484 3146/3487 3144/3485
f 3145/3488 3147/3489 3146/3490
f 3145/3491 3125/3492 3147/3493
f 3145/3491 3117/3397 3125/3492
f 3116/3396 3117/3397 3145/3491
f 3147/3493 3125/3492 3148/3494
f 3125/3495 3126/3416 3148/3496
f 3126/3497 3149/3498 3148/3499
f 3149/3500 3126/3417 3127/3418
f 3150/3501 3149/3500 3127/3418
f 3151/3502 3149/3500 3150/3501
f 3152/3503 3149/3504 3151/3505
f 3148/3506 3149/3507 3152/3508
f 3153/3509 3148/3494 3152/3510
f 3147/3493 3148/3494 3153/3509
f 3154/3511 3147/3512 3153/3513
f 3146/3490 3147/3489 3154/3514
f 3155/3515 3146/3516 3154/3517
f 3155/3518 3144/3519 3146/3516
f 3144/3519 3155/3520 3143/3521
f 3143/3521 3155/3522 3142/3523
f 3142/3524 3155/3525 3156/3526
f 3155/3527 3157/3528 3156/3526
f 3155/3529 3158/3530 3157/3528
f 3155/3531 3159/3532 3158/3530
f 3155/3533 3160/3534 3159/3532
f 3155/3535 3154/3517 3160/3534
f 3154/3536 3153/3513 3160/3537
f 3160/3538 3153/3539 3161/3540
f 3161/3541 3153/3509 3152/3510
f 3162/3542 3161/3541 3152/3510
f 3163/3543 3161/3541 3162/3542
f 3161/3544 3163/3545 3159/3546
f 3159/3546 3163/3547 3158/3548
f 3163/3549 3164/3550 3158/3551
f 3164/3552 3163/3543 3165/3553
f 3163/3543 3162/3542 3165/3553
f 3162/3554 3166/3555 3165/3556
f 3162/3557 3151/3558 3166/3559
f 3152/3560 3151/3561 3162/3562
f 3166/3563 3151/3502 3167/3564
f 3151/3502 3150/3501 3167/3564
f 3150/3501 3168/3565 3167/3564
f 3150/3501 3128/3419 3168/3565
f 3127/3418 3128/3419 3150/3501
f 3128/3419 3131/3566 3168/3565
f 3128/3419 3129/3420 3131/3566
f 3132/3567 3168/3565 3131/3566
f 3132/3567 3169/3568 3168/3565
f 3133/3569 3169/3568 3132/3567
f 3133/3569 3134/3570 3169/3568
f 3134/3570 3170/3571 3169/3568
f 3134/3570 3171/3572 3170/3571
f 3135/3456 3171/3573 3134/3454
f 3135/3456 3136/3458 3171/3573
f 3136/3458 3137/3459 3171/3573
f 3171/3572 3137/3574 3172/3575
f 3139/3576 3172/3577 3137/3578
f 3139/3579 3165/3580 3172/3581
f 3139/3468 3164/3552 3165/3553
f 3140/3467 3164/3552 3139/3468
f 3140/3582 3157/3583 3164/3584
f 3140/3582 3156/3585 3157/3583
f 3141/3586 3156/3587 3140/3588
f 3141/3586 3142/3589 3156/3590
f 3158/3591 3164/3592 3157/3593
f 3172/3581 3165/3594 3166/3595
f 3172/3575 3166/3563 3170/3571
f 3170/3571 3166/3563 3167/3564
f 3170/3571 3167/3564 3169/3568
f 3169/3568 3167/3564 3168/3565
f 3171/3572 3172/3575 3170/3571
f 3160/3596 3161/3597 3159/3598
f 3138/3599 3112/3600 3113/3601
f 3101/3381 3108/3382 3052/3457
f 3052/3602 3053/3603 3101/3604
o Mesh69_RAX_Gunshi1_skp3EC1_Model
v 6.446350 2.191011 -7.348780
v 6.582250 2.363691 -7.292699
v 6.591170 2.053621 -7.293039
v 6.733260 2.220431 -7.234580
v 6.927740 2.532451 -6.980010
v 6.981700 2.676231 -6.755919
v 6.830420 2.819761 -6.814149
v 6.780180 2.672441 -7.036809
v 6.810730 2.804771 -6.799940
v 6.762280 2.660941 -7.018630
v 6.962020 2.661251 -6.741700
v 6.909840 2.520951 -6.961830
v 6.719980 2.216311 -7.210229
v 6.580730 2.053381 -7.266479
v 6.435910 2.190771 -7.322229
v 6.568970 2.359571 -7.268360
l 3186 3185
l 3184 3183
l 3185 3184
l 3188 3187
l 3176 3175
l 3177 3176
l 3179 3178
l 3183 3181
l 3187 3173
l 3178 3183
l 3175 3173
l 3181 3182
l 3182 3188
l 3178 3177
l 3181 3179
l 3187 3186
l 3173 3174
l 3174 3180
l 3175 3186
l 3180 3179
o Mesh57_RAX_Gunshi1_skp3EC1_Model
v -8.317940 4.647891 -5.807169
v -8.438580 4.868581 -5.835049
v -8.503310 4.623911 -5.936529
v -8.487870 4.629871 -5.959769
v -8.549540 4.844511 -5.911859
v -8.539150 5.284371 -5.992329
v -8.530940 5.275521 -5.985749
v -8.515100 5.265781 -6.006649
v -8.422600 4.869281 -5.858079
v -8.523300 5.274631 -6.013229
v -8.533560 4.845211 -5.934879
v -8.302500 4.653851 -5.830409
l 3196 3197
l 3200 3189
l 3193 3191
l 3191 3192
l 3197 3200
l 3199 3198
l 3195 3194
l 3194 3198
l 3192 3199
l 3191 3189
l 3194 3193
l 3189 3190
l 3190 3195
l 3196 3195
l 3198 3196
l 3192 3200
o Mesh21_RAX_Gunshi1_skp3EC1_Model
v 5.033920 1.943271 -5.972070
v 5.159390 1.612971 -5.941199
v 5.134940 1.834491 -5.785540
v 5.067150 1.712291 -6.111519
v 5.185040 1.622001 -5.949830
v 5.160210 1.838641 -5.796810
v 5.242930 2.232871 -5.613460
v 5.143070 2.340401 -5.797850
v 5.059200 1.947411 -5.983339
v 5.165850 2.335061 -5.813300
v 5.264330 2.527941 -5.758510
v 5.284990 2.518001 -5.775499
v 5.367080 2.417301 -5.568779
v 5.387740 2.407361 -5.585770
v 5.265710 2.227531 -5.628910
v 5.092800 1.721321 -6.120150
vt 0.063008 0.578617
vt 0.014407 0.595395
vt 0.064245 0.595396
vt 0.013277 0.578617
vt 0.010961 0.595395
vt 7.339230 0.372607
vt 7.409280 0.114018
vt 7.435870 0.124368
vt 0.059926 0.595396
vt 0.119475 0.595397
vt 0.118252 0.578611
vt 0.058689 0.578617
vt 0.112598 0.578610
vt 0.129481 0.578607
vt 0.123364 0.578606
vt 0.130739 0.595399
vt 0.124622 0.595399
vt 0.113821 0.595398
vt 0.009831 0.578616
vt -7.253800 0.509051
vt -7.346910 0.259463
vt -7.320170 0.249491
vt -7.277520 0.540461
vt -7.344780 0.281129
vt -7.249920 0.535891
usemtl default1
s 1
f 3201/3605 3202/3606 3203/3607
f 3204/3608 3202/3606 3201/3605
f 3205/3609 3202/3606 3204/3608
f 3206/3610 3202/3611 3205/3612
f 3206/3613 3203/3607 3202/3606
f 3207/3614 3203/3607 3206/3613
f 3208/3615 3203/3607 3207/3614
f 3201/3605 3203/3607 3208/3615
f 3208/3615 3209/3616 3201/3605
f 3208/3615 3210/3617 3209/3616
f 3211/3618 3210/3617 3208/3615
f 3211/3618 3212/3619 3210/3617
f 3213/3620 3212/3619 3211/3618
f 3214/3621 3212/3619 3213/3620
f 3210/3617 3212/3619 3214/3621
f 3210/3617 3214/3621 3215/3622
f 3213/3620 3215/3622 3214/3621
f 3213/3620 3207/3614 3215/3622
f 3211/3618 3207/3614 3213/3620
f 3208/3615 3207/3614 3211/3618
f 3207/3614 3206/3613 3215/3622
f 3210/3617 3215/3622 3206/3613
f 3209/3616 3210/3617 3206/3613
f 3216/3623 3209/3616 3206/3613
f 3209/3624 3216/3625 3204/3626
f 3205/3609 3204/3608 3216/3623
f 3216/3623 3206/3613 3205/3609
f 3209/3627 3204/3628 3201/3629
o Mesh7_RAX_Gunshi1_skp3EC1_Model
v -1.264710 1.172789 8.908200
v -1.336950 1.183059 8.276290
v -1.268680 1.114799 8.276290
v -1.231480 1.203669 8.898840
v -1.268680 1.251319 8.276290
v -1.195450 1.237149 8.888690
v -1.161860 1.199069 8.882310
v -1.134470 1.224249 8.947470
v -1.103990 1.167609 8.940420
v -0.968679 1.192648 9.503310
v -0.996312 1.246058 9.509820
v -1.043580 1.277558 9.517540
v -1.178890 1.252529 8.954650
v -1.236320 1.226509 8.966510
v -1.260780 1.176429 8.977720
v -1.229490 1.108329 8.969020
v -1.201330 1.100969 8.896160
v -1.185850 1.091519 8.963490
v -1.104630 1.145208 9.533900
v -1.125470 1.201468 9.540610
v -1.099650 1.252798 9.529020
v -1.050540 1.116558 9.526380
v -1.005980 1.133038 9.513820
v -1.147140 1.102559 8.952580
v -1.132110 1.165329 8.876660
v -1.200450 1.183059 8.276290
vt 0.095905 0.925065
vt 0.102875 0.986037
vt 0.096288 0.986037
vt 0.073614 0.927849
vt 0.076704 0.987872
vt 0.070568 0.927201
vt 0.083277 0.987416
vt 0.076904 0.928451
vt 0.080190 0.928222
vt 0.083338 0.921276
vt 0.085982 0.927563
vt 0.089222 0.926948
vt 0.080310 0.921593
vt 0.074728 0.921603
vt 0.067429 0.868007
vt 0.062336 0.868734
vt 0.070007 0.867016
vt 0.074569 0.866271
vt 0.087625 0.920583
vt 0.077856 0.922085
vt 0.075273 0.921537
vt 0.070352 0.920487
vt 0.063876 0.921879
vt 0.089790 0.926227
vt 0.092506 0.919197
vt 0.088296 0.919731
vt 0.080459 0.864693
vt 0.062820 0.867269
vt 0.068174 0.866165
vt 0.023852 0.473262
vt 0.004212 0.466480
vt 0.007382 0.457926
vt 0.008138 0.474286
vt 0.073189 0.866482
vt 0.080930 0.921507
vt 0.078682 0.865692
vt 0.016664 0.478052
vt 0.015606 0.453568
vt 0.075240 0.865418
vt 0.070940 0.866630
vt 0.022382 0.456075
vt 0.028054 0.465139
vt 0.084561 0.920783
vt 0.083110 0.928109
vt 0.089704 0.986037
usemtl default1
s 1
f 3217/3630 3218/3631 3219/3632
f 3220/3633 3218/3634 3217/3635
f 3220/3633 3221/3636 3218/3634
f 3222/3637 3221/3636 3220/3633
f 3221/3636 3222/3637 3223/3638
f 3224/3639 3223/3640 3222/3641
f 3223/3640 3224/3639 3225/3642
f 3225/3642 3224/3643 3226/3644
f 3224/3643 3227/3645 3226/3644
f 3227/3646 3224/3639 3228/3647
f 3228/3647 3224/3639 3229/3648
f 3224/3639 3222/3641 3229/3648
f 3229/3649 3222/3637 3230/3650
f 3222/3637 3220/3633 3230/3650
f 3220/3633 3217/3635 3230/3650
f 3217/3635 3231/3651 3230/3650
f 3217/3635 3232/3652 3231/3651
f 3233/3653 3232/3654 3217/3630
f 3234/3655 3232/3654 3233/3653
f 3235/3656 3232/3654 3234/3655
f 3232/3652 3235/3657 3231/3651
f 3231/3651 3235/3657 3236/3658
f 3227/3659 3236/3660 3235/3661
f 3237/3662 3236/3660 3227/3659
f 3231/3651 3236/3658 3237/3663
f 3230/3650 3231/3651 3237/3663
f 3237/3663 3229/3664 3230/3650
f 3228/3665 3229/3664 3237/3663
f 3228/3666 3237/3662 3227/3659
f 3227/3659 3235/3661 3238/3667
f 3238/3668 3235/3656 3234/3655
f 3239/3669 3238/3668 3234/3655
f 3227/3659 3238/3667 3239/3670
f 3227/3659 3239/3670 3226/3671
f 3225/3642 3226/3644 3239/3669
f 3225/3642 3239/3669 3240/3672
f 3239/3669 3234/3655 3240/3672
f 3240/3672 3234/3655 3233/3653
f 3241/3673 3240/3672 3233/3653
f 3241/3673 3225/3642 3240/3672
f 3241/3673 3223/3640 3225/3642
f 3242/3674 3223/3638 3241/3673
f 3221/3636 3223/3638 3242/3674
f 3242/3674 3241/3673 3219/3632
f 3241/3673 3233/3653 3219/3632
f 3219/3632 3233/3653 3217/3630
o Mesh65_RAX_Gunshi1_skp3EC1_Model
v 5.641780 1.254801 -6.890370
v 5.532670 1.358311 -6.932370
v 5.809090 1.332051 -7.090320
v 6.120070 1.577931 -7.297239
v 6.279670 1.736361 -7.326159
v 6.157580 1.852191 -7.373159
v 6.154540 1.860051 -7.345900
v 5.996930 1.706661 -7.319240
v 5.691480 1.468361 -7.118060
v 5.544470 1.377751 -6.915140
v 5.653580 1.274241 -6.873140
v 5.683320 1.451361 -7.138730
v 5.996180 1.695451 -7.344930
v 5.817260 1.349041 -7.069640
v 6.120810 1.589131 -7.271550
v 6.276630 1.744221 -7.298900
l 3250 3251
l 3252 3244
l 3244 3254
l 3253 3256
l 3254 3255
l 3243 3253
l 3257 3258
l 3246 3245
l 3247 3246
l 3252 3253
l 3258 3247
l 3249 3248
l 3255 3248
l 3245 3243
l 3251 3252
l 3248 3247
l 3256 3257
l 3243 3244
l 3250 3249
l 3258 3249
o Mesh26_RAX_Gunshi1_skp3EC1_Model
v 5.810720 2.935911 -5.632549
v 5.567680 2.852521 -5.723830
v 5.664010 2.748801 -5.545959
v 5.744310 2.994041 -5.737440
v 5.753060 2.973371 -5.754240
v 6.146920 3.123161 -5.868569
v 6.142240 3.114601 -5.858890
v 5.819470 2.915241 -5.649340
v 6.143040 3.138951 -5.845119
v 6.147720 3.147501 -5.854810
v 5.677250 2.730761 -5.563660
v 5.580930 2.834481 -5.741519
vt 0.125185 0.595403
vt 0.132389 0.578595
vt 0.133568 0.595401
vt 0.124002 0.578590
vt 0.118213 0.578590
vt 0.069100 0.595395
vt 0.070189 0.595405
vt 0.119397 0.595403
vt 0.074756 0.595405
vt 0.073666 0.595395
vt 0.127380 0.595401
vt 0.126200 0.578595
usemtl default1
s 1
f 3259/3675 3260/3676 3261/3677
f 3262/3678 3260/3676 3259/3675
f 3262/3678 3263/3679 3260/3676
f 3264/3680 3263/3679 3262/3678
f 3264/3680 3265/3681 3263/3679
f 3265/3681 3266/3682 3263/3679
f 3265/3681 3259/3675 3266/3682
f 3265/3681 3267/3683 3259/3675
f 3267/3683 3262/3678 3259/3675
f 3268/3684 3262/3678 3267/3683
f 3268/3684 3264/3680 3262/3678
f 3266/3682 3259/3675 3261/3677
f 3266/3682 3261/3677 3269/3685
f 3260/3676 3269/3685 3261/3677
f 3270/3686 3269/3685 3260/3676
f 3266/3682 3269/3685 3270/3686
f 3263/3679 3266/3682 3270/3686
f 3263/3679 3270/3686 3260/3676
o Mesh86_RAX_Gunshi1_skp3EC1_Model
v 1.510710 3.867261 -7.834819
v 2.653810 1.505411 -4.519239
v 2.720090 0.958164 -3.721080
l 3271 3272
l 3272 3273
o Mesh49_RAX_Gunshi1_skp3EC1_Model
v -7.405560 4.051911 -7.443600
v -7.183030 4.080701 -7.288310
v -7.664450 3.965671 -7.444550
v -7.860820 3.854941 -7.290800
v -7.919660 3.761991 -7.041080
v -7.818490 3.722341 -6.790770
v -7.595960 3.751131 -6.635479
v -7.337070 3.837361 -6.634530
v -7.140710 3.948101 -6.788280
v -7.081870 4.041051 -7.038000
v -7.159930 4.037781 -7.307899
v -7.056420 3.997211 -7.051780
v -7.116620 3.902111 -6.796259
v -7.317540 3.788801 -6.638949
v -7.582440 3.700571 -6.639920
v -7.810140 3.671111 -6.798810
v -7.913650 3.711681 -7.054930
v -7.853450 3.806781 -7.310450
v -7.652520 3.920091 -7.467770
v -7.387620 4.008321 -7.466790
l 3282 3281
l 3287 3286
l 3275 3283
l 3284 3275
l 3285 3284
l 3284 3293
l 3277 3291
l 3282 3286
l 3286 3285
l 3289 3288
l 3292 3291
l 3276 3292
l 3278 3290
l 3277 3276
l 3290 3289
l 3278 3277
l 3283 3285
l 3280 3279
l 3291 3290
l 3279 3289
l 3274 3293
l 3276 3274
l 3283 3282
l 3281 3287
l 3279 3278
l 3288 3287
l 3280 3288
l 3274 3275
l 3281 3280
l 3293 3292
o Mesh66_RAX_Gunshi1_skp3EC1_Model
v 5.159390 1.612971 -5.941199
v 5.134940 1.834491 -5.785540
v 5.067150 1.712291 -6.111519
v 5.033920 1.943271 -5.972070
v 5.143070 2.340401 -5.797850
v 5.264330 2.527941 -5.758510
v 5.367080 2.417301 -5.568779
v 5.242930 2.232871 -5.613460
v 5.387740 2.407361 -5.585770
v 5.284990 2.518001 -5.775499
v 5.165850 2.335061 -5.813300
v 5.059200 1.947411 -5.983339
v 5.092800 1.721321 -6.120150
v 5.185040 1.622001 -5.949830
v 5.160210 1.838641 -5.796810
v 5.265710 2.227531 -5.628910
l 3307 3306
l 3305 3304
l 3306 3305
l 3309 3308
l 3297 3296
l 3298 3297
l 3304 3303
l 3300 3299
l 3299 3303
l 3302 3309
l 3296 3294
l 3303 3302
l 3294 3307
l 3296 3306
l 3299 3298
l 3302 3300
l 3308 3307
l 3294 3295
l 3295 3301
l 3301 3300
o Mesh110_RAX_Gunshi1_skp3EC1_Model
v 7.025280 1.593061 -6.673359
v 6.740750 1.899431 -7.198730
v 7.139360 1.779761 -6.643899
v 7.016480 1.542421 -6.003880
v 6.717730 1.766871 -5.446030
v 6.844450 1.946431 -5.467010
v 6.243130 2.180671 -5.212870
v 5.773970 2.625761 -5.393459
v 6.389360 2.343221 -5.243430
v 5.489440 2.932131 -5.918829
v 5.939480 2.770011 -5.416609
v 5.498240 2.982761 -6.588309
v 5.666650 3.063801 -5.920390
v 5.796990 2.758311 -7.146170
v 5.675080 3.112351 -6.562349
v 6.271590 2.344521 -7.379320
v 5.961550 2.897131 -7.097280
v 6.416650 2.500341 -7.320849
v 6.866530 2.073541 -7.147679
v 7.130930 1.731211 -6.001939
l 3314 3313
l 3319 3321
l 3319 3322
l 3325 3311
l 3310 3313
l 3313 3329
l 3314 3316
l 3312 3310
l 3311 3328
l 3315 3314
l 3316 3318
l 3323 3325
l 3323 3326
l 3325 3327
l 3310 3311
l 3321 3323
l 3321 3324
l 3316 3317
l 3317 3319
l 3317 3320
o Mesh40_RAX_Gunshi1_skp3EC1_Model
v 1.553620 4.621531 -1.711509
v 1.529680 4.667991 -1.643919
v 1.355040 4.621531 -1.711509
v 1.338020 4.667991 -1.643919
v 1.525060 4.667991 -1.556639
v 1.334770 4.667991 -1.556639
v 1.541920 4.621531 -1.489059
v 1.347210 4.621531 -1.489059
v 1.866450 3.836880 -1.489059
v 2.578700 1.851240 -1.489060
v 2.260550 1.851240 -1.489060
v 2.594220 1.804780 -1.556640
v 2.278950 1.804780 -1.556640
v 2.594830 1.804780 -1.643920
v 2.279680 1.804780 -1.643920
v 2.580240 1.851240 -1.711510
v 2.262430 1.851240 -1.711510
v 1.865870 3.853220 -1.711509
v 2.196400 2.023360 -1.711510
v 2.197030 2.016850 -1.489060
v 2.210860 2.337260 -1.489060
v 1.582700 3.839020 -1.489059
v 2.210260 2.345600 -1.711510
v 1.582140 3.854760 -1.711509
l 3344 3346
l 3350 3349
l 3333 3335
l 3349 3340
l 3341 3342
l 3333 3332
l 3345 3346
l 3346 3348
l 3339 3340
l 3339 3341
l 3351 3350
l 3353 3332
l 3335 3337
l 3331 3333
l 3331 3334
l 3334 3336
l 3352 3353
l 3332 3330
l 3338 3339
l 3334 3335
l 3336 3338
l 3343 3344
l 3343 3345
l 3345 3347
l 3337 3351
l 3348 3352
l 3330 3331
l 3341 3343
l 3342 3344
l 3336 3337
l 3347 3330
l 3340 3342
o Mesh50_RAX_Gunshi1_skp3EC1_Model
v -7.817600 5.979671 -6.731029
v -8.040130 5.950881 -6.886319
v -7.716440 5.940021 -6.480719
v -7.775270 5.847081 -6.230999
v -7.971640 5.736341 -6.077249
v -8.230530 5.650111 -6.078199
v -8.453060 5.621321 -6.233489
v -8.554220 5.660971 -6.483799
v -8.495390 5.753911 -6.733519
v -8.299020 5.864651 -6.887269
v -8.053650 6.001451 -6.881879
v -7.825960 6.030911 -6.722989
v -8.318550 5.913211 -6.882859
v -8.519470 5.799911 -6.725539
v -8.579680 5.704801 -6.470019
v -8.476160 5.664231 -6.213899
v -8.248470 5.693691 -6.055009
v -7.983570 5.781921 -6.054039
v -7.782650 5.895231 -6.211359
v -7.722440 5.990341 -6.466869
l 3362 3361
l 3367 3366
l 3354 3365
l 3355 3363
l 3364 3355
l 3364 3365
l 3372 3357
l 3369 3368
l 3372 3371
l 3365 3373
l 3357 3356
l 3370 3369
l 3358 3357
l 3373 3356
l 3366 3363
l 3360 3359
l 3371 3370
l 3370 3359
l 3356 3354
l 3363 3362
l 3368 3361
l 3359 3358
l 3368 3367
l 3354 3355
l 3371 3358
l 3361 3360
l 3366 3364
l 3373 3372
l 3369 3360
l 3367 3362
o Mesh122_RAX_Gunshi1_skp3EC1_Model
v -0.401282 5.204959 6.826761
v -0.370736 5.360269 6.353381
l 3374 3375
o Mesh89_RAX_Gunshi1_skp3EC1_Model
v -2.653840 1.505411 -4.519209
v -1.510710 3.867261 -7.834819
v -2.720120 0.958164 -3.721080
l 3376 3377
l 3378 3376
o Mesh51_RAX_Gunshi1_skp3EC1_Model
v 2.425490 7.796989 1.779071
v 2.483280 7.625340 1.760541
v 2.387950 7.667419 2.748401
v 2.438380 7.517600 2.732221
l 3379 3380
l 3382 3381
l 3380 3382
l 3381 3379
o Mesh34_RAX_Gunshi1_skp3EC1_Model
v 1.487510 6.179050 -0.698314
v 4.692200 3.316141 -4.046309
v 4.811010 3.438541 -4.034160
v 3.987810 4.457831 -6.253019
v 1.974860 6.977470 -0.987326
v 0.875598 8.338571 -3.950289
v 0.050021 7.958951 -4.572948
v 3.869000 4.335431 -6.265170
vt 0.877407 0.459256
vt 0.857398 0.626203
vt 0.833848 0.625135
vt 0.752854 0.625135
vt 0.833848 0.634444
vt 0.841958 0.453702
vt 0.729238 0.453702
vt 0.685805 0.459256
vt 0.748406 0.626203
vt 0.752854 0.634444
vt 0.685805 0.423820
vt 0.858305 0.423820
usemtl default1
s 1
f 3383/3687 3384/3688 3385/3689
f 3386/3690 3385/3689 3384/3691
f 3386/3690 3387/3692 3385/3689
f 3386/3690 3388/3693 3387/3692
f 3388/3693 3386/3690 3389/3694
f 3389/3694 3386/3690 3390/3695
f 3390/3696 3386/3690 3384/3691
f 3389/3697 3383/3698 3388/3693
f 3388/3693 3383/3698 3387/3692
f 3387/3692 3383/3687 3385/3689
o Mesh108_RAX_Gunshi1_skp3EC1_Model
v 6.734130 1.274851 -6.701250
v 6.556930 1.143181 -6.699690
v 6.449610 1.581221 -7.226620
v 6.284100 1.436961 -7.203470
v 5.980440 2.026311 -7.407219
v 5.834220 1.863761 -7.376649
v 5.505850 2.440111 -7.174059
v 5.379120 2.260551 -7.153069
v 5.207090 2.664551 -6.616199
v 5.092650 2.475771 -6.618140
v 5.198300 2.613921 -5.946730
v 5.084220 2.427221 -5.976180
v 5.482820 2.307551 -5.421350
v 5.357050 2.133441 -5.472400
v 5.951990 1.862461 -5.240749
v 5.806930 1.706641 -5.299230
v 6.426590 1.448661 -5.473910
v 6.262020 1.309851 -5.522800
v 6.725340 1.224211 -6.031770
v 6.548500 1.094631 -6.057730
l 3404 3403
l 3407 3405
l 3395 3393
l 3402 3401
l 3406 3405
l 3394 3393
l 3409 3407
l 3401 3399
l 3408 3407
l 3397 3395
l 3393 3391
l 3400 3399
l 3396 3395
l 3399 3397
l 3391 3409
l 3391 3392
l 3405 3403
l 3398 3397
l 3403 3401
l 3410 3409
o Mesh92_RAX_Gunshi1_skp3EC1_Model
v -5.806790 5.058701 -4.611369
v -1.450860 5.934630 -1.459599
v -5.868420 5.211461 -4.565399
v -1.623270 6.892601 -1.564899
v 0.178771 7.732481 -5.248959
v -4.935190 6.241031 -6.735429
v -4.873560 6.088261 -6.781399
v -0.377076 8.267431 -4.462648
l 3416 3415
l 3416 3413
l 3411 3412
l 3412 3415
l 3417 3416
l 3415 3417
l 3414 3418
l 3417 3411
l 3413 3411
l 3418 3415
l 3416 3418
l 3414 3413
l 3412 3414
o Mesh56_RAX_Gunshi1_skp3EC1_Model
v -8.855600 4.849731 -7.107179
v -8.895590 4.786551 -6.937429
v -8.881680 5.063331 -7.035689
v -8.776820 5.456711 -6.850219
v -8.619090 5.648621 -6.740249
v -8.653610 5.594081 -6.593719
v -8.811890 5.401311 -6.701369
v -8.922420 4.998981 -6.862819
v -8.867950 4.787731 -6.930479
v -8.895090 4.995241 -6.857769
v -8.787230 5.388111 -6.700479
v -8.631300 5.576351 -6.595059
v -8.596780 5.630891 -6.741599
v -8.752160 5.443521 -6.849329
v -8.854360 5.059581 -7.030649
v -8.827960 4.850911 -7.100229
l 3431 3432
l 3429 3430
l 3431 3430
l 3423 3431
l 3434 3433
l 3422 3421
l 3419 3434
l 3423 3422
l 3429 3428
l 3425 3424
l 3430 3424
l 3427 3434
l 3421 3419
l 3428 3427
l 3424 3423
l 3433 3432
l 3419 3420
l 3420 3426
l 3420 3427
l 3426 3425
o Mesh41_RAX_Gunshi1_skp3EC1_Model
v -1.553620 4.621531 -1.711509
v -1.355050 4.621531 -1.711509
v -1.529690 4.667991 -1.643919
v -1.338030 4.667991 -1.643919
v -1.582150 3.854760 -1.711509
v -2.210260 2.345600 -1.711510
v -2.196410 2.023360 -1.711510
v -2.262430 1.851240 -1.711510
v -2.279680 1.804780 -1.643920
v -2.580240 1.851240 -1.711510
v -2.594830 1.804780 -1.643920
v -1.865880 3.853220 -1.711509
v -2.594230 1.804780 -1.556640
v -2.278950 1.804780 -1.556640
v -2.260560 1.851240 -1.489060
v -2.578710 1.851240 -1.489060
v -1.866450 3.836880 -1.489059
v -2.197030 2.016850 -1.489060
v -2.210870 2.337260 -1.489060
v -1.582700 3.839020 -1.489059
v -1.347210 4.621531 -1.489059
v -1.334780 4.667991 -1.556639
v -1.541930 4.621531 -1.489059
v -1.525060 4.667991 -1.556639
l 3442 3443
l 3435 3446
l 3448 3447
l 3449 3452
l 3454 3455
l 3456 3458
l 3456 3438
l 3449 3450
l 3452 3453
l 3455 3457
l 3438 3437
l 3450 3451
l 3444 3445
l 3446 3444
l 3455 3456
l 3458 3437
l 3440 3441
l 3443 3445
l 3436 3438
l 3436 3439
l 3457 3458
l 3451 3457
l 3437 3435
l 3447 3450
l 3439 3440
l 3448 3449
l 3435 3436
l 3441 3442
l 3442 3444
l 3445 3447
l 3443 3448
l 3453 3454
o Mesh77_RAX_Gunshi1_skp3EC1_Model
v 0.836878 1.821249 7.541350
v 0.995970 1.880969 7.756300
v 1.147300 1.718169 7.309411
v 1.353370 1.407079 7.162650
v 1.376360 1.006799 7.157110
v 1.579900 0.999405 7.340400
v 1.700680 1.019499 7.585530
v 1.677680 1.419779 7.591070
v 1.613780 1.599469 7.663480
v 1.471620 1.730869 7.737831
v 1.320080 1.802449 7.857740
v 1.161190 1.833959 7.969770
v 1.003310 1.786919 8.091570
v 0.864980 1.689649 8.198280
v 0.696123 1.353079 8.336080
v 0.719120 0.952801 8.330550
v 0.925184 0.641706 8.183780
v 1.235610 0.538624 7.951840
v 1.531820 0.682928 7.723330
v 1.397140 0.635103 7.489560
v 1.207510 0.670225 7.294910
v 0.911294 0.525920 7.523420
v 1.076520 0.478909 7.736900
v 0.600870 0.629003 7.755360
v 0.740516 0.590485 7.987940
v 0.517473 0.927211 8.146800
v 0.492583 1.360469 8.152790
v 0.675352 1.724769 8.003640
v 0.853413 1.841399 7.866271
l 3468 3467
l 3465 3464
l 3465 3477
l 3462 3461
l 3473 3472
l 3476 3481
l 3483 3482
l 3484 3483
l 3476 3475
l 3463 3462
l 3470 3469
l 3479 3463
l 3460 3487
l 3464 3463
l 3471 3470
l 3481 3480
l 3486 3485
l 3472 3471
l 3477 3478
l 3487 3486
l 3478 3479
l 3482 3480
l 3461 3459
l 3466 3465
l 3469 3468
l 3474 3473
l 3467 3466
l 3480 3479
l 3474 3484
l 3485 3484
l 3459 3460
l 3475 3474
l 3477 3476
l 3473 3485
l 3475 3483
o Mesh32_RAX_Gunshi1_skp3EC1_Model
v 0.937271 0.487970 1.433660
v 0.937271 0.741930 2.693450
v 0.937271 0.611120 3.294540
v 0.937271 0.754750 2.074440
v -0.937274 0.754750 2.074440
v -0.937274 0.487969 1.433660
v -0.937274 0.741930 2.693450
v -0.937274 0.611120 3.294540
vt -1.433660 0.487970
vt -2.693450 0.741930
vt -3.294540 0.611121
vt -2.074440 0.754750
vt 0.920135 0.369284
vt 0.837174 0.331709
vt 0.920135 0.331709
vt 0.837174 0.369284
vt 1.433660 0.487969
vt 2.693450 0.741930
vt 2.074440 0.754750
vt 3.294540 0.611121
vt 0.920135 0.260161
vt 0.837174 0.295410
vt 0.837174 0.260161
vt 0.920135 0.295410
usemtl default1
s 1
f 3488/3699 3489/3700 3490/3701
f 3488/3699 3491/3702 3489/3700
f 3488/3703 3492/3704 3491/3705
f 3488/3703 3493/3706 3492/3704
f 3493/3707 3494/3708 3492/3709
f 3493/3707 3495/3710 3494/3708
f 3490/3711 3494/3712 3495/3713
f 3489/3714 3494/3712 3490/3711
f 3489/3714 3492/3704 3494/3712
f 3491/3705 3492/3704 3489/3714
o Mesh90_RAX_Gunshi1_skp3EC1_Model
v 4.692200 3.316141 -4.046309
v 4.811010 3.438541 -4.034160
v 1.487510 6.179050 -0.698314
v 1.974860 6.977470 -0.987326
v 3.987810 4.457831 -6.253019
v 0.050021 7.958951 -4.572948
v 3.869000 4.335431 -6.265170
v 0.875598 8.338571 -3.950289
l 3501 3500
l 3501 3498
l 3496 3497
l 3497 3500
l 3502 3501
l 3500 3502
l 3503 3499
l 3496 3502
l 3498 3496
l 3503 3500
l 3501 3503
l 3499 3498
l 3497 3499
o Mesh9_RAX_Gunshi1_skp3EC1_Model
v -7.705750 3.748291 -6.526130
v -7.854260 3.805451 -6.305719
v -8.048660 3.780301 -6.441380
v -7.850230 3.831061 -6.316249
v -7.704840 3.776071 -6.532589
v -7.882360 3.753101 -6.656459
v -7.883260 3.725321 -6.650010
v -8.044630 3.805911 -6.451910
v -8.280840 4.030771 -6.152699
v -8.088670 4.055631 -6.018589
v -8.079050 4.075361 -6.036039
v -8.271220 4.050501 -6.170139
v -8.373460 4.216001 -6.060319
v -8.175720 4.241581 -5.922329
v -8.361370 4.232011 -6.080609
v -8.163630 4.257591 -5.942619
vt 0.014407 0.595395
vt 0.064245 0.595396
vt 0.063008 0.578617
vt 0.059926 0.595396
vt 1.332120 4.735740
vt 1.071520 4.791000
vt 1.326200 4.707830
vt 0.010961 0.595395
vt 0.009831 0.578616
vt 0.013277 0.578617
vt -0.571847 4.939530
vt -0.305695 4.994910
vt -0.316529 5.020710
vt 0.058689 0.578617
vt 0.118252 0.578611
vt 0.119475 0.595397
vt 0.113821 0.595398
vt 0.112598 0.578610
vt -0.553663 4.896700
vt -0.547971 4.868740
vt -0.292632 4.949850
vt 0.129481 0.578607
vt 0.130739 0.595399
vt 0.123364 0.578606
vt 0.124622 0.595399
usemtl default1
s 1
f 3504/3715 3505/3716 3506/3717
f 3504/3715 3507/3718 3505/3716
f 3508/3719 3507/3720 3504/3721
f 3508/3722 3509/3723 3507/3718
f 3508/3722 3510/3724 3509/3723
f 3508/3722 3504/3715 3510/3724
f 3504/3715 3506/3717 3510/3724
f 3510/3725 3506/3726 3511/3727
f 3511/3728 3506/3717 3512/3729
f 3505/3716 3512/3729 3506/3717
f 3505/3716 3513/3730 3512/3729
f 3507/3718 3513/3730 3505/3716
f 3507/3718 3514/3731 3513/3730
f 3507/3718 3515/3732 3514/3731
f 3507/3718 3511/3728 3515/3732
f 3507/3718 3509/3723 3511/3728
f 3509/3733 3510/3734 3511/3735
f 3511/3728 3512/3729 3515/3732
f 3515/3732 3512/3729 3516/3736
f 3516/3736 3512/3729 3513/3730
f 3517/3737 3516/3736 3513/3730
f 3517/3737 3518/3738 3516/3736
f 3519/3739 3518/3738 3517/3737
f 3519/3739 3515/3732 3518/3738
f 3519/3739 3514/3731 3515/3732
f 3514/3731 3519/3739 3517/3737
f 3514/3731 3517/3737 3513/3730
f 3515/3732 3516/3736 3518/3738
o Mesh36_RAX_Gunshi1_skp3EC1_Model
v -1.450860 5.934630 -1.459599
v -5.868420 5.211461 -4.565399
v -5.806790 5.058701 -4.611369
v -1.623270 6.892601 -1.564899
v -4.935190 6.241031 -6.735429
v -0.377076 8.267431 -4.462648
v 0.178771 7.732481 -5.248959
v -4.873560 6.088261 -6.781399
vt 0.877407 0.459256
vt 0.833848 0.625135
vt 0.857398 0.626203
vt 0.841958 0.453702
vt 0.752854 0.625135
vt 0.729238 0.453702
vt 0.685805 0.459256
vt 0.748406 0.626203
vt 0.752854 0.634444
vt 0.833848 0.634444
vt 0.685805 0.423820
vt 0.858305 0.423820
usemtl default1
s 1
f 3520/3740 3521/3741 3522/3742
f 3523/3743 3521/3741 3520/3740
f 3523/3743 3524/3744 3521/3741
f 3525/3745 3524/3744 3523/3743
f 3526/3746 3524/3744 3525/3745
f 3526/3746 3527/3747 3524/3744
f 3527/3748 3522/3749 3524/3744
f 3524/3744 3522/3749 3521/3741
f 3526/3750 3525/3745 3520/3751
f 3525/3745 3523/3743 3520/3751
o Mesh78_RAX_Gunshi1_skp3EC1_Model
v 1.041060 1.738509 8.080880
v 0.900824 1.647969 8.189070
v 1.172320 1.780239 7.979620
v 1.316400 1.750279 7.869881
v 1.456850 1.685749 7.767040
v 1.595250 1.536339 7.687760
v 1.645720 1.400609 7.632510
v 1.666800 1.033729 7.627440
v 1.512030 0.725237 7.753750
v 1.240530 0.592972 7.963200
v 0.956005 0.687454 8.175780
v 0.767132 0.972595 8.310300
v 0.746054 1.339479 8.315380
l 3533 3532
l 3538 3537
l 3528 3529
l 3532 3531
l 3534 3533
l 3535 3534
l 3539 3538
l 3530 3528
l 3531 3530
l 3536 3535
l 3537 3536
l 3540 3539
l 3529 3540
o Mesh24_RAX_Gunshi1_skp3EC1_Model
v 6.582250 2.363691 -7.292699
v 6.733260 2.220431 -7.234580
v 6.446350 2.191011 -7.348780
v 6.927740 2.532451 -6.980010
v 6.909840 2.520951 -6.961830
v 6.981700 2.676231 -6.755919
v 6.780180 2.672441 -7.036809
v 6.830420 2.819761 -6.814149
v 6.762280 2.660941 -7.018630
v 6.568970 2.359571 -7.268360
v 6.435910 2.190771 -7.322229
v 6.591170 2.053621 -7.293039
v 6.580730 2.053381 -7.266479
v 6.719980 2.216311 -7.210229
v 6.810730 2.804771 -6.799940
v 6.962020 2.661251 -6.741700
vt 0.038852 0.578071
vt 0.035551 0.595653
vt 0.024846 0.578057
vt 0.094670 0.595646
vt 0.098649 0.595647
vt 0.145476 0.595642
vt 0.097896 0.578108
vt 0.148784 0.578125
vt 0.101875 0.578108
vt 0.044257 0.578071
vt 0.030770 0.578057
vt 0.021680 0.595658
vt 0.027604 0.595658
vt 0.040956 0.595653
vt 0.151854 0.578124
vt 0.148546 0.595642
usemtl default1
s 1
f 3541/3752 3542/3753 3543/3754
f 3544/3755 3542/3753 3541/3752
f 3542/3753 3544/3755 3545/3756
f 3544/3755 3546/3757 3545/3756
f 3547/3758 3546/3757 3544/3755
f 3547/3758 3548/3759 3546/3757
f 3547/3758 3549/3760 3548/3759
f 3541/3752 3549/3760 3547/3758
f 3541/3752 3550/3761 3549/3760
f 3543/3754 3550/3761 3541/3752
f 3543/3754 3551/3762 3550/3761
f 3552/3763 3551/3762 3543/3754
f 3552/3763 3553/3764 3551/3762
f 3552/3763 3554/3765 3553/3764
f 3552/3763 3542/3753 3554/3765
f 3542/3753 3552/3763 3543/3754
f 3542/3753 3545/3756 3554/3765
f 3545/3756 3550/3761 3554/3765
f 3549/3760 3550/3761 3545/3756
f 3549/3760 3545/3756 3555/3766
f 3545/3756 3556/3767 3555/3766
f 3545/3756 3546/3757 3556/3767
f 3548/3759 3556/3767 3546/3757
f 3548/3759 3555/3766 3556/3767
f 3549/3760 3555/3766 3548/3759
f 3550/3761 3553/3764 3554/3765
f 3550/3761 3551/3762 3553/3764
f 3547/3758 3544/3755 3541/3752
