# Blender v2.79 (sub 0) OBJ File: 'Rock Formation.blend'
# www.blender.org
mtllib Rock FormationSingle1.mtl
o rock_formation_02.001_rock_formation_02.002
v 0.693777 0.000480 -3.059381
v 0.843439 0.000480 -3.017085
v 0.771708 0.000480 -3.048231
v -0.385289 0.000480 -2.972217
v -0.239632 0.000480 -3.025514
v -0.315940 0.000480 -3.008682
v -0.456710 0.850742 -2.807478
v -0.306029 0.856838 -2.859267
v -0.329744 0.738728 -2.931907
v -0.474644 0.734088 -2.878411
v -0.382731 0.858405 -2.836680
v -0.405258 0.803462 -2.894718
v -0.318531 0.803789 -2.907090
v -0.405786 0.737070 -2.914821
v -0.473928 0.798624 -2.853106
v 0.677759 0.764401 -2.924111
v 0.528537 0.760449 -2.965718
v 0.496966 0.867712 -2.884882
v 0.650210 0.872271 -2.838047
v 0.605834 0.763913 -2.954716
v 0.592046 0.826998 -2.931510
v 0.511986 0.822066 -2.938310
v 0.574129 0.874125 -2.863718
v 0.670164 0.825996 -2.890617
v -1.208398 0.000480 -2.268657
v -1.122278 0.000480 -2.396281
v -1.173914 0.000480 -2.338261
v -1.176360 0.820941 -2.187448
v -1.079593 0.828532 -2.317732
v -1.149741 0.710215 -2.348251
v -1.235201 0.706342 -2.220566
v -1.130753 0.829213 -2.254339
v -1.187942 0.775045 -2.281645
v -1.122890 0.775615 -2.343117
v -1.201080 0.708329 -2.290169
v -1.219447 0.770382 -2.207701
v -1.461336 0.000479 -1.216373
v -1.466672 0.000479 -1.369938
v -1.474353 0.000479 -1.292796
v -1.462268 0.687644 -1.242656
v -1.393567 0.808944 -1.236993
v -1.403477 0.809127 -1.396007
v -1.468466 0.689493 -1.396197
v -1.439702 0.753687 -1.235414
v -1.461556 0.756219 -1.319127
v -1.402429 0.813624 -1.316250
v -1.448848 0.755146 -1.399595
v -1.475753 0.688564 -1.319007
v -1.046643 0.000479 -0.217450
v -1.141871 0.000479 -0.339303
v -1.102427 0.000479 -0.271894
v -1.112391 0.801078 -0.492735
v -1.164402 0.684308 -0.439780
v -1.068467 0.685528 -0.318638
v -1.012312 0.802558 -0.368979
v -1.150826 0.749069 -0.461602
v -1.113774 0.751627 -0.389154
v -1.124559 0.685489 -0.372782
v -1.047067 0.750260 -0.333920
v -1.064948 0.806190 -0.428820
v -0.123179 0.000479 0.346032
v -0.272526 0.000479 0.303069
v -0.200505 0.000479 0.334667
v -0.155147 0.820594 0.116953
v -0.322947 0.810415 0.085409
v -0.353720 0.696979 0.156019
v -0.204629 0.701098 0.197904
v -0.240002 0.820080 0.104487
v -0.275073 0.765452 0.162955
v -0.345231 0.760551 0.130915
v -0.281952 0.700483 0.186676
v -0.179659 0.766346 0.167307
v 0.956370 0.000479 0.259412
v 0.810599 0.000479 0.312149
v 0.887300 0.000479 0.295469
v 0.797212 0.848084 0.005577
v 0.640617 0.835675 0.080932
v 0.654215 0.722870 0.163260
v 0.799141 0.728072 0.109921
v 0.720139 0.846668 0.046746
v 0.722972 0.791595 0.117003
v 0.647648 0.785838 0.132848
v 0.729969 0.727643 0.145787
v 0.803313 0.793080 0.064555
v 1.780209 0.000479 -0.444632
v 1.693736 0.000479 -0.316814
v 1.745634 0.000479 -0.375015
v 1.502124 0.878848 -0.644984
v 1.418648 0.865585 -0.487730
v 1.473746 0.751838 -0.420917
v 1.559444 0.755861 -0.548926
v 1.464014 0.877364 -0.563910
v 1.503453 0.820372 -0.504553
v 1.451859 0.814684 -0.446797
v 1.524537 0.756409 -0.479508
v 1.537944 0.821519 -0.594830
v 2.032964 0.000479 -1.497593
v 2.038499 0.000479 -1.343414
v 2.046125 0.000479 -1.420751
v 1.709560 0.892858 -1.383553
v 1.791899 0.772649 -1.372607
v 1.785637 0.773944 -1.526655
v 1.697411 0.898116 -1.543162
v 1.758133 0.837148 -1.375882
v 1.768809 0.840852 -1.455135
v 1.798460 0.775864 -1.449999
v 1.748539 0.839899 -1.537498
v 1.708521 0.900527 -1.463542
v 1.617652 0.000480 -2.496502
v 1.713473 -0.009773 -2.374738
v 1.673952 0.000480 -2.441852
v 1.301382 0.890274 -2.412479
v 1.407088 0.888175 -2.290378
v 1.487908 0.777407 -2.328472
v 1.391730 0.775647 -2.449578
v 1.356766 0.893913 -2.353523
v 1.417883 0.842100 -2.385330
v 1.456675 0.839343 -2.312806
v 1.447574 0.778716 -2.395221
v 1.352249 0.839065 -2.439788
v 1.305074 1.092601 -0.681986
v 1.332370 0.976568 -0.632398
v 1.427434 0.971064 -0.769215
v 1.387356 1.095981 -0.812783
v 1.308512 1.028278 -0.669272
v 1.360262 1.027747 -0.733202
v 1.383449 0.978669 -0.698576
v 1.394101 1.028888 -0.794709
v 1.354397 1.093213 -0.742270
v 0.789332 1.077672 -0.234369
v 0.647614 1.074652 -0.174019
v 0.644140 0.961264 -0.121015
v 0.798972 0.955896 -0.178476
v 0.722391 1.074536 -0.195091
v 0.721837 1.010344 -0.187081
v 0.644405 1.011395 -0.164454
v 0.723045 0.963345 -0.146266
v 0.784310 1.011693 -0.218029
v 1.584714 0.980795 -1.555675
v 1.530114 1.109329 -1.553599
v 1.547423 1.107514 -1.404366
v 1.599598 0.984745 -1.399207
v 1.546711 1.041194 -1.548871
v 1.562905 1.040960 -1.481479
v 1.550974 1.107453 -1.480412
v 1.559969 1.041199 -1.405571
v 1.598359 0.988900 -1.478217
v 1.139969 0.990135 -2.320881
v 1.091084 1.108509 -2.274159
v 1.202427 1.109637 -2.165266
v 1.251635 0.996921 -2.204123
v 1.109615 1.043388 -2.285673
v 1.162485 1.043842 -2.240344
v 1.153743 1.108680 -2.226853
v 1.213361 1.046188 -2.177331
v 1.198093 0.998209 -2.265019
v 0.601877 0.988405 -2.605429
v 0.446302 0.987052 -2.647373
v 0.386190 1.094342 -2.581919
v 0.479065 1.260712 -2.589918
v 0.599974 1.096043 -2.540342
v 0.524407 0.990058 -2.627668
v 0.507138 1.051669 -2.579920
v 0.415237 1.032451 -2.599360
v 0.432595 1.177619 -2.583985
v 0.541365 1.177433 -2.573395
v 0.593138 1.034236 -2.557267
v -0.230173 0.971273 -2.685714
v -0.380249 0.971280 -2.637011
v -0.376424 1.086779 -2.573742
v -0.228222 1.090988 -2.618785
v -0.306587 0.976998 -2.665603
v -0.296700 1.023724 -2.626736
v -0.368208 1.023015 -2.592818
v -0.305878 1.088185 -2.608037
v -0.230015 1.025407 -2.639945
v -0.893692 0.951968 -2.234335
v -0.982973 0.952120 -2.100420
v -0.936025 1.065918 -2.062044
v -0.845865 1.069580 -2.190329
v -0.940810 0.956093 -2.169035
v -0.905079 1.001950 -2.146966
v -0.944189 1.002358 -2.076270
v -0.898935 1.067077 -2.131825
v -0.861134 1.004521 -2.201679
v -1.209354 0.934963 -1.226277
v -1.154397 1.056058 -1.218752
v -1.161916 1.058046 -1.369783
v -1.215560 0.938736 -1.383598
v -1.167832 0.990525 -1.228832
v -1.180061 0.990602 -1.300322
v -1.170049 1.055481 -1.293701
v -1.174724 0.992699 -1.372142
v -1.217182 0.942396 -1.304592
v -0.943503 0.937136 -0.618582
v -0.838960 0.936224 -0.498122
v -0.798993 1.051837 -0.526876
v -0.901438 1.051524 -0.642476
v -0.893617 0.940884 -0.556243
v -0.862453 0.986629 -0.578448
v -0.809867 0.988299 -0.527482
v -0.857369 1.049488 -0.578329
v -0.906628 0.988232 -0.637659
v -0.191595 0.950865 -0.106456
v -0.033729 0.945712 -0.063188
v -0.009002 1.065354 -0.110181
v -0.159028 1.063058 -0.144330
v -0.113476 0.953172 -0.081154
v -0.091670 0.999282 -0.114536
v -0.022811 1.000414 -0.103077
v -0.086168 1.062044 -0.117623
v -0.166042 1.000434 -0.140615
v 0.560258 2.023722 -2.490048
v 0.555457 2.140416 -2.450314
v 0.708112 2.146555 -2.418924
v 0.715726 2.033271 -2.456856
v 0.559950 2.077093 -2.452397
v 0.629454 2.078910 -2.442662
v 0.633813 2.140404 -2.443764
v 0.702749 2.084601 -2.420703
v 0.638402 2.032672 -2.476811
v -0.025031 2.016268 -2.428630
v -0.023905 2.127779 -2.388145
v 0.136623 2.126464 -2.408621
v 0.136960 2.015058 -2.448327
v -0.022026 2.066199 -2.389210
v 0.055326 2.062586 -2.394340
v 0.056223 2.126786 -2.399422
v 0.139062 2.065063 -2.409279
v 0.056020 2.014992 -2.437976
v 0.257132 2.813698 -2.593324
v 0.163063 2.713322 -2.635278
v 0.008549 2.715157 -2.596488
v 0.064873 2.810996 -2.565843
v 0.209456 2.771207 -2.634953
v 0.105999 2.774163 -2.629606
v 0.084275 2.712332 -2.621872
v 0.028012 2.772295 -2.599759
v 0.160798 2.814842 -2.580722
v 0.593426 2.808837 -2.605938
v 0.784426 2.802418 -2.582235
v 0.820983 2.708334 -2.614468
v 0.672567 2.705143 -2.657027
v 0.689213 2.808634 -2.595423
v 0.741236 2.765773 -2.650656
v 0.814651 2.764383 -2.616337
v 0.749535 2.703475 -2.645078
v 0.632379 2.764856 -2.651590
v -0.893212 2.050827 -1.797532
v -0.822431 2.165307 -1.776243
v -0.773135 2.158152 -1.921768
v -0.833425 2.048547 -1.949999
v -0.843935 2.100776 -1.786029
v -0.825977 2.095474 -1.853862
v -0.807793 2.161518 -1.852384
v -0.790779 2.095587 -1.926433
v -0.865225 2.052989 -1.874573
v -0.735853 2.872317 -1.854451
v -0.683351 2.863502 -2.004209
v -0.756243 2.752797 -2.013076
v -0.807227 2.760940 -1.868419
v -0.712247 2.872568 -1.930586
v -0.775061 2.822675 -1.947815
v -0.731491 2.815225 -2.018478
v -0.791768 2.756639 -1.944268
v -0.785619 2.824211 -1.862017
v -0.459699 2.833142 -2.283358
v -0.329458 2.828172 -2.381396
v -0.393733 2.720637 -2.420042
v -0.516297 2.727437 -2.321482
v -0.395262 2.832906 -2.333421
v -0.444548 2.787227 -2.374135
v -0.368565 2.782348 -2.415642
v -0.459826 2.723457 -2.376696
v -0.500199 2.788856 -2.312798
v -0.561939 2.032480 -2.292392
v -0.533579 2.156394 -2.239061
v -0.404969 2.151362 -2.315647
v -0.422838 2.035071 -2.368845
v -0.537245 2.089583 -2.257789
v -0.483064 2.088334 -2.298573
v -0.475738 2.152766 -2.288122
v -0.412024 2.087075 -2.326774
v -0.495104 2.040331 -2.335291
v -0.825027 2.201737 -1.373167
v -0.898382 2.095953 -1.352084
v -0.869055 2.112129 -1.194535
v -0.795103 2.218293 -1.218599
v -0.847079 2.140551 -1.361655
v -0.835795 2.146156 -1.284902
v -0.884805 2.106040 -1.273354
v -0.818408 2.156464 -1.210845
v -0.816415 2.210223 -1.294681
v -0.804548 2.933273 -1.292202
v -0.804134 2.937656 -1.443384
v -0.737071 2.875256 -1.779046
v -0.813627 2.777747 -1.436985
v -0.787873 2.788111 -1.280509
v -0.815989 2.933022 -1.367910
v -0.802506 2.858188 -1.404449
v -0.752913 2.899102 -1.606041
v -0.789546 2.834086 -1.608599
v -0.806606 2.783106 -1.357797
v -0.792365 2.860966 -1.287761
v -0.630993 2.269219 -0.809305
v -0.687088 2.158615 -0.761033
v -0.589711 2.167567 -0.636389
v -0.535513 2.277753 -0.686952
v -0.645766 2.206722 -0.789517
v -0.605152 2.211290 -0.727927
v -0.641078 2.168224 -0.697061
v -0.554384 2.214974 -0.672941
v -0.590433 2.273710 -0.742543
v -0.625759 2.829857 -0.834985
v -0.537189 2.841941 -0.706958
v -0.565503 2.983644 -0.695456
v -0.654641 2.971905 -0.824176
v -0.588591 2.836097 -0.766070
v -0.597144 2.908459 -0.763925
v -0.547072 2.913853 -0.706359
v -0.615811 2.974985 -0.755536
v -0.633716 2.902136 -0.832039
v 0.010492 2.162437 -0.257540
v 0.021867 2.271286 -0.328908
v -0.124307 2.274803 -0.378590
v -0.141593 2.164373 -0.306611
v 0.016106 2.208935 -0.307738
v -0.056268 2.209382 -0.324740
v -0.054476 2.272976 -0.344176
v -0.124150 2.211893 -0.354648
v -0.066275 2.167829 -0.279622
v -0.156504 2.872132 -0.389891
v -0.014174 2.876219 -0.336733
v 0.701820 2.983762 -0.396714
v -0.040982 3.028503 -0.331962
v -0.183120 3.014469 -0.371678
v -0.089300 2.874083 -0.352698
v -0.020665 2.952606 -0.350555
v 0.343724 2.936996 -0.352828
v 0.328422 2.999353 -0.381625
v -0.115124 3.017745 -0.339236
v -0.166282 2.944306 -0.385054
v 0.543340 2.250081 -0.318386
v 0.554462 2.139171 -0.246507
v 0.707919 2.138678 -0.295077
v 0.692522 2.247538 -0.362178
v 0.548833 2.186940 -0.296661
v 0.618136 2.183729 -0.311691
v 0.631810 2.142332 -0.268875
v 0.691312 2.185189 -0.341994
v 0.620797 2.248499 -0.330495
v 0.805893 2.866163 -0.375148
v 0.801432 2.979113 -0.446171
v 0.650859 2.984196 -0.397336
v 0.659002 2.870499 -0.327941
v 0.813127 2.929269 -0.398605
v 0.741664 2.935054 -0.357068
v 0.727391 2.986722 -0.418547
v 0.654834 2.934352 -0.348862
v 0.735715 2.867964 -0.341337
v 1.248651 2.127938 -0.671468
v 1.340630 2.121904 -0.797126
v 1.305894 2.242283 -0.839751
v 1.214253 2.251192 -0.716675
v 1.299424 2.131092 -0.731151
v 1.271516 2.181894 -0.756356
v 1.308593 2.177422 -0.822309
v 1.268901 2.245616 -0.771544
v 1.224231 2.184577 -0.704889
v 1.392656 2.910519 -0.974987
v 1.307558 2.919636 -0.836423
v 1.351277 2.830025 -0.775485
v 1.438441 2.821030 -0.902148
v 1.350793 2.917698 -0.905490
v 1.403260 2.885208 -0.852265
v 1.340233 2.886774 -0.792645
v 1.403718 2.824358 -0.832620
v 1.434096 2.876516 -0.934397
v 1.394863 2.104430 -0.977371
v 1.525603 2.054146 -1.349273
v 1.502462 2.064578 -1.507072
v 1.457065 2.185517 -1.513263
v 1.459940 2.192306 -1.359122
v 1.479405 2.074793 -1.239949
v 1.467827 2.115611 -1.389127
v 1.517685 2.063199 -1.428403
v 1.464168 2.120391 -1.504918
v 1.468694 2.187000 -1.436282
v 1.413153 2.143632 -1.171983
v 1.526646 2.878324 -1.462165
v 1.593826 2.781361 -1.462500
v 1.588651 2.771814 -1.616989
v 1.525988 2.866563 -1.623543
v 1.578242 2.840231 -1.458281
v 1.595258 2.836969 -1.546912
v 1.600850 2.774770 -1.539932
v 1.575731 2.828926 -1.627455
v 1.527239 2.875061 -1.543087
v 1.185814 2.185665 -2.143686
v 1.282967 2.190764 -2.026583
v 1.286198 2.050197 -2.041854
v 1.187091 2.049211 -2.160758
v 1.242714 2.185360 -2.091891
v 1.238287 2.119408 -2.090073
v 1.275242 2.120014 -2.031045
v 1.244724 2.054380 -2.108087
v 1.180323 2.116232 -2.141122
v 1.349770 2.835310 -2.123806
v 1.395526 2.738465 -2.164445
v 1.302303 2.730595 -2.286898
v 1.255782 2.825816 -2.254871
v 1.391213 2.796737 -2.151377
v 1.354891 2.794338 -2.232928
v 1.356643 2.732002 -2.231360
v 1.290340 2.787598 -2.287969
v 1.303484 2.833292 -2.190083
v 1.265775 2.948339 -1.088704
v 1.189154 3.042305 -1.134398
v 1.132600 3.048098 -0.990897
v 1.193567 2.957615 -0.938519
v 1.211818 2.984176 -1.112806
v 1.188653 2.983196 -1.045511
v 1.170127 3.045415 -1.059013
v 1.149987 2.991079 -0.973868
v 1.229940 2.953936 -1.013553
v 0.787250 3.090758 -0.542489
v 0.690231 3.174739 -0.442799
v 0.574379 3.081534 -0.416652
v 0.653316 2.979302 -0.389013
v 0.791140 2.975452 -0.464049
v 0.742037 3.132347 -0.489031
v 0.705955 3.042131 -0.460520
v 0.635504 3.126575 -0.422229
v 0.611359 3.024330 -0.422736
v 0.724859 2.984690 -0.422149
v 0.777025 3.027573 -0.512419
v 1.262800 2.944982 -1.597483
v 1.195035 3.042561 -1.587028
v 1.223493 3.044400 -1.433108
v 1.289970 2.948026 -1.438919
v 1.212942 2.983814 -1.584322
v 1.229475 2.983031 -1.512997
v 1.217326 3.042475 -1.511544
v 1.238711 2.985922 -1.437431
v 1.277459 2.949548 -1.518455
v 1.005357 2.928916 -2.040518
v 0.837151 3.023396 -2.072930
v 0.970090 3.101324 -2.002989
v 1.060908 3.031239 -1.877890
v 1.112145 2.933685 -1.920327
v 0.911574 2.966412 -2.040559
v 1.005503 2.977777 -1.962118
v 0.904215 3.062196 -2.038872
v 1.022166 3.065091 -1.946080
v 1.070138 2.972337 -1.890974
v 1.059410 2.933869 -1.981131
v 0.268005 2.909505 -2.358308
v 0.355650 3.012501 -2.307666
v 0.505036 3.015290 -2.277657
v 0.549023 2.917567 -2.321717
v 0.425530 2.891074 -2.420144
v 0.314816 2.951696 -2.315454
v 0.423910 2.943814 -2.320448
v 0.432603 3.012081 -2.303709
v 0.517359 2.956729 -2.283537
v 0.487569 2.907356 -2.372277
v 0.346692 2.901773 -2.389948
v -0.576128 3.000778 -1.970580
v -0.622375 2.890257 -1.982476
v -0.712293 2.885185 -1.846828
v -0.667990 2.993152 -1.842196
v -0.586953 2.939861 -1.961300
v -0.630378 2.937220 -1.904409
v -0.670495 2.893454 -1.916491
v -0.670719 2.932313 -1.838617
v -0.627615 2.994605 -1.910532
v -0.216291 2.887348 -2.277336
v -0.365525 2.893532 -2.199872
v -0.314664 2.997148 -2.175566
v -0.171742 2.997066 -2.239290
v -0.291638 2.893573 -2.240309
v -0.257525 2.934078 -2.211358
v -0.327958 2.937420 -2.172617
v -0.246574 2.994792 -2.214985
v -0.190869 2.935630 -2.239245
v 0.561579 3.491518 -2.353321
v 0.539524 3.307690 -2.328209
v 0.399036 3.386410 -2.383321
v 0.033563 3.477536 -2.312412
v 0.387359 3.541458 -2.368845
v 0.469771 3.810675 -2.410635
v 0.551151 3.399440 -2.341685
v 0.451029 3.477598 -2.382557
v 0.471724 3.345539 -2.364583
v 0.215984 3.443064 -2.366587
v 0.215674 3.498141 -2.323376
v 0.427533 3.675762 -2.394132
v 0.518491 3.650110 -2.393079
v -0.583553 3.494067 -1.971999
v -0.709102 3.521006 -1.595966
v -0.442452 3.613006 -2.001235
v -0.331198 3.602700 -2.101598
v -0.263437 3.502760 -2.202754
v -0.455569 3.493616 -2.137881
v -0.644218 3.503298 -1.782914
v -0.429433 3.535666 -2.038812
v -0.562847 3.560667 -1.791819
v -0.395113 3.606982 -2.060497
v -0.292239 3.541342 -2.135278
v -0.360325 3.502733 -2.171984
v -0.520859 3.497486 -2.055953
v -0.274205 4.374479 -2.120771
v -0.352633 4.277759 -2.162507
v -0.471103 4.286535 -2.064479
v -0.410912 4.381123 -2.024841
v -0.318719 4.335479 -2.157695
v -0.402762 4.345205 -2.116790
v -0.418315 4.281423 -2.121207
v -0.455360 4.344715 -2.054026
v -0.343259 4.381983 -2.074152
v 0.332653 4.281902 -2.417657
v 0.189712 4.223952 -2.376803
v -0.117433 4.358837 -2.183460
v 0.179939 4.384664 -2.361515
v 0.304999 4.544714 -2.432845
v 0.259969 4.252573 -2.402079
v 0.212779 4.324524 -2.383681
v 0.030650 4.300709 -2.296646
v 0.041204 4.361811 -2.257598
v 0.237907 4.463594 -2.408126
v 0.318911 4.413379 -2.423935
v -0.777030 3.528925 -1.457568
v -0.793455 3.537657 -1.300282
v -0.732610 3.652422 -1.308770
v -0.717300 3.643397 -1.459470
v -0.788720 3.538266 -1.379619
v -0.748448 3.582815 -1.379179
v -0.748138 3.588249 -1.307900
v -0.736350 3.646578 -1.385182
v -0.732738 3.579989 -1.451014
v -0.710796 4.390655 -1.557337
v -0.791538 4.294937 -1.548193
v -0.811669 4.301253 -1.402737
v -0.735447 4.397259 -1.398562
v -0.766768 4.352959 -1.562916
v -0.802795 4.358345 -1.483560
v -0.815357 4.296424 -1.477281
v -0.790356 4.360225 -1.396518
v -0.724028 4.396830 -1.478234
v -0.553657 3.682472 -0.824942
v -0.638026 3.673437 -0.951754
v -0.690193 3.561802 -0.898745
v -0.598074 3.574742 -0.768129
v -0.604942 3.677708 -0.882273
v -0.615260 3.613900 -0.865342
v -0.649560 3.610656 -0.928522
v -0.646552 3.572719 -0.832260
v -0.566474 3.620342 -0.807991
v -0.610750 4.339473 -0.855306
v -0.574867 4.424372 -0.932009
v -0.653765 4.416571 -1.127966
v -0.689451 4.330484 -0.991075
v -0.605376 4.394601 -0.882705
v -0.653335 4.394316 -0.949708
v -0.614873 4.422713 -1.029870
v -0.688018 4.384518 -1.055508
v -0.656715 4.334770 -0.919340
v -0.119715 3.604202 -0.462963
v -0.114718 3.710300 -0.533907
v -0.259670 3.702882 -0.591848
v -0.269477 3.595214 -0.520141
v -0.115174 3.648702 -0.513628
v -0.186666 3.643573 -0.536132
v -0.190456 3.706129 -0.554646
v -0.254407 3.641316 -0.568529
v -0.195547 3.603379 -0.489756
v -0.359222 4.355616 -0.600769
v -0.223157 4.364634 -0.547229
v -0.202674 4.452652 -0.629007
v -0.350653 4.443314 -0.693165
v -0.296339 4.359395 -0.560765
v -0.299794 4.419133 -0.580402
v -0.212915 4.421334 -0.571734
v -0.276982 4.450144 -0.660729
v -0.368527 4.411107 -0.634973
v 0.412374 3.605393 -0.454567
v 0.403319 3.718235 -0.533597
v 0.252864 3.721656 -0.503170
v 0.257420 3.609924 -0.424387
v 0.401182 3.655153 -0.504726
v 0.330780 3.657449 -0.482735
v 0.330171 3.720904 -0.508234
v 0.256794 3.658666 -0.475993
v 0.335786 3.613243 -0.435919
v 0.422551 4.226058 -0.595085
v 0.453496 4.476707 -0.596505
v 0.404456 4.683879 -0.567535
v 0.277416 4.554392 -0.619390
v 0.096660 4.473344 -0.648252
v 0.278076 4.399678 -0.571379
v 0.435655 4.351592 -0.602993
v 0.345302 4.474761 -0.591070
v 0.429098 4.580117 -0.580308
v 0.338645 4.618041 -0.584571
v 0.196343 4.501554 -0.650618
v 0.187269 4.449113 -0.595097
v 0.352477 4.313538 -0.575924
v 0.776192 3.578890 -0.656285
v 0.918319 3.556096 -0.752562
v 0.908238 3.669505 -0.817356
v 0.767649 3.910537 -0.719709
v 0.719054 3.691697 -0.711367
v 0.848678 3.570147 -0.703077
v 0.830578 3.643004 -0.755144
v 0.902372 3.606841 -0.795774
v 0.841618 3.788904 -0.759934
v 0.740983 3.801327 -0.722735
v 0.740619 3.627817 -0.694927
v -0.315034 4.415631 -1.954386
v -0.258950 4.509912 -1.919816
v -0.173178 4.486312 -2.050494
v -0.226031 4.390715 -2.085358
v -0.269495 4.451835 -1.929708
v -0.231642 4.439285 -1.993372
v -0.222659 4.496821 -1.989204
v -0.188801 4.428740 -2.052157
v -0.271126 4.406937 -2.021134
v -0.458073 4.457898 -1.531792
v -0.528167 4.453517 -1.377806
v -0.414563 4.475434 -1.252054
v -0.388217 4.562060 -1.374461
v -0.391719 4.552690 -1.526317
v -0.494105 4.458838 -1.455140
v -0.419141 4.492313 -1.429768
v -0.471771 4.465953 -1.314872
v -0.384183 4.506756 -1.319732
v -0.401034 4.555908 -1.450025
v -0.407879 4.495020 -1.521912
v -0.149674 4.481645 -0.792012
v -0.137117 4.568980 -0.866315
v -0.236816 4.569277 -0.982543
v -0.278420 4.475093 -0.910433
v -0.134545 4.512885 -0.845189
v -0.196407 4.510210 -0.899470
v -0.195088 4.567782 -0.917466
v -0.240384 4.511678 -0.953007
v -0.214750 4.481921 -0.850694
v -0.220745 3.476833 -2.308630
v -0.191681 3.387286 -2.362786
v -0.339389 3.382805 -2.313999
v -0.436470 3.482017 -2.185244
v -0.206562 3.442630 -2.356862
v -0.290202 3.445366 -2.337801
v -0.268232 3.382506 -2.346839
v -0.399411 3.439990 -2.265283
v -0.329430 3.483969 -2.248604
v -0.713660 3.457952 -1.961169
v -0.510059 3.478490 -2.133344
v -0.683984 3.367725 -2.064443
v -0.772974 3.365483 -1.939706
v -0.613157 3.471866 -2.048270
v -0.718001 3.426413 -2.033454
v -0.609127 3.430359 -2.115467
v -0.736594 3.363200 -2.007938
v -0.763606 3.421360 -1.956676
v -0.781414 3.462206 -1.732935
v -0.920977 3.372354 -1.467703
v -0.929847 3.374873 -1.310557
v -0.878291 3.487871 -1.306898
v -0.820801 3.503019 -1.461007
v -0.869982 3.427329 -1.606121
v -0.918401 3.444148 -1.424599
v -0.932694 3.372074 -1.389512
v -0.921311 3.437851 -1.305792
v -0.852979 3.500358 -1.384654
v -0.798998 3.478374 -1.595903
v -0.716343 3.492716 -0.646351
v -0.787884 3.494909 -0.797972
v -0.814910 3.387311 -0.740356
v -0.737189 3.390262 -0.609044
v -0.754667 3.498564 -0.720874
v -0.797304 3.449522 -0.672868
v -0.821531 3.446871 -0.765704
v -0.784644 3.384826 -0.669507
v -0.740072 3.448663 -0.611499
v -0.317759 3.506204 -0.323895
v -0.309270 3.402638 -0.263330
v -0.162534 3.405378 -0.214249
v -0.167759 3.509629 -0.267166
v -0.326590 3.461291 -0.277687
v -0.253848 3.465247 -0.230244
v -0.239142 3.400843 -0.228890
v -0.165247 3.465538 -0.221711
v -0.243658 3.512069 -0.293455
v 0.428645 3.537441 -0.326211
v 0.275710 3.530546 -0.269566
v 0.320192 3.427916 -0.236809
v 0.506051 3.423381 -0.302066
v 0.352976 3.538405 -0.295089
v 0.376792 3.488268 -0.243136
v 0.297980 3.485029 -0.231434
v 0.416637 3.422991 -0.259205
v 0.475565 3.487210 -0.301958
v 0.781691 3.536716 -0.570270
v 0.769092 3.426037 -0.481284
v 0.882774 3.431588 -0.601954
v 0.917939 3.558463 -0.757754
v 0.783940 3.489067 -0.513093
v 0.851909 3.495403 -0.572975
v 0.831476 3.428023 -0.536441
v 0.914016 3.500703 -0.671225
v 0.851420 3.550739 -0.662407
v 1.243833 3.967289 -1.098476
v 1.118109 3.623194 -0.997033
v 0.911132 3.557683 -0.746364
v 1.130758 3.457309 -0.985865
v 1.224080 3.524404 -1.115752
v 1.189030 3.794096 -1.042427
v 1.148113 3.580189 -1.022858
v 1.003581 3.584502 -0.882674
v 1.031765 3.513405 -0.859163
v 1.174924 3.490797 -1.052638
v 1.227283 3.746215 -1.110817
v -0.489783 5.178308 -1.399917
v -0.417273 5.267005 -1.401595
v -0.422028 5.267688 -1.562611
v -0.494281 5.179329 -1.553820
v -0.470823 5.234543 -1.394443
v -0.492346 5.238506 -1.479321
v -0.420129 5.269486 -1.482078
v -0.476238 5.235394 -1.563557
v -0.502139 5.177477 -1.476584
v -0.272402 5.177664 -2.135590
v -0.359253 5.178722 -2.008539
v -0.302671 5.266979 -1.968600
v -0.211383 5.265806 -2.101321
v -0.324074 5.176517 -2.077684
v -0.317029 5.237527 -2.074752
v -0.349303 5.234696 -1.993986
v -0.257414 5.268534 -2.035249
v -0.253544 5.233455 -2.133868
v -0.234613 5.171033 -0.831902
v -0.176429 5.260456 -0.875936
v -0.275322 5.262729 -1.003088
v -0.328814 5.173759 -0.953847
v -0.215625 5.227468 -0.838712
v -0.283358 5.232225 -0.894951
v -0.226248 5.263738 -0.939176
v -0.319745 5.230081 -0.972019
v -0.289759 5.171092 -0.886695
v 0.163867 5.162950 -0.564323
v 0.313358 5.158957 -0.520841
v 0.326988 5.249853 -0.592790
v 0.172174 5.252836 -0.637272
v 0.235704 5.159681 -0.532724
v 0.231033 5.221021 -0.544821
v 0.320934 5.215950 -0.539178
v 0.249479 5.253501 -0.614501
v 0.157409 5.219498 -0.584854
v 1.295279 5.141688 -0.878054
v 1.382043 5.140481 -1.004899
v 1.324327 5.232708 -1.049938
v 1.233730 5.233860 -0.916771
v 1.347069 5.139875 -0.935711
v 1.338453 5.201342 -0.941974
v 1.370659 5.197793 -1.022305
v 1.279540 5.235460 -0.983029
v 1.275767 5.199062 -0.883083
v 0.922633 5.147655 -0.590019
v 0.900035 5.239261 -0.659585
v 0.748617 5.241809 -0.604664
v 0.717244 5.151252 -0.532215
v 0.776584 4.959470 -0.560021
v 0.922514 5.204762 -0.610581
v 0.837611 5.187402 -0.555520
v 0.824561 5.242703 -0.631595
v 0.733691 5.208075 -0.550801
v 0.747036 5.055185 -0.544406
v 0.852909 5.052507 -0.566890
v 1.508759 5.139727 -1.435923
v 1.442231 4.637785 -1.453769
v 1.511216 5.140444 -1.613252
v 1.438803 5.232675 -1.614986
v 1.443112 5.232001 -1.453982
v 1.492182 4.992932 -1.450927
v 1.514503 5.155775 -1.526944
v 1.486747 4.887878 -1.533848
v 1.492321 5.197796 -1.620141
v 1.441566 5.234515 -1.534490
v 1.493409 5.197062 -1.439839
v 1.199780 5.239180 -2.139922
v 1.297442 5.236934 -2.011839
v 1.350395 5.145421 -2.060734
v 1.256606 5.147705 -2.182513
v 1.249100 5.240228 -2.076208
v 1.304880 5.206580 -2.121006
v 1.341492 5.202378 -2.042402
v 1.311516 5.145173 -2.127828
v 1.238851 5.204836 -2.176349
v 0.533181 5.391623 -1.245110
v 0.684876 5.388883 -1.299208
v 0.775788 5.387642 -1.432155
v 0.771257 5.388367 -1.593151
v 0.673015 5.390781 -1.720772
v 0.518518 5.393968 -1.766256
v 0.366805 5.396714 -1.712173
v 0.275873 5.397967 -1.579213
v 0.280410 5.397243 -1.418193
v 0.378677 5.394818 -1.290572
v 0.609264 5.392422 -1.271629
v 0.529543 5.434590 -1.504959
v 0.730843 5.390438 -1.365356
v 0.774132 5.390182 -1.512659
v 0.722625 5.391746 -1.657289
v 0.595971 5.394535 -1.744026
v 0.442532 5.397491 -1.739709
v 0.320952 5.399482 -1.645982
v 0.277663 5.399745 -1.498678
v 0.329171 5.398177 -1.354047
v 0.455826 5.395377 -1.267311
v 0.103913 5.170767 -2.432734
v 0.123520 5.260383 -2.359438
v 0.275546 5.257812 -2.412690
v 0.249036 5.167853 -2.484306
v 0.102780 5.227450 -2.410576
v 0.174901 5.229474 -2.455333
v 0.199403 5.261247 -2.386558
v 0.262064 5.224554 -2.466074
v 0.173021 5.168386 -2.468175
v 0.669542 5.159830 -2.496148
v 0.697613 5.249760 -2.424576
v 0.851848 5.246785 -2.378127
v 0.857298 5.156428 -2.455938
v 0.647907 4.813848 -2.472401
v 0.683351 5.216516 -2.477939
v 0.777296 5.186471 -2.480101
v 0.774935 5.250434 -2.401863
v 0.865227 5.213001 -2.432157
v 0.755404 4.984156 -2.475247
v 0.679654 5.059126 -2.488228
v -0.607130 1.927910 -2.460999
v -0.465379 1.918461 -2.542805
v -0.456740 1.801665 -2.609452
v -0.595237 1.803686 -2.543577
v -0.537937 1.928111 -2.505500
v -0.547235 1.868408 -2.571725
v -0.461860 1.866339 -2.589425
v -0.531860 1.801366 -2.588810
v -0.613101 1.871032 -2.513450
v 0.143159 1.939663 -2.565112
v 0.189976 1.826244 -2.627386
v 0.015488 1.819667 -2.620605
v -0.018290 1.933578 -2.558838
v 0.165684 1.889544 -2.611310
v 0.075294 1.887915 -2.611850
v 0.102732 1.822956 -2.623995
v -0.002284 1.883213 -2.604782
v 0.062435 1.936621 -2.561975
v -0.968294 1.956231 -2.042428
v -1.009420 1.844800 -2.095231
v -1.088114 1.851794 -1.953650
v -1.042900 1.962098 -1.899971
v -0.999949 1.908155 -2.079527
v -1.053900 1.915291 -2.010607
v -1.055220 1.847639 -2.027988
v -1.081547 1.914249 -1.931301
v -1.007692 1.963170 -1.972494
v -1.218285 1.948188 -1.128579
v -1.215739 1.950914 -1.291612
v -1.284884 1.842402 -1.278485
v -1.279691 1.842906 -1.124190
v -1.218919 1.953102 -1.210054
v -1.284317 1.906201 -1.199545
v -1.266189 1.904645 -1.289481
v -1.292549 1.841312 -1.200987
v -1.265762 1.903911 -1.120417
v -0.994371 1.962892 -0.505437
v -1.037329 1.853433 -0.471009
v -0.939959 1.859210 -0.353407
v -0.891526 1.968566 -0.383557
v -1.032756 1.915277 -0.482185
v -0.994156 1.919669 -0.403634
v -0.996926 1.853846 -0.405205
v -0.925531 1.921144 -0.352637
v -0.944976 1.969859 -0.443017
v 0.810626 1.929085 -0.063483
v 0.784936 2.038339 -0.118824
v 0.641014 2.034755 -0.049955
v 0.670815 1.926449 0.001979
v 0.809287 1.991306 -0.078513
v 0.740137 1.992428 -0.025537
v 0.713947 2.040789 -0.082092
v 0.657960 1.988065 -0.006493
v 0.744873 1.926188 -0.021960
v -0.059485 2.013878 0.041710
v -0.216188 2.006459 0.012807
v -0.225570 1.899081 0.067263
v -0.075458 1.905527 0.097805
v -0.138558 2.014697 0.029775
v -0.152683 1.966330 0.090859
v -0.230547 1.960083 0.055668
v -0.152442 1.900072 0.092573
v -0.065351 1.967246 0.087839
v 1.333494 2.056373 -0.609726
v 1.378958 1.935040 -0.582910
v 1.458785 1.930545 -0.716418
v 1.520255 2.029336 -1.160127
v 1.388806 2.076335 -0.763173
v 1.366195 2.000835 -0.585387
v 1.432078 2.008294 -0.687943
v 1.426786 1.931766 -0.644891
v 1.503288 1.984900 -0.935040
v 1.437015 2.052837 -0.871436
v 1.365250 2.071373 -0.684188
v 1.570250 2.018526 -1.353207
v 1.627088 1.894172 -1.365687
v 1.610737 1.888575 -1.516356
v 1.553919 2.012500 -1.509636
v 1.612401 1.961312 -1.356225
v 1.622881 1.959371 -1.438563
v 1.630666 1.890435 -1.442255
v 1.594074 1.955299 -1.519024
v 1.566950 2.020665 -1.432168
v 1.304352 2.021579 -2.063689
v 1.309003 1.879648 -2.108809
v 1.208403 1.874242 -2.233279
v 1.203160 2.014333 -2.192343
v 1.313738 1.951759 -2.089841
v 1.270159 1.950076 -2.163065
v 1.264168 1.876567 -2.175441
v 1.210929 1.946028 -2.219298
v 1.258433 2.020633 -2.131875
v 0.743354 1.849510 -2.595225
v 0.597149 1.841591 -2.643212
v 0.590607 1.960532 -2.585725
v 0.739647 1.968293 -2.534092
v 0.674013 1.844059 -2.630384
v 0.680957 1.912752 -2.621734
v 0.593058 1.906825 -2.628865
v 0.666202 1.969676 -2.563960
v 0.751560 1.914688 -2.577534
v 1.921756 1.895518 -0.045665
v 1.872118 2.015294 -0.037828
v 1.922963 2.024189 0.109197
v 1.978086 1.903181 0.106063
v 1.880870 1.948040 -0.030942
v 1.912851 1.946460 0.041839
v 1.906662 2.017235 0.032682
v 1.932955 1.955623 0.109915
v 1.950653 1.900699 0.029859
v 1.834007 1.888957 -0.152970
v 1.699521 1.903663 -0.231528
v 1.682062 2.035249 -0.190281
v 1.809300 2.022171 -0.116139
v 1.769918 1.902764 -0.196440
v 1.754802 1.954948 -0.167557
v 1.688529 1.963796 -0.193806
v 1.752225 2.025096 -0.165079
v 1.808495 1.950658 -0.125636
v 1.664864 2.317511 -0.180965
v 1.811306 2.324790 -0.114074
v 1.836026 2.223162 -0.173511
v 1.699223 2.216079 -0.236195
v 1.738241 2.323242 -0.148090
v 1.769986 2.283402 -0.213552
v 1.837459 2.285896 -0.158437
v 1.772620 2.216486 -0.215400
v 1.683184 2.278152 -0.228727
v 1.904770 2.233412 -0.093516
v 1.829460 2.326908 -0.095252
v 1.892129 2.337604 0.052917
v 1.957915 2.242005 0.047743
v 1.881831 2.291725 -0.109879
v 1.934913 2.301377 -0.039405
v 1.861346 2.335559 -0.021639
v 1.944266 2.303054 0.050222
v 1.942728 2.234484 -0.026974
v 1.884631 2.079393 0.429436
v 1.974351 1.958630 0.443211
v 1.986224 1.932538 0.282261
v 1.926780 2.049391 0.251080
v 1.901449 2.360893 0.257762
v 1.919064 2.011141 0.435239
v 1.925952 2.030093 0.348827
v 1.981509 1.947645 0.362492
v 1.939767 1.983043 0.268889
v 1.929056 2.206200 0.261729
v 1.883294 2.216937 0.337389
v 1.891121 2.339353 0.088192
v 1.816622 2.343858 0.230505
v 1.886903 2.252325 0.303224
v 1.958522 2.247371 0.167917
v 1.854365 2.344927 0.159501
v 1.926327 2.314205 0.209440
v 1.858938 2.311498 0.276805
v 1.936593 2.251047 0.242874
v 1.943231 2.306732 0.127917
v 1.797852 2.425811 0.242968
v 1.855065 2.740198 0.379451
v 1.842825 2.361644 0.408135
v 1.864788 2.166388 0.415675
v 1.926231 2.252243 0.274948
v 1.860597 2.343766 0.198888
v 1.837535 2.582445 0.307856
v 1.848202 2.347957 0.314538
v 1.845067 2.477678 0.391977
v 1.848467 2.263396 0.411399
v 1.885764 2.206110 0.339101
v 1.900589 2.311411 0.246858
v 1.813472 2.368300 0.229195
v 1.580720 2.451174 -0.005515
v 1.697289 2.454578 0.103054
v 1.930486 2.324085 0.292799
v 1.850368 2.346431 0.065896
v 1.797516 2.333659 -0.085325
v 1.644598 2.330546 -0.138715
v 1.447929 2.313509 -0.175146
v 1.642726 2.452375 0.044790
v 1.667634 2.377423 0.032059
v 1.797664 2.372883 0.206552
v 1.890920 2.338579 0.179500
v 1.824493 2.343348 -0.010186
v 1.721214 2.334194 -0.112590
v 1.546205 2.323689 -0.157393
v 1.506965 2.368734 -0.073525
v 1.552733 2.215533 -0.244527
v 1.404620 2.223200 -0.196713
v 1.463234 2.322753 -0.143851
v 1.622718 2.317330 -0.183454
v 1.474731 2.217600 -0.232558
v 1.501379 2.282677 -0.230144
v 1.424559 2.285604 -0.183676
v 1.542918 2.321704 -0.164115
v 1.588870 2.277771 -0.234202
v 1.294360 2.175772 -0.131763
v 1.128042 2.239483 -0.045365
v 1.275027 2.395304 -0.113511
v 1.415476 2.411355 -0.106567
v 1.478058 2.320903 -0.155963
v 1.425021 2.220654 -0.213383
v 1.241919 2.217938 -0.103310
v 1.341238 2.304754 -0.140192
v 1.202243 2.317338 -0.078037
v 1.346149 2.402706 -0.126739
v 1.439806 2.352467 -0.115067
v 1.442171 2.283406 -0.198067
v 1.361895 2.198112 -0.169099
v 1.318610 1.949115 -0.231173
v 1.314335 2.069963 -0.147527
v 1.416728 2.264581 -0.206838
v 1.506619 2.057788 -0.206270
v 1.474608 1.941951 -0.258100
v 1.322466 2.001385 -0.177263
v 1.405123 2.022956 -0.200805
v 1.367736 2.167171 -0.173709
v 1.457724 2.159436 -0.218426
v 1.487990 1.992342 -0.213740
v 1.396317 1.951349 -0.247876
v 1.505004 3.713090 0.072485
v 1.410086 3.750175 0.201803
v 1.480771 3.771586 0.370561
v 1.613818 3.718423 0.191201
v 1.457475 3.733302 0.136614
v 1.517023 3.745125 0.191207
v 1.445847 3.766433 0.285302
v 1.548229 3.747997 0.280687
v 1.560959 3.723605 0.130072
v 1.385994 3.687318 0.026493
v 1.226352 3.665288 -0.002723
v 1.197225 3.720795 0.150327
v 1.357159 3.741152 0.180355
v 1.306081 3.678139 0.011007
v 1.286475 3.705145 0.076848
v 1.211455 3.696289 0.072561
v 1.272882 3.728684 0.156422
v 1.371502 3.717039 0.102429
v 1.162183 3.768320 0.577251
v 1.309786 3.784928 0.631484
v 1.385295 3.798377 0.494219
v 1.353744 3.765985 0.274777
v 1.193216 3.749945 0.261161
v 1.093985 3.751943 0.400332
v 1.234563 3.783054 0.606265
v 1.257869 3.804074 0.488580
v 1.348301 3.799159 0.564005
v 1.369939 3.787734 0.383618
v 1.272907 3.770907 0.315063
v 1.142448 3.755976 0.329852
v 1.126318 3.764513 0.489067
v 0.993302 3.701124 0.244224
v 1.126021 3.716029 0.156977
v 1.257559 3.667377 -0.005638
v 1.050164 3.613027 -0.029462
v 0.906245 3.593214 0.040936
v 0.855439 3.626846 0.197875
v 1.058509 3.713609 0.199706
v 1.005987 3.673148 0.095049
v 1.191457 3.694950 0.074429
v 1.153313 3.643074 -0.019327
v 0.976253 3.607134 0.002878
v 0.878020 3.614279 0.117581
v 0.922745 3.667312 0.220555
v 1.105718 3.709115 0.735607
v 1.004324 3.646114 0.850344
v 1.109072 3.636103 0.984848
v 1.264009 3.682482 0.929579
v 1.263802 3.736712 0.760445
v 1.055452 3.676540 0.792766
v 1.138249 3.683271 0.877991
v 1.055245 3.645554 0.919059
v 1.185848 3.663521 0.958818
v 1.263958 3.708088 0.844529
v 1.183339 3.729344 0.749924
v 1.654269 3.748974 0.482135
v 1.502916 3.776776 0.557290
v 1.422762 3.764179 0.692065
v 1.566561 3.727751 0.797316
v 1.714700 3.730402 0.733139
v 1.834495 3.729475 0.506229
v 1.578327 3.761223 0.519790
v 1.605724 3.757374 0.671546
v 1.463599 3.777984 0.625831
v 1.513735 3.744530 0.749111
v 1.641095 3.733415 0.766479
v 1.775337 3.734251 0.620056
v 1.709477 3.744695 0.529342
v 1.733386 3.593592 0.006644
v 1.617226 3.562698 -0.092862
v 1.578532 3.668813 -0.034877
v 1.693156 3.700822 0.078569
v 1.682060 3.577204 -0.050702
v 1.675408 3.648646 -0.039968
v 1.602196 3.626701 -0.081020
v 1.636045 3.689289 0.020380
v 1.727461 3.659448 0.032294
v 1.855962 3.622175 0.205478
v 1.804941 3.711052 0.269139
v 1.844155 3.727858 0.492555
v 1.906315 3.634552 0.354867
v 1.844480 3.682343 0.226591
v 1.877962 3.694653 0.304077
v 1.824683 3.722210 0.380616
v 1.892455 3.695915 0.421517
v 1.887895 3.628017 0.277924
v 1.314380 3.489764 -0.180416
v 1.154202 3.588482 -0.101208
v 1.213733 3.677716 0.024585
v 1.440513 3.638334 -0.093947
v 1.470608 3.524696 -0.157881
v 1.231552 3.545633 -0.154465
v 1.359663 3.588006 -0.150695
v 1.183420 3.635971 -0.040089
v 1.327052 3.658865 -0.035096
v 1.459616 3.591576 -0.141888
v 1.393757 3.506887 -0.177377
v 0.719778 2.556545 0.466511
v 0.804961 2.198818 0.397725
v 0.861435 2.093924 0.272605
v 0.738524 1.986632 0.436908
v 0.756653 1.977594 0.583153
v 0.810089 2.108990 0.581130
v 0.756004 2.376548 0.430131
v 0.781476 2.093795 0.484026
v 0.839474 2.146531 0.337864
v 0.809061 2.035134 0.358191
v 0.739383 1.993051 0.511724
v 0.795796 2.038100 0.573120
v 0.755688 2.331355 0.525592
v 0.715049 3.405201 0.098383
v 0.715097 3.063593 0.192304
v 0.631544 3.405641 0.264814
v 0.676477 3.538708 0.354132
v 0.762719 3.573420 0.216887
v 0.825366 3.546610 0.057521
v 0.711101 3.233553 0.142277
v 0.667737 3.456783 0.177490
v 0.666955 3.233484 0.226571
v 0.638667 3.478686 0.307491
v 0.718523 3.557642 0.285233
v 0.791220 3.564264 0.135380
v 0.760290 3.480771 0.068016
v 1.032567 2.243114 0.003072
v 0.926305 2.187058 0.116197
v 0.921226 2.365741 0.117399
v 0.906532 2.756929 0.028800
v 1.043684 2.403035 -0.008451
v 0.969672 2.216760 0.051292
v 0.969008 2.358147 0.045219
v 0.930042 2.276560 0.119496
v 0.909908 2.560491 0.070032
v 0.972349 2.579320 0.006307
v 1.039868 2.323200 0.000736
v 0.992703 2.271899 0.840466
v 0.894137 2.061396 0.720755
v 0.848521 1.934858 0.762103
v 0.965933 1.931300 0.872228
v 1.073359 2.075218 0.853428
v 0.935318 2.164684 0.790733
v 0.949146 2.003256 0.792648
v 0.884833 1.989750 0.730692
v 0.908230 1.930607 0.816016
v 1.028560 1.994984 0.850412
v 1.034523 2.173922 0.843185
v 0.901539 3.372486 0.980904
v 0.989907 3.503823 1.013770
v 1.147548 3.651855 0.975204
v 0.840209 3.573736 0.891268
v 0.771662 3.461477 0.903355
v 0.945234 3.437949 0.999474
v 0.866218 3.534312 0.970785
v 1.064207 3.586536 1.009391
v 0.992077 3.618172 0.934830
v 0.790143 3.528181 0.905958
v 0.829828 3.415230 0.951462
v 0.601950 3.419385 0.539141
v 0.636536 3.432974 0.688293
v 0.680448 3.547776 0.646349
v 0.665216 3.543938 0.458521
v 0.608533 3.424495 0.616354
v 0.613571 3.495931 0.602775
v 0.643042 3.499438 0.675951
v 0.670059 3.550441 0.552566
v 0.618239 3.488173 0.496850
v 1.863055 2.095377 0.520903
v 1.839394 2.221083 0.616426
v 1.860081 2.526892 0.731200
v 1.781821 2.132612 0.792940
v 1.831119 1.988810 0.795434
v 1.911240 1.978995 0.655206
v 1.845884 2.157609 0.568158
v 1.840661 2.095785 0.707672
v 1.846586 2.374094 0.674098
v 1.836453 2.327499 0.767335
v 1.797408 2.057431 0.784159
v 1.877306 1.990402 0.728366
v 1.879426 2.032776 0.587004
v 1.849063 2.710883 0.540860
v 1.873881 3.037516 0.494701
v 1.822834 3.119300 0.640024
v 1.816653 3.031896 0.786632
v 1.868114 2.933825 0.668419
v 1.857669 2.874428 0.517357
v 1.850529 2.996475 0.599137
v 1.853454 3.077916 0.569430
v 1.804163 3.064660 0.706150
v 1.858775 2.993585 0.725764
v 1.855437 2.822460 0.604924
v 1.822327 3.028382 0.818028
v 1.742261 3.040316 0.979217
v 1.852685 2.917551 0.943720
v 1.892503 2.918716 0.803376
v 1.783214 3.036675 0.898907
v 1.869474 2.984350 0.892549
v 1.811995 2.988701 0.972863
v 1.886899 2.916205 0.877591
v 1.873806 2.984273 0.808941
v 0.803275 3.619951 0.538581
v 0.975689 3.695697 0.536693
v 0.929869 3.688035 0.364641
v 0.810093 3.617489 0.283956
v 0.717533 3.576899 0.412257
v 0.868282 3.651329 0.524962
v 0.828089 3.645567 0.423576
v 0.951013 3.696248 0.450942
v 0.868355 3.656088 0.323804
v 0.762738 3.598771 0.347829
v 0.757248 3.603847 0.475713
v 1.315852 3.666958 0.981898
v 1.088694 3.640732 0.963846
v 1.234766 3.550104 1.061027
v 1.386347 3.573744 1.043591
v 1.201551 3.658856 0.974677
v 1.273604 3.626516 1.044732
v 1.157210 3.604115 1.027341
v 1.311665 3.562076 1.062145
v 1.355856 3.633523 1.027210
v 1.720164 3.727273 0.741964
v 1.603036 3.710355 0.857420
v 1.634825 3.604656 0.925426
v 1.753183 3.619865 0.823533
v 1.662061 3.722430 0.800690
v 1.697948 3.681717 0.863998
v 1.624327 3.669080 0.906891
v 1.700446 3.611770 0.881889
v 1.750863 3.685333 0.792495
v 1.878888 3.633897 0.623094
v 1.913698 3.637711 0.473848
v 1.845117 3.728065 0.501488
v 1.730012 3.728368 0.726305
v 1.906795 3.634731 0.550893
v 1.885042 3.701652 0.569948
v 1.897739 3.697510 0.485356
v 1.788304 3.732529 0.614269
v 1.818691 3.692892 0.684477
v 0.897862 3.550913 -0.012731
v 1.040829 3.565924 -0.089221
v 1.032859 3.434549 -0.140198
v 0.894127 3.415828 -0.075150
v 0.967394 3.562432 -0.053834
v 0.957542 3.496868 -0.111672
v 1.033919 3.506544 -0.130507
v 0.958973 3.423506 -0.117798
v 0.886077 3.488236 -0.053877
v 1.294935 3.247554 1.058913
v 1.321109 3.019985 1.042998
v 1.237527 2.449181 0.954672
v 1.482896 2.956134 1.074915
v 1.617440 3.051705 1.026775
v 1.466320 3.132951 1.027020
v 1.307533 3.133564 1.053093
v 1.410822 3.013377 1.055888
v 1.280809 2.734947 0.995073
v 1.358480 2.702288 1.019884
v 1.548044 3.015784 1.068463
v 1.535209 3.079960 1.013947
v 1.383271 3.190690 1.055598
v 1.797666 3.038081 0.818419
v 1.708306 3.156546 0.831178
v 1.600257 3.158667 0.947280
v 1.609791 3.050180 1.032171
v 1.758779 3.033818 0.978955
v 1.737458 3.086370 0.817653
v 1.675640 3.087062 0.910031
v 1.659127 3.157219 0.893746
v 1.596925 3.091976 0.974728
v 1.685454 3.047816 1.007049
v 1.779142 3.038277 0.898971
v 1.333585 2.121782 0.944785
v 1.175250 2.102595 0.908333
v 1.158734 1.959454 0.956888
v 1.309794 1.982333 0.991024
v 1.252476 2.111351 0.935434
v 1.241205 2.038626 0.943928
v 1.173365 2.026964 0.922808
v 1.232108 1.976707 0.979599
v 1.321281 2.047454 0.953812
v 1.761689 2.932651 1.043167
v 1.755115 3.038211 0.964639
v 1.608015 3.052309 1.025233
v 1.627998 2.947905 1.091736
v 1.773301 2.995095 1.015646
v 1.702175 3.007891 1.075065
v 1.682734 3.051076 0.996421
v 1.615641 3.011766 1.077498
v 1.699708 2.936734 1.081953
v 1.017987 2.153223 0.002097
v 1.153165 2.065105 -0.070871
v 0.975419 1.947819 -0.073046
v 0.818242 1.905617 -0.055465
v 0.821214 1.955929 0.103815
v 0.907239 2.069513 0.114923
v 1.050177 2.090255 -0.019015
v 0.928889 1.992032 0.023955
v 1.070742 1.996448 -0.059032
v 0.896000 1.929405 -0.065227
v 0.819383 1.931604 0.023919
v 0.875823 2.003468 0.114170
v 0.952849 2.113042 0.050168
v 1.257250 1.333456 -0.413416
v 1.414969 1.349737 -0.407203
v 1.426254 1.232517 -0.456621
v 1.265309 1.216033 -0.466005
v 1.336594 1.339644 -0.417498
v 1.338078 1.267483 -0.418837
v 1.417885 1.282732 -0.412621
v 1.345835 1.223513 -0.460895
v 1.263835 1.266531 -0.420978
v 0.844991 1.200087 -0.327266
v 0.853769 1.337531 -0.292150
v 0.983116 1.345350 -0.370671
v 0.974945 1.208871 -0.405590
v 0.862234 1.265725 -0.300851
v 0.916522 1.271404 -0.344217
v 0.912837 1.338101 -0.340978
v 0.981275 1.272988 -0.372542
v 0.905406 1.212495 -0.373098
v 0.909707 1.694159 -0.449561
v 0.779265 1.692086 -0.372128
v 0.770036 1.808079 -0.284021
v 0.908260 1.802995 -0.394037
v 0.838868 1.689784 -0.420397
v 0.826591 1.759715 -0.413082
v 0.759347 1.758218 -0.340387
v 0.838091 1.809615 -0.340546
v 0.905105 1.758337 -0.441032
v 1.284925 1.827712 -0.465929
v 1.447744 1.832233 -0.440969
v 1.427093 1.710991 -0.499341
v 1.271646 1.709782 -0.514532
v 1.366640 1.835062 -0.456361
v 1.357047 1.781509 -0.515465
v 1.444299 1.778581 -0.487065
v 1.350187 1.708153 -0.515123
v 1.274627 1.776755 -0.508660
v 0.611406 1.282072 0.040417
v 0.580689 1.142550 0.030513
v 0.536422 1.126501 0.182046
v 0.570537 1.273015 0.189557
v 0.609392 1.208725 0.044596
v 0.576866 1.199582 0.118088
v 0.552599 1.139520 0.105068
v 0.565512 1.197010 0.184756
v 0.579444 1.274579 0.111648
v 0.535939 1.696228 -0.067076
v 0.475796 1.691545 0.079819
v 0.534543 1.804600 0.066249
v 0.610395 1.810816 -0.083783
v 0.498069 1.691620 0.003107
v 0.505129 1.763172 -0.013011
v 0.486526 1.757529 0.071106
v 0.570574 1.812094 -0.009543
v 0.557878 1.761663 -0.087730
v 0.555369 1.137583 0.466874
v 0.617525 1.144383 0.611594
v 0.638185 1.281045 0.593144
v 0.577190 1.273463 0.451836
v 0.581444 1.145914 0.541151
v 0.606164 1.204606 0.527964
v 0.640471 1.209341 0.591509
v 0.599173 1.273603 0.526361
v 0.583324 1.202620 0.457855
v 0.473916 1.806184 0.478820
v 0.437685 1.680008 0.486559
v 0.475063 1.676144 0.633699
v 0.514670 1.803987 0.631401
v 0.436921 1.748387 0.480580
v 0.436855 1.747582 0.565840
v 0.446054 1.673837 0.562639
v 0.479712 1.744953 0.643243
v 0.490057 1.810810 0.556324
v 1.022511 1.319185 0.975227
v 0.888785 1.304172 0.890205
v 0.888777 1.181574 0.929659
v 1.022363 1.191338 1.015716
v 0.951530 1.308320 0.939785
v 0.967163 1.243439 0.943972
v 0.904098 1.238633 0.896760
v 0.953322 1.191104 0.975650
v 1.027754 1.249861 0.978438
v 0.838996 1.673079 1.048558
v 0.845517 1.793543 1.007621
v 0.718888 1.793431 0.910156
v 0.709464 1.678361 0.950748
v 0.835042 1.739887 1.046292
v 0.749707 1.742631 1.005728
v 0.780538 1.797893 0.961046
v 0.696352 1.741793 0.943030
v 0.769177 1.671994 1.006143
v 1.346730 1.223588 1.116293
v 1.505631 1.224871 1.119982
v 1.476628 1.345791 1.072267
v 1.308897 1.336682 1.066822
v 1.426068 1.229564 1.121131
v 1.415735 1.275853 1.079116
v 1.486677 1.277395 1.078721
v 1.392651 1.338771 1.077094
v 1.334059 1.273504 1.071622
v 1.285088 1.807008 1.149718
v 1.127235 1.805954 1.132250
v 1.151631 1.674606 1.164875
v 1.321379 1.670229 1.181082
v 1.205652 1.810795 1.145331
v 1.209436 1.743788 1.188995
v 1.132506 1.743324 1.165997
v 1.235629 1.669332 1.181321
v 1.305488 1.742721 1.180681
v 2.130269 1.253135 0.784704
v 2.213258 1.270199 0.646657
v 2.139499 1.372150 0.619647
v 2.064572 1.354556 0.752499
v 2.172076 1.263458 0.716090
v 2.130037 1.296527 0.692100
v 2.160534 1.308417 0.628268
v 2.111195 1.362647 0.691145
v 2.086042 1.292052 0.754671
v 2.195771 1.402438 0.397903
v 2.259166 1.295738 0.396752
v 2.262327 1.312222 0.236081
v 2.196661 1.419546 0.239881
v 2.209552 1.338497 0.392342
v 2.212234 1.345042 0.314890
v 2.261733 1.306820 0.316727
v 2.211545 1.354817 0.240387
v 2.202089 1.410071 0.318825
v 2.228597 1.698017 0.421485
v 2.237896 1.695254 0.265846
v 2.180718 1.817695 0.275950
v 2.166942 1.820748 0.434943
v 2.242376 1.695141 0.344238
v 2.236682 1.769631 0.351395
v 2.225253 1.764258 0.266816
v 2.177047 1.824604 0.355622
v 2.213591 1.766665 0.434291
v 2.057727 1.683821 0.811649
v 2.145259 1.688054 0.679628
v 2.086893 1.825937 0.684949
v 1.988889 1.826534 0.820830
v 2.107962 1.685316 0.749908
v 2.092682 1.761570 0.760729
v 2.127598 1.761703 0.686693
v 2.041499 1.830192 0.755474
v 2.031563 1.758584 0.825188
v 2.078968 1.441868 -0.092690
v 2.157155 1.435764 0.037252
v 2.219547 1.321130 0.019783
v 2.141932 1.323538 -0.120657
v 2.127952 1.437361 -0.033738
v 2.141569 1.370596 -0.036411
v 2.171606 1.368981 0.030830
v 2.183108 1.328131 -0.051646
v 2.099934 1.373976 -0.093425
v 2.103159 1.681059 -0.118642
v 2.038529 1.805930 -0.098687
v 2.125193 1.804442 0.037413
v 2.181787 1.681904 0.013413
v 2.081855 1.751111 -0.120661
v 2.141577 1.751719 -0.057559
v 2.083682 1.808735 -0.031758
v 2.169126 1.751182 0.021392
v 2.151271 1.680199 -0.057845
v 1.769374 1.698309 -0.371215
v 1.747687 1.828377 -0.327814
v 1.884201 1.823057 -0.243369
v 1.905112 1.692285 -0.288067
v 1.764593 1.769331 -0.364430
v 1.839875 1.768397 -0.331607
v 1.817281 1.828675 -0.287567
v 1.905325 1.763385 -0.277443
v 1.840128 1.694251 -0.334426
v 1.768892 1.309242 -0.370927
v 1.741993 1.428642 -0.320656
v 1.884645 1.443578 -0.250894
v 1.910540 1.326072 -0.302308
v 1.753038 1.361030 -0.328288
v 1.819892 1.370386 -0.298517
v 1.816125 1.434957 -0.291264
v 1.886543 1.376295 -0.262672
v 1.840507 1.323622 -0.339715
v 1.747828 1.222770 1.071770
v 1.892663 1.223169 0.999485
v 1.847350 1.330362 0.951011
v 1.704514 1.329777 1.025359
v 1.820337 1.223548 1.035815
v 1.796699 1.260476 0.996253
v 1.858678 1.265745 0.961467
v 1.780065 1.328243 0.996111
v 1.721062 1.265728 1.029019
v 1.617039 1.816274 1.106374
v 1.650349 1.674701 1.128537
v 1.793374 1.675481 1.058145
v 1.758172 1.819686 1.037346
v 1.635853 1.748273 1.132007
v 1.713104 1.750417 1.111734
v 1.726208 1.673023 1.102149
v 1.783998 1.750877 1.056658
v 1.690183 1.822822 1.077370
v 1.685609 2.135883 0.881967
v 1.543745 2.133768 0.940005
v 1.556593 1.989925 0.969770
v 1.699432 1.992940 0.911141
v 1.618604 2.132425 0.920497
v 1.619136 2.061243 0.922147
v 1.549686 2.059040 0.941534
v 1.630814 1.997525 0.947593
v 1.683292 2.061432 0.886326
v 2.393163 -0.008455 -0.169167
v 2.452241 -0.008455 -0.038204
v 2.436944 -0.008455 -0.110136
v 1.738539 0.253928 -0.745013
v 1.718013 -0.019685 -0.601239
v 1.729795 -0.000520 -0.678222
v 1.971635 1.074045 -0.782109
v 2.106933 1.094918 -0.697844
v 2.113605 0.977873 -0.756416
v 1.968169 0.950953 -0.837382
v 2.040105 1.089593 -0.742559
v 2.060005 1.037705 -0.797853
v 2.124163 1.044401 -0.741544
v 2.044907 0.962085 -0.803820
v 1.973303 1.020502 -0.827781
v 2.603764 1.144581 -0.115616
v 2.661121 1.030087 -0.138059
v 2.600975 1.016792 -0.276108
v 2.538544 1.131872 -0.261121
v 2.650923 1.096904 -0.128429
v 2.637141 1.091928 -0.212187
v 2.641894 1.020892 -0.211564
v 2.582324 1.082860 -0.281759
v 2.572847 1.142569 -0.189506
v 1.362150 0.965137 -0.890640
v 1.522149 0.990065 -0.901102
v 1.559388 0.877329 -0.947133
v 1.406276 0.851983 -0.944067
v 1.441389 0.981532 -0.898132
v 1.460814 0.930426 -0.956969
v 1.544152 0.942324 -0.942507
v 1.482873 0.861908 -0.954198
v 1.377156 0.914599 -0.935970
v 0.799430 -0.008456 -0.507266
v 0.929617 -0.008456 -0.581761
v 0.858107 -0.008456 -0.555629
v 0.692056 0.730619 -0.671648
v 0.704124 0.868944 -0.633492
v 0.830803 0.888297 -0.726822
v 0.816851 0.751840 -0.762156
v 0.685949 0.803225 -0.661215
v 0.744318 0.814397 -0.726687
v 0.764166 0.883224 -0.683679
v 0.818154 0.824571 -0.759636
v 0.749022 0.738645 -0.724997
v 0.456364 -0.008456 0.034480
v 0.491740 -0.008456 -0.109746
v 0.460827 -0.008456 -0.040951
v 0.294388 0.807835 0.012361
v 0.340699 0.810088 -0.142312
v 0.316617 0.671949 -0.167160
v 0.267119 0.664679 -0.021724
v 0.312422 0.813480 -0.066443
v 0.275836 0.741259 -0.093936
v 0.316109 0.744808 -0.163644
v 0.282504 0.665617 -0.097764
v 0.266582 0.739024 -0.004962
v 0.573249 0.169771 0.920153
v 0.668682 -0.019685 0.851042
v 0.616029 -0.001255 0.888893
v 0.330664 0.815684 0.743013
v 0.286988 0.808306 0.590744
v 0.270749 0.674254 0.635634
v 0.319136 0.680615 0.788335
v 0.304015 0.816478 0.668041
v 0.267319 0.746424 0.694846
v 0.260689 0.743364 0.612837
v 0.285622 0.673620 0.714864
v 0.311947 0.752088 0.774116
v 0.679551 0.872331 1.239456
v 0.627858 0.736317 1.235990
v 0.764549 0.767363 1.346862
v 0.806054 0.895489 1.333426
v 0.639771 0.809391 1.246702
v 0.703164 0.823863 1.324060
v 0.690048 0.747613 1.299828
v 0.777700 0.835941 1.359722
v 0.740082 0.888457 1.288983
v 1.499667 -0.008455 1.370894
v 1.352385 -0.008455 1.350130
v 1.424307 -0.008455 1.373891
v 1.520753 1.013872 1.526414
v 1.363441 0.985323 1.523952
v 1.363850 0.863560 1.576905
v 1.518610 0.892879 1.582093
v 1.441295 1.003812 1.527573
v 1.441928 0.949113 1.588154
v 1.356756 0.931502 1.566718
v 1.441344 0.875893 1.589239
v 1.523489 0.961742 1.572581
v 1.935456 -0.008455 1.199636
v 1.806566 -0.008455 1.284424
v 1.876548 -0.008455 1.250509
v 1.890069 1.072125 1.414584
v 1.908749 0.963652 1.470306
v 2.047906 0.988491 1.395205
v 2.029144 1.097105 1.332275
v 1.903026 1.028224 1.461354
v 1.982442 1.045212 1.433389
v 1.981665 0.974652 1.438471
v 2.050237 1.053716 1.379092
v 1.959735 1.087803 1.374614
v 2.467669 0.291942 0.626311
v 2.339756 -0.019685 0.588332
v 2.407737 -0.001966 0.608998
v 2.423634 1.152306 0.989583
v 2.484294 1.054824 1.006594
v 2.559935 1.063021 0.874941
v 2.501491 1.164861 0.848737
v 2.466855 1.114504 1.014806
v 2.521984 1.124785 0.955145
v 2.529698 1.056458 0.946098
v 2.549320 1.125801 0.866427
v 2.463358 1.162642 0.919962
v 2.615556 1.176467 0.266157
v 2.599980 1.182149 0.426005
v 2.656489 1.074856 0.452813
v 2.672907 1.071884 0.286743
v 2.608914 1.182524 0.346078
v 2.666186 1.142279 0.356341
v 2.646495 1.139239 0.443887
v 2.668490 1.072539 0.370730
v 2.663862 1.134602 0.274734
vt 0.825770 0.028242
vt 0.796286 0.157585
vt 0.799589 0.023472
vt 0.794933 0.179264
vt 0.811861 0.205932
vt 0.791914 0.202012
vt 0.515964 0.175884
vt 0.544578 0.188873
vt 0.522342 0.199948
vt 0.568905 0.154364
vt 0.549598 0.186572
vt 0.546117 0.163324
vt 0.597363 0.148944
vt 0.575542 0.179952
vt 0.573739 0.153108
vt 0.625936 0.151513
vt 0.604739 0.176013
vt 0.602584 0.150047
vt 0.656158 0.161562
vt 0.631703 0.177522
vt 0.631383 0.154159
vt 0.703791 0.171144
vt 0.684132 0.189853
vt 0.678489 0.170865
vt 0.733775 0.171439
vt 0.710848 0.189958
vt 0.709179 0.171776
vt 0.795015 0.022759
vt 0.767067 0.153015
vt 0.768752 0.019352
vt 0.701649 0.019497
vt 0.674687 0.148352
vt 0.674595 0.021451
vt 0.733043 0.018065
vt 0.707853 0.149053
vt 0.706318 0.019227
vt 0.686619 0.209227
vt 0.707260 0.302378
vt 0.686166 0.309794
vt 0.536542 0.020040
vt 0.513569 0.154428
vt 0.510400 0.020913
vt 0.761581 0.173234
vt 0.740322 0.194770
vt 0.738885 0.172105
vt 0.766519 0.173593
vt 0.786762 0.200921
vt 0.765057 0.198991
vt 0.541075 0.019866
vt 0.568370 0.133224
vt 0.544335 0.141812
vt 0.571934 0.018577
vt 0.596927 0.128912
vt 0.572931 0.132366
vt 0.602911 0.018050
vt 0.626199 0.131408
vt 0.601542 0.129081
vt 0.633935 0.018504
vt 0.657750 0.141007
vt 0.631009 0.132528
vt 0.737507 0.341705
vt 0.755324 0.400411
vt 0.741209 0.403296
vt 0.810963 0.316467
vt 0.795172 0.327470
vt 0.795183 0.310118
vt 0.544747 0.418498
vt 0.546957 0.418670
vt 0.544899 0.420238
vt 0.557858 0.299073
vt 0.575502 0.328790
vt 0.560838 0.328065
vt 0.580825 0.424614
vt 0.593526 0.467966
vt 0.579950 0.469820
vt 0.621602 0.421628
vt 0.623125 0.422226
vt 0.621613 0.422395
vt 0.648218 0.311102
vt 0.624970 0.321616
vt 0.626982 0.302493
vt 0.720455 0.427832
vt 0.711675 0.445391
vt 0.707024 0.436961
vt 0.724803 0.424967
vt 0.738941 0.439782
vt 0.727832 0.442382
vt 0.777766 0.323782
vt 0.790149 0.308333
vt 0.790042 0.326864
vt 0.689100 0.331172
vt 0.696670 0.335844
vt 0.690957 0.339042
vt 0.701571 0.322415
vt 0.707836 0.320187
vt 0.708255 0.326541
vt 0.717057 0.514058
vt 0.724121 0.456796
vt 0.736360 0.629746
vt 0.553389 0.301725
vt 0.542297 0.327639
vt 0.536378 0.313041
vt 0.774558 0.413180
vt 0.784700 0.424159
vt 0.769566 0.430578
vt 0.575644 0.343484
vt 0.561734 0.406535
vt 0.561535 0.342460
vt 0.790833 0.414226
vt 0.799621 0.421112
vt 0.789726 0.423221
vt 0.756356 0.412695
vt 0.743937 0.438560
vt 0.742146 0.416410
vt 0.761425 0.413609
vt 0.769424 0.413947
vt 0.765143 0.428172
vt 0.784452 0.491529
vt 0.791158 0.486274
vt 0.793923 0.489665
vt 0.535776 0.589814
vt 0.553951 0.603327
vt 0.537421 0.598956
vt 0.558310 0.584705
vt 0.565810 0.584893
vt 0.559023 0.599334
vt 0.578422 0.600606
vt 0.572243 0.584298
vt 0.581842 0.586164
vt 0.596650 0.594387
vt 0.585162 0.599654
vt 0.587283 0.588233
vt 0.622157 0.638940
vt 0.610510 0.593454
vt 0.624573 0.532667
vt 0.794304 0.658046
vt 0.798393 0.597837
vt 0.808774 0.646309
vt 0.813171 0.570979
vt 0.819067 0.566877
vt 0.818978 0.571365
vt 0.579530 0.482807
vt 0.591528 0.496640
vt 0.578851 0.495501
vt 0.608308 0.484467
vt 0.596376 0.497129
vt 0.596977 0.481439
vt 0.612635 0.497149
vt 0.624093 0.489245
vt 0.625011 0.495751
vt 0.789680 0.435391
vt 0.804570 0.469005
vt 0.793013 0.473917
vt 0.778553 0.531078
vt 0.793113 0.575247
vt 0.789577 0.627315
vt 0.579088 0.293900
vt 0.597850 0.325103
vt 0.580425 0.328358
vt 0.544932 0.432970
vt 0.556324 0.473140
vt 0.542525 0.472435
vt 0.603620 0.296622
vt 0.619931 0.321502
vt 0.602855 0.324411
vt 0.551805 0.494020
vt 0.556283 0.490155
vt 0.556415 0.493843
vt 0.541374 0.484596
vt 0.548005 0.485140
vt 0.540074 0.491986
vt 0.538206 0.507900
vt 0.553561 0.572054
vt 0.535005 0.576470
vt 0.561344 0.507063
vt 0.569760 0.571903
vt 0.558231 0.571567
vt 0.578207 0.508121
vt 0.584094 0.573345
vt 0.574234 0.572231
vt 0.595524 0.510247
vt 0.604589 0.585050
vt 0.588894 0.575085
vt 0.623582 0.509793
vt 0.610309 0.567164
vt 0.612299 0.511318
vt 0.798258 0.484283
vt 0.800684 0.483224
vt 0.799495 0.485800
vt 0.622521 0.445432
vt 0.623314 0.474595
vt 0.615316 0.472082
vt 0.560418 0.614607
vt 0.577223 0.658880
vt 0.559843 0.659284
vt 0.718951 0.561733
vt 0.738974 0.683798
vt 0.721945 0.686924
vt 0.619825 0.657649
vt 0.606023 0.656806
vt 0.608549 0.613613
vt 0.554119 0.614214
vt 0.536661 0.658841
vt 0.538307 0.610354
vt 0.837979 0.477727
vt 0.824692 0.464097
vt 0.842103 0.429297
vt 0.769569 0.672510
vt 0.768935 0.500719
vt 0.787001 0.662240
vt 0.768259 0.444435
vt 0.788543 0.476377
vt 0.772591 0.487812
vt 0.818053 0.378606
vt 0.828595 0.357552
vt 0.839798 0.399875
vt 0.858345 0.474910
vt 0.843595 0.479507
vt 0.847716 0.431106
vt 0.820685 0.456029
vt 0.813927 0.429404
vt 0.838091 0.421239
vt 0.813073 0.418162
vt 0.815432 0.388704
vt 0.837210 0.410006
vt 0.873977 0.448668
vt 0.863406 0.469713
vt 0.852790 0.425965
vt 0.878916 0.409082
vt 0.876541 0.438505
vt 0.855385 0.415836
vt 0.871276 0.371287
vt 0.878011 0.397844
vt 0.854507 0.404590
vt 0.854009 0.349663
vt 0.867254 0.363232
vt 0.850490 0.396524
vt 0.833683 0.352453
vt 0.848392 0.347833
vt 0.844871 0.394722
vt 0.560950 0.486725
vt 0.573904 0.494635
vt 0.561361 0.493855
vt 0.630237 0.494051
vt 0.629891 0.493831
vt 0.630175 0.493669
vt 0.583951 0.611047
vt 0.600254 0.657117
vt 0.583159 0.658380
vt 0.630844 0.507365
vt 0.645052 0.656526
vt 0.627865 0.657144
vt 0.819978 0.582462
vt 0.814343 0.642007
vt 0.801381 0.581678
vt 0.643638 0.440531
vt 0.627755 0.476754
vt 0.626821 0.437427
vt 0.729420 0.455517
vt 0.763666 0.675170
vt 0.745868 0.681826
vt 0.643457 0.339728
vt 0.626153 0.407273
vt 0.624407 0.337097
vt 0.600581 0.427165
vt 0.609907 0.471420
vt 0.597738 0.468083
vt 0.762951 0.232551
vt 0.771115 0.294961
vt 0.759492 0.296064
vt 0.546421 0.204878
vt 0.533194 0.299392
vt 0.525106 0.215368
vt 0.571247 0.197176
vt 0.556752 0.285500
vt 0.551262 0.202863
vt 0.578559 0.279904
vt 0.600033 0.193228
vt 0.599539 0.281551
vt 0.711728 0.209397
vt 0.732583 0.301734
vt 0.712317 0.301542
vt 0.605032 0.193155
vt 0.623401 0.286096
vt 0.603821 0.282113
vt 0.631024 0.195507
vt 0.650280 0.295333
vt 0.627931 0.287283
vt 0.740471 0.212388
vt 0.754699 0.296881
vt 0.737534 0.301180
vt 0.786018 0.217256
vt 0.776198 0.294594
vt 0.765975 0.214727
vt 0.787426 0.400906
vt 0.777769 0.338476
vt 0.789730 0.341282
vt 0.556906 0.406248
vt 0.544478 0.342049
vt 0.556580 0.342131
vt 0.802469 0.404554
vt 0.794485 0.342447
vt 0.806049 0.345287
vt 0.576144 0.424305
vt 0.560712 0.472866
vt 0.561548 0.422821
vt 0.596308 0.409892
vt 0.580784 0.343258
vt 0.597391 0.340424
vt 0.619369 0.337146
vt 0.601246 0.409856
vt 0.602563 0.339598
vt 0.645575 0.418047
vt 0.626590 0.422952
vt 0.626598 0.421546
vt 0.710281 0.346551
vt 0.703354 0.424353
vt 0.694014 0.355894
vt 0.759953 0.338587
vt 0.771768 0.400745
vt 0.759415 0.400099
vt 0.732557 0.342580
vt 0.722963 0.411694
vt 0.715179 0.344769
vt 0.713078 0.319272
vt 0.731994 0.324873
vt 0.713659 0.327692
vt 0.772492 0.310256
vt 0.759819 0.323163
vt 0.759383 0.311878
vt 0.737203 0.318741
vt 0.754716 0.323458
vt 0.737177 0.324760
vt 0.809538 0.221490
vt 0.794588 0.294416
vt 0.791160 0.217896
vt 0.799261 0.498860
vt 0.797454 0.567135
vt 0.776141 0.504133
vt 0.766659 0.480703
vt 0.750036 0.450716
vt 0.763096 0.446539
vt 0.766143 0.878227
vt 0.762149 0.861154
vt 0.768692 0.862127
vt 0.763970 0.891062
vt 0.752833 0.903454
vt 0.758934 0.887043
vt 0.765773 0.797575
vt 0.757475 0.816562
vt 0.755342 0.796964
vt 0.755217 0.869656
vt 0.747514 0.860067
vt 0.755752 0.860684
vt 0.740392 0.848223
vt 0.740756 0.850514
vt 0.739091 0.851123
vt 0.741220 0.861396
vt 0.741138 0.862953
vt 0.739947 0.861861
vt 0.738971 0.894454
vt 0.737757 0.892039
vt 0.739825 0.893494
vt 0.706376 0.808672
vt 0.679688 0.815899
vt 0.679933 0.806015
vt 0.749938 0.817418
vt 0.745553 0.818798
vt 0.748984 0.808756
vt 0.739510 0.872736
vt 0.738854 0.875006
vt 0.737760 0.871132
vt 0.689888 0.613760
vt 0.688614 0.610203
vt 0.689788 0.611161
vt 0.693675 0.659412
vt 0.686448 0.672343
vt 0.685615 0.658475
vt 0.690170 0.646110
vt 0.695917 0.636250
vt 0.697263 0.646934
vt 0.728514 0.867025
vt 0.681882 0.876607
vt 0.680674 0.862895
vt 0.734922 0.883609
vt 0.735542 0.882911
vt 0.735687 0.886319
vt 0.585780 0.805939
vt 0.597095 0.789092
vt 0.598680 0.806096
vt 0.604492 0.849146
vt 0.605127 0.834366
vt 0.609313 0.848725
vt 0.746507 0.768845
vt 0.714965 0.774869
vt 0.714422 0.765678
vt 0.604270 0.770174
vt 0.605204 0.760341
vt 0.618035 0.749225
vt 0.682588 0.690816
vt 0.685113 0.691156
vt 0.684107 0.692473
vt 0.659865 0.638040
vt 0.660001 0.637353
vt 0.660225 0.638643
vt 0.696147 0.690894
vt 0.700896 0.663483
vt 0.705186 0.674846
vt 0.662400 0.659423
vt 0.662095 0.660037
vt 0.661882 0.658554
vt 0.672459 0.649721
vt 0.675364 0.635436
vt 0.677631 0.647138
vt 0.663991 0.620374
vt 0.672236 0.618221
vt 0.667487 0.640610
vt 0.706474 0.638701
vt 0.703406 0.643091
vt 0.702444 0.635453
vt 0.694448 0.604091
vt 0.699061 0.607367
vt 0.697471 0.612534
vt 0.708702 0.651414
vt 0.707897 0.660110
vt 0.706043 0.655219
vt 0.675754 0.687935
vt 0.667553 0.667710
vt 0.678313 0.684602
vt 0.703996 0.616795
vt 0.706084 0.624268
vt 0.702569 0.621435
vt 0.688923 0.624278
vt 0.691602 0.626465
vt 0.687767 0.633045
vt 0.745580 0.754658
vt 0.711676 0.744479
vt 0.744292 0.736900
vt 0.754253 0.782293
vt 0.761952 0.760385
vt 0.764216 0.784408
vt 0.661377 0.749479
vt 0.648957 0.729555
vt 0.661347 0.728859
vt 0.590810 0.748685
vt 0.597378 0.775874
vt 0.588441 0.771190
vt 0.760691 0.747517
vt 0.750107 0.732183
vt 0.757625 0.721265
vt 0.700899 0.759162
vt 0.685246 0.735667
vt 0.703278 0.745107
vt 0.708136 0.768710
vt 0.708064 0.767416
vt 0.708645 0.768279
vt 0.708077 0.781377
vt 0.707601 0.783556
vt 0.707209 0.780089
vt 0.660898 0.804424
vt 0.660639 0.826420
vt 0.624342 0.813786
vt 0.721029 0.805986
vt 0.743056 0.799548
vt 0.736265 0.819426
vt 0.586968 0.886002
vt 0.601505 0.899766
vt 0.591968 0.912266
vt 0.619090 0.883917
vt 0.661261 0.874940
vt 0.662554 0.898297
vt 0.537634 0.857630
vt 0.558407 0.889012
vt 0.540623 0.901446
vt 0.560893 0.835868
vt 0.578514 0.816083
vt 0.578468 0.842401
vt 0.537700 0.805438
vt 0.554219 0.836108
vt 0.537493 0.845408
vt 0.550102 0.697592
vt 0.561448 0.748723
vt 0.543246 0.739818
vt 0.778595 0.724567
vt 0.767182 0.745156
vt 0.763850 0.719274
vt 0.807831 0.815306
vt 0.793343 0.795032
vt 0.807118 0.787289
vt 0.783350 0.888028
vt 0.775688 0.863213
vt 0.785544 0.865527
vt 0.738436 0.840535
vt 0.736822 0.837748
vt 0.740456 0.829645
vt 0.755074 0.846532
vt 0.745715 0.840245
vt 0.753039 0.833722
vt 0.682727 0.598709
vt 0.677924 0.611240
vt 0.676474 0.600690
vt 0.633291 0.854104
vt 0.660662 0.842150
vt 0.660824 0.861889
vt 0.585007 0.844622
vt 0.599021 0.819217
vt 0.597953 0.848722
vt 0.612195 0.773690
vt 0.639731 0.731783
vt 0.656815 0.759189
vt 0.768678 0.830369
vt 0.761614 0.846597
vt 0.759190 0.830753
vt 0.809555 0.904035
vt 0.792426 0.865930
vt 0.810630 0.862520
vt 0.752711 0.882088
vt 0.743200 0.886120
vt 0.745704 0.877451
vt 0.541786 0.913680
vt 0.563494 0.925997
vt 0.547198 0.954928
vt 0.786616 0.796941
vt 0.774605 0.818076
vt 0.772822 0.797558
vt 0.782103 0.902240
vt 0.765108 0.924026
vt 0.770464 0.895496
vt 0.586245 0.872917
vt 0.585553 0.856263
vt 0.594476 0.859885
vt 0.804168 0.727346
vt 0.785108 0.720666
vt 0.802057 0.697034
vt 0.607171 0.892437
vt 0.605793 0.877163
vt 0.610801 0.888011
vt 0.609256 0.821948
vt 0.646224 0.834815
vt 0.616759 0.847684
vt 0.702780 0.794481
vt 0.681482 0.772787
vt 0.700538 0.773787
vt 0.707156 0.757121
vt 0.707057 0.756483
vt 0.707304 0.756274
vt 0.738282 0.833627
vt 0.742316 0.829410
vt 0.743759 0.831903
vt 0.853615 0.848190
vt 0.814329 0.823609
vt 0.861906 0.793306
vt 0.508442 0.916920
vt 0.541621 0.961663
vt 0.499465 0.980050
vt 0.508365 0.903367
vt 0.531729 0.859145
vt 0.534663 0.903768
vt 0.507770 0.846777
vt 0.531824 0.801846
vt 0.531424 0.847472
vt 0.511203 0.697313
vt 0.537156 0.740083
vt 0.502323 0.767596
vt 0.845144 0.711899
vt 0.808181 0.691854
vt 0.842959 0.684833
vt 0.514480 0.771330
vt 0.535469 0.753293
vt 0.532310 0.789998
vt 0.846282 0.725697
vt 0.812762 0.775437
vt 0.810762 0.735759
vt 0.841094 0.793017
vt 0.813846 0.812734
vt 0.813216 0.785947
vt 0.840367 0.935901
vt 0.815076 0.953334
vt 0.815621 0.920449
vt 0.853539 0.862415
vt 0.815664 0.907599
vt 0.816877 0.861724
vt 0.566419 0.898735
vt 0.585736 0.916817
vt 0.569629 0.920610
vt 0.809388 0.916362
vt 0.786878 0.937254
vt 0.788878 0.905696
vt 0.564813 0.885699
vt 0.578757 0.853732
vt 0.579786 0.880268
vt 0.541705 0.751669
vt 0.556017 0.798098
vt 0.538136 0.793650
vt 0.562384 0.799911
vt 0.581092 0.778646
vt 0.578982 0.805034
vt 0.567633 0.752982
vt 0.584857 0.742496
vt 0.582105 0.766473
vt 0.806798 0.775723
vt 0.790625 0.753588
vt 0.804802 0.739820
vt 0.784014 0.756957
vt 0.771627 0.785018
vt 0.768792 0.757962
vt 0.786895 0.832325
vt 0.776340 0.850555
vt 0.775448 0.830731
vt 0.808418 0.826246
vt 0.792932 0.851565
vt 0.793477 0.831563
vt 0.729495 0.851962
vt 0.679633 0.829416
vt 0.732422 0.836002
vt 0.730336 0.790125
vt 0.712036 0.795473
vt 0.714083 0.786106
vt 0.679866 0.670905
vt 0.674221 0.662091
vt 0.679189 0.659611
vt 0.680021 0.623632
vt 0.682344 0.623070
vt 0.681359 0.630538
vt 0.612285 0.871136
vt 0.608381 0.862681
vt 0.612069 0.862359
vt 0.605505 0.804812
vt 0.661274 0.770893
vt 0.661082 0.791359
vt 0.792090 0.181008
vt 0.796083 0.171111
vt 0.790605 0.170101
vt 0.789852 0.178517
vt 0.791501 0.156968
vt 0.793340 0.170841
vt 0.793799 0.157523
vt 0.762435 0.152707
vt 0.764480 0.165794
vt 0.761701 0.165250
vt 0.764731 0.153345
vt 0.763967 0.175281
vt 0.766958 0.165949
vt 0.511995 0.171336
vt 0.514021 0.168198
vt 0.821901 0.176121
vt 0.821747 0.186310
vt 0.819598 0.184096
vt 0.822946 0.162415
vt 0.825171 0.175477
vt 0.511575 0.169277
vt 0.511149 0.155434
vt 0.542521 0.155894
vt 0.542069 0.142626
vt 0.543944 0.166265
vt 0.545171 0.154613
vt 0.541113 0.165044
vt 0.539644 0.143423
vt 0.539762 0.156836
vt 0.568351 0.145766
vt 0.571441 0.155728
vt 0.570846 0.145152
vt 0.570663 0.132933
vt 0.573514 0.144402
vt 0.599962 0.151566
vt 0.602373 0.140588
vt 0.599266 0.140711
vt 0.599219 0.129394
vt 0.597033 0.140621
vt 0.628404 0.154954
vt 0.631829 0.144088
vt 0.628387 0.143469
vt 0.628512 0.132560
vt 0.626149 0.142725
vt 0.675704 0.172405
vt 0.675893 0.160278
vt 0.659999 0.153281
vt 0.658172 0.165783
vt 0.660212 0.142696
vt 0.657731 0.152541
vt 0.672701 0.160209
vt 0.672083 0.149253
vt 0.705653 0.161356
vt 0.706691 0.173896
vt 0.705454 0.149936
vt 0.702812 0.160859
vt 0.702841 0.148989
vt 0.708391 0.161086
vt 0.736430 0.174000
vt 0.738480 0.162979
vt 0.735845 0.163150
vt 0.735763 0.151263
vt 0.733169 0.162561
vt 0.733364 0.150456
vt 0.738088 0.150541
vt 0.651465 0.201824
vt 0.653794 0.194426
vt 0.653874 0.202314
vt 0.655073 0.186981
vt 0.651369 0.193693
vt 0.652829 0.184619
vt 0.684049 0.200431
vt 0.681868 0.193106
vt 0.684014 0.208932
vt 0.685954 0.200430
vt 0.628626 0.194318
vt 0.630628 0.187422
vt 0.626106 0.194500
vt 0.628824 0.187021
vt 0.628769 0.179824
vt 0.626156 0.186733
vt 0.626208 0.177918
vt 0.708939 0.200578
vt 0.708289 0.192519
vt 0.709037 0.208747
vt 0.711078 0.200650
vt 0.706452 0.200416
vt 0.706438 0.209133
vt 0.705439 0.190129
vt 0.738033 0.203877
vt 0.737708 0.196808
vt 0.737838 0.212048
vt 0.740043 0.203882
vt 0.735195 0.203347
vt 0.735122 0.211949
vt 0.734962 0.194520
vt 0.762416 0.200129
vt 0.759433 0.205978
vt 0.759901 0.198088
vt 0.762115 0.207495
vt 0.765273 0.206681
vt 0.761111 0.223182
vt 0.764291 0.223522
vt 0.758939 0.214083
vt 0.789111 0.203663
vt 0.786444 0.209436
vt 0.788377 0.209910
vt 0.788667 0.217198
vt 0.790851 0.210184
vt 0.813796 0.208671
vt 0.809960 0.213987
vt 0.522125 0.208674
vt 0.520381 0.202796
vt 0.522722 0.216488
vt 0.524457 0.207540
vt 0.811777 0.214349
vt 0.811994 0.221850
vt 0.548242 0.196167
vt 0.547349 0.189876
vt 0.548746 0.203268
vt 0.550458 0.195363
vt 0.546228 0.196955
vt 0.573093 0.182523
vt 0.571242 0.189595
vt 0.570439 0.181119
vt 0.573494 0.189135
vt 0.573717 0.195936
vt 0.575705 0.188696
vt 0.576223 0.196102
vt 0.602085 0.178770
vt 0.599998 0.185675
vt 0.599438 0.177381
vt 0.602563 0.185476
vt 0.602530 0.192398
vt 0.604516 0.185464
vt 0.759439 0.330954
vt 0.757347 0.325212
vt 0.757516 0.331178
vt 0.755060 0.331347
vt 0.757515 0.338007
vt 0.755031 0.339011
vt 0.775476 0.330547
vt 0.775311 0.323452
vt 0.775346 0.338156
vt 0.777775 0.330972
vt 0.772712 0.330553
vt 0.772913 0.338045
vt 0.772826 0.323178
vt 0.770691 0.408169
vt 0.771711 0.414635
vt 0.773388 0.408266
vt 0.775603 0.408321
vt 0.773815 0.400375
vt 0.775966 0.400796
vt 0.759118 0.414494
vt 0.760631 0.407744
vt 0.757668 0.407584
vt 0.757378 0.399409
vt 0.755563 0.408018
vt 0.542094 0.334221
vt 0.540309 0.329816
vt 0.542068 0.342287
vt 0.543914 0.334198
vt 0.806382 0.337893
vt 0.808385 0.346090
vt 0.809839 0.333829
vt 0.807831 0.331512
vt 0.542408 0.419674
vt 0.544711 0.413399
vt 0.801771 0.411826
vt 0.802666 0.418840
vt 0.800697 0.416864
vt 0.804294 0.411559
vt 0.544247 0.405496
vt 0.542195 0.413204
vt 0.541865 0.405261
vt 0.789194 0.408610
vt 0.791600 0.409135
vt 0.786813 0.408480
vt 0.788445 0.414916
vt 0.786243 0.413782
vt 0.789584 0.400941
vt 0.791804 0.401567
vt 0.792434 0.334441
vt 0.792485 0.329129
vt 0.792165 0.341438
vt 0.794191 0.334726
vt 0.790037 0.333731
vt 0.556677 0.334035
vt 0.558989 0.342394
vt 0.558492 0.329127
vt 0.555907 0.327994
vt 0.558946 0.334241
vt 0.561303 0.334149
vt 0.559214 0.423024
vt 0.561707 0.414824
vt 0.556933 0.424278
vt 0.558851 0.414765
vt 0.552138 0.413977
vt 0.552205 0.419960
vt 0.559284 0.406580
vt 0.575926 0.335038
vt 0.578191 0.343212
vt 0.577995 0.330156
vt 0.580487 0.334772
vt 0.578535 0.408253
vt 0.576240 0.416575
vt 0.576082 0.408098
vt 0.581040 0.408541
vt 0.578570 0.416791
vt 0.578493 0.423574
vt 0.580889 0.417066
vt 0.602429 0.331087
vt 0.600302 0.326456
vt 0.600128 0.331657
vt 0.597840 0.331798
vt 0.599990 0.339814
vt 0.598813 0.409746
vt 0.596175 0.418447
vt 0.599621 0.418769
vt 0.612009 0.423912
vt 0.611810 0.417200
vt 0.598246 0.425349
vt 0.595856 0.425909
vt 0.621775 0.328722
vt 0.621956 0.336875
vt 0.622283 0.323188
vt 0.619717 0.328693
vt 0.624210 0.328760
vt 0.623959 0.415975
vt 0.623780 0.407208
vt 0.624114 0.423749
vt 0.626590 0.415505
vt 0.621042 0.416166
vt 0.621327 0.407717
vt 0.647200 0.325579
vt 0.643756 0.331501
vt 0.645087 0.323601
vt 0.690525 0.348746
vt 0.688902 0.342215
vt 0.691546 0.356636
vt 0.692758 0.347495
vt 0.645653 0.331767
vt 0.645905 0.339200
vt 0.705284 0.439723
vt 0.704972 0.432485
vt 0.648064 0.412770
vt 0.647843 0.419436
vt 0.648110 0.404213
vt 0.645585 0.413085
vt 0.645742 0.404834
vt 0.702683 0.434062
vt 0.701104 0.425296
vt 0.705091 0.332871
vt 0.703835 0.341293
vt 0.711212 0.336884
vt 0.714193 0.336608
vt 0.711126 0.328997
vt 0.712644 0.345055
vt 0.719168 0.422705
vt 0.722968 0.427661
vt 0.718719 0.414018
vt 0.721860 0.420859
vt 0.720848 0.412184
vt 0.724026 0.419727
vt 0.734557 0.334081
vt 0.737126 0.333779
vt 0.732463 0.334383
vt 0.734979 0.341078
vt 0.734634 0.325779
vt 0.737251 0.412913
vt 0.740143 0.418737
vt 0.737896 0.418332
vt 0.737114 0.404602
vt 0.739667 0.411670
vt 0.739121 0.403012
vt 0.741913 0.411144
vt 0.711218 0.450739
vt 0.709612 0.447758
vt 0.711707 0.459718
vt 0.713203 0.450414
vt 0.714298 0.458604
vt 0.646549 0.433000
vt 0.645978 0.441355
vt 0.647021 0.429353
vt 0.644147 0.432537
vt 0.644751 0.427633
vt 0.624518 0.441035
vt 0.626402 0.429120
vt 0.621314 0.439297
vt 0.620870 0.427392
vt 0.619512 0.434525
vt 0.624067 0.429275
vt 0.624116 0.423928
vt 0.726185 0.448516
vt 0.725552 0.444270
vt 0.726709 0.455763
vt 0.728353 0.447779
vt 0.723786 0.448683
vt 0.722809 0.443566
vt 0.742138 0.445398
vt 0.741518 0.440673
vt 0.747989 0.455841
vt 0.746429 0.443122
vt 0.746084 0.459848
vt 0.739929 0.452952
vt 0.742992 0.455914
vt 0.739414 0.445169
vt 0.768418 0.435868
vt 0.766980 0.430354
vt 0.764956 0.437122
vt 0.761931 0.438164
vt 0.765750 0.445196
vt 0.763583 0.431983
vt 0.761200 0.433452
vt 0.799061 0.426336
vt 0.801703 0.431654
vt 0.799491 0.433263
vt 0.801046 0.425401
vt 0.545175 0.425319
vt 0.542673 0.422704
vt 0.542995 0.427727
vt 0.786732 0.429031
vt 0.784699 0.429631
vt 0.789101 0.428377
vt 0.787211 0.424653
vt 0.787268 0.435521
vt 0.784847 0.437128
vt 0.771760 0.498178
vt 0.773312 0.515923
vt 0.769818 0.484207
vt 0.767707 0.491412
vt 0.779710 0.496104
vt 0.778440 0.492124
vt 0.777902 0.518002
vt 0.537087 0.499741
vt 0.537318 0.493858
vt 0.545630 0.500197
vt 0.545619 0.492376
vt 0.536138 0.500561
vt 0.799726 0.492164
vt 0.801662 0.497793
vt 0.796928 0.488733
vt 0.795911 0.492915
vt 0.800262 0.491002
vt 0.818490 0.560770
vt 0.822228 0.566031
vt 0.817610 0.553820
vt 0.821946 0.556776
vt 0.534793 0.583877
vt 0.532570 0.576498
vt 0.532544 0.586664
vt 0.797732 0.576299
vt 0.796130 0.587695
vt 0.795721 0.572060
vt 0.807179 0.576440
vt 0.805361 0.569903
vt 0.799781 0.589023
vt 0.559130 0.499890
vt 0.557016 0.499760
vt 0.561272 0.499803
vt 0.558987 0.495464
vt 0.558837 0.506631
vt 0.556405 0.507064
vt 0.552560 0.579519
vt 0.556114 0.587143
vt 0.553211 0.585462
vt 0.555743 0.579031
vt 0.556028 0.571321
vt 0.558473 0.578817
vt 0.576046 0.500885
vt 0.578489 0.500938
vt 0.573922 0.500536
vt 0.575647 0.507760
vt 0.573122 0.507701
vt 0.576353 0.496692
vt 0.573476 0.579363
vt 0.571978 0.571836
vt 0.571209 0.579214
vt 0.567920 0.579055
vt 0.568539 0.585575
vt 0.595959 0.502804
vt 0.593926 0.498274
vt 0.593674 0.502868
vt 0.591362 0.502409
vt 0.592977 0.509638
vt 0.590382 0.509522
vt 0.585568 0.581077
vt 0.582788 0.580419
vt 0.586376 0.573520
vt 0.588852 0.582858
vt 0.584091 0.589028
vt 0.610073 0.503773
vt 0.610170 0.498906
vt 0.609799 0.511451
vt 0.612271 0.503306
vt 0.607806 0.503474
vt 0.607235 0.511298
vt 0.607827 0.497522
vt 0.609992 0.581024
vt 0.607480 0.576579
vt 0.606640 0.594592
vt 0.606104 0.607172
vt 0.609268 0.604175
vt 0.603230 0.602621
vt 0.601370 0.591082
vt 0.599734 0.597928
vt 0.627597 0.495671
vt 0.624385 0.501668
vt 0.630127 0.500170
vt 0.628127 0.502647
vt 0.623660 0.521945
vt 0.628065 0.519322
vt 0.535434 0.604348
vt 0.534654 0.599574
vt 0.535282 0.609129
vt 0.538134 0.605009
vt 0.822000 0.577425
vt 0.823004 0.581757
vt 0.822093 0.572764
vt 0.819412 0.577253
vt 0.557393 0.609416
vt 0.554583 0.609033
vt 0.556905 0.603363
vt 0.562405 0.608999
vt 0.560795 0.602053
vt 0.564070 0.603476
vt 0.557177 0.614442
vt 0.584273 0.605017
vt 0.581622 0.602322
vt 0.580900 0.606681
vt 0.578568 0.606892
vt 0.580767 0.611856
vt 0.577521 0.612559
vt 0.791887 0.481602
vt 0.794927 0.486279
vt 0.790710 0.474140
vt 0.789583 0.483393
vt 0.796003 0.479957
vt 0.539342 0.482353
vt 0.541870 0.479915
vt 0.802947 0.476927
vt 0.804316 0.482224
vt 0.807467 0.472994
vt 0.540288 0.471807
vt 0.552071 0.480752
vt 0.551823 0.487021
vt 0.558004 0.481755
vt 0.560856 0.480836
vt 0.558585 0.472726
vt 0.558793 0.490055
vt 0.577665 0.477714
vt 0.579975 0.477374
vt 0.574814 0.478247
vt 0.577218 0.485239
vt 0.574845 0.484284
vt 0.575747 0.470390
vt 0.577900 0.469059
vt 0.592771 0.475495
vt 0.594737 0.482784
vt 0.592603 0.481362
vt 0.595158 0.475238
vt 0.597648 0.475789
vt 0.595655 0.466838
vt 0.612727 0.486219
vt 0.610897 0.479175
vt 0.614270 0.480252
vt 0.608925 0.478669
vt 0.610405 0.486829
vt 0.612769 0.470901
vt 0.625895 0.484276
vt 0.627108 0.492651
vt 0.625448 0.475284
vt 0.623661 0.483203
vt 0.629285 0.486121
vt 0.715442 0.543627
vt 0.718388 0.538198
vt 0.639185 0.502620
vt 0.639972 0.494527
vt 0.642391 0.519761
vt 0.635068 0.489784
vt 0.634122 0.497880
vt 0.639871 0.484466
vt 0.641329 0.493749
vt 0.715284 0.519275
vt 0.714503 0.511037
vt 0.557251 0.664663
vt 0.556837 0.659148
vt 0.822661 0.460121
vt 0.818375 0.459226
vt 0.822967 0.468580
vt 0.553884 0.659336
vt 0.556805 0.663352
vt 0.553338 0.664574
vt 0.830652 0.628796
vt 0.834236 0.630219
vt 0.831220 0.634275
vt 0.533961 0.664039
vt 0.533716 0.658428
vt 0.840782 0.478703
vt 0.837058 0.483035
vt 0.843557 0.485136
vt 0.580625 0.664359
vt 0.580230 0.658462
vt 0.813458 0.423796
vt 0.810266 0.418032
vt 0.811207 0.430992
vt 0.580178 0.662991
vt 0.576737 0.664422
vt 0.602913 0.661742
vt 0.599634 0.663486
vt 0.606410 0.663559
vt 0.603226 0.656394
vt 0.814285 0.381246
vt 0.815916 0.375026
vt 0.812785 0.386571
vt 0.816705 0.383613
vt 0.648208 0.662170
vt 0.644756 0.663961
vt 0.719499 0.695216
vt 0.718876 0.687225
vt 0.851211 0.348649
vt 0.854840 0.344307
vt 0.848415 0.342220
vt 0.624761 0.664680
vt 0.625155 0.647354
vt 0.831119 0.354917
vt 0.832839 0.347112
vt 0.828847 0.349202
vt 0.623917 0.661383
vt 0.620515 0.664421
vt 0.620730 0.648936
vt 0.742407 0.684633
vt 0.739260 0.691588
vt 0.740909 0.655474
vt 0.739561 0.667279
vt 0.743442 0.690817
vt 0.869302 0.367190
vt 0.873521 0.367936
vt 0.868527 0.358329
vt 0.878515 0.403447
vt 0.881711 0.409103
vt 0.880689 0.396203
vt 0.767310 0.679923
vt 0.763837 0.683111
vt 0.767894 0.681490
vt 0.766642 0.673764
vt 0.846395 0.412694
vt 0.838467 0.404899
vt 0.842315 0.397213
vt 0.847692 0.395524
vt 0.852536 0.400488
vt 0.854998 0.410197
vt 0.854131 0.420942
vt 0.844904 0.430288
vt 0.850276 0.428616
vt 0.840069 0.425327
vt 0.837609 0.415635
vt 0.813098 0.649517
vt 0.811526 0.643865
vt 0.860899 0.472391
vt 0.859296 0.480232
vt 0.865070 0.474208
vt 0.812515 0.648480
vt 0.809336 0.652577
vt 0.791585 0.666976
vt 0.791894 0.650073
vt 0.878024 0.446544
vt 0.875622 0.453202
vt 0.879162 0.440698
vt 0.875303 0.443627
vt 0.790168 0.663080
vt 0.787333 0.669731
vt 0.787971 0.643902
vt 0.792520 0.311171
vt 0.795383 0.302471
vt 0.792522 0.301642
vt 0.792185 0.293489
vt 0.789687 0.301431
vt 0.789767 0.293548
vt 0.774558 0.302627
vt 0.774879 0.309933
vt 0.773606 0.294725
vt 0.771833 0.302959
vt 0.776621 0.302527
vt 0.777237 0.309660
vt 0.814311 0.310990
vt 0.813029 0.318535
vt 0.814340 0.302906
vt 0.811835 0.309875
vt 0.811958 0.302229
vt 0.531807 0.308486
vt 0.530870 0.300095
vt 0.534510 0.315505
vt 0.534085 0.307047
vt 0.555103 0.293947
vt 0.557277 0.293084
vt 0.552227 0.295584
vt 0.555914 0.301665
vt 0.552384 0.287406
vt 0.554609 0.285835
vt 0.574695 0.294235
vt 0.576661 0.287388
vt 0.576934 0.295640
vt 0.574318 0.280297
vt 0.574164 0.287948
vt 0.576417 0.279264
vt 0.579067 0.287389
vt 0.625293 0.294490
vt 0.625583 0.285982
vt 0.624363 0.303317
vt 0.628169 0.295349
vt 0.622920 0.293799
vt 0.622319 0.300863
vt 0.601286 0.297900
vt 0.604151 0.289850
vt 0.599167 0.295710
vt 0.601581 0.289457
vt 0.599183 0.289105
vt 0.601663 0.281041
vt 0.649993 0.303340
vt 0.649694 0.315601
vt 0.652642 0.295544
vt 0.685249 0.318984
vt 0.683602 0.310116
vt 0.692180 0.324902
vt 0.693342 0.316106
vt 0.684366 0.322989
vt 0.707008 0.311245
vt 0.710647 0.321742
vt 0.709945 0.310622
vt 0.709812 0.301431
vt 0.712845 0.310237
vt 0.732097 0.310345
vt 0.734708 0.320598
vt 0.732066 0.319929
vt 0.734819 0.310453
vt 0.737247 0.309706
vt 0.735123 0.301495
vt 0.756769 0.304672
vt 0.754057 0.305115
vt 0.759630 0.304117
vt 0.757146 0.295987
vt 0.757009 0.314526
vt 0.754430 0.313142
vt 0.758977 0.853253
vt 0.761599 0.853714
vt 0.756105 0.853506
vt 0.758726 0.860952
vt 0.758220 0.847274
vt 0.760014 0.880066
vt 0.758188 0.872339
vt 0.761511 0.873663
vt 0.757817 0.878209
vt 0.754981 0.876699
vt 0.755997 0.883406
vt 0.739741 0.867051
vt 0.742379 0.876467
vt 0.744293 0.864976
vt 0.747264 0.867034
vt 0.743806 0.870738
vt 0.747287 0.872668
vt 0.744628 0.854936
vt 0.748049 0.854494
vt 0.740343 0.856529
vt 0.744499 0.861058
vt 0.743717 0.847919
vt 0.746923 0.848678
vt 0.753987 0.824124
vt 0.743359 0.827096
vt 0.757754 0.823643
vt 0.753954 0.816945
vt 0.755979 0.832246
vt 0.746510 0.832072
vt 0.738395 0.844769
vt 0.742915 0.842874
vt 0.741657 0.837121
vt 0.744836 0.833821
vt 0.738378 0.830650
vt 0.737162 0.828863
vt 0.735919 0.836976
vt 0.730607 0.822973
vt 0.726243 0.827734
vt 0.719362 0.820306
vt 0.743905 0.826925
vt 0.740690 0.819355
vt 0.739905 0.833290
vt 0.732042 0.859605
vt 0.732422 0.876528
vt 0.728870 0.859484
vt 0.739562 0.842168
vt 0.735443 0.839543
vt 0.738874 0.857066
vt 0.738270 0.865703
vt 0.736673 0.877275
vt 0.739220 0.886411
vt 0.740910 0.881548
vt 0.735997 0.890650
vt 0.741675 0.891419
vt 0.736837 0.877858
vt 0.615816 0.888996
vt 0.612121 0.894229
vt 0.615713 0.876568
vt 0.612205 0.881175
vt 0.616031 0.889462
vt 0.732742 0.884061
vt 0.729341 0.893071
vt 0.729311 0.885455
vt 0.736734 0.889821
vt 0.738524 0.897616
vt 0.604433 0.895929
vt 0.602636 0.905876
vt 0.606023 0.901664
vt 0.743381 0.894813
vt 0.739981 0.898641
vt 0.748076 0.894453
vt 0.748221 0.904438
vt 0.750237 0.908332
vt 0.750442 0.898430
vt 0.678954 0.617468
vt 0.674950 0.614439
vt 0.675613 0.619217
vt 0.673742 0.626921
vt 0.677626 0.629308
vt 0.683189 0.609948
vt 0.686577 0.615841
vt 0.682728 0.616554
vt 0.686507 0.610403
vt 0.685746 0.622869
vt 0.689331 0.617733
vt 0.682255 0.650606
vt 0.688022 0.652342
vt 0.678210 0.653506
vt 0.682420 0.659427
vt 0.684092 0.635412
vt 0.679428 0.638612
vt 0.688998 0.639547
vt 0.697525 0.624372
vt 0.699154 0.635958
vt 0.693789 0.631327
vt 0.692939 0.611227
vt 0.690084 0.618348
vt 0.700189 0.616557
vt 0.702675 0.628573
vt 0.683905 0.684382
vt 0.683175 0.672008
vt 0.686912 0.688345
vt 0.687956 0.677980
vt 0.689594 0.683781
vt 0.681152 0.688807
vt 0.679128 0.677579
vt 0.670017 0.645243
vt 0.664506 0.643382
vt 0.667180 0.658125
vt 0.670442 0.664020
vt 0.673140 0.656038
vt 0.664844 0.663771
vt 0.661222 0.648944
vt 0.679915 0.849143
vt 0.677317 0.855783
vt 0.676362 0.847176
vt 0.677219 0.863690
vt 0.680321 0.855999
vt 0.672602 0.597766
vt 0.676239 0.594253
vt 0.669210 0.601419
vt 0.673471 0.603938
vt 0.670587 0.607574
vt 0.676046 0.828153
vt 0.679760 0.822587
vt 0.660709 0.621551
vt 0.662367 0.614560
vt 0.657999 0.629927
vt 0.661983 0.628872
vt 0.676856 0.822266
vt 0.676268 0.810035
vt 0.666026 0.902613
vt 0.662966 0.904979
vt 0.692064 0.608783
vt 0.692749 0.596168
vt 0.686342 0.606078
vt 0.685773 0.591213
vt 0.682448 0.883604
vt 0.678397 0.876816
vt 0.616676 0.817667
vt 0.614621 0.809796
vt 0.603521 0.813536
vt 0.602205 0.826094
vt 0.607135 0.827783
vt 0.602202 0.807014
vt 0.599853 0.812634
vt 0.662676 0.834681
vt 0.664056 0.846709
vt 0.653309 0.830418
vt 0.653460 0.838706
vt 0.663960 0.833505
vt 0.707692 0.644917
vt 0.712112 0.648717
vt 0.712587 0.636560
vt 0.709902 0.625277
vt 0.706448 0.631613
vt 0.615709 0.855378
vt 0.615349 0.861775
vt 0.612980 0.847830
vt 0.610808 0.855802
vt 0.625738 0.858401
vt 0.625042 0.851117
vt 0.618636 0.862955
vt 0.608293 0.781539
vt 0.607987 0.772030
vt 0.604015 0.790231
vt 0.600693 0.783243
vt 0.597772 0.783009
vt 0.600609 0.790846
vt 0.600879 0.774570
vt 0.659110 0.754356
vt 0.659005 0.765058
vt 0.664634 0.759150
vt 0.689425 0.691088
vt 0.685878 0.697437
vt 0.696561 0.698876
vt 0.664595 0.769338
vt 0.663793 0.797204
vt 0.664264 0.807709
vt 0.664432 0.791229
vt 0.660918 0.797940
vt 0.708853 0.673520
vt 0.707379 0.679578
vt 0.710653 0.664491
vt 0.706653 0.667717
vt 0.745801 0.804395
vt 0.752369 0.802568
vt 0.750129 0.790110
vt 0.739574 0.786610
vt 0.736374 0.793667
vt 0.747210 0.781121
vt 0.754129 0.789820
vt 0.750529 0.782899
vt 0.713663 0.808026
vt 0.716210 0.799560
vt 0.707567 0.801561
vt 0.704812 0.801984
vt 0.709351 0.791867
vt 0.705586 0.788922
vt 0.711698 0.779128
vt 0.710613 0.786093
vt 0.711536 0.771645
vt 0.707455 0.773058
vt 0.715134 0.780567
vt 0.701260 0.653908
vt 0.703581 0.659616
vt 0.695598 0.653223
vt 0.697899 0.660188
vt 0.704828 0.649015
vt 0.700308 0.645119
vt 0.676840 0.694457
vt 0.673277 0.692353
vt 0.681889 0.696899
vt 0.680379 0.689820
vt 0.664065 0.722141
vt 0.664599 0.734420
vt 0.682087 0.733208
vt 0.686136 0.728872
vt 0.663671 0.666128
vt 0.659443 0.664296
vt 0.665512 0.671842
vt 0.660879 0.672763
vt 0.681939 0.765929
vt 0.679367 0.757954
vt 0.682624 0.758963
vt 0.678446 0.766772
vt 0.680452 0.792519
vt 0.677595 0.799087
vt 0.677401 0.784641
vt 0.676409 0.804745
vt 0.680368 0.799382
vt 0.657425 0.642585
vt 0.657033 0.634824
vt 0.657976 0.654069
vt 0.660783 0.648209
vt 0.701697 0.611653
vt 0.706278 0.612310
vt 0.703909 0.604095
vt 0.663905 0.869192
vt 0.664587 0.875743
vt 0.664229 0.867836
vt 0.660953 0.868357
vt 0.644359 0.730691
vt 0.646041 0.723153
vt 0.638871 0.725028
vt 0.627326 0.734372
vt 0.628638 0.740602
vt 0.707741 0.739661
vt 0.720964 0.736108
vt 0.705639 0.751716
vt 0.709087 0.748331
vt 0.704212 0.776755
vt 0.707312 0.772846
vt 0.703245 0.766632
vt 0.700324 0.766452
vt 0.706892 0.763276
vt 0.704487 0.758329
vt 0.744038 0.729907
vt 0.747454 0.736311
vt 0.602669 0.755733
vt 0.605425 0.753345
vt 0.600187 0.752846
vt 0.602174 0.760942
vt 0.599153 0.758760
vt 0.746971 0.729528
vt 0.749143 0.725947
vt 0.710740 0.760311
vt 0.714465 0.760046
vt 0.706514 0.763596
vt 0.711322 0.767802
vt 0.709793 0.752884
vt 0.713193 0.754452
vt 0.605740 0.867171
vt 0.606553 0.856173
vt 0.602287 0.872135
vt 0.598785 0.867848
vt 0.601099 0.857141
vt 0.596695 0.854964
vt 0.597165 0.862568
vt 0.601230 0.848786
vt 0.570825 0.926782
vt 0.566415 0.922332
vt 0.783529 0.934347
vt 0.779503 0.939720
vt 0.780172 0.932680
vt 0.783264 0.941990
vt 0.567224 0.927757
vt 0.565147 0.931391
vt 0.561648 0.888078
vt 0.559693 0.895488
vt 0.564855 0.892701
vt 0.562979 0.899277
vt 0.559993 0.902254
vt 0.579733 0.886139
vt 0.584354 0.890474
vt 0.581034 0.891678
vt 0.583348 0.883947
vt 0.587222 0.878310
vt 0.582931 0.876689
vt 0.591045 0.920406
vt 0.589048 0.915734
vt 0.762171 0.920215
vt 0.757520 0.922398
vt 0.759264 0.916314
vt 0.761407 0.928903
vt 0.586447 0.922551
vt 0.558133 0.849385
vt 0.560702 0.842567
vt 0.561410 0.849642
vt 0.554896 0.849943
vt 0.557536 0.841790
vt 0.557580 0.836560
vt 0.555067 0.842756
vt 0.581859 0.849055
vt 0.582059 0.855673
vt 0.581767 0.843124
vt 0.578186 0.847827
vt 0.585920 0.850590
vt 0.556035 0.805087
vt 0.558340 0.812141
vt 0.555053 0.811626
vt 0.559157 0.799880
vt 0.561410 0.806541
vt 0.561528 0.813250
vt 0.585231 0.817261
vt 0.581843 0.811332
vt 0.586419 0.811738
vt 0.581716 0.817440
vt 0.578160 0.810571
vt 0.582223 0.804745
vt 0.563670 0.756983
vt 0.564325 0.752085
vt 0.562893 0.763977
vt 0.566299 0.759242
vt 0.565856 0.766291
vt 0.559846 0.761988
vt 0.561203 0.755610
vt 0.585396 0.767512
vt 0.581110 0.772467
vt 0.584601 0.775183
vt 0.584071 0.780955
vt 0.588567 0.777796
vt 0.587378 0.782935
vt 0.565428 0.721546
vt 0.568841 0.718865
vt 0.568093 0.726082
vt 0.781802 0.723121
vt 0.783397 0.715035
vt 0.780426 0.718266
vt 0.571755 0.721991
vt 0.571096 0.728922
vt 0.758818 0.711967
vt 0.760565 0.719941
vt 0.587954 0.744834
vt 0.591977 0.743295
vt 0.587957 0.738699
vt 0.763137 0.712337
vt 0.792192 0.788389
vt 0.789447 0.782603
vt 0.792615 0.781242
vt 0.789827 0.789390
vt 0.786463 0.789786
vt 0.790037 0.795460
vt 0.785964 0.782824
vt 0.786940 0.817976
vt 0.790343 0.825294
vt 0.787269 0.825128
vt 0.793096 0.824627
vt 0.790305 0.818236
vt 0.793536 0.817654
vt 0.790221 0.831919
vt 0.771723 0.824137
vt 0.771159 0.817155
vt 0.772142 0.831118
vt 0.775433 0.824373
vt 0.767510 0.823989
vt 0.767624 0.817550
vt 0.768671 0.791478
vt 0.768029 0.784437
vt 0.769348 0.797698
vt 0.772341 0.791287
vt 0.764393 0.791112
vt 0.786504 0.858487
vt 0.788994 0.864904
vt 0.786413 0.851246
vt 0.789448 0.858947
vt 0.791877 0.858698
vt 0.789704 0.852245
vt 0.773147 0.856433
vt 0.776590 0.856924
vt 0.768813 0.855371
vt 0.772171 0.863506
vt 0.769592 0.849186
vt 0.773028 0.849709
vt 0.768219 0.887097
vt 0.771821 0.889191
vt 0.767037 0.893755
vt 0.769335 0.880608
vt 0.764768 0.884207
vt 0.772635 0.882887
vt 0.785671 0.902983
vt 0.788866 0.898535
vt 0.786080 0.896994
vt 0.786694 0.890230
vt 0.783105 0.895365
vt 0.789979 0.891916
vt 0.788844 0.740400
vt 0.786774 0.749392
vt 0.785566 0.742514
vt 0.787340 0.754927
vt 0.789254 0.747462
vt 0.783399 0.749926
vt 0.782174 0.743232
vt 0.763833 0.745699
vt 0.760785 0.754373
vt 0.764603 0.752300
vt 0.765430 0.759618
vt 0.768275 0.751582
vt 0.746471 0.761426
vt 0.749658 0.768330
vt 0.748839 0.755755
vt 0.751921 0.759886
vt 0.751845 0.752822
vt 0.753063 0.766631
vt 0.812689 0.911947
vt 0.812613 0.920013
vt 0.812903 0.905843
vt 0.808807 0.909574
vt 0.815995 0.913783
vt 0.813694 0.850203
vt 0.809683 0.856674
vt 0.810407 0.850960
vt 0.816570 0.850746
vt 0.814007 0.856285
vt 0.817188 0.856103
vt 0.814010 0.863056
vt 0.548635 0.960290
vt 0.544291 0.959075
vt 0.808621 0.952935
vt 0.811933 0.961048
vt 0.807440 0.958625
vt 0.815187 0.959458
vt 0.812041 0.954540
vt 0.545118 0.965447
vt 0.542089 0.967718
vt 0.537391 0.902500
vt 0.534925 0.909670
vt 0.541743 0.907099
vt 0.538679 0.915870
vt 0.535800 0.915734
vt 0.537957 0.909334
vt 0.538114 0.851208
vt 0.534136 0.846175
vt 0.534215 0.852936
vt 0.531266 0.853282
vt 0.534484 0.859062
vt 0.534555 0.798262
vt 0.535045 0.791338
vt 0.534392 0.804349
vt 0.538473 0.799736
vt 0.531683 0.795629
vt 0.539140 0.744892
vt 0.543043 0.746266
vt 0.535863 0.747018
vt 0.538386 0.752526
vt 0.540048 0.738429
vt 0.800781 0.691525
vt 0.805198 0.693107
vt 0.548202 0.688514
vt 0.551806 0.692784
vt 0.545108 0.687773
vt 0.547180 0.694770
vt 0.544375 0.693775
vt 0.804776 0.686687
vt 0.808069 0.685443
vt 0.807617 0.731153
vt 0.803952 0.734324
vt 0.810753 0.730000
vt 0.807220 0.723906
vt 0.810183 0.723643
vt 0.808015 0.737302
vt 0.809944 0.774266
vt 0.806127 0.781970
vt 0.810149 0.780464
vt 0.813384 0.780868
vt 0.810409 0.786965
vt 0.807662 0.820863
vt 0.811603 0.825003
vt 0.811146 0.819727
vt 0.814164 0.817797
vt 0.811039 0.813788
vt 0.802302 0.486586
vt 0.538240 0.488616
vt 0.514132 0.179351
vt 0.533527 0.592679
vt 0.678017 0.774097
vt 0.777952 0.717417
vt 0.585215 0.735872
vt 0.542665 0.433098
vt 0.806700 0.467493
vt 0.764251 0.930603
vt 0.722765 0.694616
vt 0.766431 0.019425
vt 0.764135 0.018971
vt 0.583720 0.664217
vt 0.770987 0.679619
vt 0.566907 0.715904
vt 0.797295 0.023228
vt 0.826237 0.354415
vt 0.661233 0.722300
vt 0.701505 0.736547
vt 0.851588 0.790558
vt 0.861319 0.784455
vt 0.538801 0.019965
vt 0.619563 0.890630
vt 0.845698 0.718762
vt 0.851574 0.790727
vt 0.747031 0.689461
vt 0.508137 0.021002
vt 0.828035 0.028669
vt 0.508217 0.770777
vt 0.672256 0.022225
vt 0.660392 0.019164
vt 0.662682 0.019806
vt 0.508200 0.771041
vt 0.502530 0.773998
vt 0.611060 0.895523
vt 0.842405 0.677972
vt 0.511496 0.690434
vt 0.815954 0.647115
vt 0.785747 0.943699
vt 0.631637 0.018931
vt 0.629327 0.018415
vt 0.507742 0.853853
vt 0.507829 0.860729
vt 0.737685 0.018046
vt 0.735358 0.018491
vt 0.850140 0.935105
vt 0.859154 0.931083
vt 0.853848 0.855376
vt 0.801934 0.421807
vt 0.569642 0.018755
vt 0.567347 0.018722
vt 0.560422 0.664624
vt 0.600613 0.018345
vt 0.598292 0.018063
vt 0.698922 0.694665
vt 0.664610 0.742252
vt 0.535801 0.507732
vt 0.508548 0.983319
vt 0.850126 0.935374
vt 0.804700 0.405066
vt 0.664085 0.822892
vt 0.703994 0.019930
vt 0.665456 0.891982
vt 0.700800 0.601887
vt 0.508452 0.910241
vt 0.593893 0.916836
vt 0.824688 0.176661
vt 0.825417 0.162879
vt 0.672684 0.162265
vt 0.654026 0.194145
vt 0.684045 0.201321
vt 0.811812 0.214249
vt 0.522066 0.209759
vt 0.542090 0.335417
vt 0.808695 0.338494
vt 0.808857 0.338535
vt 0.541962 0.414568
vt 0.804016 0.412420
vt 0.578149 0.335338
vt 0.690535 0.349373
vt 0.703193 0.435840
vt 0.648336 0.410871
vt 0.711314 0.452495
vt 0.646736 0.432795
vt 0.800909 0.425957
vt 0.543044 0.426943
vt 0.537223 0.500519
vt 0.821750 0.558502
vt 0.820223 0.551766
vt 0.532312 0.584486
vt 0.535407 0.605204
vt 0.822012 0.576818
vt 0.806616 0.475326
vt 0.539801 0.479745
vt 0.714898 0.520894
vt 0.640391 0.493155
vt 0.641757 0.488922
vt 0.820765 0.463911
vt 0.820287 0.465831
vt 0.833355 0.626417
vt 0.537095 0.664125
vt 0.840337 0.483933
vt 0.840543 0.486076
vt 0.810807 0.424692
vt 0.809853 0.425656
vt 0.603343 0.663372
vt 0.813250 0.380762
vt 0.647963 0.656169
vt 0.851613 0.343296
vt 0.851402 0.341282
vt 0.628425 0.664548
vt 0.829695 0.349536
vt 0.624847 0.660893
vt 0.742960 0.684308
vt 0.871534 0.362758
vt 0.871345 0.361216
vt 0.881172 0.402685
vt 0.882070 0.401647
vt 0.862081 0.477264
vt 0.862880 0.478570
vt 0.794839 0.664336
vt 0.878637 0.447200
vt 0.791001 0.663224
vt 0.814540 0.309784
vt 0.532245 0.309913
vt 0.652527 0.304268
vt 0.652537 0.303495
vt 0.685585 0.320832
vt 0.686402 0.331619
vt 0.616021 0.889057
vt 0.733157 0.893807
vt 0.733412 0.894020
vt 0.605057 0.902842
vt 0.747383 0.902771
vt 0.676580 0.856574
vt 0.671894 0.596264
vt 0.675946 0.822165
vt 0.659782 0.620881
vt 0.687057 0.594800
vt 0.685924 0.595166
vt 0.682755 0.592175
vt 0.679117 0.882931
vt 0.662717 0.833693
vt 0.712665 0.637802
vt 0.712869 0.635894
vt 0.662980 0.760565
vt 0.694853 0.697012
vt 0.663701 0.763532
vt 0.664389 0.797051
vt 0.709841 0.673265
vt 0.676933 0.696232
vt 0.682750 0.727181
vt 0.661376 0.670741
vt 0.663656 0.677152
vt 0.679133 0.765849
vt 0.676562 0.798977
vt 0.656453 0.643458
vt 0.703491 0.605818
vt 0.664170 0.860574
vt 0.639876 0.723499
vt 0.638794 0.724437
vt 0.746773 0.729172
vt 0.602616 0.755671
vt 0.567990 0.927550
vt 0.783043 0.941465
vt 0.562180 0.893885
vt 0.760871 0.927283
vt 0.590077 0.921272
vt 0.558589 0.805861
vt 0.780890 0.718425
vt 0.569038 0.719560
vt 0.756423 0.715429
vt 0.588574 0.739336
vt 0.759624 0.712522
vt 0.749232 0.761541
vt 0.546095 0.964735
vt 0.812599 0.961242
vt 0.803754 0.687503
vt 0.547741 0.687564
usemtl None
s off
f 26/1 10/2 4/3
f 7/4 177/5 169/6
f 28/7 189/8 178/9
f 52/10 186/11 41/12
f 65/13 196/14 55/15
f 77/16 205/17 64/18
f 89/19 133/20 76/21
f 100/22 123/23 88/24
f 113/25 139/26 103/27
f 5/28 17/29 1/30
f 98/31 91/32 85/33
f 110/34 102/35 97/36
f 124/37 916/38 906/39
f 38/40 31/41 25/42
f 19/43 148/44 112/45
f 18/46 168/47 158/48
f 37/49 53/50 40/51
f 49/52 66/53 54/54
f 61/55 78/56 67/57
f 73/58 90/59 79/60
f 399/61 242/62 410/63
f 859/64 276/65 841/66
f 258/67 296/68 470/69
f 868/70 306/71 287/72
f 316/73 687/74 680/75
f 429/76 334/77 354/78
f 904/79 345/80 887/81
f 390/82 417/83 370/84
f 393/85 450/86 437/87
f 222/88 842/89 279/90
f 908/91 379/92 362/93
f 907/94 915/95 380/96
f 717/97 439/98 781/99
f 869/100 249/101 862/102
f 234/103 477/104 457/105
f 305/106 298/107 288/108
f 267/109 469/110 478/111
f 241/112 446/113 411/114
f 240/115 231/116 461/117
f 489/118 648/119 503/120
f 515/121 628/122 619/123
f 544/124 561/125 629/126
f 642/127 560/128 580/129
f 599/130 639/131 579/132
f 773/133 596/134 611/135
f 830/136 525/137 824/138
f 523/139 512/140 622/141
f 677/142 571/143 553/144
f 696/145 568/146 689/147
f 586/148 704/149 608/150
f 479/151 659/152 650/153
f 491/154 521/155 834/156
f 880/157 326/158 307/159
f 471/160 667/161 660/162
f 895/163 344/164 323/165
f 500/166 670/167 532/168
f 657/169 666/170 499/171
f 501/172 542/173 514/174
f 534/175 562/176 543/177
f 550/178 577/179 559/180
f 569/181 600/182 578/183
f 612/184 595/185 587/186
f 651/187 658/188 504/189
f 427/190 705/191 698/192
f 631/193 745/194 724/195
f 713/196 780/197 761/198
f 772/199 752/200 597/201
f 632/202 734/203 620/204
f 735/205 726/206 807/207
f 794/208 486/209 833/210
f 458/211 649/212 488/213
f 753/214 771/215 800/216
f 822/217 736/218 806/219
f 725/220 744/221 808/222
f 743/223 754/224 809/225
f 831/226 823/227 805/228
f 791/229 832/230 804/231
f 783/232 792/233 803/234
f 762/235 784/236 802/237
f 770/238 763/239 801/240
f 669/241 552/242 533/243
f 707/244 715/245 609/246
f 640/247 751/248 742/249
f 610/250 760/251 769/252
f 621/253 821/254 524/255
f 419/256 706/257 426/258
f 438/259 793/260 782/261
f 364/262 352/263 346/264
f 335/265 697/266 688/267
f 160/268 851/269 934/270
f 188/271 861/272 179/273
f 198/274 871/275 187/276
f 879/277 207/278 897/279
f 140/280 925/281 917/282
f 206/283 889/284 898/285
f 130/286 905/287 886/288
f 149/289 933/290 926/291
f 171/292 852/293 159/294
f 269/295 223/296 278/297
f 297/298 250/299 285/300
f 260/301 277/302 251/303
f 317/304 668/305 294/306
f 332/307 308/308 325/309
f 343/310 333/311 324/312
f 371/313 430/314 353/315
f 383/316 373/317 363/318
f 214/319 232/320 243/321
f 400/322 392/323 382/324
f 918/325 401/326 381/327
f 850/328 213/329 935/330
f 927/331 216/332 402/333
f 180/334 844/335 170/336
f 502/337 522/338 490/339
f 487/340 447/341 459/342
f 1523/343 942/344 1513/345
f 1522/346 1052/347 952/348
f 1496/349 979/350 1229/351
f 954/352 969/353 943/354
f 989/355 971/356 1014/357
f 970/358 961/359 1015/360
f 1027/361 1050/362 1040/363
f 1238/364 1139/365 1287/366
f 978/367 1001/368 1224/369
f 960/370 1029/371 1016/372
f 1147/373 1092/374 1069/375
f 1258/376 1103/377 1077/378
f 1082/379 1090/380 1259/381
f 1011/382 1149/383 1128/384
f 1028/385 1039/386 1017/387
f 1425/388 1195/389 1160/390
f 1351/391 1158/392 1183/393
f 1557/394 1250/395 1337/396
f 1197/397 1329/398 1306/399
f 1206/400 1269/401 1105/402
f 1288/403 1138/404 1119/405
f 1207/406 1257/407 1217/408
f 1118/409 1277/410 1289/411
f 1115/412 1061/413 1079/414
f 1137/415 1062/416 1114/417
f 1173/418 1260/419 1095/420
f 1146/421 1296/422 1093/423
f 1172/424 1218/425 1261/426
f 1268/427 1117/428 1106/429
f 1295/430 1174/431 1094/432
f 1070/433 1091/434 1081/435
f 1558/436 1307/437 1328/438
f 1228/439 1551/440 1497/441
f 1205/442 1304/443 1270/444
f 1459/445 1196/446 1441/447
f 1548/448 1331/449 1458/450
f 1319/451 1271/452 1309/453
f 1338/454 1249/455 1321/456
f 1248/457 1240/458 1317/459
f 1215/460 1171/461 1156/462
f 1237/463 1225/464 1000/465
f 1380/466 1048/467 1386/468
f 1037/469 1297/470 1145/471
f 1615/472 1368/473 1603/474
f 1398/475 1423/476 1405/477
f 1627/478 1397/479 1614/480
f 1648/481 1434/482 1638/483
f 1451/484 1549/485 1461/486
f 1681/487 1468/488 1674/489
f 1532/490 1512/491 1503/492
f 1003/493 990/494 1013/495
f 944/496 992/497 981/498
f 1148/499 1059/500 1129/501
f 1185/502 1169/503 1298/504
f 1406/505 1159/506 1350/507
f 1193/508 1305/509 1204/510
f 1487/511 945/512 980/513
f 1573/514 1506/515 1584/516
f 953/517 1026/518 963/519
f 1604/520 1362/521 1590/522
f 1469/523 1485/524 1495/525
f 1531/526 1388/527 1521/528
f 1379/529 1407/530 1349/531
f 1659/532 1450/533 1647/534
f 1049/535 1347/536 1035/537
f 1157/538 1170/539 1184/540
f 1239/541 1280/542 1318/543
f 1308/544 1339/545 1320/546
f 982/547 991/548 1002/549
f 1567/550 1683/551 1669/552
f 1600/553 1593/554 1570/555
f 1599/556 1616/557 1602/558
f 1611/559 1628/560 1617/561
f 1645/562 1637/563 1624/564
f 1657/565 1650/566 1644/567
f 1623/568 1636/569 1629/570
f 1656/571 1672/572 1661/573
f 1668/574 1682/575 1673/576
f 1569/577 1592/578 1575/579
f 1566/580 1574/581 1583/582
f 1370/583 1389/584 1359/585
f 1572/586 1361/587 1530/588
f 1369/589 1404/590 1378/591
f 1635/592 1414/593 1626/594
f 1415/595 1443/596 1424/597
f 1431/598 1460/599 1440/600
f 1671/601 1540/602 1662/603
f 1541/604 1494/605 1550/606
f 1479/607 1515/608 1486/609
f 1680/610 1505/611 1478/612
f 1012/613 1136/614 998/615
f 1226/616 1241/617 1251/618
f 1107/619 1116/620 1078/621
f 1060/622 1071/623 1080/624
f 1036/625 1346/626 1182/627
f 1161/628 1208/629 1216/630
f 11/631 15/632 7/4
f 13/633 11/631 8/634
f 9/635 12/636 13/633
f 10/2 12/636 14/637
f 16/638 21/639 24/640
f 17/29 21/639 20/641
f 23/642 22/643 18/46
f 24/640 23/642 19/43
f 28/7 33/644 36/645
f 34/646 32/647 29/648
f 30/649 33/650 34/646
f 31/41 33/651 35/652
f 40/51 45/653 48/654
f 46/655 44/656 41/12
f 42/657 45/653 46/655
f 43/658 45/653 47/659
f 56/660 60/661 52/10
f 53/50 57/662 56/660
f 54/54 57/662 58/663
f 60/661 59/664 55/15
f 68/665 72/666 64/18
f 65/13 69/667 68/665
f 71/668 70/669 66/53
f 67/57 69/667 71/668
f 80/670 84/671 76/21
f 77/16 81/672 80/670
f 83/673 82/674 78/56
f 79/60 81/672 83/673
f 92/675 96/676 88/24
f 89/19 93/677 92/678
f 95/679 94/680 90/59
f 91/32 93/681 95/682
f 100/22 105/683 108/684
f 106/685 104/686 101/687
f 102/35 105/683 106/685
f 108/684 107/688 103/27
f 116/689 120/690 112/45
f 113/25 117/691 116/689
f 119/692 118/693 114/694
f 115/695 117/691 119/692
f 121/696 126/697 129/698
f 127/699 125/700 122/701
f 123/23 126/702 127/703
f 129/704 128/705 124/37
f 134/706 138/707 130/286
f 131/708 135/709 134/706
f 137/710 136/711 132/712
f 133/20 135/709 137/710
f 139/26 144/713 147/714
f 145/715 143/716 140/280
f 146/717 145/715 141/718
f 147/714 146/717 142/719
f 148/44 153/720 156/721
f 154/722 152/723 149/289
f 155/724 154/722 150/725
f 156/721 155/724 151/726
f 162/727 167/728 157/729
f 158/48 163/730 162/727
f 159/294 163/730 164/731
f 166/732 165/733 160/268
f 161/734 163/730 166/732
f 172/735 176/736 168/47
f 169/6 173/737 172/735
f 175/738 174/739 170/336
f 171/292 173/737 175/738
f 181/740 185/741 177/5
f 178/9 182/742 181/743
f 184/744 183/745 179/273
f 180/334 182/746 184/747
f 186/11 191/748 194/749
f 192/750 190/751 187/276
f 188/271 191/748 192/750
f 194/749 193/752 189/8
f 199/753 203/754 195/755
f 196/14 200/756 199/753
f 202/757 201/758 197/759
f 203/754 202/757 198/274
f 208/760 212/761 204/762
f 205/17 209/763 208/760
f 211/764 210/765 206/283
f 207/278 209/763 211/764
f 217/766 221/767 213/329
f 214/319 218/768 217/766
f 220/769 219/770 215/771
f 216/332 218/768 220/769
f 222/88 227/772 230/773
f 228/774 226/775 223/296
f 229/776 228/774 224/777
f 230/773 229/776 225/778
f 235/779 239/780 231/116
f 232/320 236/781 235/779
f 238/782 237/783 233/784
f 234/103 236/781 238/782
f 244/785 248/786 240/115
f 241/112 245/787 244/785
f 247/788 246/789 242/62
f 243/321 245/787 247/788
f 249/101 254/790 257/791
f 255/792 253/793 250/299
f 256/794 255/795 251/303
f 257/796 256/794 252/797
f 262/798 266/799 258/67
f 264/800 262/801 259/802
f 260/301 263/803 264/800
f 261/804 263/805 265/806
f 267/109 272/807 275/808
f 273/809 271/810 268/811
f 269/295 272/807 273/809
f 275/808 274/812 270/813
f 276/65 281/814 284/815
f 282/816 280/817 277/302
f 283/818 282/816 278/297
f 284/815 283/818 279/90
f 289/819 293/820 285/300
f 291/821 289/819 286/822
f 287/72 290/823 291/821
f 293/820 292/824 288/108
f 299/825 304/826 294/306
f 295/827 300/828 299/825
f 302/829 301/830 296/68
f 297/298 300/828 302/829
f 304/826 303/831 298/107
f 309/832 313/833 305/106
f 311/834 309/832 306/71
f 312/835 311/834 307/159
f 313/833 312/835 308/308
f 318/836 322/837 314/838
f 315/839 319/840 318/836
f 321/841 320/842 316/73
f 317/304 319/840 321/841
f 327/843 331/844 323/165
f 324/312 328/845 327/843
f 330/846 329/847 325/309
f 326/158 328/845 330/846
f 337/848 342/849 332/307
f 333/311 338/850 337/848
f 340/851 339/852 334/77
f 335/265 338/850 340/851
f 342/849 341/853 336/854
f 343/310 348/855 351/856
f 349/857 347/858 344/164
f 345/80 348/855 349/857
f 351/856 350/859 346/264
f 352/263 357/860 360/861
f 358/862 356/863 353/315
f 354/78 357/860 358/862
f 360/861 359/864 355/865
f 365/866 369/867 361/868
f 362/93 366/869 365/870
f 368/871 367/872 363/318
f 364/262 366/873 368/874
f 374/875 378/876 370/84
f 371/313 375/877 374/878
f 377/879 376/880 372/881
f 373/317 375/882 377/883
f 384/884 389/885 379/92
f 380/96 385/886 384/884
f 387/887 386/888 381/327
f 388/889 387/887 382/324
f 383/316 385/886 388/889
f 394/890 398/891 390/82
f 391/892 395/893 394/890
f 392/323 395/893 396/894
f 393/85 395/893 397/895
f 399/61 404/896 407/897
f 405/898 403/899 400/322
f 401/326 404/896 405/898
f 407/897 406/900 402/333
f 412/901 416/902 408/903
f 409/904 413/905 412/901
f 410/63 413/905 414/906
f 411/114 413/905 415/907
f 417/83 422/908 425/909
f 423/910 421/911 418/912
f 419/256 422/913 423/914
f 425/915 424/916 420/917
f 431/918 436/919 426/258
f 433/920 431/918 427/190
f 434/921 433/920 428/922
f 429/76 432/923 434/921
f 430/314 432/923 435/924
f 437/87 442/925 445/926
f 443/927 441/928 438/259
f 444/929 443/927 439/98
f 445/926 444/929 440/930
f 446/113 452/931 456/932
f 453/933 451/934 447/341
f 448/935 452/931 453/933
f 449/936 452/931 454/937
f 456/932 455/938 450/86
f 462/939 467/940 457/105
f 458/211 463/941 462/939
f 465/942 464/943 459/342
f 466/944 465/942 460/945
f 461/117 463/941 466/944
f 472/946 476/947 468/948
f 469/110 473/949 472/946
f 475/950 474/951 470/69
f 471/160 473/952 475/950
f 477/104 482/953 485/954
f 483/955 481/956 478/111
f 479/151 482/953 483/955
f 485/954 484/957 480/958
f 486/209 493/959 498/960
f 494/961 492/962 487/340
f 488/213 493/959 494/961
f 496/963 495/964 489/118
f 490/339 493/959 496/963
f 498/960 497/965 491/154
f 499/171 506/966 511/967
f 507/968 505/969 500/166
f 501/172 506/970 507/968
f 502/337 506/971 508/972
f 510/973 509/974 503/120
f 504/189 506/975 510/973
f 516/976 520/977 512/140
f 513/978 517/979 516/976
f 519/980 518/981 514/174
f 515/121 517/982 519/980
f 521/155 527/983 531/984
f 522/338 527/983 526/985
f 529/986 528/987 523/139
f 524/255 527/983 529/986
f 531/984 530/988 525/137
f 532/168 537/989 540/990
f 538/991 536/992 533/243
f 539/993 538/991 534/175
f 540/990 539/993 535/994
f 545/995 549/996 541/997
f 542/173 546/998 545/995
f 543/177 546/998 547/999
f 549/996 548/1000 544/124
f 550/178 555/1001 558/1002
f 556/1003 554/1004 551/1005
f 552/242 555/1001 556/1003
f 558/1002 557/1006 553/144
f 563/1007 567/1008 559/180
f 560/128 564/1009 563/1007
f 566/1010 565/1011 561/125
f 562/176 564/1009 566/1010
f 572/1012 576/1013 568/146
f 569/181 573/1014 572/1012
f 575/1015 574/1016 570/1017
f 571/143 573/1014 575/1015
f 577/179 582/1018 585/1019
f 578/183 582/1018 581/1020
f 579/132 582/1018 583/1021
f 585/1019 584/1022 580/129
f 586/148 591/1023 594/1024
f 592/1025 590/1026 587/186
f 593/1027 592/1025 588/1028
f 594/1024 593/1027 589/1029
f 601/1030 607/1031 595/185
f 596/134 602/1032 601/1030
f 604/1033 603/1034 597/201
f 598/1035 602/1032 604/1033
f 606/1036 605/1037 599/130
f 600/182 602/1032 606/1036
f 613/1038 618/1039 608/150
f 615/1040 613/1038 609/246
f 610/250 614/1041 615/1040
f 617/1042 616/1043 611/135
f 612/184 614/1041 617/1042
f 619/123 624/1044 627/1045
f 625/1046 623/1047 620/204
f 621/253 624/1048 625/1049
f 627/1050 626/1051 622/141
f 628/122 634/1052 638/1053
f 629/126 634/1052 633/1054
f 636/1055 635/1056 630/1057
f 631/193 634/1052 636/1055
f 638/1053 637/1058 632/202
f 643/1059 647/1060 639/131
f 640/247 644/1061 643/1059
f 646/1062 645/1063 641/1064
f 642/127 644/1061 646/1062
f 648/119 653/1065 656/1066
f 654/1067 652/1068 649/212
f 650/153 653/1065 654/1067
f 656/1066 655/1069 651/187
f 657/169 662/1070 665/1071
f 663/1072 661/1073 658/188
f 659/152 662/1074 663/1072
f 665/1071 664/1075 660/162
f 671/1076 676/1077 666/170
f 667/161 672/1078 671/1076
f 674/1079 673/1080 668/305
f 675/1081 674/1079 669/241
f 670/167 672/1078 675/1081
f 677/142 682/1082 685/1083
f 683/1084 681/1085 678/1086
f 679/1087 682/1082 683/1084
f 685/1083 684/1088 680/75
f 690/1089 694/1090 686/1091
f 687/74 691/1092 690/1089
f 693/1093 692/1094 688/267
f 689/147 691/1092 693/1093
f 695/1095 700/1096 703/1097
f 701/1098 699/1099 696/145
f 697/266 700/1096 701/1098
f 703/1097 702/1100 698/192
f 704/149 709/1101 712/1102
f 710/1103 708/1104 705/191
f 706/257 709/1101 710/1103
f 712/1102 711/1105 707/244
f 718/1106 723/1107 713/196
f 714/1108 719/1109 718/1110
f 721/1111 720/1112 715/245
f 716/1113 719/1114 721/1111
f 717/97 719/1115 722/1116
f 724/195 729/1117 732/1118
f 730/1119 728/1120 725/220
f 731/1121 730/1119 726/206
f 727/1122 729/1123 731/1124
f 733/1125 738/1126 741/1127
f 734/203 738/1128 737/1129
f 740/1130 739/1131 735/205
f 741/1132 740/1130 736/218
f 742/249 747/1133 750/1134
f 748/1135 746/1136 743/223
f 749/1137 748/1135 744/221
f 745/194 747/1138 749/1139
f 751/248 756/1140 759/1141
f 757/1142 755/1143 752/200
f 753/214 756/1144 757/1145
f 759/1146 758/1147 754/224
f 760/251 765/1148 768/1149
f 761/198 765/1150 764/1151
f 767/1152 766/1153 762/235
f 768/1154 767/1152 763/239
f 769/252 775/1155 779/1156
f 776/1157 774/1158 770/238
f 771/215 775/1159 776/1157
f 772/199 775/1160 777/1161
f 779/1156 778/1162 773/133
f 780/197 786/1163 790/1164
f 787/1165 785/1166 781/99
f 782/261 786/1167 787/1165
f 789/1168 788/1169 783/232
f 790/1170 789/1168 784/236
f 795/1171 799/1172 791/229
f 797/1173 795/1171 792/233
f 793/260 796/1174 797/1175
f 794/208 796/1176 798/1177
f 800/216 811/1178 820/1179
f 801/240 811/1178 810/1180
f 802/237 811/1178 812/1181
f 803/234 811/1178 813/1182
f 804/231 811/1178 814/1183
f 805/228 811/1178 815/1184
f 817/1185 816/1186 806/219
f 818/1187 817/1185 807/207
f 819/1188 818/1187 808/222
f 809/225 811/1178 819/1188
f 821/254 826/1189 829/1190
f 827/1191 825/1192 822/217
f 828/1193 827/1191 823/227
f 824/138 826/1194 828/1195
f 830/136 836/1196 840/1197
f 831/226 836/1198 835/1199
f 838/1200 837/1201 832/230
f 833/210 836/1202 838/1203
f 840/1197 839/1204 834/156
f 845/1205 849/1206 841/66
f 842/89 846/1207 845/1205
f 848/1208 847/1209 843/1210
f 844/335 846/1207 848/1208
f 850/328 855/1211 858/1212
f 856/1213 854/1214 851/269
f 852/293 855/1211 856/1213
f 858/1212 857/1215 853/1216
f 859/64 864/1217 867/1218
f 865/1219 863/1220 860/1221
f 861/272 864/1222 865/1223
f 867/1224 866/1225 862/102
f 868/70 873/1226 876/1227
f 874/1228 872/1229 869/100
f 870/1230 873/1226 874/1228
f 871/275 873/1226 875/1231
f 877/1232 882/1233 885/1234
f 878/1235 882/1233 881/1236
f 879/277 882/1233 883/1237
f 885/1234 884/1238 880/157
f 886/288 891/1239 894/1240
f 892/1241 890/1242 887/81
f 893/1243 892/1241 888/1244
f 889/284 891/1239 893/1243
f 899/1245 903/1246 895/163
f 896/1247 900/1248 899/1245
f 897/279 900/1248 901/1249
f 898/285 900/1248 902/1250
f 909/1251 914/1252 904/79
f 911/1253 909/1251 905/287
f 906/39 910/1254 911/1255
f 913/1256 912/1257 907/94
f 908/91 910/1258 913/1256
f 919/1259 923/1260 915/95
f 916/38 920/1261 919/1259
f 917/282 920/1261 921/1262
f 918/325 920/1261 922/1263
f 928/1264 932/1265 924/1266
f 925/281 929/1267 928/1264
f 931/1268 930/1269 926/291
f 927/331 929/1267 931/1268
f 933/290 938/1270 941/1271
f 939/1272 937/1273 934/270
f 935/330 938/1270 939/1272
f 941/1271 940/1274 936/1275
f 942/344 947/1276 950/1277
f 948/1278 946/1279 943/354
f 949/1280 948/1278 944/496
f 950/1277 949/1280 945/512
f 955/1281 959/1282 951/1283
f 952/348 956/1284 955/1281
f 958/1285 957/1286 953/517
f 954/352 956/1284 958/1285
f 964/1287 968/1288 960/370
f 966/1289 964/1287 961/359
f 962/1290 965/1291 966/1289
f 963/519 965/1291 967/1292
f 969/353 974/1293 977/1294
f 975/1295 973/1296 970/358
f 971/356 974/1293 975/1295
f 977/1294 976/1297 972/1298
f 978/367 984/1299 988/1300
f 985/1301 983/1302 979/350
f 986/1303 985/1301 980/513
f 981/498 984/1299 986/1303
f 988/1300 987/1304 982/547
f 993/1305 997/1306 989/355
f 990/494 994/1307 993/1305
f 996/1308 995/1309 991/548
f 992/497 994/1307 996/1308
f 998/615 1005/1310 1010/1311
f 1006/1312 1004/1313 999/1314
f 1000/465 1005/1310 1006/1312
f 1008/1315 1007/1316 1001/368
f 1002/549 1005/1310 1008/1315
f 1010/1311 1009/1317 1003/493
f 1011/382 1019/1318 1025/1319
f 1012/613 1019/1318 1018/1320
f 1021/1321 1020/1322 1013/495
f 1014/357 1019/1318 1021/1321
f 1015/360 1019/1318 1022/1323
f 1016/372 1019/1318 1023/1324
f 1025/1319 1024/1325 1017/387
f 1026/518 1031/1326 1034/1327
f 1032/1328 1030/1329 1027/361
f 1028/385 1031/1326 1032/1328
f 1034/1327 1033/1330 1029/371
f 1035/537 1042/1331 1047/1332
f 1043/1333 1041/1334 1036/625
f 1037/469 1042/1335 1043/1333
f 1045/1336 1044/1337 1038/1338
f 1046/1339 1045/1336 1039/386
f 1047/1340 1046/1339 1040/363
f 1053/1341 1058/1342 1048/467
f 1049/535 1054/1343 1053/1341
f 1056/1344 1055/1345 1050/362
f 1051/1346 1054/1347 1056/1344
f 1058/1348 1057/1349 1052/347
f 1063/1350 1067/1351 1059/500
f 1060/622 1064/1352 1063/1350
f 1066/1353 1065/1354 1061/413
f 1062/416 1064/1352 1066/1353
f 1068/1355 1073/1356 1076/1357
f 1069/375 1073/1356 1072/1358
f 1075/1359 1074/1360 1070/433
f 1076/1357 1075/1359 1071/623
f 1077/378 1084/1361 1089/1362
f 1085/1363 1083/1364 1078/621
f 1079/414 1084/1361 1085/1363
f 1087/1365 1086/1366 1080/624
f 1088/1367 1087/1365 1081/435
f 1089/1362 1088/1367 1082/379
f 1090/380 1097/1368 1102/1369
f 1091/434 1097/1368 1096/1370
f 1099/1371 1098/1372 1092/374
f 1093/423 1097/1368 1099/1371
f 1094/432 1097/1368 1100/1373
f 1102/1369 1101/1374 1095/420
f 1103/377 1109/1375 1113/1376
f 1110/1377 1108/1378 1104/1379
f 1105/402 1109/1375 1110/1377
f 1106/429 1109/1375 1111/1380
f 1113/1376 1112/1381 1107/619
f 1120/1382 1126/1383 1114/417
f 1115/412 1121/1384 1120/1382
f 1123/1385 1122/1386 1116/620
f 1117/428 1121/1384 1123/1385
f 1118/409 1121/1384 1124/1387
f 1126/1383 1125/1388 1119/405
f 1127/1389 1132/1390 1135/1391
f 1133/1392 1131/1393 1128/384
f 1129/501 1132/1394 1133/1395
f 1135/1396 1134/1397 1130/1398
f 1140/1399 1144/1400 1136/614
f 1137/415 1141/1401 1140/1402
f 1143/1403 1142/1404 1138/404
f 1139/365 1141/1405 1143/1406
f 1145/471 1151/1407 1155/1408
f 1152/1409 1150/1410 1146/421
f 1153/1411 1152/1409 1147/373
f 1148/499 1151/1412 1153/1411
f 1155/1413 1154/1414 1149/383
f 1162/1415 1168/1416 1156/462
f 1157/538 1163/1417 1162/1415
f 1165/1418 1164/1419 1158/392
f 1159/506 1163/1417 1165/1418
f 1167/1420 1166/1421 1160/390
f 1161/628 1163/1417 1167/1420
f 1169/503 1176/1422 1181/1423
f 1177/1424 1175/1425 1170/539
f 1171/461 1176/1426 1177/1424
f 1179/1427 1178/1428 1172/424
f 1173/418 1176/1429 1179/1427
f 1181/1430 1180/1431 1174/431
f 1182/627 1188/1432 1192/1433
f 1189/1434 1187/1435 1183/393
f 1184/540 1188/1432 1189/1434
f 1191/1436 1190/1437 1185/502
f 1186/1438 1188/1432 1191/1436
f 1198/1439 1203/1440 1193/508
f 1194/1441 1199/1442 1198/1439
f 1201/1443 1200/1444 1195/389
f 1196/446 1199/1442 1201/1443
f 1197/397 1199/1442 1202/1445
f 1209/1446 1214/1447 1204/510
f 1205/442 1210/1448 1209/1446
f 1212/1449 1211/1450 1206/400
f 1207/406 1210/1451 1212/1449
f 1214/1447 1213/1452 1208/629
f 1215/460 1220/1453 1223/1454
f 1221/1455 1219/1456 1216/630
f 1217/408 1220/1457 1221/1458
f 1223/1459 1222/1460 1218/425
f 1230/1461 1236/1462 1224/369
f 1225/464 1231/1463 1230/1461
f 1233/1464 1232/1465 1226/616
f 1227/1466 1231/1463 1233/1464
f 1235/1467 1234/1468 1228/439
f 1229/351 1231/1463 1235/1467
f 1242/1469 1247/1470 1237/463
f 1238/364 1243/1471 1242/1469
f 1239/541 1243/1471 1244/1472
f 1246/1473 1245/1474 1240/458
f 1241/617 1243/1471 1246/1473
f 1248/457 1253/1475 1256/1476
f 1254/1477 1252/1478 1249/455
f 1250/395 1253/1475 1254/1477
f 1256/1476 1255/1479 1251/618
f 1257/407 1263/1480 1267/1481
f 1264/1482 1262/1483 1258/376
f 1259/381 1263/1480 1264/1482
f 1266/1484 1265/1485 1260/419
f 1261/426 1263/1480 1266/1484
f 1268/427 1273/1486 1276/1487
f 1274/1488 1272/1489 1269/401
f 1270/444 1273/1490 1274/1491
f 1276/1492 1275/1493 1271/452
f 1281/1494 1285/1495 1277/410
f 1278/1496 1282/1497 1281/1494
f 1284/1498 1283/1499 1279/1500
f 1280/542 1282/1501 1284/1498
f 1286/1502 1291/1503 1294/1504
f 1292/1505 1290/1506 1287/366
f 1288/403 1291/1507 1292/1508
f 1294/1509 1293/1510 1289/411
f 1299/1511 1303/1512 1295/430
f 1296/422 1300/1513 1299/1511
f 1297/470 1300/1514 1301/1515
f 1298/504 1300/1516 1302/1517
f 1310/1518 1316/1519 1304/443
f 1305/509 1311/1520 1310/1518
f 1313/1521 1312/1522 1306/399
f 1307/437 1311/1523 1313/1524
f 1315/1525 1314/1526 1308/544
f 1309/453 1311/1523 1315/1525
f 1322/1527 1327/1528 1317/459
f 1318/543 1323/1529 1322/1527
f 1319/451 1323/1529 1324/1530
f 1326/1531 1325/1532 1320/546
f 1321/456 1323/1529 1326/1531
f 1332/1533 1336/1534 1328/438
f 1329/398 1333/1535 1332/1536
f 1335/1537 1334/1538 1330/1539
f 1331/449 1333/1540 1335/1541
f 1337/396 1342/1542 1345/1543
f 1343/1544 1341/1545 1338/454
f 1344/1546 1343/1544 1339/545
f 1340/1547 1342/1542 1344/1546
f 1352/1548 1358/1549 1346/626
f 1354/1550 1352/1548 1347/536
f 1348/1551 1353/1552 1354/1550
f 1356/1553 1355/1554 1349/531
f 1357/1555 1356/1553 1350/507
f 1351/391 1353/1552 1357/1555
f 1363/1556 1367/1557 1359/585
f 1365/1558 1363/1559 1360/1560
f 1361/587 1364/1561 1365/1558
f 1362/521 1364/1562 1366/1563
f 1372/1564 1376/1565 1368/473
f 1374/1566 1372/1564 1369/589
f 1375/1567 1374/1566 1370/583
f 1376/1565 1375/1567 1371/1568
f 1381/1569 1385/1570 1377/1571
f 1378/591 1382/1572 1381/1569
f 1384/1573 1383/1574 1379/529
f 1380/466 1382/1572 1384/1573
f 1386/468 1391/1575 1394/1576
f 1392/1577 1390/1578 1387/1579
f 1388/527 1391/1580 1392/1577
f 1394/1576 1393/1581 1389/584
f 1399/1582 1403/1583 1395/1584
f 1396/1585 1400/1586 1399/1582
f 1402/1587 1401/1588 1397/479
f 1398/475 1400/1586 1402/1587
f 1404/590 1409/1589 1412/1590
f 1410/1591 1408/1592 1405/477
f 1406/505 1409/1589 1410/1591
f 1412/1590 1411/1593 1407/530
f 1417/1594 1421/1595 1413/1596
f 1419/1597 1417/1594 1414/593
f 1420/1598 1419/1597 1415/595
f 1421/1595 1420/1598 1416/1599
f 1422/1600 1427/1601 1430/1602
f 1423/476 1427/1601 1426/1603
f 1424/597 1427/1601 1428/1604
f 1430/1602 1429/1605 1425/388
f 1431/598 1436/1606 1439/1607
f 1437/1608 1435/1609 1432/1610
f 1433/1611 1436/1606 1437/1608
f 1439/1607 1438/1612 1434/482
f 1444/1613 1448/1614 1440/600
f 1441/447 1445/1615 1444/1613
f 1447/1616 1446/1617 1442/1618
f 1443/596 1445/1615 1447/1616
f 1449/1619 1454/1620 1457/1621
f 1455/1622 1453/1623 1450/533
f 1451/484 1454/1624 1455/1622
f 1457/1621 1456/1625 1452/1626
f 1458/450 1463/1627 1466/1628
f 1464/1629 1462/1630 1459/445
f 1460/599 1463/1631 1464/1629
f 1466/1628 1465/1632 1461/486
f 1471/1633 1475/1634 1467/1635
f 1468/488 1472/1636 1471/1633
f 1474/1637 1473/1638 1469/523
f 1475/1634 1474/1637 1470/1639
f 1476/1640 1481/1641 1484/1642
f 1482/1643 1480/1644 1477/1645
f 1478/612 1481/1641 1482/1643
f 1484/1642 1483/1646 1479/607
f 1485/524 1490/1647 1493/1648
f 1491/1649 1489/1650 1486/609
f 1487/511 1490/1647 1491/1649
f 1493/1648 1492/1651 1488/1652
f 1494/605 1499/1653 1502/1654
f 1500/1655 1498/1656 1495/525
f 1496/349 1499/1653 1500/1655
f 1502/1654 1501/1657 1497/441
f 1507/1658 1511/1659 1503/492
f 1504/1660 1508/1661 1507/1658
f 1510/1662 1509/1663 1505/611
f 1506/515 1508/1661 1510/1662
f 1512/491 1517/1664 1520/1665
f 1518/1666 1516/1667 1513/345
f 1514/1668 1517/1664 1518/1666
f 1515/608 1517/1664 1519/1669
f 1521/528 1526/1670 1529/1671
f 1522/346 1526/1670 1525/1672
f 1528/1673 1527/1674 1523/343
f 1524/1675 1526/1670 1528/1673
f 1534/1676 1538/1677 1530/588
f 1531/526 1535/1678 1534/1676
f 1537/1679 1536/1680 1532/490
f 1533/1681 1535/1678 1537/1679
f 1539/1682 1544/1683 1547/1684
f 1545/1685 1543/1686 1540/602
f 1541/604 1544/1683 1545/1685
f 1547/1684 1546/1687 1542/1688
f 1552/1689 1556/1690 1548/448
f 1549/485 1553/1691 1552/1689
f 1555/1692 1554/1693 1550/606
f 1551/440 1553/1691 1555/1692
f 1561/1694 1565/1695 1557/394
f 1563/1696 1561/1694 1558/436
f 1564/1697 1563/1696 1559/1698
f 1565/1695 1564/1697 1560/1699
f 1572/586 1577/1700 1580/1701
f 1578/1702 1576/1703 1573/514
f 1574/581 1577/1700 1578/1702
f 1580/1701 1579/1704 1575/579
f 1585/1705 1589/1706 1581/1707
f 1582/1708 1586/1709 1585/1705
f 1583/582 1586/1709 1587/1710
f 1589/1706 1588/1711 1584/516
f 1594/1712 1598/1713 1590/522
f 1591/1714 1595/1715 1594/1716
f 1597/1717 1596/1718 1592/578
f 1593/554 1595/1719 1597/1720
f 1606/1721 1610/1722 1602/558
f 1608/1723 1606/1721 1603/474
f 1609/1724 1608/1723 1604/520
f 1605/1725 1607/1726 1609/1724
f 1618/1727 1622/1728 1614/480
f 1615/472 1619/1729 1618/1727
f 1621/1730 1620/1731 1616/557
f 1617/561 1619/1729 1621/1730
f 1626/594 1631/1732 1634/1733
f 1632/1734 1630/1735 1627/478
f 1628/560 1631/1732 1632/1734
f 1634/1733 1633/1736 1629/570
f 1635/592 1640/1737 1643/1738
f 1641/1739 1639/1740 1636/569
f 1637/563 1640/1737 1641/1739
f 1643/1738 1642/1741 1638/483
f 1651/1742 1655/1743 1647/534
f 1648/481 1652/1744 1651/1745
f 1654/1746 1653/1747 1649/1748
f 1650/566 1652/1749 1654/1750
f 1659/532 1664/1751 1667/1752
f 1665/1753 1663/1754 1660/1755
f 1661/573 1664/1751 1665/1753
f 1667/1752 1666/1756 1662/603
f 1675/1757 1679/1758 1671/601
f 1672/572 1676/1759 1675/1757
f 1673/576 1676/1759 1677/1760
f 1679/1758 1678/1761 1674/489
f 1684/1762 1688/1763 1680/610
f 1681/487 1685/1764 1684/1762
f 1687/1765 1686/1766 1682/575
f 1683/551 1685/1764 1687/1765
f 279/90 845/1205 284/815
f 284/815 841/66 276/65
f 658/188 511/1767 504/189
f 661/1768 499/171 511/967
f 252/797 867/1218 257/796
f 257/791 862/102 249/101
f 437/87 398/891 393/85
f 445/926 390/82 398/891
f 1539/1682 1667/1752 1543/1686
f 1543/1686 1662/603 1540/602
f 1380/466 1394/1576 1385/1570
f 1385/1570 1389/584 1377/1571
f 178/9 32/1769 28/7
f 181/740 29/648 32/647
f 503/120 656/1066 510/973
f 510/973 651/187 504/189
f 314/838 304/826 298/107
f 322/837 294/306 304/826
f 298/107 293/820 288/108
f 303/831 285/300 293/820
f 1224/369 983/1302 978/367
f 1236/1462 979/350 983/1302
f 878/1235 876/1227 871/275
f 881/1236 868/70 876/1227
f 306/71 292/824 287/72
f 309/832 288/108 292/824
f 1461/486 1552/1689 1466/1628
f 1466/1628 1548/448 1458/450
f 1405/477 1403/1583 1398/475
f 1408/1592 1395/1584 1403/1583
f 1434/482 1457/1621 1439/1607
f 1439/1607 1452/1626 1431/598
f 666/170 505/969 499/171
f 676/1077 500/166 505/969
f 392/323 412/901 397/895
f 397/895 408/903 393/85
f 1470/1639 1545/1685 1475/1634
f 1475/1634 1540/602 1467/1635
f 346/264 360/861 351/856
f 351/856 355/865 343/310
f 112/45 24/640 19/43
f 120/690 16/638 24/640
f 896/1247 331/844 326/158
f 899/1245 323/165 331/844
f 225/778 858/1212 230/773
f 230/773 853/1216 222/88
f 525/137 840/1197 531/984
f 531/984 834/156 521/155
f 853/1216 847/1209 842/89
f 857/1215 843/1210 847/1209
f 821/254 530/988 524/255
f 829/1190 525/137 530/988
f 399/61 414/906 403/899
f 403/899 409/904 400/322
f 619/123 520/1770 515/121
f 627/1050 512/140 520/977
f 1440/600 1464/1629 1444/1613
f 1444/1613 1459/445 1441/447
f 1280/542 1294/1504 1285/1771
f 1285/1495 1289/411 1277/410
f 870/1230 866/1225 861/272
f 874/1228 862/102 866/1225
f 1347/536 1041/1334 1035/537
f 1352/1548 1036/625 1041/1334
f 231/116 248/786 235/779
f 235/779 243/321 232/320
f 1271/452 1283/1499 1276/1492
f 1276/1487 1278/1496 1268/427
f 1495/525 1474/1637 1469/523
f 1498/1656 1470/1639 1474/1637
f 1461/486 1456/1772 1451/484
f 1465/1773 1452/1626 1456/1625
f 307/159 330/846 312/835
f 312/835 325/309 308/308
f 233/784 228/774 223/296
f 237/783 224/777 228/774
f 1348/1551 1384/1573 1355/1554
f 1355/1554 1379/529 1349/531
f 860/1221 849/1206 844/335
f 863/1220 841/66 849/1206
f 1048/467 1354/1550 1053/1341
f 1053/1341 1347/536 1049/535
f 225/778 217/766 213/329
f 229/776 214/319 217/766
f 660/162 476/1774 471/160
f 664/1775 468/948 476/947
f 1477/1645 1473/1638 1468/488
f 1480/1644 1469/523 1473/1638
f 440/930 421/911 417/83
f 444/929 418/912 421/911
f 243/321 219/770 214/319
f 247/788 215/771 219/770
f 158/48 23/642 18/46
f 162/727 19/43 23/642
f 1477/1645 1684/1762 1482/1643
f 1482/1643 1680/610 1478/612
f 446/113 416/902 411/114
f 456/932 408/903 416/902
f 315/839 342/849 320/842
f 320/842 336/854 316/73
f 426/258 424/916 419/256
f 436/919 420/917 424/916
f 1389/584 1363/1556 1359/585
f 1393/1776 1360/1560 1363/1559
f 1407/530 1356/1553 1349/531
f 1411/1593 1350/507 1356/1553
f 763/239 774/1158 768/1154
f 768/1149 769/252 760/251
f 1136/614 1004/1313 998/615
f 1144/1400 999/1314 1004/1313
f 195/755 190/751 186/11
f 203/754 187/276 190/751
f 770/238 810/1180 776/1157
f 776/1157 800/216 771/215
f 780/197 766/1777 761/198
f 790/1170 762/235 766/1153
f 361/868 914/1252 365/866
f 365/870 908/91 362/93
f 197/759 883/1237 202/757
f 202/757 878/1235 198/274
f 189/8 183/745 178/9
f 193/752 179/273 183/745
f 1/30 20/641 3/1778
f 3/1778 16/638 2/1779
f 742/249 759/1141 746/1780
f 746/1136 754/224 743/223
f 1433/1611 1643/1738 1438/1612
f 1438/1612 1638/483 1434/482
f 1503/492 1520/1665 1507/1658
f 1507/1658 1515/608 1504/1660
f 834/156 498/960 491/154
f 839/1204 486/209 498/960
f 589/1029 699/1099 594/1024
f 594/1024 695/1095 586/148
f 794/208 838/1203 799/1781
f 799/1172 832/230 791/229
f 762/235 812/1181 767/1152
f 767/1152 801/240 763/239
f 1317/459 1252/1478 1248/457
f 1252/1478 1321/456 1249/455
f 629/126 549/996 544/124
f 633/1054 541/997 549/996
f 1128/384 1018/1320 1011/382
f 1131/1393 1012/613 1018/1320
f 10/2 34/646 15/632
f 15/632 29/648 7/4
f 179/273 865/1223 184/744
f 184/747 860/1221 180/334
f 168/47 164/731 158/48
f 176/736 159/294 164/731
f 523/139 626/1051 529/986
f 529/986 621/253 524/255
f 1467/1635 1679/1758 1471/1633
f 1471/1633 1674/489 1468/488
f 1648/481 1453/1782 1449/1619
f 1651/1742 1450/533 1453/1623
f 471/160 301/830 295/827
f 475/950 296/68 301/830
f 379/92 913/1256 384/884
f 384/884 907/94 380/96
f 823/227 816/1186 805/228
f 827/1191 806/219 816/1186
f 438/259 787/1165 443/927
f 443/927 781/99 439/98
f 1573/514 1538/1677 1533/1681
f 1576/1703 1530/588 1538/1677
f 1532/490 1529/1671 1524/1675
f 1536/1680 1521/528 1529/1671
f 1627/478 1417/1594 1413/1596
f 1630/1735 1414/593 1417/1594
f 148/44 167/728 152/723
f 152/723 161/734 149/289
f 753/214 820/1179 758/1147
f 758/1147 809/225 754/224
f 4/3 14/637 6/1783
f 6/1783 9/635 5/28
f 832/230 815/1184 804/231
f 837/1201 805/228 815/1184
f 1279/1500 1324/1530 1284/1498
f 1284/1498 1318/543 1280/542
f 1486/609 1484/1642 1479/607
f 1489/1650 1476/1640 1484/1642
f 1249/455 1341/1545 1254/1477
f 1254/1477 1337/396 1250/395
f 448/935 798/1177 454/937
f 454/937 793/260 449/936
f 151/726 143/716 139/26
f 155/724 140/280 143/716
f 772/199 757/1142 752/200
f 777/1784 753/214 757/1145
f 18/46 13/633 8/634
f 22/643 9/635 13/633
f 1304/443 1275/1785 1270/444
f 1316/1786 1271/452 1275/1493
f 1486/609 1519/1669 1491/1649
f 1491/1649 1514/1668 1487/511
f 1550/606 1546/1687 1541/604
f 1554/1693 1542/1688 1546/1687
f 187/276 875/1231 192/750
f 192/750 870/1230 188/271
f 743/223 819/1188 748/1135
f 748/1135 808/222 744/221
f 380/96 923/1260 386/888
f 386/888 918/325 381/327
f 823/227 835/1199 828/1193
f 828/1195 830/136 824/138
f 686/1091 576/1013 571/143
f 694/1090 568/146 576/1013
f 1505/611 1483/1646 1478/612
f 1509/1663 1479/607 1483/1646
f 553/144 575/1015 558/1002
f 558/1002 570/1017 550/178
f 204/762 201/758 196/14
f 212/761 197/759 201/758
f 334/77 434/921 340/851
f 340/851 428/922 335/265
f 1227/1466 1565/1695 1234/1468
f 1234/1468 1560/1699 1228/439
f 1488/1652 1500/1655 1493/1648
f 1493/1648 1495/525 1485/524
f 559/180 585/1019 563/1007
f 563/1007 580/129 560/128
f 999/1314 1242/1469 1006/1312
f 1006/1312 1237/463 1000/465
f 670/167 536/992 532/168
f 675/1081 533/243 536/992
f 1668/574 1677/1760 1670/1787
f 1670/1787 1672/572 1669/1788
f 1340/1547 1314/1526 1307/437
f 1314/1526 1339/545 1308/544
f 1497/441 1235/1467 1228/439
f 1501/1657 1229/351 1235/1467
f 568/146 593/1027 572/1012
f 572/1012 588/1028 569/181
f 1505/611 1589/1706 1510/1662
f 1510/1662 1584/516 1506/515
f 40/51 39/1789 37/49
f 48/654 38/40 39/1789
f 1225/464 1007/1316 1000/465
f 1230/1461 1001/368 1007/1316
f 1145/471 1044/1790 1037/469
f 1155/1413 1038/1338 1044/1337
f 924/1266 406/900 401/326
f 932/1265 402/333 406/900
f 639/131 584/1022 579/132
f 647/1060 580/129 584/1022
f 1682/575 1678/1761 1673/576
f 1686/1766 1674/489 1678/1761
f 401/326 387/887 381/327
f 405/898 382/324 387/887
f 578/183 574/1016 569/181
f 581/1020 570/1017 574/1016
f 1656/571 1665/1753 1658/1791
f 1658/1791 1660/1755 1657/565
f 1339/545 1326/1531 1320/546
f 1343/1544 1321/456 1326/1531
f 586/148 618/1039 590/1026
f 590/1026 612/184 587/186
f 382/324 396/894 388/889
f 388/889 391/892 383/316
f 31/41 47/659 36/645
f 36/645 42/657 28/7
f 430/314 358/862 353/315
f 358/862 429/76 354/78
f 1068/1355 1153/1411 1072/1358
f 1072/1358 1147/373 1069/375
f 1130/1398 1067/1351 1062/416
f 1134/1397 1059/500 1067/1351
f 1683/551 1670/1792 1669/552
f 1687/1765 1668/574 1670/1792
f 678/1086 557/1006 552/242
f 681/1085 553/144 557/1006
f 170/336 848/1208 175/738
f 175/738 843/1210 171/292
f 595/185 592/1025 587/186
f 607/1031 588/1028 592/1025
f 379/92 367/872 362/93
f 389/885 363/318 367/872
f 804/231 795/1171 791/229
f 814/1183 792/233 795/1171
f 1061/413 1120/1382 1066/1353
f 1066/1353 1114/417 1062/416
f 906/39 129/704 124/37
f 911/1253 121/696 129/698
f 391/892 378/876 373/317
f 394/890 370/84 378/876
f 363/318 377/883 368/871
f 368/874 372/881 364/262
f 782/261 797/1175 788/1793
f 788/1169 792/233 783/232
f 1533/1681 1511/1659 1506/515
f 1537/1679 1503/492 1511/1659
f 1497/441 1555/1692 1502/1654
f 1502/1654 1550/606 1494/605
f 578/183 606/1036 583/1021
f 583/1021 599/130 579/132
f 177/5 174/739 169/6
f 185/741 170/336 174/739
f 1036/625 1192/1433 1043/1333
f 1043/1333 1186/1438 1037/469
f 803/234 789/1168 783/232
f 813/1182 784/236 789/1168
f 1672/572 1666/1756 1661/573
f 1675/1757 1662/603 1666/1756
f 852/293 165/733 159/294
f 856/1213 160/268 165/733
f 630/1057 565/1011 560/128
f 635/1056 561/125 565/1011
f 1524/1675 1516/1667 1512/491
f 1528/1673 1513/345 1516/1667
f 1077/378 1113/1376 1083/1364
f 1083/1364 1107/619 1078/621
f 1308/544 1325/1532 1315/1525
f 1315/1525 1319/451 1309/453
f 945/512 1518/1666 950/1277
f 950/1277 1513/345 942/344
f 25/42 35/652 27/1794
f 27/1795 30/649 26/1
f 1080/624 1065/1354 1060/622
f 1086/1366 1061/413 1065/1354
f 630/1057 646/1062 636/1055
f 636/1055 641/1064 631/193
f 160/268 937/1273 166/732
f 166/732 933/290 161/734
f 1624/564 1641/1739 1625/1796
f 1641/1739 1623/568 1625/1796
f 88/24 127/703 92/675
f 92/678 122/701 89/19
f 1306/399 1332/1536 1313/1521
f 1313/1524 1328/438 1307/437
f 457/105 239/780 234/103
f 467/940 231/116 239/780
f 1081/435 1096/1370 1088/1367
f 1088/1367 1090/380 1082/379
f 886/288 134/706 130/286
f 894/1240 131/708 134/706
f 926/291 154/722 149/289
f 930/1269 150/725 154/722
f 1069/375 1098/1372 1074/1360
f 1098/1372 1070/433 1074/1360
f 1059/500 1076/1357 1063/1350
f 1063/1350 1071/623 1060/622
f 1092/374 1152/1409 1099/1371
f 1099/1371 1146/421 1093/423
f 91/32 87/1797 85/33
f 95/679 86/1798 87/1799
f 1174/431 1303/1512 1181/1430
f 1181/1423 1298/504 1169/503
f 650/153 663/1072 655/1069
f 655/1069 658/188 651/187
f 1081/435 1075/1359 1070/433
f 1075/1359 1080/624 1071/623
f 1623/568 1633/1736 1625/1800
f 1625/1800 1628/560 1624/1801
f 917/282 145/715 140/280
f 921/1262 141/718 145/715
f 103/27 147/714 108/684
f 108/684 142/719 100/22
f 1116/620 1085/1363 1078/621
f 1122/1386 1079/414 1085/1363
f 240/115 466/944 244/785
f 244/785 460/945 241/112
f 628/122 623/1047 619/123
f 638/1053 620/204 623/1047
f 1649/1748 1642/1741 1637/563
f 1653/1747 1638/483 1642/1741
f 1040/363 1055/1345 1047/1340
f 1055/1802 1035/537 1047/1332
f 90/59 84/671 79/60
f 94/680 76/21 84/671
f 1185/502 1302/1517 1191/1436
f 1191/1436 1297/470 1186/1438
f 668/305 683/1084 674/1079
f 674/1079 678/1086 669/241
f 1003/493 1020/1322 1010/1311
f 1020/1322 998/615 1010/1311
f 1617/561 1632/1734 1622/1728
f 1622/1728 1627/478 1614/480
f 1138/404 1292/1508 1143/1403
f 1143/1406 1287/366 1139/365
f 1306/399 1203/1440 1197/397
f 1312/1522 1193/508 1203/1440
f 595/185 617/1042 601/1030
f 601/1030 611/135 596/134
f 1660/1755 1655/1743 1650/566
f 1663/1754 1647/534 1655/1743
f 206/283 136/711 131/708
f 210/765 132/712 136/711
f 1644/567 1654/1750 1646/1803
f 1646/1804 1649/1748 1645/562
f 78/56 72/666 67/57
f 82/674 64/18 72/666
f 640/247 605/1037 598/1035
f 643/1059 599/130 605/1037
f 822/217 741/1132 736/218
f 825/1805 733/1125 741/1127
f 411/114 246/789 241/112
f 415/907 242/62 246/789
f 989/355 1021/1321 993/1305
f 1021/1321 990/494 993/1305
f 1616/557 1606/1721 1602/558
f 1620/1731 1603/474 1606/1721
f 688/267 341/853 335/265
f 692/1094 336/854 341/853
f 1119/405 1142/1404 1126/1383
f 1142/1404 1114/417 1126/1383
f 1117/428 1112/1381 1106/429
f 1112/1381 1116/620 1107/619
f 1330/1539 1202/1445 1196/446
f 1334/1538 1197/397 1202/1445
f 1346/626 1187/1435 1182/627
f 1358/1549 1183/393 1187/1435
f 660/162 671/1076 665/1071
f 665/1071 666/170 657/169
f 1003/493 995/1309 990/494
f 1009/1317 991/548 995/1309
f 1361/587 1594/1716 1366/1806
f 1366/1563 1590/522 1362/521
f 724/195 637/1058 631/193
f 732/1118 632/202 637/1058
f 1573/514 1588/1711 1578/1702
f 1578/1702 1583/582 1574/581
f 1174/431 1101/1374 1094/432
f 1180/1431 1095/420 1101/1374
f 114/694 107/688 102/35
f 118/693 103/27 107/688
f 79/60 75/1807 73/58
f 83/673 74/1808 75/1807
f 1216/630 1168/1416 1161/628
f 1219/1456 1156/462 1168/1416
f 1617/561 1613/1809 1611/559
f 1621/1730 1612/1810 1613/1809
f 668/305 299/825 294/306
f 673/1080 295/827 299/825
f 142/719 128/705 123/23
f 146/717 124/37 128/705
f 559/180 554/1004 550/178
f 567/1008 551/1005 554/1004
f 807/207 740/1130 735/205
f 817/1185 736/218 740/1130
f 1289/411 1125/1388 1118/409
f 1293/1510 1119/405 1125/1388
f 713/196 764/1151 718/1106
f 718/1110 760/251 714/1108
f 1105/402 1272/1489 1111/1380
f 1272/1489 1106/429 1111/1380
f 40/51 56/660 44/656
f 44/656 52/10 41/12
f 109/1811 119/692 111/1812
f 111/1812 114/694 110/34
f 1160/390 1200/1444 1167/1420
f 1167/1420 1194/1441 1161/628
f 1117/428 1281/1494 1124/1387
f 1124/1387 1277/410 1118/409
f 1258/376 1108/1378 1103/377
f 1262/1483 1104/1379 1108/1378
f 1569/577 1579/1704 1571/1813
f 1571/1813 1574/581 1570/1814
f 1204/510 1310/1518 1209/1446
f 1209/1446 1304/443 1205/442
f 478/111 271/810 267/109
f 481/956 268/811 271/810
f 543/177 566/1010 548/1000
f 548/1000 561/125 544/124
f 1396/1585 1618/1727 1401/1588
f 1401/1588 1614/480 1397/479
f 1157/538 1189/1434 1164/1419
f 1164/1419 1183/393 1158/392
f 725/220 818/1187 730/1119
f 730/1119 807/207 726/206
f 1371/1568 1608/1723 1376/1565
f 1376/1565 1603/474 1368/473
f 1583/582 1568/1815 1566/580
f 1587/1710 1567/550 1568/1815
f 1488/1652 985/1301 979/350
f 1492/1651 980/513 985/1301
f 1017/387 1045/1336 1025/1319
f 1025/1319 1038/1338 1011/382
f 1551/440 1564/1697 1556/1690
f 1556/1690 1559/1698 1548/448
f 1195/389 1446/1617 1201/1443
f 1201/1443 1441/447 1196/446
f 470/69 262/798 258/67
f 474/1816 259/802 262/801
f 1128/384 1154/1414 1133/1392
f 1133/1395 1148/499 1129/501
f 54/54 51/1817 49/52
f 58/663 50/1818 51/1817
f 1156/462 1177/1424 1162/1415
f 1162/1415 1170/539 1157/538
f 726/206 739/1131 731/1121
f 731/1124 734/203 727/1122
f 609/246 720/1112 615/1040
f 720/1112 610/250 615/1040
f 1130/1398 1140/1402 1135/1396
f 1135/1391 1136/614 1127/1389
f 724/195 749/1139 728/1819
f 728/1120 744/221 725/220
f 1026/518 1056/1344 1030/1329
f 1030/1329 1050/362 1027/361
f 1029/371 1024/1325 1016/372
f 1024/1325 1028/385 1017/387
f 608/150 712/1102 613/1038
f 613/1038 707/244 609/246
f 1318/543 1245/1474 1239/541
f 1322/1527 1240/458 1245/1474
f 680/75 321/841 316/73
f 321/841 679/1087 317/304
f 533/243 556/1003 538/991
f 538/991 551/1005 534/175
f 67/57 63/1820 61/55
f 71/668 62/1821 63/1820
f 898/285 211/764 206/283
f 211/764 897/279 207/278
f 1523/343 955/1281 951/1283
f 1527/1674 952/348 955/1281
f 1082/379 1264/1482 1089/1362
f 1089/1362 1258/376 1077/378
f 1027/361 1046/1339 1032/1328
f 1032/1328 1039/386 1028/385
f 1104/1379 1212/1449 1110/1377
f 1110/1377 1206/400 1105/402
f 543/177 539/993 534/175
f 547/999 535/994 539/993
f 781/99 723/1107 717/97
f 785/1166 713/196 723/1107
f 1636/569 1634/1733 1629/570
f 1639/1740 1626/594 1634/1733
f 112/45 156/721 116/689
f 116/689 151/726 113/25
f 66/53 59/664 54/54
f 70/669 55/15 59/664
f 130/286 125/700 121/696
f 138/707 122/701 125/700
f 935/330 854/1214 850/328
f 939/1272 851/269 854/1214
f 1095/420 1265/1485 1102/1369
f 1102/1369 1259/381 1090/380
f 522/338 497/965 490/339
f 526/985 491/154 497/965
f 468/948 483/955 472/946
f 472/946 478/111 469/110
f 279/90 226/775 222/88
f 283/818 223/296 226/775
f 500/166 540/990 507/968
f 507/968 535/994 501/172
f 514/174 545/995 519/980
f 519/980 541/997 515/121
f 1217/408 1213/1822 1207/406
f 1221/1455 1208/629 1213/1452
f 1330/1539 1462/1630 1335/1537
f 1335/1541 1458/450 1331/449
f 64/18 208/760 68/665
f 68/665 204/762 65/13
f 426/258 710/1103 431/918
f 431/918 705/191 427/190
f 457/105 485/954 462/939
f 462/939 480/958 458/211
f 1052/347 957/1286 952/348
f 1057/1349 953/517 957/1286
f 1287/366 1244/1472 1238/364
f 1290/1506 1239/541 1244/1472
f 597/201 755/1143 604/1033
f 604/1033 751/248 598/1035
f 489/118 509/974 496/963
f 496/963 502/337 490/339
f 963/519 1034/1327 968/1288
f 968/1288 1029/371 960/370
f 888/1244 349/857 344/164
f 892/1241 345/80 349/857
f 944/496 986/1303 949/1280
f 949/1280 980/513 945/512
f 418/912 722/1116 423/910
f 423/914 716/1113 419/256
f 1422/1600 1166/1421 1159/506
f 1430/1602 1160/390 1166/1421
f 698/192 433/920 427/190
f 702/1100 428/922 433/920
f 1093/423 1299/1511 1100/1373
f 1100/1373 1295/430 1094/432
f 773/133 603/1034 596/134
f 778/1162 597/201 603/1034
f 936/1275 221/767 216/332
f 221/767 935/330 213/329
f 943/354 977/1294 948/1278
f 948/1278 972/1298 944/496
f 620/204 737/1129 625/1046
f 625/1049 733/1125 621/253
f 523/139 516/976 512/140
f 528/987 513/978 516/976
f 1581/1707 1688/1763 1585/1705
f 1585/1705 1683/551 1582/1708
f 437/87 455/938 441/928
f 441/928 449/936 438/259
f 706/257 721/1111 711/1105
f 711/1105 715/245 707/244
f 951/1283 946/1279 942/344
f 959/1282 943/354 946/1279
f 233/784 273/809 238/782
f 238/782 268/811 234/103
f 1270/444 1211/1823 1205/442
f 1211/1450 1269/401 1206/400
f 460/945 451/934 446/113
f 465/942 447/341 451/934
f 769/252 616/1043 610/250
f 779/1156 611/135 616/1043
f 1240/458 1256/1476 1246/1473
f 1246/1473 1251/618 1241/617
f 742/249 645/1063 640/247
f 750/1134 641/1064 645/1063
f 1257/407 1222/1460 1217/408
f 1267/1481 1218/425 1222/1460
f 501/172 518/981 508/1824
f 508/972 513/978 502/337
f 1237/463 1232/1465 1225/464
f 1247/1470 1226/616 1232/1465
f 1593/554 1571/1825 1570/555
f 1597/1717 1569/577 1571/1826
f 41/12 194/749 46/655
f 46/655 189/8 42/657
f 989/355 976/1297 971/356
f 997/1306 972/1298 976/1297
f 688/267 701/1098 693/1093
f 693/1093 696/145 689/147
f 970/358 966/1289 961/359
f 973/1296 962/1290 966/1289
f 259/802 275/808 264/800
f 264/800 270/813 260/301
f 1226/616 1255/1479 1233/1464
f 1233/1464 1250/395 1227/1466
f 1185/502 1175/1425 1169/503
f 1190/1437 1170/539 1175/1425
f 1002/549 988/1300 982/547
f 988/1300 1001/368 978/367
f 261/804 255/792 250/299
f 265/1827 251/303 255/795
f 897/279 884/1238 879/277
f 901/1249 880/157 884/1238
f 1215/460 1178/1828 1171/461
f 1223/1459 1172/424 1178/1428
f 970/358 1022/1323 975/1295
f 975/1295 1014/357 971/356
f 1558/436 1345/1543 1340/1547
f 1561/1694 1337/396 1345/1543
f 306/71 885/1234 311/834
f 311/834 880/157 307/159
f 992/497 987/1304 981/498
f 987/1304 991/548 982/547
f 1575/579 1596/1718 1580/1701
f 1580/1701 1591/1714 1572/586
f 1440/600 1435/1609 1431/598
f 1448/1614 1432/1610 1435/1609
f 705/191 703/1097 698/192
f 708/1104 695/1095 703/1097
f 1158/392 1357/1555 1165/1418
f 1165/1418 1350/507 1159/506
f 277/302 256/794 251/303
f 280/817 252/797 256/794
f 953/517 967/1292 958/1285
f 958/1285 962/1290 954/352
f 487/340 453/933 447/341
f 492/962 448/935 453/933
f 97/36 106/685 99/1829
f 99/1829 101/687 98/31
f 1387/1579 1525/1672 1392/1577
f 1392/1577 1521/528 1388/527
f 895/163 893/1243 888/1244
f 903/1246 889/284 893/1243
f 960/370 1023/1324 964/1287
f 964/1287 1015/360 961/359
f 1559/1698 1336/1534 1331/449
f 1563/1696 1328/438 1336/1534
f 286/822 253/793 249/101
f 289/819 250/299 253/793
f 1424/597 1447/1616 1429/1605
f 1429/1605 1442/1618 1425/388
f 905/287 890/1242 886/288
f 909/1251 887/81 890/1242
f 680/75 690/1089 685/1083
f 685/1083 686/1091 677/142
f 869/100 291/821 286/822
f 872/1229 287/72 291/821
f 458/211 494/961 464/943
f 464/943 487/340 459/342
f 101/687 96/676 91/32
f 104/686 88/24 96/676
f 1414/593 1437/1608 1419/1597
f 1419/1597 1432/1610 1415/595
f 76/21 137/710 80/670
f 80/670 132/712 77/16
f 1172/424 1266/1484 1179/1427
f 1179/1427 1260/419 1173/418
f 1297/470 1150/1830 1145/471
f 1301/1831 1146/421 1150/1410
f 1602/558 1601/1832 1599/556
f 1610/1722 1600/553 1601/1832
f 1193/508 1214/1447 1198/1439
f 1198/1439 1208/629 1194/1441
f 1405/477 1426/1603 1410/1591
f 1410/1591 1422/1600 1406/505
f 55/15 199/753 60/661
f 60/661 195/755 52/10
f 215/771 407/897 220/769
f 220/769 402/333 216/332
f 1360/1560 1534/1676 1365/1558
f 1365/1558 1530/588 1361/587
f 261/804 302/829 266/799
f 266/799 296/68 258/67
f 278/297 274/812 269/295
f 282/816 270/813 274/812
f 926/291 941/1271 931/1268
f 931/1268 936/1275 927/331
f 169/6 11/631 7/4
f 172/735 8/634 11/631
f 1605/1725 1598/1713 1593/554
f 1609/1724 1590/522 1598/1713
f 361/868 350/859 345/80
f 369/867 346/264 350/859
f 1424/597 1420/1598 1415/595
f 1428/1604 1416/1599 1420/1598
f 917/282 928/1264 922/1263
f 922/1263 924/1266 918/325
f 650/153 484/957 479/151
f 654/1067 480/958 484/957
f 355/865 339/852 333/311
f 339/852 354/78 334/77
f 333/311 329/847 324/312
f 337/848 325/309 329/847
f 1369/589 1381/1569 1374/1566
f 1374/1566 1377/1571 1370/583
f 916/38 912/1257 906/39
f 919/1259 907/94 912/1257
f 1387/1579 1058/1348 1052/347
f 1390/1833 1048/467 1058/1342
f 323/165 347/858 327/843
f 327/843 343/310 324/312
f 370/84 425/909 374/875
f 374/878 420/917 371/313
f 1404/590 1383/1574 1378/591
f 1412/1590 1379/529 1383/1574
f 1371/1568 1367/1557 1362/521
f 1375/1567 1359/585 1367/1557
f 649/212 495/964 488/213
f 652/1068 489/118 495/964
f 1413/1596 1402/1587 1397/479
f 1402/1587 1416/1599 1398/475
f 1450/533 1547/1684 1455/1622
f 1455/1622 1542/1688 1451/484
f 372/881 356/863 352/263
f 376/880 353/315 356/863
f 308/308 318/836 313/833
f 313/833 314/838 305/106
f 1368/473 1399/1582 1372/1564
f 1372/1564 1395/1584 1369/589
f 2/1779 115/695 109/1811
f 26/1 30/649 10/2
f 7/4 29/648 177/5
f 28/7 42/657 189/8
f 52/10 195/755 186/11
f 65/13 204/762 196/14
f 77/16 132/712 205/17
f 89/19 122/701 133/20
f 100/22 142/719 123/23
f 113/25 151/726 139/26
f 5/28 9/635 17/29
f 98/31 101/687 91/32
f 110/34 114/694 102/35
f 124/37 141/718 916/38
f 38/40 43/658 31/41
f 19/43 157/729 148/44
f 18/46 8/634 168/47
f 37/49 50/1818 53/50
f 49/52 62/1821 66/53
f 61/55 74/1808 78/56
f 73/58 86/1798 90/59
f 399/61 215/771 242/62
f 859/64 252/797 276/65
f 868/70 877/1232 306/71
f 316/73 336/854 687/74
f 904/79 361/868 345/80
f 390/82 440/930 417/83
f 393/85 408/903 450/86
f 222/88 853/1216 842/89
f 717/97 418/912 439/98
f 869/100 286/822 249/101
f 234/103 268/811 477/104
f 305/106 314/838 298/107
f 267/109 259/802 469/110
f 241/112 460/945 446/113
f 515/121 541/997 628/122
f 642/127 630/1057 560/128
f 677/142 686/1091 571/143
f 696/145 589/1029 568/146
f 586/148 695/1095 704/149
f 479/151 468/948 659/152
f 880/157 896/1247 326/158
f 471/160 295/827 667/161
f 895/163 888/1244 344/164
f 501/172 535/994 542/173
f 534/175 551/1005 562/176
f 550/178 570/1017 577/179
f 569/181 588/1028 600/182
f 631/193 641/1064 745/194
f 632/202 727/1122 734/203
f 794/208 448/935 486/209
f 458/211 480/958 649/212
f 669/241 678/1086 552/242
f 640/247 598/1035 751/248
f 610/250 714/1108 760/251
f 621/253 733/1125 821/254
f 419/256 716/1113 706/257
f 438/259 449/936 793/260
f 364/262 372/881 352/263
f 335/265 428/922 697/266
f 188/271 870/1230 861/272
f 198/274 878/1235 871/275
f 879/277 197/759 207/278
f 140/280 150/725 925/281
f 206/283 131/708 889/284
f 130/286 121/696 905/287
f 149/289 161/734 933/290
f 171/292 843/1210 852/293
f 269/295 233/784 223/296
f 297/298 261/804 250/299
f 260/301 270/813 277/302
f 317/304 679/1087 668/305
f 332/307 315/839 308/308
f 343/310 355/865 333/311
f 371/313 420/917 430/314
f 383/316 391/892 373/317
f 214/319 224/777 232/320
f 400/322 409/904 392/323
f 918/325 924/1266 401/326
f 850/328 225/778 213/329
f 927/331 936/1275 216/332
f 180/334 860/1221 844/335
f 502/337 513/978 522/338
f 1523/343 951/1283 942/344
f 1522/346 1387/1579 1052/347
f 1496/349 1488/1652 979/350
f 954/352 962/1290 969/353
f 1238/364 999/1314 1139/365
f 1011/382 1038/1338 1149/383
f 1425/388 1442/1618 1195/389
f 1557/394 1227/1466 1250/395
f 1207/406 1104/1379 1257/407
f 1137/415 1130/1398 1062/416
f 1268/427 1278/1496 1117/428
f 1558/436 1340/1547 1307/437
f 1228/439 1560/1699 1551/440
f 1459/445 1330/1539 1196/446
f 1548/448 1559/1698 1331/449
f 1319/451 1279/1500 1271/452
f 1380/466 1348/1551 1048/467
f 1037/469 1186/1438 1297/470
f 1615/472 1396/1585 1368/473
f 1398/475 1416/1599 1423/476
f 1627/478 1413/1596 1397/479
f 1648/481 1449/1619 1434/482
f 1451/484 1542/1688 1549/485
f 1681/487 1477/1645 1468/488
f 1532/490 1524/1675 1512/491
f 944/496 972/1298 992/497
f 1148/499 1068/1355 1059/500
f 1406/505 1422/1600 1159/506
f 1487/511 1514/1668 945/512
f 1573/514 1533/1681 1506/515
f 953/517 1051/1346 1026/518
f 1604/520 1371/1568 1362/521
f 1469/523 1476/1640 1485/524
f 1531/526 1360/1560 1388/527
f 1659/532 1539/1682 1450/533
f 1239/541 1286/1502 1280/542
f 1567/550 1582/1708 1683/551
f 1600/553 1605/1725 1593/554
f 1599/556 1612/1810 1616/557
f 1611/559 1624/1801 1628/560
f 1645/562 1649/1748 1637/563
f 1657/565 1660/1755 1650/566
f 1656/571 1669/1788 1672/572
f 1566/580 1570/1814 1574/581
f 1370/583 1377/1571 1389/584
f 1572/586 1591/1714 1361/587
f 1369/589 1395/1584 1404/590
f 1635/592 1433/1611 1414/593
f 1415/595 1432/1610 1443/596
f 1431/598 1452/1626 1460/599
f 1671/601 1467/1635 1540/602
f 1541/604 1470/1639 1494/605
f 1479/607 1504/1660 1515/608
f 1680/610 1581/1707 1505/611
f 1012/613 1127/1389 1136/614
f 1161/628 1194/1441 1208/629
f 11/631 12/636 15/632
f 13/633 12/636 11/631
f 9/635 14/637 12/636
f 10/2 15/632 12/636
f 16/638 20/641 21/639
f 17/29 22/643 21/639
f 23/642 21/639 22/643
f 24/640 21/639 23/642
f 28/7 32/1769 33/644
f 34/646 33/1834 32/647
f 30/649 35/1835 33/650
f 31/41 36/645 33/651
f 40/51 44/656 45/653
f 46/655 45/653 44/656
f 42/657 47/659 45/653
f 43/658 48/654 45/653
f 56/660 57/662 60/661
f 53/50 58/663 57/662
f 54/54 59/664 57/662
f 60/661 57/662 59/664
f 68/665 69/667 72/666
f 65/13 70/669 69/667
f 71/668 69/667 70/669
f 67/57 72/666 69/667
f 80/670 81/672 84/671
f 77/16 82/674 81/672
f 83/673 81/672 82/674
f 79/60 84/671 81/672
f 92/675 93/1836 96/676
f 89/19 94/680 93/677
f 95/679 93/677 94/680
f 91/32 96/676 93/681
f 100/22 104/686 105/683
f 106/685 105/683 104/686
f 102/35 107/688 105/683
f 108/684 105/683 107/688
f 116/689 117/691 120/690
f 113/25 118/693 117/691
f 119/692 117/691 118/693
f 115/695 120/690 117/691
f 121/696 125/700 126/697
f 127/699 126/1837 125/700
f 123/23 128/705 126/702
f 129/704 126/1838 128/705
f 134/706 135/709 138/707
f 131/708 136/711 135/709
f 137/710 135/709 136/711
f 133/20 138/707 135/709
f 139/26 143/716 144/713
f 145/715 144/713 143/716
f 146/717 144/713 145/715
f 147/714 144/713 146/717
f 148/44 152/723 153/720
f 154/722 153/720 152/723
f 155/724 153/720 154/722
f 156/721 153/720 155/724
f 162/727 163/730 167/728
f 158/48 164/731 163/730
f 159/294 165/733 163/730
f 166/732 163/730 165/733
f 161/734 167/728 163/730
f 172/735 173/737 176/736
f 169/6 174/739 173/737
f 175/738 173/737 174/739
f 171/292 176/736 173/737
f 181/740 182/1839 185/741
f 178/9 183/745 182/742
f 184/744 182/1840 183/745
f 180/334 185/741 182/746
f 186/11 190/751 191/748
f 192/750 191/748 190/751
f 188/271 193/752 191/748
f 194/749 191/748 193/752
f 199/753 200/756 203/754
f 196/14 201/758 200/756
f 202/757 200/756 201/758
f 203/754 200/756 202/757
f 208/760 209/763 212/761
f 205/17 210/765 209/763
f 211/764 209/763 210/765
f 207/278 212/761 209/763
f 217/766 218/768 221/767
f 214/319 219/770 218/768
f 220/769 218/768 219/770
f 216/332 221/767 218/768
f 222/88 226/775 227/772
f 228/774 227/772 226/775
f 229/776 227/772 228/774
f 230/773 227/772 229/776
f 235/779 236/781 239/780
f 232/320 237/783 236/781
f 238/782 236/781 237/783
f 234/103 239/780 236/781
f 244/785 245/787 248/786
f 241/112 246/789 245/787
f 247/788 245/787 246/789
f 243/321 248/786 245/787
f 249/101 253/793 254/790
f 255/792 254/1841 253/793
f 256/794 254/1842 255/795
f 257/796 254/1843 256/794
f 262/798 263/1844 266/799
f 264/800 263/1845 262/801
f 260/301 265/1827 263/803
f 261/804 266/799 263/805
f 267/109 271/810 272/807
f 273/809 272/807 271/810
f 269/295 274/812 272/807
f 275/808 272/807 274/812
f 276/65 280/817 281/814
f 282/816 281/814 280/817
f 283/818 281/814 282/816
f 284/815 281/814 283/818
f 289/819 290/823 293/820
f 291/821 290/823 289/819
f 287/72 292/824 290/823
f 293/820 290/823 292/824
f 299/825 300/828 304/826
f 295/827 301/830 300/828
f 302/829 300/828 301/830
f 297/298 303/831 300/828
f 304/826 300/828 303/831
f 309/832 310/1846 313/833
f 311/834 310/1846 309/832
f 312/835 310/1846 311/834
f 313/833 310/1846 312/835
f 318/836 319/840 322/837
f 315/839 320/842 319/840
f 321/841 319/840 320/842
f 317/304 322/837 319/840
f 327/843 328/845 331/844
f 324/312 329/847 328/845
f 330/846 328/845 329/847
f 326/158 331/844 328/845
f 337/848 338/850 342/849
f 333/311 339/852 338/850
f 340/851 338/850 339/852
f 335/265 341/853 338/850
f 342/849 338/850 341/853
f 343/310 347/858 348/855
f 349/857 348/855 347/858
f 345/80 350/859 348/855
f 351/856 348/855 350/859
f 352/263 356/863 357/860
f 358/862 357/860 356/863
f 354/78 359/864 357/860
f 360/861 357/860 359/864
f 365/866 366/873 369/867
f 362/93 367/872 366/869
f 368/871 366/1847 367/872
f 364/262 369/867 366/873
f 374/875 375/1848 378/876
f 371/313 376/880 375/877
f 377/879 375/1849 376/880
f 373/317 378/876 375/882
f 384/884 385/886 389/885
f 380/96 386/888 385/886
f 387/887 385/886 386/888
f 388/889 385/886 387/887
f 383/316 389/885 385/886
f 394/890 395/893 398/891
f 391/892 396/894 395/893
f 392/323 397/895 395/893
f 393/85 398/891 395/893
f 399/61 403/899 404/896
f 405/898 404/896 403/899
f 401/326 406/900 404/896
f 407/897 404/896 406/900
f 412/901 413/905 416/902
f 409/904 414/906 413/905
f 410/63 415/907 413/905
f 411/114 416/902 413/905
f 417/83 421/911 422/908
f 423/910 422/1850 421/911
f 419/256 424/916 422/913
f 425/915 422/1851 424/916
f 431/918 432/923 436/919
f 433/920 432/923 431/918
f 434/921 432/923 433/920
f 429/76 435/924 432/923
f 430/314 436/919 432/923
f 437/87 441/928 442/925
f 443/927 442/925 441/928
f 444/929 442/925 443/927
f 445/926 442/925 444/929
f 446/113 451/934 452/931
f 453/933 452/931 451/934
f 448/935 454/937 452/931
f 449/936 455/938 452/931
f 456/932 452/931 455/938
f 462/939 463/941 467/940
f 458/211 464/943 463/941
f 465/942 463/941 464/943
f 466/944 463/941 465/942
f 461/117 467/940 463/941
f 472/946 473/1852 476/947
f 469/110 474/1816 473/949
f 475/950 473/1853 474/951
f 471/160 476/1774 473/952
f 477/104 481/956 482/953
f 483/955 482/953 481/956
f 479/151 484/957 482/953
f 485/954 482/953 484/957
f 486/209 492/962 493/959
f 494/961 493/959 492/962
f 488/213 495/964 493/959
f 496/963 493/959 495/964
f 490/339 497/965 493/959
f 498/960 493/959 497/965
f 499/171 505/969 506/966
f 507/968 506/1854 505/969
f 501/172 508/1824 506/970
f 502/337 509/974 506/971
f 510/973 506/971 509/974
f 504/189 511/1767 506/975
f 516/976 517/1855 520/977
f 513/978 518/1856 517/979
f 519/980 517/1857 518/981
f 515/121 520/1770 517/982
f 521/155 526/985 527/983
f 522/338 528/987 527/983
f 529/986 527/983 528/987
f 524/255 530/988 527/983
f 531/984 527/983 530/988
f 532/168 536/992 537/989
f 538/991 537/989 536/992
f 539/993 537/989 538/991
f 540/990 537/989 539/993
f 545/995 546/998 549/996
f 542/173 547/999 546/998
f 543/177 548/1000 546/998
f 549/996 546/998 548/1000
f 550/178 554/1004 555/1001
f 556/1003 555/1001 554/1004
f 552/242 557/1006 555/1001
f 558/1002 555/1001 557/1006
f 563/1007 564/1009 567/1008
f 560/128 565/1011 564/1009
f 566/1010 564/1009 565/1011
f 562/176 567/1008 564/1009
f 572/1012 573/1014 576/1013
f 569/181 574/1016 573/1014
f 575/1015 573/1014 574/1016
f 571/143 576/1013 573/1014
f 577/179 581/1020 582/1018
f 578/183 583/1021 582/1018
f 579/132 584/1022 582/1018
f 585/1019 582/1018 584/1022
f 586/148 590/1026 591/1023
f 592/1025 591/1023 590/1026
f 593/1027 591/1023 592/1025
f 594/1024 591/1023 593/1027
f 601/1030 602/1032 607/1031
f 596/134 603/1034 602/1032
f 604/1033 602/1032 603/1034
f 598/1035 605/1037 602/1032
f 606/1036 602/1032 605/1037
f 600/182 607/1031 602/1032
f 613/1038 614/1041 618/1039
f 615/1040 614/1041 613/1038
f 610/250 616/1043 614/1041
f 617/1042 614/1041 616/1043
f 612/184 618/1039 614/1041
f 619/123 623/1047 624/1044
f 625/1046 624/1858 623/1047
f 621/253 626/1051 624/1048
f 627/1050 624/1859 626/1051
f 628/122 633/1054 634/1052
f 629/126 635/1056 634/1052
f 636/1055 634/1052 635/1056
f 631/193 637/1058 634/1052
f 638/1053 634/1052 637/1058
f 643/1059 644/1061 647/1060
f 640/247 645/1063 644/1061
f 646/1062 644/1061 645/1063
f 642/127 647/1060 644/1061
f 648/119 652/1068 653/1065
f 654/1067 653/1065 652/1068
f 650/153 655/1069 653/1065
f 656/1066 653/1065 655/1069
f 657/169 661/1768 662/1070
f 663/1072 662/1860 661/1073
f 659/152 664/1775 662/1074
f 665/1071 662/1861 664/1075
f 671/1076 672/1078 676/1077
f 667/161 673/1080 672/1078
f 674/1079 672/1078 673/1080
f 675/1081 672/1078 674/1079
f 670/167 676/1077 672/1078
f 677/142 681/1085 682/1082
f 683/1084 682/1082 681/1085
f 679/1087 684/1088 682/1082
f 685/1083 682/1082 684/1088
f 690/1089 691/1092 694/1090
f 687/74 692/1094 691/1092
f 693/1093 691/1092 692/1094
f 689/147 694/1090 691/1092
f 695/1095 699/1099 700/1096
f 701/1098 700/1096 699/1099
f 697/266 702/1100 700/1096
f 703/1097 700/1096 702/1100
f 704/149 708/1104 709/1101
f 710/1103 709/1101 708/1104
f 706/257 711/1105 709/1101
f 712/1102 709/1101 711/1105
f 718/1106 719/1862 723/1107
f 714/1108 720/1112 719/1109
f 721/1111 719/1863 720/1112
f 716/1113 722/1864 719/1114
f 717/97 723/1107 719/1115
f 724/195 728/1819 729/1117
f 730/1119 729/1865 728/1120
f 731/1121 729/1866 730/1119
f 727/1122 732/1118 729/1123
f 733/1125 737/1867 738/1126
f 734/203 739/1868 738/1128
f 740/1130 738/1869 739/1131
f 741/1132 738/1870 740/1130
f 742/249 746/1780 747/1133
f 748/1135 747/1871 746/1136
f 749/1137 747/1872 748/1135
f 745/194 750/1134 747/1138
f 751/248 755/1143 756/1140
f 757/1142 756/1873 755/1143
f 753/214 758/1147 756/1144
f 759/1146 756/1874 758/1147
f 760/251 764/1875 765/1148
f 761/198 766/1777 765/1150
f 767/1152 765/1876 766/1153
f 768/1154 765/1877 767/1152
f 769/252 774/1878 775/1155
f 776/1157 775/1879 774/1158
f 771/215 777/1784 775/1159
f 772/199 778/1162 775/1160
f 779/1156 775/1880 778/1162
f 780/197 785/1166 786/1163
f 787/1165 786/1881 785/1166
f 782/261 788/1793 786/1167
f 789/1168 786/1882 788/1169
f 790/1170 786/1883 789/1168
f 795/1171 796/1884 799/1172
f 797/1173 796/1885 795/1171
f 793/260 798/1177 796/1174
f 794/208 799/1781 796/1176
f 800/216 810/1180 811/1178
f 801/240 812/1181 811/1178
f 802/237 813/1182 811/1178
f 803/234 814/1183 811/1178
f 804/231 815/1184 811/1178
f 805/228 816/1186 811/1178
f 817/1185 811/1178 816/1186
f 818/1187 811/1178 817/1185
f 819/1188 811/1178 818/1187
f 809/225 820/1179 811/1178
f 821/254 825/1805 826/1189
f 827/1191 826/1886 825/1192
f 828/1193 826/1887 827/1191
f 824/138 829/1190 826/1194
f 830/136 835/1888 836/1196
f 831/226 837/1201 836/1198
f 838/1200 836/1889 837/1201
f 833/210 839/1204 836/1202
f 840/1197 836/1890 839/1204
f 845/1205 846/1207 849/1206
f 842/89 847/1209 846/1207
f 848/1208 846/1207 847/1209
f 844/335 849/1206 846/1207
f 850/328 854/1214 855/1211
f 856/1213 855/1211 854/1214
f 852/293 857/1215 855/1211
f 858/1212 855/1211 857/1215
f 859/64 863/1220 864/1217
f 865/1219 864/1891 863/1220
f 861/272 866/1225 864/1222
f 867/1224 864/1892 866/1225
f 868/70 872/1229 873/1226
f 874/1228 873/1226 872/1229
f 870/1230 875/1231 873/1226
f 871/275 876/1227 873/1226
f 877/1232 881/1236 882/1233
f 878/1235 883/1237 882/1233
f 879/277 884/1238 882/1233
f 885/1234 882/1233 884/1238
f 886/288 890/1242 891/1239
f 892/1241 891/1239 890/1242
f 893/1243 891/1239 892/1241
f 889/284 894/1240 891/1239
f 899/1245 900/1248 903/1246
f 896/1247 901/1249 900/1248
f 897/279 902/1250 900/1248
f 898/285 903/1246 900/1248
f 909/1251 910/1893 914/1252
f 911/1253 910/1894 909/1251
f 906/39 912/1257 910/1254
f 913/1256 910/1895 912/1257
f 908/91 914/1896 910/1258
f 919/1259 920/1261 923/1260
f 916/38 921/1262 920/1261
f 917/282 922/1263 920/1261
f 918/325 923/1260 920/1261
f 928/1264 929/1267 932/1265
f 925/281 930/1269 929/1267
f 931/1268 929/1267 930/1269
f 927/331 932/1265 929/1267
f 933/290 937/1273 938/1270
f 939/1272 938/1270 937/1273
f 935/330 940/1274 938/1270
f 941/1271 938/1270 940/1274
f 942/344 946/1279 947/1276
f 948/1278 947/1276 946/1279
f 949/1280 947/1276 948/1278
f 950/1277 947/1276 949/1280
f 955/1281 956/1284 959/1282
f 952/348 957/1286 956/1284
f 958/1285 956/1284 957/1286
f 954/352 959/1282 956/1284
f 964/1287 965/1291 968/1288
f 966/1289 965/1291 964/1287
f 962/1290 967/1292 965/1291
f 963/519 968/1288 965/1291
f 969/353 973/1296 974/1293
f 975/1295 974/1293 973/1296
f 971/356 976/1297 974/1293
f 977/1294 974/1293 976/1297
f 978/367 983/1302 984/1299
f 985/1301 984/1299 983/1302
f 986/1303 984/1299 985/1301
f 981/498 987/1304 984/1299
f 988/1300 984/1299 987/1304
f 993/1305 994/1307 997/1306
f 990/494 995/1309 994/1307
f 996/1308 994/1307 995/1309
f 992/497 997/1306 994/1307
f 998/615 1004/1313 1005/1310
f 1006/1312 1005/1310 1004/1313
f 1000/465 1007/1316 1005/1310
f 1008/1315 1005/1310 1007/1316
f 1002/549 1009/1317 1005/1310
f 1010/1311 1005/1310 1009/1317
f 1011/382 1018/1320 1019/1318
f 1012/613 1020/1322 1019/1318
f 1021/1321 1019/1318 1020/1322
f 1014/357 1022/1323 1019/1318
f 1015/360 1023/1324 1019/1318
f 1016/372 1024/1325 1019/1318
f 1025/1319 1019/1318 1024/1325
f 1026/518 1030/1329 1031/1326
f 1032/1328 1031/1326 1030/1329
f 1028/385 1033/1330 1031/1326
f 1034/1327 1031/1326 1033/1330
f 1035/537 1041/1334 1042/1331
f 1043/1333 1042/1897 1041/1334
f 1037/469 1044/1790 1042/1335
f 1045/1336 1042/1898 1044/1337
f 1046/1339 1042/1898 1045/1336
f 1047/1340 1042/1899 1046/1339
f 1053/1341 1054/1900 1058/1342
f 1049/535 1055/1802 1054/1343
f 1056/1344 1054/1901 1055/1345
f 1051/1346 1057/1349 1054/1347
f 1058/1348 1054/1347 1057/1349
f 1063/1350 1064/1352 1067/1351
f 1060/622 1065/1354 1064/1352
f 1066/1353 1064/1352 1065/1354
f 1062/416 1067/1351 1064/1352
f 1068/1355 1072/1358 1073/1356
f 1069/375 1074/1360 1073/1356
f 1075/1359 1073/1356 1074/1360
f 1076/1357 1073/1356 1075/1359
f 1077/378 1083/1364 1084/1361
f 1085/1363 1084/1361 1083/1364
f 1079/414 1086/1366 1084/1361
f 1087/1365 1084/1361 1086/1366
f 1088/1367 1084/1361 1087/1365
f 1089/1362 1084/1361 1088/1367
f 1090/380 1096/1370 1097/1368
f 1091/434 1098/1372 1097/1368
f 1099/1371 1097/1368 1098/1372
f 1093/423 1100/1373 1097/1368
f 1094/432 1101/1374 1097/1368
f 1102/1369 1097/1368 1101/1374
f 1103/377 1108/1378 1109/1375
f 1110/1377 1109/1375 1108/1378
f 1105/402 1111/1380 1109/1375
f 1106/429 1112/1381 1109/1375
f 1113/1376 1109/1375 1112/1381
f 1120/1382 1121/1384 1126/1383
f 1115/412 1122/1386 1121/1384
f 1123/1385 1121/1384 1122/1386
f 1117/428 1124/1387 1121/1384
f 1118/409 1125/1388 1121/1384
f 1126/1383 1121/1384 1125/1388
f 1127/1389 1131/1393 1132/1390
f 1133/1392 1132/1902 1131/1393
f 1129/501 1134/1397 1132/1394
f 1135/1396 1132/1903 1134/1397
f 1140/1399 1141/1904 1144/1400
f 1137/415 1142/1404 1141/1401
f 1143/1403 1141/1905 1142/1404
f 1139/365 1144/1400 1141/1405
f 1145/471 1150/1830 1151/1407
f 1152/1409 1151/1906 1150/1410
f 1153/1411 1151/1907 1152/1409
f 1148/499 1154/1908 1151/1412
f 1155/1413 1151/1909 1154/1414
f 1162/1415 1163/1417 1168/1416
f 1157/538 1164/1419 1163/1417
f 1165/1418 1163/1417 1164/1419
f 1159/506 1166/1421 1163/1417
f 1167/1420 1163/1417 1166/1421
f 1161/628 1168/1416 1163/1417
f 1169/503 1175/1425 1176/1422
f 1177/1424 1176/1910 1175/1425
f 1171/461 1178/1828 1176/1426
f 1179/1427 1176/1911 1178/1428
f 1173/418 1180/1431 1176/1429
f 1181/1430 1176/1912 1180/1431
f 1182/627 1187/1435 1188/1432
f 1189/1434 1188/1432 1187/1435
f 1184/540 1190/1437 1188/1432
f 1191/1436 1188/1432 1190/1437
f 1186/1438 1192/1433 1188/1432
f 1198/1439 1199/1442 1203/1440
f 1194/1441 1200/1444 1199/1442
f 1201/1443 1199/1442 1200/1444
f 1196/446 1202/1445 1199/1442
f 1197/397 1203/1440 1199/1442
f 1209/1446 1210/1913 1214/1447
f 1205/442 1211/1823 1210/1448
f 1212/1449 1210/1914 1211/1450
f 1207/406 1213/1822 1210/1451
f 1214/1447 1210/1915 1213/1452
f 1215/460 1219/1456 1220/1453
f 1221/1455 1220/1916 1219/1456
f 1217/408 1222/1460 1220/1457
f 1223/1459 1220/1917 1222/1460
f 1230/1461 1231/1463 1236/1462
f 1225/464 1232/1465 1231/1463
f 1233/1464 1231/1463 1232/1465
f 1227/1466 1234/1468 1231/1463
f 1235/1467 1231/1463 1234/1468
f 1229/351 1236/1462 1231/1463
f 1242/1469 1243/1471 1247/1470
f 1238/364 1244/1472 1243/1471
f 1239/541 1245/1474 1243/1471
f 1246/1473 1243/1471 1245/1474
f 1241/617 1247/1470 1243/1471
f 1248/457 1252/1478 1253/1475
f 1254/1477 1253/1475 1252/1478
f 1250/395 1255/1479 1253/1475
f 1256/1476 1253/1475 1255/1479
f 1257/407 1262/1483 1263/1480
f 1264/1482 1263/1480 1262/1483
f 1259/381 1265/1485 1263/1480
f 1266/1484 1263/1480 1265/1485
f 1261/426 1267/1481 1263/1480
f 1268/427 1272/1489 1273/1486
f 1274/1488 1273/1918 1272/1489
f 1270/444 1275/1785 1273/1490
f 1276/1492 1273/1919 1275/1493
f 1281/1494 1282/1920 1285/1495
f 1278/1496 1283/1921 1282/1497
f 1284/1498 1282/1922 1283/1499
f 1280/542 1285/1771 1282/1501
f 1286/1502 1290/1506 1291/1503
f 1292/1505 1291/1923 1290/1506
f 1288/403 1293/1510 1291/1507
f 1294/1509 1291/1924 1293/1510
f 1299/1511 1300/1925 1303/1512
f 1296/422 1301/1831 1300/1513
f 1297/470 1302/1517 1300/1514
f 1298/504 1303/1926 1300/1516
f 1310/1518 1311/1927 1316/1519
f 1305/509 1312/1522 1311/1520
f 1313/1521 1311/1928 1312/1522
f 1307/437 1314/1526 1311/1523
f 1315/1525 1311/1523 1314/1526
f 1309/453 1316/1786 1311/1523
f 1322/1527 1323/1529 1327/1528
f 1318/543 1324/1530 1323/1529
f 1319/451 1325/1532 1323/1529
f 1326/1531 1323/1529 1325/1532
f 1321/456 1327/1528 1323/1529
f 1332/1533 1333/1929 1336/1534
f 1329/398 1334/1538 1333/1535
f 1335/1537 1333/1930 1334/1538
f 1331/449 1336/1534 1333/1540
f 1337/396 1341/1545 1342/1542
f 1343/1544 1342/1542 1341/1545
f 1344/1546 1342/1542 1343/1544
f 1340/1547 1345/1543 1342/1542
f 1352/1548 1353/1552 1358/1549
f 1354/1550 1353/1552 1352/1548
f 1348/1551 1355/1554 1353/1552
f 1356/1553 1353/1552 1355/1554
f 1357/1555 1353/1552 1356/1553
f 1351/391 1358/1549 1353/1552
f 1363/1556 1364/1931 1367/1557
f 1365/1558 1364/1932 1363/1559
f 1361/587 1366/1806 1364/1561
f 1362/521 1367/1557 1364/1562
f 1372/1564 1373/1933 1376/1565
f 1374/1566 1373/1933 1372/1564
f 1375/1567 1373/1933 1374/1566
f 1376/1565 1373/1933 1375/1567
f 1381/1569 1382/1572 1385/1570
f 1378/591 1383/1574 1382/1572
f 1384/1573 1382/1572 1383/1574
f 1380/466 1385/1570 1382/1572
f 1386/468 1390/1833 1391/1575
f 1392/1577 1391/1934 1390/1578
f 1388/527 1393/1776 1391/1580
f 1394/1576 1391/1935 1393/1581
f 1399/1582 1400/1586 1403/1583
f 1396/1585 1401/1588 1400/1586
f 1402/1587 1400/1586 1401/1588
f 1398/475 1403/1583 1400/1586
f 1404/590 1408/1592 1409/1589
f 1410/1591 1409/1589 1408/1592
f 1406/505 1411/1593 1409/1589
f 1412/1590 1409/1589 1411/1593
f 1417/1594 1418/1936 1421/1595
f 1419/1597 1418/1936 1417/1594
f 1420/1598 1418/1936 1419/1597
f 1421/1595 1418/1936 1420/1598
f 1422/1600 1426/1603 1427/1601
f 1423/476 1428/1604 1427/1601
f 1424/597 1429/1605 1427/1601
f 1430/1602 1427/1601 1429/1605
f 1431/598 1435/1609 1436/1606
f 1437/1608 1436/1606 1435/1609
f 1433/1611 1438/1612 1436/1606
f 1439/1607 1436/1606 1438/1612
f 1444/1613 1445/1615 1448/1614
f 1441/447 1446/1617 1445/1615
f 1447/1616 1445/1615 1446/1617
f 1443/596 1448/1614 1445/1615
f 1449/1619 1453/1782 1454/1620
f 1455/1622 1454/1937 1453/1623
f 1451/484 1456/1772 1454/1624
f 1457/1621 1454/1938 1456/1625
f 1458/450 1462/1939 1463/1627
f 1464/1629 1463/1940 1462/1630
f 1460/599 1465/1773 1463/1631
f 1466/1628 1463/1941 1465/1632
f 1471/1633 1472/1636 1475/1634
f 1468/488 1473/1638 1472/1636
f 1474/1637 1472/1636 1473/1638
f 1475/1634 1472/1636 1474/1637
f 1476/1640 1480/1644 1481/1641
f 1482/1643 1481/1641 1480/1644
f 1478/612 1483/1646 1481/1641
f 1484/1642 1481/1641 1483/1646
f 1485/524 1489/1650 1490/1647
f 1491/1649 1490/1647 1489/1650
f 1487/511 1492/1651 1490/1647
f 1493/1648 1490/1647 1492/1651
f 1494/605 1498/1656 1499/1653
f 1500/1655 1499/1653 1498/1656
f 1496/349 1501/1657 1499/1653
f 1502/1654 1499/1653 1501/1657
f 1507/1658 1508/1661 1511/1659
f 1504/1660 1509/1663 1508/1661
f 1510/1662 1508/1661 1509/1663
f 1506/515 1511/1659 1508/1661
f 1512/491 1516/1667 1517/1664
f 1518/1666 1517/1664 1516/1667
f 1514/1668 1519/1669 1517/1664
f 1515/608 1520/1665 1517/1664
f 1521/528 1525/1672 1526/1670
f 1522/346 1527/1674 1526/1670
f 1528/1673 1526/1670 1527/1674
f 1524/1675 1529/1671 1526/1670
f 1534/1676 1535/1678 1538/1677
f 1531/526 1536/1680 1535/1678
f 1537/1679 1535/1678 1536/1680
f 1533/1681 1538/1677 1535/1678
f 1539/1682 1543/1686 1544/1683
f 1545/1685 1544/1683 1543/1686
f 1541/604 1546/1687 1544/1683
f 1547/1684 1544/1683 1546/1687
f 1552/1689 1553/1691 1556/1690
f 1549/485 1554/1693 1553/1691
f 1555/1692 1553/1691 1554/1693
f 1551/440 1556/1690 1553/1691
f 1561/1694 1562/1942 1565/1695
f 1563/1696 1562/1942 1561/1694
f 1564/1697 1562/1942 1563/1696
f 1565/1695 1562/1942 1564/1697
f 1572/586 1576/1703 1577/1700
f 1578/1702 1577/1700 1576/1703
f 1574/581 1579/1704 1577/1700
f 1580/1701 1577/1700 1579/1704
f 1585/1705 1586/1709 1589/1706
f 1582/1708 1587/1710 1586/1709
f 1583/582 1588/1711 1586/1709
f 1589/1706 1586/1709 1588/1711
f 1594/1712 1595/1943 1598/1713
f 1591/1714 1596/1718 1595/1715
f 1597/1717 1595/1944 1596/1718
f 1593/554 1598/1713 1595/1719
f 1606/1721 1607/1726 1610/1722
f 1608/1723 1607/1726 1606/1721
f 1609/1724 1607/1726 1608/1723
f 1605/1725 1610/1722 1607/1726
f 1618/1727 1619/1729 1622/1728
f 1615/472 1620/1731 1619/1729
f 1621/1730 1619/1729 1620/1731
f 1617/561 1622/1728 1619/1729
f 1626/594 1630/1735 1631/1732
f 1632/1734 1631/1732 1630/1735
f 1628/560 1633/1736 1631/1732
f 1634/1733 1631/1732 1633/1736
f 1635/592 1639/1740 1640/1737
f 1641/1739 1640/1737 1639/1740
f 1637/563 1642/1741 1640/1737
f 1643/1738 1640/1737 1642/1741
f 1651/1742 1652/1945 1655/1743
f 1648/481 1653/1747 1652/1744
f 1654/1746 1652/1946 1653/1747
f 1650/566 1655/1743 1652/1749
f 1659/532 1663/1754 1664/1751
f 1665/1753 1664/1751 1663/1754
f 1661/573 1666/1756 1664/1751
f 1667/1752 1664/1751 1666/1756
f 1675/1757 1676/1759 1679/1758
f 1672/572 1677/1760 1676/1759
f 1673/576 1678/1761 1676/1759
f 1679/1758 1676/1759 1678/1761
f 1684/1762 1685/1764 1688/1763
f 1681/487 1686/1766 1685/1764
f 1687/1765 1685/1764 1686/1766
f 1683/551 1688/1763 1685/1764
f 279/90 842/89 845/1205
f 284/815 845/1205 841/66
f 658/188 661/1073 511/1767
f 661/1768 657/169 499/171
f 252/797 859/64 867/1218
f 257/791 867/1224 862/102
f 437/87 445/926 398/891
f 445/926 440/930 390/82
f 1539/1682 1659/532 1667/1752
f 1543/1686 1667/1752 1662/603
f 1380/466 1386/468 1394/1576
f 1385/1570 1394/1576 1389/584
f 178/9 181/743 32/1769
f 181/740 177/5 29/648
f 503/120 648/119 656/1066
f 510/973 656/1066 651/187
f 314/838 322/837 304/826
f 322/837 317/304 294/306
f 298/107 303/831 293/820
f 303/831 297/298 285/300
f 1224/369 1236/1462 983/1302
f 1236/1462 1229/351 979/350
f 878/1235 881/1236 876/1227
f 881/1236 877/1232 868/70
f 306/71 309/832 292/824
f 309/832 305/106 288/108
f 1461/486 1549/485 1552/1689
f 1466/1628 1552/1689 1548/448
f 1405/477 1408/1592 1403/1583
f 1408/1592 1404/590 1395/1584
f 1434/482 1449/1619 1457/1621
f 1439/1607 1457/1621 1452/1626
f 666/170 676/1077 505/969
f 676/1077 670/167 500/166
f 392/323 409/904 412/901
f 397/895 412/901 408/903
f 1470/1639 1541/604 1545/1685
f 1475/1634 1545/1685 1540/602
f 346/264 352/263 360/861
f 351/856 360/861 355/865
f 112/45 120/690 24/640
f 120/690 115/695 16/638
f 896/1247 899/1245 331/844
f 899/1245 895/163 323/165
f 225/778 850/328 858/1212
f 230/773 858/1212 853/1216
f 525/137 830/136 840/1197
f 531/984 840/1197 834/156
f 853/1216 857/1215 847/1209
f 857/1215 852/293 843/1210
f 821/254 829/1190 530/988
f 829/1190 824/138 525/137
f 399/61 410/63 414/906
f 403/899 414/906 409/904
f 619/123 627/1045 520/1770
f 627/1050 622/141 512/140
f 1440/600 1460/599 1464/1629
f 1444/1613 1464/1629 1459/445
f 1280/542 1286/1502 1294/1504
f 1285/1495 1294/1509 1289/411
f 870/1230 874/1228 866/1225
f 874/1228 869/100 862/102
f 1347/536 1352/1548 1041/1334
f 1352/1548 1346/626 1036/625
f 231/116 240/115 248/786
f 235/779 248/786 243/321
f 1271/452 1279/1500 1283/1499
f 1276/1487 1283/1921 1278/1496
f 1495/525 1498/1656 1474/1637
f 1498/1656 1494/605 1470/1639
f 1461/486 1465/1632 1456/1772
f 1465/1773 1460/599 1452/1626
f 307/159 326/158 330/846
f 312/835 330/846 325/309
f 233/784 237/783 228/774
f 237/783 232/320 224/777
f 1348/1551 1380/466 1384/1573
f 1355/1554 1384/1573 1379/529
f 860/1221 863/1220 849/1206
f 863/1220 859/64 841/66
f 1048/467 1348/1551 1354/1550
f 1053/1341 1354/1550 1347/536
f 225/778 229/776 217/766
f 229/776 224/777 214/319
f 660/162 664/1075 476/1774
f 664/1775 659/152 468/948
f 1477/1645 1480/1644 1473/1638
f 1480/1644 1476/1640 1469/523
f 440/930 444/929 421/911
f 444/929 439/98 418/912
f 243/321 247/788 219/770
f 247/788 242/62 215/771
f 158/48 162/727 23/642
f 162/727 157/729 19/43
f 1477/1645 1681/487 1684/1762
f 1482/1643 1684/1762 1680/610
f 446/113 456/932 416/902
f 456/932 450/86 408/903
f 315/839 332/307 342/849
f 320/842 342/849 336/854
f 426/258 436/919 424/916
f 436/919 430/314 420/917
f 1389/584 1393/1581 1363/1556
f 1393/1776 1388/527 1360/1560
f 1407/530 1411/1593 1356/1553
f 1411/1593 1406/505 1350/507
f 763/239 770/238 774/1158
f 768/1149 774/1878 769/252
f 1136/614 1144/1400 1004/1313
f 1144/1400 1139/365 999/1314
f 195/755 203/754 190/751
f 203/754 198/274 187/276
f 770/238 801/240 810/1180
f 776/1157 810/1180 800/216
f 780/197 790/1164 766/1777
f 790/1170 784/236 762/235
f 361/868 904/79 914/1252
f 365/870 914/1896 908/91
f 197/759 879/277 883/1237
f 202/757 883/1237 878/1235
f 189/8 193/752 183/745
f 193/752 188/271 179/273
f 1/30 17/29 20/641
f 3/1778 20/641 16/638
f 742/249 751/248 759/1141
f 746/1136 759/1146 754/224
f 1433/1611 1635/592 1643/1738
f 1438/1612 1643/1738 1638/483
f 1503/492 1512/491 1520/1665
f 1507/1658 1520/1665 1515/608
f 834/156 839/1204 498/960
f 839/1204 833/210 486/209
f 589/1029 696/145 699/1099
f 594/1024 699/1099 695/1095
f 794/208 833/210 838/1203
f 799/1172 838/1200 832/230
f 762/235 802/237 812/1181
f 767/1152 812/1181 801/240
f 1317/459 1327/1528 1252/1478
f 1252/1478 1327/1528 1321/456
f 629/126 633/1054 549/996
f 633/1054 628/122 541/997
f 1128/384 1131/1393 1018/1320
f 1131/1393 1127/1389 1012/613
f 10/2 30/649 34/646
f 15/632 34/646 29/648
f 179/273 861/272 865/1223
f 184/747 865/1219 860/1221
f 168/47 176/736 164/731
f 176/736 171/292 159/294
f 523/139 622/141 626/1051
f 529/986 626/1051 621/253
f 1467/1635 1671/601 1679/1758
f 1471/1633 1679/1758 1674/489
f 1648/481 1651/1745 1453/1782
f 1651/1742 1647/534 1450/533
f 471/160 475/950 301/830
f 475/950 470/69 296/68
f 379/92 908/91 913/1256
f 384/884 913/1256 907/94
f 823/227 827/1191 816/1186
f 827/1191 822/217 806/219
f 438/259 782/261 787/1165
f 443/927 787/1165 781/99
f 1573/514 1576/1703 1538/1677
f 1576/1703 1572/586 1530/588
f 1532/490 1536/1680 1529/1671
f 1536/1680 1531/526 1521/528
f 1627/478 1630/1735 1417/1594
f 1630/1735 1626/594 1414/593
f 148/44 157/729 167/728
f 152/723 167/728 161/734
f 753/214 800/216 820/1179
f 758/1147 820/1179 809/225
f 4/3 10/2 14/637
f 6/1783 14/637 9/635
f 832/230 837/1201 815/1184
f 837/1201 831/226 805/228
f 1279/1500 1319/451 1324/1530
f 1284/1498 1324/1530 1318/543
f 1486/609 1489/1650 1484/1642
f 1489/1650 1485/524 1476/1640
f 1249/455 1338/454 1341/1545
f 1254/1477 1341/1545 1337/396
f 448/935 794/208 798/1177
f 454/937 798/1177 793/260
f 151/726 155/724 143/716
f 155/724 150/725 140/280
f 772/199 777/1161 757/1142
f 777/1784 771/215 753/214
f 18/46 22/643 13/633
f 22/643 17/29 9/635
f 1304/443 1316/1519 1275/1785
f 1316/1786 1309/453 1271/452
f 1486/609 1515/608 1519/1669
f 1491/1649 1519/1669 1514/1668
f 1550/606 1554/1693 1546/1687
f 1554/1693 1549/485 1542/1688
f 187/276 871/275 875/1231
f 192/750 875/1231 870/1230
f 743/223 809/225 819/1188
f 748/1135 819/1188 808/222
f 380/96 915/95 923/1260
f 386/888 923/1260 918/325
f 823/227 831/226 835/1199
f 828/1195 835/1888 830/136
f 686/1091 694/1090 576/1013
f 694/1090 689/147 568/146
f 1505/611 1509/1663 1483/1646
f 1509/1663 1504/1660 1479/607
f 553/144 571/143 575/1015
f 558/1002 575/1015 570/1017
f 204/762 212/761 201/758
f 212/761 207/278 197/759
f 334/77 429/76 434/921
f 340/851 434/921 428/922
f 1227/1466 1557/394 1565/1695
f 1234/1468 1565/1695 1560/1699
f 1488/1652 1496/349 1500/1655
f 1493/1648 1500/1655 1495/525
f 559/180 577/179 585/1019
f 563/1007 585/1019 580/129
f 999/1314 1238/364 1242/1469
f 1006/1312 1242/1469 1237/463
f 670/167 675/1081 536/992
f 675/1081 669/241 533/243
f 1668/574 1673/576 1677/1760
f 1670/1787 1677/1760 1672/572
f 1340/1547 1344/1546 1314/1526
f 1314/1526 1344/1546 1339/545
f 1497/441 1501/1657 1235/1467
f 1501/1657 1496/349 1229/351
f 568/146 589/1029 593/1027
f 572/1012 593/1027 588/1028
f 1505/611 1581/1707 1589/1706
f 1510/1662 1589/1706 1584/516
f 40/51 48/654 39/1789
f 48/654 43/658 38/40
f 1225/464 1230/1461 1007/1316
f 1230/1461 1224/369 1001/368
f 1145/471 1155/1408 1044/1790
f 1155/1413 1149/383 1038/1338
f 924/1266 932/1265 406/900
f 932/1265 927/331 402/333
f 639/131 647/1060 584/1022
f 647/1060 642/127 580/129
f 1682/575 1686/1766 1678/1761
f 1686/1766 1681/487 1674/489
f 401/326 405/898 387/887
f 405/898 400/322 382/324
f 578/183 581/1020 574/1016
f 581/1020 577/179 570/1017
f 1656/571 1661/573 1665/1753
f 1658/1791 1665/1753 1660/1755
f 1339/545 1343/1544 1326/1531
f 1343/1544 1338/454 1321/456
f 586/148 608/150 618/1039
f 590/1026 618/1039 612/184
f 382/324 392/323 396/894
f 388/889 396/894 391/892
f 31/41 43/658 47/659
f 36/645 47/659 42/657
f 430/314 435/924 358/862
f 358/862 435/924 429/76
f 1068/1355 1148/499 1153/1411
f 1072/1358 1153/1411 1147/373
f 1130/1398 1134/1397 1067/1351
f 1134/1397 1129/501 1059/500
f 1683/551 1687/1765 1670/1792
f 1687/1765 1682/575 1668/574
f 678/1086 681/1085 557/1006
f 681/1085 677/142 553/144
f 170/336 844/335 848/1208
f 175/738 848/1208 843/1210
f 595/185 607/1031 592/1025
f 607/1031 600/182 588/1028
f 379/92 389/885 367/872
f 389/885 383/316 363/318
f 804/231 814/1183 795/1171
f 814/1183 803/234 792/233
f 1061/413 1115/412 1120/1382
f 1066/1353 1120/1382 1114/417
f 906/39 911/1255 129/704
f 911/1253 905/287 121/696
f 391/892 394/890 378/876
f 394/890 390/82 370/84
f 363/318 373/317 377/883
f 368/874 377/879 372/881
f 782/261 793/260 797/1175
f 788/1169 797/1173 792/233
f 1533/1681 1537/1679 1511/1659
f 1537/1679 1532/490 1503/492
f 1497/441 1551/440 1555/1692
f 1502/1654 1555/1692 1550/606
f 578/183 600/182 606/1036
f 583/1021 606/1036 599/130
f 177/5 185/741 174/739
f 185/741 180/334 170/336
f 1036/625 1182/627 1192/1433
f 1043/1333 1192/1433 1186/1438
f 803/234 813/1182 789/1168
f 813/1182 802/237 784/236
f 1672/572 1675/1757 1666/1756
f 1675/1757 1671/601 1662/603
f 852/293 856/1213 165/733
f 856/1213 851/269 160/268
f 630/1057 635/1056 565/1011
f 635/1056 629/126 561/125
f 1524/1675 1528/1673 1516/1667
f 1528/1673 1523/343 1513/345
f 1077/378 1103/377 1113/1376
f 1083/1364 1113/1376 1107/619
f 1308/544 1320/546 1325/1532
f 1315/1525 1325/1532 1319/451
f 945/512 1514/1668 1518/1666
f 950/1277 1518/1666 1513/345
f 25/42 31/41 35/652
f 27/1795 35/1835 30/649
f 1080/624 1086/1366 1065/1354
f 1086/1366 1079/414 1061/413
f 630/1057 642/127 646/1062
f 636/1055 646/1062 641/1064
f 160/268 934/270 937/1273
f 166/732 937/1273 933/290
f 1624/564 1637/563 1641/1739
f 1641/1739 1636/569 1623/568
f 88/24 123/23 127/703
f 92/678 127/699 122/701
f 1306/399 1329/398 1332/1536
f 1313/1524 1332/1533 1328/438
f 457/105 467/940 239/780
f 467/940 461/117 231/116
f 1081/435 1091/434 1096/1370
f 1088/1367 1096/1370 1090/380
f 886/288 894/1240 134/706
f 894/1240 889/284 131/708
f 926/291 930/1269 154/722
f 930/1269 925/281 150/725
f 1069/375 1092/374 1098/1372
f 1098/1372 1091/434 1070/433
f 1059/500 1068/1355 1076/1357
f 1063/1350 1076/1357 1071/623
f 1092/374 1147/373 1152/1409
f 1099/1371 1152/1409 1146/421
f 91/32 95/682 87/1797
f 95/679 90/59 86/1798
f 1174/431 1295/430 1303/1512
f 1181/1423 1303/1926 1298/504
f 650/153 659/152 663/1072
f 655/1069 663/1072 658/188
f 1081/435 1087/1365 1075/1359
f 1075/1359 1087/1365 1080/624
f 1623/568 1629/570 1633/1736
f 1625/1800 1633/1736 1628/560
f 917/282 921/1262 145/715
f 921/1262 916/38 141/718
f 103/27 139/26 147/714
f 108/684 147/714 142/719
f 1116/620 1122/1386 1085/1363
f 1122/1386 1115/412 1079/414
f 240/115 461/117 466/944
f 244/785 466/944 460/945
f 628/122 638/1053 623/1047
f 638/1053 632/202 620/204
f 1649/1748 1653/1747 1642/1741
f 1653/1747 1648/481 1638/483
f 1040/363 1050/362 1055/1345
f 1055/1802 1049/535 1035/537
f 90/59 94/680 84/671
f 94/680 89/19 76/21
f 1185/502 1298/504 1302/1517
f 1191/1436 1302/1517 1297/470
f 668/305 679/1087 683/1084
f 674/1079 683/1084 678/1086
f 1003/493 1013/495 1020/1322
f 1020/1322 1012/613 998/615
f 1617/561 1628/560 1632/1734
f 1622/1728 1632/1734 1627/478
f 1138/404 1288/403 1292/1508
f 1143/1406 1292/1505 1287/366
f 1306/399 1312/1522 1203/1440
f 1312/1522 1305/509 1193/508
f 595/185 612/184 617/1042
f 601/1030 617/1042 611/135
f 1660/1755 1663/1754 1655/1743
f 1663/1754 1659/532 1647/534
f 206/283 210/765 136/711
f 210/765 205/17 132/712
f 1644/567 1650/566 1654/1750
f 1646/1804 1654/1746 1649/1748
f 78/56 82/674 72/666
f 82/674 77/16 64/18
f 640/247 643/1059 605/1037
f 643/1059 639/131 599/130
f 822/217 825/1192 741/1132
f 825/1805 821/254 733/1125
f 411/114 415/907 246/789
f 415/907 410/63 242/62
f 989/355 1014/357 1021/1321
f 1021/1321 1013/495 990/494
f 1616/557 1620/1731 1606/1721
f 1620/1731 1615/472 1603/474
f 688/267 692/1094 341/853
f 692/1094 687/74 336/854
f 1119/405 1138/404 1142/1404
f 1142/1404 1137/415 1114/417
f 1117/428 1123/1385 1112/1381
f 1112/1381 1123/1385 1116/620
f 1330/1539 1334/1538 1202/1445
f 1334/1538 1329/398 1197/397
f 1346/626 1358/1549 1187/1435
f 1358/1549 1351/391 1183/393
f 660/162 667/161 671/1076
f 665/1071 671/1076 666/170
f 1003/493 1009/1317 995/1309
f 1009/1317 1002/549 991/548
f 1361/587 1591/1714 1594/1716
f 1366/1563 1594/1712 1590/522
f 724/195 732/1118 637/1058
f 732/1118 727/1122 632/202
f 1573/514 1584/516 1588/1711
f 1578/1702 1588/1711 1583/582
f 1174/431 1180/1431 1101/1374
f 1180/1431 1173/418 1095/420
f 114/694 118/693 107/688
f 118/693 113/25 103/27
f 79/60 83/673 75/1807
f 83/673 78/56 74/1808
f 1216/630 1219/1456 1168/1416
f 1219/1456 1215/460 1156/462
f 1617/561 1621/1730 1613/1809
f 1621/1730 1616/557 1612/1810
f 668/305 673/1080 299/825
f 673/1080 667/161 295/827
f 142/719 146/717 128/705
f 146/717 141/718 124/37
f 559/180 567/1008 554/1004
f 567/1008 562/176 551/1005
f 807/207 817/1185 740/1130
f 817/1185 806/219 736/218
f 1289/411 1293/1510 1125/1388
f 1293/1510 1288/403 1119/405
f 713/196 761/198 764/1151
f 718/1110 764/1875 760/251
f 1105/402 1269/401 1272/1489
f 1272/1489 1268/427 1106/429
f 40/51 53/50 56/660
f 44/656 56/660 52/10
f 109/1811 115/695 119/692
f 111/1812 119/692 114/694
f 1160/390 1195/389 1200/1444
f 1167/1420 1200/1444 1194/1441
f 1117/428 1278/1496 1281/1494
f 1124/1387 1281/1494 1277/410
f 1258/376 1262/1483 1108/1378
f 1262/1483 1257/407 1104/1379
f 1569/577 1575/579 1579/1704
f 1571/1813 1579/1704 1574/581
f 1204/510 1305/509 1310/1518
f 1209/1446 1310/1518 1304/443
f 478/111 481/956 271/810
f 481/956 477/104 268/811
f 543/177 562/176 566/1010
f 548/1000 566/1010 561/125
f 1396/1585 1615/472 1618/1727
f 1401/1588 1618/1727 1614/480
f 1157/538 1184/540 1189/1434
f 1164/1419 1189/1434 1183/393
f 725/220 808/222 818/1187
f 730/1119 818/1187 807/207
f 1371/1568 1604/520 1608/1723
f 1376/1565 1608/1723 1603/474
f 1583/582 1587/1710 1568/1815
f 1587/1710 1582/1708 1567/550
f 1488/1652 1492/1651 985/1301
f 1492/1651 1487/511 980/513
f 1017/387 1039/386 1045/1336
f 1025/1319 1045/1336 1038/1338
f 1551/440 1560/1699 1564/1697
f 1556/1690 1564/1697 1559/1698
f 1195/389 1442/1618 1446/1617
f 1201/1443 1446/1617 1441/447
f 470/69 474/951 262/798
f 474/1816 469/110 259/802
f 1128/384 1149/383 1154/1414
f 1133/1395 1154/1908 1148/499
f 54/54 58/663 51/1817
f 58/663 53/50 50/1818
f 1156/462 1171/461 1177/1424
f 1162/1415 1177/1424 1170/539
f 726/206 735/205 739/1131
f 731/1124 739/1868 734/203
f 609/246 715/245 720/1112
f 720/1112 714/1108 610/250
f 1130/1398 1137/415 1140/1402
f 1135/1391 1140/1399 1136/614
f 724/195 745/194 749/1139
f 728/1120 749/1137 744/221
f 1026/518 1051/1346 1056/1344
f 1030/1329 1056/1344 1050/362
f 1029/371 1033/1330 1024/1325
f 1024/1325 1033/1330 1028/385
f 608/150 704/149 712/1102
f 613/1038 712/1102 707/244
f 1318/543 1322/1527 1245/1474
f 1322/1527 1317/459 1240/458
f 680/75 684/1088 321/841
f 321/841 684/1088 679/1087
f 533/243 552/242 556/1003
f 538/991 556/1003 551/1005
f 67/57 71/668 63/1820
f 71/668 66/53 62/1821
f 898/285 902/1250 211/764
f 211/764 902/1250 897/279
f 1523/343 1527/1674 955/1281
f 1527/1674 1522/346 952/348
f 1082/379 1259/381 1264/1482
f 1089/1362 1264/1482 1258/376
f 1027/361 1040/363 1046/1339
f 1032/1328 1046/1339 1039/386
f 1104/1379 1207/406 1212/1449
f 1110/1377 1212/1449 1206/400
f 543/177 547/999 539/993
f 547/999 542/173 535/994
f 781/99 785/1166 723/1107
f 785/1166 780/197 713/196
f 1636/569 1639/1740 1634/1733
f 1639/1740 1635/592 1626/594
f 112/45 148/44 156/721
f 116/689 156/721 151/726
f 66/53 70/669 59/664
f 70/669 65/13 55/15
f 130/286 138/707 125/700
f 138/707 133/20 122/701
f 935/330 939/1272 854/1214
f 939/1272 934/270 851/269
f 1095/420 1260/419 1265/1485
f 1102/1369 1265/1485 1259/381
f 522/338 526/985 497/965
f 526/985 521/155 491/154
f 468/948 479/151 483/955
f 472/946 483/955 478/111
f 279/90 283/818 226/775
f 283/818 278/297 223/296
f 500/166 532/168 540/990
f 507/968 540/990 535/994
f 514/174 542/173 545/995
f 519/980 545/995 541/997
f 1217/408 1221/1458 1213/1822
f 1221/1455 1216/630 1208/629
f 1330/1539 1459/445 1462/1630
f 1335/1541 1462/1939 1458/450
f 64/18 205/17 208/760
f 68/665 208/760 204/762
f 426/258 706/257 710/1103
f 431/918 710/1103 705/191
f 457/105 477/104 485/954
f 462/939 485/954 480/958
f 1052/347 1057/1349 957/1286
f 1057/1349 1051/1346 953/517
f 1287/366 1290/1506 1244/1472
f 1290/1506 1286/1502 1239/541
f 597/201 752/200 755/1143
f 604/1033 755/1143 751/248
f 489/118 503/120 509/974
f 496/963 509/974 502/337
f 963/519 1026/518 1034/1327
f 968/1288 1034/1327 1029/371
f 888/1244 892/1241 349/857
f 892/1241 887/81 345/80
f 944/496 981/498 986/1303
f 949/1280 986/1303 980/513
f 418/912 717/97 722/1116
f 423/914 722/1864 716/1113
f 1422/1600 1430/1602 1166/1421
f 1430/1602 1425/388 1160/390
f 698/192 702/1100 433/920
f 702/1100 697/266 428/922
f 1093/423 1296/422 1299/1511
f 1100/1373 1299/1511 1295/430
f 773/133 778/1162 603/1034
f 778/1162 772/199 597/201
f 936/1275 940/1274 221/767
f 221/767 940/1274 935/330
f 943/354 969/353 977/1294
f 948/1278 977/1294 972/1298
f 620/204 734/203 737/1129
f 625/1049 737/1867 733/1125
f 523/139 528/987 516/976
f 528/987 522/338 513/978
f 1581/1707 1680/610 1688/1763
f 1585/1705 1688/1763 1683/551
f 437/87 450/86 455/938
f 441/928 455/938 449/936
f 706/257 716/1113 721/1111
f 711/1105 721/1111 715/245
f 951/1283 959/1282 946/1279
f 959/1282 954/352 943/354
f 233/784 269/295 273/809
f 238/782 273/809 268/811
f 1270/444 1274/1491 1211/1823
f 1211/1450 1274/1488 1269/401
f 460/945 465/942 451/934
f 465/942 459/342 447/341
f 769/252 779/1156 616/1043
f 779/1156 773/133 611/135
f 1240/458 1248/457 1256/1476
f 1246/1473 1256/1476 1251/618
f 742/249 750/1134 645/1063
f 750/1134 745/194 641/1064
f 1257/407 1267/1481 1222/1460
f 1267/1481 1261/426 1218/425
f 501/172 514/174 518/981
f 508/972 518/1856 513/978
f 1237/463 1247/1470 1232/1465
f 1247/1470 1241/617 1226/616
f 1593/554 1597/1720 1571/1825
f 1597/1717 1592/578 1569/577
f 41/12 186/11 194/749
f 46/655 194/749 189/8
f 989/355 997/1306 976/1297
f 997/1306 992/497 972/1298
f 688/267 697/266 701/1098
f 693/1093 701/1098 696/145
f 970/358 973/1296 966/1289
f 973/1296 969/353 962/1290
f 259/802 267/109 275/808
f 264/800 275/808 270/813
f 1226/616 1251/618 1255/1479
f 1233/1464 1255/1479 1250/395
f 1185/502 1190/1437 1175/1425
f 1190/1437 1184/540 1170/539
f 1002/549 1008/1315 988/1300
f 988/1300 1008/1315 1001/368
f 261/804 265/806 255/792
f 265/1827 260/301 251/303
f 897/279 901/1249 884/1238
f 901/1249 896/1247 880/157
f 1215/460 1223/1454 1178/1828
f 1223/1459 1218/425 1172/424
f 970/358 1015/360 1022/1323
f 975/1295 1022/1323 1014/357
f 1558/436 1561/1694 1345/1543
f 1561/1694 1557/394 1337/396
f 306/71 877/1232 885/1234
f 311/834 885/1234 880/157
f 992/497 996/1308 987/1304
f 987/1304 996/1308 991/548
f 1575/579 1592/578 1596/1718
f 1580/1701 1596/1718 1591/1714
f 1440/600 1448/1614 1435/1609
f 1448/1614 1443/596 1432/1610
f 705/191 708/1104 703/1097
f 708/1104 704/149 695/1095
f 1158/392 1351/391 1357/1555
f 1165/1418 1357/1555 1350/507
f 277/302 280/817 256/794
f 280/817 276/65 252/797
f 953/517 963/519 967/1292
f 958/1285 967/1292 962/1290
f 487/340 492/962 453/933
f 492/962 486/209 448/935
f 97/36 102/35 106/685
f 99/1829 106/685 101/687
f 1387/1579 1522/346 1525/1672
f 1392/1577 1525/1672 1521/528
f 895/163 903/1246 893/1243
f 903/1246 898/285 889/284
f 960/370 1016/372 1023/1324
f 964/1287 1023/1324 1015/360
f 1559/1698 1563/1696 1336/1534
f 1563/1696 1558/436 1328/438
f 286/822 289/819 253/793
f 289/819 285/300 250/299
f 1424/597 1443/596 1447/1616
f 1429/1605 1447/1616 1442/1618
f 905/287 909/1251 890/1242
f 909/1251 904/79 887/81
f 680/75 687/74 690/1089
f 685/1083 690/1089 686/1091
f 869/100 872/1229 291/821
f 872/1229 868/70 287/72
f 458/211 488/213 494/961
f 464/943 494/961 487/340
f 101/687 104/686 96/676
f 104/686 100/22 88/24
f 1414/593 1433/1611 1437/1608
f 1419/1597 1437/1608 1432/1610
f 76/21 133/20 137/710
f 80/670 137/710 132/712
f 1172/424 1261/426 1266/1484
f 1179/1427 1266/1484 1260/419
f 1297/470 1301/1515 1150/1830
f 1301/1831 1296/422 1146/421
f 1602/558 1610/1722 1601/1832
f 1610/1722 1605/1725 1600/553
f 1193/508 1204/510 1214/1447
f 1198/1439 1214/1447 1208/629
f 1405/477 1423/476 1426/1603
f 1410/1591 1426/1603 1422/1600
f 55/15 196/14 199/753
f 60/661 199/753 195/755
f 215/771 399/61 407/897
f 220/769 407/897 402/333
f 1360/1560 1531/526 1534/1676
f 1365/1558 1534/1676 1530/588
f 261/804 297/298 302/829
f 266/799 302/829 296/68
f 278/297 282/816 274/812
f 282/816 277/302 270/813
f 926/291 933/290 941/1271
f 931/1268 941/1271 936/1275
f 169/6 172/735 11/631
f 172/735 168/47 8/634
f 1605/1725 1609/1724 1598/1713
f 1609/1724 1604/520 1590/522
f 361/868 369/867 350/859
f 369/867 364/262 346/264
f 1424/597 1428/1604 1420/1598
f 1428/1604 1423/476 1416/1599
f 917/282 925/281 928/1264
f 922/1263 928/1264 924/1266
f 650/153 654/1067 484/957
f 654/1067 649/212 480/958
f 355/865 359/864 339/852
f 339/852 359/864 354/78
f 333/311 337/848 329/847
f 337/848 332/307 325/309
f 1369/589 1378/591 1381/1569
f 1374/1566 1381/1569 1377/1571
f 916/38 919/1259 912/1257
f 919/1259 915/95 907/94
f 1387/1579 1390/1578 1058/1348
f 1390/1833 1386/468 1048/467
f 323/165 344/164 347/858
f 327/843 347/858 343/310
f 370/84 417/83 425/909
f 374/878 425/915 420/917
f 1404/590 1412/1590 1383/1574
f 1412/1590 1407/530 1379/529
f 1371/1568 1375/1567 1367/1557
f 1375/1567 1370/583 1359/585
f 649/212 652/1068 495/964
f 652/1068 648/119 489/118
f 1413/1596 1421/1595 1402/1587
f 1402/1587 1421/1595 1416/1599
f 1450/533 1539/1682 1547/1684
f 1455/1622 1547/1684 1542/1688
f 372/881 376/880 356/863
f 376/880 371/313 353/315
f 308/308 315/839 318/836
f 313/833 318/836 314/838
f 1368/473 1396/1585 1399/1582
f 1372/1564 1399/1582 1395/1584
f 2/1779 16/638 115/695
