# This file uses centimeters as units for non-parametric coordinates.

mtllib small_lodge.mtl
v -3.061150 0.000078 -1.348883
v -3.061150 1.194962 -1.348883
v -3.061150 0.000000 -1.933905
v -3.061150 1.194962 -1.933905
v -2.812416 0.000078 -1.316778
v -2.804848 0.000000 -0.811239
v -2.804848 1.949921 -0.811239
v -2.797661 0.000000 -0.719748
v -2.797661 1.949921 -0.719748
v -2.797661 0.000000 -0.902807
v -2.797661 1.949921 -0.902807
v -2.776207 0.000000 -0.630514
v -2.776207 1.949921 -0.630514
v -2.776207 0.000000 -0.992041
v -2.776207 1.949921 -0.992041
v -2.753517 0.000078 -1.348883
v -2.741112 0.000000 -0.545645
v -2.741112 1.949921 -0.545645
v -2.741112 0.000000 -1.076818
v -2.741112 1.949921 -1.076818
v -2.693153 0.000000 -0.467413
v -2.693153 1.949921 -0.467413
v -2.693153 0.000000 -1.155066
v -2.693153 1.949921 -1.155066
v -2.633476 0.000000 -0.397604
v -2.633476 1.949921 -0.397604
v -2.633476 0.000000 -1.224890
v -2.633476 1.949921 -1.224890
v -2.619270 2.144920 -1.348974
v -2.619270 2.144920 -1.933966
v -2.584724 0.000000 -1.266607
v -2.574196 0.000000 -1.275579
v -2.563652 0.000000 -0.337927
v -2.563652 1.949921 -0.337927
v -2.563652 0.000000 -1.284521
v -2.563652 1.949921 -1.284521
v -2.514992 0.752468 -1.348883
v -2.485420 0.000000 -0.289968
v -2.485420 1.949921 -0.289968
v -2.485420 0.000000 -1.332495
v -2.485420 0.000078 -1.332495
v -2.485420 1.949921 -1.332495
v -2.445961 0.703560 -1.348883
v -2.445961 0.708008 -1.348883
v -2.445961 0.723686 -1.348883
v -2.445961 0.796379 -1.348883
v -2.445885 0.000000 -1.348883
v -2.445885 0.000078 -1.348883
v -2.445885 0.821026 -1.348883
v -2.445808 0.000078 -1.348883
v -2.445808 0.696697 -1.348883
v -2.445808 0.950195 -1.348883
v -2.445808 1.039272 -1.348883
v -2.445808 1.570374 -1.348883
v -2.445717 1.949921 -1.348974
v -2.436440 0.000078 -1.352789
v -2.427086 0.000000 -1.356695
v -2.415077 2.730011 -0.811239
v -2.415077 2.768997 -0.811239
v -2.414925 2.145004 -0.811239
v -2.414925 2.535004 -0.811239
v -2.412666 2.730011 -0.780752
v -2.412666 2.768997 -0.780752
v -2.412666 2.730011 -0.841818
v -2.412666 2.768997 -0.841818
v -2.412498 2.145004 -0.780752
v -2.412498 2.535004 -0.780752
v -2.412498 2.145004 -0.841726
v -2.412498 2.535004 -0.841726
v -2.405479 2.730011 -0.750952
v -2.405479 2.768997 -0.750952
v -2.405479 2.730011 -0.871618
v -2.405479 2.768997 -0.871618
v -2.405327 2.145004 -0.751013
v -2.405327 2.535004 -0.751013
v -2.405327 2.145004 -0.871466
v -2.405327 2.535004 -0.871466
v -2.400642 0.000000 -0.254858
v -2.400642 1.949921 -0.254858
v -2.396126 1.959511 -1.348974
v -2.394554 1.959747 -1.348974
v -2.393700 2.730011 -0.722555
v -2.393700 2.768997 -0.722555
v -2.393700 2.730011 -0.899847
v -2.393700 2.768997 -0.899847
v -2.393623 2.145004 -0.722708
v -2.393623 2.535004 -0.722708
v -2.393623 2.145004 -0.899694
v -2.393623 2.535004 -0.899694
v -2.377708 2.730011 -0.696585
v -2.377708 2.768997 -0.696585
v -2.377708 2.730011 -0.925970
v -2.377708 2.768997 -0.925970
v -2.377632 2.145004 -0.696661
v -2.377632 2.535004 -0.696661
v -2.377632 2.145004 -0.925909
v -2.377632 2.535004 -0.925909
v -2.357903 2.730011 -0.673178
v -2.357903 2.768997 -0.673178
v -2.357903 2.730011 -0.949224
v -2.357903 2.768997 -0.949224
v -2.357750 2.145004 -0.673407
v -2.357750 2.535004 -0.673407
v -2.357750 2.145004 -0.949133
v -2.357750 2.535004 -0.949133
v -2.356422 2.535004 -0.811239
v -2.356422 2.671509 -0.811239
v -2.356422 2.768997 -0.811239
v -2.354698 2.535004 -0.789862
v -2.354698 2.671509 -0.789862
v -2.354698 2.768997 -0.789862
v -2.354698 2.768997 -0.800406
v -2.354698 2.768997 -0.804144
v -2.354698 2.768997 -0.805929
v -2.354698 2.768997 -0.822073
v -2.354698 2.535004 -0.832617
v -2.354698 2.671509 -0.832617
v -2.354698 2.768997 -0.832617
v -2.354073 2.768997 -0.825598
v -2.351891 2.768997 -0.797430
v -2.351341 2.768997 -0.790411
v -2.349709 2.535004 -0.769033
v -2.349709 2.671509 -0.769033
v -2.349709 2.768997 -0.769033
v -2.349709 2.768997 -0.783468
v -2.349709 2.768997 -0.790579
v -2.349709 2.535004 -0.853369
v -2.349709 2.671509 -0.853369
v -2.349709 2.768997 -0.853369
v -2.343086 2.768997 -0.770361
v -2.341438 2.535004 -0.749304
v -2.341438 2.671509 -0.749304
v -2.341438 2.768997 -0.749304
v -2.341438 2.768997 -0.765219
v -2.341438 2.768997 -0.801245
v -2.341438 2.768997 -0.854071
v -2.341438 2.768997 -0.861624
v -2.341438 2.768997 -0.864752
v -2.341438 2.535004 -0.873175
v -2.341438 2.671509 -0.873175
v -2.341438 2.768997 -0.873175
v -2.340828 2.768997 -0.865530
v -2.340584 2.768997 -0.862494
v -2.339958 2.768997 -0.854132
v -2.334572 2.730011 -0.653357
v -2.334572 2.768997 -0.653357
v -2.334572 2.730011 -0.969122
v -2.334572 2.768997 -0.969122
v -2.334511 2.145004 -0.653448
v -2.334511 2.535004 -0.653448
v -2.334511 2.145004 -0.968939
v -2.334511 2.535004 -0.968939
v -2.330360 2.535004 -0.731054
v -2.330360 2.671509 -0.731054
v -2.330360 2.768997 -0.731054
v -2.330360 2.768997 -0.854925
v -2.330360 2.768997 -0.872778
v -2.330360 2.768997 -0.880041
v -2.330360 2.768997 -0.886206
v -2.330360 2.535004 -0.891500
v -2.330360 2.671509 -0.891500
v -2.330360 2.768997 -0.891500
v -2.329979 2.768997 -0.886663
v -2.329506 2.768997 -0.881124
v -2.328957 2.768997 -0.874105
v -2.327477 2.768997 -0.855154
v -2.318275 2.768997 -0.738455
v -2.318031 2.768997 -0.736120
v -2.317970 2.768997 -0.735037
v -2.317879 2.768997 -0.734015
v -2.317802 2.768997 -0.733007
v -2.317726 2.768997 -0.731985
v -2.317650 2.768997 -0.731054
v -2.317574 2.768997 -0.730032
v -2.317497 2.768997 -0.728949
v -2.317421 2.768997 -0.727926
v -2.317329 2.768997 -0.726767
v -2.317268 2.768997 -0.725592
v -2.317116 2.768997 -0.724279
v -2.317024 2.768997 -0.722876
v -2.316872 2.768997 -0.721228
v -2.316719 2.768997 -0.719427
v -2.316551 2.768997 -0.717260
v -2.316414 2.535004 -0.714743
v -2.316414 2.671509 -0.714743
v -2.316414 2.768997 -0.714743
v -2.316414 2.768997 -0.717093
v -2.316414 2.768997 -0.719122
v -2.316414 2.768997 -0.720831
v -2.316414 2.768997 -0.722479
v -2.316414 2.768997 -0.723883
v -2.316414 2.768997 -0.725195
v -2.316414 2.768997 -0.726446
v -2.316414 2.768997 -0.727713
v -2.316414 2.768997 -0.728796
v -2.316414 2.768997 -0.729879
v -2.316414 2.768997 -0.731054
v -2.316414 2.768997 -0.732138
v -2.316414 2.768997 -0.733236
v -2.316414 2.768997 -0.734411
v -2.316414 2.768997 -0.735586
v -2.316414 2.768997 -0.736822
v -2.316414 2.768997 -0.739553
v -2.316414 2.768997 -0.856009
v -2.316414 2.768997 -0.886740
v -2.316414 2.768997 -0.899221
v -2.316414 2.768997 -0.902578
v -2.316414 2.768997 -0.905462
v -2.316414 2.535004 -0.907812
v -2.316414 2.671509 -0.907812
v -2.316414 2.768997 -0.907812
v -2.316170 2.768997 -0.905615
v -2.316017 2.768997 -0.903051
v -2.315773 2.768997 -0.900091
v -2.314842 2.768997 -0.888311
v -2.312340 2.768997 -0.856329
v -2.311409 0.000000 -0.233419
v -2.311409 1.949921 -0.233419
v -2.308525 2.730011 -0.637381
v -2.308525 2.768997 -0.637381
v -2.308525 2.730011 -0.985113
v -2.308525 2.768997 -0.985113
v -2.308449 2.145004 -0.637457
v -2.308449 2.535004 -0.637457
v -2.308449 2.145004 -0.984930
v -2.308449 2.535004 -0.984930
v -2.308205 1.969887 -1.348974
v -2.305016 1.970207 -1.348974
v -2.303764 2.768997 -0.747274
v -2.303383 2.768997 -0.742208
v -2.303139 2.768997 -0.739859
v -2.302986 2.768997 -0.737600
v -2.302834 2.768997 -0.735342
v -2.302605 2.768997 -0.733236
v -2.302452 2.768997 -0.731054
v -2.302284 2.768997 -0.728796
v -2.302132 2.768997 -0.726522
v -2.301888 2.768997 -0.724188
v -2.301735 2.768997 -0.721685
v -2.301506 2.768997 -0.719122
v -2.301277 2.768997 -0.716238
v -2.301033 2.768997 -0.713110
v -2.300804 2.768997 -0.709524
v -2.300499 2.768997 -0.705542
v -2.300102 2.535004 -0.700872
v -2.300102 2.671509 -0.700872
v -2.300102 2.768997 -0.700872
v -2.300102 2.768997 -0.705236
v -2.300102 2.768997 -0.709051
v -2.300102 2.768997 -0.712484
v -2.300102 2.768997 -0.715612
v -2.300102 2.768997 -0.718496
v -2.300102 2.768997 -0.721151
v -2.300102 2.768997 -0.723730
v -2.300102 2.768997 -0.726217
v -2.300102 2.768997 -0.728643
v -2.300102 2.768997 -0.731054
v -2.300102 2.768997 -0.733389
v -2.300102 2.768997 -0.735815
v -2.300102 2.768997 -0.738317
v -2.300102 2.768997 -0.740881
v -2.300102 2.768997 -0.743536
v -2.300102 2.768997 -0.749533
v -2.300102 2.768997 -0.857260
v -2.300102 2.768997 -0.903051
v -2.300102 2.535004 -0.921698
v -2.300102 2.671509 -0.921698
v -2.300102 2.768997 -0.921698
v -2.298698 2.768997 -0.904364
v -2.295036 2.768997 -0.857733
v -2.287148 2.768997 -0.757498
v -2.286537 2.768997 -0.749151
v -2.286217 2.768997 -0.745321
v -2.285896 2.768997 -0.741674
v -2.285591 2.768997 -0.738073
v -2.285362 2.768997 -0.734564
v -2.285042 2.768997 -0.731054
v -2.284813 2.768997 -0.727468
v -2.284492 2.768997 -0.723791
v -2.284187 2.768997 -0.719976
v -2.283882 2.768997 -0.715933
v -2.283562 2.768997 -0.711630
v -2.283165 2.768997 -0.706945
v -2.282784 2.768997 -0.701895
v -2.282326 2.768997 -0.696112
v -2.281776 2.535004 -0.689642
v -2.281776 2.671509 -0.689642
v -2.281776 2.768997 -0.689642
v -2.281776 2.768997 -0.695715
v -2.281776 2.768997 -0.701269
v -2.281776 2.768997 -0.706259
v -2.281776 2.768997 -0.710928
v -2.281776 2.768997 -0.715216
v -2.281776 2.768997 -0.719366
v -2.281776 2.768997 -0.723333
v -2.281776 2.768997 -0.727240
v -2.281776 2.768997 -0.731054
v -2.281776 2.768997 -0.734869
v -2.281776 2.768997 -0.738699
v -2.281776 2.768997 -0.742682
v -2.281776 2.768997 -0.746801
v -2.281776 2.768997 -0.751104
v -2.281776 2.768997 -0.760778
v -2.281776 2.768997 -0.858740
v -2.281776 2.768997 -0.921377
v -2.281776 2.768997 -0.930975
v -2.281776 2.535004 -0.932837
v -2.281776 2.671509 -0.932837
v -2.281776 2.768997 -0.932837
v -2.281685 2.768997 -0.931036
v -2.280998 2.768997 -0.922155
v -2.280128 2.730011 -0.625601
v -2.280128 2.768997 -0.625601
v -2.280128 2.730011 -0.996893
v -2.280128 2.768997 -0.996893
v -2.280052 2.145004 -0.625753
v -2.280052 2.535004 -0.625753
v -2.280052 2.145004 -0.996710
v -2.280052 2.535004 -0.996710
v -2.278328 0.000000 -0.167730
v -2.278328 2.084862 -0.167730
v -2.278328 2.299362 -0.625372
v -2.276314 0.000000 -0.152609
v -2.276314 2.094536 -0.152609
v -2.276314 0.000000 -0.182867
v -2.276314 2.075264 -0.182867
v -2.276314 2.282356 -0.624899
v -2.276314 2.315819 -0.624899
v -2.276009 2.768997 -0.859213
v -2.270546 0.000000 -0.138571
v -2.270546 2.103424 -0.138571
v -2.270546 0.000000 -0.197058
v -2.270546 2.066299 -0.197058
v -2.270546 2.266136 -0.623495
v -2.270546 2.330719 -0.623495
v -2.268898 2.768997 -0.768652
v -2.267967 2.768997 -0.756872
v -2.267586 2.768997 -0.751410
v -2.267189 2.768997 -0.746191
v -2.266716 2.768997 -0.741034
v -2.266335 2.768997 -0.736044
v -2.265938 2.768997 -0.731054
v -2.265541 2.768997 -0.725897
v -2.265160 2.768997 -0.720678
v -2.264778 2.768997 -0.715307
v -2.264290 2.768997 -0.709524
v -2.263832 2.768997 -0.703436
v -2.263283 2.768997 -0.696814
v -2.262733 2.768997 -0.689642
v -2.262032 2.535004 -0.681448
v -2.262032 2.671509 -0.681448
v -2.262032 2.768997 -0.681448
v -2.262032 2.768997 -0.689245
v -2.262032 2.768997 -0.696264
v -2.262032 2.768997 -0.702749
v -2.262032 2.768997 -0.708822
v -2.262032 2.768997 -0.714682
v -2.262032 2.768997 -0.720205
v -2.262032 2.768997 -0.725668
v -2.262032 2.768997 -0.731054
v -2.262032 2.768997 -0.736349
v -2.262032 2.768997 -0.741812
v -2.262032 2.768997 -0.747427
v -2.262032 2.768997 -0.753210
v -2.262032 2.768997 -0.759298
v -2.262032 2.768997 -0.772863
v -2.262032 2.768997 -0.860296
v -2.262032 2.535004 -0.941107
v -2.262032 2.671509 -0.941107
v -2.262032 2.768997 -0.941107
v -2.261177 0.000000 -0.126394
v -2.261177 2.111229 -0.126394
v -2.261177 0.000000 -0.209082
v -2.261177 2.058655 -0.209082
v -2.261177 2.251709 -0.621222
v -2.261177 2.343040 -0.621222
v -2.260719 2.343437 -0.621069
v -2.255714 2.768997 -0.860769
v -2.250420 2.730011 -0.618429
v -2.250420 2.768997 -0.618429
v -2.250420 2.145004 -0.618582
v -2.250420 2.241333 -0.618582
v -2.250420 2.351074 -0.618582
v -2.250420 2.535004 -0.618582
v -2.250420 2.145004 -1.003820
v -2.250420 2.535004 -1.003820
v -2.250420 2.730011 -1.003973
v -2.250420 2.768997 -1.003973
v -2.249413 2.768997 -0.780584
v -2.249168 0.000000 -0.117117
v -2.249168 2.117149 -0.117117
v -2.249168 0.000000 -0.218359
v -2.249168 2.052727 -0.218359
v -2.249168 2.240158 -0.618490
v -2.249168 2.352089 -0.618490
v -2.248146 2.768997 -0.765066
v -2.247597 2.768997 -0.757879
v -2.247063 2.768997 -0.751013
v -2.246513 2.768997 -0.744238
v -2.246040 2.768997 -0.737692
v -2.245491 2.768997 -0.731054
v -2.244957 2.768997 -0.724279
v -2.244408 2.768997 -0.717413
v -2.243874 2.768997 -0.710318
v -2.243233 2.768997 -0.702749
v -2.242622 2.768997 -0.694708
v -2.241997 2.768997 -0.685980
v -2.241219 2.535004 -0.676458
v -2.241219 2.671509 -0.676458
v -2.241219 2.768997 -0.676458
v -2.241219 2.768997 -0.685583
v -2.241219 2.768997 -0.694082
v -2.241219 2.768997 -0.702032
v -2.241219 2.768997 -0.709600
v -2.241219 2.768997 -0.716940
v -2.241219 2.768997 -0.724035
v -2.241219 2.768997 -0.731054
v -2.241219 2.768997 -0.738073
v -2.241219 2.768997 -0.745092
v -2.241219 2.768997 -0.752417
v -2.241219 2.768997 -0.759985
v -2.241219 2.768997 -0.767950
v -2.241219 2.768997 -0.785650
v -2.241219 2.768997 -0.861944
v -2.241219 2.768997 -0.932440
v -2.241219 2.768997 -0.936041
v -2.241219 2.768997 -0.941107
v -2.241219 2.535004 -0.946112
v -2.241219 2.671509 -0.946112
v -2.241219 2.768997 -0.946112
v -2.240822 2.768997 -0.941107
v -2.240425 2.768997 -0.935888
v -2.240120 2.768997 -0.931982
v -2.234962 0.000000 -0.111258
v -2.234962 2.120743 -0.111258
v -2.234962 0.000000 -0.224203
v -2.234962 2.048981 -0.224203
v -2.234962 2.233292 -0.617483
v -2.234962 2.358017 -0.617483
v -2.234657 2.768997 -0.862494
v -2.229118 2.768997 -0.792990
v -2.227638 2.768997 -0.773565
v -2.226936 2.768997 -0.764593
v -2.226234 2.768997 -0.756018
v -2.225609 2.768997 -0.747595
v -2.224907 2.768997 -0.739325
v -2.224281 2.768997 -0.731054
v -2.223595 2.768997 -0.722631
v -2.223503 1.973473 -1.348974
v -2.222969 2.768997 -0.714056
v -2.222252 2.768997 -0.705084
v -2.221474 2.768997 -0.695654
v -2.220695 2.768997 -0.685659
v -2.219841 0.000000 -0.109243
v -2.219841 2.122147 -0.109243
v -2.219841 0.000000 -0.226233
v -2.219841 0.974998 -0.226233
v -2.219841 1.949921 -0.226233
v -2.219841 2.047737 -0.226233
v -2.219841 2.730011 -0.616003
v -2.219841 2.768997 -0.616003
v -2.219841 2.145004 -0.616232
v -2.219841 2.230484 -0.616232
v -2.219841 2.359657 -0.616232
v -2.219841 2.535004 -0.616232
v -2.219841 2.535004 -0.674734
v -2.219841 2.671509 -0.674734
v -2.219841 2.768997 -0.674734
v -2.219841 2.768997 -0.685278
v -2.219841 2.768997 -0.695105
v -2.219841 2.768997 -0.704535
v -2.219841 2.768997 -0.713583
v -2.219841 2.768997 -0.722311
v -2.219841 2.768997 -0.731054
v -2.219841 2.768997 -0.739706
v -2.219841 2.768997 -0.748526
v -2.219841 2.768997 -0.757574
v -2.219841 2.768997 -0.766928
v -2.219841 2.768997 -0.776770
v -2.219841 2.768997 -0.798681
v -2.219841 2.768997 -0.863653
v -2.219841 2.768997 -0.923559
v -2.219841 2.768997 -0.930975
v -2.219841 2.768997 -0.941107
v -2.219841 2.768997 -0.944403
v -2.219841 2.535004 -0.947821
v -2.219841 2.671509 -0.947821
v -2.219841 2.768997 -0.947821
v -2.219841 2.145004 -1.006170
v -2.219841 2.535004 -1.006170
v -2.219841 2.730011 -1.006384
v -2.219841 2.768997 -1.006384
v -2.219841 1.973633 -1.348974
v -2.219612 2.768997 -0.944403
v -2.219292 2.768997 -0.941107
v -2.218513 2.768997 -0.930655
v -2.217888 2.768997 -0.922781
v -2.216164 1.973473 -1.348974
v -2.213295 2.768997 -0.864126
v -2.208687 2.768997 -0.805548
v -2.206810 2.768997 -0.782156
v -2.205956 2.768997 -0.771460
v -2.205177 2.768997 -0.761084
v -2.204704 0.000000 -0.111258
v -2.204704 2.120743 -0.111258
v -2.204704 0.000000 -0.224203
v -2.204704 2.048981 -0.224203
v -2.204704 2.233292 -0.617483
v -2.204704 2.358017 -0.617483
v -2.204399 2.768997 -0.750952
v -2.203621 2.768997 -0.741034
v -2.202751 2.768997 -0.731054
v -2.201973 2.768997 -0.720922
v -2.201195 2.768997 -0.710623
v -2.200340 2.768997 -0.699865
v -2.199471 2.768997 -0.688467
v -2.199089 0.000000 2.367418
v -2.199089 0.195000 2.367418
v -2.199089 0.000000 1.587412
v -2.199089 0.195000 1.587412
v -2.198479 2.535004 -0.676458
v -2.198479 2.671509 -0.676458
v -2.198479 2.768997 -0.676458
v -2.198479 2.768997 -0.688147
v -2.198479 2.768997 -0.699377
v -2.198479 2.768997 -0.710150
v -2.198479 2.768997 -0.720678
v -2.198479 2.768997 -0.731054
v -2.198479 2.768997 -0.741430
v -2.198479 2.768997 -0.751883
v -2.198479 2.768997 -0.762655
v -2.198479 2.768997 -0.773870
v -2.198479 2.768997 -0.785650
v -2.198479 2.768997 -0.811789
v -2.198479 2.768997 -0.865301
v -2.198479 2.768997 -0.914740
v -2.198479 2.768997 -0.925817
v -2.198479 2.768997 -0.941107
v -2.198479 2.768997 -0.942755
v -2.198479 2.768997 -0.944403
v -2.198479 2.535004 -0.946112
v -2.198479 2.671509 -0.946112
v -2.198479 2.768997 -0.946112
v -2.198387 2.768997 -0.944403
v -2.198235 2.768997 -0.942663
v -2.198067 2.768997 -0.941107
v -2.196907 2.768997 -0.925421
v -2.195961 2.768997 -0.913656
v -2.192238 2.768997 -0.865759
v -2.190666 0.000000 -0.117117
v -2.190666 2.117149 -0.117117
v -2.190666 0.000000 -0.218359
v -2.190666 2.052727 -0.218359
v -2.190666 2.240158 -0.618490
v -2.190666 2.352089 -0.618490
v -2.189430 2.145004 -0.618582
v -2.189430 2.241333 -0.618582
v -2.189430 2.351074 -0.618582
v -2.189430 2.535004 -0.618582
v -2.189430 2.145004 -1.003820
v -2.189430 2.535004 -1.003820
v -2.189339 2.730011 -0.618429
v -2.189339 2.768997 -0.618429
v -2.189339 2.730011 -1.003973
v -2.189339 2.768997 -1.003973
v -2.188408 2.768997 -0.817938
v -2.186302 2.768997 -0.790640
v -2.185280 2.768997 -0.778173
v -2.184349 2.768997 -0.766088
v -2.183403 2.768997 -0.754217
v -2.182564 2.768997 -0.742682
v -2.181618 2.768997 -0.731054
v -2.180687 2.768997 -0.719275
v -2.179756 2.768997 -0.707190
v -2.178734 2.768997 -0.694632
v -2.178505 0.000000 -0.126394
v -2.178505 2.111229 -0.126394
v -2.178505 0.000000 -0.209082
v -2.178505 2.058655 -0.209082
v -2.178505 2.251785 -0.621313
v -2.178505 2.343124 -0.621313
v -2.177711 2.535004 -0.681448
v -2.177711 2.671509 -0.681448
v -2.177711 2.768997 -0.681448
v -2.177711 2.768997 -0.694387
v -2.177711 2.768997 -0.706884
v -2.177711 2.768997 -0.719046
v -2.177711 2.768997 -0.731054
v -2.177711 2.768997 -0.743063
v -2.177711 2.768997 -0.755163
v -2.177711 2.768997 -0.767645
v -2.177711 2.768997 -0.780584
v -2.177711 2.768997 -0.794226
v -2.177711 2.768997 -0.824499
v -2.177711 2.768997 -0.866934
v -2.177711 2.768997 -0.906164
v -2.177711 2.768997 -0.920828
v -2.177711 2.535004 -0.941107
v -2.177711 2.671509 -0.941107
v -2.177711 2.768997 -0.941107
v -2.176079 2.768997 -0.920446
v -2.174904 2.768997 -0.904913
v -2.171944 2.768997 -0.867407
v -2.169212 0.000000 -0.138571
v -2.169212 2.103424 -0.138571
v -2.169212 0.000000 -0.197058
v -2.169212 2.066299 -0.197058
v -2.169212 2.266136 -0.623495
v -2.169212 2.330719 -0.623495
v -2.168983 2.768997 -0.829870
v -2.166481 2.768997 -0.798834
v -2.165398 2.768997 -0.784643
v -2.164314 2.768997 -0.770910
v -2.163368 0.000000 -0.152609
v -2.163368 2.094536 -0.152609
v -2.163368 0.000000 -0.182867
v -2.163368 2.075264 -0.182867
v -2.163368 2.282356 -0.624899
v -2.163368 2.315819 -0.624899
v -2.163216 2.768997 -0.757421
v -2.162209 2.768997 -0.744238
v -2.161339 0.000000 -0.167730
v -2.161339 2.084862 -0.167730
v -2.161339 2.299362 -0.625433
v -2.161186 2.768997 -0.731054
v -2.160103 0.195000 2.328417
v -2.160103 0.234000 2.328417
v -2.160103 0.195000 1.626413
v -2.160103 0.234000 1.626413
v -2.160103 2.768997 -0.717642
v -2.159630 2.145004 -0.625753
v -2.159630 2.535004 -0.625753
v -2.159630 2.145004 -0.996710
v -2.159630 2.535004 -0.996710
v -2.159538 2.730011 -0.625601
v -2.159538 2.768997 -0.625601
v -2.159538 2.730011 -0.996893
v -2.159538 2.768997 -0.996893
v -2.159004 2.768997 -0.703909
v -2.157906 2.535004 -0.689642
v -2.157906 2.671509 -0.689642
v -2.157906 2.768997 -0.689642
v -2.157906 2.768997 -0.703756
v -2.157906 2.768997 -0.717474
v -2.157906 2.768997 -0.731054
v -2.157906 2.768997 -0.744635
v -2.157906 2.768997 -0.758276
v -2.157906 2.768997 -0.772390
v -2.157906 2.768997 -0.787054
v -2.157906 2.768997 -0.802420
v -2.157906 2.768997 -0.836676
v -2.157906 2.768997 -0.868490
v -2.157906 2.768997 -0.897894
v -2.157906 2.768997 -0.916082
v -2.157906 2.768997 -0.928930
v -2.157906 2.535004 -0.932837
v -2.157906 2.671509 -0.932837
v -2.157906 2.768997 -0.932837
v -2.157600 2.768997 -0.928778
v -2.156578 2.768997 -0.915762
v -2.155022 2.768997 -0.896734
v -2.152840 2.768997 -0.868872
v -2.150642 2.768997 -0.841116
v -2.147926 2.768997 -0.806555
v -2.146675 2.768997 -0.790731
v -2.145500 2.768997 -0.775351
v -2.144341 2.768997 -0.760458
v -2.143166 2.768997 -0.745794
v -2.142006 2.768997 -0.731054
v -2.140816 2.768997 -0.716085
v -2.139580 2.535004 -0.700872
v -2.139580 2.671509 -0.700872
v -2.139580 2.768997 -0.700872
v -2.139580 2.768997 -0.715994
v -2.139580 2.768997 -0.731054
v -2.139580 2.768997 -0.746023
v -2.139580 2.768997 -0.761160
v -2.139580 2.768997 -0.776770
v -2.139580 2.768997 -0.792990
v -2.139580 2.768997 -0.809988
v -2.139580 2.768997 -0.847906
v -2.139580 2.768997 -0.869970
v -2.139580 2.768997 -0.890326
v -2.139580 2.768997 -0.911703
v -2.139580 2.768997 -0.917700
v -2.139580 2.768997 -0.919592
v -2.139580 2.535004 -0.921698
v -2.139580 2.671509 -0.921698
v -2.139580 2.768997 -0.921698
v -2.139412 2.768997 -0.919424
v -2.139259 2.768997 -0.917547
v -2.138802 2.768997 -0.911474
v -2.137093 2.768997 -0.889318
v -2.135597 2.768997 -0.870275
v -2.134666 1.970207 -1.348974
v -2.134041 2.768997 -0.851263
v -2.131538 1.969887 -1.348974
v -2.131386 2.145004 -0.637457
v -2.131386 2.535004 -0.637457
v -2.131386 2.145004 -0.984930
v -2.131386 2.535004 -0.984930
v -2.131310 2.730011 -0.637381
v -2.131310 2.768997 -0.637381
v -2.131310 2.730011 -0.985113
v -2.131310 2.768997 -0.985113
v -2.131081 2.768997 -0.813498
v -2.129753 2.768997 -0.796194
v -2.128426 2.768997 -0.779486
v -2.128349 0.000000 -0.233419
v -2.128349 1.949921 -0.233419
v -2.127174 2.768997 -0.763189
v -2.125847 2.768997 -0.747122
v -2.124611 2.768997 -0.731054
v -2.123360 2.535004 -0.714743
v -2.123360 2.671509 -0.714743
v -2.123360 2.768997 -0.714743
v -2.123360 2.768997 -0.731054
v -2.123360 2.768997 -0.747366
v -2.123360 2.768997 -0.763739
v -2.123360 2.768997 -0.780752
v -2.123360 2.768997 -0.798300
v -2.123360 2.768997 -0.816778
v -2.123360 2.768997 -0.857809
v -2.123360 2.768997 -0.871222
v -2.123360 2.768997 -0.883627
v -2.123360 2.535004 -0.907812
v -2.123360 2.671509 -0.907812
v -2.123360 2.768997 -0.907812
v -2.121407 2.768997 -0.882757
v -2.121010 0.234000 1.977419
v -2.121010 0.819000 1.977419
v -2.120476 2.768997 -0.871466
v -2.119606 2.768997 -0.860144
v -2.116402 2.768997 -0.819586
v -2.114937 2.768997 -0.801031
v -2.113533 2.768997 -0.783072
v -2.112190 2.768997 -0.765524
v -2.110802 2.768997 -0.748297
v -2.110405 0.234000 2.058146
v -2.110405 0.819000 2.058146
v -2.110405 0.234000 1.896685
v -2.110405 0.819000 1.896685
v -2.109550 0.234000 2.271242
v -2.109550 0.350298 2.271242
v -2.109474 2.535004 -0.731054
v -2.109474 2.671509 -0.731054
v -2.109474 2.768997 -0.731054
v -2.109474 2.768997 -0.748449
v -2.109474 2.768997 -0.765921
v -2.109474 2.768997 -0.784018
v -2.109474 2.768997 -0.802816
v -2.109474 2.768997 -0.822470
v -2.109474 2.768997 -0.866308
v -2.109474 2.768997 -0.872320
v -2.109474 2.768997 -0.877844
v -2.109474 2.768997 -0.888617
v -2.109474 2.535004 -0.891500
v -2.109474 2.671509 -0.891500
v -2.109474 2.768997 -0.891500
v -2.109230 2.768997 -0.888311
v -2.108376 2.768997 -0.877386
v -2.108223 0.234000 2.281305
v -2.108223 0.352795 2.281305
v -2.108223 0.234000 2.261103
v -2.108223 0.347412 2.261103
v -2.107979 2.768997 -0.872473
v -2.107597 2.768997 -0.867468
v -2.105247 2.145004 -0.653448
v -2.105247 2.535004 -0.653448
v -2.105247 2.145004 -0.968939
v -2.105247 2.535004 -0.968939
v -2.105171 2.730011 -0.653357
v -2.105171 2.768997 -0.653357
v -2.105171 2.730011 -0.969122
v -2.105171 2.768997 -0.969122
v -2.104393 0.234000 2.290667
v -2.104393 0.354744 2.290667
v -2.104393 0.234000 2.251741
v -2.104393 0.344292 2.251741
v -2.104164 2.768997 -0.824652
v -2.102608 2.768997 -0.804998
v -2.101128 2.768997 -0.786047
v -2.099709 2.768997 -0.767492
v -2.098244 2.535004 -0.749304
v -2.098244 2.671509 -0.749304
v -2.098244 2.768997 -0.749304
v -2.098244 2.768997 -0.767721
v -2.098244 2.768997 -0.786749
v -2.098244 2.768997 -0.806402
v -2.098244 2.768997 -0.827154
v -2.098244 2.535004 -0.873175
v -2.098244 2.671509 -0.873175
v -2.098244 2.768997 -0.873175
v -2.098152 0.234000 2.298853
v -2.098152 0.355913 2.298853
v -2.098152 0.234000 2.243708
v -2.098152 0.341173 2.243708
v -2.094734 2.768997 -0.828558
v -2.093086 2.768997 -0.808126
v -2.091530 2.768997 -0.788305
v -2.090126 0.234000 2.304941
v -2.090126 0.356459 2.304941
v -2.090126 0.234000 2.237467
v -2.090126 0.338364 2.237467
v -2.090050 2.535004 -0.769033
v -2.090050 2.671509 -0.769033
v -2.090050 2.768997 -0.769033
v -2.090050 2.768997 -0.788702
v -2.090050 2.768997 -0.809134
v -2.090050 2.768997 -0.830511
v -2.090050 2.768997 -0.847906
v -2.090050 2.535004 -0.853369
v -2.090050 2.671509 -0.853369
v -2.090050 2.768997 -0.853369
v -2.089424 2.768997 -0.846182
v -2.088264 2.768997 -0.831274
v -2.086617 2.768997 -0.810232
v -2.085060 2.535004 -0.789862
v -2.085060 2.671509 -0.789862
v -2.085060 2.768997 -0.789862
v -2.085060 2.768997 -0.810690
v -2.085060 2.535004 -0.832617
v -2.085060 2.671509 -0.832617
v -2.085060 2.768997 -0.832617
v -2.083412 2.535004 -0.811239
v -2.083412 2.671509 -0.811239
v -2.083412 2.768997 -0.811239
v -2.081932 2.145004 -0.673407
v -2.081932 2.535004 -0.673407
v -2.081932 2.145004 -0.949133
v -2.081932 2.535004 -0.949133
v -2.081856 2.730011 -0.673178
v -2.081856 2.768997 -0.673178
v -2.081856 2.730011 -0.949224
v -2.081856 2.768997 -0.949224
v -2.080605 0.234000 2.308840
v -2.080605 0.356070 2.308840
v -2.080605 0.234000 2.233492
v -2.080605 0.335945 2.233492
v -2.079277 0.234000 2.133341
v -2.079277 0.819000 2.133341
v -2.079277 0.234000 1.821413
v -2.079277 0.819000 1.821413
v -2.070549 0.234000 2.310244
v -2.070549 0.354900 2.310244
v -2.070549 0.234000 2.232164
v -2.070549 0.333996 2.232164
v -2.062035 2.145004 -0.696661
v -2.062035 2.535004 -0.696661
v -2.062035 2.145004 -0.925909
v -2.062035 2.535004 -0.925909
v -2.061974 2.730011 -0.696585
v -2.061974 2.768997 -0.696585
v -2.061974 2.730011 -0.925970
v -2.061974 2.768997 -0.925970
v -2.060875 0.779999 1.948717
v -2.060875 0.819000 1.948717
v -2.060555 0.234000 2.308840
v -2.060555 0.352949 2.308840
v -2.060555 0.234000 2.233492
v -2.060555 0.332903 2.233492
v -2.059776 0.779999 2.014856
v -2.059776 0.819000 2.014856
v -2.055565 0.492493 2.164385
v -2.054787 0.509808 2.165476
v -2.054558 0.473537 2.165636
v -2.052299 0.524393 2.168673
v -2.051903 0.454271 2.169222
v -2.051048 0.234000 2.304941
v -2.051048 0.350609 2.304941
v -2.051048 0.234000 2.237467
v -2.051048 0.332514 2.237467
v -2.048241 0.535080 2.173975
v -2.047768 0.435865 2.174601
v -2.047310 0.434694 2.175142
v -2.047066 0.439842 2.175531
v -2.047066 0.441246 2.175531
v -2.046913 0.433523 2.175692
v -2.046669 0.440388 2.176004
v -2.046211 0.441402 2.176630
v -2.046211 0.439920 2.176554
v -2.046135 2.145004 -0.722708
v -2.046135 2.535004 -0.722708
v -2.046135 2.145004 -0.899694
v -2.046135 2.535004 -0.899694
v -2.046059 0.438751 2.176790
v -2.045967 2.730011 -0.722555
v -2.045967 2.768997 -0.722555
v -2.045967 2.730011 -0.899847
v -2.045967 2.768997 -0.899847
v -2.045113 1.959747 -1.348974
v -2.044884 0.779999 1.884439
v -2.044884 0.819000 1.884439
v -2.044350 0.436565 2.179125
v -2.043556 1.959511 -1.348974
v -2.043007 0.234000 2.298853
v -2.043007 0.347725 2.298853
v -2.043007 0.234000 2.243708
v -2.043007 0.332981 2.243708
v -2.043007 0.541241 2.180841
v -2.042397 0.419796 2.181620
v -2.041527 0.779999 2.078432
v -2.041527 0.819000 2.078432
v -2.039894 0.414804 2.184893
v -2.039116 0.000000 -0.254858
v -2.039116 1.949921 -0.254858
v -2.036781 0.234000 2.290667
v -2.036781 0.344683 2.290667
v -2.036781 0.234000 2.251741
v -2.036781 0.334230 2.251741
v -2.036781 0.542490 2.188875
v -2.036156 0.407082 2.189890
v -2.035439 0.541632 2.190744
v -2.034355 0.404976 2.192072
v -2.034355 2.145004 -0.751013
v -2.034355 2.535004 -0.751013
v -2.034355 2.145004 -0.871466
v -2.034355 2.535004 -0.871466
v -2.034203 2.730011 -0.750952
v -2.034203 2.768997 -0.750952
v -2.034203 2.730011 -0.871618
v -2.034203 2.768997 -0.871618
v -2.032875 0.234000 2.281305
v -2.032875 0.341484 2.281305
v -2.032875 0.234000 2.261103
v -2.032875 0.336102 2.261103
v -2.031624 0.234000 2.271242
v -2.031624 0.338598 2.271242
v -2.029991 0.538433 2.197924
v -2.029823 0.399126 2.197924
v -2.029686 0.234000 2.198000
v -2.029686 0.399126 2.198000
v -2.029686 0.819000 2.198000
v -2.029686 0.234000 1.756830
v -2.029686 0.819000 1.756830
v -2.029518 0.398970 2.198160
v -2.027336 2.145004 -0.780752
v -2.027336 2.535004 -0.780752
v -2.027336 2.145004 -0.841726
v -2.027336 2.535004 -0.841726
v -2.027107 2.730011 -0.780752
v -2.027107 2.768997 -0.780752
v -2.027107 2.730011 -0.841818
v -2.027107 2.768997 -0.841818
v -2.024910 2.145004 -0.811239
v -2.024910 2.535004 -0.811239
v -2.024681 2.730011 -0.811239
v -2.024681 2.768997 -0.811239
v -2.024529 0.000000 -1.361609
v -2.023979 0.535158 2.202524
v -2.022026 0.534222 2.203928
v -2.021172 0.399361 2.204470
v -2.020149 0.532116 2.205332
v -2.018364 0.530010 2.206736
v -2.016411 0.527748 2.208223
v -2.014458 0.525486 2.209696
v -2.013680 0.404507 2.210321
v -2.012825 0.779999 1.826563
v -2.012825 0.819000 1.826563
v -2.011040 0.519012 2.212275
v -2.010262 0.409500 2.212976
v -2.007835 0.512850 2.214769
v -2.007454 0.779999 2.135210
v -2.007454 0.819000 2.135210
v -2.007286 0.414101 2.215242
v -2.002754 0.497171 2.218592
v -2.002373 0.427284 2.218981
v -2.001442 0.489607 2.219606
v -1.999641 0.479544 2.221094
v -1.999336 0.443430 2.221239
v -1.998482 0.461292 2.222025
v -1.993950 0.638744 -1.348974
v -1.993950 0.911896 -1.348974
v -1.993950 1.470139 -1.348974
v -1.993950 1.846024 -1.348974
v -1.993950 1.949921 -1.348974
v -1.993874 0.000000 -1.348883
v -1.993874 0.000078 -1.348883
v -1.993874 0.546312 -1.348883
v -1.993874 0.332357 -1.348974
v -1.993797 0.342421 -1.348883
v -1.993797 0.350063 -1.348883
v -1.993797 0.377363 -1.348883
v -1.993797 0.503490 -1.348883
v -1.966896 0.779999 1.778986
v -1.966896 0.819000 1.778986
v -1.965096 0.234000 2.247614
v -1.965096 0.819000 2.247614
v -1.965096 0.234000 1.707224
v -1.965096 0.819000 1.707224
v -1.959862 0.779999 2.181154
v -1.959862 0.819000 2.181154
v -1.954247 0.000000 -0.289968
v -1.954247 1.949921 -0.289968
v -1.954247 0.000000 -1.332495
v -1.954247 0.000078 -1.332495
v -1.954247 1.949921 -1.332495
v -1.910103 0.779999 1.744898
v -1.910103 0.819000 1.744898
v -1.902077 0.779999 2.213213
v -1.902077 0.819000 2.213213
v -1.889824 0.234000 2.278811
v -1.889824 0.819000 2.278811
v -1.889824 0.234000 1.676104
v -1.889824 0.819000 1.676104
v -1.876015 0.000000 -0.337927
v -1.876015 1.949921 -0.337927
v -1.876015 0.000000 -1.284521
v -1.876015 1.949921 -1.284521
v -1.846535 0.779999 1.726648
v -1.846535 0.819000 1.726648
v -1.838509 2.051865 -0.811239
v -1.837791 0.779999 2.229273
v -1.837791 0.819000 2.229273
v -1.835854 2.049919 -0.796957
v -1.835854 2.049919 -0.825430
v -1.825951 2.044456 -0.783789
v -1.825951 2.044456 -0.838690
v -1.809395 2.035721 -0.772390
v -1.809395 2.035721 -0.850012
v -1.809090 0.234000 2.289415
v -1.809090 0.819000 2.289415
v -1.809090 0.234000 1.665415
v -1.809090 0.819000 1.665415
v -1.806206 0.000000 -0.397604
v -1.806206 1.949921 -0.397604
v -1.806206 0.000000 -1.224890
v -1.806206 1.949921 -1.224890
v -1.794975 0.000078 -1.348974
v -1.787254 2.024338 -0.763662
v -1.787254 2.024338 -0.858740
v -1.780388 0.779999 1.725557
v -1.780388 0.819000 1.725557
v -1.776329 0.000000 -1.190008
v -1.771660 0.779999 2.228189
v -1.771660 0.819000 2.228189
v -1.761208 2.011154 -0.758200
v -1.761208 2.011154 -0.864279
v -1.746529 0.000000 -0.467413
v -1.746529 1.949921 -0.467413
v -1.746529 0.000000 -1.155066
v -1.746529 1.949921 -1.155066
v -1.732964 1.996880 -0.756414
v -1.732964 1.996880 -0.866156
v -1.728355 0.234000 2.278811
v -1.728355 0.819000 2.278811
v -1.728355 0.234000 1.676104
v -1.728355 0.819000 1.676104
v -1.723763 0.000000 -1.117865
v -1.722115 1.991493 -0.757040
v -1.722115 1.991493 -0.865454
v -1.716118 0.779999 1.741541
v -1.716118 0.819000 1.741541
v -1.708000 0.779999 2.209856
v -1.708000 0.819000 2.209856
v -1.704414 1.982681 -0.758200
v -1.704414 1.982681 -0.864279
v -1.698555 0.000000 -0.545645
v -1.698555 1.949921 -0.545645
v -1.698555 0.000000 -1.076818
v -1.698555 1.949921 -1.076818
v -1.682732 1.971992 -0.762655
v -1.682732 1.971992 -0.859838
v -1.677513 1.969498 -0.763662
v -1.677513 1.969498 -0.858740
v -1.663475 0.000000 -0.630514
v -1.663475 1.949921 -0.630514
v -1.663475 0.000000 -0.992041
v -1.663475 1.949921 -0.992041
v -1.658318 0.779999 1.773676
v -1.658318 0.819000 1.773676
v -1.654488 1.958115 -0.772390
v -1.654488 1.958115 -0.850012
v -1.653084 0.234000 2.247614
v -1.653084 0.819000 2.247614
v -1.653084 0.234000 1.707224
v -1.653084 0.819000 1.707224
v -1.652931 1.957329 -0.849066
v -1.651299 0.779999 2.175768
v -1.651299 0.819000 2.175768
v -1.642097 0.000000 -0.719748
v -1.642097 1.949921 -0.719748
v -1.642097 0.000000 -0.902807
v -1.642097 1.949921 -0.902807
v -1.637032 1.949684 -0.783789
v -1.637032 1.949684 -0.838690
v -1.636635 1.958115 -0.850012
v -1.636009 1.943840 -0.796957
v -1.636009 1.943840 -0.825430
v -1.634834 0.000000 -0.811239
v -1.634834 0.971020 -0.811239
v -1.634834 1.942039 -0.811239
v -1.633049 0.000000 -0.796957
v -1.633049 1.943840 -0.796957
v -1.633049 0.000000 -0.825430
v -1.633049 1.943840 -0.825430
v -1.627419 0.000000 -0.783789
v -1.627419 1.949371 -0.783789
v -1.627419 0.000000 -0.838690
v -1.627419 1.949371 -0.838690
v -1.618782 0.000000 -0.772390
v -1.618782 1.958115 -0.772390
v -1.618782 0.000000 -0.850012
v -1.618782 1.958115 -0.850012
v -1.610741 0.779999 1.819620
v -1.610741 0.819000 1.819620
v -1.607460 0.000000 -0.763662
v -1.607460 1.969498 -0.763662
v -1.607460 0.000000 -0.858740
v -1.607460 1.969498 -0.858740
v -1.605354 0.779999 2.128191
v -1.605354 0.819000 2.128191
v -1.596077 0.000078 -1.348974
v -1.596077 0.000312 -1.348974
v -1.595604 0.011232 -1.348974
v -1.595055 0.023946 -1.348883
v -1.594582 0.034164 -1.348883
v -1.594124 0.000000 -0.758200
v -1.594124 1.982681 -0.758200
v -1.594124 0.000000 -0.864279
v -1.594124 1.982681 -0.864279
v -1.593040 0.070434 -1.348883
v -1.589745 0.000078 -1.348974
v -1.588509 0.234000 2.198000
v -1.588509 0.819000 2.198000
v -1.588509 0.234000 1.756830
v -1.588509 0.819000 1.756830
v -1.587959 0.000000 -1.348974
v -1.587334 0.000000 -1.348974
v -1.585777 0.239148 -1.348883
v -1.583351 0.296790 -1.348974
v -1.581566 0.336960 -1.348974
v -1.580009 0.000000 -0.756414
v -1.580009 1.996880 -0.756414
v -1.580009 0.000000 -0.866156
v -1.580009 1.996880 -0.866156
v -1.576653 0.779999 1.876406
v -1.576653 0.819000 1.876406
v -1.575783 0.000000 -1.092260
v -1.573296 0.779999 2.070391
v -1.573296 0.819000 2.070391
v -1.565819 0.000000 -0.758200
v -1.565819 2.011154 -0.758200
v -1.565819 0.000000 -0.864279
v -1.565819 2.011154 -0.864279
v -1.558311 0.779999 1.939981
v -1.558311 0.819000 1.939981
v -1.557152 0.779999 2.006121
v -1.557152 0.819000 2.006121
v -1.552467 0.000000 -0.763662
v -1.552467 2.024338 -0.763662
v -1.552467 0.000000 -0.858740
v -1.552467 2.024338 -0.858740
v -1.541084 0.000000 -0.772390
v -1.541084 2.035721 -0.772390
v -1.541084 0.000000 -0.850012
v -1.541084 2.035721 -0.850012
v -1.538902 0.234000 2.133341
v -1.538902 0.819000 2.133341
v -1.538902 0.234000 1.821413
v -1.538902 0.819000 1.821413
v -1.532341 0.000000 -0.783789
v -1.532341 2.044456 -0.783789
v -1.532341 0.000000 -0.838690
v -1.532341 2.044456 -0.838690
v -1.530785 0.312000 2.113916
v -1.530785 0.312000 1.840837
v -1.528847 0.276667 2.109240
v -1.528847 0.347334 2.109240
v -1.528847 0.276667 1.845514
v -1.528847 0.347334 1.845514
v -1.528145 1.365005 -1.229773
v -1.528145 1.365150 -1.229773
v -1.527596 1.377014 -1.229712
v -1.527351 1.382088 -1.229712
v -1.526878 0.000000 -0.796957
v -1.526878 2.049919 -0.796957
v -1.526878 0.000000 -0.825430
v -1.526878 2.049919 -0.825430
v -1.526573 1.400253 -1.229712
v -1.525093 0.000000 -0.811239
v -1.525093 2.051865 -0.811239
v -1.523232 0.243750 2.095659
v -1.523232 0.380249 2.095659
v -1.523232 0.243750 1.859171
v -1.523232 0.380249 1.859171
v -1.522987 1.484573 -1.229712
v -1.521736 1.513435 -1.229773
v -1.520882 1.533478 -1.229773
v -1.520103 0.234000 2.088175
v -1.520103 0.234000 1.866739
v -1.517998 1.365005 -1.101385
v -1.514168 0.408487 2.073900
v -1.514168 0.408487 1.880854
v -1.511452 0.000000 -0.824575
v -1.507698 0.420576 2.058146
v -1.507698 0.819000 2.058146
v -1.507698 0.420576 1.896685
v -1.507698 0.819000 1.896685
v -1.506050 0.430248 2.045671
v -1.506050 0.430248 1.909166
v -1.505363 2.144920 -1.366919
v -1.505119 2.144920 -1.363012
v -1.504036 2.144920 -1.348974
v -1.501778 0.443819 2.012751
v -1.501778 0.443819 1.942087
v -1.501137 0.000000 -1.933905
v -1.497017 0.448578 1.977419
v -1.497017 0.819000 1.977419
v -1.487968 1.365005 -0.976446
v -1.484932 2.144920 -1.627050
v -1.480324 2.730011 -1.366919
v -1.460197 2.730011 -1.110540
v -1.460197 2.730011 -1.623053
v -1.458092 0.195000 2.328417
v -1.458092 0.234000 2.328417
v -1.458092 0.234000 2.088175
v -1.458092 0.215514 2.073900
v -1.458092 0.195000 2.047228
v -1.458092 0.195000 1.907610
v -1.458092 0.215514 1.880854
v -1.458092 0.234000 1.866739
v -1.458092 0.195000 1.626413
v -1.458092 0.234000 1.626413
v -1.455757 1.365005 -0.842596
v -1.424004 2.144920 -1.880774
v -1.406609 1.365005 -0.723883
v -1.406075 0.000000 -0.570074
v -1.406075 0.000000 -2.163610
v -1.402321 2.730011 -1.366919
v -1.402016 2.144920 -1.933966
v -1.400139 2.730011 -0.860693
v -1.400139 2.730011 -1.872961
v -1.383125 2.730011 -1.122839
v -1.383125 2.730011 -1.610815
v -1.353951 1.365005 -0.596670
v -1.353951 1.365005 -2.136999
v -1.329857 2.953079 -1.366919
v -1.325966 2.730011 -0.884802
v -1.325966 2.730011 -1.848852
v -1.311531 2.953079 -1.134069
v -1.311531 2.953079 -1.599493
v -1.301857 2.730011 -0.623175
v -1.301857 2.730011 -2.110479
v -1.286812 1.365005 -0.487082
v -1.286812 1.365005 -2.246588
v -1.262154 0.000000 -0.335287
v -1.262154 0.000000 -2.398382
v -1.257011 2.953079 -0.907171
v -1.257011 2.953079 -1.826483
v -1.232292 2.730011 -0.658590
v -1.232292 2.730011 -2.074987
v -1.224159 3.162582 -1.366919
v -1.214806 1.365005 -0.369680
v -1.214806 1.365005 -2.363989
v -1.207176 3.162582 -1.150702
v -1.207176 3.162582 -1.582983
v -1.167702 2.953079 -0.691504
v -1.167702 2.953079 -2.042150
v -1.167458 2.730011 -0.404013
v -1.167458 2.730011 -2.329596
v -1.156456 3.162582 -0.939856
v -1.156456 3.162582 -1.793798
v -1.131432 1.365005 -0.271948
v -1.131432 1.365005 -2.461737
v -1.104362 2.730011 -0.449865
v -1.104362 2.730011 -2.283728
v -1.087746 3.353531 -1.366919
v -1.083290 0.000000 -0.125860
v -1.083290 0.000000 -2.607885
v -1.075111 0.195000 1.757845
v -1.073555 3.162582 -0.739553
v -1.073555 3.162582 -1.994177
v -1.072304 3.353531 -1.172064
v -1.072304 3.353531 -1.561621
v -1.045784 2.953079 -0.492529
v -1.045784 2.953079 -2.241125
v -1.041969 1.365005 -0.167273
v -1.041969 1.365005 -2.566473
v -1.026741 3.353531 -0.981970
v -1.026741 3.353531 -1.751684
v -1.000618 2.730011 -0.208609
v -1.000618 2.730011 -2.525061
v -0.960304 3.162582 -0.554617
v -0.960304 3.162582 -2.179144
v -0.951942 3.353531 -0.801489
v -0.951942 3.353531 -1.932257
v -0.945473 2.730011 -0.263769
v -0.945473 2.730011 -2.469915
v -0.944221 1.365005 -0.083731
v -0.937294 1.365005 -2.655859
v -0.923714 3.521317 -1.366919
v -0.910378 3.521317 -1.197729
v -0.910378 3.521317 -1.535925
v -0.894142 2.953079 -0.314993
v -0.894142 2.953079 -2.418646
v -0.873940 0.000000 0.053003
v -0.873940 0.000000 -2.786596
v -0.870766 3.521317 -1.032690
v -0.870766 3.521317 -1.701056
v -0.849922 3.353531 -0.634802
v -0.849922 3.353531 -2.098852
v -0.839455 1.365005 0.005655
v -0.839455 1.365005 -2.739325
v -0.819435 3.162582 -0.389807
v -0.819435 3.162582 -2.344030
v -0.805855 3.521317 -0.875891
v -0.805855 3.521317 -1.857763
v -0.805061 2.730011 -0.041616
v -0.805061 2.730011 -2.692053
v -0.759285 2.730011 -0.104727
v -0.759285 2.730011 -2.628942
v -0.735970 3.662033 -1.366919
v -0.724953 3.662033 -1.227057
v -0.724953 3.662033 -1.506689
v -0.722939 3.353531 -0.486212
v -0.722939 3.353531 -2.247473
v -0.722847 1.171326 0.086847
v -0.722084 1.365005 -2.811316
v -0.717171 3.521317 -0.731222
v -0.717171 3.521317 -2.002447
v -0.716682 2.953079 -0.163458
v -0.716682 2.953079 -2.570227
v -0.692207 3.662033 -1.090643
v -0.692207 3.662033 -1.643011
v -0.661110 0.000078 0.183329
v -0.654518 3.162582 -0.248938
v -0.654518 3.162582 -2.484747
v -0.642677 1.792747 0.104792
v -0.639076 0.000000 2.367418
v -0.639076 0.195000 2.367418
v -0.639076 0.000000 2.341913
v -0.639076 0.195000 2.341913
v -0.639076 2.145004 2.341913
v -0.639076 0.312000 2.113916
v -0.639076 0.276667 2.109240
v -0.639076 0.347334 2.109240
v -0.639076 0.243750 2.095659
v -0.639076 0.380249 2.095659
v -0.639076 0.215514 2.073900
v -0.639076 0.408487 2.073900
v -0.639076 0.195000 2.047228
v -0.639076 0.430248 2.045671
v -0.639076 0.443819 2.012751
v -0.639076 0.448578 1.977419
v -0.639076 0.443819 1.942087
v -0.639076 0.430248 1.909166
v -0.639076 0.195000 1.907610
v -0.639076 0.215514 1.880854
v -0.639076 0.408487 1.880854
v -0.639076 0.243750 1.859171
v -0.639076 0.380249 1.859171
v -0.639076 0.276667 1.845514
v -0.639076 0.347334 1.845514
v -0.639076 0.312000 1.840837
v -0.639076 0.000000 1.587412
v -0.639076 0.195000 1.587412
v -0.639076 0.000000 1.366907
v -0.639076 2.145004 1.366907
v -0.639076 1.072422 0.728159
v -0.639076 0.000000 0.196909
v -0.639076 1.821297 0.105646
v -0.639076 1.820831 0.105570
v -0.639076 2.144844 0.089426
v -0.639076 2.145004 0.089426
v -0.639076 0.000000 -2.930517
v -0.638557 3.662033 -0.961065
v -0.638557 3.662033 -1.772589
v -0.634254 2.145004 1.276667
v -0.629494 0.000000 2.463900
v -0.629494 2.145004 2.463900
v -0.612495 1.365005 -2.878393
v -0.606972 3.521317 -0.602194
v -0.606972 3.521317 -2.131536
v -0.600868 0.000000 2.582926
v -0.600868 2.145004 2.582926
v -0.599098 2.145004 1.348978
v -0.597298 2.145004 0.115015
v -0.585884 2.730011 0.092615
v -0.585884 2.730011 -2.826269
v -0.575661 2.145004 1.405512
v -0.574348 3.353531 -0.359304
v -0.574348 3.353531 -2.374365
v -0.565285 3.662033 -0.841574
v -0.565285 3.662033 -1.892157
v -0.553993 0.000000 2.695948
v -0.553993 2.145004 2.695948
v -0.550545 2.730011 0.023127
v -0.550545 2.730011 -2.756872
v -0.528969 3.772537 -1.366919
v -0.520515 3.772537 -1.259405
v -0.520515 3.772537 -1.474218
v -0.517647 2.953079 -0.041449
v -0.517647 2.953079 -2.692205
v -0.495338 3.772537 -1.154669
v -0.495338 3.772537 -1.579077
v -0.490028 0.000000 2.800318
v -0.490028 2.145004 2.800318
v -0.485268 1.365005 -2.931128
v -0.477943 3.521317 -0.492071
v -0.477943 3.521317 -2.241766
v -0.474281 3.662033 -0.734961
v -0.474281 3.662033 -1.998693
v -0.469673 3.162582 -0.135687
v -0.469673 3.162582 -2.598059
v -0.455086 2.145004 1.455439
v -0.454140 3.772537 -1.055151
v -0.454140 3.772537 -1.678534
v -0.443550 2.145004 2.316172
v -0.443550 2.262001 2.316172
v -0.440346 2.145004 2.407900
v -0.440346 2.262001 2.407900
v -0.432320 2.145004 2.225069
v -0.432320 2.262001 2.225069
v -0.423103 2.145004 1.507624
v -0.422890 2.145004 2.498072
v -0.422890 2.262001 2.498072
v -0.410622 0.000000 2.893450
v -0.410622 2.145004 2.893450
v -0.407753 3.353531 -0.257132
v -0.407753 3.353531 -2.476477
v -0.406960 2.145004 2.136850
v -0.406960 2.262001 2.136850
v -0.397835 3.772537 -0.963171
v -0.397835 3.772537 -1.770483
v -0.391457 2.145004 2.584330
v -0.391457 2.262001 2.584330
v -0.384651 0.000000 -3.035955
v -0.368202 2.145004 2.053621
v -0.368202 2.262001 2.053621
v -0.367592 3.662033 -0.643850
v -0.367592 3.662033 -2.089911
v -0.366554 1.365005 -2.980352
v -0.356178 2.145004 0.214853
v -0.348457 2.730011 0.191050
v -0.348457 2.730011 -2.924719
v -0.347054 2.145004 2.664598
v -0.347054 2.262001 2.664598
v -0.333260 3.521317 -0.403387
v -0.333260 3.521317 -2.330359
v -0.327888 3.772537 -0.881353
v -0.327888 3.772537 -1.852392
v -0.324440 2.730011 0.116816
v -0.324440 2.730011 -2.850470
v -0.317513 0.000000 2.972853
v -0.317513 2.145004 2.972853
v -0.316811 2.145004 1.977571
v -0.316811 2.262001 1.977571
v -0.307594 3.850082 -1.366919
v -0.302071 2.953079 0.047846
v -0.302071 2.953079 -2.781530
v -0.301826 3.850082 -1.294134
v -0.301826 3.850082 -1.439672
v -0.290504 2.145004 2.736979
v -0.290504 2.262001 2.736979
v -0.284828 3.850082 -1.223059
v -0.284828 3.850082 -1.510565
v -0.269356 3.162582 -0.052618
v -0.269356 3.162582 -2.680975
v -0.256813 3.850082 -1.155676
v -0.256813 3.850082 -1.577978
v -0.254158 2.145004 1.910494
v -0.254158 2.262001 1.910494
v -0.247993 3.662033 -0.570532
v -0.247993 3.662033 -2.163122
v -0.245888 3.772537 -0.811316
v -0.245888 3.772537 -1.922430
v -0.232643 1.365005 -3.012487
v -0.227180 3.353531 -0.182394
v -0.227180 3.353531 -2.551245
v -0.223427 2.145004 2.799616
v -0.223427 2.262001 2.799616
v -0.218727 3.850082 -1.093451
v -0.218727 3.850082 -1.640295
v -0.213112 0.000000 3.036814
v -0.213112 2.145004 3.036814
v -0.181862 2.145004 1.853945
v -0.181862 2.262001 1.853945
v -0.176460 3.521317 -0.338324
v -0.176460 3.521317 -2.395330
v -0.171333 3.850082 -1.037909
v -0.171333 3.850082 -1.695776
v -0.154091 3.772537 -0.755087
v -0.154091 3.772537 -1.978765
v -0.147316 2.145004 2.850939
v -0.147316 2.262001 2.850939
v -0.118446 3.662033 -0.516943
v -0.118446 3.662033 -2.216711
v -0.116859 0.000000 -3.100225
v -0.115791 3.850082 -0.990484
v -0.115791 3.850082 -1.743200
v -0.107674 1.365005 -3.042425
v -0.102455 2.145004 0.275766
v -0.101509 2.145004 1.809481
v -0.101509 2.262001 1.809481
v -0.100105 0.000000 3.083689
v -0.100105 2.145004 3.083689
v -0.098549 2.730011 0.250956
v -0.098549 2.730011 -2.984625
v -0.086403 2.730011 0.173975
v -0.086403 2.730011 -2.907629
v -0.076790 3.892899 -1.366919
v -0.074989 2.953079 0.102381
v -0.074989 2.953079 -2.836035
v -0.073982 3.892899 -1.330114
v -0.073982 3.892899 -1.403570
v -0.065346 3.892899 -1.294378
v -0.065346 3.892899 -1.439367
v -0.064095 2.145004 2.889780
v -0.064095 2.262001 2.889780
v -0.058540 3.162582 -0.001989
v -0.058540 3.162582 -2.731695
v -0.054482 3.772537 -0.713827
v -0.054482 3.772537 -2.019842
v -0.053993 2.262001 2.341913
v -0.053993 2.339996 2.341913
v -0.053993 2.730011 2.341913
v -0.053993 2.847000 2.341913
v -0.053993 0.000000 1.588984
v -0.053993 2.145004 1.588984
v -0.053993 0.000000 1.230402
v -0.053993 0.795601 1.230402
v -0.053993 0.000000 0.585810
v -0.053993 0.795601 0.585810
v -0.053993 0.000000 0.371561
v -0.053993 2.145004 0.279596
v -0.053566 3.850082 -0.952246
v -0.053566 3.850082 -1.781408
v -0.051674 2.262001 2.372332
v -0.051674 2.339996 2.372332
v -0.051674 2.730011 2.372332
v -0.051674 2.847000 2.372332
v -0.051674 2.262001 2.311335
v -0.051674 2.339996 2.311335
v -0.051674 2.730011 2.311335
v -0.051674 2.847000 2.311335
v -0.051277 3.892899 -1.260443
v -0.051277 3.892899 -1.473364
v -0.044563 2.262001 2.402132
v -0.044563 2.339996 2.402132
v -0.044563 2.730011 2.402132
v -0.044563 2.847000 2.402132
v -0.044563 2.262001 2.281618
v -0.044563 2.339996 2.281618
v -0.044563 2.730011 2.281618
v -0.044563 2.847000 2.281618
v -0.037178 3.353531 -0.136770
v -0.037178 3.353531 -2.596838
v -0.032784 2.262001 2.430361
v -0.032784 2.339996 2.430361
v -0.032784 2.730011 2.430361
v -0.032784 2.847000 2.430361
v -0.032784 2.262001 2.253382
v -0.032784 2.339996 2.253382
v -0.032784 2.730011 2.253382
v -0.032784 2.847000 2.253382
v -0.032021 3.892899 -1.229010
v -0.032021 3.892899 -1.504675
v -0.016884 2.262001 2.456491
v -0.016884 2.339996 2.456491
v -0.016884 2.730011 2.456491
v -0.016884 2.847000 2.456491
v -0.016884 2.262001 2.227327
v -0.016884 2.339996 2.227327
v -0.016884 2.730011 2.227327
v -0.016884 2.847000 2.227327
v -0.015266 2.145004 1.778124
v -0.015266 2.262001 1.778124
v -0.015083 2.339996 2.341913
v -0.015083 2.652008 2.341913
v -0.013161 2.339996 2.366251
v -0.013161 2.652008 2.366251
v -0.013161 2.339996 2.317499
v -0.013161 2.652008 2.317499
v -0.011513 3.521317 -0.298773
v -0.011513 3.521317 -2.434973
v -0.008156 3.892899 -1.201025
v -0.008156 3.892899 -1.532751
v -0.007362 2.339996 2.390039
v -0.007362 2.652008 2.390039
v -0.007362 2.339996 2.293627
v -0.007362 2.652008 2.293627
v 0.002007 2.339996 2.412653
v 0.002007 2.652008 2.412653
v 0.002007 2.339996 2.271090
v 0.002007 2.652008 2.271090
v 0.002983 2.262001 2.479815
v 0.002983 2.339996 2.479815
v 0.002983 2.730011 2.479815
v 0.002983 2.847000 2.479815
v 0.002983 2.262001 2.204012
v 0.002983 2.339996 2.204012
v 0.002983 2.730011 2.204012
v 0.002983 2.847000 2.204012
v 0.013939 3.850082 -0.924414
v 0.013939 3.850082 -1.809332
v 0.014702 2.339996 2.433565
v 0.014702 2.652008 2.433565
v 0.014702 2.339996 2.250177
v 0.014702 2.652008 2.250177
v 0.017906 3.662033 -0.484182
v 0.017906 3.662033 -2.249487
v 0.018913 0.000000 3.112314
v 0.018913 2.145004 3.112314
v 0.018913 0.000000 1.571497
v 0.018913 2.145004 1.571497
v 0.019768 3.892899 -1.177130
v 0.019768 3.892899 -1.556524
v 0.024071 2.145004 2.915056
v 0.024071 2.262001 2.915056
v 0.026329 2.262001 2.499628
v 0.026329 2.339996 2.499628
v 0.026329 2.730011 2.499628
v 0.026329 2.847000 2.499628
v 0.026329 2.262001 2.184122
v 0.026329 2.339996 2.184122
v 0.026329 2.730011 2.184122
v 0.026329 2.847000 2.184122
v 0.029503 1.365005 -3.053289
v 0.030632 2.339996 2.452204
v 0.030632 2.652008 2.452204
v 0.030632 2.339996 2.231615
v 0.030632 2.652008 2.231615
v 0.049248 2.339996 2.468119
v 0.049248 2.652008 2.468119
v 0.049248 2.339996 2.215708
v 0.049248 2.652008 2.215708
v 0.050194 3.772537 -0.688620
v 0.050194 3.772537 -2.045050
v 0.051201 3.892899 -1.157873
v 0.051201 3.892899 -1.575811
v 0.051842 1.365005 0.321314
v 0.052452 2.262001 2.515619
v 0.052452 2.339996 2.515619
v 0.052452 2.730011 2.515619
v 0.052452 2.847000 2.515619
v 0.052452 2.262001 2.168123
v 0.052452 2.339996 2.168123
v 0.052452 2.730011 2.168123
v 0.052452 2.847000 2.168123
v 0.070152 2.339996 2.480829
v 0.070152 2.652008 2.480829
v 0.070152 2.339996 2.202913
v 0.070152 2.652008 2.202913
v 0.074821 2.145004 1.760660
v 0.074821 2.262001 1.760660
v 0.080681 2.262001 2.527399
v 0.080681 2.339996 2.527399
v 0.080681 2.730011 2.527399
v 0.080681 2.847000 2.527399
v 0.080681 2.262001 2.156427
v 0.080681 2.339996 2.156427
v 0.080681 2.730011 2.156427
v 0.080681 2.847000 2.156427
v 0.084892 3.850082 -0.907415
v 0.084892 3.850082 -1.826391
v 0.085197 3.892899 -1.143774
v 0.085197 3.892899 -1.589911
v 0.092766 2.339996 2.490183
v 0.092766 2.652008 2.490183
v 0.092766 2.339996 2.193476
v 0.092766 2.652008 2.193476
v 0.110497 2.262001 2.534494
v 0.110497 2.339996 2.534494
v 0.110497 2.730011 2.534494
v 0.110497 2.847000 2.534494
v 0.110497 2.262001 2.149248
v 0.110497 2.339996 2.149248
v 0.110497 2.730011 2.149248
v 0.110497 2.847000 2.149248
v 0.115257 2.145004 2.926363
v 0.115257 2.262001 2.926363
v 0.116508 2.339996 2.495958
v 0.116508 2.652008 2.495958
v 0.116508 2.339996 2.187784
v 0.116508 2.652008 2.187784
v 0.121025 3.892899 -1.135168
v 0.121025 3.892899 -1.598486
v 0.140923 0.000000 3.121832
v 0.140923 2.145004 3.121832
v 0.140923 2.262001 2.536829
v 0.140923 2.339996 2.536829
v 0.140923 2.730011 2.536829
v 0.140923 2.847000 2.536829
v 0.140923 2.339996 2.497911
v 0.140923 2.652008 2.497911
v 0.140923 2.339996 2.185831
v 0.140923 2.652008 2.185831
v 0.140923 2.262001 2.146906
v 0.140923 2.339996 2.146906
v 0.140923 2.730011 2.146906
v 0.140923 2.847000 2.146906
v 0.140923 0.000000 1.561838
v 0.140923 2.145004 1.561838
v 0.157677 0.000000 0.388163
v 0.157677 1.365005 0.329660
v 0.157677 2.730011 0.271158
v 0.157677 2.730011 0.193155
v 0.157677 2.953079 0.120630
v 0.157677 3.162582 0.014948
v 0.157677 3.353531 -0.121496
v 0.157677 3.521317 -0.285528
v 0.157677 3.662033 -0.473196
v 0.157677 3.772537 -0.680197
v 0.157677 3.850082 -0.901648
v 0.157677 3.892899 -1.132299
v 0.157677 3.899933 -1.366919
v 0.157677 3.892899 -1.601385
v 0.157677 3.850082 -1.832037
v 0.157677 3.772537 -2.053473
v 0.157677 3.662033 -2.260473
v 0.157677 3.521317 -2.448217
v 0.157677 3.353531 -2.612188
v 0.157677 3.162582 -2.748663
v 0.157677 2.953079 -2.854467
v 0.157677 2.730011 -2.926855
v 0.157677 2.730011 -3.004827
v 0.157677 1.365005 -3.063330
v 0.157677 0.000000 -3.121832
v 0.165306 2.339996 2.495958
v 0.165306 2.652008 2.495958
v 0.165306 2.339996 2.187784
v 0.165306 2.652008 2.187784
v 0.166649 2.145004 1.757456
v 0.166649 2.262001 1.757456
v 0.171471 2.262001 2.534494
v 0.171471 2.339996 2.534494
v 0.171471 2.730011 2.534494
v 0.171471 2.847000 2.534494
v 0.171471 2.262001 2.149248
v 0.171471 2.339996 2.149248
v 0.171471 2.730011 2.149248
v 0.171471 2.847000 2.149248
v 0.189171 2.339996 2.490183
v 0.189171 2.652008 2.490183
v 0.189171 2.339996 2.193476
v 0.189171 2.652008 2.193476
v 0.194328 3.892899 -1.135168
v 0.194328 3.892899 -1.598486
v 0.201134 2.262001 2.527399
v 0.201134 2.339996 2.527399
v 0.201134 2.730011 2.527399
v 0.201134 2.847000 2.527399
v 0.201134 2.262001 2.156427
v 0.201134 2.339996 2.156427
v 0.201134 2.730011 2.156427
v 0.201134 2.847000 2.156427
v 0.206963 2.145004 2.923090
v 0.206963 2.262001 2.923090
v 0.211754 2.339996 2.480829
v 0.211754 2.652008 2.480829
v 0.211754 2.339996 2.202913
v 0.211754 2.652008 2.202913
v 0.229424 2.262001 2.515619
v 0.229424 2.339996 2.515619
v 0.229424 2.730011 2.515619
v 0.229424 2.847000 2.515619
v 0.229424 2.262001 2.168123
v 0.229424 2.339996 2.168123
v 0.229424 2.730011 2.168123
v 0.229424 2.847000 2.168123
v 0.230156 3.892899 -1.143774
v 0.230156 3.892899 -1.589911
v 0.230461 3.850082 -0.907415
v 0.230461 3.850082 -1.826391
v 0.232658 2.339996 2.468119
v 0.232658 2.652008 2.468119
v 0.232658 2.339996 2.215708
v 0.232658 2.652008 2.215708
v 0.238487 0.795601 1.230402
v 0.238487 0.795601 0.585810
v 0.251183 2.339996 2.452204
v 0.251183 2.652008 2.452204
v 0.251183 2.339996 2.231615
v 0.251183 2.652008 2.231615
v 0.255486 2.262001 2.499628
v 0.255486 2.339996 2.499628
v 0.255486 2.730011 2.499628
v 0.255486 2.847000 2.499628
v 0.255486 2.262001 2.184122
v 0.255486 2.339996 2.184122
v 0.255486 2.730011 2.184122
v 0.255486 2.847000 2.184122
v 0.257744 2.145004 1.768686
v 0.257744 2.262001 1.768686
v 0.262901 0.000000 3.112314
v 0.262901 2.145004 3.112314
v 0.262901 0.000000 1.571497
v 0.262901 2.145004 1.571497
v 0.264153 3.892899 -1.157873
v 0.264153 3.892899 -1.575811
v 0.265068 3.772537 -0.688620
v 0.265068 3.772537 -2.045050
v 0.267113 2.339996 2.433565
v 0.267113 2.652008 2.433565
v 0.267113 2.339996 2.250177
v 0.267113 2.652008 2.250177
v 0.278831 2.262001 2.479815
v 0.278831 2.339996 2.479815
v 0.278831 2.730011 2.479815
v 0.278831 2.847000 2.479815
v 0.278831 2.262001 2.204012
v 0.278831 2.339996 2.204012
v 0.278831 2.730011 2.204012
v 0.278831 2.847000 2.204012
v 0.279900 2.339996 2.412653
v 0.279900 2.652008 2.412653
v 0.279900 2.339996 2.271090
v 0.279900 2.652008 2.271090
v 0.285759 1.365005 0.319605
v 0.289360 2.339996 2.390039
v 0.289360 2.652008 2.390039
v 0.289360 2.339996 2.293627
v 0.289360 2.652008 2.293627
v 0.294975 2.339996 2.366251
v 0.294975 2.652008 2.366251
v 0.294975 2.339996 2.317499
v 0.294975 2.652008 2.317499
v 0.294975 1.365005 -3.052496
v 0.295525 3.892899 -1.177130
v 0.295525 3.892899 -1.556524
v 0.296928 2.339996 2.341913
v 0.296928 2.652008 2.341913
v 0.297050 2.145004 2.905695
v 0.297050 2.262001 2.905695
v 0.297447 3.662033 -0.484182
v 0.297447 3.662033 -2.249487
v 0.298698 2.262001 2.456491
v 0.298698 2.339996 2.456491
v 0.298698 2.730011 2.456491
v 0.298698 2.847000 2.456491
v 0.298698 2.262001 2.227327
v 0.298698 2.339996 2.227327
v 0.298698 2.730011 2.227327
v 0.298698 2.847000 2.227327
v 0.301506 3.850082 -0.924414
v 0.301506 3.850082 -1.809332
v 0.314690 2.262001 2.430361
v 0.314690 2.339996 2.430361
v 0.314690 2.730011 2.430361
v 0.314690 2.847000 2.430361
v 0.314690 2.262001 2.253382
v 0.314690 2.339996 2.253382
v 0.314690 2.730011 2.253382
v 0.314690 2.847000 2.253382
v 0.323509 3.892899 -1.201025
v 0.323509 3.892899 -1.532751
v 0.326408 2.262001 2.402132
v 0.326408 2.339996 2.402132
v 0.326408 2.730011 2.402132
v 0.326408 2.847000 2.402132
v 0.326408 2.262001 2.281618
v 0.326408 2.339996 2.281618
v 0.326408 2.730011 2.281618
v 0.326408 2.847000 2.281618
v 0.326866 3.521317 -0.298773
v 0.326866 3.521317 -2.434973
v 0.333549 2.262001 2.372332
v 0.333549 2.339996 2.372332
v 0.333549 2.730011 2.372332
v 0.333549 2.847000 2.372332
v 0.333549 2.262001 2.311335
v 0.333549 2.339996 2.311335
v 0.333549 2.730011 2.311335
v 0.333549 2.847000 2.311335
v 0.335930 2.262001 2.341913
v 0.335930 2.339996 2.341913
v 0.335930 2.730011 2.341913
v 0.335930 2.847000 2.341913
v 0.345970 2.145004 1.793962
v 0.345970 2.262001 1.793962
v 0.347466 3.892899 -1.229010
v 0.347466 3.892899 -1.504675
v 0.352531 3.353531 -0.136770
v 0.352531 3.353531 -2.596838
v 0.366631 3.892899 -1.260443
v 0.366631 3.892899 -1.473364
v 0.368919 3.850082 -0.952246
v 0.368919 3.850082 -1.781408
v 0.369835 3.772537 -0.713827
v 0.369835 3.772537 -2.019842
v 0.373894 3.162582 -0.001989
v 0.373894 3.162582 -2.731695
v 0.380760 3.892899 -1.294378
v 0.380760 3.892899 -1.439367
v 0.382011 0.000000 3.083689
v 0.382011 2.145004 3.083689
v 0.382011 0.000000 1.600061
v 0.382011 2.145004 1.600061
v 0.383324 2.145004 2.874262
v 0.383324 2.262001 2.874262
v 0.389244 3.892899 -1.330114
v 0.389244 3.892899 -1.403570
v 0.390343 2.953079 0.102381
v 0.390343 2.953079 -2.836035
v 0.392235 3.892899 -1.366919
v 0.401726 2.730011 0.173975
v 0.401726 2.730011 -2.907629
v 0.413902 2.730011 0.250956
v 0.413902 2.730011 -2.984625
v 0.423119 1.365005 0.308756
v 0.423119 1.365005 -3.042425
v 0.429131 2.145004 1.832804
v 0.429131 2.262001 1.832804
v 0.431145 3.850082 -0.990484
v 0.431145 3.850082 -1.743200
v 0.432243 0.000000 0.366556
v 0.432243 0.000000 -3.100225
v 0.433800 3.662033 -0.516943
v 0.433800 3.662033 -2.216711
v 0.463676 2.145004 2.829721
v 0.463676 2.262001 2.829721
v 0.469444 3.772537 -0.755087
v 0.469444 3.772537 -1.978765
v 0.486687 3.850082 -1.037909
v 0.486687 3.850082 -1.695776
v 0.491814 3.521317 -0.338324
v 0.491814 3.521317 -2.395330
v 0.495110 0.000000 3.036814
v 0.495110 2.145004 3.036814
v 0.495110 0.000000 1.646852
v 0.495110 2.145004 1.646852
v 0.505241 2.145004 1.884127
v 0.505241 2.262001 1.884127
v 0.530907 0.000000 1.230402
v 0.530907 0.000000 0.585810
v 0.534050 3.850082 -1.093451
v 0.534050 3.850082 -1.640295
v 0.536064 2.145004 2.773249
v 0.536064 2.262001 2.773249
v 0.542534 3.353531 -0.182394
v 0.542534 3.353531 -2.551245
v 0.556969 1.365005 -3.010290
v 0.561272 3.772537 -0.811316
v 0.561272 3.772537 -1.922430
v 0.563438 3.662033 -0.570532
v 0.563438 3.662033 -2.163122
v 0.572166 3.850082 -1.155676
v 0.572166 3.850082 -1.577978
v 0.572319 2.145004 1.946764
v 0.572319 2.262001 1.946764
v 0.584740 3.162582 -0.052618
v 0.584740 3.162582 -2.680975
v 0.598686 2.145004 2.706171
v 0.598686 2.262001 2.706171
v 0.599327 0.000000 2.972853
v 0.599327 2.145004 2.972853
v 0.599327 0.000000 1.710810
v 0.599327 2.145004 1.710810
v 0.600090 3.850082 -1.223059
v 0.600090 3.850082 -1.510565
v 0.617180 3.850082 -1.294134
v 0.617180 3.850082 -1.439672
v 0.617332 2.953079 0.047846
v 0.617332 2.953079 -2.781530
v 0.622887 3.850082 -1.366919
v 0.628777 2.145004 2.019152
v 0.628777 2.262001 2.019152
v 0.639702 2.730011 0.116816
v 0.639702 2.730011 -2.850470
v 0.643211 3.772537 -0.881353
v 0.643211 3.772537 -1.852392
v 0.648674 3.521317 -0.403387
v 0.648674 3.521317 -2.330359
v 0.650017 2.145004 2.630121
v 0.650017 2.262001 2.630121
v 0.663902 2.730011 0.191050
v 0.663902 2.730011 -2.924719
v 0.665764 1.567802 0.241602
v 0.673332 2.145004 2.099489
v 0.673332 2.262001 2.099489
v 0.677391 1.705627 0.232782
v 0.679192 1.729568 0.230997
v 0.681938 1.365005 -2.980352
v 0.682915 3.662033 -0.643850
v 0.682915 3.662033 -2.089911
v 0.687218 0.961269 0.263056
v 0.688774 2.145004 2.546900
v 0.688774 2.262001 2.546900
v 0.692528 0.000000 2.893450
v 0.692528 2.145004 2.893450
v 0.692528 0.000000 1.790293
v 0.692528 2.145004 1.790293
v 0.700035 0.000000 0.302286
v 0.700035 0.000000 -3.035955
v 0.704674 2.145004 2.185755
v 0.704674 2.262001 2.185755
v 0.713188 3.772537 -0.963171
v 0.713188 3.772537 -1.770483
v 0.714134 2.145004 2.458597
v 0.714134 2.262001 2.458597
v 0.718742 0.000000 0.294565
v 0.722160 2.145004 2.275843
v 0.722160 2.262001 2.275843
v 0.723015 3.353531 -0.257132
v 0.723015 3.353531 -2.476477
v 0.724449 1.884247 0.205027
v 0.725365 2.145004 2.367571
v 0.725365 2.262001 2.367571
v 0.769524 3.772537 -1.055151
v 0.769524 3.772537 -1.678534
v 0.772026 0.000000 2.800318
v 0.772026 2.145004 2.800318
v 0.772026 0.000000 1.883348
v 0.772026 2.145004 1.883348
v 0.785027 3.162582 -0.135687
v 0.785027 3.162582 -2.598059
v 0.789635 3.662033 -0.734961
v 0.789635 3.662033 -1.998693
v 0.793205 3.521317 -0.492071
v 0.793205 3.521317 -2.241766
v 0.801079 2.025108 0.166727
v 0.809135 1.365005 -2.927618
v 0.810753 3.772537 -1.154669
v 0.810753 3.772537 -1.579077
v 0.833000 2.953079 -0.041449
v 0.833000 2.953079 -2.692205
v 0.835808 3.772537 -1.259405
v 0.835808 3.772537 -1.474218
v 0.835960 0.000000 2.695948
v 0.835960 2.145004 2.695948
v 0.835960 0.000000 1.987711
v 0.835960 2.145004 1.987711
v 0.844383 3.772537 -1.366919
v 0.848442 0.000000 0.424280
v 0.848442 1.567802 0.424280
v 0.848442 0.078000 0.313990
v 0.848442 1.567802 0.313990
v 0.859306 1.713348 0.303156
v 0.860558 1.729568 0.412271
v 0.865929 2.730011 0.023127
v 0.865929 2.730011 -2.756872
v 0.880669 3.662033 -0.841574
v 0.880669 3.662033 -1.892157
v 0.882774 0.000000 2.582926
v 0.882774 2.145004 2.582926
v 0.882774 0.000000 2.100809
v 0.882774 2.145004 2.100809
v 0.889610 3.353531 -0.359304
v 0.889610 3.353531 -2.374365
v 0.891289 1.852501 0.271158
v 0.896111 1.884247 0.376703
v 0.901329 2.730011 0.092615
v 0.901329 2.730011 -2.826269
v 0.903679 0.078000 0.369135
v 0.903679 1.567802 0.369135
v 0.903679 0.195000 0.203699
v 0.903679 0.351000 0.203699
v 0.903679 0.507078 0.203699
v 0.903679 0.663002 0.203699
v 0.903679 0.819000 0.203699
v 0.903679 0.974922 0.203699
v 0.903679 1.131001 0.203699
v 0.903679 1.567802 0.203699
v 0.905937 2.145935 0.117655
v 0.911308 0.000000 2.463900
v 0.911308 2.145004 2.463900
v 0.911308 0.000000 2.219843
v 0.911308 2.145004 2.219843
v 0.912621 1.689011 0.194651
v 0.912621 2.150925 0.114710
v 0.914421 1.713348 0.358301
v 0.920982 0.000000 2.341913
v 0.920982 2.145004 2.341913
v 0.922295 3.521317 -0.602194
v 0.922295 3.521317 -2.131536
v 0.927849 1.365005 -2.878393
v 0.931206 0.195000 0.231226
v 0.931206 0.389999 0.231226
v 0.931206 0.507078 0.231226
v 0.931206 0.702000 0.231226
v 0.931206 0.819000 0.231226
v 0.931206 1.014000 0.231226
v 0.931206 1.131001 0.231226
v 0.931206 1.567802 0.231226
v 0.939232 1.804916 0.168055
v 0.940178 1.689011 0.222254
v 0.942986 1.979248 0.219446
v 0.946404 1.852501 0.326303
v 0.953514 2.025108 0.319223
v 0.953911 3.662033 -0.961065
v 0.953911 3.662033 -1.772589
v 0.954369 0.000000 -2.930517
v 0.966850 1.804916 0.195658
v 0.969902 3.162582 -0.248938
v 0.969902 3.162582 -2.484747
v 0.982353 1.910530 0.124994
v 0.998192 1.979248 0.274591
v 1.007652 3.662033 -1.090643
v 1.007652 3.662033 -1.643011
v 1.009911 1.910530 0.152521
v 1.012321 2.088058 0.150263
v 1.019188 2.241646 0.044809
v 1.030479 2.145935 0.242228
v 1.032066 2.953079 -0.163458
v 1.032066 2.953079 -2.570227
v 1.032524 3.521317 -0.731222
v 1.032524 3.521317 -2.002447
v 1.038231 3.353531 -0.486212
v 1.038231 3.353531 -2.247473
v 1.040092 2.001091 0.067194
v 1.040337 3.662033 -1.227057
v 1.040337 3.662033 -1.506689
v 1.045311 1.365005 -2.806494
v 1.051384 3.662033 -1.366919
v 1.067467 2.088058 0.205423
v 1.067619 2.001091 0.094812
v 1.074638 2.730011 -0.104727
v 1.074638 2.730011 -2.628942
v 1.096001 2.174095 0.066492
v 1.109734 2.072693 -0.002447
v 1.120506 2.730011 -0.041616
v 1.120506 2.730011 -2.692053
v 1.121117 3.521317 -0.875891
v 1.121117 3.521317 -1.857763
v 1.123558 2.241646 0.149164
v 1.131371 2.299438 -0.026785
v 1.134789 3.162582 -0.389807
v 1.134789 3.162582 -2.344030
v 1.137352 2.072693 0.025080
v 1.145317 2.307785 -0.039114
v 1.151176 2.174095 0.121637
v 1.154930 1.365005 -2.739325
v 1.165215 3.353531 -0.634802
v 1.165215 3.353531 -2.098852
v 1.186089 3.521317 -1.032690
v 1.186089 3.521317 -1.701056
v 1.188469 2.122299 -0.081152
v 1.189232 0.000000 -2.786596
v 1.190483 2.233528 -0.028051
v 1.209496 2.953079 -0.314993
v 1.209496 2.953079 -2.418646
v 1.216057 2.122299 -0.053625
v 1.225731 3.521317 -1.197729
v 1.225731 3.521317 -1.535925
v 1.228630 2.307785 0.044184
v 1.239067 3.521317 -1.366919
v 1.245628 2.233528 0.027094
v 1.259575 1.365005 -2.649939
v 1.260735 2.730011 -0.263769
v 1.260735 2.730011 -2.469915
v 1.265648 2.341560 -0.143866
v 1.267326 3.353531 -0.801489
v 1.267326 3.353531 -1.932257
v 1.272850 2.147652 -0.165564
v 1.275566 3.162582 -0.554617
v 1.275566 3.162582 -2.179144
v 1.291801 2.264030 -0.129217
v 1.300377 2.147652 -0.137945
v 1.315910 0.195000 -0.208609
v 1.315910 2.730011 -0.208609
v 1.315910 2.730011 -2.525061
v 1.327690 2.341560 -0.196829
v 1.341087 2.341560 -0.068365
v 1.342033 3.353531 -0.981970
v 1.342033 3.353531 -1.751684
v 1.343529 0.078000 -0.181067
v 1.343529 0.195000 -0.181067
v 1.346947 2.264030 -0.074057
v 1.357323 1.365005 -2.566473
v 1.359032 2.147652 -0.251669
v 1.361137 2.953079 -0.492529
v 1.361137 2.953079 -2.241125
v 1.380638 2.341560 -0.258932
v 1.386559 2.147652 -0.224127
v 1.387718 3.353531 -1.172064
v 1.387718 3.353531 -1.561621
v 1.388908 3.162582 -0.739553
v 1.388908 3.162582 -1.994177
v 1.395226 2.264030 -0.232718
v 1.398643 0.078000 -0.125860
v 1.398643 0.000000 -2.607885
v 1.403038 3.353531 -1.366919
v 1.419731 2.730011 -0.449865
v 1.419731 2.730011 -2.283728
v 1.443291 2.122299 -0.335989
v 1.446709 1.365005 -2.461737
v 1.450371 2.264030 -0.177557
v 1.456230 2.341560 -0.183340
v 1.470818 2.122299 -0.308371
v 1.471916 3.162582 -0.939856
v 1.471916 3.162582 -1.793798
v 1.482841 2.730011 -0.404013
v 1.482841 2.730011 -2.329596
v 1.483147 2.953079 -0.691504
v 1.483147 2.953079 -2.042150
v 1.485313 2.307785 -0.379278
v 1.496483 2.233528 -0.333960
v 1.497734 2.299438 -0.393240
v 1.522057 2.072693 -0.414755
v 1.522453 3.162582 -1.150702
v 1.522453 3.162582 -1.582983
v 1.530144 1.365005 -2.363989
v 1.539513 3.162582 -1.366919
v 1.547661 2.730011 -0.658590
v 1.547661 2.730011 -2.074987
v 1.549675 2.072693 -0.387152
v 1.551598 2.233528 -0.278814
v 1.568718 2.307785 -0.295813
v 1.569389 2.241646 -0.505316
v 1.572441 2.953079 -0.907171
v 1.572441 2.953079 -1.826483
v 1.577507 0.000000 -2.398382
v 1.590996 2.174095 -0.428579
v 1.591789 2.001091 -0.484503
v 1.617119 2.730011 -0.623175
v 1.617119 2.730011 -2.110479
v 1.619316 2.001091 -0.456884
v 1.626884 2.953079 -1.134069
v 1.626884 2.953079 -1.599493
v 1.639275 2.150925 -0.611868
v 1.641380 2.730011 -0.884802
v 1.641380 2.730011 -1.848852
v 1.642235 2.145935 -0.618490
v 1.645195 2.953079 -1.366919
v 1.646172 2.174095 -0.373434
v 1.649406 1.910530 -0.542150
v 1.653404 0.585155 -2.226629
v 1.667442 1.499390 -2.126379
v 1.667442 1.499474 -2.126471
v 1.667442 1.499474 -2.126532
v 1.667442 1.499474 -2.129034
v 1.668297 1.498619 -2.124365
v 1.672508 1.494553 -2.114782
v 1.672508 1.379120 -2.128973
v 1.672600 1.365150 -2.129034
v 1.672752 1.482391 -2.115576
v 1.672813 1.494247 -2.113989
v 1.673759 2.241646 -0.400961
v 1.674706 2.088058 -0.512259
v 1.676964 1.910530 -0.514517
v 1.682793 0.000078 -2.226477
v 1.691216 2.025108 -0.723486
v 1.692558 1.804916 -0.585196
v 1.698418 2.730011 -1.122839
v 1.698418 2.730011 -1.610815
v 1.699059 0.585155 -2.152227
v 1.707603 0.607386 -2.129034
v 1.707787 0.604889 -2.129034
v 1.707939 0.601614 -2.129034
v 1.708702 0.585155 -2.129034
v 1.715508 2.730011 -0.860693
v 1.715508 2.730011 -1.872961
v 1.717674 2.730011 -1.366919
v 1.719261 1.689011 -0.611868
v 1.720116 1.804916 -0.557577
v 1.726006 1.443314 -1.991308
v 1.728203 0.195000 -0.620916
v 1.728203 0.351000 -0.620916
v 1.728203 0.507078 -0.620916
v 1.728203 0.663002 -0.620916
v 1.728203 0.819000 -0.620916
v 1.728203 0.974922 -0.620916
v 1.728203 1.131001 -0.620916
v 1.728203 1.567802 -0.620916
v 1.729546 1.884247 -0.800161
v 1.729851 2.088058 -0.457113
v 1.744041 1.979248 -0.581442
v 1.746788 1.689011 -0.584341
v 1.755424 1.729568 -0.845327
v 1.755821 0.195000 -0.593313
v 1.755821 0.389999 -0.593313
v 1.755821 0.507078 -0.593313
v 1.755821 0.702000 -0.593313
v 1.755821 0.819000 -0.593313
v 1.755821 1.014000 -0.593313
v 1.755821 1.131001 -0.593313
v 1.755821 1.567802 -0.593313
v 1.757225 1.705627 -0.847052
v 1.766136 1.567802 -0.858740
v 1.766685 1.404388 -1.897406
v 1.766808 2.145935 -0.494009
v 1.769707 1.401505 -1.890600
v 1.775475 2.730011 -1.110540
v 1.775475 2.730011 -1.623053
v 1.787560 0.961269 -0.837210
v 1.795677 1.852501 -0.633245
v 1.795677 2.730011 -1.366919
v 1.799034 1.979248 -0.526297
v 1.803246 1.365005 -0.976446
v 1.807671 1.365150 -1.739050
v 1.819084 0.000000 -0.805777
v 1.826714 0.000000 -0.824575
v 1.827660 1.713348 -0.665228
v 1.833275 1.365005 -1.101385
v 1.833275 1.365005 -1.632269
v 1.838493 0.078000 -0.676062
v 1.838493 1.567802 -0.676062
v 1.841850 0.585155 -1.739050
v 1.841850 0.585155 -2.129034
v 1.843437 1.365005 -1.504126
v 1.843803 2.025108 -0.570913
v 1.844139 1.365005 -1.238775
v 1.850883 1.852501 -0.578100
v 1.854179 1.365005 -1.366919
v 1.865318 0.585155 -1.641546
v 1.882866 1.713348 -0.610083
v 1.891075 0.000000 -1.092260
v 1.891075 0.000000 -1.641394
v 1.891563 0.000000 -2.226385
v 1.893669 0.078000 -0.620916
v 1.893669 1.567802 -0.620916
v 1.901207 1.884247 -0.628485
v 1.912682 0.000000 -1.366919
v 1.936790 1.729568 -0.663977
v 1.948784 0.000000 -0.676062
v 1.948784 1.567802 -0.676062
v 2.012596 0.585155 -1.739050
v 2.012596 1.168831 -1.739050
v 2.012596 0.585155 -2.129034
v 2.621910 0.585077 -1.738989
v 2.621910 0.585077 -2.128973
v 3.061150 0.000000 -1.641394
v 3.061150 0.584999 -1.641394
v 3.061150 0.000000 -1.933905
v 3.061150 0.000000 -2.226385
v 3.061150 0.584999 -2.226385
vt 0.247841 0.959641
vt 0.224705 0.857688
vt 0.240893 0.797577
vt 0.176004 0.857688
vt 0.148912 0.959641
vt 0.176004 0.797577
vt 0.224705 0.797577
vt 0.148912 0.797577
vt 0.491983 0.795065
vt 0.491983 0.956091
vt 0.487049 0.795065
vt 0.487049 0.956091
vt 0.355336 0.956091
vt 0.347282 0.956091
vt 0.347282 0.795065
vt 0.355336 0.795065
vt 0.395590 0.795065
vt 0.403645 0.795065
vt 0.395590 0.956091
vt 0.403645 0.956091
vt 0.339238 0.956091
vt 0.331185 0.956091
vt 0.331185 0.795065
vt 0.339238 0.795065
vt 0.427799 0.795065
vt 0.435850 0.795065
vt 0.427799 0.956091
vt 0.435850 0.956091
vt 0.323127 0.956091
vt 0.323127 0.795065
vt 0.315080 0.956091
vt 0.315080 0.795065
vt 0.478998 0.795065
vt 0.478998 0.956091
vt 0.468061 0.956091
vt 0.411697 0.795065
vt 0.411697 0.956091
vt 0.307030 0.956091
vt 0.307030 0.795065
vt 0.298978 0.956091
vt 0.298978 0.795065
vt 0.290930 0.956091
vt 0.290930 0.795065
vt 0.258723 0.956091
vt 0.258723 0.795065
vt 0.266776 0.795065
vt 0.266776 0.956091
vt 0.443908 0.795065
vt 0.443908 0.956091
vt 0.379488 0.795065
vt 0.387540 0.795065
vt 0.379488 0.956091
vt 0.387540 0.956091
vt 0.419749 0.795065
vt 0.419749 0.956091
vt 0.363390 0.795065
vt 0.363390 0.956091
vt 0.451951 0.795065
vt 0.451951 0.956091
vt 0.371441 0.795065
vt 0.371441 0.956091
vt 0.460003 0.795065
vt 0.460003 0.956091
vt 0.282876 0.956091
vt 0.282876 0.795065
vt 0.274827 0.956091
vt 0.274827 0.795065
vt 0.468061 0.795065
vt 0.476110 0.795065
vt 0.476110 0.956091
vt 0.495008 0.002626
vt 0.485314 0.063845
vt 0.484546 0.002634
vt 0.495009 0.145432
vt 0.495009 0.288238
vt 0.480725 0.063845
vt 0.480726 0.288238
vt 0.388035 0.237145
vt 0.380723 0.288238
vt 0.380725 0.243191
vt 0.395008 0.288238
vt 0.395007 0.227654
vt 0.323589 0.103193
vt 0.323593 0.002626
vt 0.324639 0.002626
vt 0.344848 0.237145
vt 0.337874 0.288238
vt 0.337876 0.227654
vt 0.352160 0.243191
vt 0.352156 0.288238
vt 0.366440 0.288238
vt 0.361957 0.247598
vt 0.366440 0.247598
vt 0.353178 0.244065
vt 0.309311 0.002626
vt 0.309312 0.145432
vt 0.309307 0.288238
vt 0.322846 0.166648
vt 0.323589 0.181067
vt 0.323592 0.288238
vt 0.409294 0.103193
vt 0.408249 0.002626
vt 0.409298 0.002626
vt 0.370925 0.247598
vt 0.379703 0.244065
vt 0.152251 0.227026
vt 0.152465 0.227026
vt 0.152251 0.288238
vt 0.123707 0.288238
vt 0.137978 0.227026
vt 0.137982 0.288238
vt 0.123704 0.227026
vt 0.109431 0.288238
vt 0.120561 0.227026
vt 0.109428 0.002626
vt 0.122320 0.002626
vt 0.109431 0.145432
vt 0.437872 0.145432
vt 0.437872 0.002626
vt 0.445258 0.145432
vt 0.452155 0.145432
vt 0.452152 0.288238
vt 0.501905 0.145432
vt 0.509294 0.288238
vt 0.509296 0.002626
vt 0.530472 0.145432
vt 0.523575 0.002626
vt 0.537862 0.002626
vt 0.537861 0.288238
vt 0.523579 0.288238
vt 0.030654 0.145432
vt 0.023762 0.002626
vt 0.038042 0.002626
vt 0.038041 0.288238
vt 0.023764 0.288238
vt 0.573318 0.145432
vt 0.009482 0.002626
vt 0.009485 0.288238
vt 0.566427 0.288238
vt 0.044934 0.145432
vt 0.052321 0.002626
vt 0.052320 0.288238
vt 0.559038 0.145432
vt 0.552141 0.002626
vt 0.552143 0.288238
vt 0.016380 0.145432
vt 0.544756 0.145432
vt 0.516190 0.145432
vt 0.059212 0.145432
vt 0.066603 0.002626
vt 0.066596 0.288238
vt 0.102540 0.145432
vt 0.095154 0.145432
vt 0.095153 0.002626
vt 0.230527 0.145432
vt 0.223636 0.002626
vt 0.237911 0.002626
vt 0.237915 0.288238
vt 0.223631 0.288238
vt 0.216247 0.145432
vt 0.209358 0.002626
vt 0.209360 0.288238
vt 0.187696 0.145432
vt 0.180803 0.002626
vt 0.195082 0.002626
vt 0.195081 0.288238
vt 0.180805 0.288238
vt 0.266470 0.288238
vt 0.252192 0.227035
vt 0.266471 0.227035
vt 0.252192 0.288238
vt 0.201971 0.145432
vt 0.280747 0.288238
vt 0.280749 0.227035
vt 0.173423 0.145432
vt 0.166532 0.002626
vt 0.166533 0.288238
vt 0.289336 0.145432
vt 0.284014 0.002626
vt 0.295029 0.002626
vt 0.295027 0.288238
vt 0.283403 0.227035
vt 0.323711 0.183572
vt 0.326491 0.199754
vt 0.331145 0.214491
vt 0.337477 0.227132
vt 0.301919 0.145432
vt 0.395404 0.227132
vt 0.401742 0.214491
vt 0.409297 0.288238
vt 0.406399 0.199754
vt 0.409174 0.183572
vt 0.409293 0.181067
vt 0.423580 0.002626
vt 0.410041 0.166648
vt 0.416683 0.145432
vt 0.423578 0.145432
vt 0.423578 0.288238
vt 0.430975 0.145432
vt 0.437872 0.288238
vt 0.479407 0.063845
vt 0.479425 0.065566
vt 0.466438 0.149250
vt 0.466437 0.288238
vt 0.466836 0.149552
vt 0.479578 0.158985
vt 0.479533 0.158953
vt 0.479611 0.157713
vt 0.480141 0.159410
vt 0.480258 0.159491
vt 0.480263 0.159500
vt 0.480261 0.145447
vt 0.472330 0.153624
vt 0.095154 0.288238
vt 0.088264 0.145432
vt 0.080877 0.145432
vt 0.080873 0.002626
vt 0.073494 0.145432
vt 0.080880 0.288238
vt 0.159628 0.145432
vt 0.153181 0.002634
vt 0.159628 0.145447
vt 0.153181 0.002659
vt 0.159635 0.147219
vt 0.153187 0.006200
vt 0.159634 0.146688
vt 0.159638 0.149119
vt 0.153188 0.009995
vt 0.159654 0.157941
vt 0.153191 0.027645
vt 0.159656 0.160960
vt 0.153188 0.033676
vt 0.159660 0.163057
vt 0.153189 0.037878
vt 0.153232 0.227026
vt 0.153181 0.003801
vt 0.153187 0.005131
vt 0.480266 0.159500
vt 0.249747 0.190182
vt 0.250854 0.002634
vt 0.252192 0.002626
vt 0.249939 0.193120
vt 0.245520 0.125169
vt 0.452374 0.063845
vt 0.452154 0.002626
vt 0.458046 0.145447
vt 0.457649 0.063845
vt 0.480260 0.146908
vt 0.249941 0.193169
vt 0.249518 0.227018
vt 0.249518 0.227035
vt 0.237914 0.145432
vt 0.223632 0.145432
vt 0.009483 0.145432
vt 0.566423 0.145432
vt 0.209358 0.145432
vt 0.195080 0.145432
vt 0.552144 0.145432
vt 0.180807 0.145432
vt 0.166534 0.145432
vt 0.052321 0.145432
vt 0.038041 0.145432
vt 0.023762 0.145432
vt 0.295028 0.145432
vt 0.509294 0.145432
vt 0.066598 0.145432
vt 0.537862 0.145432
vt 0.523574 0.145432
vt 0.566423 0.002626
vt 0.580708 0.288238
vt 0.580707 0.145432
vt 0.580705 0.002626
vt 0.928402 0.368729
vt 0.934995 0.368729
vt 0.928402 0.499827
vt 0.934995 0.499827
vt 0.941558 0.368729
vt 0.939598 0.499811
vt 0.940540 0.499418
vt 0.941558 0.499297
vt 0.921775 0.368729
vt 0.921775 0.499827
vt 0.888273 0.499827
vt 0.881526 0.499827
vt 0.881526 0.368729
vt 0.888273 0.368729
vt 0.915124 0.368729
vt 0.915124 0.499827
vt 0.895014 0.499827
vt 0.895014 0.368729
vt 0.908441 0.368729
vt 0.908441 0.499827
vt 0.901734 0.499827
vt 0.901734 0.368729
vt 0.874774 0.434281
vt 0.874774 0.368729
vt 0.794949 0.499827
vt 0.794949 0.368729
vt 0.801452 0.368729
vt 0.801452 0.499827
vt 0.861270 0.499827
vt 0.854535 0.499827
vt 0.854535 0.368729
vt 0.861270 0.368729
vt 0.788475 0.499827
vt 0.788475 0.368729
vt 0.807990 0.368729
vt 0.807990 0.499827
vt 0.954599 0.368729
vt 0.961072 0.368729
vt 0.954599 0.499827
vt 0.961072 0.499827
vt 0.782026 0.499827
vt 0.782026 0.368729
vt 0.847815 0.499827
vt 0.847815 0.368729
vt 0.874774 0.499827
vt 0.868016 0.499827
vt 0.868016 0.368729
vt 0.948097 0.368729
vt 0.948097 0.499827
vt 0.775594 0.499827
vt 0.775594 0.368729
vt 0.980364 0.499827
vt 0.980364 0.368729
vt 0.986754 0.499827
vt 0.986754 0.368734
vt 0.834424 0.499827
vt 0.834424 0.368729
vt 0.841107 0.368729
vt 0.841107 0.499827
vt 0.827774 0.499827
vt 0.827774 0.368729
vt 0.814552 0.499827
vt 0.814552 0.368729
vt 0.821146 0.368729
vt 0.821146 0.499827
vt 0.941558 0.434013
vt 0.942573 0.499418
vt 0.943523 0.499811
vt 0.973954 0.499827
vt 0.973954 0.368729
vt 0.769183 0.368729
vt 0.769183 0.499827
vt 0.762793 0.368734
vt 0.762793 0.499827
vt 0.770144 0.368729
vt 0.771108 0.368729
vt 0.964464 0.368729
vt 0.967522 0.499827
vt 0.967522 0.368729
vt 0.970743 0.368729
vt 0.989744 0.467570
vt 0.989744 0.430038
vt 0.989744 0.492842
vt 0.989744 0.499827
vt 0.989739 0.391074
vt 0.989737 0.368734
vt 0.989732 0.391751
vt 0.989732 0.392264
vt 0.989732 0.394100
vt 0.989732 0.402580
vt 0.989737 0.405459
vt 0.989744 0.411673
vt 0.992045 0.368729
vt 0.989737 0.368729
vt 0.759811 0.438602
vt 0.759811 0.474309
vt 0.759803 0.499827
vt 0.759811 0.415570
vt 0.759816 0.368734
vt 0.759821 0.416330
vt 0.759821 0.416031
vt 0.759821 0.417384
vt 0.759821 0.422271
vt 0.759816 0.423928
vt 0.759811 0.432613
vt 0.759105 0.368734
vt 0.758400 0.368729
vt 0.759816 0.368729
vt 0.955996 0.579148
vt 0.903456 0.591705
vt 0.903123 0.587520
vt 0.947443 0.584425
vt 0.945014 0.584266
vt 0.950419 0.585037
vt 0.929404 0.589744
vt 0.929039 0.591705
vt 0.930763 0.587937
vt 0.933035 0.586373
vt 0.936074 0.585175
vt 0.939649 0.584425
vt 0.943525 0.584180
vt 0.951135 0.585175
vt 0.954296 0.586373
vt 0.956691 0.587937
vt 0.895427 0.591705
vt 0.903154 0.587520
vt 0.895200 0.588771
vt 0.903487 0.591705
vt 0.902180 0.583430
vt 0.894516 0.585912
vt 0.955996 0.604272
vt 0.903123 0.595889
vt 0.898369 0.607451
vt 0.893391 0.600205
vt 0.891849 0.602720
vt 0.900566 0.603866
vt 0.902180 0.599992
vt 0.895200 0.594639
vt 0.894516 0.597487
vt 0.903154 0.595901
vt 0.951135 0.598224
vt 0.950419 0.598375
vt 0.954296 0.597026
vt 0.954509 0.596896
vt 0.956691 0.595472
vt 0.947443 0.598984
vt 0.945014 0.599145
vt 0.936074 0.598224
vt 0.933035 0.597026
vt 0.930763 0.595472
vt 0.929404 0.593652
vt 0.939649 0.598984
vt 0.943525 0.599242
vt 0.895640 0.610643
vt 0.889944 0.604959
vt 0.892440 0.613374
vt 0.887717 0.606865
vt 0.876702 0.618488
vt 0.873768 0.610216
vt 0.872505 0.618157
vt 0.876702 0.610450
vt 0.888853 0.615568
vt 0.885203 0.608394
vt 0.870911 0.609529
vt 0.868428 0.617185
vt 0.880888 0.618157
vt 0.879634 0.610216
vt 0.884978 0.617185
vt 0.882484 0.609529
vt 0.864530 0.615568
vt 0.865686 0.606865
vt 0.860955 0.613374
vt 0.868201 0.608394
vt 0.863447 0.604959
vt 0.857753 0.610643
vt 0.850237 0.595901
vt 0.857956 0.591705
vt 0.849906 0.591705
vt 0.858193 0.594639
vt 0.850237 0.587520
vt 0.858193 0.588771
vt 0.851223 0.583430
vt 0.858878 0.585912
vt 0.855035 0.607451
vt 0.860013 0.600205
vt 0.852840 0.603866
vt 0.861533 0.602720
vt 0.858878 0.597487
vt 0.851223 0.599992
vt 0.860013 0.583204
vt 0.855035 0.575969
vt 0.852840 0.579533
vt 0.861533 0.580699
vt 0.865686 0.576557
vt 0.864530 0.567843
vt 0.860955 0.570035
vt 0.868201 0.575016
vt 0.868428 0.566226
vt 0.870911 0.573891
vt 0.857753 0.572756
vt 0.863447 0.578461
vt 0.872505 0.565242
vt 0.873768 0.573206
vt 0.879634 0.573206
vt 0.876702 0.564909
vt 0.876702 0.572969
vt 0.880888 0.565242
vt 0.887717 0.576557
vt 0.888853 0.567843
vt 0.885203 0.575016
vt 0.892440 0.570035
vt 0.889944 0.578461
vt 0.895640 0.572756
vt 0.891849 0.580699
vt 0.898369 0.575969
vt 0.882484 0.573891
vt 0.884978 0.566226
vt 0.872505 0.565242
vt 0.876702 0.564909
vt 0.873768 0.573206
vt 0.895640 0.610643
vt 0.894516 0.597487
vt 0.895200 0.594639
vt 0.858193 0.594639
vt 0.857753 0.610643
vt 0.857956 0.591705
vt 0.892440 0.570035
vt 0.895640 0.572756
vt 0.893391 0.583204
vt 0.864530 0.567843
vt 0.868428 0.566226
vt 0.865686 0.576557
vt 0.884978 0.566226
vt 0.888853 0.567843
vt 0.885203 0.575016
vt 0.889944 0.578461
vt 0.858193 0.593192
vt 0.870911 0.573891
vt 0.863447 0.603780
vt 0.861586 0.602056
vt 0.861650 0.601296
vt 0.863447 0.604241
vt 0.889944 0.601640
vt 0.890212 0.601520
vt 0.889944 0.604959
vt 0.863447 0.604637
vt 0.863481 0.604658
vt 0.863447 0.604959
vt 0.860013 0.599049
vt 0.860097 0.599156
vt 0.860013 0.600205
vt 0.880888 0.565242
vt 0.876702 0.572969
vt 0.891849 0.580699
vt 0.893391 0.600205
vt 0.860955 0.570035
vt 0.861533 0.580699
vt 0.882484 0.573891
vt 0.865686 0.606865
vt 0.863502 0.604306
vt 0.863535 0.603899
vt 0.860955 0.613374
vt 0.858878 0.597487
vt 0.857753 0.572756
vt 0.858193 0.588771
vt 0.879634 0.573206
vt 0.876702 0.608138
vt 0.873822 0.609529
vt 0.873877 0.608813
vt 0.876702 0.609529
vt 0.863447 0.597849
vt 0.861726 0.600333
vt 0.861929 0.597732
vt 0.863447 0.602067
vt 0.895200 0.591629
vt 0.895427 0.591705
vt 0.860013 0.585388
vt 0.859787 0.586094
vt 0.860013 0.590333
vt 0.860013 0.583204
vt 0.903154 0.587520
vt 0.903487 0.591705
vt 0.903154 0.595901
vt 0.876702 0.609981
vt 0.876733 0.609981
vt 0.876702 0.610450
vt 0.885203 0.606094
vt 0.882484 0.609529
vt 0.882708 0.606693
vt 0.885203 0.607858
vt 0.870911 0.598438
vt 0.871778 0.598503
vt 0.870911 0.609529
vt 0.887717 0.606576
vt 0.887741 0.606553
vt 0.887717 0.606865
vt 0.858279 0.593675
vt 0.861533 0.597700
vt 0.860216 0.597592
vt 0.858878 0.585912
vt 0.887825 0.605462
vt 0.888059 0.602421
vt 0.885203 0.603598
vt 0.882869 0.604561
vt 0.882484 0.604733
vt 0.879850 0.607376
vt 0.879980 0.605761
vt 0.882484 0.606745
vt 0.876702 0.607120
vt 0.873919 0.608276
vt 0.861533 0.601148
vt 0.861533 0.601994
vt 0.860013 0.598620
vt 0.860013 0.597583
vt 0.891849 0.602720
vt 0.891849 0.602324
vt 0.891849 0.600846
vt 0.858193 0.590976
vt 0.858193 0.590731
vt 0.893391 0.593889
vt 0.893873 0.594082
vt 0.865686 0.604306
vt 0.865879 0.604486
vt 0.892440 0.613374
vt 0.888853 0.615568
vt 0.902180 0.583430
vt 0.902180 0.599992
vt 0.900566 0.579533
vt 0.900566 0.603866
vt 0.868201 0.608394
vt 0.868201 0.608138
vt 0.898369 0.575969
vt 0.898369 0.607451
vt 0.868214 0.608147
vt 0.894516 0.585912
vt 0.895200 0.588771
vt 0.885203 0.608394
vt 0.884978 0.617185
vt 0.873768 0.610216
vt 0.872505 0.618157
vt 0.879634 0.610216
vt 0.880888 0.618157
vt 0.876702 0.618488
vt 0.864530 0.615568
vt 0.868428 0.617185
vt 0.861533 0.602720
vt 0.887717 0.576557
vt 0.868201 0.575016
vt 0.863447 0.578461
vt 0.850237 0.595901
vt 0.849906 0.591705
vt 0.850237 0.587520
vt 0.855035 0.575969
vt 0.855035 0.607451
vt 0.852840 0.579533
vt 0.852840 0.603866
vt 0.851223 0.583430
vt 0.851223 0.599992
vt 0.891883 0.602283
vt 0.892000 0.600783
vt 0.887717 0.602559
vt 0.885385 0.606050
vt 0.885598 0.603439
vt 0.887717 0.605493
vt 0.879634 0.605910
vt 0.876884 0.608094
vt 0.876970 0.607014
vt 0.879634 0.607430
vt 0.868308 0.606928
vt 0.868201 0.606821
vt 0.860130 0.598739
vt 0.861533 0.600151
vt 0.894516 0.588611
vt 0.894099 0.591277
vt 0.894312 0.588557
vt 0.894516 0.591416
vt 0.863663 0.602283
vt 0.885244 0.607837
vt 0.887717 0.606316
vt 0.887762 0.606295
vt 0.879690 0.609529
vt 0.876777 0.609529
vt 0.879634 0.609529
vt 0.873768 0.609529
vt 0.873768 0.608833
vt 0.873768 0.608339
vt 0.879634 0.609981
vt 0.879646 0.609981
vt 0.892055 0.600109
vt 0.891849 0.600088
vt 0.890339 0.599971
vt 0.889944 0.599937
vt 0.888264 0.599807
vt 0.887717 0.599765
vt 0.885898 0.599615
vt 0.885203 0.599562
vt 0.883276 0.599414
vt 0.882484 0.599349
vt 0.880490 0.599187
vt 0.879634 0.599125
vt 0.877600 0.598963
vt 0.876702 0.598898
vt 0.874668 0.598739
vt 0.873768 0.598664
vt 0.868993 0.598289
vt 0.868201 0.598224
vt 0.866381 0.598086
vt 0.863225 0.581395
vt 0.863192 0.581715
vt 0.893391 0.585732
vt 0.892995 0.588247
vt 0.893190 0.585700
vt 0.893391 0.588343
vt 0.865686 0.598021
vt 0.864006 0.597893
vt 0.863447 0.581866
vt 0.894516 0.596737
vt 0.894601 0.596500
vt 0.858878 0.588869
vt 0.858878 0.587893
vt 0.858654 0.588846
vt 0.879634 0.609755
vt 0.879667 0.609742
vt 0.858578 0.589809
vt 0.894987 0.591566
vt 0.894761 0.594454
vt 0.858193 0.590218
vt 0.892107 0.599422
vt 0.891849 0.599263
vt 0.890459 0.598417
vt 0.889944 0.598096
vt 0.888478 0.597198
vt 0.887717 0.596737
vt 0.886199 0.595805
vt 0.885203 0.595196
vt 0.883682 0.594262
vt 0.882484 0.593524
vt 0.881016 0.592624
vt 0.879634 0.591780
vt 0.878233 0.590924
vt 0.876702 0.589981
vt 0.875428 0.589200
vt 0.873768 0.588193
vt 0.872643 0.587497
vt 0.870911 0.586438
vt 0.869969 0.585860
vt 0.868201 0.584779
vt 0.867464 0.584329
vt 0.863234 0.581246
vt 0.891849 0.583087
vt 0.891477 0.585430
vt 0.891667 0.583066
vt 0.891849 0.585485
vt 0.865686 0.583235
vt 0.865184 0.582926
vt 0.863447 0.581491
vt 0.894516 0.594350
vt 0.892578 0.593545
vt 0.891849 0.593246
vt 0.890899 0.592850
vt 0.889944 0.592465
vt 0.888884 0.592015
vt 0.887717 0.591533
vt 0.886572 0.591062
vt 0.885203 0.590494
vt 0.884025 0.590002
vt 0.882484 0.589370
vt 0.881305 0.588877
vt 0.879634 0.588193
vt 0.878490 0.587713
vt 0.876702 0.586974
vt 0.875632 0.586534
vt 0.873768 0.585763
vt 0.872817 0.585367
vt 0.870911 0.584576
vt 0.870097 0.584243
vt 0.868201 0.583451
vt 0.867548 0.583183
vt 0.863246 0.581106
vt 0.889944 0.580699
vt 0.889602 0.582905
vt 0.889772 0.580699
vt 0.889944 0.582938
vt 0.865686 0.582412
vt 0.865236 0.582230
vt 0.863447 0.581321
vt 0.893391 0.591041
vt 0.892792 0.590848
vt 0.891849 0.590549
vt 0.891100 0.590304
vt 0.889944 0.589929
vt 0.889066 0.589640
vt 0.887717 0.589200
vt 0.886744 0.588890
vt 0.885203 0.588385
vt 0.884174 0.588054
vt 0.882484 0.587497
vt 0.881445 0.587166
vt 0.879634 0.586576
vt 0.878608 0.586245
vt 0.876702 0.585623
vt 0.875728 0.585303
vt 0.873768 0.584670
vt 0.872892 0.584381
vt 0.870911 0.583740
vt 0.870149 0.583493
vt 0.868201 0.582861
vt 0.867592 0.582657
vt 0.863257 0.580967
vt 0.887717 0.578632
vt 0.887385 0.580699
vt 0.887548 0.578645
vt 0.887717 0.580699
vt 0.865686 0.582048
vt 0.865269 0.581908
vt 0.863447 0.581160
vt 0.891849 0.587968
vt 0.891293 0.587839
vt 0.889944 0.587520
vt 0.889248 0.587347
vt 0.887717 0.586974
vt 0.886905 0.586779
vt 0.885203 0.586373
vt 0.884323 0.586170
vt 0.882484 0.585721
vt 0.881573 0.585508
vt 0.879634 0.585037
vt 0.878714 0.584821
vt 0.876702 0.584339
vt 0.875824 0.584126
vt 0.873768 0.583631
vt 0.872966 0.583439
vt 0.870911 0.582947
vt 0.870203 0.582777
vt 0.868201 0.582295
vt 0.867636 0.582157
vt 0.863267 0.580827
vt 0.885203 0.576953
vt 0.884901 0.578859
vt 0.885052 0.576974
vt 0.885203 0.578835
vt 0.865686 0.581696
vt 0.865290 0.581598
vt 0.863447 0.580999
vt 0.889944 0.585185
vt 0.889420 0.585110
vt 0.887717 0.584831
vt 0.887064 0.584735
vt 0.885203 0.584435
vt 0.884474 0.584318
vt 0.882484 0.584008
vt 0.881703 0.583878
vt 0.879634 0.583558
vt 0.878821 0.583430
vt 0.876702 0.583097
vt 0.875910 0.582970
vt 0.873768 0.582626
vt 0.873041 0.582509
vt 0.870911 0.582176
vt 0.870268 0.582069
vt 0.868201 0.581749
vt 0.867678 0.581663
vt 0.863278 0.580699
vt 0.882484 0.575667
vt 0.882203 0.577424
vt 0.882344 0.575700
vt 0.882484 0.577382
vt 0.865686 0.581353
vt 0.865311 0.581288
vt 0.863447 0.580848
vt 0.887717 0.582754
vt 0.887225 0.582722
vt 0.885203 0.582563
vt 0.884612 0.582509
vt 0.882484 0.582348
vt 0.881818 0.582295
vt 0.879634 0.582124
vt 0.878928 0.582069
vt 0.876702 0.581887
vt 0.876007 0.581834
vt 0.873768 0.581663
vt 0.873106 0.581610
vt 0.870911 0.581426
vt 0.870321 0.581384
vt 0.868201 0.581223
vt 0.867709 0.581181
vt 0.863288 0.580559
vt 0.879634 0.574810
vt 0.879378 0.576419
vt 0.879498 0.574854
vt 0.879634 0.576352
vt 0.865686 0.581020
vt 0.865343 0.580999
vt 0.863447 0.580699
vt 0.885203 0.580699
vt 0.884752 0.580699
vt 0.882484 0.580699
vt 0.881948 0.580699
vt 0.879634 0.580699
vt 0.879047 0.580699
vt 0.876702 0.580699
vt 0.876092 0.580699
vt 0.873768 0.580699
vt 0.873181 0.580699
vt 0.870911 0.580699
vt 0.870375 0.580699
vt 0.868201 0.580699
vt 0.867753 0.580699
vt 0.863299 0.580410
vt 0.876702 0.574417
vt 0.876478 0.575841
vt 0.876585 0.574469
vt 0.876702 0.575765
vt 0.865686 0.580699
vt 0.865364 0.580699
vt 0.863447 0.580538
vt 0.882484 0.579051
vt 0.882076 0.579083
vt 0.879634 0.579275
vt 0.879154 0.579309
vt 0.876702 0.579499
vt 0.876187 0.579543
vt 0.873768 0.579736
vt 0.873255 0.579769
vt 0.870911 0.579960
vt 0.870430 0.579991
vt 0.868201 0.580176
vt 0.867785 0.580207
vt 0.863309 0.580270
vt 0.873768 0.574459
vt 0.873575 0.575711
vt 0.873661 0.574513
vt 0.873768 0.575625
vt 0.865686 0.580369
vt 0.865387 0.580389
vt 0.863447 0.580389
vt 0.879634 0.577830
vt 0.879261 0.577895
vt 0.876702 0.578301
vt 0.876273 0.578366
vt 0.873768 0.578762
vt 0.873330 0.578827
vt 0.870911 0.579210
vt 0.870482 0.579275
vt 0.868201 0.579640
vt 0.867828 0.579703
vt 0.863322 0.580111
vt 0.870911 0.574961
vt 0.870739 0.576000
vt 0.870815 0.575016
vt 0.870911 0.575925
vt 0.865686 0.580036
vt 0.865408 0.580077
vt 0.863447 0.580241
vt 0.876702 0.577060
vt 0.876371 0.577135
vt 0.873768 0.577755
vt 0.873403 0.577853
vt 0.870911 0.578452
vt 0.870534 0.578538
vt 0.868201 0.579095
vt 0.867870 0.579179
vt 0.863330 0.579950
vt 0.868201 0.575849
vt 0.868063 0.576697
vt 0.868126 0.575904
vt 0.868201 0.576612
vt 0.865686 0.579694
vt 0.865441 0.579757
vt 0.863447 0.580067
vt 0.873768 0.576716
vt 0.873491 0.576815
vt 0.870911 0.577648
vt 0.870601 0.577744
vt 0.868201 0.578526
vt 0.867912 0.578624
vt 0.863351 0.579769
vt 0.865686 0.577156
vt 0.865590 0.577744
vt 0.865632 0.577198
vt 0.865686 0.577680
vt 0.865686 0.579340
vt 0.865462 0.579414
vt 0.863447 0.579895
vt 0.870911 0.576815
vt 0.870664 0.576909
vt 0.868201 0.577937
vt 0.867956 0.578033
vt 0.863364 0.579577
vt 0.863447 0.578783
vt 0.863405 0.579104
vt 0.863429 0.578806
vt 0.863447 0.579062
vt 0.865686 0.578976
vt 0.865493 0.579062
vt 0.863447 0.579715
vt 0.868201 0.577296
vt 0.868011 0.577390
vt 0.863384 0.579351
vt 0.865686 0.578580
vt 0.865525 0.578666
vt 0.863447 0.579522
vt 0.865686 0.578151
vt 0.865558 0.578236
vt 0.863447 0.579296
vt 0.893391 0.583204
vt 0.900566 0.579533
vt 0.913154 0.520161
vt 0.892430 0.570048
vt 0.888842 0.567853
vt 0.923891 0.526743
vt 0.901506 0.515342
vt 0.884966 0.566247
vt 0.953062 0.566900
vt 0.902159 0.583439
vt 0.889259 0.512400
vt 0.880876 0.565263
vt 0.895630 0.572787
vt 0.933473 0.534934
vt 0.898361 0.575979
vt 0.941663 0.544515
vt 0.948247 0.555252
vt 0.900543 0.579554
vt 0.903456 0.591705
vt 0.902159 0.583439
vt 0.903123 0.587520
vt 0.900543 0.579554
vt 0.898361 0.575979
vt 0.895630 0.572787
vt 0.860964 0.613348
vt 0.857774 0.610630
vt 0.858193 0.594639
vt 0.895200 0.588771
vt 0.895427 0.591705
vt 0.894516 0.585912
vt 0.893391 0.583204
vt 0.880876 0.618136
vt 0.876702 0.618459
vt 0.879634 0.610216
vt 0.892430 0.570048
vt 0.895630 0.610630
vt 0.892430 0.613348
vt 0.893391 0.600205
vt 0.889944 0.578461
vt 0.891849 0.580699
vt 0.888842 0.567853
vt 0.888842 0.615543
vt 0.889944 0.604959
vt 0.885203 0.575016
vt 0.887717 0.576557
vt 0.884966 0.566247
vt 0.884966 0.617160
vt 0.885203 0.608394
vt 0.880876 0.565263
vt 0.882484 0.573891
vt 0.882484 0.609529
vt 0.876702 0.572969
vt 0.879634 0.573206
vt 0.876702 0.564940
vt 0.872505 0.565263
vt 0.873768 0.573206
vt 0.872505 0.618136
vt 0.873768 0.610216
vt 0.868438 0.566247
vt 0.870911 0.573891
vt 0.868438 0.617160
vt 0.870911 0.609529
vt 0.865686 0.576557
vt 0.868201 0.575016
vt 0.864541 0.567853
vt 0.864541 0.615543
vt 0.865686 0.606865
vt 0.861533 0.580699
vt 0.863447 0.578461
vt 0.860964 0.570048
vt 0.861533 0.602720
vt 0.858878 0.585912
vt 0.860013 0.583204
vt 0.858193 0.588771
vt 0.857956 0.591705
vt 0.855045 0.575979
vt 0.857774 0.572787
vt 0.852850 0.579554
vt 0.851244 0.583439
vt 0.850260 0.587520
vt 0.849927 0.591705
vt 0.900543 0.603845
vt 0.902159 0.599971
vt 0.895200 0.594639
vt 0.903123 0.595889
vt 0.898361 0.607443
vt 0.894516 0.597487
vt 0.891849 0.602720
vt 0.887717 0.606865
vt 0.876702 0.610450
vt 0.868201 0.608394
vt 0.863447 0.604959
vt 0.858878 0.597487
vt 0.860013 0.600205
vt 0.855045 0.607443
vt 0.852850 0.603845
vt 0.851244 0.599971
vt 0.850260 0.595889
vt 0.876702 0.511413
vt 0.872505 0.565263
vt 0.864134 0.512400
vt 0.876702 0.564940
vt 0.851887 0.515342
vt 0.864541 0.567853
vt 0.840252 0.520161
vt 0.868438 0.566247
vt 0.860964 0.570048
vt 0.829514 0.526743
vt 0.819931 0.534934
vt 0.855045 0.575979
vt 0.811741 0.544515
vt 0.857774 0.572787
vt 0.852850 0.579554
vt 0.805158 0.555252
vt 0.851244 0.583439
vt 0.800342 0.566900
vt 0.849927 0.591705
vt 0.797397 0.604272
vt 0.796411 0.591705
vt 0.850260 0.595889
vt 0.851244 0.599971
vt 0.805158 0.628155
vt 0.800342 0.616519
vt 0.852850 0.603845
vt 0.811741 0.638894
vt 0.855045 0.607443
vt 0.797397 0.579148
vt 0.850260 0.587520
vt 0.819931 0.648477
vt 0.857774 0.610630
vt 0.829514 0.656662
vt 0.860964 0.613348
vt 0.840252 0.663246
vt 0.852507 0.665508
vt 0.845701 0.665508
vt 0.864541 0.615543
vt 0.852723 0.665508
vt 0.868438 0.617160
vt 0.900683 0.665508
vt 0.884966 0.617160
vt 0.888842 0.615543
vt 0.900897 0.665508
vt 0.907705 0.665508
vt 0.913154 0.663246
vt 0.902159 0.599971
vt 0.948247 0.628155
vt 0.900543 0.603845
vt 0.953062 0.616519
vt 0.898361 0.607443
vt 0.933473 0.648477
vt 0.895630 0.610630
vt 0.941663 0.638894
vt 0.892430 0.613348
vt 0.923891 0.656662
vt 0.876702 0.618459
vt 0.877207 0.665508
vt 0.876702 0.665508
vt 0.880876 0.618136
vt 0.888392 0.665508
vt 0.888821 0.665508
vt 0.864574 0.665508
vt 0.865012 0.665508
vt 0.872505 0.618136
vt 0.876199 0.665508
vt 0.892493 0.356472
vt 0.886489 0.356472
vt 0.886489 0.330116
vt 0.892493 0.330116
vt 0.904549 0.330116
vt 0.910558 0.330116
vt 0.904549 0.356472
vt 0.910558 0.356472
vt 0.820181 0.356472
vt 0.820181 0.330116
vt 0.826188 0.356472
vt 0.826188 0.330116
vt 0.868401 0.356472
vt 0.862371 0.356472
vt 0.862371 0.330116
vt 0.868401 0.330116
vt 0.916581 0.330116
vt 0.916581 0.356472
vt 0.874411 0.356472
vt 0.874411 0.330116
vt 0.898521 0.330116
vt 0.898521 0.356472
vt 0.880442 0.356472
vt 0.880442 0.330116
vt 0.844298 0.356472
vt 0.838249 0.356472
vt 0.838249 0.330116
vt 0.844298 0.330116
vt 0.850314 0.356472
vt 0.850314 0.330116
vt 0.868373 0.330116
vt 0.862368 0.330116
vt 0.862368 0.296261
vt 0.856330 0.330116
vt 0.856330 0.294604
vt 0.856576 0.294800
vt 0.778018 0.356472
vt 0.778018 0.330116
vt 0.784039 0.330116
vt 0.784039 0.356472
vt 0.747899 0.330116
vt 0.747899 0.356472
vt 0.982827 0.356472
vt 0.952738 0.356472
vt 0.946716 0.330116
vt 0.952738 0.330116
vt 0.946716 0.356472
vt 0.940672 0.356472
vt 0.934644 0.330116
vt 0.940672 0.330116
vt 0.934644 0.356472
vt 0.765965 0.330116
vt 0.765965 0.356472
vt 0.759934 0.330116
vt 0.759934 0.356472
vt 0.922612 0.330116
vt 0.928642 0.330116
vt 0.922612 0.356472
vt 0.928642 0.356472
vt 0.753915 0.330116
vt 0.753915 0.356472
vt 0.964768 0.330116
vt 0.964768 0.356472
vt 0.958739 0.330116
vt 0.958739 0.356472
vt 0.771986 0.356472
vt 0.771986 0.330116
vt 0.802109 0.356472
vt 0.802109 0.330116
vt 0.808140 0.330116
vt 0.808140 0.356472
vt 0.832224 0.356472
vt 0.832224 0.330116
vt 0.796079 0.356472
vt 0.796079 0.330116
vt 0.970801 0.330116
vt 0.970801 0.356472
vt 0.814163 0.356472
vt 0.814163 0.330116
vt 0.976805 0.330116
vt 0.976805 0.356472
vt 0.790077 0.330116
vt 0.790077 0.356472
vt 0.856337 0.356472
vt 0.856337 0.330116
vt 0.808128 0.365400
vt 0.808128 0.357872
vt 0.814158 0.357872
vt 0.814158 0.365400
vt 0.976812 0.357872
vt 0.976812 0.365400
vt 0.970789 0.357872
vt 0.970789 0.365400
vt 0.765971 0.357872
vt 0.765971 0.365400
vt 0.759960 0.357872
vt 0.759960 0.365400
vt 0.778010 0.365400
vt 0.778010 0.357872
vt 0.784035 0.357872
vt 0.784035 0.365400
vt 0.802113 0.365400
vt 0.802113 0.357872
vt 0.964774 0.357872
vt 0.964774 0.365400
vt 0.790052 0.357872
vt 0.790052 0.365400
vt 0.820206 0.365400
vt 0.820206 0.357872
vt 0.826208 0.357872
vt 0.826208 0.365400
vt 0.844274 0.365400
vt 0.838262 0.365400
vt 0.838262 0.357872
vt 0.844274 0.357872
vt 0.796081 0.365400
vt 0.796081 0.357872
vt 0.850323 0.365400
vt 0.850323 0.357872
vt 0.753915 0.357872
vt 0.753915 0.365400
vt 0.747909 0.357872
vt 0.747909 0.365400
vt 0.958748 0.357872
vt 0.958748 0.365400
vt 0.952719 0.357872
vt 0.952719 0.365400
vt 0.982830 0.365400
vt 0.772002 0.357872
vt 0.772002 0.365400
vt 0.832240 0.357872
vt 0.832240 0.365400
vt 0.862368 0.365400
vt 0.856335 0.365400
vt 0.856335 0.357872
vt 0.862368 0.357872
vt 0.898522 0.357872
vt 0.904523 0.357872
vt 0.898522 0.365400
vt 0.904523 0.365400
vt 0.934664 0.357872
vt 0.940678 0.357872
vt 0.934664 0.365400
vt 0.940678 0.365400
vt 0.892481 0.357872
vt 0.892481 0.365400
vt 0.922608 0.357872
vt 0.928641 0.357872
vt 0.922608 0.365400
vt 0.928641 0.365400
vt 0.910568 0.357872
vt 0.916593 0.357872
vt 0.910568 0.365400
vt 0.916593 0.365400
vt 0.868386 0.365400
vt 0.868386 0.357872
vt 0.946703 0.357872
vt 0.946703 0.365400
vt 0.874415 0.365400
vt 0.874415 0.357872
vt 0.880433 0.365400
vt 0.880433 0.357872
vt 0.886461 0.365400
vt 0.886461 0.357872
vt 0.868130 0.294800
vt 0.868373 0.294604
vt 0.865359 0.295944
vt 0.886460 0.330116
vt 0.880427 0.330116
vt 0.880427 0.254817
vt 0.886460 0.254817
vt 0.820186 0.330116
vt 0.820186 0.254817
vt 0.826204 0.254817
vt 0.826204 0.330116
vt 0.844281 0.330116
vt 0.838261 0.330116
vt 0.838261 0.254817
vt 0.844281 0.254817
vt 0.892502 0.254817
vt 0.898527 0.254817
vt 0.892502 0.330116
vt 0.898527 0.330116
vt 0.832229 0.330116
vt 0.832229 0.254817
vt 0.850328 0.330116
vt 0.850328 0.254817
vt 0.859380 0.295944
vt 0.854151 0.293053
vt 0.854246 0.293129
vt 0.852250 0.290674
vt 0.851080 0.287797
vt 0.850674 0.284620
vt 0.874407 0.330116
vt 0.874407 0.254817
vt 0.874068 0.284620
vt 0.873655 0.287797
vt 0.872471 0.290674
vt 0.870588 0.293069
vt 0.904535 0.254817
vt 0.904535 0.330116
vt 0.928630 0.254817
vt 0.934645 0.254817
vt 0.928630 0.330116
vt 0.934645 0.330116
vt 0.940666 0.254817
vt 0.946700 0.254817
vt 0.940666 0.330116
vt 0.946700 0.330116
vt 0.964771 0.254817
vt 0.964771 0.330116
vt 0.958739 0.254817
vt 0.958739 0.330116
vt 0.976825 0.254817
vt 0.976825 0.330116
vt 0.970795 0.254817
vt 0.970795 0.330116
vt 0.910570 0.254817
vt 0.916586 0.254817
vt 0.910570 0.330116
vt 0.916586 0.330116
vt 0.753911 0.254817
vt 0.753911 0.330116
vt 0.747913 0.254817
vt 0.747913 0.330116
vt 0.952717 0.254817
vt 0.952717 0.330116
vt 0.982830 0.330116
vt 0.759963 0.254817
vt 0.759963 0.330116
vt 0.922608 0.254817
vt 0.922608 0.330116
vt 0.765982 0.254817
vt 0.765982 0.330116
vt 0.771993 0.254817
vt 0.771993 0.330116
vt 0.778010 0.254817
vt 0.778010 0.330116
vt 0.784055 0.254817
vt 0.784055 0.330116
vt 0.790071 0.254817
vt 0.790071 0.330116
vt 0.802113 0.330116
vt 0.802113 0.254817
vt 0.808133 0.254817
vt 0.808133 0.330116
vt 0.796093 0.330116
vt 0.796093 0.254817
vt 0.814156 0.254817
vt 0.814156 0.330116
vt 0.982827 0.330116
vt 0.988853 0.330116
vt 0.988853 0.356472
vt 0.988863 0.365400
vt 0.988863 0.357872
vt 0.982830 0.357872
vt 0.988867 0.330116
vt 0.982830 0.254817
vt 0.988867 0.254817
vt 0.732816 0.670928
vt 0.730166 0.615269
vt 0.751925 0.670928
vt 0.730166 0.721285
vt 0.732816 0.718635
vt 0.761414 0.670928
vt 0.761413 0.615269
vt 0.771591 0.644901
vt 0.731899 0.615270
vt 0.751925 0.615269
vt 0.783173 0.615270
vt 0.780523 0.718635
vt 0.780523 0.670928
vt 0.783173 0.721285
vt 0.727146 0.615713
vt 0.727146 0.721477
vt 0.713925 0.721477
vt 0.713925 0.615713
vt 0.713925 0.721477
vt 0.727146 0.721477
vt 0.713925 0.615713
vt 0.727146 0.615713
vt 0.730508 0.723691
vt 0.730508 0.737202
vt 0.784549 0.737202
vt 0.784549 0.723692
vt 0.027717 0.895315
vt 0.027601 0.814610
vt 0.029250 0.891618
vt 0.126504 0.822394
vt 0.127137 0.830373
vt 0.126504 0.838357
vt 0.055006 0.862288
vt 0.060262 0.865196
vt 0.060200 0.965508
vt 0.063369 0.965257
vt 0.063369 0.879618
vt 0.068138 0.880761
vt 0.065902 0.867247
vt 0.042819 0.849228
vt 0.046180 0.854202
vt 0.043605 0.969492
vt 0.050278 0.858590
vt 0.106099 0.789107
vt 0.112195 0.794300
vt 0.109415 0.811523
vt 0.062709 0.794540
vt 0.057266 0.797081
vt 0.060353 0.781858
vt 0.040284 0.843785
vt 0.038625 0.838015
vt 0.037891 0.832057
vt 0.039228 0.884939
vt 0.034851 0.800391
vt 0.037136 0.888352
vt 0.030667 0.807218
vt 0.027835 0.976022
vt 0.025729 0.822394
vt 0.117395 0.860365
vt 0.114343 0.828695
vt 0.117395 0.800391
vt 0.025103 0.830373
vt 0.025103 0.894143
vt 0.112989 0.840586
vt 0.114133 0.834694
vt 0.124638 0.814610
vt 0.124638 0.846142
vt 0.121576 0.807218
vt 0.121576 0.853539
vt 0.025418 0.900045
vt 0.025103 0.977695
vt 0.113608 0.822741
vt 0.112195 0.866451
vt 0.108026 0.851483
vt 0.110940 0.846228
vt 0.106099 0.871650
vt 0.099946 0.860314
vt 0.104333 0.856217
vt 0.084096 0.880761
vt 0.077800 0.868599
vt 0.083758 0.867864
vt 0.094968 0.863671
vt 0.099283 0.875833
vt 0.089529 0.866211
vt 0.091886 0.878893
vt 0.086329 0.793499
vt 0.080437 0.792361
vt 0.084096 0.779985
vt 0.091972 0.795555
vt 0.091886 0.781858
vt 0.071794 0.868389
vt 0.076118 0.881393
vt 0.068475 0.792887
vt 0.068138 0.779985
vt 0.099283 0.784923
vt 0.101962 0.802162
vt 0.111950 0.816966
vt 0.106057 0.806549
vt 0.097227 0.798468
vt 0.076118 0.779363
vt 0.074439 0.792147
vt 0.040044 0.794300
vt 0.046134 0.789107
vt 0.041298 0.814518
vt 0.052962 0.784923
vt 0.047901 0.804534
vt 0.052288 0.800437
vt 0.038100 0.826057
vt 0.044202 0.809268
vt 0.039242 0.820160
vt 0.144119 0.353911
vt 0.144119 0.425538
vt 0.109050 0.353906
vt 0.109050 0.425538
vt 0.144114 0.482484
vt 0.109046 0.482484
vt 0.203239 0.490483
vt 0.205172 0.505395
vt 0.202703 0.491115
vt 0.206115 0.485793
vt 0.207097 0.520306
vt 0.202165 0.491746
vt 0.207097 0.483423
vt 0.200714 0.483423
vt 0.200480 0.483990
vt 0.200480 0.483985
vt 0.225217 0.488394
vt 0.208548 0.556392
vt 0.209624 0.489619
vt 0.240427 0.484741
vt 0.209389 0.489604
vt 0.243616 0.483423
vt 0.208548 0.489539
vt 0.243616 0.556392
vt 0.008057 0.410852
vt 0.101572 0.482484
vt 0.008057 0.482484
vt 0.107514 0.353906
vt 0.034545 0.353906
vt 0.233806 0.355337
vt 0.233835 0.355949
vt 0.209903 0.374428
vt 0.209903 0.374886
vt 0.209899 0.373825
vt 0.233927 0.358124
vt 0.233773 0.354575
vt 0.209903 0.376523
vt 0.209899 0.353906
vt 0.234362 0.368237
vt 0.233745 0.353920
vt 0.209903 0.384083
vt 0.221822 0.353906
vt 0.234508 0.371693
vt 0.233745 0.353906
vt 0.209899 0.386650
vt 0.234615 0.374101
vt 0.209894 0.392191
vt 0.209894 0.408565
vt 0.209894 0.442029
vt 0.239262 0.482479
vt 0.209894 0.464562
vt 0.209894 0.470790
vt 0.172409 0.482479
vt 0.206827 0.471379
vt 0.201646 0.471987
vt 0.201459 0.472006
vt 0.196574 0.472202
vt 0.196353 0.472212
vt 0.196134 0.472202
vt 0.191247 0.472006
vt 0.191056 0.471987
vt 0.185880 0.471379
vt 0.182813 0.470790
vt 0.145921 0.425534
vt 0.182807 0.448038
vt 0.182807 0.416201
vt 0.182807 0.410861
vt 0.182803 0.403118
vt 0.182798 0.401641
vt 0.182798 0.397283
vt 0.182798 0.396343
vt 0.182798 0.396077
vt 0.178660 0.399008
vt 0.145921 0.353906
vt 0.182807 0.395665
vt 0.182803 0.353906
vt 0.229473 0.708395
vt 0.232077 0.716741
vt 0.228822 0.716741
vt 0.232077 0.708395
vt 0.228822 0.729258
vt 0.226928 0.708395
vt 0.232077 0.675012
vt 0.234689 0.708395
vt 0.232077 0.729258
vt 0.225634 0.729258
vt 0.225634 0.716741
vt 0.229473 0.675012
vt 0.234689 0.675012
vt 0.235348 0.716741
vt 0.224508 0.708395
vt 0.226928 0.675012
vt 0.237243 0.708395
vt 0.235348 0.729258
vt 0.222613 0.729258
vt 0.222613 0.716741
vt 0.238528 0.716741
vt 0.237243 0.675012
vt 0.222270 0.708395
vt 0.224508 0.675012
vt 0.239655 0.708395
vt 0.238528 0.729258
vt 0.219818 0.729258
vt 0.219818 0.716741
vt 0.241549 0.716741
vt 0.239655 0.675012
vt 0.220276 0.708395
vt 0.222270 0.675012
vt 0.241892 0.708395
vt 0.241549 0.729258
vt 0.217322 0.729258
vt 0.217322 0.716741
vt 0.244337 0.716741
vt 0.241892 0.675012
vt 0.218573 0.708395
vt 0.220276 0.675012
vt 0.243878 0.708395
vt 0.244337 0.729258
vt 0.215202 0.716741
vt 0.218573 0.675012
vt 0.246832 0.716741
vt 0.243878 0.675012
vt 0.215202 0.729258
vt 0.217214 0.675012
vt 0.248960 0.716741
vt 0.245580 0.708395
vt 0.246832 0.729258
vt 0.213491 0.716741
vt 0.217214 0.708395
vt 0.248960 0.729258
vt 0.245580 0.675012
vt 0.213491 0.729258
vt 0.250671 0.729258
vt 0.246949 0.708395
vt 0.250671 0.716741
vt 0.246949 0.675012
vt 0.165992 0.675012
vt 0.165992 0.708395
vt 0.163380 0.675012
vt 0.168596 0.708395
vt 0.163380 0.708395
vt 0.168596 0.675012
vt 0.165992 0.716741
vt 0.160826 0.708395
vt 0.162720 0.716741
vt 0.171141 0.675012
vt 0.169247 0.716741
vt 0.160826 0.675012
vt 0.171141 0.708395
vt 0.165992 0.729258
vt 0.162720 0.729258
vt 0.159541 0.716741
vt 0.158414 0.675012
vt 0.173561 0.708395
vt 0.172435 0.716741
vt 0.169247 0.729258
vt 0.159541 0.729258
vt 0.158414 0.708395
vt 0.173561 0.675012
vt 0.156520 0.729258
vt 0.156520 0.716741
vt 0.156177 0.708395
vt 0.175799 0.708395
vt 0.175456 0.716741
vt 0.172435 0.729258
vt 0.156177 0.675012
vt 0.175799 0.675012
vt 0.153732 0.729258
vt 0.153732 0.716741
vt 0.154191 0.708395
vt 0.177793 0.708395
vt 0.178251 0.716741
vt 0.175456 0.729258
vt 0.154191 0.675012
vt 0.177793 0.675012
vt 0.151237 0.729258
vt 0.151237 0.716741
vt 0.152489 0.675012
vt 0.179495 0.708395
vt 0.180747 0.716741
vt 0.178251 0.729258
vt 0.152489 0.708395
vt 0.182867 0.716741
vt 0.179495 0.675012
vt 0.149109 0.716741
vt 0.151120 0.675012
vt 0.180855 0.708395
vt 0.182867 0.729258
vt 0.180747 0.729258
vt 0.149109 0.729258
vt 0.151120 0.708395
vt 0.180855 0.675012
vt 0.184578 0.729258
vt 0.147398 0.716741
vt 0.184578 0.716741
vt 0.147398 0.729258
vt 0.225150 0.758746
vt 0.225150 0.755726
vt 0.233495 0.758746
vt 0.233495 0.755726
vt 0.233495 0.761542
vt 0.225150 0.752537
vt 0.225150 0.761542
vt 0.233495 0.752537
vt 0.233495 0.764037
vt 0.225150 0.749283
vt 0.225150 0.764037
vt 0.233495 0.749283
vt 0.225150 0.766157
vt 0.225150 0.746011
vt 0.233495 0.766157
vt 0.233495 0.746011
vt 0.225150 0.767868
vt 0.225150 0.742831
vt 0.233495 0.767868
vt 0.233495 0.742831
vt 0.225150 0.739810
vt 0.233495 0.739810
vt 0.225150 0.737023
vt 0.233495 0.737023
vt 0.225150 0.734528
vt 0.233495 0.734528
vt 0.233495 0.732400
vt 0.225150 0.732400
vt 0.233495 0.730688
vt 0.225150 0.730688
vt 0.516501 0.854909
vt 0.518555 0.855181
vt 0.511754 0.869912
vt 0.625102 0.882729
vt 0.514588 0.854115
vt 0.500419 0.869912
vt 0.520609 0.854909
vt 0.512946 0.852855
vt 0.500419 0.882729
vt 0.522522 0.854115
vt 0.511754 0.851300
vt 0.562756 0.919858
vt 0.524164 0.852855
vt 0.606286 0.956043
vt 0.625093 0.956986
vt 0.525429 0.851209
vt 0.500419 0.950738
vt 0.625102 0.956986
vt 0.526217 0.849296
vt 0.606259 0.956047
vt 0.526494 0.847242
vt 0.526217 0.845188
vt 0.525429 0.843275
vt 0.524164 0.841634
vt 0.522522 0.840369
vt 0.511754 0.826055
vt 0.520609 0.839580
vt 0.625102 0.826055
vt 0.518555 0.839308
vt 0.500419 0.818964
vt 0.516501 0.839580
vt 0.500419 0.826055
vt 0.625102 0.818964
vt 0.514588 0.840369
vt 0.500419 0.812046
vt 0.512946 0.841634
vt 0.625102 0.812046
vt 0.511754 0.843184
vt 0.500419 0.805476
vt 0.625102 0.805476
vt 0.313224 0.741968
vt 0.313224 0.732229
vt 0.325742 0.741968
vt 0.325742 0.732229
vt 0.325742 0.751416
vt 0.313224 0.722415
vt 0.313224 0.751416
vt 0.325742 0.722415
vt 0.325742 0.760320
vt 0.313224 0.712776
vt 0.313224 0.760320
vt 0.325742 0.712776
vt 0.325742 0.768457
vt 0.313224 0.703546
vt 0.313224 0.768457
vt 0.325742 0.703546
vt 0.325742 0.775634
vt 0.313224 0.694950
vt 0.313224 0.775634
vt 0.325742 0.694950
vt 0.313224 0.781677
vt 0.313224 0.687205
vt 0.325742 0.781677
vt 0.325742 0.687205
vt 0.325742 0.680503
vt 0.313224 0.680503
vt 0.325742 0.675012
vt 0.313224 0.675012
vt 0.340458 0.732229
vt 0.327940 0.732229
vt 0.327940 0.722415
vt 0.340458 0.741976
vt 0.340458 0.722415
vt 0.327940 0.741976
vt 0.327940 0.712767
vt 0.340458 0.751415
vt 0.340458 0.712767
vt 0.327940 0.751415
vt 0.327940 0.703537
vt 0.340458 0.760320
vt 0.340458 0.703537
vt 0.327940 0.760320
vt 0.327940 0.694949
vt 0.340458 0.768457
vt 0.340458 0.694949
vt 0.327940 0.768457
vt 0.327940 0.687205
vt 0.340458 0.775634
vt 0.340458 0.687205
vt 0.327940 0.775634
vt 0.340458 0.680503
vt 0.327940 0.781685
vt 0.327940 0.680503
vt 0.340458 0.781685
vt 0.340458 0.675012
vt 0.327940 0.675012
vt 0.244663 0.758746
vt 0.236318 0.758746
vt 0.236318 0.755725
vt 0.244663 0.761534
vt 0.244663 0.755725
vt 0.236318 0.761534
vt 0.236318 0.752545
vt 0.244663 0.764028
vt 0.244663 0.752545
vt 0.236318 0.764028
vt 0.236318 0.749274
vt 0.236318 0.766156
vt 0.244663 0.749274
vt 0.244663 0.766156
vt 0.236318 0.746019
vt 0.236318 0.767868
vt 0.244663 0.746019
vt 0.244663 0.767868
vt 0.236318 0.742831
vt 0.244663 0.742831
vt 0.236318 0.739810
vt 0.244663 0.739810
vt 0.236318 0.737014
vt 0.244663 0.737014
vt 0.236318 0.734519
vt 0.244663 0.734519
vt 0.244663 0.732399
vt 0.236318 0.732399
vt 0.244663 0.730688
vt 0.236318 0.730688
vt 0.178592 0.748288
vt 0.178847 0.751543
vt 0.178592 0.754815
vt 0.177828 0.757994
vt 0.177828 0.745100
vt 0.176574 0.761015
vt 0.176574 0.742080
vt 0.174864 0.763803
vt 0.174864 0.739284
vt 0.174674 0.751543
vt 0.174465 0.754155
vt 0.174465 0.748939
vt 0.173864 0.756709
vt 0.173864 0.746394
vt 0.172852 0.759121
vt 0.172852 0.743974
vt 0.172738 0.766298
vt 0.172738 0.736788
vt 0.171484 0.761358
vt 0.171484 0.741737
vt 0.170240 0.768426
vt 0.170240 0.734668
vt 0.169780 0.763344
vt 0.169780 0.739742
vt 0.167798 0.765046
vt 0.167798 0.738040
vt 0.167452 0.770137
vt 0.167452 0.732957
vt 0.165561 0.766415
vt 0.165561 0.736680
vt 0.164425 0.771389
vt 0.164425 0.731697
vt 0.163145 0.767425
vt 0.163145 0.735679
vt 0.161251 0.772157
vt 0.161251 0.730938
vt 0.160591 0.768034
vt 0.160591 0.735061
vt 0.157982 0.772408
vt 0.157982 0.734852
vt 0.157982 0.768243
vt 0.157982 0.730688
vt 0.155370 0.768034
vt 0.155370 0.735061
vt 0.154727 0.772157
vt 0.154727 0.730938
vt 0.152830 0.767425
vt 0.152830 0.735679
vt 0.151537 0.771389
vt 0.151537 0.731697
vt 0.150410 0.766415
vt 0.150410 0.736680
vt 0.148516 0.770137
vt 0.148516 0.732957
vt 0.148174 0.765046
vt 0.148174 0.738040
vt 0.146182 0.763344
vt 0.146182 0.739742
vt 0.145721 0.768426
vt 0.145721 0.734668
vt 0.144477 0.761358
vt 0.144477 0.741737
vt 0.143224 0.766298
vt 0.143224 0.736788
vt 0.143119 0.759121
vt 0.143119 0.743974
vt 0.142117 0.756709
vt 0.142117 0.746394
vt 0.141496 0.754155
vt 0.141496 0.748939
vt 0.141098 0.763803
vt 0.141098 0.739284
vt 0.141291 0.751543
vt 0.139397 0.761015
vt 0.139397 0.742080
vt 0.138136 0.757994
vt 0.138136 0.745100
vt 0.137375 0.754815
vt 0.137375 0.748288
vt 0.137127 0.751543
vt 0.132056 0.682602
vt 0.076700 0.683930
vt 0.073428 0.683676
vt 0.079879 0.684695
vt 0.016469 0.678605
vt 0.082900 0.685948
vt 0.070173 0.683930
vt 0.127900 0.673704
vt 0.085688 0.687659
vt 0.066985 0.684695
vt 0.021235 0.670008
vt 0.088183 0.689785
vt 0.063964 0.685948
vt 0.122409 0.665560
vt 0.134760 0.692041
vt 0.061169 0.687659
vt 0.027277 0.662262
vt 0.090311 0.692283
vt 0.013106 0.687836
vt 0.115707 0.658383
vt 0.092022 0.695071
vt 0.058673 0.689785
vt 0.034454 0.655562
vt 0.093274 0.698098
vt 0.056553 0.692283
vt 0.107962 0.652343
vt 0.094042 0.701272
vt 0.054842 0.695071
vt 0.042591 0.650070
vt 0.135962 0.701788
vt 0.011245 0.697475
vt 0.099366 0.647575
vt 0.094293 0.704541
vt 0.053582 0.698098
vt 0.051495 0.645923
vt 0.094042 0.707796
vt 0.052823 0.701272
vt 0.090136 0.644222
vt 0.093274 0.710986
vt 0.052573 0.704541
vt 0.060943 0.643210
vt 0.135619 0.711613
vt 0.010895 0.707287
vt 0.080497 0.642351
vt 0.092022 0.714006
vt 0.052823 0.707796
vt 0.070683 0.642008
vt 0.090311 0.716801
vt 0.053582 0.710986
vt 0.088183 0.719299
vt 0.054842 0.714006
vt 0.133750 0.721252
vt 0.056553 0.716801
vt 0.085688 0.721425
vt 0.012104 0.717043
vt 0.082900 0.723126
vt 0.058673 0.719299
vt 0.079879 0.724387
vt 0.061169 0.721425
vt 0.076700 0.725147
vt 0.063964 0.723126
vt 0.073428 0.725396
vt 0.066985 0.724387
vt 0.130395 0.730479
vt 0.070173 0.725147
vt 0.014809 0.726476
vt 0.018965 0.735381
vt 0.125638 0.739077
vt 0.024456 0.743524
vt 0.119587 0.746812
vt 0.031158 0.750701
vt 0.112410 0.753516
vt 0.038902 0.756751
vt 0.104273 0.759014
vt 0.047490 0.761502
vt 0.095369 0.763161
vt 0.056720 0.764866
vt 0.085930 0.765875
vt 0.066368 0.766733
vt 0.076182 0.767076
vt 0.222638 0.748288
vt 0.222893 0.751543
vt 0.222638 0.754815
vt 0.221874 0.757994
vt 0.221874 0.745100
vt 0.220621 0.761015
vt 0.220621 0.742080
vt 0.218910 0.763803
vt 0.218910 0.739284
vt 0.216784 0.766298
vt 0.216784 0.736788
vt 0.214286 0.768426
vt 0.214286 0.734668
vt 0.211497 0.770137
vt 0.211497 0.732957
vt 0.208471 0.771389
vt 0.208471 0.731697
vt 0.205297 0.772157
vt 0.205297 0.730938
vt 0.202028 0.772408
vt 0.202028 0.730688
vt 0.198773 0.772157
vt 0.198773 0.730938
vt 0.195583 0.771389
vt 0.195583 0.731697
vt 0.192562 0.770137
vt 0.192562 0.732957
vt 0.189767 0.768426
vt 0.189767 0.734668
vt 0.187269 0.766298
vt 0.187269 0.736788
vt 0.185144 0.763803
vt 0.185144 0.739284
vt 0.183443 0.761015
vt 0.183443 0.742080
vt 0.182182 0.757994
vt 0.182182 0.745100
vt 0.181422 0.754815
vt 0.181422 0.748288
vt 0.181173 0.751543
vt 0.271572 0.687529
vt 0.271572 0.675012
vt 0.274599 0.687529
vt 0.268398 0.675012
vt 0.274599 0.675012
vt 0.272708 0.695875
vt 0.268398 0.687529
vt 0.270292 0.695875
vt 0.274945 0.695875
vt 0.265130 0.675012
vt 0.272708 0.729258
vt 0.277387 0.687529
vt 0.265130 0.687529
vt 0.267739 0.695875
vt 0.270292 0.729258
vt 0.261874 0.675012
vt 0.261874 0.687529
vt 0.265130 0.695875
vt 0.267739 0.729258
vt 0.258684 0.675012
vt 0.258684 0.687529
vt 0.262518 0.695875
vt 0.265130 0.729258
vt 0.255664 0.675012
vt 0.255664 0.687529
vt 0.259977 0.695875
vt 0.262518 0.729258
vt 0.257558 0.695875
vt 0.259977 0.729258
vt 0.252869 0.687529
vt 0.257558 0.729258
vt 0.255321 0.695875
vt 0.255832 0.733715
vt 0.247487 0.733715
vt 0.255832 0.730688
vt 0.247487 0.736889
vt 0.247487 0.730688
vt 0.255832 0.736889
vt 0.247487 0.740157
vt 0.255832 0.740157
vt 0.247487 0.743413
vt 0.255832 0.743413
vt 0.247487 0.746603
vt 0.255832 0.746603
vt 0.247487 0.749623
vt 0.255832 0.749623
vt 0.211294 0.716741
vt 0.206615 0.708395
vt 0.208851 0.708395
vt 0.208505 0.716741
vt 0.204198 0.708395
vt 0.205478 0.716741
vt 0.204198 0.675012
vt 0.208505 0.729258
vt 0.201645 0.708395
vt 0.201645 0.675012
vt 0.206615 0.675012
vt 0.205478 0.729258
vt 0.202305 0.716741
vt 0.199036 0.708395
vt 0.199036 0.675012
vt 0.202305 0.729258
vt 0.199036 0.716741
vt 0.196424 0.708395
vt 0.196424 0.675012
vt 0.199036 0.729258
vt 0.195781 0.716741
vt 0.193884 0.708395
vt 0.193884 0.675012
vt 0.195781 0.729258
vt 0.192591 0.716741
vt 0.191464 0.708395
vt 0.191464 0.675012
vt 0.192591 0.729258
vt 0.189570 0.716741
vt 0.189227 0.708395
vt 0.189570 0.729258
vt 0.186775 0.716741
vt 0.306818 0.683609
vt 0.306818 0.692840
vt 0.294300 0.692840
vt 0.294300 0.702479
vt 0.294300 0.683609
vt 0.306818 0.702479
vt 0.306818 0.675012
vt 0.294300 0.712291
vt 0.294300 0.675012
vt 0.306818 0.712291
vt 0.294300 0.722047
vt 0.306818 0.722047
vt 0.294300 0.731480
vt 0.306818 0.731480
vt 0.294300 0.740385
vt 0.306818 0.740385
vt 0.292103 0.683909
vt 0.279585 0.683909
vt 0.292103 0.675012
vt 0.279585 0.693349
vt 0.279585 0.675012
vt 0.292103 0.693349
vt 0.279585 0.703096
vt 0.292103 0.703096
vt 0.279585 0.712921
vt 0.292103 0.712921
vt 0.279585 0.722560
vt 0.292103 0.722560
vt 0.279585 0.731787
vt 0.292103 0.731787
vt 0.279585 0.740385
vt 0.292103 0.740385
vt 0.267000 0.740157
vt 0.267000 0.743413
vt 0.258655 0.743413
vt 0.258655 0.746603
vt 0.258655 0.740157
vt 0.267000 0.746603
vt 0.267000 0.736889
vt 0.258655 0.749623
vt 0.258655 0.736889
vt 0.267000 0.749623
vt 0.267000 0.733715
vt 0.258655 0.733715
vt 0.267000 0.730688
vt 0.258655 0.730688
vt 0.311027 0.675012
vt 0.309024 0.744505
vt 0.309016 0.744555
vt 0.396395 0.452354
vt 0.493149 0.452354
vt 0.396395 0.571775
vt 0.493149 0.571775
vt 0.351096 0.452354
vt 0.394998 0.452354
vt 0.351096 0.549109
vt 0.394998 0.549109
vt 0.266310 0.451445
vt 0.266310 0.332024
vt 0.354105 0.451445
vt 0.310212 0.332024
vt 0.399474 0.451445
vt 0.355572 0.451445
vt 0.355572 0.332024
vt 0.443366 0.332024
vt 0.580691 0.512483
vt 0.553060 0.457219
vt 0.580691 0.457219
vt 0.525427 0.512483
vt 0.525427 0.457219
vt 0.564650 0.451995
vt 0.571655 0.323319
vt 0.571678 0.456308
vt 0.562459 0.451084
vt 0.562459 0.438506
vt 0.562459 0.422376
vt 0.562453 0.364814
vt 0.516392 0.323319
vt 0.525611 0.364814
vt 0.525617 0.422376
vt 0.525617 0.422376
vt 0.516406 0.436289
vt 0.525617 0.441735
vt 0.525617 0.438506
vt 0.539934 0.445321
vt 0.561037 0.454475
vt 0.562459 0.454982
vt 0.561112 0.454504
vt 0.637237 0.514781
vt 0.582098 0.514781
vt 0.582090 0.457219
vt 0.582098 0.530911
vt 0.655783 0.534140
vt 0.657183 0.527368
vt 0.742003 0.523542
vt 0.741694 0.523556
vt 0.743558 0.494761
vt 0.668553 0.526889
vt 0.743566 0.437199
vt 0.743558 0.510891
vt 0.741458 0.523574
vt 0.743558 0.523470
vt 0.669872 0.526880
vt 0.657183 0.527368
vt 0.628614 0.323319
vt 0.628607 0.453532
vt 0.573350 0.323319
vt 0.573335 0.456308
vt 0.685498 0.323319
vt 0.630234 0.433856
vt 0.630234 0.323319
vt 0.685513 0.436289
vt 0.520078 0.466733
vt 0.524028 0.457219
vt 0.520350 0.466090
vt 0.707552 0.777615
vt 0.744737 0.777615
vt 0.747227 0.777615
vt 0.710036 0.777615
vt 0.672846 0.777615
vt 0.670363 0.777615
vt 0.670363 0.851490
vt 0.747227 0.847965
vt 0.744737 0.851490
vt 0.672846 0.847965
vt 0.670363 0.795204
vt 0.747227 0.791687
vt 0.744737 0.795204
vt 0.672846 0.791687
vt 0.670363 0.823347
vt 0.747227 0.819830
vt 0.744737 0.823347
vt 0.672846 0.819830
vt 0.670363 0.805765
vt 0.744737 0.805765
vt 0.747227 0.805765
vt 0.672846 0.805765
vt 0.691440 0.946985
vt 0.721526 0.951459
vt 0.698540 0.951459
vt 0.713920 0.953746
vt 0.706154 0.953746
vt 0.728631 0.946985
vt 0.685159 0.940526
vt 0.734922 0.940526
vt 0.679945 0.932358
vt 0.740122 0.932358
vt 0.676061 0.922831
vt 0.672846 0.901443
vt 0.747227 0.901443
vt 0.746411 0.912376
vt 0.672846 0.862043
vt 0.673662 0.912376
vt 0.747227 0.862043
vt 0.672846 0.833901
vt 0.747227 0.833901
vt 0.670363 0.862043
vt 0.670363 0.901443
vt 0.670363 0.833901
vt 0.744737 0.862043
vt 0.744737 0.901443
vt 0.744737 0.833901
vt 0.744005 0.922831
vt 0.732431 0.940526
vt 0.737630 0.932358
vt 0.726141 0.946985
vt 0.711436 0.953746
vt 0.719035 0.951459
vt 0.703663 0.953746
vt 0.696057 0.951459
vt 0.682668 0.940526
vt 0.688958 0.946985
vt 0.677462 0.932358
vt 0.673571 0.922831
vt 0.671172 0.912376
vt 0.743928 0.912376
vt 0.741514 0.922831
vt 0.685222 0.956131
vt 0.666761 0.927123
vt 0.729878 0.956131
vt 0.671425 0.938556
vt 0.663875 0.914572
vt 0.662898 0.901443
vt 0.662898 0.767062
vt 0.707552 0.767062
vt 0.737426 0.948371
vt 0.751224 0.914572
vt 0.748339 0.927123
vt 0.752201 0.901443
vt 0.752201 0.767062
vt 0.743666 0.938556
vt 0.677666 0.948371
vt 0.721343 0.961492
vt 0.693750 0.961492
vt 0.712211 0.964244
vt 0.702875 0.964244
vt 0.932424 0.799708
vt 0.939775 0.813738
vt 0.932196 0.813619
vt 0.940002 0.799826
vt 0.939558 0.827956
vt 0.932620 0.786722
vt 0.931980 0.827837
vt 0.940200 0.786838
vt 0.939341 0.841869
vt 0.932794 0.775214
vt 0.931765 0.841749
vt 0.940374 0.775333
vt 0.939145 0.854864
vt 0.932950 0.765702
vt 0.931565 0.854749
vt 0.940532 0.765815
vt 0.938964 0.866365
vt 0.931386 0.866247
vt 0.938805 0.875883
vt 0.931238 0.875754
vt 0.931124 0.882876
vt 0.943230 0.902683
vt 0.945259 0.834686
vt 0.952837 0.834905
vt 0.954866 0.766909
vt 0.950812 0.902915
vt 0.947288 0.766681
vt 0.960642 0.864462
vt 0.972151 0.851794
vt 0.974985 0.864412
vt 0.960584 0.850029
vt 0.960689 0.877254
vt 0.972033 0.849989
vt 0.977548 0.876530
vt 0.970907 0.834526
vt 0.977807 0.877191
vt 0.960535 0.834567
vt 0.960724 0.887833
vt 0.970255 0.826625
vt 0.981678 0.887754
vt 0.970856 0.818717
vt 0.960467 0.818754
vt 0.971878 0.803250
vt 0.960411 0.803295
vt 0.971977 0.801437
vt 0.974710 0.788802
vt 0.960367 0.788852
vt 0.977186 0.776669
vt 0.977436 0.776009
vt 0.960322 0.776064
vt 0.981247 0.765415
vt 0.960277 0.765489
vt 0.868315 0.949650
vt 0.884999 0.949650
vt 0.877548 0.963339
vt 0.871765 0.934619
vt 0.862720 0.963339
vt 0.863419 0.946565
vt 0.889388 0.934619
vt 0.858384 0.958883
vt 0.866527 0.933042
vt 0.872939 0.918898
vt 0.851661 0.969457
vt 0.867580 0.918898
vt 0.889556 0.932292
vt 0.855247 0.975081
vt 0.890692 0.918898
vt 0.867580 0.774118
vt 0.843529 0.977818
vt 0.888599 0.859955
vt 0.872939 0.766538
vt 0.846204 0.984383
vt 0.885545 0.766538
vt 0.766007 0.766538
vt 0.834334 0.983594
vt 0.819470 0.774118
vt 0.824494 0.986558
vt 0.771366 0.774118
vt 0.835986 0.990810
vt 0.766007 0.918898
vt 0.814436 0.986558
vt 0.771366 0.918898
vt 0.802945 0.990810
vt 0.767174 0.934619
vt 0.776725 0.774118
vt 0.792743 0.984383
vt 0.825056 0.994092
vt 0.772419 0.933042
vt 0.776725 0.918898
vt 0.804606 0.983594
vt 0.813882 0.994092
vt 0.775528 0.946565
vt 0.795418 0.977818
vt 0.777778 0.933042
vt 0.770630 0.949650
vt 0.783699 0.975081
vt 0.780887 0.946565
vt 0.780554 0.958883
vt 0.787275 0.969457
vt 0.776216 0.963339
vt 0.785913 0.958883
vt 0.926476 0.925462
vt 0.924225 0.938985
vt 0.921117 0.925462
vt 0.929584 0.938985
vt 0.925424 0.911318
vt 0.929260 0.951303
vt 0.920065 0.911318
vt 0.920065 0.766538
vt 0.925424 0.766538
vt 0.916469 0.934619
vt 0.899884 0.918898
vt 0.917637 0.918898
vt 0.899027 0.932292
vt 0.901969 0.859955
vt 0.898853 0.934619
vt 0.905031 0.766538
vt 0.913013 0.949650
vt 0.917637 0.766538
vt 0.896329 0.949650
vt 0.907427 0.963339
vt 0.892607 0.963339
vt 0.663349 0.655260
vt 0.649187 0.647805
vt 0.649378 0.647034
vt 0.662530 0.655667
vt 0.640273 0.647034
vt 0.663822 0.654734
vt 0.685110 0.658375
vt 0.648965 0.648582
vt 0.640273 0.646316
vt 0.640273 0.647805
vt 0.649528 0.646316
vt 0.661412 0.655912
vt 0.663917 0.654118
vt 0.660085 0.655995
vt 0.648726 0.649300
vt 0.640273 0.648582
vt 0.640273 0.645689
vt 0.649617 0.645689
vt 0.663852 0.653975
vt 0.640273 0.658375
vt 0.649659 0.645222
vt 0.663606 0.653425
vt 0.658632 0.655899
vt 0.685110 0.664138
vt 0.648487 0.649916
vt 0.640273 0.649300
vt 0.685110 0.653419
vt 0.657156 0.655625
vt 0.640273 0.664138
vt 0.640273 0.645222
vt 0.685110 0.649616
vt 0.655745 0.655212
vt 0.685110 0.670325
vt 0.640273 0.649916
vt 0.663355 0.653072
vt 0.655565 0.655129
vt 0.648272 0.650394
vt 0.640273 0.670325
vt 0.640273 0.650394
vt 0.663283 0.652965
vt 0.640273 0.653419
vt 0.685110 0.676513
vt 0.662961 0.652749
vt 0.654513 0.654674
vt 0.640273 0.676513
vt 0.662614 0.652522
vt 0.662787 0.652635
vt 0.654131 0.654423
vt 0.685110 0.682282
vt 0.653377 0.653873
vt 0.640273 0.682282
vt 0.662118 0.652325
vt 0.652929 0.653425
vt 0.655799 0.654866
vt 0.685110 0.687232
vt 0.661645 0.652134
vt 0.655966 0.655044
vt 0.640273 0.687232
vt 0.685110 0.691034
vt 0.656056 0.655062
vt 0.640273 0.691034
vt 0.656169 0.655057
vt 0.656092 0.655105
vt 0.656157 0.655141
vt 0.656050 0.655141
vt 0.655655 0.655171
vt 0.583448 0.674045
vt 0.584165 0.674045
vt 0.583448 0.681871
vt 0.584165 0.681727
vt 0.582671 0.682062
vt 0.586963 0.687849
vt 0.584781 0.674045
vt 0.586676 0.688859
vt 0.582671 0.674045
vt 0.587137 0.687496
vt 0.584781 0.681632
vt 0.586503 0.690097
vt 0.581900 0.682283
vt 0.587340 0.687113
vt 0.585259 0.681596
vt 0.581900 0.674045
vt 0.585259 0.674045
vt 0.586443 0.691466
vt 0.581182 0.682528
vt 0.581182 0.674045
vt 0.586514 0.692865
vt 0.580555 0.682761
vt 0.580555 0.674045
vt 0.580088 0.682982
vt 0.580088 0.674045
vt 0.586628 0.693636
vt 0.586706 0.694216
vt 0.615729 0.750017
vt 0.614773 0.720221
vt 0.615729 0.719480
vt 0.612249 0.721261
vt 0.616943 0.718553
vt 0.609542 0.750017
vt 0.621498 0.750017
vt 0.609542 0.721626
vt 0.618604 0.716389
vt 0.606834 0.721261
vt 0.619651 0.713866
vt 0.604310 0.720221
vt 0.620009 0.711158
vt 0.603354 0.719480
vt 0.621498 0.705180
vt 0.603354 0.750017
vt 0.619651 0.708450
vt 0.626448 0.705180
vt 0.602147 0.718553
vt 0.618604 0.705927
vt 0.626448 0.750017
vt 0.600479 0.716389
vt 0.618024 0.705180
vt 0.630250 0.750017
vt 0.599438 0.713866
vt 0.630250 0.705180
vt 0.599079 0.711158
vt 0.597591 0.750017
vt 0.597591 0.705180
vt 0.599438 0.708450
vt 0.592635 0.750017
vt 0.600479 0.705927
vt 0.592635 0.705180
vt 0.601052 0.705180
vt 0.588832 0.705180
vt 0.588832 0.750017
vt 0.634264 0.590836
vt 0.619468 0.590836
vt 0.634264 0.657907
vt 0.635926 0.590836
vt 0.619468 0.657907
vt 0.635926 0.658602
vt 0.617801 0.590836
vt 0.617801 0.658602
vt 0.612579 0.679932
vt 0.608149 0.668878
vt 0.608878 0.668699
vt 0.612190 0.681134
vt 0.608149 0.659762
vt 0.615466 0.704599
vt 0.607384 0.669028
vt 0.608878 0.659762
vt 0.607384 0.659762
vt 0.612680 0.679352
vt 0.611683 0.682102
vt 0.612818 0.678581
vt 0.611945 0.681606
vt 0.606613 0.669118
vt 0.606613 0.659762
vt 0.612907 0.677182
vt 0.611533 0.682276
vt 0.612841 0.675813
vt 0.611383 0.682449
vt 0.605883 0.659762
vt 0.615466 0.659762
vt 0.611247 0.682611
vt 0.605883 0.669147
vt 0.610515 0.659762
vt 0.621235 0.704599
vt 0.611102 0.682772
vt 0.612609 0.674576
vt 0.621235 0.659762
vt 0.610953 0.682844
vt 0.612233 0.673565
vt 0.627423 0.704599
vt 0.610492 0.683095
vt 0.612004 0.673213
vt 0.627423 0.659762
vt 0.611742 0.672830
vt 0.633611 0.704599
vt 0.611168 0.672436
vt 0.633611 0.659762
vt 0.610528 0.672405
vt 0.639380 0.704599
vt 0.610515 0.672418
vt 0.639380 0.659762
vt 0.610505 0.672418
vt 0.597276 0.682929
vt 0.600522 0.675456
vt 0.598005 0.683114
vt 0.600205 0.674045
vt 0.600588 0.675635
vt 0.598005 0.690928
vt 0.600934 0.676687
vt 0.597276 0.690928
vt 0.598776 0.690928
vt 0.598776 0.683263
vt 0.599542 0.690928
vt 0.599542 0.683347
vt 0.600271 0.690928
vt 0.600271 0.683377
vt 0.601897 0.678272
vt 0.601921 0.678284
vt 0.601908 0.678272
vt 0.601458 0.590836
vt 0.601458 0.658602
vt 0.598936 0.590836
vt 0.598936 0.659032
vt 0.596228 0.659181
vt 0.596228 0.590836
vt 0.593519 0.590836
vt 0.593519 0.659032
vt 0.590996 0.590836
vt 0.590996 0.658602
vt 0.605002 0.659032
vt 0.602479 0.658602
vt 0.605002 0.590836
vt 0.602479 0.590836
vt 0.607710 0.659180
vt 0.607710 0.590836
vt 0.610418 0.590836
vt 0.610418 0.659032
vt 0.612942 0.590836
vt 0.612942 0.658602
vt 0.631419 0.750017
vt 0.631419 0.705180
vt 0.637188 0.750017
vt 0.637188 0.705180
vt 0.643376 0.750017
vt 0.643376 0.705180
vt 0.649564 0.750017
vt 0.649564 0.705180
vt 0.655333 0.705180
vt 0.655333 0.750017
vt 0.594347 0.695951
vt 0.594389 0.696040
vt 0.593258 0.693924
vt 0.595282 0.693924
vt 0.596382 0.696543
vt 0.596346 0.696477
vt 0.557795 0.738569
vt 0.542647 0.738569
vt 0.556354 0.737464
vt 0.555594 0.736468
vt 0.542647 0.736468
vt 0.557795 0.742053
vt 0.542647 0.742053
vt 0.557795 0.739952
vt 0.544084 0.740948
vt 0.544853 0.739952
vt 0.567568 0.662501
vt 0.567568 0.664603
vt 0.529751 0.664603
vt 0.529751 0.662502
vt 0.832825 0.074984
vt 0.815391 0.091145
vt 0.815391 0.072264
vt 0.832825 0.092529
vt 0.796828 0.090211
vt 0.832825 0.058316
vt 0.848714 0.078488
vt 0.815391 0.110522
vt 0.796828 0.070403
vt 0.796828 0.110522
vt 0.815391 0.054317
vt 0.848714 0.063470
vt 0.848714 0.094307
vt 0.832825 0.110522
vt 0.832825 0.042926
vt 0.848714 0.049599
vt 0.862677 0.096443
vt 0.862677 0.082709
vt 0.832825 0.128501
vt 0.796828 0.130818
vt 0.796828 0.051578
vt 0.815391 0.037760
vt 0.862677 0.069661
vt 0.848714 0.110522
vt 0.815391 0.129875
vt 0.848714 0.126724
vt 0.832825 0.029212
vt 0.848714 0.037234
vt 0.862677 0.057622
vt 0.874386 0.098883
vt 0.862677 0.110522
vt 0.874386 0.087532
vt 0.832825 0.146044
vt 0.848714 0.142540
vt 0.815391 0.148764
vt 0.796828 0.034209
vt 0.815391 0.022986
vt 0.874386 0.076749
vt 0.874386 0.110522
vt 0.862677 0.124586
vt 0.796828 0.150626
vt 0.832825 0.017489
vt 0.848714 0.026673
vt 0.862677 0.046885
vt 0.874386 0.066805
vt 0.832825 0.162719
vt 0.848714 0.157566
vt 0.862677 0.138327
vt 0.815391 0.166711
vt 0.796828 0.018723
vt 0.815391 0.010376
vt 0.874386 0.122153
vt 0.796828 0.169443
vt 0.832825 0.178111
vt 0.848714 0.171429
vt 0.862677 0.151367
vt 0.874386 0.133497
vt 0.815391 0.183269
vt 0.796828 0.005489
vt 0.796828 0.186814
vt 0.832825 0.191832
vt 0.848714 0.183797
vt 0.862677 0.163407
vt 0.874386 0.144279
vt 0.815391 0.198041
vt 0.796828 0.202307
vt 0.815391 0.210655
vt 0.832825 0.203542
vt 0.862677 0.174149
vt 0.874386 0.154229
vt 0.796828 0.215541
vt 0.848714 0.194356
vt 0.560615 0.731602
vt 0.557190 0.731602
vt 0.560615 0.729501
vt 0.557190 0.729501
vt 0.563673 0.729500
vt 0.553627 0.731602
vt 0.563673 0.731602
vt 0.553627 0.729501
vt 0.566149 0.731602
vt 0.550164 0.731602
vt 0.566148 0.729501
vt 0.550164 0.729501
vt 0.547047 0.731602
vt 0.547047 0.729501
vt 0.544484 0.731602
vt 0.544484 0.729501
vt 0.542647 0.729501
vt 0.542647 0.731602
vt 0.553622 0.732984
vt 0.553622 0.735085
vt 0.550160 0.735085
vt 0.557185 0.732984
vt 0.550160 0.732984
vt 0.557185 0.735085
vt 0.547047 0.735085
vt 0.560610 0.732984
vt 0.547047 0.732984
vt 0.560610 0.735085
vt 0.544484 0.735085
vt 0.563669 0.732984
vt 0.544484 0.732984
vt 0.563669 0.735085
vt 0.542647 0.732984
vt 0.566144 0.735085
vt 0.542647 0.735085
vt 0.566144 0.732984
vt 0.876898 0.150627
vt 0.895460 0.166712
vt 0.876898 0.169451
vt 0.895460 0.148766
vt 0.895460 0.183270
vt 0.876898 0.130819
vt 0.912894 0.162714
vt 0.876898 0.186820
vt 0.912894 0.178103
vt 0.895460 0.129884
vt 0.912894 0.146046
vt 0.895460 0.198044
vt 0.912894 0.191818
vt 0.876898 0.110508
vt 0.928784 0.157560
vt 0.928784 0.171431
vt 0.876898 0.202306
vt 0.928784 0.183796
vt 0.895460 0.110508
vt 0.912894 0.128500
vt 0.928784 0.142541
vt 0.876898 0.215541
vt 0.895460 0.210654
vt 0.912894 0.203540
vt 0.895460 0.091154
vt 0.942746 0.138321
vt 0.942746 0.151369
vt 0.942746 0.163407
vt 0.928784 0.194356
vt 0.876898 0.090212
vt 0.912894 0.110508
vt 0.928784 0.126723
vt 0.942746 0.124587
vt 0.942746 0.174144
vt 0.895460 0.072265
vt 0.912894 0.092528
vt 0.954456 0.133498
vt 0.954456 0.122146
vt 0.954456 0.144281
vt 0.876898 0.070404
vt 0.912894 0.074985
vt 0.928784 0.094306
vt 0.928784 0.110508
vt 0.954456 0.110508
vt 0.954456 0.154224
vt 0.895460 0.054319
vt 0.912894 0.058311
vt 0.928784 0.078490
vt 0.942746 0.110508
vt 0.876898 0.051586
vt 0.928784 0.063463
vt 0.942746 0.096444
vt 0.895460 0.037761
vt 0.912894 0.042919
vt 0.928784 0.049600
vt 0.942746 0.082703
vt 0.954456 0.098877
vt 0.876898 0.034216
vt 0.942746 0.069662
vt 0.895460 0.022989
vt 0.912894 0.029198
vt 0.928784 0.037233
vt 0.942746 0.057623
vt 0.954456 0.087533
vt 0.876898 0.018722
vt 0.954456 0.076750
vt 0.895460 0.010375
vt 0.912894 0.017488
vt 0.928784 0.026673
vt 0.942746 0.046880
vt 0.954456 0.066800
vt 0.876898 0.005489
vt 0.560543 0.650609
vt 0.562744 0.652450
vt 0.562206 0.652521
vt 0.563214 0.647126
vt 0.561694 0.652736
vt 0.563286 0.652521
vt 0.561260 0.653072
vt 0.563799 0.652736
vt 0.560925 0.653504
vt 0.564231 0.653072
vt 0.560715 0.654009
vt 0.564567 0.653504
vt 0.560647 0.654555
vt 0.564774 0.654009
vt 0.557063 0.653282
vt 0.564891 0.643076
vt 0.553009 0.654963
vt 0.564845 0.654555
vt 0.548660 0.655534
vt 0.565463 0.638727
vt 0.529751 0.657635
vt 0.567568 0.619818
vt 0.560715 0.655097
vt 0.544310 0.654963
vt 0.567568 0.657635
vt 0.564891 0.634378
vt 0.560925 0.655601
vt 0.540255 0.653282
vt 0.564774 0.655097
vt 0.563214 0.630323
vt 0.561260 0.656042
vt 0.536777 0.650609
vt 0.564567 0.655601
vt 0.560543 0.626844
vt 0.561694 0.656371
vt 0.534104 0.647126
vt 0.564231 0.656042
vt 0.557063 0.624171
vt 0.562206 0.656580
vt 0.533092 0.644693
vt 0.563799 0.656371
vt 0.553009 0.622495
vt 0.562744 0.656656
vt 0.529751 0.644693
vt 0.563286 0.656580
vt 0.548659 0.621919
vt 0.529751 0.619818
vt 0.544310 0.622495
vt 0.540255 0.624171
vt 0.536777 0.626844
vt 0.534104 0.630323
vt 0.533092 0.632765
vt 0.529751 0.632765
vt 0.719807 0.120480
vt 0.700530 0.117418
vt 0.701248 0.114444
vt 0.700296 0.120480
vt 0.682984 0.108509
vt 0.702419 0.111620
vt 0.700530 0.123530
vt 0.681569 0.114424
vt 0.685315 0.102902
vt 0.704021 0.109004
vt 0.701248 0.126509
vt 0.681569 0.126535
vt 0.681090 0.120480
vt 0.665466 0.102818
vt 0.668895 0.094537
vt 0.688485 0.097724
vt 0.706007 0.106676
vt 0.702419 0.129338
vt 0.682984 0.132434
vt 0.663371 0.111534
vt 0.673580 0.086883
vt 0.692429 0.093102
vt 0.708331 0.104687
vt 0.704021 0.131944
vt 0.685315 0.138044
vt 0.663371 0.129409
vt 0.665466 0.138135
vt 0.662668 0.120480
vt 0.649084 0.097490
vt 0.653549 0.086707
vt 0.659646 0.076764
vt 0.679401 0.080074
vt 0.697050 0.089156
vt 0.710947 0.103085
vt 0.706007 0.134280
vt 0.688485 0.143229
vt 0.668895 0.146411
vt 0.646359 0.108842
vt 0.667219 0.067892
vt 0.686224 0.074246
vt 0.702228 0.085974
vt 0.713776 0.101912
vt 0.708331 0.136258
vt 0.692429 0.147846
vt 0.673580 0.154063
vt 0.646359 0.132111
vt 0.649084 0.143455
vt 0.653549 0.154238
vt 0.645442 0.120480
vt 0.656177 0.056844
vt 0.676097 0.060310
vt 0.693863 0.069567
vt 0.707846 0.083658
vt 0.716757 0.101195
vt 0.710947 0.137863
vt 0.697050 0.151793
vt 0.679401 0.160879
vt 0.659646 0.164188
vt 0.647007 0.067581
vt 0.666914 0.047680
vt 0.686049 0.054209
vt 0.702152 0.066134
vt 0.713750 0.082243
vt 0.719807 0.100957
vt 0.713776 0.139037
vt 0.702228 0.154972
vt 0.686224 0.166707
vt 0.667219 0.173053
vt 0.658892 0.036632
vt 0.678954 0.040300
vt 0.696829 0.049750
vt 0.710863 0.064036
vt 0.719807 0.081763
vt 0.722857 0.101195
vt 0.716757 0.139750
vt 0.707846 0.157296
vt 0.693863 0.171395
vt 0.676097 0.180644
vt 0.656177 0.184108
vt 0.646527 0.047193
vt 0.672755 0.028130
vt 0.692002 0.034886
vt 0.708176 0.047024
vt 0.719807 0.063335
vt 0.725864 0.082243
vt 0.725838 0.101912
vt 0.719807 0.139992
vt 0.713750 0.158715
vt 0.702152 0.174813
vt 0.686049 0.186736
vt 0.666914 0.193281
vt 0.647007 0.173366
vt 0.652220 0.027448
vt 0.687781 0.021911
vt 0.705728 0.031595
vt 0.719807 0.046110
vt 0.728667 0.103085
vt 0.719807 0.159185
vt 0.722857 0.139750
vt 0.710863 0.176911
vt 0.696829 0.191196
vt 0.678954 0.200653
vt 0.658892 0.204315
vt 0.667602 0.018024
vt 0.703592 0.018114
vt 0.719807 0.030493
vt 0.731438 0.047024
vt 0.728744 0.064036
vt 0.731278 0.104687
vt 0.731776 0.083658
vt 0.725864 0.158715
vt 0.725838 0.139037
vt 0.719807 0.177612
vt 0.708176 0.193923
vt 0.692002 0.206060
vt 0.672755 0.212812
vt 0.646527 0.193755
vt 0.684272 0.011111
vt 0.733607 0.106676
vt 0.737385 0.085974
vt 0.728667 0.137863
vt 0.719807 0.194837
vt 0.705728 0.209358
vt 0.687781 0.219034
vt 0.667602 0.222929
vt 0.701815 0.006898
vt 0.719807 0.016843
vt 0.733886 0.031595
vt 0.737462 0.066134
vt 0.735600 0.109004
vt 0.742564 0.089156
vt 0.728744 0.176911
vt 0.731776 0.157296
vt 0.731278 0.136258
vt 0.719807 0.210461
vt 0.703592 0.222828
vt 0.684272 0.229829
vt 0.652220 0.213500
vt 0.742785 0.049750
vt 0.737195 0.111620
vt 0.747185 0.093102
vt 0.745751 0.069567
vt 0.737385 0.154972
vt 0.733607 0.134280
vt 0.731438 0.193923
vt 0.719807 0.224105
vt 0.701815 0.234050
vt 0.719807 0.005489
vt 0.736022 0.018114
vt 0.747612 0.034886
vt 0.738371 0.114444
vt 0.751127 0.097724
vt 0.753392 0.074246
vt 0.737462 0.174813
vt 0.742564 0.151793
vt 0.735600 0.131944
vt 0.733886 0.209358
vt 0.736022 0.222828
vt 0.719807 0.235462
vt 0.753572 0.054209
vt 0.739077 0.117418
vt 0.754299 0.102902
vt 0.760211 0.080074
vt 0.745751 0.171395
vt 0.747185 0.147846
vt 0.737195 0.129338
vt 0.742785 0.191196
vt 0.737799 0.234050
vt 0.737799 0.006898
vt 0.751833 0.021911
vt 0.760665 0.040300
vt 0.739326 0.120480
vt 0.756622 0.108509
vt 0.766034 0.086883
vt 0.763515 0.060310
vt 0.753392 0.166707
vt 0.751127 0.143229
vt 0.738371 0.126509
vt 0.747612 0.206060
vt 0.755345 0.229829
vt 0.739077 0.123530
vt 0.758044 0.114424
vt 0.770722 0.094537
vt 0.772395 0.067892
vt 0.753572 0.186736
vt 0.760211 0.160879
vt 0.754299 0.138044
vt 0.751833 0.219034
vt 0.755345 0.011111
vt 0.766851 0.028130
vt 0.772692 0.047680
vt 0.758044 0.126535
vt 0.758519 0.120480
vt 0.774153 0.102818
vt 0.779971 0.076764
vt 0.763515 0.180644
vt 0.766034 0.154063
vt 0.756622 0.132434
vt 0.760665 0.200653
vt 0.772012 0.222929
vt 0.776237 0.111534
vt 0.786065 0.086707
vt 0.783434 0.056844
vt 0.772395 0.173053
vt 0.770722 0.146411
vt 0.766851 0.212812
vt 0.772012 0.018024
vt 0.780715 0.036632
vt 0.776237 0.129409
vt 0.774153 0.138135
vt 0.776951 0.120480
vt 0.790537 0.097490
vt 0.792607 0.067581
vt 0.772692 0.193281
vt 0.779971 0.164188
vt 0.787396 0.213500
vt 0.793257 0.108842
vt 0.793082 0.047193
vt 0.783434 0.184108
vt 0.786065 0.154238
vt 0.780715 0.204315
vt 0.787396 0.027448
vt 0.793257 0.132111
vt 0.790537 0.143455
vt 0.794177 0.120480
vt 0.792607 0.173366
vt 0.793082 0.193755
vt 0.555106 0.666561
vt 0.559455 0.665985
vt 0.563804 0.666561
vt 0.567859 0.668242
vt 0.551055 0.668242
vt 0.557908 0.669225
vt 0.561471 0.669287
vt 0.554446 0.670095
vt 0.564896 0.670275
vt 0.547572 0.670914
vt 0.571338 0.670914
vt 0.551333 0.671822
vt 0.567955 0.672112
vt 0.548770 0.674297
vt 0.574010 0.674393
vt 0.544899 0.674393
vt 0.570430 0.674675
vt 0.546933 0.677351
vt 0.572161 0.677788
vt 0.543219 0.678448
vt 0.575686 0.678448
vt 0.545946 0.680780
vt 0.573022 0.681251
vt 0.542647 0.682797
vt 0.576262 0.682797
vt 0.545887 0.684343
vt 0.572964 0.684814
vt 0.543219 0.687146
vt 0.575686 0.687146
vt 0.546753 0.687806
vt 0.571980 0.688238
vt 0.548479 0.690919
vt 0.574010 0.691201
vt 0.544899 0.691201
vt 0.570144 0.691298
vt 0.550954 0.693483
vt 0.567581 0.693772
vt 0.547572 0.694680
vt 0.571338 0.694680
vt 0.554013 0.695318
vt 0.564463 0.695499
vt 0.557438 0.696301
vt 0.561001 0.696360
vt 0.551055 0.697352
vt 0.567859 0.697352
vt 0.563804 0.699028
vt 0.555106 0.699028
vt 0.559455 0.699600
vt 0.543517 0.719559
vt 0.542647 0.716097
vt 0.542710 0.712534
vt 0.543698 0.709109
vt 0.545244 0.722673
vt 0.545534 0.706050
vt 0.547719 0.725235
vt 0.548097 0.703575
vt 0.550774 0.727072
vt 0.551211 0.701844
vt 0.554203 0.728060
vt 0.554673 0.700983
vt 0.557765 0.728118
vt 0.558236 0.701041
vt 0.561228 0.727253
vt 0.561661 0.702025
vt 0.564341 0.725526
vt 0.564720 0.703861
vt 0.566905 0.723051
vt 0.567194 0.706424
vt 0.568741 0.719992
vt 0.568922 0.709542
vt 0.569724 0.716567
vt 0.569783 0.713004
vt 0.529751 0.607851
vt 0.575969 0.609754
vt 0.529751 0.609754
vt 0.576225 0.607851
vt 0.529751 0.611657
vt 0.529751 0.606077
vt 0.576225 0.611657
vt 0.576455 0.606077
vt 0.529751 0.613431
vt 0.529751 0.604552
vt 0.576455 0.613431
vt 0.576544 0.605405
vt 0.529751 0.614951
vt 0.576892 0.604552
vt 0.576544 0.614103
vt 0.576892 0.614951
vt 0.529751 0.618435
vt 0.567568 0.616334
vt 0.567568 0.618435
vt 0.529751 0.616334
vt 0.529751 0.659018
vt 0.567568 0.659018
vt 0.567568 0.661119
vt 0.529751 0.661119
vt 0.974786 0.120051
vt 0.956224 0.140728
vt 0.956224 0.121913
vt 0.974786 0.137990
vt 0.974786 0.101155
vt 0.992220 0.117329
vt 0.956224 0.158098
vt 0.956224 0.102105
vt 0.992220 0.099786
vt 0.992220 0.133998
vt 0.974786 0.154553
vt 0.974786 0.081794
vt 0.992220 0.081794
vt 0.956224 0.081794
vt 0.992220 0.149380
vt 0.974786 0.062432
vt 0.992220 0.063801
vt 0.956224 0.061485
vt 0.974786 0.043543
vt 0.992220 0.046256
vt 0.956224 0.041682
vt 0.974786 0.025597
vt 0.992220 0.029589
vt 0.956224 0.022856
vt 0.974786 0.009031
vt 0.992220 0.014204
vt 0.956224 0.005489
vt 0.614003 0.036818
vt 0.632566 0.016710
vt 0.632566 0.034078
vt 0.614003 0.020253
vt 0.614003 0.054765
vt 0.596569 0.040810
vt 0.632566 0.052903
vt 0.596569 0.057477
vt 0.596569 0.025426
vt 0.614003 0.073654
vt 0.596569 0.075022
vt 0.632566 0.072706
vt 0.614003 0.093015
vt 0.596569 0.093015
vt 0.632566 0.093015
vt 0.614003 0.112376
vt 0.596569 0.111007
vt 0.632566 0.113326
vt 0.614003 0.131273
vt 0.596569 0.128550
vt 0.632566 0.133134
vt 0.614003 0.149212
vt 0.596569 0.145220
vt 0.632566 0.151949
vt 0.614003 0.165774
vt 0.596569 0.160601
vt 0.632566 0.169320
vt 0.549639 0.743436
vt 0.549639 0.745537
vt 0.546076 0.743436
vt 0.553102 0.745537
vt 0.546077 0.745537
vt 0.553102 0.743436
vt 0.542647 0.743436
vt 0.556215 0.745537
vt 0.542647 0.745537
vt 0.556215 0.743436
vt 0.542647 0.746920
vt 0.545761 0.746920
vt 0.545761 0.749021
vt 0.549223 0.749021
vt 0.542647 0.749021
vt 0.549223 0.746920
vt 0.552787 0.749021
vt 0.552787 0.746920
vt 0.556211 0.749021
vt 0.556211 0.746920
vt 0.573872 0.603169
vt 0.529751 0.603169
vt 0.529751 0.601997
vt 0.573871 0.602400
vt 0.577212 0.602400
vt 0.577380 0.601997
vt 0.542673 0.753748
vt 0.546526 0.751950
vt 0.542740 0.754181
vt 0.546248 0.751634
vt 0.546227 0.751295
vt 0.542647 0.753412
vt 0.542668 0.753198
vt 0.546236 0.751282
vt 0.546551 0.750966
vt 0.546664 0.750849
vt 0.542727 0.753126
vt 0.547080 0.750580
vt 0.547349 0.750403
vt 0.529751 0.600614
vt 0.573871 0.600207
vt 0.577380 0.600614
vt 0.573871 0.599446
vt 0.577212 0.600207
vt 0.529751 0.599446
vt 0.573871 0.598005
vt 0.529751 0.598005
vt 0.396207 0.725435
vt 0.396207 0.604049
vt 0.397020 0.604049
vt 0.395330 0.724875
vt 0.397020 0.725950
vt 0.368836 0.738260
vt 0.395330 0.604049
vt 0.397726 0.604049
vt 0.368917 0.739123
vt 0.368808 0.737306
vt 0.394453 0.724318
vt 0.397726 0.726403
vt 0.369049 0.739837
vt 0.394453 0.604049
vt 0.398264 0.726746
vt 0.368836 0.736320
vt 0.393631 0.723799
vt 0.369202 0.740303
vt 0.398264 0.604049
vt 0.369057 0.739860
vt 0.393631 0.604049
vt 0.369207 0.740362
vt 0.368917 0.735380
vt 0.392934 0.723356
vt 0.392934 0.604049
vt 0.369049 0.734544
vt 0.392396 0.604049
vt 0.369202 0.733943
vt 0.392396 0.723012
vt 0.369207 0.733875
vt 0.402003 0.604049
vt 0.402880 0.604049
vt 0.402003 0.724875
vt 0.402880 0.724318
vt 0.401127 0.725435
vt 0.428529 0.737306
vt 0.403703 0.604049
vt 0.428498 0.738260
vt 0.401127 0.604049
vt 0.428498 0.736320
vt 0.403703 0.723799
vt 0.428416 0.739123
vt 0.400313 0.725950
vt 0.404400 0.604049
vt 0.400313 0.604049
vt 0.428416 0.735380
vt 0.404400 0.723356
vt 0.428290 0.739842
vt 0.399607 0.726403
vt 0.404937 0.723012
vt 0.399607 0.604049
vt 0.428290 0.734549
vt 0.404937 0.604049
vt 0.428132 0.733943
vt 0.428132 0.740303
vt 0.399070 0.604049
vt 0.428126 0.733875
vt 0.399070 0.726746
vt 0.428126 0.740362
vt 0.445865 0.604049
vt 0.445052 0.626899
vt 0.445052 0.604107
vt 0.445865 0.627238
vt 0.444174 0.626782
vt 0.444174 0.604180
vt 0.443298 0.604107
vt 0.443298 0.626899
vt 0.442475 0.604049
vt 0.442475 0.627238
vt 0.440662 0.604165
vt 0.441476 0.633562
vt 0.440662 0.633503
vt 0.441476 0.604505
vt 0.439785 0.633431
vt 0.439785 0.604049
vt 0.438909 0.633503
vt 0.438909 0.604165
vt 0.438086 0.633562
vt 0.438086 0.604505
vt 0.430130 0.726954
vt 0.429307 0.726746
vt 0.429307 0.604049
vt 0.430130 0.604049
vt 0.431007 0.727035
vt 0.431007 0.604049
vt 0.431884 0.726954
vt 0.431884 0.604049
vt 0.432697 0.726746
vt 0.432697 0.604049
vt 0.433696 0.723012
vt 0.433696 0.604049
vt 0.434520 0.723012
vt 0.434520 0.604266
vt 0.435396 0.723012
vt 0.435396 0.610007
vt 0.435396 0.604338
vt 0.436273 0.604266
vt 0.436273 0.723012
vt 0.437087 0.723012
vt 0.435396 0.666507
vt 0.437087 0.604049
vt 0.502291 0.739516
vt 0.502291 0.599451
vt 0.503239 0.599451
vt 0.503239 0.739914
vt 0.504061 0.599451
vt 0.504061 0.740545
vt 0.504690 0.741365
vt 0.504690 0.599451
vt 0.507235 0.739914
vt 0.507235 0.599451
vt 0.508190 0.599451
vt 0.506419 0.740545
vt 0.508190 0.739516
vt 0.506419 0.599451
vt 0.505790 0.599451
vt 0.505790 0.741365
vt 0.463372 0.599451
vt 0.464328 0.599451
vt 0.463372 0.747160
vt 0.464328 0.746766
vt 0.462350 0.747300
vt 0.465144 0.599451
vt 0.462350 0.599451
vt 0.465144 0.746136
vt 0.461321 0.747160
vt 0.465773 0.745316
vt 0.461321 0.599451
vt 0.465773 0.599451
vt 0.460372 0.746766
vt 0.460372 0.599451
vt 0.459551 0.746136
vt 0.459551 0.599451
vt 0.458922 0.599451
vt 0.458922 0.745316
vt 0.513741 0.621843
vt 0.513741 0.599580
vt 0.514696 0.621130
vt 0.512718 0.599451
vt 0.514696 0.599974
vt 0.512718 0.622035
vt 0.515512 0.619937
vt 0.511689 0.621843
vt 0.515512 0.600603
vt 0.511689 0.599580
vt 0.516141 0.618341
vt 0.510740 0.621130
vt 0.516141 0.601424
vt 0.510740 0.599974
vt 0.509919 0.619937
vt 0.509919 0.600603
vt 0.509290 0.618341
vt 0.509290 0.601424
vt 0.521545 0.600889
vt 0.521545 0.601582
vt 0.520597 0.601295
vt 0.522367 0.600267
vt 0.520597 0.601508
vt 0.522367 0.602840
vt 0.522995 0.599451
vt 0.522995 0.604499
vt 0.519497 0.601295
vt 0.519497 0.601508
vt 0.518541 0.601582
vt 0.518541 0.600889
vt 0.517726 0.600267
vt 0.517726 0.601553
vt 0.517794 0.602728
vt 0.517097 0.604499
vt 0.517726 0.602840
vt 0.517097 0.599451
vt 0.480672 0.745316
vt 0.480672 0.602453
vt 0.481689 0.745316
vt 0.479711 0.603403
vt 0.481689 0.601430
vt 0.479711 0.745316
vt 0.474287 0.603223
vt 0.482711 0.745316
vt 0.472725 0.602453
vt 0.474663 0.603403
vt 0.482711 0.600401
vt 0.471449 0.601818
vt 0.483673 0.745316
vt 0.470668 0.601430
vt 0.483673 0.599451
vt 0.468632 0.600401
vt 0.466756 0.599451
vt 0.499456 0.743338
vt 0.498439 0.742315
vt 0.498439 0.599451
vt 0.489217 0.742950
vt 0.497478 0.599451
vt 0.499456 0.599451
vt 0.490492 0.742315
vt 0.488435 0.743338
vt 0.497478 0.741365
vt 0.500479 0.744366
vt 0.492054 0.741545
vt 0.500479 0.599451
vt 0.486400 0.744366
vt 0.492430 0.741365
vt 0.501441 0.745316
vt 0.501441 0.599451
vt 0.484523 0.745316
vt 0.529216 0.685492
vt 0.534094 0.685492
vt 0.534094 0.700943
vt 0.535847 0.702620
vt 0.537337 0.704922
vt 0.538275 0.707524
vt 0.538874 0.685492
vt 0.524321 0.685492
vt 0.529001 0.700755
vt 0.526749 0.699654
vt 0.524321 0.699203
vt 0.519416 0.685492
vt 0.521896 0.699654
vt 0.519617 0.700755
vt 0.519416 0.700943
vt 0.514663 0.685492
vt 0.517691 0.702608
vt 0.516188 0.704922
vt 0.515263 0.707524
vt 0.514940 0.710251
usemtl lambert5SG
f 1859/1863 1867/1864 1863/1865
f 1833/1870 1822/1872 1829/1871
f 1833/1870 1813/1875 1817/1873
f 1833/1870 1817/1873 1822/1872
f 1849/1867 1859/1863 1853/1866
f 1863/1865 1853/1866 1859/1863
f 1839/1869 1849/1867 1843/1868
f 1853/1866 1843/1868 1849/1867
f 1829/1871 1839/1869 1833/1870
f 1843/1868 1833/1870 1839/1869
f 1815/1874 1829/1871 1822/1872
f 1833/1870 1808/1877 1813/1875
f 1781/1883 1768/1887 1774/1885
f 1690/1901 1675/1905 1687/1903
f 1638/1915 1622/1919 1626/1917
f 1796/1881 1808/1877 1803/1879
f 1833/1870 1803/1879 1808/1877
f 1774/1885 1796/1881 1781/1883
f 1803/1879 1781/1883 1796/1881
f 1794/1882 1772/1886 1777/1884
f 1806/1878 1794/1882 1799/1880
f 1592/1925 1573/1931 1581/1929
f 1752/1891 1768/1887 1759/1889
f 1781/1883 1759/1889 1768/1887
f 1736/1895 1752/1891 1745/1893
f 1759/1889 1745/1893 1752/1891
f 1766/1888 1750/1892 1755/1890
f 1722/1899 1736/1895 1731/1897
f 1745/1893 1731/1897 1736/1895
f 1750/1892 1734/1896 1741/1894
f 1687/1903 1722/1899 1690/1901
f 1731/1897 1690/1901 1722/1899
f 1734/1896 1720/1900 1727/1898
f 1592/1925 1581/1929 1585/1927
f 1661/1909 1675/1905 1668/1907
f 1690/1901 1668/1907 1675/1905
f 1685/1902 1673/1906 1682/1904
f 1643/1913 1661/1909 1652/1911
f 1668/1907 1652/1911 1661/1909
f 1673/1906 1659/1910 1664/1908
f 1626/1917 1643/1913 1638/1915
f 1652/1911 1638/1915 1643/1913
f 1641/1914 1624/1918 1634/1916
f 1659/1910 1641/1914 1648/1912
f 1599/1923 1622/1919 1616/1921
f 1638/1915 1616/1921 1622/1919
f 1585/1927 1599/1923 1592/1925
f 1616/1921 1592/1925 1599/1923
f 1597/1924 1583/1928 1588/1926
f 1620/1920 1597/1924 1612/1922
f 1573/1931 1564/1933 1569/1935
f 1592/1925 1564/1933 1573/1931
f 1811/1876 1829/1871 1815/1874
f 1806/1878 1829/1871 1811/1876
f 1755/1890 1777/1884 1766/1888
f 1799/1880 1829/1871 1806/1878
f 1777/1884 1799/1880 1794/1882
f 1766/1888 1777/1884 1772/1886
f 1741/1894 1755/1890 1750/1892
f 1682/1904 1727/1898 1685/1902
f 1727/1898 1741/1894 1734/1896
f 1685/1902 1727/1898 1720/1900
f 1571/1932 1588/1926 1579/1930
f 1664/1908 1682/1904 1673/1906
f 1648/1912 1664/1908 1659/1910
f 1612/1922 1634/1916 1620/1920
f 1634/1916 1648/1912 1641/1914
f 1620/1920 1634/1916 1624/1918
f 1588/1926 1612/1922 1597/1924
f 1579/1930 1588/1926 1583/1928
f 1560/1934 1571/1932 1569/1935
f 1560/1934 1588/1926 1571/1932
f 1534/1940 1516/1942 1530/1941
f 1560/1934 1569/1935 1564/1933
f 1550/1937 1560/1934 1554/1936
f 1564/1933 1554/1936 1560/1934
f 1540/1939 1550/1937 1544/1938
f 1554/1936 1544/1938 1550/1937
f 1530/1941 1540/1939 1534/1940
f 1544/1938 1534/1940 1540/1939
f 1746/2063 1747/2064 1760/2065
f 1761/2067 1760/2065 1747/2064
f 1744/2095 1745/2096 1758/2097
f 1759/2099 1758/2097 1745/2096
f 1782/1635 1783/1640 1804/1631
f 1805/1637 1804/1631 1783/1640
f 1780/1734 1781/1733 1802/1731
f 1803/1732 1802/1731 1781/1733
f 1760/1645 1761/1643 1782/1635
f 1783/1640 1782/1635 1761/1643
f 1758/1736 1759/1735 1780/1734
f 1781/1733 1780/1734 1759/1735
f 1778/2109 1751/2110 1767/2111
f 1751/2110 1778/2109 1756/2112
f 1816/1587 1868/1588 1860/1589
f 1868/1588 1816/1587 1823/1590
f 1812/1592 1860/1589 1850/1597
f 1860/1589 1812/1592 1816/1587
f 1773/1617 1830/1614 1800/1622
f 1830/1614 1773/1617 1795/1609
f 1807/1601 1850/1597 1840/1606
f 1850/1597 1807/1601 1812/1592
f 1767/1625 1751/1639 1750/1634
f 1750/1634 1766/1630 1767/1625
f 1795/1609 1840/1606 1830/1614
f 1840/1606 1795/1609 1807/1601
f 1806/1610 1811/1602 1807/1601
f 1812/1592 1807/1601 1811/1602
f 1800/1622 1767/1625 1773/1617
f 1767/1625 1800/1622 1778/1629
f 1772/1626 1794/1618 1773/1617
f 1795/1609 1773/1617 1794/1618
f 1773/1617 1767/1625 1766/1630
f 1766/1630 1772/1626 1773/1617
f 1815/1598 1822/1593 1816/1587
f 1823/1590 1816/1587 1822/1593
f 1742/2114 1721/2117 1735/2113
f 1721/2117 1742/2114 1728/2121
f 1728/2121 1686/2122 1721/2117
f 1686/2122 1728/2121 1683/2125
f 1660/2130 1642/2134 1641/2135
f 1641/2135 1659/2131 1660/2130
f 1683/2125 1674/2126 1686/2122
f 1674/2126 1683/2125 1665/2129
f 1756/2112 1735/2113 1751/2110
f 1735/2113 1756/2112 1742/2114
f 1674/2126 1660/2130 1659/2131
f 1659/2131 1673/2127 1674/2126
f 1649/2133 1642/2134 1660/2130
f 1642/2134 1649/2133 1635/2137
f 1642/1697 1625/1689 1624/1694
f 1624/1694 1641/1702 1642/1697
f 1721/2117 1686/2122 1685/2123
f 1685/2123 1720/2118 1721/2117
f 1735/2113 1721/2117 1720/2118
f 1720/2118 1734/2115 1735/2113
f 1665/2129 1660/2130 1674/2126
f 1660/2130 1665/2129 1649/2133
f 1635/2137 1625/2138 1642/2134
f 1625/2138 1635/2137 1613/2140
f 1569/1647 1570/1648 1573/1649
f 1574/1651 1573/1649 1570/1648
f 1535/1655 1570/1648 1517/1653
f 1570/1648 1535/1655 1574/1651
f 1571/1652 1572/1650 1569/1647
f 1570/1648 1569/1647 1572/1650
f 1620/1685 1621/1681 1597/1677
f 1598/1673 1597/1677 1621/1681
f 1597/1677 1598/1673 1583/1669
f 1584/1664 1583/1669 1598/1673
f 1551/1674 1598/1673 1561/1682
f 1598/1673 1551/1674 1584/1664
f 1572/1650 1571/1652 1579/1656
f 1579/1656 1580/1659 1572/1650
f 1541/1665 1584/1664 1551/1674
f 1584/1664 1541/1665 1580/1659
f 1531/1657 1580/1659 1541/1665
f 1580/1659 1531/1657 1572/1650
f 1561/1682 1621/1681 1589/1690
f 1621/1681 1561/1682 1598/1673
f 1517/1653 1572/1650 1531/1657
f 1572/1650 1517/1653 1570/1648
f 1613/1693 1621/1681 1625/1689
f 1621/1681 1613/1693 1589/1690
f 1623/1680 1622/1684 1599/1676
f 1599/1676 1600/1672 1623/1680
f 1535/1655 1582/1654 1574/1651
f 1582/1654 1535/1655 1545/1662
f 1545/1662 1586/1668 1582/1654
f 1586/1668 1545/1662 1555/1671
f 1661/2091 1662/2088 1675/2089
f 1676/2084 1675/2089 1662/2088
f 1593/1687 1627/1692 1623/1680
f 1627/1692 1593/1687 1617/1695
f 1565/1679 1623/1680 1600/1672
f 1623/1680 1565/1679 1593/1687
f 1617/2092 1644/2090 1627/2094
f 1644/2090 1617/2092 1639/2087
f 1643/2093 1644/2090 1661/2091
f 1662/2088 1661/2091 1644/2090
f 1555/1671 1600/1672 1586/1668
f 1600/1672 1555/1671 1565/1679
f 1626/1688 1627/1692 1643/1696
f 1644/1701 1643/1696 1627/1692
f 1600/1672 1599/1676 1585/1663
f 1585/1663 1586/1668 1600/1672
f 1581/1658 1582/1654 1585/1663
f 1586/1668 1585/1663 1582/1654
f 1669/2079 1688/2080 1676/2084
f 1688/2080 1669/2079 1691/2075
f 1732/2069 1737/2070 1723/2076
f 1737/2070 1732/2069 1746/2063
f 1687/2085 1688/2080 1722/2081
f 1723/2076 1722/2081 1688/2080
f 1768/1641 1769/1636 1774/1632
f 1775/1627 1774/1632 1769/1636
f 1691/2075 1723/2076 1688/2080
f 1723/2076 1691/2075 1732/2069
f 1675/2089 1676/2084 1687/2085
f 1688/2080 1687/2085 1676/2084
f 1639/2087 1662/2088 1644/2090
f 1662/2088 1639/2087 1653/2083
f 1722/2081 1723/2076 1736/2077
f 1737/2070 1736/2077 1723/2076
f 1736/2077 1737/2070 1752/2073
f 1753/2068 1752/2073 1737/2070
f 1760/2065 1769/2071 1753/2068
f 1769/2071 1760/2065 1782/2074
f 1653/2083 1676/2084 1662/2088
f 1676/2084 1653/2083 1669/2079
f 1746/2063 1753/2068 1737/2070
f 1753/2068 1746/2063 1760/2065
f 1775/1627 1796/1624 1774/1632
f 1796/1624 1775/1627 1797/1619
f 1775/1627 1834/1623 1797/1619
f 1834/1623 1775/1627 1804/1631
f 1822/1593 1817/1599 1823/1590
f 1818/1594 1823/1590 1817/1599
f 1809/1611 1813/1608 1808/1616
f 1813/1608 1809/1611 1814/1603
f 1797/1619 1844/1615 1809/1611
f 1844/1615 1797/1619 1834/1623
f 1818/1594 1868/1588 1823/1590
f 1868/1588 1818/1594 1864/1600
f 1814/1603 1864/1600 1818/1594
f 1864/1600 1814/1603 1854/1607
f 1782/1635 1775/1627 1769/1636
f 1775/1627 1782/1635 1804/1631
f 1809/1611 1854/1607 1814/1603
f 1854/1607 1809/1611 1844/1615
f 1797/1619 1808/1616 1796/1624
f 1808/1616 1797/1619 1809/1611
f 1794/1618 1806/1610 1795/1609
f 1807/1601 1795/1609 1806/1610
f 1811/1602 1815/1598 1812/1592
f 1816/1587 1812/1592 1815/1598
f 1814/1603 1817/1599 1813/1608
f 1817/1599 1814/1603 1818/1594
f 1752/1646 1753/1644 1768/1641
f 1769/1636 1768/1641 1753/1644
f 1751/2110 1735/2113 1734/2115
f 1734/2115 1750/2119 1751/2110
f 1622/1684 1623/1680 1626/1688
f 1627/1692 1626/1688 1623/1680
f 1625/1689 1621/1681 1620/1685
f 1620/1685 1624/1694 1625/1689
f 1582/1654 1581/1658 1573/1649
f 1573/1649 1574/1651 1582/1654
f 1583/1669 1584/1664 1579/1656
f 1580/1659 1579/1656 1584/1664
f 1686/2122 1674/2126 1673/2127
f 1673/2127 1685/2123 1686/2122
f 1840/1606 1850/1597 1841/1605
f 1851/1596 1841/1605 1850/1597
f 1838/1707 1848/1708 1839/1709
f 1849/1710 1839/1709 1848/1708
f 1850/1597 1860/1589 1851/1596
f 1861/1591 1851/1596 1860/1589
f 1848/1708 1858/1712 1849/1710
f 1859/1714 1849/1710 1858/1712
f 1830/1614 1840/1606 1831/1613
f 1841/1605 1831/1613 1840/1606
f 1828/1713 1838/1707 1829/1711
f 1839/1709 1829/1711 1838/1707
f 1082/381 945/382 937/383
f 1082/381 1056/384 1050/385
f 1056/384 1082/381 1062/386
f 945/382 1015/387 1012/388
f 1015/387 945/382 1017/389
f 1017/389 945/382 1019/390
f 1019/390 945/382 1030/391
f 1030/391 945/382 1082/381
f 1030/391 1082/381 1037/392
f 1037/392 1082/381 1043/393
f 1043/393 1082/381 1050/385
f 715/1142 672/1143 671/1144
f 671/1144 714/1145 715/1142
f 784/1146 805/1147 785/1148
f 806/1149 785/1148 805/1147
f 132/1150 131/1151 154/1152
f 153/1153 154/1152 131/1151
f 522/1154 467/1155 466/1156
f 466/1156 521/1157 522/1154
f 805/1147 818/1158 806/1149
f 819/1159 806/1149 818/1158
f 583/1160 522/1154 521/1157
f 521/1157 582/1161 583/1160
f 714/1145 745/1162 715/1142
f 746/1163 715/1142 745/1162
f 672/1143 641/1164 640/1165
f 640/1165 671/1144 672/1143
f 745/1162 784/1146 746/1163
f 785/1148 746/1163 784/1146
f 641/1164 583/1160 582/1161
f 582/1161 640/1165 641/1164
f 287/1166 246/1167 245/1168
f 245/1168 286/1169 287/1166
f 351/1170 287/1166 286/1169
f 286/1169 350/1171 351/1170
f 873/2459 744/2460 763/2461
f 744/2460 873/2459 867/2462
f 911/2471 777/2469 795/2476
f 777/2469 911/2471 900/2464
f 867/2462 765/2466 744/2460
f 765/2466 867/2462 865/2470
f 864/2472 797/2483 779/2473
f 797/2483 864/2472 866/2481
f 865/2470 779/2473 765/2466
f 779/2473 865/2470 864/2472
f 966/2596 859/2597 870/2598
f 859/2597 966/2596 962/2599
f 900/2464 763/2461 777/2469
f 763/2461 900/2464 873/2459
f 847/3352 912/3351 861/3348
f 847/3352 904/3353 912/3351
f 847/3352 901/3354 904/3353
f 804/2639 874/2640 839/2641
f 874/2640 804/2639 868/2642
f 1152/3491 1153/3489 1156/3485
f 1157/3487 1156/3485 1153/3489
f 1096 1095 1090
f 1090 1091 1096
f 1120/3534 1121/3535 1135/3536
f 1136/3538 1135/3536 1121/3535
f 1094/3464 1093/3465 1097/3466
f 1097/3466 1098/3467 1094/3464
f 1100/3472 1099/3473 1095/3474
f 1095/3474 1096/3476 1100/3472
f 1144/3541 1145/3544 1152/3546
f 1153/3548 1152/3546 1145/3544
f 1092 1090 1093
f 1093 1094 1092
f 1109/3539 1110/3537 1120/3534
f 1121/3535 1120/3534 1110/3537
f 1164/3481 1156/3485 1165/3483
f 1157/3487 1165/3483 1156/3485
f 1178/3480 1164/3481 1179/3482
f 1165/3483 1179/3482 1164/3481
f 1103/3477 1104/3475 1109/3478
f 1110/3479 1109/3478 1104/3475
f 1135/3536 1136/3538 1144/3541
f 1145/3544 1144/3541 1136/3538
f 1104/3475 1103/3477 1099/3473
f 1099/3473 1100/3472 1104/3475
f 1154/3495 1162/3493 1155/3494
f 1163/3492 1155/3494 1162/3493
f 1134/3551 1119/3552 1118/3553
f 1118/3553 1133/3556 1134/3551
f 1098/3467 1097/3466 1101/3468
f 1101/3468 1102/3469 1098/3467
f 1143/3560 1134/3551 1133/3556
f 1133/3556 1142/3562 1143/3560
f 1119/3552 1108/3559 1107/3555
f 1107/3555 1118/3553 1119/3552
f 1108/3470 1102/3469 1101/3468
f 1101/3468 1107/3471 1108/3470
f 1151/3565 1143/3560 1142/3562
f 1142/3562 1150/3566 1151/3565
f 1155/3494 1151/3497 1150/3496
f 1150/3496 1154/3495 1155/3494
f 1162/3493 1176/3490 1163/3492
f 1177/3488 1163/3492 1176/3490
f 1153/3548 1038/3549 1031/3550
f 1038/3549 1153/3548 1145/3544
f 1181/3486 1178/3480 1182/3484
f 1179/3482 1182/3484 1178/3480
f 1145/3544 1044/3547 1038/3549
f 1044/3547 1145/3544 1136/3538
f 1176/3490 1181/3486 1177/3488
f 1182/3484 1177/3488 1181/3486
f 1157/3506 1031/3508 1020/3504
f 1031/3508 1157/3506 1153/3510
f 1016/3498 1179/3499 1018/3500
f 1018/3500 1179/3499 1165/3502
f 1018/3500 1165/3502 1020/3504
f 1020/3504 1165/3502 1157/3506
f 1056/3557 1119/3552 1050/3554
f 1050/3554 1119/3552 1134/3551
f 1134/3551 1043/3558 1050/3554
f 1088 1092 1094
f 1163/3511 1019/3512 1155/3513
f 1163/3511 1017/3509 1019/3512
f 1087/3529 1065/3531 1104/3528
f 1110/3533 1104/3528 1065/3531
f 1073/3532 1065/3531 1087/3529
f 1064/3564 1108/3559 1062/3561
f 1062/3561 1108/3559 1119/3552
f 1119/3552 1056/3557 1062/3561
f 1151/3565 1030/3567 1037/3563
f 1037/3563 1143/3560 1151/3565
f 1143/3560 1037/3563 1043/3558
f 1043/3558 1134/3551 1143/3560
f 1065/3543 1063/3540 1110/3537
f 1110/3537 1063/3540 1121/3535
f 1121/3535 1063/3540 1057/3542
f 1057/3542 1136/3538 1121/3535
f 1136/3538 1057/3542 1051/3545
f 1136/3538 1051/3545 1044/3547
f 1096 1092 1089
f 1108/3522 1064/3523 1072/3521
f 1072/3521 1102/3519 1108/3522
f 1155/3513 1019/3512 1030/3514
f 1030/3514 1151/3515 1155/3513
f 1177/3507 1017/3509 1163/3511
f 1177/3507 1015/3505 1017/3509
f 1182/3501 1015/3505 1177/3507
f 1182/3501 1012/3503 1015/3505
f 1012/3503 1182/3501 1016/3498
f 1016/3498 1182/3501 1179/3499
f 1331/1415 518/1416 517/1417
f 517/1417 1330/1418 1331/1415
f 520/1423 519/1424 517/1425
f 517/1425 518/1426 520/1423
f 519/1419 520/1420 1356/1421
f 1357/1422 1356/1421 520/1420
f 1353/1737 1355/1738 1357/1739
f 1362/1750 1361/1753 1358/1745
f 1360/1748 1364/1751 1362/1750
f 1359/1740 1358/1745 1356/1742
f 1360/1748 1358/1745 1359/1740
f 1337/1763 1335/1765 1333/1762
f 1333/1762 1335/1765 1336/1767
f 1333/1762 1336/1767 1338/1770
f 1333/1762 1338/1770 1340/1772
f 1333/1762 1340/1772 1342/1774
f 1359/1740 1352/1746 1350/1749
f 1351/1741 1353/1737 1357/1739
f 1348/1747 1349/1744 1357/1739
f 1356/1742 1357/1739 1359/1740
f 1349/1744 1351/1741 1357/1739
f 1359/1740 1354/1743 1352/1746
f 1359/1740 1355/1738 1354/1743
f 1359/1740 1357/1739 1355/1738
f 1359/1740 1350/1749 1347/1752
f 1359/1740 1347/1752 1346/1755
f 1359/1740 1345/1757 1344/1758
f 1359/1740 1346/1755 1345/1757
f 1359/1740 1344/1758 1343/1759
f 1359/1740 1343/1759 1341/1760
f 1359/1740 1341/1760 1339/1761
f 1333/1762 1334/1764 1359/1740
f 1339/1761 1337/1763 1333/1762
f 1359/1740 1339/1761 1333/1762
f 1330 1332 1331
f 1333 1331 1332
f 1365/1754 1364/1751 1359/1740
f 1361/1753 1362/1750 1363/1756
f 1215/1401 1331/1402 1219/1403
f 518/1404 1331/1402 626/1405
f 1220/1406 1348/1407 1271/1408
f 2158/2256 2261/2257 2248/2258
f 1333/1409 1219/1403 1331/1402
f 1342/1410 1219/1403 1333/1409
f 1357/1411 628/1412 1223/1413
f 1357/1411 1223/1413 1271/1408
f 1220/1406 1271/1408 1223/1413
f 628/1412 520/1414 626/1405
f 1357/1411 520/1414 628/1412
f 626/1405 1331/1402 1215/1401
f 518/1404 626/1405 520/1414
f 2248/2258 2150/2259 2158/2256
f 2150/2259 2047/2260 2068/2261
f 2068/2261 2158/2256 2150/2259
f 1357/1411 1271/1408 1348/1407
f 962/2599 960/2608 956/2606
f 1224/3254 628/3255 629/3256
f 628/3255 1224/3254 1223/3257
f 931/2886 846/2887 860/2888
f 931/2886 898/2892 909/2894
f 931/2886 860/2888 871/2890
f 869/2920 1216/2906 896/2916
f 1224/2932 1160/2936 1191/2937
f 1224/2932 1191/2937 1222/2938
f 627/2910 776/2918 762/2914
f 627/2910 1216/2906 844/2928
f 858/2924 1216/2906 869/2920
f 844/2928 1216/2906 858/2924
f 629/2907 743/2903 730/2905
f 1224/2932 1126/2935 1160/2936
f 840/2889 778/2897 796/2895
f 627/2910 743/2903 629/2907
f 764/2899 739/2901 743/2903
f 741/2911 629/2907 730/2905
f 840/2889 764/2899 778/2897
f 931/2886 871/2890 898/2892
f 1158/2921 1216/2906 1190/2925
f 1224/2932 1047/2933 1076/2934
f 1224/2932 1076/2934 1126/2935
f 1224/2932 1023/2931 1047/2933
f 840/2889 803/2893 838/2891
f 931/2886 840/2889 846/2887
f 840/2889 796/2895 803/2893
f 627/2910 844/2928 836/2930
f 840/2889 739/2901 764/2899
f 842/2915 629/2907 741/2911
f 1004/2927 629/2907 989/2923
f 931/2886 925/2896 927/2898
f 1023/2931 629/2907 1004/2927
f 934/2919 629/2907 842/2915
f 989/2923 629/2907 934/2919
f 1224/2932 629/2907 1023/2931
f 1217/2929 1190/2925 1216/2906
f 931/2886 909/2894 925/2896
f 838/2891 846/2887 840/2889
f 730/2905 743/2903 739/2901
f 1124/2917 1216/2906 1158/2921
f 1074/2913 1216/2906 1124/2917
f 1045/2909 1216/2906 1074/2913
f 923/2908 1216/2906 927/2898
f 1021/2904 1216/2906 1045/2909
f 927/2898 987/2900 931/2886
f 927/2898 1002/2902 987/2900
f 896/2916 1216/2906 907/2912
f 927/2898 1021/2904 1002/2902
f 907/2912 1216/2906 923/2908
f 927/2898 1216/2906 1021/2904
f 627/2910 801/2926 794/2922
f 627/2910 794/2922 776/2918
f 627/2910 762/2914 743/2903
f 627/2910 836/2930 801/2926
f 844/2604 858/2600 859/2597
f 844/2604 859/2597 845/2602
f 1220/2692 1223/2693 1221/2694
f 1215/2697 1219/2698 1216/2699
f 1216/2699 1219/2698 1218/2700
f 1216/2699 1218/2700 1217/2701
f 1221/2694 1223/2693 1222/2695
f 1224/2696 1222/2695 1223/2693
f 629/2702 628/2703 626/2704
f 626/2704 627/2705 629/2702
f 1216/3258 627/3259 626/3260
f 626/3260 1215/3261 1216/3258
f 860/2649 861/2650 871/2651
f 871/2651 861/2650 872/2652
f 779/2473 778/2484 764/2474
f 764/2474 765/2466 779/2473
f 909/2526 898/2531 910/2528
f 899/2535 910/2528 898/2531
f 744/2460 743/2468 762/2463
f 762/2463 763/2461 744/2460
f 765/2466 764/2474 743/2468
f 743/2468 744/2460 765/2466
f 871/2541 872/2539 898/2531
f 899/2535 898/2531 872/2539
f 797/2483 796/2492 778/2484
f 778/2484 779/2473 797/2483
f 763/2461 762/2463 776/2467
f 776/2467 777/2469 763/2461
f 796/2492 797/2483 803/2497
f 803/2497 797/2483 804/2495
f 838/2644 839/2641 846/2647
f 846/2647 839/2641 847/2648
f 777/2469 776/2467 794/2475
f 794/2475 795/2476 777/2469
f 803/2646 804/2639 838/2644
f 838/2644 804/2639 839/2641
f 802/2479 795/2476 794/2475
f 794/2475 801/2488 802/2479
f 836/2610 844/2604 845/2602
f 836/2610 845/2602 837/2609
f 846/2647 847/2648 860/2649
f 860/2649 847/2648 861/2650
f 801/2615 836/2610 837/2609
f 801/2615 837/2609 802/2618
f 925/2525 909/2526 926/2527
f 910/2528 926/2527 909/2526
f 907/2544 923/2540 908/2543
f 924/2537 908/2543 923/2540
f 869/2549 896/2547 897/2546
f 869/2549 897/2546 870/2548
f 858/2600 869/2603 870/2598
f 858/2600 870/2598 859/2597
f 923/2540 927/2533 924/2537
f 928/2529 924/2537 927/2533
f 962/2599 845/2602 859/2597
f 845/2602 962/2599 956/2606
f 956/2606 837/2609 845/2602
f 956/2606 955/2612 837/2609
f 954/2614 953/2617 837/2609
f 953/2617 954/2614 956/2606
f 951/2498 956/2504 954/2501
f 896/2547 907/2544 897/2546
f 908/2543 897/2546 907/2544
f 927/2533 925/2525 928/2529
f 926/2527 928/2529 925/2525
f 1082/381 1064/394 1062/386
f 1064/394 1082/381 1072/395
f 1072/395 1082/381 1085/396
f 1486/1831 1472/1827 1471/1829
f 1471/1829 1485/1832 1486/1831
f 1929/1795 1944/1791 1930/1793
f 1945/1789 1930/1793 1944/1791
f 1990/1777 1998/1778 1991/1779
f 1999/1780 1991/1779 1998/1778
f 1978/1783 1990/1777 1979/1781
f 1991/1779 1979/1781 1990/1777
f 1891/2141 1825/2142 1824/2143
f 1824/2143 1890/2145 1891/2141
f 1965/1787 1978/1783 1966/1785
f 1979/1781 1966/1785 1978/1783
f 1749/2146 1672/2150 1671/2148
f 1671/2148 1748/2144 1749/2146
f 1825/2142 1749/2146 1748/2144
f 1748/2144 1824/2143 1825/2142
f 1970/1790 1957/1794 1971/1792
f 1958/1796 1971/1792 1957/1794
f 1510/2154 1486/2156 1485/2155
f 1485/2155 1509/2153 1510/2154
f 1993/1782 1986/1786 1994/1784
f 1987/1788 1994/1784 1986/1786
f 1986/1786 1970/1790 1987/1788
f 1971/1792 1987/1788 1970/1790
f 1912/2147 1891/2141 1890/2145
f 1890/2145 1911/2149 1912/2147
f 1998/1778 1993/1782 1999/1780
f 1994/1784 1999/1780 1993/1782
f 1930/1793 1912/1799 1911/1797
f 1911/1797 1929/1795 1930/1793
f 1672/2150 1610/2152 1609/2151
f 1609/2151 1671/2148 1672/2150
f 1944/1791 1965/1787 1945/1789
f 1966/1785 1945/1789 1965/1787
f 1957/1794 1940/1798 1958/1796
f 1941/1800 1958/1796 1940/1798
f 1610/2152 1510/2154 1509/2153
f 1509/2153 1609/2151 1610/2152
f 2203/71 2218/72 2232/73
f 2193/74 2184/75 2218/72
f 2237/76 2184/75 2207/77
f 2184/75 2237/76 2218/72
f 1333/1762 1332/1768 1370/1766
f 1334/1764 1333/1762 1370/1766
f 1370/1766 1371/1769 1334/1764
f 1519/9 1520/10 1605/11
f 1606/12 1605/11 1520/10
f 1981/13 1947/14 1946/15
f 1946/15 1980/16 1981/13
f 2063/17 2058/18 2064/19
f 2059/20 2064/19 2058/18
f 1920/21 1887/22 1886/23
f 1886/23 1919/24 1920/21
f 2004/25 1982/26 2005/27
f 1983/28 2005/27 1982/26
f 1887/22 1787/29 1786/30
f 1786/30 1886/23 1887/22
f 1787/29 1680/31 1679/32
f 1679/32 1786/30 1787/29
f 1693/69 1694/70 1788/68
f 1789/35 1788/68 1694/70
f 2058/18 2037/36 2059/20
f 2038/37 2059/20 2037/36
f 1680/31 1604/38 1603/39
f 1603/39 1679/32 1680/31
f 1604/38 1497/40 1496/41
f 1496/41 1603/39 1604/38
f 1497/40 1476/42 1475/43
f 1475/43 1496/41 1497/40
f 1947/14 1920/21 1919/24
f 1919/24 1946/15 1947/14
f 1387/44 1386/45 1397/46
f 1397/46 1398/47 1387/44
f 1948/48 1949/49 1982/26
f 1983/28 1982/26 1949/49
f 2035/50 2056/51 2036/52
f 2057/53 2036/52 2056/51
f 2037/36 2022/54 2038/37
f 2023/55 2038/37 2022/54
f 1371/1769 1370/1766 1375/1771
f 1375/1771 1376/1773 1371/1769
f 1980/16 2002/56 1981/13
f 2003/57 1981/13 2002/56
f 1376/1773 1375/1771 1386/1775
f 1386/1775 1387/1776 1376/1773
f 1921/58 1922/59 1948/48
f 1949/49 1948/48 1922/59
f 2022/54 2004/25 2023/55
f 2005/27 2023/55 2004/25
f 2002/56 2020/60 2003/57
f 2021/61 2003/57 2020/60
f 1605/11 1606/12 1693/33
f 1694/34 1693/33 1606/12
f 1788/68 1789/35 1888/62
f 1889/63 1888/62 1789/35
f 2020/60 2035/50 2021/61
f 2036/52 2021/61 2035/50
f 1888/62 1889/63 1921/58
f 1922/59 1921/58 1889/63
f 1476/42 1446/64 1445/65
f 1445/65 1475/43 1476/42
f 1446/64 1419/66 1418/67
f 1418/67 1445/65 1446/64
f 2056/51 2063/17 2057/53
f 2064/19 2057/53 2063/17
f 1398/47 1397/46 1418/67
f 1418/67 1419/66 1398/47
f 1377/1427 1376/1428 1381/1429
f 2057/1430 2064/1431 2059/1432
f 1477/1433 1494/1434 1493/1435
f 1526/1436 1494/1434 1520/1437
f 1606/1438 1520/1437 1567/1439
f 1429/1440 1447/1441 1434/1442
f 1493/1435 1462/1443 1477/1433
f 1947/1444 1981/1445 1965/1446
f 1526/1436 1493/1435 1494/1434
f 1493/1435 1447/1441 1462/1443
f 1509/1447 1485/1448 1497/1449
f 1493/1435 1434/1442 1447/1441
f 1434/1442 1422/1450 1429/1440
f 1434/1442 1413/1451 1422/1450
f 1434/1442 1409/1452 1413/1451
f 1415/1453 1398/1454 1409/1452
f 1406/1455 1387/1456 1415/1453
f 1406/1455 1434/1442 1381/1429
f 1377/1427 1378/1457 1371/1458
f 2005/1459 1998/1460 2003/1461
f 1334/1462 1371/1458 1359/1463
f 2005/1459 1986/1464 1993/1465
f 2005/1459 1993/1465 1998/1460
f 2036/1466 2057/1430 2038/1467
f 2059/1432 2038/1467 2057/1430
f 2021/1468 2036/1466 2023/1469
f 2038/1467 2023/1469 2036/1466
f 1369/1470 1365/1471 1359/1463
f 2003/1461 2021/1468 2005/1459
f 2023/1469 2005/1459 2021/1468
f 1990/1472 2003/1461 1998/1460
f 1983/1473 1957/1474 1970/1475
f 1981/1445 2003/1461 1990/1472
f 1949/1476 1923/1477 1940/1478
f 1970/1475 1986/1464 1983/1473
f 2005/1459 1983/1473 1986/1464
f 1789/1479 1724/1480 1784/1481
f 1940/1478 1957/1474 1949/1476
f 1983/1473 1949/1476 1957/1474
f 1494/1434 1567/1439 1520/1437
f 1903/1482 1923/1477 1922/1483
f 1949/1476 1922/1483 1923/1477
f 1870/1484 1903/1482 1889/1485
f 1922/1483 1889/1485 1903/1482
f 1784/1481 1870/1484 1789/1479
f 1889/1485 1789/1479 1870/1484
f 1824/1486 1748/1487 1787/1488
f 1890/1489 1824/1486 1887/1490
f 1645/1491 1724/1480 1694/1492
f 1789/1479 1694/1492 1724/1480
f 1567/1439 1645/1491 1606/1438
f 1694/1492 1606/1438 1645/1491
f 1609/1493 1509/1447 1604/1494
f 1920/1495 1947/1444 1929/1496
f 1965/1446 1981/1445 1978/1497
f 1990/1472 1978/1497 1981/1445
f 1887/1490 1920/1495 1890/1489
f 1929/1496 1947/1444 1944/1498
f 1965/1446 1944/1498 1947/1444
f 1890/1489 1920/1495 1911/1499
f 1929/1496 1911/1499 1920/1495
f 1787/1488 1887/1490 1824/1486
f 1604/1494 1680/1500 1609/1493
f 1680/1500 1787/1488 1748/1487
f 1609/1493 1680/1500 1671/1501
f 1748/1487 1671/1501 1680/1500
f 1419/1502 1446/1503 1426/1504
f 1497/1449 1604/1494 1509/1447
f 1446/1503 1476/1505 1454/1506
f 1476/1505 1497/1449 1485/1448
f 1454/1506 1476/1505 1471/1507
f 1485/1448 1471/1507 1476/1505
f 1398/1454 1419/1502 1411/1508
f 1426/1504 1446/1503 1437/1509
f 1454/1506 1437/1509 1446/1503
f 1411/1508 1419/1502 1416/1510
f 1426/1504 1416/1510 1419/1502
f 1398/1454 1411/1508 1409/1452
f 1369/1470 1371/1458 1378/1457
f 1903/1804 1904/1803 1923/1802
f 1924/1801 1923/1802 1904/1803
f 1871/1943 1862/1944 1866/1945
f 1871/1943 1852/1946 1862/1944
f 1991/1983 1999/1989 1994/1986
f 1858/1949 1891/1947 1866/1945
f 1871/1943 1842/1948 1852/1946
f 1871/1943 1832/1951 1842/1948
f 1871/1943 1802/1954 1832/1951
f 1785/1957 1758/1963 1780/1960
f 1785/1957 1730/1969 1744/1966
f 1785/1957 1744/1966 1758/1963
f 1780/1960 1802/1954 1785/1957
f 1871/1943 1785/1957 1802/1954
f 1828/1958 1798/1964 1825/1961
f 1725/1972 1667/1978 1689/1975
f 1754/1970 1740/1976 1749/1973
f 1646/1984 1615/1990 1637/1987
f 1725/1972 1651/1981 1667/1978
f 1689/1975 1730/1969 1725/1972
f 1785/1957 1725/1972 1730/1969
f 1681/1982 1663/1988 1672/1985
f 1568/1994 1553/1998 1563/1996
f 1646/1984 1591/1992 1615/1990
f 1637/1987 1651/1981 1646/1984
f 1725/1972 1646/1984 1651/1981
f 1568/1994 1533/2002 1543/2000
f 1568/1994 1543/2000 1553/1998
f 1563/1996 1591/1992 1568/1994
f 1646/1984 1568/1994 1591/1992
f 1611/1995 1587/1999 1610/1997
f 1568/1994 1515/2004 1533/2002
f 1515/2004 1495/2006 1510/2008
f 1486/2009 1510/2008 1495/2006
f 1568/1994 1495/2006 1515/2004
f 1414/2020 1410/2022 1412/2021
f 1866/1945 1891/1947 1871/1943
f 1472/2011 1486/2009 1478/2010
f 1495/2006 1478/2010 1486/2009
f 1455/2013 1472/2011 1463/2012
f 1478/2010 1463/2012 1472/2011
f 1438/2015 1455/2013 1448/2014
f 1463/2012 1448/2014 1455/2013
f 1427/2017 1438/2015 1430/2016
f 1448/2014 1430/2016 1438/2015
f 1417/2019 1427/2017 1423/2018
f 1430/2016 1423/2018 1427/2017
f 1412/2021 1417/2019 1414/2020
f 1423/2018 1414/2020 1417/2019
f 1979/1977 1991/1983 1987/1980
f 1994/1986 1987/1980 1991/1983
f 1966/1971 1979/1977 1971/1974
f 1987/1980 1971/1974 1979/1977
f 1945/1965 1966/1971 1958/1968
f 1971/1974 1958/1968 1966/1971
f 1930/1959 1945/1965 1941/1962
f 1958/1968 1941/1962 1945/1965
f 1912/1953 1930/1959 1924/1956
f 1941/1962 1924/1956 1930/1959
f 1891/1947 1912/1953 1904/1950
f 1924/1956 1904/1950 1912/1953
f 1904/1950 1871/1943 1891/1947
f 1848/1952 1891/1947 1858/1949
f 1838/1955 1891/1947 1848/1952
f 1754/1970 1825/1961 1776/1967
f 1828/1958 1891/1947 1838/1955
f 1825/1961 1891/1947 1828/1958
f 1681/1982 1749/1973 1726/1979
f 1776/1967 1825/1961 1798/1964
f 1749/1973 1825/1961 1754/1970
f 1633/1993 1672/1985 1647/1991
f 1726/1979 1749/1973 1740/1976
f 1672/1985 1749/1973 1681/1982
f 1647/1991 1672/1985 1663/1988
f 1549/2003 1610/1997 1559/2001
f 1611/1995 1672/1985 1633/1993
f 1610/1997 1672/1985 1611/1995
f 1559/2001 1610/1997 1587/1999
f 1539/2005 1610/1997 1549/2003
f 1529/2007 1610/1997 1539/2005
f 1510/2008 1610/1997 1529/2007
f 1510/2008 1529/2007 1515/2004
f 1923/1802 1924/1801 1940/1798
f 1941/1800 1940/1798 1924/1801
f 1463/1824 1462/1826 1447/1822
f 1447/1822 1448/1820 1463/1824
f 1410/1805 1409/1806 1411/1807
f 1411/1807 1412/1809 1410/1805
f 1870/2157 1871/2158 1903/2159
f 1904/2161 1903/2159 1871/2158
f 1784/2162 1785/2160 1870/2157
f 1871/2158 1870/2157 1785/2160
f 1494/2170 1495/2169 1567/2168
f 1568/2167 1567/2168 1495/2169
f 1430/1816 1429/1818 1422/1814
f 1422/1814 1423/1812 1430/1816
f 1448/1820 1447/1822 1429/1818
f 1429/1818 1430/1816 1448/1820
f 1423/1812 1422/1814 1413/1810
f 1413/1810 1414/1808 1423/1812
f 1414/1808 1413/1810 1409/1806
f 1409/1806 1410/1805 1414/1808
f 1427/1817 1426/1815 1437/1819
f 1437/1819 1438/1821 1427/1817
f 1645/2166 1646/2165 1724/2164
f 1725/2163 1724/2164 1646/2165
f 1477/2172 1478/2171 1494/2170
f 1495/2169 1494/2170 1478/2171
f 1462/1826 1463/1824 1477/1828
f 1478/1830 1477/1828 1463/1824
f 1417/1813 1416/1811 1426/1815
f 1426/1815 1427/1817 1417/1813
f 1724/2164 1725/2163 1784/2162
f 1785/2160 1784/2162 1725/2163
f 1567/2168 1568/2167 1645/2166
f 1646/2165 1645/2166 1568/2167
f 1438/1821 1437/1819 1454/1823
f 1454/1823 1455/1825 1438/1821
f 1412/1809 1411/1807 1416/1811
f 1416/1811 1417/1813 1412/1809
f 1472/1827 1455/1825 1454/1823
f 1454/1823 1471/1829 1472/1827
f 2200/78 2183/79 2189/80
f 2183/79 2200/78 2206/81
f 2206/81 2200/78 2211/82
f 1977/83 1984/84 1992/85
f 2093/86 2043/87 2061/88
f 2043/87 2093/86 2117/89
f 2043/87 2117/89 2112/90
f 2151/91 2142/92 2153/93
f 2121/94 2112/90 2117/89
f 2112/90 2121/94 2142/92
f 2112/90 2142/92 2151/91
f 2303/2389 2256/2390 2233/2391
f 2233/2391 2292/2393 2303/2389
f 1977/83 1907/95 1984/84
f 1901/96 1907/95 1977/83
f 1899/97 1977/83 1969/98
f 1899/97 1969/98 1972/99
f 1899/97 1972/99 1967/100
f 2276/101 2282/102 2283/103
f 2272/2386 2233/2387 2214/2385
f 2233/2387 2272/2386 2292/2388
f 2305/2392 2260/2395 2256/2390
f 2256/2390 2303/2389 2305/2392
f 2164/104 2151/91 2153/93
f 2151/91 2164/104 2183/79
f 2183/79 2164/104 2187/105
f 2183/79 2187/105 2189/80
f 4/1535 1207/1536 3/1537
f 1207/1536 4/1535 1231/1538
f 1231/1538 4/1535 30/1539
f 1202/106 1203/107 1212/108
f 324/3363 323/3364 330/3365
f 330/3365 331/3367 324/3363
f 435/3442 391/3443 390/3444
f 390/3444 434/3445 435/3442
f 373/3387 374/3386 392/3389
f 392/3389 374/3386 393/3391
f 374/3386 373/3387 332/3383
f 332/3383 333/3379 374/3386
f 331/3367 330/3365 371/3370
f 371/3370 372/3374 331/3367
f 391/3377 372/3374 371/3370
f 371/3370 390/3381 391/3377
f 333/3379 332/3383 325/3376
f 325/3376 326/3373 333/3379
f 392/3452 393/3453 436/3454
f 436/3454 393/3453 437/3455
f 326/3373 325/3376 320/3369
f 320/3369 321/3366 326/3373
f 321/3366 320/3369 323/3364
f 323/3364 324/3363 321/3366
f 622/3393 616/3394 623/3395
f 617/3396 623/3395 616/3394
f 550/3418 576/3413 577/3411
f 550/3418 577/3411 551/3420
f 614/3401 622/3393 615/3397
f 623/3395 615/3397 622/3393
f 604/3407 614/3401 605/3405
f 615/3397 605/3405 614/3401
f 506/3460 507/3459 552/3461
f 553/3463 552/3461 507/3459
f 576/3413 604/3407 577/3411
f 605/3405 577/3411 604/3407
f 454/3447 504/3449 505/3448
f 454/3447 505/3448 455/3446
f 455/3446 435/3442 434/3445
f 434/3445 454/3447 455/3446
f 504/3449 550/3451 551/3450
f 504/3449 551/3450 505/3448
f 606/3399 578/3406 607/3403
f 579/3409 607/3403 578/3406
f 616/3394 606/3399 617/3396
f 607/3403 617/3396 606/3399
f 552/3415 553/3412 578/3406
f 579/3409 578/3406 553/3412
f 328/3368 321/3366 324/3363
f 321/3366 328/3368 322/3372
f 559/1172 465/1173 464/1174
f 462/3568 556/3569 557/3570
f 462 557 554
f 462/3575 554/3576 508/3577
f 508/3577 463/3578 462/3575
f 374/3386 375/3388 382/3390
f 374/3386 382/3390 393/3391
f 393/3391 382/3390 394/3392
f 557/3416 553/3412 554/3419
f 553/3412 557/3416 579/3409
f 579/3409 557/3416 580/3414
f 376/3375 331/3367 372/3374
f 331/3367 376/3375 335/3371
f 579/3409 608/3408 607/3403
f 608/3408 579/3409 580/3414
f 465/1173 384/1175 464/1174
f 381/3579 462/3575 463/3578
f 327/3378 333/3379 326/3373
f 327/3378 334/3385 333/3379
f 554/3422 507/3423 508/3424
f 507/3423 554/3422 553/3425
f 372/3374 377/3382 376/3375
f 372/3374 383/3380 377/3382
f 383/3380 372/3374 391/3377
f 383/3380 391/3377 395/3384
f 322/3372 326/3373 321/3366
f 322/3372 327/3378 326/3373
f 580/3571 557/3570 556/3569
f 623/3395 619/3400 615/3397
f 619/3400 623/3395 624/3398
f 617/3396 624/3398 623/3395
f 624/3398 617/3396 618/3402
f 335/3371 324/3363 331/3367
f 324/3363 335/3371 328/3368
f 607/3403 618/3402 617/3396
f 618/3402 607/3403 608/3408
f 394/3430 437/3429 393/3431
f 437/3429 394/3430 438/3428
f 508/3424 459/3426 463/3427
f 459/3426 508/3424 507/3423
f 381/3579 463/3578 438/3580
f 381/3579 438/3580 394/3581
f 383/1176 395/1177 384/1175
f 381/3579 394/3581 382/3582
f 551/3420 558/3417 555/3421
f 558/3417 551/3420 577/3411
f 558/3417 577/3411 581/3410
f 615/3397 609/3404 605/3405
f 609/3404 615/3397 619/3400
f 505/3432 555/3433 509/3434
f 555/3433 505/3432 551/3435
f 438/3428 459/3426 437/3429
f 459/3426 438/3428 463/3427
f 455/3437 439/3438 435/3439
f 439/3438 455/3437 464/3436
f 334/3385 374/3386 333/3379
f 334/3385 375/3388 374/3386
f 505/3432 464/3436 455/3437
f 464/3436 505/3432 509/3434
f 435/3439 395/3440 391/3441
f 395/3440 435/3439 439/3438
f 605/3405 581/3410 577/3411
f 581/3410 605/3405 609/3404
f 2073/2262 2253/2263 2266/2264
f 2253/2263 2073/2262 2052/2265
f 2069/2266 2249/2267 2262/2268
f 2249/2267 2069/2266 2048/2269
f 2071/2270 2251/2271 2264/2272
f 2251/2271 2071/2270 2050/2273
f 1868/1588 1864/1600 1869/1595
f 1865/1604 1869/1595 1864/1600
f 1866/1716 1862/1720 1867/1718
f 1863/1722 1867/1718 1862/1720
f 1860/1589 1868/1588 1861/1591
f 1869/1595 1861/1591 1868/1588
f 1858/1712 1866/1716 1859/1714
f 1867/1718 1859/1714 1866/1716
f 1864/1600 1854/1607 1865/1604
f 1855/1612 1865/1604 1854/1607
f 1862/1720 1852/1724 1863/1722
f 1853/1726 1863/1722 1852/1724
f 2272/2402 2216/2405 2257/2399
f 2094/2432 2122/2429 2116/2422
f 2025/2410 2045/2414 2026/2416
f 2138/2426 2116/2422 2122/2429
f 2025/2410 2171/2412 2045/2414
f 2025/2410 2301/2404 2171/2412
f 2294/2394 2305/2392 2303/2389
f 2046/2418 2026/2416 2045/2414
f 2216/2405 2272/2402 2229/2408
f 2303/2389 2279/2396 2294/2394
f 2305/2392 2294/2394 2297/2397
f 2305/2392 2297/2397 2302/2400
f 2302/2400 2307/2398 2305/2392
f 2301/2404 2307/2398 2302/2400
f 2307/2398 2301/2404 2306/2407
f 2025/2410 2306/2407 2301/2404
f 2279/2396 2303/2389 2292/2393
f 2279/2396 2292/2393 2257/2399
f 2257/2399 2292/2393 2272/2402
f 2216/2405 2229/2408 2198/2411
f 2198/2411 2229/2408 2178/2413
f 2178/2413 2229/2408 2199/2415
f 2178/2413 2199/2415 2159/2417
f 2026/2416 2046/2418 2030/2420
f 2030/2420 2046/2418 2062/2424
f 2030/2420 2062/2424 2079/2428
f 2030/2420 2079/2428 2042/2431
f 2042/2431 2079/2428 2088/2434
f 2042/2431 2088/2434 2080/2436
f 2080/2436 2088/2434 2106/2435
f 2080/2436 2106/2435 2094/2432
f 2094/2432 2106/2435 2122/2429
f 2116/2422 2138/2426 2159/2417
f 2116/2422 2159/2417 2136/2419
f 2136/2419 2159/2417 2199/2415
f 2136/2419 2199/2415 2179/2423
f 2136/2419 2179/2423 2154/2427
f 2309/2229 2308/2230 2311/2231
f 1/1511 2/1512 3/1513
f 4/1514 3/1513 2/1512
f 1299/2723 1314/2735 1293/2722
f 1314/2735 1299/2723 1324/2737
f 1280/2712 1256/2709 1262/2706
f 1256/2709 1280/2712 1274/2718
f 1262/2706 1241/2707 1249/2708
f 1241/2707 1262/2706 1256/2709
f 1249/2708 1234/2710 1239/2714
f 1234/2710 1249/2708 1241/2707
f 1293/2722 1268/2729 1274/2718
f 1268/2729 1293/2722 1292/2736
f 1238/2713 1235/2725 1230/2715
f 1235/2725 1238/2713 1242/2730
f 1707/2939 1505/2940 1507/2941
f 1395/2952 1452/2946 1391/2958
f 1452/2946 1395/2952 1456/2943
f 1280/2712 1293/2722 1274/2718
f 1293/2722 1280/2712 1299/2723
f 1324/2967 1391/2958 1314/2976
f 1391/2958 1324/2967 1395/2952
f 1707/2939 1502/2942 1505/2940
f 1391/2958 1449/2951 1390/2966
f 1449/2951 1391/2958 1452/2946
f 1274/2718 1253/2719 1256/2709
f 1253/2719 1274/2718 1268/2729
f 1314/2976 1390/2966 1313/2987
f 1390/2966 1314/2976 1391/2958
f 1452/2946 1502/2942 1449/2951
f 1502/2942 1452/2946 1505/2940
f 1241/2707 1230/2715 1234/2710
f 1230/2715 1241/2707 1238/2713
f 1293/2722 1313/2744 1292/2736
f 1313/2744 1293/2722 1314/2735
f 1257/2724 1238/2713 1253/2719
f 1238/2713 1257/2724 1242/2730
f 1256/2709 1238/2713 1241/2707
f 1238/2713 1256/2709 1253/2719
f 1456/2943 1505/2940 1452/2946
f 1505/2940 1456/2943 1507/2941
f 1424/2959 1460/2947 1407/2953
f 1460/2947 1424/2959 1473/2954
f 1460/2947 1507/2941 1456/2943
f 1507/2941 1460/2947 1537/2944
f 1367/2968 1395/2952 1324/2967
f 1395/2952 1367/2968 1407/2953
f 1258/2716 1239/2714 1251/2726
f 1239/2714 1258/2716 1249/2708
f 1320/2734 1367/2743 1307/2728
f 1367/2743 1320/2734 1384/2750
f 1301/2721 1272/2711 1284/2720
f 1272/2711 1301/2721 1286/2717
f 1384/2969 1407/2953 1367/2968
f 1407/2953 1384/2969 1424/2959
f 1301/2721 1307/2728 1286/2717
f 1307/2728 1301/2721 1320/2734
f 1307/2728 1324/2737 1299/2723
f 1324/2737 1307/2728 1367/2743
f 1407/2953 1456/2943 1395/2952
f 1456/2943 1407/2953 1460/2947
f 1276/2727 1251/2726 1266/2741
f 1251/2726 1276/2727 1258/2716
f 1272/2711 1249/2708 1258/2716
f 1249/2708 1272/2711 1262/2706
f 1284/2720 1258/2716 1276/2727
f 1258/2716 1284/2720 1272/2711
f 1707/2939 1507/2941 1537/2944
f 1286/2717 1262/2706 1272/2711
f 1262/2706 1286/2717 1280/2712
f 1707/2939 1557/2948 1577/2955
f 1286/2717 1299/2723 1280/2712
f 1299/2723 1286/2717 1307/2728
f 1707/2939 1537/2944 1557/2948
f 1473/2954 1537/2944 1460/2947
f 1537/2944 1473/2954 1557/2948
f 1373/2988 1384/2969 1320/2997
f 1384/2969 1373/2988 1402/2977
f 1707/2939 1607/2961 1630/2972
f 1527/2979 1607/2961 1490/2971
f 1607/2961 1527/2979 1630/2972
f 1483/2990 1490/2971 1466/2978
f 1490/2971 1483/2990 1527/2979
f 1322/2756 1288/2755 1311/2764
f 1288/2755 1322/2756 1295/2742
f 1707/2939 1577/2955 1607/2961
f 1441/2970 1473/2954 1424/2959
f 1473/2954 1441/2970 1481/2960
f 1402/2977 1424/2959 1384/2969
f 1424/2959 1402/2977 1441/2970
f 1305/2732 1276/2727 1295/2742
f 1276/2727 1305/2732 1284/2720
f 1490/2971 1577/2955 1481/2960
f 1577/2955 1490/2971 1607/2961
f 1466/2978 1481/2960 1441/2970
f 1481/2960 1466/2978 1490/2971
f 1481/2960 1557/2948 1473/2954
f 1557/2948 1481/2960 1577/2955
f 1316/2733 1320/2734 1301/2721
f 1320/2734 1316/2733 1373/2749
f 1295/2742 1266/2741 1288/2755
f 1266/2741 1295/2742 1276/2727
f 1431/2989 1441/2970 1402/2977
f 1441/2970 1431/2989 1466/2978
f 1382/3007 1373/2988 1316/3018
f 1373/2988 1382/3007 1400/2998
f 1382/2748 1305/2732 1327/2747
f 1305/2732 1382/2748 1316/2733
f 1316/2733 1284/2720 1305/2732
f 1284/2720 1316/2733 1301/2721
f 1400/2998 1402/2977 1373/2988
f 1402/2977 1400/2998 1431/2989
f 1327/2747 1295/2742 1322/2756
f 1295/2742 1327/2747 1305/2732
f 1628/3010 1595/2991 1513/3000
f 1595/2991 1628/3010 1655/3001
f 1707/2939 1630/2972 1657/2980
f 1707/2939 1657/2980 1677/2992
f 1450/3262 1388/3263 1443/3264
f 1388/3263 1450/3262 1393/3265
f 1601/3021 1513/3000 1487/3009
f 1513/3000 1601/3021 1628/3010
f 1595/2991 1630/2972 1527/2979
f 1630/2972 1595/2991 1657/2980
f 1575/3033 1487/3009 1479/3020
f 1487/3009 1575/3033 1601/3021
f 1439/3008 1431/2989 1400/2998
f 1431/2989 1439/3008 1464/2999
f 1464/2999 1466/2978 1431/2989
f 1466/2978 1464/2999 1483/2990
f 1513/3000 1527/2979 1483/2990
f 1527/2979 1513/3000 1595/2991
f 1655/3001 1657/2980 1595/2991
f 1657/2980 1655/3001 1677/2992
f 1420/3019 1327/3031 1404/3042
f 1327/3031 1420/3019 1382/3007
f 1458/3267 1393/3265 1450/3262
f 1393/3265 1458/3267 1404/3271
f 1404/3271 1322/3272 1393/3265
f 1322/3272 1404/3271 1327/3276
f 1393/3265 1311/3268 1388/3263
f 1311/3268 1393/3265 1322/3272
f 1420/3019 1400/2998 1382/3007
f 1400/2998 1420/3019 1439/3008
f 1469/3032 1404/3042 1458/3056
f 1404/3042 1469/3032 1420/3019
f 1469/3032 1439/3008 1420/3019
f 1439/3008 1469/3032 1479/3020
f 1487/3009 1483/2990 1464/2999
f 1483/2990 1487/3009 1513/3000
f 1479/3020 1464/2999 1439/3008
f 1464/2999 1479/3020 1487/3009
f 1699/3273 1500/3269 1698/3275
f 1500/3269 1699/3273 1503/3266
f 1701/3065 1511/3064 1700/3086
f 1511/3064 1701/3065 1547/3043
f 1738/3012 1707/2939 1706/3002
f 1764/3023 1706/3002 1705/3011
f 1706/3002 1764/3023 1738/3012
f 1704/3022 1764/3023 1705/3011
f 1764/3023 1704/3022 1792/3046
f 1547/3043 1458/3056 1511/3064
f 1458/3056 1547/3043 1469/3032
f 1702/3044 1601/3021 1575/3033
f 1601/3021 1702/3044 1703/3034
f 1703/3034 1628/3010 1601/3021
f 1628/3010 1703/3034 1704/3022
f 1702/3044 1547/3043 1701/3065
f 1547/3043 1702/3044 1575/3033
f 1700/3274 1503/3266 1699/3273
f 1503/3266 1700/3274 1511/3270
f 1874/3087 1700/3086 1882/3107
f 1700/3086 1874/3087 1701/3065
f 1705/3011 1677/2992 1655/3001
f 1677/2992 1705/3011 1706/3002
f 1856/3066 1701/3065 1874/3087
f 1701/3065 1856/3066 1702/3044
f 1702/3044 1826/3045 1703/3034
f 1826/3045 1702/3044 1856/3066
f 1826/3045 1704/3022 1703/3034
f 1704/3022 1826/3045 1792/3046
f 1511/3270 1450/3262 1503/3266
f 1450/3262 1511/3270 1458/3267
f 1707/2939 1677/2992 1706/3002
f 1503/3266 1443/3264 1500/3269
f 1443/3264 1503/3266 1450/3262
f 1547/3043 1479/3020 1469/3032
f 1479/3020 1547/3043 1575/3033
f 1704/3022 1655/3001 1628/3010
f 1655/3001 1704/3022 1705/3011
f 1826/3045 1880/3067 1792/3046
f 1880/3067 1826/3045 1909/3077
f 1762/3024 1707/2939 1738/3012
f 1931/3108 1882/3107 1942/3127
f 1882/3107 1931/3108 1874/3087
f 1894/3277 1698/3275 1897/3279
f 1698/3275 1894/3277 1699/3273
f 1792/3046 1836/3048 1764/3023
f 1836/3048 1792/3046 1880/3067
f 1874/3087 1917/3088 1856/3066
f 1917/3088 1874/3087 1931/3108
f 1931/3108 1963/3109 1917/3088
f 1963/3109 1931/3108 1995/3128
f 1954/3280 1897/3279 1959/3282
f 1897/3279 1954/3280 1894/3277
f 1764/3023 1762/3024 1738/3012
f 1762/3024 1764/3023 1836/3048
f 1880/3067 1878/3058 1836/3048
f 1878/3058 1880/3067 1913/3080
f 1909/3077 1913/3080 1880/3067
f 1913/3080 1909/3077 1936/3098
f 1917/3088 1936/3098 1909/3077
f 1936/3098 1917/3088 1963/3109
f 2016/3283 1959/3282 2031/3285
f 1959/3282 2016/3283 1954/3280
f 1882/3278 1699/3273 1894/3277
f 1699/3273 1882/3278 1700/3274
f 1942/3281 1894/3277 1954/3280
f 1894/3277 1942/3281 1882/3278
f 1790/3035 1707/2939 1762/3024
f 1836/3048 1790/3035 1762/3024
f 1790/3035 1836/3048 1878/3058
f 1995/3128 1942/3127 2006/3145
f 1942/3127 1995/3128 1931/3108
f 2006/3284 1954/3280 2016/3283
f 1954/3280 2006/3284 1942/3281
f 1856/3066 1909/3077 1826/3045
f 1909/3077 1856/3066 1917/3088
f 1763/3050 1765/3049 1739/3037
f 1765/3049 1763/3050 1837/3071
f 1875/3096 1943/3118 1883/3106
f 1943/3118 1875/3096 1932/3126
f 1763/3050 1739/3037 1707/2939
f 1879/3081 1881/3092 1837/3071
f 1881/3092 1879/3081 1914/3102
f 1932/3126 2007/3138 1943/3118
f 2007/3138 1932/3126 1996/3144
f 2017/3289 2109/3290 2032/3291
f 2109/3290 2017/3289 2096/3292
f 1791/3059 1763/3050 1707/2939
f 1937/3123 1918/3117 1910/3105
f 1918/3117 1937/3123 1964/3137
f 1943/3296 2017/3289 1955/3293
f 2017/3289 1943/3296 2007/3294
f 1837/3071 1793/3070 1765/3049
f 1793/3070 1837/3071 1881/3092
f 1910/3105 1857/3095 1827/3083
f 1857/3095 1910/3105 1918/3117
f 1955/3293 2032/3291 1960/3295
f 2032/3291 1955/3293 2017/3289
f 1918/3117 1875/3096 1857/3095
f 1875/3096 1918/3117 1932/3126
f 1996/3144 2086/3154 2007/3138
f 2086/3154 1996/3144 2040/3159
f 2007/3294 2096/3292 2017/3289
f 2096/3292 2007/3294 2086/3297
f 1881/3092 1827/3083 1793/3070
f 1827/3083 1881/3092 1910/3105
f 1914/3102 1910/3105 1881/3092
f 1910/3105 1914/3102 1937/3123
f 1964/3137 1932/3126 1918/3117
f 1932/3126 1964/3137 1996/3144
f 1791/3059 1837/3071 1763/3050
f 1837/3071 1791/3059 1879/3081
f 2011/3152 1996/3144 1964/3137
f 1996/3144 2011/3152 2040/3159
f 1504/3304 1716/3303 1501/3306
f 1716/3303 1504/3304 1715/3301
f 1708/3025 1678/3013 1707/2939
f 1678/3013 1709/3036 1656/3026
f 1709/3036 1678/3013 1708/3025
f 1629/3038 1711/3060 1602/3052
f 1711/3060 1629/3038 1710/3051
f 1602/3052 1712/3073 1576/3061
f 1712/3073 1602/3052 1711/3060
f 1712/3073 1875/3096 1713/3084
f 1875/3096 1712/3073 1857/3095
f 1883/3299 1955/3293 1895/3298
f 1955/3293 1883/3299 1943/3296
f 1895/3298 1960/3295 1898/3300
f 1960/3295 1895/3298 1955/3293
f 1739/3037 1708/3025 1707/2939
f 1656/3026 1710/3051 1629/3038
f 1710/3051 1656/3026 1709/3036
f 1708/3025 1765/3049 1709/3036
f 1765/3049 1708/3025 1739/3037
f 1765/3049 1710/3051 1709/3036
f 1710/3051 1765/3049 1793/3070
f 1793/3070 1711/3060 1710/3051
f 1711/3060 1793/3070 1827/3083
f 1827/3083 1712/3073 1711/3060
f 1712/3073 1827/3083 1857/3095
f 1714/3302 1895/3298 1715/3301
f 1895/3298 1714/3302 1883/3299
f 1548/3074 1714/3097 1512/3085
f 1714/3097 1548/3074 1713/3084
f 1713/3084 1883/3106 1714/3097
f 1883/3106 1713/3084 1875/3096
f 1576/3061 1713/3084 1548/3074
f 1713/3084 1576/3061 1712/3073
f 1715/3301 1898/3300 1716/3303
f 1898/3300 1715/3301 1895/3298
f 1512/3305 1715/3301 1504/3304
f 1715/3301 1512/3305 1714/3302
f 1631/2993 1596/3014 1528/3004
f 1596/3014 1631/2993 1658/3003
f 1596/3014 1629/3038 1514/3027
f 1629/3038 1596/3014 1656/3026
f 1405/3311 1451/3307 1394/3310
f 1451/3307 1405/3311 1459/3308
f 1608/2981 1528/3004 1491/2994
f 1528/3004 1608/2981 1631/2993
f 1484/3015 1488/3039 1465/3028
f 1488/3039 1484/3015 1514/3027
f 1707/2939 1678/3013 1658/3003
f 1707/2939 1658/3003 1631/2993
f 1488/3039 1576/3061 1480/3053
f 1576/3061 1488/3039 1602/3052
f 1480/3053 1548/3074 1470/3062
f 1548/3074 1480/3053 1576/3061
f 1514/3027 1602/3052 1488/3039
f 1602/3052 1514/3027 1629/3038
f 1470/3062 1512/3085 1459/3075
f 1512/3085 1470/3062 1548/3074
f 1459/3308 1504/3304 1451/3307
f 1504/3304 1459/3308 1512/3305
f 1528/3004 1514/3027 1484/3015
f 1514/3027 1528/3004 1596/3014
f 1233/109 1211/110 1214/111
f 1211/110 1233/109 1226/112
f 1658/3003 1656/3026 1596/3014
f 1656/3026 1658/3003 1678/3013
f 1465/3028 1480/3053 1440/3040
f 1480/3053 1465/3028 1488/3039
f 1440/3040 1470/3062 1421/3054
f 1470/3062 1440/3040 1480/3053
f 1421/3054 1459/3075 1405/3063
f 1459/3075 1421/3054 1470/3062
f 1394/3310 1444/3309 1389/3312
f 1444/3309 1394/3310 1451/3307
f 1707/2939 1631/2993 1608/2981
f 1451/3307 1501/3306 1444/3309
f 1501/3306 1451/3307 1504/3304
f 1374/3017 1383/3041 1317/3055
f 1383/3041 1374/3017 1401/3029
f 1707/2939 1578/2973 1558/2962
f 1467/3005 1465/3028 1432/3016
f 1465/3028 1467/3005 1484/3015
f 1328/3314 1394/3310 1323/3313
f 1394/3310 1328/3314 1405/3311
f 1707/2939 1608/2981 1578/2973
f 1403/3006 1401/3029 1374/3017
f 1401/3029 1403/3006 1432/3016
f 1317/2767 1328/2773 1306/2766
f 1328/2773 1317/2767 1383/2777
f 1306/2766 1323/2772 1296/2770
f 1323/2772 1306/2766 1328/2773
f 1432/3016 1440/3040 1401/3029
f 1440/3040 1432/3016 1465/3028
f 1296/2770 1312/2776 1289/2771
f 1312/2776 1296/2770 1323/2772
f 1491/2994 1484/3015 1467/3005
f 1484/3015 1491/2994 1528/3004
f 1474/2974 1442/2995 1425/2983
f 1442/2995 1474/2974 1482/2982
f 1482/2982 1467/3005 1442/2995
f 1467/3005 1482/2982 1491/2994
f 1707/2939 1506/2945 1502/2942
f 1442/2995 1432/3016 1403/3006
f 1432/3016 1442/2995 1467/3005
f 1383/3041 1405/3063 1328/3076
f 1405/3063 1383/3041 1421/3054
f 1323/3313 1389/3312 1312/3315
f 1389/3312 1323/3313 1394/3310
f 1129 1128 1123
f 1214/111 1202/106 1212/108
f 1202/106 1214/111 1211/110
f 1558/2962 1482/2982 1474/2974
f 1482/2982 1558/2962 1578/2973
f 1401/3029 1421/3054 1383/3041
f 1421/3054 1401/3029 1440/3040
f 1578/2973 1491/2994 1482/2982
f 1491/2994 1578/2973 1608/2981
f 1538/2956 1474/2974 1461/2963
f 1474/2974 1538/2956 1558/2962
f 1277/2763 1252/2758 1259/2754
f 1252/2758 1277/2763 1267/2765
f 1707/2939 1538/2956 1508/2949
f 1508/2949 1461/2963 1457/2957
f 1461/2963 1508/2949 1538/2956
f 1317/2767 1285/2759 1302/2760
f 1285/2759 1317/2767 1306/2766
f 1368/2769 1321/2768 1308/2761
f 1321/2768 1368/2769 1385/2775
f 1457/2957 1408/2975 1396/2965
f 1408/2975 1457/2957 1461/2963
f 1396/2965 1368/2986 1325/2985
f 1368/2986 1396/2965 1408/2975
f 1408/2975 1385/2996 1368/2986
f 1385/2996 1408/2975 1425/2983
f 1325/2762 1308/2761 1300/2753
f 1308/2761 1325/2762 1368/2769
f 1296/2770 1267/2765 1277/2763
f 1267/2765 1296/2770 1289/2771
f 1461/2963 1425/2983 1408/2975
f 1425/2983 1461/2963 1474/2974
f 1385/2996 1374/3017 1321/3030
f 1374/3017 1385/2996 1403/3006
f 1285/2759 1259/2754 1273/2751
f 1259/2754 1285/2759 1277/2763
f 1425/2983 1403/3006 1385/2996
f 1403/3006 1425/2983 1442/2995
f 1306/2766 1277/2763 1285/2759
f 1277/2763 1306/2766 1296/2770
f 1308/2761 1302/2760 1287/2752
f 1302/2760 1308/2761 1321/2768
f 1302/2760 1273/2751 1287/2752
f 1273/2751 1302/2760 1285/2759
f 1321/2768 1317/2767 1302/2760
f 1317/2767 1321/2768 1374/2774
f 1707/2939 1558/2962 1538/2956
f 1287/2752 1263/2738 1281/2739
f 1263/2738 1287/2752 1273/2751
f 1259/2754 1240/2746 1250/2740
f 1240/2746 1259/2754 1252/2758
f 1506/2945 1457/2957 1453/2950
f 1457/2957 1506/2945 1508/2949
f 1502/2942 1453/2950 1449/2951
f 1453/2950 1502/2942 1506/2945
f 1449/2951 1392/2964 1390/2966
f 1392/2964 1449/2951 1453/2950
f 1300/2753 1287/2752 1281/2739
f 1287/2752 1300/2753 1308/2761
f 1315/2757 1300/2753 1294/2745
f 1300/2753 1315/2757 1325/2762
f 1294/2745 1281/2739 1275/2731
f 1281/2739 1294/2745 1300/2753
f 1392/2964 1325/2985 1315/2984
f 1325/2985 1392/2964 1396/2965
f 1263/2738 1242/2730 1257/2724
f 1242/2730 1263/2738 1250/2740
f 1453/2950 1396/2965 1392/2964
f 1396/2965 1453/2950 1457/2957
f 1273/2751 1250/2740 1263/2738
f 1250/2740 1273/2751 1259/2754
f 1313/2744 1294/2745 1292/2736
f 1294/2745 1313/2744 1315/2757
f 1250/2740 1235/2725 1242/2730
f 1235/2725 1250/2740 1240/2746
f 1707/2939 1508/2949 1506/2945
f 1292/2736 1275/2731 1268/2729
f 1275/2731 1292/2736 1294/2745
f 1275/2731 1253/2719 1268/2729
f 1253/2719 1275/2731 1257/2724
f 1390/2966 1315/2984 1313/2987
f 1315/2984 1390/2966 1392/2964
f 1281/2739 1257/2724 1275/2731
f 1257/2724 1281/2739 1263/2738
f 1854/1607 1844/1615 1855/1612
f 1845/1620 1855/1612 1844/1615
f 1852/1724 1842/1727 1853/1726
f 1843/1728 1853/1726 1842/1727
f 1844/1615 1834/1623 1845/1620
f 1835/1628 1845/1620 1834/1623
f 1842/1727 1832/1729 1843/1728
f 1833/1730 1843/1728 1832/1729
f 1834/1623 1804/1631 1835/1628
f 1805/1637 1835/1628 1804/1631
f 1832/1729 1802/1731 1833/1730
f 1803/1732 1833/1730 1802/1731
f 1617/1695 1618/1700 1639/1704
f 1640/1706 1639/1704 1618/1700
f 1615/1844 1616/1846 1637/1848
f 1638/1850 1637/1848 1616/1846
f 1556/1670 1555/1671 1545/1662
f 1545/1662 1546/1667 1556/1670
f 1554/1833 1553/1834 1543/1835
f 1543/1835 1544/1837 1554/1833
f 1562/1691 1561/1682 1589/1690
f 1589/1690 1590/1699 1562/1691
f 1560/1856 1559/1855 1587/1857
f 1587/1857 1588/1858 1560/1856
f 1594/1686 1593/1687 1565/1679
f 1565/1679 1566/1678 1594/1686
f 1592/1840 1591/1842 1563/1838
f 1563/1838 1564/1836 1592/1840
f 1653/2083 1654/2082 1669/2079
f 1670/2078 1669/2079 1654/2082
f 1651/2106 1652/2105 1667/2104
f 1668/2103 1667/2104 1652/2105
f 1684/2128 1666/2132 1665/2129
f 1665/2129 1683/2125 1684/2128
f 1682/2173 1664/2174 1663/2175
f 1663/2175 1681/2177 1682/2173
f 1532/1666 1531/1657 1541/1665
f 1541/1665 1542/1675 1532/1666
f 1530/1849 1529/1847 1539/1851
f 1539/1851 1540/1852 1530/1849
f 1552/1683 1551/1674 1561/1682
f 1561/1682 1562/1691 1552/1683
f 1550/1854 1549/1853 1559/1855
f 1559/1855 1560/1856 1550/1854
f 1546/1667 1545/1662 1535/1655
f 1535/1655 1536/1661 1546/1667
f 1544/1837 1543/1835 1533/1839
f 1533/1839 1534/1841 1544/1837
f 1650/2136 1636/2139 1635/2137
f 1635/2137 1649/2133 1650/2136
f 1648/2178 1634/2182 1633/2180
f 1633/2180 1647/2176 1648/2178
f 1666/2132 1650/2136 1649/2133
f 1649/2133 1665/2129 1666/2132
f 1664/2174 1648/2178 1647/2176
f 1647/2176 1663/2175 1664/2174
f 1536/1661 1535/1655 1517/1653
f 1517/1653 1518/1660 1536/1661
f 1534/1841 1533/1839 1515/1843
f 1515/1843 1516/1845 1534/1841
f 1593/1687 1594/1686 1617/1695
f 1618/1700 1617/1695 1594/1686
f 1591/1842 1592/1840 1615/1844
f 1616/1846 1615/1844 1592/1840
f 1614/1698 1590/1699 1589/1690
f 1589/1690 1613/1693 1614/1698
f 1612/1859 1588/1858 1587/1857
f 1587/1857 1611/1860 1612/1859
f 1636/1703 1614/1698 1613/1693
f 1613/1693 1635/1705 1636/1703
f 1634/1861 1612/1859 1611/1860
f 1611/1860 1633/1862 1634/1861
f 1639/2087 1640/2086 1653/2083
f 1654/2082 1653/2083 1640/2086
f 1637/2108 1638/2107 1651/2106
f 1652/2105 1651/2106 1638/2107
f 1518/1660 1517/1653 1531/1657
f 1531/1657 1532/1666 1518/1660
f 1516/1845 1515/1843 1529/1847
f 1529/1847 1530/1849 1516/1845
f 1542/1675 1541/1665 1551/1674
f 1551/1674 1552/1683 1542/1675
f 1540/1852 1539/1851 1549/1853
f 1549/1853 1550/1854 1540/1852
f 1566/1678 1565/1679 1555/1671
f 1555/1671 1556/1670 1566/1678
f 1564/1836 1563/1838 1553/1834
f 1553/1834 1554/1833 1564/1836
f 2070/2274 2263/2275 2250/2276
f 2250/2276 2049/2277 2070/2274
f 2111/2278 2176/2279 2128/2280
f 2128/2280 2176/2279 2161/2281
f 2128/2280 2161/2281 2145/2282
f 2111/2278 2190/2283 2176/2279
f 2101/2284 2190/2283 2111/2278
f 2101/2284 2205/2285 2190/2283
f 2087/2286 2205/2285 2101/2284
f 2087/2286 2217/2287 2205/2285
f 2076/2288 2217/2287 2087/2286
f 2054/2289 2255/2290 2245/2291
f 2053/2292 2255/2290 2054/2289
f 2054/2289 2245/2291 2060/2293
f 2255/2290 2053/2292 2254/2294
f 2253/2263 2051/2295 2252/2296
f 2051/2295 2253/2263 2052/2265
f 2249/2267 2048/2269 2150/2259
f 2049/2277 2250/2276 2050/2273
f 2251/2271 2050/2273 2250/2276
f 2249/2267 2150/2259 2248/2258
f 2047/2260 2150/2259 2048/2269
f 2074/2297 2053/2292 2075/2298
f 2054/2289 2075/2298 2053/2292
f 2068/2261 2047/2260 2069/2266
f 2048/2269 2069/2266 2047/2260
f 2070/2274 2049/2277 2071/2270
f 2072/2299 2051/2295 2073/2262
f 2050/2273 2071/2270 2049/2277
f 2052/2265 2073/2262 2051/2295
f 2267/2300 2268/2301 2254/2294
f 2255/2290 2254/2294 2268/2301
f 2253/2263 2252/2296 2266/2264
f 2265/2302 2266/2264 2252/2296
f 2261/2257 2262/2268 2249/2267
f 2249/2267 2248/2258 2261/2257
f 2251/2271 2250/2276 2264/2272
f 2263/2275 2264/2272 2250/2276
f 1197/3166 1209/3167 1199/3168
f 1161/3169 1149/3171 1159/3170
f 1161/3169 1138/3174 1147/3172
f 2072/2299 2265/2302 2252/2296
f 1161/3169 1147/3172 1149/3171
f 1159/3170 1197/3166 1161/3169
f 1199/3168 1161/3169 1197/3166
f 1141/3173 1159/3170 1149/3171
f 1077/3180 1053/3184 1071/3182
f 990/3198 959/3202 986/3200
f 935/3204 857/3208 893/3206
f 1106/3178 1138/3174 1127/3176
f 1161/3169 1127/3176 1138/3174
f 1071/3182 1106/3178 1077/3180
f 1127/3176 1077/3180 1106/3178
f 1080/3179 1055/3183 1075/3181
f 1033/3188 1053/3184 1048/3186
f 1077/3180 1048/3186 1053/3184
f 1011/3192 1033/3188 1024/3190
f 1048/3186 1024/3190 1033/3188
f 999/3196 1011/3192 1005/3194
f 1024/3190 1005/3194 1011/3192
f 986/3200 999/3196 990/3198
f 1005/3194 990/3198 999/3196
f 992/3197 964/3201 988/3199
f 935/3204 843/3210 857/3208
f 893/3206 959/3202 935/3204
f 990/3198 935/3204 959/3202
f 1075/3181 1125/3175 1080/3179
f 1125/3175 1159/3170 1141/3173
f 1080/3179 1125/3175 1112/3177
f 1141/3173 1112/3177 1125/3175
f 988/3199 1003/3193 992/3197
f 1046/3185 1075/3181 1055/3183
f 1022/3189 1046/3185 1036/3187
f 1055/3183 1036/3187 1046/3185
f 1003/3193 1022/3189 1014/3191
f 1036/3187 1014/3191 1022/3189
f 992/3197 1003/3193 1001/3195
f 1014/3191 1001/3195 1003/3193
f 742/3211 731/3213 740/3212
f 933/3203 988/3199 964/3201
f 841/3209 933/3203 863/3207
f 863/3207 933/3203 903/3205
f 964/3201 903/3205 933/3203
f 843/3210 863/3207 857/3208
f 2252/2296 2051/2295 2072/2299
f 841/3209 863/3207 843/3210
f 740/3212 841/3209 742/3211
f 843/3210 742/3211 841/3209
f 2060/2293 2245/2291 2234/2303
f 2060/2293 2234/2303 2076/2288
f 2076/2288 2234/2303 2217/2287
f 2074/2297 2267/2300 2254/2294
f 2254/2294 2053/2292 2074/2297
f 2208/2304 2217/2287 2231/2305
f 2217/2287 2208/2304 2205/2285
f 2197/2306 2205/2285 2208/2304
f 2205/2285 2197/2306 2190/2283
f 2165/2307 2176/2279 2180/2308
f 2176/2279 2165/2307 2161/2281
f 2149/2309 2161/2281 2165/2307
f 2161/2281 2149/2309 2145/2282
f 2133/2310 2145/2282 2149/2309
f 2145/2282 2133/2310 2128/2280
f 2107/2311 2111/2278 2120/2312
f 2111/2278 2107/2311 2101/2284
f 2091/2313 2101/2284 2107/2311
f 2101/2284 2091/2313 2087/2286
f 2076/2288 2087/2286 2091/2313
f 2091/2313 2084/2314 2076/2288
f 2075/2298 2054/2289 2077/2315
f 2060/2293 2077/2315 2054/2289
f 2268/2301 2245/2291 2255/2290
f 2245/2291 2268/2301 2259/2316
f 2234/2303 2259/2316 2246/2317
f 2259/2316 2234/2303 2245/2291
f 2077/2315 2060/2293 2084/2314
f 2076/2288 2084/2314 2060/2293
f 2180/2308 2190/2283 2197/2306
f 2190/2283 2180/2308 2176/2279
f 2217/2287 2246/2317 2231/2305
f 2246/2317 2217/2287 2234/2303
f 2120/2312 2128/2280 2133/2310
f 2128/2280 2120/2312 2111/2278
f 1669/2079 1670/2078 1691/2075
f 1692/2072 1691/2075 1670/2078
f 1667/2104 1668/2103 1689/2102
f 1690/2101 1689/2102 1668/2103
f 161/1178 160/1179 139/1180
f 139/1180 140/1181 161/1178
f 1729/2124 1684/2128 1683/2125
f 1683/2125 1728/2121 1729/2124
f 1727/2179 1682/2173 1681/2177
f 1681/2177 1726/2181 1727/2179
f 428/1393 429/1394 486/1392
f 487/1184 486/1392 429/1394
f 727/1185 757/1186 726/1187
f 757/1186 727/1185 758/1188
f 1743/2120 1729/2124 1728/2121
f 1728/2121 1742/2114 1743/2120
f 1741/2183 1727/2179 1726/2181
f 1726/2181 1740/2184 1741/2183
f 792/1189 812/1190 791/1191
f 812/1190 792/1189 813/1192
f 266/1193 267/1194 307/1195
f 308/1196 307/1195 267/1194
f 825/1197 822/1198 826/1199
f 823/1200 826/1199 822/1198
f 307/1195 308/1196 368/1201
f 369/1202 368/1201 308/1196
f 656/1203 657/1204 687/1205
f 688/1206 687/1205 657/1204
f 210/1207 209/1208 160/1179
f 160/1179 161/1178 210/1207
f 107/1209 106/1210 109/1211
f 109/1211 110/1212 107/1209
f 246/1167 185/1213 184/1214
f 184/1214 245/1168 246/1167
f 117/1215 116/1216 106/1210
f 106/1210 107/1209 117/1215
f 598/1217 599/1218 656/1203
f 657/1204 656/1203 599/1218
f 110/1212 109/1211 123/1219
f 122/1220 123/1219 109/1211
f 687/1205 688/1206 726/1187
f 727/1185 726/1187 688/1206
f 486/1392 487/1184 541/1221
f 542/1222 541/1221 487/1184
f 140/1181 139/1180 127/1223
f 127/1223 128/1224 140/1181
f 154/1152 153/1153 185/1213
f 184/1214 185/1213 153/1153
f 128/1224 127/1223 116/1216
f 116/1216 117/1215 128/1224
f 791/1191 757/1186 792/1189
f 758/1188 792/1189 757/1186
f 368/1201 369/1202 428/1182
f 429/1183 428/1182 369/1202
f 541/1221 542/1222 598/1217
f 599/1218 598/1217 542/1222
f 822/1198 812/1190 823/1200
f 813/1192 823/1200 812/1190
f 123/1219 122/1220 132/1150
f 131/1151 132/1150 122/1220
f 209/1208 210/1207 266/1193
f 267/1194 266/1193 210/1207
f 409/1225 351/1170 350/1171
f 350/1171 408/1226 409/1225
f 826/397 941/398 819/399
f 941/398 826/397 947/400
f 819/399 919/401 806/402
f 919/401 819/399 941/398
f 467/1155 409/1225 408/1226
f 408/1226 466/1156 467/1155
f 826/1199 818/1158 825/1197
f 818/1158 826/1199 819/1159
f 1779/1633 1757/1642 1756/1638
f 1756/1638 1778/1629 1779/1633
f 1777/1721 1755/1725 1754/1723
f 1754/1723 1776/1719 1777/1721
f 1800/1622 1830/1614 1801/1621
f 1831/1613 1801/1621 1830/1614
f 1798/1717 1828/1713 1799/1715
f 1829/1711 1799/1715 1828/1713
f 1757/2116 1743/2120 1742/2114
f 1742/2114 1756/2112 1757/2116
f 1755/2185 1741/2183 1740/2184
f 1740/2184 1754/2186 1755/2185
f 1801/1621 1779/1633 1778/1629
f 1778/1629 1800/1622 1801/1621
f 1799/1715 1777/1721 1776/1719
f 1776/1719 1798/1717 1799/1715
f 1084/403 939/404 945/382
f 854/405 792/406 758/407
f 792/406 854/405 889/408
f 921/409 823/410 813/411
f 823/410 921/409 943/412
f 1065/413 1084/403 1063/414
f 1084/403 1065/413 1073/415
f 1084/403 1073/415 1078/416
f 1084/403 1078/416 1086/417
f 1072/3521 1085/3517 1102/3519
f 1102/3519 1085/3517 1098/3516
f 1057/418 1084/403 1051/419
f 1084/403 1057/418 1063/414
f 945/382 1031/420 1084/403
f 1031/420 945/382 1020/421
f 1020/421 945/382 1018/422
f 1018/422 945/382 1016/423
f 1016/423 945/382 1012/388
f 1084/403 1031/420 1038/424
f 1084/403 1038/424 1044/425
f 1084/403 1044/425 1051/419
f 889/408 813/411 792/406
f 813/411 889/408 921/409
f 834/426 758/407 727/427
f 758/407 834/426 854/405
f 774/428 727/427 688/429
f 727/427 774/428 834/426
f 1104/3528 1100/3527 1086/3526
f 491/430 429/431 387/432
f 429/431 491/430 487/433
f 1098/3516 1085/3517 1094/3518
f 704/434 688/429 657/435
f 688/429 704/434 774/428
f 387/432 369/436 314/437
f 369/436 387/432 429/431
f 1096/3524 1089/3525 1086/3526
f 564/438 487/433 491/430
f 487/433 564/438 542/439
f 637/440 657/435 599/441
f 657/435 637/440 704/434
f 1100/3527 1096/3524 1086/3526
f 564/438 599/441 542/439
f 599/441 564/438 637/440
f 221/442 267/443 147/444
f 267/443 221/442 308/445
f 314/437 308/445 221/442
f 308/445 314/437 369/436
f 147/444 210/446 100/447
f 210/446 147/444 267/443
f 64/448 107/449 58/450
f 107/449 64/448 117/451
f 107/449 62/452 58/450
f 62/452 107/449 110/453
f 110/453 70/454 62/452
f 70/454 110/453 123/455
f 92/456 140/457 84/458
f 140/457 92/456 161/459
f 84/458 128/460 72/461
f 128/460 84/458 140/457
f 72/461 117/451 64/448
f 117/451 72/461 128/460
f 100/447 161/459 92/456
f 161/459 100/447 210/446
f 132/462 90/463 82/464
f 90/463 132/462 154/465
f 246/466 219/467 145/468
f 219/467 246/466 287/469
f 123/455 82/464 70/454
f 82/464 123/455 132/462
f 287/469 312/470 219/467
f 312/470 287/469 351/471
f 154/465 98/472 90/463
f 98/472 154/465 185/473
f 185/473 145/468 98/472
f 145/468 185/473 246/466
f 351/471 379/474 312/470
f 379/474 351/471 409/475
f 522/476 460/477 467/478
f 460/477 522/476 562/479
f 672/480 702/481 641/482
f 702/481 672/480 772/483
f 715/484 772/483 672/480
f 772/483 715/484 832/485
f 746/486 832/485 715/484
f 832/485 746/486 852/487
f 583/488 562/479 522/476
f 562/479 583/488 635/489
f 641/482 635/489 583/488
f 635/489 641/482 702/481
f 409/475 460/477 379/474
f 460/477 409/475 467/478
f 380/490 461/491 410/492
f 835/493 814/494 824/495
f 118/496 101/497 108/498
f 773/499 833/500 786/501
f 220/502 313/503 247/504
f 636/505 703/506 642/507
f 703/506 773/499 716/508
f 118/496 108/498 115/509
f 313/503 380/490 352/510
f 206/511 163/512 164/513
f 207/514 163/512 206/511
f 725/515 729/516 728/517
f 208/518 212/519 211/520
f 138/521 142/522 141/523
f 461/491 563/524 468/525
f 786/501 747/526 773/499
f 835/493 793/527 814/494
f 146/528 220/502 155/529
f 563/524 636/505 584/530
f 268/531 213/532 214/533
f 148/534 118/496 129/535
f 99/536 146/528 111/537
f 584/530 523/538 563/524
f 483/539 431/540 432/541
f 484/542 431/540 483/539
f 410/492 352/510 380/490
f 99/536 111/537 108/498
f 204/543 165/544 166/545
f 205/546 165/544 204/543
f 821/547 827/548 824/495
f 134/549 129/535 130/550
f 135/551 129/535 134/549
f 134/549 130/550 133/552
f 835/493 827/548 833/500
f 942/553 948/554 944/555
f 485/556 494/557 488/558
f 654/559 600/560 601/561
f 655/562 600/560 654/559
f 367/563 378/564 370/565
f 686/566 690/567 689/568
f 141/523 129/535 138/521
f 115/509 119/569 118/496
f 156/570 144/571 155/529
f 111/537 146/528 124/572
f 725/515 692/573 693/574
f 728/517 692/573 725/515
f 653/575 601/561 602/576
f 654/559 601/561 653/575
f 596/577 547/578 548/579
f 597/580 547/578 596/577
f 482/581 432/541 433/582
f 483/539 432/541 482/581
f 158/583 141/523 142/522
f 159/584 141/523 158/583
f 137/585 129/535 136/586
f 759/587 728/517 756/588
f 755/589 728/517 729/516
f 756/588 728/517 755/589
f 114/590 108/498 113/591
f 790/592 798/593 793/527
f 265/594 269/595 268/531
f 759/587 793/527 775/596
f 689/568 728/517 705/597
f 920/598 942/553 922/599
f 944/555 922/599 942/553
f 888/600 920/598 890/601
f 922/599 890/601 920/598
f 309/602 268/531 306/603
f 853/604 888/600 855/605
f 890/601 855/605 888/600
f 370/565 309/602 310/606
f 833/500 853/604 835/493
f 855/605 835/493 853/604
f 807/607 833/500 820/608
f 835/493 824/495 827/548
f 600/560 658/609 638/610
f 835/493 775/596 793/527
f 775/596 728/517 759/587
f 370/565 430/611 388/612
f 775/596 705/597 728/517
f 705/597 658/609 689/568
f 543/613 600/560 565/614
f 705/597 638/610 658/609
f 488/558 543/613 492/615
f 638/610 565/614 600/560
f 211/520 268/531 222/616
f 565/614 492/615 543/613
f 492/615 430/611 488/558
f 309/602 370/565 315/617
f 492/615 388/612 430/611
f 141/523 162/618 148/534
f 388/612 315/617 370/565
f 315/617 268/531 309/602
f 820/608 833/500 827/548
f 315/617 222/616 268/531
f 222/616 162/618 211/520
f 786/501 833/500 807/607
f 222/616 148/534 162/618
f 148/534 129/535 141/523
f 148/534 101/497 118/496
f 716/508 773/499 747/526
f 716/508 673/619 703/506
f 642/507 703/506 673/619
f 642/507 584/530 636/505
f 468/525 563/524 523/538
f 468/525 410/492 461/491
f 352/510 288/620 313/503
f 247/504 313/503 288/620
f 247/504 186/621 220/502
f 155/529 220/502 186/621
f 155/529 133/552 146/528
f 124/572 146/528 133/552
f 99/536 108/498 101/497
f 65/622 59/623 63/624
f 91/625 99/536 93/626
f 101/497 93/626 99/536
f 83/627 91/625 85/628
f 93/626 85/628 91/625
f 138/521 129/535 137/585
f 71/629 83/627 73/630
f 85/628 73/630 83/627
f 63/624 71/629 65/622
f 73/630 65/622 71/629
f 793/527 760/631 761/632
f 683/633 660/634 661/635
f 684/636 660/634 683/633
f 484/542 430/611 431/540
f 485/556 430/611 484/542
f 536/637 496/638 497/639
f 537/640 496/638 536/637
f 370/565 310/606 311/641
f 305/642 268/531 269/595
f 306/603 268/531 305/642
f 156/570 143/643 144/571
f 157/644 143/643 156/570
f 808/645 799/646 800/647
f 809/648 799/646 808/645
f 265/594 214/533 215/649
f 268/531 214/533 265/594
f 136/586 129/535 135/551
f 205/546 164/513 165/544
f 206/511 164/513 205/546
f 157/644 142/522 143/643
f 158/583 142/522 157/644
f 756/588 760/631 759/587
f 793/527 759/587 760/631
f 684/636 659/650 660/634
f 685/651 659/650 684/636
f 728/517 691/652 692/573
f 597/580 601/561 600/560
f 597/580 546/653 547/578
f 600/560 546/653 597/580
f 537/640 495/654 496/638
f 538/655 495/654 537/640
f 430/611 370/565 427/656
f 306/603 310/606 309/602
f 426/657 370/565 425/658
f 540/659 544/660 543/613
f 793/527 761/632 766/661
f 754/662 729/516 732/663
f 755/589 729/516 754/662
f 724/664 693/574 694/665
f 725/515 693/574 724/664
f 682/666 661/635 662/667
f 683/633 661/635 682/666
f 652/668 602/576 603/669
f 653/575 602/576 652/668
f 595/670 548/579 549/671
f 596/577 548/579 595/670
f 535/672 497/639 499/673
f 536/637 497/639 535/672
f 481/674 433/582 440/675
f 482/581 433/582 481/674
f 424/676 370/565 378/564
f 425/658 370/565 424/676
f 367/563 311/641 329/677
f 370/565 311/641 367/563
f 304/678 269/595 270/679
f 305/642 269/595 304/678
f 155/529 168/680 167/681
f 787/682 782/683 783/684
f 788/685 782/683 787/682
f 264/686 215/649 216/687
f 265/594 215/649 264/686
f 203/688 166/545 167/681
f 204/543 166/545 203/688
f 808/645 800/647 807/607
f 811/689 815/690 814/494
f 126/691 130/550 129/535
f 658/609 600/560 655/562
f 685/651 658/609 659/650
f 686/566 658/609 685/651
f 728/517 690/567 691/652
f 125/692 121/693 124/572
f 538/655 494/557 495/654
f 539/694 494/557 538/655
f 600/560 545/695 546/653
f 427/656 431/540 430/611
f 427/656 370/565 426/657
f 125/692 120/696 121/693
f 126/691 120/696 125/692
f 655/562 659/650 658/609
f 689/568 658/609 686/566
f 728/517 689/568 690/567
f 488/558 430/611 485/556
f 539/694 488/558 494/557
f 540/659 488/558 539/694
f 600/560 544/660 545/695
f 162/618 141/523 159/584
f 207/514 162/618 163/512
f 208/518 162/618 207/514
f 821/547 817/697 820/608
f 268/531 212/519 213/532
f 821/547 816/698 817/697
f 824/495 816/698 821/547
f 112/699 108/498 111/537
f 115/509 108/498 114/590
f 129/535 118/496 119/569
f 814/494 793/527 811/689
f 824/495 814/494 815/690
f 793/527 766/661 767/700
f 753/701 732/663 733/702
f 754/662 732/663 753/701
f 723/703 694/665 696/704
f 724/664 694/665 723/703
f 681/705 662/667 663/706
f 682/666 662/667 681/705
f 651/707 603/669 610/708
f 652/668 603/669 651/707
f 594/709 549/671 566/710
f 595/670 549/671 594/709
f 534/711 499/673 500/712
f 535/672 499/673 534/711
f 480/713 440/675 441/714
f 481/674 440/675 480/713
f 423/715 378/564 389/716
f 424/676 378/564 423/715
f 366/717 329/677 336/718
f 367/563 329/677 366/717
f 303/719 270/679 271/720
f 304/678 270/679 303/719
f 155/529 169/721 168/680
f 748/722 737/723 738/724
f 749/725 737/723 748/722
f 263/726 216/687 229/727
f 264/686 216/687 263/726
f 202/728 167/681 168/680
f 203/688 167/681 202/728
f 787/682 783/684 786/501
f 543/613 488/558 540/659
f 600/560 543/613 544/660
f 113/591 108/498 112/699
f 126/691 119/569 120/696
f 129/535 119/569 126/691
f 159/584 163/512 162/618
f 211/520 162/618 208/518
f 268/531 211/520 212/519
f 824/495 815/690 816/698
f 810/729 793/527 798/593
f 811/689 793/527 810/729
f 790/592 767/700 780/730
f 793/527 767/700 790/592
f 752/731 733/702 734/732
f 753/701 733/702 752/731
f 722/733 696/704 706/734
f 723/703 696/704 722/733
f 680/735 663/706 664/736
f 681/705 663/706 680/735
f 650/737 610/708 611/738
f 651/707 610/708 650/737
f 593/739 566/710 567/740
f 594/709 566/710 593/739
f 533/741 500/712 501/742
f 534/711 500/712 533/741
f 479/743 441/714 442/744
f 480/713 441/714 479/743
f 422/745 389/716 396/746
f 423/715 389/716 422/745
f 365/747 336/718 337/748
f 366/717 336/718 365/747
f 302/749 271/720 272/750
f 303/719 271/720 302/749
f 155/529 170/751 169/721
f 717/752 712/753 713/754
f 718/755 712/753 717/752
f 262/756 229/727 230/757
f 263/726 229/727 262/756
f 201/758 168/680 169/721
f 202/728 168/680 201/758
f 748/722 738/724 747/526
f 809/648 798/593 799/646
f 810/729 798/593 809/648
f 789/759 780/730 781/760
f 790/592 780/730 789/759
f 751/761 734/732 735/762
f 752/731 734/732 751/761
f 721/763 706/734 707/764
f 722/733 706/734 721/763
f 679/765 664/736 665/766
f 680/735 664/736 679/765
f 649/767 611/738 612/768
f 650/737 611/738 649/767
f 592/769 567/740 568/770
f 593/739 567/740 592/769
f 532/771 501/742 502/772
f 533/741 501/742 532/771
f 478/773 442/744 443/774
f 479/743 442/744 478/773
f 421/775 396/746 397/776
f 422/745 396/746 421/775
f 364/777 337/748 338/778
f 365/747 337/748 364/777
f 301/779 272/750 273/780
f 302/749 272/750 301/779
f 155/529 171/781 170/751
f 674/782 669/783 670/784
f 675/785 669/783 674/782
f 261/786 230/757 231/787
f 262/756 230/757 261/786
f 200/788 169/721 170/751
f 201/758 169/721 200/788
f 717/752 713/754 716/508
f 788/685 781/760 782/683
f 789/759 781/760 788/685
f 750/789 735/762 736/790
f 751/761 735/762 750/789
f 720/791 707/764 708/792
f 721/763 707/764 720/791
f 678/793 665/766 666/794
f 679/765 665/766 678/793
f 648/795 612/768 613/796
f 649/767 612/768 648/795
f 591/797 568/770 569/798
f 592/769 568/770 591/797
f 531/799 502/772 503/800
f 532/771 502/772 531/799
f 477/801 443/774 444/802
f 478/773 443/774 477/801
f 420/803 397/776 398/804
f 421/775 397/776 420/803
f 363/805 338/778 339/806
f 364/777 338/778 363/805
f 300/807 273/780 274/808
f 301/779 273/780 300/807
f 155/529 172/809 171/781
f 643/810 630/811 639/812
f 644/813 630/811 643/810
f 260/814 231/787 232/815
f 261/786 231/787 260/814
f 199/816 170/751 171/781
f 200/788 170/751 199/816
f 674/782 670/784 673/619
f 749/725 736/790 737/723
f 750/789 736/790 749/725
f 719/817 708/792 711/818
f 720/791 708/792 719/817
f 677/819 666/794 667/820
f 678/793 666/794 677/819
f 647/821 613/796 620/822
f 648/795 613/796 647/821
f 590/823 569/798 570/824
f 591/797 569/798 590/823
f 530/825 503/800 510/826
f 531/799 503/800 530/825
f 476/827 444/802 445/828
f 477/801 444/802 476/827
f 419/829 398/804 399/830
f 420/803 398/804 419/829
f 362/831 339/806 340/832
f 363/805 339/806 362/831
f 299/833 274/808 275/834
f 300/807 274/808 299/833
f 155/529 173/835 172/809
f 585/836 574/837 575/838
f 586/839 574/837 585/836
f 259/840 232/815 233/841
f 260/814 232/815 259/840
f 198/842 171/781 172/809
f 199/816 171/781 198/842
f 643/810 639/812 642/507
f 718/755 711/818 712/753
f 719/817 711/818 718/755
f 676/843 667/820 668/844
f 677/819 667/820 676/843
f 646/845 620/822 621/846
f 647/821 620/822 646/845
f 589/847 570/824 571/848
f 590/823 570/824 589/847
f 529/849 510/826 511/850
f 530/825 510/826 529/849
f 475/851 445/828 446/852
f 476/827 445/828 475/851
f 418/853 399/830 400/854
f 419/829 399/830 418/853
f 361/855 340/832 341/856
f 362/831 340/832 361/855
f 298/857 275/834 276/858
f 299/833 275/834 298/857
f 155/529 174/859 173/835
f 524/860 515/861 516/862
f 525/863 515/861 524/860
f 258/864 233/841 234/865
f 259/840 233/841 258/864
f 197/866 172/809 173/835
f 198/842 172/809 197/866
f 585/836 575/838 584/530
f 675/785 668/844 669/783
f 676/843 668/844 675/785
f 645/867 621/846 625/868
f 646/845 621/846 645/867
f 588/869 571/848 572/870
f 589/847 571/848 588/869
f 528/871 511/850 512/872
f 529/849 511/850 528/871
f 474/873 446/852 447/874
f 475/851 446/852 474/873
f 417/875 400/854 401/876
f 418/853 400/854 417/875
f 360/877 341/856 342/878
f 361/855 341/856 360/877
f 297/879 276/858 277/880
f 298/857 276/858 297/879
f 155/529 175/881 174/859
f 469/882 452/883 453/884
f 470/885 452/883 469/882
f 257/886 234/865 235/887
f 258/864 234/865 257/886
f 196/888 173/835 174/859
f 197/866 173/835 196/888
f 524/860 516/862 523/538
f 644/813 625/868 630/811
f 645/867 625/868 644/813
f 587/889 572/870 573/890
f 588/869 572/870 587/889
f 527/891 512/872 513/892
f 528/871 512/872 527/891
f 473/893 447/874 448/894
f 474/873 447/874 473/893
f 416/895 401/876 402/896
f 417/875 401/876 416/895
f 359/897 342/878 343/898
f 360/877 342/878 359/897
f 296/899 277/880 278/900
f 297/879 277/880 296/899
f 155/529 176/901 175/881
f 411/902 406/903 407/904
f 412/905 406/903 411/902
f 256/906 235/887 236/907
f 257/886 235/887 256/906
f 195/908 174/859 175/881
f 196/888 174/859 195/908
f 469/882 453/884 468/525
f 586/839 573/890 574/837
f 587/889 573/890 586/839
f 526/909 513/892 514/910
f 527/891 513/892 526/909
f 472/911 448/894 450/912
f 473/893 448/894 472/911
f 415/913 402/896 403/914
f 416/895 402/896 415/913
f 358/915 343/898 344/916
f 359/897 343/898 358/915
f 295/917 278/900 279/918
f 296/899 278/900 295/917
f 155/529 177/919 176/901
f 353/920 348/921 349/922
f 354/923 348/921 353/920
f 255/924 236/907 237/925
f 256/906 236/907 255/924
f 194/926 175/881 176/901
f 195/908 175/881 194/926
f 411/902 407/904 410/492
f 525/863 514/910 515/861
f 526/909 514/910 525/863
f 471/927 450/912 451/928
f 472/911 450/912 471/927
f 414/929 403/914 404/930
f 415/913 403/914 414/929
f 357/931 344/916 345/932
f 358/915 344/916 357/931
f 294/933 279/918 280/934
f 295/917 279/918 294/933
f 155/529 178/935 177/919
f 289/936 284/937 285/938
f 290/939 284/937 289/936
f 254/940 237/925 238/941
f 255/924 237/925 254/940
f 193/942 176/901 177/919
f 194/926 176/901 193/942
f 353/920 349/922 352/510
f 470/885 451/928 452/883
f 471/927 451/928 470/885
f 413/943 404/930 405/944
f 414/929 404/930 413/943
f 356/945 345/932 346/946
f 357/931 345/932 356/945
f 293/947 280/934 281/948
f 294/933 280/934 293/947
f 155/529 179/949 178/935
f 248/950 243/951 244/952
f 249/953 243/951 248/950
f 253/954 238/941 239/955
f 254/940 238/941 253/954
f 192/956 177/919 178/935
f 193/942 177/919 192/956
f 289/936 285/938 288/620
f 412/905 405/944 406/903
f 413/943 405/944 412/905
f 355/957 346/946 347/958
f 356/945 346/946 355/957
f 292/959 281/948 282/960
f 293/947 281/948 292/959
f 155/529 180/961 179/949
f 187/962 182/963 183/964
f 188/965 182/963 187/962
f 252/966 239/955 240/967
f 253/954 239/955 252/966
f 191/968 178/935 179/949
f 192/956 178/935 191/968
f 248/950 244/952 247/504
f 354/923 347/958 348/921
f 355/957 347/958 354/923
f 291/969 282/960 283/970
f 292/959 282/960 291/969
f 155/529 181/971 180/961
f 251/972 240/967 241/973
f 252/966 240/967 251/972
f 190/974 179/949 180/961
f 191/968 179/949 190/974
f 187/962 183/964 186/621
f 290/939 283/970 284/937
f 291/969 283/970 290/939
f 250/975 241/973 242/976
f 251/972 241/973 250/975
f 189/977 180/961 181/971
f 190/974 180/961 189/977
f 820/608 827/548 821/547
f 155/529 182/963 181/971
f 249/953 242/976 243/951
f 250/975 242/976 249/953
f 155/529 186/621 183/964
f 155/529 183/964 182/963
f 188/965 181/971 182/963
f 189/977 181/971 188/965
f 810/729 815/690 811/689
f 810/729 816/698 815/690
f 809/648 816/698 810/729
f 809/648 817/697 816/698
f 808/645 817/697 809/648
f 808/645 820/608 817/697
f 807/607 820/608 808/645
f 789/759 798/593 790/592
f 789/759 799/646 798/593
f 788/685 799/646 789/759
f 788/685 800/647 799/646
f 787/682 800/647 788/685
f 787/682 807/607 800/647
f 786/501 807/607 787/682
f 755/589 760/631 756/588
f 755/589 761/632 760/631
f 754/662 761/632 755/589
f 754/662 766/661 761/632
f 753/701 766/661 754/662
f 753/701 767/700 766/661
f 752/731 767/700 753/701
f 752/731 780/730 767/700
f 751/761 780/730 752/731
f 751/761 781/760 780/730
f 750/789 781/760 751/761
f 750/789 782/683 781/760
f 749/725 782/683 750/789
f 749/725 783/684 782/683
f 748/722 783/684 749/725
f 748/722 786/501 783/684
f 747/526 786/501 748/722
f 724/664 729/516 725/515
f 724/664 732/663 729/516
f 723/703 732/663 724/664
f 723/703 733/702 732/663
f 722/733 733/702 723/703
f 722/733 734/732 733/702
f 721/763 734/732 722/733
f 721/763 735/762 734/732
f 720/791 735/762 721/763
f 720/791 736/790 735/762
f 719/817 736/790 720/791
f 719/817 737/723 736/790
f 718/755 737/723 719/817
f 718/755 738/724 737/723
f 717/752 738/724 718/755
f 717/752 747/526 738/724
f 716/508 747/526 717/752
f 685/651 690/567 686/566
f 685/651 691/652 690/567
f 684/636 691/652 685/651
f 684/636 692/573 691/652
f 683/633 692/573 684/636
f 683/633 693/574 692/573
f 682/666 693/574 683/633
f 682/666 694/665 693/574
f 681/705 694/665 682/666
f 681/705 696/704 694/665
f 680/735 696/704 681/705
f 680/735 706/734 696/704
f 679/765 706/734 680/735
f 679/765 707/764 706/734
f 678/793 707/764 679/765
f 678/793 708/792 707/764
f 677/819 708/792 678/793
f 677/819 711/818 708/792
f 676/843 711/818 677/819
f 676/843 712/753 711/818
f 675/785 712/753 676/843
f 675/785 713/754 712/753
f 674/782 713/754 675/785
f 674/782 716/508 713/754
f 673/619 716/508 674/782
f 654/559 659/650 655/562
f 654/559 660/634 659/650
f 653/575 660/634 654/559
f 653/575 661/635 660/634
f 652/668 661/635 653/575
f 652/668 662/667 661/635
f 651/707 662/667 652/668
f 651/707 663/706 662/667
f 650/737 663/706 651/707
f 650/737 664/736 663/706
f 649/767 664/736 650/737
f 649/767 665/766 664/736
f 648/795 665/766 649/767
f 648/795 666/794 665/766
f 647/821 666/794 648/795
f 647/821 667/820 666/794
f 646/845 667/820 647/821
f 646/845 668/844 667/820
f 645/867 668/844 646/845
f 645/867 669/783 668/844
f 644/813 669/783 645/867
f 644/813 670/784 669/783
f 643/810 670/784 644/813
f 643/810 673/619 670/784
f 642/507 673/619 643/810
f 596/577 601/561 597/580
f 596/577 602/576 601/561
f 595/670 602/576 596/577
f 595/670 603/669 602/576
f 594/709 603/669 595/670
f 594/709 610/708 603/669
f 593/739 610/708 594/709
f 593/739 611/738 610/708
f 592/769 611/738 593/739
f 592/769 612/768 611/738
f 591/797 612/768 592/769
f 591/797 613/796 612/768
f 590/823 613/796 591/797
f 590/823 620/822 613/796
f 589/847 620/822 590/823
f 589/847 621/846 620/822
f 588/869 621/846 589/847
f 588/869 625/868 621/846
f 587/889 625/868 588/869
f 587/889 630/811 625/868
f 586/839 630/811 587/889
f 586/839 639/812 630/811
f 585/836 639/812 586/839
f 585/836 642/507 639/812
f 584/530 642/507 585/836
f 539/694 544/660 540/659
f 539/694 545/695 544/660
f 538/655 545/695 539/694
f 538/655 546/653 545/695
f 537/640 546/653 538/655
f 537/640 547/578 546/653
f 536/637 547/578 537/640
f 536/637 548/579 547/578
f 535/672 548/579 536/637
f 535/672 549/671 548/579
f 534/711 549/671 535/672
f 534/711 566/710 549/671
f 533/741 566/710 534/711
f 533/741 567/740 566/710
f 532/771 567/740 533/741
f 532/771 568/770 567/740
f 531/799 568/770 532/771
f 531/799 569/798 568/770
f 530/825 569/798 531/799
f 530/825 570/824 569/798
f 529/849 570/824 530/825
f 529/849 571/848 570/824
f 528/871 571/848 529/849
f 528/871 572/870 571/848
f 527/891 572/870 528/871
f 527/891 573/890 572/870
f 526/909 573/890 527/891
f 526/909 574/837 573/890
f 525/863 574/837 526/909
f 525/863 575/838 574/837
f 524/860 575/838 525/863
f 524/860 584/530 575/838
f 523/538 584/530 524/860
f 484/542 494/557 485/556
f 484/542 495/654 494/557
f 483/539 495/654 484/542
f 483/539 496/638 495/654
f 482/581 496/638 483/539
f 482/581 497/639 496/638
f 481/674 497/639 482/581
f 481/674 499/673 497/639
f 480/713 499/673 481/674
f 480/713 500/712 499/673
f 479/743 500/712 480/713
f 479/743 501/742 500/712
f 478/773 501/742 479/743
f 478/773 502/772 501/742
f 477/801 502/772 478/773
f 477/801 503/800 502/772
f 476/827 503/800 477/801
f 476/827 510/826 503/800
f 475/851 510/826 476/827
f 475/851 511/850 510/826
f 474/873 511/850 475/851
f 474/873 512/872 511/850
f 473/893 512/872 474/873
f 473/893 513/892 512/872
f 472/911 513/892 473/893
f 472/911 514/910 513/892
f 471/927 514/910 472/911
f 471/927 515/861 514/910
f 470/885 515/861 471/927
f 470/885 516/862 515/861
f 469/882 516/862 470/885
f 469/882 523/538 516/862
f 468/525 523/538 469/882
f 426/657 431/540 427/656
f 426/657 432/541 431/540
f 425/658 432/541 426/657
f 425/658 433/582 432/541
f 424/676 433/582 425/658
f 424/676 440/675 433/582
f 423/715 440/675 424/676
f 423/715 441/714 440/675
f 422/745 441/714 423/715
f 422/745 442/744 441/714
f 421/775 442/744 422/745
f 421/775 443/774 442/744
f 420/803 443/774 421/775
f 420/803 444/802 443/774
f 419/829 444/802 420/803
f 419/829 445/828 444/802
f 418/853 445/828 419/829
f 418/853 446/852 445/828
f 417/875 446/852 418/853
f 417/875 447/874 446/852
f 416/895 447/874 417/875
f 416/895 448/894 447/874
f 415/913 448/894 416/895
f 415/913 450/912 448/894
f 414/929 450/912 415/913
f 414/929 451/928 450/912
f 413/943 451/928 414/929
f 413/943 452/883 451/928
f 412/905 452/883 413/943
f 412/905 453/884 452/883
f 411/902 453/884 412/905
f 411/902 468/525 453/884
f 410/492 468/525 411/902
f 366/717 378/564 367/563
f 366/717 389/716 378/564
f 365/747 389/716 366/717
f 365/747 396/746 389/716
f 364/777 396/746 365/747
f 364/777 397/776 396/746
f 363/805 397/776 364/777
f 363/805 398/804 397/776
f 362/831 398/804 363/805
f 362/831 399/830 398/804
f 361/855 399/830 362/831
f 361/855 400/854 399/830
f 360/877 400/854 361/855
f 360/877 401/876 400/854
f 359/897 401/876 360/877
f 359/897 402/896 401/876
f 358/915 402/896 359/897
f 358/915 403/914 402/896
f 357/931 403/914 358/915
f 357/931 404/930 403/914
f 356/945 404/930 357/931
f 356/945 405/944 404/930
f 355/957 405/944 356/945
f 355/957 406/903 405/944
f 354/923 406/903 355/957
f 354/923 407/904 406/903
f 353/920 407/904 354/923
f 353/920 410/492 407/904
f 352/510 410/492 353/920
f 305/642 310/606 306/603
f 305/642 311/641 310/606
f 304/678 311/641 305/642
f 304/678 329/677 311/641
f 303/719 329/677 304/678
f 303/719 336/718 329/677
f 302/749 336/718 303/719
f 302/749 337/748 336/718
f 301/779 337/748 302/749
f 301/779 338/778 337/748
f 300/807 338/778 301/779
f 300/807 339/806 338/778
f 299/833 339/806 300/807
f 299/833 340/832 339/806
f 298/857 340/832 299/833
f 298/857 341/856 340/832
f 297/879 341/856 298/857
f 297/879 342/878 341/856
f 296/899 342/878 297/879
f 296/899 343/898 342/878
f 295/917 343/898 296/899
f 295/917 344/916 343/898
f 294/933 344/916 295/917
f 294/933 345/932 344/916
f 293/947 345/932 294/933
f 293/947 346/946 345/932
f 292/959 346/946 293/947
f 292/959 347/958 346/946
f 291/969 347/958 292/959
f 291/969 348/921 347/958
f 290/939 348/921 291/969
f 290/939 349/922 348/921
f 289/936 349/922 290/939
f 289/936 352/510 349/922
f 288/620 352/510 289/936
f 264/686 269/595 265/594
f 264/686 270/679 269/595
f 263/726 270/679 264/686
f 263/726 271/720 270/679
f 262/756 271/720 263/726
f 262/756 272/750 271/720
f 261/786 272/750 262/756
f 261/786 273/780 272/750
f 260/814 273/780 261/786
f 260/814 274/808 273/780
f 259/840 274/808 260/814
f 259/840 275/834 274/808
f 258/864 275/834 259/840
f 258/864 276/858 275/834
f 257/886 276/858 258/864
f 257/886 277/880 276/858
f 256/906 277/880 257/886
f 256/906 278/900 277/880
f 255/924 278/900 256/906
f 255/924 279/918 278/900
f 254/940 279/918 255/924
f 254/940 280/934 279/918
f 253/954 280/934 254/940
f 253/954 281/948 280/934
f 252/966 281/948 253/954
f 252/966 282/960 281/948
f 251/972 282/960 252/966
f 251/972 283/970 282/960
f 250/975 283/970 251/972
f 250/975 284/937 283/970
f 249/953 284/937 250/975
f 249/953 285/938 284/937
f 248/950 285/938 249/953
f 248/950 288/620 285/938
f 247/504 288/620 248/950
f 207/514 212/519 208/518
f 207/514 213/532 212/519
f 206/511 213/532 207/514
f 206/511 214/533 213/532
f 205/546 214/533 206/511
f 205/546 215/649 214/533
f 204/543 215/649 205/546
f 204/543 216/687 215/649
f 203/688 216/687 204/543
f 203/688 229/727 216/687
f 202/728 229/727 203/688
f 202/728 230/757 229/727
f 201/758 230/757 202/728
f 201/758 231/787 230/757
f 200/788 231/787 201/758
f 200/788 232/815 231/787
f 199/816 232/815 200/788
f 199/816 233/841 232/815
f 198/842 233/841 199/816
f 198/842 234/865 233/841
f 197/866 234/865 198/842
f 197/866 235/887 234/865
f 196/888 235/887 197/866
f 196/888 236/907 235/887
f 195/908 236/907 196/888
f 195/908 237/925 236/907
f 194/926 237/925 195/908
f 194/926 238/941 237/925
f 193/942 238/941 194/926
f 193/942 239/955 238/941
f 192/956 239/955 193/942
f 192/956 240/967 239/955
f 191/968 240/967 192/956
f 191/968 241/973 240/967
f 190/974 241/973 191/968
f 190/974 242/976 241/973
f 189/977 242/976 190/974
f 189/977 243/951 242/976
f 188/965 243/951 189/977
f 188/965 244/952 243/951
f 187/962 244/952 188/965
f 187/962 247/504 244/952
f 186/621 247/504 187/962
f 158/583 163/512 159/584
f 158/583 164/513 163/512
f 157/644 164/513 158/583
f 157/644 165/544 164/513
f 156/570 165/544 157/644
f 156/570 166/545 165/544
f 155/529 166/545 156/570
f 155/529 167/681 166/545
f 137/585 142/522 138/521
f 137/585 143/643 142/522
f 136/586 143/643 137/585
f 136/586 144/571 143/643
f 135/551 144/571 136/586
f 135/551 155/529 144/571
f 134/549 155/529 135/551
f 133/552 155/529 134/549
f 125/692 130/550 126/691
f 125/692 133/552 130/550
f 124/572 133/552 125/692
f 114/590 119/569 115/509
f 114/590 120/696 119/569
f 113/591 120/696 114/590
f 113/591 121/693 120/696
f 112/699 121/693 113/591
f 112/699 124/572 121/693
f 111/537 124/572 112/699
f 63/1227 62/1228 70/1229
f 70/1229 71/1230 63/1227
f 564/1231 565/1232 637/1233
f 638/1234 637/1233 565/1232
f 147/1235 148/1236 221/1237
f 222/1238 221/1237 148/1236
f 93/1239 92/1240 84/1241
f 84/1241 85/1242 93/1239
f 59/1243 58/1244 62/1228
f 62/1228 63/1227 59/1243
f 637/1233 638/1234 704/1245
f 705/1246 704/1245 638/1234
f 85/1242 84/1241 72/1247
f 72/1247 73/1248 85/1242
f 83/1249 82/1250 90/1251
f 90/1251 91/1252 83/1249
f 220/1253 146/1254 145/1255
f 145/1255 219/1256 220/1253
f 65/1257 64/1258 58/1244
f 58/1244 59/1243 65/1257
f 313/1259 220/1253 219/1256
f 219/1256 312/1260 313/1259
f 314/1261 315/1262 387/1263
f 388/1264 387/1263 315/1262
f 774/1265 775/1266 834/1267
f 835/1268 834/1267 775/1266
f 491/1397 492/1269 564/1231
f 565/1232 564/1231 492/1269
f 704/1245 705/1246 774/1265
f 775/1266 774/1265 705/1246
f 387/1396 388/1395 491/1397
f 492/1269 491/1397 388/1395
f 100/1270 101/1271 147/1235
f 148/1236 147/1235 101/1271
f 221/1237 222/1238 314/1261
f 315/1262 314/1261 222/1238
f 101/1271 100/1270 92/1240
f 92/1240 93/1239 101/1271
f 73/1248 72/1247 64/1258
f 64/1258 65/1257 73/1248
f 71/1230 70/1229 82/1250
f 82/1250 83/1249 71/1230
f 91/1252 90/1251 98/1272
f 98/1272 99/1273 91/1252
f 146/1254 99/1273 98/1272
f 98/1272 145/1255 146/1254
f 461/1274 380/1275 379/1276
f 379/1276 460/1277 461/1274
f 852/1278 887/1279 853/1280
f 888/1281 853/1280 887/1279
f 921/1282 889/1283 922/1284
f 890/1285 922/1284 889/1283
f 832/1286 852/1278 833/1287
f 853/1280 833/1287 852/1278
f 947/1288 943/1289 948/1290
f 944/1291 948/1290 943/1289
f 919/1292 941/1293 920/1294
f 942/1295 920/1294 941/1293
f 563/1296 461/1274 460/1277
f 460/1277 562/1297 563/1296
f 889/1283 854/1298 890/1285
f 855/1299 890/1285 854/1298
f 943/1289 921/1282 944/1291
f 922/1284 944/1291 921/1282
f 854/1298 834/1267 855/1299
f 835/1268 855/1299 834/1267
f 380/1275 313/1259 312/1260
f 312/1260 379/1276 380/1275
f 636/1300 563/1296 562/1297
f 562/1297 635/1301 636/1300
f 703/1302 636/1300 635/1301
f 635/1301 702/1303 703/1302
f 941/1293 947/1288 942/1295
f 948/1290 942/1295 947/1288
f 833/1287 773/1304 772/1305
f 772/1305 832/1286 833/1287
f 887/1279 919/1292 888/1281
f 920/1294 888/1281 919/1292
f 773/1304 703/1302 702/1303
f 702/1303 772/1305 773/1304
f 785/978 852/487 746/486
f 852/487 785/978 887/979
f 806/402 887/979 785/978
f 887/979 806/402 919/401
f 943/412 826/397 823/410
f 826/397 943/412 947/400
f 902/2778 862/2779 903/2780
f 863/2781 903/2780 862/2779
f 1112/2804 1111/2802 1079/2806
f 1079/2806 1080/2808 1112/2804
f 1140/3214 1148/3215 1146/3216
f 892/3235 856/3237 862/3236
f 1111/3218 1140/3214 1137/3217
f 1146/3216 1137/3217 1140/3214
f 1079/3220 1111/3218 1105/3219
f 1137/3217 1105/3219 1111/3218
f 1054/3222 1079/3220 1070/3221
f 1105/3219 1070/3221 1079/3220
f 1035/3224 1054/3222 1052/3223
f 1070/3221 1052/3223 1054/3222
f 1013/3226 1035/3224 1032/3225
f 1052/3223 1032/3225 1035/3224
f 1000/3228 1013/3226 1010/3227
f 1032/3225 1010/3227 1013/3226
f 991/3230 1000/3228 998/3229
f 1010/3227 998/3229 1000/3228
f 963/3232 991/3230 985/3231
f 998/3229 985/3231 991/3230
f 902/3234 963/3232 958/3233
f 985/3231 958/3233 963/3232
f 862/3236 902/3234 892/3235
f 958/3233 892/3235 902/3234
f 1013/3316 1014/3317 1035/3318
f 1036/3320 1035/3318 1014/3317
f 862/2779 856/2783 863/2781
f 857/2785 863/2781 856/2783
f 1000/3321 1001/3319 1013/3316
f 1014/3317 1013/3316 1001/3319
f 856/2783 892/2787 857/2785
f 893/2789 857/2785 892/2787
f 963/2784 964/2782 991/2786
f 992/2788 991/2786 964/2782
f 1149/2796 1148/2797 1140/2798
f 1140/2798 1141/2800 1149/2796
f 1147/2799 1146/2801 1148/2797
f 1148/2797 1149/2796 1147/2799
f 1106/2807 1105/2809 1137/2805
f 1137/2805 1138/2803 1106/2807
f 1141/2800 1140/2798 1111/2802
f 1111/2802 1112/2804 1141/2800
f 1106/2807 1071/2813 1070/2811
f 1070/2811 1105/2809 1106/2807
f 1071/3326 1053/3327 1052/3328
f 1052/3328 1070/3330 1071/3326
f 1053/3327 1033/3331 1032/3329
f 1032/3329 1052/3328 1053/3327
f 1054/2812 1055/2810 1079/2806
f 1080/2808 1079/2806 1055/2810
f 963/2784 902/2778 964/2782
f 903/2780 964/2782 902/2778
f 991/3325 992/3323 1000/3321
f 1001/3319 1000/3321 992/3323
f 1035/3318 1036/3320 1054/3322
f 1055/3324 1054/3322 1036/3320
f 1138/2803 1137/2805 1146/2801
f 1146/2801 1147/2799 1138/2803
f 1033/3331 1011/3333 1010/3332
f 1010/3332 1032/3329 1033/3331
f 999/2794 986/2793 985/2792
f 985/2792 998/2795 999/2794
f 958/2790 985/2792 959/2791
f 986/2793 959/2791 985/2792
f 1011/3333 999/3335 998/3334
f 998/3334 1010/3332 1011/3333
f 892/2787 958/2790 893/2789
f 959/2791 893/2789 958/2790
f 1526/1 1524/2 1525/3
f 1526/1 1522/4 1524/2
f 1522/4 1520/5 1521/6
f 1523/7 1525/3 1524/2
f 1519/8 1521/6 1520/5
f 1526/1 1520/5 1522/4
f 1346/3238 1208/3239 1345/3240
f 1346/3238 1206/3241 1208/3239
f 1339/2656 1184/2657 1337/2658
f 1169/2659 1337/2658 1184/2657
f 1351/3355 1222/3356 1185/3357
f 1191/3359 1185/3357 1222/3356
f 1221/3358 1351/3355 1349/3360
f 1351/3355 1221/3358 1222/3356
f 1205/3244 1344/3242 1208/3239
f 1345/3240 1208/3239 1344/3242
f 1200/3248 1343/3246 1205/3244
f 1344/3242 1205/3244 1343/3246
f 1220/3361 1221/3358 1349/3360
f 1349/3360 1348/3362 1220/3361
f 1218 1219 1342
f 1342 1340 1218
f 1199/2552 1201/2553 1198/2554
f 1336/2662 1168/2663 1338/2664
f 1183/2665 1338/2664 1168/2663
f 1186/2593 1194/2590 1352/2591
f 1350/2588 1352/2591 1194/2590
f 1171/2666 1186/2667 1354/2668
f 1352/2669 1354/2668 1186/2667
f 1185/2675 1170/2673 1351/2674
f 1353/2672 1351/2674 1170/2673
f 1198/3249 1350/3247 1194/3251
f 1350/3247 1198/3249 1201/3245
f 1350/3247 1201/3245 1347/3243
f 1218/3336 1340/3337 1338/3338
f 1218/3336 1338/3338 1217/3339
f 1338/3338 1183/3341 1190/3340
f 1190/3340 1217/3339 1338/3338
f 1347/3243 1206/3241 1346/3238
f 1347/3243 1201/3245 1206/3241
f 1341/2589 1193/2592 1339/2594
f 1184/2595 1339/2594 1193/2592
f 1196/2565 1209/2557 1197/2567
f 1209/2557 1205/2561 1208/2559
f 1354/2668 1167/2670 1171/2666
f 1167/2670 1354/2668 1355/2671
f 1198/2554 1194/2556 1199/2552
f 1170/2673 1167/2670 1353/2672
f 1355/2671 1353/2672 1167/2670
f 1335/2661 1166/2660 1336/2662
f 1168/2663 1336/2662 1166/2660
f 1197/2567 1193/2570 1196/2565
f 1337/2658 1169/2659 1166/2660
f 1166/2660 1335/2661 1337/2658
f 1341/3250 1196/3252 1193/3253
f 1196/3252 1341/3250 1200/3248
f 1343/3246 1200/3248 1341/3250
f 1522/2194 1770/2195 1524/2196
f 1771/2197 1524/2196 1770/2195
f 1523/2198 1524/2199 1926/2200
f 1771/2201 1926/2200 1524/2199
f 1770/2202 1522/2203 1521/2204
f 1521/2204 1925/2205 1770/2202
f 1732/2069 1733/2066 1746/2063
f 1747/2064 1746/2063 1733/2066
f 1730/2100 1731/2098 1744/2095
f 1745/2096 1744/2095 1731/2098
f 1244/113 1226/112 1233/109
f 1226/112 1244/113 1231/114
f 1231/114 1229/115 1207/116
f 1237/117 1229/115 1231/114
f 2295/118 2304/119 2291/120
f 2286/121 2275/122 2291/120
f 2177/123 2152/124 2184/75
f 2177/123 2203/71 2172/125
f 2104/126 2129/127 2083/128
f 2104/126 2044/129 2113/130
f 1468/131 1489/132 1428/133
f 1468/131 1436/134 1499/135
f 1819/136 1908/269 1719/272
f 1819/136 1717/270 1900/139
f 1230 1212 1213
f 2242 2274 2244
f 2278 2244 2274
f 2212 2242 2235
f 2244 2235 2242
f 2206 2242 2212
f 1900 1717 1898
f 2243 2207 2213
f 2183 2206 2195
f 2212 2195 2206
f 2207 2184 2196
f 2151 2183 2174
f 2195 2174 2183
f 2184 2152 2175
f 2112 2151 2140
f 2174 2140 2151
f 2152 2113 2141
f 2043 2112 2108
f 2140 2108 2112
f 2113 2044 2109
f 1967 2043 2031
f 2108 2031 2043
f 2044 1968 2032
f 1899 1967 1959
f 2031 1959 1967
f 1968 1900 1960
f 1698 1899 1897
f 1959 1897 1899
f 1697 1899 1698
f 2243 2213 2236
f 1498 1697 1500
f 1698 1500 1697
f 1717 1499 1501
f 1435 1498 1443
f 1500 1443 1498
f 1499 1436 1444
f 1379 1435 1388
f 1443 1388 1435
f 1436 1380 1389
f 1309 1379 1311
f 1388 1311 1379
f 1380 1310 1312
f 1282 1309 1288
f 1311 1288 1309
f 1310 1283 1289
f 1260 1282 1266
f 1288 1266 1282
f 1283 1261 1267
f 1243 1260 1251
f 1266 1251 1260
f 1261 1244 1252
f 1234 1243 1239
f 1251 1239 1243
f 1232 1243 1234
f 1244 1233 1235
f 1213 1232 1230
f 1234 1230 1232
f 2244 2278 2275
f 1717 1501 1716
f 2236 2244 2243
f 2275 2243 2244
f 2175 2196 2184
f 2196 2213 2207
f 2141 2175 2152
f 2109 2141 2113
f 2032 2109 2044
f 1960 2032 1968
f 1898 1960 1900
f 1716 1898 1717
f 1244 1235 1240
f 1389 1444 1436
f 1444 1501 1499
f 1312 1389 1380
f 1289 1312 1310
f 1267 1289 1283
f 1252 1267 1261
f 1240 1252 1244
f 1230 1235 1233
f 1212 1230 1214
f 1233 1214 1230
f 1399/140 1428/133 1366/141
f 1399/140 1380/142 1436/134
f 1933/143 1985/144 1908/269
f 1933/143 1900/139 1968/145
f 1619/146 1719/137 1489/132
f 1619/146 1499/135 1717/138
f 2013/147 2083/128 1985/144
f 2013/147 1968/145 2044/129
f 2139/148 2172/125 2129/127
f 2139/148 2113/130 2152/124
f 1319/149 1366/141 1298/150
f 1319/149 1310/151 1380/142
f 1237/117 1244/113 1246/152
f 1255/153 1248/154 1246/152
f 1290/155 1269/156 1297/157
f 1290/155 1309/158 1282/159
f 1264/160 1247/161 1269/156
f 1264/160 1282/159 1260/162
f 1227/163 1195/164 1228/165
f 1227/163 1243/166 1232/167
f 1435/168 1378/169 1434/170
f 1378/169 1435/168 1379/171
f 1245/172 1228/165 1247/161
f 1245/172 1260/162 1243/166
f 1498/173 1434/170 1493/174
f 1434/170 1498/173 1435/168
f 1210/175 1139/176 1195/164
f 1210/175 1232/167 1213/177
f 1632/178 1525/179 1695/180
f 1632/178 1697/181 1526/182
f 1526/182 1697/181 1493/174
f 1493/174 1697/181 1498/173
f 1973/183 1967/100 1972/99
f 1967/100 1973/183 1997/184
f 1967/100 1997/184 2012/185
f 1967/100 2012/185 2055/186
f 1967/100 2055/186 2061/88
f 1967/100 2061/88 2043/87
f 1810/187 1695/180 1907/95
f 1810/187 1899/97 1697/181
f 2214/188 2206/81 2211/82
f 2206/81 2214/188 2233/189
f 2206/81 2233/189 2242/190
f 2242/190 2233/189 2256/191
f 2242/190 2256/191 2260/192
f 2242/190 2260/192 2269/193
f 2298/194 2276/101 2283/103
f 2276/101 2298/194 2270/195
f 2280/196 2242/190 2270/195
f 2285/197 2274/198 2280/196
f 2242/190 2269/193 2270/195
f 2285/197 2298/194 2293/199
f 2295/118 2278/200 2293/199
f 2317/2206 2315/2207 2316/2208
f 2313/2210 2315/2207 2314/2209
f 2317/2206 2314/2209 2315/2207
f 2237/2211 2317/2212 2218/2213
f 2317/2212 2237/2211 2241/2214
f 2317/2212 2290/2215 2310/2216
f 2317/2212 2241/2214 2290/2215
f 2312/2217 2309/2221 2311/2219
f 2289/2232 2309/2229 2281/2233
f 2289/2232 2308/2230 2309/2229
f 1861/2023 1869/2024 1865/2025
f 1536/2060 1518/2062 1532/2061
f 1851/2027 1861/2023 1855/2026
f 1865/2025 1855/2026 1861/2023
f 1841/2029 1851/2027 1845/2028
f 1855/2026 1845/2028 1851/2027
f 1831/2031 1841/2029 1835/2030
f 1845/2028 1835/2030 1841/2029
f 1801/2033 1831/2031 1805/2032
f 1835/2030 1805/2032 1831/2031
f 1779/2035 1801/2033 1783/2034
f 1805/2032 1783/2034 1801/2033
f 1757/2037 1779/2035 1761/2036
f 1783/2034 1761/2036 1779/2035
f 1743/2039 1757/2037 1747/2038
f 1761/2036 1747/2038 1757/2037
f 1729/2041 1743/2039 1733/2040
f 1747/2038 1733/2040 1743/2039
f 1684/2043 1729/2041 1692/2042
f 1733/2040 1692/2042 1729/2041
f 1666/2045 1684/2043 1670/2044
f 1692/2042 1670/2044 1684/2043
f 1650/2047 1666/2045 1654/2046
f 1670/2044 1654/2046 1666/2045
f 1636/2049 1650/2047 1640/2048
f 1654/2046 1640/2048 1650/2047
f 1614/2051 1636/2049 1618/2050
f 1640/2048 1618/2050 1636/2049
f 1590/2053 1614/2051 1594/2052
f 1618/2050 1594/2052 1614/2051
f 1562/2055 1590/2053 1566/2054
f 1594/2052 1566/2054 1590/2053
f 1552/2057 1562/2055 1556/2056
f 1566/2054 1556/2056 1562/2055
f 1542/2059 1552/2057 1546/2058
f 1556/2056 1546/2058 1552/2057
f 1532/2061 1542/2059 1536/2060
f 1546/2058 1536/2060 1542/2059
f 1689/2102 1690/2101 1730/2100
f 1731/2098 1730/2100 1690/2101
f 1691/2075 1692/2072 1732/2069
f 1733/2066 1732/2069 1692/2072
f 1976/3134 1964/3137 1937/3123
f 1964/3137 1976/3134 2011/3152
f 1935/3114 1937/3123 1914/3102
f 1937/3123 1935/3114 1976/3134
f 1821/3072 1791/3059 1707/2939
f 2066/3157 2040/3159 2011/3152
f 2040/3159 2066/3157 2100/3165
f 2009/3142 2011/3152 1976/3134
f 2011/3152 2009/3142 2066/3157
f 2040/2882 2119/2874 2086/2881
f 2119/2874 2040/2882 2100/2875
f 2096/2880 2141/2878 2109/2885
f 2141/2878 2096/2880 2132/2873
f 1821/3072 1879/3081 1791/3059
f 1879/3081 1821/3072 1906/3093
f 1906/3093 1914/3102 1879/3081
f 1914/3102 1906/3093 1935/3114
f 2086/2881 2132/2873 2096/2880
f 2132/2873 2086/2881 2119/2874
f 924/2537 971/2542 908/2543
f 971/2542 924/2537 970/2536
f 1925/2190 1926/2191 1770/2192
f 1771/2193 1770/2192 1926/2191
f 797/2483 868/2486 804/2495
f 868/2486 797/2483 866/2481
f 886/2515 881/2518 878/2494
f 878/2494 881/2518 880/2520
f 880/2520 879/2521 878/2494
f 877/2522 878/2494 879/2521
f 878/2494 877/2522 876/2523
f 874/2490 875/2524 876/2523
f 969/2545 870/2548 897/2546
f 870/2548 969/2545 968/2550
f 870/2548 968/2550 966/2551
f 931/2619 952/2632 936/2634
f 952/2632 931/2619 957/2630
f 957/2630 931/2619 961/2628
f 926/2527 967/2532 928/2529
f 967/2532 926/2527 965/2530
f 901/2645 847/2648 839/2641
f 839/2641 878/2643 901/2645
f 878/2643 839/2641 874/2640
f 908/2543 969/2545 897/2546
f 969/2545 908/2543 971/2542
f 928/2529 970/2536 924/2537
f 970/2536 928/2529 967/2532
f 988/2489 956/2504 960/2510
f 955/2505 956/2504 988/2489
f 1209/2557 1196/2565 1200/2563
f 1209/2557 1200/2563 1205/2561
f 1206/2555 1209/2557 1208/2559
f 1209/2557 1206/2555 1199/2552
f 1199/2552 1206/2555 1201/2553
f 989/2676 990/2677 1004/2678
f 1005/2679 1004/2678 990/2677
f 1158/2580 1166/2578 1159/2579
f 1166/2578 1158/2580 1168/2581
f 1168/2581 1158/2580 1183/2583
f 1183/2583 1158/2580 1190/2585
f 1166/2578 1197/2567 1159/2579
f 1197/2567 1166/2578 1169/2576
f 1197/2567 1169/2576 1184/2573
f 1197/2567 1184/2573 1193/2570
f 740/2482 739/2487 840/2478
f 840/2478 841/2465 740/2482
f 1125/2582 1075/2587 1074/2586
f 1074/2586 1124/2584 1125/2582
f 1046/2631 1022/2626 1021/2629
f 1021/2629 1045/2633 1046/2631
f 1022/2626 1003/2620 1002/2623
f 1002/2623 1021/2629 1022/2626
f 1124/2584 1158/2580 1125/2582
f 1159/2579 1125/2582 1158/2580
f 1160/2566 1185/2571 1191/2574
f 1185/2571 1160/2566 1170/2568
f 1170/2568 1160/2566 1167/2564
f 1199/2552 1194/2556 1161/2558
f 1161/2558 1194/2556 1186/2560
f 1161/2558 1186/2560 1171/2562
f 1161/2558 1171/2562 1167/2564
f 1161/2558 1167/2564 1160/2566
f 1160/2566 1126/2569 1161/2558
f 1127/2572 1161/2558 1126/2569
f 1076/2577 1077/2575 1126/2569
f 1127/2572 1126/2569 1077/2575
f 1077/2684 1047/2682 1048/2683
f 1047/2682 1077/2684 1076/2685
f 1023/2680 1024/2681 1047/2682
f 1048/2683 1047/2682 1024/2681
f 1004/2678 1005/2679 1023/2680
f 1024/2681 1023/2680 1005/2679
f 1003/2620 988/2601 987/2616
f 987/2616 1002/2623 1003/2620
f 1075/2635 1046/2631 1045/2633
f 1045/2633 1074/2637 1075/2635
f 933/2485 929/2480 988/2489
f 731/2491 730/2496 739/2487
f 739/2487 740/2482 731/2491
f 935/2513 934/2516 842/2509
f 842/2509 843/2507 935/2513
f 742/2500 741/2503 730/2496
f 730/2496 731/2491 742/2500
f 987/2616 970/2613 931/2619
f 970/2613 987/2616 988/2601
f 931/2619 970/2613 967/2622
f 931/2619 967/2622 965/2625
f 931/2619 965/2625 961/2628
f 970/2613 988/2601 971/2611
f 971/2611 988/2601 969/2607
f 969/2607 988/2601 968/2605
f 841/2465 929/2480 933/2485
f 988/2489 951/2498 954/2501
f 951/2498 988/2489 950/2493
f 950/2493 988/2489 929/2480
f 841/2465 913/2477 929/2480
f 913/2477 841/2465 911/2471
f 911/2471 841/2465 900/2464
f 900/2464 841/2465 873/2459
f 873/2459 841/2465 867/2462
f 867/2462 841/2465 865/2470
f 865/2470 841/2465 864/2472
f 874/2490 840/2478 878/2494
f 840/2478 874/2490 868/2486
f 840/2478 868/2486 866/2481
f 840/2478 866/2481 864/2472
f 840/2478 864/2472 841/2465
f 990/2517 934/2516 935/2513
f 934/2516 990/2517 989/2519
f 988/2601 966/2596 968/2605
f 966/2596 988/2601 962/2599
f 962/2514 988/2489 960/2510
f 843/2507 842/2509 741/2503
f 741/2503 742/2500 843/2507
f 951/2621 802/2618 837/2609
f 802/2618 951/2621 950/2624
f 936/3346 899/3342 872/3347
f 936/3346 872/3347 861/3348
f 861/3348 930/3349 936/3346
f 861/3348 914/3350 930/3349
f 861/3348 912/3351 914/3350
f 932/2655 936/2654 930/2653
f 913/2477 802/2479 929/2480
f 802/2479 911/2471 795/2476
f 911/2471 802/2479 913/2477
f 929/2627 802/2618 950/2624
f 952/3345 899/3342 936/3346
f 559/1172 555/1306 558/1307
f 555/1306 559/1172 509/1308
f 509/1308 559/1172 464/1174
f 994/980 768/981 698/982
f 768/981 994/980 1007/983
f 906/984 698/982 631/985
f 698/982 906/984 994/980
f 769/1309 699/1310 698/1311
f 698/1311 768/1312 769/1309
f 87/1313 86/1314 94/1315
f 94/1315 95/1316 87/1313
f 1067/986 937/383 915/987
f 937/383 1067/986 1082/381
f 224/1317 150/1318 149/1319
f 149/1319 223/1320 224/1317
f 828/1321 848/1322 829/1323
f 849/1324 829/1323 848/1322
f 710/988 631/985 556/989
f 631/985 710/988 906/984
f 1007/983 828/990 768/981
f 828/990 1007/983 1026/991
f 1026/991 848/992 828/990
f 848/992 1026/991 1040/993
f 829/1323 769/1309 768/1312
f 768/1312 828/1321 829/1323
f 150/1318 103/1325 102/1326
f 102/1326 149/1319 150/1318
f 317/1327 224/1317 223/1320
f 223/1320 316/1328 317/1327
f 384/1175 395/1177 439/1329
f 384/1175 439/1329 464/1174
f 1059/994 915/987 882/995
f 915/987 1059/994 1067/986
f 946/996 916/997 938/998
f 946/996 883/999 916/997
f 946/996 849/1000 883/999
f 946/996 829/1001 849/1000
f 152/1002 105/1003 116/1004
f 818/1005 829/1001 825/1006
f 946/996 825/1006 829/1001
f 805/1007 829/1001 818/1005
f 784/1008 829/1001 805/1007
f 561/1009 490/1010 541/1011
f 769/1012 829/1001 784/1008
f 831/1013 771/1014 791/1015
f 714/1016 769/1012 745/1017
f 784/1008 745/1017 769/1012
f 699/1018 769/1012 714/1016
f 771/1014 701/1019 726/1020
f 640/1021 699/1018 671/1022
f 714/1016 671/1022 699/1018
f 632/1023 699/1018 640/1021
f 701/1019 634/1024 656/1025
f 559/1026 632/1023 582/1027
f 640/1021 582/1027 632/1023
f 634/1024 561/1009 598/1028
f 466/1029 559/1026 521/1030
f 582/1027 521/1030 559/1026
f 465/1031 559/1026 466/1029
f 384/1032 465/1031 408/1033
f 466/1029 408/1033 465/1031
f 490/1010 386/1034 428/1035
f 317/1036 384/1032 350/1037
f 408/1033 350/1037 384/1032
f 386/1034 319/1038 368/1039
f 245/1040 317/1036 286/1041
f 350/1037 286/1041 317/1036
f 224/1042 317/1036 245/1040
f 319/1038 226/1043 266/1044
f 153/1045 224/1042 184/1046
f 245/1040 184/1046 224/1042
f 150/1047 224/1042 153/1045
f 226/1043 152/1002 160/1048
f 122/1049 150/1047 131/1050
f 153/1045 131/1050 150/1047
f 109/1051 150/1047 122/1049
f 106/1052 95/1053 103/1054
f 103/1054 150/1047 109/1051
f 103/1054 109/1051 106/1052
f 106/1052 87/1055 95/1053
f 106/1052 75/1056 87/1055
f 106/1052 67/1057 75/1056
f 106/1052 61/1058 67/1057
f 885/1059 946/996 918/1060
f 831/1013 822/1061 825/1006
f 918/1060 946/996 940/1062
f 851/1063 946/996 885/1059
f 831/1013 946/996 851/1063
f 831/1013 812/1064 822/1061
f 825/1006 946/996 831/1013
f 831/1013 791/1015 812/1064
f 771/1014 726/1020 757/1065
f 757/1065 791/1015 771/1014
f 701/1019 656/1025 687/1066
f 687/1066 726/1020 701/1019
f 490/1010 428/1035 486/1067
f 541/1011 598/1028 561/1009
f 598/1028 656/1025 634/1024
f 486/1067 541/1011 490/1010
f 319/1038 266/1044 307/1068
f 307/1068 368/1039 319/1038
f 368/1039 428/1035 386/1034
f 226/1043 160/1048 209/1069
f 209/1069 266/1044 226/1043
f 152/1002 127/1070 139/1071
f 139/1071 160/1048 152/1002
f 152/1002 116/1004 127/1070
f 116/1004 105/1003 106/1052
f 97/1072 106/1052 105/1003
f 89/1073 106/1052 97/1072
f 77/1074 106/1052 89/1073
f 69/1075 106/1052 77/1074
f 61/1058 106/1052 69/1075
f 316/3583 381/3579 382/3582
f 384/1175 317/1327 383/1176
f 316/3583 382/3582 375/3584
f 316/3583 375/3584 334/3585
f 316/3583 334/3585 327/3586
f 316/3583 327/3586 322/3587
f 376/1330 377/1331 317/1327
f 335/1332 376/1330 317/1327
f 328/1333 335/1332 317/1327
f 322/1334 328/1333 317/1327
f 316/1328 322/1334 317/1327
f 377/1331 383/1176 317/1327
f 699/1310 632/1335 631/1336
f 631/1336 698/1311 699/1310
f 631/3574 618/3573 556/3569
f 618 631 624
f 624/1337 631/1336 632/1335
f 556/3569 618/3573 608/3572
f 556/3569 608/3572 580/3571
f 624/1337 632/1335 619/1338
f 619/1338 632/1335 609/1339
f 609/1339 632/1335 581/1340
f 581/1340 632/1335 558/1307
f 558/1307 632/1335 559/1172
f 95/1316 94/1315 102/1326
f 102/1326 103/1325 95/1316
f 1040/993 882/995 848/992
f 882/995 1040/993 1059/994
f 458/1076 381/1077 218/1078
f 381/1077 458/1076 462/1079
f 79/1080 223/1081 39/1082
f 223/1081 79/1080 316/1083
f 39/1082 149/1084 34/1085
f 149/1084 39/1082 223/1081
f 710/988 462/1079 458/1076
f 462/1079 710/988 556/989
f 26/1086 94/1087 22/1088
f 94/1087 26/1086 102/1089
f 22/1088 86/1090 18/1091
f 86/1090 22/1088 94/1087
f 218/1078 316/1083 79/1080
f 316/1083 218/1078 381/1077
f 34/1085 102/1089 26/1086
f 102/1089 34/1085 149/1084
f 18/1091 74/1092 13/1093
f 74/1092 18/1091 86/1090
f 60/1094 11/1095 7/1096
f 11/1095 60/1094 68/1097
f 76/1098 20/1099 15/1100
f 20/1099 76/1098 88/1101
f 88/1101 24/1102 20/1099
f 24/1102 88/1101 96/1103
f 9/1104 60/1094 7/1096
f 60/1094 9/1104 66/1105
f 96/1103 28/1106 24/1102
f 28/1106 96/1103 104/1107
f 68/1097 15/1100 11/1095
f 15/1100 68/1097 76/1098
f 13/1093 66/1105 9/1104
f 66/1105 13/1093 74/1092
f 104/1107 36/1108 28/1106
f 36/1108 104/1107 151/1109
f 42/1110 80/1111 55/1112
f 42/1110 225/1113 80/1111
f 80/1111 225/1113 81/1114
f 318/1115 81/1114 225/1113
f 891/1116 633/1117 700/1118
f 700/1118 895/1119 891/1116
f 700/1118 976/1120 895/1119
f 700/1118 997/1121 976/1120
f 151/1109 42/1110 36/1108
f 42/1110 151/1109 225/1113
f 917/1122 1061/1123 884/1124
f 1061/1123 917/1122 1069/1125
f 850/1126 1028/1127 830/1128
f 1028/1127 850/1126 1042/1129
f 770/1130 997/1121 700/1118
f 997/1121 770/1130 1009/1131
f 884/1124 1042/1129 850/1126
f 1042/1129 884/1124 1061/1123
f 939/404 1069/1125 917/1122
f 1069/1125 939/404 1084/403
f 830/1128 1009/1131 770/1130
f 1009/1131 830/1128 1028/1127
f 848/1322 882/1341 849/1324
f 883/1342 849/1324 882/1341
f 939/1343 917/1344 940/1345
f 918/1346 940/1345 917/1344
f 884/1347 850/1348 885/1349
f 851/1350 885/1349 850/1348
f 700/1351 701/1352 770/1353
f 771/1354 770/1353 701/1352
f 560/1355 561/1356 633/1357
f 634/1358 633/1357 561/1356
f 915/1359 937/1360 916/1361
f 938/1362 916/1361 937/1360
f 633/1357 634/1358 700/1351
f 701/1352 700/1351 634/1358
f 318/1363 319/1364 385/1365
f 386/1366 385/1365 319/1364
f 850/1348 830/1367 851/1350
f 831/1368 851/1350 830/1367
f 385/1400 386/1398 489/1399
f 490/1369 489/1399 386/1398
f 225/1370 226/1371 318/1363
f 319/1364 318/1363 226/1371
f 489/1399 490/1369 560/1355
f 561/1356 560/1355 490/1369
f 882/1341 915/1359 883/1342
f 916/1361 883/1342 915/1359
f 937/1360 945/1372 938/1362
f 946/1373 938/1362 945/1372
f 770/1353 771/1354 830/1367
f 831/1368 830/1367 771/1354
f 945/1372 939/1343 946/1373
f 940/1345 946/1373 939/1343
f 151/1374 152/1375 225/1370
f 226/1371 225/1370 152/1375
f 917/1344 884/1347 918/1346
f 885/1349 918/1346 884/1347
f 104/1376 105/1377 151/1374
f 152/1375 151/1374 105/1377
f 105/1377 104/1376 96/1378
f 96/1378 97/1379 105/1377
f 97/1379 96/1378 88/1380
f 88/1380 89/1381 97/1379
f 89/1381 88/1380 76/1382
f 76/1382 77/1383 89/1381
f 2092/2348 2088/2350 2078/2352
f 2088/2350 2092/2348 2106/2346
f 2138/2337 2148/2338 2159/2339
f 2148/2338 2138/2337 2130/2340
f 2046/2418 2028/2425 2062/2424
f 2029/2430 2062/2424 2028/2425
f 2297/2438 2277/2439 2284/2440
f 2277/2439 2297/2438 2294/2441
f 2258/2355 2257/2354 2230/2353
f 2257/2354 2258/2355 2279/2356
f 2178/2343 2188/2345 2198/2347
f 2188/2345 2178/2343 2170/2341
f 2041/2433 2088/2434 2079/2428
f 2088/2434 2041/2433 2078/2437
f 2258/2355 2294/2357 2279/2356
f 2294/2441 2258/2443 2277/2439
f 2216/2351 2230/2353 2257/2354
f 2230/2353 2216/2351 2204/2349
f 2198/2347 2204/2349 2216/2351
f 2204/2349 2198/2347 2188/2345
f 2122/2342 2130/2340 2138/2337
f 2130/2340 2122/2342 2110/2344
f 2045/2414 2027/2421 2046/2418
f 2028/2425 2046/2418 2027/2421
f 2149/2309 2110/2318 2133/2310
f 2091/2313 2041/2319 2084/2314
f 2204/2320 2110/2318 2149/2309
f 2041/2319 2091/2313 2078/2321
f 2107/2311 2078/2321 2091/2313
f 2029/2322 2084/2314 2041/2319
f 2084/2314 2029/2322 2077/2315
f 2028/2323 2075/2298 2029/2322
f 2077/2315 2029/2322 2075/2298
f 2075/2298 2028/2323 2074/2297
f 2261/2257 2027/2324 2157/2325
f 2073/2262 2267/2300 2074/2297
f 2204/2320 2149/2309 2165/2307
f 2073/2262 2028/2323 2072/2299
f 2072/2299 2028/2323 2071/2270
f 2071/2270 2028/2323 2070/2274
f 2071/2270 2265/2302 2072/2299
f 2074/2297 2028/2323 2073/2262
f 2267/2300 2073/2262 2266/2264
f 2069/2266 2263/2275 2070/2274
f 2069/2266 2028/2323 2068/2261
f 2070/2274 2028/2323 2069/2266
f 2265/2302 2071/2270 2264/2272
f 2027/2324 2158/2256 2068/2261
f 2027/2324 2261/2257 2158/2256
f 2027/2324 2068/2261 2028/2323
f 2204/2320 2165/2307 2180/2308
f 2263/2275 2069/2266 2262/2268
f 2180/2308 2230/2326 2204/2320
f 2230/2326 2180/2308 2197/2306
f 2246/2317 2284/2327 2277/2328
f 2230/2326 2197/2306 2208/2304
f 2277/2328 2231/2305 2246/2317
f 2284/2327 2246/2317 2259/2316
f 2284/2327 2259/2316 2268/2301
f 2268/2301 2288/2329 2284/2327
f 2267/2300 2288/2329 2268/2301
f 2266/2264 2288/2329 2267/2300
f 2265/2302 2288/2329 2266/2264
f 2264/2272 2288/2329 2265/2302
f 2263/2275 2288/2329 2264/2272
f 2262/2268 2288/2329 2263/2275
f 2261/2257 2288/2329 2262/2268
f 2288/2329 2261/2257 2287/2330
f 2157/2325 2287/2330 2261/2257
f 2231/2305 2277/2328 2258/2331
f 2231/2305 2258/2331 2208/2304
f 2208/2304 2258/2331 2230/2326
f 2078/2321 2107/2311 2092/2332
f 2092/2332 2107/2311 2120/2312
f 2092/2332 2120/2312 2133/2310
f 2092/2332 2133/2310 2110/2318
f 2110/2318 2204/2320 2188/2333
f 2110/2318 2188/2333 2130/2334
f 2130/2334 2188/2333 2170/2335
f 2130/2334 2170/2335 2148/2336
f 2045/2358 2171/2359 2157/2360
f 2157/2360 2027/2362 2045/2358
f 2171/2359 2301/2363 2287/2361
f 2287/2361 2157/2360 2171/2359
f 2062/2424 2029/2430 2079/2428
f 2041/2433 2079/2428 2029/2430
f 2302/2442 2284/2440 2288/2444
f 2284/2440 2302/2442 2297/2438
f 2301/2446 2302/2442 2287/2445
f 2288/2444 2287/2445 2302/2442
f 2106/2346 2110/2344 2122/2342
f 2110/2344 2106/2346 2092/2348
f 2159/2339 2170/2341 2178/2343
f 2170/2341 2159/2339 2148/2338
f 61/1384 60/1385 66/1386
f 66/1386 67/1387 61/1384
f 69/1388 68/1389 60/1385
f 60/1385 61/1384 69/1388
f 67/1387 66/1386 74/1390
f 74/1390 75/1391 67/1387
f 77/1383 76/1382 68/1389
f 68/1389 69/1388 77/1383
f 75/1391 74/1390 86/1314
f 86/1314 87/1313 75/1391
f 2212/2814 2185/2815 2195/2816
f 2185/2815 2212/2814 2201/2817
f 2191/2833 2155/2834 2181/2824
f 2155/2834 2191/2833 2166/2845
f 2235/2819 2201/2817 2212/2814
f 2201/2817 2235/2819 2209/2823
f 1896/3110 1707/2939 1892/3099
f 2126/2839 2102/2851 2089/2850
f 2102/2851 2126/2839 2134/2846
f 1952/3120 1896/3110 1892/3099
f 1896/3110 1952/3120 1956/3131
f 2018/3139 1956/3131 1952/3120
f 1956/3131 2018/3139 2024/3149
f 2181/2824 2143/2828 2168/2820
f 2143/2828 2181/2824 2155/2834
f 2014/3132 1952/3120 1950/3111
f 1952/3120 2014/3132 2018/3139
f 2102/3155 2024/3149 2018/3139
f 2024/3149 2102/3155 2105/3163
f 2173/2856 2134/2846 2166/2845
f 2134/2846 2173/2856 2137/2862
f 2089/3150 2018/3139 2014/3132
f 2018/3139 2089/3150 2102/3155
f 2209/2823 2181/2824 2201/2817
f 2181/2824 2209/2823 2191/2833
f 1950/3111 1892/3099 1884/3089
f 1892/3099 1950/3111 1952/3120
f 2114/2840 2089/2850 2081/2852
f 2089/2850 2114/2840 2126/2839
f 1892/3099 1707/2939 1884/3089
f 2155/2834 2134/2846 2126/2839
f 2134/2846 2155/2834 2166/2845
f 2134/2846 2105/2857 2102/2851
f 2105/2857 2134/2846 2137/2862
f 2194/2844 2166/2845 2191/2833
f 2166/2845 2194/2844 2173/2856
f 2215/2832 2191/2833 2209/2823
f 2191/2833 2215/2832 2194/2844
f 2201/2817 2168/2820 2185/2815
f 2168/2820 2201/2817 2181/2824
f 2143/2828 2126/2839 2114/2840
f 2126/2839 2143/2828 2155/2834
f 2081/3140 2014/3132 2000/3121
f 2014/3132 2081/3140 2089/3150
f 2/1512 29/1515 4/1514
f 30/1516 4/1514 29/1515
f 2244/2827 2209/2823 2235/2819
f 2209/2823 2244/2827 2215/2832
f 2116/2364 2117/2365 2093/2366
f 2117/2365 2116/2364 2136/2367
f 2117/2365 2136/2367 2121/2369
f 2282/2409 2307/2398 2306/2407
f 2307/2398 2282/2409 2276/2406
f 2307/2398 2276/2406 2270/2403
f 2080/2374 2055/2372 2012/2376
f 2055/2372 2080/2374 2094/2368
f 2030/2447 1969/2448 2026/2449
f 1969/2448 2030/2447 1972/2450
f 1972/2450 2030/2447 1973/2452
f 2229/2383 2211/2384 2200/2382
f 2211/2384 2229/2383 2214/2385
f 2214/2385 2229/2383 2272/2386
f 2199/2380 2189/2381 2187/2379
f 2189/2381 2199/2380 2200/2382
f 2200/2382 2199/2380 2229/2383
f 2307/2398 2260/2395 2305/2392
f 2260/2395 2307/2398 2269/2401
f 2269/2401 2307/2398 2270/2403
f 2179/2378 2199/2380 2187/2379
f 2187/2379 2164/2377 2179/2378
f 2154/2373 2179/2378 2164/2377
f 2142/2371 2154/2373 2153/2375
f 2164/2377 2153/2375 2154/2373
f 2030/2447 2042/2454 1973/2452
f 1997/2456 1973/2452 2042/2454
f 2080/2457 1997/2456 2042/2454
f 1997/2456 2080/2457 2012/2458
f 2094/2368 2061/2370 2055/2372
f 2061/2370 2094/2368 2093/2366
f 2093/2366 2094/2368 2116/2364
f 2025/2455 2026/2449 1992/2453
f 1969/2448 1977/2451 2026/2449
f 1977/2451 1992/2453 2026/2449
f 2136/2367 2142/2371 2121/2369
f 2142/2371 2136/2367 2154/2373
f 1066/273 1081/274 1067/275
f 1082/276 1067/275 1081/274
f 1090/277 1082/276 1081/274
f 1082/276 1090/277 1085/278
f 1085/278 1090/277 1088/279
f 1088/279 1090/277 1092/280
f 1058/281 1066/273 1059/282
f 1067/275 1059/282 1066/273
f 906/283 710/284 709/285
f 709/285 905/286 906/283
f 1039/287 1058/281 1040/288
f 1059/282 1040/288 1058/281
f 994/289 906/283 905/286
f 905/286 993/290 994/289
f 1025/291 1039/287 1026/292
f 1040/288 1026/292 1039/287
f 1026/292 1007/293 1006/294
f 1006/294 1025/291 1026/292
f 1007/293 994/289 993/290
f 993/290 1006/294 1007/293
f 1936/3098 1934/3091 1913/3080
f 1934/3091 1936/3098 1975/3113
f 1872/3068 1707/2939 1846/3057
f 1915/3079 1872/3068 1846/3057
f 1872/3068 1915/3079 1927/3090
f 2095/3286 2031/3285 2108/3288
f 2031/3285 2095/3286 2016/3283
f 2039/3146 2006/3145 2085/3160
f 2006/3145 2039/3146 1995/3128
f 1963/3109 1975/3113 1936/3098
f 1975/3113 1963/3109 2010/3129
f 1878/3058 1820/3047 1790/3035
f 1820/3047 1878/3058 1905/3069
f 1913/3080 1905/3069 1878/3058
f 1905/3069 1913/3080 1934/3091
f 1820/3047 1707/2939 1790/3035
f 1905/3069 1846/3057 1820/3047
f 1846/3057 1905/3069 1915/3079
f 1934/3091 1915/3079 1905/3069
f 1915/3079 1934/3091 1961/3101
f 2118/2826 2095/2836 2131/2825
f 2095/2836 2118/2826 2085/2837
f 1995/3128 2010/3129 1963/3109
f 2010/3129 1995/3128 2039/3146
f 1846/3057 1707/2939 1820/3047
f 2085/3287 2016/3283 2095/3286
f 2016/3283 2085/3287 2006/3284
f 2099/2831 2085/2837 2118/2826
f 2085/2837 2099/2831 2039/2842
f 2131/2825 2108/2835 2140/2830
f 2108/2835 2131/2825 2095/2836
f 2039/3146 2065/3141 2010/3129
f 2065/3141 2039/3146 2099/3156
f 1975/3113 1961/3101 1934/3091
f 1961/3101 1975/3113 2008/3122
f 2010/3129 2008/3122 1975/3113
f 2008/3122 2010/3129 2065/3141
f 2008/3122 1988/3112 1961/3101
f 1988/3112 2008/3122 2033/3133
f 2146/2822 2099/2831 2118/2826
f 2099/2831 2146/2822 2124/2829
f 2174/2821 2131/2825 2140/2830
f 2131/2825 2174/2821 2162/2818
f 2195/2816 2162/2818 2174/2821
f 2162/2818 2195/2816 2185/2815
f 2065/3141 2033/3133 2008/3122
f 2033/3133 2065/3141 2097/3151
f 1938/3100 1884/3089 1876/3078
f 1884/3089 1938/3100 1950/3111
f 2000/3121 1950/3111 1938/3100
f 1950/3111 2000/3121 2014/3132
f 2185/2815 2146/2822 2162/2818
f 2146/2822 2185/2815 2168/2820
f 1988/3112 1938/3100 1927/3090
f 1938/3100 1988/3112 2000/3121
f 1876/3078 1707/2939 1872/3068
f 1927/3090 1876/3078 1872/3068
f 1876/3078 1927/3090 1938/3100
f 2162/2818 2118/2826 2131/2825
f 2118/2826 2162/2818 2146/2822
f 2168/2820 2124/2829 2146/2822
f 2124/2829 2168/2820 2143/2828
f 2097/2841 2081/2852 2033/2858
f 2081/2852 2097/2841 2114/2840
f 1884/3089 1707/2939 1876/3078
f 2099/2831 2097/2841 2065/2847
f 2097/2841 2099/2831 2124/2829
f 2124/2829 2114/2840 2097/2841
f 2114/2840 2124/2829 2143/2828
f 2033/3133 2000/3121 1988/3112
f 2000/3121 2033/3133 2081/3140
f 1961/3101 1927/3090 1915/3079
f 1927/3090 1961/3101 1988/3112
f 1847/3082 1906/3093 1821/3072
f 1906/3093 1847/3082 1916/3103
f 2147/2867 2100/2875 2125/2868
f 2100/2875 2147/2867 2119/2874
f 1873/3094 1916/3103 1847/3082
f 1916/3103 1873/3094 1928/3115
f 2082/2879 2098/2876 2034/2884
f 2098/2876 2082/2879 2115/2872
f 2001/3143 2034/3153 1989/3135
f 2034/3153 2001/3143 2082/3158
f 1939/3125 1989/3135 1928/3115
f 1989/3135 1939/3125 2001/3143
f 2196/2863 2163/2866 2186/2859
f 2163/2866 2196/2863 2175/2871
f 1916/3103 1935/3114 1906/3093
f 1935/3114 1916/3103 1962/3124
f 2169/2860 2125/2868 2144/2864
f 2125/2868 2169/2860 2147/2867
f 1928/3115 1962/3124 1916/3103
f 1962/3124 1928/3115 1989/3135
f 2115/2872 2125/2868 2098/2876
f 2125/2868 2115/2872 2144/2864
f 2163/2866 2119/2874 2147/2867
f 2119/2874 2163/2866 2132/2873
f 1847/3082 1821/3072 1707/2939
f 2034/3153 2066/3157 2009/3142
f 2066/3157 2034/3153 2098/3164
f 1877/3104 1928/3115 1873/3094
f 1928/3115 1877/3104 1939/3125
f 1989/3135 2009/3142 1962/3124
f 2009/3142 1989/3135 2034/3153
f 2098/2876 2100/2875 2066/2883
f 2100/2875 2098/2876 2125/2868
f 1873/3094 1847/3082 1707/2939
f 2175/2871 2132/2873 2163/2866
f 2132/2873 2175/2871 2141/2878
f 2186/2859 2147/2867 2169/2860
f 2147/2867 2186/2859 2163/2866
f 1962/3124 1976/3134 1935/3114
f 1976/3134 1962/3124 2009/3142
f 1896/3110 1953/3130 1893/3119
f 1953/3130 1896/3110 1956/3131
f 1956/3131 2019/3147 1953/3130
f 2019/3147 1956/3131 2024/3149
f 2105/2857 2135/2865 2103/2870
f 2135/2865 2105/2857 2137/2862
f 2024/3149 2103/3161 2019/3147
f 2103/3161 2024/3149 2105/3163
f 2167/2855 2137/2862 2173/2856
f 2137/2862 2167/2855 2135/2865
f 1896/3110 1893/3119 1707/2939
f 2194/2844 2167/2855 2173/2856
f 2167/2855 2194/2844 2192/2849
f 1893/3119 1951/3136 1885/3116
f 1951/3136 1893/3119 1953/3130
f 2090/2877 2115/2872 2082/2879
f 2115/2872 2090/2877 2127/2869
f 1893/3119 1885/3116 1707/2939
f 2244/2827 2210/2838 2215/2832
f 2210/2838 2244/2827 2236/2843
f 1953/3130 2015/3148 1951/3136
f 2015/3148 1953/3130 2019/3147
f 2103/2870 2127/2869 2090/2877
f 2127/2869 2103/2870 2135/2865
f 2210/2838 2194/2844 2215/2832
f 2194/2844 2210/2838 2192/2849
f 1951/3136 2001/3143 1939/3125
f 2001/3143 1951/3136 2015/3148
f 2015/3148 2082/3158 2001/3143
f 2082/3158 2015/3148 2090/3162
f 1885/3116 1877/3104 1707/2939
f 2127/2869 2144/2864 2115/2872
f 2144/2864 2127/2869 2156/2861
f 2210/2838 2182/2854 2192/2849
f 2182/2854 2210/2838 2202/2848
f 2182/2854 2144/2864 2156/2861
f 2144/2864 2182/2854 2169/2860
f 2019/3147 2090/3162 2015/3148
f 2090/3162 2019/3147 2103/3161
f 2236/2843 2202/2848 2210/2838
f 2202/2848 2236/2843 2213/2853
f 2192/2849 2156/2861 2167/2855
f 2156/2861 2192/2849 2182/2854
f 1885/3116 1939/3125 1877/3104
f 1939/3125 1885/3116 1951/3136
f 2135/2865 2156/2861 2127/2869
f 2156/2861 2135/2865 2167/2855
f 1877/3104 1873/3094 1707/2939
f 2213/2853 2186/2859 2202/2848
f 2186/2859 2213/2853 2196/2863
f 2202/2848 2169/2860 2182/2854
f 2169/2860 2202/2848 2186/2859
f 507/3459 458/3457 459/3458
f 456/3456 457/3462 506/3460
f 507/3459 506/3460 458/3457
f 456/3456 437/3455 458/3457
f 458/3457 437/3455 459/3458
f 436/3454 437/3455 456/3456
f 457/295 456/296 710/284
f 456/296 709/285 710/284
f 2226 2238 2239
f 2222/2234 2240/2235 2239/2236
f 2290/2240 2240/2235 2310/2237
f 2222/2234 2310/2237 2240/2235
f 2240 2226 2239
f 2241/2242 2240/2235 2290/2240
f 2308/2220 2289/2224 2296/2222
f 2241/201 2237/76 2240/202
f 2273/203 2207/77 2243/204
f 2207/77 2273/203 2271/205
f 2224/206 2207/77 2228/207
f 2227/208 2207/77 2224/206
f 2223/209 2207/77 2227/208
f 2219/210 2207/77 2223/209
f 2220/211 2207/77 2219/210
f 2226/212 2207/77 2220/211
f 2207/77 2271/205 2247/213
f 2247/213 2228/207 2207/77
f 2207/77 2226/212 2237/76
f 2237/76 2226/212 2240/202
f 1116/1540 1117/1541 981/1542
f 984/1551 983/1547 1130/1549
f 983/1547 982/1543 1122/1545
f 982/1543 981/1542 1117/1541
f 43/1582 44/1581 2/1574
f 44/1581 45/1580 2/1574
f 45/1580 46/1579 2/1574
f 1117/1541 1122/1545 982/1543
f 1122/1545 1130/1549 983/1547
f 1255/153 1261/214 1265/215
f 1279/216 1270/217 1265/215
f 1291/218 1298/150 1270/217
f 1291/218 1283/219 1310/151
f 489/1132 498/1133 493/1134
f 489/1132 560/1135 498/1133
f 695/1136 498/1133 560/1135
f 695/1136 560/1135 633/1117
f 633/1117 697/1137 695/1136
f 633/1117 891/1116 697/1137
f 81/1114 318/1115 227/1138
f 227/1138 318/1115 228/1139
f 385/1140 228/1139 318/1115
f 449/1141 228/1139 385/1140
f 493/1134 449/1141 489/1132
f 385/1140 489/1132 449/1141
f 15/297 14/298 10/299
f 10/299 11/300 15/297
f 79/301 39/302 38/303
f 38/303 78/304 79/301
f 20/305 19/306 14/298
f 14/298 15/297 20/305
f 11/300 10/299 6/307
f 6/307 7/308 11/300
f 1068/309 1060/310 1069/311
f 1061/312 1069/311 1060/310
f 24/313 23/314 19/306
f 19/306 20/305 24/313
f 39/302 34/315 33/316
f 33/316 38/303 39/302
f 458/317 218/318 217/319
f 217/319 456/296 458/317
f 1083/320 1068/309 1084/321
f 1069/311 1084/321 1068/309
f 218/318 79/301 78/304
f 78/304 217/319 218/318
f 28/322 27/323 23/314
f 23/314 24/313 28/322
f 1009/324 1008/325 997/326
f 997/326 1008/325 996/327
f 22/328 21/329 25/330
f 25/330 26/331 22/328
f 18/332 17/333 21/329
f 21/329 22/328 18/332
f 9/334 8/335 12/336
f 12/336 13/337 9/334
f 1091/338 1090/277 1083/320
f 1092/280 1083/320 1089/339
f 1089/339 1083/320 1086/340
f 1086/340 1083/320 1084/321
f 1028/341 1027/342 1009/324
f 1009/324 1027/342 1008/325
f 35/343 36/344 41/345
f 42/346 41/345 36/344
f 32/347 31/348 28/322
f 27/323 28/322 31/348
f 36/344 35/343 28/322
f 1060/310 1049/349 1061/312
f 1042/350 1061/312 1041/351
f 1041/351 1061/312 1049/349
f 13/337 12/336 17/333
f 17/333 18/332 13/337
f 1041/351 1034/352 1042/350
f 1028/341 1042/350 1027/342
f 974/353 996/327 973/354
f 975/355 996/327 974/353
f 976/356 996/327 975/355
f 997/326 996/327 976/356
f 980/357 996/327 978/358
f 981/359 996/327 980/357
f 982/360 996/327 981/359
f 983/361 996/327 982/360
f 984/362 996/327 983/361
f 979/363 996/327 984/362
f 972/364 996/327 979/363
f 973/354 996/327 972/364
f 35/1517 5/1518 32/1519
f 978/1548 1029/1552 1114/1550
f 949 977 995
f 949/365 978/358 977/366
f 53/367 42/346 54/368
f 1 16 47
f 55/369 54/368 42/346
f 41/345 51/370 48/371
f 41 43 51
f 41/345 44/372 43/373
f 41/345 45/374 44/372
f 41/345 46/375 45/374
f 41/345 49/376 46/375
f 41/345 52/377 49/376
f 41/345 53/367 52/377
f 41/345 42/346 53/367
f 56/378 57/379 47/380
f 57 56 50
f 56/1524 48/1525 50/1526
f 40 47 57
f 7/308 6/307 8/335
f 8/335 9/334 7/308
f 34/315 26/331 25/330
f 25/330 33/316 34/315
f 1034/352 1027/342 1042/350
f 5/1518 1/1521 32/1519
f 458/317 457/295 710/284
f 457/3462 458/3457 506/3460
f 953/2617 951/2621 837/2609
f 878/2686 875/2687 912/2688
f 35/343 32/347 28/322
f 955/2612 954/2614 837/2609
f 48/371 56/378 47/380
f 932/2636 931/2619 936/2634
f 932/2636 930/2638 931/2619
f 894/2512 904/2506 914/2508
f 904/2506 894/2512 886/2515
f 904/2506 886/2515 878/2494
f 931/2499 930/2511 914/2508
f 931/2499 914/2508 904/2506
f 931/2499 904/2506 901/2502
f 931/2499 901/2502 878/2494
f 931/2499 878/2494 840/2478
f 2/1574 37/1583 43/1582
f 51/1585 43/1582 37/1583
f 981/1542 980/1544 1116/1540
f 1115/1546 1116/1540 980/1544
f 1204/1560 975/1561 974/1559
f 52/1577 53/1576 2/1574
f 1/1584 37/1583 2/1574
f 54/1575 2/1574 53/1576
f 891 895 976
f 29/1563 493/1568 498/1567
f 29/1563 498/1567 695/1566
f 29/1563 695/1566 697/1565
f 29/1563 697/1565 891/1564
f 29/1563 891/1564 976/1562
f 1204/1560 29/1563 976/1562
f 1204/1560 976/1562 975/1561
f 2/1574 54/1575 55/1573
f 55 80 81
f 449/1569 493/1568 29/1563
f 228/1570 449/1569 29/1563
f 227/1571 228/1570 29/1563
f 81/1572 227/1571 29/1563
f 55/1573 81/1572 29/1563
f 2/1574 55/1573 29/1563
f 1211/1527 29/1528 1202/1529
f 29/1528 1204/1533 1203/1531
f 1231/1532 29/1528 1226/1530
f 1226/1530 29/1528 1211/1527
f 29/1528 1203/1531 1202/1529
f 29/1528 1231/1532 30/1534
f 1092/280 1091/338 1083/320
f 954/2501 955/2505 988/2489
f 951 953 956
f 875/2524 878/2494 876/2523
f 1172/220 1113/221 1139/176
f 1173/222 1114/223 1172/220
f 1175/224 1117/225 1174/226
f 1180/227 1122/228 1175/224
f 1187/229 1130/230 1180/227
f 1188/231 1131/232 1187/229
f 1189/233 1132/234 1188/231
f 1189/233 1213/177 1204/235
f 1115/236 1114/223 1116/237
f 1174/226 1116/237 1173/222
f 1212/108 1204/235 1213/177
f 1212/108 1203/107 1204/235
f 2220 2221 2226
f 2226/2243 2221/2244 2225/2238
f 2310/2237 2222/2234 2312/2239
f 2225/2238 2239/2236 2238/2241
f 2222/2234 2239/2236 2225/2238
f 2225/2238 2238/2241 2226/2243
f 2308/2220 2296/2222 2314/2218
f 2308/2220 2314/2218 2311/2219
f 2317/2212 2312/2217 2314/2218
f 2311/2219 2314/2218 2312/2217
f 2312/2217 2317/2212 2310/2216
f 2232 2316 2300
f 2316/2245 2232/2246 2317/2247
f 2317/2247 2232/2246 2218/2248
f 2314/2249 2299/2250 2313/2251
f 2299/2250 2314/2249 2296/2252
f 2220/211 2219/210 2221/238
f 2223 2221 2219
f 2273/2253 2247/2254 2271/2255
f 1329/239 1326/240 1361/241
f 1363/242 1329/239 1361/241
f 1297/157 1326/240 1318/243
f 1329/239 1318/243 1326/240
f 46/1579 49/1578 2/1574
f 1130/1549 1131/1553 984/1551
f 979/1555 984/1551 1131/1553
f 1131/1553 1132/1556 979/1555
f 972/1557 979/1555 1132/1556
f 49/1578 52/1577 2/1574
f 961/2534 910/2528 957/2538
f 2275/122 2296/244 2243/204
f 2286/121 2299/245 2296/244
f 2243/204 2296/244 2281/246
f 2281/246 2296/244 2289/247
f 2243/204 2281/246 2273/203
f 2228/2226 2222/2227 2224/2228
f 2312/2217 2222/2227 2228/2226
f 2273 2228 2247
f 2312/2217 2228/2226 2273/2225
f 2312/2217 2273/2225 2281/2223
f 2312/2217 2281/2223 2309/2221
f 1104/3528 1086/3526 1087/3529
f 1087/3529 1086/3526 1078/3530
f 1087/3529 1078/3530 1073/3532
f 965/2530 910/2528 961/2534
f 910/2528 965/2530 926/2527
f 1094/3518 1085/3517 1088/3520
f 899/3342 957/3343 910/3344
f 957/3343 899/3342 952/3345
f 878 912 904
f 875 874 912
f 912 874 876
f 912 886 894
f 886 879 881
f 912 879 886
f 912/2689 877/2690 879/2691
f 912 876 877
f 879 880 881
f 894 914 912
f 31/1522 32/1519 1/1521
f 1/1521 5/1518 41/1520
f 48/1523 1/1521 41/1520
f 2227/208 2221/238 2223/209
f 2227/208 2225/248 2221/238
f 2225 2227 2224
f 2222 2225 2224
f 1378/169 1379/171 1309/158
f 1297/157 1362/249 1364/250
f 1297 1364 1365
f 1365/251 1378/169 1309/158
f 1303/252 1297/157 1365/251
f 1297 1361 1326
f 1091 1092 1096
f 1113 1128 977
f 1123 1128 1113
f 973/1558 972/1557 1132/1556
f 974/1559 973/1558 1132/1556
f 1204/1560 974/1559 1132/1556
f 51/1585 1/1584 48/1586
f 1029/1552 1113/1554 1114/1550
f 16 48 47
f 1/1584 51/1585 37/1583
f 978/1548 1114/1550 1115/1546
f 978/1548 1115/1546 980/1544
f 977 978 1113
f 5/1518 35/1517 41/1520
f 1318/243 1329/239 1363/242
f 1318/2187 1363/2188 1362/2189
f 1297 1318 1362
f 2293/199 2298/194 2304/119
f 2293/199 2278/200 2274/198
f 1303/252 1309/158 1290/155
f 1278/253 1269/156 1290/155
f 1718/271 1717/270 1819/136
f 1902/255 1908/269 1819/136
f 1246/152 1244/113 1261/214
f 1246/152 1248/154 1229/115
f 1254/256 1260/162 1245/172
f 1236/257 1228/165 1245/172
f 1902/255 1900/139 1933/143
f 1974/258 1985/144 1933/143
f 1225/259 1232/167 1210/175
f 1192/260 1139/176 1210/175
f 2280/196 2270/195 2298/194
f 2280/196 2274/198 2242/190
f 1372/261 1380/142 1399/140
f 1433/262 1428/133 1399/140
f 1492/263 1499/135 1619/146
f 1718/254 1719/137 1619/146
f 1901/96 1899/97 1810/187
f 1696/264 1695/180 1810/187
f 1236/257 1243/166 1227/163
f 1225/259 1195/164 1227/163
f 2193/74 2203/71 2177/123
f 2160/265 2152/124 2177/123
f 1278/253 1282/159 1264/160
f 1254/256 1247/161 1264/160
f 1265/215 1261/214 1283/219
f 1265/215 1270/217 1248/154
f 1279/216 1283/219 1291/218
f 1304/266 1298/150 1291/218
f 2067/267 2044/129 2104/126
f 2123/268 2129/127 2104/126
f 1304/266 1310/151 1319/149
f 1372/261 1366/141 1319/149
f 2291/120 2304/119 2299/245
f 2291/120 2275/122 2278/200
f 2123/268 2113/130 2139/148
f 2160/265 2172/125 2139/148
f 1433/262 1436/134 1468/131
f 1492/263 1489/132 1468/131
f 1974/258 1968/145 2013/147
f 2067/267 2083/128 2013/147
f 1192/260 1213/177 1172/220
f 1172/220 1114/223 1113/221
f 1173/222 1172/220 1213/177
f 1173/222 1116/237 1114/223
f 1696/264 1697/181 1632/178
f 1632/178 1526/182 1525/179
f 2160/265 2177/123 2172/125
f 2160/265 2139/148 2152/124
f 1279/216 1265/215 1283/219
f 1279/216 1291/218 1270/217
f 1237/117 1231/114 1244/113
f 1237/117 1246/152 1229/115
f 1372/261 1399/140 1366/141
f 1372/261 1319/149 1380/142
f 1236/257 1227/163 1228/165
f 1236/257 1245/172 1243/166
f 2193/74 2218/72 2203/71
f 2193/74 2177/123 2184/75
f 1901/96 1977/83 1899/97
f 1901/96 1810/187 1907/95
f 1902/255 1819/136 1900/139
f 1902/255 1933/143 1908/269
f 1255/153 1246/152 1261/214
f 1255/153 1265/215 1248/154
f 1254/256 1264/160 1260/162
f 1254/256 1245/172 1247/161
f 2295/118 2291/120 2278/200
f 2295/118 2293/199 2304/119
f 2286/121 2291/120 2299/245
f 2286/121 2296/244 2275/122
f 1492/263 1468/131 1499/135
f 1492/263 1619/146 1489/132
f 1718/271 1819/136 1719/272
f 1718/254 1619/146 1717/138
f 1192/260 1210/175 1213/177
f 1192/260 1172/220 1139/176
f 1696/264 1632/178 1695/180
f 1696/264 1810/187 1697/181
f 2285/197 2280/196 2298/194
f 2285/197 2293/199 2274/198
f 1433/262 1468/131 1428/133
f 1433/262 1399/140 1436/134
f 1304/266 1319/149 1298/150
f 1304/266 1291/218 1310/151
f 1303/252 1290/155 1297/157
f 1303/252 1365/251 1309/158
f 1278/253 1290/155 1282/159
f 1278/253 1264/160 1269/156
f 2067/267 2104/126 2083/128
f 2067/267 2013/147 2044/129
f 1974/258 1933/143 1968/145
f 1974/258 2013/147 1985/144
f 1225/259 1227/163 1232/167
f 1225/259 1210/175 1195/164
f 2123/268 2104/126 2113/130
f 2123/268 2139/148 2129/127
f 1174/226 1117/225 1116/237
f 1174/226 1173/222 1213/177
f 1175/224 1174/226 1213/177
f 1175/224 1122/228 1117/225
f 1180/227 1175/224 1213/177
f 1180/227 1130/230 1122/228
f 1415/1453 1409/1452 1434/1442
f 1415/1453 1387/1456 1398/1454
f 1381/1429 1376/1428 1387/1456
f 1381/1429 1434/1442 1378/1457
f 1187/229 1180/227 1213/177
f 1187/229 1131/232 1130/230
f 1360/1748 1362/1750 1358/1745
f 1360/1748 1359/1740 1364/1751
f 1406/1455 1415/1453 1434/1442
f 1406/1455 1381/1429 1387/1456
f 1377/1427 1381/1429 1378/1457
f 1377/1427 1371/1458 1376/1428
f 1188/231 1187/229 1213/177
f 1188/231 1132/234 1131/232
f 1189/233 1188/231 1213/177
f 1189/233 1204/235 1132/234
f 1369/1470 1359/1463 1371/1458
f 1369/1470 1378/1457 1365/1471
