# This file uses centimeters as units for non-parametric coordinates.

mtllib medium_house_2.mtl
v -3.646042 0.000000 -1.089506
v -3.646042 0.000000 -1.717710
v -3.646042 0.000000 -2.325254
v -3.646042 0.000000 -2.958311
v -3.498466 1.949928 -1.089506
v -3.498466 1.949928 -1.717710
v -3.498466 1.949928 -2.325254
v -3.498466 1.949928 -2.958311
v -3.481308 0.005538 1.703600
v -3.478653 0.005304 1.723803
v -3.478653 0.005304 1.683397
v -3.471008 0.004758 1.742601
v -3.471008 0.004758 1.664598
v -3.458603 0.003900 1.758745
v -3.458603 0.003900 1.648378
v -3.442535 0.002808 1.771151
v -3.442535 0.002808 1.635973
v -3.423820 0.001404 1.778948
v -3.423820 0.001404 1.628176
v -3.419449 1.417808 1.859522
v -3.419449 1.417808 1.547594
v -3.408295 1.573334 1.859522
v -3.408295 1.573334 1.547594
v -3.403702 0.000000 3.075541
v -3.403702 0.000000 1.781603
v -3.403702 0.000000 1.625597
v -3.403702 0.000000 0.268007
v -3.403702 0.000000 -1.089506
v -3.403702 0.000000 -1.717710
v -3.403702 0.000000 -2.325254
v -3.403702 0.000000 -2.958311
v -3.403702 0.000000 -3.456572
v -3.384201 1.365860 1.703600
v -3.381775 1.362343 1.723803
v -3.381775 1.362343 1.683397
v -3.374756 1.352051 1.742601
v -3.374756 1.352051 1.664598
v -3.363449 1.335518 1.758745
v -3.363449 1.335518 1.648378
v -3.358612 0.631098 0.229006
v -3.348862 1.314064 1.771151
v -3.348862 1.314064 1.635973
v -3.341995 1.304008 1.618814
v -3.337631 1.297531 1.607813
v -3.333023 1.290748 1.611246
v -3.331863 1.289032 1.778948
v -3.331863 1.289032 1.628176
v -3.313606 1.262195 1.859522
v -3.313606 1.262195 1.781603
v -3.313606 1.262195 1.625597
v -3.313606 1.262195 1.547594
v -3.309006 1.325996 3.075541
v -3.309006 1.325996 -3.207426
v -3.309006 1.325996 -3.456572
v -3.308929 1.600403 2.275499
v -3.308929 1.600403 1.076326
v -3.306198 1.639404 2.232439
v -3.306198 1.639404 2.183924
v -3.306198 1.639404 2.135332
v -3.306198 1.639404 2.086817
v -3.306198 1.639404 2.038218
v -3.306198 1.639404 1.989702
v -3.306198 1.639404 1.941034
v -3.306198 1.639404 1.892435
v -3.306198 1.639404 1.843920
v -3.306198 1.639404 1.795328
v -3.306198 1.639404 1.746813
v -3.306198 1.639404 1.698214
v -3.306198 1.639404 1.649698
v -3.306198 1.639404 1.601107
v -3.306198 1.639404 1.552431
v -3.306198 1.639404 1.503923
v -3.306198 1.639404 1.455324
v -3.306198 1.639404 1.406816
v -3.306198 1.639404 1.358217
v -3.306198 1.639404 1.309694
v -3.306198 1.639404 1.261110
v -3.306198 1.639404 1.212587
v -3.306198 1.639404 1.163927
v -3.306198 1.639404 1.115313
v -3.291298 1.573334 1.859522
v -3.291298 1.573334 1.547594
v -3.289505 1.599083 2.275499
v -3.289505 1.599083 1.732698
v -3.289505 1.599083 1.435579
v -3.289505 1.599083 1.428102
v -3.289505 1.599083 1.077730
v -3.289505 1.599083 1.076326
v -3.289429 1.599083 1.888620
v -3.289429 1.599083 1.810617
v -3.289429 1.599083 1.379747
v -3.289032 1.606102 0.229006
v -3.288727 1.609688 0.296480
v -3.286774 1.638000 2.232439
v -3.286774 1.638000 2.183924
v -3.286774 1.638000 2.135332
v -3.286774 1.638000 2.086817
v -3.286774 1.638000 2.038218
v -3.286774 1.638000 1.989702
v -3.286774 1.638000 1.941034
v -3.286774 1.638000 1.892435
v -3.286774 1.638000 1.843920
v -3.286774 1.638000 1.795328
v -3.286774 1.638000 1.746813
v -3.286774 1.638000 1.698214
v -3.286774 1.638000 1.649698
v -3.286774 1.638000 1.601107
v -3.286774 1.638000 1.552431
v -3.286774 1.638000 1.503923
v -3.286774 1.638000 1.455324
v -3.286774 1.638000 1.406816
v -3.286774 1.638000 1.358217
v -3.286774 1.638000 1.309694
v -3.286774 1.638000 1.261110
v -3.286774 1.638000 1.212587
v -3.286774 1.638000 1.163927
v -3.286774 1.638000 1.115313
v -3.286308 1.916695 2.232439
v -3.286308 1.916695 2.183924
v -3.286308 1.916695 2.135332
v -3.286308 1.916695 2.086817
v -3.286308 1.916695 2.038218
v -3.286308 1.916695 1.989702
v -3.286308 1.916695 1.941034
v -3.286308 1.916695 1.892435
v -3.286308 1.916695 1.843920
v -3.286308 1.916695 1.795328
v -3.286308 1.916695 1.746813
v -3.286308 1.916695 1.698214
v -3.286308 1.916695 1.649698
v -3.286308 1.916695 1.601107
v -3.286308 1.916695 1.552431
v -3.286308 1.916695 1.503923
v -3.286308 1.916695 1.455324
v -3.286308 1.916695 1.406816
v -3.286308 1.916695 1.358217
v -3.286308 1.916695 1.309694
v -3.286308 1.916695 1.261110
v -3.286308 1.916695 1.212587
v -3.286308 1.916695 1.163927
v -3.286308 1.916695 1.115313
v -3.286148 1.645645 1.076326
v -3.284592 1.667557 1.680506
v -3.284042 1.674896 1.076326
v -3.283577 1.955612 2.275499
v -3.283577 1.681679 1.076326
v -3.283577 1.955612 1.076326
v -3.280304 1.727470 2.275499
v -3.279984 1.732231 1.076326
v -3.276947 1.774734 1.076326
v -3.276794 1.776604 2.232439
v -3.276794 1.776604 2.220270
v -3.276794 1.776604 2.208185
v -3.276794 1.776604 2.183924
v -3.276794 1.776604 2.135332
v -3.276794 1.776604 2.111071
v -3.276794 1.776604 2.098902
v -3.276794 1.776604 2.086817
v -3.276794 1.776604 2.038218
v -3.276794 1.776604 2.013964
v -3.276794 1.776604 2.001795
v -3.276794 1.776604 1.989702
v -3.276794 1.776604 1.941034
v -3.276794 1.776604 1.916773
v -3.276794 1.776604 1.904604
v -3.276794 1.776604 1.892435
v -3.276794 1.776604 1.843920
v -3.276794 1.776604 1.831751
v -3.276794 1.776604 1.819666
v -3.276794 1.776604 1.795328
v -3.276794 1.776604 1.746813
v -3.276794 1.776604 1.734644
v -3.276794 1.776604 1.722551
v -3.276794 1.776604 1.710382
v -3.276794 1.776604 1.698214
v -3.276794 1.776604 1.649698
v -3.276794 1.776604 1.637529
v -3.276794 1.776604 1.625444
v -3.276794 1.776604 1.601107
v -3.276794 1.776604 1.552431
v -3.276794 1.776604 1.528185
v -3.276794 1.776604 1.516008
v -3.276794 1.776604 1.503923
v -3.276794 1.776604 1.455324
v -3.276794 1.776604 1.431063
v -3.276794 1.776604 1.418901
v -3.276794 1.776604 1.406816
v -3.276794 1.776604 1.358217
v -3.276794 1.776604 1.333956
v -3.276794 1.776604 1.321779
v -3.276794 1.776604 1.309694
v -3.276794 1.776604 1.261110
v -3.276794 1.776604 1.236849
v -3.276794 1.776604 1.224688
v -3.276794 1.776604 1.212587
v -3.276794 1.776604 1.163927
v -3.276794 1.776604 1.139650
v -3.276794 1.776604 1.115313
v -3.276558 1.779961 1.698214
v -3.276321 1.783241 1.698214
v -3.276245 1.784172 1.115313
v -3.276009 1.787140 1.746813
v -3.275696 1.791664 1.163927
v -3.275543 1.794311 1.795328
v -3.275307 1.797584 1.746813
v -3.275154 1.799072 1.212587
v -3.274994 1.801491 1.843920
v -3.274689 1.806480 1.261110
v -3.274529 1.808662 1.892435
v -3.274292 1.812019 1.795328
v -3.274139 1.813736 2.232439
v -3.274139 1.813972 1.309694
v -3.273987 1.815925 1.941034
v -3.273666 1.819816 2.183924
v -3.273590 1.821380 1.358217
v -3.273438 1.823097 1.989702
v -3.273361 1.824890 2.135332
v -3.273361 1.824890 2.086817
v -3.273361 1.824890 2.038218
v -3.273361 1.824890 1.989702
v -3.273361 1.824890 1.941034
v -3.273361 1.824890 1.892435
v -3.273361 1.824890 1.843920
v -3.273361 1.824890 1.795328
v -3.273361 1.824890 1.746813
v -3.273361 1.824890 1.698214
v -3.273361 1.824890 1.649698
v -3.273361 1.824890 1.601107
v -3.273361 1.824890 1.552431
v -3.273361 1.824890 1.503923
v -3.273361 1.824890 1.455324
v -3.273361 1.824890 1.406816
v -3.273285 1.826370 1.843920
v -3.272964 1.830276 2.038218
v -3.272499 1.837135 1.358217
v -3.272423 1.837448 2.086817
v -3.272263 1.840729 1.892435
v -3.271957 1.844696 2.135332
v -3.271881 1.845558 2.232439
v -3.271881 1.845558 2.183924
v -3.271881 1.845558 1.649698
v -3.271881 1.845558 1.601107
v -3.271881 1.845558 1.552431
v -3.271881 1.845558 1.503923
v -3.271881 1.845558 1.455324
v -3.271881 1.845558 1.406816
v -3.271881 1.845558 1.358217
v -3.271881 1.845558 1.309694
v -3.271881 1.845558 1.261110
v -3.271881 1.845558 1.212587
v -3.271881 1.845558 1.163927
v -3.271881 1.845558 1.115313
v -3.271881 1.845016 1.095812
v -3.271637 1.848915 1.698214
v -3.271179 1.855156 1.941034
v -3.271095 1.856087 1.746813
v -3.270782 1.861076 2.183924
v -3.270630 1.863266 1.795328
v -3.270630 1.862640 1.309694
v -3.270157 1.869583 1.989702
v -3.270081 1.870445 1.843920
v -3.269615 1.877617 1.892435
v -3.269150 1.883934 2.038218
v -3.269073 1.884872 1.941034
v -3.268829 1.888229 1.261110
v -3.268524 1.892052 1.989702
v -3.268127 1.898285 2.086817
v -3.268051 1.899223 2.038218
v -3.267670 1.904137 2.232439
v -3.267509 1.906402 2.086817
v -3.267120 1.912720 2.135332
v -3.267044 1.913658 2.135332
v -3.266968 1.914978 2.232515
v -3.266968 1.914513 2.232439
v -3.266968 1.914978 2.184000
v -3.266968 1.914513 2.183924
v -3.266968 1.914978 2.135408
v -3.266968 1.914513 2.135332
v -3.266968 1.914978 2.086893
v -3.266968 1.914513 2.086817
v -3.266968 1.914978 2.038301
v -3.266968 1.914513 2.038218
v -3.266968 1.914978 1.989786
v -3.266968 1.914513 1.989702
v -3.266968 1.914978 1.941111
v -3.266968 1.914513 1.941034
v -3.266968 1.914978 1.892519
v -3.266968 1.914513 1.892435
v -3.266968 1.914978 1.844004
v -3.266968 1.914513 1.843920
v -3.266968 1.914978 1.795404
v -3.266968 1.914513 1.795328
v -3.266968 1.914978 1.746889
v -3.266968 1.914513 1.746813
v -3.266968 1.914978 1.698298
v -3.266968 1.914513 1.698214
v -3.266968 1.914978 1.649775
v -3.266968 1.914513 1.649698
v -3.266968 1.914978 1.601183
v -3.266968 1.914513 1.601107
v -3.266968 1.914978 1.552507
v -3.266968 1.914513 1.552431
v -3.266968 1.914978 1.504000
v -3.266968 1.914513 1.503923
v -3.266968 1.914978 1.455400
v -3.266968 1.914513 1.455324
v -3.266968 1.914978 1.406893
v -3.266968 1.914513 1.406816
v -3.266968 1.914978 1.358294
v -3.266968 1.914513 1.358217
v -3.266968 1.914978 1.309786
v -3.266968 1.914513 1.309694
v -3.266968 1.914978 1.261171
v -3.266968 1.914513 1.261110
v -3.266968 1.914978 1.212664
v -3.266968 1.913734 1.212587
v -3.266968 1.914513 1.212587
v -3.266968 1.914978 1.163988
v -3.266968 1.914513 1.163927
v -3.266968 1.914978 1.115404
v -3.266968 1.914513 1.115313
v -3.266884 1.914902 2.232439
v -3.266884 1.915291 2.232439
v -3.266884 1.915291 2.208261
v -3.266884 1.915291 2.184084
v -3.266884 1.915291 2.184000
v -3.266884 1.914902 2.183924
v -3.266884 1.915291 2.183924
v -3.266884 1.914902 2.135332
v -3.266884 1.915291 2.135332
v -3.266884 1.915291 2.111147
v -3.266884 1.915291 2.086969
v -3.266884 1.915291 2.086893
v -3.266884 1.914902 2.086817
v -3.266884 1.915291 2.086817
v -3.266884 1.914902 2.038218
v -3.266884 1.915291 2.038218
v -3.266884 1.915291 2.014040
v -3.266884 1.915291 1.989862
v -3.266884 1.915291 1.989786
v -3.266884 1.914902 1.989702
v -3.266884 1.915291 1.989702
v -3.266884 1.914902 1.941034
v -3.266884 1.915291 1.941034
v -3.266884 1.915291 1.916773
v -3.266884 1.915291 1.892595
v -3.266884 1.915291 1.892519
v -3.266884 1.914902 1.892435
v -3.266884 1.915291 1.892435
v -3.266884 1.914902 1.843920
v -3.266884 1.915291 1.843920
v -3.266884 1.915291 1.819666
v -3.266884 1.915291 1.795481
v -3.266884 1.915291 1.795404
v -3.266884 1.914902 1.795328
v -3.266884 1.915291 1.795328
v -3.266884 1.914902 1.746813
v -3.266884 1.915291 1.746813
v -3.266884 1.915291 1.722551
v -3.266884 1.915291 1.698374
v -3.266884 1.915291 1.698298
v -3.266884 1.914902 1.698214
v -3.266884 1.915291 1.698214
v -3.266884 1.914902 1.649698
v -3.266884 1.915291 1.649698
v -3.266884 1.915291 1.625444
v -3.266884 1.915291 1.601259
v -3.266884 1.915291 1.601183
v -3.266884 1.914902 1.601107
v -3.266884 1.915291 1.601107
v -3.266884 1.914902 1.552431
v -3.266884 1.915291 1.552431
v -3.266884 1.915291 1.528261
v -3.266884 1.915291 1.504076
v -3.266884 1.915291 1.504000
v -3.266884 1.914902 1.503923
v -3.266884 1.915291 1.503923
v -3.266884 1.914902 1.455324
v -3.266884 1.915291 1.455324
v -3.266884 1.915291 1.431154
v -3.266884 1.915291 1.406954
v -3.266884 1.915291 1.406893
v -3.266884 1.914902 1.406816
v -3.266884 1.915291 1.406816
v -3.266884 1.914902 1.358217
v -3.266884 1.915291 1.358217
v -3.266884 1.915291 1.334032
v -3.266884 1.915291 1.309847
v -3.266884 1.915291 1.309786
v -3.266884 1.914902 1.309694
v -3.266884 1.915291 1.309694
v -3.266884 1.914902 1.261110
v -3.266884 1.915291 1.261110
v -3.266884 1.915291 1.236925
v -3.266884 1.915291 1.212755
v -3.266884 1.915291 1.212664
v -3.266884 1.914902 1.212587
v -3.266884 1.915291 1.212587
v -3.266884 1.914902 1.163927
v -3.266884 1.915291 1.163927
v -3.266884 1.915291 1.139650
v -3.266884 1.915291 1.115480
v -3.266884 1.915291 1.115404
v -3.266884 1.914902 1.115313
v -3.266884 1.915291 1.115313
v -3.264465 1.949928 -1.089506
v -3.264465 1.949928 -1.717710
v -3.264465 1.949928 -2.325254
v -3.264465 1.949928 -2.958311
v -3.264160 1.954216 2.275499
v -3.264160 1.954216 1.076326
v -3.263916 1.957100 -0.954557
v -3.252846 2.112709 -0.798491
v -3.252846 2.112709 -0.954557
v -3.239349 2.301003 -2.273069
v -3.239120 2.304588 -2.205626
v -3.233582 2.382354 -2.127531
v -3.233582 2.382354 -2.205626
v -3.214310 2.652000 3.075541
v -3.214310 2.652000 1.442522
v -3.214310 2.652000 -0.190474
v -3.214310 2.652000 -1.823576
v -3.214310 2.652000 -3.456572
v -3.212204 2.681175 1.442522
v -3.212204 2.681175 -1.823576
v -3.210175 2.710335 -0.190474
v -3.208069 2.739509 1.442522
v -3.208069 2.739509 -1.823576
v -3.205887 2.768684 3.075541
v -3.205887 2.768684 1.442522
v -3.205887 2.768684 -0.190474
v -3.205887 2.768684 -1.823576
v -3.205887 2.768684 -3.456572
v -3.157211 2.768684 -1.872313
v -3.108467 2.768684 -0.288054
v -3.108383 2.768684 1.345034
v -3.059715 2.768684 1.296282
v -3.059715 2.768684 -1.774809
v -3.010971 2.768684 2.880541
v -3.010971 2.768684 1.345034
v -3.010971 2.768684 -0.190474
v -3.010971 2.768684 -1.726042
v -3.010971 2.768684 -3.261656
v -2.991470 2.817360 -1.745573
v -2.971970 2.866188 1.306032
v -2.971970 2.866112 -0.229475
v -2.957611 0.000000 3.456572
v -2.957611 1.949928 3.266092
v -2.957611 0.000000 3.075541
v -2.957611 1.949928 3.075541
v -2.952469 2.914863 1.286531
v -2.952469 2.914863 -1.706572
v -2.932968 2.963692 2.802538
v -2.932968 2.963691 1.306032
v -2.932968 2.963692 -0.190474
v -2.932968 2.963691 -1.687040
v -2.932968 2.963692 -3.183653
v -2.829384 2.963691 -1.687040
v -2.828758 2.963691 -1.650328
v -2.828758 2.963691 -1.723814
v -2.827042 2.963691 1.379519
v -2.827042 2.963691 -1.613585
v -2.827042 2.963691 -1.760527
v -2.824158 2.963692 1.416170
v -2.824158 2.963691 -1.797209
v -2.822601 2.652000 3.075541
v -2.822601 2.737724 3.075541
v -2.822601 2.652000 3.071329
v -2.822601 2.652000 2.994501
v -2.822601 2.652000 2.989740
v -2.822601 2.737724 2.989740
v -2.822601 2.652000 -3.370756
v -2.822601 2.737724 -3.370756
v -2.822601 2.652000 -3.375059
v -2.822601 2.652000 -3.451872
v -2.822601 2.652000 -3.456572
v -2.822601 2.737724 -3.456572
v -2.820099 2.963692 1.452669
v -2.820099 2.963691 -1.833708
v -2.818695 2.652000 3.075541
v -2.818695 2.730003 3.075541
v -2.818695 2.652000 2.997541
v -2.818695 2.730003 2.997541
v -2.818695 2.652000 -3.378660
v -2.818695 2.730003 -3.378660
v -2.818695 2.652000 -3.456572
v -2.818695 2.730003 -3.456572
v -2.814957 2.963692 1.489031
v -2.814957 2.963691 -1.870054
v -2.808640 2.963692 1.525286
v -2.808640 2.963691 -1.906340
v -2.801147 2.963692 1.561251
v -2.801147 2.963691 -1.942289
v -2.792572 2.963692 1.596972
v -2.792572 2.963691 -1.977995
v -2.735313 2.652000 2.989740
v -2.734772 2.652000 -3.370756
v -2.725800 2.963692 -0.190474
v -2.724548 2.963692 -0.117079
v -2.724548 2.963692 -0.264021
v -2.721115 2.963692 -0.043608
v -2.721115 2.963692 -0.337431
v -2.715347 2.963692 0.029711
v -2.715347 2.963692 -0.410749
v -2.707314 2.963692 0.102816
v -2.707314 2.963692 -0.483747
v -2.697021 2.963692 0.175493
v -2.697021 2.963692 -0.556532
v -2.684303 2.963692 0.247957
v -2.684303 2.963692 -0.628981
v -2.669403 2.963692 0.319963
v -2.669403 2.963692 -0.700911
v -2.662697 2.652000 3.075541
v -2.662697 2.730003 3.075541
v -2.662697 2.652000 2.997541
v -2.662697 2.730003 2.997541
v -2.662697 2.652000 -3.378660
v -2.662697 2.730003 -3.378660
v -2.662697 2.652000 -3.456572
v -2.662697 2.730003 -3.456572
v -2.658875 2.652000 3.075541
v -2.658875 2.737724 3.075541
v -2.658875 2.652000 3.075464
v -2.658875 2.652000 2.997622
v -2.658875 2.652000 2.997385
v -2.658875 2.652000 2.990442
v -2.658875 2.652000 2.989740
v -2.658875 2.737724 2.989740
v -2.658875 2.652000 -3.370756
v -2.658875 2.737724 -3.370756
v -2.658875 2.652000 -3.371550
v -2.658875 2.652000 -3.378416
v -2.658875 2.652000 -3.378508
v -2.658875 2.652000 -3.456327
v -2.658875 2.652000 -3.456572
v -2.658875 2.737724 -3.456572
v -2.656998 3.053627 -0.190474
v -2.655914 3.053627 -0.119184
v -2.655914 3.053627 -0.261854
v -2.652557 3.053627 -0.047819
v -2.652557 3.053627 -0.333128
v -2.652245 2.963692 0.391481
v -2.652245 2.963692 -0.772429
v -2.646942 3.053627 0.023165
v -2.646942 3.053627 -0.404264
v -2.639061 3.053627 0.094149
v -2.639061 3.053627 -0.475172
v -2.632904 2.963692 0.462374
v -2.632904 2.963692 -0.843336
v -2.629074 3.053627 0.164736
v -2.629074 3.053627 -0.545774
v -2.616837 3.053627 0.235094
v -2.616837 3.053627 -0.616117
v -2.611298 2.963692 0.532579
v -2.611298 2.963691 -0.913603
v -2.602402 3.053627 0.304979
v -2.602402 3.053627 -0.685942
v -2.587509 2.963692 0.602160
v -2.587509 2.963691 -0.983122
v -2.585632 3.053627 0.374239
v -2.585632 3.053627 -0.755354
v -2.584778 3.140739 -0.190474
v -2.583679 3.140739 -0.121367
v -2.583679 3.140739 -0.259581
v -2.580406 3.140739 -0.052412
v -2.580406 3.140739 -0.328535
v -2.575027 3.140739 0.016451
v -2.575027 3.140739 -0.397398
v -2.567383 3.140739 0.085100
v -2.567383 3.140739 -0.466200
v -2.566833 3.053627 0.443117
v -2.566833 3.053627 -0.824217
v -2.561447 2.963692 0.670946
v -2.561447 2.963691 -1.051908
v -2.557709 3.140739 0.153429
v -2.557709 3.140739 -0.534529
v -2.545929 3.053627 0.511370
v -2.545929 3.053627 -0.892317
v -2.545776 3.140739 0.221529
v -2.545776 3.140739 -0.602629
v -2.533295 2.963692 0.738817
v -2.533295 2.963691 -1.119780
v -2.532364 1.657501 -3.456572
v -2.531738 3.140739 0.289232
v -2.531738 3.140739 -0.670179
v -2.522766 3.053627 0.578844
v -2.522766 3.053627 -0.959867
v -2.515671 3.140739 0.356386
v -2.515671 3.140739 -0.737410
v -2.509193 3.224907 -0.190474
v -2.508102 3.224907 -0.123777
v -2.508102 3.224907 -0.257170
v -2.504898 3.224907 -0.057173
v -2.504898 3.224907 -0.323866
v -2.503113 2.963692 0.805895
v -2.503113 2.963691 -1.186857
v -2.499756 3.224907 0.009295
v -2.499756 3.224907 -0.390394
v -2.497574 3.053627 0.645601
v -2.497574 3.053627 -1.026548
v -2.497414 3.140739 0.422915
v -2.497414 3.140739 -0.804014
v -2.492424 3.224907 0.075655
v -2.492424 3.224907 -0.456617
v -2.482986 3.224907 0.141573
v -2.482986 3.224907 -0.522688
v -2.477135 3.140739 0.488985
v -2.477135 3.140739 -0.870085
v -2.471596 3.224907 0.207323
v -2.471596 3.224907 -0.588346
v -2.470741 2.963692 0.871798
v -2.470741 2.963691 -1.252836
v -2.470268 3.053627 0.711428
v -2.470268 3.053627 -1.092558
v -2.458023 3.224907 0.272692
v -2.458023 3.224907 -0.653639
v -2.454750 3.140739 0.554415
v -2.454750 3.140739 -0.935453
v -2.442505 3.224907 0.337587
v -2.442505 3.224907 -0.718611
v -2.440865 3.053627 0.776567
v -2.440865 3.053627 -1.157591
v -2.436264 2.963691 0.936769
v -2.436264 2.963691 -1.317808
v -2.430336 3.140739 0.619005
v -2.430336 3.140739 -0.999968
v -2.430183 3.306190 -0.190474
v -2.429237 3.306190 -0.126280
v -2.429237 3.306190 -0.254744
v -2.426201 3.306190 -0.062162
v -2.426201 3.306190 -0.318861
v -2.424873 3.224907 0.401857
v -2.424873 3.224907 -0.782957
v -2.421204 3.306190 0.001863
v -2.421204 3.306190 -0.382978
v -2.414108 3.306190 0.065752
v -2.414108 3.306190 -0.446699
v -2.409431 3.053627 0.840609
v -2.409431 3.053627 -1.221708
v -2.405220 3.224907 0.465670
v -2.405220 3.224907 -0.846693
v -2.405136 3.306190 0.129320
v -2.405136 3.306190 -0.510344
v -2.403893 3.140739 0.682802
v -2.403893 3.140739 -1.063841
v -2.399910 2.963691 1.000658
v -2.399910 2.963691 -1.381681
v -2.394066 3.306190 0.192583
v -2.394066 3.306190 -0.573622
v -2.383614 3.224907 0.528765
v -2.383614 3.224907 -0.909788
v -2.380959 3.306190 0.255449
v -2.380959 3.306190 -0.636488
v -2.376129 3.053627 0.903627
v -2.376129 3.053627 -1.284666
v -2.375427 3.140739 0.745760
v -2.375427 3.140739 -1.126860
v -2.365982 3.306190 0.317934
v -2.365982 3.306190 -0.698957
v -2.361542 2.963691 1.063295
v -2.361542 2.963691 -1.444395
v -2.360062 3.224907 0.591082
v -2.360062 3.224907 -0.972197
v -2.349060 3.306190 0.379854
v -2.349060 3.306190 -0.760893
v -2.348206 3.384041 -0.190474
v -2.347183 3.384041 -0.128859
v -2.347183 3.384041 -0.252165
v -2.345154 3.140739 0.807848
v -2.345154 3.140739 -1.188871
v -2.344299 3.384041 -0.067320
v -2.344299 3.384041 -0.313795
v -2.342743 0.000000 3.456572
v -2.342743 1.949928 3.266092
v -2.342743 0.000000 3.075541
v -2.342743 1.949928 3.075541
v -2.340714 3.053627 0.965639
v -2.340714 3.053627 -1.346739
v -2.339462 3.384041 -0.005781
v -2.339462 3.384041 -0.375181
v -2.334473 3.224907 0.652788
v -2.334473 3.224907 -1.033751
v -2.332756 3.384041 0.055452
v -2.332756 3.384041 -0.436491
v -2.330185 3.306190 0.441332
v -2.330185 3.306190 -0.822279
v -2.324097 3.384041 0.116533
v -2.324097 3.384041 -0.497480
v -2.321136 2.963691 1.124758
v -2.321136 2.963691 -1.505705
v -2.313416 3.384041 0.177217
v -2.313416 3.384041 -0.558332
v -2.312790 3.140739 0.868837
v -2.312790 3.140739 -1.249937
v -2.309433 3.306190 0.502001
v -2.309433 3.306190 -0.883116
v -2.307022 3.224907 0.713549
v -2.307022 3.224907 -1.094572
v -2.303421 3.053627 1.026476
v -2.303421 3.053627 -1.407499
v -2.300934 3.384041 0.237597
v -2.300934 3.384041 -0.618620
v -2.286728 3.306190 0.562075
v -2.286728 3.306190 -0.943174
v -2.286575 3.384041 0.297487
v -2.286575 3.384041 -0.678511
v -2.278854 2.963691 1.184908
v -2.278854 2.963691 -1.565947
v -2.278549 3.140739 0.928820
v -2.278549 3.140739 -1.309843
v -2.277679 3.224907 0.773531
v -2.277679 3.224907 -1.154570
v -2.270279 3.384041 0.356997
v -2.270279 3.384041 -0.737959
v -2.264359 3.053627 1.086153
v -2.264359 3.053627 -1.467192
v -2.263107 3.458839 -0.190474
v -2.262161 3.306190 0.621416
v -2.262161 3.458839 -0.131590
v -2.262161 3.458839 -0.249449
v -2.262161 3.306190 -1.002439
v -2.259430 3.458839 -0.072615
v -2.259430 3.458839 -0.308409
v -2.254745 3.458839 -0.013884
v -2.254745 3.458839 -0.367231
v -2.252182 3.384041 0.415895
v -2.252182 3.384041 -0.796919
v -2.248352 3.458839 0.044847
v -2.248352 3.458839 -0.425810
v -2.246490 3.224907 0.832506
v -2.246490 3.224907 -1.213438
v -2.242508 3.140739 0.987795
v -2.242508 3.140739 -1.368742
v -2.240005 3.458839 0.103121
v -2.240005 3.458839 -0.484221
v -2.235641 3.306190 0.679918
v -2.235641 3.306190 -1.061033
v -2.234787 2.963691 1.243624
v -2.234787 2.963691 -1.624662
v -2.232208 3.384041 0.474245
v -2.232208 3.384041 -0.855268
v -2.229874 3.458839 0.161226
v -2.229874 3.458839 -0.542341
v -2.223251 3.053627 1.144487
v -2.223251 3.053627 -1.525541
v -2.217941 3.458839 0.219027
v -2.217941 3.458839 -0.599974
v -2.213486 3.224907 0.890368
v -2.213486 3.224907 -1.271391
v -2.210373 3.384041 0.531893
v -2.210373 3.384041 -0.912992
v -2.207413 3.306190 0.737642
v -2.207413 3.306190 -1.118681
v -2.204453 3.140739 1.045504
v -2.204453 3.140739 -1.426542
v -2.204132 3.458839 0.276430
v -2.204132 3.458839 -0.657377
v -2.188843 2.963691 1.301119
v -2.188843 2.963691 -1.682066
v -2.188614 3.458839 0.333223
v -2.188614 3.458839 -0.714247
v -2.186737 3.384041 0.588823
v -2.186737 3.384041 -0.969847
v -2.180496 3.053627 1.201601
v -2.180496 3.053627 -1.582548
v -2.178635 3.224907 0.947313
v -2.178635 3.224907 -1.328245
v -2.177292 3.306190 0.794436
v -2.177292 3.306190 -1.175383
v -2.175125 3.530037 -0.190474
v -2.174271 3.530037 -0.134321
v -2.174271 3.530037 -0.246717
v -2.171692 3.530037 -0.078154
v -2.171692 3.530037 -0.302870
v -2.171219 3.458839 0.389620
v -2.171219 3.458839 -0.770643
v -2.167236 3.530037 -0.022078
v -2.167236 3.530037 -0.358961
v -2.164825 3.140739 1.101992
v -2.164825 3.140739 -1.483000
v -2.161469 3.384041 0.645067
v -2.161469 3.384041 -1.025999
v -2.161148 3.530037 0.033693
v -2.161148 3.530037 -0.414793
v -2.153198 3.530037 0.089464
v -2.153198 3.530037 -0.470427
v -2.152100 3.458839 0.445467
v -2.152100 3.458839 -0.826490
v -2.145477 3.306190 0.850191
v -2.145477 3.306190 -1.231230
v -2.143524 3.530037 0.144762
v -2.143524 3.530037 -0.525801
v -2.142044 3.224907 1.002993
v -2.142044 3.224907 -1.383940
v -2.141037 2.963691 1.356966
v -2.141037 2.963691 -1.738005
v -2.135803 3.053627 1.257204
v -2.135803 3.053627 -1.638304
v -2.134323 3.384041 0.700365
v -2.134323 3.384041 -1.081480
v -2.132141 3.530037 0.199831
v -2.132141 3.530037 -0.580870
v -2.131271 3.458839 0.500612
v -2.131271 3.458839 -0.881559
v -2.123337 3.140739 1.157290
v -2.123337 3.140739 -1.538298
v -2.118958 3.530037 0.254427
v -2.118958 3.530037 -0.635542
v -2.112015 3.306190 0.904955
v -2.112015 3.306190 -1.285978
v -2.108734 3.458839 0.555040
v -2.108734 3.458839 -0.936079
v -2.105545 3.384041 0.754885
v -2.105545 3.384041 -1.135832
v -2.104141 3.530037 0.308657
v -2.104141 3.530037 -0.689756
v -2.103668 3.224907 1.057528
v -2.103668 3.224907 -1.438627
v -2.091583 2.963692 1.411333
v -2.091583 2.963691 -1.792265
v -2.089478 3.053627 1.311495
v -2.089478 3.053627 -1.692442
v -2.087601 3.530037 0.362459
v -2.087601 3.530037 -0.743498
v -2.084549 3.597832 -0.190474
v -2.084396 3.458839 0.608797
v -2.084396 3.458839 -0.989897
v -2.083710 3.597832 -0.137129
v -2.083710 3.597832 -0.243895
v -2.081207 3.597832 -0.083769
v -2.081207 3.597832 -0.297178
v -2.080124 3.140739 1.211184
v -2.080124 3.140739 -1.592222
v -2.076920 3.597832 -0.030653
v -2.076920 3.597832 -0.350370
v -2.076767 3.306190 0.958696
v -2.076767 3.306190 -1.339628
v -2.074890 3.384041 0.808474
v -2.074890 3.384041 -1.189421
v -2.071060 3.597832 0.022463
v -2.071060 3.597832 -0.403425
v -2.069427 3.530037 0.415667
v -2.069427 3.530037 -0.796614
v -2.063583 3.224907 1.110888
v -2.063583 3.597832 0.075182
v -2.063583 3.597832 -0.456297
v -2.063583 3.224907 -1.492002
v -2.058517 3.458839 0.661837
v -2.058517 3.458839 -1.042784
v -2.054367 3.597832 0.127840
v -2.054367 3.597832 -0.508879
v -2.049545 3.530037 0.468233
v -2.049545 3.530037 -0.849180
v -2.043610 3.597832 0.180025
v -2.043610 3.597832 -0.561125
v -2.042755 3.384041 0.861040
v -2.042755 3.384041 -1.241972
v -2.041428 3.053627 1.364229
v -2.041428 3.053627 -1.745268
v -2.040405 2.963692 1.464128
v -2.040405 2.963691 -1.845091
v -2.039780 3.306190 1.011187
v -2.039780 3.306190 -1.392241
v -2.035263 3.140739 1.263750
v -2.035263 3.140739 -1.644773
v -2.031128 3.597832 0.231966
v -2.031128 3.597832 -0.612913
v -2.030899 3.458839 0.713854
v -2.030899 3.458839 -1.094877
v -2.028091 3.530037 0.520174
v -2.028091 3.530037 -0.901136
v -2.021851 3.224907 1.162905
v -2.021851 3.224907 -1.544004
v -2.017090 3.597831 0.283373
v -2.017090 3.597832 -0.664412
v -2.008820 3.384041 0.912523
v -2.008820 3.384041 -1.293638
v -2.004929 3.530037 0.571352
v -2.004929 3.530037 -0.952375
v -2.001648 3.458839 0.765108
v -2.001648 3.458839 -1.146208
v -2.001328 3.597831 0.334398
v -2.001328 3.597832 -0.715498
v -2.001266 3.306190 1.062517
v -2.001266 3.306190 -1.443632
v -1.991821 3.053627 1.415468
v -1.991821 3.053627 -1.796568
v -1.991272 3.661934 -0.190474
v -1.990341 3.661934 -0.140089
v -1.990341 3.661934 -0.241026
v -1.988785 3.140739 1.314775
v -1.988785 3.140739 -1.695890
v -1.987991 3.661934 -0.089689
v -1.987991 3.661934 -0.291258
v -1.987686 2.963692 1.515306
v -1.987686 2.963691 -1.896269
v -1.984100 3.597831 0.384935
v -1.984100 3.661934 -0.039457
v -1.984100 3.661934 -0.341566
v -1.984100 3.597832 -0.765959
v -1.980194 3.530037 0.621828
v -1.980194 3.530037 -1.002928
v -1.978561 3.224907 1.213686
v -1.978561 3.661934 0.010683
v -1.978561 3.661934 -0.391798
v -1.978561 3.224907 -1.594725
v -1.974426 2.614006 3.075541
v -1.973419 3.384041 0.962908
v -1.973419 3.384041 -1.344023
v -1.971451 3.661934 0.060686
v -1.971451 3.661934 -0.441633
v -1.970917 3.458839 0.815416
v -1.970917 3.458839 -1.196501
v -1.965134 3.597831 0.434771
v -1.965134 3.597832 -0.815886
v -1.962799 3.661934 0.110292
v -1.962799 3.661934 -0.491407
v -1.961014 3.306190 1.112597
v -1.961014 3.306190 -1.493711
v -1.953827 3.530037 0.671511
v -1.953827 3.530037 -1.052519
v -1.952591 3.661934 0.159746
v -1.952591 3.661934 -0.540693
v -1.944717 3.597831 0.484072
v -1.944717 3.597832 -0.865171
v -1.940735 3.140739 1.364458
v -1.940735 3.661934 0.208727
v -1.940735 3.661934 -0.589766
v -1.940735 3.140739 -1.745481
v -1.940491 3.053627 1.465151
v -1.940491 3.053627 -1.846189
v -1.938538 3.458839 0.864717
v -1.938538 3.458839 -1.245817
v -1.936371 3.384041 1.012285
v -1.936371 3.384041 -1.393309
v -1.933640 3.224907 1.263063
v -1.933640 3.224907 -1.644011
v -1.933243 2.963692 1.564760
v -1.933243 2.963691 -1.945768
v -1.932617 2.760963 -3.456572
v -1.927475 3.661934 0.257402
v -1.927475 3.661934 -0.638426
v -1.925980 3.530037 0.720400
v -1.925980 3.530037 -1.101439
v -1.922791 3.597831 0.532747
v -1.922791 3.597832 -0.913847
v -1.919357 3.306190 1.161501
v -1.919357 3.306190 -1.542601
v -1.912567 3.661934 0.305605
v -1.912567 3.661934 -0.686552
v -1.904526 3.458839 0.912996
v -1.904526 3.458839 -1.294035
v -1.899307 3.597831 0.580721
v -1.899307 3.597832 -0.961729
v -1.897903 -0.000078 -3.456572
v -1.897827 3.384041 1.060411
v -1.897827 3.384041 -1.441435
v -1.896652 3.530037 0.768297
v -1.896652 3.530037 -1.149321
v -1.896271 3.661934 0.353334
v -1.896271 3.661934 -0.734373
v -1.895416 3.722237 -0.190474
v -1.894638 3.722237 -0.143126
v -1.894638 3.722237 -0.237974
v -1.892532 3.722237 -0.095793
v -1.892532 3.722237 -0.285322
v -1.891663 2.760963 -3.456572
v -1.891113 3.140739 1.412416
v -1.891113 3.140739 -1.793547
v -1.888702 3.722237 -0.048353
v -1.888702 3.722237 -0.332594
v -1.887848 3.053627 1.513124
v -1.887848 3.053627 -1.894224
v -1.887146 3.224907 1.310946
v -1.887146 3.224907 -1.691984
v -1.883484 3.722237 -0.001326
v -1.883484 3.722237 -0.379698
v -1.878494 3.661934 0.400454
v -1.878494 3.661934 -0.781569
v -1.877396 2.963692 1.612574
v -1.877396 2.963691 -1.993528
v -1.876846 3.722237 0.045717
v -1.876846 3.722237 -0.426664
v -1.876068 3.306190 1.209002
v -1.876068 3.306190 -1.590025
v -1.874344 3.597831 0.627825
v -1.874344 3.597832 -1.008848
v -1.869125 3.458839 0.960100
v -1.869125 3.458839 -1.341215
v -1.868729 3.722237 0.092363
v -1.868729 3.722237 -0.473387
v -1.865768 3.530037 0.815325
v -1.865768 3.530037 -1.196287
v -1.859146 3.661934 0.447100
v -1.859146 3.661934 -0.828123
v -1.859055 3.722236 0.138765
v -1.859055 3.722237 -0.519865
v -1.857803 3.384041 1.107286
v -1.857803 3.384041 -1.488249
v -1.850479 0.662922 -3.456572
v -1.848694 2.630547 3.075541
v -1.847977 3.597831 0.674242
v -1.847977 3.722236 0.184938
v -1.847977 3.722237 -0.565962
v -1.847977 3.597832 -1.055265
v -1.840027 3.140739 1.458910
v -1.840027 3.140739 -1.840025
v -1.839401 3.224907 1.357363
v -1.839401 3.224907 -1.738462
v -1.838394 3.661934 0.493044
v -1.838394 3.661934 -0.874067
v -1.835434 3.722236 0.230654
v -1.835434 3.722237 -0.611753
v -1.833481 3.053627 1.559534
v -1.833481 3.053627 -1.940580
v -1.833389 3.530037 0.861269
v -1.833389 3.530037 -1.242308
v -1.832306 3.458839 1.006197
v -1.832306 3.458839 -1.387236
v -1.831451 3.306190 1.255175
v -1.831451 3.306190 -1.636198
v -1.821533 3.722236 0.275972
v -1.821533 3.722237 -0.657072
v -1.821152 0.971722 3.095118
v -1.821152 1.341995 3.095118
v -1.821152 0.971722 3.075541
v -1.821152 1.341995 3.075541
v -1.820053 3.597831 0.719713
v -1.820053 3.597832 -1.100828
v -1.819901 2.963692 1.658510
v -1.819901 2.963691 -2.039457
v -1.816315 3.384041 1.152834
v -1.816315 3.384041 -1.533873
v -1.816238 3.661934 0.538271
v -1.816238 3.661934 -0.919386
v -1.806107 3.722236 0.320818
v -1.806107 3.722237 -0.701918
v -1.799698 3.530037 0.906206
v -1.799698 3.530037 -1.287321
v -1.797363 3.778786 -0.190474
v -1.796661 3.778786 -0.146162
v -1.796661 3.778786 -0.234938
v -1.795883 2.768684 3.075541
v -1.795883 2.768684 -3.456572
v -1.794632 3.778786 -0.101866
v -1.794632 3.778786 -0.279081
v -1.793930 3.458839 1.051058
v -1.793930 3.458839 -1.432005
v -1.792679 3.661934 0.582827
v -1.792679 3.661934 -0.963926
v -1.791916 1.000973 3.095118
v -1.791916 1.312744 3.095118
v -1.791916 1.000973 3.056116
v -1.791916 1.312744 3.056116
v -1.791122 3.778786 -0.057646
v -1.791122 3.778786 -0.323301
v -1.790726 3.597832 0.764238
v -1.790726 3.597832 -1.145353
v -1.789963 3.224907 1.402208
v -1.789963 3.224907 -1.783323
v -1.789413 3.722236 0.365267
v -1.789413 3.722237 -0.746229
v -1.787460 3.140739 1.503756
v -1.787460 3.140739 -1.884886
v -1.786285 3.778786 -0.013655
v -1.786285 3.778786 -0.367460
v -1.785278 3.306190 1.299791
v -1.785278 3.306190 -1.680815
v -1.779968 3.778786 0.030275
v -1.779968 3.778786 -0.411299
v -1.777863 3.053627 1.604151
v -1.777863 3.053627 -1.985106
v -1.775223 1.052688 3.075541
v -1.775223 1.106975 3.075541
v -1.775223 1.145588 3.075541
v -1.775223 1.199955 3.075541
v -1.775223 1.233181 3.075541
v -1.775223 1.287544 3.075541
v -1.775223 1.052688 3.056116
v -1.775223 1.106975 3.056116
v -1.775223 1.145588 3.056116
v -1.775223 1.199955 3.056116
v -1.775223 1.233181 3.056116
v -1.775223 1.287544 3.056116
v -1.773422 3.384041 1.197145
v -1.773422 3.384041 -1.578154
v -1.772324 3.778785 0.074022
v -1.772324 3.778786 -0.454985
v -1.771225 3.722236 0.409029
v -1.771225 3.722237 -0.790144
v -1.767578 3.661934 0.626726
v -1.767578 3.661934 -1.007689
v -1.764526 3.530037 0.950121
v -1.764526 3.530037 -1.331144
v -1.763351 3.778785 0.117388
v -1.763351 3.778786 -0.498411
v -1.761169 2.963692 1.702585
v -1.761169 2.963691 -2.083616
v -1.760086 3.597832 0.807924
v -1.760086 3.597832 -1.188932
v -1.755783 1.989006 -3.456572
v -1.754318 3.458839 1.094576
v -1.754318 3.458839 -1.475676
v -1.752975 3.778785 0.160524
v -1.752975 3.778786 -0.541563
v -1.752670 1.989006 -3.456572
v -1.751724 3.722236 0.452242
v -1.751724 3.722237 -0.833342
v -1.741287 3.661934 0.669786
v -1.741287 3.778785 0.203264
v -1.741287 3.778786 -0.584364
v -1.741287 3.661934 -1.050718
v -1.739258 3.224907 1.445574
v -1.739258 3.224907 -1.826597
v -1.737778 3.306190 1.343004
v -1.737778 3.306190 -1.724119
v -1.733566 3.140739 1.547060
v -1.733566 3.140739 -1.928099
v -1.730820 3.722236 0.494829
v -1.730820 3.722237 -0.875929
v -1.729111 3.384041 1.240038
v -1.729111 3.384041 -1.621061
v -1.728256 3.778785 0.245699
v -1.728256 3.778786 -0.626722
v -1.728012 3.530037 0.992785
v -1.728012 3.597832 0.850588
v -1.728012 3.597832 -1.231718
v -1.728012 3.530037 -1.373869
v -1.720779 1.052688 3.075541
v -1.720779 1.106975 3.075541
v -1.720779 1.145588 3.075541
v -1.720779 1.199955 3.075541
v -1.720779 1.233181 3.075541
v -1.720779 1.287544 3.075541
v -1.720779 1.052688 3.056116
v -1.720779 1.106975 3.056116
v -1.720779 1.145588 3.056116
v -1.720779 1.199955 3.056116
v -1.720779 1.233181 3.056116
v -1.720779 1.287544 3.056116
v -1.720779 3.053627 1.646967
v -1.720779 3.053627 -2.027983
v -1.713913 3.778785 0.287584
v -1.713913 3.778786 -0.668699
v -1.713593 3.661934 0.711916
v -1.713593 3.661934 -1.092863
v -1.713287 3.458839 1.136919
v -1.713287 3.458839 -1.518034
v -1.708679 3.722236 0.536791
v -1.708679 3.722237 -0.917814
v -1.701111 2.963692 1.744860
v -1.701111 2.963691 -2.125883
v -1.698380 2.768684 2.978041
v -1.698380 2.768684 2.880541
v -1.698380 2.768684 -3.261656
v -1.698380 2.768684 -3.359129
v -1.698303 3.778785 0.329073
v -1.698303 3.778786 -0.710188
v -1.697220 3.831367 -0.190474
v -1.696518 3.831367 -0.149290
v -1.696518 3.831367 -0.231733
v -1.694717 3.597832 0.892321
v -1.694717 3.597832 -1.273252
v -1.694565 3.831367 -0.108107
v -1.694565 3.831367 -0.272840
v -1.691284 3.831367 -0.067076
v -1.691284 3.831367 -0.313871
v -1.690201 3.530037 1.034426
v -1.690201 3.530037 -1.415464
v -1.688950 3.306190 1.384737
v -1.688950 3.306190 -1.765837
v -1.687149 3.224907 1.487307
v -1.687149 3.224907 -1.868315
v -1.686752 3.831367 -0.026121
v -1.686752 3.831367 -0.354826
v -1.685211 3.722236 0.577990
v -1.685211 3.722237 -0.959013
v -1.684586 3.661934 0.753176
v -1.684586 3.661934 -1.134123
v -1.683640 3.384041 1.281542
v -1.683640 3.384041 -1.662474
v -1.681290 3.778785 0.370028
v -1.681290 3.778786 -0.751143
v -1.680984 3.831367 0.014589
v -1.680984 3.831367 -0.395689
v -1.678268 3.140739 1.588549
v -1.678268 3.140739 -1.969572
v -1.673965 3.831367 0.055223
v -1.673965 3.831367 -0.436171
v -1.670929 3.458839 1.178026
v -1.670929 3.458839 -1.559080
v -1.665543 3.831367 0.095552
v -1.665543 3.831367 -0.476576
v -1.663040 3.778785 0.410585
v -1.663040 3.778786 -0.791548
v -1.662415 3.053627 1.687998
v -1.662415 3.053627 -2.068968
v -1.660477 3.722236 0.618380
v -1.660477 3.722237 -0.999418
v -1.660004 3.597832 0.932878
v -1.660004 3.597832 -1.313902
v -1.659378 2.866188 2.841539
v -1.659378 2.963692 2.802538
v -1.659378 2.963692 -3.183653
v -1.659378 2.866188 -3.222654
v -1.655884 3.831367 0.135637
v -1.655884 3.831367 -0.516661
v -1.654236 1.052688 3.075541
v -1.654236 1.106975 3.075541
v -1.654236 1.145588 3.075541
v -1.654236 1.199955 3.075541
v -1.654236 1.233181 3.075541
v -1.654236 1.287544 3.075541
v -1.654236 1.052688 3.056116
v -1.654236 1.106975 3.056116
v -1.654236 1.145588 3.056116
v -1.654236 1.199955 3.056116
v -1.654236 1.233181 3.056116
v -1.654236 1.287544 3.056116
v -1.654236 3.661934 0.793505
v -1.654236 3.661934 -1.174528
v -1.651108 3.530037 1.074831
v -1.651108 3.530037 -1.455778
v -1.649643 2.768684 2.929293
v -1.649643 2.768684 -3.310331
v -1.645020 3.831367 0.175356
v -1.645020 3.831367 -0.556379
v -1.643539 3.778785 0.450304
v -1.643539 3.778786 -0.831404
v -1.639877 2.914864 2.822039
v -1.639877 2.914864 -3.203154
v -1.639572 2.963692 1.785265
v -1.639572 2.963691 -2.166227
v -1.638870 3.306190 1.424898
v -1.638870 3.306190 -1.806028
v -1.636688 3.384041 1.321566
v -1.636688 3.384041 -1.702604
v -1.634415 3.722237 0.658007
v -1.634415 3.722237 -1.039122
v -1.633865 3.224907 1.527391
v -1.633865 3.224907 -1.908354
v -1.633011 3.831367 0.214739
v -1.633011 3.831367 -0.595762
v -1.627335 3.458839 1.217653
v -1.627335 3.458839 -1.598753
v -1.624039 3.597832 0.972429
v -1.624039 3.597832 -1.353361
v -1.622803 3.661934 0.832796
v -1.622803 3.778785 0.489534
v -1.622803 3.778786 -0.870634
v -1.622803 3.661934 -1.213835
v -1.621780 3.140739 1.628252
v -1.621780 3.140739 -2.009184
v -1.619614 3.831367 0.253740
v -1.619614 3.831367 -0.634764
v -1.610703 3.530037 1.113924
v -1.610703 3.530037 -1.494871
v -1.607117 3.722237 0.696779
v -1.607117 3.722237 -1.077879
v -1.605103 3.831367 0.292269
v -1.605103 3.831367 -0.673216
v -1.604156 2.753166 3.075541
v -1.602753 3.053627 1.727152
v -1.602753 3.053627 -2.108183
v -1.600815 3.778785 0.527987
v -1.600815 3.778786 -0.909086
v -1.599945 1.052688 3.075541
v -1.599945 1.106975 3.075541
v -1.599945 1.145588 3.075541
v -1.599945 1.199955 3.075541
v -1.599945 1.233181 3.075541
v -1.599945 1.287544 3.075541
v -1.599945 1.052688 3.056116
v -1.599945 1.106975 3.056116
v -1.599945 1.145588 3.056116
v -1.599945 1.199955 3.056116
v -1.599945 1.233181 3.056116
v -1.599945 1.287544 3.056116
v -1.594955 3.880043 -0.190474
v -1.594330 3.880043 -0.152555
v -1.594330 3.880043 -0.228453
v -1.592545 3.880043 -0.114576
v -1.592545 3.880043 -0.266371
v -1.590042 3.661934 0.871187
v -1.590042 3.661934 -1.252226
v -1.589493 3.880043 -0.076750
v -1.589493 3.880043 -0.304365
v -1.589340 3.831367 0.330263
v -1.589340 3.831367 -0.711363
v -1.588562 3.384041 1.360094
v -1.588562 3.384041 -1.741117
v -1.587463 3.306190 1.463518
v -1.587463 3.306190 -1.844542
v -1.586929 3.597832 1.010653
v -1.586929 3.597832 -1.391661
v -1.585449 3.880043 -0.038923
v -1.585449 3.880043 -0.342024
v -1.582474 3.458839 1.256029
v -1.582474 3.458839 -1.637083
v -1.580048 3.880043 -0.001326
v -1.580048 3.880043 -0.379698
v -1.579361 3.224907 1.565691
v -1.579361 3.224907 -1.946623
v -1.578659 3.722237 0.734682
v -1.578659 3.722237 -1.115782
v -1.577560 3.778785 0.565889
v -1.577560 3.778786 -0.946836
v -1.576935 2.963692 1.823565
v -1.576935 2.963691 -2.204679
v -1.573425 3.880043 0.036028
v -1.573425 3.880043 -0.417067
v -1.572342 3.831367 0.367846
v -1.572342 3.831367 -0.748808
v -1.570618 1.000973 3.095118
v -1.570618 1.312744 3.095118
v -1.570618 1.000973 3.056116
v -1.570618 1.312744 3.056116
v -1.569138 3.530037 1.151751
v -1.569138 3.530037 -1.532774
v -1.565857 3.880043 0.073244
v -1.565857 3.880043 -0.454191
v -1.564148 3.140739 1.666231
v -1.564148 3.140739 -2.047209
v -1.556961 3.880043 0.110216
v -1.556961 3.880043 -0.491240
v -1.556808 1.989006 -3.456572
v -1.556122 3.661934 0.908556
v -1.556122 3.661934 -1.289488
v -1.554855 1.989006 -3.456572
v -1.554245 3.831367 0.404818
v -1.554245 3.831367 -0.785841
v -1.553223 3.778786 0.602938
v -1.553223 3.778786 -0.983885
v -1.549011 3.722237 0.771730
v -1.549011 3.722237 -1.152861
v -1.548553 3.597832 1.047777
v -1.548553 3.597832 -1.428801
v -1.546982 3.880043 0.146791
v -1.546982 3.880043 -0.527906
v -1.541916 3.053627 1.764360
v -1.541916 3.053627 -2.145475
v -1.541443 0.971722 3.095118
v -1.541443 1.341995 3.095118
v -1.541443 0.971722 3.075541
v -1.541443 1.341995 3.075541
v -1.539261 3.384041 1.397127
v -1.539261 3.384041 -1.778166
v -1.536377 3.458839 1.292849
v -1.536377 3.458839 -1.673887
v -1.535751 3.880043 0.183062
v -1.535751 3.880043 -0.564177
v -1.534897 3.306190 1.500414
v -1.534897 3.831367 0.441164
v -1.534897 3.831367 -0.822279
v -1.534897 3.306190 -1.881529
v -1.527786 3.778786 0.639208
v -1.527786 3.778786 -1.020170
v -1.526382 3.530037 1.188250
v -1.526382 3.530037 -1.569304
v -1.523575 3.224907 1.602358
v -1.523575 3.224907 -1.983397
v -1.523514 3.880043 0.219027
v -1.523514 3.880043 -0.600126
v -1.521011 3.661934 0.944658
v -1.521011 3.661934 -1.325743
v -1.518127 3.722237 0.807848
v -1.518127 3.722237 -1.188871
v -1.514618 3.831367 0.477037
v -1.514618 3.831367 -0.858000
v -1.513046 2.963692 1.859987
v -1.513046 2.963691 -2.240995
v -1.510010 3.880043 0.254595
v -1.510010 3.880043 -0.635618
v -1.509155 3.597832 1.083727
v -1.509155 3.597832 -1.464781
v -1.508286 2.745522 3.075541
v -1.505096 3.140739 1.702272
v -1.505096 3.140739 -2.083281
v -1.501129 3.778786 0.674623
v -1.501129 3.778786 -1.055723
v -1.495438 3.880043 0.289690
v -1.495438 3.880043 -0.670713
v -1.492935 3.831367 0.512148
v -1.492935 3.831367 -0.893171
v -1.490906 3.924568 -0.190474
v -1.490356 3.924568 -0.155851
v -1.490356 3.924568 -0.225264
v -1.489273 3.458839 1.328264
v -1.489273 3.458839 -1.709288
v -1.488800 3.384041 1.432558
v -1.488800 3.384041 -1.813597
v -1.488632 3.924568 -0.121122
v -1.488632 3.924568 -0.259901
v -1.486221 3.722237 0.842867
v -1.486221 3.722237 -1.223967
v -1.485901 3.924568 -0.086500
v -1.485901 3.924568 -0.294523
v -1.484818 3.661934 0.979753
v -1.484818 3.661934 -1.360868
v -1.482559 3.530037 1.223421
v -1.482559 3.530037 -1.604399
v -1.482086 3.924568 -0.051954
v -1.482086 3.924568 -0.328993
v -1.481232 3.306190 1.535738
v -1.481232 3.306190 -1.916716
v -1.479904 3.053627 1.799768
v -1.479904 3.053627 -2.180876
v -1.479828 3.880043 0.324327
v -1.479828 3.880043 -0.705351
v -1.477173 3.924568 -0.017637
v -1.477173 3.924568 -0.363401
v -1.473434 3.778786 0.709246
v -1.473434 3.778786 -1.090300
v -1.471237 3.924568 0.016527
v -1.471237 3.924568 -0.397642
v -1.470383 3.831367 0.546556
v -1.470383 3.831367 -0.927656
v -1.468597 3.597832 1.118364
v -1.468597 3.597832 -1.499479
v -1.466644 3.224907 1.637217
v -1.466644 3.224907 -2.018187
v -1.464310 3.924568 0.050554
v -1.464310 3.924568 -0.431654
v -1.463058 3.880043 0.358400
v -1.463058 3.880043 -0.739515
v -1.456116 3.924568 0.084322
v -1.456116 3.924568 -0.465269
v -1.455948 1.989006 -3.456572
v -1.454315 0.000000 3.178267
v -1.454315 1.638000 3.178267
v -1.454315 0.000000 3.075541
v -1.454315 1.638000 3.075541
v -1.453308 0.000000 3.193632
v -1.453308 1.637848 3.193632
v -1.453308 3.722237 0.877031
v -1.453308 3.722237 -1.257994
v -1.450272 0.000000 3.208609
v -1.450272 1.637771 3.208609
v -1.448074 2.963692 1.894464
v -1.448074 2.963691 -2.275480
v -1.447464 3.661934 1.013765
v -1.447464 3.661934 -1.394712
v -1.446991 3.924568 0.117785
v -1.446991 3.924568 -0.498884
v -1.446671 3.831367 0.580248
v -1.446671 3.831367 -0.961271
v -1.445358 0.000000 3.223040
v -1.445358 1.637459 3.223040
v -1.445358 3.880043 0.391954
v -1.445358 3.880043 -0.773054
v -1.445206 3.140739 1.736513
v -1.445206 3.140739 -2.117552
v -1.444641 3.778786 0.742952
v -1.444641 3.778786 -1.124052
v -1.441055 3.458839 1.362261
v -1.441055 3.458839 -1.743223
v -1.438644 0.000000 3.236845
v -1.438644 1.636909 3.236845
v -1.437546 3.530037 1.257128
v -1.437546 3.530037 -1.638151
v -1.437317 3.384041 1.466402
v -1.437317 3.384041 -1.847502
v -1.436768 3.924568 0.150927
v -1.436768 3.924568 -0.532042
v -1.430069 0.000000 3.249559
v -1.430069 1.636360 3.249559
v -1.426941 3.597832 1.151751
v -1.426941 3.597831 -1.532774
v -1.426559 3.880043 0.425020
v -1.426559 3.880043 -0.805967
v -1.426468 2.745522 3.075541
v -1.426468 3.306190 1.569201
v -1.426468 3.306190 -1.950254
v -1.425537 3.924568 0.183840
v -1.425537 3.924568 -0.564802
v -1.421951 3.831367 0.613237
v -1.421951 3.831367 -0.994184
v -1.421173 1.889313 3.178267
v -1.421173 1.889313 3.075541
v -1.420151 1.889007 3.193632
v -1.420090 0.000000 3.261103
v -1.420090 1.635666 3.261103
v -1.419220 3.722237 0.909945
v -1.419220 3.722237 -1.290983
v -1.417343 1.888229 3.208609
v -1.416962 3.053627 1.833155
v -1.416962 3.053627 -2.214170
v -1.414780 3.778786 0.775789
v -1.414780 3.778786 -1.156797
v -1.413208 3.924568 0.216372
v -1.413208 3.924568 -0.597334
v -1.412582 1.886978 3.223040
v -1.409073 3.661934 1.046450
v -1.409073 3.661934 -1.427549
v -1.408768 3.224907 1.670214
v -1.408768 3.224907 -2.051237
v -1.408524 0.000000 3.271166
v -1.408524 1.634956 3.271166
v -1.406738 3.880043 0.457399
v -1.406738 3.880043 -0.838423
v -1.405960 1.885185 3.236845
v -1.399948 3.924568 0.248354
v -1.399948 3.924568 -0.629454
v -1.397690 1.882995 3.249559
v -1.396210 3.831367 0.645449
v -1.396210 3.831367 -1.026396
v -1.395813 0.000000 3.279665
v -1.395813 1.634178 3.279665
v -1.391693 3.458839 1.394640
v -1.391693 3.458839 -1.775572
v -1.391602 3.530037 1.289492
v -1.391602 3.530037 -1.670530
v -1.387787 1.880348 3.261103
v -1.385834 3.880043 0.489138
v -1.385834 3.880043 -0.870176
v -1.385605 3.924568 0.280031
v -1.385605 3.924568 -0.661039
v -1.385513 2.745522 3.075541
v -1.385056 3.964897 -0.190474
v -1.384750 3.384041 1.498613
v -1.384750 3.384041 -1.879637
v -1.384659 3.964897 -0.159117
v -1.384659 3.964897 -0.221830
v -1.384201 3.597832 1.183809
v -1.384201 3.597831 -1.564848
v -1.384125 3.140739 1.768885
v -1.384125 3.722237 0.941851
v -1.384125 3.722237 -1.322966
v -1.384125 3.140739 -2.149839
v -1.383881 3.778786 0.807604
v -1.383881 3.778786 -1.188627
v -1.383102 3.964897 -0.127760
v -1.383102 3.964897 -0.253263
v -1.382004 0.000000 3.286375
v -1.382004 1.633163 3.286375
v -1.382004 2.963692 1.926836
v -1.382004 2.963691 -2.307859
v -1.380615 3.964897 -0.096495
v -1.380615 3.964897 -0.284544
v -1.377960 1.989006 -3.456572
v -1.377258 3.964897 -0.065214
v -1.377258 3.964897 -0.315733
v -1.376633 1.877388 3.271166
v -1.376083 1.989006 -3.456572
v -1.372818 3.964897 -0.034163
v -1.372818 3.964897 -0.346785
v -1.370773 3.306190 1.601030
v -1.370773 3.306190 -1.982054
v -1.370392 3.924568 0.311144
v -1.370392 3.924568 -0.692259
v -1.369766 3.661934 1.077959
v -1.369766 3.661934 -1.459074
v -1.369461 3.831367 0.676729
v -1.369461 3.831367 -1.057768
v -1.367584 0.000000 3.291288
v -1.367584 1.632309 3.291288
v -1.367355 3.964897 -0.003263
v -1.367355 3.964897 -0.377760
v -1.364227 1.874031 3.279665
v -1.363998 3.880043 0.520174
v -1.363998 3.880043 -0.901213
v -1.361115 3.964897 0.027452
v -1.361115 3.964897 -0.408476
v -1.354172 3.924568 0.341799
v -1.354172 3.924568 -0.722822
v -1.353699 3.964897 0.057955
v -1.353699 3.964897 -0.438993
v -1.352844 3.053627 1.864588
v -1.352844 3.053627 -2.245604
v -1.352600 0.000000 3.294329
v -1.352600 1.631370 3.294329
v -1.352066 3.778786 0.838427
v -1.352066 3.778786 -1.219542
v -1.350891 1.870445 3.286375
v -1.349808 3.224907 1.701418
v -1.349808 3.224907 -2.082426
v -1.348083 3.722237 0.972750
v -1.348083 3.722237 -1.353788
v -1.345444 3.964897 0.088289
v -1.345444 3.964897 -0.469328
v -1.344574 3.530037 1.320314
v -1.344574 3.530037 -1.701414
v -1.341766 3.831367 0.707216
v -1.341766 3.831367 -1.088163
v -1.341446 3.458839 1.425371
v -1.341446 3.458839 -1.806395
v -1.341217 3.880043 0.550600
v -1.341217 3.880043 -0.931639
v -1.340515 3.597832 1.214388
v -1.340515 3.597831 -1.595488
v -1.337311 0.000000 3.295267
v -1.337311 1.630279 3.295267
v -1.337006 3.924568 0.371981
v -1.337006 3.924568 -0.753080
v -1.336777 1.866615 3.291288
v -1.336227 3.964897 0.118258
v -1.336227 3.964897 -0.499281
v -1.331238 3.384041 1.529192
v -1.331238 3.384041 -1.910124
v -1.329361 3.661934 1.108309
v -1.329361 3.661934 -1.489317
v -1.326004 3.964897 0.148043
v -1.326004 3.964897 -0.529066
v -1.324142 2.123550 3.178267
v -1.324142 2.123550 3.075541
v -1.323273 2.123001 3.193632
v -1.322113 1.862724 3.294329
v -1.322113 3.140739 1.799150
v -1.322113 3.140739 -2.180265
v -1.320709 2.121445 3.208609
v -1.319229 3.778786 0.868303
v -1.319229 3.778786 -1.249388
v -1.318832 3.924568 0.401628
v -1.318832 3.924568 -0.782576
v -1.317429 3.880043 0.580248
v -1.317429 3.880043 -0.961271
v -1.316422 2.119110 3.223040
v -1.315170 2.963692 1.957018
v -1.315170 2.963691 -2.338072
v -1.314926 3.964897 0.177370
v -1.314926 3.964897 -0.558393
v -1.313919 3.306190 1.631136
v -1.313919 3.306190 -2.012175
v -1.313065 3.831367 0.736788
v -1.313065 3.831367 -1.117796
v -1.311035 3.722237 1.002382
v -1.311035 3.722237 -1.383421
v -1.310486 2.115593 3.236845
v -1.307205 1.858818 3.295267
v -1.303085 2.111389 3.249559
v -1.302841 3.964897 0.206316
v -1.302841 3.964897 -0.587416
v -1.299728 3.924568 0.430635
v -1.299728 3.924568 -0.811583
v -1.296677 3.530037 1.349642
v -1.296677 3.530037 -1.730742
v -1.295975 3.597832 1.243715
v -1.295975 3.597831 -1.624815
v -1.294266 2.106239 3.261103
v -1.292786 3.880043 0.609102
v -1.292786 3.880043 -0.990049
v -1.290131 3.458839 1.454622
v -1.290131 3.458839 -1.835661
v -1.290054 3.964897 0.235018
v -1.290054 3.964897 -0.615965
v -1.289825 3.224907 1.730745
v -1.289825 3.224907 -2.111753
v -1.288177 3.661934 1.137316
v -1.288177 3.661934 -1.518339
v -1.287796 3.053627 1.893991
v -1.287796 3.053627 -2.274931
v -1.285599 3.778786 0.897081
v -1.285599 3.778786 -1.278196
v -1.284210 2.100388 3.271166
v -1.283432 3.831367 0.765413
v -1.283432 3.831367 -1.146452
v -1.279831 3.924568 0.459032
v -1.279831 3.924568 -0.840071
v -1.277893 4.001091 -0.190474
v -1.277420 4.001091 -0.162474
v -1.277420 4.001091 -0.218473
v -1.276718 3.384041 1.557970
v -1.276718 3.384041 -1.939085
v -1.276169 3.964897 0.263170
v -1.276169 4.001091 -0.134550
v -1.276169 4.001091 -0.246565
v -1.276169 3.964897 -0.644209
v -1.273819 4.001091 -0.106627
v -1.273819 4.001091 -0.274488
v -1.273117 2.093987 3.279665
v -1.273117 3.722237 1.030840
v -1.273117 3.722237 -1.411894
v -1.270798 4.001091 -0.078703
v -1.270798 4.001091 -0.302336
v -1.267197 3.880043 0.637178
v -1.267197 3.880043 -1.018217
v -1.266876 4.001091 -0.051008
v -1.266876 4.001091 -0.330091
v -1.262039 4.001091 -0.023390
v -1.262039 4.001091 -0.357634
v -1.261505 3.964897 0.290941
v -1.261505 3.964897 -0.671888
v -1.261032 2.087128 3.286375
v -1.259079 3.140739 1.827623
v -1.259079 3.140739 -2.208647
v -1.259018 3.924568 0.486803
v -1.259018 3.924568 -0.867750
v -1.256363 4.001091 0.004061
v -1.256363 4.001091 -0.385160
v -1.256287 3.306190 1.659372
v -1.256287 3.306190 -2.040403
v -1.253006 3.831367 0.793184
v -1.253006 3.831367 -1.174223
v -1.250977 3.778786 0.924852
v -1.250977 3.778786 -1.305876
v -1.250504 3.597832 1.271639
v -1.250504 3.597831 -1.652739
v -1.249893 4.001091 0.031359
v -1.249893 4.001091 -0.412382
v -1.248398 2.079796 3.291288
v -1.247787 3.530037 1.377550
v -1.247787 3.530037 -1.758665
v -1.247238 2.963692 1.985102
v -1.247238 2.963691 -2.366209
v -1.246063 3.661934 1.165010
v -1.246063 3.661934 -1.546049
v -1.245895 3.964897 0.318239
v -1.245895 3.964897 -0.699202
v -1.242477 4.001091 0.058413
v -1.242477 4.001091 -0.439375
v -1.240753 3.880043 0.664400
v -1.240753 3.880043 -1.045500
v -1.238113 3.458839 1.482149
v -1.238113 3.458839 -1.863249
v -1.237244 3.924568 0.513872
v -1.237244 3.924568 -0.894896
v -1.235306 2.072227 3.294329
v -1.234283 3.722237 1.058062
v -1.234283 3.722237 -1.439177
v -1.234207 4.001091 0.085100
v -1.234207 4.001091 -0.466200
v -1.229523 3.964897 0.344927
v -1.229523 3.964897 -0.726027
v -1.229126 3.224907 1.758196
v -1.229126 3.224907 -2.139311
v -1.225082 4.001091 0.111620
v -1.225082 4.001091 -0.492643
v -1.221970 2.064583 3.295267
v -1.221970 3.053627 1.921221
v -1.221970 3.053627 -2.302336
v -1.221725 3.831367 0.819857
v -1.221725 3.831367 -1.200956
v -1.221405 3.384041 1.585192
v -1.221405 3.384041 -1.966154
v -1.220322 0.000000 3.295267
v -1.220322 0.038922 3.295267
v -1.220322 1.638000 3.295267
v -1.220322 0.038922 3.193476
v -1.220322 0.077922 3.193476
v -1.220322 0.077922 3.075541
v -1.220322 1.638000 3.075541
v -1.215485 3.778786 0.951525
v -1.215485 3.778786 -1.332457
v -1.215179 4.001091 0.137896
v -1.215179 4.001091 -0.518858
v -1.214630 3.924568 0.540239
v -1.214630 3.924568 -0.921324
v -1.213455 3.880043 0.690920
v -1.213455 3.880043 -1.071867
v -1.212296 3.964897 0.371202
v -1.212296 3.964897 -0.752241
v -1.204407 4.001091 0.163729
v -1.204407 4.001091 -0.544828
v -1.204102 3.597832 1.298067
v -1.204102 3.597831 -1.679106
v -1.203003 3.661934 1.191378
v -1.203003 3.661934 -1.572325
v -1.198166 3.530037 1.403841
v -1.198166 3.530037 -1.784941
v -1.197693 3.306190 1.685892
v -1.197693 3.306190 -2.066862
v -1.195282 3.140739 1.853983
v -1.195282 3.140739 -2.235075
v -1.195206 1.828712 3.295267
v -1.195206 1.828712 3.075541
v -1.194656 3.722237 1.084200
v -1.194656 3.722237 -1.465147
v -1.194275 3.964897 0.396868
v -1.194275 3.964897 -0.777967
v -1.192947 4.001091 0.189302
v -1.192947 4.001091 -0.570326
v -1.191315 3.924568 0.566057
v -1.191315 3.924568 -0.946989
v -1.189590 3.831367 0.845598
v -1.189590 3.831367 -1.226683
v -1.185455 3.880043 0.716433
v -1.185455 3.880043 -1.097532
v -1.185135 3.458839 1.508135
v -1.185135 3.458839 -1.889219
v -1.180618 4.001091 0.214495
v -1.180618 4.001091 -0.595518
v -1.179214 3.778786 0.976961
v -1.179214 3.778786 -1.358000
v -1.178513 2.963692 2.011232
v -1.178513 2.963691 -2.392179
v -1.175461 3.964897 0.421984
v -1.175461 3.964897 -0.803007
v -1.169937 2.324715 3.178267
v -1.169937 2.324715 3.075541
v -1.169235 4.032997 -0.190474
v -1.169144 2.323929 3.193632
v -1.168839 4.032997 -0.165907
v -1.168839 4.032997 -0.215132
v -1.167740 4.032997 -0.141264
v -1.167740 4.032997 -0.239683
v -1.167511 4.001091 0.239229
v -1.167511 4.001091 -0.620344
v -1.167435 3.224907 1.783709
v -1.167435 3.224907 -2.164824
v -1.167206 3.924568 0.590853
v -1.167206 3.924568 -0.971952
v -1.166977 2.321747 3.208609
v -1.165802 4.032997 -0.116850
v -1.165802 4.032997 -0.264265
v -1.165100 3.384041 1.610468
v -1.165100 3.384041 -1.991484
v -1.163467 2.318314 3.223040
v -1.163071 4.032997 -0.092283
v -1.163071 4.032997 -0.288679
v -1.159561 4.032997 -0.067945
v -1.159561 4.032997 -0.313093
v -1.159164 3.661934 1.216341
v -1.159164 3.661934 -1.597288
v -1.158691 2.313560 3.236845
v -1.156982 3.597832 1.323030
v -1.156982 3.597831 -1.704069
v -1.156525 3.831367 0.870409
v -1.156525 3.880043 0.741152
v -1.156525 3.880043 -1.122190
v -1.156525 3.831367 -1.251432
v -1.155807 3.964897 0.446550
v -1.155807 3.964897 -0.827513
v -1.155350 4.032997 -0.043760
v -1.155350 4.032997 -0.337339
v -1.155106 3.053627 1.946489
v -1.155106 3.053627 -2.327513
v -1.154251 3.722237 1.108934
v -1.154251 3.722237 -1.489897
v -1.153641 4.001091 0.263567
v -1.153641 4.001091 -0.644667
v -1.152618 2.307480 3.249559
v -1.150345 4.032997 -0.019575
v -1.150345 4.032997 -0.361448
v -1.147614 3.530037 1.428652
v -1.147614 3.530037 -1.809599
v -1.145432 2.300301 3.261103
v -1.144592 4.032997 0.004290
v -1.144592 4.032997 -0.385328
v -1.142319 0.116922 3.075541
v -1.142319 1.638000 3.075541
v -1.142319 0.116922 2.997541
v -1.142319 1.638000 2.997541
v -1.142319 3.924568 0.615038
v -1.142319 3.924568 -0.996061
v -1.142166 3.778786 1.001284
v -1.142166 3.778786 -1.382322
v -1.138977 4.001091 0.287508
v -1.138977 4.001091 -0.668547
v -1.138412 3.306190 1.710382
v -1.138412 3.306190 -2.091337
v -1.138184 4.032997 0.028078
v -1.138184 4.032997 -0.409101
v -1.137177 2.292030 3.271166
v -1.135376 3.964897 0.470339
v -1.135376 3.964897 -0.851377
v -1.131332 3.458839 1.532457
v -1.131332 3.458839 -1.913420
v -1.130936 4.032997 0.051561
v -1.130936 4.032997 -0.432585
v -1.130692 3.140739 1.878473
v -1.130692 3.140739 -2.259489
v -1.128036 2.282906 3.279665
v -1.126877 3.880043 0.764956
v -1.126877 3.880043 -1.145964
v -1.123611 4.001091 0.310991
v -1.123611 4.001091 -0.691938
v -1.122986 4.032997 0.074892
v -1.122986 4.032997 -0.455839
v -1.122894 3.831367 0.894045
v -1.122894 3.831367 -1.275145
v -1.121567 2.006554 3.295267
v -1.121567 2.006554 3.075541
v -1.119858 1.808510 3.075541
v -1.119858 1.808510 2.997541
v -1.118301 2.273155 3.286375
v -1.116577 3.924568 0.638430
v -1.116577 3.924568 -1.019377
v -1.114639 3.661934 1.239977
v -1.114639 3.661934 -1.621000
v -1.114319 3.964897 0.493578
v -1.114319 3.964897 -0.874617
v -1.114166 4.032997 0.097979
v -1.114166 4.032997 -0.478910
v -1.113068 3.722237 1.132402
v -1.113068 3.722237 -1.513426
v -1.109085 3.597832 1.346514
v -1.109085 3.597831 -1.727537
v -1.108856 2.963692 2.035021
v -1.108856 2.963691 -2.415983
v -1.108231 3.384041 1.634027
v -1.108231 3.384041 -2.015135
v -1.108002 2.262779 3.291288
v -1.107452 4.001091 0.333834
v -1.107452 4.001091 -0.714781
v -1.105026 3.224907 1.807337
v -1.105026 3.224907 -2.188383
v -1.104813 4.032997 0.120668
v -1.104813 4.032997 -0.501692
v -1.104263 3.778786 1.024538
v -1.104263 3.778786 -1.405485
v -1.097305 2.252174 3.294329
v -1.096451 3.530037 1.451738
v -1.096451 3.880043 0.787722
v -1.096451 3.880043 -1.168669
v -1.096451 3.530037 -1.832670
v -1.094742 4.032997 0.142977
v -1.094742 4.032997 -0.524076
v -1.092468 3.964897 0.516130
v -1.092468 3.964897 -0.897078
v -1.090607 4.001091 0.356234
v -1.090607 4.001091 -0.737333
v -1.090134 3.924568 0.660982
v -1.090134 3.924568 -1.041990
v -1.088425 3.831367 0.916658
v -1.088425 3.831367 -1.297758
v -1.087631 3.053627 1.969576
v -1.087631 3.053627 -2.350706
v -1.086395 2.241180 3.295267
v -1.083893 4.032997 0.165209
v -1.083893 4.032997 -0.546232
v -1.078369 3.306190 1.733088
v -1.078369 3.306190 -2.114042
v -1.076889 3.458839 1.554934
v -1.076889 3.458839 -1.936033
v -1.073135 4.001091 0.378069
v -1.073135 4.001091 -0.759184
v -1.072357 4.032997 0.186892
v -1.072357 4.032997 -0.568007
v -1.071182 3.722237 1.154558
v -1.071182 3.722237 -1.535582
v -1.069855 3.964897 0.537966
v -1.069855 3.964897 -0.919065
v -1.069321 3.661934 1.262117
v -1.069321 3.661934 -1.643126
v -1.065811 3.778786 1.046450
v -1.065811 3.778786 -1.427549
v -1.065414 3.880043 0.809572
v -1.065414 3.880043 -1.190611
v -1.065262 3.140739 1.900866
v -1.065262 3.140739 -2.281889
v -1.063141 3.924568 0.682650
v -1.063141 3.924568 -1.063749
v -1.060410 3.597832 1.368441
v -1.060410 3.597831 -1.749540
v -1.060181 4.032997 0.208269
v -1.060181 4.032997 -0.589369
v -1.059402 4.060600 -0.190474
v -1.059097 4.060600 -0.169416
v -1.059097 4.060600 -0.211699
v -1.058151 4.060600 -0.148191
v -1.058151 4.060600 -0.232832
v -1.056519 4.060600 -0.127150
v -1.056519 4.060600 -0.253889
v -1.054962 4.001091 0.399370
v -1.054962 4.001091 -0.780470
v -1.054092 4.060600 -0.106077
v -1.054092 4.060600 -0.275023
v -1.054031 1.967552 3.075541
v -1.054031 1.967552 2.997541
v -1.053329 3.831367 0.938265
v -1.053329 3.831367 -1.319212
v -1.051132 4.060600 -0.085096
v -1.051132 4.060600 -0.295927
v -1.050507 3.384041 1.655863
v -1.050507 3.384041 -2.036985
v -1.047470 4.060600 -0.064268
v -1.047470 4.060600 -0.316679
v -1.047241 4.032997 0.229250
v -1.047241 4.032997 -0.610350
v -1.046616 3.964897 0.559023
v -1.046616 3.964897 -0.940123
v -1.044510 3.530037 1.473269
v -1.044510 3.530037 -1.854216
v -1.043259 4.060600 -0.043516
v -1.043259 4.060600 -0.337431
v -1.041931 3.224907 1.828943
v -1.041931 3.224907 -2.209959
v -1.038651 2.963692 2.056627
v -1.038651 2.963691 -2.437559
v -1.038345 4.060600 -0.023008
v -1.038345 4.060600 -0.358091
v -1.036087 4.001091 0.420107
v -1.036087 4.001091 -0.801222
v -1.035309 3.924568 0.703569
v -1.035309 3.924568 -1.084501
v -1.033829 4.032997 0.249910
v -1.033829 4.032997 -0.630873
v -1.033676 3.880043 0.830385
v -1.033676 3.880043 -1.211515
v -1.032730 4.060600 -0.002577
v -1.032730 4.060600 -0.378538
v -1.028595 3.722237 1.175386
v -1.028595 3.722237 -1.556486
v -1.026642 3.778786 1.067202
v -1.026642 3.778786 -1.448301
v -1.026489 4.060600 0.017626
v -1.026489 4.060600 -0.398741
v -1.025330 0.233922 2.997541
v -1.025330 0.691078 2.997541
v -1.025330 0.809795 2.997541
v -1.025330 1.638000 2.997541
v -1.025330 0.233922 2.958540
v -1.025330 0.691078 2.958540
v -1.025330 0.809795 2.958540
v -1.025330 1.638000 2.958540
v -1.023376 3.661934 1.282869
v -1.023376 3.661934 -1.663908
v -1.022827 3.964897 0.579470
v -1.022827 3.964897 -0.960569
v -1.021744 3.458839 1.575838
v -1.021744 3.458839 -1.956877
v -1.019699 4.032997 0.270037
v -1.019699 4.060600 0.037676
v -1.019699 4.060600 -0.418715
v -1.019699 4.032997 -0.651060
v -1.019470 3.053627 1.990557
v -1.019470 3.053627 -2.371611
v -1.017593 3.306190 1.753832
v -1.017593 3.306190 -2.134916
v -1.017517 3.831367 0.958620
v -1.017517 3.831367 -1.339628
v -1.016510 4.001091 0.440233
v -1.016510 4.001091 -0.821257
v -1.012131 4.060600 0.057482
v -1.012131 4.060600 -0.438444
v -1.011047 3.597832 1.388872
v -1.011047 3.597831 -1.769896
v -1.006989 3.924568 0.723528
v -1.006989 3.924568 -1.104460
v -1.006836 1.778328 2.997541
v -1.006836 1.778328 2.958540
v -1.005432 0.694511 2.997541
v -1.005432 0.694511 2.958540
v -1.004883 4.032997 0.289690
v -1.004883 4.032997 -0.670713
v -1.004349 2.159195 3.295267
v -1.004349 2.159195 3.075541
v -1.004028 4.060600 0.077059
v -1.004028 4.060600 -0.458006
v -1.001297 3.880043 0.850283
v -1.001297 3.880043 -1.231230
v -0.999268 3.140739 1.921137
v -0.999268 3.140739 -2.302244
v -0.998260 3.964897 0.599123
v -0.998260 3.964897 -0.980070
v -0.996384 4.001091 0.459810
v -0.996384 4.001091 -0.840849
v -0.995377 4.060600 0.096331
v -0.995377 4.060600 -0.477369
v -0.992172 3.384041 1.675829
v -0.992172 3.384041 -2.056944
v -0.991943 3.530037 1.493166
v -0.991943 3.530037 -1.874083
v -0.989441 4.032997 0.308870
v -0.989441 4.032997 -0.689985
v -0.986862 3.778786 1.086763
v -0.986862 3.778786 -1.467741
v -0.986008 4.060600 0.115282
v -0.986008 4.060600 -0.496397
v -0.985306 3.722237 1.194963
v -0.985306 3.722237 -1.576048
v -0.981094 3.831367 0.977968
v -0.981094 3.831367 -1.358976
v -0.978210 3.224907 1.848604
v -0.978210 3.224907 -2.229551
v -0.977982 3.924568 0.742571
v -0.977982 3.924568 -1.123594
v -0.976715 3.661934 1.302217
v -0.976715 3.661934 -1.683256
v -0.976105 4.060600 0.134005
v -0.976105 4.060600 -0.515028
v -0.975632 4.001091 0.478685
v -0.975632 4.001091 -0.859632
v -0.973526 4.032997 0.327593
v -0.973526 4.032997 -0.708632
v -0.973129 3.964897 0.617907
v -0.973129 3.964897 -0.999022
v -0.968689 2.478996 3.178267
v -0.968689 2.478996 3.075541
v -0.968307 3.880043 0.869081
v -0.968307 3.880043 -1.250029
v -0.968140 2.478065 3.193632
v -0.967758 2.963692 2.075968
v -0.967758 2.963691 -2.456999
v -0.966660 2.475487 3.208609
v -0.965881 3.458839 1.594942
v -0.965881 3.458839 -1.975981
v -0.965652 4.060600 0.152498
v -0.965652 4.060600 -0.533430
v -0.964249 2.471275 3.223040
v -0.961197 3.597832 1.407747
v -0.961197 3.597831 -1.788847
v -0.960815 2.465263 3.236845
v -0.956924 4.032997 0.345842
v -0.956924 4.032997 -0.726881
v -0.956528 2.457855 3.249559
v -0.956131 3.306190 1.772783
v -0.956131 3.306190 -2.153807
v -0.954575 4.060600 0.170519
v -0.954575 4.060600 -0.551451
v -0.954422 4.001091 0.496782
v -0.954422 4.001091 -0.877882
v -0.952621 1.908974 2.997541
v -0.952621 1.908974 2.958540
v -0.951462 2.449120 3.261103
v -0.950592 3.053627 2.009363
v -0.950592 3.053627 -2.390409
v -0.949265 2.104126 3.075541
v -0.949265 2.104126 2.997541
v -0.948715 4.083839 -0.190474
v -0.948410 4.083839 -0.172850
v -0.948410 4.083839 -0.208189
v -0.948334 3.924568 0.760653
v -0.948334 3.924568 -1.141752
v -0.947556 3.964897 0.635927
v -0.947556 4.083839 -0.155149
v -0.947556 4.083839 -0.225889
v -0.947556 3.964897 -1.017057
v -0.946304 3.778786 1.105028
v -0.946304 3.778786 -1.485960
v -0.946152 4.083839 -0.137587
v -0.946152 4.083839 -0.243513
v -0.945602 2.438988 3.271166
v -0.944275 4.083839 -0.119963
v -0.944275 4.083839 -0.261061
v -0.944199 3.831367 0.996050
v -0.944199 3.831367 -1.377012
v -0.942963 4.060600 0.188219
v -0.942963 4.060600 -0.569166
v -0.941788 4.083839 -0.102491
v -0.941788 4.083839 -0.278532
v -0.941544 3.722237 1.213137
v -0.941544 3.722237 -1.594145
v -0.939835 4.032997 0.363558
v -0.939835 4.032997 -0.744505
v -0.939209 2.427902 3.279665
v -0.938751 3.530037 1.511324
v -0.938751 4.083839 -0.085020
v -0.938751 4.083839 -0.295927
v -0.938751 3.530037 -1.892363
v -0.935150 4.083839 -0.067701
v -0.935150 4.083839 -0.313322
v -0.934677 3.880043 0.886782
v -0.934677 3.880043 -1.267912
v -0.933289 3.384041 1.694010
v -0.933289 3.384041 -2.075041
v -0.932663 3.140739 1.939394
v -0.932663 3.140739 -2.320494
v -0.932571 4.001091 0.514330
v -0.932571 4.001091 -0.895369
v -0.932343 2.415817 3.286375
v -0.931015 4.083839 -0.050550
v -0.931015 4.083839 -0.330488
v -0.930786 4.060600 0.205462
v -0.930786 4.060600 -0.586561
v -0.929611 3.661934 1.319994
v -0.929611 3.661934 -1.701017
v -0.926346 4.083839 -0.033537
v -0.926346 4.083839 -0.347563
v -0.924942 2.403259 3.291288
v -0.922134 4.032997 0.380571
v -0.922134 4.032997 -0.761671
v -0.921265 3.964897 0.653261
v -0.921265 3.964897 -1.034269
v -0.921112 4.083839 -0.016539
v -0.921112 4.083839 -0.364500
v -0.918060 3.924568 0.777819
v -0.918060 4.060600 0.222460
v -0.918060 4.060600 -0.603407
v -0.918060 3.924568 -1.158903
v -0.917450 2.390083 3.294329
v -0.915421 4.083839 0.000154
v -0.915421 4.083839 -0.381269
v -0.913849 3.224907 1.866152
v -0.913849 3.224907 -2.247099
v -0.910736 3.597832 1.425066
v -0.910736 3.597831 -1.806089
v -0.910202 4.001091 0.531099
v -0.910202 4.001091 -0.912199
v -0.909714 2.376740 3.295267
v -0.909485 3.458839 1.612337
v -0.909485 3.458839 -1.993376
v -0.909180 4.083839 0.016695
v -0.909180 4.083839 -0.397718
v -0.906601 3.831367 1.012987
v -0.906601 3.831367 -1.394072
v -0.905365 3.778786 1.121950
v -0.905365 3.778786 -1.503080
v -0.904800 4.060600 0.238924
v -0.904800 4.060600 -0.619871
v -0.903870 4.032997 0.397173
v -0.903870 4.032997 -0.778135
v -0.902313 4.083839 0.033068
v -0.902313 4.083839 -0.414030
v -0.900589 3.880043 0.903551
v -0.900589 3.880043 -1.284575
v -0.897171 3.722237 1.229982
v -0.897171 3.722237 -1.610929
v -0.896225 2.963692 2.093126
v -0.896225 2.963691 -2.474150
v -0.895294 0.846691 2.997541
v -0.895294 0.846691 2.958540
v -0.895065 4.083839 0.049150
v -0.895065 4.083839 -0.430250
v -0.894516 3.964897 0.669634
v -0.894516 3.964897 -1.050718
v -0.894196 3.306190 1.789705
v -0.894196 3.306190 -2.170744
v -0.891159 4.060600 0.254992
v -0.891159 4.060600 -0.636091
v -0.887497 3.924568 0.794115
v -0.887497 3.924568 -1.175230
v -0.887344 4.083839 0.065050
v -0.887344 4.083839 -0.446074
v -0.887100 4.001091 0.547335
v -0.887100 4.001091 -0.928282
v -0.885147 4.032997 0.413164
v -0.885147 4.032997 -0.794188
v -0.884995 3.530037 1.527788
v -0.884995 3.530037 -1.908873
v -0.881958 3.661934 1.336290
v -0.881958 3.661934 -1.717314
v -0.881256 3.053627 2.026056
v -0.881256 3.053627 -2.406981
v -0.879074 4.083839 0.080645
v -0.879074 4.083839 -0.461760
v -0.876801 4.060600 0.270662
v -0.876801 4.060600 -0.651686
v -0.873764 3.384041 1.710306
v -0.873764 3.384041 -2.091276
v -0.870331 4.083839 0.095949
v -0.870331 4.083839 -0.477049
v -0.868546 3.831367 1.028734
v -0.868546 3.831367 -1.409849
v -0.867294 3.964897 0.685152
v -0.867294 3.964897 -1.066252
v -0.866516 2.021294 2.997541
v -0.866516 2.021294 2.958540
v -0.865967 3.880043 0.919146
v -0.865967 4.032997 0.428606
v -0.865967 4.032997 -0.809568
v -0.865967 3.880043 -1.300261
v -0.865494 3.140739 1.955462
v -0.865494 3.140739 -2.336546
v -0.863861 3.778786 1.137636
v -0.863861 3.778786 -1.518644
v -0.863785 4.001091 0.562609
v -0.863785 4.001091 -0.943724
v -0.862137 4.060600 0.285860
v -0.862137 4.060600 -0.666899
v -0.861053 4.083839 0.111071
v -0.861053 4.083839 -0.492094
v -0.859650 3.597832 1.440813
v -0.859650 3.597831 -1.821745
v -0.856293 3.924568 0.809328
v -0.856293 3.924568 -1.190428
v -0.852707 3.458839 1.627855
v -0.852707 3.458839 -2.008879
v -0.852234 3.722237 1.245272
v -0.852234 3.722237 -1.626280
v -0.851700 2.276352 3.295267
v -0.851700 2.276352 3.075541
v -0.851608 0.738190 2.997541
v -0.851608 0.738190 2.958540
v -0.851303 4.083839 0.125826
v -0.851303 4.083839 -0.506926
v -0.849045 3.224907 1.881746
v -0.849045 3.224907 -2.262785
v -0.846939 4.060600 0.300615
v -0.846939 4.060600 -0.681562
v -0.846313 4.032997 0.443361
v -0.846313 4.032997 -0.824308
v -0.841156 4.083839 0.140322
v -0.841156 4.083839 -0.521360
v -0.839920 4.001091 0.577272
v -0.839920 4.001091 -0.958387
v -0.839447 3.964897 0.699816
v -0.839447 3.964897 -1.080931
v -0.837036 4.102730 -0.190474
v -0.836884 4.102730 -0.176359
v -0.836884 4.102730 -0.204664
v -0.836166 4.102730 -0.162153
v -0.836166 4.102730 -0.218870
v -0.835068 4.102730 -0.147963
v -0.835068 4.102730 -0.232985
v -0.833679 3.661934 1.351198
v -0.833679 3.661934 -1.732237
v -0.833450 4.102730 -0.134001
v -0.833450 4.102730 -0.247099
v -0.831726 3.306190 1.804682
v -0.831726 3.306190 -2.185789
v -0.831482 4.102730 -0.119886
v -0.831482 4.102730 -0.261061
v -0.831329 4.060600 0.314898
v -0.831329 4.060600 -0.695845
v -0.830856 3.880043 0.933748
v -0.830856 3.880043 -1.314787
v -0.830795 3.530037 1.542681
v -0.830795 3.530037 -1.923704
v -0.830551 4.083839 0.154528
v -0.830551 4.083839 -0.535475
v -0.830002 3.831367 1.043337
v -0.830002 3.831367 -1.424345
v -0.828995 4.102730 -0.106001
v -0.828995 4.102730 -0.275099
v -0.826187 4.032997 0.457460
v -0.826187 4.102730 -0.092039
v -0.826187 4.102730 -0.288984
v -0.826187 4.032997 -0.838575
v -0.824707 3.924568 0.823671
v -0.824707 3.924568 -1.204710
v -0.824234 2.963692 2.107950
v -0.824234 2.963691 -2.489042
v -0.822830 4.102730 -0.078230
v -0.822830 4.102730 -0.302717
v -0.821976 3.778786 1.151979
v -0.821976 3.778786 -1.533018
v -0.819489 4.083839 0.168322
v -0.819489 4.083839 -0.549284
v -0.819168 4.102730 -0.064589
v -0.819168 4.102730 -0.316374
v -0.815582 4.001091 0.591249
v -0.815582 4.001091 -0.972258
v -0.815277 4.060600 0.328539
v -0.815277 4.060600 -0.709654
v -0.815033 4.102730 -0.051085
v -0.815033 4.102730 -0.329939
v -0.813782 3.384041 1.724657
v -0.813782 3.384041 -2.105680
v -0.812698 2.208809 3.075541
v -0.812698 2.208809 2.997541
v -0.811447 3.053627 2.040560
v -0.811447 3.053627 -2.421507
v -0.811295 3.964897 0.713778
v -0.811295 3.964897 -1.094725
v -0.810349 4.102730 -0.037672
v -0.810349 4.102730 -0.343443
v -0.808243 3.597832 1.454775
v -0.808243 3.597831 -1.835905
v -0.808090 4.083839 0.181658
v -0.808090 4.083839 -0.562773
v -0.806992 3.722237 1.259157
v -0.806992 3.722236 -1.640257
v -0.805603 4.032997 0.470964
v -0.805603 4.032997 -0.852003
v -0.805359 4.102730 -0.024412
v -0.805359 4.102730 -0.356688
v -0.799896 4.102730 -0.011229
v -0.799896 4.102730 -0.369719
v -0.798721 4.060600 0.341799
v -0.798721 4.060600 -0.722822
v -0.797882 3.140739 1.969500
v -0.797882 3.140739 -2.350523
v -0.796082 4.083839 0.194857
v -0.796082 4.083839 -0.575880
v -0.795380 3.458839 1.641672
v -0.795380 3.880043 0.947145
v -0.795380 3.880043 -1.328123
v -0.795380 3.458839 -2.022703
v -0.794128 4.102730 0.001726
v -0.794128 4.102730 -0.382658
v -0.792480 3.924568 0.836931
v -0.792480 3.924568 -1.217955
v -0.791000 3.831367 1.056658
v -0.791000 3.831367 -1.437773
v -0.790771 4.001091 0.604342
v -0.790771 4.001091 -0.985289
v -0.787888 4.102730 0.014421
v -0.787888 4.102730 -0.395384
v -0.785004 3.661934 1.364458
v -0.785004 3.661934 -1.745481
v -0.784622 4.032997 0.483904
v -0.784622 4.032997 -0.864866
v -0.783829 4.083839 0.207552
v -0.783829 4.083839 -0.588591
v -0.783600 3.224907 1.895327
v -0.783600 3.224907 -2.276274
v -0.782654 3.964897 0.726656
v -0.782654 3.964897 -1.107603
v -0.781799 4.060600 0.354509
v -0.781799 4.060600 -0.735533
v -0.781265 4.102730 0.026918
v -0.781265 4.102730 -0.407942
v -0.779617 3.778786 1.165010
v -0.779617 3.778786 -1.546049
v -0.776108 3.530037 1.555864
v -0.776108 3.530037 -1.936827
v -0.776031 0.910026 2.997541
v -0.776031 0.910026 2.958540
v -0.774170 4.102730 0.039156
v -0.774170 4.102730 -0.420256
v -0.771118 4.083839 0.219805
v -0.771118 4.083839 -0.600904
v -0.768860 3.306190 1.817713
v -0.768860 3.306190 -2.198820
v -0.767136 2.097572 2.997541
v -0.767136 2.097572 2.958540
v -0.766754 4.102730 0.051317
v -0.766754 4.102730 -0.432280
v -0.765579 4.001091 0.616671
v -0.765579 4.001091 -0.997709
v -0.764404 4.060600 0.366671
v -0.764404 4.060600 -0.747709
v -0.763153 4.032997 0.496080
v -0.763153 4.032997 -0.877119
v -0.761215 3.722237 1.271791
v -0.761215 3.722236 -1.652739
v -0.760132 3.924568 0.849184
v -0.760132 3.924568 -1.230284
v -0.759415 3.880043 0.959490
v -0.759415 3.880043 -1.340513
v -0.759033 4.102730 0.063189
v -0.759033 4.102730 -0.444120
v -0.758011 4.083839 0.231737
v -0.758011 4.083839 -0.612684
v -0.756378 3.597832 1.467333
v -0.756378 3.597831 -1.848387
v -0.754196 2.107483 2.997541
v -0.754196 2.107483 2.958540
v -0.753647 3.964897 0.738588
v -0.753647 3.964897 -1.119688
v -0.753494 3.384041 1.737139
v -0.753494 3.384041 -2.118162
v -0.751785 2.963692 2.120668
v -0.751785 2.963691 -2.501768
v -0.751694 3.831367 1.068758
v -0.751694 3.831367 -1.449766
v -0.750916 4.102730 0.074800
v -0.750916 4.102730 -0.455763
v -0.750366 1.952110 2.997541
v -0.750366 1.952110 2.958540
v -0.746780 4.060600 0.378298
v -0.746780 4.060600 -0.759336
v -0.744598 4.083839 0.243196
v -0.744598 4.083839 -0.624235
v -0.742340 4.102730 0.086123
v -0.742340 4.102730 -0.467131
v -0.741486 4.032997 0.507555
v -0.741486 4.032997 -0.888655
v -0.741013 3.053627 2.052805
v -0.741013 3.053627 -2.433744
v -0.740067 4.001091 0.628145
v -0.740067 4.001091 -1.009245
v -0.737579 3.458839 1.653597
v -0.737579 3.458839 -2.034636
v -0.736801 3.778786 1.176699
v -0.736801 3.778786 -1.557829
v -0.736023 3.661934 1.376223
v -0.736023 3.661934 -1.757261
v -0.734543 2.575951 3.178267
v -0.734543 2.575951 3.075541
v -0.734222 2.575020 3.193632
v -0.733521 4.102730 0.097200
v -0.733521 4.102730 -0.478132
v -0.733444 2.572212 3.208609
v -0.732117 2.567299 3.223040
v -0.730789 4.083839 0.254274
v -0.730789 4.083839 -0.635313
v -0.730392 2.560738 3.236845
v -0.729706 3.140739 1.981432
v -0.729706 3.140739 -2.362486
v -0.728760 4.060600 0.389376
v -0.728760 4.060600 -0.770323
v -0.728226 2.552467 3.249559
v -0.727203 3.924568 0.860506
v -0.727203 3.924568 -1.241453
v -0.725647 2.542641 3.261103
v -0.724716 4.117073 -0.190474
v -0.724625 4.117073 -0.179869
v -0.724625 4.117073 -0.201155
v -0.724319 3.964897 0.749727
v -0.724319 4.102730 0.107958
v -0.724319 4.102730 -0.488981
v -0.724319 3.964897 -1.130766
v -0.724091 4.117073 -0.169188
v -0.724091 4.117073 -0.211760
v -0.723297 4.117073 -0.158659
v -0.723297 4.117073 -0.222380
v -0.723145 3.880043 0.970644
v -0.723145 3.880043 -1.351591
v -0.722610 2.531410 3.271166
v -0.722137 4.117073 -0.147963
v -0.722137 4.117073 -0.232985
v -0.721039 3.530037 1.567255
v -0.721039 3.530037 -1.948210
v -0.720566 4.117073 -0.137434
v -0.720566 4.117073 -0.243589
v -0.719330 4.032997 0.518465
v -0.719330 4.032997 -0.899412
v -0.719162 2.519089 3.279665
v -0.718781 4.117073 -0.127058
v -0.718781 4.117073 -0.254042
v -0.717926 3.224907 1.906710
v -0.717926 3.224907 -2.287748
v -0.716599 4.083839 0.264894
v -0.716599 4.117073 -0.116606
v -0.716599 4.117073 -0.264418
v -0.716599 4.083839 -0.645918
v -0.715576 2.505669 3.286375
v -0.715042 3.722237 1.282717
v -0.715042 3.722236 -1.663816
v -0.714722 4.102730 0.118486
v -0.714722 4.102730 -0.499434
v -0.714188 4.001091 0.638903
v -0.714188 4.001091 -1.019926
v -0.714096 4.117073 -0.106153
v -0.714096 4.117073 -0.274794
v -0.711914 3.831367 1.079607
v -0.711914 3.831367 -1.460691
v -0.711838 2.491554 3.291288
v -0.711365 4.117073 -0.095930
v -0.711365 4.117073 -0.285093
v -0.710510 0.813148 2.997541
v -0.710510 0.813148 2.958540
v -0.710281 4.060600 0.399828
v -0.710281 4.060600 -0.780851
v -0.708252 4.117073 -0.085722
v -0.708252 4.117073 -0.295301
v -0.707947 2.476891 3.294329
v -0.705597 3.306190 1.828783
v -0.705597 3.306190 -2.209745
v -0.704895 4.102730 0.128542
v -0.704895 4.102730 -0.509657
v -0.704742 4.117073 -0.075651
v -0.704742 4.117073 -0.305296
v -0.704117 3.597832 1.478182
v -0.704117 3.597831 -1.859129
v -0.703964 2.461990 3.295267
v -0.702164 4.083839 0.275026
v -0.702164 4.083839 -0.656050
v -0.700912 4.117073 -0.065672
v -0.700912 4.117073 -0.315275
v -0.696945 4.032997 0.528536
v -0.696945 4.117073 -0.055845
v -0.696945 4.117073 -0.325178
v -0.696945 4.032997 -0.909559
v -0.696075 0.825317 2.997541
v -0.696075 0.825317 2.958540
v -0.694748 4.102730 0.138460
v -0.694748 4.102730 -0.519484
v -0.694519 3.964897 0.759874
v -0.694519 3.964897 -1.140989
v -0.694138 3.924568 0.870714
v -0.694138 3.924568 -1.251677
v -0.693665 3.778786 1.186998
v -0.693665 3.778786 -1.568113
v -0.692810 3.384041 1.747751
v -0.692810 3.384041 -2.128691
v -0.692490 4.117073 -0.046247
v -0.692490 4.117073 -0.334852
v -0.691635 4.060600 0.409655
v -0.691635 4.060600 -0.790770
v -0.687881 4.001091 0.648806
v -0.687881 4.001091 -1.029844
v -0.687820 4.117073 -0.036650
v -0.687820 4.117073 -0.344358
v -0.687347 4.083839 0.284777
v -0.687347 4.083839 -0.665815
v -0.686646 3.661934 1.386446
v -0.686646 3.661934 -1.767546
v -0.686493 3.880043 0.980623
v -0.686493 3.880043 -1.361723
v -0.684235 4.102730 0.148043
v -0.684235 4.102730 -0.529066
v -0.682816 4.117073 -0.027220
v -0.682816 4.117073 -0.353895
v -0.680328 2.045784 2.997541
v -0.680328 2.045784 2.958540
v -0.679459 3.458839 1.663660
v -0.679459 3.458839 -2.044767
v -0.679077 2.963692 2.131044
v -0.679077 2.963691 -2.512083
v -0.677597 4.117073 -0.017942
v -0.677597 4.117073 -0.363096
v -0.674240 4.032997 0.537966
v -0.674240 4.032997 -0.918913
v -0.673935 2.350067 3.295267
v -0.673935 2.350067 3.075541
v -0.673462 4.102730 0.157259
v -0.673462 4.102730 -0.538206
v -0.672607 0.997150 2.997541
v -0.672607 0.997150 2.958540
v -0.672607 4.060600 0.419008
v -0.672607 4.060600 -0.800123
v -0.672302 4.083839 0.293993
v -0.672302 4.083839 -0.675093
v -0.672058 4.117073 -0.008818
v -0.672058 4.117073 -0.372206
v -0.671829 3.831367 1.089281
v -0.671829 3.831367 -1.470304
v -0.670425 3.053627 2.062792
v -0.670425 3.053627 -2.443876
v -0.668701 3.722237 1.292391
v -0.668701 3.722236 -1.673491
v -0.666214 4.117073 0.000078
v -0.666214 4.117073 -0.381102
v -0.665741 3.530037 1.576921
v -0.665741 3.530037 -1.957884
v -0.664581 3.964897 0.769167
v -0.664581 3.964897 -1.150175
v -0.663956 0.233922 2.958540
v -0.662384 4.102730 0.166063
v -0.662384 4.102730 -0.547087
v -0.661377 3.140739 1.991106
v -0.661377 4.001091 0.657930
v -0.661377 4.001091 -1.038969
v -0.661377 3.140739 -2.372129
v -0.660660 3.924568 0.879839
v -0.660660 3.924568 -1.260862
v -0.659958 4.117073 0.008730
v -0.659958 4.117073 -0.389845
v -0.659348 2.753242 -3.456572
v -0.656921 4.083839 0.302797
v -0.656921 4.083839 -0.683744
v -0.653732 2.274643 3.075541
v -0.653732 2.274643 2.997541
v -0.653732 4.117073 0.017244
v -0.653732 4.117073 -0.398268
v -0.653336 4.060600 0.427752
v -0.653336 4.060600 -0.808790
v -0.651932 3.224907 1.916147
v -0.651932 3.224907 -2.297087
v -0.651550 3.597832 1.487307
v -0.651550 3.597831 -1.868315
v -0.651382 1.860229 2.997541
v -0.651382 1.860229 2.958540
v -0.651230 4.032997 0.546709
v -0.651230 4.032997 -0.927656
v -0.651077 4.102730 0.174639
v -0.651077 4.102730 -0.555601
v -0.650299 3.778786 1.196047
v -0.650299 3.778786 -1.577085
v -0.649597 3.880043 0.989580
v -0.649597 3.880043 -1.370543
v -0.646942 4.117073 0.025591
v -0.646942 4.117073 -0.406614
v -0.641953 3.306190 1.837831
v -0.641953 3.306190 -2.218870
v -0.641327 4.083839 0.311068
v -0.641327 4.083839 -0.692015
v -0.640152 4.117073 0.033617
v -0.640152 4.117073 -0.414640
v -0.639450 4.102730 0.182756
v -0.639450 4.102730 -0.563704
v -0.636948 3.661934 1.395189
v -0.636948 3.661934 -1.776152
v -0.634689 4.001091 0.666201
v -0.634689 4.001091 -1.047148
v -0.634232 3.964897 0.777422
v -0.634232 3.964897 -1.158445
v -0.633835 4.060600 0.435869
v -0.633835 4.060600 -0.816969
v -0.632980 4.117073 0.041582
v -0.632980 4.117073 -0.422606
v -0.631729 3.384041 1.756479
v -0.631729 3.384041 -2.137419
v -0.631577 3.831367 1.097628
v -0.631577 3.831367 -1.478727
v -0.627838 4.032997 0.554583
v -0.627838 4.032997 -0.935698
v -0.627609 4.102730 0.190477
v -0.627609 4.102730 -0.571577
v -0.626892 3.924568 0.887957
v -0.626892 3.924568 -1.268919
v -0.625488 4.083839 0.318789
v -0.625488 4.117073 0.049150
v -0.625488 4.117073 -0.430250
v -0.625488 4.083839 -0.699812
v -0.623474 2.161690 2.997541
v -0.623474 2.161690 2.958540
v -0.621979 3.722237 1.300570
v -0.621979 3.722236 -1.681608
v -0.621124 3.458839 1.672091
v -0.621124 3.458839 -2.053038
v -0.617859 4.117073 0.056627
v -0.617859 4.117073 -0.437590
v -0.615433 4.102730 0.197969
v -0.615433 4.102730 -0.578917
v -0.613953 4.060600 0.443361
v -0.613953 4.060600 -0.824308
v -0.612320 3.880043 0.997149
v -0.612320 3.880043 -1.378172
v -0.612000 4.127052 -0.190474
v -0.611832 4.127052 -0.183378
v -0.611832 4.127052 -0.197660
v -0.611542 4.127052 -0.176359
v -0.611542 4.127052 -0.204664
v -0.610977 4.127052 -0.169188
v -0.610977 4.127052 -0.211760
v -0.610291 4.127052 -0.162153
v -0.610291 4.127052 -0.218870
v -0.610046 3.530037 1.584810
v -0.610046 3.530037 -1.965757
v -0.609894 4.117073 0.063814
v -0.609894 4.117073 -0.444746
v -0.609344 4.083839 0.326052
v -0.609344 4.083839 -0.707151
v -0.609268 4.127052 -0.155149
v -0.609268 4.127052 -0.225889
v -0.608093 4.127052 -0.148115
v -0.608093 4.127052 -0.232985
v -0.607620 4.001091 0.673525
v -0.607620 4.001091 -1.054472
v -0.606537 0.900589 2.997541
v -0.606537 0.900589 2.958540
v -0.606537 3.778786 1.203707
v -0.606537 4.127052 -0.141188
v -0.606537 4.127052 -0.239927
v -0.606537 3.778786 -1.584745
v -0.605988 2.963692 2.139071
v -0.605988 2.963691 -2.520109
v -0.604904 4.127052 -0.134230
v -0.604904 4.127052 -0.246717
v -0.604355 4.032997 0.561907
v -0.604355 4.032997 -0.942869
v -0.603729 3.964897 0.784761
v -0.603729 3.964897 -1.165709
v -0.603195 4.102730 0.204897
v -0.603195 4.102730 -0.586012
v -0.603104 4.127052 -0.127363
v -0.603104 4.127052 -0.253569
v -0.601868 4.117073 0.070665
v -0.601868 4.117073 -0.451689
v -0.600922 4.127052 -0.120665
v -0.600922 4.127052 -0.260435
v -0.599518 3.053627 2.070589
v -0.599518 3.053627 -2.451689
v -0.598740 3.597832 1.494783
v -0.598740 3.597831 -1.875822
v -0.598663 4.127052 -0.113890
v -0.598663 4.127052 -0.267149
v -0.596085 4.127052 -0.107252
v -0.596085 4.127052 -0.273787
v -0.593979 4.060600 0.450212
v -0.593979 4.060600 -0.831251
v -0.593521 4.117073 0.077379
v -0.593521 4.117073 -0.458326
v -0.593430 4.127052 -0.100615
v -0.593430 4.127052 -0.280409
v -0.592957 4.083839 0.332903
v -0.592957 4.083839 -0.713865
v -0.592880 3.924568 0.894976
v -0.592880 3.924568 -1.275999
v -0.592728 3.140739 1.998674
v -0.592728 3.140739 -2.379759
v -0.590942 3.831367 1.104708
v -0.590942 3.831367 -1.485746
v -0.590714 4.102730 0.211535
v -0.590714 4.102730 -0.592649
v -0.590469 4.127052 -0.094221
v -0.590469 4.127052 -0.286802
v -0.589844 1.103935 2.997541
v -0.589844 1.103935 2.958540
v -0.588211 0.916111 2.997541
v -0.588211 0.916111 2.958540
v -0.587357 4.127052 -0.087828
v -0.587357 4.127052 -0.293196
v -0.587036 3.661934 1.402208
v -0.587036 3.661934 -1.783323
v -0.585556 3.224907 1.923403
v -0.585556 3.224907 -2.304502
v -0.585007 4.117073 0.083696
v -0.585007 4.117073 -0.464811
v -0.584076 4.127052 -0.081511
v -0.584076 4.127052 -0.299528
v -0.583527 2.652000 3.075541
v -0.580566 4.032997 0.568316
v -0.580566 4.032997 -0.949339
v -0.580490 4.127052 -0.075346
v -0.580490 4.127052 -0.305754
v -0.580399 4.001091 0.680086
v -0.580399 4.001091 -1.061125
v -0.578217 3.306190 1.844858
v -0.578217 3.306190 -2.225950
v -0.577911 4.102730 0.217852
v -0.577911 4.102730 -0.598814
v -0.577438 2.753242 -3.456572
v -0.576813 4.127052 -0.069258
v -0.576813 4.127052 -0.311689
v -0.576431 4.083839 0.339067
v -0.576431 4.083839 -0.720182
v -0.576355 4.117073 0.089861
v -0.576355 4.117073 -0.470961
v -0.574951 3.722237 1.307283
v -0.574951 3.880043 1.003786
v -0.574951 3.880043 -1.384733
v -0.574951 3.722236 -1.688231
v -0.573929 1.749382 2.997541
v -0.573929 1.749382 2.958540
v -0.573776 4.060600 0.456377
v -0.573776 4.060600 -0.837492
v -0.572998 3.964897 0.791079
v -0.572998 3.964897 -1.172178
v -0.572845 4.127052 -0.063414
v -0.572845 4.127052 -0.317686
v -0.570496 3.384041 1.763186
v -0.570496 3.384041 -2.144316
v -0.568863 4.127052 -0.057493
v -0.568863 4.127052 -0.323545
v -0.567459 4.117073 0.095781
v -0.567459 4.117073 -0.476744
v -0.565033 4.102730 0.223619
v -0.565033 4.102730 -0.604658
v -0.564499 4.127052 -0.051878
v -0.564499 4.127052 -0.329161
v -0.563248 1.937050 2.997541
v -0.563248 1.937050 2.958540
v -0.562714 3.778786 1.209932
v -0.562714 3.778786 -1.591063
v -0.562469 3.458839 1.678484
v -0.562469 3.458839 -2.059507
v -0.560043 4.127052 -0.046339
v -0.560043 4.127052 -0.334700
v -0.559738 4.083839 0.344835
v -0.559738 4.083839 -0.725859
v -0.558655 3.924568 0.900896
v -0.558655 3.924568 -1.282011
v -0.558334 4.117073 0.101320
v -0.558334 4.117073 -0.482359
v -0.556686 4.032997 0.574083
v -0.556686 4.032997 -0.955107
v -0.555527 4.127052 -0.040876
v -0.555527 4.127052 -0.340162
v -0.554199 3.530037 1.590883
v -0.554199 3.530037 -1.972013
v -0.553345 4.060600 0.462084
v -0.553345 4.060600 -0.843016
v -0.552872 4.001091 0.685701
v -0.552872 4.001091 -1.066801
v -0.551941 4.102730 0.229006
v -0.551941 4.102730 -0.610106
v -0.550690 4.127052 -0.035643
v -0.550690 4.127052 -0.345381
v -0.550156 3.831367 1.110476
v -0.550156 3.831367 -1.491514
v -0.549057 4.117073 0.106554
v -0.549057 4.117073 -0.487577
v -0.545700 4.127052 -0.030577
v -0.545700 4.127052 -0.350462
v -0.545624 3.597832 1.500643
v -0.545624 3.597831 -1.881742
v -0.542816 4.083839 0.350069
v -0.542816 4.083839 -0.731016
v -0.542114 3.964897 0.796541
v -0.542114 3.964897 -1.177580
v -0.540634 4.127052 -0.025587
v -0.540634 4.127052 -0.355436
v -0.539612 4.117073 0.111544
v -0.539612 4.117073 -0.492567
v -0.538681 4.102730 0.234087
v -0.538681 4.102730 -0.615110
v -0.537354 3.880043 1.009081
v -0.537354 3.880043 -1.390196
v -0.536804 3.661934 1.407747
v -0.536804 3.661934 -1.788847
v -0.535400 4.127052 -0.020826
v -0.535400 4.127052 -0.360289
v -0.532669 2.963692 2.144846
v -0.532669 4.060600 0.466906
v -0.532669 4.060600 -0.848021
v -0.532669 2.963691 -2.525877
v -0.532593 4.032997 0.579073
v -0.532593 4.032997 -0.960112
v -0.531342 1.225693 2.997541
v -0.531342 1.225693 2.958540
v -0.530090 4.117073 0.116137
v -0.530090 4.117073 -0.497252
v -0.529953 4.127052 -0.016233
v -0.529953 4.127052 -0.364805
v -0.528305 3.053627 2.076281
v -0.528305 3.053627 -2.457304
v -0.527908 3.722237 1.312426
v -0.527908 3.722236 -1.693449
v -0.525742 4.083839 0.354738
v -0.525742 4.083839 -0.735685
v -0.525253 4.001091 0.690615
v -0.525253 4.001091 -1.071562
v -0.525192 4.102730 0.238680
v -0.525192 4.102730 -0.619627
v -0.524399 4.127052 -0.011778
v -0.524399 4.127052 -0.369261
v -0.524338 3.924568 0.905825
v -0.524338 3.924568 -1.286833
v -0.523865 3.140739 2.004137
v -0.523865 3.140739 -2.385221
v -0.521606 1.624893 2.997541
v -0.521606 1.624893 2.958540
v -0.520416 4.117073 0.120668
v -0.520416 4.117073 -0.501692
v -0.519104 3.224907 1.928629
v -0.519104 3.224907 -2.309721
v -0.518784 4.127052 -0.007414
v -0.518784 4.127052 -0.373533
v -0.518707 3.778786 1.214861
v -0.518707 3.778786 -1.595793
v -0.514099 3.306190 1.849932
v -0.514099 3.306190 -2.230955
v -0.512939 4.127052 -0.003431
v -0.512939 4.127052 -0.377668
v -0.512085 4.060600 0.471285
v -0.512085 4.060600 -0.852232
v -0.511688 4.102730 0.242815
v -0.511688 4.102730 -0.623930
v -0.511063 3.964897 0.800982
v -0.511063 3.964897 -1.181913
v -0.510590 4.117073 0.124651
v -0.510590 4.117073 -0.505751
v -0.509201 3.831367 1.115007
v -0.509201 3.831367 -1.496122
v -0.509048 3.384041 1.767946
v -0.509048 3.384041 -2.149076
v -0.508575 4.083839 0.358873
v -0.508575 4.083839 -0.739836
v -0.508347 4.032997 0.583284
v -0.508347 4.032997 -0.964323
v -0.507095 4.127052 0.000475
v -0.507095 4.127052 -0.381575
v -0.503647 3.458839 1.683161
v -0.503647 3.458839 -2.064177
v -0.501007 4.127052 0.004213
v -0.501007 4.127052 -0.385237
v -0.500626 4.117073 0.128466
v -0.500626 4.117073 -0.509504
v -0.499756 1.357048 2.997541
v -0.499756 1.357048 2.958540
v -0.499527 3.880043 1.013216
v -0.499527 3.880043 -1.394346
v -0.498123 3.530037 1.595339
v -0.498123 3.530037 -1.976439
v -0.498047 4.102730 0.246553
v -0.498047 4.102730 -0.627577
v -0.497574 4.001091 0.694521
v -0.497574 4.001091 -1.075529
v -0.496399 1.492218 2.997541
v -0.496399 1.492218 2.958540
v -0.494766 4.127052 0.007799
v -0.494766 4.127052 -0.388838
v -0.492493 3.597832 1.504854
v -0.492493 3.597831 -1.885801
v -0.491333 4.083839 0.362459
v -0.491333 4.083839 -0.743406
v -0.491180 4.060600 0.474871
v -0.491180 4.060600 -0.855970
v -0.490555 4.117073 0.131899
v -0.490555 4.117073 -0.512846
v -0.490326 1.042393 2.997541
v -0.490326 1.042393 2.958540
v -0.489761 3.924568 0.909639
v -0.489761 3.924568 -1.290678
v -0.488449 4.127052 0.010988
v -0.488449 4.127052 -0.392103
v -0.486649 3.661934 1.411654
v -0.486649 3.661934 -1.792753
v -0.484238 4.102730 0.249910
v -0.484238 4.102730 -0.630934
v -0.483994 4.032997 0.586794
v -0.483994 4.032997 -0.967833
v -0.483139 2.375099 3.295267
v -0.483139 2.491165 3.295267
v -0.483139 2.506447 3.294329
v -0.483139 2.521660 3.291288
v -0.483139 2.536247 3.286375
v -0.483139 2.550133 3.279665
v -0.483139 2.562920 3.271166
v -0.483139 2.574547 3.261103
v -0.483139 2.584679 3.249559
v -0.483139 2.593269 3.236845
v -0.483139 2.600060 3.223040
v -0.483139 2.605125 3.208609
v -0.483139 2.608162 3.193632
v -0.483139 2.609108 3.178267
v -0.483139 2.297096 3.075541
v -0.483139 2.375099 3.075541
v -0.483139 2.609108 3.075541
v -0.483139 2.180107 2.997541
v -0.483139 2.297096 2.997541
v -0.483139 2.180107 2.958540
v -0.482040 4.127052 0.014193
v -0.482040 4.127052 -0.395231
v -0.480560 3.722237 1.316164
v -0.480560 3.722236 -1.697111
v -0.480331 4.117073 0.135103
v -0.480331 4.117073 -0.516050
v -0.479782 3.964897 0.804338
v -0.479782 3.964897 -1.185362
v -0.475662 4.127052 0.017092
v -0.475662 4.127052 -0.398191
v -0.474487 3.778786 1.218370
v -0.474487 3.778786 -1.599333
v -0.473785 4.083839 0.365511
v -0.473785 4.083839 -0.746458
v -0.471588 1.806015 2.997541
v -0.471588 1.806015 2.958540
v -0.470352 4.102730 0.252718
v -0.470352 4.102730 -0.633818
v -0.470200 4.060600 0.477831
v -0.470200 4.060600 -0.858854
v -0.470108 4.117073 0.137835
v -0.470108 4.117073 -0.518858
v -0.469650 4.001091 0.697557
v -0.469650 4.001091 -1.078581
v -0.469025 4.127052 0.019823
v -0.469025 4.127052 -0.400923
v -0.468170 3.831367 1.118288
v -0.468170 3.831367 -1.499296
v -0.463791 2.652000 -3.456572
v -0.462387 4.127052 0.022310
v -0.462387 4.127052 -0.403425
v -0.461624 3.880043 1.016268
v -0.461624 3.880043 -1.397215
v -0.459671 4.117073 0.140322
v -0.459671 4.117073 -0.521360
v -0.459518 4.032997 0.589449
v -0.459518 4.032997 -0.970549
v -0.459274 2.963692 2.148272
v -0.459274 2.963691 -2.529387
v -0.457092 3.053627 2.079638
v -0.457092 3.053627 -2.460661
v -0.456467 4.102730 0.255220
v -0.456467 4.102730 -0.636320
v -0.456314 4.083839 0.368013
v -0.456314 4.083839 -0.748945
v -0.455688 4.127052 0.024721
v -0.455688 4.127052 -0.405684
v -0.455139 3.924568 0.912447
v -0.455139 3.924568 -1.293394
v -0.454987 1.766701 2.997541
v -0.454987 1.766701 2.958540
v -0.454819 3.140739 2.007410
v -0.454819 3.140739 -2.388456
v -0.452484 3.224907 1.931826
v -0.452484 3.224907 -2.312864
v -0.449982 3.306190 1.852968
v -0.449982 3.306190 -2.234007
v -0.449280 4.117073 0.142504
v -0.449280 4.117073 -0.523542
v -0.449127 4.060600 0.480165
v -0.449127 4.060600 -0.861265
v -0.448898 4.127052 0.026751
v -0.448898 4.127052 -0.407698
v -0.448502 3.964897 0.806826
v -0.448502 3.964897 -1.187925
v -0.447418 3.384041 1.770914
v -0.447418 3.384041 -2.151945
v -0.444687 3.458839 1.685968
v -0.444687 3.458839 -2.066923
v -0.442276 4.102730 0.257158
v -0.442276 4.102730 -0.638273
v -0.442123 4.127052 0.028627
v -0.442123 4.127052 -0.409666
v -0.441956 3.530037 1.597986
v -0.441956 3.530037 -1.979002
v -0.441803 4.001091 0.699816
v -0.441803 4.001091 -1.080778
v -0.439148 3.597832 1.507341
v -0.439148 3.597831 -1.888456
v -0.438828 4.117073 0.144304
v -0.438828 4.117073 -0.525404
v -0.438766 4.083839 0.369967
v -0.438766 4.083839 -0.750914
v -0.436188 3.661934 1.414064
v -0.436188 3.661934 -1.795164
v -0.435181 4.127052 0.030275
v -0.435181 4.127052 -0.411299
v -0.434937 4.032997 0.591402
v -0.434937 4.032997 -0.972349
v -0.433151 3.722237 1.318361
v -0.433151 3.722236 -1.699461
v -0.430099 3.778786 1.220385
v -0.430099 3.778786 -1.601439
v -0.428314 4.102730 0.258806
v -0.428314 4.117073 0.145861
v -0.428314 4.117073 -0.526899
v -0.428314 4.102730 -0.639753
v -0.428146 4.127052 0.031755
v -0.428146 4.127052 -0.412687
v -0.428085 4.060600 0.481813
v -0.428085 4.060600 -0.862913
v -0.426987 3.831367 1.120241
v -0.426987 3.831367 -1.501188
v -0.423706 3.880043 1.017977
v -0.423706 3.880043 -1.399076
v -0.421143 1.186539 2.997541
v -0.421143 1.186539 2.958540
v -0.421143 4.083839 0.371202
v -0.421143 4.127052 0.033007
v -0.421143 4.127052 -0.414030
v -0.421143 4.083839 -0.752302
v -0.420517 3.924568 0.914080
v -0.420517 3.924568 -1.295012
v -0.419800 1.191841 2.997541
v -0.419800 1.191841 2.958540
v -0.417633 4.117073 0.147036
v -0.417633 4.117073 -0.527983
v -0.417221 3.964897 0.808382
v -0.417221 3.964897 -1.189360
v -0.414185 4.102730 0.259890
v -0.414185 4.127052 0.033922
v -0.414185 4.127052 -0.415037
v -0.414185 4.102730 -0.640928
v -0.413879 4.001091 0.701143
v -0.413879 4.001091 -1.082090
v -0.410370 4.032997 0.592485
v -0.410370 4.032997 -0.973600
v -0.409500 1.658745 2.997541
v -0.409500 1.658745 2.958540
v -0.407089 4.117073 0.147814
v -0.407089 4.127052 0.034700
v -0.407089 4.127052 -0.415739
v -0.407089 4.117073 -0.528837
v -0.406860 4.060600 0.482821
v -0.406860 4.060600 -0.863844
v -0.403427 4.083839 0.372133
v -0.403427 4.083839 -0.753172
v -0.399918 4.102730 0.260530
v -0.399918 4.127052 0.035265
v -0.399918 4.127052 -0.416288
v -0.399918 4.102730 -0.641630
v -0.396484 4.117073 0.148348
v -0.396484 4.117073 -0.529387
v -0.392899 4.127052 0.035570
v -0.392899 4.127052 -0.416670
v -0.392426 1.305565 2.997541
v -0.392426 1.305565 2.958540
v -0.392044 -0.000078 -3.456572
v -0.385803 2.652000 3.075541
v -0.385803 2.694832 3.075541
v -0.385803 2.737724 3.075541
v -0.385803 2.768684 3.075541
v -0.385803 2.768684 2.880541
v -0.385803 2.963692 2.802538
v -0.385803 2.963692 2.149446
v -0.385803 3.053627 2.080729
v -0.385803 3.140739 2.008501
v -0.385803 3.224907 1.932917
v -0.385803 3.306190 1.853907
v -0.385803 3.384041 1.771929
v -0.385803 3.458839 1.686831
v -0.385803 3.530037 1.598848
v -0.385803 3.597832 1.508287
v -0.385803 3.661934 1.414919
v -0.385803 3.722237 1.319139
v -0.385803 3.778786 1.221010
v -0.385803 3.831367 1.120867
v -0.385803 3.880043 1.018679
v -0.385803 3.924568 0.914629
v -0.385803 3.964897 0.808794
v -0.385803 4.001091 0.701616
v -0.385803 4.032997 0.592958
v -0.385803 4.060600 0.483126
v -0.385803 4.083839 0.372454
v -0.385803 4.102730 0.260744
v -0.385803 4.117073 0.148439
v -0.385803 4.127052 0.035723
v -0.385803 4.127052 -0.416761
v -0.385803 4.117073 -0.529539
v -0.385803 4.102730 -0.641859
v -0.385803 4.083839 -0.753401
v -0.385803 4.060600 -0.864164
v -0.385803 4.032997 -0.973982
v -0.385803 4.001091 -1.082548
v -0.385803 3.964897 -1.189878
v -0.385803 3.924568 -1.295561
v -0.385803 3.880043 -1.399626
v -0.385803 3.831367 -1.501799
v -0.385803 3.778786 -1.602110
v -0.385803 3.722236 -1.700163
v -0.385803 3.661934 -1.795866
v -0.385803 3.597831 -1.889219
v -0.385803 3.530037 -1.979887
v -0.385803 3.458839 -2.067930
v -0.385803 3.384041 -2.152952
v -0.385803 3.306190 -2.234953
v -0.385803 3.224907 -2.313871
v -0.385803 3.140739 -2.389524
v -0.385803 3.053627 -2.461760
v -0.385803 2.963691 -2.530546
v -0.385803 2.963692 -3.183653
v -0.385803 2.768684 -3.261656
v -0.385803 2.652000 -3.456572
v -0.385803 2.694832 -3.456572
v -0.385803 2.737724 -3.456572
v -0.385803 2.768684 -3.456572
v -0.383774 1.341835 2.997541
v -0.383774 1.341835 2.958540
v -0.379868 1.501655 2.997541
v -0.379868 1.501655 2.958540
v -0.378616 4.127052 0.035570
v -0.378616 4.127052 -0.416670
v -0.375183 4.117073 0.148348
v -0.375183 4.117073 -0.529387
v -0.371613 4.102730 0.260530
v -0.371613 4.127052 0.035265
v -0.371613 4.127052 -0.416288
v -0.371613 4.102730 -0.641630
v -0.368088 4.083839 0.372133
v -0.368088 4.083839 -0.753172
v -0.364670 4.060600 0.482821
v -0.364670 4.060600 -0.863844
v -0.364502 4.117073 0.147814
v -0.364502 4.127052 0.034700
v -0.364502 4.127052 -0.415739
v -0.364502 4.117073 -0.528837
v -0.361145 4.032997 0.592485
v -0.361145 4.032997 -0.973600
v -0.357788 4.001091 0.701143
v -0.357788 4.001091 -1.082090
v -0.357483 4.102730 0.259890
v -0.357483 4.127052 0.033922
v -0.357483 4.127052 -0.415037
v -0.357483 4.102730 -0.640928
v -0.354431 3.964897 0.808382
v -0.354431 3.964897 -1.189360
v -0.353897 4.117073 0.147036
v -0.353897 4.117073 -0.527983
v -0.351089 3.924568 0.914080
v -0.351089 3.924568 -1.295012
v -0.350388 4.083839 0.371202
v -0.350388 4.127052 0.033007
v -0.350388 4.127052 -0.414030
v -0.350388 4.083839 -0.752302
v -0.347809 3.880043 1.017977
v -0.347809 3.880043 -1.399076
v -0.346802 2.866112 2.841539
v -0.346802 2.866112 -3.222654
v -0.344543 3.831367 1.120241
v -0.344543 3.831367 -1.501188
v -0.343445 4.060600 0.481813
v -0.343445 4.060600 -0.862913
v -0.343369 4.102730 0.258806
v -0.343369 4.127052 0.031755
v -0.343369 4.127052 -0.412687
v -0.343369 4.102730 -0.639753
v -0.343216 4.117073 0.145861
v -0.343216 4.117073 -0.526899
v -0.342819 2.161690 2.997541
v -0.342819 2.161690 2.958540
v -0.341415 3.778786 1.220385
v -0.341415 3.778786 -1.601439
v -0.338379 3.722237 1.318361
v -0.338379 3.722236 -1.699461
v -0.336578 4.032997 0.591402
v -0.336578 4.032997 -0.972349
v -0.336426 4.127052 0.030275
v -0.336426 4.127052 -0.411299
v -0.335342 3.661934 1.414064
v -0.335342 3.661934 -1.795164
v -0.332825 4.083839 0.369967
v -0.332825 4.083839 -0.750914
v -0.332687 4.117073 0.144304
v -0.332687 4.117073 -0.525404
v -0.332367 3.597832 1.507341
v -0.332367 3.597831 -1.888456
v -0.329788 4.001091 0.699816
v -0.329788 4.001091 -1.080778
v -0.329559 3.530037 1.597986
v -0.329559 4.127052 0.028627
v -0.329559 4.127052 -0.409666
v -0.329559 3.530037 -1.979002
v -0.329239 4.102730 0.257158
v -0.329239 4.102730 -0.638273
v -0.326828 3.458839 1.685968
v -0.326828 3.458839 -2.066923
v -0.324097 3.384041 1.770914
v -0.324097 3.384041 -2.151945
v -0.322998 3.964897 0.806826
v -0.322998 3.964897 -1.187925
v -0.322693 4.127052 0.026751
v -0.322693 4.127052 -0.407698
v -0.322372 4.060600 0.480165
v -0.322372 4.060600 -0.861265
v -0.322311 4.117073 0.142504
v -0.322311 4.117073 -0.523542
v -0.321518 3.306190 1.852968
v -0.321518 3.306190 -2.234007
v -0.319107 3.224907 1.931826
v -0.319107 3.224907 -2.312864
v -0.316757 3.140739 2.007410
v -0.316757 3.140739 -2.388456
v -0.316376 3.924568 0.912447
v -0.316376 3.924568 -1.293394
v -0.315842 4.127052 0.024721
v -0.315842 4.127052 -0.405684
v -0.315201 4.083839 0.368013
v -0.315201 4.102730 0.255220
v -0.315201 4.102730 -0.636320
v -0.315201 4.083839 -0.748945
v -0.314423 3.053627 2.079638
v -0.314423 3.053627 -2.460661
v -0.312637 2.274643 3.075541
v -0.312637 2.274643 2.997541
v -0.312241 2.963692 2.148272
v -0.312241 2.963691 -2.529387
v -0.312088 4.032997 0.589449
v -0.312088 4.032997 -0.970549
v -0.311844 4.117073 0.140322
v -0.311844 4.117073 -0.521360
v -0.309906 3.880043 1.016268
v -0.309906 3.880043 -1.397215
v -0.309128 4.127052 0.022310
v -0.309128 4.127052 -0.403425
v -0.303497 3.831367 1.118288
v -0.303497 3.831367 -1.499296
v -0.302490 4.127052 0.019823
v -0.302490 4.127052 -0.400923
v -0.302414 0.233922 2.958540
v -0.301865 4.001091 0.697557
v -0.301865 4.001091 -1.078581
v -0.301392 4.117073 0.137835
v -0.301392 4.117073 -0.518858
v -0.301331 4.060600 0.477831
v -0.301331 4.060600 -0.858854
v -0.301178 4.102730 0.252718
v -0.301178 4.102730 -0.633818
v -0.297745 4.083839 0.365511
v -0.297745 4.083839 -0.746458
v -0.297272 1.325996 -3.456572
v -0.297180 3.778786 1.218370
v -0.297180 3.778786 -1.599333
v -0.295868 4.127052 0.017092
v -0.295868 4.127052 -0.398191
v -0.292435 2.350067 3.295267
v -0.292435 2.350067 3.075541
v -0.291733 3.964897 0.804338
v -0.291733 3.964897 -1.185362
v -0.291183 4.117073 0.135103
v -0.291183 4.117073 -0.516050
v -0.291107 1.325996 -3.456572
v -0.290939 3.722237 1.316164
v -0.290939 3.722236 -1.697111
v -0.289459 4.127052 0.014193
v -0.289459 4.127052 -0.395231
v -0.288300 2.768684 2.978121
v -0.288300 2.768684 -3.359068
v -0.287598 4.032997 0.586794
v -0.287598 4.032997 -0.967833
v -0.287292 4.102730 0.249910
v -0.287292 4.102730 -0.630934
v -0.285019 3.661934 1.411654
v -0.285019 3.661934 -1.792753
v -0.283081 4.127052 0.010988
v -0.283081 4.127052 -0.392103
v -0.281754 3.924568 0.909639
v -0.281754 3.924568 -1.290678
v -0.280975 4.117073 0.131899
v -0.280975 4.117073 -0.512846
v -0.280350 4.060600 0.474871
v -0.280350 4.083839 0.362459
v -0.280350 4.083839 -0.743406
v -0.280350 4.060600 -0.855970
v -0.279175 3.597832 1.504854
v -0.279175 3.597831 -1.885801
v -0.276749 4.127052 0.007799
v -0.276749 4.127052 -0.388838
v -0.273941 4.001091 0.694521
v -0.273941 4.001091 -1.075529
v -0.273483 4.102730 0.246553
v -0.273483 4.102730 -0.627577
v -0.273407 3.530037 1.595339
v -0.273407 3.530037 -1.976439
v -0.271988 3.880043 1.013216
v -0.271988 3.880043 -1.394346
v -0.270905 4.117073 0.128466
v -0.270905 4.117073 -0.509504
v -0.270584 4.127052 0.004213
v -0.270584 4.127052 -0.385237
v -0.267853 3.458839 1.683161
v -0.267853 3.458839 -2.064177
v -0.264587 4.127052 0.000475
v -0.264587 4.127052 -0.381575
v -0.263184 4.032997 0.583284
v -0.263184 4.032997 -0.964323
v -0.262955 4.083839 0.358873
v -0.262955 4.083839 -0.739836
v -0.262558 3.384041 1.767946
v -0.262558 3.384041 -2.149076
v -0.262405 3.831367 1.115007
v -0.262405 3.831367 -1.496122
v -0.262329 2.461990 3.295267
v -0.261002 4.117073 0.124651
v -0.261002 4.117073 -0.505751
v -0.260605 3.964897 0.800982
v -0.260605 3.964897 -1.181913
v -0.259903 4.102730 0.242815
v -0.259903 4.102730 -0.623930
v -0.259598 4.060600 0.471285
v -0.259598 4.060600 -0.852232
v -0.258591 4.127052 -0.003431
v -0.258591 4.127052 -0.377668
v -0.258423 2.476891 3.294329
v -0.257401 3.306190 1.849932
v -0.257401 3.306190 -2.230955
v -0.254379 2.491554 3.291288
v -0.252975 3.778786 1.214861
v -0.252975 3.778786 -1.595793
v -0.252731 4.127052 -0.007414
v -0.252731 4.127052 -0.373533
v -0.252411 3.224907 1.928629
v -0.252411 3.224907 -2.309721
v -0.251083 4.117073 0.120668
v -0.251083 4.117073 -0.501692
v -0.250702 2.505669 3.286375
v -0.247742 3.140739 2.004137
v -0.247742 3.140739 -2.385221
v -0.247345 3.924568 0.905825
v -0.247345 3.924568 -1.286833
v -0.247116 2.519089 3.279665
v -0.247116 4.127052 -0.011778
v -0.247116 4.127052 -0.369261
v -0.246338 4.102730 0.238680
v -0.246338 4.102730 -0.619627
v -0.246246 4.001091 0.690615
v -0.246246 4.001091 -1.071562
v -0.245789 4.083839 0.354738
v -0.245789 4.083839 -0.735685
v -0.243759 2.531410 3.271166
v -0.243759 3.722237 1.312426
v -0.243759 3.722236 -1.693449
v -0.243210 3.053627 2.076281
v -0.243210 3.053627 -2.457304
v -0.241577 4.127052 -0.016233
v -0.241577 4.127052 -0.364805
v -0.241409 4.117073 0.116137
v -0.241409 4.117073 -0.497252
v -0.240723 2.542641 3.261103
v -0.238922 4.032997 0.579073
v -0.238922 4.032997 -0.960112
v -0.238846 2.963692 2.144846
v -0.238846 4.060600 0.466906
v -0.238846 4.060600 -0.848021
v -0.238846 2.963691 -2.525877
v -0.238068 2.552467 3.249559
v -0.236115 4.127052 -0.020826
v -0.236115 4.127052 -0.360289
v -0.235886 2.560738 3.236845
v -0.234711 3.661934 1.407747
v -0.234711 3.661934 -1.788847
v -0.234314 3.880043 1.009081
v -0.234314 3.880043 -1.390196
v -0.234161 2.567299 3.223040
v -0.232834 2.572212 3.208609
v -0.232834 4.102730 0.234087
v -0.232834 4.102730 -0.615110
v -0.232147 2.575020 3.193632
v -0.231903 4.117073 0.111544
v -0.231903 4.117073 -0.492567
v -0.231750 2.575951 3.178267
v -0.231750 2.575951 3.075541
v -0.230896 4.127052 -0.025587
v -0.230896 4.127052 -0.355436
v -0.229416 3.964897 0.796541
v -0.229416 3.964897 -1.177580
v -0.228699 4.083839 0.350069
v -0.228699 4.083839 -0.731016
v -0.225906 3.597832 1.500643
v -0.225906 3.597831 -1.881742
v -0.225815 4.127052 -0.030577
v -0.225815 4.127052 -0.350462
v -0.222473 4.117073 0.106554
v -0.222473 4.117073 -0.487577
v -0.221451 3.831367 1.110476
v -0.221451 3.831367 -1.491514
v -0.220825 4.127052 -0.035643
v -0.220825 4.127052 -0.345381
v -0.219589 4.102730 0.229006
v -0.219589 4.102730 -0.610106
v -0.218643 4.001091 0.685701
v -0.218643 4.001091 -1.066801
v -0.218170 4.060600 0.462084
v -0.218170 4.060600 -0.843016
v -0.217316 3.530037 1.590883
v -0.217316 3.530037 -1.972013
v -0.216080 4.127052 -0.040876
v -0.216080 4.127052 -0.340162
v -0.214813 4.032997 0.574083
v -0.214813 4.032997 -0.955107
v -0.213181 4.117073 0.101320
v -0.213181 4.117073 -0.482359
v -0.212875 3.924568 0.900896
v -0.212875 3.924568 -1.282011
v -0.212082 2.107483 2.997541
v -0.212082 2.107483 2.958540
v -0.211777 4.083839 0.344835
v -0.211777 4.083839 -0.725859
v -0.211472 4.127052 -0.046339
v -0.211472 4.127052 -0.334700
v -0.209045 3.458839 1.678484
v -0.209045 3.458839 -2.059507
v -0.208893 3.778786 1.209932
v -0.208893 3.778786 -1.591063
v -0.207016 4.127052 -0.051878
v -0.207016 4.127052 -0.329161
v -0.206558 4.102730 0.223619
v -0.206558 4.102730 -0.604658
v -0.204056 4.117073 0.095781
v -0.204056 4.117073 -0.476744
v -0.202820 4.127052 -0.057493
v -0.202820 4.127052 -0.323545
v -0.201172 3.384041 1.763186
v -0.201172 3.384041 -2.144316
v -0.198669 4.127052 -0.063414
v -0.198669 4.127052 -0.317686
v -0.198517 3.964897 0.791079
v -0.198517 3.964897 -1.172178
v -0.198135 0.233922 2.997541
v -0.198135 0.233922 2.958540
v -0.197815 4.060600 0.456377
v -0.197815 4.060600 -0.837492
v -0.196579 3.722237 1.307283
v -0.196579 3.880043 1.003786
v -0.196579 3.880043 -1.384733
v -0.196579 3.722236 -1.688231
v -0.195160 4.117073 0.089861
v -0.195160 4.117073 -0.470961
v -0.195084 4.083839 0.339067
v -0.195084 4.083839 -0.720182
v -0.194778 4.127052 -0.069258
v -0.194778 4.127052 -0.311689
v -0.194077 2.753242 3.075541
v -0.193680 4.102730 0.217852
v -0.193680 4.102730 -0.598814
v -0.193283 3.306190 1.844858
v -0.193283 3.306190 -2.225950
v -0.191177 4.001091 0.680086
v -0.191177 4.001091 -1.061125
v -0.191040 4.127052 -0.075346
v -0.191040 4.127052 -0.305754
v -0.190948 4.032997 0.568316
v -0.190948 4.032997 -0.949339
v -0.187439 4.127052 -0.081511
v -0.187439 4.127052 -0.299528
v -0.186508 4.117073 0.083696
v -0.186508 4.117073 -0.464811
v -0.185959 3.224907 1.923403
v -0.185959 3.224907 -2.304502
v -0.184555 3.661934 1.402208
v -0.184555 3.661934 -1.783323
v -0.184174 4.127052 -0.087828
v -0.184174 4.127052 -0.293196
v -0.181046 4.127052 -0.094221
v -0.181046 4.127052 -0.286802
v -0.180969 4.102730 0.211535
v -0.180969 4.102730 -0.592649
v -0.180649 3.831367 1.104708
v -0.180649 3.831367 -1.485746
v -0.178864 3.140739 1.998674
v -0.178864 3.140739 -2.379759
v -0.178635 3.924568 0.894976
v -0.178635 3.924568 -1.275999
v -0.178543 4.083839 0.332903
v -0.178543 4.083839 -0.713865
v -0.178085 4.127052 -0.100615
v -0.178085 4.127052 -0.280409
v -0.178009 4.117073 0.077379
v -0.178009 4.117073 -0.458326
v -0.177612 4.060600 0.450212
v -0.177612 4.060600 -0.831251
v -0.175430 4.127052 -0.107252
v -0.175430 4.127052 -0.273787
v -0.172928 3.597832 1.494783
v -0.172928 4.127052 -0.113890
v -0.172928 4.127052 -0.267149
v -0.172928 3.597831 -1.875822
v -0.172073 3.053627 2.070589
v -0.172073 3.053627 -2.451689
v -0.170593 4.127052 -0.120665
v -0.170593 4.127052 -0.260435
v -0.169662 4.117073 0.070665
v -0.169662 4.117073 -0.451689
v -0.168564 4.127052 -0.127363
v -0.168564 4.127052 -0.253569
v -0.168335 4.102730 0.204897
v -0.168335 4.102730 -0.586012
v -0.167786 3.964897 0.784761
v -0.167786 3.964897 -1.165709
v -0.167175 4.032997 0.561907
v -0.167175 4.032997 -0.942869
v -0.166611 4.127052 -0.134230
v -0.166611 4.127052 -0.246717
v -0.165527 2.963692 2.139071
v -0.165527 2.963691 -2.520109
v -0.164978 3.778786 1.203707
v -0.164978 4.127052 -0.141188
v -0.164978 4.127052 -0.239927
v -0.164978 3.778786 -1.584745
v -0.163879 4.001091 0.673525
v -0.163879 4.001091 -1.054472
v -0.163574 4.127052 -0.148115
v -0.163574 4.127052 -0.232985
v -0.162247 4.083839 0.326052
v -0.162247 4.127052 -0.155149
v -0.162247 4.127052 -0.225889
v -0.162247 4.083839 -0.707151
v -0.161621 4.117073 0.063814
v -0.161621 4.117073 -0.444746
v -0.161469 3.530037 1.584810
v -0.161469 3.530037 -1.965757
v -0.161316 4.127052 -0.162153
v -0.161316 4.127052 -0.218870
v -0.160538 4.127052 -0.169188
v -0.160538 4.127052 -0.211760
v -0.159988 4.127052 -0.176359
v -0.159988 4.127052 -0.204664
v -0.159668 4.127052 -0.183378
v -0.159668 4.127052 -0.197660
v -0.159515 4.127052 -0.190474
v -0.159210 3.880043 0.997149
v -0.159210 3.880043 -1.378172
v -0.157578 4.060600 0.443361
v -0.157578 4.060600 -0.824308
v -0.156082 4.102730 0.197969
v -0.156082 4.102730 -0.578917
v -0.153671 4.117073 0.056627
v -0.153671 4.117073 -0.437590
v -0.153595 2.208809 3.075541
v -0.153595 2.208809 2.997541
v -0.150543 3.458839 1.672091
v -0.150543 3.458839 -2.053038
v -0.149689 3.722237 1.300570
v -0.149689 3.722236 -1.681608
v -0.146103 4.083839 0.318789
v -0.146103 4.117073 0.049150
v -0.146103 4.117073 -0.430250
v -0.146103 4.083839 -0.699812
v -0.144699 3.924568 0.887957
v -0.144699 3.924568 -1.268919
v -0.143997 4.102730 0.190477
v -0.143997 4.102730 -0.571577
v -0.143692 4.032997 0.554583
v -0.143692 4.032997 -0.935698
v -0.140106 3.831367 1.097628
v -0.140106 3.831367 -1.478727
v -0.139786 3.384041 1.756479
v -0.139786 3.384041 -2.137419
v -0.138702 4.117073 0.041582
v -0.138702 4.117073 -0.422606
v -0.137833 4.060600 0.435869
v -0.137833 4.060600 -0.816969
v -0.137283 3.964897 0.777422
v -0.137283 3.964897 -1.158445
v -0.136978 4.001091 0.666201
v -0.136978 4.001091 -1.047148
v -0.134644 3.661934 1.395189
v -0.134644 3.661934 -1.776152
v -0.132141 4.102730 0.182756
v -0.132141 4.102730 -0.563704
v -0.131516 4.117073 0.033617
v -0.131516 4.117073 -0.414640
v -0.130188 4.083839 0.311068
v -0.130188 4.083839 -0.692015
v -0.129578 3.306190 1.837831
v -0.129578 3.306190 -2.218870
v -0.124573 4.117073 0.025591
v -0.124573 4.117073 -0.406614
v -0.122086 3.880043 0.989580
v -0.122086 3.880043 -1.370543
v -0.121307 3.778786 1.196047
v -0.121307 3.778786 -1.577085
v -0.120514 4.102730 0.174639
v -0.120514 4.102730 -0.555601
v -0.120453 4.032997 0.546709
v -0.120453 4.032997 -0.927656
v -0.119980 3.597832 1.487307
v -0.119980 3.597831 -1.868315
v -0.119659 3.224907 1.916147
v -0.119659 3.224907 -2.297087
v -0.118256 4.060600 0.427752
v -0.118256 4.060600 -0.808790
v -0.117935 4.117073 0.017244
v -0.117935 4.117073 -0.398268
v -0.114594 2.276352 3.295267
v -0.114594 2.276352 3.075541
v -0.114594 4.083839 0.302797
v -0.114594 4.083839 -0.683744
v -0.112167 2.753242 3.075541
v -0.111542 4.117073 0.008730
v -0.111542 4.117073 -0.389845
v -0.111008 3.924568 0.879839
v -0.111008 3.924568 -1.260862
v -0.110153 3.140739 1.991106
v -0.110153 4.001091 0.657930
v -0.110153 4.001091 -1.038969
v -0.110153 3.140739 -2.372129
v -0.109131 4.102730 0.166063
v -0.109131 4.102730 -0.547087
v -0.106949 3.964897 0.769167
v -0.106949 3.964897 -1.150175
v -0.105850 3.530037 1.576921
v -0.105850 3.530037 -1.957884
v -0.105316 4.117073 0.000078
v -0.105316 4.117073 -0.381102
v -0.102966 3.722237 1.292391
v -0.102966 3.722236 -1.673491
v -0.101105 3.053627 2.062792
v -0.101105 3.053627 -2.443876
v -0.099777 2.021294 2.997541
v -0.099777 2.021294 2.958540
v -0.099701 3.831367 1.089281
v -0.099701 3.831367 -1.470304
v -0.099609 4.117073 -0.008818
v -0.099609 4.117073 -0.372206
v -0.099228 4.083839 0.293993
v -0.099228 4.083839 -0.675093
v -0.098907 4.060600 0.419008
v -0.098907 4.060600 -0.800123
v -0.098129 4.102730 0.157259
v -0.098129 4.102730 -0.538206
v -0.097427 4.032997 0.537966
v -0.097427 4.032997 -0.918913
v -0.093918 4.117073 -0.017942
v -0.093918 4.117073 -0.363096
v -0.093292 1.325996 -3.456572
v -0.092529 2.963692 2.131044
v -0.092529 2.963691 -2.512083
v -0.092133 3.458839 1.663660
v -0.092133 3.458839 -2.044767
v -0.088699 4.117073 -0.027220
v -0.088699 4.117073 -0.353895
v -0.087296 4.102730 0.148043
v -0.087296 4.102730 -0.529066
v -0.085037 3.880043 0.980623
v -0.085037 3.880043 -1.361723
v -0.084961 3.661934 1.386446
v -0.084961 3.661934 -1.767546
v -0.084183 4.083839 0.284777
v -0.084183 4.083839 -0.665815
v -0.083710 4.117073 -0.036650
v -0.083710 4.117073 -0.344358
v -0.083618 4.001091 0.648806
v -0.083618 4.001091 -1.029844
v -0.079971 4.060600 0.409655
v -0.079971 4.060600 -0.790770
v -0.079025 4.117073 -0.046247
v -0.079025 4.117073 -0.334852
v -0.078873 3.384041 1.747751
v -0.078873 3.384041 -2.128691
v -0.077850 3.778786 1.186998
v -0.077850 3.778786 -1.568113
v -0.077377 3.924568 0.870714
v -0.077377 3.924568 -1.251677
v -0.076996 3.964897 0.759874
v -0.076996 3.964897 -1.140989
v -0.076920 4.102730 0.138460
v -0.076920 4.102730 -0.519484
v -0.074570 4.032997 0.528536
v -0.074570 4.117073 -0.055845
v -0.074570 4.117073 -0.325178
v -0.074570 4.032997 -0.909559
v -0.070602 4.117073 -0.065672
v -0.070602 4.117073 -0.315275
v -0.069351 4.083839 0.275026
v -0.069351 4.083839 -0.656050
v -0.067413 3.597832 1.478182
v -0.067413 3.597831 -1.859129
v -0.066788 4.117073 -0.075651
v -0.066788 4.117073 -0.305296
v -0.066696 4.102730 0.128542
v -0.066696 4.102730 -0.509657
v -0.065918 3.306190 1.828783
v -0.065918 3.306190 -2.209745
v -0.063431 4.117073 -0.085722
v -0.063431 4.117073 -0.295301
v -0.061234 4.060600 0.399828
v -0.061234 4.060600 -0.780851
v -0.060226 4.117073 -0.095930
v -0.060226 4.117073 -0.285093
v -0.059601 3.831367 1.079607
v -0.059601 3.831367 -1.460691
v -0.057419 4.001091 0.638903
v -0.057419 4.117073 -0.106153
v -0.057419 4.117073 -0.274794
v -0.057419 4.001091 -1.019926
v -0.056793 4.102730 0.118486
v -0.056793 4.102730 -0.499434
v -0.056549 2.376740 3.295267
v -0.056488 3.722237 1.282717
v -0.056488 3.722236 -1.663816
v -0.054916 4.083839 0.264894
v -0.054916 4.117073 -0.116606
v -0.054916 4.117073 -0.264418
v -0.054916 4.083839 -0.645918
v -0.053604 3.224907 1.906710
v -0.053604 3.224907 -2.287748
v -0.052734 4.117073 -0.127058
v -0.052734 4.117073 -0.254042
v -0.052185 4.032997 0.518465
v -0.052185 4.032997 -0.899412
v -0.050934 4.117073 -0.137434
v -0.050934 4.117073 -0.243589
v -0.050476 3.530037 1.567255
v -0.050476 3.530037 -1.948210
v -0.049393 4.117073 -0.147963
v -0.049393 4.117073 -0.232985
v -0.048828 2.390083 3.294329
v -0.048447 3.880043 0.970644
v -0.048447 3.880043 -1.351591
v -0.048294 4.117073 -0.158659
v -0.048294 4.117073 -0.222380
v -0.047440 4.117073 -0.169188
v -0.047440 4.117073 -0.211760
v -0.047195 3.964897 0.749727
v -0.047195 4.102730 0.107958
v -0.047195 4.102730 -0.488981
v -0.047195 3.964897 -1.130766
v -0.046890 4.117073 -0.179869
v -0.046890 4.117073 -0.201155
v -0.046814 4.117073 -0.190474
v -0.045181 0.233922 2.997541
v -0.045181 0.233922 2.958540
v -0.044312 3.924568 0.860506
v -0.044312 3.924568 -1.241453
v -0.042908 4.060600 0.389376
v -0.042908 4.060600 -0.770323
v -0.041809 3.140739 1.981432
v -0.041809 3.140739 -2.362486
v -0.041351 2.403259 3.291288
v -0.040802 4.083839 0.254274
v -0.040802 4.083839 -0.635313
v -0.038071 4.102730 0.097200
v -0.038071 4.102730 -0.478132
v -0.035568 3.661934 1.376223
v -0.035568 3.661934 -1.757261
v -0.034714 3.778786 1.176699
v -0.034714 3.778786 -1.557829
v -0.033936 2.415817 3.286375
v -0.033936 3.458839 1.653597
v -0.033936 3.458839 -2.034636
v -0.031448 4.001091 0.628145
v -0.031448 4.001091 -1.009245
v -0.030518 3.053627 2.052805
v -0.030518 3.053627 -2.433744
v -0.030045 4.032997 0.507555
v -0.030045 4.032997 -0.888655
v -0.029190 4.102730 0.086123
v -0.029190 4.102730 -0.467131
v -0.027145 2.427902 3.279665
v -0.026993 4.083839 0.243196
v -0.026993 4.083839 -0.624235
v -0.024979 1.923797 2.997541
v -0.024979 1.923797 2.958540
v -0.024811 4.060600 0.378298
v -0.024811 4.060600 -0.759336
v -0.020752 4.102730 0.074800
v -0.020752 4.102730 -0.455763
v -0.020599 2.438988 3.271166
v -0.019989 3.831367 1.068758
v -0.019989 3.831367 -1.449766
v -0.019745 2.963692 2.120668
v -0.019745 2.963691 -2.501768
v -0.018112 3.384041 1.737139
v -0.018112 3.384041 -2.118162
v -0.017883 3.964897 0.738588
v -0.017883 3.964897 -1.119688
v -0.017014 2.104126 3.075541
v -0.017014 2.104126 2.997541
v -0.015152 3.597832 1.467333
v -0.015152 3.597831 -1.848387
v -0.014832 2.449120 3.261103
v -0.013657 1.908974 2.997541
v -0.013580 4.083839 0.231737
v -0.013580 4.083839 -0.612684
v -0.012573 4.102730 0.063189
v -0.012573 4.102730 -0.444120
v -0.012100 3.880043 0.959490
v -0.012100 3.880043 -1.340513
v -0.011475 3.924568 0.849184
v -0.011475 3.924568 -1.230284
v -0.010315 3.722237 1.271791
v -0.010315 3.722236 -1.652739
v -0.009750 2.457855 3.249559
v -0.008347 4.032997 0.496080
v -0.008347 4.032997 -0.877119
v -0.007111 4.060600 0.366671
v -0.007111 4.060600 -0.747709
v -0.005936 4.001091 0.616671
v -0.005936 4.001091 -0.997709
v -0.005554 2.465263 3.236845
v -0.004761 4.102730 0.051317
v -0.004761 4.102730 -0.432280
v -0.002655 3.306190 1.817713
v -0.002655 3.306190 -2.198820
v -0.002029 2.471275 3.223040
v -0.000397 4.083839 0.219805
v -0.000397 4.083839 -0.600904
v 0.000458 2.475487 3.208609
v 0.001862 2.478065 3.193632
v 0.002411 2.478996 3.178267
v 0.002411 2.478996 3.075541
v 0.002640 4.102730 0.039156
v 0.002640 4.102730 -0.420256
v 0.004593 3.530037 1.555864
v 0.004593 3.530037 -1.936827
v 0.008102 3.778786 1.165010
v 0.008102 3.778786 -1.546049
v 0.009659 4.102730 0.026918
v 0.009659 4.102730 -0.407942
v 0.010208 4.060600 0.354509
v 0.010208 4.060600 -0.735533
v 0.011154 3.964897 0.726656
v 0.011154 3.964897 -1.107603
v 0.012070 3.224907 1.895327
v 0.012070 3.224907 -2.276274
v 0.012314 4.083839 0.207552
v 0.012314 4.083839 -0.588591
v 0.013092 4.032997 0.483904
v 0.013092 4.032997 -0.864866
v 0.013489 3.661934 1.364458
v 0.013489 3.661934 -1.745481
v 0.016281 4.102730 0.014421
v 0.016281 4.102730 -0.395384
v 0.019257 4.001091 0.604342
v 0.019257 4.001091 -0.985289
v 0.019485 3.831367 1.056658
v 0.019485 3.831367 -1.437773
v 0.020981 3.924568 0.836931
v 0.020981 3.924568 -1.217955
v 0.022522 4.102730 0.001726
v 0.022522 4.102730 -0.382658
v 0.023712 3.458839 1.641672
v 0.023712 3.458839 -2.022703
v 0.023788 3.880043 0.947145
v 0.023788 3.880043 -1.328123
v 0.024323 1.817329 2.997541
v 0.024323 1.817329 2.958540
v 0.024567 4.083839 0.194857
v 0.024567 4.083839 -0.575880
v 0.026352 3.140739 1.969500
v 0.026352 3.140739 -2.350523
v 0.027054 4.060600 0.341799
v 0.027054 4.060600 -0.722822
v 0.028381 4.102730 -0.011229
v 0.028381 4.102730 -0.369719
v 0.033844 4.102730 -0.024412
v 0.033844 4.102730 -0.356688
v 0.033997 4.032997 0.470964
v 0.033997 4.032997 -0.852003
v 0.035400 3.722237 1.259157
v 0.035400 3.722236 -1.640257
v 0.036407 4.083839 0.181658
v 0.036407 4.083839 -0.562773
v 0.036652 3.597832 1.454775
v 0.036652 3.597831 -1.835905
v 0.038055 2.159195 3.295267
v 0.038055 2.159195 3.075541
v 0.038834 4.102730 -0.037672
v 0.038834 4.102730 -0.343443
v 0.039703 3.964897 0.713778
v 0.039703 3.964897 -1.094725
v 0.039764 3.053627 2.040560
v 0.039764 3.053627 -2.421507
v 0.040543 1.778328 2.997541
v 0.040543 1.778328 2.958540
v 0.042267 3.384041 1.724657
v 0.042267 3.384041 -2.105680
v 0.043365 4.102730 -0.051085
v 0.043365 4.102730 -0.329939
v 0.043671 4.060600 0.328539
v 0.043671 4.060600 -0.709654
v 0.044067 4.001091 0.591249
v 0.044067 4.001091 -0.972258
v 0.047562 4.102730 -0.064589
v 0.047562 4.102730 -0.316374
v 0.047958 4.083839 0.168322
v 0.047958 4.083839 -0.549284
v 0.050446 3.778786 1.151979
v 0.050446 3.778786 -1.533018
v 0.051315 4.102730 -0.078230
v 0.051315 4.102730 -0.302717
v 0.052719 2.963692 2.107950
v 0.052719 2.963691 -2.489042
v 0.053101 3.924568 0.823671
v 0.053101 3.924568 -1.204710
v 0.054596 4.032997 0.457460
v 0.054596 4.032997 -0.838575
v 0.054672 4.102730 -0.092039
v 0.054672 4.102730 -0.288984
v 0.057465 4.102730 -0.106001
v 0.057465 4.102730 -0.275099
v 0.058487 3.831367 1.043337
v 0.058487 3.831367 -1.424345
v 0.059036 0.233922 2.997541
v 0.059036 1.076557 2.997541
v 0.059036 1.196911 2.997541
v 0.059036 1.638000 2.997541
v 0.059036 0.233922 2.958540
v 0.059036 1.076557 2.958540
v 0.059036 1.196911 2.958540
v 0.059036 1.638000 2.958540
v 0.059036 4.083839 0.154528
v 0.059036 4.083839 -0.535475
v 0.059189 3.530037 1.542681
v 0.059189 3.530037 -1.923704
v 0.059357 3.880043 0.933748
v 0.059357 3.880043 -1.314787
v 0.059738 4.060600 0.314898
v 0.059738 4.060600 -0.695845
v 0.059982 4.102730 -0.119886
v 0.059982 4.102730 -0.261061
v 0.060211 3.306190 1.804682
v 0.060211 3.306190 -2.185789
v 0.061920 4.102730 -0.134001
v 0.061920 4.102730 -0.247099
v 0.062149 3.661934 1.351198
v 0.062149 3.661934 -1.732237
v 0.063477 4.102730 -0.147963
v 0.063477 4.102730 -0.232985
v 0.064651 4.102730 -0.162153
v 0.064651 4.102730 -0.218870
v 0.065277 4.102730 -0.176359
v 0.065277 4.102730 -0.204664
v 0.065506 4.102730 -0.190474
v 0.067932 3.964897 0.699816
v 0.067932 3.964897 -1.080931
v 0.068329 4.001091 0.577272
v 0.068329 4.001091 -0.958387
v 0.069641 4.083839 0.140322
v 0.069641 4.083839 -0.521360
v 0.074799 4.032997 0.443361
v 0.074799 4.032997 -0.824308
v 0.075409 4.060600 0.300615
v 0.075409 4.060600 -0.681562
v 0.077377 3.224907 1.881746
v 0.077377 3.224907 -2.262785
v 0.079773 4.083839 0.125826
v 0.079773 4.083839 -0.506926
v 0.080719 3.722237 1.245272
v 0.080719 3.722237 -1.626280
v 0.081024 3.458839 1.627855
v 0.081024 3.458839 -2.008879
v 0.084778 3.924568 0.809328
v 0.084778 3.924568 -1.190428
v 0.087662 1.967552 3.075541
v 0.087662 1.967552 2.997541
v 0.088120 3.597832 1.440813
v 0.088120 3.597831 -1.821745
v 0.089539 4.083839 0.111071
v 0.089539 4.083839 -0.492094
v 0.090637 4.060600 0.285860
v 0.090637 4.060600 -0.666899
v 0.092270 4.001091 0.562609
v 0.092270 4.001091 -0.943724
v 0.092331 3.778786 1.137636
v 0.092331 3.778786 -1.518644
v 0.093903 3.140739 1.955462
v 0.093903 3.140739 -2.336546
v 0.094437 3.880043 0.919146
v 0.094437 4.032997 0.428606
v 0.094437 4.032997 -0.809568
v 0.094437 3.880043 -1.300261
v 0.095627 3.964897 0.685152
v 0.095627 3.964897 -1.066252
v 0.096939 3.831367 1.028734
v 0.096939 3.831367 -1.409849
v 0.098740 4.083839 0.095949
v 0.098740 4.083839 -0.477049
v 0.102249 3.384041 1.710306
v 0.102249 3.384041 -2.091276
v 0.105301 4.060600 0.270662
v 0.105301 4.060600 -0.651686
v 0.107468 4.083839 0.080645
v 0.107468 4.083839 -0.461760
v 0.109665 3.053627 2.026056
v 0.109665 3.053627 -2.406981
v 0.110291 3.661934 1.336290
v 0.110291 3.661934 -1.717314
v 0.113403 3.530037 1.527788
v 0.113403 3.530037 -1.908873
v 0.113632 4.032997 0.413164
v 0.113632 4.032997 -0.794188
v 0.115585 4.001091 0.547335
v 0.115585 4.001091 -0.928282
v 0.115829 4.083839 0.065050
v 0.115829 4.083839 -0.446074
v 0.115906 3.924568 0.794115
v 0.115906 3.924568 -1.175230
v 0.119492 4.060600 0.254992
v 0.119492 4.060600 -0.636091
v 0.120041 2.241180 3.295267
v 0.122681 3.306190 1.789705
v 0.122681 3.306190 -2.170744
v 0.122910 3.964897 0.669634
v 0.122910 3.964897 -1.050718
v 0.123550 4.083839 0.049150
v 0.123550 4.083839 -0.430250
v 0.124634 2.963692 2.093126
v 0.124634 2.963691 -2.474150
v 0.125565 3.722237 1.229982
v 0.125565 3.722237 -1.610929
v 0.129074 3.880043 0.903551
v 0.129074 3.880043 -1.284575
v 0.130798 4.083839 0.033068
v 0.130798 4.083839 -0.414030
v 0.131027 2.252174 3.294329
v 0.132355 4.032997 0.397173
v 0.132355 4.032997 -0.778135
v 0.133286 4.060600 0.238924
v 0.133286 4.060600 -0.619871
v 0.133835 3.778786 1.121950
v 0.133835 3.778786 -1.503080
v 0.135086 3.831367 1.012987
v 0.135086 3.831367 -1.394072
v 0.137589 4.083839 0.016695
v 0.137589 4.083839 -0.397718
v 0.137970 3.458839 1.612337
v 0.137970 3.458839 -1.993376
v 0.138519 4.001091 0.531099
v 0.138519 4.001091 -0.912199
v 0.139145 3.597832 1.425066
v 0.139145 3.597831 -1.806089
v 0.141708 2.262779 3.291288
v 0.142349 3.224907 1.866152
v 0.142349 3.224907 -2.247099
v 0.143814 4.083839 0.000154
v 0.143814 4.083839 -0.381269
v 0.146561 3.924568 0.777819
v 0.146561 4.060600 0.222460
v 0.146561 4.060600 -0.603407
v 0.146561 3.924568 -1.158903
v 0.149597 4.083839 -0.016539
v 0.149597 4.083839 -0.364500
v 0.149750 3.964897 0.653261
v 0.149750 3.964897 -1.034269
v 0.150620 4.032997 0.380571
v 0.150620 4.032997 -0.761671
v 0.152023 2.273155 3.286375
v 0.153488 1.808510 3.075541
v 0.153488 1.808510 2.997541
v 0.154831 4.083839 -0.033537
v 0.154831 4.083839 -0.347563
v 0.155289 2.006554 3.295267
v 0.155289 2.006554 3.075541
v 0.158096 3.661934 1.319994
v 0.158096 3.661934 -1.701017
v 0.159256 4.060600 0.205462
v 0.159256 4.060600 -0.586561
v 0.159424 4.083839 -0.050550
v 0.159424 4.083839 -0.330488
v 0.160980 4.001091 0.514330
v 0.160980 4.001091 -0.895369
v 0.161148 3.140739 1.939394
v 0.161148 3.140739 -2.320494
v 0.161758 2.282906 3.279665
v 0.161758 3.384041 1.694010
v 0.161758 3.384041 -2.075041
v 0.163162 3.880043 0.886782
v 0.163162 3.880043 -1.267912
v 0.163467 4.083839 -0.067701
v 0.163467 4.083839 -0.313322
v 0.167068 4.083839 -0.085020
v 0.167068 4.083839 -0.295927
v 0.167221 3.530037 1.511324
v 0.167221 3.530037 -1.892363
v 0.168167 4.032997 0.363558
v 0.168167 4.032997 -0.744505
v 0.169952 3.722237 1.213137
v 0.169952 3.722237 -1.594145
v 0.170105 4.083839 -0.102491
v 0.170105 4.083839 -0.278532
v 0.170883 2.292030 3.271166
v 0.171432 4.060600 0.188219
v 0.171432 4.060600 -0.569166
v 0.172531 3.831367 0.996050
v 0.172531 3.831367 -1.377012
v 0.172607 4.083839 -0.119963
v 0.172607 4.083839 -0.261061
v 0.174637 4.083839 -0.137587
v 0.174637 4.083839 -0.243513
v 0.174789 3.778786 1.105028
v 0.174789 3.778786 -1.485960
v 0.175888 3.964897 0.635927
v 0.175888 3.964897 -1.017057
v 0.176041 0.116922 3.075541
v 0.176041 1.638000 3.075541
v 0.176041 0.116922 2.997541
v 0.176041 1.638000 2.997541
v 0.176041 4.083839 -0.155149
v 0.176041 4.083839 -0.225889
v 0.176743 3.924568 0.760653
v 0.176743 3.924568 -1.141752
v 0.176895 4.083839 -0.172850
v 0.176895 4.083839 -0.208189
v 0.177124 4.083839 -0.190474
v 0.179077 3.053627 2.009363
v 0.179077 3.053627 -2.390409
v 0.179153 2.300301 3.261103
v 0.182816 4.001091 0.496782
v 0.182816 4.001091 -0.877882
v 0.183060 4.060600 0.170519
v 0.183060 4.060600 -0.551451
v 0.184616 3.306190 1.772783
v 0.184616 3.306190 -2.153807
v 0.185318 4.032997 0.345842
v 0.185318 4.032997 -0.726881
v 0.186325 2.307480 3.249559
v 0.189682 3.597832 1.407747
v 0.189682 3.597831 -1.788847
v 0.192413 2.313560 3.236845
v 0.194046 4.060600 0.152498
v 0.194046 4.060600 -0.533430
v 0.194366 3.458839 1.594942
v 0.194366 3.458839 -1.975981
v 0.196091 2.963692 2.075968
v 0.196091 2.963691 -2.456999
v 0.196793 3.880043 0.869081
v 0.196793 3.880043 -1.250029
v 0.197174 2.318314 3.223040
v 0.200684 2.321747 3.208609
v 0.201614 3.964897 0.617907
v 0.201614 3.964897 -0.999022
v 0.201859 4.032997 0.327593
v 0.201859 4.032997 -0.708632
v 0.202866 2.323929 3.193632
v 0.203568 2.324715 3.178267
v 0.203568 2.324715 3.075541
v 0.204117 4.001091 0.478685
v 0.204117 4.001091 -0.859632
v 0.204575 4.060600 0.134005
v 0.204575 4.060600 -0.515028
v 0.205215 3.661934 1.302217
v 0.205215 3.661934 -1.683256
v 0.206299 3.924568 0.742571
v 0.206299 3.924568 -1.123594
v 0.206619 3.224907 1.848604
v 0.206619 3.224907 -2.229551
v 0.209579 3.831367 0.977968
v 0.209579 3.831367 -1.358976
v 0.213791 3.722237 1.194963
v 0.213791 3.722237 -1.576048
v 0.214493 4.060600 0.115282
v 0.214493 4.060600 -0.496397
v 0.215195 3.778786 1.086763
v 0.215195 3.778786 -1.467741
v 0.217911 4.032997 0.308870
v 0.217911 4.032997 -0.689985
v 0.220322 3.530037 1.493166
v 0.220322 3.530037 -1.874083
v 0.220657 3.384041 1.675829
v 0.220657 3.384041 -2.056944
v 0.223770 4.060600 0.096331
v 0.223770 4.060600 -0.477369
v 0.224869 4.001091 0.459810
v 0.224869 4.001091 -0.840849
v 0.226730 3.964897 0.599123
v 0.226730 3.964897 -0.980070
v 0.227737 3.140739 1.921137
v 0.227737 3.140739 -2.302244
v 0.228928 1.828712 3.295267
v 0.228928 1.828712 3.075541
v 0.229782 3.880043 0.850283
v 0.229782 3.880043 -1.231230
v 0.232498 4.060600 0.077059
v 0.232498 4.060600 -0.458006
v 0.233292 4.032997 0.289690
v 0.233292 4.032997 -0.670713
v 0.235306 3.924568 0.723528
v 0.235306 3.924568 -1.104460
v 0.239517 3.597832 1.388872
v 0.239517 3.597831 -1.769896
v 0.240616 4.060600 0.057482
v 0.240616 4.060600 -0.438444
v 0.244980 4.001091 0.440233
v 0.244980 4.001091 -0.821257
v 0.245926 3.306190 1.753832
v 0.245926 3.831367 0.958620
v 0.245926 3.831367 -1.339628
v 0.245926 3.306190 -2.134916
v 0.247940 3.053627 1.990557
v 0.247940 3.053627 -2.371611
v 0.248032 4.032997 0.270037
v 0.248032 4.060600 0.037676
v 0.248032 4.060600 -0.418715
v 0.248032 4.032997 -0.651060
v 0.250229 3.458839 1.575838
v 0.250229 3.458839 -1.956877
v 0.251144 3.964897 0.579470
v 0.251144 3.964897 -0.960569
v 0.251846 3.661934 1.282869
v 0.251846 3.661934 -1.663908
v 0.254044 0.000000 3.295267
v 0.254044 0.038922 3.295267
v 0.254044 1.638000 3.295267
v 0.254044 0.038922 3.193476
v 0.254044 0.077922 3.193476
v 0.254044 0.077922 3.075541
v 0.254044 1.638000 3.075541
v 0.254959 4.060600 0.017626
v 0.254959 4.060600 -0.398741
v 0.255051 3.778786 1.067202
v 0.255051 3.778786 -1.448301
v 0.255600 2.064583 3.295267
v 0.257065 3.722237 1.175386
v 0.257065 3.722237 -1.556486
v 0.261124 4.060600 -0.002577
v 0.261124 4.060600 -0.378538
v 0.262131 3.880043 0.830385
v 0.262131 3.880043 -1.211515
v 0.262222 4.032997 0.249910
v 0.262222 4.032997 -0.630873
v 0.263779 3.924568 0.703569
v 0.263779 3.924568 -1.084501
v 0.264572 4.001091 0.420107
v 0.264572 4.001091 -0.801222
v 0.266678 4.060600 -0.023008
v 0.266678 4.060600 -0.358091
v 0.267044 2.963692 2.056627
v 0.267044 2.963691 -2.437559
v 0.269028 2.072227 3.294329
v 0.270401 3.224907 1.828943
v 0.270401 3.224907 -2.209959
v 0.271744 4.060600 -0.043516
v 0.271744 4.060600 -0.337431
v 0.272903 3.530037 1.473269
v 0.272903 3.530037 -1.854216
v 0.275101 3.964897 0.559023
v 0.275101 3.964897 -0.940123
v 0.275711 4.032997 0.229250
v 0.275711 4.032997 -0.610350
v 0.275955 4.060600 -0.064268
v 0.275955 4.060600 -0.316679
v 0.279007 3.384041 1.655863
v 0.279007 3.384041 -2.036985
v 0.279617 4.060600 -0.085096
v 0.279617 4.060600 -0.295927
v 0.281815 3.831367 0.938265
v 0.281815 3.831367 -1.319212
v 0.282120 2.079796 3.291288
v 0.282578 4.060600 -0.106077
v 0.282578 4.060600 -0.275023
v 0.283371 4.001091 0.399370
v 0.283371 4.001091 -0.780470
v 0.284927 4.060600 -0.127150
v 0.284927 4.060600 -0.253889
v 0.286575 4.060600 -0.148191
v 0.286575 4.060600 -0.232832
v 0.287582 4.060600 -0.169416
v 0.287582 4.060600 -0.211699
v 0.287888 4.060600 -0.190474
v 0.288498 4.032997 0.208269
v 0.288498 4.032997 -0.589369
v 0.288895 3.597832 1.368441
v 0.288895 3.597831 -1.749540
v 0.291458 3.924568 0.682650
v 0.291458 3.924568 -1.063749
v 0.293747 3.140739 1.900866
v 0.293747 3.140739 -2.281889
v 0.293900 3.880043 0.809572
v 0.293900 3.880043 -1.190611
v 0.294266 3.778786 1.046450
v 0.294266 3.778786 -1.427549
v 0.294815 2.087128 3.286375
v 0.297775 3.661934 1.262117
v 0.297775 3.661934 -1.643126
v 0.298325 3.964897 0.537966
v 0.298325 3.964897 -0.919065
v 0.299606 3.722237 1.154558
v 0.299606 3.722237 -1.535582
v 0.300827 4.032997 0.186892
v 0.300827 4.032997 -0.568007
v 0.301620 4.001091 0.378069
v 0.301620 4.001091 -0.759184
v 0.305283 3.458839 1.554934
v 0.305283 3.458839 -1.936033
v 0.306778 2.093987 3.279665
v 0.306778 3.306190 1.733088
v 0.306778 3.306190 -2.114042
v 0.312302 4.032997 0.165209
v 0.312302 4.032997 -0.546232
v 0.316055 3.053627 1.969576
v 0.316055 3.053627 -2.350706
v 0.316910 3.831367 0.916658
v 0.316910 3.831367 -1.297758
v 0.317856 2.100388 3.271166
v 0.318619 3.924568 0.660982
v 0.318619 3.924568 -1.041990
v 0.319077 4.001091 0.356234
v 0.319077 4.001091 -0.737333
v 0.320786 3.964897 0.516130
v 0.320786 3.964897 -0.897078
v 0.323074 4.032997 0.142977
v 0.323074 4.032997 -0.524076
v 0.324936 3.530037 1.451738
v 0.324936 3.880043 0.787722
v 0.324936 3.880043 -1.168669
v 0.324936 3.530037 -1.832670
v 0.327988 2.106239 3.261103
v 0.332748 3.778786 1.024538
v 0.332748 3.778786 -1.405485
v 0.333267 4.032997 0.120668
v 0.333267 4.032997 -0.501692
v 0.333511 3.224907 1.807337
v 0.333511 3.224907 -2.188383
v 0.335922 4.001091 0.333834
v 0.335922 4.001091 -0.714781
v 0.336624 3.384041 1.634027
v 0.336624 3.384041 -2.015135
v 0.336777 2.111389 3.249559
v 0.337326 2.963692 2.035021
v 0.337326 2.963691 -2.415983
v 0.337570 3.597832 1.346514
v 0.337570 3.597831 -1.727537
v 0.340927 1.858818 3.295267
v 0.341568 3.722237 1.132402
v 0.341568 3.722237 -1.513426
v 0.342636 4.032997 0.097979
v 0.342636 4.032997 -0.478910
v 0.342728 3.964897 0.493578
v 0.342728 3.964897 -0.874617
v 0.343124 3.661934 1.239977
v 0.343124 3.661934 -1.621000
v 0.344131 2.115593 3.236845
v 0.345047 3.924568 0.638430
v 0.345047 3.924568 -1.019377
v 0.350113 2.119110 3.223040
v 0.351303 3.831367 0.894045
v 0.351303 4.032997 0.074892
v 0.351303 4.032997 -0.455839
v 0.351303 3.831367 -1.275145
v 0.352005 4.001091 0.310991
v 0.352005 4.001091 -0.691938
v 0.354324 2.121445 3.208609
v 0.355362 3.880043 0.764956
v 0.355362 3.880043 -1.145964
v 0.355728 1.862724 3.294329
v 0.357010 2.123001 3.193632
v 0.357864 2.123550 3.178267
v 0.357864 2.123550 3.075541
v 0.359177 3.140739 1.878473
v 0.359177 3.140739 -2.259489
v 0.359329 4.032997 0.051561
v 0.359329 4.032997 -0.432585
v 0.359787 3.458839 1.532457
v 0.359787 3.458839 -1.913420
v 0.363876 3.964897 0.470339
v 0.363876 3.964897 -0.851377
v 0.366501 4.032997 0.028078
v 0.366501 4.032997 -0.409101
v 0.366898 3.306190 1.710382
v 0.366898 3.306190 -2.091337
v 0.367355 4.001091 0.287508
v 0.367355 4.001091 -0.668547
v 0.370407 1.866615 3.291288
v 0.370590 3.778786 1.001284
v 0.370590 3.778786 -1.382322
v 0.370651 3.924568 0.615038
v 0.370651 3.924568 -0.996061
v 0.370956 0.000000 3.295267
v 0.370956 1.630279 3.295267
v 0.373062 4.032997 0.004290
v 0.373062 4.032997 -0.385328
v 0.376083 3.530037 1.428652
v 0.376083 3.530037 -1.809599
v 0.378830 4.032997 -0.019575
v 0.378830 4.032997 -0.361448
v 0.382126 4.001091 0.263567
v 0.382126 4.001091 -0.644667
v 0.382736 3.722237 1.108934
v 0.382736 3.722237 -1.489897
v 0.383591 3.053627 1.946489
v 0.383591 3.053627 -2.327513
v 0.383835 4.032997 -0.043760
v 0.383835 4.032997 -0.337339
v 0.384232 3.964897 0.446550
v 0.384232 3.964897 -0.827513
v 0.384598 1.870445 3.286375
v 0.384995 3.831367 0.870409
v 0.384995 3.880043 0.741152
v 0.384995 3.880043 -1.122190
v 0.384995 3.831367 -1.251432
v 0.385483 3.597832 1.323030
v 0.385483 3.597831 -1.704069
v 0.386337 0.000000 3.294329
v 0.386337 1.631370 3.294329
v 0.387650 3.661934 1.216341
v 0.387650 3.661934 -1.597288
v 0.388046 4.032997 -0.067945
v 0.388046 4.032997 -0.313093
v 0.391556 4.032997 -0.092283
v 0.391556 4.032997 -0.288679
v 0.393570 3.384041 1.610468
v 0.393570 3.384041 -1.991484
v 0.394211 4.032997 -0.116850
v 0.394211 4.032997 -0.264265
v 0.395676 3.924568 0.590853
v 0.395676 3.924568 -0.971952
v 0.395859 3.224907 1.783709
v 0.395859 3.224907 -2.164824
v 0.396011 4.001091 0.239229
v 0.396011 4.001091 -0.620344
v 0.396225 4.032997 -0.141264
v 0.396225 4.032997 -0.239683
v 0.397263 4.032997 -0.165907
v 0.397263 4.032997 -0.215132
v 0.397690 4.032997 -0.190474
v 0.397964 1.874031 3.279665
v 0.401321 0.000000 3.291288
v 0.401321 1.632309 3.291288
v 0.403793 3.964897 0.421984
v 0.403793 3.964897 -0.803007
v 0.406845 2.963692 2.011232
v 0.406845 2.963691 -2.392179
v 0.407639 3.778786 0.976961
v 0.407639 3.778786 -1.358000
v 0.409042 4.001091 0.214495
v 0.409042 4.001091 -0.595518
v 0.410355 1.877388 3.271166
v 0.413559 3.458839 1.508135
v 0.413559 3.458839 -1.889219
v 0.413773 3.880043 0.716433
v 0.413773 3.880043 -1.097532
v 0.415726 0.000000 3.286375
v 0.415726 1.633163 3.286375
v 0.417892 3.831367 0.845598
v 0.417892 3.831367 -1.226683
v 0.419785 3.924568 0.566057
v 0.419785 3.924568 -0.946989
v 0.421432 4.001091 0.189302
v 0.421432 4.001091 -0.570326
v 0.421524 1.880348 3.261103
v 0.422684 3.964897 0.396868
v 0.422684 3.964897 -0.777967
v 0.423141 3.722237 1.084200
v 0.423141 3.722237 -1.465147
v 0.423691 3.140739 1.853983
v 0.423691 3.140739 -2.235075
v 0.426163 3.306190 1.685892
v 0.426163 3.306190 -2.066862
v 0.426651 3.530037 1.403841
v 0.426651 3.530037 -1.784941
v 0.429550 0.000000 3.279665
v 0.429550 1.634178 3.279665
v 0.431412 1.882995 3.249559
v 0.431503 3.661934 1.191378
v 0.431503 3.661934 -1.572325
v 0.432571 3.597832 1.298067
v 0.432571 3.597831 -1.679106
v 0.432907 4.001091 0.163729
v 0.432907 4.001091 -0.544828
v 0.439682 1.885185 3.236845
v 0.440781 3.964897 0.371202
v 0.440781 3.964897 -0.752241
v 0.441940 3.880043 0.690920
v 0.441940 3.880043 -1.071867
v 0.442245 0.000000 3.271166
v 0.442245 1.634956 3.271166
v 0.443100 3.924568 0.540239
v 0.443100 3.924568 -0.921324
v 0.443649 4.001091 0.137896
v 0.443649 4.001091 -0.518858
v 0.443893 3.778786 0.951525
v 0.443893 3.778786 -1.332457
v 0.446304 1.886978 3.223040
v 0.449722 3.384041 1.585192
v 0.449722 3.384041 -1.966154
v 0.450027 3.831367 0.819857
v 0.450027 3.831367 -1.200956
v 0.450272 3.053627 1.921221
v 0.450272 3.053627 -2.302336
v 0.451065 1.888229 3.208609
v 0.453537 4.001091 0.111620
v 0.453537 4.001091 -0.492643
v 0.453812 0.000000 3.261103
v 0.453812 1.635666 3.261103
v 0.453873 1.889007 3.193632
v 0.454880 1.889313 3.178267
v 0.454880 1.889313 3.075541
v 0.457535 3.224907 1.758196
v 0.457535 3.224907 -2.139311
v 0.458023 3.964897 0.344927
v 0.458023 3.964897 -0.726027
v 0.462692 4.001091 0.085100
v 0.462692 4.001091 -0.466200
v 0.462753 3.722237 1.058062
v 0.462753 3.722237 -1.439177
v 0.463791 0.000000 3.249559
v 0.463791 1.636360 3.249559
v 0.465714 3.924568 0.513872
v 0.465714 3.924568 -0.894896
v 0.466507 3.458839 1.482149
v 0.466507 3.458839 -1.863249
v 0.469162 3.880043 0.664400
v 0.469162 3.880043 -1.045500
v 0.470779 4.001091 0.058413
v 0.470779 4.001091 -0.439375
v 0.472336 0.000000 3.236845
v 0.472336 1.636909 3.236845
v 0.474380 3.661934 1.165010
v 0.474380 3.964897 0.318239
v 0.474380 3.964897 -0.699202
v 0.474380 3.661934 -1.546049
v 0.475632 2.963692 1.985102
v 0.475632 2.963691 -2.366209
v 0.476242 3.530037 1.377550
v 0.476242 3.530037 -1.758665
v 0.478287 4.001091 0.031359
v 0.478287 4.001091 -0.412382
v 0.478989 3.597832 1.271639
v 0.478989 3.597831 -1.652739
v 0.479050 0.000000 3.223040
v 0.479050 1.637459 3.223040
v 0.479355 3.778786 0.924852
v 0.479355 3.778786 -1.305876
v 0.481491 3.831367 0.793184
v 0.481491 3.831367 -1.174223
v 0.483994 0.000000 3.208609
v 0.483994 1.637771 3.208609
v 0.484756 3.306190 1.659372
v 0.484756 3.306190 -2.040403
v 0.484848 4.001091 0.004061
v 0.484848 4.001091 -0.385160
v 0.487015 0.000000 3.193632
v 0.487015 1.637848 3.193632
v 0.487411 3.924568 0.486803
v 0.487411 3.924568 -0.867750
v 0.487564 3.140739 1.827623
v 0.487564 3.140739 -2.208647
v 0.487961 0.000000 3.178267
v 0.487961 1.638000 3.178267
v 0.487961 0.000000 3.075541
v 0.487961 1.638000 3.075541
v 0.489914 3.964897 0.290941
v 0.489914 3.964897 -0.671888
v 0.490433 4.001091 -0.023390
v 0.490433 4.001091 -0.357634
v 0.495285 4.001091 -0.051008
v 0.495285 4.001091 -0.330091
v 0.495590 3.880043 0.637178
v 0.495590 3.880043 -1.018217
v 0.499252 4.001091 -0.078703
v 0.499252 4.001091 -0.302336
v 0.501541 3.722237 1.030840
v 0.501541 3.722237 -1.411894
v 0.502304 4.001091 -0.106627
v 0.502304 4.001091 -0.274488
v 0.504501 4.001091 -0.134550
v 0.504501 4.001091 -0.246565
v 0.504593 3.964897 0.263170
v 0.504593 3.964897 -0.644209
v 0.505112 3.384041 1.557970
v 0.505112 3.384041 -1.939085
v 0.505814 4.001091 -0.162474
v 0.505814 4.001091 -0.218473
v 0.506210 4.001091 -0.190474
v 0.508163 3.924568 0.459032
v 0.508163 3.924568 -0.840071
v 0.511887 3.831367 0.765413
v 0.511887 3.831367 -1.146452
v 0.513931 3.778786 0.897081
v 0.513931 3.778786 -1.278196
v 0.516190 3.053627 1.893991
v 0.516190 3.053627 -2.274931
v 0.516586 3.661934 1.137316
v 0.516586 3.661934 -1.518339
v 0.518295 3.224907 1.730745
v 0.518295 3.224907 -2.111753
v 0.518356 3.964897 0.235018
v 0.518356 3.964897 -0.615965
v 0.518600 3.458839 1.454622
v 0.518600 3.458839 -1.835661
v 0.521286 3.880043 0.609102
v 0.521286 3.880043 -0.990049
v 0.524460 3.597832 1.243715
v 0.524460 3.597831 -1.624815
v 0.525162 3.530037 1.349642
v 0.525162 3.530037 -1.730742
v 0.528183 3.924568 0.430635
v 0.528183 3.924568 -0.811583
v 0.531326 3.964897 0.206316
v 0.531326 3.964897 -0.587416
v 0.539444 3.722237 1.002382
v 0.539444 3.722237 -1.383421
v 0.541550 3.831367 0.736788
v 0.541550 3.831367 -1.117796
v 0.542404 3.306190 1.631136
v 0.542404 3.306190 -2.012175
v 0.543411 3.964897 0.177370
v 0.543411 3.964897 -0.558393
v 0.543503 2.963692 1.957018
v 0.543503 2.963691 -2.338072
v 0.545914 3.880043 0.580248
v 0.545914 3.880043 -0.961271
v 0.547318 3.924568 0.401628
v 0.547318 3.924568 -0.782576
v 0.547714 3.778786 0.868303
v 0.547714 3.778786 -1.249388
v 0.550613 3.140739 1.799150
v 0.550613 3.140739 -2.180265
v 0.554489 3.964897 0.148043
v 0.554489 3.964897 -0.529066
v 0.557846 3.661934 1.108309
v 0.557846 3.661934 -1.489317
v 0.559555 3.384041 1.529192
v 0.559555 3.384041 -1.910124
v 0.564713 3.964897 0.118258
v 0.564713 3.964897 -0.499281
v 0.565414 3.924568 0.371981
v 0.565414 3.924568 -0.753080
v 0.569016 3.597832 1.214388
v 0.569016 3.597831 -1.595488
v 0.569687 3.880043 0.550600
v 0.569687 3.880043 -0.931639
v 0.569870 3.458839 1.425371
v 0.569870 3.458839 -1.806395
v 0.570267 3.831367 0.707216
v 0.570267 3.831367 -1.088163
v 0.573044 3.530037 1.320314
v 0.573044 3.530037 -1.701414
v 0.573898 3.964897 0.088289
v 0.573898 3.964897 -0.469328
v 0.576492 3.722237 0.972750
v 0.576492 3.722237 -1.353788
v 0.578293 3.224907 1.701418
v 0.578293 3.224907 -2.082426
v 0.580551 3.778786 0.838427
v 0.580551 3.778786 -1.219542
v 0.581345 3.053627 1.864588
v 0.581345 3.053627 -2.245604
v 0.582169 3.964897 0.057955
v 0.582169 3.964897 -0.438993
v 0.582565 3.924568 0.341799
v 0.582565 3.924568 -0.722822
v 0.589432 3.964897 0.027452
v 0.589432 3.964897 -0.408476
v 0.592484 3.880043 0.520174
v 0.592484 3.880043 -0.901213
v 0.595840 3.964897 -0.003263
v 0.595840 3.964897 -0.377760
v 0.597946 3.831367 0.676729
v 0.597946 3.831367 -1.057768
v 0.598251 3.661934 1.077959
v 0.598251 3.661934 -1.459074
v 0.598892 3.924568 0.311144
v 0.598892 3.924568 -0.692259
v 0.599106 3.306190 1.601030
v 0.599106 3.306190 -1.982054
v 0.601303 3.964897 -0.034163
v 0.601303 3.964897 -0.346785
v 0.605637 3.964897 -0.065214
v 0.605637 3.964897 -0.315733
v 0.609085 3.964897 -0.096495
v 0.609085 3.964897 -0.284544
v 0.610489 2.963692 1.926836
v 0.610489 2.963691 -2.307859
v 0.611588 3.964897 -0.127760
v 0.611588 3.964897 -0.253263
v 0.612350 3.778786 0.807604
v 0.612350 3.778786 -1.188627
v 0.612595 3.140739 1.768885
v 0.612595 3.722237 0.941851
v 0.612595 3.722237 -1.322966
v 0.612595 3.140739 -2.149839
v 0.612686 3.597832 1.183809
v 0.612686 3.597831 -1.564848
v 0.612991 3.964897 -0.159117
v 0.612991 3.964897 -0.221830
v 0.613144 3.384041 1.498613
v 0.613144 3.384041 -1.879637
v 0.613541 3.964897 -0.190474
v 0.613937 2.745522 -3.456572
v 0.614090 3.924568 0.280031
v 0.614090 3.924568 -0.661039
v 0.614334 3.880043 0.489138
v 0.614334 3.880043 -0.870176
v 0.619919 3.530037 1.289492
v 0.619919 3.530037 -1.670530
v 0.620163 3.458839 1.394640
v 0.620163 3.458839 -1.775572
v 0.624619 3.831367 0.645449
v 0.624619 3.831367 -1.026396
v 0.628433 3.924568 0.248354
v 0.628433 3.924568 -0.629454
v 0.632553 2.963692 2.447802
v 0.632553 2.963691 -2.828886
v 0.635147 3.880043 0.457399
v 0.635147 3.880043 -0.838423
v 0.637100 3.224907 1.670214
v 0.637100 3.224907 -2.051237
v 0.637558 3.661934 1.046450
v 0.637558 3.661934 -1.427549
v 0.641678 3.924568 0.216372
v 0.641678 3.924568 -0.597334
v 0.643173 3.778786 0.775789
v 0.643173 3.778786 -1.156797
v 0.645370 3.053627 1.833155
v 0.645370 3.053627 -2.214170
v 0.647690 3.722237 0.909945
v 0.647690 3.722237 -1.290983
v 0.650375 3.831367 0.613237
v 0.650375 3.831367 -0.994184
v 0.653946 3.924568 0.183840
v 0.653946 3.924568 -0.564802
v 0.654892 2.745522 -3.456572
v 0.654953 3.306190 1.569201
v 0.654953 3.880043 0.425020
v 0.654953 3.880043 -0.805967
v 0.654953 3.306190 -1.950254
v 0.655350 3.597832 1.151751
v 0.655350 3.597831 -1.532774
v 0.665176 3.924568 0.150927
v 0.665176 3.924568 -0.532042
v 0.665726 3.384041 1.466402
v 0.665726 3.384041 -1.847502
v 0.666031 3.530037 1.257128
v 0.666031 3.530037 -1.638151
v 0.668594 2.963692 2.455286
v 0.668594 2.963691 -2.836302
v 0.669540 3.458839 1.362261
v 0.669540 3.458839 -1.743223
v 0.673050 3.778786 0.742952
v 0.673050 3.778786 -1.124052
v 0.673599 3.140739 1.736513
v 0.673599 3.140739 -2.117552
v 0.673843 3.880043 0.391954
v 0.673843 3.880043 -0.773054
v 0.675156 3.831367 0.580248
v 0.675156 3.831367 -0.961271
v 0.675400 3.924568 0.117785
v 0.675400 3.924568 -0.498884
v 0.675949 3.661934 1.013765
v 0.675949 3.661934 -1.394712
v 0.676559 2.963692 1.894464
v 0.676559 2.963691 -2.275480
v 0.681625 3.722237 0.877031
v 0.681625 3.722237 -1.257994
v 0.684586 3.924568 0.084322
v 0.684586 3.924568 -0.465269
v 0.691544 3.880043 0.358400
v 0.691544 3.880043 -0.739515
v 0.692642 3.924568 0.050554
v 0.692642 3.924568 -0.431654
v 0.695114 3.224907 1.637217
v 0.695114 3.224907 -2.018187
v 0.696976 3.597832 1.118364
v 0.696976 3.597832 -1.499479
v 0.698868 3.831367 0.546556
v 0.698868 3.831367 -0.927656
v 0.699722 3.924568 0.016527
v 0.699722 3.924568 -0.397642
v 0.701920 3.778786 0.709246
v 0.701920 3.778786 -1.090300
v 0.704025 2.630547 3.075541
v 0.704788 2.963692 2.461603
v 0.704788 2.963691 -2.842710
v 0.705673 3.924568 -0.017637
v 0.705673 3.924568 -0.363401
v 0.708328 3.880043 0.324327
v 0.708328 3.880043 -0.705351
v 0.708389 3.053627 1.799768
v 0.708389 3.053627 -2.180876
v 0.709702 3.306190 1.535738
v 0.709702 3.306190 -1.916716
v 0.710556 3.924568 -0.051954
v 0.710556 3.924568 -0.328993
v 0.711044 3.530037 1.223421
v 0.711044 3.530037 -1.604399
v 0.713150 3.661934 0.979753
v 0.713150 3.661934 -1.360868
v 0.714401 3.924568 -0.086500
v 0.714401 3.924568 -0.294523
v 0.714706 3.722237 0.842867
v 0.714706 3.722237 -1.223967
v 0.717056 3.924568 -0.121122
v 0.717056 3.924568 -0.259901
v 0.717270 3.384041 1.432558
v 0.717270 3.384041 -1.813597
v 0.717758 3.458839 1.328264
v 0.717758 3.458839 -1.709288
v 0.718674 3.924568 -0.155851
v 0.718674 3.924568 -0.225264
v 0.719223 3.924568 -0.190474
v 0.721390 3.831367 0.512148
v 0.721390 3.831367 -0.893171
v 0.723892 3.880043 0.289690
v 0.723892 3.880043 -0.670713
v 0.729599 3.778786 0.674623
v 0.729599 3.778786 -1.055723
v 0.733566 3.140739 1.702272
v 0.733566 3.140739 -2.083281
v 0.736771 2.745522 -3.456572
v 0.737656 3.597832 1.083727
v 0.737656 3.597832 -1.464781
v 0.738510 3.880043 0.254595
v 0.738510 3.880043 -0.635618
v 0.739029 0.000000 3.456572
v 0.739029 1.949928 3.266092
v 0.739029 0.000000 3.075541
v 0.739029 1.949928 3.075541
v 0.741135 2.963692 2.466753
v 0.741135 2.963691 -2.847868
v 0.741531 2.963692 1.859987
v 0.741531 2.963691 -2.240995
v 0.742935 3.831367 0.477037
v 0.742935 3.831367 -0.858000
v 0.746597 3.722237 0.807848
v 0.746597 3.722237 -1.188871
v 0.749496 3.661934 0.944658
v 0.749496 3.661934 -1.325743
v 0.751846 3.880043 0.219027
v 0.751846 3.880043 -0.600126
v 0.751968 3.224907 1.602358
v 0.751968 3.224907 -1.983397
v 0.754868 3.530037 1.188250
v 0.754868 3.530037 -1.569304
v 0.756180 3.778786 0.639208
v 0.756180 3.778786 -1.020170
v 0.763382 3.306190 1.500414
v 0.763382 3.831367 0.441164
v 0.763382 3.831367 -0.822279
v 0.763382 3.306190 -1.881529
v 0.764236 3.880043 0.183062
v 0.764236 3.880043 -0.564177
v 0.764877 3.458839 1.292849
v 0.764877 3.458839 -1.673887
v 0.767654 3.384041 1.397127
v 0.767654 3.384041 -1.778166
v 0.770401 3.053627 1.764360
v 0.770401 3.053627 -2.145475
v 0.775314 3.880043 0.146791
v 0.775314 3.880043 -0.527906
v 0.777023 3.597832 1.047777
v 0.777023 3.597832 -1.428801
v 0.777512 3.722237 0.771730
v 0.777512 3.722237 -1.152861
v 0.777725 2.963692 2.470804
v 0.777725 2.963691 -2.851835
v 0.781723 3.778786 0.602938
v 0.781723 3.778786 -0.983885
v 0.782028 2.630547 3.075541
v 0.782700 3.831367 0.404818
v 0.782700 3.831367 -0.785841
v 0.784348 2.630547 3.075541
v 0.784531 3.661934 0.908556
v 0.784531 3.661934 -1.289488
v 0.785385 3.880043 0.110216
v 0.785385 3.880043 -0.491240
v 0.792465 3.140739 1.666231
v 0.792465 3.140739 -2.047209
v 0.794205 3.880043 0.073244
v 0.794205 3.880043 -0.454191
v 0.797562 3.530037 1.151751
v 0.797562 3.530037 -1.532774
v 0.800735 3.831367 0.367846
v 0.800735 3.831367 -0.748808
v 0.801895 3.880043 0.036028
v 0.801895 3.880043 -0.417067
v 0.805405 2.963692 1.823565
v 0.805405 2.963691 -2.204679
v 0.806046 3.778785 0.565889
v 0.806046 3.778786 -0.946836
v 0.807144 3.722237 0.734682
v 0.807144 3.722237 -1.115782
v 0.807755 3.224907 1.565691
v 0.807755 3.224907 -1.946623
v 0.808456 3.880043 -0.001326
v 0.808456 3.880043 -0.379698
v 0.810959 3.458839 1.256029
v 0.810959 3.458839 -1.637083
v 0.813858 3.880043 -0.038923
v 0.813858 3.880043 -0.342024
v 0.814407 2.963692 2.473696
v 0.814407 2.963691 -2.854704
v 0.815384 3.597832 1.010653
v 0.815384 3.597832 -1.391661
v 0.815964 3.306190 1.463518
v 0.815964 3.306190 -1.844542
v 0.817032 3.384041 1.360094
v 0.817032 3.384041 -1.741117
v 0.817825 3.831367 0.330263
v 0.817825 3.831367 -0.711363
v 0.817978 3.880043 -0.076750
v 0.817978 3.880043 -0.304365
v 0.818436 3.661934 0.871187
v 0.818436 3.661934 -1.252226
v 0.820938 3.880043 -0.114576
v 0.820938 3.880043 -0.266371
v 0.822800 3.880043 -0.152555
v 0.822800 3.880043 -0.228453
v 0.823349 3.880043 -0.190474
v 0.829208 3.778785 0.527987
v 0.829208 3.778786 -0.909086
v 0.831223 3.053627 1.727152
v 0.831223 3.053627 -2.108183
v 0.832626 2.753166 -3.456572
v 0.833511 3.831367 0.292269
v 0.833511 3.831367 -0.673216
v 0.835617 3.722237 0.696779
v 0.835617 3.722237 -1.077879
v 0.839188 3.530037 1.113924
v 0.839188 3.530037 -1.494871
v 0.848068 3.831367 0.253740
v 0.848068 3.831367 -0.634764
v 0.850266 3.140739 1.628252
v 0.850266 3.140739 -2.009184
v 0.851028 2.963692 2.475405
v 0.851028 2.963691 -2.856504
v 0.851212 3.661934 0.832796
v 0.851212 3.778785 0.489534
v 0.851212 3.778786 -0.870634
v 0.851212 3.661934 -1.213835
v 0.852524 3.597832 0.972429
v 0.852524 3.597832 -1.353361
v 0.855728 3.458839 1.217653
v 0.855728 3.458839 -1.598753
v 0.861404 3.831367 0.214739
v 0.861404 3.831367 -0.595762
v 0.862350 3.224907 1.527391
v 0.862350 3.224907 -1.908354
v 0.862839 3.722237 0.658007
v 0.862839 3.722237 -1.039122
v 0.865189 3.384041 1.321566
v 0.865189 3.384041 -1.702604
v 0.867355 3.306190 1.424898
v 0.867355 3.306190 -1.806028
v 0.868057 2.963692 1.785265
v 0.868057 2.963691 -2.166227
v 0.871933 3.778785 0.450304
v 0.871933 3.778786 -0.831404
v 0.873489 3.831367 0.175356
v 0.873489 3.831367 -0.556379
v 0.879501 3.530037 1.074831
v 0.879501 3.530037 -1.455778
v 0.882736 3.661934 0.793505
v 0.882736 3.661934 -1.174528
v 0.884354 3.831367 0.135637
v 0.884354 3.831367 -0.516661
v 0.887802 2.963692 2.802538
v 0.887802 2.963692 2.476030
v 0.887802 2.963691 -2.857054
v 0.887802 2.963692 -3.183653
v 0.888504 3.597832 0.932878
v 0.888504 3.597832 -1.313902
v 0.888779 3.722236 0.618380
v 0.888779 3.722237 -0.999418
v 0.890915 3.053627 1.687998
v 0.890915 3.053627 -2.068968
v 0.891464 3.778785 0.410585
v 0.891464 3.778786 -0.791548
v 0.894028 3.831367 0.095552
v 0.894028 3.831367 -0.476576
v 0.896988 1.989006 -3.456572
v 0.898941 1.989006 -3.456572
v 0.899338 3.458839 1.178026
v 0.899338 3.458839 -1.559080
v 0.902390 3.831367 0.055223
v 0.902390 3.831367 -0.436171
v 0.906723 3.140739 1.588549
v 0.906723 3.140739 -1.969572
v 0.907272 2.914864 2.822039
v 0.907272 2.914864 -3.203154
v 0.909470 3.831367 0.014589
v 0.909470 3.831367 -0.395689
v 0.909683 3.778785 0.370028
v 0.909683 3.778786 -0.751143
v 0.911972 3.384041 1.281542
v 0.911972 3.384041 -1.662474
v 0.913040 3.661934 0.753176
v 0.913040 3.661934 -1.134123
v 0.913620 3.722236 0.577990
v 0.913620 3.722237 -0.959013
v 0.915237 3.831367 -0.026121
v 0.915237 3.831367 -0.354826
v 0.915634 3.224907 1.487307
v 0.915634 3.224907 -1.868315
v 0.917435 3.306190 1.384737
v 0.917435 3.306190 -1.765837
v 0.918594 3.530037 1.034426
v 0.918594 3.530037 -1.415464
v 0.919754 3.831367 -0.067076
v 0.919754 3.831367 -0.313871
v 0.923019 3.831367 -0.108107
v 0.923019 3.831367 -0.272840
v 0.923111 3.597832 0.892321
v 0.923111 3.597832 -1.273252
v 0.924545 2.963692 2.475405
v 0.924545 2.963691 -2.856504
v 0.924911 3.831367 -0.149290
v 0.924911 3.831367 -0.231733
v 0.925522 3.831367 -0.190474
v 0.926712 3.778785 0.329073
v 0.926712 3.778786 -0.710188
v 0.926804 2.768684 2.880541
v 0.926804 2.768684 -3.261656
v 0.929428 2.963692 1.744860
v 0.929428 2.963691 -2.125883
v 0.937180 3.722236 0.536791
v 0.937180 3.722237 -0.917814
v 0.941757 3.458839 1.136919
v 0.941757 3.458839 -1.518034
v 0.942062 3.661934 0.711916
v 0.942062 3.661934 -1.092863
v 0.942368 3.778785 0.287584
v 0.942368 3.778786 -0.668699
v 0.946274 2.817360 2.861040
v 0.946274 2.817360 -3.242125
v 0.949265 3.053627 1.646967
v 0.949265 3.053627 -2.027983
v 0.956497 3.530037 0.992785
v 0.956497 3.597832 0.850588
v 0.956497 3.597832 -1.231718
v 0.956497 3.530037 -1.373869
v 0.956741 3.778785 0.245699
v 0.956741 3.778786 -0.626722
v 0.957596 3.384041 1.240038
v 0.957596 3.384041 -1.621061
v 0.959305 3.722236 0.494829
v 0.959305 3.722237 -0.875929
v 0.961258 2.963692 2.473696
v 0.961258 2.963691 -2.854704
v 0.962021 3.140739 1.547060
v 0.962021 3.140739 -1.928099
v 0.966232 3.306190 1.343004
v 0.966232 3.306190 -1.724119
v 0.967667 3.224907 1.445574
v 0.967667 3.224907 -1.826597
v 0.969772 3.661934 0.669786
v 0.969772 3.778785 0.203264
v 0.969772 3.778786 -0.584364
v 0.969772 3.661934 -1.050718
v 0.975540 2.768684 2.929293
v 0.975540 2.768684 -3.310331
v 0.979843 2.630547 3.075541
v 0.980209 3.722236 0.452242
v 0.980209 3.722237 -0.833342
v 0.981461 3.778785 0.160524
v 0.981461 3.778786 -0.541563
v 0.982803 3.458839 1.094576
v 0.982803 3.458839 -1.475676
v 0.988571 3.597832 0.807924
v 0.988571 3.597832 -1.188932
v 0.989670 2.963692 1.702585
v 0.989670 2.963691 -2.083616
v 0.991837 3.778785 0.117388
v 0.991837 3.778786 -0.498411
v 0.993027 3.530037 0.950121
v 0.993027 3.530037 -1.331144
v 0.996048 3.661934 0.626726
v 0.996048 3.661934 -1.007689
v 0.997940 2.963692 2.470804
v 0.997940 2.963691 -2.851835
v 0.999710 3.722236 0.409029
v 0.999710 3.722237 -0.790144
v 1.000809 3.778785 0.074022
v 1.000809 3.778786 -0.454985
v 1.001877 3.384041 1.197145
v 1.001877 3.384041 -1.578154
v 1.006271 3.053627 1.604151
v 1.006271 3.053627 -1.985106
v 1.008469 3.778786 0.030275
v 1.008469 3.778786 -0.411299
v 1.013748 3.306190 1.299791
v 1.013748 3.306190 -1.680815
v 1.014694 3.778786 -0.013655
v 1.014694 3.778786 -0.367460
v 1.015945 3.140739 1.503756
v 1.015945 3.140739 -1.884886
v 1.017868 3.722236 0.365267
v 1.017868 3.722237 -0.746229
v 1.018448 3.224907 1.402208
v 1.018448 3.224907 -1.783323
v 1.019211 3.597832 0.764238
v 1.019211 3.597832 -1.145353
v 1.019516 3.778786 -0.057646
v 1.019516 3.778786 -0.323301
v 1.021011 3.661934 0.582827
v 1.021011 3.661934 -0.963926
v 1.022415 3.458839 1.051058
v 1.022415 3.458839 -1.432005
v 1.022964 3.778786 -0.101866
v 1.022964 3.778786 -0.279081
v 1.024277 2.768684 3.075541
v 1.024277 2.768684 -3.456572
v 1.025162 3.778786 -0.146162
v 1.025162 3.778786 -0.234938
v 1.025772 3.778786 -0.190474
v 1.028122 3.530037 0.906206
v 1.028122 3.530037 -1.287321
v 1.034561 3.722236 0.320818
v 1.034561 3.722237 -0.701918
v 1.044724 3.661934 0.538271
v 1.044724 3.661934 -0.919386
v 1.044785 3.384041 1.152834
v 1.044785 3.384041 -1.533873
v 1.048386 2.963692 1.658510
v 1.048386 2.963691 -2.039457
v 1.048538 3.597831 0.719713
v 1.048538 3.597832 -1.100828
v 1.050003 3.722236 0.275972
v 1.050003 3.722237 -0.657072
v 1.059952 3.306190 1.255175
v 1.059952 3.306190 -1.636198
v 1.060806 3.458839 1.006197
v 1.060806 3.458839 -1.387236
v 1.061874 3.530037 0.861269
v 1.061874 3.530037 -1.242308
v 1.061966 3.053627 1.559534
v 1.061966 3.053627 -1.940580
v 1.063889 3.722236 0.230654
v 1.063889 3.722237 -0.611753
v 1.066879 3.661934 0.493044
v 1.066879 3.661934 -0.874067
v 1.067734 3.224907 1.357363
v 1.067734 3.224907 -1.738462
v 1.068497 3.140739 1.458910
v 1.068497 3.140739 -1.840025
v 1.073044 2.768684 3.026789
v 1.073044 2.768684 -3.407804
v 1.076401 3.597831 0.674242
v 1.076401 3.722236 0.184938
v 1.076401 3.722237 -0.565962
v 1.076401 3.597832 -1.055265
v 1.086288 3.384041 1.107286
v 1.086288 3.384041 -1.488249
v 1.087540 3.722236 0.138765
v 1.087540 3.722237 -0.519865
v 1.087631 3.661934 0.447100
v 1.087631 3.661934 -0.828123
v 1.094254 3.530037 0.815325
v 1.094254 3.530037 -1.196287
v 1.097122 3.722237 0.092363
v 1.097122 3.722237 -0.473387
v 1.097610 3.458839 0.960100
v 1.097610 3.458839 -1.341215
v 1.102829 3.597831 0.627825
v 1.102829 3.597832 -1.008848
v 1.104568 3.306190 1.209002
v 1.104568 3.306190 -1.590025
v 1.105331 3.722237 0.045717
v 1.105331 3.722237 -0.426664
v 1.105484 2.614006 3.075541
v 1.105728 2.963692 1.612574
v 1.105728 2.963691 -1.993528
v 1.106979 3.661934 0.400454
v 1.106979 3.661934 -0.781569
v 1.111954 3.722237 -0.001326
v 1.111954 3.722237 -0.379698
v 1.113815 -0.000078 -3.456572
v 1.115616 3.224907 1.310946
v 1.115616 3.224907 -1.691984
v 1.116165 3.053627 1.513124
v 1.116165 3.053627 -1.894224
v 1.117172 3.722237 -0.048353
v 1.117172 3.722237 -0.332594
v 1.119522 3.140739 1.412416
v 1.119522 3.140739 -1.793547
v 1.120132 2.760963 3.075541
v 1.120865 3.722237 -0.095793
v 1.120865 3.722237 -0.285322
v 1.123093 3.722237 -0.143126
v 1.123093 3.722237 -0.237974
v 1.123886 3.722237 -0.190474
v 1.124741 3.661934 0.353334
v 1.124741 3.661934 -0.734373
v 1.125046 3.530037 0.768297
v 1.125046 3.530037 -1.149321
v 1.126328 3.384041 1.060411
v 1.126328 3.384041 -1.441435
v 1.127792 3.597831 0.580721
v 1.127792 3.597832 -0.961729
v 1.133011 3.458839 0.912996
v 1.133011 3.458839 -1.294035
v 1.141037 3.661934 0.305605
v 1.141037 3.661934 -0.686552
v 1.147751 3.306190 1.161501
v 1.147751 3.306190 -1.542601
v 1.151260 3.597831 0.532747
v 1.151260 3.597832 -0.913847
v 1.154404 3.530037 0.720400
v 1.154404 3.530037 -1.101439
v 1.155960 3.661934 0.257402
v 1.155960 3.661934 -0.638426
v 1.161118 2.760963 3.075541
v 1.161179 0.663002 -3.456572
v 1.161728 2.963692 1.564760
v 1.161728 2.963691 -1.945768
v 1.162094 3.224907 1.263063
v 1.162094 3.224907 -1.644011
v 1.164291 0.663002 -3.456572
v 1.164841 3.384041 1.012285
v 1.164841 3.384041 -1.393309
v 1.166946 3.458839 0.864717
v 1.166946 3.458839 -1.245817
v 1.168991 3.053627 1.465151
v 1.168991 3.053627 -1.846189
v 1.169205 3.140739 1.364458
v 1.169205 3.661934 0.208727
v 1.169205 3.661934 -0.589766
v 1.169205 3.140739 -1.745481
v 1.170517 0.663002 -3.456572
v 1.173203 3.597831 0.484072
v 1.173203 3.597832 -0.865171
v 1.180893 3.661934 0.159746
v 1.180893 3.661934 -0.540693
v 1.182327 3.530037 0.671511
v 1.182327 3.530037 -1.052519
v 1.189499 3.306190 1.112597
v 1.189499 3.306190 -1.493711
v 1.191299 3.661934 0.110292
v 1.191299 3.661934 -0.491407
v 1.193619 3.597831 0.434771
v 1.193619 3.597832 -0.815886
v 1.199295 3.458839 0.815416
v 1.199295 3.458839 -1.196501
v 1.199844 3.661934 0.060686
v 1.199844 3.661934 -0.441633
v 1.201889 3.384041 0.962908
v 1.201889 3.384041 -1.344023
v 1.206955 3.224907 1.213686
v 1.206955 3.661934 0.010683
v 1.206955 3.661934 -0.391798
v 1.206955 3.224907 -1.594725
v 1.208603 3.530037 0.621828
v 1.208603 3.530037 -1.002928
v 1.212509 3.597831 0.384935
v 1.212509 3.661934 -0.039457
v 1.212509 3.661934 -0.341566
v 1.212509 3.597832 -0.765959
v 1.215988 2.963692 1.515306
v 1.215988 2.963691 -1.896269
v 1.216476 3.661934 -0.089689
v 1.216476 3.661934 -0.291258
v 1.217178 3.140739 1.314775
v 1.217178 3.140739 -1.695890
v 1.218826 3.661934 -0.140089
v 1.218826 3.661934 -0.241026
v 1.219589 3.661934 -0.190474
v 1.220200 3.053627 1.415468
v 1.220200 3.053627 -1.796568
v 1.222580 2.565498 3.075541
v 1.229752 3.306190 1.062517
v 1.229752 3.306190 -1.443632
v 1.229813 3.597831 0.334398
v 1.229813 3.597832 -0.715498
v 1.230148 3.458839 0.765108
v 1.230148 3.458839 -1.146208
v 1.233231 3.530037 0.571352
v 1.233231 3.530037 -0.952375
v 1.237320 3.384041 0.912523
v 1.237320 3.384041 -1.293638
v 1.245438 3.597831 0.283373
v 1.245438 3.597832 -0.664412
v 1.250351 3.224907 1.162905
v 1.250351 3.224907 -1.544004
v 1.256393 3.530037 0.520174
v 1.256393 3.530037 -0.901136
v 1.259384 3.458839 0.713854
v 1.259384 3.458839 -1.094877
v 1.259537 3.597832 0.231966
v 1.259537 3.597832 -0.612913
v 1.263657 3.140739 1.263750
v 1.263657 3.140739 -1.644773
v 1.268265 3.306190 1.011187
v 1.268265 3.306190 -1.392241
v 1.268814 2.963692 1.464128
v 1.268814 2.963691 -1.845091
v 1.269424 0.663002 -3.456572
v 1.269913 3.053627 1.364229
v 1.269913 3.053627 -1.745268
v 1.271225 3.384041 0.861040
v 1.271225 3.384041 -1.241972
v 1.272110 3.597832 0.180025
v 1.272110 3.597832 -0.561125
v 1.277939 3.530037 0.468233
v 1.277939 3.530037 -0.849180
v 1.282852 3.597832 0.127840
v 1.282852 3.597832 -0.508879
v 1.286911 3.458839 0.661837
v 1.286911 3.458839 -1.042784
v 1.292038 3.224907 1.110888
v 1.292038 3.597832 0.075182
v 1.292038 3.597832 -0.456297
v 1.292038 3.224907 -1.492002
v 1.297836 3.530037 0.415667
v 1.297836 3.530037 -0.796614
v 1.299545 3.597832 0.022463
v 1.299545 3.597832 -0.403425
v 1.303360 3.384041 0.808474
v 1.303360 3.384041 -1.189421
v 1.305161 3.306190 0.958696
v 1.305161 3.306190 -1.339628
v 1.305405 3.597832 -0.030653
v 1.305405 3.597832 -0.350370
v 1.308609 3.140739 1.211184
v 1.308609 3.140739 -1.592222
v 1.309525 3.597832 -0.083769
v 1.309525 3.597832 -0.297178
v 1.312180 3.597832 -0.137129
v 1.312180 3.597832 -0.243895
v 1.312881 3.458839 0.608797
v 1.312881 3.597832 -0.190474
v 1.312881 3.458839 -0.989897
v 1.316086 3.530037 0.362459
v 1.316086 3.530037 -0.743498
v 1.317856 3.053627 1.311495
v 1.317856 3.053627 -1.692442
v 1.319992 2.963692 1.411333
v 1.319992 2.963691 -1.792265
v 1.324722 0.000000 3.456572
v 1.324722 1.949928 3.266092
v 1.324722 0.000000 3.075541
v 1.324722 1.949928 3.075541
v 1.332016 3.224907 1.057528
v 1.332016 3.224907 -1.438627
v 1.332535 3.530037 0.308657
v 1.332535 3.530037 -0.689756
v 1.333847 3.384041 0.754885
v 1.333847 3.384041 -1.135832
v 1.337143 3.458839 0.555040
v 1.337143 3.458839 -0.936079
v 1.340439 3.306190 0.904955
v 1.340439 3.306190 -1.285978
v 1.347427 3.530037 0.254427
v 1.347427 3.530037 -0.635542
v 1.351822 3.140739 1.157290
v 1.351822 3.140739 -1.538298
v 1.359756 3.458839 0.500612
v 1.359756 3.458839 -0.881559
v 1.360458 3.530037 0.199831
v 1.360458 3.530037 -0.580870
v 1.362808 3.384041 0.700365
v 1.362808 3.384041 -1.081480
v 1.364304 3.053627 1.257204
v 1.364304 3.053627 -1.638304
v 1.369492 2.963691 1.356966
v 1.369492 2.963691 -1.738005
v 1.370377 3.224907 1.002993
v 1.370377 3.224907 -1.383940
v 1.371933 3.530037 0.144762
v 1.371933 3.530037 -0.525801
v 1.373978 3.306190 0.850191
v 1.373978 3.306190 -1.231230
v 1.380600 3.458839 0.445467
v 1.380600 3.458839 -0.826490
v 1.381546 3.530037 0.089464
v 1.381546 3.530037 -0.470427
v 1.389481 3.530037 0.033693
v 1.389481 3.530037 -0.414793
v 1.389786 3.384041 0.645067
v 1.389786 3.384041 -1.025999
v 1.393326 3.140739 1.101992
v 1.393326 3.140739 -1.483000
v 1.395737 3.530037 -0.022078
v 1.395737 3.530037 -0.358961
v 1.399704 3.458839 0.389620
v 1.399704 3.458839 -0.770643
v 1.400162 3.530037 -0.078154
v 1.400162 3.530037 -0.302870
v 1.402725 3.530037 -0.134321
v 1.402725 3.530037 -0.246717
v 1.403580 3.530037 -0.190474
v 1.405777 3.306190 0.794436
v 1.405777 3.306190 -1.175383
v 1.407120 3.224907 0.947313
v 1.407120 3.224907 -1.328245
v 1.408829 3.053627 1.201601
v 1.408829 3.053627 -1.582548
v 1.415207 3.384041 0.588823
v 1.415207 3.384041 -0.969847
v 1.417099 3.458839 0.333223
v 1.417099 3.458839 -0.714247
v 1.417191 2.963691 1.301119
v 1.417191 2.963691 -1.682066
v 1.432602 3.458839 0.276430
v 1.432602 3.458839 -0.657377
v 1.432907 3.140739 1.045504
v 1.432907 3.140739 -1.426542
v 1.435898 3.306190 0.737642
v 1.435898 3.306190 -1.118681
v 1.438766 3.384041 0.531893
v 1.438766 3.384041 -0.912992
v 1.441818 3.224907 0.890368
v 1.441818 3.224907 -1.271391
v 1.446426 3.458839 0.219027
v 1.446426 3.458839 -0.599974
v 1.451706 3.053627 1.144487
v 1.451706 3.053627 -1.525541
v 1.458359 3.458839 0.161226
v 1.458359 3.458839 -0.542341
v 1.460617 3.384041 0.474245
v 1.460617 3.384041 -0.855268
v 1.463120 2.963691 1.243624
v 1.463120 2.963691 -1.624662
v 1.464127 3.306190 0.679918
v 1.464127 3.306190 -1.061033
v 1.468491 3.458839 0.103121
v 1.468491 3.458839 -0.484221
v 1.470840 3.140739 0.987795
v 1.470840 3.140739 -1.368742
v 1.474960 3.224907 0.832506
v 1.474960 3.224907 -1.213438
v 1.476700 3.458839 0.044847
v 1.476700 3.458839 -0.425810
v 1.480667 3.384041 0.415895
v 1.480667 3.384041 -0.796919
v 1.483231 3.458839 -0.013884
v 1.483231 3.458839 -0.367231
v 1.487900 3.458839 -0.072615
v 1.487900 3.458839 -0.308409
v 1.490494 3.306190 0.621416
v 1.490494 3.306190 -1.002439
v 1.490646 3.458839 -0.131590
v 1.490646 3.458839 -0.249449
v 1.491562 3.458839 -0.190474
v 1.492691 3.053627 1.086153
v 1.492691 3.053627 -1.467192
v 1.498764 3.384041 0.356997
v 1.498764 3.384041 -0.737959
v 1.506149 3.224907 0.773531
v 1.506149 3.224907 -1.154570
v 1.507034 3.140739 0.928820
v 1.507034 3.140739 -1.309843
v 1.507339 2.963691 1.184908
v 1.507339 2.963691 -1.565947
v 1.514999 3.384041 0.297487
v 1.514999 3.384041 -0.678511
v 1.515121 3.306190 0.562075
v 1.515121 3.306190 -0.943174
v 1.529404 3.384041 0.237597
v 1.529404 3.384041 -0.618620
v 1.531906 3.053627 1.026476
v 1.531906 3.053627 -1.407499
v 1.535507 3.224907 0.713549
v 1.535507 3.224907 -1.094572
v 1.537918 3.306190 0.502001
v 1.537918 3.306190 -0.883116
v 1.541275 3.140739 0.868837
v 1.541275 3.140739 -1.249937
v 1.541885 3.384041 0.177217
v 1.541885 3.384041 -0.558332
v 1.549606 2.963691 1.124758
v 1.549606 2.963691 -1.505705
v 1.552414 3.384041 0.116533
v 1.552414 3.384041 -0.497480
v 1.558670 3.306190 0.441332
v 1.558670 3.306190 -0.822279
v 1.561142 3.384041 0.055452
v 1.561142 3.384041 -0.436491
v 1.562943 3.224907 0.652788
v 1.562943 3.224907 -1.033751
v 1.567947 3.384041 -0.005781
v 1.567947 3.384041 -0.375181
v 1.569199 3.053627 0.965639
v 1.569199 3.053627 -1.346739
v 1.572800 3.384041 -0.067320
v 1.572800 3.384041 -0.313795
v 1.573471 3.140739 0.807848
v 1.573471 3.140739 -1.188871
v 1.575668 3.384041 -0.128859
v 1.575668 3.384041 -0.252165
v 1.576675 3.384041 -0.190474
v 1.577530 3.306190 0.379854
v 1.577530 3.306190 -0.760893
v 1.580978 0.000000 3.456572
v 1.580978 1.949928 3.266092
v 1.580978 0.000000 3.075541
v 1.580978 1.949928 3.075541
v 1.588547 3.224907 0.591082
v 1.588547 3.224907 -0.972197
v 1.589951 2.963691 1.063295
v 1.589951 2.963691 -1.444395
v 1.594467 3.306190 0.317934
v 1.594467 3.306190 -0.698957
v 1.603897 3.140739 0.745760
v 1.603897 3.140739 -1.126860
v 1.604599 3.053627 0.903627
v 1.604599 3.053627 -1.284666
v 1.609421 3.306190 0.255449
v 1.609421 3.306190 -0.636488
v 1.612106 3.224907 0.528765
v 1.612106 3.224907 -0.909788
v 1.622452 3.306190 0.192583
v 1.622452 3.306190 -0.573622
v 1.628403 2.963691 1.000658
v 1.628403 2.963691 -1.381681
v 1.632370 3.140739 0.682802
v 1.632370 3.140739 -1.063841
v 1.633469 3.306190 0.129320
v 1.633469 3.306190 -0.510344
v 1.633682 3.224907 0.465670
v 1.633682 3.224907 -0.846693
v 1.637894 3.053627 0.840609
v 1.637894 3.053627 -1.221708
v 1.642593 3.306190 0.065752
v 1.642593 3.306190 -0.446699
v 1.649673 3.306190 0.001863
v 1.649673 3.306190 -0.382978
v 1.653275 3.224907 0.401857
v 1.653275 3.224907 -0.782957
v 1.654678 3.306190 -0.062162
v 1.654678 3.306190 -0.318861
v 1.657730 3.306190 -0.126280
v 1.657730 3.306190 -0.254744
v 1.658676 3.306190 -0.190474
v 1.658798 3.140739 0.619005
v 1.658798 3.140739 -0.999968
v 1.664749 2.963691 0.936769
v 1.664749 2.963691 -1.317808
v 1.669327 3.053627 0.776567
v 1.669327 3.053627 -1.157591
v 1.670822 3.224907 0.337587
v 1.670822 3.224907 -0.718611
v 1.683212 3.140739 0.554415
v 1.683212 3.140739 -0.935453
v 1.686508 3.224907 0.272692
v 1.686508 3.224907 -0.653639
v 1.698654 3.053627 0.711428
v 1.698654 3.053627 -1.092558
v 1.699203 2.963692 0.871798
v 1.699203 2.963691 -1.252836
v 1.699905 3.224907 0.207323
v 1.699905 3.224907 -0.588346
v 1.705612 3.140739 0.488985
v 1.705612 3.140739 -0.870085
v 1.711472 3.224907 0.141573
v 1.711472 3.224907 -0.522688
v 1.720810 3.224907 0.075655
v 1.720810 3.224907 -0.456617
v 1.725876 3.140739 0.422915
v 1.725876 3.140739 -0.804014
v 1.726059 3.053627 0.645601
v 1.726059 3.053627 -1.026548
v 1.728165 3.224907 0.009295
v 1.728165 3.224907 -0.390394
v 1.731583 2.963692 0.805895
v 1.731583 2.963691 -1.186857
v 1.733383 3.224907 -0.057173
v 1.733383 3.224907 -0.323866
v 1.736588 3.224907 -0.123777
v 1.736588 3.224907 -0.257170
v 1.737656 3.224907 -0.190474
v 1.744156 3.140739 0.356386
v 1.744156 3.140739 -0.737410
v 1.751266 3.053627 0.578844
v 1.751266 3.053627 -0.959867
v 1.760208 3.140739 0.289232
v 1.760208 3.140739 -0.670179
v 1.761795 2.963692 0.738817
v 1.761795 2.963691 -1.119780
v 1.774246 3.140739 0.221529
v 1.774246 3.140739 -0.602629
v 1.774338 3.053627 0.511370
v 1.774338 3.053627 -0.892317
v 1.786209 3.140739 0.153429
v 1.786209 3.140739 -0.534529
v 1.789932 2.963692 0.670946
v 1.789932 2.963691 -1.051908
v 1.795334 3.053627 0.443117
v 1.795334 3.053627 -0.824217
v 1.795883 3.140739 0.085100
v 1.795883 3.140739 -0.466200
v 1.803513 3.140739 0.016451
v 1.803513 3.140739 -0.397398
v 1.808884 3.140739 -0.052412
v 1.808884 3.140739 -0.328535
v 1.812180 3.140739 -0.121367
v 1.812180 3.140739 -0.259581
v 1.813248 3.140739 -0.190474
v 1.814133 3.053627 0.374239
v 1.814133 3.053627 -0.755354
v 1.815842 2.963692 0.602160
v 1.815842 2.963691 -0.983122
v 1.830734 3.053627 0.304979
v 1.830734 3.053627 -0.685942
v 1.839615 2.963692 0.532579
v 1.839615 2.963691 -0.913603
v 1.845322 3.053627 0.235094
v 1.845322 3.053627 -0.616117
v 1.857498 3.053627 0.164736
v 1.857498 3.053627 -0.545774
v 1.861282 2.963692 0.462374
v 1.861282 2.963692 -0.843336
v 1.867538 3.053627 0.094149
v 1.867538 3.053627 -0.475172
v 1.875443 3.053627 0.023165
v 1.875443 3.053627 -0.404264
v 1.880722 2.963692 0.391481
v 1.880722 2.963692 -0.772429
v 1.881027 3.053627 -0.047819
v 1.881027 3.053627 -0.333128
v 1.884384 3.053627 -0.119184
v 1.884384 3.053627 -0.261854
v 1.885483 3.053627 -0.190474
v 1.887222 2.652000 3.075541
v 1.887222 2.737724 3.075541
v 1.887222 2.652000 3.075464
v 1.887222 2.652000 3.068754
v 1.887222 2.652000 2.998243
v 1.887222 2.652000 2.989740
v 1.887222 2.737724 2.989740
v 1.887222 2.652000 -3.370756
v 1.887222 2.737724 -3.370756
v 1.887222 2.652000 -3.378508
v 1.887222 2.652000 -3.378660
v 1.887222 2.652000 -3.456572
v 1.887222 2.737724 -3.456572
v 1.890701 2.652000 2.989740
v 1.891098 2.652000 3.075541
v 1.891098 2.730003 3.075541
v 1.891098 2.652000 2.997541
v 1.891098 2.730003 2.997541
v 1.891098 2.652000 -3.378660
v 1.891098 2.730003 -3.378660
v 1.891098 2.652000 -3.456572
v 1.891098 2.730003 -3.456572
v 1.891434 2.652000 2.989740
v 1.894821 2.652000 2.989740
v 1.897873 2.963692 0.319963
v 1.897873 2.963692 -0.700911
v 1.909653 2.652000 -3.370756
v 1.912796 2.963692 0.247957
v 1.912796 2.963692 -0.628981
v 1.925491 2.963692 0.175493
v 1.925491 2.963692 -0.556532
v 1.935806 2.963692 0.102816
v 1.935806 2.963692 -0.483747
v 1.943832 2.963692 0.029711
v 1.943832 2.963692 -0.410749
v 1.949600 2.963692 -0.043608
v 1.949600 2.963692 -0.337431
v 1.953049 2.963692 -0.117079
v 1.953049 2.963692 -0.264021
v 1.954300 2.963692 -0.190474
v 2.021042 2.963692 1.596972
v 2.021042 2.963691 -1.977995
v 2.029648 2.963692 1.561251
v 2.029648 2.963691 -1.942289
v 2.037094 2.963692 1.525286
v 2.037094 2.963691 -1.906340
v 2.043442 2.963692 1.489031
v 2.043442 2.963691 -1.870054
v 2.044754 2.652000 2.989740
v 2.047104 2.652000 3.075541
v 2.047104 2.730003 3.075541
v 2.047104 2.652000 2.997541
v 2.047104 2.730003 2.997541
v 2.047104 2.652000 -3.378660
v 2.047104 2.730003 -3.378660
v 2.047104 2.652000 -3.456572
v 2.047104 2.730003 -3.456572
v 2.048599 2.963692 1.452669
v 2.048599 2.963691 -1.833708
v 2.051010 2.652000 -3.370756
v 2.051010 2.737724 -3.370756
v 2.051010 2.652000 -3.376310
v 2.051010 2.652000 -3.453520
v 2.051010 2.652000 -3.456572
v 2.051010 2.737724 -3.456572
v 2.051773 2.652000 3.075541
v 2.051773 2.737724 3.075541
v 2.051773 2.652000 2.998476
v 2.051773 2.652000 2.995203
v 2.051773 2.652000 2.989740
v 2.051773 2.737724 2.989740
v 2.052628 2.963692 1.416170
v 2.052628 2.963691 -1.797209
v 2.055527 2.963691 1.379519
v 2.055527 2.963691 -1.760527
v 2.057236 2.963691 1.342760
v 2.057236 2.963691 -1.723814
v 2.057846 2.963691 1.306032
v 2.057846 2.963691 -1.687040
v 2.161392 2.963692 2.802538
v 2.161392 2.963691 1.306032
v 2.161392 2.963692 -0.190474
v 2.161392 2.963691 -1.687040
v 2.161392 2.963692 -3.183653
v 2.180862 2.914863 1.286531
v 2.180862 2.914863 -1.706572
v 2.200363 2.866188 1.306032
v 2.200363 2.866112 -0.229475
v 2.219864 2.817360 -1.745573
v 2.230087 0.000000 3.456572
v 2.230087 1.949928 3.266092
v 2.230087 0.000000 3.075541
v 2.230087 1.949928 3.075541
v 2.239365 2.768684 2.880541
v 2.239365 2.768684 1.345034
v 2.239365 2.768684 -0.190474
v 2.239365 2.768684 -1.726042
v 2.239365 2.768684 -3.261656
v 2.261673 1.325996 -3.456572
v 2.288101 2.768684 1.393785
v 2.288101 2.768684 -1.677305
v 2.336380 1.325996 3.075541
v 2.336868 2.768684 -0.093061
v 2.336868 2.768684 -1.726042
v 2.339676 1.325996 -3.456572
v 2.341629 1.325996 -3.456572
v 2.385635 2.768684 1.491289
v 2.434372 2.768684 3.075541
v 2.434372 2.768684 1.442522
v 2.434372 2.768684 -0.190474
v 2.434372 2.768684 -1.823576
v 2.434372 2.768684 -3.456572
v 2.435776 2.749336 1.442522
v 2.437088 2.730003 0.909945
v 2.437088 2.730003 -0.190474
v 2.437088 2.730003 -0.193983
v 2.437088 2.730003 -1.290922
v 2.437180 2.730003 2.914629
v 2.437180 2.730003 2.914316
v 2.437180 2.730003 1.361956
v 2.437180 2.730003 1.360155
v 2.437180 2.730003 -1.748075
v 2.437180 2.730003 -3.302214
v 2.437180 2.730003 -3.302580
v 2.438034 2.717445 0.207552
v 2.438034 2.717445 -0.190474
v 2.438034 2.717445 -0.193983
v 2.438034 2.717445 -0.588499
v 2.438522 2.710335 -0.190474
v 2.439072 2.703636 0.812914
v 2.439072 2.703560 -1.196379
v 2.440536 2.683052 1.362123
v 2.440536 2.682960 -1.746519
v 2.440628 2.681175 1.442522
v 2.440628 2.681175 1.362123
v 2.440628 2.681175 1.302919
v 2.440628 2.681175 -1.667936
v 2.440628 2.681175 -1.746519
v 2.440628 2.681175 -1.823576
v 2.442459 2.655663 2.914629
v 2.442459 2.655510 -3.302580
v 2.442734 2.652000 3.075541
v 2.442734 2.652000 2.914629
v 2.442734 2.652000 2.796381
v 2.442734 2.652000 1.460543
v 2.442734 2.652000 0.792635
v 2.442734 2.652000 0.124804
v 2.442734 2.652000 -0.190474
v 2.442734 2.652000 -0.193983
v 2.442734 2.652000 -0.329634
v 2.442734 2.652000 -1.737516
v 2.442734 2.652000 -2.441465
v 2.442734 2.652000 -3.145353
v 2.442734 2.652000 -3.302580
v 2.442734 2.652000 -3.456572
v 2.453781 2.497559 -3.302580
v 2.465012 2.339928 2.914629
v 2.465012 2.339928 -3.302580
v 2.492874 1.950004 2.914629
v 2.492874 1.949844 -3.302580
v 2.492874 1.950005 -3.302580
v 2.537491 1.325996 3.075541
v 2.537491 1.325996 2.995123
v 2.537491 1.325996 -3.379606
v 2.537491 1.325996 -3.456572
v 2.619675 0.000000 -3.456572
v 2.632187 0.000000 3.075541
v 2.632187 0.000000 2.914629
v 2.632187 0.000000 -3.302580
v 2.632187 0.000000 -3.456572
v 2.697617 2.632423 1.360323
v 2.697617 2.632423 1.360155
v 2.697617 2.632423 -1.748075
v 2.697617 2.632423 -1.748289
v 2.940659 2.339928 2.914629
v 2.940659 2.425720 2.914629
v 2.940659 2.339928 2.913691
v 2.940659 2.339928 2.913614
v 2.940659 2.339928 2.836313
v 2.940659 2.339928 2.828829
v 2.940659 2.425720 2.828829
v 2.940659 2.339928 -3.216703
v 2.940659 2.426270 -3.216703
v 2.940659 2.339928 -3.225218
v 2.940659 2.339928 -3.302580
v 2.940659 2.426270 -3.302580
v 2.944626 2.339928 2.914629
v 2.944626 2.417923 2.914629
v 2.944626 2.339928 2.836702
v 2.944626 2.417923 2.836702
v 2.944626 2.339928 -3.224577
v 2.944626 2.417923 -3.224577
v 2.944626 2.339928 -3.302580
v 2.944626 2.417923 -3.302580
v 2.958054 2.534920 -0.193983
v 2.979752 2.339928 -3.216703
v 3.013596 2.339928 2.828829
v 3.055649 1.169922 2.914629
v 3.068893 2.426270 -3.216703
v 3.068893 2.426270 -3.302580
v 3.100571 2.339928 2.914629
v 3.100571 2.417923 2.914629
v 3.100571 2.339928 2.836702
v 3.100571 2.417923 2.836702
v 3.100571 2.339928 -3.224577
v 3.100571 2.417923 -3.224577
v 3.100571 2.339928 -3.302580
v 3.100571 2.417923 -3.302580
v 3.104538 2.339928 2.914629
v 3.104538 2.425720 2.914629
v 3.104538 2.339928 2.837484
v 3.104538 2.339928 2.835848
v 3.104538 2.339928 2.828829
v 3.104538 2.425720 2.828829
v 3.104538 2.339928 -3.216703
v 3.104538 2.426270 -3.216703
v 3.104538 2.339928 -3.223051
v 3.104538 2.339928 -3.299467
v 3.104538 2.339928 -3.302580
v 3.104538 2.426270 -3.302580
v 3.218491 2.437424 1.360323
v 3.218491 2.437424 1.359529
v 3.218491 2.437424 1.359377
v 3.218491 2.437424 1.358522
v 3.218491 2.437423 -1.748228
v 3.218491 2.437423 -1.748289
v 3.478928 2.339928 2.914629
v 3.478928 2.339928 2.912989
v 3.478928 2.339928 2.912676
v 3.478928 2.339928 2.910959
v 3.478928 2.339928 1.358614
v 3.478928 2.339928 -0.193830
v 3.478928 2.339928 -0.193983
v 3.478928 2.339928 -0.195784
v 3.478928 2.339927 -1.749052
v 3.478928 2.339928 -3.302458
v 3.478928 2.339928 -3.302580
v 3.479019 2.339928 1.360399
v 3.479019 2.339927 -1.748228
v 3.479111 2.339928 2.914629
v 3.479111 2.339928 1.360323
v 3.479111 2.339928 -0.193983
v 3.479111 2.339927 -1.748289
v 3.479111 2.339928 -3.302580
v 3.520737 1.754921 1.360323
v 3.520737 1.754921 -1.748228
v 3.562485 1.170002 -0.193983
v 3.604294 0.584923 1.360323
v 3.604294 0.584923 -1.748228
v 3.646042 0.000000 2.914629
v 3.646042 0.000000 1.360323
v 3.646042 0.000000 -0.193983
v 3.646042 0.000000 -1.748289
v 3.646042 0.000000 -3.302580
vt 0.134353 0.351776
vt 0.215345 0.352267
vt 0.210135 0.352267
vt 0.197940 0.345827
vt 0.185364 0.345827
vt 0.191749 0.343099
vt 0.342517 0.345827
vt 0.267259 0.344463
vt 0.342763 0.345827
vt 0.272221 0.344463
vt 0.352686 0.345827
vt 0.053361 0.351280
vt 0.197940 0.351280
vt 0.342517 0.351280
vt 0.197940 0.348552
vt 0.053361 0.345827
vt 0.018032 0.345827
vt 0.042947 0.351280
vt 0.018568 0.353249
vt 0.287629 0.353249
vt 0.197940 0.353249
vt 0.126544 0.351776
vt 0.296333 0.352758
vt 0.293726 0.352758
vt 0.104893 0.344463
vt 0.042947 0.345827
vt 0.043195 0.345827
vt 0.053118 0.345827
vt 0.138257 0.312215
vt 0.148065 0.325010
vt 0.096895 0.343411
vt 0.175758 0.340990
vt 0.371086 0.261486
vt 0.377850 0.345827
vt 0.364325 0.301172
vt 0.269486 0.301172
vt 0.253516 0.281332
vt 0.253516 0.177146
vt 0.251412 0.297316
vt 0.306739 0.177146
vt 0.323038 0.177146
vt 0.323038 0.301172
vt 0.306739 0.301172
vt 0.245242 0.312215
vt 0.160866 0.334823
vt 0.269486 0.177146
vt 0.034360 0.301172
vt 0.124435 0.238953
vt 0.106644 0.238953
vt 0.073468 0.177146
vt 0.012009 0.261486
vt 0.005986 0.177146
vt 0.034360 0.177146
vt 0.292794 0.343411
vt 0.207739 0.340990
vt 0.222633 0.334823
vt 0.272368 0.344463
vt 0.352983 0.345827
vt 0.284803 0.344463
vt 0.352686 0.350789
vt 0.377319 0.353249
vt 0.352983 0.351280
vt 0.053118 0.350789
vt 0.108252 0.353249
vt 0.342763 0.350789
vt 0.043195 0.350789
vt 0.073468 0.301172
vt 0.132085 0.297316
vt 0.300242 0.340325
vt 0.235427 0.325010
vt 0.364325 0.177146
vt 0.389901 0.177146
vt 0.106644 0.262504
vt 0.129977 0.281332
vt 0.129977 0.177146
vt 0.124435 0.262504
vt 0.898149 0.162575
vt 0.847138 0.162575
vt 0.847138 0.009338
vt 0.898149 0.009338
vt 0.835840 0.162575
vt 0.789813 0.162575
vt 0.789813 0.009338
vt 0.835840 0.009338
vt 0.778585 0.162575
vt 0.730265 0.162575
vt 0.730265 0.009338
vt 0.778585 0.009338
vt 0.120446 0.352262
vt 0.383878 0.261486
vt 0.131748 0.351776
vt 0.124380 0.816962
vt 0.023259 0.816962
vt 0.029269 0.831985
vt 0.127384 0.831985
vt 0.225498 0.831985
vt 0.128886 0.828223
vt 0.325115 0.828223
vt 0.228503 0.824467
vt 0.323615 0.831985
vt 0.127205 0.824402
vt 0.225320 0.816890
vt 0.128708 0.828152
vt 0.327941 0.820640
vt 0.427559 0.816890
vt 0.421552 0.831914
vt 0.055251 0.100451
vt 0.092386 0.046288
vt 0.012957 0.082398
vt 0.113871 0.118504
vt 0.188078 0.082398
vt 0.177306 0.082398
vt 0.256903 0.046292
vt 0.097543 0.118504
vt 0.176970 0.082398
vt 0.256394 0.046292
vt 0.089803 0.010182
vt 0.007800 0.010187
vt 0.048362 0.154609
vt 0.048362 0.159277
vt 0.172149 0.156942
vt 0.172149 0.159277
vt 0.295933 0.159277
vt 0.295933 0.154609
vt 0.172149 0.154609
vt 0.095359 0.160964
vt 0.172149 0.160964
vt 0.161713 0.160123
vt 0.325730 0.160964
vt 0.326185 0.154609
vt 0.304853 0.159277
vt 0.087912 0.160543
vt 0.157252 0.160123
vt 0.039659 0.154609
vt 0.048154 0.154609
vt 0.118118 0.118504
vt 0.118220 0.118504
vt 0.167902 0.154609
vt 0.226593 0.159702
vt 0.097712 0.118504
vt 0.039659 0.158857
vt 0.090143 0.160543
vt 0.233282 0.159702
vt 0.171809 0.010182
vt 0.242113 0.118504
vt 0.296144 0.154609
vt 0.262289 0.046292
vt 0.253815 0.010182
vt 0.242007 0.118504
vt 0.039446 0.154609
vt 0.018573 0.160964
vt 0.039446 0.159277
vt 0.018114 0.154609
vt 0.108378 0.118504
vt 0.316325 0.082398
vt 0.304640 0.154609
vt 0.320573 0.082398
vt 0.304853 0.154609
vt 0.320679 0.082398
vt 0.296144 0.158857
vt 0.336503 0.010187
vt 0.335821 0.010187
vt 0.304640 0.158857
vt 0.048154 0.158857
vt 0.248939 0.160964
vt 0.380160 0.699546
vt 0.403775 0.703832
vt 0.403775 0.699546
vt 0.410141 0.703832
vt 0.378778 0.718912
vt 0.411911 0.703832
vt 0.430499 0.699546
vt 0.411911 0.699546
vt 0.381543 0.680187
vt 0.411714 0.699546
vt 0.430508 0.699546
vt 0.379040 0.715213
vt 0.379054 0.715039
vt 0.411714 0.703418
vt 0.403972 0.699546
vt 0.403972 0.703418
vt 0.379602 0.707372
vt 0.438796 0.583372
vt 0.381543 0.680179
vt 0.388460 0.583372
vt 0.326620 0.816962
vt 0.225498 0.816962
vt 0.029090 0.831914
vt 0.124201 0.816890
vt 0.421731 0.831985
vt 0.328120 0.820712
vt 0.228324 0.824396
vt 0.326441 0.816890
vt 0.225320 0.831914
vt 0.323436 0.831914
vt 0.256564 0.046292
vt 0.108485 0.118504
vt 0.238502 0.160118
vt 0.331346 0.082398
vt 0.228823 0.159702
vt 0.427738 0.816962
vt 0.127384 0.824473
vt 0.023081 0.816890
vt 0.324936 0.828152
vt 0.127205 0.831914
vt 0.138255 0.859784
vt 0.262680 0.851677
vt 0.139876 0.863831
vt 0.391976 0.855724
vt 0.518028 0.851677
vt 0.511543 0.867891
vt 0.135012 0.851677
vt 0.007345 0.851677
vt 0.013830 0.867891
vt 0.138255 0.867891
vt 0.262680 0.867891
vt 0.139876 0.863831
vt 0.388733 0.863831
vt 0.265922 0.859778
vt 0.387109 0.867891
vt 0.102455 0.525618
vt 0.006477 0.523904
vt 0.006477 0.530762
vt 0.294415 0.529047
vt 0.390392 0.530762
vt 0.390392 0.523904
vt 0.076012 0.472454
vt 0.075297 0.472454
vt 0.073156 0.477071
vt 0.091704 0.472454
vt 0.090994 0.472454
vt 0.090279 0.480559
vt 0.098846 0.472454
vt 0.098136 0.472454
vt 0.098837 0.480605
vt 0.085997 0.472454
vt 0.085286 0.472454
vt 0.084571 0.473687
vt 0.070296 0.472454
vt 0.069585 0.472454
vt 0.067444 0.478762
vt 0.070296 0.464308
vt 0.084571 0.464308
vt 0.633277 0.092536
vt 0.514929 0.092536
vt 0.514929 0.130664
vt 0.633277 0.130664
vt 0.633277 0.045341
vt 0.514929 0.045341
vt 0.514929 0.083763
vt 0.633277 0.083763
vt 0.288193 0.368037
vt 0.288193 0.482641
vt 0.323901 0.482641
vt 0.323901 0.368037
vt 0.076012 0.464308
vt 0.090279 0.464308
vt 0.098846 0.464308
vt 0.091695 0.368037
vt 0.091695 0.442220
vt 0.096280 0.442220
vt 0.006477 0.368037
vt 0.077947 0.442220
vt 0.082526 0.368037
vt 0.082526 0.442220
vt 0.171486 0.368037
vt 0.173778 0.405128
vt 0.053498 0.469566
vt 0.053498 0.462020
vt 0.056029 0.474636
vt 0.056029 0.479949
vt 0.006477 0.445970
vt 0.076236 0.462020
vt 0.077947 0.460507
vt 0.123978 0.469846
vt 0.123978 0.472344
vt 0.198432 0.523904
vt 0.234167 0.492208
vt 0.113117 0.479014
vt 0.113117 0.474210
vt 0.110262 0.477510
vt 0.080821 0.462020
vt 0.085401 0.462020
vt 0.118829 0.480582
vt 0.118829 0.473339
vt 0.115969 0.480513
vt 0.118829 0.480605
vt 0.122833 0.476475
vt 0.121686 0.480605
vt 0.121681 0.480605
vt 0.121677 0.480605
vt 0.110262 0.474650
vt 0.115969 0.473774
vt 0.121686 0.480582
vt 0.121686 0.472899
vt 0.096280 0.460507
vt 0.102863 0.462020
vt 0.103303 0.462020
vt 0.123978 0.466875
vt 0.123978 0.466476
vt 0.243340 0.492208
vt 0.106145 0.462020
vt 0.123895 0.462020
vt 0.123978 0.462020
vt 0.123978 0.464757
vt 0.243340 0.483062
vt 0.169812 0.462644
vt 0.320833 0.503274
vt 0.251271 0.482641
vt 0.316869 0.503485
vt 0.361107 0.482641
vt 0.375749 0.445970
vt 0.361107 0.368037
vt 0.390392 0.445970
vt 0.390392 0.368037
vt 0.173778 0.462433
vt 0.064588 0.472454
vt 0.063878 0.472454
vt 0.061736 0.480454
vt 0.080289 0.472454
vt 0.079579 0.472454
vt 0.078864 0.475379
vt 0.087427 0.472454
vt 0.086712 0.472454
vt 0.093126 0.480605
vt 0.091704 0.480605
vt 0.110253 0.480605
vt 0.108832 0.480605
vt 0.057455 0.472454
vt 0.056744 0.472454
vt 0.056029 0.480559
vt 0.058871 0.480605
vt 0.057450 0.480605
vt 0.115969 0.472454
vt 0.115258 0.472454
vt 0.115959 0.480605
vt 0.081711 0.480605
vt 0.080289 0.480605
vt 0.084571 0.480605
vt 0.087418 0.480605
vt 0.114539 0.480605
vt 0.113117 0.480605
vt 0.097416 0.480605
vt 0.104546 0.480605
vt 0.103123 0.480605
vt 0.095996 0.480605
vt 0.078864 0.480605
vt 0.064588 0.464308
vt 0.120256 0.480605
vt 0.085997 0.480605
vt 0.084571 0.480559
vt 0.074582 0.480605
vt 0.073156 0.480605
vt 0.063158 0.480605
vt 0.061736 0.480605
vt 0.064579 0.480605
vt 0.076003 0.480605
vt 0.107410 0.480605
vt 0.070286 0.480605
vt 0.068865 0.480605
vt 0.067444 0.480605
vt 0.056029 0.480605
vt 0.073156 0.464308
vt 0.074582 0.472454
vt 0.114543 0.472454
vt 0.115969 0.464308
vt 0.056029 0.464308
vt 0.058881 0.464308
vt 0.056029 0.472454
vt 0.118829 0.464308
vt 0.120256 0.472454
vt 0.121686 0.464308
vt 0.093135 0.464308
vt 0.087427 0.464308
vt 0.078864 0.472454
vt 0.078864 0.464308
vt 0.063162 0.472454
vt 0.073156 0.472454
vt 0.061736 0.464308
vt 0.093135 0.472454
vt 0.068870 0.472454
vt 0.058881 0.472454
vt 0.095996 0.464308
vt 0.095996 0.472454
vt 0.097421 0.472454
vt 0.084571 0.472454
vt 0.090279 0.472454
vt 0.081720 0.472454
vt 0.081720 0.464308
vt 0.067444 0.464308
vt 0.067444 0.472454
vt 0.103129 0.472454
vt 0.103844 0.472454
vt 0.104554 0.464308
vt 0.108836 0.472454
vt 0.109552 0.472454
vt 0.110262 0.464308
vt 0.113117 0.464308
vt 0.113117 0.472454
vt 0.118829 0.472454
vt 0.121686 0.472454
vt 0.061736 0.472454
vt 0.101703 0.464308
vt 0.101703 0.472454
vt 0.107410 0.464308
vt 0.107410 0.472454
vt 0.090279 0.480605
vt 0.101703 0.480605
vt 0.099181 0.686130
vt 0.007829 0.720513
vt 0.007829 0.582988
vt 0.281882 0.617366
vt 0.373236 0.582988
vt 0.373236 0.720513
vt 0.098326 0.735134
vt 0.190202 0.735134
vt 0.190193 0.735145
vt 0.098427 0.735145
vt 0.006667 0.735145
vt 0.098321 0.735140
vt 0.006565 0.735145
vt 0.006450 0.735134
vt 0.282079 0.735134
vt 0.373954 0.735134
vt 0.070296 0.480559
vt 0.070296 0.477918
vt 0.070296 0.480605
vt 0.095996 0.480559
vt 0.101703 0.480559
vt 0.087427 0.480559
vt 0.087427 0.472844
vt 0.087427 0.480605
vt 0.076012 0.480559
vt 0.076012 0.476223
vt 0.076012 0.480605
vt 0.061736 0.480559
vt 0.064588 0.479605
vt 0.113117 0.480559
vt 0.107410 0.480559
vt 0.081720 0.480559
vt 0.081720 0.474535
vt 0.081720 0.480605
vt 0.115969 0.480559
vt 0.115969 0.480605
vt 0.093135 0.476506
vt 0.093135 0.480605
vt 0.093135 0.480559
vt 0.098846 0.476506
vt 0.098846 0.480605
vt 0.098846 0.480559
vt 0.104554 0.476506
vt 0.104554 0.472454
vt 0.104554 0.480605
vt 0.104554 0.480559
vt 0.110262 0.480559
vt 0.110262 0.472454
vt 0.110262 0.480605
vt 0.121686 0.476506
vt 0.121686 0.480559
vt 0.118829 0.480559
vt 0.078864 0.480559
vt 0.073156 0.480559
vt 0.058881 0.480559
vt 0.058881 0.480605
vt 0.067444 0.480559
vt 0.064588 0.480559
vt 0.064588 0.480605
vt 0.281882 0.686130
vt 0.190533 0.651753
vt 0.190533 0.582988
vt 0.099181 0.720513
vt 0.190533 0.720513
vt 0.281885 0.720513
vt 0.198432 0.527332
vt 0.198432 0.530762
vt 0.102455 0.530762
vt 0.102455 0.529047
vt 0.294415 0.523904
vt 0.294415 0.525618
vt 0.115969 0.480582
vt 0.110262 0.480582
vt 0.056029 0.480582
vt 0.058876 0.480605
vt 0.061736 0.480582
vt 0.064583 0.480605
vt 0.067444 0.480582
vt 0.067444 0.475292
vt 0.070291 0.480605
vt 0.073156 0.480582
vt 0.076007 0.480605
vt 0.078864 0.480582
vt 0.081715 0.480605
vt 0.084571 0.480582
vt 0.084571 0.475292
vt 0.087422 0.480605
vt 0.090279 0.480582
vt 0.090279 0.475292
vt 0.093130 0.480605
vt 0.095996 0.480582
vt 0.095996 0.475292
vt 0.098842 0.480605
vt 0.101703 0.480582
vt 0.101703 0.475292
vt 0.104549 0.480605
vt 0.107410 0.480582
vt 0.107410 0.476011
vt 0.110257 0.480605
vt 0.113117 0.480582
vt 0.115965 0.480605
vt 0.102455 0.523904
vt 0.064588 0.480582
vt 0.064588 0.475292
vt 0.093135 0.480582
vt 0.093135 0.475292
vt 0.098846 0.480582
vt 0.098846 0.475292
vt 0.104554 0.480582
vt 0.104554 0.475292
vt 0.076012 0.480582
vt 0.078864 0.475292
vt 0.081720 0.480582
vt 0.081720 0.475292
vt 0.373947 0.735145
vt 0.190203 0.735145
vt 0.190309 0.735145
vt 0.373954 0.735145
vt 0.282124 0.735145
vt 0.282075 0.735140
vt 0.006547 0.735145
vt 0.006450 0.735145
vt 0.282079 0.781329
vt 0.373954 0.796723
vt 0.373933 0.796723
vt 0.282079 0.750540
vt 0.098336 0.781329
vt 0.006468 0.796724
vt 0.098326 0.781329
vt 0.006450 0.796724
vt 0.282066 0.796724
vt 0.281885 0.582988
vt 0.099181 0.582988
vt 0.099181 0.617366
vt 0.013830 0.867891
vt 0.135012 0.851677
vt 0.390352 0.851677
vt 0.262680 0.851677
vt 0.265922 0.859778
vt 0.390352 0.851677
vt 0.262680 0.867891
vt 0.387109 0.867891
vt 0.511543 0.867891
vt 0.391976 0.855724
vt 0.316869 0.508056
vt 0.312280 0.508056
vt 0.294415 0.530762
vt 0.255044 0.796729
vt 0.190202 0.796729
vt 0.282066 0.781329
vt 0.518028 0.851677
vt 0.138255 0.859784
vt 0.007345 0.851677
vt 0.388733 0.863831
vt 0.138255 0.867891
vt 0.251271 0.368037
vt 0.380284 0.699439
vt 0.403825 0.699439
vt 0.403825 0.703685
vt 0.409516 0.641531
vt 0.430475 0.699439
vt 0.381663 0.680140
vt 0.379181 0.714884
vt 0.388558 0.583628
vt 0.438736 0.583628
vt 0.379168 0.715065
vt 0.378906 0.718745
vt 0.411936 0.703685
vt 0.430465 0.699439
vt 0.411936 0.699439
vt 0.404021 0.699439
vt 0.411739 0.699439
vt 0.411739 0.703299
vt 0.404021 0.703299
vt 0.705475 0.271293
vt 0.705475 0.345707
vt 0.703113 0.273655
vt 0.769086 0.192153
vt 0.705475 0.196878
vt 0.764361 0.187428
vt 0.896309 0.196878
vt 0.832697 0.196878
vt 0.837422 0.192149
vt 0.832697 0.187428
vt 0.771448 0.194516
vt 0.898671 0.496903
vt 0.837422 0.499265
vt 0.896309 0.494544
vt 0.769086 0.494544
vt 0.832697 0.494544
vt 0.771448 0.496903
vt 0.903396 0.189791
vt 0.969369 0.187428
vt 0.959919 0.196878
vt 0.959919 0.494544
vt 0.903396 0.501627
vt 0.832697 0.503990
vt 0.901033 0.187428
vt 0.959919 0.420125
vt 0.959919 0.345707
vt 0.962281 0.417763
vt 0.901033 0.503990
vt 0.969369 0.424851
vt 0.969369 0.503990
vt 0.700750 0.350436
vt 0.696029 0.345707
vt 0.962281 0.268930
vt 0.967007 0.264205
vt 0.964644 0.340986
vt 0.959919 0.271293
vt 0.969369 0.345707
vt 0.969369 0.266568
vt 0.703113 0.422488
vt 0.705475 0.494544
vt 0.698388 0.427213
vt 0.705475 0.420125
vt 0.696029 0.424851
vt 0.764361 0.503990
vt 0.696029 0.503990
vt 0.696029 0.266568
vt 0.696029 0.187428
vt 0.714275 0.418234
vt 0.719295 0.345707
vt 0.719356 0.349271
vt 0.770976 0.200658
vt 0.832697 0.200658
vt 0.807961 0.235038
vt 0.894419 0.490764
vt 0.832697 0.490764
vt 0.882049 0.473571
vt 0.956140 0.273183
vt 0.956140 0.345707
vt 0.951122 0.273183
vt 0.950869 0.423573
vt 0.945596 0.356382
vt 0.951010 0.421796
vt 0.709255 0.418234
vt 0.709255 0.345707
vt 0.714388 0.414675
vt 0.946104 0.345707
vt 0.946043 0.342150
vt 0.951092 0.420017
vt 0.946043 0.349271
vt 0.951122 0.418234
vt 0.945876 0.352829
vt 0.950674 0.425342
vt 0.945208 0.359920
vt 0.950424 0.427104
vt 0.944708 0.363447
vt 0.950116 0.428862
vt 0.944092 0.366958
vt 0.949755 0.430604
vt 0.943369 0.370444
vt 0.949338 0.432335
vt 0.942538 0.373910
vt 0.956140 0.490764
vt 0.941596 0.377346
vt 0.940546 0.380752
vt 0.939394 0.384121
vt 0.938138 0.387454
vt 0.936775 0.390744
vt 0.935310 0.393994
vt 0.933741 0.397192
vt 0.932072 0.400341
vt 0.930310 0.403436
vt 0.928447 0.406475
vt 0.926491 0.409446
vt 0.924443 0.412366
vt 0.922300 0.415211
vt 0.920074 0.417993
vt 0.917763 0.420704
vt 0.915364 0.423334
vt 0.912884 0.425894
vt 0.910324 0.428374
vt 0.907694 0.430773
vt 0.904980 0.433087
vt 0.902201 0.435313
vt 0.899356 0.437453
vt 0.896436 0.439502
vt 0.893462 0.441457
vt 0.890426 0.443320
vt 0.887330 0.445081
vt 0.884181 0.446752
vt 0.880980 0.448321
vt 0.877733 0.449785
vt 0.874444 0.451149
vt 0.871110 0.452407
vt 0.867742 0.453561
vt 0.864335 0.454606
vt 0.860897 0.455549
vt 0.857434 0.456380
vt 0.853949 0.457101
vt 0.850437 0.457718
vt 0.846910 0.458218
vt 0.899756 0.474683
vt 0.843372 0.458607
vt 0.897979 0.474822
vt 0.839819 0.458887
vt 0.896199 0.474909
vt 0.836262 0.459057
vt 0.894419 0.474936
vt 0.832697 0.459113
vt 0.892637 0.474909
vt 0.829136 0.459057
vt 0.890862 0.474822
vt 0.825579 0.458887
vt 0.887311 0.474491
vt 0.818484 0.458218
vt 0.822026 0.458607
vt 0.889084 0.474683
vt 0.885549 0.474241
vt 0.814960 0.457718
vt 0.883795 0.473930
vt 0.811449 0.457101
vt 0.807961 0.456380
vt 0.714305 0.416455
vt 0.719356 0.342150
vt 0.714305 0.420017
vt 0.719522 0.352829
vt 0.714388 0.421796
vt 0.719801 0.356382
vt 0.714528 0.423573
vt 0.720191 0.359920
vt 0.714725 0.425342
vt 0.720690 0.363447
vt 0.714974 0.427104
vt 0.721306 0.366958
vt 0.715280 0.428862
vt 0.722028 0.370444
vt 0.715643 0.430604
vt 0.722860 0.373910
vt 0.716059 0.432335
vt 0.723797 0.377346
vt 0.724844 0.380752
vt 0.709255 0.490764
vt 0.725997 0.384121
vt 0.727260 0.387454
vt 0.728624 0.390744
vt 0.730087 0.393994
vt 0.731656 0.397192
vt 0.733326 0.400341
vt 0.735088 0.403436
vt 0.736948 0.406475
vt 0.738906 0.409446
vt 0.740955 0.412366
vt 0.743091 0.415211
vt 0.745317 0.417993
vt 0.747634 0.420704
vt 0.750031 0.423334
vt 0.752511 0.425894
vt 0.755066 0.428374
vt 0.757704 0.430773
vt 0.760411 0.433087
vt 0.763197 0.435313
vt 0.766043 0.437453
vt 0.768954 0.439502
vt 0.771936 0.441457
vt 0.774972 0.443320
vt 0.778068 0.445081
vt 0.781217 0.446752
vt 0.784418 0.448321
vt 0.787657 0.449785
vt 0.790950 0.451149
vt 0.794280 0.452407
vt 0.797656 0.453561
vt 0.801058 0.454606
vt 0.804494 0.455549
vt 0.770976 0.490764
vt 0.951092 0.271403
vt 0.945876 0.338590
vt 0.951010 0.269621
vt 0.945596 0.335037
vt 0.950869 0.267845
vt 0.945208 0.331494
vt 0.950674 0.266076
vt 0.944708 0.327971
vt 0.950424 0.264314
vt 0.944092 0.324460
vt 0.950116 0.262557
vt 0.943369 0.320970
vt 0.949755 0.260814
vt 0.942538 0.317504
vt 0.949338 0.259083
vt 0.941596 0.314069
vt 0.940546 0.310666
vt 0.956140 0.200658
vt 0.939394 0.307294
vt 0.938138 0.303961
vt 0.936775 0.300671
vt 0.935310 0.297421
vt 0.933741 0.294227
vt 0.932072 0.291078
vt 0.930310 0.287982
vt 0.928447 0.284946
vt 0.926491 0.281968
vt 0.924443 0.279053
vt 0.922300 0.276207
vt 0.920074 0.273421
vt 0.917763 0.270715
vt 0.915364 0.268080
vt 0.912884 0.265521
vt 0.910324 0.263041
vt 0.907694 0.260644
vt 0.904980 0.258327
vt 0.902201 0.256101
vt 0.899356 0.253965
vt 0.896436 0.251916
vt 0.893462 0.249958
vt 0.890426 0.248102
vt 0.887330 0.246337
vt 0.884181 0.244666
vt 0.880980 0.243097
vt 0.877733 0.241634
vt 0.874444 0.240273
vt 0.871110 0.239007
vt 0.867742 0.237854
vt 0.864335 0.236807
vt 0.860897 0.235870
vt 0.857434 0.235038
vt 0.853949 0.234320
vt 0.850437 0.233704
vt 0.846910 0.233201
vt 0.899756 0.216735
vt 0.843372 0.232812
vt 0.897979 0.216595
vt 0.839819 0.232532
vt 0.896199 0.216512
vt 0.836262 0.232366
vt 0.894419 0.216482
vt 0.892637 0.216512
vt 0.829136 0.232366
vt 0.890862 0.216595
vt 0.832697 0.232309
vt 0.825579 0.232532
vt 0.889084 0.216735
vt 0.822026 0.232812
vt 0.887311 0.216931
vt 0.818484 0.233201
vt 0.885549 0.217181
vt 0.814960 0.233704
vt 0.883795 0.217487
vt 0.811449 0.234320
vt 0.882049 0.217850
vt 0.719522 0.338590
vt 0.709255 0.200658
vt 0.804494 0.235870
vt 0.801058 0.236807
vt 0.797656 0.237854
vt 0.794280 0.239007
vt 0.790950 0.240273
vt 0.787657 0.241634
vt 0.784418 0.243097
vt 0.781217 0.244666
vt 0.778068 0.246337
vt 0.774972 0.248102
vt 0.771936 0.249958
vt 0.768954 0.251916
vt 0.766043 0.253965
vt 0.763197 0.256101
vt 0.760411 0.258327
vt 0.757704 0.260644
vt 0.755066 0.263041
vt 0.752511 0.265521
vt 0.750031 0.268080
vt 0.747634 0.270715
vt 0.745317 0.273421
vt 0.743091 0.276207
vt 0.740955 0.279053
vt 0.738906 0.281968
vt 0.736948 0.284946
vt 0.735088 0.287982
vt 0.733326 0.291078
vt 0.731656 0.294227
vt 0.730087 0.297421
vt 0.728624 0.300671
vt 0.727260 0.303961
vt 0.725997 0.307294
vt 0.724844 0.310666
vt 0.723797 0.314069
vt 0.716059 0.259083
vt 0.722860 0.317504
vt 0.715643 0.260814
vt 0.714388 0.269621
vt 0.709255 0.273183
vt 0.722028 0.320970
vt 0.715280 0.262557
vt 0.721306 0.324460
vt 0.714974 0.264314
vt 0.720690 0.327971
vt 0.714725 0.266076
vt 0.720191 0.331494
vt 0.714528 0.267845
vt 0.719801 0.335037
vt 0.964644 0.420125
vt 0.700754 0.271293
vt 0.894419 0.200658
vt 0.956140 0.418234
vt 0.769086 0.499268
vt 0.769086 0.196878
vt 0.898671 0.194516
vt 0.844921 0.706165
vt 0.853108 0.706941
vt 0.844910 0.706687
vt 0.853114 0.706165
vt 0.861261 0.707196
vt 0.861278 0.706165
vt 0.869375 0.707452
vt 0.869392 0.706165
vt 0.877421 0.707707
vt 0.877443 0.706165
vt 0.885393 0.707957
vt 0.885424 0.706165
vt 0.893284 0.708200
vt 0.893313 0.706165
vt 0.901074 0.708444
vt 0.901114 0.706165
vt 0.908756 0.708693
vt 0.908796 0.706165
vt 0.916325 0.708925
vt 0.916365 0.706165
vt 0.923748 0.709164
vt 0.923792 0.706165
vt 0.931035 0.709397
vt 0.931079 0.706165
vt 0.938153 0.709617
vt 0.938211 0.706165
vt 0.945112 0.709839
vt 0.945168 0.706165
vt 0.951898 0.710048
vt 0.951949 0.706165
vt 0.958480 0.710253
vt 0.958542 0.706165
vt 0.964870 0.710451
vt 0.964937 0.706165
vt 0.971051 0.710649
vt 0.971124 0.706165
vt 0.977016 0.710836
vt 0.977084 0.706165
vt 0.982825 0.706165
vt 0.982748 0.711013
vt 0.988242 0.711188
vt 0.988320 0.706165
vt 0.993491 0.711353
vt 0.993571 0.706165
vt 0.998482 0.711511
vt 0.998573 0.706165
vt 0.853068 0.707712
vt 0.844887 0.707196
vt 0.861216 0.708229
vt 0.869313 0.708739
vt 0.877347 0.709244
vt 0.885318 0.709741
vt 0.893188 0.710242
vt 0.900972 0.710729
vt 0.908639 0.711211
vt 0.916190 0.711681
vt 0.923610 0.712152
vt 0.930875 0.712605
vt 0.937991 0.713059
vt 0.944941 0.713490
vt 0.951705 0.713921
vt 0.958293 0.714335
vt 0.964671 0.714737
vt 0.970842 0.715129
vt 0.976794 0.715497
vt 0.982515 0.715861
vt 0.988003 0.716200
vt 0.993247 0.716534
vt 0.998231 0.716847
vt 0.853006 0.708484
vt 0.844847 0.707712
vt 0.861131 0.709255
vt 0.869211 0.710020
vt 0.877228 0.710774
vt 0.885171 0.711528
vt 0.893029 0.712272
vt 0.900791 0.713002
vt 0.908446 0.713728
vt 0.915975 0.714443
vt 0.923373 0.715134
vt 0.930624 0.715820
vt 0.937723 0.716495
vt 0.944653 0.717147
vt 0.951405 0.717787
vt 0.957972 0.718412
vt 0.964331 0.719013
vt 0.970489 0.719591
vt 0.976430 0.720158
vt 0.982135 0.720697
vt 0.987612 0.721206
vt 0.992841 0.721705
vt 0.997812 0.722176
vt 0.852926 0.709255
vt 0.844791 0.708229
vt 0.861017 0.710281
vt 0.869063 0.711295
vt 0.877057 0.712310
vt 0.884978 0.713303
vt 0.892807 0.714296
vt 0.900540 0.715270
vt 0.908166 0.716233
vt 0.915675 0.717181
vt 0.923044 0.718111
vt 0.930274 0.719030
vt 0.937344 0.719919
vt 0.944249 0.720799
vt 0.950979 0.721644
vt 0.957517 0.722470
vt 0.963857 0.723271
vt 0.969995 0.724047
vt 0.975915 0.724790
vt 0.981601 0.725510
vt 0.987058 0.726207
vt 0.992266 0.726859
vt 0.997229 0.727482
vt 0.852814 0.710026
vt 0.844723 0.708739
vt 0.860877 0.711295
vt 0.868881 0.712566
vt 0.876842 0.713830
vt 0.884723 0.715078
vt 0.892518 0.716313
vt 0.900225 0.717527
vt 0.907811 0.718735
vt 0.915283 0.719919
vt 0.922625 0.721082
vt 0.929821 0.722216
vt 0.936862 0.723333
vt 0.943732 0.724421
vt 0.950434 0.725487
vt 0.956940 0.726514
vt 0.963260 0.727517
vt 0.969360 0.728481
vt 0.975252 0.729416
vt 0.980922 0.730313
vt 0.986355 0.731174
vt 0.991537 0.731991
vt 0.996479 0.732773
vt 0.852683 0.710785
vt 0.844627 0.709255
vt 0.860694 0.712316
vt 0.868660 0.713830
vt 0.876575 0.715338
vt 0.884417 0.716840
vt 0.892166 0.718315
vt 0.899828 0.719778
vt 0.907379 0.721224
vt 0.914806 0.722635
vt 0.922110 0.724024
vt 0.929265 0.725392
vt 0.936265 0.726729
vt 0.943111 0.728039
vt 0.949766 0.729309
vt 0.956241 0.730539
vt 0.962523 0.731742
vt 0.968595 0.732904
vt 0.974451 0.734015
vt 0.980081 0.735086
vt 0.985485 0.736124
vt 0.990652 0.737104
vt 0.995556 0.738039
vt 0.852525 0.711539
vt 0.844524 0.709759
vt 0.860491 0.713325
vt 0.868399 0.715094
vt 0.876269 0.716847
vt 0.884053 0.718593
vt 0.891760 0.720316
vt 0.899362 0.722011
vt 0.906864 0.723696
vt 0.914247 0.725334
vt 0.921503 0.726961
vt 0.928612 0.728548
vt 0.935569 0.730108
vt 0.942355 0.731622
vt 0.948985 0.733107
vt 0.955407 0.734542
vt 0.961656 0.735931
vt 0.967688 0.737286
vt 0.973504 0.738585
vt 0.979107 0.739832
vt 0.984465 0.741034
vt 0.989591 0.742180
vt 0.994471 0.743268
vt 0.852343 0.712294
vt 0.844406 0.710253
vt 0.860247 0.714324
vt 0.868105 0.716342
vt 0.875901 0.718349
vt 0.883634 0.720328
vt 0.891283 0.722295
vt 0.898834 0.724229
vt 0.906279 0.726139
vt 0.913606 0.728027
vt 0.920800 0.729875
vt 0.927858 0.731685
vt 0.934759 0.733459
vt 0.941505 0.735189
vt 0.948071 0.736871
vt 0.954460 0.738516
vt 0.960651 0.740103
vt 0.966641 0.741640
vt 0.972417 0.743126
vt 0.977967 0.744555
vt 0.983298 0.745921
vt 0.988384 0.747225
vt 0.993225 0.748466
vt 0.852139 0.713042
vt 0.844264 0.710751
vt 0.859974 0.715316
vt 0.867771 0.717583
vt 0.875497 0.719835
vt 0.883157 0.722057
vt 0.890737 0.724257
vt 0.898233 0.726434
vt 0.905611 0.728583
vt 0.912874 0.730692
vt 0.920010 0.732762
vt 0.927009 0.734796
vt 0.933850 0.736787
vt 0.940542 0.738726
vt 0.947046 0.740615
vt 0.953377 0.742457
vt 0.959524 0.744237
vt 0.965461 0.745961
vt 0.971186 0.747628
vt 0.976692 0.749232
vt 0.981969 0.750762
vt 0.987018 0.752231
vt 0.991812 0.753621
vt 0.851906 0.713784
vt 0.844116 0.711250
vt 0.859669 0.716302
vt 0.867391 0.718814
vt 0.875049 0.721303
vt 0.882636 0.723763
vt 0.890149 0.726207
vt 0.897565 0.728611
vt 0.904868 0.730993
vt 0.912068 0.733329
vt 0.919131 0.735625
vt 0.926061 0.737875
vt 0.932840 0.740081
vt 0.939458 0.742224
vt 0.945911 0.744328
vt 0.952182 0.746364
vt 0.958260 0.748337
vt 0.964145 0.750247
vt 0.969815 0.752090
vt 0.975268 0.753865
vt 0.980496 0.755565
vt 0.985492 0.757181
vt 0.990237 0.758728
vt 0.851662 0.714511
vt 0.843947 0.711738
vt 0.859339 0.717284
vt 0.866970 0.720033
vt 0.874546 0.722755
vt 0.882053 0.725454
vt 0.889484 0.728129
vt 0.896822 0.730777
vt 0.904051 0.733374
vt 0.911168 0.735942
vt 0.918162 0.738460
vt 0.925016 0.740926
vt 0.931718 0.743341
vt 0.938273 0.745700
vt 0.944653 0.747996
vt 0.950855 0.750224
vt 0.956871 0.752396
vt 0.962688 0.754488
vt 0.968307 0.756512
vt 0.973699 0.758451
vt 0.978868 0.760317
vt 0.983815 0.762091
vt 0.988509 0.763782
vt 0.851384 0.715236
vt 0.843765 0.712221
vt 0.858977 0.718247
vt 0.866518 0.721229
vt 0.874007 0.724189
vt 0.881422 0.727131
vt 0.888765 0.730035
vt 0.896017 0.732908
vt 0.903160 0.735739
vt 0.910198 0.738522
vt 0.917104 0.741255
vt 0.923878 0.743942
vt 0.930505 0.746562
vt 0.936982 0.749131
vt 0.943280 0.751625
vt 0.949409 0.754045
vt 0.955356 0.756399
vt 0.961099 0.758684
vt 0.966650 0.760878
vt 0.971987 0.762987
vt 0.977093 0.765006
vt 0.981982 0.766938
vt 0.986625 0.768782
vt 0.851096 0.715956
vt 0.843572 0.712702
vt 0.858580 0.719194
vt 0.866024 0.722415
vt 0.873417 0.725611
vt 0.880741 0.728787
vt 0.887984 0.731922
vt 0.895138 0.735018
vt 0.902197 0.738074
vt 0.909136 0.741073
vt 0.915964 0.744028
vt 0.922641 0.746919
vt 0.929185 0.749754
vt 0.935576 0.752515
vt 0.941796 0.755208
vt 0.947843 0.757822
vt 0.953712 0.760362
vt 0.959387 0.762816
vt 0.964859 0.765186
vt 0.970126 0.767462
vt 0.975172 0.769649
vt 0.979990 0.771736
vt 0.984580 0.773715
vt 0.850772 0.716659
vt 0.843356 0.713167
vt 0.858154 0.720134
vt 0.865497 0.723594
vt 0.872782 0.727019
vt 0.880001 0.730414
vt 0.887150 0.733776
vt 0.894195 0.737093
vt 0.901154 0.740370
vt 0.908004 0.743591
vt 0.914721 0.746749
vt 0.921316 0.749856
vt 0.927767 0.752894
vt 0.934067 0.755854
vt 0.940201 0.758746
vt 0.946159 0.761547
vt 0.951949 0.764274
vt 0.957539 0.766898
vt 0.962943 0.769445
vt 0.968131 0.771883
vt 0.973103 0.774230
vt 0.977859 0.776464
vt 0.982384 0.778591
vt 0.850432 0.717350
vt 0.843129 0.713631
vt 0.857700 0.721059
vt 0.864936 0.724744
vt 0.872108 0.728402
vt 0.879218 0.732024
vt 0.886250 0.735607
vt 0.893195 0.739146
vt 0.900049 0.742639
vt 0.906784 0.746074
vt 0.913410 0.749441
vt 0.919897 0.752753
vt 0.926248 0.755990
vt 0.932457 0.759149
vt 0.938495 0.762226
vt 0.944369 0.765221
vt 0.950061 0.768118
vt 0.955578 0.770931
vt 0.960891 0.773635
vt 0.965997 0.776244
vt 0.970891 0.778737
vt 0.975574 0.781124
vt 0.980030 0.783387
vt 0.850069 0.718044
vt 0.842892 0.714092
vt 0.857219 0.721972
vt 0.864328 0.725884
vt 0.871387 0.729756
vt 0.878383 0.733607
vt 0.885302 0.737412
vt 0.892128 0.741158
vt 0.898863 0.744861
vt 0.905498 0.748512
vt 0.912006 0.752090
vt 0.918390 0.755605
vt 0.924639 0.759035
vt 0.930733 0.762386
vt 0.936680 0.765651
vt 0.942459 0.768826
vt 0.948060 0.771905
vt 0.953473 0.774882
vt 0.958701 0.777757
vt 0.963730 0.780523
vt 0.968551 0.783176
vt 0.973154 0.785701
vt 0.977526 0.788110
vt 0.849690 0.718712
vt 0.842630 0.714544
vt 0.856708 0.722867
vt 0.863694 0.726995
vt 0.870622 0.731094
vt 0.877487 0.735160
vt 0.884293 0.739179
vt 0.890999 0.743144
vt 0.897616 0.747060
vt 0.904125 0.750904
vt 0.910520 0.754686
vt 0.916791 0.758400
vt 0.922927 0.762029
vt 0.928919 0.765567
vt 0.934759 0.769026
vt 0.940429 0.772382
vt 0.945935 0.775636
vt 0.951257 0.778777
vt 0.956390 0.781816
vt 0.961321 0.784736
vt 0.966062 0.787531
vt 0.970580 0.790213
vt 0.974884 0.792753
vt 0.849276 0.719375
vt 0.842358 0.714976
vt 0.856171 0.723741
vt 0.863025 0.728089
vt 0.869823 0.732404
vt 0.876558 0.736685
vt 0.883219 0.740915
vt 0.889810 0.745093
vt 0.896301 0.749204
vt 0.902685 0.753264
vt 0.908954 0.757243
vt 0.915107 0.761144
vt 0.921121 0.764966
vt 0.927009 0.768695
vt 0.932734 0.772338
vt 0.938295 0.775863
vt 0.943692 0.779292
vt 0.948921 0.782597
vt 0.953952 0.785796
vt 0.958799 0.788868
vt 0.963431 0.791812
vt 0.967870 0.794629
vt 0.972089 0.797311
vt 0.848861 0.720021
vt 0.842075 0.715412
vt 0.855603 0.724602
vt 0.862315 0.729167
vt 0.868978 0.733692
vt 0.875577 0.738177
vt 0.882104 0.742616
vt 0.888557 0.746999
vt 0.894910 0.751312
vt 0.901172 0.755572
vt 0.907317 0.759750
vt 0.913339 0.763837
vt 0.919236 0.767852
vt 0.924994 0.771759
vt 0.930602 0.775574
vt 0.936057 0.779276
vt 0.941341 0.782877
vt 0.946456 0.786353
vt 0.951388 0.789696
vt 0.956128 0.792917
vt 0.960673 0.796014
vt 0.965019 0.798968
vt 0.969156 0.801768
vt 0.848409 0.720657
vt 0.841774 0.715837
vt 0.855008 0.725448
vt 0.861579 0.730216
vt 0.868093 0.734956
vt 0.874546 0.739644
vt 0.880935 0.744276
vt 0.887241 0.748869
vt 0.893454 0.753383
vt 0.899584 0.757828
vt 0.905593 0.762193
vt 0.911483 0.766474
vt 0.917257 0.770669
vt 0.922885 0.774758
vt 0.928375 0.778742
vt 0.933703 0.782622
vt 0.938874 0.786382
vt 0.943881 0.790015
vt 0.948706 0.793520
vt 0.953340 0.796892
vt 0.957796 0.800117
vt 0.962040 0.803210
vt 0.966084 0.806147
vt 0.847944 0.721269
vt 0.841469 0.716246
vt 0.854395 0.726275
vt 0.860808 0.731242
vt 0.867170 0.736180
vt 0.873474 0.741073
vt 0.879710 0.745915
vt 0.885868 0.750689
vt 0.891946 0.755395
vt 0.897927 0.760039
vt 0.903792 0.764586
vt 0.909551 0.769059
vt 0.915187 0.773425
vt 0.920682 0.777695
vt 0.926044 0.781852
vt 0.931250 0.785894
vt 0.936301 0.789811
vt 0.941188 0.793598
vt 0.945906 0.797256
vt 0.950434 0.800772
vt 0.954779 0.804137
vt 0.958923 0.807353
vt 0.962870 0.810415
vt 0.847461 0.721876
vt 0.841145 0.716648
vt 0.853749 0.727074
vt 0.860003 0.732246
vt 0.866205 0.737377
vt 0.872356 0.742474
vt 0.878441 0.747504
vt 0.884446 0.752470
vt 0.890369 0.757369
vt 0.896199 0.762193
vt 0.901920 0.766927
vt 0.907538 0.771572
vt 0.913033 0.776120
vt 0.918390 0.780552
vt 0.923617 0.784871
vt 0.928699 0.789079
vt 0.933626 0.793156
vt 0.938388 0.797096
vt 0.942980 0.800896
vt 0.947404 0.804552
vt 0.951638 0.808056
vt 0.955687 0.811406
vt 0.959531 0.814587
vt 0.846957 0.722459
vt 0.840810 0.717045
vt 0.853086 0.727863
vt 0.859163 0.733227
vt 0.865202 0.738556
vt 0.871189 0.743829
vt 0.877115 0.749051
vt 0.882966 0.754205
vt 0.888725 0.759289
vt 0.894408 0.764285
vt 0.899981 0.769208
vt 0.905440 0.774026
vt 0.910786 0.778737
vt 0.916008 0.783342
vt 0.921101 0.787826
vt 0.926044 0.792185
vt 0.930835 0.796411
vt 0.935478 0.800499
vt 0.939946 0.804450
vt 0.944249 0.808239
vt 0.948371 0.811877
vt 0.952310 0.815341
vt 0.956064 0.818653
vt 0.846434 0.723038
vt 0.840465 0.717425
vt 0.852388 0.728623
vt 0.858302 0.734179
vt 0.864171 0.739690
vt 0.869987 0.745156
vt 0.875748 0.750559
vt 0.881429 0.755894
vt 0.887030 0.761155
vt 0.892541 0.766333
vt 0.897969 0.771417
vt 0.903268 0.776406
vt 0.908468 0.781288
vt 0.913543 0.786051
vt 0.918486 0.790694
vt 0.923288 0.795208
vt 0.927956 0.799585
vt 0.932461 0.803815
vt 0.936807 0.807897
vt 0.940988 0.811821
vt 0.944992 0.815592
vt 0.948825 0.819182
vt 0.952466 0.822598
vt 0.845896 0.723594
vt 0.840102 0.717794
vt 0.851668 0.729366
vt 0.857412 0.735103
vt 0.863105 0.740796
vt 0.868740 0.746437
vt 0.874324 0.752016
vt 0.879834 0.757527
vt 0.885278 0.762970
vt 0.890620 0.768316
vt 0.895881 0.773571
vt 0.901028 0.778720
vt 0.906063 0.783762
vt 0.910997 0.788686
vt 0.915786 0.793478
vt 0.920447 0.798139
vt 0.924972 0.802664
vt 0.929342 0.807034
vt 0.933564 0.811253
vt 0.937610 0.815308
vt 0.941505 0.819197
vt 0.945212 0.822910
vt 0.948745 0.826438
vt 0.845346 0.724127
vt 0.839733 0.718155
vt 0.850925 0.730080
vt 0.856488 0.735999
vt 0.861998 0.741861
vt 0.867465 0.747684
vt 0.872862 0.753440
vt 0.878201 0.759125
vt 0.883459 0.764722
vt 0.888641 0.770232
vt 0.893725 0.775654
vt 0.898716 0.780967
vt 0.903597 0.786160
vt 0.908355 0.791240
vt 0.912998 0.796178
vt 0.917516 0.800980
vt 0.921889 0.805647
vt 0.926123 0.810153
vt 0.930205 0.814496
vt 0.934129 0.818687
vt 0.937894 0.822691
vt 0.941490 0.826517
vt 0.944906 0.830158
vt 0.844768 0.724648
vt 0.839354 0.718508
vt 0.850171 0.730777
vt 0.855529 0.736855
vt 0.860859 0.742900
vt 0.866137 0.748881
vt 0.871354 0.754805
vt 0.876513 0.760656
vt 0.881598 0.766417
vt 0.886593 0.772098
vt 0.891516 0.777672
vt 0.896329 0.783136
vt 0.901046 0.788485
vt 0.905651 0.793700
vt 0.910136 0.798793
vt 0.914491 0.803735
vt 0.918719 0.808532
vt 0.922807 0.813163
vt 0.926751 0.817644
vt 0.930547 0.821948
vt 0.934185 0.826069
vt 0.937650 0.830009
vt 0.940962 0.833756
vt 0.844184 0.725152
vt 0.838956 0.718837
vt 0.849383 0.731441
vt 0.854554 0.737694
vt 0.859691 0.743903
vt 0.864776 0.750048
vt 0.869805 0.756132
vt 0.874772 0.762142
vt 0.879677 0.768061
vt 0.884501 0.773890
vt 0.889229 0.779616
vt 0.893874 0.785230
vt 0.898421 0.790725
vt 0.902860 0.796087
vt 0.907179 0.801315
vt 0.911387 0.806391
vt 0.915464 0.811318
vt 0.919406 0.816080
vt 0.923204 0.820677
vt 0.926855 0.825093
vt 0.930365 0.829330
vt 0.933710 0.833378
vt 0.936891 0.837227
vt 0.843577 0.725635
vt 0.838554 0.719160
vt 0.848584 0.732087
vt 0.853551 0.738500
vt 0.858483 0.744861
vt 0.863381 0.751166
vt 0.868218 0.757403
vt 0.872997 0.763560
vt 0.877702 0.769642
vt 0.882348 0.775618
vt 0.886893 0.781486
vt 0.891360 0.787242
vt 0.895728 0.792879
vt 0.900003 0.798378
vt 0.904153 0.803735
vt 0.908202 0.808942
vt 0.912115 0.813993
vt 0.915906 0.818880
vt 0.919564 0.823598
vt 0.923073 0.828125
vt 0.926445 0.832471
vt 0.929662 0.836615
vt 0.932723 0.840566
vt 0.842959 0.726106
vt 0.838146 0.719471
vt 0.847756 0.732705
vt 0.852525 0.739271
vt 0.857259 0.745784
vt 0.861954 0.752238
vt 0.866585 0.758626
vt 0.871172 0.764937
vt 0.875690 0.771151
vt 0.880136 0.777269
vt 0.884501 0.783285
vt 0.888783 0.789175
vt 0.892973 0.794949
vt 0.897066 0.800577
vt 0.901052 0.806067
vt 0.904930 0.811395
vt 0.908690 0.816566
vt 0.912317 0.821573
vt 0.915828 0.826397
vt 0.919200 0.831036
vt 0.922426 0.835486
vt 0.925518 0.839732
vt 0.928455 0.843776
vt 0.842330 0.726553
vt 0.837720 0.719772
vt 0.846911 0.733294
vt 0.851475 0.740007
vt 0.856000 0.746670
vt 0.860485 0.753275
vt 0.864918 0.759795
vt 0.869302 0.766248
vt 0.873621 0.772602
vt 0.877880 0.778864
vt 0.882053 0.785009
vt 0.886147 0.791031
vt 0.890154 0.796932
vt 0.894067 0.802686
vt 0.897878 0.808294
vt 0.901578 0.813749
vt 0.905185 0.819033
vt 0.908654 0.824148
vt 0.912006 0.829086
vt 0.915232 0.833818
vt 0.918322 0.838365
vt 0.921276 0.842711
vt 0.924076 0.846848
vt 0.841684 0.726973
vt 0.837284 0.720056
vt 0.846050 0.733867
vt 0.850397 0.740717
vt 0.854713 0.747515
vt 0.858988 0.754251
vt 0.863224 0.760918
vt 0.867402 0.767499
vt 0.871512 0.773993
vt 0.875571 0.780383
vt 0.879553 0.786652
vt 0.883454 0.792799
vt 0.887274 0.798819
vt 0.890999 0.804700
vt 0.894639 0.810426
vt 0.898171 0.815994
vt 0.901596 0.821384
vt 0.904908 0.826613
vt 0.908104 0.831644
vt 0.911177 0.836491
vt 0.914120 0.841129
vt 0.916937 0.845561
vt 0.919615 0.849781
vt 0.841020 0.727381
vt 0.836848 0.720322
vt 0.845171 0.734400
vt 0.849304 0.741391
vt 0.853397 0.748313
vt 0.857468 0.755185
vt 0.861483 0.761983
vt 0.865451 0.768695
vt 0.869364 0.775312
vt 0.873219 0.781816
vt 0.877001 0.788212
vt 0.880704 0.794483
vt 0.884337 0.800618
vt 0.887882 0.806610
vt 0.891334 0.812455
vt 0.894690 0.818126
vt 0.897940 0.823625
vt 0.901085 0.828948
vt 0.904125 0.834082
vt 0.907044 0.839020
vt 0.909839 0.843751
vt 0.912516 0.848272
vt 0.915061 0.852576
vt 0.840345 0.727761
vt 0.836400 0.720584
vt 0.844280 0.734916
vt 0.848187 0.742020
vt 0.852065 0.749079
vt 0.855910 0.756076
vt 0.859720 0.762992
vt 0.863468 0.769824
vt 0.867170 0.776559
vt 0.870821 0.783183
vt 0.874393 0.789696
vt 0.877906 0.796087
vt 0.881345 0.802329
vt 0.884695 0.808425
vt 0.887960 0.814372
vt 0.891134 0.820155
vt 0.894213 0.825752
vt 0.897190 0.831165
vt 0.900065 0.836393
vt 0.902827 0.841422
vt 0.905480 0.846243
vt 0.908009 0.850845
vt 0.910418 0.855215
vt 0.839660 0.728124
vt 0.835940 0.720821
vt 0.843362 0.735398
vt 0.847053 0.742621
vt 0.850703 0.749800
vt 0.854333 0.756915
vt 0.857916 0.763939
vt 0.861454 0.770891
vt 0.864941 0.777746
vt 0.868377 0.784483
vt 0.871751 0.791102
vt 0.875056 0.797595
vt 0.878295 0.803939
vt 0.881458 0.810149
vt 0.884537 0.816187
vt 0.887529 0.822065
vt 0.890427 0.827757
vt 0.893233 0.833270
vt 0.895943 0.838583
vt 0.898552 0.843689
vt 0.901046 0.848589
vt 0.903428 0.853266
vt 0.905695 0.857722
vt 0.838969 0.728464
vt 0.835476 0.721048
vt 0.842438 0.735847
vt 0.845896 0.743188
vt 0.849327 0.750479
vt 0.852723 0.757697
vt 0.856085 0.764842
vt 0.859403 0.771894
vt 0.862679 0.778850
vt 0.865899 0.785694
vt 0.869058 0.792413
vt 0.872159 0.799008
vt 0.875202 0.805459
vt 0.878162 0.811757
vt 0.881054 0.817893
vt 0.883854 0.823858
vt 0.886578 0.829645
vt 0.889207 0.835238
vt 0.891753 0.840635
vt 0.894191 0.845821
vt 0.896540 0.850801
vt 0.898774 0.855551
vt 0.900892 0.860076
vt 0.838265 0.728787
vt 0.835010 0.721264
vt 0.841502 0.736271
vt 0.844723 0.743722
vt 0.847921 0.751109
vt 0.851096 0.758434
vt 0.854231 0.765680
vt 0.857327 0.772830
vt 0.860376 0.779889
vt 0.863381 0.786834
vt 0.866336 0.793653
vt 0.869222 0.800333
vt 0.872057 0.806881
vt 0.874823 0.813267
vt 0.877516 0.819492
vt 0.880136 0.825535
vt 0.882669 0.831404
vt 0.885125 0.837079
vt 0.887494 0.842558
vt 0.889774 0.847824
vt 0.891957 0.852864
vt 0.894038 0.857682
vt 0.896023 0.862272
vt 0.837545 0.729082
vt 0.834529 0.721462
vt 0.840555 0.736667
vt 0.843538 0.744210
vt 0.846498 0.751704
vt 0.849435 0.759114
vt 0.852343 0.766457
vt 0.855217 0.773708
vt 0.858042 0.780851
vt 0.860831 0.787890
vt 0.863563 0.794800
vt 0.866245 0.801577
vt 0.868870 0.808196
vt 0.871433 0.814674
vt 0.873927 0.820971
vt 0.876354 0.827101
vt 0.878707 0.833048
vt 0.880985 0.838798
vt 0.883186 0.844337
vt 0.885291 0.849679
vt 0.887314 0.854785
vt 0.889246 0.859674
vt 0.891090 0.864317
vt 0.836825 0.729355
vt 0.834046 0.721644
vt 0.839592 0.737031
vt 0.842336 0.744669
vt 0.845062 0.752238
vt 0.847761 0.759750
vt 0.850438 0.767178
vt 0.853086 0.774514
vt 0.855682 0.781748
vt 0.858246 0.788860
vt 0.860768 0.795854
vt 0.863228 0.802708
vt 0.865644 0.809416
vt 0.868008 0.815965
vt 0.870304 0.822349
vt 0.872532 0.828545
vt 0.874705 0.834563
vt 0.876797 0.840386
vt 0.878816 0.845987
vt 0.880759 0.851391
vt 0.882625 0.856560
vt 0.884399 0.861504
vt 0.886090 0.866205
vt 0.836093 0.729598
vt 0.833558 0.721808
vt 0.838610 0.737359
vt 0.841123 0.745081
vt 0.843606 0.752742
vt 0.846072 0.760334
vt 0.848510 0.767841
vt 0.850920 0.775257
vt 0.853296 0.782560
vt 0.855637 0.789760
vt 0.857933 0.796830
vt 0.860183 0.803753
vt 0.862384 0.810532
vt 0.864533 0.817149
vt 0.866631 0.823603
vt 0.868672 0.829874
vt 0.870645 0.835952
vt 0.872556 0.841837
vt 0.874393 0.847505
vt 0.876172 0.852959
vt 0.877869 0.858188
vt 0.879490 0.863190
vt 0.881037 0.867935
vt 0.835351 0.729830
vt 0.833060 0.721954
vt 0.837624 0.737672
vt 0.839893 0.745456
vt 0.842138 0.753196
vt 0.844365 0.760856
vt 0.846560 0.768436
vt 0.848742 0.775924
vt 0.850892 0.783303
vt 0.852995 0.790565
vt 0.855063 0.797702
vt 0.857105 0.804700
vt 0.859090 0.811548
vt 0.861034 0.818234
vt 0.862922 0.824741
vt 0.864760 0.831074
vt 0.866545 0.837216
vt 0.868275 0.843152
vt 0.869936 0.848878
vt 0.871535 0.854384
vt 0.873071 0.859668
vt 0.874539 0.864710
vt 0.875928 0.869504
vt 0.834609 0.730035
vt 0.832561 0.722098
vt 0.836637 0.737937
vt 0.838650 0.745796
vt 0.840658 0.753597
vt 0.842637 0.761326
vt 0.844604 0.768968
vt 0.846538 0.776526
vt 0.848448 0.783970
vt 0.850335 0.791302
vt 0.852184 0.798496
vt 0.853993 0.805557
vt 0.855767 0.812455
vt 0.857497 0.819197
vt 0.859181 0.825770
vt 0.860819 0.832152
vt 0.862406 0.838343
vt 0.863949 0.844333
vt 0.865434 0.850109
vt 0.866864 0.855659
vt 0.868230 0.860994
vt 0.869533 0.866076
vt 0.870770 0.870916
vt 0.833849 0.730216
vt 0.832062 0.722216
vt 0.835633 0.738181
vt 0.837403 0.746097
vt 0.839155 0.753961
vt 0.840902 0.761745
vt 0.842620 0.769451
vt 0.844320 0.777054
vt 0.845999 0.784556
vt 0.847642 0.791943
vt 0.849269 0.799194
vt 0.850857 0.806304
vt 0.852410 0.813261
vt 0.853931 0.820053
vt 0.855415 0.826677
vt 0.856850 0.833106
vt 0.858240 0.839348
vt 0.859589 0.845379
vt 0.860893 0.851202
vt 0.862141 0.856799
vt 0.863342 0.862161
vt 0.864488 0.867280
vt 0.865576 0.872163
vt 0.833088 0.730375
vt 0.831557 0.722317
vt 0.834624 0.738391
vt 0.836138 0.746357
vt 0.837647 0.754267
vt 0.839149 0.762109
vt 0.840623 0.769864
vt 0.842087 0.777524
vt 0.843532 0.785071
vt 0.844944 0.792498
vt 0.846332 0.799807
vt 0.847699 0.806956
vt 0.849032 0.813964
vt 0.850341 0.820801
vt 0.851616 0.827458
vt 0.852847 0.833933
vt 0.854050 0.840215
vt 0.855200 0.846287
vt 0.856324 0.852150
vt 0.857394 0.857780
vt 0.858432 0.863177
vt 0.859407 0.868337
vt 0.860349 0.873246
vt 0.832334 0.730510
vt 0.831047 0.722415
vt 0.833605 0.738573
vt 0.834874 0.746579
vt 0.836138 0.754539
vt 0.837386 0.762415
vt 0.838617 0.770210
vt 0.839840 0.777917
vt 0.841043 0.785508
vt 0.842227 0.792974
vt 0.843385 0.800317
vt 0.844524 0.807513
vt 0.845636 0.814554
vt 0.846729 0.821426
vt 0.847795 0.828125
vt 0.848822 0.834636
vt 0.849819 0.840952
vt 0.850783 0.847052
vt 0.851725 0.852944
vt 0.852620 0.858614
vt 0.853477 0.864046
vt 0.854298 0.869226
vt 0.855081 0.874171
vt 0.831568 0.730619
vt 0.830531 0.722488
vt 0.832584 0.738715
vt 0.833605 0.746759
vt 0.834613 0.754749
vt 0.835611 0.762670
vt 0.836604 0.770499
vt 0.837573 0.778232
vt 0.838537 0.785858
vt 0.839484 0.793372
vt 0.840419 0.800736
vt 0.841332 0.807972
vt 0.842227 0.815036
vt 0.843101 0.821948
vt 0.843947 0.828671
vt 0.844779 0.835208
vt 0.845574 0.841553
vt 0.846356 0.847687
vt 0.847098 0.853607
vt 0.847819 0.859293
vt 0.848510 0.864747
vt 0.849167 0.869963
vt 0.849791 0.874921
vt 0.830792 0.730698
vt 0.830021 0.722539
vt 0.831557 0.738822
vt 0.832324 0.746902
vt 0.833084 0.754924
vt 0.833831 0.762868
vt 0.834574 0.770721
vt 0.835311 0.778482
vt 0.836036 0.786138
vt 0.836746 0.793673
vt 0.837442 0.801071
vt 0.838128 0.808316
vt 0.838798 0.815415
vt 0.839456 0.822349
vt 0.840096 0.829102
vt 0.840720 0.835663
vt 0.841321 0.842023
vt 0.841893 0.848188
vt 0.842467 0.854122
vt 0.842999 0.859832
vt 0.843515 0.865302
vt 0.844009 0.870531
vt 0.844484 0.875504
vt 0.830021 0.730760
vt 0.829504 0.722579
vt 0.830531 0.738908
vt 0.831047 0.747003
vt 0.831552 0.755044
vt 0.832051 0.762999
vt 0.832544 0.770880
vt 0.833038 0.778669
vt 0.833519 0.786335
vt 0.833990 0.793882
vt 0.834456 0.801302
vt 0.834915 0.808573
vt 0.835368 0.815681
vt 0.835799 0.822633
vt 0.836223 0.829397
vt 0.836643 0.835985
vt 0.837047 0.842363
vt 0.837431 0.848534
vt 0.837806 0.854486
vt 0.838169 0.860211
vt 0.838508 0.865699
vt 0.838838 0.870939
vt 0.839155 0.875923
vt 0.829245 0.730800
vt 0.828995 0.722607
vt 0.829504 0.738959
vt 0.829761 0.747067
vt 0.830009 0.755111
vt 0.830265 0.763089
vt 0.830509 0.770976
vt 0.830753 0.778773
vt 0.830996 0.786453
vt 0.831235 0.794017
vt 0.831472 0.801440
vt 0.831699 0.808726
vt 0.831920 0.815852
vt 0.832141 0.822808
vt 0.832357 0.829590
vt 0.832561 0.836172
vt 0.832760 0.842562
vt 0.832958 0.848742
vt 0.833146 0.854708
vt 0.833321 0.860440
vt 0.833492 0.865934
vt 0.833661 0.871183
vt 0.833820 0.876179
vt 0.828473 0.730811
vt 0.828473 0.722613
vt 0.828473 0.738975
vt 0.828473 0.747083
vt 0.828473 0.755135
vt 0.828473 0.763117
vt 0.828473 0.771009
vt 0.828473 0.778811
vt 0.828473 0.786492
vt 0.828473 0.794057
vt 0.828473 0.801484
vt 0.828473 0.808775
vt 0.828473 0.815903
vt 0.828473 0.822860
vt 0.828473 0.829645
vt 0.828473 0.836236
vt 0.828473 0.842636
vt 0.828473 0.848816
vt 0.828473 0.854776
vt 0.828473 0.860513
vt 0.828473 0.866012
vt 0.828473 0.871262
vt 0.828473 0.876263
vt 0.827957 0.722607
vt 0.827696 0.730800
vt 0.827447 0.738959
vt 0.827192 0.747067
vt 0.826942 0.755111
vt 0.826687 0.763089
vt 0.826432 0.770976
vt 0.826189 0.778773
vt 0.825949 0.786453
vt 0.825718 0.794017
vt 0.825479 0.801440
vt 0.825253 0.808726
vt 0.825031 0.815852
vt 0.824810 0.822808
vt 0.824595 0.829590
vt 0.824391 0.836172
vt 0.824193 0.842562
vt 0.823994 0.848742
vt 0.823808 0.854708
vt 0.823626 0.860440
vt 0.823456 0.865934
vt 0.823291 0.871183
vt 0.823132 0.876179
vt 0.827447 0.722579
vt 0.826926 0.730760
vt 0.826410 0.738908
vt 0.825904 0.747003
vt 0.825399 0.755044
vt 0.824901 0.762999
vt 0.824402 0.770880
vt 0.823915 0.778669
vt 0.823433 0.786335
vt 0.822961 0.793882
vt 0.822486 0.801302
vt 0.822026 0.808573
vt 0.821585 0.815681
vt 0.821142 0.822633
vt 0.820718 0.829397
vt 0.820308 0.835985
vt 0.819907 0.842363
vt 0.819514 0.848534
vt 0.819147 0.854486
vt 0.818783 0.860211
vt 0.818437 0.865699
vt 0.818114 0.870939
vt 0.817797 0.875923
vt 0.826926 0.722539
vt 0.826159 0.730698
vt 0.825383 0.738822
vt 0.824623 0.746902
vt 0.823870 0.754924
vt 0.823115 0.762868
vt 0.822378 0.770721
vt 0.821642 0.778482
vt 0.820916 0.786138
vt 0.820206 0.793673
vt 0.819503 0.801071
vt 0.818812 0.808316
vt 0.818143 0.815415
vt 0.817497 0.822349
vt 0.816855 0.829102
vt 0.816232 0.835663
vt 0.815631 0.842023
vt 0.815048 0.848188
vt 0.814486 0.854122
vt 0.813953 0.859832
vt 0.813432 0.865302
vt 0.812938 0.870531
vt 0.812468 0.875504
vt 0.826410 0.722488
vt 0.825383 0.730619
vt 0.824368 0.738715
vt 0.823347 0.746759
vt 0.822338 0.754749
vt 0.821335 0.762670
vt 0.820348 0.770499
vt 0.819368 0.778232
vt 0.818403 0.785858
vt 0.817457 0.793372
vt 0.816526 0.800736
vt 0.815613 0.807972
vt 0.814724 0.815036
vt 0.813845 0.821948
vt 0.812995 0.828671
vt 0.812173 0.835208
vt 0.811367 0.841553
vt 0.810597 0.847687
vt 0.809854 0.853607
vt 0.809128 0.859293
vt 0.808442 0.864747
vt 0.807784 0.869963
vt 0.807155 0.874921
vt 0.825904 0.722415
vt 0.824618 0.730510
vt 0.823336 0.738573
vt 0.822077 0.746579
vt 0.820813 0.754539
vt 0.819565 0.762415
vt 0.818336 0.770210
vt 0.817111 0.777917
vt 0.815908 0.785508
vt 0.814724 0.792974
vt 0.813561 0.800317
vt 0.812428 0.807513
vt 0.811305 0.814554
vt 0.810217 0.821426
vt 0.809156 0.828125
vt 0.808124 0.834636
vt 0.807127 0.840952
vt 0.806157 0.847052
vt 0.805227 0.852944
vt 0.804331 0.858614
vt 0.803475 0.864046
vt 0.802653 0.869226
vt 0.801870 0.874171
vt 0.825395 0.722317
vt 0.823859 0.730375
vt 0.822327 0.738391
vt 0.820802 0.746357
vt 0.819293 0.754267
vt 0.817803 0.762109
vt 0.816329 0.769864
vt 0.814866 0.777524
vt 0.813421 0.785071
vt 0.812007 0.792498
vt 0.810608 0.799807
vt 0.809247 0.806956
vt 0.807909 0.813964
vt 0.806605 0.820801
vt 0.805335 0.827458
vt 0.804105 0.833933
vt 0.802902 0.840215
vt 0.801746 0.846287
vt 0.800629 0.852150
vt 0.799557 0.857780
vt 0.798519 0.863177
vt 0.797533 0.868337
vt 0.796604 0.873246
vt 0.824884 0.722216
vt 0.823103 0.730216
vt 0.821318 0.738181
vt 0.819548 0.746097
vt 0.817797 0.753961
vt 0.816051 0.761745
vt 0.814328 0.769451
vt 0.812632 0.777054
vt 0.810948 0.784556
vt 0.809298 0.791943
vt 0.807682 0.799194
vt 0.806094 0.806304
vt 0.804541 0.813261
vt 0.803016 0.820053
vt 0.801536 0.826677
vt 0.800102 0.833106
vt 0.798701 0.839348
vt 0.797363 0.845379
vt 0.796059 0.851202
vt 0.794800 0.856799
vt 0.793604 0.862161
vt 0.792459 0.867280
vt 0.791371 0.872163
vt 0.824379 0.722098
vt 0.822345 0.730035
vt 0.820314 0.737937
vt 0.818301 0.745796
vt 0.816294 0.753597
vt 0.814316 0.761326
vt 0.812349 0.768968
vt 0.810415 0.776526
vt 0.808494 0.783970
vt 0.806616 0.791302
vt 0.804768 0.798496
vt 0.802959 0.805557
vt 0.801184 0.812455
vt 0.799455 0.819197
vt 0.797766 0.825770
vt 0.796127 0.832152
vt 0.794534 0.838343
vt 0.793003 0.844333
vt 0.791518 0.850109
vt 0.790090 0.855659
vt 0.788722 0.860994
vt 0.787419 0.866076
vt 0.786171 0.870916
vt 0.823886 0.721954
vt 0.821602 0.729830
vt 0.819322 0.737672
vt 0.817060 0.745456
vt 0.814809 0.753196
vt 0.812586 0.760856
vt 0.810381 0.768436
vt 0.808209 0.775924
vt 0.806060 0.783303
vt 0.803952 0.790565
vt 0.801876 0.797702
vt 0.799847 0.804700
vt 0.797857 0.811548
vt 0.795917 0.818234
vt 0.794029 0.824741
vt 0.792187 0.831074
vt 0.790407 0.837216
vt 0.788677 0.843152
vt 0.787016 0.848878
vt 0.785411 0.854384
vt 0.783881 0.859668
vt 0.782412 0.864710
vt 0.781018 0.869504
vt 0.823393 0.721808
vt 0.820858 0.729598
vt 0.818341 0.737359
vt 0.815830 0.745081
vt 0.813341 0.752742
vt 0.810879 0.760334
vt 0.808442 0.767841
vt 0.806032 0.775257
vt 0.803657 0.782560
vt 0.801315 0.789760
vt 0.799019 0.796830
vt 0.796768 0.803753
vt 0.794568 0.810532
vt 0.792408 0.817149
vt 0.790316 0.823603
vt 0.788279 0.829874
vt 0.786307 0.835952
vt 0.784396 0.841837
vt 0.782548 0.847505
vt 0.780779 0.852959
vt 0.779083 0.858188
vt 0.777457 0.863190
vt 0.775915 0.867935
vt 0.822906 0.721644
vt 0.820126 0.729355
vt 0.817360 0.737031
vt 0.814616 0.744669
vt 0.811889 0.752238
vt 0.809179 0.759750
vt 0.806515 0.767178
vt 0.803866 0.774514
vt 0.801263 0.781748
vt 0.798701 0.788860
vt 0.796184 0.795854
vt 0.793723 0.802708
vt 0.791302 0.809416
vt 0.788944 0.815965
vt 0.786648 0.822349
vt 0.784413 0.828545
vt 0.782247 0.834563
vt 0.780156 0.840386
vt 0.778131 0.845987
vt 0.776193 0.851391
vt 0.774327 0.856560
vt 0.772553 0.861504
vt 0.770851 0.866205
vt 0.822424 0.721462
vt 0.819402 0.729082
vt 0.816396 0.736667
vt 0.813415 0.744210
vt 0.810444 0.751704
vt 0.807507 0.759114
vt 0.804603 0.766457
vt 0.801734 0.773708
vt 0.798912 0.780851
vt 0.796122 0.787890
vt 0.793383 0.794800
vt 0.790706 0.801577
vt 0.788077 0.808196
vt 0.785520 0.814674
vt 0.783024 0.820971
vt 0.780592 0.827101
vt 0.778238 0.833048
vt 0.775960 0.838798
vt 0.773766 0.844337
vt 0.771657 0.849679
vt 0.769632 0.854785
vt 0.767693 0.859674
vt 0.765856 0.864317
vt 0.821941 0.721264
vt 0.818688 0.728787
vt 0.815445 0.736271
vt 0.812224 0.743722
vt 0.809026 0.751109
vt 0.805856 0.758434
vt 0.802722 0.765680
vt 0.799626 0.772830
vt 0.796569 0.779889
vt 0.793570 0.786834
vt 0.790616 0.793653
vt 0.787730 0.800333
vt 0.784895 0.806881
vt 0.782128 0.813267
vt 0.779436 0.819492
vt 0.776816 0.825535
vt 0.774281 0.831404
vt 0.771826 0.837079
vt 0.769457 0.842558
vt 0.767172 0.847824
vt 0.764995 0.852864
vt 0.762908 0.857682
vt 0.760918 0.862272
vt 0.821477 0.721048
vt 0.817985 0.728464
vt 0.814509 0.735847
vt 0.811050 0.743188
vt 0.807625 0.750479
vt 0.804229 0.757697
vt 0.800867 0.764842
vt 0.797544 0.771894
vt 0.794273 0.778850
vt 0.791053 0.785694
vt 0.787883 0.792413
vt 0.784782 0.799008
vt 0.781749 0.805459
vt 0.778788 0.811757
vt 0.775898 0.817893
vt 0.773097 0.823858
vt 0.770370 0.829645
vt 0.767734 0.835238
vt 0.765198 0.840635
vt 0.762760 0.845821
vt 0.760413 0.850801
vt 0.758179 0.855551
vt 0.756060 0.860076
vt 0.821012 0.720821
vt 0.817293 0.728124
vt 0.813578 0.735398
vt 0.809899 0.742621
vt 0.806242 0.749800
vt 0.802619 0.756915
vt 0.799036 0.763939
vt 0.795498 0.770891
vt 0.792005 0.777746
vt 0.788576 0.784483
vt 0.785202 0.791102
vt 0.781891 0.797595
vt 0.778653 0.803939
vt 0.775494 0.810149
vt 0.772416 0.816187
vt 0.769423 0.822065
vt 0.766519 0.827757
vt 0.763713 0.833270
vt 0.761009 0.838583
vt 0.758400 0.843689
vt 0.755906 0.848589
vt 0.753519 0.853266
vt 0.751257 0.857722
vt 0.820552 0.720584
vt 0.816606 0.727761
vt 0.812671 0.734916
vt 0.808765 0.742020
vt 0.804887 0.749079
vt 0.801043 0.756076
vt 0.797233 0.762992
vt 0.793474 0.769824
vt 0.789783 0.776559
vt 0.786131 0.783183
vt 0.782554 0.789696
vt 0.779044 0.796087
vt 0.775609 0.802329
vt 0.772258 0.808425
vt 0.768991 0.814372
vt 0.765816 0.820155
vt 0.762738 0.825752
vt 0.759750 0.831165
vt 0.756876 0.836393
vt 0.754114 0.841422
vt 0.751466 0.846243
vt 0.748944 0.850845
vt 0.746534 0.855215
vt 0.820099 0.720322
vt 0.815932 0.727381
vt 0.811781 0.734400
vt 0.807647 0.741391
vt 0.803544 0.748313
vt 0.799483 0.755185
vt 0.795463 0.761983
vt 0.791495 0.768695
vt 0.787583 0.775312
vt 0.783733 0.781816
vt 0.779951 0.788212
vt 0.776249 0.794483
vt 0.772615 0.800618
vt 0.769071 0.806610
vt 0.765618 0.812455
vt 0.762262 0.818126
vt 0.759008 0.823625
vt 0.755860 0.828948
vt 0.752828 0.834082
vt 0.749907 0.839020
vt 0.747112 0.843751
vt 0.744436 0.848272
vt 0.741890 0.852576
vt 0.819656 0.720056
vt 0.815268 0.726973
vt 0.810896 0.733867
vt 0.806554 0.740717
vt 0.802234 0.747515
vt 0.797958 0.754251
vt 0.793729 0.760918
vt 0.789550 0.767499
vt 0.785428 0.773993
vt 0.781379 0.780383
vt 0.777400 0.786652
vt 0.773493 0.792799
vt 0.769678 0.798819
vt 0.765941 0.804700
vt 0.762313 0.810426
vt 0.758781 0.815994
vt 0.755355 0.821384
vt 0.752039 0.826613
vt 0.748847 0.831644
vt 0.745769 0.836491
vt 0.742820 0.841129
vt 0.740014 0.845561
vt 0.737337 0.849781
vt 0.819231 0.719772
vt 0.814622 0.726553
vt 0.810035 0.733294
vt 0.805477 0.740007
vt 0.800952 0.746670
vt 0.796462 0.753275
vt 0.792034 0.759795
vt 0.787639 0.766248
vt 0.783319 0.772602
vt 0.779072 0.778864
vt 0.774894 0.785009
vt 0.770800 0.791031
vt 0.766797 0.796932
vt 0.762880 0.802686
vt 0.759076 0.808294
vt 0.755362 0.813749
vt 0.751767 0.819033
vt 0.748297 0.824148
vt 0.744946 0.829086
vt 0.741714 0.833818
vt 0.738631 0.838365
vt 0.735677 0.842711
vt 0.732864 0.846848
vt 0.818807 0.719471
vt 0.813993 0.726106
vt 0.809190 0.732705
vt 0.804428 0.739271
vt 0.799688 0.745784
vt 0.794999 0.752238
vt 0.790355 0.758626
vt 0.785781 0.764937
vt 0.781261 0.771151
vt 0.776816 0.777269
vt 0.772450 0.783285
vt 0.768164 0.789175
vt 0.763975 0.794949
vt 0.759886 0.800577
vt 0.755900 0.806067
vt 0.752022 0.811395
vt 0.748262 0.816566
vt 0.744629 0.821573
vt 0.741125 0.826397
vt 0.737752 0.831036
vt 0.734525 0.835486
vt 0.731434 0.839732
vt 0.728498 0.843776
vt 0.818398 0.719160
vt 0.813374 0.725635
vt 0.808368 0.732087
vt 0.803396 0.738500
vt 0.798458 0.744861
vt 0.793570 0.751166
vt 0.788728 0.757403
vt 0.783954 0.763560
vt 0.779238 0.769642
vt 0.774605 0.775618
vt 0.770046 0.781486
vt 0.765584 0.787242
vt 0.761218 0.792879
vt 0.756949 0.798378
vt 0.752793 0.803735
vt 0.748751 0.808942
vt 0.744839 0.813993
vt 0.741045 0.818880
vt 0.737388 0.823598
vt 0.733879 0.828125
vt 0.730505 0.832471
vt 0.727285 0.836615
vt 0.724229 0.840566
vt 0.817995 0.718837
vt 0.812767 0.725152
vt 0.807563 0.731441
vt 0.802392 0.737694
vt 0.797255 0.743903
vt 0.792176 0.750048
vt 0.787140 0.756132
vt 0.782168 0.762142
vt 0.777276 0.768061
vt 0.772450 0.773890
vt 0.767710 0.779616
vt 0.763067 0.785230
vt 0.758525 0.790725
vt 0.754092 0.796087
vt 0.749765 0.801315
vt 0.745565 0.806391
vt 0.741488 0.811318
vt 0.737547 0.816080
vt 0.733748 0.820677
vt 0.730091 0.825093
vt 0.726587 0.829330
vt 0.723242 0.833378
vt 0.720050 0.837227
vt 0.817598 0.718508
vt 0.812184 0.724648
vt 0.806780 0.730777
vt 0.801417 0.736855
vt 0.796088 0.742900
vt 0.790815 0.748881
vt 0.785599 0.754805
vt 0.780439 0.760656
vt 0.775353 0.766417
vt 0.770347 0.772098
vt 0.765437 0.777672
vt 0.760623 0.783136
vt 0.755906 0.788485
vt 0.751301 0.793700
vt 0.746817 0.798793
vt 0.742457 0.803735
vt 0.738227 0.808532
vt 0.734134 0.813163
vt 0.730199 0.817644
vt 0.726406 0.821948
vt 0.722766 0.826069
vt 0.719290 0.830009
vt 0.715991 0.833756
vt 0.817218 0.718155
vt 0.811605 0.724127
vt 0.806016 0.730080
vt 0.800465 0.735999
vt 0.794953 0.741861
vt 0.789487 0.747684
vt 0.784090 0.753440
vt 0.778750 0.759125
vt 0.773482 0.764722
vt 0.768311 0.770232
vt 0.763225 0.775654
vt 0.758236 0.780967
vt 0.753354 0.786160
vt 0.748586 0.791240
vt 0.743953 0.796178
vt 0.739436 0.800980
vt 0.735058 0.805647
vt 0.730829 0.810153
vt 0.726746 0.814496
vt 0.722812 0.818687
vt 0.719053 0.822691
vt 0.715464 0.826517
vt 0.712033 0.830158
vt 0.816850 0.717794
vt 0.811050 0.723594
vt 0.805278 0.729366
vt 0.799541 0.735103
vt 0.793849 0.740796
vt 0.788200 0.746437
vt 0.782627 0.752016
vt 0.777106 0.757527
vt 0.771673 0.762970
vt 0.766327 0.768316
vt 0.761071 0.773571
vt 0.755923 0.778720
vt 0.750877 0.783762
vt 0.745955 0.788686
vt 0.741164 0.793478
vt 0.736499 0.798139
vt 0.731979 0.802664
vt 0.727608 0.807034
vt 0.723390 0.811253
vt 0.719341 0.815308
vt 0.715446 0.819197
vt 0.711733 0.822910
vt 0.708201 0.826438
vt 0.816487 0.717425
vt 0.810506 0.723038
vt 0.804564 0.728623
vt 0.798650 0.734179
vt 0.792783 0.739690
vt 0.786958 0.745156
vt 0.781204 0.750559
vt 0.775518 0.755894
vt 0.769921 0.761155
vt 0.764405 0.766333
vt 0.758984 0.771417
vt 0.753677 0.776406
vt 0.748484 0.781288
vt 0.743403 0.786051
vt 0.738466 0.790694
vt 0.733657 0.795208
vt 0.728997 0.799585
vt 0.724490 0.803815
vt 0.720147 0.807897
vt 0.715962 0.811821
vt 0.711953 0.815592
vt 0.708127 0.819182
vt 0.704481 0.822598
vt 0.816136 0.717045
vt 0.809984 0.722459
vt 0.803866 0.727863
vt 0.797777 0.733227
vt 0.791739 0.738556
vt 0.785752 0.743829
vt 0.779832 0.749051
vt 0.773987 0.754205
vt 0.768226 0.759289
vt 0.762545 0.764285
vt 0.756971 0.769208
vt 0.751507 0.774026
vt 0.746165 0.778737
vt 0.740938 0.783342
vt 0.735852 0.787826
vt 0.730909 0.792185
vt 0.726117 0.796411
vt 0.721474 0.800499
vt 0.717000 0.804450
vt 0.712696 0.808239
vt 0.708575 0.811877
vt 0.704634 0.815341
vt 0.700886 0.818653
vt 0.815807 0.716648
vt 0.809491 0.721876
vt 0.803197 0.727074
vt 0.796949 0.732246
vt 0.790747 0.737377
vt 0.784595 0.742474
vt 0.778511 0.747504
vt 0.772502 0.752470
vt 0.766582 0.757369
vt 0.760754 0.762193
vt 0.755027 0.766927
vt 0.749414 0.771572
vt 0.743920 0.776120
vt 0.738556 0.780552
vt 0.733329 0.784871
vt 0.728255 0.789079
vt 0.723328 0.793156
vt 0.718565 0.797096
vt 0.713972 0.800896
vt 0.709550 0.804552
vt 0.705314 0.808056
vt 0.701267 0.811406
vt 0.697411 0.814587
vt 0.815484 0.716246
vt 0.808997 0.721269
vt 0.802556 0.726275
vt 0.796144 0.731242
vt 0.789783 0.736180
vt 0.783473 0.741073
vt 0.777241 0.745915
vt 0.771073 0.750689
vt 0.765000 0.755395
vt 0.759024 0.760039
vt 0.753156 0.764586
vt 0.747401 0.769059
vt 0.741765 0.773425
vt 0.736271 0.777695
vt 0.730909 0.781852
vt 0.725698 0.785894
vt 0.720651 0.789811
vt 0.715763 0.793598
vt 0.711046 0.797256
vt 0.706516 0.800772
vt 0.702173 0.804137
vt 0.698018 0.807353
vt 0.694072 0.810415
vt 0.815166 0.715837
vt 0.808545 0.720657
vt 0.801933 0.725448
vt 0.795373 0.730216
vt 0.788858 0.734956
vt 0.782395 0.739644
vt 0.776017 0.744276
vt 0.769706 0.748869
vt 0.763487 0.753383
vt 0.757369 0.757828
vt 0.751359 0.762193
vt 0.745463 0.766474
vt 0.739696 0.770669
vt 0.734065 0.774758
vt 0.728577 0.778742
vt 0.723249 0.782622
vt 0.718078 0.786382
vt 0.713070 0.790015
vt 0.708247 0.793520
vt 0.703603 0.796892
vt 0.699157 0.800117
vt 0.694910 0.803210
vt 0.690868 0.806147
vt 0.814877 0.715412
vt 0.808090 0.720021
vt 0.801343 0.724602
vt 0.794636 0.729167
vt 0.787973 0.733692
vt 0.781368 0.738177
vt 0.774842 0.742616
vt 0.768396 0.746999
vt 0.762040 0.751312
vt 0.755781 0.755572
vt 0.749636 0.759750
vt 0.743614 0.763837
vt 0.737712 0.767852
vt 0.731957 0.771759
vt 0.726350 0.775574
vt 0.720895 0.779276
vt 0.715606 0.782877
vt 0.710497 0.786353
vt 0.705558 0.789696
vt 0.700813 0.792917
vt 0.696277 0.796014
vt 0.691922 0.798968
vt 0.687795 0.801768
vt 0.814588 0.714976
vt 0.807665 0.719375
vt 0.800782 0.723741
vt 0.793927 0.728089
vt 0.787129 0.732404
vt 0.780393 0.736685
vt 0.773725 0.740915
vt 0.767144 0.745093
vt 0.760652 0.749204
vt 0.754262 0.753264
vt 0.747996 0.757243
vt 0.741845 0.761144
vt 0.735818 0.764966
vt 0.729944 0.768695
vt 0.724218 0.772338
vt 0.718650 0.775863
vt 0.713252 0.779292
vt 0.708030 0.782597
vt 0.702996 0.785796
vt 0.698153 0.788868
vt 0.693510 0.791812
vt 0.689083 0.794629
vt 0.684858 0.797311
vt 0.814321 0.714544
vt 0.807263 0.718712
vt 0.800243 0.722867
vt 0.793253 0.726995
vt 0.786324 0.731094
vt 0.779453 0.735160
vt 0.772659 0.739179
vt 0.765953 0.743144
vt 0.759331 0.747060
vt 0.752821 0.750904
vt 0.746420 0.754686
vt 0.740155 0.758400
vt 0.734020 0.762029
vt 0.728033 0.765567
vt 0.722189 0.769026
vt 0.716519 0.772382
vt 0.711018 0.775636
vt 0.705694 0.778777
vt 0.700564 0.781816
vt 0.695620 0.784736
vt 0.690891 0.787531
vt 0.686372 0.790213
vt 0.682069 0.792753
vt 0.814060 0.714092
vt 0.806883 0.718044
vt 0.799727 0.721972
vt 0.792617 0.725884
vt 0.785564 0.729756
vt 0.778568 0.733607
vt 0.771651 0.737412
vt 0.764819 0.741158
vt 0.758083 0.744861
vt 0.751455 0.748512
vt 0.744946 0.752090
vt 0.738556 0.755605
vt 0.732314 0.759035
vt 0.726208 0.762386
vt 0.720272 0.765651
vt 0.714494 0.768826
vt 0.708892 0.771905
vt 0.703466 0.774882
vt 0.698251 0.777757
vt 0.693221 0.780523
vt 0.688402 0.783176
vt 0.683798 0.785701
vt 0.679426 0.788110
vt 0.813822 0.713631
vt 0.806519 0.717350
vt 0.799246 0.721059
vt 0.792016 0.724744
vt 0.784844 0.728402
vt 0.777729 0.732024
vt 0.770698 0.735607
vt 0.763753 0.739146
vt 0.756904 0.742639
vt 0.750168 0.746074
vt 0.743540 0.749441
vt 0.737049 0.752753
vt 0.730705 0.755990
vt 0.724496 0.759149
vt 0.718457 0.762226
vt 0.712578 0.765221
vt 0.706884 0.768118
vt 0.701374 0.770931
vt 0.696061 0.773635
vt 0.690954 0.776244
vt 0.686049 0.778737
vt 0.681377 0.781124
vt 0.676920 0.783387
vt 0.813596 0.713167
vt 0.806180 0.716659
vt 0.798792 0.720134
vt 0.791455 0.723594
vt 0.784163 0.727019
vt 0.776940 0.730414
vt 0.769802 0.733776
vt 0.762743 0.737093
vt 0.755798 0.740370
vt 0.748949 0.743591
vt 0.742224 0.746749
vt 0.735631 0.749856
vt 0.729185 0.752894
vt 0.722885 0.755854
vt 0.716750 0.758746
vt 0.710780 0.761547
vt 0.705003 0.764274
vt 0.699401 0.766898
vt 0.694009 0.769445
vt 0.688821 0.771883
vt 0.683849 0.774230
vt 0.679092 0.776464
vt 0.674567 0.778591
vt 0.813380 0.712702
vt 0.805856 0.715956
vt 0.798373 0.719194
vt 0.790928 0.722415
vt 0.783535 0.725611
vt 0.776209 0.728787
vt 0.768969 0.731922
vt 0.761814 0.735018
vt 0.754755 0.738074
vt 0.747814 0.741073
vt 0.740989 0.744028
vt 0.734305 0.746919
vt 0.727768 0.749754
vt 0.721377 0.752515
vt 0.715157 0.755208
vt 0.709096 0.757822
vt 0.703234 0.760362
vt 0.697564 0.762816
vt 0.692082 0.765186
vt 0.686826 0.767462
vt 0.681780 0.769649
vt 0.676955 0.771736
vt 0.672373 0.773715
vt 0.813188 0.712221
vt 0.805568 0.715236
vt 0.797976 0.718247
vt 0.790429 0.721229
vt 0.782946 0.724189
vt 0.775529 0.727131
vt 0.768186 0.730035
vt 0.760935 0.732908
vt 0.753792 0.735739
vt 0.746755 0.738522
vt 0.739843 0.741255
vt 0.733068 0.743942
vt 0.726446 0.746562
vt 0.719970 0.749131
vt 0.713673 0.751625
vt 0.707537 0.754045
vt 0.701596 0.756399
vt 0.695846 0.758684
vt 0.690296 0.760878
vt 0.684965 0.762987
vt 0.679857 0.765006
vt 0.674970 0.766938
vt 0.670327 0.768782
vt 0.813000 0.711738
vt 0.805289 0.714511
vt 0.797613 0.717284
vt 0.789975 0.720033
vt 0.782395 0.722755
vt 0.774888 0.725454
vt 0.767466 0.728129
vt 0.760130 0.730777
vt 0.752895 0.733374
vt 0.745774 0.735942
vt 0.738788 0.738460
vt 0.731934 0.740926
vt 0.725232 0.743341
vt 0.718678 0.745700
vt 0.712294 0.747996
vt 0.706091 0.750224
vt 0.700082 0.752396
vt 0.694259 0.754488
vt 0.688646 0.756512
vt 0.683254 0.758451
vt 0.678083 0.760317
vt 0.673139 0.762091
vt 0.668433 0.763782
vt 0.812836 0.711250
vt 0.805034 0.713784
vt 0.797272 0.716302
vt 0.789562 0.718814
vt 0.781902 0.721303
vt 0.774310 0.723763
vt 0.766803 0.726207
vt 0.759387 0.728611
vt 0.752079 0.730993
vt 0.744884 0.733329
vt 0.737814 0.735625
vt 0.730891 0.737875
vt 0.724111 0.740081
vt 0.717493 0.742224
vt 0.711042 0.744328
vt 0.704770 0.746364
vt 0.698692 0.748337
vt 0.692807 0.750247
vt 0.687137 0.752090
vt 0.681683 0.753865
vt 0.676456 0.755565
vt 0.671455 0.757181
vt 0.666703 0.758728
vt 0.812677 0.710751
vt 0.804808 0.713042
vt 0.796972 0.715316
vt 0.789181 0.717583
vt 0.781448 0.719835
vt 0.773783 0.722057
vt 0.766202 0.724257
vt 0.758717 0.726434
vt 0.751336 0.728583
vt 0.744068 0.730692
vt 0.736941 0.732762
vt 0.729944 0.734796
vt 0.723100 0.736787
vt 0.716410 0.738726
vt 0.709896 0.740615
vt 0.703568 0.742457
vt 0.697428 0.744237
vt 0.691492 0.745961
vt 0.685765 0.747628
vt 0.680254 0.749232
vt 0.674982 0.750762
vt 0.669935 0.752231
vt 0.665133 0.753621
vt 0.812546 0.710253
vt 0.804609 0.712294
vt 0.796706 0.714324
vt 0.788842 0.716342
vt 0.781040 0.718349
vt 0.773317 0.720328
vt 0.765663 0.722295
vt 0.758117 0.724229
vt 0.750673 0.726139
vt 0.743342 0.728027
vt 0.736152 0.729875
vt 0.729094 0.731685
vt 0.722189 0.733459
vt 0.715446 0.735189
vt 0.708875 0.736871
vt 0.702491 0.738516
vt 0.696300 0.740103
vt 0.690307 0.741640
vt 0.684535 0.743126
vt 0.678973 0.744555
vt 0.673654 0.745921
vt 0.668569 0.747225
vt 0.663727 0.748466
vt 0.812428 0.709759
vt 0.804428 0.711539
vt 0.796462 0.713325
vt 0.788541 0.715094
vt 0.780683 0.716847
vt 0.772899 0.718593
vt 0.765193 0.720316
vt 0.757578 0.722011
vt 0.750077 0.723696
vt 0.742696 0.725334
vt 0.735450 0.726961
vt 0.728340 0.728548
vt 0.721383 0.730108
vt 0.714584 0.731622
vt 0.707968 0.733107
vt 0.701533 0.734542
vt 0.695296 0.735931
vt 0.689263 0.737286
vt 0.683447 0.738585
vt 0.677845 0.739832
vt 0.672486 0.741034
vt 0.667350 0.742180
vt 0.662480 0.743268
vt 0.812315 0.709255
vt 0.804269 0.710785
vt 0.796257 0.712316
vt 0.788279 0.713830
vt 0.780377 0.715338
vt 0.772535 0.716840
vt 0.764780 0.718315
vt 0.757125 0.719778
vt 0.749573 0.721224
vt 0.742146 0.722635
vt 0.734837 0.724024
vt 0.727688 0.725392
vt 0.720680 0.726729
vt 0.713842 0.728039
vt 0.707186 0.729309
vt 0.700705 0.730539
vt 0.694429 0.731742
vt 0.688356 0.732904
vt 0.682494 0.734015
vt 0.676858 0.735086
vt 0.671466 0.736124
vt 0.666301 0.737104
vt 0.661397 0.738039
vt 0.812229 0.708739
vt 0.804139 0.710026
vt 0.796077 0.711295
vt 0.788059 0.712566
vt 0.780111 0.713830
vt 0.772229 0.715078
vt 0.764428 0.716313
vt 0.756727 0.717527
vt 0.749142 0.718735
vt 0.741664 0.719919
vt 0.734327 0.721082
vt 0.727132 0.722216
vt 0.720090 0.723333
vt 0.713213 0.724421
vt 0.706516 0.725487
vt 0.700002 0.726514
vt 0.693692 0.727517
vt 0.687580 0.728481
vt 0.681689 0.729416
vt 0.676030 0.730313
vt 0.670599 0.731174
vt 0.665411 0.731991
vt 0.660472 0.732773
vt 0.812155 0.708229
vt 0.804025 0.709255
vt 0.795934 0.710281
vt 0.787878 0.711295
vt 0.779895 0.712310
vt 0.771974 0.713303
vt 0.764143 0.714296
vt 0.756405 0.715270
vt 0.748785 0.716233
vt 0.741271 0.717181
vt 0.733908 0.718111
vt 0.726673 0.719030
vt 0.719608 0.719919
vt 0.712696 0.720799
vt 0.705973 0.721644
vt 0.699425 0.722470
vt 0.693086 0.723271
vt 0.686950 0.724047
vt 0.681037 0.724790
vt 0.675344 0.725510
vt 0.669896 0.726207
vt 0.664685 0.726859
vt 0.659724 0.727482
vt 0.812105 0.707712
vt 0.803941 0.708484
vt 0.795816 0.709255
vt 0.787741 0.710020
vt 0.779719 0.710774
vt 0.771775 0.711528
vt 0.763924 0.712272
vt 0.756161 0.713002
vt 0.748508 0.713728
vt 0.740978 0.714443
vt 0.733578 0.715134
vt 0.726321 0.715820
vt 0.719228 0.716495
vt 0.712294 0.717147
vt 0.705547 0.717787
vt 0.698982 0.718412
vt 0.692621 0.719013
vt 0.686463 0.719591
vt 0.680521 0.720158
vt 0.674811 0.720697
vt 0.669340 0.721206
vt 0.664112 0.721705
vt 0.659140 0.722176
vt 0.812064 0.707196
vt 0.803883 0.707712
vt 0.795736 0.708229
vt 0.787639 0.708739
vt 0.779600 0.709244
vt 0.771634 0.709741
vt 0.763753 0.710242
vt 0.755980 0.710729
vt 0.748309 0.711211
vt 0.740756 0.711681
vt 0.733340 0.712152
vt 0.726066 0.712605
vt 0.718950 0.713059
vt 0.712011 0.713490
vt 0.705235 0.713921
vt 0.698658 0.714335
vt 0.692280 0.714737
vt 0.686111 0.715129
vt 0.680158 0.715497
vt 0.674438 0.715861
vt 0.668949 0.716200
vt 0.663704 0.716534
vt 0.658721 0.716847
vt 0.812043 0.706687
vt 0.803844 0.706941
vt 0.795684 0.707196
vt 0.787577 0.707452
vt 0.779531 0.707707
vt 0.771555 0.707957
vt 0.763662 0.708200
vt 0.755867 0.708444
vt 0.748184 0.708693
vt 0.740626 0.708925
vt 0.733198 0.709164
vt 0.725919 0.709397
vt 0.718797 0.709617
vt 0.711840 0.709839
vt 0.705053 0.710048
vt 0.698470 0.710253
vt 0.692082 0.710451
vt 0.685902 0.710649
vt 0.679937 0.710836
vt 0.674205 0.711013
vt 0.668711 0.711188
vt 0.663460 0.711353
vt 0.658471 0.711511
vt 0.812031 0.706165
vt 0.803837 0.706165
vt 0.795673 0.706165
vt 0.787555 0.706165
vt 0.779509 0.706165
vt 0.771526 0.706165
vt 0.763628 0.706165
vt 0.755838 0.706165
vt 0.748144 0.706165
vt 0.740580 0.706165
vt 0.733147 0.706165
vt 0.725868 0.706165
vt 0.718740 0.706165
vt 0.711773 0.706165
vt 0.704992 0.706165
vt 0.698408 0.706165
vt 0.692013 0.706165
vt 0.685827 0.706165
vt 0.679868 0.706165
vt 0.674125 0.706165
vt 0.668631 0.706165
vt 0.663381 0.706165
vt 0.658380 0.706165
vt 0.803844 0.705394
vt 0.812043 0.705649
vt 0.795684 0.705139
vt 0.787577 0.704883
vt 0.779531 0.704634
vt 0.771555 0.704379
vt 0.763662 0.704129
vt 0.755867 0.703885
vt 0.748184 0.703648
vt 0.740626 0.703408
vt 0.733198 0.703171
vt 0.725919 0.702944
vt 0.718797 0.702723
vt 0.711840 0.702502
vt 0.705053 0.702287
vt 0.698470 0.702083
vt 0.692082 0.701884
vt 0.685902 0.701686
vt 0.679937 0.701498
vt 0.674205 0.701317
vt 0.668711 0.701141
vt 0.663460 0.700983
vt 0.658471 0.700830
vt 0.803883 0.704617
vt 0.812064 0.705139
vt 0.795736 0.704106
vt 0.787639 0.703597
vt 0.779600 0.703091
vt 0.771634 0.702588
vt 0.763753 0.702100
vt 0.755980 0.701606
vt 0.748309 0.701123
vt 0.740756 0.700648
vt 0.733340 0.700177
vt 0.726066 0.699724
vt 0.718950 0.699282
vt 0.712011 0.698839
vt 0.705235 0.698408
vt 0.698658 0.698000
vt 0.692280 0.697597
vt 0.686111 0.697213
vt 0.680158 0.696838
vt 0.674438 0.696475
vt 0.668949 0.696129
vt 0.663704 0.695795
vt 0.658721 0.695489
vt 0.803941 0.703852
vt 0.812105 0.704617
vt 0.795816 0.703075
vt 0.787741 0.702320
vt 0.779719 0.701562
vt 0.771775 0.700813
vt 0.763924 0.700070
vt 0.756161 0.699333
vt 0.748508 0.698607
vt 0.740978 0.697898
vt 0.733578 0.697195
vt 0.726321 0.696509
vt 0.719228 0.695834
vt 0.712294 0.695187
vt 0.705547 0.694547
vt 0.698982 0.693924
vt 0.692621 0.693328
vt 0.686463 0.692739
vt 0.680521 0.692184
vt 0.674811 0.691644
vt 0.669340 0.691123
vt 0.664112 0.690635
vt 0.659140 0.690160
vt 0.804025 0.703075
vt 0.812155 0.704106
vt 0.795934 0.702060
vt 0.787878 0.701039
vt 0.779895 0.700030
vt 0.771974 0.699027
vt 0.764143 0.698040
vt 0.756405 0.697060
vt 0.748785 0.696096
vt 0.741271 0.695149
vt 0.733908 0.694218
vt 0.726673 0.693312
vt 0.719608 0.692415
vt 0.712696 0.691543
vt 0.705973 0.690686
vt 0.699425 0.689870
vt 0.693086 0.689059
vt 0.686950 0.688288
vt 0.681037 0.687540
vt 0.675344 0.686820
vt 0.669896 0.686133
vt 0.664685 0.685476
vt 0.659724 0.684846
vt 0.804139 0.702309
vt 0.812229 0.703597
vt 0.796077 0.701034
vt 0.788059 0.699769
vt 0.780111 0.698505
vt 0.772229 0.697258
vt 0.764428 0.696027
vt 0.756727 0.694803
vt 0.749142 0.693601
vt 0.741664 0.692415
vt 0.734327 0.691259
vt 0.727132 0.690118
vt 0.720090 0.688996
vt 0.713213 0.687908
vt 0.706516 0.686854
vt 0.700002 0.685816
vt 0.693692 0.684823
vt 0.687580 0.683849
vt 0.681689 0.682919
vt 0.676030 0.682028
vt 0.670599 0.681167
vt 0.665411 0.680345
vt 0.660472 0.679563
vt 0.804269 0.701555
vt 0.812315 0.703086
vt 0.796257 0.700024
vt 0.788279 0.698499
vt 0.780377 0.696991
vt 0.772535 0.695500
vt 0.764780 0.694019
vt 0.757125 0.692556
vt 0.749573 0.691118
vt 0.742146 0.689700
vt 0.734837 0.688305
vt 0.727688 0.686939
vt 0.720680 0.685605
vt 0.713842 0.684302
vt 0.707186 0.683027
vt 0.700705 0.681797
vt 0.694429 0.680600
vt 0.688356 0.679437
vt 0.682494 0.678320
vt 0.676858 0.677249
vt 0.671466 0.676217
vt 0.666301 0.675230
vt 0.661397 0.674295
vt 0.804428 0.700795
vt 0.812428 0.702582
vt 0.796462 0.699010
vt 0.788541 0.697240
vt 0.780683 0.695482
vt 0.772899 0.693742
vt 0.765193 0.692024
vt 0.757578 0.690324
vt 0.750077 0.688644
vt 0.742696 0.686995
vt 0.735450 0.685374
vt 0.728340 0.683787
vt 0.721383 0.682232
vt 0.714584 0.680707
vt 0.707968 0.679233
vt 0.701533 0.677794
vt 0.695296 0.676398
vt 0.689263 0.675049
vt 0.683447 0.673751
vt 0.677845 0.672497
vt 0.672486 0.671295
vt 0.667350 0.670151
vt 0.662480 0.669061
vt 0.804609 0.700036
vt 0.812546 0.702076
vt 0.796706 0.698006
vt 0.788842 0.695994
vt 0.781040 0.693992
vt 0.773317 0.692007
vt 0.765663 0.690040
vt 0.758117 0.688107
vt 0.750673 0.686190
vt 0.743342 0.684308
vt 0.736152 0.682460
vt 0.729094 0.680651
vt 0.722189 0.678876
vt 0.715446 0.677147
vt 0.708875 0.675458
vt 0.702491 0.673825
vt 0.696300 0.672226
vt 0.690307 0.670695
vt 0.684535 0.669209
vt 0.678973 0.667780
vt 0.673654 0.666414
vt 0.668569 0.665116
vt 0.663727 0.663863
vt 0.804808 0.699292
vt 0.812677 0.701577
vt 0.796972 0.697014
vt 0.789181 0.694757
vt 0.781448 0.692507
vt 0.773783 0.690278
vt 0.766202 0.688073
vt 0.758717 0.685902
vt 0.751336 0.683758
vt 0.744068 0.681649
vt 0.736941 0.679573
vt 0.729944 0.677544
vt 0.723100 0.675553
vt 0.716410 0.673609
vt 0.709896 0.671721
vt 0.703568 0.669883
vt 0.697428 0.668098
vt 0.691492 0.666369
vt 0.685765 0.664708
vt 0.680254 0.663108
vt 0.674982 0.661578
vt 0.669935 0.660109
vt 0.665133 0.658710
vt 0.805034 0.698550
vt 0.812836 0.701090
vt 0.797272 0.696033
vt 0.789562 0.693521
vt 0.781902 0.691038
vt 0.774310 0.688571
vt 0.766803 0.686133
vt 0.759387 0.683723
vt 0.752079 0.681349
vt 0.744884 0.679013
vt 0.737814 0.676710
vt 0.730891 0.674459
vt 0.724111 0.672259
vt 0.717493 0.670105
vt 0.711042 0.668012
vt 0.704770 0.665972
vt 0.698692 0.663998
vt 0.692807 0.662088
vt 0.687137 0.660239
vt 0.681683 0.658470
vt 0.676456 0.656775
vt 0.671455 0.655148
vt 0.666703 0.653606
vt 0.805289 0.697818
vt 0.813000 0.700598
vt 0.797613 0.695058
vt 0.789975 0.692308
vt 0.782395 0.689581
vt 0.774888 0.686875
vt 0.767466 0.684206
vt 0.760130 0.681558
vt 0.752895 0.678956
vt 0.745774 0.676398
vt 0.738788 0.673875
vt 0.731934 0.671415
vt 0.725232 0.668999
vt 0.718678 0.666636
vt 0.712294 0.664339
vt 0.706091 0.662105
vt 0.700082 0.659939
vt 0.694259 0.657847
vt 0.688646 0.655829
vt 0.683254 0.653884
vt 0.678083 0.652019
vt 0.673139 0.650243
vt 0.668433 0.648549
vt 0.805568 0.697093
vt 0.813188 0.700115
vt 0.797976 0.694094
vt 0.790429 0.691106
vt 0.782946 0.688141
vt 0.775529 0.685197
vt 0.768186 0.682296
vt 0.760935 0.679426
vt 0.753792 0.676591
vt 0.746755 0.673813
vt 0.739843 0.671074
vt 0.733068 0.668399
vt 0.726446 0.665768
vt 0.719970 0.663211
vt 0.713673 0.660716
vt 0.707537 0.658284
vt 0.701596 0.655930
vt 0.695846 0.653656
vt 0.690296 0.651462
vt 0.684965 0.649354
vt 0.679857 0.647324
vt 0.674970 0.645391
vt 0.670327 0.643549
vt 0.805856 0.696379
vt 0.813380 0.699633
vt 0.798373 0.693135
vt 0.790928 0.689916
vt 0.783535 0.686718
vt 0.776209 0.683548
vt 0.768969 0.680418
vt 0.761814 0.677322
vt 0.754755 0.674267
vt 0.747814 0.671262
vt 0.740989 0.668313
vt 0.734305 0.665422
vt 0.727768 0.662587
vt 0.721377 0.659820
vt 0.715157 0.657132
vt 0.709096 0.654508
vt 0.703234 0.651974
vt 0.697564 0.649518
vt 0.692082 0.647149
vt 0.686826 0.644869
vt 0.681780 0.642687
vt 0.676955 0.640606
vt 0.672373 0.638615
vt 0.806180 0.695681
vt 0.813596 0.699168
vt 0.798792 0.692194
vt 0.791455 0.688746
vt 0.784163 0.685317
vt 0.776940 0.681926
vt 0.769802 0.678559
vt 0.762743 0.675236
vt 0.755798 0.671964
vt 0.748949 0.668744
vt 0.742224 0.665581
vt 0.735631 0.662474
vt 0.729185 0.659446
vt 0.722885 0.656480
vt 0.716750 0.653594
vt 0.710780 0.650788
vt 0.705003 0.648066
vt 0.699401 0.645430
vt 0.694009 0.642897
vt 0.688821 0.640452
vt 0.683849 0.638111
vt 0.679092 0.635871
vt 0.674567 0.633739
vt 0.806519 0.694983
vt 0.813822 0.698703
vt 0.799246 0.691271
vt 0.792016 0.687591
vt 0.784844 0.683940
vt 0.777729 0.680310
vt 0.770698 0.676728
vt 0.763753 0.673190
vt 0.756904 0.669702
vt 0.750168 0.666267
vt 0.743540 0.662893
vt 0.737049 0.659587
vt 0.730705 0.656350
vt 0.724496 0.653193
vt 0.718457 0.650107
vt 0.712578 0.647119
vt 0.706884 0.644211
vt 0.701374 0.641410
vt 0.696061 0.638700
vt 0.690954 0.636092
vt 0.686049 0.633597
vt 0.681377 0.631216
vt 0.676920 0.628949
vt 0.806883 0.694298
vt 0.814060 0.698244
vt 0.799727 0.690362
vt 0.792617 0.686457
vt 0.785564 0.682579
vt 0.778568 0.678734
vt 0.771651 0.674930
vt 0.764819 0.671171
vt 0.758083 0.667474
vt 0.751455 0.663828
vt 0.744946 0.660251
vt 0.738556 0.656735
vt 0.732314 0.653300
vt 0.726208 0.649954
vt 0.720272 0.646683
vt 0.714494 0.643508
vt 0.708892 0.640430
vt 0.703466 0.637447
vt 0.698251 0.634572
vt 0.693221 0.631805
vt 0.688402 0.629164
vt 0.683798 0.626635
vt 0.679426 0.624226
vt 0.807263 0.693624
vt 0.814321 0.697796
vt 0.800243 0.689473
vt 0.793253 0.685345
vt 0.786324 0.681234
vt 0.779453 0.677180
vt 0.772659 0.673161
vt 0.765953 0.669187
vt 0.759331 0.665280
vt 0.752821 0.661425
vt 0.746420 0.657644
vt 0.740155 0.653940
vt 0.734020 0.650306
vt 0.728033 0.646763
vt 0.722189 0.643309
vt 0.716519 0.639954
vt 0.711018 0.636704
vt 0.705694 0.633552
vt 0.700564 0.630520
vt 0.695620 0.627599
vt 0.690891 0.624804
vt 0.686372 0.622128
vt 0.682069 0.619582
vt 0.807665 0.692960
vt 0.814588 0.697354
vt 0.800782 0.688589
vt 0.793927 0.684246
vt 0.787129 0.679924
vt 0.780393 0.675655
vt 0.773725 0.671420
vt 0.767144 0.667247
vt 0.760652 0.663125
vt 0.754262 0.659071
vt 0.747996 0.655092
vt 0.741845 0.651185
vt 0.735818 0.647370
vt 0.729944 0.643633
vt 0.724218 0.640004
vt 0.718650 0.636472
vt 0.713252 0.633047
vt 0.708030 0.629731
vt 0.702996 0.626539
vt 0.698153 0.623460
vt 0.693510 0.620517
vt 0.689083 0.617705
vt 0.684858 0.615029
vt 0.808090 0.692314
vt 0.814877 0.696929
vt 0.801343 0.687726
vt 0.794636 0.683173
vt 0.787973 0.678638
vt 0.781368 0.674153
vt 0.774842 0.669713
vt 0.768396 0.665337
vt 0.762040 0.661017
vt 0.755781 0.656764
vt 0.749636 0.652590
vt 0.743614 0.648492
vt 0.737712 0.644489
vt 0.731957 0.640571
vt 0.726350 0.636767
vt 0.720895 0.633054
vt 0.715606 0.629463
vt 0.710497 0.625989
vt 0.705558 0.622632
vt 0.700813 0.619412
vt 0.696277 0.616322
vt 0.691922 0.613368
vt 0.687795 0.610561
vt 0.808545 0.691685
vt 0.815166 0.696498
vt 0.801933 0.686882
vt 0.795373 0.682119
vt 0.788858 0.677384
vt 0.782395 0.672691
vt 0.776017 0.668053
vt 0.769706 0.663471
vt 0.763487 0.658953
vt 0.757369 0.654508
vt 0.751359 0.650141
vt 0.745463 0.645856
vt 0.739696 0.641671
vt 0.734065 0.637571
vt 0.728577 0.633592
vt 0.723249 0.629714
vt 0.718078 0.625954
vt 0.713070 0.622326
vt 0.708247 0.618817
vt 0.703603 0.615448
vt 0.699157 0.612216
vt 0.694910 0.609127
vt 0.690868 0.606189
vt 0.808997 0.691066
vt 0.815484 0.696090
vt 0.802556 0.686059
vt 0.796144 0.681087
vt 0.789783 0.676149
vt 0.783473 0.671262
vt 0.777241 0.666425
vt 0.771073 0.661645
vt 0.765000 0.656934
vt 0.759024 0.652297
vt 0.753156 0.647743
vt 0.747401 0.643281
vt 0.741765 0.638916
vt 0.736271 0.634640
vt 0.730909 0.630491
vt 0.725698 0.626448
vt 0.720651 0.622530
vt 0.715763 0.618737
vt 0.711046 0.615086
vt 0.706516 0.611570
vt 0.702173 0.608197
vt 0.698018 0.604976
vt 0.694072 0.601921
vt 0.809491 0.690459
vt 0.815807 0.695687
vt 0.803197 0.685254
vt 0.796949 0.680084
vt 0.790747 0.674952
vt 0.784595 0.669868
vt 0.778511 0.664838
vt 0.772502 0.659860
vt 0.766582 0.654966
vt 0.760754 0.650141
vt 0.755027 0.645402
vt 0.749414 0.640765
vt 0.743920 0.636223
vt 0.738556 0.631784
vt 0.733329 0.627457
vt 0.728255 0.623256
vt 0.723328 0.619180
vt 0.718565 0.615239
vt 0.713972 0.611445
vt 0.709550 0.607789
vt 0.705314 0.604279
vt 0.701267 0.600934
vt 0.697411 0.597742
vt 0.809984 0.689875
vt 0.816136 0.695290
vt 0.803866 0.684472
vt 0.797777 0.679115
vt 0.791739 0.673784
vt 0.785752 0.668507
vt 0.779832 0.663289
vt 0.773987 0.658131
vt 0.768226 0.653050
vt 0.762545 0.648044
vt 0.756971 0.643128
vt 0.751507 0.638315
vt 0.746165 0.633597
vt 0.740938 0.628993
vt 0.735852 0.624509
vt 0.730909 0.620155
vt 0.726117 0.615919
vt 0.721474 0.611831
vt 0.717000 0.607891
vt 0.712696 0.604097
vt 0.708575 0.600458
vt 0.704634 0.596988
vt 0.700886 0.593682
vt 0.810506 0.689297
vt 0.816487 0.694910
vt 0.804564 0.683706
vt 0.798650 0.678155
vt 0.792783 0.672645
vt 0.786958 0.667180
vt 0.781204 0.661782
vt 0.775518 0.656441
vt 0.769921 0.651173
vt 0.764405 0.646003
vt 0.758984 0.640912
vt 0.753677 0.635928
vt 0.748484 0.631052
vt 0.743403 0.626277
vt 0.738466 0.621634
vt 0.733657 0.617128
vt 0.728997 0.612755
vt 0.724490 0.608521
vt 0.720147 0.604438
vt 0.715962 0.600508
vt 0.711953 0.596749
vt 0.708127 0.593154
vt 0.704481 0.589731
vt 0.811050 0.688746
vt 0.816850 0.694542
vt 0.805278 0.682976
vt 0.799541 0.677232
vt 0.793849 0.671540
vt 0.788200 0.665892
vt 0.782627 0.660319
vt 0.777106 0.654802
vt 0.771673 0.649370
vt 0.766327 0.644024
vt 0.761071 0.638763
vt 0.755923 0.633615
vt 0.750877 0.628568
vt 0.745955 0.623653
vt 0.741164 0.618856
vt 0.736499 0.614191
vt 0.731979 0.609677
vt 0.727608 0.605300
vt 0.723390 0.601082
vt 0.719341 0.597028
vt 0.715446 0.593138
vt 0.711733 0.589430
vt 0.708201 0.585893
vt 0.811605 0.688203
vt 0.817218 0.694179
vt 0.806016 0.682255
vt 0.800465 0.676342
vt 0.794953 0.670468
vt 0.789487 0.664656
vt 0.784090 0.658896
vt 0.778750 0.653215
vt 0.773482 0.647613
vt 0.768311 0.642097
vt 0.763225 0.636682
vt 0.758236 0.631375
vt 0.753354 0.626176
vt 0.748586 0.621102
vt 0.743953 0.616157
vt 0.739436 0.611349
vt 0.735058 0.606689
vt 0.730829 0.602182
vt 0.726746 0.597838
vt 0.722812 0.593654
vt 0.719053 0.589652
vt 0.715464 0.585819
vt 0.712033 0.582173
vt 0.812184 0.687681
vt 0.817598 0.693833
vt 0.806780 0.681558
vt 0.801417 0.675474
vt 0.796088 0.669430
vt 0.790815 0.663449
vt 0.785599 0.657524
vt 0.780439 0.651684
vt 0.775353 0.645912
vt 0.770347 0.640242
vt 0.765437 0.634663
vt 0.760623 0.629203
vt 0.755906 0.623857
vt 0.751301 0.618629
vt 0.746817 0.613544
vt 0.742457 0.608599
vt 0.738227 0.603809
vt 0.734134 0.599165
vt 0.730199 0.594697
vt 0.726406 0.590394
vt 0.722766 0.586272
vt 0.719290 0.582331
vt 0.715991 0.578578
vt 0.812767 0.687183
vt 0.817995 0.693499
vt 0.807563 0.680888
vt 0.802392 0.674641
vt 0.797255 0.668438
vt 0.792176 0.662287
vt 0.787140 0.656209
vt 0.782168 0.650198
vt 0.777276 0.644273
vt 0.772450 0.638445
vt 0.767710 0.632725
vt 0.763067 0.627111
vt 0.758525 0.621611
vt 0.754092 0.616254
vt 0.749765 0.611026
vt 0.745565 0.605946
vt 0.741488 0.601019
vt 0.737547 0.596256
vt 0.733748 0.591664
vt 0.730091 0.587242
vt 0.726587 0.583012
vt 0.723242 0.578958
vt 0.720050 0.575103
vt 0.813374 0.686695
vt 0.818398 0.693175
vt 0.808368 0.680248
vt 0.803396 0.673836
vt 0.798458 0.667474
vt 0.793570 0.661164
vt 0.788728 0.654933
vt 0.783954 0.648769
vt 0.779238 0.642698
vt 0.774605 0.636715
vt 0.770046 0.630853
vt 0.765584 0.625093
vt 0.761218 0.619457
vt 0.756949 0.613963
vt 0.752793 0.608599
vt 0.748751 0.603390
vt 0.744839 0.598343
vt 0.741045 0.593455
vt 0.737388 0.588745
vt 0.733879 0.584208
vt 0.730505 0.579865
vt 0.727285 0.575715
vt 0.724229 0.571763
vt 0.813993 0.686235
vt 0.818807 0.692858
vt 0.809190 0.679625
vt 0.804428 0.673064
vt 0.799688 0.666550
vt 0.794999 0.660092
vt 0.790355 0.653714
vt 0.785781 0.647404
vt 0.781261 0.641177
vt 0.776816 0.635060
vt 0.772450 0.629050
vt 0.768164 0.623154
vt 0.763975 0.617388
vt 0.759886 0.611757
vt 0.755900 0.606269
vt 0.752022 0.600940
vt 0.748262 0.595769
vt 0.744629 0.590763
vt 0.741125 0.585937
vt 0.737752 0.581294
vt 0.734525 0.576849
vt 0.731434 0.572603
vt 0.728498 0.568560
vt 0.814622 0.685787
vt 0.819231 0.692569
vt 0.810035 0.679035
vt 0.805477 0.672328
vt 0.800952 0.665666
vt 0.796462 0.659067
vt 0.792034 0.652534
vt 0.787639 0.646094
vt 0.783319 0.639727
vt 0.779072 0.633472
vt 0.774894 0.627332
vt 0.770800 0.621305
vt 0.766797 0.615409
vt 0.762880 0.609649
vt 0.759076 0.604046
vt 0.755362 0.598587
vt 0.751767 0.593298
vt 0.748297 0.588188
vt 0.744946 0.583255
vt 0.741714 0.578510
vt 0.738631 0.573963
vt 0.735677 0.569620
vt 0.732864 0.565487
vt 0.815268 0.685357
vt 0.819656 0.692285
vt 0.810896 0.678474
vt 0.806554 0.671619
vt 0.802234 0.664821
vt 0.797958 0.658085
vt 0.793729 0.651424
vt 0.789550 0.644834
vt 0.785428 0.638342
vt 0.781379 0.631959
vt 0.777400 0.625688
vt 0.773493 0.619537
vt 0.769678 0.613510
vt 0.765941 0.607635
vt 0.762313 0.601915
vt 0.758781 0.596347
vt 0.755355 0.590944
vt 0.752039 0.585728
vt 0.748847 0.580688
vt 0.745769 0.575845
vt 0.742820 0.571202
vt 0.740014 0.566774
vt 0.737337 0.562550
vt 0.815932 0.684954
vt 0.820099 0.692013
vt 0.811781 0.677929
vt 0.807647 0.670949
vt 0.803544 0.664016
vt 0.799483 0.657145
vt 0.795463 0.650358
vt 0.791495 0.643644
vt 0.787583 0.637028
vt 0.783733 0.630513
vt 0.779951 0.624118
vt 0.776249 0.617846
vt 0.772615 0.611712
vt 0.769071 0.605719
vt 0.765618 0.599885
vt 0.762262 0.594215
vt 0.759008 0.588710
vt 0.755860 0.583386
vt 0.752828 0.578255
vt 0.749907 0.573311
vt 0.747112 0.568582
vt 0.744436 0.564069
vt 0.741890 0.559766
vt 0.816606 0.684574
vt 0.820552 0.691752
vt 0.812671 0.677425
vt 0.808765 0.670309
vt 0.804887 0.663256
vt 0.801043 0.656259
vt 0.797233 0.649342
vt 0.793474 0.642516
vt 0.789783 0.635780
vt 0.786131 0.629146
vt 0.782554 0.622638
vt 0.779044 0.616254
vt 0.775609 0.610006
vt 0.772258 0.603904
vt 0.768991 0.597964
vt 0.765816 0.592186
vt 0.762738 0.586584
vt 0.759750 0.581164
vt 0.756876 0.575942
vt 0.754114 0.570913
vt 0.751466 0.566093
vt 0.748944 0.561495
vt 0.746534 0.557118
vt 0.817293 0.684211
vt 0.821012 0.691521
vt 0.813578 0.676943
vt 0.809899 0.669708
vt 0.806242 0.662542
vt 0.802619 0.655425
vt 0.799036 0.648390
vt 0.795498 0.641450
vt 0.792005 0.634596
vt 0.788576 0.627860
vt 0.785202 0.621231
vt 0.781891 0.614745
vt 0.778653 0.608395
vt 0.775494 0.602186
vt 0.772416 0.596149
vt 0.769423 0.590275
vt 0.766519 0.584583
vt 0.763713 0.579072
vt 0.761009 0.573753
vt 0.758400 0.568645
vt 0.755906 0.563740
vt 0.753519 0.559069
vt 0.751257 0.554612
vt 0.817985 0.683877
vt 0.821477 0.691288
vt 0.814509 0.676484
vt 0.811050 0.669147
vt 0.807625 0.661862
vt 0.804229 0.654632
vt 0.800867 0.647494
vt 0.797544 0.640435
vt 0.794273 0.633490
vt 0.791053 0.626641
vt 0.787883 0.619917
vt 0.784782 0.613323
vt 0.781749 0.606881
vt 0.778788 0.600577
vt 0.775898 0.594442
vt 0.773097 0.588472
vt 0.770370 0.582694
vt 0.767734 0.577093
vt 0.765198 0.571701
vt 0.762760 0.566513
vt 0.760413 0.561540
vt 0.758179 0.556784
vt 0.756060 0.552259
vt 0.818688 0.683548
vt 0.821941 0.691077
vt 0.815445 0.676065
vt 0.812224 0.668619
vt 0.809026 0.661226
vt 0.805856 0.653900
vt 0.802722 0.646660
vt 0.799626 0.639499
vt 0.796569 0.632447
vt 0.793570 0.625507
vt 0.790616 0.618686
vt 0.787730 0.611996
vt 0.784895 0.605458
vt 0.782128 0.599068
vt 0.779436 0.592848
vt 0.776816 0.586793
vt 0.774281 0.580926
vt 0.771826 0.575256
vt 0.769457 0.569773
vt 0.767172 0.564517
vt 0.764995 0.559471
vt 0.762908 0.554646
vt 0.760918 0.550065
vt 0.819402 0.683258
vt 0.822424 0.690878
vt 0.816396 0.675673
vt 0.813415 0.668121
vt 0.810444 0.660636
vt 0.807507 0.653215
vt 0.804603 0.645878
vt 0.801734 0.638632
vt 0.798912 0.631483
vt 0.796122 0.624446
vt 0.793383 0.617541
vt 0.790706 0.610766
vt 0.788077 0.604137
vt 0.785520 0.597662
vt 0.783024 0.591363
vt 0.780592 0.585229
vt 0.778238 0.579292
vt 0.775960 0.573543
vt 0.773766 0.567993
vt 0.771657 0.562663
vt 0.769632 0.557555
vt 0.767693 0.552667
vt 0.765856 0.548024
vt 0.820126 0.682981
vt 0.822906 0.690697
vt 0.817360 0.675304
vt 0.814616 0.667673
vt 0.811889 0.660092
vt 0.809179 0.652579
vt 0.806515 0.645158
vt 0.803866 0.637822
vt 0.801263 0.630593
vt 0.798701 0.623472
vt 0.796184 0.616480
vt 0.793723 0.609625
vt 0.791302 0.602913
vt 0.788944 0.596370
vt 0.786648 0.589991
vt 0.784413 0.583782
vt 0.782247 0.577773
vt 0.780156 0.571956
vt 0.778131 0.566342
vt 0.776193 0.560945
vt 0.774327 0.555774
vt 0.772553 0.550830
vt 0.770851 0.546124
vt 0.820858 0.682732
vt 0.823393 0.690522
vt 0.818341 0.674970
vt 0.815830 0.667253
vt 0.813341 0.659594
vt 0.810879 0.652007
vt 0.808442 0.644495
vt 0.806032 0.637085
vt 0.803657 0.629770
vt 0.801315 0.622575
vt 0.799019 0.615512
vt 0.796768 0.608583
vt 0.794568 0.601801
vt 0.792408 0.595185
vt 0.790316 0.588732
vt 0.788279 0.582462
vt 0.786307 0.576384
vt 0.784396 0.570505
vt 0.782548 0.564835
vt 0.780779 0.559375
vt 0.779083 0.554147
vt 0.777457 0.549152
vt 0.775915 0.544395
vt 0.821602 0.682499
vt 0.823886 0.690375
vt 0.819322 0.674669
vt 0.817060 0.666873
vt 0.814809 0.659146
vt 0.812586 0.651475
vt 0.810381 0.643894
vt 0.808209 0.636409
vt 0.806060 0.629028
vt 0.803952 0.621764
vt 0.801876 0.614632
vt 0.799847 0.607635
vt 0.797857 0.600792
vt 0.795917 0.594102
vt 0.794029 0.587588
vt 0.792187 0.581265
vt 0.790407 0.575120
vt 0.788677 0.569183
vt 0.787016 0.563457
vt 0.785411 0.557946
vt 0.783881 0.552673
vt 0.782412 0.547627
vt 0.781018 0.542825
vt 0.822345 0.682300
vt 0.824379 0.690238
vt 0.820314 0.674397
vt 0.818301 0.666534
vt 0.816294 0.658731
vt 0.814316 0.651009
vt 0.812349 0.643361
vt 0.810415 0.635809
vt 0.808494 0.628364
vt 0.806616 0.621038
vt 0.804768 0.613843
vt 0.802959 0.606786
vt 0.801184 0.599874
vt 0.799455 0.593138
vt 0.797766 0.586573
vt 0.796127 0.580183
vt 0.794534 0.573992
vt 0.793003 0.567998
vt 0.791518 0.562227
vt 0.790090 0.556670
vt 0.788722 0.551346
vt 0.787419 0.546260
vt 0.786171 0.541419
vt 0.823103 0.682119
vt 0.824884 0.690118
vt 0.821318 0.674153
vt 0.819548 0.666233
vt 0.817797 0.658380
vt 0.816051 0.650590
vt 0.814328 0.642884
vt 0.812632 0.635275
vt 0.810948 0.627774
vt 0.809298 0.620387
vt 0.807682 0.613140
vt 0.806094 0.606037
vt 0.804541 0.599080
vt 0.803016 0.592283
vt 0.801536 0.585660
vt 0.800102 0.579225
vt 0.798701 0.572987
vt 0.797363 0.566955
vt 0.796059 0.561138
vt 0.794800 0.555537
vt 0.793604 0.550178
vt 0.792459 0.545047
vt 0.791371 0.540171
vt 0.823859 0.681961
vt 0.825395 0.690011
vt 0.822327 0.673949
vt 0.820802 0.665972
vt 0.819293 0.658062
vt 0.817803 0.650227
vt 0.816329 0.642476
vt 0.814866 0.634816
vt 0.813421 0.627264
vt 0.812007 0.619837
vt 0.810608 0.612533
vt 0.809247 0.605380
vt 0.807909 0.598376
vt 0.806605 0.591540
vt 0.805335 0.584871
vt 0.804105 0.578397
vt 0.802902 0.572120
vt 0.801746 0.566048
vt 0.800629 0.560191
vt 0.799557 0.554549
vt 0.798519 0.549158
vt 0.797533 0.543992
vt 0.796604 0.539094
vt 0.824618 0.681830
vt 0.825904 0.689920
vt 0.823336 0.673767
vt 0.822077 0.665750
vt 0.820813 0.657801
vt 0.819565 0.649921
vt 0.818336 0.642119
vt 0.817111 0.634419
vt 0.815908 0.626834
vt 0.814724 0.619355
vt 0.813561 0.612019
vt 0.812428 0.604823
vt 0.811305 0.597782
vt 0.810217 0.590904
vt 0.809156 0.584208
vt 0.808124 0.577694
vt 0.807127 0.571389
vt 0.806157 0.565277
vt 0.805227 0.559386
vt 0.804331 0.553722
vt 0.803475 0.548290
vt 0.802653 0.543102
vt 0.801870 0.538169
vt 0.825383 0.681717
vt 0.826410 0.689853
vt 0.824368 0.673627
vt 0.823347 0.665569
vt 0.822338 0.657586
vt 0.821335 0.649666
vt 0.820348 0.641835
vt 0.819368 0.634096
vt 0.818403 0.626476
vt 0.817457 0.618970
vt 0.816526 0.611600
vt 0.815613 0.604370
vt 0.814724 0.597294
vt 0.813845 0.590394
vt 0.812995 0.583665
vt 0.812173 0.577121
vt 0.811367 0.570776
vt 0.810597 0.564642
vt 0.809854 0.558729
vt 0.809128 0.553036
vt 0.808442 0.547587
vt 0.807784 0.542376
vt 0.807155 0.537415
vt 0.826159 0.681631
vt 0.826926 0.689797
vt 0.825383 0.673507
vt 0.824623 0.665427
vt 0.823870 0.657416
vt 0.823115 0.649473
vt 0.822378 0.641614
vt 0.821642 0.633853
vt 0.820916 0.626198
vt 0.820206 0.618669
vt 0.819503 0.611270
vt 0.818812 0.604012
vt 0.818143 0.596920
vt 0.817497 0.589991
vt 0.816855 0.583239
vt 0.816232 0.576679
vt 0.815631 0.570311
vt 0.815048 0.564155
vt 0.814486 0.558218
vt 0.813953 0.552509
vt 0.813432 0.547037
vt 0.812938 0.541810
vt 0.812468 0.536832
vt 0.826926 0.681575
vt 0.827447 0.689756
vt 0.826410 0.673428
vt 0.825904 0.665337
vt 0.825399 0.657296
vt 0.824901 0.649331
vt 0.824402 0.641450
vt 0.823915 0.633672
vt 0.823433 0.625994
vt 0.822961 0.618448
vt 0.822486 0.611032
vt 0.822026 0.603757
vt 0.821585 0.596648
vt 0.821142 0.589707
vt 0.820718 0.582933
vt 0.820308 0.576355
vt 0.819907 0.569972
vt 0.819514 0.563809
vt 0.819147 0.557849
vt 0.818783 0.552129
vt 0.818437 0.546640
vt 0.818114 0.541396
vt 0.817797 0.536412
vt 0.827696 0.681536
vt 0.827957 0.689734
vt 0.827447 0.673382
vt 0.827192 0.665269
vt 0.826942 0.657223
vt 0.826687 0.649252
vt 0.826432 0.641354
vt 0.826189 0.633559
vt 0.825949 0.625875
vt 0.825718 0.618323
vt 0.825479 0.610890
vt 0.825253 0.603610
vt 0.825031 0.596489
vt 0.824810 0.589532
vt 0.824595 0.582752
vt 0.824391 0.576163
vt 0.824193 0.569768
vt 0.823994 0.563593
vt 0.823808 0.557628
vt 0.823626 0.551896
vt 0.823456 0.546402
vt 0.823291 0.541152
vt 0.823132 0.536163
vt 0.828473 0.681529
vt 0.828473 0.689723
vt 0.828473 0.673366
vt 0.828473 0.665246
vt 0.828473 0.657201
vt 0.828473 0.649218
vt 0.828473 0.641319
vt 0.828473 0.633529
vt 0.828473 0.625836
vt 0.828473 0.618272
vt 0.828473 0.610844
vt 0.828473 0.603565
vt 0.828473 0.596432
vt 0.828473 0.589470
vt 0.828473 0.582683
vt 0.828473 0.576100
vt 0.828473 0.569705
vt 0.828473 0.563519
vt 0.828473 0.557560
vt 0.828473 0.551817
vt 0.828473 0.546323
vt 0.828473 0.541072
vt 0.828473 0.536078
vt 0.829245 0.681536
vt 0.828995 0.689734
vt 0.829504 0.673382
vt 0.829761 0.665269
vt 0.830009 0.657223
vt 0.830265 0.649252
vt 0.830509 0.641354
vt 0.830753 0.633559
vt 0.830996 0.625875
vt 0.831235 0.618323
vt 0.831472 0.610890
vt 0.831699 0.603610
vt 0.831920 0.596489
vt 0.832141 0.589532
vt 0.832357 0.582752
vt 0.832561 0.576163
vt 0.832760 0.569768
vt 0.832958 0.563593
vt 0.833146 0.557628
vt 0.833321 0.551896
vt 0.833492 0.546402
vt 0.833661 0.541152
vt 0.833820 0.536163
vt 0.829504 0.689756
vt 0.830021 0.681575
vt 0.830531 0.673428
vt 0.831047 0.665337
vt 0.831552 0.657296
vt 0.832051 0.649331
vt 0.832544 0.641450
vt 0.833038 0.633672
vt 0.833519 0.625994
vt 0.833990 0.618448
vt 0.834456 0.611032
vt 0.834915 0.603757
vt 0.835368 0.596648
vt 0.835799 0.589707
vt 0.836223 0.582933
vt 0.836643 0.576355
vt 0.837047 0.569972
vt 0.837431 0.563809
vt 0.837806 0.557849
vt 0.838169 0.552129
vt 0.838508 0.546640
vt 0.838838 0.541396
vt 0.839155 0.536412
vt 0.830021 0.689797
vt 0.830792 0.681631
vt 0.831557 0.673507
vt 0.832324 0.665427
vt 0.833084 0.657416
vt 0.833831 0.649473
vt 0.834574 0.641614
vt 0.835311 0.633853
vt 0.836036 0.626198
vt 0.836746 0.618669
vt 0.837442 0.611270
vt 0.838128 0.604012
vt 0.838798 0.596920
vt 0.839456 0.589991
vt 0.840096 0.583239
vt 0.840720 0.576679
vt 0.841321 0.570311
vt 0.841893 0.564155
vt 0.842467 0.558218
vt 0.842999 0.552509
vt 0.843515 0.547037
vt 0.844009 0.541810
vt 0.844484 0.536832
vt 0.830531 0.689853
vt 0.831568 0.681717
vt 0.832584 0.673627
vt 0.833605 0.665569
vt 0.834613 0.657586
vt 0.835611 0.649666
vt 0.836604 0.641835
vt 0.837573 0.634096
vt 0.838537 0.626476
vt 0.839484 0.618970
vt 0.840419 0.611600
vt 0.841332 0.604370
vt 0.842227 0.597294
vt 0.843101 0.590394
vt 0.843947 0.583665
vt 0.844779 0.577121
vt 0.845574 0.570776
vt 0.846356 0.564642
vt 0.847098 0.558729
vt 0.847819 0.553036
vt 0.848510 0.547587
vt 0.849167 0.542376
vt 0.849791 0.537415
vt 0.831047 0.689920
vt 0.832334 0.681830
vt 0.833605 0.673767
vt 0.834874 0.665750
vt 0.836138 0.657801
vt 0.837386 0.649921
vt 0.838617 0.642119
vt 0.839840 0.634419
vt 0.841043 0.626834
vt 0.842227 0.619355
vt 0.843385 0.612019
vt 0.844524 0.604823
vt 0.845636 0.597782
vt 0.846729 0.590904
vt 0.847795 0.584208
vt 0.848822 0.577694
vt 0.849819 0.571389
vt 0.850783 0.565277
vt 0.851725 0.559386
vt 0.852620 0.553722
vt 0.853477 0.548290
vt 0.854298 0.543102
vt 0.855081 0.538169
vt 0.831557 0.690011
vt 0.833088 0.681961
vt 0.834624 0.673949
vt 0.836138 0.665972
vt 0.837647 0.658062
vt 0.839149 0.650227
vt 0.840623 0.642476
vt 0.842087 0.634816
vt 0.843532 0.627264
vt 0.844944 0.619837
vt 0.846332 0.612533
vt 0.847699 0.605380
vt 0.849032 0.598376
vt 0.850341 0.591540
vt 0.851616 0.584871
vt 0.852847 0.578397
vt 0.854050 0.572120
vt 0.855200 0.566048
vt 0.856324 0.560191
vt 0.857394 0.554549
vt 0.858432 0.549158
vt 0.859407 0.543992
vt 0.860349 0.539094
vt 0.832062 0.690118
vt 0.833849 0.682119
vt 0.835633 0.674153
vt 0.837403 0.666233
vt 0.839155 0.658380
vt 0.840902 0.650590
vt 0.842620 0.642884
vt 0.844320 0.635275
vt 0.845999 0.627774
vt 0.847642 0.620387
vt 0.849269 0.613140
vt 0.850857 0.606037
vt 0.852410 0.599080
vt 0.853931 0.592283
vt 0.855415 0.585660
vt 0.856850 0.579225
vt 0.858240 0.572987
vt 0.859589 0.566955
vt 0.860893 0.561138
vt 0.862141 0.555537
vt 0.863342 0.550178
vt 0.864488 0.545047
vt 0.865576 0.540171
vt 0.832561 0.690238
vt 0.834609 0.682300
vt 0.836637 0.674397
vt 0.838650 0.666534
vt 0.840658 0.658731
vt 0.842637 0.651009
vt 0.844604 0.643361
vt 0.846538 0.635809
vt 0.848448 0.628364
vt 0.850335 0.621038
vt 0.852184 0.613843
vt 0.853993 0.606786
vt 0.855767 0.599874
vt 0.857497 0.593138
vt 0.859181 0.586573
vt 0.860819 0.580183
vt 0.862406 0.573992
vt 0.863949 0.567998
vt 0.865434 0.562227
vt 0.866864 0.556670
vt 0.868230 0.551346
vt 0.869533 0.546260
vt 0.870770 0.541419
vt 0.833060 0.690375
vt 0.835351 0.682499
vt 0.837624 0.674669
vt 0.839893 0.666873
vt 0.842138 0.659146
vt 0.844365 0.651475
vt 0.846560 0.643894
vt 0.848742 0.636409
vt 0.850892 0.629028
vt 0.852995 0.621764
vt 0.855063 0.614632
vt 0.857105 0.607635
vt 0.859090 0.600792
vt 0.861034 0.594102
vt 0.862922 0.587588
vt 0.864760 0.581265
vt 0.866545 0.575120
vt 0.868275 0.569183
vt 0.869936 0.563457
vt 0.871535 0.557946
vt 0.873071 0.552673
vt 0.874539 0.547627
vt 0.875928 0.542825
vt 0.833558 0.690522
vt 0.836093 0.682732
vt 0.838610 0.674970
vt 0.841123 0.667253
vt 0.843606 0.659594
vt 0.846072 0.652007
vt 0.848510 0.644495
vt 0.850920 0.637085
vt 0.853296 0.629770
vt 0.855637 0.622575
vt 0.857933 0.615512
vt 0.860183 0.608583
vt 0.862384 0.601801
vt 0.864533 0.595185
vt 0.866631 0.588732
vt 0.868672 0.582462
vt 0.870645 0.576384
vt 0.872556 0.570505
vt 0.874393 0.564835
vt 0.876172 0.559375
vt 0.877869 0.554147
vt 0.879490 0.549152
vt 0.881037 0.544395
vt 0.834046 0.690697
vt 0.836825 0.682981
vt 0.839592 0.675304
vt 0.842336 0.667673
vt 0.845062 0.660092
vt 0.847761 0.652579
vt 0.850438 0.645158
vt 0.853086 0.637822
vt 0.855682 0.630593
vt 0.858246 0.623472
vt 0.860768 0.616480
vt 0.863228 0.609625
vt 0.865644 0.602913
vt 0.868008 0.596370
vt 0.870304 0.589991
vt 0.872532 0.583782
vt 0.874705 0.577773
vt 0.876797 0.571956
vt 0.878816 0.566342
vt 0.880759 0.560945
vt 0.882625 0.555774
vt 0.884399 0.550830
vt 0.886090 0.546124
vt 0.834529 0.690878
vt 0.837545 0.683258
vt 0.840555 0.675673
vt 0.843538 0.668121
vt 0.846498 0.660636
vt 0.849435 0.653215
vt 0.852343 0.645878
vt 0.855217 0.638632
vt 0.858042 0.631483
vt 0.860831 0.624446
vt 0.863563 0.617541
vt 0.866245 0.610766
vt 0.868870 0.604137
vt 0.871433 0.597662
vt 0.873927 0.591363
vt 0.876354 0.585229
vt 0.878707 0.579292
vt 0.880985 0.573543
vt 0.883186 0.567993
vt 0.885291 0.562663
vt 0.887314 0.557555
vt 0.889246 0.552667
vt 0.891090 0.548024
vt 0.835010 0.691077
vt 0.838265 0.683548
vt 0.841502 0.676065
vt 0.844723 0.668619
vt 0.847921 0.661226
vt 0.851096 0.653900
vt 0.854231 0.646660
vt 0.857327 0.639499
vt 0.860376 0.632447
vt 0.863381 0.625507
vt 0.866336 0.618686
vt 0.869222 0.611996
vt 0.872057 0.605458
vt 0.874823 0.599068
vt 0.877516 0.592848
vt 0.880136 0.586793
vt 0.882669 0.580926
vt 0.885125 0.575256
vt 0.887494 0.569773
vt 0.889774 0.564517
vt 0.891957 0.559471
vt 0.894038 0.554646
vt 0.896023 0.550065
vt 0.835476 0.691288
vt 0.838969 0.683877
vt 0.842438 0.676484
vt 0.845896 0.669147
vt 0.849327 0.661862
vt 0.852723 0.654632
vt 0.856085 0.647494
vt 0.859403 0.640435
vt 0.862679 0.633490
vt 0.865899 0.626641
vt 0.869058 0.619917
vt 0.872159 0.613323
vt 0.875202 0.606881
vt 0.878162 0.600577
vt 0.881054 0.594442
vt 0.883854 0.588472
vt 0.886578 0.582694
vt 0.889207 0.577093
vt 0.891753 0.571701
vt 0.894191 0.566513
vt 0.896540 0.561540
vt 0.898774 0.556784
vt 0.900892 0.552259
vt 0.835940 0.691521
vt 0.839660 0.684211
vt 0.843362 0.676943
vt 0.847053 0.669708
vt 0.850703 0.662542
vt 0.854333 0.655425
vt 0.857916 0.648390
vt 0.861454 0.641450
vt 0.864941 0.634596
vt 0.868377 0.627860
vt 0.871751 0.621231
vt 0.875056 0.614745
vt 0.878295 0.608395
vt 0.881458 0.602186
vt 0.884537 0.596149
vt 0.887529 0.590275
vt 0.890427 0.584583
vt 0.893233 0.579072
vt 0.895943 0.573753
vt 0.898552 0.568645
vt 0.901046 0.563740
vt 0.903428 0.559069
vt 0.905695 0.554612
vt 0.836400 0.691752
vt 0.840345 0.684574
vt 0.844280 0.677425
vt 0.848187 0.670309
vt 0.852065 0.663256
vt 0.855910 0.656259
vt 0.859720 0.649342
vt 0.863468 0.642516
vt 0.867170 0.635780
vt 0.870821 0.629146
vt 0.874393 0.622638
vt 0.877906 0.616254
vt 0.881345 0.610006
vt 0.884695 0.603904
vt 0.887960 0.597964
vt 0.891134 0.592186
vt 0.894213 0.586584
vt 0.897190 0.581164
vt 0.900065 0.575942
vt 0.902827 0.570913
vt 0.905480 0.566093
vt 0.908009 0.561495
vt 0.910418 0.557118
vt 0.836848 0.692013
vt 0.841020 0.684954
vt 0.845171 0.677929
vt 0.849304 0.670949
vt 0.853397 0.664016
vt 0.857468 0.657145
vt 0.861483 0.650358
vt 0.865451 0.643644
vt 0.869364 0.637028
vt 0.873219 0.630513
vt 0.877001 0.624118
vt 0.880704 0.617846
vt 0.884337 0.611712
vt 0.887882 0.605719
vt 0.891334 0.599885
vt 0.894690 0.594215
vt 0.897940 0.588710
vt 0.901085 0.583386
vt 0.904125 0.578255
vt 0.907044 0.573311
vt 0.909839 0.568582
vt 0.912516 0.564069
vt 0.915061 0.559766
vt 0.837284 0.692285
vt 0.841684 0.685357
vt 0.846050 0.678474
vt 0.850397 0.671619
vt 0.854713 0.664821
vt 0.858988 0.658085
vt 0.863224 0.651424
vt 0.867402 0.644834
vt 0.871512 0.638342
vt 0.875571 0.631959
vt 0.879553 0.625688
vt 0.883454 0.619537
vt 0.887274 0.613510
vt 0.890999 0.607635
vt 0.894639 0.601915
vt 0.898171 0.596347
vt 0.901596 0.590944
vt 0.904908 0.585728
vt 0.908104 0.580688
vt 0.911177 0.575845
vt 0.914120 0.571202
vt 0.916937 0.566774
vt 0.919615 0.562550
vt 0.837720 0.692569
vt 0.842330 0.685787
vt 0.846911 0.679035
vt 0.851475 0.672328
vt 0.856000 0.665666
vt 0.860485 0.659067
vt 0.864918 0.652534
vt 0.869302 0.646094
vt 0.873621 0.639727
vt 0.877880 0.633472
vt 0.882053 0.627332
vt 0.886147 0.621305
vt 0.890154 0.615409
vt 0.894067 0.609649
vt 0.897878 0.604046
vt 0.901578 0.598587
vt 0.905185 0.593298
vt 0.908654 0.588188
vt 0.912006 0.583255
vt 0.915232 0.578510
vt 0.918322 0.573963
vt 0.921276 0.569620
vt 0.924076 0.565487
vt 0.838146 0.692858
vt 0.842959 0.686235
vt 0.847756 0.679625
vt 0.852525 0.673064
vt 0.857259 0.666550
vt 0.861954 0.660092
vt 0.866585 0.653714
vt 0.871172 0.647404
vt 0.875690 0.641177
vt 0.880136 0.635060
vt 0.884501 0.629050
vt 0.888783 0.623154
vt 0.892973 0.617388
vt 0.897066 0.611757
vt 0.901052 0.606269
vt 0.904930 0.600940
vt 0.908690 0.595769
vt 0.912317 0.590763
vt 0.915828 0.585937
vt 0.919200 0.581294
vt 0.922426 0.576849
vt 0.925518 0.572603
vt 0.928455 0.568560
vt 0.838554 0.693175
vt 0.843577 0.686695
vt 0.848584 0.680248
vt 0.853551 0.673836
vt 0.858483 0.667474
vt 0.863381 0.661164
vt 0.868218 0.654933
vt 0.872997 0.648769
vt 0.877702 0.642698
vt 0.882348 0.636715
vt 0.886893 0.630853
vt 0.891360 0.625093
vt 0.895728 0.619457
vt 0.900003 0.613963
vt 0.904153 0.608599
vt 0.908202 0.603390
vt 0.912115 0.598343
vt 0.915906 0.593455
vt 0.919564 0.588745
vt 0.923073 0.584208
vt 0.926445 0.579865
vt 0.929662 0.575715
vt 0.932723 0.571763
vt 0.838956 0.693499
vt 0.844184 0.687183
vt 0.849383 0.680888
vt 0.854554 0.674641
vt 0.859691 0.668438
vt 0.864776 0.662287
vt 0.869805 0.656209
vt 0.874772 0.650198
vt 0.879677 0.644273
vt 0.884501 0.638445
vt 0.889229 0.632725
vt 0.893874 0.627111
vt 0.898421 0.621611
vt 0.902860 0.616254
vt 0.907179 0.611026
vt 0.911387 0.605946
vt 0.915464 0.601019
vt 0.919406 0.596256
vt 0.923204 0.591664
vt 0.926855 0.587242
vt 0.930365 0.583012
vt 0.933710 0.578958
vt 0.936891 0.575103
vt 0.839354 0.693833
vt 0.844768 0.687681
vt 0.850171 0.681558
vt 0.855529 0.675474
vt 0.860859 0.669430
vt 0.866137 0.663449
vt 0.871354 0.657524
vt 0.876513 0.651684
vt 0.881598 0.645912
vt 0.886593 0.640242
vt 0.891516 0.634663
vt 0.896329 0.629203
vt 0.901046 0.623857
vt 0.905651 0.618629
vt 0.910136 0.613544
vt 0.914491 0.608599
vt 0.918719 0.603809
vt 0.922807 0.599165
vt 0.926751 0.594697
vt 0.930547 0.590394
vt 0.934185 0.586272
vt 0.937650 0.582331
vt 0.940962 0.578578
vt 0.839733 0.694179
vt 0.845346 0.688203
vt 0.850925 0.682255
vt 0.856488 0.676342
vt 0.861998 0.670468
vt 0.867465 0.664656
vt 0.872862 0.658896
vt 0.878201 0.653215
vt 0.883459 0.647613
vt 0.888641 0.642097
vt 0.893725 0.636682
vt 0.898716 0.631375
vt 0.903597 0.626176
vt 0.908355 0.621102
vt 0.912998 0.616157
vt 0.917516 0.611349
vt 0.921889 0.606689
vt 0.926123 0.602182
vt 0.930205 0.597838
vt 0.934129 0.593654
vt 0.937894 0.589652
vt 0.941490 0.585819
vt 0.944906 0.582173
vt 0.840102 0.694542
vt 0.845896 0.688746
vt 0.851668 0.682976
vt 0.857412 0.677232
vt 0.863105 0.671540
vt 0.868740 0.665892
vt 0.874324 0.660319
vt 0.879834 0.654802
vt 0.885278 0.649370
vt 0.890620 0.644024
vt 0.895881 0.638763
vt 0.901028 0.633615
vt 0.906063 0.628568
vt 0.910997 0.623653
vt 0.915786 0.618856
vt 0.920447 0.614191
vt 0.924972 0.609677
vt 0.929342 0.605300
vt 0.933564 0.601082
vt 0.937610 0.597028
vt 0.941505 0.593138
vt 0.945212 0.589430
vt 0.948745 0.585893
vt 0.840465 0.694910
vt 0.846434 0.689297
vt 0.852388 0.683706
vt 0.858302 0.678155
vt 0.864171 0.672645
vt 0.869987 0.667180
vt 0.875748 0.661782
vt 0.881429 0.656441
vt 0.887030 0.651173
vt 0.892541 0.646003
vt 0.897969 0.640912
vt 0.903268 0.635928
vt 0.908468 0.631052
vt 0.913543 0.626277
vt 0.918486 0.621634
vt 0.923288 0.617128
vt 0.927956 0.612755
vt 0.932461 0.608521
vt 0.936807 0.604438
vt 0.940988 0.600508
vt 0.944992 0.596749
vt 0.948825 0.593154
vt 0.952466 0.589731
vt 0.840810 0.695290
vt 0.846957 0.689875
vt 0.853086 0.684472
vt 0.859163 0.679115
vt 0.865202 0.673784
vt 0.871189 0.668507
vt 0.877115 0.663289
vt 0.882966 0.658131
vt 0.888725 0.653050
vt 0.894408 0.648044
vt 0.899981 0.643128
vt 0.905440 0.638315
vt 0.910786 0.633597
vt 0.916008 0.628993
vt 0.921101 0.624509
vt 0.926044 0.620155
vt 0.930835 0.615919
vt 0.935478 0.611831
vt 0.939946 0.607891
vt 0.944249 0.604097
vt 0.948371 0.600458
vt 0.952310 0.596988
vt 0.956064 0.593682
vt 0.841145 0.695687
vt 0.847461 0.690459
vt 0.853749 0.685254
vt 0.860003 0.680084
vt 0.866205 0.674952
vt 0.872356 0.669868
vt 0.878441 0.664838
vt 0.884446 0.659860
vt 0.890369 0.654966
vt 0.896199 0.650141
vt 0.901920 0.645402
vt 0.907538 0.640765
vt 0.913033 0.636223
vt 0.918390 0.631784
vt 0.923617 0.627457
vt 0.928699 0.623256
vt 0.933626 0.619180
vt 0.938388 0.615239
vt 0.942980 0.611445
vt 0.947404 0.607789
vt 0.951638 0.604279
vt 0.955687 0.600934
vt 0.959531 0.597742
vt 0.841469 0.696090
vt 0.847944 0.691066
vt 0.854395 0.686059
vt 0.860808 0.681087
vt 0.867170 0.676149
vt 0.873474 0.671262
vt 0.879710 0.666425
vt 0.885868 0.661645
vt 0.891946 0.656934
vt 0.897927 0.652297
vt 0.903792 0.647743
vt 0.909551 0.643281
vt 0.915187 0.638916
vt 0.920682 0.634640
vt 0.926044 0.630491
vt 0.931250 0.626448
vt 0.936301 0.622530
vt 0.941188 0.618737
vt 0.945906 0.615086
vt 0.950434 0.611570
vt 0.954779 0.608197
vt 0.958923 0.604976
vt 0.962870 0.601921
vt 0.841774 0.696498
vt 0.848409 0.691685
vt 0.855008 0.686882
vt 0.861579 0.682119
vt 0.868093 0.677384
vt 0.874546 0.672691
vt 0.880935 0.668053
vt 0.887241 0.663471
vt 0.893454 0.658953
vt 0.899584 0.654508
vt 0.905593 0.650141
vt 0.911483 0.645856
vt 0.917257 0.641671
vt 0.922885 0.637571
vt 0.928375 0.633592
vt 0.933703 0.629714
vt 0.938874 0.625954
vt 0.943881 0.622326
vt 0.948706 0.618817
vt 0.953340 0.615448
vt 0.957796 0.612216
vt 0.962040 0.609127
vt 0.966084 0.606189
vt 0.842075 0.696929
vt 0.848861 0.692314
vt 0.855603 0.687726
vt 0.862315 0.683173
vt 0.868978 0.678638
vt 0.875577 0.674153
vt 0.882104 0.669713
vt 0.888557 0.665337
vt 0.894910 0.661017
vt 0.901172 0.656764
vt 0.907317 0.652590
vt 0.913339 0.648492
vt 0.919236 0.644489
vt 0.924994 0.640571
vt 0.930602 0.636767
vt 0.936057 0.633054
vt 0.941341 0.629463
vt 0.946456 0.625989
vt 0.951388 0.622632
vt 0.956128 0.619412
vt 0.960673 0.616322
vt 0.965019 0.613368
vt 0.969156 0.610561
vt 0.842358 0.697354
vt 0.849276 0.692960
vt 0.856171 0.688589
vt 0.863025 0.684246
vt 0.869823 0.679924
vt 0.876558 0.675655
vt 0.883219 0.671420
vt 0.889810 0.667247
vt 0.896301 0.663125
vt 0.902685 0.659071
vt 0.908954 0.655092
vt 0.915107 0.651185
vt 0.921121 0.647370
vt 0.927009 0.643633
vt 0.932734 0.640004
vt 0.938295 0.636472
vt 0.943692 0.633047
vt 0.948921 0.629731
vt 0.953952 0.626539
vt 0.958799 0.623460
vt 0.963431 0.620517
vt 0.967870 0.617705
vt 0.972089 0.615029
vt 0.842630 0.697796
vt 0.849690 0.693624
vt 0.856708 0.689473
vt 0.863694 0.685345
vt 0.870622 0.681234
vt 0.877487 0.677180
vt 0.884293 0.673161
vt 0.890999 0.669187
vt 0.897616 0.665280
vt 0.904125 0.661425
vt 0.910520 0.657644
vt 0.916791 0.653940
vt 0.922927 0.650306
vt 0.928919 0.646763
vt 0.934759 0.643309
vt 0.940429 0.639954
vt 0.945935 0.636704
vt 0.951257 0.633552
vt 0.956390 0.630520
vt 0.961321 0.627599
vt 0.966062 0.624804
vt 0.970580 0.622128
vt 0.974884 0.619582
vt 0.842892 0.698244
vt 0.850069 0.694298
vt 0.857219 0.690362
vt 0.864328 0.686457
vt 0.871387 0.682579
vt 0.878383 0.678734
vt 0.885302 0.674930
vt 0.892128 0.671171
vt 0.898863 0.667474
vt 0.905498 0.663828
vt 0.912006 0.660251
vt 0.918390 0.656735
vt 0.924639 0.653300
vt 0.930733 0.649954
vt 0.936680 0.646683
vt 0.942459 0.643508
vt 0.948060 0.640430
vt 0.953473 0.637447
vt 0.958701 0.634572
vt 0.963730 0.631805
vt 0.968551 0.629164
vt 0.973154 0.626635
vt 0.977526 0.624226
vt 0.843129 0.698703
vt 0.850432 0.694983
vt 0.857700 0.691271
vt 0.864936 0.687591
vt 0.872108 0.683940
vt 0.879218 0.680310
vt 0.886250 0.676728
vt 0.893195 0.673190
vt 0.900049 0.669702
vt 0.906784 0.666267
vt 0.913410 0.662893
vt 0.919897 0.659587
vt 0.926248 0.656350
vt 0.932457 0.653193
vt 0.938495 0.650107
vt 0.944369 0.647119
vt 0.950061 0.644211
vt 0.955578 0.641410
vt 0.960891 0.638700
vt 0.965997 0.636092
vt 0.970891 0.633597
vt 0.975574 0.631216
vt 0.980030 0.628949
vt 0.843356 0.699168
vt 0.850772 0.695681
vt 0.858154 0.692194
vt 0.865497 0.688746
vt 0.872782 0.685317
vt 0.880001 0.681926
vt 0.887150 0.678559
vt 0.894195 0.675236
vt 0.901154 0.671964
vt 0.908004 0.668744
vt 0.914721 0.665581
vt 0.921316 0.662474
vt 0.927767 0.659446
vt 0.934067 0.656480
vt 0.940201 0.653594
vt 0.946159 0.650788
vt 0.951949 0.648066
vt 0.957539 0.645430
vt 0.962943 0.642897
vt 0.968131 0.640452
vt 0.973103 0.638111
vt 0.977859 0.635871
vt 0.982384 0.633739
vt 0.843572 0.699633
vt 0.851096 0.696379
vt 0.858580 0.693135
vt 0.866024 0.689916
vt 0.873417 0.686718
vt 0.880741 0.683548
vt 0.887984 0.680418
vt 0.895138 0.677322
vt 0.902197 0.674267
vt 0.909136 0.671262
vt 0.915964 0.668313
vt 0.922641 0.665422
vt 0.929185 0.662587
vt 0.935576 0.659820
vt 0.941796 0.657132
vt 0.947843 0.654508
vt 0.953712 0.651974
vt 0.959387 0.649518
vt 0.964859 0.647149
vt 0.970126 0.644869
vt 0.975172 0.642687
vt 0.979990 0.640606
vt 0.984580 0.638615
vt 0.843765 0.700115
vt 0.851384 0.697093
vt 0.858977 0.694094
vt 0.866518 0.691106
vt 0.874007 0.688141
vt 0.881422 0.685197
vt 0.888765 0.682296
vt 0.896017 0.679426
vt 0.903160 0.676591
vt 0.910198 0.673813
vt 0.917104 0.671074
vt 0.923878 0.668399
vt 0.930505 0.665768
vt 0.936982 0.663211
vt 0.943280 0.660716
vt 0.949409 0.658284
vt 0.955356 0.655930
vt 0.961099 0.653656
vt 0.966650 0.651462
vt 0.971987 0.649354
vt 0.977093 0.647324
vt 0.981982 0.645391
vt 0.986625 0.643549
vt 0.843947 0.700598
vt 0.851662 0.697818
vt 0.859339 0.695058
vt 0.866970 0.692308
vt 0.874546 0.689581
vt 0.882053 0.686875
vt 0.889484 0.684206
vt 0.896822 0.681558
vt 0.904051 0.678956
vt 0.911168 0.676398
vt 0.918162 0.673875
vt 0.925016 0.671415
vt 0.931718 0.668999
vt 0.938273 0.666636
vt 0.944653 0.664339
vt 0.950855 0.662105
vt 0.956871 0.659939
vt 0.962688 0.657847
vt 0.968307 0.655829
vt 0.973699 0.653884
vt 0.978868 0.652019
vt 0.983815 0.650243
vt 0.988509 0.648549
vt 0.844116 0.701090
vt 0.851906 0.698550
vt 0.859669 0.696033
vt 0.867391 0.693521
vt 0.875049 0.691038
vt 0.882636 0.688571
vt 0.890149 0.686133
vt 0.897565 0.683723
vt 0.904868 0.681349
vt 0.912068 0.679013
vt 0.919131 0.676710
vt 0.926061 0.674459
vt 0.932840 0.672259
vt 0.939458 0.670105
vt 0.945911 0.668012
vt 0.952182 0.665972
vt 0.958260 0.663998
vt 0.964145 0.662088
vt 0.969815 0.660239
vt 0.975268 0.658470
vt 0.980496 0.656775
vt 0.985492 0.655148
vt 0.990237 0.653606
vt 0.844264 0.701577
vt 0.852139 0.699292
vt 0.859974 0.697014
vt 0.867771 0.694757
vt 0.875497 0.692507
vt 0.883157 0.690278
vt 0.890737 0.688073
vt 0.898233 0.685902
vt 0.905611 0.683758
vt 0.912874 0.681649
vt 0.920010 0.679573
vt 0.927009 0.677544
vt 0.933850 0.675553
vt 0.940542 0.673609
vt 0.947046 0.671721
vt 0.953377 0.669883
vt 0.959524 0.668098
vt 0.965461 0.666369
vt 0.971186 0.664708
vt 0.976692 0.663108
vt 0.981969 0.661578
vt 0.987018 0.660109
vt 0.991812 0.658710
vt 0.844406 0.702076
vt 0.852343 0.700036
vt 0.860247 0.698006
vt 0.868105 0.695994
vt 0.875901 0.693992
vt 0.883634 0.692007
vt 0.891283 0.690040
vt 0.898834 0.688107
vt 0.906279 0.686190
vt 0.913606 0.684308
vt 0.920800 0.682460
vt 0.927858 0.680651
vt 0.934759 0.678876
vt 0.941505 0.677147
vt 0.948071 0.675458
vt 0.954460 0.673825
vt 0.960651 0.672226
vt 0.966641 0.670695
vt 0.972417 0.669209
vt 0.977967 0.667780
vt 0.983298 0.666414
vt 0.988384 0.665116
vt 0.993225 0.663863
vt 0.844524 0.702582
vt 0.852525 0.700795
vt 0.860491 0.699010
vt 0.868399 0.697240
vt 0.876269 0.695482
vt 0.884053 0.693742
vt 0.891760 0.692024
vt 0.899362 0.690324
vt 0.906864 0.688644
vt 0.914247 0.686995
vt 0.921503 0.685374
vt 0.928612 0.683787
vt 0.935569 0.682232
vt 0.942355 0.680707
vt 0.948985 0.679233
vt 0.955407 0.677794
vt 0.961656 0.676398
vt 0.967688 0.675049
vt 0.973504 0.673751
vt 0.979107 0.672497
vt 0.984465 0.671295
vt 0.989591 0.670151
vt 0.994471 0.669061
vt 0.844627 0.703086
vt 0.852683 0.701555
vt 0.860694 0.700024
vt 0.868660 0.698499
vt 0.876575 0.696991
vt 0.884417 0.695500
vt 0.892166 0.694019
vt 0.899828 0.692556
vt 0.907379 0.691118
vt 0.914806 0.689700
vt 0.922110 0.688305
vt 0.929265 0.686939
vt 0.936265 0.685605
vt 0.943111 0.684302
vt 0.949766 0.683027
vt 0.956241 0.681797
vt 0.962523 0.680600
vt 0.968595 0.679437
vt 0.974451 0.678320
vt 0.980081 0.677249
vt 0.985485 0.676217
vt 0.990652 0.675230
vt 0.995556 0.674295
vt 0.844723 0.703597
vt 0.852814 0.702309
vt 0.860877 0.701034
vt 0.868881 0.699769
vt 0.876842 0.698505
vt 0.884723 0.697258
vt 0.892518 0.696027
vt 0.900225 0.694803
vt 0.907811 0.693601
vt 0.915283 0.692415
vt 0.922625 0.691259
vt 0.929821 0.690118
vt 0.936862 0.688996
vt 0.943732 0.687908
vt 0.950434 0.686854
vt 0.956940 0.685816
vt 0.963260 0.684823
vt 0.969360 0.683849
vt 0.975252 0.682919
vt 0.980922 0.682028
vt 0.986355 0.681167
vt 0.991537 0.680345
vt 0.996479 0.679563
vt 0.844791 0.704106
vt 0.852926 0.703075
vt 0.861017 0.702060
vt 0.869063 0.701039
vt 0.877057 0.700030
vt 0.884978 0.699027
vt 0.892807 0.698040
vt 0.900540 0.697060
vt 0.908166 0.696096
vt 0.915675 0.695149
vt 0.923044 0.694218
vt 0.930274 0.693312
vt 0.937344 0.692415
vt 0.944249 0.691543
vt 0.950979 0.690686
vt 0.957517 0.689870
vt 0.963857 0.689059
vt 0.969995 0.688288
vt 0.975915 0.687540
vt 0.981601 0.686820
vt 0.987058 0.686133
vt 0.992266 0.685476
vt 0.997229 0.684846
vt 0.844847 0.704617
vt 0.853006 0.703852
vt 0.861131 0.703075
vt 0.869211 0.702320
vt 0.877228 0.701562
vt 0.885171 0.700813
vt 0.893029 0.700070
vt 0.900791 0.699333
vt 0.908446 0.698607
vt 0.915975 0.697898
vt 0.923373 0.697195
vt 0.930624 0.696509
vt 0.937723 0.695834
vt 0.944653 0.695187
vt 0.951405 0.694547
vt 0.957972 0.693924
vt 0.964331 0.693328
vt 0.970489 0.692739
vt 0.976430 0.692184
vt 0.982135 0.691644
vt 0.987612 0.691123
vt 0.992841 0.690635
vt 0.997812 0.690160
vt 0.844887 0.705139
vt 0.853068 0.704617
vt 0.861216 0.704106
vt 0.869313 0.703597
vt 0.877347 0.703091
vt 0.885318 0.702588
vt 0.893188 0.702100
vt 0.900972 0.701606
vt 0.908639 0.701123
vt 0.916190 0.700648
vt 0.923610 0.700177
vt 0.930875 0.699724
vt 0.937991 0.699282
vt 0.944941 0.698839
vt 0.951705 0.698408
vt 0.958293 0.698000
vt 0.964671 0.697597
vt 0.970842 0.697213
vt 0.976794 0.696838
vt 0.982515 0.696475
vt 0.988003 0.696129
vt 0.993247 0.695795
vt 0.998231 0.695489
vt 0.844910 0.705649
vt 0.853108 0.705394
vt 0.861261 0.705139
vt 0.869375 0.704883
vt 0.877421 0.704634
vt 0.885393 0.704379
vt 0.893284 0.704129
vt 0.901074 0.703885
vt 0.908756 0.703648
vt 0.916325 0.703408
vt 0.923748 0.703171
vt 0.931035 0.702944
vt 0.938153 0.702723
vt 0.945112 0.702502
vt 0.951898 0.702287
vt 0.958480 0.702083
vt 0.964870 0.701884
vt 0.971051 0.701686
vt 0.977016 0.701498
vt 0.982748 0.701317
vt 0.988242 0.701141
vt 0.993491 0.700983
vt 0.998482 0.700830
vt 0.098336 0.796724
vt 0.189995 0.796729
vt 0.098230 0.796724
vt 0.124948 0.796729
vt 0.190202 0.765934
vt 0.098326 0.750540
vt 0.098373 0.750540
vt 0.098382 0.750540
vt 0.098432 0.750540
vt 0.282075 0.750540
vt 0.915693 0.011411
vt 0.929590 0.153666
vt 0.943491 0.011411
vt 0.943491 0.153666
vt 0.915693 0.011411
vt 0.929590 0.153666
vt 0.943491 0.011411
vt 0.943491 0.153666
vt 0.915693 0.011411
vt 0.929590 0.153666
vt 0.943491 0.011411
vt 0.943491 0.153666
vt 0.915693 0.011411
vt 0.943491 0.011411
vt 0.929590 0.153666
vt 0.943491 0.153666
vt 0.915693 0.011411
vt 0.943491 0.011411
vt 0.929590 0.153666
vt 0.943491 0.153666
vt 0.915693 0.011411
vt 0.943491 0.011411
vt 0.929590 0.153666
vt 0.943491 0.153666
vt 0.364008 0.152505
vt 0.355710 0.154500
vt 0.364008 0.148671
vt 0.364024 0.152505
vt 0.467385 0.152505
vt 0.355710 0.148483
vt 0.472389 0.151145
vt 0.524131 0.151491
vt 0.503605 0.151857
vt 0.444067 0.150084
vt 0.439921 0.149987
vt 0.576003 0.151141
vt 0.544656 0.151857
vt 0.604372 0.150079
vt 0.684614 0.148664
vt 0.692555 0.148483
vt 0.684614 0.152505
vt 0.608346 0.149987
vt 0.692555 0.154500
vt 0.580878 0.152505
vt 0.688586 0.080104
vt 0.684614 0.011725
vt 0.692555 0.011725
vt 0.355710 0.080104
vt 0.355710 0.011725
vt 0.359857 0.080104
vt 0.364008 0.011725
vt 0.364008 0.112282
vt 0.364008 0.132390
vt 0.684614 0.140518
vt 0.684614 0.148483
vt 0.684614 0.132390
vt 0.364008 0.148483
vt 0.684614 0.112282
vt 0.684614 0.112274
vt 0.524131 0.148483
vt 0.524312 0.148483
vt 0.531307 0.148483
vt 0.600320 0.149987
vt 0.676507 0.148483
vt 0.604372 0.149987
vt 0.507873 0.148483
vt 0.473434 0.148483
vt 0.447120 0.149987
vt 0.444067 0.149987
vt 0.370106 0.148483
vt 0.524131 0.152505
vt 0.524312 0.152505
vt 0.524131 0.154500
vt 0.608346 0.154500
vt 0.524131 0.151857
vt 0.439921 0.153502
vt 0.524312 0.151857
vt 0.439921 0.154500
vt 0.603908 0.148483
vt 0.640209 0.148483
vt 0.438992 0.148483
vt 0.692555 0.080104
vt 0.656465 0.130338
vt 0.642593 0.130338
vt 0.656465 0.093099
vt 0.642593 0.093099
vt 0.929476 0.160963
vt 0.942861 0.160963
vt 0.929476 0.165318
vt 0.656465 0.082178
vt 0.642593 0.082178
vt 0.656465 0.044651
vt 0.642593 0.044651
vt 0.942861 0.165318
vt 0.929432 0.155239
vt 0.943484 0.155239
vt 0.929432 0.159594
vt 0.943484 0.159594
vt 0.929246 0.166698
vt 0.944081 0.166698
vt 0.929246 0.171053
vt 0.944081 0.171053
vt 0.633685 0.012178
vt 0.633685 0.026076
vt 0.517875 0.034841
vt 0.517875 0.020448
vt 0.517875 0.034841
vt 0.633685 0.026076
vt 0.517875 0.020448
vt 0.633685 0.012178
vt 0.633685 0.012178
vt 0.633685 0.026076
vt 0.517875 0.034841
vt 0.517875 0.020448
vt 0.517875 0.034841
vt 0.633685 0.026076
vt 0.517875 0.020448
vt 0.633685 0.012178
vt 0.430968 0.884913
vt 0.438588 0.884913
vt 0.430968 0.945826
vt 0.438588 0.945826
vt 0.439291 0.945826
vt 0.439291 0.884913
vt 0.446911 0.884913
vt 0.446911 0.945826
vt 0.366449 0.884913
vt 0.370274 0.884913
vt 0.366449 0.957256
vt 0.370274 0.957256
vt 0.371007 0.957256
vt 0.371007 0.884913
vt 0.374832 0.884913
vt 0.374832 0.957256
vt 0.455495 0.983185
vt 0.455495 0.939949
vt 0.463114 0.983185
vt 0.463114 0.939949
vt 0.447613 0.884913
vt 0.451438 0.884913
vt 0.451438 0.939562
vt 0.447613 0.939562
vt 0.447279 0.946213
vt 0.454899 0.946213
vt 0.454899 0.989449
vt 0.447279 0.989449
vt 0.452153 0.939561
vt 0.452153 0.884913
vt 0.455978 0.939561
vt 0.455978 0.884913
vt 0.381259 0.890628
vt 0.381259 0.951541
vt 0.375547 0.957256
vt 0.430195 0.957256
vt 0.375547 0.884913
vt 0.424495 0.951541
vt 0.424495 0.890628
vt 0.430195 0.884913
vt 0.480434 0.884913
vt 0.486032 0.902254
vt 0.480434 0.989449
vt 0.504286 0.902254
vt 0.486032 0.920456
vt 0.526598 0.902254
vt 0.486032 0.933402
vt 0.526598 0.920456
vt 0.544801 0.902254
vt 0.504286 0.933402
vt 0.486032 0.951631
vt 0.504286 0.920456
vt 0.554635 0.884913
vt 0.526598 0.933402
vt 0.486032 0.962772
vt 0.544801 0.933402
vt 0.554635 0.989449
vt 0.526598 0.951631
vt 0.504286 0.962772
vt 0.486032 0.981000
vt 0.544801 0.920456
vt 0.504286 0.951631
vt 0.526598 0.962772
vt 0.544801 0.962772
vt 0.526598 0.981000
vt 0.504286 0.981000
vt 0.544801 0.951631
vt 0.544801 0.981000
vt 0.588622 0.933360
vt 0.597124 0.933360
vt 0.588622 0.957153
vt 0.597124 0.957153
vt 0.623507 0.957574
vt 0.632009 0.957574
vt 0.623507 0.981335
vt 0.632009 0.981335
vt 0.608246 0.909145
vt 0.616748 0.909145
vt 0.608246 0.932941
vt 0.616748 0.932941
vt 0.597827 0.957153
vt 0.597827 0.933360
vt 0.606328 0.933360
vt 0.606328 0.957153
vt 0.599101 0.932941
vt 0.599101 0.909145
vt 0.607603 0.909145
vt 0.607603 0.932941
vt 0.614361 0.981333
vt 0.614361 0.957572
vt 0.622863 0.957572
vt 0.622863 0.981333
vt 0.605215 0.957572
vt 0.613717 0.957572
vt 0.605215 0.981333
vt 0.613717 0.981333
vt 0.589955 0.909145
vt 0.598457 0.909145
vt 0.589955 0.932941
vt 0.598457 0.932941
vt 0.607031 0.933360
vt 0.615533 0.933360
vt 0.607031 0.957153
vt 0.615533 0.957153
vt 0.616237 0.957153
vt 0.616237 0.933360
vt 0.624738 0.933360
vt 0.624738 0.957153
vt 0.580809 0.932941
vt 0.580809 0.909145
vt 0.589311 0.909145
vt 0.589311 0.932941
vt 0.596070 0.981333
vt 0.596070 0.957572
vt 0.604571 0.957572
vt 0.604571 0.981333
vt 0.637714 0.908726
vt 0.637714 0.884897
vt 0.646216 0.908726
vt 0.646216 0.884897
vt 0.649987 0.957156
vt 0.649987 0.933393
vt 0.658489 0.957156
vt 0.658489 0.933393
vt 0.646919 0.884897
vt 0.655420 0.884897
vt 0.655420 0.908726
vt 0.646919 0.908726
vt 0.659192 0.933393
vt 0.667694 0.933393
vt 0.667694 0.957156
vt 0.659192 0.957156
vt 0.656123 0.908726
vt 0.656123 0.884897
vt 0.664626 0.908726
vt 0.664626 0.884897
vt 0.660089 0.981337
vt 0.660089 0.957574
vt 0.668591 0.981337
vt 0.668591 0.957574
vt 0.660089 0.909145
vt 0.668591 0.909145
vt 0.668591 0.932974
vt 0.660089 0.932974
vt 0.650944 0.957574
vt 0.659446 0.957574
vt 0.659446 0.981337
vt 0.650944 0.981337
vt 0.641798 0.981337
vt 0.641798 0.957574
vt 0.650300 0.981337
vt 0.650300 0.957574
vt 0.650944 0.932974
vt 0.650944 0.909145
vt 0.659446 0.932974
vt 0.659446 0.909145
vt 0.632653 0.957574
vt 0.641154 0.957574
vt 0.641154 0.981336
vt 0.632653 0.981336
vt 0.641798 0.909145
vt 0.650300 0.909145
vt 0.650300 0.932974
vt 0.641798 0.932974
vt 0.587851 0.884897
vt 0.587851 0.908726
vt 0.564056 0.908726
vt 0.564056 0.884897
vt 0.587818 0.957153
vt 0.564056 0.957153
vt 0.564056 0.933360
vt 0.587818 0.933360
vt 0.612416 0.884897
vt 0.612416 0.908726
vt 0.588622 0.908726
vt 0.588622 0.884897
vt 0.636929 0.884897
vt 0.636929 0.908726
vt 0.613168 0.908726
vt 0.613168 0.884897
vt 0.625441 0.957155
vt 0.625441 0.933393
vt 0.649201 0.933393
vt 0.649201 0.957155
vt 0.617393 0.909145
vt 0.641154 0.909145
vt 0.641154 0.932941
vt 0.617393 0.932941
vt 0.644898 0.307432
vt 0.553591 0.307432
vt 0.553590 0.294885
vt 0.542700 0.294885
vt 0.642671 0.301620
vt 0.542701 0.307432
vt 0.642671 0.294885
vt 0.644898 0.301620
vt 0.532546 0.294885
vt 0.532547 0.307432
vt 0.523830 0.294885
vt 0.523830 0.307432
vt 0.517140 0.307432
vt 0.517140 0.294885
vt 0.644898 0.287731
vt 0.644898 0.293597
vt 0.551368 0.287731
vt 0.551367 0.293596
vt 0.551376 0.286854
vt 0.537018 0.287731
vt 0.537035 0.286854
vt 0.644898 0.286854
vt 0.537017 0.293596
vt 0.537080 0.285998
vt 0.551382 0.285998
vt 0.523643 0.287731
vt 0.523674 0.286854
vt 0.523763 0.285998
vt 0.644898 0.285998
vt 0.523643 0.293596
vt 0.537151 0.285175
vt 0.523896 0.285175
vt 0.551399 0.285175
vt 0.512156 0.287731
vt 0.512201 0.286854
vt 0.512326 0.285998
vt 0.512522 0.285175
vt 0.644898 0.285175
vt 0.512156 0.293596
vt 0.537253 0.284386
vt 0.524097 0.284386
vt 0.512794 0.284386
vt 0.551431 0.284386
vt 0.503346 0.293596
vt 0.503347 0.287731
vt 0.503400 0.286854
vt 0.503547 0.285998
vt 0.503788 0.285175
vt 0.644898 0.284386
vt 0.537379 0.283660
vt 0.524337 0.283660
vt 0.513141 0.283660
vt 0.504131 0.284386
vt 0.551462 0.283660
vt 0.644898 0.283660
vt 0.537529 0.283001
vt 0.524632 0.283001
vt 0.513550 0.283001
vt 0.504554 0.283660
vt 0.551501 0.283001
vt 0.644898 0.283001
vt 0.537698 0.282427
vt 0.524966 0.282427
vt 0.514022 0.282427
vt 0.644898 0.282427
vt 0.551541 0.282427
vt 0.537891 0.281941
vt 0.525331 0.281941
vt 0.644898 0.281941
vt 0.551587 0.281941
vt 0.523643 0.268997
vt 0.537018 0.268997
vt 0.537017 0.274862
vt 0.551367 0.274862
vt 0.523643 0.274862
vt 0.551376 0.275740
vt 0.551368 0.268997
vt 0.537035 0.275740
vt 0.512156 0.268997
vt 0.644898 0.275740
vt 0.644898 0.274863
vt 0.523674 0.275740
vt 0.512156 0.274862
vt 0.551381 0.276595
vt 0.644898 0.276595
vt 0.644898 0.268997
vt 0.537080 0.276595
vt 0.503346 0.274863
vt 0.523763 0.276595
vt 0.512201 0.275740
vt 0.503347 0.268997
vt 0.551398 0.277419
vt 0.644898 0.277419
vt 0.537151 0.277419
vt 0.503400 0.275740
vt 0.523896 0.277419
vt 0.512326 0.276595
vt 0.551430 0.278207
vt 0.644898 0.278207
vt 0.537254 0.278207
vt 0.503547 0.276595
vt 0.524098 0.278207
vt 0.512523 0.277419
vt 0.551462 0.278933
vt 0.644898 0.278933
vt 0.537378 0.278933
vt 0.503788 0.277419
vt 0.524337 0.278933
vt 0.512793 0.278207
vt 0.551501 0.279592
vt 0.644898 0.279592
vt 0.537530 0.279592
vt 0.504131 0.278207
vt 0.524631 0.279592
vt 0.513141 0.278933
vt 0.537699 0.280167
vt 0.551542 0.280167
vt 0.524965 0.280167
vt 0.513550 0.279592
vt 0.504554 0.278933
vt 0.644898 0.280167
vt 0.514022 0.280167
vt 0.537890 0.280652
vt 0.525331 0.280652
vt 0.551587 0.280652
vt 0.644898 0.280652
vt 0.553591 0.321057
vt 0.642671 0.314323
vt 0.642671 0.321057
vt 0.644898 0.308510
vt 0.553590 0.308510
vt 0.644898 0.314323
vt 0.542700 0.308510
vt 0.542701 0.321057
vt 0.532546 0.308510
vt 0.532547 0.321057
vt 0.523830 0.308510
vt 0.523830 0.321057
vt 0.517140 0.321057
vt 0.517140 0.308510
vt 0.560711 0.322136
vt 0.644898 0.322136
vt 0.560711 0.328870
vt 0.644898 0.328870
vt 0.516443 0.308875
vt 0.516443 0.321422
vt 0.506288 0.321422
vt 0.506287 0.308875
vt 0.495399 0.321421
vt 0.495399 0.308875
vt 0.484504 0.321422
vt 0.484504 0.308875
vt 0.474354 0.321422
vt 0.474353 0.308875
vt 0.494093 0.327406
vt 0.507432 0.328284
vt 0.494062 0.328284
vt 0.507450 0.327406
vt 0.494062 0.334149
vt 0.494178 0.326551
vt 0.521788 0.328284
vt 0.507432 0.334149
vt 0.507495 0.326551
vt 0.521788 0.327406
vt 0.494317 0.325727
vt 0.536119 0.327406
vt 0.521788 0.334149
vt 0.507571 0.325727
vt 0.521788 0.326551
vt 0.536141 0.328284
vt 0.494512 0.324939
vt 0.549481 0.327406
vt 0.536080 0.326551
vt 0.536142 0.334149
vt 0.507668 0.324939
vt 0.521788 0.325727
vt 0.549512 0.328284
vt 0.549401 0.326551
vt 0.536004 0.325727
vt 0.549512 0.334149
vt 0.494757 0.324213
vt 0.549259 0.325727
vt 0.507793 0.324213
vt 0.521788 0.324939
vt 0.535906 0.324939
vt 0.549057 0.324939
vt 0.495046 0.323553
vt 0.507940 0.323553
vt 0.483560 0.324213
vt 0.521788 0.324213
vt 0.548818 0.324213
vt 0.508113 0.322979
vt 0.483971 0.323554
vt 0.535781 0.324213
vt 0.495381 0.322979
vt 0.521788 0.322979
vt 0.521788 0.323553
vt 0.535629 0.323553
vt 0.548528 0.323553
vt 0.508310 0.322494
vt 0.521788 0.322494
vt 0.484442 0.322979
vt 0.560014 0.324213
vt 0.495745 0.322494
vt 0.535456 0.322979
vt 0.559605 0.323553
vt 0.535264 0.322494
vt 0.548198 0.322979
vt 0.559132 0.322979
vt 0.547825 0.322494
vt 0.560711 0.329971
vt 0.644898 0.329971
vt 0.560711 0.335783
vt 0.644898 0.335783
vt 0.503467 0.202643
vt 0.507672 0.190252
vt 0.508424 0.190680
vt 0.502629 0.202420
vt 0.515693 0.179800
vt 0.504319 0.202870
vt 0.501780 0.215479
vt 0.506955 0.189830
vt 0.516298 0.180410
vt 0.515101 0.179212
vt 0.509186 0.191122
vt 0.502652 0.215479
vt 0.500911 0.215479
vt 0.501824 0.202207
vt 0.526141 0.171783
vt 0.525723 0.171061
vt 0.509186 0.239838
vt 0.504319 0.228088
vt 0.502630 0.228541
vt 0.503468 0.228310
vt 0.506265 0.189438
vt 0.514544 0.178656
vt 0.526573 0.172531
vt 0.516926 0.181034
vt 0.525331 0.170372
vt 0.509280 0.215479
vt 0.501824 0.228752
vt 0.500078 0.215479
vt 0.501058 0.202003
vt 0.538314 0.166736
vt 0.538095 0.165930
vt 0.514919 0.194434
vt 0.537890 0.165169
vt 0.510709 0.204585
vt 0.510709 0.226368
vt 0.508424 0.240278
vt 0.507672 0.240706
vt 0.506954 0.241129
vt 0.514022 0.178134
vt 0.524965 0.169738
vt 0.538536 0.167574
vt 0.527010 0.173292
vt 0.521608 0.185718
vt 0.514918 0.236524
vt 0.516298 0.250548
vt 0.501058 0.228957
vt 0.506264 0.241517
vt 0.499285 0.215479
vt 0.505631 0.189073
vt 0.551693 0.164977
vt 0.551644 0.164154
vt 0.551587 0.163366
vt 0.516926 0.249921
vt 0.515693 0.251158
vt 0.515100 0.251747
vt 0.514544 0.252303
vt 0.551746 0.165833
vt 0.538759 0.168425
vt 0.530323 0.179025
vt 0.521607 0.245239
vt 0.526574 0.258428
vt 0.526142 0.259176
vt 0.514022 0.252824
vt 0.644898 0.164978
vt 0.644897 0.164154
vt 0.644898 0.163366
vt 0.527010 0.257661
vt 0.525722 0.259900
vt 0.525331 0.260584
vt 0.505631 0.241891
vt 0.524966 0.261216
vt 0.644898 0.165833
vt 0.551809 0.166706
vt 0.540478 0.174820
vt 0.530323 0.251934
vt 0.538536 0.263379
vt 0.538314 0.264217
vt 0.538095 0.265027
vt 0.551368 0.173386
vt 0.538760 0.262534
vt 0.537890 0.265790
vt 0.644898 0.166706
vt 0.642676 0.173386
vt 0.540479 0.256139
vt 0.551747 0.265126
vt 0.551692 0.265982
vt 0.551644 0.266805
vt 0.551587 0.267594
vt 0.551367 0.257573
vt 0.551809 0.264248
vt 0.644897 0.173386
vt 0.644898 0.264248
vt 0.644898 0.265127
vt 0.644898 0.265982
vt 0.644898 0.266805
vt 0.642675 0.257573
vt 0.644898 0.257573
vt 0.644898 0.267594
vt 0.560014 0.337448
vt 0.475828 0.337448
vt 0.475828 0.335221
vt 0.560014 0.335221
vt 0.516700 0.466302
vt 0.516700 0.472214
vt 0.504648 0.466302
vt 0.529621 0.472214
vt 0.504648 0.472214
vt 0.529621 0.466302
vt 0.494298 0.466302
vt 0.644890 0.472214
vt 0.494298 0.472214
vt 0.644890 0.466302
vt 0.486365 0.472214
vt 0.486365 0.466302
vt 0.504648 0.473235
vt 0.516700 0.473235
vt 0.516700 0.479146
vt 0.529621 0.479146
vt 0.504648 0.479146
vt 0.529621 0.473235
vt 0.494298 0.473235
vt 0.644890 0.479146
vt 0.494298 0.479146
vt 0.644890 0.473235
vt 0.486365 0.479146
vt 0.486365 0.473235
vt 0.606990 0.487101
vt 0.606990 0.493012
vt 0.594944 0.493012
vt 0.619917 0.487101
vt 0.594944 0.487101
vt 0.619917 0.493012
vt 0.632839 0.487101
vt 0.632839 0.493012
vt 0.644890 0.487101
vt 0.644890 0.493012
vt 0.544984 0.480168
vt 0.644890 0.480168
vt 0.544984 0.486079
vt 0.644890 0.486079
vt 0.472705 0.423772
vt 0.472705 0.394861
vt 0.476718 0.409320
vt 0.470809 0.409320
vt 0.478291 0.381390
vt 0.478291 0.437248
vt 0.478421 0.396392
vt 0.478421 0.422240
vt 0.483409 0.384345
vt 0.483409 0.434293
vt 0.487170 0.369822
vt 0.487170 0.448817
vt 0.491342 0.373996
vt 0.491342 0.444643
vt 0.498736 0.360939
vt 0.498736 0.457701
vt 0.501692 0.366057
vt 0.501692 0.452576
vt 0.512214 0.355358
vt 0.512214 0.463281
vt 0.513745 0.361068
vt 0.513744 0.457564
vt 0.526667 0.353455
vt 0.526667 0.459273
vt 0.526666 0.359366
vt 0.526667 0.465184
vt 0.641935 0.359366
vt 0.641935 0.459273
vt 0.644890 0.353455
vt 0.644890 0.465184
vt 0.584191 0.864958
vt 0.556847 0.864958
vt 0.544103 0.859680
vt 0.570521 0.866758
vt 0.596941 0.859679
vt 0.570521 0.857379
vt 0.581771 0.855902
vt 0.559273 0.855902
vt 0.548793 0.851557
vt 0.533154 0.851287
vt 0.592252 0.851557
vt 0.607890 0.851287
vt 0.539789 0.844647
vt 0.547756 0.850762
vt 0.524755 0.840339
vt 0.517678 0.813920
vt 0.527057 0.813920
vt 0.528540 0.825170
vt 0.601255 0.844647
vt 0.616282 0.840339
vt 0.519478 0.827589
vt 0.532886 0.835643
vt 0.527057 0.747524
vt 0.552295 0.747793
vt 0.537481 0.750482
vt 0.527057 0.738008
vt 0.527057 0.701358
vt 0.605633 0.701358
vt 0.593370 0.701358
vt 0.517678 0.691979
vt 0.575492 0.777727
vt 0.561969 0.771105
vt 0.569946 0.766171
vt 0.607252 0.836831
vt 0.608160 0.835643
vt 0.621559 0.827589
vt 0.612505 0.825170
vt 0.613989 0.813920
vt 0.611205 0.828296
vt 0.623366 0.813920
vt 0.564099 0.837893
vt 0.557036 0.831735
vt 0.571448 0.827389
vt 0.613989 0.778559
vt 0.613989 0.768910
vt 0.575600 0.778153
vt 0.566658 0.780866
vt 0.613989 0.701358
vt 0.553452 0.748769
vt 0.623366 0.691979
vt 0.554715 0.846611
vt 0.549100 0.839101
vt 0.572779 0.824237
vt 0.569459 0.802233
vt 0.578802 0.802989
vt 0.567438 0.812869
vt 0.563245 0.822849
vt 0.576426 0.815583
vt 0.560630 0.754803
vt 0.569191 0.791396
vt 0.577795 0.787269
vt 0.578488 0.790177
vt 0.555334 0.762544
vt 0.547043 0.755560
vt 0.562099 0.756048
vt 0.528652 0.738282
vt 0.540983 0.741784
vt 0.572779 0.824237
vt 0.571448 0.827389
vt 0.557036 0.831735
vt 0.549100 0.839101
vt 0.605633 0.701358
vt 0.560630 0.754803
vt 0.563245 0.822849
vt 0.567438 0.812869
vt 0.569946 0.766171
vt 0.575492 0.777727
vt 0.611205 0.828296
vt 0.576426 0.815583
vt 0.554715 0.846611
vt 0.564099 0.837893
vt 0.578488 0.790177
vt 0.578802 0.802989
vt 0.607252 0.836831
vt 0.537481 0.750482
vt 0.547043 0.755560
vt 0.527057 0.747524
vt 0.613989 0.768910
vt 0.575600 0.778153
vt 0.562099 0.756048
vt 0.539789 0.844647
vt 0.569459 0.802233
vt 0.569191 0.791396
vt 0.566658 0.780866
vt 0.577795 0.787269
vt 0.561969 0.771105
vt 0.555334 0.762544
vt 0.613989 0.778559
vt 0.547756 0.850762
vt 0.593370 0.701358
vt 0.553452 0.748769
vt 0.613989 0.701358
vt 0.613989 0.813920
vt 0.527057 0.813920
vt 0.527057 0.701358
vt 0.527057 0.738008
vt 0.556027 0.701358
vt 0.585011 0.701358
vt 0.612505 0.825170
vt 0.559273 0.855902
vt 0.548793 0.851557
vt 0.532886 0.835643
vt 0.528540 0.825170
vt 0.592252 0.851557
vt 0.581771 0.855902
vt 0.570521 0.857379
vt 0.601255 0.844647
vt 0.619710 0.631486
vt 0.580294 0.619241
vt 0.579943 0.604888
vt 0.579166 0.601631
vt 0.577633 0.633349
vt 0.618049 0.644088
vt 0.616593 0.647591
vt 0.583621 0.678516
vt 0.558417 0.678516
vt 0.546677 0.673648
vt 0.595362 0.673648
vt 0.545515 0.672758
vt 0.619710 0.591873
vt 0.571020 0.680170
vt 0.553311 0.668107
vt 0.619710 0.581065
vt 0.561583 0.566656
vt 0.559937 0.565262
vt 0.570374 0.577996
vt 0.576587 0.590942
vt 0.563825 0.658342
vt 0.605448 0.665908
vt 0.572056 0.646574
vt 0.612165 0.657152
vt 0.555910 0.651443
vt 0.523988 0.644088
vt 0.562866 0.641488
vt 0.573548 0.643044
vt 0.576708 0.591418
vt 0.569527 0.606254
vt 0.569829 0.618393
vt 0.522328 0.631486
vt 0.610351 0.505391
vt 0.619710 0.505391
vt 0.522328 0.505391
vt 0.554781 0.505391
vt 0.522328 0.546446
vt 0.528857 0.655820
vt 0.547021 0.659695
vt 0.536590 0.665908
vt 0.567565 0.630309
vt 0.554004 0.573933
vt 0.561436 0.583523
vt 0.566691 0.594458
vt 0.544716 0.566109
vt 0.534006 0.560421
vt 0.522328 0.557108
vt 0.537928 0.550677
vt 0.524115 0.546755
vt 0.550600 0.557409
vt 0.551897 0.558502
vt 0.587250 0.505391
vt 0.596615 0.505391
vt 0.217380 0.877775
vt 0.217380 0.964172
vt 0.216097 0.963949
vt 0.218663 0.877761
vt 0.207472 0.967472
vt 0.216097 0.877761
vt 0.218663 0.963949
vt 0.214903 0.963295
vt 0.219857 0.877726
vt 0.227283 0.967472
vt 0.213873 0.962245
vt 0.214903 0.877726
vt 0.219857 0.963295
vt 0.207472 0.977350
vt 0.213085 0.960883
vt 0.220883 0.877671
vt 0.227283 0.957589
vt 0.227283 0.977350
vt 0.211995 0.960244
vt 0.213873 0.877671
vt 0.220883 0.962245
vt 0.211297 0.959833
vt 0.213085 0.877602
vt 0.221671 0.960883
vt 0.207472 0.957589
vt 0.221671 0.877602
vt 0.222166 0.959293
vt 0.222335 0.957589
vt 0.272334 0.877602
vt 0.269863 0.880337
vt 0.249774 0.877602
vt 0.272334 0.953764
vt 0.252251 0.880337
vt 0.269863 0.883418
vt 0.249774 0.953764
vt 0.269863 0.886504
vt 0.252251 0.883418
vt 0.269863 0.889586
vt 0.252251 0.886504
vt 0.269863 0.892672
vt 0.252251 0.889586
vt 0.269863 0.895754
vt 0.252251 0.892672
vt 0.269863 0.898845
vt 0.252251 0.895754
vt 0.269863 0.901931
vt 0.252251 0.898845
vt 0.269863 0.905013
vt 0.252251 0.901931
vt 0.269863 0.908099
vt 0.252251 0.905013
vt 0.269863 0.911180
vt 0.252251 0.908099
vt 0.269863 0.914267
vt 0.252251 0.911180
vt 0.269863 0.917348
vt 0.252251 0.914267
vt 0.269863 0.920434
vt 0.252251 0.917348
vt 0.269863 0.923526
vt 0.252251 0.920434
vt 0.269863 0.926607
vt 0.252251 0.923526
vt 0.269863 0.929693
vt 0.252251 0.926607
vt 0.269863 0.932774
vt 0.252251 0.929693
vt 0.269863 0.935861
vt 0.252251 0.932774
vt 0.269863 0.938942
vt 0.252251 0.935861
vt 0.269863 0.942028
vt 0.252251 0.938942
vt 0.269863 0.945110
vt 0.252251 0.942028
vt 0.269863 0.948200
vt 0.252251 0.945110
vt 0.269863 0.951288
vt 0.252251 0.948200
vt 0.252251 0.951288
vt 0.232559 0.970283
vt 0.232564 0.970253
vt 0.235646 0.961494
vt 0.228797 0.970283
vt 0.228802 0.970253
vt 0.231894 0.961494
vt 0.225040 0.986571
vt 0.225045 0.986541
vt 0.228132 0.977782
vt 0.221283 0.986571
vt 0.221288 0.986541
vt 0.224375 0.977782
vt 0.217526 0.986571
vt 0.217532 0.986541
vt 0.220618 0.977782
vt 0.213765 0.986571
vt 0.213770 0.986541
vt 0.216861 0.977782
vt 0.263304 0.975418
vt 0.263304 0.972331
vt 0.264538 0.972341
vt 0.264538 0.972331
vt 0.264538 0.975418
vt 0.291175 0.915980
vt 0.291175 0.915990
vt 0.289941 0.915980
vt 0.289941 0.919061
vt 0.291175 0.919061
vt 0.282330 0.919061
vt 0.282330 0.915980
vt 0.283564 0.915989
vt 0.283564 0.915980
vt 0.283564 0.919061
vt 0.268343 0.973876
vt 0.268343 0.975417
vt 0.267109 0.975417
vt 0.268343 0.972341
vt 0.267109 0.972331
vt 0.268343 0.972331
vt 0.275954 0.972331
vt 0.275954 0.972340
vt 0.274720 0.972331
vt 0.274720 0.975417
vt 0.275954 0.975417
vt 0.301357 0.919010
vt 0.301357 0.915929
vt 0.302591 0.915939
vt 0.302591 0.915929
vt 0.302591 0.919010
vt 0.276623 0.921899
vt 0.276623 0.918812
vt 0.277856 0.918822
vt 0.277856 0.918812
vt 0.277856 0.921899
vt 0.293077 0.915940
vt 0.293077 0.919011
vt 0.291844 0.919011
vt 0.291844 0.915929
vt 0.293077 0.915929
vt 0.303260 0.919011
vt 0.303260 0.915929
vt 0.304493 0.915938
vt 0.304493 0.915929
vt 0.304493 0.919011
vt 0.284233 0.919061
vt 0.284233 0.915980
vt 0.285467 0.915990
vt 0.285467 0.915980
vt 0.285467 0.919061
vt 0.270246 0.972331
vt 0.270246 0.972341
vt 0.269012 0.972331
vt 0.269012 0.975417
vt 0.270246 0.975417
vt 0.293746 0.919011
vt 0.293746 0.915930
vt 0.294980 0.915939
vt 0.294980 0.915930
vt 0.294980 0.919011
vt 0.305162 0.915930
vt 0.306396 0.915930
vt 0.305162 0.919010
vt 0.306396 0.919010
vt 0.270915 0.972331
vt 0.272148 0.972331
vt 0.270915 0.975417
vt 0.272148 0.975417
vt 0.278525 0.918812
vt 0.279759 0.918812
vt 0.278525 0.921899
vt 0.279759 0.921899
vt 0.307065 0.913869
vt 0.308299 0.913869
vt 0.307065 0.916950
vt 0.308299 0.916950
vt 0.280428 0.918812
vt 0.281662 0.918812
vt 0.280428 0.921899
vt 0.281662 0.921899
vt 0.295649 0.915930
vt 0.296883 0.915930
vt 0.295649 0.919011
vt 0.296883 0.919011
vt 0.297552 0.915930
vt 0.298785 0.915930
vt 0.297552 0.919011
vt 0.298785 0.919011
vt 0.272817 0.972331
vt 0.274051 0.972331
vt 0.272817 0.975417
vt 0.274051 0.975417
vt 0.299454 0.915930
vt 0.300688 0.915930
vt 0.299454 0.919011
vt 0.300688 0.919011
vt 0.265207 0.972331
vt 0.266441 0.972331
vt 0.265207 0.975418
vt 0.266441 0.975418
vt 0.286136 0.915980
vt 0.287369 0.915980
vt 0.286136 0.919061
vt 0.287369 0.919061
vt 0.288038 0.915980
vt 0.289272 0.915980
vt 0.288038 0.919061
vt 0.289272 0.919061
vt 0.245758 0.953764
vt 0.245758 0.877602
vt 0.246991 0.877602
vt 0.246991 0.877691
vt 0.246991 0.899944
vt 0.246996 0.896873
vt 0.246991 0.900419
vt 0.246991 0.919290
vt 0.246991 0.953764
vt 0.246996 0.929193
vt 0.246996 0.924239
vt 0.247872 0.877602
vt 0.249105 0.877602
vt 0.247872 0.953764
vt 0.249105 0.953764
vt 0.280216 0.877602
vt 0.287647 0.877602
vt 0.280216 0.897413
vt 0.287647 0.897413
vt 0.236188 0.880896
vt 0.230466 0.961061
vt 0.229188 0.960972
vt 0.235028 0.879192
vt 0.227999 0.960883
vt 0.233949 0.877602
vt 0.246005 0.961519
vt 0.245767 0.964838
vt 0.246000 0.961543
vt 0.245688 0.965923
vt 0.246000 0.961514
vt 0.245376 0.970302
vt 0.246005 0.961494
vt 0.253579 0.972331
vt 0.253971 0.977795
vt 0.253748 0.974704
vt 0.306219 0.877691
vt 0.308711 0.895164
vt 0.308716 0.895213
vt 0.308087 0.886405
vt 0.307482 0.895303
vt 0.307453 0.877602
vt 0.238067 0.877691
vt 0.239345 0.877602
vt 0.245067 0.957767
vt 0.243907 0.959471
vt 0.236878 0.877780
vt 0.242828 0.961061
vt 0.244393 0.965873
vt 0.244081 0.961494
vt 0.244151 0.962451
vt 0.244705 0.970253
vt 0.244710 0.970278
vt 0.244705 0.970283
vt 0.244710 0.970302
vt 0.311258 0.886500
vt 0.310624 0.895303
vt 0.309390 0.895213
vt 0.311882 0.877741
vt 0.311887 0.877691
vt 0.310654 0.877602
vt 0.273029 0.877686
vt 0.275872 0.900157
vt 0.274639 0.900246
vt 0.274847 0.885756
vt 0.274262 0.877602
vt 0.261190 0.972331
vt 0.261394 0.975174
vt 0.261463 0.976175
vt 0.212788 0.982162
vt 0.212476 0.986541
vt 0.212749 0.982697
vt 0.213100 0.977782
vt 0.257319 0.977270
vt 0.257313 0.977245
vt 0.256962 0.972331
vt 0.257313 0.977275
vt 0.257319 0.977294
vt 0.312561 0.895213
vt 0.315058 0.877691
vt 0.315053 0.877741
vt 0.313825 0.877602
vt 0.314429 0.886500
vt 0.313795 0.895303
vt 0.276623 0.900162
vt 0.278233 0.877602
vt 0.279466 0.877691
vt 0.278654 0.889090
vt 0.278461 0.891789
vt 0.278233 0.895000
vt 0.278203 0.895431
vt 0.278069 0.897289
vt 0.277856 0.900246
vt 0.314881 0.904538
vt 0.315194 0.908918
vt 0.313014 0.895825
vt 0.315506 0.913297
vt 0.314248 0.895736
vt 0.315511 0.913347
vt 0.314277 0.913436
vt 0.247310 0.954222
vt 0.246715 0.962525
vt 0.247304 0.954246
vt 0.246680 0.963005
vt 0.247304 0.954217
vt 0.246671 0.963124
vt 0.247310 0.954197
vt 0.220178 0.994094
vt 0.220311 0.992196
vt 0.220683 0.987004
vt 0.243098 0.965873
vt 0.242786 0.961494
vt 0.243292 0.968584
vt 0.243410 0.970253
vt 0.243415 0.970278
vt 0.243410 0.970283
vt 0.243415 0.970302
vt 0.309852 0.913347
vt 0.312349 0.895825
vt 0.312343 0.895874
vt 0.311115 0.895735
vt 0.311719 0.904633
vt 0.311085 0.913436
vt 0.242110 0.970199
vt 0.242105 0.970139
vt 0.241709 0.964561
vt 0.241798 0.965819
vt 0.242115 0.970253
vt 0.241491 0.961494
vt 0.242120 0.970278
vt 0.242115 0.970283
vt 0.242120 0.970302
vt 0.306689 0.913347
vt 0.309186 0.895825
vt 0.309181 0.895874
vt 0.307952 0.895735
vt 0.309171 0.895988
vt 0.308557 0.904633
vt 0.307923 0.913436
vt 0.240825 0.961519
vt 0.240820 0.961593
vt 0.240820 0.961543
vt 0.240508 0.965923
vt 0.240820 0.961514
vt 0.240196 0.970302
vt 0.240825 0.961494
vt 0.240300 0.968875
vt 0.303527 0.897885
vt 0.306018 0.915358
vt 0.306024 0.915407
vt 0.305394 0.906599
vt 0.304790 0.915497
vt 0.304760 0.897796
vt 0.211677 0.979665
vt 0.211543 0.981552
vt 0.211404 0.983475
vt 0.211365 0.984044
vt 0.211810 0.977782
vt 0.211186 0.986541
vt 0.224394 0.992721
vt 0.224389 0.992696
vt 0.223983 0.987004
vt 0.224389 0.992726
vt 0.224394 0.992746
vt 0.300364 0.915407
vt 0.302861 0.897885
vt 0.302856 0.897935
vt 0.301627 0.897796
vt 0.302588 0.901705
vt 0.302232 0.906694
vt 0.301598 0.915497
vt 0.238901 0.970302
vt 0.239045 0.968266
vt 0.239119 0.967236
vt 0.239189 0.966230
vt 0.239357 0.963887
vt 0.239525 0.961543
vt 0.239530 0.961519
vt 0.239525 0.961514
vt 0.239530 0.961494
vt 0.297202 0.897885
vt 0.299693 0.915358
vt 0.299699 0.915407
vt 0.299357 0.910672
vt 0.298465 0.915497
vt 0.299069 0.906599
vt 0.298436 0.897796
vt 0.222714 0.987004
vt 0.222928 0.989957
vt 0.222932 0.990071
vt 0.223136 0.992909
vt 0.260336 0.973758
vt 0.260440 0.972331
vt 0.260133 0.976596
vt 0.225663 0.987029
vt 0.225251 0.992746
vt 0.225657 0.987054
vt 0.225657 0.987024
vt 0.225663 0.987004
vt 0.294039 0.897885
vt 0.296531 0.915358
vt 0.296536 0.915407
vt 0.296328 0.912504
vt 0.295303 0.915497
vt 0.295907 0.906599
vt 0.295273 0.897796
vt 0.216372 0.995104
vt 0.216541 0.992746
vt 0.216952 0.987004
vt 0.237918 0.965873
vt 0.237606 0.961494
vt 0.238186 0.969594
vt 0.238230 0.970253
vt 0.238236 0.970278
vt 0.238230 0.970283
vt 0.238236 0.970302
vt 0.290877 0.915407
vt 0.293374 0.897885
vt 0.293369 0.897935
vt 0.292140 0.897796
vt 0.292744 0.906694
vt 0.292111 0.915497
vt 0.258356 0.977052
vt 0.258286 0.976081
vt 0.258019 0.972331
vt 0.226931 0.992721
vt 0.226926 0.992696
vt 0.226520 0.987004
vt 0.226926 0.992726
vt 0.226931 0.992746
vt 0.221689 0.990412
vt 0.221446 0.993821
vt 0.221664 0.990754
vt 0.221931 0.987004
vt 0.287715 0.915458
vt 0.290211 0.897935
vt 0.290206 0.897985
vt 0.288978 0.897846
vt 0.290068 0.899927
vt 0.289582 0.906744
vt 0.288948 0.915547
vt 0.236941 0.961519
vt 0.236529 0.967236
vt 0.236935 0.961543
vt 0.236703 0.964798
vt 0.236935 0.961514
vt 0.236470 0.968053
vt 0.236941 0.961494
vt 0.236391 0.969178
vt 0.236311 0.970302
vt 0.284552 0.897935
vt 0.287044 0.915408
vt 0.287049 0.915458
vt 0.286578 0.908899
vt 0.285815 0.915547
vt 0.286420 0.906649
vt 0.285786 0.897846
vt 0.296600 0.877602
vt 0.288461 0.887480
vt 0.289170 0.877602
vt 0.295184 0.897363
vt 0.217641 0.987004
vt 0.217918 0.990868
vt 0.217859 0.990071
vt 0.218191 0.994732
vt 0.256237 0.972846
vt 0.256277 0.972331
vt 0.255905 0.977508
vt 0.228199 0.987029
vt 0.227788 0.992746
vt 0.228194 0.987054
vt 0.228194 0.987024
vt 0.228199 0.987004
vt 0.281390 0.897935
vt 0.283881 0.915408
vt 0.283887 0.915458
vt 0.283808 0.914377
vt 0.282653 0.915547
vt 0.283257 0.906649
vt 0.282623 0.897846
vt 0.262495 0.972355
vt 0.262247 0.975774
vt 0.262489 0.972380
vt 0.262489 0.972350
vt 0.262495 0.972331
vt 0.254848 0.977696
vt 0.255230 0.972331
vt 0.255047 0.974951
vt 0.209897 0.977782
vt 0.210209 0.982162
vt 0.210278 0.983148
vt 0.210521 0.986541
vt 0.278227 0.900768
vt 0.280719 0.918241
vt 0.280724 0.918290
vt 0.280095 0.909482
vt 0.279491 0.918379
vt 0.279461 0.900679
vt 0.259388 0.976710
vt 0.259185 0.973911
vt 0.259180 0.973817
vt 0.259076 0.972331
vt 0.229468 0.976432
vt 0.229463 0.976408
vt 0.229057 0.970716
vt 0.229463 0.976437
vt 0.229468 0.976457
vt 0.309082 0.915355
vt 0.308967 0.916936
vt 0.309186 0.913869
vt 0.275065 0.918290
vt 0.277562 0.900768
vt 0.277556 0.900818
vt 0.276328 0.900679
vt 0.277155 0.906416
vt 0.276932 0.909576
vt 0.276298 0.918379
vt 0.273770 0.963000
vt 0.274082 0.967380
vt 0.271902 0.954286
vt 0.274394 0.971759
vt 0.273136 0.954197
vt 0.274399 0.971808
vt 0.273166 0.971898
vt 0.230736 0.970740
vt 0.230325 0.976457
vt 0.230731 0.970765
vt 0.230731 0.970735
vt 0.230736 0.970716
vt 0.208607 0.977782
vt 0.209231 0.986541
vt 0.208825 0.980849
vt 0.270608 0.963000
vt 0.270920 0.967380
vt 0.268740 0.954286
vt 0.271232 0.971759
vt 0.269974 0.954197
vt 0.271237 0.971808
vt 0.270003 0.971898
vt 0.232005 0.970740
vt 0.231593 0.976457
vt 0.231999 0.970765
vt 0.231999 0.970735
vt 0.232005 0.970716
vt 0.207472 0.986975
vt 0.208096 0.995733
vt 0.207690 0.990041
vt 0.267445 0.963000
vt 0.267757 0.967380
vt 0.265578 0.954286
vt 0.268069 0.971759
vt 0.266811 0.954197
vt 0.268075 0.971808
vt 0.266841 0.971898
vt 0.233273 0.970740
vt 0.232862 0.976457
vt 0.233268 0.970765
vt 0.233268 0.970735
vt 0.233273 0.970716
vt 0.208973 0.986975
vt 0.209597 0.995733
vt 0.209191 0.990041
vt 0.305479 0.897363
vt 0.298049 0.897363
vt 0.297340 0.887485
vt 0.304063 0.877602
vt 0.210765 0.991354
vt 0.210453 0.995733
vt 0.210671 0.992667
vt 0.211077 0.986974
vt 0.234542 0.976432
vt 0.234536 0.976408
vt 0.234130 0.970716
vt 0.234536 0.976437
vt 0.234542 0.976457
vt 0.262415 0.971808
vt 0.264912 0.954286
vt 0.264907 0.954336
vt 0.263678 0.954197
vt 0.264283 0.963095
vt 0.263649 0.971898
vt 0.219177 0.990715
vt 0.218909 0.994430
vt 0.219033 0.992696
vt 0.219439 0.987004
vt 0.310074 0.916267
vt 0.310024 0.916936
vt 0.310243 0.913869
vt 0.235810 0.976452
vt 0.235805 0.976427
vt 0.235399 0.970735
vt 0.235805 0.976457
vt 0.235810 0.976477
vt 0.259253 0.971808
vt 0.261750 0.954286
vt 0.261744 0.954336
vt 0.260516 0.954197
vt 0.261215 0.961762
vt 0.261120 0.963095
vt 0.260486 0.971898
vt 0.212245 0.991354
vt 0.211933 0.995733
vt 0.212151 0.992666
vt 0.212557 0.986974
vt 0.237078 0.976452
vt 0.237073 0.976428
vt 0.236667 0.970735
vt 0.237073 0.976457
vt 0.237078 0.976477
vt 0.256090 0.971808
vt 0.258587 0.954286
vt 0.258582 0.954336
vt 0.257353 0.954197
vt 0.257958 0.963095
vt 0.257324 0.971898
vt 0.238347 0.970760
vt 0.237935 0.976477
vt 0.238342 0.970785
vt 0.238342 0.970755
vt 0.238347 0.970735
vt 0.214907 0.987212
vt 0.215205 0.991383
vt 0.215095 0.989858
vt 0.215501 0.995550
vt 0.214892 0.987004
vt 0.311082 0.916936
vt 0.311096 0.916722
vt 0.311300 0.913869
vt 0.252928 0.954286
vt 0.255419 0.971759
vt 0.255425 0.971808
vt 0.254825 0.963422
vt 0.254191 0.971898
vt 0.254795 0.963000
vt 0.254162 0.954197
vt 0.213725 0.991383
vt 0.213413 0.995763
vt 0.213631 0.992696
vt 0.214037 0.987004
vt 0.239615 0.976452
vt 0.239610 0.976427
vt 0.239204 0.970735
vt 0.239610 0.976457
vt 0.239615 0.976477
vt 0.249766 0.971808
vt 0.252262 0.954286
vt 0.252257 0.954336
vt 0.251029 0.954197
vt 0.251633 0.963095
vt 0.250999 0.971898
vt 0.240780 0.975001
vt 0.240878 0.976428
vt 0.240472 0.970735
vt 0.242147 0.970735
vt 0.242078 0.971706
vt 0.241741 0.976427
vt 0.243381 0.975912
vt 0.243415 0.976428
vt 0.243009 0.970735
vt 0.244684 0.970735
vt 0.244486 0.973534
vt 0.244278 0.976427
vt 0.312183 0.914532
vt 0.312139 0.913869
vt 0.312307 0.916267
vt 0.247360 0.972306
vt 0.245546 0.971394
vt 0.247251 0.971231
vt 0.245546 0.976349
vt 0.248840 0.970735
vt 0.312984 0.913869
vt 0.313420 0.914958
vt 0.313697 0.915657
vt 0.252857 0.977944
vt 0.251807 0.976155
vt 0.249563 0.972331
vt 0.249100 0.969907
vt 0.249100 0.969931
vt 0.247975 0.954197
usemtl lambert6SG
f 1155/92 443/93 457/94
f 1204/95 3178/96 1231/97
f 5048/98 3225/99 5028/100
f 5767/206 5776/207 5765/208
f 5769/209 5778/210 5764/211
f 440/583 441/584 437/585
f 1153/586 439/587 1043/588
f 5080/589 3130/590 3333/591
f 1153/586 3129/592 1224/593
f 5119/594 3334/595 5081/596
f 1155/597 3179/598 1225/599
f 5204/600 5788/601 5774/602
f 5119/594 5778/603 5205/604
f 1224/593 3333/591 3130/590
f 1225/599 3334/595 3183/605
f 5204/600 3333/591 5169/606
f 5777/607 5776/608 5781/609
f 5170/610 3183/605 3334/595
f 5791/611 5792/612 5778/603
f 437/585 435/613 431/614
f 5780/615 5774/602 5787/616
f 5780/615 5783/617 5775/618
f 5781/609 5783/617 5790/619
f 5789/620 5790/619 5783/617
f 438/621 443/622 434/623
f 438/621 435/613 442/624
f 432/625 431/614 435/613
f 1044/626 433/627 443/622
f 430/628 429/629 439/587
f 458/630 498/631 500/632
f 1203/633 3131/634 2199/635
f 5028/636 3178/637 4772/638
f 5761/639 5762/640 5758/641
f 5753/642 5715/643 5755/644
f 456/645 455/646 462/647
f 5758/641 5720/648 5718/649
f 5757/650 5719/651 5759/652
f 5755/644 5717/653 5757/650
f 5759/652 5720/648 5762/640
f 5739/654 5713/655 5753/642
f 5728/656 5711/657 5739/654
f 5726/658 5709/659 5728/656
f 5724/660 5706/661 5726/658
f 5722/662 5675/663 5724/660
f 5722/662 5764/664 5669/665
f 5764/664 5663/666 5669/665
f 5764/664 5659/667 5663/666
f 5764/664 5644/668 5659/667
f 5764/664 5636/669 5644/668
f 5764/664 5623/670 5636/669
f 5764/664 5607/671 5623/670
f 5764/664 5595/672 5607/671
f 5764/664 5572/673 5595/672
f 5764/664 5558/674 5572/673
f 5764/664 5529/675 5558/674
f 5764/664 5511/676 5529/675
f 5764/664 5480/677 5511/676
f 5764/664 5460/678 5480/677
f 5764/664 5423/679 5460/678
f 5764/664 5395/680 5423/679
f 5764/664 5353/681 5395/680
f 5764/664 5317/682 5353/681
f 5764/664 5273/683 5317/682
f 5764/664 5230/684 5273/683
f 5764/664 5183/685 5230/684
f 5764/664 5130/686 5183/685
f 5764/664 5083/687 5130/686
f 5764/664 5014/688 5083/687
f 5764/664 4946/689 5014/688
f 5764/664 4890/690 4946/689
f 5764/664 4821/691 4890/690
f 5764/664 4742/692 4821/691
f 5764/664 4678/693 4742/692
f 5764/664 4591/694 4678/693
f 5764/664 4500/695 4591/694
f 5764/664 4398/696 4500/695
f 5764/664 4306/697 4398/696
f 5764/664 4203/698 4306/697
f 5764/664 4086/699 4203/698
f 5764/664 3970/700 4086/699
f 5764/664 3849/701 3970/700
f 5764/664 3714/702 3849/701
f 5138/703 3581/704 3714/702
f 5107/705 3431/706 3581/704
f 5074/707 3293/708 3431/706
f 5027/709 3177/710 3293/708
f 4994/711 3016/712 3177/710
f 4960/713 2861/714 3016/712
f 4888/715 2572/716 2711/717
f 4924/718 2711/717 2861/714
f 4842/719 2425/720 2572/716
f 4805/721 2313/722 2425/720
f 4772/638 2200/723 2313/722
f 459/724 499/725 498/631
f 460/726 500/632 502/727
f 463/728 502/727 504/729
f 465/730 504/729 506/731
f 479/732 506/731 508/733
f 489/734 508/733 510/735
f 491/736 510/735 512/737
f 493/738 512/737 543/739
f 495/740 543/739 549/741
f 555/742 457/743 549/741
f 559/744 457/743 555/742
f 574/745 457/743 559/744
f 582/746 457/743 574/745
f 596/747 457/743 582/746
f 612/748 457/743 596/747
f 624/749 457/743 612/748
f 647/750 457/743 624/749
f 661/751 457/743 647/750
f 690/752 457/743 661/751
f 708/753 457/743 690/752
f 739/754 457/743 708/753
f 759/755 457/743 739/754
f 796/756 457/743 759/755
f 820/757 457/743 796/756
f 861/758 457/743 820/757
f 896/759 457/743 861/758
f 939/760 457/743 896/759
f 981/761 457/743 939/760
f 1031/762 457/743 981/761
f 1098/763 457/743 1031/762
f 1152/764 457/743 1098/763
f 1233/765 457/743 1152/764
f 1309/766 457/743 1233/765
f 1371/767 457/743 1309/766
f 1440/768 457/743 1371/767
f 1537/769 457/743 1440/768
f 1619/770 457/743 1537/769
f 1704/771 457/743 1619/770
f 1785/772 457/743 1704/771
f 1889/773 457/743 1785/772
f 1979/774 457/743 1889/773
f 2084/775 457/743 1979/774
f 2200/723 457/743 2084/775
f 1204/776 457/743 2200/723
f 5756/777 5718/649 5716/778
f 5754/779 5716/778 5714/780
f 5752/781 5714/780 5712/782
f 5738/783 5712/782 5710/784
f 5727/785 5710/784 5708/786
f 5725/787 5708/786 5705/788
f 5723/789 5705/788 5674/790
f 5721/791 5674/790 5668/792
f 5662/793 5760/794 5668/792
f 5658/795 5760/794 5662/793
f 5643/796 5760/794 5658/795
f 5635/797 5760/794 5643/796
f 5622/798 5760/794 5635/797
f 5606/799 5760/794 5622/798
f 5594/800 5760/794 5606/799
f 5571/801 5760/794 5594/800
f 5557/802 5760/794 5571/801
f 5528/803 5760/794 5557/802
f 5510/804 5760/794 5528/803
f 5479/805 5760/794 5510/804
f 5459/806 5760/794 5479/805
f 5422/807 5760/794 5459/806
f 5394/808 5760/794 5422/807
f 5352/809 5760/794 5394/808
f 5316/810 5760/794 5352/809
f 5272/811 5760/794 5316/810
f 5229/812 5760/794 5272/811
f 5182/813 5760/794 5229/812
f 5129/814 5760/794 5182/813
f 5082/815 5760/794 5129/814
f 5013/816 5760/794 5082/815
f 4945/817 5760/794 5013/816
f 4889/818 5760/794 4945/817
f 4820/819 5760/794 4889/818
f 4741/820 5760/794 4820/819
f 4677/821 5760/794 4741/820
f 4590/822 5760/794 4677/821
f 4499/823 5760/794 4590/822
f 4397/824 5760/794 4499/823
f 4305/825 5760/794 4397/824
f 4202/826 5760/794 4305/825
f 4085/827 5760/794 4202/826
f 3969/828 5760/794 4085/827
f 3848/829 5760/794 3969/828
f 3713/830 5760/794 3848/829
f 5137/831 5760/794 3713/830
f 5137/831 3580/832 5106/833
f 5106/833 3428/834 5073/835
f 5073/835 3292/836 5026/837
f 4993/838 3015/839 4959/840
f 5026/837 3132/841 4993/838
f 4959/840 2858/842 4923/843
f 4923/843 2710/844 4887/845
f 4887/845 2571/846 4841/847
f 4841/847 2424/848 4804/849
f 4804/849 2312/850 4771/851
f 4771/851 2199/635 3131/634
f 462/647 501/852 499/725
f 453/853 2199/635 2083/854
f 453/853 2083/854 1978/855
f 453/853 1978/855 1888/856
f 453/853 1888/856 1784/857
f 453/853 1784/857 1703/858
f 453/853 1703/858 1618/859
f 453/853 1618/859 1536/860
f 453/853 1536/860 1439/861
f 453/853 1439/861 1370/862
f 453/853 1370/862 1308/863
f 453/853 1308/863 1232/864
f 453/853 1232/864 1151/865
f 453/853 1151/865 1097/866
f 453/853 1097/866 1030/867
f 453/853 1030/867 980/868
f 453/853 980/868 938/869
f 453/853 938/869 895/870
f 453/853 895/870 860/871
f 453/853 860/871 819/872
f 453/853 819/872 795/873
f 453/853 795/873 758/874
f 453/853 758/874 738/875
f 453/853 738/875 707/876
f 453/853 707/876 689/877
f 453/853 689/877 660/878
f 453/853 660/878 646/879
f 453/853 646/879 623/880
f 453/853 623/880 611/881
f 453/853 611/881 595/882
f 453/853 595/882 581/883
f 453/853 581/883 573/884
f 453/853 573/884 558/885
f 453/853 558/885 554/886
f 453/853 554/886 548/887
f 494/888 453/853 548/887
f 494/888 542/889 492/890
f 461/891 501/852 454/892
f 492/890 511/893 490/894
f 490/894 509/895 488/896
f 488/896 507/897 478/898
f 478/898 505/899 464/900
f 464/900 503/901 461/891
f 440/212 439/213 453/214
f 454/215 455/216 451/217
f 452/218 446/219 456/220
f 1202/101 3130/102 1230/103
f 5092/104 5774/105 5760/106
f 424/221 419/222 429/223
f 428/224 433/225 423/226
f 5798/5543 5788/5544 5820/5545
f 166/227 165/228 255/229
f 5799/5546 5788/5544 5798/5543
f 5794/5547 5788/5544 5799/5546
f 5822/5548 5820/5545 5788/5544
f 5810/5549 5809/5550 5805/5551
f 5812/5552 5809/5550 5810/5549
f 5812/5552 5820/5545 5814/5553
f 5809/5550 5811/5554 5808/5555
f 5813/5556 5821/5557 5811/5554
f 178/230 177/231 298/232
f 183/233 182/234 374/235
f 5821/5557 5835/5558 5804/5559
f 5819/5560 5835/5558 5821/5557
f 5804 5797 5803
f 5792/5561 5804/5559 5835/5558
f 5792/5561 5797/5562 5804/5559
f 583/107 1000/108 54/109
f 1428/110 3712/111 3328/112
f 5287/113 3328/112 3712/111
f 1101/114 3317/115 1000/108
f 5271/116 3317/115 3328/112
f 955/117 32/118 1000/108
f 535/119 536/120 3181/121
f 3182/122 3181/121 536/120
f 5693/123 5692/124 3181/121
f 3180/125 3181/121 5692/124
f 1044/126 3183/127 2777/128
f 5792/129 5835/130 5745/131
f 940/132 2612/133 536/120
f 1428/110 486/134 519/135
f 1540/136 519/135 535/119
f 1544/137 535/119 3006/138
f 4758/139 5693/123 3182/122
f 5693/123 3181/121 3182/122
f 1106/140 3328/112 3317/115
f 536/120 2612/133 3182/122
f 486/134 487/141 519/135
f 967/142 2777/128 2612/133
f 4758/139 2612/133 2777/128
f 4878/143 2777/128 3183/127
f 3317/115 3125/144 1000/108
f 5040/145 5701/146 5354/147
f 5235/148 3125/144 5271/116
f 3180/125 3712/111 3006/138
f 5039/149 3712/111 3180/125
f 5039/149 5692/124 5040/145
f 476/150 433/151 477/152
f 1106/140 423/153 476/150
f 1326/154 476/150 486/134
f 5779/155 5701/146 5736/156
f 5785/157 5736/156 5744/158
f 5786/159 5744/158 5835/130
f 5701/146 5702/160 5736/156
f 423/153 433/151 476/150
f 5287/113 5850/161 5846/162
f 5737/163 5736/156 5702/160
f 5744/158 5745/131 5835/130
f 477/152 433/151 536/120
f 520/164 519/135 487/141
f 5170/165 5792/129 5745/131
f 4878/143 5745/131 5693/123
f 3006/138 3181/121 3180/125
f 535/119 3181/121 3006/138
f 1518/1 3675/2 3519/3
f 3126/4 2766/5 2974/6
f 5681/7 3126/4 2974/6
f 4840/8 5695/9 5681/7
f 4927/10 5730/11 5695/9
f 1518/1 522/12 3128/13
f 5682/14 3128/13 3127/15
f 3128/13 5682/14 3675/2
f 3128/13 522/12 3127/15
f 521/16 3127/15 522/12
f 419/17 467/18 429/19
f 5682/14 3127/15 5681/7
f 5169/20 3129/21 3519/3
f 1376/22 3519/3 3129/21
f 5270/23 3675/2 5682/14
f 5244/24 3519/3 3675/2
f 1001/25 2974/6 466/26
f 480/27 466/26 2974/6
f 513/28 480/27 2974/6
f 521/16 513/28 2974/6
f 2766/5 521/16 2974/6
f 1132/5801 1076/5802 1075/5803
f 1075/5803 1131/5804 1132/5801
f 3323/6179 2578/6180 2972/6181
f 1272/5805 1213/5806 1212/5807
f 2766/5 3126/4 3127/15
f 521/16 2766/5 3127/15
f 1212/5807 1271/5808 1272/5805
f 1134/5809 1078/5810 1077/5811
f 1077/5811 1133/5812 1134/5809
f 1130/5813 1074/5814 1073/5815
f 1073/5815 1129/5816 1130/5813
f 1208/5817 1267/5818 1268/5819
f 1268/5819 1209/5820 1208/5817
f 1210/5821 1269/5822 1270/5823
f 1270/5823 1211/5824 1210/5821
f 1605/29 1789/30 419/17
f 907/31 2451/32 1001/25
f 5782/33 5822/34 5773/35
f 4886/36 4619/37 4618/38
f 4886/36 4565/39 4619/37
f 5398/40 5553/41 5554/42
f 5554/42 5399/43 5398/40
f 4565/39 4886/36 4426/44
f 2330/6187 2037/6189 2108/6191
f 1789/30 2079/45 419/17
f 907/31 419/17 2079/45
f 4618/38 4885/46 4886/36
f 450/47 1605/29 419/17
f 1344/48 1026/49 675/50
f 52/51 24/52 450/47
f 24/52 449/53 450/47
f 5228/54 3448/55 3888/56
f 4930/57 5746/58 5730/11
f 5120/59 5822/34 5746/58
f 5695/9 5730/11 5731/60
f 5788/61 5747/62 5822/34
f 5120/59 2974/6 3448/55
f 480/27 513/28 514/63
f 1043/64 429/19 467/18
f 5731/60 5696/65 5695/9
f 514/63 481/66 480/27
f 3672/6184 3615/6188 3944/6190
f 1605/29 676/67 1479/68
f 5327/69 3888/56 4214/70
f 5822/34 4426/44 4886/36
f 5822/34 4214/70 4426/44
f 3672/6184 3290/6186 3615/6188
f 5399/43 5554/42 5822/34
f 4886/36 5399/43 5822/34
f 5554/42 5773/35 5822/34
f 5782/33 5772/71 5847/72
f 1026/49 1027/73 676/67
f 450/47 676/67 1605/29
f 1432/74 1479/68 676/67
f 1027/73 1432/74 676/67
f 1432/74 1344/48 1431/75
f 2262/6183 2972/6181 2578/6180
f 3944/6190 3854/6192 4131/6194
f 2330/6187 2615/6185 2262/6183
f 1027/73 1345/76 1432/74
f 675/50 1026/49 676/67
f 1432/74 1345/76 1344/48
f 2578/6180 3323/6179 2973/6182
f 4173/6202 4285/6204 4248/6198
f 1840/6203 1741/6201 1839/6205
f 675/50 1431/75 1344/48
f 1741/6201 1840/6203 1873/6199
f 2972/6181 2262/6183 2615/6185
f 2037/6189 2330/6187 2262/6183
f 1872/6193 2108/6191 2037/6189
f 1741/6201 1873/6199 1765/6197
f 1765/6197 1958/6195 1872/6193
f 2108/6191 1872/6193 1958/6195
f 1958/6195 1765/6197 1873/6199
f 4131/6194 4032/6196 4248/6198
f 3290/6186 3672/6184 2972/6181
f 4126/6200 4248/6198 4032/6196
f 4172/6206 1839/6205 1740/6207
f 1740/6207 1839/6205 1741/6201
f 3323/6179 2972/6181 3672/6184
f 4032/6196 4131/6194 3854/6192
f 3854/6192 3944/6190 3615/6188
f 4248/6198 4126/6200 4173/6202
f 4285/6204 4173/6202 4172/6206
f 1740/6207 4284/6208 4172/6206
f 4285/6204 4172/6206 4284/6208
f 3126/4 5681/7 3127/15
f 419/17 466/26 467/18
f 1376/22 467/18 522/12
f 5682/14 5747/62 5788/61
f 5746/58 5822/34 5747/62
f 529 530 536
f 521 522 528
f 173/236 172/237 205/238
f 536 535 534
f 536 534 533
f 536 533 532
f 162/239 161/240 263/241
f 536 532 531
f 536 531 529
f 528 527 526
f 528 526 525
f 528 525 524
f 528 524 523
f 528 523 521
f 477 473 476
f 472 474 473
f 471 467 470
f 475 473 474
f 476 473 475
f 469 467 468
f 470 467 469
f 466 468 467
f 528 471 470
f 5751 5687 5686
f 5729 5750 5751
f 5704 5729 5751
f 5703 5704 5751
f 5694 5703 5751
f 5686 5694 5751
f 496 527 528
f 470 496 528
f 5693 5689 5692
f 5687 5682 5686
f 5681 5683 5682
f 5688 5690 5689
f 5691 5689 5690
f 5692 5689 5691
f 5684 5682 5683
f 5685 5682 5684
f 5686 5682 5685
f 5746 5747 5751
f 5751 5750 5749
f 5751 5749 5748
f 5751 5748 5746
f 5745 5741 5689
f 5689 5693 5745
f 536 530 473
f 473 477 536
f 528 522 467
f 467 471 528
f 5751 5747 5682
f 5682 5687 5751
f 535 519 534
f 533 517 532
f 5730 5746 5732
f 525 482 515
f 526 482 525
f 466 480 468
f 534 519 533
f 517 533 519
f 5701 5692 5699
f 529 484 497
f 531 484 529
f 161/240 162/239 99/242
f 472 484 474
f 472 497 484
f 474 484 475
f 486 475 484
f 5749 5729 5732
f 5750 5729 5749
f 496 470 482
f 5734 5742 5736
f 482 469 480
f 5697 5694 5695
f 5703 5694 5697
f 5697 5729 5704
f 5697 5732 5729
f 5690 5699 5691
f 5691 5699 5692
f 5688 5699 5690
f 5688 5707 5699
f 5681 5695 5683
f 5685 5694 5686
f 5685 5695 5694
f 5684 5695 5685
f 5683 5695 5684
f 5734 5699 5707
f 475 486 476
f 482 526 496
f 468 480 469
f 469 482 470
f 524 515 523
f 513 523 515
f 525 515 524
f 523 513 521
f 527 496 526
f 532 517 531
f 172/237 173/236 104/243
f 484 531 517
f 5742 5734 5740
f 5743 5736 5742
f 5697 5704 5703
f 5744 5736 5743
f 5748 5732 5746
f 5749 5732 5748
f 5707 5740 5734
f 5741 5740 5689
f 530 529 473
f 5707 5689 5740
f 5688 5689 5707
f 497 473 529
f 472 473 497
f 5740 5741 5745
f 5745 5744 5743
f 5745 5743 5742
f 5745 5742 5740
f 3606/909 3806/910 3605/911
f 3806/910 3606/909 3807/912
f 3807/912 4010/913 3806/910
f 4010/913 3807/912 4011/914
f 4011/914 4181/915 4010/913
f 4181/915 4011/914 4182/916
f 4182/916 4336/917 4181/915
f 4336/917 4182/916 4337/918
f 4337/918 4492/919 4336/917
f 4492/919 4337/918 4493/920
f 4493/920 4641/921 4492/919
f 4641/921 4493/920 4642/922
f 4642/922 4754/923 4641/921
f 4754/923 4642/922 4757/924
f 4757/924 4868/925 4754/923
f 4868/925 4757/924 4869/926
f 4869/926 4976/927 4868/925
f 4976/927 4869/926 4977/928
f 4977/928 5076/929 4976/927
f 5076/929 4977/928 5077/930
f 5077/930 5172/931 5076/929
f 5172/931 5077/930 5173/932
f 5173/932 5248/933 5172/931
f 5248/933 5173/932 5249/934
f 5249/934 5323/935 5248/933
f 5323/935 5249/934 5324/936
f 5324/936 5386/937 5323/935
f 5386/937 5324/936 5388/938
f 5388/938 5447/939 5386/937
f 5447/939 5388/938 5448/940
f 5448/940 5500/941 5447/939
f 5500/941 5448/940 5501/942
f 5501/942 5547/943 5500/941
f 5547/943 5501/942 5548/944
f 5548/944 5590/945 5547/943
f 5590/945 5548/944 5591/946
f 5628/947 5590/945 5591/946
f 5590/945 5628/947 5627/948
f 5654/949 5628/947 5655/950
f 5628/947 5654/949 5627/948
f 5679/951 5655/950 5680/952
f 5655/950 5679/951 5654/949
f 5719/953 5680/952 5720/954
f 5680/952 5719/953 5679/951
f 3605/911 3800/955 3603/956
f 3800/955 3605/911 3806/910
f 3806/910 4008/957 3800/955
f 4008/957 3806/910 4010/913
f 4010/913 4177/958 4008/957
f 4177/958 4010/913 4181/915
f 4181/915 4334/959 4177/958
f 4334/959 4181/915 4336/917
f 4336/917 4490/960 4334/959
f 4490/960 4336/917 4492/919
f 4492/919 4635/961 4490/960
f 4635/961 4492/919 4641/921
f 4641/921 4744/962 4635/961
f 4744/962 4641/921 4754/923
f 4754/923 4862/963 4744/962
f 4862/963 4754/923 4868/925
f 4868/925 4974/964 4862/963
f 4974/964 4868/925 4976/927
f 4976/927 5070/965 4974/964
f 5070/965 4976/927 5076/929
f 5076/929 5168/966 5070/965
f 5168/966 5076/929 5172/931
f 5172/931 5246/967 5168/966
f 5246/967 5172/931 5248/933
f 5248/933 5319/968 5246/967
f 5319/968 5248/933 5323/935
f 5323/935 5384/969 5319/968
f 5384/969 5323/935 5386/937
f 5386/937 5445/970 5384/969
f 5445/970 5386/937 5447/939
f 5447/939 5496/971 5445/970
f 5496/971 5447/939 5500/941
f 5500/941 5543/972 5496/971
f 5543/972 5500/941 5547/943
f 5547/943 5588/973 5543/972
f 5588/973 5547/943 5590/945
f 5627/948 5588/973 5590/945
f 5588/973 5627/948 5625/974
f 5654/949 5625/974 5627/948
f 5625/974 5654/949 5652/975
f 5679/951 5652/975 5654/949
f 5652/975 5679/951 5677/976
f 5719/953 5677/976 5679/951
f 5677/976 5719/953 5717/977
f 3603/956 3798/978 3601/979
f 3798/978 3603/956 3800/955
f 3800/955 4006/980 3798/978
f 4006/980 3800/955 4008/957
f 4008/957 4167/981 4006/980
f 4167/981 4008/957 4177/958
f 4177/958 4332/982 4167/981
f 4332/982 4177/958 4334/959
f 4334/959 4482/983 4332/982
f 4482/983 4334/959 4490/960
f 4490/960 4633/984 4482/983
f 4633/984 4490/960 4635/961
f 4635/961 4740/985 4633/984
f 4740/985 4635/961 4744/962
f 4744/962 4858/986 4740/985
f 4858/986 4744/962 4862/963
f 4862/963 4970/987 4858/986
f 4970/987 4862/963 4974/964
f 4974/964 5068/988 4970/987
f 5068/988 4974/964 5070/965
f 5070/965 5162/989 5068/988
f 5162/989 5070/965 5168/966
f 5168/966 5241/990 5162/989
f 5241/990 5168/966 5246/967
f 5246/967 5314/991 5241/990
f 5314/991 5246/967 5319/968
f 5319/968 5380/992 5314/991
f 5380/992 5319/968 5384/969
f 5384/969 5441/993 5380/992
f 5441/993 5384/969 5445/970
f 5445/970 5494/994 5441/993
f 5494/994 5445/970 5496/971
f 5496/971 5539/995 5494/994
f 5539/995 5496/971 5543/972
f 5543/972 5584/996 5539/995
f 5584/996 5543/972 5588/973
f 5625/974 5584/996 5588/973
f 5584/996 5625/974 5621/997
f 5652/975 5621/997 5625/974
f 5621/997 5652/975 5650/998
f 5677/976 5650/998 5652/975
f 5650/998 5677/976 5673/999
f 5717/977 5673/999 5677/976
f 5673/999 5717/977 5715/1000
f 3601/979 3793/1001 3599/1002
f 3793/1001 3601/979 3798/978
f 3798/978 4002/1003 3793/1001
f 4002/1003 3798/978 4006/980
f 4006/980 4165/1004 4002/1003
f 4165/1004 4006/980 4167/981
f 4167/981 4328/1005 4165/1004
f 4328/1005 4167/981 4332/982
f 4332/982 4478/1006 4328/1005
f 4478/1006 4332/982 4482/983
f 4482/983 4629/1007 4478/1006
f 4629/1007 4482/983 4633/984
f 4633/984 4738/1008 4629/1007
f 4738/1008 4633/984 4740/985
f 4740/985 4852/1009 4738/1008
f 4852/1009 4740/985 4858/986
f 4858/986 4958/1010 4852/1009
f 4958/1010 4858/986 4970/987
f 4970/987 5060/1011 4958/1010
f 5060/1011 4970/987 5068/988
f 5068/988 5152/1012 5060/1011
f 5152/1012 5068/988 5162/989
f 5162/989 5234/1013 5152/1012
f 5234/1013 5162/989 5241/990
f 5241/990 5308/1014 5234/1013
f 5308/1014 5241/990 5314/991
f 5314/991 5374/1015 5308/1014
f 5374/1015 5314/991 5380/992
f 5380/992 5435/1016 5374/1015
f 5435/1016 5380/992 5441/993
f 5441/993 5490/1017 5435/1016
f 5490/1017 5441/993 5494/994
f 5494/994 5535/1018 5490/1017
f 5535/1018 5494/994 5539/995
f 5539/995 5582/1019 5535/1018
f 5582/1019 5539/995 5584/996
f 5621/997 5582/1019 5584/996
f 5582/1019 5621/997 5615/1020
f 5650/998 5615/1020 5621/997
f 5615/1020 5650/998 5648/1021
f 5673/999 5648/1021 5650/998
f 5648/1021 5673/999 5671/1022
f 5715/1000 5671/1022 5673/999
f 5671/1022 5715/1000 5713/1023
f 3599/1002 3789/1024 3592/1025
f 3789/1024 3599/1002 3793/1001
f 3793/1001 3998/1026 3789/1024
f 3998/1026 3793/1001 4002/1003
f 4002/1003 4158/1027 3998/1026
f 4158/1027 4002/1003 4165/1004
f 4165/1004 4323/1028 4158/1027
f 4323/1028 4165/1004 4328/1005
f 4328/1005 4476/1029 4323/1028
f 4476/1029 4328/1005 4478/1006
f 4478/1006 4625/1030 4476/1029
f 4625/1030 4478/1006 4629/1007
f 4629/1007 4736/1031 4625/1030
f 4736/1031 4629/1007 4738/1008
f 4738/1008 4844/1032 4736/1031
f 4844/1032 4738/1008 4852/1009
f 4852/1009 4954/1033 4844/1032
f 4954/1033 4852/1009 4958/1010
f 4958/1010 5050/1034 4954/1033
f 5050/1034 4958/1010 5060/1011
f 5060/1011 5148/1035 5050/1034
f 5148/1035 5060/1011 5152/1012
f 5152/1012 5227/1036 5148/1035
f 5227/1036 5152/1012 5234/1013
f 5234/1013 5303/1037 5227/1036
f 5303/1037 5234/1013 5308/1014
f 5308/1014 5369/1038 5303/1037
f 5369/1038 5308/1014 5374/1015
f 5374/1015 5433/1039 5369/1038
f 5433/1039 5374/1015 5435/1016
f 5435/1016 5484/1040 5433/1039
f 5484/1040 5435/1016 5490/1017
f 5490/1017 5531/1041 5484/1040
f 5531/1041 5490/1017 5535/1018
f 5535/1018 5576/1042 5531/1041
f 5576/1042 5535/1018 5582/1019
f 5615/1020 5576/1042 5582/1019
f 5576/1042 5615/1020 5613/1043
f 5648/1021 5613/1043 5615/1020
f 5613/1043 5648/1021 5642/1044
f 5671/1022 5642/1044 5648/1021
f 5642/1044 5671/1022 5667/1045
f 5713/1023 5667/1045 5671/1022
f 5667/1045 5713/1023 5711/1046
f 3592/1025 3785/1047 3589/1048
f 3785/1047 3592/1025 3789/1024
f 3789/1024 3978/1049 3785/1047
f 3978/1049 3789/1024 3998/1026
f 3998/1026 4150/1050 3978/1049
f 4150/1050 3998/1026 4158/1027
f 4158/1027 4319/1051 4150/1050
f 4319/1051 4158/1027 4323/1028
f 4323/1028 4461/1052 4319/1051
f 4461/1052 4323/1028 4476/1029
f 4476/1029 4623/1053 4461/1052
f 4623/1053 4476/1029 4625/1030
f 4625/1030 4726/1054 4623/1053
f 4726/1054 4625/1030 4736/1031
f 4736/1031 4837/1055 4726/1054
f 4837/1055 4736/1031 4844/1032
f 4844/1032 4944/1056 4837/1055
f 4944/1056 4844/1032 4954/1033
f 4954/1033 5044/1057 4944/1056
f 5044/1057 4954/1033 5050/1034
f 5050/1034 5142/1058 5044/1057
f 5142/1058 5050/1034 5148/1035
f 5148/1035 5219/1059 5142/1058
f 5219/1059 5148/1035 5227/1036
f 5227/1036 5297/1060 5219/1059
f 5297/1060 5227/1036 5303/1037
f 5303/1037 5364/1061 5297/1060
f 5364/1061 5303/1037 5369/1038
f 5369/1038 5427/1062 5364/1061
f 5427/1062 5369/1038 5433/1039
f 5433/1039 5476/1063 5427/1062
f 5476/1063 5433/1039 5484/1040
f 5484/1040 5527/1064 5476/1063
f 5527/1064 5484/1040 5531/1041
f 5531/1041 5570/1065 5527/1064
f 5570/1065 5531/1041 5576/1042
f 5613/1043 5570/1065 5576/1042
f 5570/1065 5613/1043 5609/1066
f 5642/1044 5609/1066 5613/1043
f 5609/1066 5642/1044 5638/1067
f 5667/1045 5638/1067 5642/1044
f 5638/1067 5667/1045 5665/1068
f 5711/1046 5665/1068 5667/1045
f 5665/1068 5711/1046 5709/1069
f 3589/1048 3780/1070 3584/1071
f 3780/1070 3589/1048 3785/1047
f 3785/1047 3976/1072 3780/1070
f 3976/1072 3785/1047 3978/1049
f 3978/1049 4148/1073 3976/1072
f 4148/1073 3978/1049 4150/1050
f 4150/1050 4311/1074 4148/1073
f 4311/1074 4150/1050 4319/1051
f 4319/1051 4453/1075 4311/1074
f 4453/1075 4319/1051 4461/1052
f 4461/1052 4609/1076 4453/1075
f 4609/1076 4461/1052 4623/1053
f 4623/1053 4722/1077 4609/1076
f 4722/1077 4623/1053 4726/1054
f 4726/1054 4829/1078 4722/1077
f 4829/1078 4726/1054 4837/1055
f 4837/1055 4938/1079 4829/1078
f 4938/1079 4837/1055 4944/1056
f 4944/1056 5038/1080 4938/1079
f 5038/1080 4944/1056 5044/1057
f 5044/1057 5132/1081 5038/1080
f 5132/1081 5044/1057 5142/1058
f 5142/1058 5213/1082 5132/1081
f 5213/1082 5142/1058 5219/1059
f 5219/1059 5291/1083 5213/1082
f 5291/1083 5219/1059 5297/1060
f 5297/1060 5360/1084 5291/1083
f 5360/1084 5297/1060 5364/1061
f 5364/1061 5417/1085 5360/1084
f 5417/1085 5364/1061 5427/1062
f 5427/1062 5472/1086 5417/1085
f 5472/1086 5427/1062 5476/1063
f 5476/1063 5517/1087 5472/1086
f 5517/1087 5476/1063 5527/1064
f 5527/1064 5566/1088 5517/1087
f 5566/1088 5527/1064 5570/1065
f 5609/1066 5566/1088 5570/1065
f 5566/1088 5609/1066 5603/1089
f 5638/1067 5603/1089 5609/1066
f 5603/1089 5638/1067 5634/1090
f 5665/1068 5634/1090 5638/1067
f 5634/1090 5665/1068 5661/1091
f 5709/1069 5661/1091 5665/1068
f 5661/1091 5709/1069 5706/1092
f 3584/1071 3771/1093 3579/1094
f 3771/1093 3584/1071 3780/1070
f 3780/1070 3968/1095 3771/1093
f 3968/1095 3780/1070 3976/1072
f 3976/1072 4137/1096 3968/1095
f 4137/1096 3976/1072 4148/1073
f 4148/1073 4304/1097 4137/1096
f 4304/1097 4148/1073 4311/1074
f 4311/1074 4449/1098 4304/1097
f 4449/1098 4311/1074 4453/1075
f 4453/1075 4595/1099 4449/1098
f 4595/1099 4453/1075 4609/1076
f 4609/1076 4718/1100 4595/1099
f 4718/1100 4609/1076 4722/1077
f 4722/1077 4825/1101 4718/1100
f 4825/1101 4722/1077 4829/1078
f 4829/1078 4934/1102 4825/1101
f 4934/1102 4829/1078 4938/1079
f 4938/1079 5024/1103 4934/1102
f 5024/1103 4938/1079 5038/1080
f 5038/1080 5124/1104 5024/1103
f 5124/1104 5038/1080 5132/1081
f 5132/1081 5208/1105 5124/1104
f 5208/1105 5132/1081 5213/1082
f 5213/1082 5285/1106 5208/1105
f 5285/1106 5213/1082 5291/1083
f 5291/1083 5347/1107 5285/1106
f 5347/1107 5291/1083 5360/1084
f 5360/1084 5411/1108 5347/1107
f 5411/1108 5360/1084 5417/1085
f 5417/1085 5462/1109 5411/1108
f 5462/1109 5417/1085 5472/1086
f 5472/1086 5513/1110 5462/1109
f 5513/1110 5472/1086 5517/1087
f 5517/1087 5560/1111 5513/1110
f 5560/1111 5517/1087 5566/1088
f 5603/1089 5560/1111 5566/1088
f 5560/1111 5603/1089 5599/1112
f 5634/1090 5599/1112 5603/1089
f 5599/1112 5634/1090 5630/1113
f 5661/1091 5630/1113 5634/1090
f 5630/1113 5661/1091 5657/1114
f 5706/1092 5657/1114 5661/1091
f 5657/1114 5706/1092 5675/1115
f 3579/1094 3766/1116 3571/1117
f 3766/1116 3579/1094 3771/1093
f 3771/1093 3962/1118 3766/1116
f 3962/1118 3771/1093 3968/1095
f 3968/1095 4129/1119 3962/1118
f 4129/1119 3968/1095 4137/1096
f 4137/1096 4294/1120 4129/1119
f 4294/1120 4137/1096 4304/1097
f 4304/1097 4436/1121 4294/1120
f 4436/1121 4304/1097 4449/1098
f 4449/1098 4583/1122 4436/1121
f 4583/1122 4449/1098 4595/1099
f 4595/1099 4708/1123 4583/1122
f 4708/1123 4595/1099 4718/1100
f 4718/1100 4817/1124 4708/1123
f 4817/1124 4718/1100 4825/1101
f 4825/1101 4918/1125 4817/1124
f 4918/1125 4825/1101 4934/1102
f 4934/1102 5018/1126 4918/1125
f 5018/1126 4934/1102 5024/1103
f 5024/1103 5116/1127 5018/1126
f 5116/1127 5024/1103 5124/1104
f 5124/1104 5197/1128 5116/1127
f 5197/1128 5124/1104 5208/1105
f 5208/1105 5269/1129 5197/1128
f 5269/1129 5208/1105 5285/1106
f 5285/1106 5339/1130 5269/1129
f 5339/1130 5285/1106 5347/1107
f 5347/1107 5403/1131 5339/1130
f 5403/1131 5347/1107 5411/1108
f 5411/1108 5458/1132 5403/1131
f 5458/1132 5411/1108 5462/1109
f 5462/1109 5505/1133 5458/1132
f 5505/1133 5462/1109 5513/1110
f 5513/1110 5550/1134 5505/1133
f 5550/1134 5513/1110 5560/1111
f 5560/1111 5586/1135 5550/1134
f 5586/1135 5560/1111 5599/1112
f 5630/1113 5586/1135 5599/1112
f 5586/1135 5630/1113 5617/1136
f 5657/1114 5617/1136 5630/1113
f 5617/1136 5657/1114 5646/1137
f 5675/1115 5646/1137 5657/1114
f 5646/1137 5675/1115 5669/1138
f 3571/1117 3762/1139 3567/1140
f 3762/1139 3571/1117 3766/1116
f 3766/1116 3956/1141 3762/1139
f 3956/1141 3766/1116 3962/1118
f 3962/1118 4120/1142 3956/1141
f 4120/1142 3962/1118 4129/1119
f 4129/1119 4287/1143 4120/1142
f 4287/1143 4129/1119 4294/1120
f 4294/1120 4430/1144 4287/1143
f 4430/1144 4294/1120 4436/1121
f 4436/1121 4571/1145 4430/1144
f 4571/1145 4436/1121 4583/1122
f 4583/1122 4694/1146 4571/1145
f 4694/1146 4583/1122 4708/1123
f 4708/1123 4799/1147 4694/1146
f 4799/1147 4708/1123 4817/1124
f 4817/1124 4910/1148 4799/1147
f 4910/1148 4817/1124 4918/1125
f 4918/1125 5004/1149 4910/1148
f 5004/1149 4918/1125 5018/1126
f 5018/1126 5101/1150 5004/1149
f 5101/1150 5018/1126 5116/1127
f 5116/1127 5187/1151 5101/1150
f 5187/1151 5116/1127 5197/1128
f 5197/1128 5261/1152 5187/1151
f 5261/1152 5197/1128 5269/1129
f 5269/1129 5331/1153 5261/1152
f 5331/1153 5269/1129 5339/1130
f 5339/1130 5391/1154 5331/1153
f 5391/1154 5339/1130 5403/1131
f 5403/1131 5443/1155 5391/1154
f 5443/1155 5403/1131 5458/1132
f 5458/1132 5492/1156 5443/1155
f 5492/1156 5458/1132 5505/1133
f 5505/1133 5533/1157 5492/1156
f 5533/1157 5505/1133 5550/1134
f 5550/1134 5578/1158 5533/1157
f 5578/1158 5550/1134 5586/1135
f 5617/1136 5578/1158 5586/1135
f 5578/1158 5617/1136 5611/1159
f 5646/1137 5611/1159 5617/1136
f 5611/1159 5646/1137 5640/1160
f 5669/1138 5640/1160 5646/1137
f 5640/1160 5669/1138 5663/1161
f 3567/1140 3756/1162 3562/1163
f 3756/1162 3567/1140 3762/1139
f 3762/1139 3946/1164 3756/1162
f 3946/1164 3762/1139 3956/1141
f 3956/1141 4114/1165 3946/1164
f 4114/1165 3956/1141 4120/1142
f 4120/1142 4271/1166 4114/1165
f 4271/1166 4120/1142 4287/1143
f 4287/1143 4416/1167 4271/1166
f 4416/1167 4287/1143 4430/1144
f 4430/1144 4560/1168 4416/1167
f 4560/1168 4430/1144 4571/1145
f 4571/1145 4688/1169 4560/1168
f 4688/1169 4571/1145 4694/1146
f 4694/1146 4790/1170 4688/1169
f 4790/1170 4694/1146 4799/1147
f 4799/1147 4898/1171 4790/1170
f 4898/1171 4799/1147 4910/1148
f 4910/1148 4990/1172 4898/1171
f 4990/1172 4910/1148 5004/1149
f 5004/1149 5091/1173 4990/1172
f 5091/1173 5004/1149 5101/1150
f 5101/1150 5177/1174 5091/1173
f 5177/1174 5101/1150 5187/1151
f 5187/1151 5251/1175 5177/1174
f 5251/1175 5187/1151 5261/1152
f 5261/1152 5315/1176 5251/1175
f 5315/1176 5261/1152 5331/1153
f 5331/1153 5372/1177 5315/1176
f 5372/1177 5331/1153 5391/1154
f 5391/1154 5431/1178 5372/1177
f 5431/1178 5391/1154 5443/1155
f 5443/1155 5478/1179 5431/1178
f 5478/1179 5443/1155 5492/1156
f 5492/1156 5523/1180 5478/1179
f 5523/1180 5492/1156 5533/1157
f 5533/1157 5568/1181 5523/1180
f 5568/1181 5533/1157 5578/1158
f 5611/1159 5568/1181 5578/1158
f 5568/1181 5611/1159 5601/1182
f 5640/1160 5601/1182 5611/1159
f 5601/1182 5640/1160 5632/1183
f 5663/1161 5632/1183 5640/1160
f 5632/1183 5663/1161 5659/1184
f 3562/1163 3750/1185 3559/1186
f 3750/1185 3562/1163 3756/1162
f 3756/1162 3934/1187 3750/1185
f 3934/1187 3756/1162 3946/1164
f 3946/1164 4103/1188 3934/1187
f 4103/1188 3946/1164 4114/1165
f 4114/1165 4260/1189 4103/1188
f 4260/1189 4114/1165 4271/1166
f 4271/1166 4405/1190 4260/1189
f 4405/1190 4271/1166 4416/1167
f 4416/1167 4548/1191 4405/1190
f 4548/1191 4416/1167 4560/1168
f 4560/1168 4676/1192 4548/1191
f 4676/1192 4560/1168 4688/1169
f 4688/1169 4780/1193 4676/1192
f 4780/1193 4688/1169 4790/1170
f 4790/1170 4882/1194 4780/1193
f 4882/1194 4790/1170 4898/1171
f 4898/1171 4984/1195 4882/1194
f 4984/1195 4898/1171 4990/1172
f 4990/1172 5079/1196 4984/1195
f 5079/1196 4990/1172 5091/1173
f 5091/1173 5156/1197 5079/1196
f 5156/1197 5091/1173 5177/1174
f 5177/1174 5232/1198 5156/1197
f 5232/1198 5177/1174 5251/1175
f 5251/1175 5299/1199 5232/1198
f 5299/1199 5251/1175 5315/1176
f 5315/1176 5362/1200 5299/1199
f 5362/1200 5315/1176 5372/1177
f 5372/1177 5415/1201 5362/1200
f 5415/1201 5372/1177 5431/1178
f 5431/1178 5468/1202 5415/1201
f 5468/1202 5431/1178 5478/1179
f 5478/1179 5515/1203 5468/1202
f 5515/1203 5478/1179 5523/1180
f 5523/1180 5556/1204 5515/1203
f 5556/1204 5523/1180 5568/1181
f 5601/1182 5556/1204 5568/1181
f 5556/1204 5601/1182 5593/1205
f 5632/1183 5593/1205 5601/1182
f 5593/1205 5632/1183 5619/1206
f 5659/1184 5619/1206 5632/1183
f 5619/1206 5659/1184 5644/1207
f 3559/1186 3747/1208 3553/1209
f 3747/1208 3559/1186 3750/1185
f 3750/1185 3932/1210 3747/1208
f 3932/1210 3750/1185 3934/1187
f 3934/1187 4092/1211 3932/1210
f 4092/1211 3934/1187 4103/1188
f 4103/1188 4252/1212 4092/1211
f 4252/1212 4103/1188 4260/1189
f 4260/1189 4389/1213 4252/1212
f 4389/1213 4260/1189 4405/1190
f 4405/1190 4537/1214 4389/1213
f 4537/1214 4405/1190 4548/1191
f 4548/1191 4668/1215 4537/1214
f 4668/1215 4548/1191 4676/1192
f 4676/1192 4770/1216 4668/1215
f 4770/1216 4676/1192 4780/1193
f 4780/1193 4873/1217 4770/1216
f 4873/1217 4780/1193 4882/1194
f 4882/1194 4968/1218 4873/1217
f 4968/1218 4882/1194 4984/1195
f 4984/1195 5052/1219 4968/1218
f 5052/1219 4984/1195 5079/1196
f 5079/1196 5140/1220 5052/1219
f 5140/1220 5079/1196 5156/1197
f 5156/1197 5215/1221 5140/1220
f 5215/1221 5156/1197 5232/1198
f 5232/1198 5289/1222 5215/1221
f 5289/1222 5232/1198 5299/1199
f 5299/1199 5343/1223 5289/1222
f 5343/1223 5299/1199 5362/1200
f 5362/1200 5407/1224 5343/1223
f 5407/1224 5362/1200 5415/1201
f 5415/1201 5456/1225 5407/1224
f 5456/1225 5415/1201 5468/1202
f 5468/1202 5498/1226 5456/1225
f 5498/1226 5468/1202 5515/1203
f 5515/1203 5537/1227 5498/1226
f 5537/1227 5515/1203 5556/1204
f 5593/1205 5537/1227 5556/1204
f 5537/1227 5593/1205 5574/1228
f 5619/1206 5574/1228 5593/1205
f 5574/1228 5619/1206 5605/1229
f 5644/1207 5605/1229 5619/1206
f 5605/1229 5644/1207 5636/1230
f 3553/1209 3734/1231 3541/1232
f 3734/1231 3553/1209 3747/1208
f 3747/1208 3918/1233 3734/1231
f 3918/1233 3747/1208 3932/1210
f 3932/1210 4084/1234 3918/1233
f 4084/1234 3932/1210 4092/1211
f 4092/1211 4240/1235 4084/1234
f 4240/1235 4092/1211 4252/1212
f 4252/1212 4380/1236 4240/1235
f 4380/1236 4252/1212 4389/1213
f 4389/1213 4517/1237 4380/1236
f 4517/1237 4389/1213 4537/1214
f 4537/1214 4656/1238 4517/1237
f 4656/1238 4537/1214 4668/1215
f 4668/1215 4760/1239 4656/1238
f 4760/1239 4668/1215 4770/1216
f 4770/1216 4846/1240 4760/1239
f 4846/1240 4770/1216 4873/1217
f 4873/1217 4942/1241 4846/1240
f 4942/1241 4873/1217 4968/1218
f 4968/1218 5036/1242 4942/1241
f 5036/1242 4968/1218 5052/1219
f 5052/1219 5122/1243 5036/1242
f 5122/1243 5052/1219 5140/1220
f 5140/1220 5199/1244 5122/1243
f 5199/1244 5140/1220 5215/1221
f 5215/1221 5265/1245 5199/1244
f 5265/1245 5215/1221 5289/1222
f 5289/1222 5335/1246 5265/1245
f 5335/1246 5289/1222 5343/1223
f 5343/1223 5389/1247 5335/1246
f 5389/1247 5343/1223 5407/1224
f 5407/1224 5437/1248 5389/1247
f 5437/1248 5407/1224 5456/1225
f 5456/1225 5482/1249 5437/1248
f 5482/1249 5456/1225 5498/1226
f 5498/1226 5521/1250 5482/1249
f 5521/1250 5498/1226 5537/1227
f 5574/1228 5521/1250 5537/1227
f 5521/1250 5574/1228 5562/1251
f 5605/1229 5562/1251 5574/1228
f 5562/1251 5605/1229 5597/1252
f 5636/1230 5597/1252 5605/1229
f 5597/1252 5636/1230 5623/1253
f 3541/1232 3728/1254 3539/1255
f 3728/1254 3541/1232 3734/1231
f 3734/1231 3910/1256 3728/1254
f 3910/1256 3734/1231 3918/1233
f 3918/1233 4073/1257 3910/1256
f 4073/1257 3918/1233 4084/1234
f 4084/1234 4230/1258 4073/1257
f 4230/1258 4084/1234 4240/1235
f 4240/1235 4367/1259 4230/1258
f 4367/1259 4240/1235 4380/1236
f 4380/1236 4504/1260 4367/1259
f 4504/1260 4380/1236 4517/1237
f 4517/1237 4637/1261 4504/1260
f 4637/1261 4517/1237 4656/1238
f 4656/1238 4732/1262 4637/1261
f 4732/1262 4656/1238 4760/1239
f 4760/1239 4827/1263 4732/1262
f 4827/1263 4760/1239 4846/1240
f 4846/1240 4929/1264 4827/1263
f 4929/1264 4846/1240 4942/1241
f 4942/1241 5016/1265 4929/1264
f 5016/1265 4942/1241 5036/1242
f 5036/1242 5105/1266 5016/1265
f 5105/1266 5036/1242 5122/1243
f 5122/1243 5179/1267 5105/1266
f 5179/1267 5122/1243 5199/1244
f 5199/1244 5257/1268 5179/1267
f 5257/1268 5199/1244 5265/1245
f 5265/1245 5311/1269 5257/1268
f 5311/1269 5265/1245 5335/1246
f 5335/1246 5366/1270 5311/1269
f 5366/1270 5335/1246 5389/1247
f 5389/1247 5419/1271 5366/1270
f 5419/1271 5389/1247 5437/1248
f 5437/1248 5466/1272 5419/1271
f 5466/1272 5437/1248 5482/1249
f 5482/1249 5507/1273 5466/1272
f 5507/1273 5482/1249 5521/1250
f 5562/1251 5507/1273 5521/1250
f 5507/1273 5562/1251 5545/1274
f 5597/1252 5545/1274 5562/1251
f 5545/1274 5597/1252 5580/1275
f 5623/1253 5580/1275 5597/1252
f 5580/1275 5623/1253 5607/1276
f 3539/1255 3718/1277 3531/1278
f 3718/1277 3539/1255 3728/1254
f 3728/1254 3896/1279 3718/1277
f 3896/1279 3728/1254 3910/1256
f 3910/1256 4061/1280 3896/1279
f 4061/1280 3910/1256 4073/1257
f 4073/1257 4218/1281 4061/1280
f 4218/1281 4073/1257 4230/1258
f 4230/1258 4358/1282 4218/1281
f 4358/1282 4230/1258 4367/1259
f 4367/1259 4488/1283 4358/1282
f 4488/1283 4367/1259 4504/1260
f 4504/1260 4621/1284 4488/1283
f 4621/1284 4504/1260 4637/1261
f 4637/1261 4720/1285 4621/1284
f 4720/1285 4637/1261 4732/1262
f 4732/1262 4813/1286 4720/1285
f 4813/1286 4732/1262 4827/1263
f 4827/1263 4907/1287 4813/1286
f 4907/1287 4827/1263 4929/1264
f 4929/1264 4997/1288 4907/1287
f 4997/1288 4929/1264 5016/1265
f 5016/1265 5085/1289 4997/1288
f 5085/1289 5016/1265 5105/1266
f 5105/1266 5164/1290 5085/1289
f 5164/1290 5105/1266 5179/1267
f 5179/1267 5223/1291 5164/1290
f 5223/1291 5179/1267 5257/1268
f 5257/1268 5293/1292 5223/1291
f 5293/1292 5257/1268 5311/1269
f 5311/1269 5345/1293 5293/1292
f 5345/1293 5311/1269 5366/1270
f 5366/1270 5405/1294 5345/1293
f 5405/1294 5366/1270 5419/1271
f 5419/1271 5450/1295 5405/1294
f 5450/1295 5419/1271 5466/1272
f 5466/1272 5488/1296 5450/1295
f 5488/1296 5466/1272 5507/1273
f 5507/1273 5525/1297 5488/1296
f 5525/1297 5507/1273 5545/1274
f 5580/1275 5525/1297 5545/1274
f 5525/1297 5580/1275 5564/1298
f 5607/1276 5564/1298 5580/1275
f 5564/1298 5607/1276 5595/1299
f 3531/1278 3711/1300 3527/1301
f 3711/1300 3531/1278 3718/1277
f 3718/1277 3890/1302 3711/1300
f 3890/1302 3718/1277 3896/1279
f 3896/1279 4055/1303 3890/1302
f 4055/1303 3896/1279 4061/1280
f 4061/1280 4199/1304 4055/1303
f 4199/1304 4061/1280 4218/1281
f 4218/1281 4339/1305 4199/1304
f 4339/1305 4218/1281 4358/1282
f 4358/1282 4455/1306 4339/1305
f 4455/1306 4358/1282 4488/1283
f 4488/1283 4588/1307 4455/1306
f 4588/1307 4488/1283 4621/1284
f 4621/1284 4696/1308 4588/1307
f 4696/1308 4621/1284 4720/1285
f 4720/1285 4794/1309 4696/1308
f 4794/1309 4720/1285 4813/1286
f 4813/1286 4892/1310 4794/1309
f 4892/1310 4813/1286 4907/1287
f 4907/1287 4979/1311 4892/1310
f 4979/1311 4907/1287 4997/1288
f 4997/1288 5058/1312 4979/1311
f 5058/1312 4997/1288 5085/1289
f 5085/1289 5136/1313 5058/1312
f 5136/1313 5085/1289 5164/1290
f 5164/1290 5209/1314 5136/1313
f 5209/1314 5164/1290 5223/1291
f 5223/1291 5267/1315 5209/1314
f 5267/1315 5223/1291 5293/1292
f 5293/1292 5333/1316 5267/1315
f 5333/1316 5293/1292 5345/1293
f 5345/1293 5376/1317 5333/1316
f 5376/1317 5345/1293 5405/1294
f 5405/1294 5429/1318 5376/1317
f 5429/1318 5405/1294 5450/1295
f 5450/1295 5470/1319 5429/1318
f 5470/1319 5450/1295 5488/1296
f 5488/1296 5509/1320 5470/1319
f 5509/1320 5488/1296 5525/1297
f 5564/1298 5509/1320 5525/1297
f 5509/1320 5564/1298 5541/1321
f 5595/1299 5541/1321 5564/1298
f 5541/1321 5595/1299 5572/1322
f 3527/1301 3701/1323 3518/1324
f 3701/1323 3527/1301 3711/1300
f 3711/1300 3879/1325 3701/1323
f 3879/1325 3711/1300 3890/1302
f 3890/1302 4037/1326 3879/1325
f 4037/1326 3890/1302 4055/1303
f 4055/1303 4189/1327 4037/1326
f 4189/1327 4055/1303 4199/1304
f 4199/1304 4317/1328 4189/1327
f 4317/1328 4199/1304 4339/1305
f 4339/1305 4440/1329 4317/1328
f 4440/1329 4339/1305 4455/1306
f 4455/1306 4569/1330 4440/1329
f 4569/1330 4455/1306 4588/1307
f 4588/1307 4682/1331 4569/1330
f 4682/1331 4588/1307 4696/1308
f 4696/1308 4774/1332 4682/1331
f 4774/1332 4696/1308 4794/1309
f 4794/1309 4871/1333 4774/1332
f 4871/1333 4794/1309 4892/1310
f 4892/1310 4948/1334 4871/1333
f 4948/1334 4892/1310 4979/1311
f 4979/1311 5032/1335 4948/1334
f 5032/1335 4979/1311 5058/1312
f 5058/1312 5117/1336 5032/1335
f 5117/1336 5058/1312 5136/1313
f 5136/1313 5185/1337 5117/1336
f 5185/1337 5136/1313 5209/1314
f 5209/1314 5253/1338 5185/1337
f 5253/1338 5209/1314 5267/1315
f 5267/1315 5301/1339 5253/1338
f 5301/1339 5267/1315 5333/1316
f 5333/1316 5358/1340 5301/1339
f 5358/1340 5333/1316 5376/1317
f 5376/1317 5409/1341 5358/1340
f 5409/1341 5376/1317 5429/1318
f 5429/1318 5452/1342 5409/1341
f 5452/1342 5429/1318 5470/1319
f 5470/1319 5486/1343 5452/1342
f 5486/1343 5470/1319 5509/1320
f 5541/1321 5486/1343 5509/1320
f 5486/1343 5541/1321 5519/1344
f 5572/1322 5519/1344 5541/1321
f 5519/1344 5572/1322 5558/1345
f 3518/1324 3691/1346 3502/1347
f 3691/1346 3518/1324 3701/1323
f 3701/1323 3863/1348 3691/1346
f 3863/1348 3701/1323 3879/1325
f 3879/1325 4025/1349 3863/1348
f 4025/1349 3879/1325 4037/1326
f 4037/1326 4161/1350 4025/1349
f 4161/1350 4037/1326 4189/1327
f 4189/1327 4298/1351 4161/1350
f 4298/1351 4189/1327 4317/1328
f 4317/1328 4419/1352 4298/1351
f 4419/1352 4317/1328 4440/1329
f 4440/1329 4540/1353 4419/1352
f 4540/1353 4440/1329 4569/1330
f 4569/1330 4666/1354 4540/1353
f 4666/1354 4569/1330 4682/1331
f 4682/1331 4762/1355 4666/1354
f 4762/1355 4682/1331 4774/1332
f 4774/1332 4835/1356 4762/1355
f 4835/1356 4774/1332 4871/1333
f 4871/1333 4926/1357 4835/1356
f 4926/1357 4871/1333 4948/1334
f 4948/1334 5008/1358 4926/1357
f 5008/1358 4948/1334 5032/1335
f 5032/1335 5089/1359 5008/1358
f 5089/1359 5032/1335 5117/1336
f 5117/1336 5160/1360 5089/1359
f 5160/1360 5117/1336 5185/1337
f 5185/1337 5217/1361 5160/1360
f 5217/1361 5185/1337 5253/1338
f 5253/1338 5280/1362 5217/1361
f 5280/1362 5253/1338 5301/1339
f 5301/1339 5337/1363 5280/1362
f 5337/1363 5301/1339 5358/1340
f 5358/1340 5378/1364 5337/1363
f 5378/1364 5358/1340 5409/1341
f 5409/1341 5425/1365 5378/1364
f 5425/1365 5409/1341 5452/1342
f 5452/1342 5464/1366 5425/1365
f 5464/1366 5452/1342 5486/1343
f 5519/1344 5464/1366 5486/1343
f 5464/1366 5519/1344 5503/1367
f 5558/1345 5503/1367 5519/1344
f 5503/1367 5558/1345 5529/1368
f 3502/1347 3677/1369 3498/1370
f 3677/1369 3502/1347 3691/1346
f 3691/1346 3844/1371 3677/1369
f 3844/1371 3691/1346 3863/1348
f 3863/1348 4017/1372 3844/1371
f 4017/1372 3863/1348 4025/1349
f 4025/1349 4135/1373 4017/1372
f 4135/1373 4025/1349 4161/1350
f 4161/1350 4272/1374 4135/1373
f 4272/1374 4161/1350 4298/1351
f 4298/1351 4393/1375 4272/1374
f 4393/1375 4298/1351 4419/1352
f 4419/1352 4520/1376 4393/1375
f 4520/1376 4419/1352 4540/1353
f 4540/1353 4644/1377 4520/1376
f 4644/1377 4540/1353 4666/1354
f 4666/1354 4724/1378 4644/1377
f 4724/1378 4666/1354 4762/1355
f 4762/1355 4815/1379 4724/1378
f 4815/1379 4762/1355 4835/1356
f 4835/1356 4904/1380 4815/1379
f 4904/1380 4835/1356 4926/1357
f 4926/1357 4986/1381 4904/1380
f 4986/1381 4926/1357 5008/1358
f 5008/1358 5056/1382 4986/1381
f 5056/1382 5008/1358 5089/1359
f 5089/1359 5128/1383 5056/1382
f 5128/1383 5089/1359 5160/1360
f 5160/1360 5193/1384 5128/1383
f 5193/1384 5160/1360 5217/1361
f 5217/1361 5259/1385 5193/1384
f 5259/1385 5217/1361 5280/1362
f 5280/1362 5305/1386 5259/1385
f 5305/1386 5280/1362 5337/1363
f 5337/1363 5351/1387 5305/1386
f 5351/1387 5337/1363 5378/1364
f 5378/1364 5401/1388 5351/1387
f 5401/1388 5378/1364 5425/1365
f 5425/1365 5439/1389 5401/1388
f 5439/1389 5425/1365 5464/1366
f 5464/1366 5474/1390 5439/1389
f 5474/1390 5464/1366 5503/1367
f 5529/1368 5474/1390 5503/1367
f 5474/1390 5529/1368 5511/1391
f 3498/1370 3670/1392 3492/1393
f 3670/1392 3498/1370 3677/1369
f 3677/1369 3835/1394 3670/1392
f 3835/1394 3677/1369 3844/1371
f 3844/1371 3990/1395 3835/1394
f 3990/1395 3844/1371 4017/1372
f 4017/1372 4117/1396 3990/1395
f 4117/1396 4017/1372 4135/1373
f 4135/1373 4254/1397 4117/1396
f 4254/1397 4135/1373 4272/1374
f 4272/1374 4376/1398 4254/1397
f 4376/1398 4272/1374 4393/1375
f 4393/1375 4498/1399 4376/1398
f 4498/1399 4393/1375 4520/1376
f 4520/1376 4613/1400 4498/1399
f 4613/1400 4520/1376 4644/1377
f 4644/1377 4700/1401 4613/1400
f 4700/1401 4644/1377 4724/1378
f 4724/1378 4788/1402 4700/1401
f 4788/1402 4724/1378 4815/1379
f 4815/1379 4875/1403 4788/1402
f 4875/1403 4815/1379 4904/1380
f 4904/1380 4950/1404 4875/1403
f 4950/1404 4904/1380 4986/1381
f 4986/1381 5022/1405 4950/1404
f 5022/1405 4986/1381 5056/1382
f 5056/1382 5098/1406 5022/1405
f 5098/1406 5056/1382 5128/1383
f 5128/1383 5175/1407 5098/1406
f 5175/1407 5128/1383 5193/1384
f 5193/1384 5221/1408 5175/1407
f 5221/1408 5193/1384 5259/1385
f 5259/1385 5278/1409 5221/1408
f 5278/1409 5259/1385 5305/1386
f 5305/1386 5329/1410 5278/1409
f 5329/1410 5305/1386 5351/1387
f 5351/1387 5370/1411 5329/1410
f 5370/1411 5351/1387 5401/1388
f 5401/1388 5413/1412 5370/1411
f 5413/1412 5401/1388 5439/1389
f 5439/1389 5454/1413 5413/1412
f 5454/1413 5439/1389 5474/1390
f 5511/1391 5454/1413 5474/1390
f 5454/1413 5511/1391 5480/1414
f 3492/1393 3654/1415 3486/1416
f 3654/1415 3492/1393 3670/1392
f 3670/1392 3820/1417 3654/1415
f 3820/1417 3670/1392 3835/1394
f 3835/1394 3964/1418 3820/1417
f 3964/1418 3835/1394 3990/1395
f 3990/1395 4097/1419 3964/1418
f 4097/1419 3990/1395 4117/1396
f 4117/1396 4234/1420 4097/1419
f 4234/1420 4117/1396 4254/1397
f 4254/1397 4360/1421 4234/1420
f 4360/1421 4254/1397 4376/1398
f 4376/1398 4463/1422 4360/1421
f 4463/1422 4376/1398 4498/1399
f 4498/1399 4613/1400 4577/1423
f 4577/1423 4463/1422 4498/1399
f 4613/1400 4680/1424 4577/1423
f 4680/1424 4613/1400 4700/1401
f 4700/1401 4768/1425 4680/1424
f 4768/1425 4700/1401 4788/1402
f 4788/1402 4839/1426 4768/1425
f 4839/1426 4788/1402 4875/1403
f 4875/1403 4922/1427 4839/1426
f 4922/1427 4875/1403 4950/1404
f 4950/1404 4998/1428 4922/1427
f 4998/1428 4950/1404 5022/1405
f 5022/1405 5072/1429 4998/1428
f 5072/1429 5022/1405 5098/1406
f 5098/1406 5134/1430 5072/1429
f 5134/1430 5098/1406 5175/1407
f 5175/1407 5191/1431 5134/1430
f 5191/1431 5175/1407 5221/1408
f 5221/1408 5255/1432 5191/1431
f 5255/1432 5221/1408 5278/1409
f 5278/1409 5295/1433 5255/1432
f 5295/1433 5278/1409 5329/1410
f 5329/1410 5341/1434 5295/1433
f 5341/1434 5329/1410 5370/1411
f 5370/1411 5382/1435 5341/1434
f 5382/1435 5370/1411 5413/1412
f 5413/1412 5421/1436 5382/1435
f 5421/1436 5413/1412 5454/1413
f 5480/1414 5421/1436 5454/1413
f 5421/1436 5480/1414 5460/1437
f 3486/1416 3648/1438 3474/1439
f 3648/1438 3486/1416 3654/1415
f 3654/1415 3803/1440 3648/1438
f 3803/1440 3654/1415 3820/1417
f 3820/1417 3940/1441 3803/1440
f 3940/1441 3820/1417 3964/1418
f 3964/1418 4077/1442 3940/1441
f 4077/1442 3964/1418 4097/1419
f 4097/1419 4211/1443 4077/1442
f 4211/1443 4097/1419 4234/1420
f 4234/1420 4330/1444 4211/1443
f 4330/1444 4234/1420 4360/1421
f 4360/1421 4434/1445 4330/1444
f 4434/1445 4360/1421 4463/1422
f 4463/1422 4546/1446 4434/1445
f 4546/1446 4463/1422 4577/1423
f 4577/1423 4660/1447 4546/1446
f 4660/1447 4577/1423 4680/1424
f 4680/1424 4728/1448 4660/1447
f 4728/1448 4680/1424 4768/1425
f 4768/1425 4809/1449 4728/1448
f 4809/1449 4768/1425 4839/1426
f 4839/1426 4894/1450 4809/1449
f 4894/1450 4839/1426 4922/1427
f 4922/1427 4972/1451 4894/1450
f 4972/1451 4922/1427 4998/1428
f 4998/1428 5030/1452 4972/1451
f 5030/1452 4998/1428 5072/1429
f 5072/1429 5099/1453 5030/1452
f 5099/1453 5072/1429 5134/1430
f 5134/1430 5166/1454 5099/1453
f 5166/1454 5134/1430 5191/1431
f 5191/1431 5211/1455 5166/1454
f 5211/1455 5191/1431 5255/1432
f 5255/1432 5263/1456 5211/1455
f 5263/1456 5255/1432 5295/1433
f 5295/1433 5309/1457 5263/1456
f 5309/1457 5295/1433 5341/1434
f 5341/1434 5349/1458 5309/1457
f 5349/1458 5341/1434 5382/1435
f 5382/1435 5393/1459 5349/1458
f 5393/1459 5382/1435 5421/1436
f 5421/1436 5423/1460 5393/1459
f 5423/1460 5421/1436 5460/1437
f 3474/1439 3636/1461 3464/1462
f 3636/1461 3474/1439 3648/1438
f 3648/1438 3774/1463 3636/1461
f 3774/1463 3648/1438 3803/1440
f 3803/1440 3926/1464 3774/1463
f 3926/1464 3803/1440 3940/1441
f 3940/1441 4059/1465 3926/1464
f 4059/1465 3940/1441 4077/1442
f 4077/1442 4193/1466 4059/1465
f 4193/1466 4077/1442 4211/1443
f 4211/1443 4302/1467 4193/1466
f 4302/1467 4211/1443 4330/1444
f 4330/1444 4407/1468 4302/1467
f 4407/1468 4330/1444 4434/1445
f 4434/1445 4515/1469 4407/1468
f 4515/1469 4434/1445 4546/1446
f 4546/1446 4627/1470 4515/1469
f 4627/1470 4546/1446 4660/1447
f 4660/1447 4704/1471 4627/1470
f 4704/1471 4660/1447 4728/1448
f 4728/1448 4782/1472 4704/1471
f 4782/1472 4728/1448 4809/1449
f 4809/1449 4860/1473 4782/1472
f 4860/1473 4809/1449 4894/1450
f 4894/1450 4932/1474 4860/1473
f 4932/1474 4894/1450 4972/1451
f 4972/1451 5000/1475 4932/1474
f 5000/1475 4972/1451 5030/1452
f 5030/1452 5066/1476 5000/1475
f 5066/1476 5030/1452 5099/1453
f 5099/1453 5126/1477 5066/1476
f 5126/1477 5099/1453 5166/1454
f 5166/1454 5181/1478 5126/1477
f 5181/1478 5166/1454 5211/1455
f 5211/1455 5225/1479 5181/1478
f 5225/1479 5211/1455 5263/1456
f 5263/1456 5275/1480 5225/1479
f 5275/1480 5263/1456 5309/1457
f 5309/1457 5321/1481 5275/1480
f 5321/1481 5309/1457 5349/1458
f 5349/1458 5356/1482 5321/1481
f 5356/1482 5349/1458 5393/1459
f 5393/1459 5395/1483 5356/1482
f 5395/1483 5393/1459 5423/1460
f 3464/1462 3623/1484 3458/1485
f 3623/1484 3464/1462 3636/1461
f 3636/1461 3758/1486 3623/1484
f 3758/1486 3636/1461 3774/1463
f 3774/1463 3904/1487 3758/1486
f 3904/1487 3774/1463 3926/1464
f 3926/1464 4039/1488 3904/1487
f 4039/1488 3926/1464 4059/1465
f 4059/1465 4154/1489 4039/1488
f 4154/1489 4059/1465 4193/1466
f 4193/1466 4262/1490 4154/1489
f 4262/1490 4193/1466 4302/1467
f 4302/1467 4378/1491 4262/1490
f 4378/1491 4302/1467 4407/1468
f 4407/1468 4484/1492 4378/1491
f 4484/1492 4407/1468 4515/1469
f 4515/1469 4581/1493 4484/1492
f 4581/1493 4515/1469 4627/1470
f 4627/1470 4672/1494 4581/1493
f 4672/1494 4627/1470 4704/1471
f 4704/1471 4746/1495 4672/1494
f 4746/1495 4704/1471 4782/1472
f 4782/1472 4823/1496 4746/1495
f 4823/1496 4782/1472 4860/1473
f 4860/1473 4896/1497 4823/1496
f 4896/1497 4860/1473 4932/1474
f 4932/1474 4962/1498 4896/1497
f 4962/1498 4932/1474 5000/1475
f 5000/1475 5020/1499 4962/1498
f 5020/1499 5000/1475 5066/1476
f 5066/1476 5087/1500 5020/1499
f 5087/1500 5066/1476 5126/1477
f 5126/1477 5144/1501 5087/1500
f 5144/1501 5126/1477 5181/1478
f 5181/1478 5189/1502 5144/1501
f 5189/1502 5181/1478 5225/1479
f 5225/1479 5237/1503 5189/1502
f 5237/1503 5225/1479 5275/1480
f 5275/1480 5286/1504 5237/1503
f 5286/1504 5275/1480 5321/1481
f 5321/1481 5326/1505 5286/1504
f 5326/1505 5321/1481 5356/1482
f 5356/1482 5353/1506 5326/1505
f 5353/1506 5356/1482 5395/1483
f 3458/1485 3614/1507 3450/1508
f 3614/1507 3458/1485 3623/1484
f 3623/1484 3744/1509 3614/1507
f 3744/1509 3623/1484 3758/1486
f 3758/1486 3884/1510 3744/1509
f 3884/1510 3758/1486 3904/1487
f 3904/1487 4021/1511 3884/1510
f 4021/1511 3904/1487 4039/1488
f 4039/1488 4124/1512 4021/1511
f 4124/1512 4039/1488 4154/1489
f 4154/1489 4242/1513 4124/1512
f 4242/1513 4154/1489 4262/1490
f 4262/1490 4354/1514 4242/1513
f 4354/1514 4262/1490 4378/1491
f 4378/1491 4445/1515 4354/1514
f 4445/1515 4378/1491 4484/1492
f 4484/1492 4542/1516 4445/1515
f 4542/1516 4484/1492 4581/1493
f 4581/1493 4646/1517 4542/1516
f 4646/1517 4581/1493 4672/1494
f 4672/1494 4714/1518 4646/1517
f 4714/1518 4672/1494 4746/1495
f 4746/1495 4786/1519 4714/1518
f 4786/1519 4746/1495 4823/1496
f 4823/1496 4856/1520 4786/1519
f 4856/1520 4823/1496 4896/1497
f 4896/1497 4920/1521 4856/1520
f 4920/1521 4896/1497 4962/1498
f 4962/1498 4988/1522 4920/1521
f 4988/1522 4962/1498 5020/1499
f 5020/1499 5042/1523 4988/1522
f 5042/1523 5020/1499 5087/1500
f 5087/1500 5103/1524 5042/1523
f 5103/1524 5087/1500 5144/1501
f 5144/1501 5150/1525 5103/1524
f 5150/1525 5144/1501 5189/1502
f 5189/1502 5201/1526 5150/1525
f 5201/1526 5189/1502 5237/1503
f 5237/1503 5243/1527 5201/1526
f 5243/1527 5237/1503 5286/1504
f 5286/1504 5282/1528 5243/1527
f 5282/1528 5286/1504 5326/1505
f 5326/1505 5317/1529 5282/1528
f 5317/1529 5326/1505 5353/1506
f 3450/1508 3595/1530 3434/1531
f 3595/1530 3450/1508 3614/1507
f 3614/1507 3720/1532 3595/1530
f 3720/1532 3614/1507 3744/1509
f 3744/1509 3861/1533 3720/1532
f 3861/1533 3744/1509 3884/1510
f 3884/1510 3996/1534 3861/1533
f 3996/1534 3884/1510 4021/1511
f 4021/1511 4095/1535 3996/1534
f 4095/1535 4021/1511 4124/1512
f 4124/1512 4216/1536 4095/1535
f 4216/1536 4124/1512 4242/1513
f 4242/1513 4315/1537 4216/1536
f 4315/1537 4242/1513 4354/1514
f 4354/1514 4412/1538 4315/1537
f 4412/1538 4354/1514 4445/1515
f 4445/1515 4509/1539 4412/1538
f 4509/1539 4445/1515 4542/1516
f 4542/1516 4603/1540 4509/1539
f 4603/1540 4542/1516 4646/1517
f 4646/1517 4684/1541 4603/1540
f 4684/1541 4646/1517 4714/1518
f 4714/1518 4749/1542 4684/1541
f 4749/1542 4714/1518 4786/1519
f 4786/1519 4819/1543 4749/1542
f 4819/1543 4786/1519 4856/1520
f 4856/1520 4880/1544 4819/1543
f 4880/1544 4856/1520 4920/1521
f 4920/1521 4940/1545 4880/1544
f 4940/1545 4920/1521 4988/1522
f 4988/1522 5002/1546 4940/1545
f 5002/1546 4988/1522 5042/1523
f 5042/1523 5054/1547 5002/1546
f 5054/1547 5042/1523 5103/1524
f 5103/1524 5111/1548 5054/1547
f 5111/1548 5103/1524 5150/1525
f 5150/1525 5158/1549 5111/1548
f 5158/1549 5150/1525 5201/1526
f 5201/1526 5203/1550 5158/1549
f 5203/1550 5201/1526 5243/1527
f 5243/1527 5239/1551 5203/1550
f 5239/1551 5243/1527 5282/1528
f 5282/1528 5273/1552 5239/1551
f 5273/1552 5282/1528 5317/1529
f 3434/1531 3569/1553 3422/1554
f 3569/1553 3434/1531 3595/1530
f 3595/1530 3707/1555 3569/1553
f 3707/1555 3595/1530 3720/1532
f 3720/1532 3838/1556 3707/1555
f 3838/1556 3720/1532 3861/1533
f 3861/1533 3958/1557 3838/1556
f 3958/1557 3861/1533 3996/1534
f 3996/1534 4069/1558 3958/1557
f 4069/1558 3996/1534 4095/1535
f 4095/1535 4187/1559 4069/1558
f 4187/1559 4095/1535 4216/1536
f 4216/1536 4276/1560 4187/1559
f 4276/1560 4216/1536 4315/1537
f 4315/1537 4374/1561 4276/1560
f 4374/1561 4315/1537 4412/1538
f 4412/1538 4467/1562 4374/1561
f 4467/1562 4412/1538 4509/1539
f 4509/1539 4555/1563 4467/1562
f 4555/1563 4509/1539 4603/1540
f 4603/1540 4648/1564 4555/1563
f 4648/1564 4603/1540 4684/1541
f 4684/1541 4710/1565 4648/1564
f 4710/1565 4684/1541 4749/1542
f 4749/1542 4778/1566 4710/1565
f 4778/1566 4749/1542 4819/1543
f 4819/1543 4833/1567 4778/1566
f 4833/1567 4819/1543 4880/1544
f 4880/1544 4902/1568 4833/1567
f 4902/1568 4880/1544 4940/1545
f 4940/1545 4956/1569 4902/1568
f 4956/1569 4940/1545 5002/1546
f 5002/1546 5010/1570 4956/1569
f 5010/1570 5002/1546 5054/1547
f 5054/1547 5064/1571 5010/1570
f 5064/1571 5054/1547 5111/1548
f 5111/1548 5113/1572 5064/1571
f 5113/1572 5111/1548 5158/1549
f 5158/1549 5154/1573 5113/1572
f 5154/1573 5158/1549 5203/1550
f 5203/1550 5195/1574 5154/1573
f 5195/1574 5203/1550 5239/1551
f 5239/1551 5230/1575 5195/1574
f 5230/1575 5239/1551 5273/1552
f 3422/1554 3555/1576 3409/1577
f 3555/1576 3422/1554 3569/1553
f 3569/1553 3685/1578 3555/1576
f 3685/1578 3569/1553 3707/1555
f 3707/1555 3818/1579 3685/1578
f 3818/1579 3707/1555 3838/1556
f 3838/1556 3930/1580 3818/1579
f 3930/1580 3838/1556 3958/1557
f 3958/1557 4048/1581 3930/1580
f 4048/1581 3958/1557 4069/1558
f 4069/1558 4139/1582 4048/1581
f 4139/1582 4069/1558 4187/1559
f 4187/1559 4244/1583 4139/1582
f 4244/1583 4187/1559 4276/1560
f 4276/1560 4374/1561 4343/1584
f 4343/1584 4244/1583 4276/1560
f 4374/1561 4422/1585 4343/1584
f 4422/1585 4374/1561 4467/1562
f 4467/1562 4513/1586 4422/1585
f 4513/1586 4467/1562 4555/1563
f 4555/1563 4601/1587 4513/1586
f 4601/1587 4555/1563 4648/1564
f 4648/1564 4670/1588 4601/1587
f 4670/1588 4648/1564 4710/1565
f 4710/1565 4730/1589 4670/1588
f 4730/1589 4710/1565 4778/1566
f 4778/1566 4797/1590 4730/1589
f 4797/1590 4778/1566 4833/1567
f 4833/1567 4854/1591 4797/1590
f 4854/1591 4833/1567 4902/1568
f 4902/1568 4912/1592 4854/1591
f 4912/1592 4902/1568 4956/1569
f 4956/1569 4966/1593 4912/1592
f 4966/1593 4956/1569 5010/1570
f 5010/1570 5012/1594 4966/1593
f 5012/1594 5010/1570 5064/1571
f 5064/1571 5062/1595 5012/1594
f 5062/1595 5064/1571 5113/1572
f 5113/1572 5109/1596 5062/1595
f 5109/1596 5113/1572 5154/1573
f 5154/1573 5146/1597 5109/1596
f 5146/1597 5154/1573 5195/1574
f 5146/1597 5230/1575 5183/1598
f 5230/1575 5146/1597 5195/1574
f 3409/1577 3533/1599 3397/1600
f 3533/1599 3409/1577 3555/1576
f 3555/1576 3660/1601 3533/1599
f 3660/1601 3555/1576 3685/1578
f 3685/1578 3781/1602 3660/1601
f 3781/1602 3685/1578 3818/1579
f 3818/1579 3898/1603 3781/1602
f 3898/1603 3818/1579 3930/1580
f 3930/1580 4019/1604 3898/1603
f 4019/1604 3930/1580 4048/1581
f 4048/1581 4107/1605 4019/1604
f 4107/1605 4048/1581 4139/1582
f 4139/1582 4209/1606 4107/1605
f 4209/1606 4139/1582 4244/1583
f 4244/1583 4300/1607 4209/1606
f 4300/1607 4244/1583 4343/1584
f 4343/1584 4383/1608 4300/1607
f 4383/1608 4343/1584 4422/1585
f 4422/1585 4468/1609 4383/1608
f 4468/1609 4422/1585 4513/1586
f 4513/1586 4550/1610 4468/1609
f 4550/1610 4513/1586 4601/1587
f 4601/1587 4631/1611 4550/1610
f 4631/1611 4601/1587 4670/1588
f 4670/1588 4690/1612 4631/1611
f 4690/1612 4670/1588 4730/1589
f 4730/1589 4752/1613 4690/1612
f 4752/1613 4730/1589 4797/1590
f 4797/1590 4803/1614 4752/1613
f 4803/1614 4797/1590 4854/1591
f 4854/1591 4866/1615 4803/1614
f 4866/1615 4854/1591 4912/1592
f 4912/1592 4914/1616 4866/1615
f 4914/1616 4912/1592 4966/1593
f 4966/1593 4964/1617 4914/1616
f 4964/1617 4966/1593 5012/1594
f 5012/1594 5006/1618 4964/1617
f 5006/1618 5012/1594 5062/1595
f 5062/1595 5046/1619 5006/1618
f 5046/1619 5062/1595 5109/1596
f 5109/1596 5095/1620 5046/1619
f 5095/1620 5109/1596 5146/1597
f 5095/1620 5183/1598 5130/1621
f 5183/1598 5095/1620 5146/1597
f 3397/1600 3514/1622 3389/1623
f 3514/1622 3397/1600 3533/1599
f 3533/1599 3646/1624 3514/1622
f 3646/1624 3533/1599 3660/1601
f 3660/1601 3752/1625 3646/1624
f 3752/1625 3660/1601 3781/1602
f 3781/1602 3874/1626 3752/1625
f 3874/1626 3781/1602 3898/1603
f 3898/1603 3974/1627 3874/1626
f 3974/1627 3898/1603 4019/1604
f 4019/1604 4071/1628 3974/1627
f 4071/1628 4019/1604 4107/1605
f 4107/1605 4171/1629 4071/1628
f 4171/1629 4107/1605 4209/1606
f 4209/1606 4256/1630 4171/1629
f 4256/1630 4209/1606 4300/1607
f 4300/1607 4347/1631 4256/1630
f 4347/1631 4300/1607 4383/1608
f 4383/1608 4417/1632 4347/1631
f 4417/1632 4383/1608 4468/1609
f 4468/1609 4502/1633 4417/1632
f 4502/1633 4468/1609 4550/1610
f 4550/1610 4573/1634 4502/1633
f 4573/1634 4550/1610 4631/1611
f 4631/1611 4652/1635 4573/1634
f 4652/1635 4631/1611 4690/1612
f 4690/1612 4698/1636 4652/1635
f 4698/1636 4690/1612 4752/1613
f 4752/1613 4764/1637 4698/1636
f 4764/1637 4752/1613 4803/1614
f 4803/1614 4807/1638 4764/1637
f 4807/1638 4803/1614 4866/1615
f 4866/1615 4864/1639 4807/1638
f 4864/1639 4866/1615 4914/1616
f 4914/1616 4908/1640 4864/1639
f 4908/1640 4914/1616 4964/1617
f 4964/1617 4952/1641 4908/1640
f 4952/1641 4964/1617 5006/1618
f 5006/1618 4992/1642 4952/1641
f 4992/1642 5006/1618 5046/1619
f 5046/1619 5034/1643 4992/1642
f 5034/1643 5046/1619 5095/1620
f 5034/1643 5130/1621 5083/1644
f 5130/1621 5034/1643 5095/1620
f 3389/1623 3496/1645 3370/1646
f 3496/1645 3389/1623 3514/1622
f 3514/1622 3628/1647 3496/1645
f 3628/1647 3514/1622 3646/1624
f 3646/1624 3726/1648 3628/1647
f 3726/1648 3646/1624 3752/1625
f 3752/1625 3842/1649 3726/1648
f 3842/1649 3752/1625 3874/1626
f 3874/1626 3936/1650 3842/1649
f 3936/1650 3874/1626 3974/1627
f 3974/1627 4041/1651 3936/1650
f 4041/1651 3974/1627 4071/1628
f 4071/1628 4122/1652 4041/1651
f 4122/1652 4071/1628 4171/1629
f 4171/1629 4222/1653 4122/1652
f 4222/1653 4171/1629 4256/1630
f 4256/1630 4296/1654 4222/1653
f 4296/1654 4256/1630 4347/1631
f 4347/1631 4371/1655 4296/1654
f 4371/1655 4347/1631 4417/1632
f 4417/1632 4443/1656 4371/1655
f 4443/1656 4417/1632 4502/1633
f 4502/1633 4522/1657 4443/1656
f 4522/1657 4502/1633 4573/1634
f 4573/1634 4589/1658 4522/1657
f 4589/1658 4573/1634 4652/1635
f 4652/1635 4662/1659 4589/1658
f 4662/1659 4652/1635 4698/1636
f 4698/1636 4706/1660 4662/1659
f 4706/1660 4698/1636 4764/1637
f 4764/1637 4766/1661 4706/1660
f 4766/1661 4764/1637 4807/1638
f 4807/1638 4801/1662 4766/1661
f 4801/1662 4807/1638 4864/1639
f 4864/1639 4850/1663 4801/1662
f 4850/1663 4864/1639 4908/1640
f 4908/1640 4900/1664 4850/1663
f 4900/1664 4908/1640 4952/1641
f 4952/1641 4936/1665 4900/1664
f 4936/1665 4952/1641 4992/1642
f 4936/1665 5034/1643 4981/1666
f 5034/1643 4936/1665 4992/1642
f 4981/1666 5083/1644 5014/1667
f 5083/1644 4981/1666 5034/1643
f 3370/1646 3478/1668 3366/1669
f 3478/1668 3370/1646 3496/1645
f 3496/1645 3612/1670 3478/1668
f 3612/1670 3496/1645 3628/1647
f 3628/1647 3703/1671 3612/1670
f 3703/1671 3628/1647 3726/1648
f 3726/1648 3813/1672 3703/1671
f 3813/1672 3726/1648 3842/1649
f 3842/1649 3906/1673 3813/1672
f 3906/1673 3842/1649 3936/1650
f 3936/1650 4015/1674 3906/1673
f 4015/1674 3936/1650 4041/1651
f 4041/1651 4082/1675 4015/1674
f 4082/1675 4041/1651 4122/1652
f 4122/1652 4179/1676 4082/1675
f 4179/1676 4122/1652 4222/1653
f 4222/1653 4250/1677 4179/1676
f 4250/1677 4222/1653 4296/1654
f 4296/1654 4325/1678 4250/1677
f 4325/1678 4296/1654 4371/1655
f 4371/1655 4387/1679 4325/1678
f 4387/1679 4371/1655 4443/1656
f 4443/1656 4457/1680 4387/1679
f 4457/1680 4443/1656 4522/1657
f 4522/1657 4533/1681 4457/1680
f 4533/1681 4522/1657 4589/1658
f 4589/1658 4597/1682 4533/1681
f 4597/1682 4589/1658 4662/1659
f 4662/1659 4664/1683 4597/1682
f 4664/1683 4662/1659 4706/1660
f 4706/1660 4702/1684 4664/1683
f 4702/1684 4706/1660 4766/1661
f 4766/1661 4756/1685 4702/1684
f 4756/1685 4766/1661 4801/1662
f 4801/1662 4795/1686 4756/1685
f 4795/1686 4801/1662 4850/1663
f 4850/1663 4831/1687 4795/1686
f 4831/1687 4850/1663 4900/1664
f 4900/1664 4877/1688 4831/1687
f 4877/1688 4900/1664 4936/1665
f 4877/1688 4981/1666 4916/1689
f 4981/1666 4877/1688 4936/1665
f 4916/1689 5014/1667 4946/1690
f 5014/1667 4916/1689 4981/1666
f 3366/1669 3460/1691 3354/1692
f 3460/1691 3366/1669 3478/1668
f 3478/1668 3573/1693 3460/1691
f 3573/1693 3478/1668 3612/1670
f 3612/1670 3674/1694 3573/1693
f 3674/1694 3612/1670 3703/1671
f 3703/1671 3764/1695 3674/1694
f 3764/1695 3703/1671 3813/1672
f 3813/1672 3872/1696 3764/1695
f 3872/1696 3813/1672 3906/1673
f 3906/1673 3960/1697 3872/1696
f 3960/1697 3906/1673 4015/1674
f 4015/1674 4051/1698 3960/1697
f 4051/1698 4015/1674 4082/1675
f 4082/1675 4118/1699 4051/1698
f 4118/1699 4082/1675 4179/1676
f 4179/1676 4205/1700 4118/1699
f 4205/1700 4179/1676 4250/1677
f 4250/1677 4265/1701 4205/1700
f 4265/1701 4250/1677 4325/1678
f 4325/1678 4349/1702 4265/1701
f 4349/1702 4325/1678 4387/1679
f 4387/1679 4403/1703 4349/1702
f 4403/1703 4387/1679 4457/1680
f 4457/1680 4474/1704 4403/1703
f 4474/1704 4457/1680 4533/1681
f 4533/1681 4535/1705 4474/1704
f 4535/1705 4533/1681 4597/1682
f 4597/1682 4593/1706 4535/1705
f 4593/1706 4597/1682 4664/1683
f 4664/1683 4658/1707 4593/1706
f 4658/1707 4664/1683 4702/1684
f 4702/1684 4692/1708 4658/1707
f 4692/1708 4702/1684 4756/1685
f 4756/1685 4734/1709 4692/1708
f 4734/1709 4756/1685 4795/1686
f 4795/1686 4776/1710 4734/1709
f 4776/1710 4795/1686 4831/1687
f 4831/1687 4811/1711 4776/1710
f 4811/1711 4831/1687 4877/1688
f 4811/1711 4916/1689 4848/1712
f 4916/1689 4811/1711 4877/1688
f 4848/1712 4946/1690 4890/1713
f 4946/1690 4848/1712 4916/1689
f 3354/1692 3446/1714 3342/1715
f 3446/1714 3354/1692 3460/1691
f 3460/1691 3543/1716 3446/1714
f 3543/1716 3460/1691 3573/1693
f 3573/1693 3650/1717 3543/1716
f 3650/1717 3573/1693 3674/1694
f 3674/1694 3732/1718 3650/1717
f 3732/1718 3674/1694 3764/1695
f 3764/1695 3833/1719 3732/1718
f 3833/1719 3764/1695 3872/1696
f 3872/1696 3912/1720 3833/1719
f 3912/1720 3872/1696 3960/1697
f 3960/1697 4013/1721 3912/1720
f 4013/1721 3960/1697 4051/1698
f 4051/1698 4075/1722 4013/1721
f 4075/1722 4051/1698 4118/1699
f 4118/1699 4146/1723 4075/1722
f 4146/1723 4118/1699 4205/1700
f 4205/1700 4226/1724 4146/1723
f 4226/1724 4205/1700 4265/1701
f 4265/1701 4289/1725 4226/1724
f 4289/1725 4265/1701 4349/1702
f 4349/1702 4356/1726 4289/1725
f 4356/1726 4349/1702 4403/1703
f 4403/1703 4409/1727 4356/1726
f 4409/1727 4403/1703 4474/1704
f 4474/1704 4470/1728 4409/1727
f 4470/1728 4474/1704 4535/1705
f 4535/1705 4528/1729 4470/1728
f 4528/1729 4535/1705 4593/1706
f 4593/1706 4579/1730 4528/1729
f 4579/1730 4593/1706 4658/1707
f 4658/1707 4639/1731 4579/1730
f 4639/1731 4658/1707 4692/1708
f 4692/1708 4674/1732 4639/1731
f 4674/1732 4692/1708 4734/1709
f 4734/1709 4712/1733 4674/1732
f 4712/1733 4734/1709 4776/1710
f 4776/1710 4750/1734 4712/1733
f 4750/1734 4776/1710 4811/1711
f 4750/1734 4848/1712 4784/1735
f 4848/1712 4750/1734 4811/1711
f 4784/1735 4890/1713 4821/1736
f 4890/1713 4784/1735 4848/1712
f 3342/1715 3424/1737 3332/1738
f 3424/1737 3342/1715 3446/1714
f 3446/1714 3521/1739 3424/1737
f 3521/1739 3446/1714 3543/1716
f 3543/1716 3624/1740 3521/1739
f 3624/1740 3543/1716 3650/1717
f 3650/1717 3705/1741 3624/1740
f 3705/1741 3650/1717 3732/1718
f 3732/1718 3787/1742 3705/1741
f 3787/1742 3732/1718 3833/1719
f 3833/1719 3876/1743 3787/1742
f 3876/1743 3833/1719 3912/1720
f 3912/1720 3948/1744 3876/1743
f 3948/1744 3912/1720 4013/1721
f 4013/1721 4031/1745 3948/1744
f 4031/1745 4013/1721 4075/1722
f 4075/1722 4090/1746 4031/1745
f 4090/1746 4075/1722 4146/1723
f 4146/1723 4163/1747 4090/1746
f 4163/1747 4146/1723 4226/1724
f 4226/1724 4232/1748 4163/1747
f 4232/1748 4226/1724 4289/1725
f 4289/1725 4292/1749 4232/1748
f 4292/1749 4289/1725 4356/1726
f 4356/1726 4352/1750 4292/1749
f 4352/1750 4356/1726 4409/1727
f 4409/1727 4400/1751 4352/1750
f 4400/1751 4409/1727 4470/1728
f 4470/1728 4451/1752 4400/1751
f 4451/1752 4470/1728 4528/1729
f 4528/1729 4507/1753 4451/1752
f 4507/1753 4528/1729 4579/1730
f 4579/1730 4553/1754 4507/1753
f 4553/1754 4579/1730 4639/1731
f 4639/1731 4607/1755 4553/1754
f 4607/1755 4639/1731 4674/1732
f 4674/1732 4654/1756 4607/1755
f 4654/1756 4674/1732 4712/1733
f 4654/1756 4750/1734 4686/1757
f 4750/1734 4654/1756 4712/1733
f 4686/1757 4784/1735 4716/1758
f 4784/1735 4686/1757 4750/1734
f 4716/1758 4821/1736 4742/1759
f 4821/1736 4716/1758 4784/1735
f 3332/1738 3401/1760 3321/1761
f 3401/1760 3332/1738 3424/1737
f 3424/1737 3494/1762 3401/1760
f 3494/1762 3424/1737 3521/1739
f 3521/1739 3593/1763 3494/1762
f 3593/1763 3521/1739 3624/1740
f 3624/1740 3668/1764 3593/1763
f 3668/1764 3624/1740 3705/1741
f 3705/1741 3748/1765 3668/1764
f 3748/1765 3705/1741 3787/1742
f 3787/1742 3829/1766 3748/1765
f 3829/1766 3787/1742 3876/1743
f 3876/1743 3900/1767 3829/1766
f 3900/1767 3876/1743 3948/1744
f 3948/1744 3972/1768 3900/1767
f 3972/1768 3948/1744 4031/1745
f 4031/1745 4049/1769 3972/1768
f 4049/1769 4031/1745 4090/1746
f 4090/1746 4101/1770 4049/1769
f 4101/1770 4090/1746 4163/1747
f 4163/1747 4169/1771 4101/1770
f 4169/1771 4163/1747 4232/1748
f 4232/1748 4228/1772 4169/1771
f 4228/1772 4232/1748 4292/1749
f 4292/1749 4278/1773 4228/1772
f 4278/1773 4292/1749 4352/1750
f 4352/1750 4341/1774 4278/1773
f 4341/1774 4352/1750 4400/1751
f 4400/1751 4384/1775 4341/1774
f 4384/1775 4400/1751 4451/1752
f 4451/1752 4432/1776 4384/1775
f 4432/1776 4451/1752 4507/1753
f 4507/1753 4480/1777 4432/1776
f 4480/1777 4507/1753 4553/1754
f 4553/1754 4526/1778 4480/1777
f 4526/1778 4553/1754 4607/1755
f 4607/1755 4567/1779 4526/1778
f 4567/1779 4607/1755 4654/1756
f 4567/1779 4686/1757 4615/1780
f 4686/1757 4567/1779 4654/1756
f 4615/1780 4716/1758 4650/1781
f 4716/1758 4615/1780 4686/1757
f 4650/1781 4742/1759 4678/1782
f 4742/1759 4650/1781 4716/1758
f 3321/1761 3381/1783 3305/1784
f 3381/1783 3321/1761 3401/1760
f 3401/1760 3466/1785 3381/1783
f 3466/1785 3401/1760 3494/1762
f 3494/1762 3551/1786 3466/1785
f 3551/1786 3494/1762 3593/1763
f 3593/1763 3638/1787 3551/1786
f 3638/1787 3593/1763 3668/1764
f 3668/1764 3709/1788 3638/1787
f 3709/1788 3668/1764 3748/1765
f 3748/1765 3772/1789 3709/1788
f 3772/1789 3748/1765 3829/1766
f 3829/1766 3853/1790 3772/1789
f 3853/1790 3829/1766 3900/1767
f 3900/1767 3916/1791 3853/1790
f 3916/1791 3900/1767 3972/1768
f 3972/1768 3994/1792 3916/1791
f 3994/1792 3972/1768 4049/1769
f 4049/1769 4053/1793 3994/1792
f 4053/1793 4049/1769 4101/1770
f 4101/1770 4099/1794 4053/1793
f 4099/1794 4101/1770 4169/1771
f 4169/1771 4156/1795 4099/1794
f 4156/1795 4169/1771 4228/1772
f 4228/1772 4220/1796 4156/1795
f 4220/1796 4228/1772 4278/1773
f 4278/1773 4258/1797 4220/1796
f 4258/1797 4278/1773 4341/1774
f 4341/1774 4313/1798 4258/1797
f 4313/1798 4341/1774 4384/1775
f 4384/1775 4362/1799 4313/1798
f 4362/1799 4384/1775 4432/1776
f 4432/1776 4395/1800 4362/1799
f 4395/1800 4432/1776 4480/1777
f 4480/1777 4438/1801 4395/1800
f 4438/1801 4480/1777 4526/1778
f 4526/1778 4486/1802 4438/1801
f 4486/1802 4526/1778 4567/1779
f 4486/1802 4615/1780 4524/1803
f 4615/1780 4486/1802 4567/1779
f 4524/1803 4650/1781 4557/1804
f 4650/1781 4524/1803 4615/1780
f 4557/1804 4678/1782 4591/1805
f 4678/1782 4557/1804 4650/1781
f 3305/1784 3364/1806 3301/1807
f 3364/1806 3305/1784 3381/1783
f 3381/1783 3443/1808 3364/1806
f 3443/1808 3381/1783 3466/1785
f 3466/1785 3516/1809 3443/1808
f 3516/1809 3466/1785 3551/1786
f 3551/1786 3610/1810 3516/1809
f 3610/1810 3551/1786 3638/1787
f 3638/1787 3662/1811 3610/1810
f 3662/1811 3638/1787 3709/1788
f 3709/1788 3730/1812 3662/1811
f 3730/1812 3709/1788 3772/1789
f 3772/1789 3804/1813 3730/1812
f 3804/1813 3772/1789 3853/1790
f 3853/1790 3867/1814 3804/1813
f 3867/1814 3853/1790 3916/1791
f 3916/1791 3922/1815 3867/1814
f 3922/1815 3916/1791 3994/1792
f 3994/1792 3980/1816 3922/1815
f 3980/1816 3994/1792 4053/1793
f 4053/1793 4043/1817 3980/1816
f 4043/1817 4053/1793 4099/1794
f 4099/1794 4088/1818 4043/1817
f 4088/1818 4099/1794 4156/1795
f 4156/1795 4133/1819 4088/1818
f 4133/1819 4156/1795 4220/1796
f 4220/1796 4196/1820 4133/1819
f 4196/1820 4220/1796 4258/1797
f 4258/1797 4236/1821 4196/1820
f 4236/1821 4258/1797 4313/1798
f 4313/1798 4274/1822 4236/1821
f 4274/1822 4313/1798 4362/1799
f 4362/1799 4321/1823 4274/1822
f 4321/1823 4362/1799 4395/1800
f 4395/1800 4365/1824 4321/1823
f 4365/1824 4395/1800 4438/1801
f 4438/1801 4391/1825 4365/1824
f 4391/1825 4438/1801 4486/1802
f 4391/1825 4524/1803 4428/1826
f 4524/1803 4391/1825 4486/1802
f 4428/1826 4557/1804 4459/1827
f 4557/1804 4428/1826 4524/1803
f 4459/1827 4591/1805 4500/1828
f 4591/1805 4459/1827 4557/1804
f 3301/1807 3346/1829 3283/1830
f 3346/1829 3301/1807 3364/1806
f 3364/1806 3411/1831 3346/1829
f 3411/1831 3364/1806 3443/1808
f 3443/1808 3484/1832 3411/1831
f 3484/1832 3443/1808 3516/1809
f 3516/1809 3557/1833 3484/1832
f 3557/1833 3516/1809 3610/1810
f 3610/1810 3630/1834 3557/1833
f 3630/1834 3610/1810 3662/1811
f 3662/1811 3682/1835 3630/1834
f 3682/1835 3662/1811 3730/1812
f 3730/1812 3742/1836 3682/1835
f 3742/1836 3730/1812 3804/1813
f 3804/1813 3811/1837 3742/1836
f 3811/1837 3804/1813 3867/1814
f 3867/1814 3865/1838 3811/1837
f 3865/1838 3867/1814 3922/1815
f 3922/1815 3914/1839 3865/1838
f 3914/1839 3922/1815 3980/1816
f 3980/1816 3966/1840 3914/1839
f 3966/1840 3980/1816 4043/1817
f 4043/1817 4027/1841 3966/1840
f 4027/1841 4043/1817 4088/1818
f 4088/1818 4065/1842 4027/1841
f 4065/1842 4088/1818 4133/1819
f 4133/1819 4109/1843 4065/1842
f 4109/1843 4133/1819 4196/1820
f 4196/1820 4152/1844 4109/1843
f 4152/1844 4196/1820 4236/1821
f 4236/1821 4201/1845 4152/1844
f 4201/1845 4236/1821 4274/1822
f 4274/1822 4238/1846 4201/1845
f 4238/1846 4274/1822 4321/1823
f 4321/1823 4266/1847 4238/1846
f 4266/1847 4321/1823 4365/1824
f 4365/1824 4309/1848 4266/1847
f 4309/1848 4365/1824 4391/1825
f 4309/1848 4428/1826 4345/1849
f 4428/1826 4309/1848 4391/1825
f 4345/1849 4459/1827 4369/1850
f 4459/1827 4345/1849 4428/1826
f 4369/1850 4500/1828 4398/1851
f 4500/1828 4369/1850 4459/1827
f 3283/1830 3327/1852 3269/1853
f 3327/1852 3283/1830 3346/1829
f 3346/1829 3385/1854 3327/1852
f 3385/1854 3346/1829 3411/1831
f 3411/1831 3454/1855 3385/1854
f 3454/1855 3411/1831 3484/1832
f 3484/1832 3508/1856 3454/1855
f 3508/1856 3484/1832 3557/1833
f 3557/1833 3577/1857 3508/1856
f 3577/1857 3557/1833 3630/1834
f 3630/1834 3642/1858 3577/1857
f 3642/1858 3630/1834 3682/1835
f 3682/1835 3687/1859 3642/1858
f 3687/1859 3682/1835 3742/1836
f 3742/1836 3740/1860 3687/1859
f 3740/1860 3742/1836 3811/1837
f 3811/1837 3796/1861 3740/1860
f 3796/1861 3811/1837 3865/1838
f 3865/1838 3847/1862 3796/1861
f 3847/1862 3865/1838 3914/1839
f 3914/1839 3894/1863 3847/1862
f 3894/1863 3914/1839 3966/1840
f 3966/1840 3938/1864 3894/1863
f 3938/1864 3966/1840 4027/1841
f 4027/1841 4004/1865 3938/1864
f 4004/1865 4027/1841 4065/1842
f 4065/1842 4035/1866 4004/1865
f 4035/1866 4065/1842 4109/1843
f 4109/1843 4067/1867 4035/1866
f 4067/1867 4109/1843 4152/1844
f 4152/1844 4105/1868 4067/1867
f 4105/1868 4152/1844 4201/1845
f 4201/1845 4144/1869 4105/1868
f 4144/1869 4201/1845 4238/1846
f 4238/1846 4191/1870 4144/1869
f 4191/1870 4238/1846 4266/1847
f 4266/1847 4224/1871 4191/1870
f 4224/1871 4266/1847 4309/1848
f 4224/1871 4345/1849 4246/1872
f 4345/1849 4224/1871 4309/1848
f 4246/1872 4369/1850 4268/1873
f 4369/1850 4246/1872 4345/1849
f 4268/1873 4398/1851 4306/1874
f 4398/1851 4268/1873 4369/1850
f 3269/1853 3310/1875 3258/1876
f 3310/1875 3269/1853 3327/1852
f 3327/1852 3358/1877 3310/1875
f 3358/1877 3327/1852 3385/1854
f 3385/1854 3415/1878 3358/1877
f 3415/1878 3385/1854 3454/1855
f 3454/1855 3470/1879 3415/1878
f 3470/1879 3454/1855 3508/1856
f 3508/1856 3529/1880 3470/1879
f 3529/1880 3508/1856 3577/1857
f 3577/1857 3587/1881 3529/1880
f 3587/1881 3577/1857 3642/1858
f 3642/1858 3640/1882 3587/1881
f 3640/1882 3642/1858 3687/1859
f 3687/1859 3679/1883 3640/1882
f 3679/1883 3687/1859 3740/1860
f 3740/1860 3722/1884 3679/1883
f 3722/1884 3740/1860 3796/1861
f 3796/1861 3768/1885 3722/1884
f 3768/1885 3796/1861 3847/1862
f 3847/1862 3824/1886 3768/1885
f 3824/1886 3847/1862 3894/1863
f 3894/1863 3869/1887 3824/1886
f 3869/1887 3894/1863 3938/1864
f 3938/1864 3908/1888 3869/1887
f 3908/1888 3938/1864 4004/1865
f 4004/1865 3942/1889 3908/1888
f 3942/1889 4004/1865 4035/1866
f 4035/1866 3992/1890 3942/1889
f 3992/1890 4035/1866 4067/1867
f 4067/1867 4029/1891 3992/1890
f 4029/1891 4067/1867 4105/1868
f 4105/1868 4057/1892 4029/1891
f 4057/1892 4105/1868 4144/1869
f 4144/1869 4080/1893 4057/1892
f 4080/1893 4144/1869 4191/1870
f 4191/1870 4112/1894 4080/1893
f 4112/1894 4191/1870 4224/1871
f 4112/1894 4246/1872 4141/1895
f 4246/1872 4112/1894 4224/1871
f 4141/1895 4268/1873 4184/1896
f 4268/1873 4141/1895 4246/1872
f 4184/1896 4306/1874 4203/1897
f 4306/1874 4184/1896 4268/1873
f 3258/1876 3297/1898 3245/1899
f 3297/1898 3258/1876 3310/1875
f 3310/1875 3338/1900 3297/1898
f 3338/1900 3310/1875 3358/1877
f 3358/1877 3374/1901 3338/1900
f 3374/1901 3358/1877 3415/1878
f 3415/1878 3430/1902 3374/1901
f 3430/1902 3415/1878 3470/1879
f 3470/1879 3476/1903 3430/1902
f 3476/1903 3470/1879 3529/1880
f 3529/1880 3525/1904 3476/1903
f 3525/1904 3529/1880 3587/1881
f 3587/1881 3575/1905 3525/1904
f 3575/1905 3587/1881 3640/1882
f 3640/1882 3626/1906 3575/1905
f 3626/1906 3640/1882 3679/1883
f 3679/1883 3656/1907 3626/1906
f 3656/1907 3679/1883 3722/1884
f 3722/1884 3699/1908 3656/1907
f 3699/1908 3722/1884 3768/1885
f 3768/1885 3738/1909 3699/1908
f 3738/1909 3768/1885 3824/1886
f 3824/1886 3777/1910 3738/1909
f 3777/1910 3824/1886 3869/1887
f 3869/1887 3822/1911 3777/1910
f 3822/1911 3869/1887 3908/1888
f 3908/1888 3857/1912 3822/1911
f 3857/1912 3908/1888 3942/1889
f 3942/1889 3892/1913 3857/1912
f 3892/1913 3942/1889 3992/1890
f 3992/1890 3920/1914 3892/1913
f 3920/1914 3992/1890 4029/1891
f 4029/1891 3954/1915 3920/1914
f 3954/1915 4029/1891 4057/1892
f 4057/1892 4000/1916 3954/1915
f 4000/1916 4057/1892 4080/1893
f 4000/1916 4112/1894 4023/1917
f 4112/1894 4000/1916 4080/1893
f 4023/1917 4141/1895 4045/1918
f 4141/1895 4023/1917 4112/1894
f 4045/1918 4184/1896 4063/1919
f 4184/1896 4045/1918 4141/1895
f 4063/1919 4203/1897 4086/1920
f 4203/1897 4063/1919 4184/1896
f 3245/1899 3273/1921 3232/1922
f 3273/1921 3245/1899 3297/1898
f 3297/1898 3314/1923 3273/1921
f 3314/1923 3297/1898 3338/1900
f 3338/1900 3349/1924 3314/1923
f 3349/1924 3338/1900 3374/1901
f 3374/1901 3387/1925 3349/1924
f 3387/1925 3374/1901 3430/1902
f 3430/1902 3427/1926 3387/1925
f 3427/1926 3430/1902 3476/1903
f 3476/1903 3468/1927 3427/1926
f 3468/1927 3476/1903 3525/1904
f 3525/1904 3504/1928 3468/1927
f 3504/1928 3525/1904 3575/1905
f 3575/1905 3549/1929 3504/1928
f 3549/1929 3575/1905 3626/1906
f 3626/1906 3608/1930 3549/1929
f 3608/1930 3626/1906 3656/1907
f 3656/1907 3632/1931 3608/1930
f 3632/1931 3656/1907 3699/1908
f 3699/1908 3658/1932 3632/1931
f 3658/1932 3699/1908 3738/1909
f 3738/1909 3693/1933 3658/1932
f 3693/1933 3738/1909 3777/1910
f 3777/1910 3724/1934 3693/1933
f 3724/1934 3777/1910 3822/1911
f 3822/1911 3754/1935 3724/1934
f 3754/1935 3822/1911 3857/1912
f 3857/1912 3791/1936 3754/1935
f 3791/1936 3857/1912 3892/1913
f 3892/1913 3827/1937 3791/1936
f 3827/1937 3892/1913 3920/1914
f 3920/1914 3851/1938 3827/1937
f 3851/1938 3920/1914 3954/1915
f 3954/1915 3881/1939 3851/1938
f 3881/1939 3954/1915 4000/1916
f 3881/1939 4023/1917 3902/1940
f 4023/1917 3881/1939 4000/1916
f 3902/1940 4045/1918 3928/1941
f 4045/1918 3902/1940 4023/1917
f 3928/1941 4063/1919 3950/1942
f 4063/1919 3928/1941 4045/1918
f 3950/1942 4086/1920 3970/1943
f 4086/1920 3950/1942 4063/1919
f 3232/1922 3251/1944 3220/1945
f 3251/1944 3232/1922 3273/1921
f 3273/1921 3286/1946 3251/1944
f 3286/1946 3273/1921 3314/1923
f 3314/1923 3316/1947 3286/1946
f 3316/1947 3314/1923 3349/1924
f 3349/1924 3350/1948 3316/1947
f 3350/1948 3349/1924 3387/1925
f 3387/1925 3372/1949 3350/1948
f 3372/1949 3387/1925 3427/1926
f 3427/1926 3413/1950 3372/1949
f 3413/1950 3427/1926 3468/1927
f 3468/1927 3452/1951 3413/1950
f 3452/1951 3468/1927 3504/1928
f 3504/1928 3480/1952 3452/1951
f 3480/1952 3504/1928 3549/1929
f 3549/1929 3511/1953 3480/1952
f 3511/1953 3549/1929 3608/1930
f 3608/1930 3545/1954 3511/1953
f 3545/1954 3608/1930 3632/1931
f 3632/1931 3585/1955 3545/1954
f 3585/1955 3632/1931 3658/1932
f 3658/1932 3620/1956 3585/1955
f 3620/1956 3658/1932 3693/1933
f 3693/1933 3644/1957 3620/1956
f 3644/1957 3693/1933 3724/1934
f 3724/1934 3664/1958 3644/1957
f 3664/1958 3724/1934 3754/1935
f 3754/1935 3689/1959 3664/1958
f 3689/1959 3754/1935 3791/1936
f 3791/1936 3716/1960 3689/1959
f 3716/1960 3791/1936 3827/1937
f 3827/1937 3736/1961 3716/1960
f 3736/1961 3827/1937 3851/1938
f 3851/1938 3760/1962 3736/1961
f 3760/1962 3851/1938 3881/1939
f 3760/1962 3902/1940 3783/1963
f 3902/1940 3760/1962 3881/1939
f 3783/1963 3928/1941 3815/1964
f 3928/1941 3783/1963 3902/1940
f 3815/1964 3950/1942 3831/1965
f 3950/1942 3815/1964 3928/1941
f 3831/1965 3970/1943 3849/1966
f 3970/1943 3831/1965 3950/1942
f 3220/1945 3235/1967 3210/1968
f 3235/1967 3220/1945 3251/1944
f 3251/1944 3261/1969 3235/1967
f 3261/1969 3251/1944 3286/1946
f 3286/1946 3287/1970 3261/1969
f 3287/1970 3286/1946 3316/1947
f 3316/1947 3312/1971 3287/1970
f 3312/1971 3316/1947 3350/1948
f 3350/1948 3336/1972 3312/1971
f 3336/1972 3350/1948 3372/1949
f 3372/1949 3356/1973 3336/1972
f 3356/1973 3372/1949 3413/1950
f 3413/1950 3383/1974 3356/1973
f 3383/1974 3413/1950 3452/1951
f 3452/1951 3406/1975 3383/1974
f 3406/1975 3452/1951 3480/1952
f 3480/1952 3439/1976 3406/1975
f 3439/1976 3480/1952 3511/1953
f 3511/1953 3462/1977 3439/1976
f 3462/1977 3511/1953 3545/1954
f 3545/1954 3490/1978 3462/1977
f 3490/1978 3545/1954 3585/1955
f 3585/1955 3512/1979 3490/1978
f 3512/1979 3585/1955 3620/1956
f 3620/1956 3537/1980 3512/1979
f 3537/1980 3620/1956 3644/1957
f 3644/1957 3563/1981 3537/1980
f 3563/1981 3644/1957 3664/1958
f 3664/1958 3597/1982 3563/1981
f 3597/1982 3664/1958 3689/1959
f 3689/1959 3618/1983 3597/1982
f 3618/1983 3689/1959 3716/1960
f 3716/1960 3634/1984 3618/1983
f 3634/1984 3716/1960 3736/1961
f 3736/1961 3652/1985 3634/1984
f 3652/1985 3736/1961 3760/1962
f 3652/1985 3783/1963 3666/1986
f 3783/1963 3652/1985 3760/1962
f 3666/1986 3815/1964 3683/1987
f 3815/1964 3666/1986 3783/1963
f 3683/1987 3831/1965 3695/1988
f 3831/1965 3683/1987 3815/1964
f 3695/1988 3849/1966 3714/1989
f 3849/1966 3695/1988 3831/1965
f 3210/1968 3215/1990 3202/1991
f 3215/1990 3210/1968 3235/1967
f 3235/1967 3233/1992 3215/1990
f 3233/1992 3235/1967 3261/1969
f 3261/1969 3249/1993 3233/1992
f 3249/1993 3261/1969 3287/1970
f 3287/1970 3271/1994 3249/1993
f 3271/1994 3287/1970 3312/1971
f 3312/1971 3295/1995 3271/1994
f 3295/1995 3312/1971 3336/1972
f 3336/1972 3308/1996 3295/1995
f 3308/1996 3336/1972 3356/1973
f 3356/1973 3325/1997 3308/1996
f 3325/1997 3356/1973 3383/1974
f 3383/1974 3344/1998 3325/1997
f 3344/1998 3383/1974 3406/1975
f 3406/1975 3362/1999 3344/1998
f 3362/1999 3406/1975 3439/1976
f 3439/1976 3378/2000 3362/1999
f 3378/2000 3439/1976 3462/1977
f 3462/1977 3395/2001 3378/2000
f 3395/2001 3462/1977 3490/1978
f 3490/1978 3418/2002 3395/2001
f 3418/2002 3490/1978 3512/1979
f 3512/1979 3437/2003 3418/2002
f 3437/2003 3512/1979 3537/1980
f 3537/1980 3456/2004 3437/2003
f 3456/2004 3537/1980 3563/1981
f 3563/1981 3472/2005 3456/2004
f 3472/2005 3563/1981 3597/1982
f 3597/1982 3488/2006 3472/2005
f 3488/2006 3597/1982 3618/1983
f 3618/1983 3500/2007 3488/2006
f 3500/2007 3618/1983 3634/1984
f 3634/1984 3523/2008 3500/2007
f 3523/2008 3634/1984 3652/1985
f 3523/2008 3666/1986 3535/2009
f 3666/1986 3523/2008 3652/1985
f 3535/2009 3683/1987 3547/2010
f 3683/1987 3535/2009 3666/1986
f 3547/2010 3695/1988 3565/2011
f 3695/1988 3547/2010 3683/1987
f 3565/2011 3714/1989 3581/2012
f 3714/1989 3565/2011 3695/1988
f 3202/1991 3203/2013 3194/2014
f 3203/2013 3202/1991 3215/1990
f 3215/1990 3211/2015 3203/2013
f 3211/2015 3215/1990 3233/1992
f 3233/1992 3221/2016 3211/2015
f 3221/2016 3233/1992 3249/1993
f 3249/1993 3229/2017 3221/2016
f 3229/2017 3249/1993 3271/1994
f 3271/1994 3243/2018 3229/2017
f 3243/2018 3271/1994 3295/1995
f 3295/1995 3255/2019 3243/2018
f 3255/2019 3295/1995 3308/1996
f 3308/1996 3267/2020 3255/2019
f 3267/2020 3308/1996 3325/1997
f 3325/1997 3281/2021 3267/2020
f 3281/2021 3325/1997 3344/1998
f 3344/1998 3299/2022 3281/2021
f 3299/2022 3344/1998 3362/1999
f 3362/1999 3303/2023 3299/2022
f 3303/2023 3362/1999 3378/2000
f 3378/2000 3319/2024 3303/2023
f 3319/2024 3378/2000 3395/2001
f 3395/2001 3330/2025 3319/2024
f 3330/2025 3395/2001 3418/2002
f 3418/2002 3340/2026 3330/2025
f 3340/2026 3418/2002 3437/2003
f 3437/2003 3352/2027 3340/2026
f 3352/2027 3437/2003 3456/2004
f 3456/2004 3360/2028 3352/2027
f 3360/2028 3456/2004 3472/2005
f 3472/2005 3368/2029 3360/2028
f 3368/2029 3472/2005 3488/2006
f 3488/2006 3376/2030 3368/2029
f 3376/2030 3488/2006 3500/2007
f 3500/2007 3392/2031 3376/2030
f 3392/2031 3500/2007 3523/2008
f 3392/2031 3535/2009 3399/2032
f 3535/2009 3392/2031 3523/2008
f 3399/2032 3547/2010 3404/2033
f 3547/2010 3399/2032 3535/2009
f 3404/2033 3565/2011 3420/2034
f 3565/2011 3404/2033 3547/2010
f 3420/2034 3581/2012 3431/2035
f 3581/2012 3420/2034 3565/2011
f 3194/2014 3191/2036 3189/2037
f 3191/2036 3194/2014 3203/2013
f 3203/2013 3195/2038 3191/2036
f 3195/2038 3203/2013 3211/2015
f 3211/2015 3197/2039 3195/2038
f 3197/2039 3211/2015 3221/2016
f 3221/2016 3199/2040 3197/2039
f 3199/2040 3221/2016 3229/2017
f 3229/2017 3205/2041 3199/2040
f 3205/2041 3229/2017 3243/2018
f 3243/2018 3207/2042 3205/2041
f 3207/2042 3243/2018 3255/2019
f 3255/2019 3213/2043 3207/2042
f 3213/2043 3255/2019 3267/2020
f 3267/2020 3217/2044 3213/2043
f 3217/2044 3267/2020 3281/2021
f 3281/2021 3223/2045 3217/2044
f 3223/2045 3281/2021 3299/2022
f 3299/2022 3227/2046 3223/2045
f 3227/2046 3299/2022 3303/2023
f 3303/2023 3239/2047 3227/2046
f 3239/2047 3303/2023 3319/2024
f 3319/2024 3241/2048 3239/2047
f 3241/2048 3319/2024 3330/2025
f 3330/2025 3247/2049 3241/2048
f 3247/2049 3330/2025 3340/2026
f 3340/2026 3253/2050 3247/2049
f 3253/2050 3340/2026 3352/2027
f 3352/2027 3259/2051 3253/2050
f 3259/2051 3352/2027 3360/2028
f 3360/2028 3263/2052 3259/2051
f 3263/2052 3360/2028 3368/2029
f 3368/2029 3265/2053 3263/2052
f 3265/2053 3368/2029 3376/2030
f 3376/2030 3275/2054 3265/2053
f 3275/2054 3376/2030 3392/2031
f 3275/2054 3399/2032 3277/2055
f 3399/2032 3275/2054 3392/2031
f 3277/2055 3404/2033 3279/2056
f 3404/2033 3277/2055 3399/2032
f 3279/2056 3420/2034 3289/2057
f 3420/2034 3279/2056 3404/2033
f 3289/2057 3431/2035 3293/2058
f 3431/2035 3289/2057 3420/2034
f 3189/2037 3156/2059 3155/2060
f 3156/2059 3189/2037 3191/2036
f 3191/2036 3157/2061 3156/2059
f 3157/2061 3191/2036 3195/2038
f 3157/2061 3197/2039 3158/2062
f 3197/2039 3157/2061 3195/2038
f 3197/2039 3159/2063 3158/2062
f 3159/2063 3197/2039 3199/2040
f 3199/2040 3160/2064 3159/2063
f 3160/2064 3199/2040 3205/2041
f 3160/2064 3207/2042 3161/2065
f 3207/2042 3160/2064 3205/2041
f 3207/2042 3162/2066 3161/2065
f 3162/2066 3207/2042 3213/2043
f 3213/2043 3163/2067 3162/2066
f 3163/2067 3213/2043 3217/2044
f 3163/2067 3223/2045 3164/2068
f 3223/2045 3163/2067 3217/2044
f 3223/2045 3165/2069 3164/2068
f 3165/2069 3223/2045 3227/2046
f 3227/2046 3166/2070 3165/2069
f 3166/2070 3227/2046 3239/2047
f 3166/2070 3241/2048 3167/2071
f 3241/2048 3166/2070 3239/2047
f 3241/2048 3168/2072 3167/2071
f 3168/2072 3241/2048 3247/2049
f 3247/2049 3169/2073 3168/2072
f 3169/2073 3247/2049 3253/2050
f 3253/2050 3170/2074 3169/2073
f 3170/2074 3253/2050 3259/2051
f 3259/2051 3171/2075 3170/2074
f 3171/2075 3259/2051 3263/2052
f 3263/2052 3172/2076 3171/2075
f 3172/2076 3263/2052 3265/2053
f 3265/2053 3173/2077 3172/2076
f 3173/2077 3265/2053 3275/2054
f 3173/2077 3277/2055 3174/2078
f 3277/2055 3173/2077 3275/2054
f 3174/2078 3279/2056 3175/2079
f 3279/2056 3174/2078 3277/2055
f 3175/2079 3289/2057 3176/2080
f 3289/2057 3175/2079 3279/2056
f 3176/2080 3293/2058 3177/2081
f 3293/2058 3176/2080 3289/2057
f 3122/2082 3156/2059 3120/2083
f 3156/2059 3122/2082 3155/2060
f 3120/2083 3157/2061 3118/2084
f 3157/2061 3120/2083 3156/2059
f 3118/2084 3158/2062 3114/2085
f 3158/2062 3118/2084 3157/2061
f 3114/2085 3159/2063 3112/2086
f 3159/2063 3114/2085 3158/2062
f 3112/2086 3160/2064 3104/2087
f 3160/2064 3112/2086 3159/2063
f 3104/2087 3161/2065 3102/2088
f 3161/2065 3104/2087 3160/2064
f 3102/2088 3162/2066 3096/2089
f 3162/2066 3102/2088 3161/2065
f 3096/2089 3163/2067 3090/2090
f 3163/2067 3096/2089 3162/2066
f 3090/2090 3164/2068 3082/2091
f 3164/2068 3090/2090 3163/2067
f 3082/2091 3165/2069 3080/2092
f 3165/2069 3082/2091 3164/2068
f 3080/2092 3166/2070 3070/2093
f 3166/2070 3080/2092 3165/2069
f 3070/2093 3167/2071 3068/2094
f 3167/2071 3070/2093 3166/2070
f 3068/2094 3168/2072 3062/2095
f 3168/2072 3068/2094 3167/2071
f 3062/2095 3169/2073 3056/2096
f 3169/2073 3062/2095 3168/2072
f 3056/2096 3170/2074 3052/2097
f 3170/2074 3056/2096 3169/2073
f 3052/2097 3171/2075 3046/2098
f 3171/2075 3052/2097 3170/2074
f 3046/2098 3172/2076 3044/2099
f 3172/2076 3046/2098 3171/2075
f 3044/2099 3173/2077 3034/2100
f 3173/2077 3044/2099 3172/2076
f 3034/2100 3174/2078 3032/2101
f 3174/2078 3034/2100 3173/2077
f 3032/2101 3175/2079 3030/2102
f 3175/2079 3032/2101 3174/2078
f 3030/2102 3176/2080 3018/2103
f 3176/2080 3030/2102 3175/2079
f 3018/2103 3177/2081 3016/2104
f 3177/2081 3018/2103 3176/2080
f 3117/2105 3120/2083 3110/2106
f 3120/2083 3117/2105 3122/2082
f 3110/2106 3118/2084 3100/2107
f 3118/2084 3110/2106 3120/2083
f 3100/2107 3114/2085 3088/2108
f 3114/2085 3100/2107 3118/2084
f 3088/2108 3112/2086 3078/2109
f 3112/2086 3088/2108 3114/2085
f 3078/2109 3104/2087 3066/2110
f 3104/2087 3078/2109 3112/2086
f 3066/2110 3102/2088 3054/2111
f 3102/2088 3066/2110 3104/2087
f 3054/2111 3096/2089 3042/2112
f 3096/2089 3054/2111 3102/2088
f 3042/2112 3090/2090 3026/2113
f 3090/2090 3042/2112 3096/2089
f 3026/2113 3082/2091 3010/2114
f 3082/2091 3026/2113 3090/2090
f 3010/2114 3080/2092 3005/2115
f 3080/2092 3010/2114 3082/2091
f 3005/2115 3070/2093 2989/2116
f 3070/2093 3005/2115 3080/2092
f 2989/2116 3068/2094 2981/2117
f 3068/2094 2989/2116 3070/2093
f 2981/2117 3062/2095 2953/2118
f 3062/2095 2981/2117 3068/2094
f 2953/2118 3056/2096 2939/2119
f 3056/2096 2953/2118 3062/2095
f 2939/2119 3052/2097 2929/2120
f 3052/2097 2939/2119 3056/2096
f 2929/2120 3046/2098 2919/2121
f 3046/2098 2929/2120 3052/2097
f 2919/2121 3044/2099 2911/2122
f 3044/2099 2919/2121 3046/2098
f 2911/2122 3034/2100 2897/2123
f 3034/2100 2911/2122 3044/2099
f 2897/2123 3032/2101 2891/2124
f 3032/2101 2897/2123 3034/2100
f 2891/2124 3030/2102 2885/2125
f 3030/2102 2891/2124 3032/2101
f 2885/2125 3018/2103 2871/2126
f 3018/2103 2885/2125 3030/2102
f 2871/2126 3016/2104 2861/2127
f 3016/2104 2871/2126 3018/2103
f 3109/2128 3110/2106 3094/2129
f 3110/2106 3109/2128 3117/2105
f 3094/2129 3100/2107 3074/2130
f 3100/2107 3094/2129 3110/2106
f 3074/2130 3088/2108 3060/2131
f 3088/2108 3074/2130 3100/2107
f 3060/2131 3078/2109 3038/2132
f 3078/2109 3060/2131 3088/2108
f 3038/2132 3066/2110 3014/2133
f 3066/2110 3038/2132 3078/2109
f 3014/2133 3054/2111 3001/2134
f 3054/2111 3014/2133 3066/2110
f 3001/2134 3042/2112 2985/2135
f 3042/2112 3001/2134 3054/2111
f 2985/2135 3026/2113 2949/2136
f 3026/2113 2985/2135 3042/2112
f 2949/2136 3010/2114 2927/2137
f 3010/2114 2949/2136 3026/2113
f 2927/2137 3005/2115 2909/2138
f 3005/2115 2927/2137 3010/2114
f 2909/2138 2989/2116 2895/2139
f 2989/2116 2909/2138 3005/2115
f 2895/2139 2981/2117 2873/2140
f 2981/2117 2895/2139 2989/2116
f 2873/2140 2953/2118 2855/2141
f 2953/2118 2873/2140 2981/2117
f 2855/2141 2939/2119 2841/2142
f 2939/2119 2855/2141 2953/2118
f 2841/2142 2929/2120 2825/2143
f 2929/2120 2841/2142 2939/2119
f 2825/2143 2919/2121 2811/2144
f 2919/2121 2825/2143 2929/2120
f 2811/2144 2911/2122 2797/2145
f 2911/2122 2811/2144 2919/2121
f 2797/2145 2897/2123 2774/2146
f 2897/2123 2797/2145 2911/2122
f 2774/2146 2891/2124 2761/2147
f 2891/2124 2774/2146 2897/2123
f 2761/2147 2885/2125 2745/2148
f 2885/2125 2761/2147 2891/2124
f 2745/2148 2871/2126 2727/2149
f 2871/2126 2745/2148 2885/2125
f 2727/2149 2861/2127 2711/2150
f 2861/2127 2727/2149 2871/2126
f 3099/2151 3094/2129 3073/2152
f 3094/2129 3099/2151 3109/2128
f 3073/2152 3074/2130 3048/2153
f 3074/2130 3073/2152 3094/2129
f 3048/2153 3060/2131 3022/2154
f 3060/2131 3048/2153 3074/2130
f 3022/2154 3038/2132 2997/2155
f 3038/2132 3022/2154 3060/2131
f 2997/2155 3014/2133 2957/2156
f 3014/2133 2997/2155 3038/2132
f 2957/2156 3001/2134 2933/2157
f 3001/2134 2957/2156 3014/2133
f 2933/2157 2985/2135 2905/2158
f 2985/2135 2933/2157 3001/2134
f 2905/2158 2949/2136 2883/2159
f 2949/2136 2905/2158 2985/2135
f 2883/2159 2927/2137 2853/2160
f 2927/2137 2883/2159 2949/2136
f 2853/2160 2909/2138 2835/2161
f 2909/2138 2853/2160 2927/2137
f 2835/2161 2895/2139 2809/2162
f 2895/2139 2835/2161 2909/2138
f 2809/2162 2873/2140 2787/2163
f 2873/2140 2809/2162 2895/2139
f 2787/2163 2855/2141 2759/2164
f 2855/2141 2787/2163 2873/2140
f 2759/2164 2841/2142 2729/2165
f 2841/2142 2759/2164 2855/2141
f 2729/2165 2825/2143 2693/2166
f 2825/2143 2729/2165 2841/2142
f 2693/2166 2811/2144 2674/2167
f 2811/2144 2693/2166 2825/2143
f 2674/2167 2797/2145 2656/2168
f 2797/2145 2674/2167 2811/2144
f 2656/2168 2774/2146 2638/2169
f 2774/2146 2656/2168 2797/2145
f 2638/2169 2761/2147 2622/2170
f 2761/2147 2638/2169 2774/2146
f 2622/2170 2745/2148 2607/2171
f 2745/2148 2622/2170 2761/2147
f 2607/2171 2727/2149 2592/2172
f 2727/2149 2607/2171 2745/2148
f 2592/2172 2711/2150 2572/2173
f 2711/2150 2592/2172 2727/2149
f 3087/2174 3073/2152 3058/2175
f 3073/2152 3087/2174 3099/2151
f 3058/2175 3048/2153 3020/2176
f 3048/2153 3058/2175 3073/2152
f 3020/2176 3022/2154 2991/2177
f 3022/2154 3020/2176 3048/2153
f 2991/2177 2997/2155 2943/2178
f 2997/2155 2991/2177 3022/2154
f 2943/2178 2957/2156 2915/2179
f 2957/2156 2943/2178 2997/2155
f 2915/2179 2933/2157 2877/2180
f 2933/2157 2915/2179 2957/2156
f 2877/2180 2905/2158 2845/2181
f 2905/2158 2877/2180 2933/2157
f 2845/2181 2883/2159 2817/2182
f 2883/2159 2845/2181 2905/2158
f 2817/2182 2853/2160 2786/2183
f 2853/2160 2817/2182 2883/2159
f 2786/2183 2835/2161 2747/2184
f 2835/2161 2786/2183 2853/2160
f 2747/2184 2809/2162 2709/2185
f 2809/2162 2747/2184 2835/2161
f 2709/2185 2787/2163 2672/2186
f 2787/2163 2709/2185 2809/2162
f 2672/2186 2759/2164 2646/2187
f 2759/2164 2672/2186 2787/2163
f 2646/2187 2729/2165 2624/2188
f 2729/2165 2646/2187 2759/2164
f 2624/2188 2693/2166 2598/2189
f 2693/2166 2624/2188 2729/2165
f 2598/2189 2674/2167 2570/2190
f 2674/2167 2598/2189 2693/2166
f 2570/2190 2656/2168 2548/2191
f 2656/2168 2570/2190 2674/2167
f 2548/2191 2638/2169 2521/2192
f 2638/2169 2548/2191 2656/2168
f 2521/2192 2622/2170 2494/2193
f 2622/2170 2521/2192 2638/2169
f 2494/2193 2607/2171 2461/2194
f 2607/2171 2494/2193 2622/2170
f 2461/2194 2592/2172 2441/2195
f 2592/2172 2461/2194 2607/2171
f 2441/2195 2572/2173 2425/2196
f 2572/2173 2441/2195 2592/2172
f 3076/2197 3058/2175 3036/2198
f 3058/2175 3076/2197 3087/2174
f 3036/2198 3020/2176 2995/2199
f 3020/2176 3036/2198 3058/2175
f 2995/2199 2991/2177 2941/2200
f 2991/2177 2995/2199 3020/2176
f 2941/2200 2943/2178 2901/2201
f 2943/2178 2941/2200 2991/2177
f 2901/2201 2915/2179 2863/2202
f 2915/2179 2901/2201 2943/2178
f 2863/2202 2877/2180 2829/2203
f 2877/2180 2863/2202 2915/2179
f 2829/2203 2845/2181 2793/2204
f 2845/2181 2829/2203 2877/2180
f 2793/2204 2817/2182 2743/2205
f 2817/2182 2793/2204 2845/2181
f 2743/2205 2786/2183 2682/2206
f 2786/2183 2743/2205 2817/2182
f 2682/2206 2747/2184 2658/2207
f 2747/2184 2682/2206 2786/2183
f 2658/2207 2709/2185 2632/2208
f 2709/2185 2658/2207 2747/2184
f 2632/2208 2672/2186 2594/2209
f 2672/2186 2632/2208 2709/2185
f 2594/2209 2646/2187 2560/2210
f 2646/2187 2594/2209 2672/2186
f 2560/2210 2624/2188 2527/2211
f 2624/2188 2560/2210 2646/2187
f 2527/2211 2598/2189 2485/2212
f 2598/2189 2527/2211 2624/2188
f 2485/2212 2570/2190 2445/2213
f 2570/2190 2485/2212 2598/2189
f 2445/2213 2548/2191 2423/2214
f 2548/2191 2445/2213 2570/2190
f 2423/2214 2521/2192 2395/2215
f 2521/2192 2423/2214 2548/2191
f 2395/2215 2494/2193 2377/2216
f 2494/2193 2395/2215 2521/2192
f 2377/2216 2461/2194 2353/2217
f 2461/2194 2377/2216 2494/2193
f 2353/2217 2441/2195 2333/2218
f 2441/2195 2353/2217 2461/2194
f 2333/2218 2425/2196 2313/2219
f 2425/2196 2333/2218 2441/2195
f 3064/2220 3036/2198 3012/2221
f 3036/2198 3064/2220 3076/2197
f 3012/2221 2995/2199 2955/2222
f 2995/2199 3012/2221 3036/2198
f 2955/2222 2941/2200 2913/2223
f 2941/2200 2955/2222 2995/2199
f 2913/2223 2901/2201 2860/2224
f 2901/2201 2913/2223 2941/2200
f 2860/2224 2863/2202 2821/2225
f 2863/2202 2860/2224 2901/2201
f 2821/2225 2829/2203 2772/2226
f 2829/2203 2821/2225 2863/2202
f 2772/2226 2793/2204 2717/2227
f 2793/2204 2772/2226 2829/2203
f 2717/2227 2743/2205 2664/2228
f 2743/2205 2717/2227 2793/2204
f 2664/2228 2682/2206 2634/2229
f 2682/2206 2664/2228 2743/2205
f 2634/2229 2658/2207 2590/2230
f 2658/2207 2634/2229 2682/2206
f 2590/2230 2632/2208 2546/2231
f 2632/2208 2590/2230 2658/2207
f 2546/2231 2594/2209 2501/2232
f 2594/2209 2546/2231 2632/2208
f 2501/2232 2560/2210 2449/2233
f 2560/2210 2501/2232 2594/2209
f 2449/2233 2527/2211 2417/2234
f 2527/2211 2449/2233 2560/2210
f 2417/2234 2485/2212 2387/2235
f 2485/2212 2417/2234 2527/2211
f 2387/2235 2445/2213 2359/2236
f 2445/2213 2387/2235 2485/2212
f 2359/2236 2423/2214 2329/2237
f 2423/2214 2359/2236 2445/2213
f 2329/2237 2395/2215 2291/2238
f 2395/2215 2329/2237 2423/2214
f 2291/2238 2377/2216 2268/2239
f 2377/2216 2291/2238 2395/2215
f 2268/2239 2353/2217 2244/2240
f 2353/2217 2268/2239 2377/2216
f 2244/2240 2333/2218 2224/2241
f 2333/2218 2244/2240 2353/2217
f 2224/2241 2313/2219 2200/2242
f 2313/2219 2224/2241 2333/2218
f 3050/2243 3012/2221 2999/2244
f 3012/2221 3050/2243 3064/2220
f 2999/2244 2955/2222 2931/2245
f 2955/2222 2999/2244 3012/2221
f 2931/2245 2913/2223 2875/2246
f 2913/2223 2931/2245 2955/2222
f 2875/2246 2860/2224 2827/2247
f 2860/2224 2875/2246 2913/2223
f 2827/2247 2821/2225 2768/2248
f 2821/2225 2827/2247 2860/2224
f 2768/2248 2772/2226 2703/2249
f 2772/2226 2768/2248 2821/2225
f 2703/2249 2717/2227 2650/2250
f 2717/2227 2703/2249 2772/2226
f 2650/2250 2664/2228 2609/2251
f 2664/2228 2650/2250 2717/2227
f 2609/2251 2634/2229 2562/2252
f 2634/2229 2609/2251 2664/2228
f 2562/2252 2590/2230 2509/2253
f 2590/2230 2562/2252 2634/2229
f 2509/2253 2546/2231 2447/2254
f 2546/2231 2509/2253 2590/2230
f 2447/2254 2501/2232 2407/2255
f 2501/2232 2447/2254 2546/2231
f 2407/2255 2449/2233 2371/2256
f 2449/2233 2407/2255 2501/2232
f 2371/2256 2417/2234 2339/2257
f 2417/2234 2371/2256 2449/2233
f 2339/2257 2387/2235 2299/2258
f 2387/2235 2339/2257 2417/2234
f 2299/2258 2359/2236 2258/2259
f 2359/2236 2299/2258 2387/2235
f 2258/2259 2329/2237 2230/2260
f 2329/2237 2258/2259 2359/2236
f 2230/2260 2291/2238 2208/2261
f 2291/2238 2230/2260 2329/2237
f 2208/2261 2268/2239 2175/2262
f 2268/2239 2208/2261 2291/2238
f 2175/2262 2244/2240 2148/2263
f 2244/2240 2175/2262 2268/2239
f 2148/2263 2224/2241 2107/2264
f 2224/2241 2148/2263 2244/2240
f 2107/2264 2200/2242 2084/2265
f 2200/2242 2107/2264 2224/2241
f 3040/2266 2999/2244 2983/2267
f 2999/2244 3040/2266 3050/2243
f 2983/2267 2931/2245 2903/2268
f 2931/2245 2983/2267 2999/2244
f 2903/2268 2875/2246 2843/2269
f 2875/2246 2903/2268 2931/2245
f 2843/2269 2827/2247 2791/2270
f 2827/2247 2843/2269 2875/2246
f 2791/2270 2768/2248 2715/2271
f 2768/2248 2791/2270 2827/2247
f 2715/2271 2703/2249 2648/2272
f 2703/2249 2715/2271 2768/2248
f 2648/2272 2650/2250 2600/2273
f 2650/2250 2648/2272 2703/2249
f 2600/2273 2609/2251 2544/2274
f 2609/2251 2600/2273 2650/2250
f 2544/2274 2562/2252 2480/2275
f 2562/2252 2544/2274 2609/2251
f 2480/2275 2509/2253 2427/2276
f 2509/2253 2480/2275 2562/2252
f 2427/2276 2447/2254 2385/2277
f 2447/2254 2427/2276 2509/2253
f 2385/2277 2407/2255 2343/2278
f 2407/2255 2385/2277 2447/2254
f 2343/2278 2371/2256 2287/2279
f 2371/2256 2343/2278 2407/2255
f 2287/2279 2339/2257 2254/2280
f 2339/2257 2287/2279 2371/2256
f 2254/2280 2299/2258 2220/2281
f 2299/2258 2254/2280 2339/2257
f 2220/2281 2258/2259 2182/2282
f 2258/2259 2220/2281 2299/2258
f 2182/2282 2230/2260 2146/2283
f 2230/2260 2182/2282 2258/2259
f 2146/2283 2208/2261 2098/2284
f 2208/2261 2146/2283 2230/2260
f 2098/2284 2175/2262 2065/2285
f 2175/2262 2098/2284 2208/2261
f 2065/2285 2148/2263 2043/2286
f 2148/2263 2065/2285 2175/2262
f 2043/2286 2107/2264 2017/2287
f 2107/2264 2043/2286 2148/2263
f 2017/2287 2084/2265 1979/2288
f 2084/2265 2017/2287 2107/2264
f 3024/2289 2983/2267 2945/2290
f 2983/2267 3024/2289 3040/2266
f 2945/2290 2903/2268 2879/2291
f 2903/2268 2945/2290 2983/2267
f 2879/2291 2843/2269 2815/2292
f 2843/2269 2879/2291 2903/2268
f 2815/2292 2791/2270 2735/2293
f 2791/2270 2815/2292 2843/2269
f 2735/2293 2715/2271 2660/2294
f 2715/2271 2735/2293 2791/2270
f 2660/2294 2648/2272 2606/2295
f 2648/2272 2660/2294 2715/2271
f 2606/2295 2600/2273 2542/2296
f 2600/2273 2606/2295 2648/2272
f 2542/2296 2544/2274 2466/2297
f 2544/2274 2542/2296 2600/2273
f 2466/2297 2480/2275 2411/2298
f 2480/2275 2466/2297 2544/2274
f 2411/2298 2427/2276 2365/2299
f 2427/2276 2411/2298 2480/2275
f 2365/2299 2385/2277 2317/2300
f 2385/2277 2365/2299 2427/2276
f 2317/2300 2343/2278 2260/2301
f 2343/2278 2317/2300 2385/2277
f 2260/2301 2287/2279 2222/2302
f 2287/2279 2260/2301 2343/2278
f 2222/2302 2254/2280 2177/2303
f 2254/2280 2222/2302 2287/2279
f 2177/2303 2220/2281 2140/2304
f 2220/2281 2177/2303 2254/2280
f 2140/2304 2182/2282 2087/2305
f 2182/2282 2140/2304 2220/2281
f 2087/2305 2146/2283 2051/2306
f 2146/2283 2087/2305 2182/2282
f 2051/2306 2098/2284 2019/2307
f 2098/2284 2051/2306 2146/2283
f 2019/2307 2065/2285 1977/2308
f 2065/2285 2019/2307 2098/2284
f 1977/2308 2043/2286 1940/2309
f 2043/2286 1977/2308 2065/2285
f 1940/2309 2017/2287 1917/2310
f 2017/2287 1940/2309 2043/2286
f 1917/2310 1979/2288 1889/2311
f 1979/2288 1917/2310 2017/2287
f 3008/2312 2945/2290 2923/2313
f 2945/2290 3008/2312 3024/2289
f 2923/2313 2879/2291 2851/2314
f 2879/2291 2923/2313 2945/2290
f 2851/2314 2815/2292 2781/2315
f 2815/2292 2851/2314 2879/2291
f 2781/2315 2735/2293 2680/2316
f 2735/2293 2781/2315 2815/2292
f 2680/2316 2660/2294 2628/2317
f 2660/2294 2680/2316 2735/2293
f 2628/2317 2606/2295 2554/2318
f 2606/2295 2628/2317 2660/2294
f 2554/2318 2542/2296 2474/2319
f 2542/2296 2554/2318 2606/2295
f 2474/2319 2466/2297 2409/2320
f 2466/2297 2474/2319 2542/2296
f 2409/2320 2411/2298 2358/2321
f 2411/2298 2409/2320 2466/2297
f 2358/2321 2365/2299 2303/2322
f 2365/2299 2358/2321 2411/2298
f 2303/2322 2317/2300 2246/2323
f 2317/2300 2303/2322 2365/2299
f 2246/2323 2260/2301 2198/2324
f 2260/2301 2246/2323 2317/2300
f 2198/2324 2222/2302 2157/2325
f 2222/2302 2198/2324 2260/2301
f 2157/2325 2177/2303 2092/2326
f 2177/2303 2157/2325 2222/2302
f 2092/2326 2140/2304 2053/2327
f 2140/2304 2092/2326 2177/2303
f 2053/2327 2087/2305 2011/2328
f 2087/2305 2053/2327 2140/2304
f 2011/2328 2051/2306 1965/2329
f 2051/2306 2011/2328 2087/2305
f 1965/2329 2019/2307 1922/2330
f 2019/2307 1965/2329 2051/2306
f 1922/2330 1977/2308 1896/2331
f 1977/2308 1922/2330 2019/2307
f 1896/2331 1940/2309 1861/2332
f 1940/2309 1896/2331 1977/2308
f 1861/2332 1917/2310 1826/2333
f 1917/2310 1861/2332 1940/2309
f 1826/2333 1889/2311 1785/2334
f 1889/2311 1826/2333 1917/2310
f 3003/2335 2923/2313 2907/2336
f 2923/2313 3003/2335 3008/2312
f 2907/2336 2851/2314 2831/2337
f 2851/2314 2907/2336 2923/2313
f 2831/2337 2781/2315 2741/2338
f 2781/2315 2831/2337 2851/2314
f 2741/2338 2680/2316 2652/2339
f 2680/2316 2741/2338 2781/2315
f 2652/2339 2628/2317 2576/2340
f 2628/2317 2652/2339 2680/2316
f 2576/2340 2554/2318 2505/2341
f 2554/2318 2576/2340 2628/2317
f 2505/2341 2474/2319 2421/2342
f 2474/2319 2505/2341 2554/2318
f 2421/2342 2409/2320 2363/2343
f 2409/2320 2421/2342 2474/2319
f 2363/2343 2358/2321 2297/2344
f 2358/2321 2363/2343 2409/2320
f 2297/2344 2303/2322 2234/2345
f 2303/2322 2297/2344 2358/2321
f 2234/2345 2246/2323 2188/2346
f 2246/2323 2234/2345 2303/2322
f 2188/2346 2198/2324 2133/2347
f 2198/2324 2188/2346 2246/2323
f 2133/2347 2157/2325 2069/2348
f 2157/2325 2133/2347 2198/2324
f 2069/2348 2092/2326 2027/2349
f 2092/2326 2069/2348 2157/2325
f 2027/2349 2053/2327 1973/2350
f 2053/2327 2027/2349 2092/2326
f 1973/2350 2011/2328 1924/2351
f 2011/2328 1973/2350 2053/2327
f 1924/2351 1965/2329 1891/2352
f 1965/2329 1924/2351 2011/2328
f 1891/2352 1922/2330 1850/2353
f 1922/2330 1891/2352 1965/2329
f 1850/2353 1896/2331 1799/2354
f 1896/2331 1850/2353 1922/2330
f 1799/2354 1861/2332 1763/2355
f 1861/2332 1799/2354 1896/2331
f 1763/2355 1826/2333 1730/2356
f 1826/2333 1763/2355 1861/2332
f 1730/2356 1785/2334 1704/2357
f 1785/2334 1730/2356 1826/2333
f 2987/2358 2907/2336 2889/2359
f 2907/2336 2987/2358 3003/2335
f 2889/2359 2831/2337 2803/2360
f 2831/2337 2889/2359 2907/2336
f 2803/2360 2741/2338 2697/2361
f 2741/2338 2803/2360 2831/2337
f 2697/2361 2652/2339 2620/2362
f 2652/2339 2697/2361 2741/2338
f 2620/2362 2576/2340 2536/2363
f 2576/2340 2620/2362 2652/2339
f 2536/2363 2505/2341 2443/2364
f 2505/2341 2536/2363 2576/2340
f 2443/2364 2421/2342 2379/2365
f 2421/2342 2443/2364 2505/2341
f 2379/2365 2363/2343 2311/2366
f 2363/2343 2379/2365 2421/2342
f 2311/2366 2297/2344 2242/2367
f 2297/2344 2311/2366 2363/2343
f 2242/2367 2234/2345 2186/2368
f 2234/2345 2242/2367 2297/2344
f 2186/2368 2188/2346 2120/2369
f 2188/2346 2186/2368 2234/2345
f 2120/2369 2133/2347 2061/2370
f 2133/2347 2120/2369 2188/2346
f 2061/2370 2069/2348 2007/2371
f 2069/2348 2061/2370 2133/2347
f 2007/2371 2027/2349 1944/2372
f 2027/2349 2007/2371 2069/2348
f 1944/2372 1973/2350 1905/2373
f 1973/2350 1944/2372 2027/2349
f 1905/2373 1924/2351 1857/2374
f 1924/2351 1905/2373 1973/2350
f 1857/2374 1891/2352 1806/2375
f 1891/2352 1857/2374 1924/2351
f 1806/2375 1850/2353 1761/2376
f 1850/2353 1806/2375 1891/2352
f 1761/2376 1799/2354 1725/2377
f 1799/2354 1761/2376 1850/2353
f 1725/2377 1763/2355 1685/2378
f 1763/2355 1725/2377 1799/2354
f 1685/2378 1730/2356 1651/2379
f 1730/2356 1685/2378 1763/2355
f 1651/2379 1704/2357 1619/2380
f 1704/2357 1651/2379 1730/2356
f 2979/2381 2889/2359 2867/2382
f 2889/2359 2979/2381 2987/2358
f 2867/2382 2803/2360 2776/2383
f 2803/2360 2867/2382 2889/2359
f 2776/2383 2697/2361 2668/2384
f 2697/2361 2776/2383 2803/2360
f 2668/2384 2620/2362 2584/2385
f 2620/2362 2668/2384 2697/2361
f 2584/2385 2536/2363 2489/2386
f 2536/2363 2584/2385 2620/2362
f 2489/2386 2443/2364 2401/2387
f 2443/2364 2489/2386 2536/2363
f 2401/2387 2379/2365 2335/2388
f 2379/2365 2401/2387 2443/2364
f 2335/2388 2311/2366 2256/2389
f 2311/2366 2335/2388 2379/2365
f 2256/2389 2242/2367 2196/2390
f 2242/2367 2256/2389 2311/2366
f 2196/2390 2186/2368 2127/2391
f 2186/2368 2196/2390 2242/2367
f 2127/2391 2120/2369 2057/2392
f 2120/2369 2127/2391 2186/2368
f 2057/2392 2061/2370 1993/2393
f 2061/2370 2057/2392 2120/2369
f 1993/2393 2007/2371 1934/2394
f 2007/2371 1993/2393 2061/2370
f 1934/2394 1944/2372 1887/2395
f 1944/2372 1934/2394 2007/2371
f 1887/2395 1905/2373 1835/2396
f 1905/2373 1887/2395 1944/2372
f 1835/2396 1857/2374 1779/2397
f 1857/2374 1835/2396 1905/2373
f 1779/2397 1806/2375 1734/2398
f 1806/2375 1779/2397 1857/2374
f 1734/2398 1761/2376 1691/2399
f 1761/2376 1734/2398 1806/2375
f 1691/2399 1725/2377 1647/2400
f 1725/2377 1691/2399 1761/2376
f 1647/2400 1685/2378 1609/2401
f 1685/2378 1647/2400 1725/2377
f 1609/2401 1651/2379 1569/2402
f 1651/2379 1609/2401 1685/2378
f 1569/2402 1619/2380 1537/2403
f 1619/2380 1569/2402 1651/2379
f 2951/2404 2867/2382 2849/2405
f 2867/2382 2951/2404 2979/2381
f 2849/2405 2776/2383 2749/2406
f 2776/2383 2849/2405 2867/2382
f 2749/2406 2668/2384 2640/2407
f 2668/2384 2749/2406 2776/2383
f 2640/2407 2584/2385 2552/2408
f 2584/2385 2640/2407 2668/2384
f 2552/2408 2489/2386 2439/2409
f 2489/2386 2552/2408 2584/2385
f 2439/2409 2401/2387 2367/2410
f 2401/2387 2439/2409 2489/2386
f 2367/2410 2335/2388 2278/2411
f 2335/2388 2367/2410 2401/2387
f 2278/2411 2256/2389 2212/2412
f 2256/2389 2278/2411 2335/2388
f 2212/2412 2196/2390 2144/2413
f 2196/2390 2212/2412 2256/2389
f 2144/2413 2127/2391 2063/2414
f 2127/2391 2144/2413 2196/2390
f 2063/2414 2057/2392 1995/2415
f 2057/2392 2063/2414 2127/2391
f 1995/2415 1993/2393 1930/2416
f 1993/2393 1995/2415 2057/2392
f 1930/2416 1934/2394 1879/2417
f 1934/2394 1930/2416 1993/2393
f 1879/2417 1887/2395 1816/2418
f 1887/2395 1879/2417 1934/2394
f 1816/2418 1835/2396 1759/2419
f 1835/2396 1816/2418 1887/2395
f 1759/2419 1779/2397 1714/2420
f 1779/2397 1759/2419 1835/2396
f 1714/2420 1734/2398 1663/2421
f 1734/2398 1714/2420 1779/2397
f 1663/2421 1691/2399 1623/2422
f 1691/2399 1663/2421 1734/2398
f 1623/2422 1647/2400 1576/2423
f 1647/2400 1623/2422 1691/2399
f 1576/2423 1609/2401 1529/2424
f 1609/2401 1576/2423 1647/2400
f 1529/2424 1569/2402 1487/2425
f 1569/2402 1529/2424 1609/2401
f 1487/2425 1537/2403 1440/2426
f 1537/2403 1487/2425 1569/2402
f 2937/2427 2849/2405 2837/2428
f 2849/2405 2937/2427 2951/2404
f 2837/2428 2749/2406 2719/2429
f 2749/2406 2837/2428 2849/2405
f 2719/2429 2640/2407 2614/2430
f 2640/2407 2719/2429 2749/2406
f 2614/2430 2552/2408 2516/2431
f 2552/2408 2614/2430 2640/2407
f 2516/2431 2439/2409 2405/2432
f 2439/2409 2516/2431 2552/2408
f 2405/2432 2367/2410 2323/2433
f 2367/2410 2405/2432 2439/2409
f 2323/2433 2278/2411 2236/2434
f 2278/2411 2323/2433 2367/2410
f 2236/2434 2212/2412 2170/2435
f 2212/2412 2236/2434 2278/2411
f 2170/2435 2144/2413 2081/2436
f 2144/2413 2170/2435 2212/2412
f 2081/2436 2063/2414 2021/2437
f 2063/2414 2081/2436 2144/2413
f 2021/2437 1995/2415 1936/2438
f 1995/2415 2021/2437 2063/2414
f 1936/2438 1930/2416 1885/2439
f 1930/2416 1936/2438 1995/2415
f 1885/2439 1879/2417 1813/2440
f 1879/2417 1885/2439 1930/2416
f 1813/2440 1816/2418 1755/2441
f 1816/2418 1813/2440 1879/2417
f 1755/2441 1759/2419 1702/2442
f 1759/2419 1755/2441 1816/2418
f 1702/2442 1714/2420 1643/2443
f 1714/2420 1702/2442 1759/2419
f 1643/2443 1663/2421 1599/2444
f 1663/2421 1643/2443 1714/2420
f 1599/2444 1623/2422 1548/2445
f 1623/2422 1599/2444 1663/2421
f 1548/2445 1576/2423 1496/2446
f 1576/2423 1548/2445 1623/2422
f 1496/2446 1529/2424 1452/2447
f 1529/2424 1496/2446 1576/2423
f 1452/2447 1487/2425 1407/2448
f 1487/2425 1452/2447 1529/2424
f 1407/2448 1440/2426 1371/2449
f 1440/2426 1407/2448 1487/2425
f 2921/2450 2837/2428 2819/2451
f 2837/2428 2921/2450 2937/2427
f 2819/2451 2719/2429 2678/2452
f 2719/2429 2819/2451 2837/2428
f 2678/2452 2614/2430 2586/2453
f 2614/2430 2678/2452 2719/2429
f 2586/2453 2516/2431 2463/2454
f 2516/2431 2586/2453 2614/2430
f 2463/2454 2405/2432 2373/2455
f 2405/2432 2463/2454 2516/2431
f 2373/2455 2323/2433 2276/2456
f 2323/2433 2373/2455 2405/2432
f 2276/2456 2236/2434 2206/2457
f 2236/2434 2276/2456 2323/2433
f 2206/2457 2170/2435 2114/2458
f 2170/2435 2206/2457 2236/2434
f 2114/2458 2081/2436 2041/2459
f 2081/2436 2114/2458 2170/2435
f 2041/2459 2021/2437 1961/2460
f 2021/2437 2041/2459 2081/2436
f 1961/2460 1936/2438 1900/2461
f 1936/2438 1961/2460 2021/2437
f 1900/2461 1885/2439 1828/2462
f 1885/2439 1900/2461 1936/2438
f 1828/2462 1813/2440 1757/2463
f 1813/2440 1828/2462 1885/2439
f 1757/2463 1755/2441 1697/2464
f 1755/2441 1757/2463 1813/2440
f 1697/2464 1702/2442 1636/2465
f 1702/2442 1697/2464 1755/2441
f 1636/2465 1643/2443 1586/2466
f 1643/2443 1636/2465 1702/2442
f 1586/2466 1599/2444 1521/2467
f 1599/2444 1586/2466 1643/2443
f 1521/2467 1548/2445 1473/2468
f 1548/2445 1521/2467 1599/2444
f 1473/2468 1496/2446 1421/2469
f 1496/2446 1473/2468 1548/2445
f 1421/2469 1452/2447 1378/2470
f 1452/2447 1421/2469 1496/2446
f 1378/2470 1407/2448 1341/2471
f 1407/2448 1378/2470 1452/2447
f 1341/2471 1371/2449 1309/2472
f 1371/2449 1341/2471 1407/2448
f 2917/2473 2819/2451 2801/2474
f 2819/2451 2917/2473 2921/2450
f 2801/2474 2678/2452 2662/2475
f 2678/2452 2801/2474 2819/2451
f 2662/2475 2586/2453 2558/2476
f 2586/2453 2662/2475 2678/2452
f 2558/2476 2463/2454 2433/2477
f 2463/2454 2558/2476 2586/2453
f 2433/2477 2373/2455 2345/2478
f 2373/2455 2433/2477 2463/2454
f 2345/2478 2276/2456 2248/2479
f 2276/2456 2345/2478 2373/2455
f 2248/2479 2206/2457 2164/2480
f 2206/2457 2248/2479 2276/2456
f 2164/2480 2114/2458 2067/2481
f 2114/2458 2164/2480 2206/2457
f 2067/2481 2041/2459 1989/2482
f 2041/2459 2067/2481 2114/2458
f 1989/2482 1961/2460 1915/2483
f 1961/2460 1989/2482 2041/2459
f 1915/2483 1900/2461 1846/2484
f 1900/2461 1915/2483 1961/2460
f 1846/2484 1828/2462 1767/2485
f 1828/2462 1846/2484 1900/2461
f 1767/2485 1757/2463 1706/2486
f 1757/2463 1767/2485 1828/2462
f 1706/2486 1697/2464 1638/2487
f 1697/2464 1706/2486 1757/2463
f 1638/2487 1636/2465 1582/2488
f 1636/2465 1638/2487 1697/2464
f 1582/2488 1586/2466 1510/2489
f 1586/2466 1582/2488 1636/2465
f 1510/2489 1521/2467 1462/2490
f 1521/2467 1510/2489 1586/2466
f 1462/2490 1473/2468 1405/2491
f 1473/2468 1462/2490 1521/2467
f 1405/2491 1421/2469 1361/2492
f 1421/2469 1405/2491 1473/2468
f 1361/2492 1378/2470 1323/2493
f 1378/2470 1361/2492 1421/2469
f 1323/2493 1341/2471 1264/2494
f 1341/2471 1323/2493 1378/2470
f 1264/2494 1309/2472 1233/2495
f 1309/2472 1264/2494 1341/2471
f 2899/2496 2801/2474 2783/2497
f 2801/2474 2899/2496 2917/2473
f 2783/2497 2662/2475 2644/2498
f 2662/2475 2783/2497 2801/2474
f 2644/2498 2558/2476 2530/2499
f 2558/2476 2644/2498 2662/2475
f 2530/2499 2433/2477 2403/2500
f 2433/2477 2530/2499 2558/2476
f 2403/2500 2345/2478 2309/2501
f 2345/2478 2403/2500 2433/2477
f 2309/2501 2248/2479 2216/2502
f 2248/2479 2309/2501 2345/2478
f 2216/2502 2164/2480 2118/2503
f 2164/2480 2216/2502 2248/2479
f 2118/2503 2067/2481 2029/2504
f 2067/2481 2118/2503 2164/2480
f 2029/2504 1989/2482 1938/2505
f 1989/2482 2029/2504 2067/2481
f 1938/2505 1915/2483 1870/2506
f 1915/2483 1938/2505 1989/2482
f 1870/2506 1846/2484 1783/2507
f 1846/2484 1870/2506 1915/2483
f 1783/2507 1767/2485 1719/2508
f 1767/2485 1783/2507 1846/2484
f 1719/2508 1706/2486 1649/2509
f 1706/2486 1719/2508 1767/2485
f 1649/2509 1638/2487 1590/2510
f 1638/2487 1649/2509 1706/2486
f 1590/2510 1582/2488 1512/2511
f 1582/2488 1590/2510 1638/2487
f 1512/2511 1510/2489 1456/2512
f 1510/2489 1512/2511 1582/2488
f 1456/2512 1462/2490 1391/2513
f 1462/2490 1456/2512 1510/2489
f 1391/2513 1405/2491 1355/2514
f 1405/2491 1391/2513 1462/2490
f 1355/2514 1361/2492 1303/2515
f 1361/2492 1355/2514 1405/2491
f 1303/2515 1323/2493 1253/2516
f 1323/2493 1303/2515 1361/2492
f 1253/2516 1264/2494 1197/2517
f 1264/2494 1253/2516 1323/2493
f 1197/2517 1233/2495 1152/2518
f 1233/2495 1197/2517 1264/2494
f 2893/2519 2783/2497 2763/2520
f 2783/2497 2893/2519 2899/2496
f 2763/2520 2644/2498 2630/2521
f 2644/2498 2763/2520 2783/2497
f 2630/2521 2530/2499 2498/2522
f 2530/2499 2630/2521 2644/2498
f 2498/2522 2403/2500 2381/2523
f 2403/2500 2498/2522 2530/2499
f 2381/2523 2309/2501 2272/2524
f 2309/2501 2381/2523 2403/2500
f 2272/2524 2216/2502 2179/2525
f 2216/2502 2272/2524 2309/2501
f 2179/2525 2118/2503 2077/2526
f 2118/2503 2179/2525 2216/2502
f 2077/2526 2029/2504 1985/2527
f 2029/2504 2077/2526 2118/2503
f 1985/2527 1938/2505 1904/2528
f 1938/2505 1985/2527 2029/2504
f 1904/2528 1870/2506 1820/2529
f 1870/2506 1904/2528 1938/2505
f 1820/2529 1783/2507 1743/2530
f 1783/2507 1820/2529 1870/2506
f 1743/2530 1719/2508 1672/2531
f 1719/2508 1743/2530 1783/2507
f 1672/2531 1649/2509 1601/2532
f 1649/2509 1672/2531 1719/2508
f 1601/2532 1590/2510 1525/2533
f 1590/2510 1601/2532 1649/2509
f 1525/2533 1512/2511 1460/2534
f 1512/2511 1525/2533 1590/2510
f 1460/2534 1456/2512 1389/2535
f 1456/2512 1460/2534 1512/2511
f 1389/2535 1391/2513 1347/2536
f 1391/2513 1389/2535 1456/2512
f 1347/2536 1355/2514 1293/2537
f 1355/2514 1347/2536 1391/2513
f 1293/2537 1303/2515 1241/2538
f 1303/2515 1293/2537 1355/2514
f 1241/2538 1253/2516 1187/2539
f 1253/2516 1241/2538 1303/2515
f 1187/2539 1197/2517 1142/2540
f 1197/2517 1187/2539 1253/2516
f 1142/2540 1152/2518 1098/2541
f 1152/2518 1142/2540 1197/2517
f 2881/2542 2763/2520 2737/2543
f 2763/2520 2881/2542 2893/2519
f 2737/2543 2630/2521 2603/2544
f 2630/2521 2737/2543 2763/2520
f 2603/2544 2498/2522 2458/2545
f 2498/2522 2603/2544 2630/2521
f 2458/2545 2381/2523 2351/2546
f 2381/2523 2458/2545 2498/2522
f 2351/2546 2272/2524 2241/2547
f 2272/2524 2351/2546 2381/2523
f 2241/2547 2179/2525 2150/2548
f 2179/2525 2241/2547 2272/2524
f 2150/2548 2077/2526 2045/2549
f 2077/2526 2150/2548 2179/2525
f 2045/2549 1985/2527 1942/2550
f 1985/2527 2045/2549 2077/2526
f 1942/2550 1904/2528 1864/2551
f 1904/2528 1942/2550 1985/2527
f 1864/2551 1820/2529 1775/2552
f 1820/2529 1864/2551 1904/2528
f 1775/2552 1743/2530 1695/2553
f 1743/2530 1775/2552 1820/2529
f 1695/2553 1672/2531 1627/2554
f 1672/2531 1695/2553 1743/2530
f 1627/2554 1601/2532 1552/2555
f 1601/2532 1627/2554 1672/2531
f 1552/2555 1525/2533 1468/2556
f 1525/2533 1552/2555 1601/2532
f 1468/2556 1460/2534 1401/2557
f 1460/2534 1468/2556 1525/2533
f 1401/2557 1389/2535 1349/2558
f 1389/2535 1401/2557 1460/2534
f 1349/2558 1347/2536 1291/2559
f 1347/2536 1349/2558 1389/2535
f 1291/2559 1293/2537 1235/2560
f 1293/2537 1291/2559 1347/2536
f 1235/2560 1241/2538 1173/2561
f 1241/2538 1235/2560 1293/2537
f 1173/2561 1187/2539 1118/2562
f 1187/2539 1173/2561 1241/2538
f 1118/2562 1142/2540 1072/2563
f 1142/2540 1118/2562 1187/2539
f 1072/2563 1098/2541 1031/2564
f 1098/2541 1072/2563 1142/2540
f 2869/2565 2737/2543 2723/2566
f 2737/2543 2869/2565 2881/2542
f 2723/2566 2603/2544 2580/2567
f 2603/2544 2723/2566 2737/2543
f 2580/2567 2458/2545 2435/2568
f 2458/2545 2580/2567 2603/2544
f 2435/2568 2351/2546 2325/2569
f 2351/2546 2435/2568 2458/2545
f 2325/2569 2241/2547 2218/2570
f 2241/2547 2325/2569 2351/2546
f 2218/2570 2150/2548 2102/2571
f 2150/2548 2218/2570 2241/2547
f 2102/2571 2045/2549 2009/2572
f 2045/2549 2102/2571 2150/2548
f 2009/2572 1942/2550 1913/2573
f 1942/2550 2009/2572 2045/2549
f 1913/2573 1864/2551 1819/2574
f 1864/2551 1913/2573 1942/2550
f 1819/2574 1775/2552 1732/2575
f 1775/2552 1819/2574 1864/2551
f 1732/2575 1695/2553 1653/2576
f 1695/2553 1732/2575 1775/2552
f 1653/2576 1627/2554 1578/2577
f 1627/2554 1653/2576 1695/2553
f 1578/2577 1552/2555 1494/2578
f 1552/2555 1578/2577 1627/2554
f 1494/2578 1468/2556 1419/2579
f 1468/2556 1494/2578 1552/2555
f 1419/2579 1401/2557 1359/2580
f 1401/2557 1419/2579 1468/2556
f 1359/2580 1349/2558 1299/2581
f 1349/2558 1359/2580 1401/2557
f 1299/2581 1291/2559 1237/2582
f 1291/2559 1299/2581 1349/2558
f 1237/2582 1235/2560 1171/2583
f 1235/2560 1237/2582 1291/2559
f 1171/2583 1173/2561 1114/2584
f 1173/2561 1171/2583 1235/2560
f 1114/2584 1118/2562 1064/2585
f 1118/2562 1114/2584 1173/2561
f 1064/2585 1072/2563 1015/2586
f 1072/2563 1064/2585 1118/2562
f 1015/2586 1031/2564 981/2587
f 1031/2564 1015/2586 1072/2563
f 2857/2588 2723/2566 2695/2589
f 2723/2566 2857/2588 2869/2565
f 2695/2589 2580/2567 2564/2590
f 2580/2567 2695/2589 2723/2566
f 2564/2590 2435/2568 2415/2591
f 2435/2568 2564/2590 2580/2567
f 2415/2591 2325/2569 2295/2592
f 2325/2569 2415/2591 2435/2568
f 2295/2592 2218/2570 2192/2593
f 2218/2570 2295/2592 2325/2569
f 2192/2593 2102/2571 2073/2594
f 2102/2571 2192/2593 2218/2570
f 2073/2594 2009/2572 1971/2595
f 2009/2572 2073/2594 2102/2571
f 1971/2595 1913/2573 1877/2596
f 1913/2573 1971/2595 2009/2572
f 1877/2596 1819/2574 1777/2597
f 1819/2574 1877/2596 1913/2573
f 1777/2597 1732/2575 1693/2598
f 1732/2575 1777/2597 1819/2574
f 1693/2598 1653/2576 1612/2599
f 1653/2576 1693/2598 1732/2575
f 1612/2599 1578/2577 1528/2600
f 1578/2577 1612/2599 1653/2576
f 1528/2600 1494/2578 1442/2601
f 1494/2578 1528/2600 1578/2577
f 1442/2601 1419/2579 1375/2602
f 1419/2579 1442/2601 1494/2578
f 1375/2602 1359/2580 1319/2603
f 1359/2580 1375/2602 1419/2579
f 1319/2603 1299/2581 1245/2604
f 1299/2581 1319/2603 1359/2580
f 1245/2604 1237/2582 1181/2605
f 1237/2582 1245/2604 1299/2581
f 1181/2605 1171/2583 1116/2606
f 1171/2583 1181/2605 1237/2582
f 1116/2606 1114/2584 1060/2607
f 1114/2584 1116/2606 1171/2583
f 1060/2607 1064/2585 1007/2608
f 1064/2585 1060/2607 1114/2584
f 1007/2608 1015/2586 973/2609
f 1015/2586 1007/2608 1064/2585
f 973/2609 981/2587 939/2610
f 981/2587 973/2609 1015/2586
f 2847/2611 2695/2589 2676/2612
f 2695/2589 2847/2611 2857/2588
f 2676/2612 2564/2590 2540/2613
f 2564/2590 2676/2612 2695/2589
f 2540/2613 2415/2591 2393/2614
f 2415/2591 2540/2613 2564/2590
f 2393/2614 2295/2592 2270/2615
f 2295/2592 2393/2614 2415/2591
f 2270/2615 2192/2593 2162/2616
f 2192/2593 2270/2615 2295/2592
f 2162/2616 2073/2594 2047/2617
f 2073/2594 2162/2616 2192/2593
f 2047/2617 1971/2595 1932/2618
f 1971/2595 2047/2617 2073/2594
f 1932/2618 1877/2596 1844/2619
f 1877/2596 1932/2618 1971/2595
f 1844/2619 1777/2597 1749/2620
f 1777/2597 1844/2619 1877/2596
f 1749/2620 1693/2598 1656/2621
f 1693/2598 1749/2620 1777/2597
f 1656/2621 1612/2599 1573/2622
f 1612/2599 1656/2621 1693/2598
f 1573/2622 1528/2600 1484/2623
f 1528/2600 1573/2622 1612/2599
f 1484/2623 1442/2601 1399/2624
f 1442/2601 1484/2623 1528/2600
f 1399/2624 1375/2602 1337/2625
f 1375/2602 1399/2624 1442/2601
f 1337/2625 1319/2603 1257/2626
f 1319/2603 1337/2625 1375/2602
f 1257/2626 1245/2604 1191/2627
f 1245/2604 1257/2626 1319/2603
f 1191/2627 1181/2605 1122/2628
f 1181/2605 1191/2627 1245/2604
f 1122/2628 1116/2606 1068/2629
f 1116/2606 1122/2628 1181/2605
f 1068/2629 1060/2607 1009/2630
f 1060/2607 1068/2629 1116/2606
f 1009/2630 1007/2608 969/2631
f 1007/2608 1009/2630 1060/2607
f 969/2631 973/2609 931/2632
f 973/2609 969/2631 1007/2608
f 931/2632 939/2610 896/2633
f 939/2610 931/2632 973/2609
f 2839/2634 2676/2612 2667/2635
f 2676/2612 2839/2634 2847/2611
f 2667/2635 2540/2613 2523/2636
f 2540/2613 2667/2635 2676/2612
f 2523/2636 2393/2614 2375/2637
f 2393/2614 2523/2636 2540/2613
f 2375/2637 2270/2615 2250/2638
f 2270/2615 2375/2637 2393/2614
f 2250/2638 2162/2616 2135/2639
f 2162/2616 2250/2638 2270/2615
f 2135/2639 2047/2617 2023/2640
f 2047/2617 2135/2639 2162/2616
f 2023/2640 1932/2618 1909/2641
f 1932/2618 2023/2640 2047/2617
f 1909/2641 1844/2619 1801/2642
f 1844/2619 1909/2641 1932/2618
f 1801/2642 1749/2620 1712/2643
f 1749/2620 1801/2642 1844/2619
f 1712/2643 1656/2621 1625/2644
f 1656/2621 1712/2643 1749/2620
f 1625/2644 1573/2622 1531/2645
f 1573/2622 1625/2644 1656/2621
f 1531/2645 1484/2623 1436/2646
f 1484/2623 1531/2645 1573/2622
f 1436/2646 1399/2624 1365/2647
f 1399/2624 1436/2646 1484/2623
f 1365/2647 1337/2625 1295/2648
f 1337/2625 1365/2647 1399/2624
f 1295/2648 1257/2626 1223/2649
f 1257/2626 1295/2648 1337/2625
f 1223/2649 1191/2627 1148/2650
f 1191/2627 1223/2649 1257/2626
f 1148/2650 1122/2628 1086/2651
f 1122/2628 1148/2650 1191/2627
f 1086/2651 1068/2629 1021/2652
f 1068/2629 1086/2651 1122/2628
f 1021/2652 1009/2630 975/2653
f 1009/2630 1021/2652 1068/2629
f 975/2653 969/2631 929/2654
f 969/2631 975/2653 1009/2630
f 929/2654 931/2632 887/2655
f 931/2632 929/2654 969/2631
f 887/2655 896/2633 861/2656
f 896/2633 887/2655 931/2632
f 2833/2657 2667/2635 2654/2658
f 2667/2635 2833/2657 2839/2634
f 2654/2658 2523/2636 2503/2659
f 2523/2636 2654/2658 2667/2635
f 2503/2659 2375/2637 2355/2660
f 2375/2637 2503/2659 2523/2636
f 2355/2660 2250/2638 2228/2661
f 2250/2638 2355/2660 2375/2637
f 2228/2661 2135/2639 2095/2662
f 2135/2639 2228/2661 2250/2638
f 2095/2662 2023/2640 1983/2663
f 2023/2640 2095/2662 2135/2639
f 1983/2663 1909/2641 1881/2664
f 1909/2641 1983/2663 2023/2640
f 1881/2664 1801/2642 1773/2665
f 1801/2642 1881/2664 1909/2641
f 1773/2665 1712/2643 1676/2666
f 1712/2643 1773/2665 1801/2642
f 1676/2666 1625/2644 1584/2667
f 1625/2644 1676/2666 1712/2643
f 1584/2667 1531/2645 1489/2668
f 1531/2645 1584/2667 1625/2644
f 1489/2668 1436/2646 1395/2669
f 1436/2646 1489/2668 1531/2645
f 1395/2669 1365/2647 1328/2670
f 1365/2647 1395/2669 1436/2646
f 1328/2670 1295/2648 1247/2671
f 1295/2648 1328/2670 1365/2647
f 1247/2671 1223/2649 1169/2672
f 1223/2649 1247/2671 1295/2648
f 1169/2672 1148/2650 1103/2673
f 1148/2650 1169/2672 1223/2649
f 1103/2673 1086/2651 1033/2674
f 1086/2651 1103/2673 1148/2650
f 1033/2674 1021/2652 985/2675
f 1021/2652 1033/2674 1086/2651
f 985/2675 975/2653 937/2676
f 975/2653 985/2675 1021/2652
f 937/2676 929/2654 892/2677
f 929/2654 937/2676 975/2653
f 892/2677 887/2655 859/2678
f 887/2655 892/2677 929/2654
f 859/2678 861/2656 820/2679
f 861/2656 859/2678 887/2655
f 2823/2680 2654/2658 2642/2681
f 2654/2658 2823/2680 2833/2657
f 2642/2681 2503/2659 2473/2682
f 2503/2659 2642/2681 2654/2658
f 2473/2682 2355/2660 2341/2683
f 2355/2660 2473/2682 2503/2659
f 2341/2683 2228/2661 2210/2684
f 2228/2661 2341/2683 2355/2660
f 2210/2684 2095/2662 2075/2685
f 2095/2662 2210/2684 2228/2661
f 2075/2685 1983/2663 1955/2686
f 1983/2663 2075/2685 2095/2662
f 1955/2686 1881/2664 1855/2687
f 1881/2664 1955/2686 1983/2663
f 1855/2687 1773/2665 1747/2688
f 1773/2665 1855/2687 1881/2664
f 1747/2688 1676/2666 1641/2689
f 1676/2666 1747/2688 1773/2665
f 1641/2689 1584/2667 1554/2690
f 1584/2667 1641/2689 1676/2666
f 1554/2690 1489/2668 1454/2691
f 1489/2668 1554/2690 1584/2667
f 1454/2691 1395/2669 1367/2692
f 1395/2669 1454/2691 1489/2668
f 1367/2692 1328/2670 1285/2693
f 1328/2670 1367/2692 1395/2669
f 1285/2693 1247/2671 1201/2694
f 1247/2671 1285/2693 1328/2670
f 1201/2694 1169/2672 1128/2695
f 1169/2672 1201/2694 1247/2671
f 1128/2695 1103/2673 1048/2696
f 1103/2673 1128/2695 1169/2672
f 1048/2696 1033/2674 999/2697
f 1033/2674 1048/2696 1103/2673
f 999/2697 985/2675 948/2698
f 985/2675 999/2697 1033/2674
f 948/2698 937/2676 906/2699
f 937/2676 948/2698 985/2675
f 906/2699 892/2677 865/2700
f 892/2677 906/2699 937/2676
f 865/2700 859/2678 822/2701
f 859/2678 865/2700 892/2677
f 822/2701 820/2679 796/2702
f 820/2679 822/2701 859/2678
f 2813/2703 2642/2681 2636/2704
f 2642/2681 2813/2703 2823/2680
f 2636/2704 2473/2682 2454/2705
f 2473/2682 2636/2704 2642/2681
f 2454/2705 2341/2683 2319/2706
f 2341/2683 2454/2705 2473/2682
f 2319/2706 2210/2684 2190/2707
f 2210/2684 2319/2706 2341/2683
f 2190/2707 2075/2685 2055/2708
f 2075/2685 2190/2707 2210/2684
f 2055/2708 1955/2686 1926/2709
f 1955/2686 2055/2708 2075/2685
f 1926/2709 1855/2687 1822/2710
f 1855/2687 1926/2709 1955/2686
f 1822/2710 1747/2688 1716/2711
f 1747/2688 1822/2710 1855/2687
f 1716/2711 1641/2689 1616/2712
f 1641/2689 1716/2711 1747/2688
f 1616/2712 1554/2690 1506/2713
f 1554/2690 1616/2712 1641/2689
f 1506/2713 1454/2691 1413/2714
f 1454/2691 1506/2713 1554/2690
f 1413/2714 1367/2692 1335/2715
f 1367/2692 1413/2714 1454/2691
f 1335/2715 1285/2693 1251/2716
f 1285/2693 1335/2715 1367/2692
f 1251/2716 1201/2694 1163/2717
f 1201/2694 1251/2716 1285/2693
f 1163/2717 1128/2695 1094/2718
f 1128/2695 1163/2717 1201/2694
f 1094/2718 1048/2696 1019/2719
f 1048/2696 1094/2718 1128/2695
f 1019/2719 999/2697 957/2720
f 999/2697 1019/2719 1048/2696
f 957/2720 948/2698 919/2721
f 948/2698 957/2720 999/2697
f 919/2721 906/2699 873/2722
f 906/2699 919/2721 948/2698
f 873/2722 865/2700 833/2723
f 865/2700 873/2722 906/2699
f 833/2723 822/2701 798/2724
f 822/2701 833/2723 865/2700
f 798/2724 796/2702 759/2725
f 796/2702 798/2724 822/2701
f 2805/2726 2636/2704 2618/2727
f 2636/2704 2805/2726 2813/2703
f 2618/2727 2454/2705 2437/2728
f 2454/2705 2618/2727 2636/2704
f 2437/2728 2319/2706 2301/2729
f 2319/2706 2437/2728 2454/2705
f 2301/2729 2190/2707 2169/2730
f 2190/2707 2301/2729 2319/2706
f 2169/2730 2055/2708 2035/2731
f 2055/2708 2169/2730 2190/2707
f 2035/2731 1926/2709 1911/2732
f 1926/2709 2035/2731 2055/2708
f 1911/2732 1822/2710 1787/2733
f 1822/2710 1911/2732 1926/2709
f 1787/2733 1716/2711 1687/2734
f 1716/2711 1787/2733 1822/2710
f 1687/2734 1616/2712 1588/2735
f 1616/2712 1687/2734 1716/2711
f 1588/2735 1506/2713 1477/2736
f 1506/2713 1588/2735 1616/2712
f 1477/2736 1413/2714 1380/2737
f 1413/2714 1477/2736 1506/2713
f 1380/2737 1335/2715 1305/2738
f 1335/2715 1380/2737 1413/2714
f 1305/2738 1251/2716 1221/2739
f 1251/2716 1305/2738 1335/2715
f 1221/2739 1163/2717 1127/2740
f 1163/2717 1221/2739 1251/2716
f 1127/2740 1094/2718 1039/2741
f 1094/2718 1127/2740 1163/2717
f 1039/2741 1019/2719 989/2742
f 1019/2719 1039/2741 1094/2718
f 989/2742 957/2720 935/2743
f 957/2720 989/2742 1019/2719
f 935/2743 919/2721 885/2744
f 919/2721 935/2743 957/2720
f 885/2744 873/2722 847/2745
f 873/2722 885/2744 919/2721
f 847/2745 833/2723 806/2746
f 833/2723 847/2745 873/2722
f 806/2746 798/2724 765/2747
f 798/2724 806/2746 833/2723
f 798/2724 739/2748 765/2747
f 739/2748 798/2724 759/2725
f 2799/2749 2618/2727 2611/2750
f 2618/2727 2799/2749 2805/2726
f 2611/2750 2437/2728 2429/2751
f 2437/2728 2611/2750 2618/2727
f 2429/2751 2301/2729 2274/2752
f 2301/2729 2429/2751 2437/2728
f 2274/2752 2169/2730 2155/2753
f 2169/2730 2274/2752 2301/2729
f 2155/2753 2035/2731 2015/2754
f 2035/2731 2155/2753 2169/2730
f 2015/2754 1911/2732 1894/2755
f 1911/2732 2015/2754 2035/2731
f 1894/2755 1787/2733 1769/2756
f 1787/2733 1894/2755 1911/2732
f 1769/2756 1687/2734 1658/2757
f 1687/2734 1769/2756 1787/2733
f 1658/2757 1588/2735 1561/2758
f 1588/2735 1658/2757 1687/2734
f 1561/2758 1477/2736 1446/2759
f 1477/2736 1561/2758 1588/2735
f 1446/2759 1380/2737 1357/2760
f 1380/2737 1446/2759 1477/2736
f 1357/2760 1305/2738 1259/2761
f 1305/2738 1357/2760 1380/2737
f 1259/2761 1221/2739 1179/2762
f 1221/2739 1259/2761 1305/2738
f 1179/2762 1127/2740 1100/2763
f 1127/2740 1179/2762 1221/2739
f 1100/2763 1039/2741 1017/2764
f 1039/2741 1100/2763 1127/2740
f 1017/2764 989/2742 952/2765
f 989/2742 1017/2764 1039/2741
f 952/2765 935/2743 909/2766
f 935/2743 952/2765 989/2742
f 909/2766 885/2744 863/2767
f 885/2744 909/2766 935/2743
f 863/2767 847/2745 818/2768
f 847/2745 863/2767 885/2744
f 818/2768 806/2746 780/2769
f 806/2746 818/2768 847/2745
f 780/2769 765/2747 745/2770
f 765/2747 780/2769 806/2746
f 765/2747 708/2771 745/2770
f 708/2771 765/2747 739/2748
f 2795/2772 2611/2750 2596/2773
f 2611/2750 2795/2772 2799/2749
f 2596/2773 2429/2751 2413/2774
f 2429/2751 2596/2773 2611/2750
f 2413/2774 2274/2752 2266/2775
f 2274/2752 2413/2774 2429/2751
f 2266/2775 2155/2753 2129/2776
f 2155/2753 2266/2775 2274/2752
f 2129/2776 2015/2754 1987/2777
f 2015/2754 2129/2776 2155/2753
f 1987/2777 1894/2755 1866/2778
f 1894/2755 1987/2777 2015/2754
f 1866/2778 1769/2756 1751/2779
f 1769/2756 1866/2778 1894/2755
f 1751/2779 1658/2757 1634/2780
f 1658/2757 1751/2779 1769/2756
f 1634/2780 1561/2758 1515/2781
f 1561/2758 1634/2780 1658/2757
f 1515/2781 1446/2759 1417/2782
f 1446/2759 1515/2781 1561/2758
f 1417/2782 1357/2760 1333/2783
f 1357/2760 1417/2782 1446/2759
f 1333/2783 1259/2761 1239/2784
f 1259/2761 1333/2783 1357/2760
f 1239/2784 1179/2762 1146/2785
f 1179/2762 1239/2784 1259/2761
f 1146/2785 1100/2763 1058/2786
f 1100/2763 1146/2785 1179/2762
f 1058/2786 1017/2764 993/2787
f 1017/2764 1058/2786 1100/2763
f 993/2787 952/2765 933/2788
f 952/2765 993/2787 1017/2764
f 933/2788 909/2766 877/2789
f 909/2766 933/2788 952/2765
f 877/2789 863/2767 837/2790
f 863/2767 877/2789 909/2766
f 837/2790 818/2768 794/2791
f 818/2768 837/2790 863/2767
f 794/2791 780/2769 755/2792
f 780/2769 794/2791 818/2768
f 755/2792 745/2770 716/2793
f 745/2770 755/2792 780/2769
f 745/2770 690/2794 716/2793
f 690/2794 745/2770 708/2771
f 2779/2795 2596/2773 2588/2796
f 2596/2773 2779/2795 2795/2772
f 2588/2796 2413/2774 2399/2797
f 2413/2774 2588/2796 2596/2773
f 2399/2797 2266/2775 2252/2798
f 2266/2775 2399/2797 2413/2774
f 2252/2798 2129/2776 2100/2799
f 2129/2776 2252/2798 2266/2775
f 2100/2799 1987/2777 1969/2800
f 1987/2777 2100/2799 2129/2776
f 1969/2800 1866/2778 1848/2801
f 1866/2778 1969/2800 1987/2777
f 1848/2801 1751/2779 1723/2802
f 1751/2779 1848/2801 1866/2778
f 1723/2802 1634/2780 1614/2803
f 1634/2780 1723/2802 1751/2779
f 1614/2803 1515/2781 1500/2804
f 1515/2781 1614/2803 1634/2780
f 1500/2804 1417/2782 1384/2805
f 1417/2782 1500/2804 1515/2781
f 1384/2805 1333/2783 1307/2806
f 1333/2783 1384/2805 1417/2782
f 1307/2806 1239/2784 1199/2807
f 1239/2784 1307/2806 1333/2783
f 1199/2807 1146/2785 1112/2808
f 1146/2785 1199/2807 1239/2784
f 1112/2808 1058/2786 1029/2809
f 1058/2786 1112/2808 1146/2785
f 1029/2809 993/2787 959/2810
f 993/2787 1029/2809 1058/2786
f 959/2810 933/2788 913/2811
f 933/2788 959/2810 993/2787
f 913/2811 877/2789 857/2812
f 877/2789 913/2811 933/2788
f 857/2812 837/2790 810/2813
f 837/2790 857/2812 877/2789
f 810/2813 794/2791 767/2814
f 794/2791 810/2813 837/2790
f 767/2814 755/2792 733/2815
f 755/2792 767/2814 794/2791
f 755/2792 700/2816 733/2815
f 700/2816 755/2792 716/2793
f 716/2793 661/2817 700/2816
f 661/2817 716/2793 690/2794
f 2770/2818 2588/2796 2574/2819
f 2588/2796 2770/2818 2779/2795
f 2574/2819 2399/2797 2391/2820
f 2399/2797 2574/2819 2588/2796
f 2391/2820 2252/2798 2232/2821
f 2252/2798 2391/2820 2399/2797
f 2232/2821 2100/2799 2089/2822
f 2100/2799 2232/2821 2252/2798
f 2089/2822 1969/2800 1946/2823
f 1969/2800 2089/2822 2100/2799
f 1946/2823 1848/2801 1830/2824
f 1848/2801 1946/2823 1969/2800
f 1830/2824 1723/2802 1708/2825
f 1723/2802 1830/2824 1848/2801
f 1708/2825 1614/2803 1594/2826
f 1614/2803 1708/2825 1723/2802
f 1594/2826 1500/2804 1470/2827
f 1500/2804 1594/2826 1614/2803
f 1470/2827 1384/2805 1369/2828
f 1384/2805 1470/2827 1500/2804
f 1369/2828 1307/2806 1266/2829
f 1307/2806 1369/2828 1384/2805
f 1266/2829 1199/2807 1177/2830
f 1199/2807 1266/2829 1307/2806
f 1177/2830 1112/2808 1092/2831
f 1112/2808 1177/2830 1199/2807
f 1092/2831 1029/2809 1005/2832
f 1029/2809 1092/2831 1112/2808
f 1005/2832 959/2810 944/2833
f 959/2810 1005/2832 1029/2809
f 944/2833 913/2811 881/2834
f 913/2811 944/2833 959/2810
f 881/2834 857/2812 839/2835
f 857/2812 881/2834 913/2811
f 839/2835 810/2813 790/2836
f 810/2813 839/2835 857/2812
f 790/2836 767/2814 749/2837
f 767/2814 790/2836 810/2813
f 749/2837 733/2815 710/2838
f 733/2815 749/2837 767/2814
f 733/2815 678/2839 710/2838
f 678/2839 733/2815 700/2816
f 700/2816 647/2840 678/2839
f 647/2840 700/2816 661/2817
f 2765/2841 2574/2819 2566/2842
f 2574/2819 2765/2841 2770/2818
f 2566/2842 2391/2820 2383/2843
f 2391/2820 2566/2842 2574/2819
f 2383/2843 2232/2821 2226/2844
f 2232/2821 2383/2843 2391/2820
f 2226/2844 2089/2822 2071/2845
f 2089/2822 2226/2844 2232/2821
f 2071/2845 1946/2823 1928/2846
f 1946/2823 2071/2845 2089/2822
f 1928/2846 1830/2824 1797/2847
f 1830/2824 1928/2846 1946/2823
f 1797/2847 1708/2825 1682/2848
f 1708/2825 1797/2847 1830/2824
f 1682/2848 1594/2826 1565/2849
f 1594/2826 1682/2848 1708/2825
f 1565/2849 1470/2827 1450/2850
f 1470/2827 1565/2849 1594/2826
f 1450/2850 1369/2828 1354/2851
f 1369/2828 1450/2850 1470/2827
f 1354/2851 1266/2829 1250/2852
f 1266/2829 1354/2851 1369/2828
f 1250/2852 1177/2830 1150/2853
f 1177/2830 1250/2852 1266/2829
f 1150/2853 1092/2831 1050/2854
f 1092/2831 1150/2853 1177/2830
f 1050/2854 1005/2832 987/2855
f 1005/2832 1050/2854 1092/2831
f 987/2855 944/2833 921/2856
f 944/2833 987/2855 1005/2832
f 921/2856 881/2834 869/2857
f 881/2834 921/2856 944/2833
f 869/2857 839/2835 814/2858
f 839/2835 869/2857 881/2834
f 814/2858 790/2836 769/2859
f 790/2836 814/2858 839/2835
f 769/2859 749/2837 731/2860
f 749/2837 769/2859 790/2836
f 731/2860 710/2838 694/2861
f 710/2838 731/2860 749/2837
f 710/2838 655/2862 694/2861
f 655/2862 710/2838 678/2839
f 678/2839 624/2863 655/2862
f 624/2863 678/2839 647/2840
f 2757/2864 2566/2842 2556/2865
f 2566/2842 2757/2864 2765/2841
f 2556/2865 2383/2843 2369/2866
f 2383/2843 2556/2865 2566/2842
f 2369/2866 2226/2844 2214/2867
f 2226/2844 2369/2866 2383/2843
f 2214/2867 2071/2845 2059/2868
f 2071/2845 2214/2867 2226/2844
f 2059/2868 1928/2846 1920/2869
f 1928/2846 2059/2868 2071/2845
f 1920/2869 1797/2847 1781/2870
f 1797/2847 1920/2869 1928/2846
f 1781/2870 1682/2848 1667/2871
f 1682/2848 1781/2870 1797/2847
f 1667/2871 1565/2849 1550/2872
f 1565/2849 1667/2871 1682/2848
f 1550/2872 1450/2850 1425/2873
f 1450/2850 1550/2872 1565/2849
f 1425/2873 1354/2851 1331/2874
f 1354/2851 1425/2873 1450/2850
f 1331/2874 1250/2852 1229/2875
f 1250/2852 1331/2874 1354/2851
f 1229/2875 1150/2853 1120/2876
f 1150/2853 1229/2875 1250/2852
f 1120/2876 1050/2854 1035/2877
f 1050/2854 1120/2876 1150/2853
f 1035/2877 987/2855 954/2878
f 987/2855 1035/2877 1050/2854
f 954/2878 921/2856 902/2879
f 921/2856 954/2878 987/2855
f 902/2879 869/2857 849/2880
f 869/2857 902/2879 921/2856
f 849/2880 814/2858 800/2881
f 814/2858 849/2880 869/2857
f 800/2881 769/2859 753/2882
f 769/2859 800/2881 814/2858
f 753/2882 731/2860 712/2883
f 731/2860 753/2882 769/2859
f 712/2883 694/2861 670/2884
f 694/2861 712/2883 731/2860
f 694/2861 639/2885 670/2884
f 639/2885 694/2861 655/2862
f 655/2862 612/2886 639/2885
f 612/2886 655/2862 624/2863
f 2751/2887 2556/2865 2550/2888
f 2556/2865 2751/2887 2757/2864
f 2550/2888 2369/2866 2361/2889
f 2369/2866 2550/2888 2556/2865
f 2361/2889 2214/2867 2204/2890
f 2214/2867 2361/2889 2369/2866
f 2204/2890 2059/2868 2049/2891
f 2059/2868 2204/2890 2214/2867
f 2049/2891 1920/2869 1907/2892
f 1920/2869 2049/2891 2059/2868
f 1907/2892 1781/2870 1771/2893
f 1781/2870 1907/2892 1920/2869
f 1771/2893 1667/2871 1645/2894
f 1667/2871 1771/2893 1781/2870
f 1645/2894 1550/2872 1517/2895
f 1550/2872 1645/2894 1667/2871
f 1517/2895 1425/2873 1409/2896
f 1425/2873 1517/2895 1550/2872
f 1409/2896 1331/2874 1313/2897
f 1331/2874 1409/2896 1425/2873
f 1313/2897 1229/2875 1195/2898
f 1229/2875 1313/2897 1331/2874
f 1195/2898 1120/2876 1108/2899
f 1120/2876 1195/2898 1229/2875
f 1108/2899 1035/2877 1011/2900
f 1035/2877 1108/2899 1120/2876
f 1011/2900 954/2878 946/2901
f 954/2878 1011/2900 1035/2877
f 946/2901 902/2879 879/2902
f 902/2879 946/2901 954/2878
f 879/2902 849/2880 827/2903
f 849/2880 879/2902 902/2879
f 827/2903 800/2881 782/2904
f 800/2881 827/2903 849/2880
f 782/2904 753/2882 737/2905
f 753/2882 782/2904 800/2881
f 737/2905 712/2883 698/2906
f 712/2883 737/2905 753/2882
f 712/2883 657/2907 698/2906
f 657/2907 712/2883 670/2884
f 670/2884 622/2908 657/2907
f 622/2908 670/2884 639/2885
f 639/2885 596/2909 622/2908
f 596/2909 639/2885 612/2886
f 2739/2910 2550/2888 2535/2911
f 2550/2888 2739/2910 2751/2887
f 2535/2911 2361/2889 2349/2912
f 2361/2889 2535/2911 2550/2888
f 2349/2912 2204/2890 2194/2913
f 2204/2890 2349/2912 2361/2889
f 2194/2913 2049/2891 2039/2914
f 2049/2891 2194/2913 2204/2890
f 2039/2914 1907/2892 1898/2915
f 1907/2892 2039/2914 2049/2891
f 1898/2915 1771/2893 1753/2916
f 1771/2893 1898/2915 1907/2892
f 1753/2916 1645/2894 1632/2917
f 1645/2894 1753/2916 1771/2893
f 1632/2917 1517/2895 1503/2918
f 1517/2895 1632/2917 1645/2894
f 1503/2918 1409/2896 1382/2919
f 1409/2896 1503/2918 1517/2895
f 1382/2919 1313/2897 1289/2920
f 1313/2897 1382/2919 1409/2896
f 1289/2920 1195/2898 1183/2921
f 1195/2898 1289/2920 1313/2897
f 1183/2921 1108/2899 1090/2922
f 1108/2899 1183/2921 1195/2898
f 1090/2922 1011/2900 995/2923
f 1011/2900 1090/2922 1108/2899
f 995/2923 946/2901 925/2924
f 946/2901 995/2923 1011/2900
f 925/2924 879/2902 871/2925
f 879/2902 925/2924 946/2901
f 871/2925 827/2903 812/2926
f 827/2903 871/2925 879/2902
f 812/2926 782/2904 763/2927
f 782/2904 812/2926 827/2903
f 763/2927 737/2905 721/2928
f 737/2905 763/2927 782/2904
f 721/2928 698/2906 682/2929
f 698/2906 721/2928 737/2905
f 698/2906 645/2930 682/2929
f 645/2930 698/2906 657/2907
f 657/2907 614/2931 645/2930
f 614/2931 657/2907 622/2908
f 622/2908 582/2932 614/2931
f 582/2932 622/2908 596/2909
f 2733/2933 2535/2911 2532/2934
f 2535/2911 2733/2933 2739/2910
f 2532/2934 2349/2912 2347/2935
f 2349/2912 2532/2934 2535/2911
f 2347/2935 2194/2913 2184/2936
f 2194/2913 2347/2935 2349/2912
f 2184/2936 2039/2914 2025/2937
f 2039/2914 2184/2936 2194/2913
f 2025/2937 1898/2915 1883/2938
f 1898/2915 2025/2937 2039/2914
f 1883/2938 1753/2916 1745/2939
f 1753/2916 1883/2938 1898/2915
f 1745/2939 1632/2917 1621/2940
f 1632/2917 1745/2939 1753/2916
f 1621/2940 1503/2918 1491/2941
f 1503/2918 1621/2940 1632/2917
f 1491/2941 1382/2919 1373/2942
f 1382/2919 1491/2941 1503/2918
f 1373/2942 1289/2920 1261/2943
f 1289/2920 1373/2942 1382/2919
f 1261/2943 1183/2921 1158/2944
f 1183/2921 1261/2943 1289/2920
f 1158/2944 1090/2922 1062/2945
f 1090/2922 1158/2944 1183/2921
f 1062/2945 995/2923 979/2946
f 995/2923 1062/2945 1090/2922
f 979/2946 925/2924 915/2947
f 925/2924 979/2946 995/2923
f 915/2947 871/2925 853/2948
f 871/2925 915/2947 925/2924
f 853/2948 812/2926 804/2949
f 812/2926 853/2948 871/2925
f 804/2949 763/2927 751/2950
f 763/2927 804/2949 812/2926
f 751/2950 721/2928 704/2951
f 721/2928 751/2950 763/2927
f 704/2951 682/2929 663/2952
f 682/2929 704/2951 721/2928
f 682/2929 626/2953 663/2952
f 626/2953 682/2929 645/2930
f 645/2930 600/2954 626/2953
f 600/2954 645/2930 614/2931
f 614/2931 574/2955 600/2954
f 574/2955 614/2931 582/2932
f 2731/2956 2532/2934 2525/2957
f 2532/2934 2731/2956 2733/2933
f 2525/2957 2347/2935 2337/2958
f 2347/2935 2525/2957 2532/2934
f 2337/2958 2184/2936 2173/2959
f 2184/2936 2337/2958 2347/2935
f 2173/2959 2025/2937 2014/2960
f 2025/2937 2173/2959 2184/2936
f 2014/2960 1883/2938 1868/2961
f 1883/2938 2014/2960 2025/2937
f 1868/2961 1745/2939 1727/2962
f 1745/2939 1868/2961 1883/2938
f 1727/2962 1621/2940 1603/2963
f 1621/2940 1727/2962 1745/2939
f 1603/2963 1491/2941 1475/2964
f 1491/2941 1603/2963 1621/2940
f 1475/2964 1373/2942 1363/2965
f 1373/2942 1475/2964 1491/2941
f 1363/2965 1261/2943 1255/2966
f 1261/2943 1363/2965 1373/2942
f 1255/2966 1158/2944 1144/2967
f 1158/2944 1255/2966 1261/2943
f 1144/2967 1062/2945 1037/2968
f 1062/2945 1144/2967 1158/2944
f 1037/2968 979/2946 961/2969
f 979/2946 1037/2968 1062/2945
f 961/2969 915/2947 900/2970
f 915/2947 961/2969 979/2946
f 900/2970 853/2948 843/2971
f 853/2948 900/2970 915/2947
f 843/2971 804/2949 788/2972
f 804/2949 843/2971 853/2948
f 788/2972 751/2950 741/2973
f 751/2950 788/2972 804/2949
f 741/2973 704/2951 696/2974
f 704/2951 741/2973 751/2950
f 696/2974 663/2952 651/2975
f 663/2952 696/2974 704/2951
f 663/2952 618/2976 651/2975
f 618/2976 663/2952 626/2953
f 626/2953 587/2977 618/2976
f 587/2977 626/2953 600/2954
f 600/2954 559/2978 587/2977
f 559/2978 600/2954 574/2955
f 2725/2979 2525/2957 2518/2980
f 2525/2957 2725/2979 2731/2956
f 2518/2980 2337/2958 2327/2981
f 2337/2958 2518/2980 2525/2957
f 2327/2981 2173/2959 2166/2982
f 2173/2959 2327/2981 2337/2958
f 2166/2982 2014/2960 1997/2983
f 2014/2960 2166/2982 2173/2959
f 1997/2983 1868/2961 1859/2984
f 1868/2961 1997/2983 2014/2960
f 1859/2984 1727/2962 1721/2985
f 1727/2962 1859/2984 1868/2961
f 1721/2985 1603/2963 1597/2986
f 1603/2963 1721/2985 1727/2962
f 1597/2986 1475/2964 1464/2987
f 1475/2964 1597/2986 1603/2963
f 1464/2987 1363/2965 1351/2988
f 1363/2965 1464/2987 1475/2964
f 1351/2988 1255/2966 1243/2989
f 1255/2966 1351/2988 1363/2965
f 1243/2989 1144/2967 1124/2990
f 1144/2967 1243/2989 1255/2966
f 1124/2990 1037/2968 1023/2991
f 1037/2968 1124/2990 1144/2967
f 1023/2991 961/2969 950/2992
f 961/2969 1023/2991 1037/2968
f 950/2992 900/2970 883/2993
f 900/2970 950/2992 961/2969
f 883/2993 843/2971 824/2994
f 843/2971 883/2993 900/2970
f 824/2994 788/2972 776/2995
f 788/2972 824/2994 843/2971
f 776/2995 741/2973 727/2996
f 741/2973 776/2995 788/2972
f 727/2996 696/2974 686/2997
f 696/2974 727/2996 741/2973
f 686/2997 651/2975 641/2998
f 651/2975 686/2997 696/2974
f 651/2975 608/2999 641/2998
f 608/2999 651/2975 618/2976
f 618/2976 578/3000 608/2999
f 578/3000 618/2976 587/2977
f 587/2977 555/3001 578/3000
f 555/3001 587/2977 559/2978
f 2721/3002 2518/2980 2512/3003
f 2518/2980 2721/3002 2725/2979
f 2512/3003 2327/2981 2321/3004
f 2327/2981 2512/3003 2518/2980
f 2321/3004 2166/2982 2159/3005
f 2166/2982 2321/3004 2327/2981
f 2159/3005 1997/2983 1991/3006
f 1997/2983 2159/3005 2166/2982
f 1991/3006 1859/2984 1852/3007
f 1859/2984 1991/3006 1997/2983
f 1852/3007 1721/2985 1710/3008
f 1721/2985 1852/3007 1859/2984
f 1710/3008 1597/2986 1580/3009
f 1597/2986 1710/3008 1721/2985
f 1580/3009 1464/2987 1444/3010
f 1464/2987 1580/3009 1597/2986
f 1444/3010 1351/2988 1339/3011
f 1351/2988 1444/3010 1464/2987
f 1339/3011 1243/2989 1227/3012
f 1243/2989 1339/3011 1351/2988
f 1227/3012 1124/2990 1111/3013
f 1124/2990 1227/3012 1243/2989
f 1111/3013 1023/2991 1013/3014
f 1023/2991 1111/3013 1124/2990
f 1013/3014 950/2992 942/3015
f 950/2992 1013/3014 1023/2991
f 942/3015 883/2993 875/3016
f 883/2993 942/3015 950/2992
f 875/3016 824/2994 816/3017
f 824/2994 875/3016 883/2993
f 816/3017 776/2995 761/3018
f 776/2995 816/3017 824/2994
f 761/3018 727/2996 714/3019
f 727/2996 761/3018 776/2995
f 714/3019 686/2997 665/3020
f 686/2997 714/3019 727/2996
f 665/3020 641/2998 633/3021
f 641/2998 665/3020 686/2997
f 641/2998 602/3022 633/3021
f 602/3022 641/2998 608/2999
f 608/2999 572/3023 602/3022
f 572/3023 608/2999 578/3000
f 578/3000 549/3024 572/3023
f 549/3024 578/3000 555/3001
f 2713/3025 2512/3003 2507/3026
f 2512/3003 2713/3025 2721/3002
f 2507/3026 2321/3004 2315/3027
f 2321/3004 2507/3026 2512/3003
f 2315/3027 2159/3005 2153/3028
f 2159/3005 2315/3027 2321/3004
f 2153/3028 1991/3006 1981/3029
f 1991/3006 2153/3028 2159/3005
f 1981/3029 1852/3007 1838/3030
f 1852/3007 1981/3029 1991/3006
f 1838/3030 1710/3008 1699/3031
f 1710/3008 1838/3030 1852/3007
f 1699/3031 1580/3009 1567/3032
f 1580/3009 1699/3031 1710/3008
f 1567/3032 1444/3010 1427/3033
f 1444/3010 1567/3032 1580/3009
f 1427/3033 1339/3011 1325/3034
f 1339/3011 1427/3033 1444/3010
f 1325/3034 1227/3012 1207/3035
f 1227/3012 1325/3034 1339/3011
f 1207/3035 1111/3013 1105/3036
f 1111/3013 1207/3035 1227/3012
f 1105/3036 1013/3014 1004/3037
f 1013/3014 1105/3036 1111/3013
f 1004/3037 942/3015 928/3038
f 942/3015 1004/3037 1013/3014
f 928/3038 875/3016 867/3039
f 875/3016 928/3038 942/3015
f 867/3039 816/3017 808/3040
f 816/3017 867/3039 875/3016
f 808/3040 761/3018 757/3041
f 761/3018 808/3040 816/3017
f 757/3041 714/3019 706/3042
f 714/3019 757/3041 761/3018
f 706/3042 665/3020 659/3043
f 665/3020 706/3042 714/3019
f 659/3043 633/3021 620/3044
f 633/3021 659/3043 665/3020
f 633/3021 589/3045 620/3044
f 589/3045 633/3021 602/3022
f 602/3022 561/3046 589/3045
f 561/3046 602/3022 572/3023
f 572/3023 543/3047 561/3046
f 543/3047 572/3023 549/3024
f 2708/3048 2507/3026 2497/3049
f 2507/3026 2708/3048 2713/3025
f 2497/3049 2315/3027 2308/3050
f 2315/3027 2497/3049 2507/3026
f 2308/3050 2153/3028 2142/3051
f 2153/3028 2308/3050 2315/3027
f 2142/3051 1981/3029 1975/3052
f 1981/3029 2142/3051 2153/3028
f 1975/3052 1838/3030 1833/3053
f 1838/3030 1975/3052 1981/3029
f 1833/3053 1699/3031 1689/3054
f 1699/3031 1833/3053 1838/3030
f 1689/3054 1567/3032 1563/3055
f 1567/3032 1689/3054 1699/3031
f 1563/3055 1427/3033 1423/3056
f 1427/3033 1563/3055 1567/3032
f 1423/3056 1325/3034 1321/3057
f 1325/3034 1423/3056 1427/3033
f 1321/3057 1207/3035 1193/3058
f 1207/3035 1321/3057 1325/3034
f 1193/3058 1105/3036 1096/3059
f 1105/3036 1193/3058 1207/3035
f 1096/3059 1004/3037 997/3060
f 1004/3037 1096/3059 1105/3036
f 997/3060 928/3038 923/3061
f 928/3038 997/3060 1004/3037
f 923/3061 867/3039 855/3062
f 867/3039 923/3061 928/3038
f 855/3062 808/3040 802/3063
f 808/3040 855/3062 867/3039
f 802/3063 757/3041 747/3064
f 757/3041 802/3063 808/3040
f 747/3064 706/3042 702/3065
f 706/3042 747/3064 757/3041
f 702/3065 659/3043 653/3066
f 659/3043 702/3065 706/3042
f 659/3043 616/3067 653/3066
f 616/3067 659/3043 620/3044
f 620/3044 585/3068 616/3067
f 585/3068 620/3044 589/3045
f 589/3045 557/3069 585/3068
f 557/3069 589/3045 561/3046
f 561/3046 512/3070 557/3069
f 512/3070 561/3046 543/3047
f 2701/3071 2497/3049 2492/3072
f 2497/3049 2701/3071 2708/3048
f 2492/3072 2308/3050 2305/3073
f 2308/3050 2492/3072 2497/3049
f 2305/3073 2142/3051 2139/3074
f 2142/3051 2305/3073 2308/3050
f 2139/3074 1975/3052 1967/3075
f 1975/3052 2139/3074 2142/3051
f 1967/3075 1833/3053 1824/3076
f 1833/3053 1967/3075 1975/3052
f 1824/3076 1689/3054 1680/3077
f 1689/3054 1824/3076 1833/3053
f 1680/3077 1563/3055 1558/3078
f 1563/3055 1680/3077 1689/3054
f 1558/3078 1423/3056 1415/3079
f 1423/3056 1558/3078 1563/3055
f 1415/3079 1321/3057 1311/3080
f 1321/3057 1415/3079 1423/3056
f 1311/3080 1193/3058 1189/3081
f 1193/3058 1311/3080 1321/3057
f 1189/3081 1096/3059 1088/3082
f 1096/3059 1189/3081 1193/3058
f 1088/3082 997/3060 991/3083
f 997/3060 1088/3082 1096/3059
f 991/3083 923/3061 917/3084
f 923/3061 991/3083 997/3060
f 917/3084 855/3062 851/3085
f 855/3062 917/3084 923/3061
f 851/3085 802/3063 792/3086
f 802/3063 851/3085 855/3062
f 792/3086 747/3064 743/3087
f 747/3064 792/3086 802/3063
f 743/3087 702/3065 692/3088
f 702/3065 743/3087 747/3064
f 692/3088 653/3066 649/3089
f 653/3066 692/3088 702/3065
f 653/3066 610/3090 649/3089
f 610/3090 653/3066 616/3067
f 616/3067 580/3091 610/3090
f 580/3091 616/3067 585/3068
f 585/3068 553/3092 580/3091
f 553/3092 585/3068 557/3069
f 557/3069 510/3093 553/3092
f 510/3093 557/3069 512/3070
f 2699/3094 2492/3072 2487/3095
f 2492/3072 2699/3094 2701/3071
f 2487/3095 2305/3073 2293/3096
f 2305/3073 2487/3095 2492/3072
f 2293/3096 2139/3074 2131/3097
f 2139/3074 2293/3096 2305/3073
f 2131/3097 1967/3075 1963/3098
f 1967/3075 2131/3097 2139/3074
f 1963/3098 1824/3076 1811/3099
f 1824/3076 1963/3098 1967/3075
f 1811/3099 1680/3077 1678/3100
f 1680/3077 1811/3099 1824/3076
f 1678/3100 1558/3078 1546/3101
f 1558/3078 1678/3100 1680/3077
f 1546/3101 1415/3079 1411/3102
f 1415/3079 1546/3101 1558/3078
f 1411/3102 1311/3080 1301/3103
f 1311/3080 1411/3102 1415/3079
f 1301/3103 1189/3081 1185/3104
f 1189/3081 1301/3103 1311/3080
f 1185/3104 1088/3082 1070/3105
f 1088/3082 1185/3104 1189/3081
f 1070/3105 991/3083 983/3106
f 991/3083 1070/3105 1088/3082
f 983/3106 917/3084 911/3107
f 917/3084 983/3106 991/3083
f 911/3107 851/3085 846/3108
f 851/3085 911/3107 917/3084
f 846/3108 792/3086 786/3109
f 792/3086 846/3108 851/3085
f 786/3109 743/3087 735/3110
f 743/3087 786/3109 792/3086
f 735/3110 692/3088 688/3111
f 692/3088 735/3110 743/3087
f 688/3111 649/3089 643/3112
f 649/3089 688/3111 692/3088
f 649/3089 606/3113 643/3112
f 606/3113 649/3089 610/3090
f 610/3090 576/3114 606/3113
f 576/3114 610/3090 580/3091
f 580/3091 551/3115 576/3114
f 551/3115 580/3091 553/3092
f 553/3092 508/3116 551/3115
f 508/3116 553/3092 510/3093
f 2691/3117 2487/3095 2483/3118
f 2487/3095 2691/3117 2699/3094
f 2483/3118 2293/3096 2289/3119
f 2293/3096 2483/3118 2487/3095
f 2289/3119 2131/3097 2125/3120
f 2131/3097 2289/3119 2293/3096
f 2125/3120 1963/3098 1957/3121
f 1963/3098 2125/3120 2131/3097
f 1957/3121 1811/3099 1809/3122
f 1811/3099 1957/3121 1963/3098
f 1809/3122 1678/3100 1674/3123
f 1678/3100 1809/3122 1811/3099
f 1674/3123 1546/3101 1542/3124
f 1546/3101 1674/3123 1678/3100
f 1542/3124 1411/3102 1403/3125
f 1411/3102 1542/3124 1546/3101
f 1403/3125 1301/3103 1297/3126
f 1301/3103 1403/3125 1411/3102
f 1297/3126 1185/3104 1175/3127
f 1185/3104 1297/3126 1301/3103
f 1175/3127 1070/3105 1066/3128
f 1070/3105 1175/3127 1185/3104
f 1066/3128 983/3106 977/3129
f 983/3106 1066/3128 1070/3105
f 977/3129 911/3107 905/3130
f 911/3107 977/3129 983/3106
f 905/3130 846/3108 841/3131
f 846/3108 905/3130 911/3107
f 841/3131 786/3109 784/3132
f 786/3109 841/3131 846/3108
f 784/3132 735/3110 729/3133
f 735/3110 784/3132 786/3109
f 729/3133 688/3111 684/3134
f 688/3111 729/3133 735/3110
f 684/3134 643/3112 637/3135
f 643/3112 684/3134 688/3111
f 643/3112 604/3136 637/3135
f 604/3136 643/3112 606/3113
f 606/3113 570/3137 604/3136
f 570/3137 606/3113 576/3114
f 576/3114 547/3138 570/3137
f 547/3138 576/3114 551/3115
f 551/3115 506/3139 547/3138
f 506/3139 551/3115 508/3116
f 2689/3140 2483/3118 2478/3141
f 2483/3118 2689/3140 2691/3117
f 2478/3141 2289/3119 2285/3142
f 2289/3119 2478/3141 2483/3118
f 2285/3142 2125/3120 2122/3143
f 2125/3120 2285/3142 2289/3119
f 2122/3143 1957/3121 1953/3144
f 1957/3121 2122/3143 2125/3120
f 1953/3144 1809/3122 1804/3145
f 1809/3122 1953/3144 1957/3121
f 1804/3145 1674/3123 1669/3146
f 1674/3123 1804/3145 1809/3122
f 1669/3146 1542/3124 1539/3147
f 1542/3124 1669/3146 1674/3123
f 1539/3147 1403/3125 1397/3148
f 1403/3125 1539/3147 1542/3124
f 1397/3148 1297/3126 1287/3149
f 1297/3126 1397/3148 1403/3125
f 1287/3149 1175/3127 1167/3150
f 1175/3127 1287/3149 1297/3126
f 1167/3150 1066/3128 1056/3151
f 1066/3128 1167/3150 1175/3127
f 1056/3151 977/3129 971/3152
f 977/3129 1056/3151 1066/3128
f 971/3152 905/3130 899/3153
f 905/3130 971/3152 977/3129
f 899/3153 841/3131 835/3154
f 841/3131 899/3153 905/3130
f 835/3154 784/3132 778/3155
f 784/3132 835/3154 841/3131
f 778/3155 729/3133 725/3156
f 729/3133 778/3155 784/3132
f 725/3156 684/3134 680/3157
f 684/3134 725/3156 729/3133
f 680/3157 637/3135 635/3158
f 637/3135 680/3157 684/3134
f 637/3135 598/3159 635/3158
f 598/3159 637/3135 604/3136
f 604/3136 568/3160 598/3159
f 568/3160 604/3136 570/3137
f 570/3137 545/3161 568/3160
f 545/3161 570/3137 547/3138
f 547/3138 504/3162 545/3161
f 504/3162 547/3138 506/3139
f 2687/3163 2478/3141 2476/3164
f 2478/3141 2687/3163 2689/3140
f 2476/3164 2285/3142 2283/3165
f 2285/3142 2476/3164 2478/3141
f 2283/3165 2122/3143 2117/3166
f 2122/3143 2283/3165 2285/3142
f 2117/3166 1953/3144 1951/3167
f 1953/3144 2117/3166 2122/3143
f 1951/3167 1804/3145 1795/3168
f 1804/3145 1951/3167 1953/3144
f 1795/3168 1669/3146 1666/3169
f 1669/3146 1795/3168 1804/3145
f 1666/3169 1539/3147 1533/3170
f 1539/3147 1666/3169 1669/3146
f 1533/3170 1397/3148 1393/3171
f 1397/3148 1533/3170 1539/3147
f 1393/3171 1287/3149 1283/3172
f 1287/3149 1393/3171 1397/3148
f 1283/3172 1167/3150 1165/3173
f 1167/3150 1283/3172 1287/3149
f 1165/3173 1056/3151 1046/3174
f 1056/3151 1165/3173 1167/3150
f 1046/3174 971/3152 966/3175
f 971/3152 1046/3174 1056/3151
f 966/3175 899/3153 894/3176
f 899/3153 966/3175 971/3152
f 894/3176 835/3154 831/3177
f 835/3154 894/3176 899/3153
f 831/3177 778/3155 774/3178
f 778/3155 831/3177 835/3154
f 774/3178 725/3156 723/3179
f 725/3156 774/3178 778/3155
f 723/3179 680/3157 672/3180
f 680/3157 723/3179 725/3156
f 672/3180 635/3158 631/3181
f 635/3158 672/3180 680/3157
f 635/3158 594/3182 631/3181
f 594/3182 635/3158 598/3159
f 598/3159 566/3183 594/3182
f 566/3183 598/3159 568/3160
f 568/3160 541/3184 566/3183
f 541/3184 568/3160 545/3161
f 545/3161 502/3185 541/3184
f 502/3185 545/3161 504/3162
f 2685/3186 2476/3164 2470/3187
f 2476/3164 2685/3186 2687/3163
f 2470/3187 2283/3165 2281/3188
f 2283/3165 2470/3187 2476/3164
f 2281/3188 2117/3166 2112/3189
f 2117/3166 2281/3188 2283/3165
f 2112/3189 1951/3167 1949/3190
f 1951/3167 2112/3189 2117/3166
f 1949/3190 1795/3168 1793/3191
f 1795/3168 1949/3190 1951/3167
f 1793/3191 1666/3169 1661/3192
f 1666/3169 1793/3191 1795/3168
f 1661/3192 1533/3170 1523/3193
f 1533/3170 1661/3192 1666/3169
f 1523/3193 1393/3171 1387/3194
f 1393/3171 1523/3193 1533/3170
f 1387/3194 1283/3172 1281/3195
f 1283/3172 1387/3194 1393/3171
f 1281/3195 1165/3173 1161/3196
f 1165/3173 1281/3195 1283/3172
f 1161/3196 1046/3174 1042/3197
f 1046/3174 1161/3196 1165/3173
f 1042/3197 966/3175 964/3198
f 966/3175 1042/3197 1046/3174
f 964/3198 894/3176 890/3199
f 894/3176 964/3198 966/3175
f 890/3199 831/3177 829/3200
f 831/3177 890/3199 894/3176
f 829/3200 774/3178 772/3201
f 774/3178 829/3200 831/3177
f 772/3201 723/3179 720/3202
f 723/3179 772/3201 774/3178
f 720/3202 672/3180 668/3203
f 672/3180 720/3202 723/3179
f 668/3203 631/3181 629/3204
f 631/3181 668/3203 672/3180
f 631/3181 592/3205 629/3204
f 592/3205 631/3181 594/3182
f 594/3182 564/3206 592/3205
f 564/3206 594/3182 566/3183
f 566/3183 539/3207 564/3206
f 539/3207 566/3183 541/3184
f 541/3184 500/3208 539/3207
f 500/3208 541/3184 502/3185
f 2683/3209 2470/3187 2468/3210
f 2470/3187 2683/3209 2685/3186
f 2468/3210 2281/3188 2279/3211
f 2281/3188 2468/3210 2470/3187
f 2279/3211 2112/3189 2110/3212
f 2112/3189 2279/3211 2281/3188
f 2110/3212 1949/3190 1947/3213
f 1949/3190 2110/3212 2112/3189
f 1947/3213 1793/3191 1790/3214
f 1793/3191 1947/3213 1949/3190
f 1790/3214 1661/3192 1659/3215
f 1661/3192 1790/3214 1793/3191
f 1659/3215 1523/3193 1519/3216
f 1523/3193 1659/3215 1661/3192
f 1519/3216 1387/3194 1385/3217
f 1387/3194 1519/3216 1523/3193
f 1385/3217 1281/3195 1279/3218
f 1281/3195 1385/3217 1387/3194
f 1279/3218 1161/3196 1159/3219
f 1161/3196 1279/3218 1281/3195
f 1159/3219 1042/3197 1040/3220
f 1042/3197 1159/3219 1161/3196
f 1040/3220 964/3198 962/3221
f 964/3198 1040/3220 1042/3197
f 962/3221 890/3199 888/3222
f 890/3199 962/3221 964/3198
f 888/3222 829/3200 825/3223
f 829/3200 888/3222 890/3199
f 825/3223 772/3201 770/3224
f 772/3201 825/3223 829/3200
f 770/3224 720/3202 717/3225
f 720/3202 770/3224 772/3201
f 717/3225 668/3203 666/3226
f 668/3203 717/3225 720/3202
f 666/3226 629/3204 627/3227
f 629/3204 666/3226 668/3203
f 627/3227 592/3205 590/3228
f 592/3205 627/3227 629/3204
f 592/3205 562/3229 590/3228
f 562/3229 592/3205 564/3206
f 562/3229 539/3207 537/3230
f 539/3207 562/3229 564/3206
f 539/3207 498/3231 537/3230
f 498/3231 539/3207 500/3208
f 2469/3232 2683/3209 2468/3210
f 2683/3209 2469/3232 2684/3233
f 2280/3234 2468/3210 2279/3211
f 2468/3210 2280/3234 2469/3232
f 2111/3235 2279/3211 2110/3212
f 2279/3211 2111/3235 2280/3234
f 1948/3236 2110/3212 1947/3213
f 2110/3212 1948/3236 2111/3235
f 1792/3237 1947/3213 1790/3214
f 1947/3213 1792/3237 1948/3236
f 1660/3238 1790/3214 1659/3215
f 1790/3214 1660/3238 1792/3237
f 1522/3239 1659/3215 1519/3216
f 1659/3215 1522/3239 1660/3238
f 1386/3240 1519/3216 1385/3217
f 1519/3216 1386/3240 1522/3239
f 1280/3241 1385/3217 1279/3218
f 1385/3217 1280/3241 1386/3240
f 1160/3242 1279/3218 1159/3219
f 1279/3218 1160/3242 1280/3241
f 1041/3243 1159/3219 1040/3220
f 1159/3219 1041/3243 1160/3242
f 963/3244 1040/3220 962/3221
f 1040/3220 963/3244 1041/3243
f 889/3245 962/3221 888/3222
f 962/3221 889/3245 963/3244
f 828/3246 888/3222 825/3223
f 888/3222 828/3246 889/3245
f 771/3247 825/3223 770/3224
f 825/3223 771/3247 828/3246
f 719/3248 770/3224 717/3225
f 770/3224 719/3248 771/3247
f 667/3249 717/3225 666/3226
f 717/3225 667/3249 719/3248
f 628/3250 666/3226 627/3227
f 666/3226 628/3250 667/3249
f 628/3250 590/3228 591/3251
f 590/3228 628/3250 627/3227
f 591/3251 562/3229 563/3252
f 562/3229 591/3251 590/3228
f 563/3252 537/3230 538/3253
f 537/3230 563/3252 562/3229
f 538/3253 498/3231 499/3254
f 498/3231 538/3253 537/3230
f 2475/3255 2684/3233 2469/3232
f 2684/3233 2475/3255 2686/3256
f 2282/3257 2469/3232 2280/3234
f 2469/3232 2282/3257 2475/3255
f 2116/3258 2280/3234 2111/3235
f 2280/3234 2116/3258 2282/3257
f 1950/3259 2111/3235 1948/3236
f 2111/3235 1950/3259 2116/3258
f 1794/3260 1948/3236 1792/3237
f 1948/3236 1794/3260 1950/3259
f 1665/3261 1792/3237 1660/3238
f 1792/3237 1665/3261 1794/3260
f 1532/3262 1660/3238 1522/3239
f 1660/3238 1532/3262 1665/3261
f 1392/3263 1522/3239 1386/3240
f 1522/3239 1392/3263 1532/3262
f 1282/3264 1386/3240 1280/3241
f 1386/3240 1282/3264 1392/3263
f 1164/3265 1280/3241 1160/3242
f 1280/3241 1164/3265 1282/3264
f 1045/3266 1160/3242 1041/3243
f 1160/3242 1045/3266 1164/3265
f 965/3267 1041/3243 963/3244
f 1041/3243 965/3267 1045/3266
f 893/3268 963/3244 889/3245
f 963/3244 893/3268 965/3267
f 830/3269 889/3245 828/3246
f 889/3245 830/3269 893/3268
f 773/3270 828/3246 771/3247
f 828/3246 773/3270 830/3269
f 722/3271 771/3247 719/3248
f 771/3247 722/3271 773/3270
f 671/3272 719/3248 667/3249
f 719/3248 671/3272 722/3271
f 630/3273 667/3249 628/3250
f 667/3249 630/3273 671/3272
f 630/3273 591/3251 593/3274
f 591/3251 630/3273 628/3250
f 593/3274 563/3252 565/3275
f 563/3252 593/3274 591/3251
f 565/3275 538/3253 540/3276
f 538/3253 565/3275 563/3252
f 540/3276 499/3254 501/3277
f 499/3254 540/3276 538/3253
f 2477/3278 2686/3256 2475/3255
f 2686/3256 2477/3278 2688/3279
f 2284/3280 2475/3255 2282/3257
f 2475/3255 2284/3280 2477/3278
f 2121/3281 2282/3257 2116/3258
f 2282/3257 2121/3281 2284/3280
f 1952/3282 2116/3258 1950/3259
f 2116/3258 1952/3282 2121/3281
f 1803/3283 1950/3259 1794/3260
f 1950/3259 1803/3283 1952/3282
f 1668/3284 1794/3260 1665/3261
f 1794/3260 1668/3284 1803/3283
f 1538/3285 1665/3261 1532/3262
f 1665/3261 1538/3285 1668/3284
f 1396/3286 1532/3262 1392/3263
f 1532/3262 1396/3286 1538/3285
f 1286/3287 1392/3263 1282/3264
f 1392/3263 1286/3287 1396/3286
f 1166/3288 1282/3264 1164/3265
f 1282/3264 1166/3288 1286/3287
f 1055/3289 1164/3265 1045/3266
f 1164/3265 1055/3289 1166/3288
f 970/3290 1045/3266 965/3267
f 1045/3266 970/3290 1055/3289
f 898/3291 965/3267 893/3268
f 965/3267 898/3291 970/3290
f 834/3292 893/3268 830/3269
f 893/3268 834/3292 898/3291
f 777/3293 830/3269 773/3270
f 830/3269 777/3293 834/3292
f 724/3294 773/3270 722/3271
f 773/3270 724/3294 777/3293
f 679/3295 722/3271 671/3272
f 722/3271 679/3295 724/3294
f 634/3296 671/3272 630/3273
f 671/3272 634/3296 679/3295
f 634/3296 593/3274 597/3297
f 593/3274 634/3296 630/3273
f 597/3297 565/3275 567/3298
f 565/3275 597/3297 593/3274
f 567/3298 540/3276 544/3299
f 540/3276 567/3298 565/3275
f 544/3299 501/3277 503/3300
f 501/3277 544/3299 540/3276
f 2482/3301 2688/3279 2477/3278
f 2688/3279 2482/3301 2690/3302
f 2288/3303 2477/3278 2284/3280
f 2477/3278 2288/3303 2482/3301
f 2124/3304 2284/3280 2121/3281
f 2284/3280 2124/3304 2288/3303
f 1956/3305 2121/3281 1952/3282
f 2121/3281 1956/3305 2124/3304
f 1808/3306 1952/3282 1803/3283
f 1952/3282 1808/3306 1956/3305
f 1673/3307 1803/3283 1668/3284
f 1803/3283 1673/3307 1808/3306
f 1541/3308 1668/3284 1538/3285
f 1668/3284 1541/3308 1673/3307
f 1402/3309 1538/3285 1396/3286
f 1538/3285 1402/3309 1541/3308
f 1296/3310 1396/3286 1286/3287
f 1396/3286 1296/3310 1402/3309
f 1174/3311 1286/3287 1166/3288
f 1286/3287 1174/3311 1296/3310
f 1065/3312 1166/3288 1055/3289
f 1166/3288 1065/3312 1174/3311
f 976/3313 1055/3289 970/3290
f 1055/3289 976/3313 1065/3312
f 904/3314 970/3290 898/3291
f 970/3290 904/3314 976/3313
f 840/3315 898/3291 834/3292
f 898/3291 840/3315 904/3314
f 783/3316 834/3292 777/3293
f 834/3292 783/3316 840/3315
f 728/3317 777/3293 724/3294
f 777/3293 728/3317 783/3316
f 683/3318 724/3294 679/3295
f 724/3294 683/3318 728/3317
f 636/3319 679/3295 634/3296
f 679/3295 636/3319 683/3318
f 636/3319 597/3297 603/3320
f 597/3297 636/3319 634/3296
f 603/3320 567/3298 569/3321
f 567/3298 603/3320 597/3297
f 569/3321 544/3299 546/3322
f 544/3299 569/3321 567/3298
f 546/3322 503/3300 505/3323
f 503/3300 546/3322 544/3299
f 2486/3324 2690/3302 2482/3301
f 2690/3302 2486/3324 2698/3325
f 2292/3326 2482/3301 2288/3303
f 2482/3301 2292/3326 2486/3324
f 2130/3327 2288/3303 2124/3304
f 2288/3303 2130/3327 2292/3326
f 1962/3328 2124/3304 1956/3305
f 2124/3304 1962/3328 2130/3327
f 1810/3329 1956/3305 1808/3306
f 1956/3305 1810/3329 1962/3328
f 1677/3330 1808/3306 1673/3307
f 1808/3306 1677/3330 1810/3329
f 1545/3331 1673/3307 1541/3308
f 1673/3307 1545/3331 1677/3330
f 1410/3332 1541/3308 1402/3309
f 1541/3308 1410/3332 1545/3331
f 1300/3333 1402/3309 1296/3310
f 1402/3309 1300/3333 1410/3332
f 1184/3334 1296/3310 1174/3311
f 1296/3310 1184/3334 1300/3333
f 1069/3335 1174/3311 1065/3312
f 1174/3311 1069/3335 1184/3334
f 982/3336 1065/3312 976/3313
f 1065/3312 982/3336 1069/3335
f 910/3337 976/3313 904/3314
f 976/3313 910/3337 982/3336
f 845/3338 904/3314 840/3315
f 904/3314 845/3338 910/3337
f 785/3339 840/3315 783/3316
f 840/3315 785/3339 845/3338
f 734/3340 783/3316 728/3317
f 783/3316 734/3340 785/3339
f 687/3341 728/3317 683/3318
f 728/3317 687/3341 734/3340
f 642/3342 683/3318 636/3319
f 683/3318 642/3342 687/3341
f 642/3342 603/3320 605/3343
f 603/3320 642/3342 636/3319
f 605/3343 569/3321 575/3344
f 569/3321 605/3343 603/3320
f 575/3344 546/3322 550/3345
f 546/3322 575/3344 569/3321
f 550/3345 505/3323 507/3346
f 505/3323 550/3345 546/3322
f 2491/3347 2698/3325 2486/3324
f 2698/3325 2491/3347 2700/3348
f 2304/3349 2486/3324 2292/3326
f 2486/3324 2304/3349 2491/3347
f 2138/3350 2292/3326 2130/3327
f 2292/3326 2138/3350 2304/3349
f 1966/3351 2130/3327 1962/3328
f 2130/3327 1966/3351 2138/3350
f 1823/3352 1962/3328 1810/3329
f 1962/3328 1823/3352 1966/3351
f 1679/3353 1810/3329 1677/3330
f 1810/3329 1679/3353 1823/3352
f 1557/3354 1677/3330 1545/3331
f 1677/3330 1557/3354 1679/3353
f 1414/3355 1545/3331 1410/3332
f 1545/3331 1414/3355 1557/3354
f 1310/3356 1410/3332 1300/3333
f 1410/3332 1310/3356 1414/3355
f 1188/3357 1300/3333 1184/3334
f 1300/3333 1188/3357 1310/3356
f 1087/3358 1184/3334 1069/3335
f 1184/3334 1087/3358 1188/3357
f 990/3359 1069/3335 982/3336
f 1069/3335 990/3359 1087/3358
f 916/3360 982/3336 910/3337
f 982/3336 916/3360 990/3359
f 850/3361 910/3337 845/3338
f 910/3337 850/3361 916/3360
f 791/3362 845/3338 785/3339
f 845/3338 791/3362 850/3361
f 742/3363 785/3339 734/3340
f 785/3339 742/3363 791/3362
f 691/3364 734/3340 687/3341
f 734/3340 691/3364 742/3363
f 648/3365 687/3341 642/3342
f 687/3341 648/3365 691/3364
f 648/3365 605/3343 609/3366
f 605/3343 648/3365 642/3342
f 609/3366 575/3344 579/3367
f 575/3344 609/3366 605/3343
f 579/3367 550/3345 552/3368
f 550/3345 579/3367 575/3344
f 552/3368 507/3346 509/3369
f 507/3346 552/3368 550/3345
f 2496/3370 2700/3348 2491/3347
f 2700/3348 2496/3370 2707/3371
f 2307/3372 2491/3347 2304/3349
f 2491/3347 2307/3372 2496/3370
f 2141/3373 2304/3349 2138/3350
f 2304/3349 2141/3373 2307/3372
f 1974/3374 2138/3350 1966/3351
f 2138/3350 1974/3374 2141/3373
f 1832/3375 1966/3351 1823/3352
f 1966/3351 1832/3375 1974/3374
f 1688/3376 1823/3352 1679/3353
f 1823/3352 1688/3376 1832/3375
f 1562/3377 1679/3353 1557/3354
f 1679/3353 1562/3377 1688/3376
f 1422/3378 1557/3354 1414/3355
f 1557/3354 1422/3378 1562/3377
f 1320/3379 1414/3355 1310/3356
f 1414/3355 1320/3379 1422/3378
f 1192/3380 1310/3356 1188/3357
f 1310/3356 1192/3380 1320/3379
f 1095/3381 1188/3357 1087/3358
f 1188/3357 1095/3381 1192/3380
f 996/3382 1087/3358 990/3359
f 1087/3358 996/3382 1095/3381
f 922/3383 990/3359 916/3360
f 990/3359 922/3383 996/3382
f 854/3384 916/3360 850/3361
f 916/3360 854/3384 922/3383
f 801/3385 850/3361 791/3362
f 850/3361 801/3385 854/3384
f 746/3386 791/3362 742/3363
f 791/3362 746/3386 801/3385
f 701/3387 742/3363 691/3364
f 742/3363 701/3387 746/3386
f 652/3388 691/3364 648/3365
f 691/3364 652/3388 701/3387
f 652/3388 609/3366 615/3389
f 609/3366 652/3388 648/3365
f 615/3389 579/3367 584/3390
f 579/3367 615/3389 609/3366
f 584/3390 552/3368 556/3391
f 552/3368 584/3390 579/3367
f 556/3391 509/3369 511/3392
f 509/3369 556/3391 552/3368
f 2506/3393 2707/3371 2496/3370
f 2707/3371 2506/3393 2712/3394
f 2314/3395 2496/3370 2307/3372
f 2496/3370 2314/3395 2506/3393
f 2152/3396 2307/3372 2141/3373
f 2307/3372 2152/3396 2314/3395
f 1980/3397 2141/3373 1974/3374
f 2141/3373 1980/3397 2152/3396
f 1837/3398 1974/3374 1832/3375
f 1974/3374 1837/3398 1980/3397
f 1698/3399 1832/3375 1688/3376
f 1832/3375 1698/3399 1837/3398
f 1566/3400 1688/3376 1562/3377
f 1688/3376 1566/3400 1698/3399
f 1426/3401 1562/3377 1422/3378
f 1562/3377 1426/3401 1566/3400
f 1324/3402 1422/3378 1320/3379
f 1422/3378 1324/3402 1426/3401
f 1206/3403 1320/3379 1192/3380
f 1320/3379 1206/3403 1324/3402
f 1104/3404 1192/3380 1095/3381
f 1192/3380 1104/3404 1206/3403
f 1003/3405 1095/3381 996/3382
f 1095/3381 1003/3405 1104/3404
f 927/3406 996/3382 922/3383
f 996/3382 927/3406 1003/3405
f 866/3407 922/3383 854/3384
f 922/3383 866/3407 927/3406
f 807/3408 854/3384 801/3385
f 854/3384 807/3408 866/3407
f 756/3409 801/3385 746/3386
f 801/3385 756/3409 807/3408
f 705/3410 746/3386 701/3387
f 746/3386 705/3410 756/3409
f 658/3411 701/3387 652/3388
f 701/3387 658/3411 705/3410
f 658/3411 615/3389 619/3412
f 615/3389 658/3411 652/3388
f 619/3412 584/3390 588/3413
f 584/3390 619/3412 615/3389
f 588/3413 556/3391 560/3414
f 556/3391 588/3413 584/3390
f 560/3414 511/3392 542/3415
f 511/3392 560/3414 556/3391
f 2511/3416 2712/3394 2506/3393
f 2712/3394 2511/3416 2720/3417
f 2320/3418 2506/3393 2314/3395
f 2506/3393 2320/3418 2511/3416
f 2158/3419 2314/3395 2152/3396
f 2314/3395 2158/3419 2320/3418
f 1990/3420 2152/3396 1980/3397
f 2152/3396 1990/3420 2158/3419
f 1851/3421 1980/3397 1837/3398
f 1980/3397 1851/3421 1990/3420
f 1709/3422 1837/3398 1698/3399
f 1837/3398 1709/3422 1851/3421
f 1579/3423 1698/3399 1566/3400
f 1698/3399 1579/3423 1709/3422
f 1443/3424 1566/3400 1426/3401
f 1566/3400 1443/3424 1579/3423
f 1338/3425 1426/3401 1324/3402
f 1426/3401 1338/3425 1443/3424
f 1226/3426 1324/3402 1206/3403
f 1324/3402 1226/3426 1338/3425
f 1110/3427 1206/3403 1104/3404
f 1206/3403 1110/3427 1226/3426
f 1012/3428 1104/3404 1003/3405
f 1104/3404 1012/3428 1110/3427
f 941/3429 1003/3405 927/3406
f 1003/3405 941/3429 1012/3428
f 874/3430 927/3406 866/3407
f 927/3406 874/3430 941/3429
f 815/3431 866/3407 807/3408
f 866/3407 815/3431 874/3430
f 760/3432 807/3408 756/3409
f 807/3408 760/3432 815/3431
f 713/3433 756/3409 705/3410
f 756/3409 713/3433 760/3432
f 664/3434 705/3410 658/3411
f 705/3410 664/3434 713/3433
f 632/3435 658/3411 619/3412
f 658/3411 632/3435 664/3434
f 632/3435 588/3413 601/3436
f 588/3413 632/3435 619/3412
f 601/3436 560/3414 571/3437
f 560/3414 601/3436 588/3413
f 571/3437 542/3415 548/3438
f 542/3415 571/3437 560/3414
f 2517/3439 2720/3417 2511/3416
f 2720/3417 2517/3439 2724/3440
f 2326/3441 2511/3416 2320/3418
f 2511/3416 2326/3441 2517/3439
f 2165/3442 2320/3418 2158/3419
f 2320/3418 2165/3442 2326/3441
f 1996/3443 2158/3419 1990/3420
f 2158/3419 1996/3443 2165/3442
f 1858/3444 1990/3420 1851/3421
f 1990/3420 1858/3444 1996/3443
f 1720/3445 1851/3421 1709/3422
f 1851/3421 1720/3445 1858/3444
f 1596/3446 1709/3422 1579/3423
f 1709/3422 1596/3446 1720/3445
f 1463/3447 1579/3423 1443/3424
f 1579/3423 1463/3447 1596/3446
f 1350/3448 1443/3424 1338/3425
f 1443/3424 1350/3448 1463/3447
f 1242/3449 1338/3425 1226/3426
f 1338/3425 1242/3449 1350/3448
f 1123/3450 1226/3426 1110/3427
f 1226/3426 1123/3450 1242/3449
f 1022/3451 1110/3427 1012/3428
f 1110/3427 1022/3451 1123/3450
f 949/3452 1012/3428 941/3429
f 1012/3428 949/3452 1022/3451
f 882/3453 941/3429 874/3430
f 941/3429 882/3453 949/3452
f 823/3454 874/3430 815/3431
f 874/3430 823/3454 882/3453
f 775/3455 815/3431 760/3432
f 815/3431 775/3455 823/3454
f 726/3456 760/3432 713/3433
f 760/3432 726/3456 775/3455
f 685/3457 713/3433 664/3434
f 713/3433 685/3457 726/3456
f 640/3458 664/3434 632/3435
f 664/3434 640/3458 685/3457
f 640/3458 601/3436 607/3459
f 601/3436 640/3458 632/3435
f 607/3459 571/3437 577/3460
f 571/3437 607/3459 601/3436
f 577/3460 548/3438 554/3461
f 548/3438 577/3460 571/3437
f 2524/3462 2724/3440 2517/3439
f 2724/3440 2524/3462 2730/3463
f 2336/3464 2517/3439 2326/3441
f 2517/3439 2336/3464 2524/3462
f 2172/3465 2326/3441 2165/3442
f 2326/3441 2172/3465 2336/3464
f 2013/3466 2165/3442 1996/3443
f 2165/3442 2013/3466 2172/3465
f 1867/3467 1996/3443 1858/3444
f 1996/3443 1867/3467 2013/3466
f 1726/3468 1858/3444 1720/3445
f 1858/3444 1726/3468 1867/3467
f 1602/3469 1720/3445 1596/3446
f 1720/3445 1602/3469 1726/3468
f 1474/3470 1596/3446 1463/3447
f 1596/3446 1474/3470 1602/3469
f 1362/3471 1463/3447 1350/3448
f 1463/3447 1362/3471 1474/3470
f 1254/3472 1350/3448 1242/3449
f 1350/3448 1254/3472 1362/3471
f 1143/3473 1242/3449 1123/3450
f 1242/3449 1143/3473 1254/3472
f 1036/3474 1123/3450 1022/3451
f 1123/3450 1036/3474 1143/3473
f 960/3475 1022/3451 949/3452
f 1022/3451 960/3475 1036/3474
f 897/3476 949/3452 882/3453
f 949/3452 897/3476 960/3475
f 842/3477 882/3453 823/3454
f 882/3453 842/3477 897/3476
f 787/3478 823/3454 775/3455
f 823/3454 787/3478 842/3477
f 740/3479 775/3455 726/3456
f 775/3455 740/3479 787/3478
f 695/3480 726/3456 685/3457
f 726/3456 695/3480 740/3479
f 650/3481 685/3457 640/3458
f 685/3457 650/3481 695/3480
f 650/3481 607/3459 617/3482
f 607/3459 650/3481 640/3458
f 617/3482 577/3460 586/3483
f 577/3460 617/3482 607/3459
f 586/3483 554/3461 558/3484
f 554/3461 586/3483 577/3460
f 2531/3485 2730/3463 2524/3462
f 2730/3463 2531/3485 2732/3486
f 2346/3487 2524/3462 2336/3464
f 2524/3462 2346/3487 2531/3485
f 2183/3488 2336/3464 2172/3465
f 2336/3464 2183/3488 2346/3487
f 2024/3489 2172/3465 2013/3466
f 2172/3465 2024/3489 2183/3488
f 1882/3490 2013/3466 1867/3467
f 2013/3466 1882/3490 2024/3489
f 1744/3491 1867/3467 1726/3468
f 1867/3467 1744/3491 1882/3490
f 1620/3492 1726/3468 1602/3469
f 1726/3468 1620/3492 1744/3491
f 1490/3493 1602/3469 1474/3470
f 1602/3469 1490/3493 1620/3492
f 1372/3494 1474/3470 1362/3471
f 1474/3470 1372/3494 1490/3493
f 1260/3495 1362/3471 1254/3472
f 1362/3471 1260/3495 1372/3494
f 1157/3496 1254/3472 1143/3473
f 1254/3472 1157/3496 1260/3495
f 1061/3497 1143/3473 1036/3474
f 1143/3473 1061/3497 1157/3496
f 978/3498 1036/3474 960/3475
f 1036/3474 978/3498 1061/3497
f 914/3499 960/3475 897/3476
f 960/3475 914/3499 978/3498
f 852/3500 897/3476 842/3477
f 897/3476 852/3500 914/3499
f 803/3501 842/3477 787/3478
f 842/3477 803/3501 852/3500
f 750/3502 787/3478 740/3479
f 787/3478 750/3502 803/3501
f 703/3503 740/3479 695/3480
f 740/3479 703/3503 750/3502
f 662/3504 695/3480 650/3481
f 695/3480 662/3504 703/3503
f 662/3504 617/3482 625/3505
f 617/3482 662/3504 650/3481
f 625/3505 586/3483 599/3506
f 586/3483 625/3505 617/3482
f 599/3506 558/3484 573/3507
f 558/3484 599/3506 586/3483
f 2534/3508 2732/3486 2531/3485
f 2732/3486 2534/3508 2738/3509
f 2348/3510 2531/3485 2346/3487
f 2531/3485 2348/3510 2534/3508
f 2193/3511 2346/3487 2183/3488
f 2346/3487 2193/3511 2348/3510
f 2038/3512 2183/3488 2024/3489
f 2183/3488 2038/3512 2193/3511
f 1897/3513 2024/3489 1882/3490
f 2024/3489 1897/3513 2038/3512
f 1752/3514 1882/3490 1744/3491
f 1882/3490 1752/3514 1897/3513
f 1631/3515 1744/3491 1620/3492
f 1744/3491 1631/3515 1752/3514
f 1502/3516 1620/3492 1490/3493
f 1620/3492 1502/3516 1631/3515
f 1381/3517 1490/3493 1372/3494
f 1490/3493 1381/3517 1502/3516
f 1288/3518 1372/3494 1260/3495
f 1372/3494 1288/3518 1381/3517
f 1182/3519 1260/3495 1157/3496
f 1260/3495 1182/3519 1288/3518
f 1089/3520 1157/3496 1061/3497
f 1157/3496 1089/3520 1182/3519
f 994/3521 1061/3497 978/3498
f 1061/3497 994/3521 1089/3520
f 924/3522 978/3498 914/3499
f 978/3498 924/3522 994/3521
f 870/3523 914/3499 852/3500
f 914/3499 870/3523 924/3522
f 811/3524 852/3500 803/3501
f 852/3500 811/3524 870/3523
f 762/3525 803/3501 750/3502
f 803/3501 762/3525 811/3524
f 718/3526 750/3502 703/3503
f 750/3502 718/3526 762/3525
f 681/3527 703/3503 662/3504
f 703/3503 681/3527 718/3526
f 681/3527 625/3505 644/3528
f 625/3505 681/3527 662/3504
f 644/3528 599/3506 613/3529
f 599/3506 644/3528 625/3505
f 613/3529 573/3507 581/3530
f 573/3507 613/3529 599/3506
f 2549/3531 2738/3509 2534/3508
f 2738/3509 2549/3531 2750/3532
f 2360/3533 2534/3508 2348/3510
f 2534/3508 2360/3533 2549/3531
f 2203/3534 2348/3510 2193/3511
f 2348/3510 2203/3534 2360/3533
f 2048/3535 2193/3511 2038/3512
f 2193/3511 2048/3535 2203/3534
f 1906/3536 2038/3512 1897/3513
f 2038/3512 1906/3536 2048/3535
f 1770/3537 1897/3513 1752/3514
f 1897/3513 1770/3537 1906/3536
f 1644/3538 1752/3514 1631/3515
f 1752/3514 1644/3538 1770/3537
f 1516/3539 1631/3515 1502/3516
f 1631/3515 1516/3539 1644/3538
f 1408/3540 1502/3516 1381/3517
f 1502/3516 1408/3540 1516/3539
f 1312/3541 1381/3517 1288/3518
f 1381/3517 1312/3541 1408/3540
f 1194/3542 1288/3518 1182/3519
f 1288/3518 1194/3542 1312/3541
f 1107/3543 1182/3519 1089/3520
f 1182/3519 1107/3543 1194/3542
f 1010/3544 1089/3520 994/3521
f 1089/3520 1010/3544 1107/3543
f 945/3545 994/3521 924/3522
f 994/3521 945/3545 1010/3544
f 878/3546 924/3522 870/3523
f 924/3522 878/3546 945/3545
f 826/3547 870/3523 811/3524
f 870/3523 826/3547 878/3546
f 781/3548 811/3524 762/3525
f 811/3524 781/3548 826/3547
f 736/3549 762/3525 718/3526
f 762/3525 736/3549 781/3548
f 697/3550 718/3526 681/3527
f 718/3526 697/3550 736/3549
f 697/3550 644/3528 656/3551
f 644/3528 697/3550 681/3527
f 656/3551 613/3529 621/3552
f 613/3529 656/3551 644/3528
f 621/3552 581/3530 595/3553
f 581/3530 621/3552 613/3529
f 2555/3554 2750/3532 2549/3531
f 2750/3532 2555/3554 2756/3555
f 2368/3556 2549/3531 2360/3533
f 2549/3531 2368/3556 2555/3554
f 2213/3557 2360/3533 2203/3534
f 2360/3533 2213/3557 2368/3556
f 2058/3558 2203/3534 2048/3535
f 2203/3534 2058/3558 2213/3557
f 1919/3559 2048/3535 1906/3536
f 2048/3535 1919/3559 2058/3558
f 1780/3560 1906/3536 1770/3537
f 1906/3536 1780/3560 1919/3559
f 1664/3561 1770/3537 1644/3538
f 1770/3537 1664/3561 1780/3560
f 1549/3562 1644/3538 1516/3539
f 1644/3538 1549/3562 1664/3561
f 1424/3563 1516/3539 1408/3540
f 1516/3539 1424/3563 1549/3562
f 1330/3564 1408/3540 1312/3541
f 1408/3540 1330/3564 1424/3563
f 1228/3565 1312/3541 1194/3542
f 1312/3541 1228/3565 1330/3564
f 1119/3566 1194/3542 1107/3543
f 1194/3542 1119/3566 1228/3565
f 1034/3567 1107/3543 1010/3544
f 1107/3543 1034/3567 1119/3566
f 953/3568 1010/3544 945/3545
f 1010/3544 953/3568 1034/3567
f 901/3569 945/3545 878/3546
f 945/3545 901/3569 953/3568
f 848/3570 878/3546 826/3547
f 878/3546 848/3570 901/3569
f 799/3571 826/3547 781/3548
f 826/3547 799/3571 848/3570
f 752/3572 781/3548 736/3549
f 781/3548 752/3572 799/3571
f 711/3573 736/3549 697/3550
f 736/3549 711/3573 752/3572
f 711/3573 656/3551 669/3574
f 656/3551 711/3573 697/3550
f 669/3574 621/3552 638/3575
f 621/3552 669/3574 656/3551
f 638/3575 595/3553 611/3576
f 595/3553 638/3575 621/3552
f 2565/3577 2756/3555 2555/3554
f 2756/3555 2565/3577 2764/3578
f 2382/3579 2555/3554 2368/3556
f 2555/3554 2382/3579 2565/3577
f 2225/3580 2368/3556 2213/3557
f 2368/3556 2225/3580 2382/3579
f 2070/3581 2213/3557 2058/3558
f 2213/3557 2070/3581 2225/3580
f 1927/3582 2058/3558 1919/3559
f 2058/3558 1927/3582 2070/3581
f 1796/3583 1919/3559 1780/3560
f 1919/3559 1796/3583 1927/3582
f 1681/3584 1780/3560 1664/3561
f 1780/3560 1681/3584 1796/3583
f 1564/3585 1664/3561 1549/3562
f 1664/3561 1564/3585 1681/3584
f 1449/3586 1549/3562 1424/3563
f 1549/3562 1449/3586 1564/3585
f 1353/3587 1424/3563 1330/3564
f 1424/3563 1353/3587 1449/3586
f 1249/3588 1330/3564 1228/3565
f 1330/3564 1249/3588 1353/3587
f 1149/3589 1228/3565 1119/3566
f 1228/3565 1149/3589 1249/3588
f 1049/3590 1119/3566 1034/3567
f 1119/3566 1049/3590 1149/3589
f 986/3591 1034/3567 953/3568
f 1034/3567 986/3591 1049/3590
f 920/3592 953/3568 901/3569
f 953/3568 920/3592 986/3591
f 868/3593 901/3569 848/3570
f 901/3569 868/3593 920/3592
f 813/3594 848/3570 799/3571
f 848/3570 813/3594 868/3593
f 768/3595 799/3571 752/3572
f 799/3571 768/3595 813/3594
f 730/3596 752/3572 711/3573
f 752/3572 730/3596 768/3595
f 693/3597 711/3573 669/3574
f 711/3573 693/3597 730/3596
f 693/3597 638/3575 654/3598
f 638/3575 693/3597 669/3574
f 654/3598 611/3576 623/3599
f 611/3576 654/3598 638/3575
f 2573/3600 2764/3578 2565/3577
f 2764/3578 2573/3600 2769/3601
f 2390/3602 2565/3577 2382/3579
f 2565/3577 2390/3602 2573/3600
f 2231/3603 2382/3579 2225/3580
f 2382/3579 2231/3603 2390/3602
f 2088/3604 2225/3580 2070/3581
f 2225/3580 2088/3604 2231/3603
f 1945/3605 2070/3581 1927/3582
f 2070/3581 1945/3605 2088/3604
f 1829/3606 1927/3582 1796/3583
f 1927/3582 1829/3606 1945/3605
f 1707/3607 1796/3583 1681/3584
f 1796/3583 1707/3607 1829/3606
f 1593/3608 1681/3584 1564/3585
f 1681/3584 1593/3608 1707/3607
f 1469/3609 1564/3585 1449/3586
f 1564/3585 1469/3609 1593/3608
f 1368/3610 1449/3586 1353/3587
f 1449/3586 1368/3610 1469/3609
f 1265/3611 1353/3587 1249/3588
f 1353/3587 1265/3611 1368/3610
f 1176/3612 1249/3588 1149/3589
f 1249/3588 1176/3612 1265/3611
f 1091/3613 1149/3589 1049/3590
f 1149/3589 1091/3613 1176/3612
f 1002/3614 1049/3590 986/3591
f 1049/3590 1002/3614 1091/3613
f 943/3615 986/3591 920/3592
f 986/3591 943/3615 1002/3614
f 880/3616 920/3592 868/3593
f 920/3592 880/3616 943/3615
f 838/3617 868/3593 813/3594
f 868/3593 838/3617 880/3616
f 789/3618 813/3594 768/3595
f 813/3594 789/3618 838/3617
f 748/3619 768/3595 730/3596
f 768/3595 748/3619 789/3618
f 709/3620 730/3596 693/3597
f 730/3596 709/3620 748/3619
f 709/3620 654/3598 677/3621
f 654/3598 709/3620 693/3597
f 677/3621 623/3599 646/3622
f 623/3599 677/3621 654/3598
f 2587/3623 2778/3624 2769/3601
f 2769/3601 2573/3600 2587/3623
f 2398/3625 2587/3623 2573/3600
f 2573/3600 2390/3602 2398/3625
f 2251/3626 2390/3602 2231/3603
f 2390/3602 2251/3626 2398/3625
f 2099/3627 2231/3603 2088/3604
f 2231/3603 2099/3627 2251/3626
f 1968/3628 2088/3604 1945/3605
f 2088/3604 1968/3628 2099/3627
f 1847/3629 1945/3605 1829/3606
f 1945/3605 1847/3629 1968/3628
f 1722/3630 1829/3606 1707/3607
f 1829/3606 1722/3630 1847/3629
f 1613/3631 1707/3607 1593/3608
f 1707/3607 1613/3631 1722/3630
f 1499/3632 1593/3608 1469/3609
f 1593/3608 1499/3632 1613/3631
f 1383/3633 1469/3609 1368/3610
f 1469/3609 1383/3633 1499/3632
f 1306/3634 1368/3610 1265/3611
f 1368/3610 1306/3634 1383/3633
f 1198/3635 1265/3611 1176/3612
f 1265/3611 1198/3635 1306/3634
f 1109/3636 1176/3612 1091/3613
f 1176/3612 1109/3636 1198/3635
f 1028/3637 1091/3613 1002/3614
f 1091/3613 1028/3637 1109/3636
f 958/3638 1002/3614 943/3615
f 1002/3614 958/3638 1028/3637
f 912/3639 943/3615 880/3616
f 943/3615 912/3639 958/3638
f 856/3640 880/3616 838/3617
f 880/3616 856/3640 912/3639
f 809/3641 838/3617 789/3618
f 838/3617 809/3641 856/3640
f 766/3642 789/3618 748/3619
f 789/3618 766/3642 809/3641
f 732/3643 748/3619 709/3620
f 748/3619 732/3643 766/3642
f 732/3643 677/3621 699/3644
f 677/3621 732/3643 709/3620
f 699/3644 646/3622 660/3645
f 646/3622 699/3644 677/3621
f 2595/3646 2778/3624 2587/3623
f 2778/3624 2595/3646 2794/3647
f 2412/3648 2587/3623 2398/3625
f 2587/3623 2412/3648 2595/3646
f 2265/3649 2398/3625 2251/3626
f 2398/3625 2265/3649 2412/3648
f 2128/3650 2251/3626 2099/3627
f 2251/3626 2128/3650 2265/3649
f 1986/3651 2099/3627 1968/3628
f 2099/3627 1986/3651 2128/3650
f 1865/3652 1968/3628 1847/3629
f 1968/3628 1865/3652 1986/3651
f 1750/3653 1847/3629 1722/3630
f 1847/3629 1750/3653 1865/3652
f 1633/3654 1722/3630 1613/3631
f 1722/3630 1633/3654 1750/3653
f 1514/3655 1613/3631 1499/3632
f 1613/3631 1514/3655 1633/3654
f 1416/3656 1499/3632 1383/3633
f 1499/3632 1416/3656 1514/3655
f 1332/3657 1383/3633 1306/3634
f 1383/3633 1332/3657 1416/3656
f 1238/3658 1306/3634 1198/3635
f 1306/3634 1238/3658 1332/3657
f 1145/3659 1198/3635 1109/3636
f 1198/3635 1145/3659 1238/3658
f 1057/3660 1109/3636 1028/3637
f 1109/3636 1057/3660 1145/3659
f 992/3661 1028/3637 958/3638
f 1028/3637 992/3661 1057/3660
f 932/3662 958/3638 912/3639
f 958/3638 932/3662 992/3661
f 876/3663 912/3639 856/3640
f 912/3639 876/3663 932/3662
f 836/3664 856/3640 809/3641
f 856/3640 836/3664 876/3663
f 793/3665 809/3641 766/3642
f 809/3641 793/3665 836/3664
f 754/3666 766/3642 732/3643
f 766/3642 754/3666 793/3665
f 754/3666 699/3644 715/3667
f 699/3644 754/3666 732/3643
f 715/3667 660/3645 689/3668
f 660/3645 715/3667 699/3644
f 2610/3669 2794/3647 2595/3646
f 2794/3647 2610/3669 2798/3670
f 2428/3671 2595/3646 2412/3648
f 2595/3646 2428/3671 2610/3669
f 2273/3672 2412/3648 2265/3649
f 2412/3648 2273/3672 2428/3671
f 2154/3673 2265/3649 2128/3650
f 2265/3649 2154/3673 2273/3672
f 2012/3674 2128/3650 1986/3651
f 2128/3650 2012/3674 2154/3673
f 1893/3675 1986/3651 1865/3652
f 1986/3651 1893/3675 2012/3674
f 1768/3676 1865/3652 1750/3653
f 1865/3652 1768/3676 1893/3675
f 1657/3677 1750/3653 1633/3654
f 1750/3653 1657/3677 1768/3676
f 1560/3678 1633/3654 1514/3655
f 1633/3654 1560/3678 1657/3677
f 1445/3679 1514/3655 1416/3656
f 1514/3655 1445/3679 1560/3678
f 1356/3680 1416/3656 1332/3657
f 1416/3656 1356/3680 1445/3679
f 1258/3681 1332/3657 1238/3658
f 1332/3657 1258/3681 1356/3680
f 1178/3682 1238/3658 1145/3659
f 1238/3658 1178/3682 1258/3681
f 1099/3683 1145/3659 1057/3660
f 1145/3659 1099/3683 1178/3682
f 1016/3684 1057/3660 992/3661
f 1057/3660 1016/3684 1099/3683
f 951/3685 992/3661 932/3662
f 992/3661 951/3685 1016/3684
f 908/3686 932/3662 876/3663
f 932/3662 908/3686 951/3685
f 862/3687 876/3663 836/3664
f 876/3663 862/3687 908/3686
f 817/3688 836/3664 793/3665
f 836/3664 817/3688 862/3687
f 779/3689 793/3665 754/3666
f 793/3665 779/3689 817/3688
f 744/3690 754/3666 715/3667
f 754/3666 744/3690 779/3689
f 744/3690 689/3668 707/3691
f 689/3668 744/3690 715/3667
f 2617/3692 2798/3670 2610/3669
f 2798/3670 2617/3692 2804/3693
f 2436/3694 2610/3669 2428/3671
f 2610/3669 2436/3694 2617/3692
f 2300/3695 2428/3671 2273/3672
f 2428/3671 2300/3695 2436/3694
f 2168/3696 2273/3672 2154/3673
f 2273/3672 2168/3696 2300/3695
f 2034/3697 2154/3673 2012/3674
f 2154/3673 2034/3697 2168/3696
f 1910/3698 2012/3674 1893/3675
f 2012/3674 1910/3698 2034/3697
f 1786/3699 1893/3675 1768/3676
f 1893/3675 1786/3699 1910/3698
f 1686/3700 1768/3676 1657/3677
f 1768/3676 1686/3700 1786/3699
f 1587/3701 1686/3700 1657/3677
f 1657/3677 1560/3678 1587/3701
f 1476/3702 1587/3701 1560/3678
f 1560/3678 1445/3679 1476/3702
f 1379/3703 1445/3679 1356/3680
f 1445/3679 1379/3703 1476/3702
f 1304/3704 1356/3680 1258/3681
f 1356/3680 1304/3704 1379/3703
f 1220/3705 1258/3681 1178/3682
f 1258/3681 1220/3705 1304/3704
f 1126/3706 1178/3682 1099/3683
f 1178/3682 1126/3706 1220/3705
f 1038/3707 1099/3683 1016/3684
f 1099/3683 1038/3707 1126/3706
f 988/3708 1016/3684 951/3685
f 1016/3684 988/3708 1038/3707
f 934/3709 951/3685 908/3686
f 951/3685 934/3709 988/3708
f 884/3710 908/3686 862/3687
f 908/3686 884/3710 934/3709
f 844/3711 862/3687 817/3688
f 862/3687 844/3711 884/3710
f 805/3712 817/3688 779/3689
f 817/3688 805/3712 844/3711
f 764/3713 779/3689 744/3690
f 779/3689 764/3713 805/3712
f 764/3713 707/3691 738/3714
f 707/3691 764/3713 744/3690
f 2635/3715 2804/3693 2617/3692
f 2804/3693 2635/3715 2812/3716
f 2453/3717 2617/3692 2436/3694
f 2617/3692 2453/3717 2635/3715
f 2318/3718 2436/3694 2300/3695
f 2436/3694 2318/3718 2453/3717
f 2189/3719 2300/3695 2168/3696
f 2300/3695 2189/3719 2318/3718
f 2054/3720 2168/3696 2034/3697
f 2168/3696 2054/3720 2189/3719
f 1925/3721 2034/3697 1910/3698
f 2034/3697 1925/3721 2054/3720
f 1821/3722 1910/3698 1786/3699
f 1910/3698 1821/3722 1925/3721
f 1715/3723 1786/3699 1686/3700
f 1786/3699 1715/3723 1821/3722
f 1615/3724 1686/3700 1587/3701
f 1686/3700 1615/3724 1715/3723
f 1505/3725 1587/3701 1476/3702
f 1587/3701 1505/3725 1615/3724
f 1412/3726 1476/3702 1379/3703
f 1476/3702 1412/3726 1505/3725
f 1334/3727 1379/3703 1304/3704
f 1379/3703 1334/3727 1412/3726
f 1248/3728 1304/3704 1220/3705
f 1304/3704 1248/3728 1334/3727
f 1162/3729 1220/3705 1126/3706
f 1220/3705 1162/3729 1248/3728
f 1093/3730 1126/3706 1038/3707
f 1126/3706 1093/3730 1162/3729
f 1018/3731 1038/3707 988/3708
f 1038/3707 1018/3731 1093/3730
f 956/3732 988/3708 934/3709
f 988/3708 956/3732 1018/3731
f 918/3733 934/3709 884/3710
f 934/3709 918/3733 956/3732
f 872/3734 884/3710 844/3711
f 884/3710 872/3734 918/3733
f 832/3735 844/3711 805/3712
f 844/3711 832/3735 872/3734
f 797/3736 805/3712 764/3713
f 805/3712 797/3736 832/3735
f 797/3736 738/3714 758/3737
f 738/3714 797/3736 764/3713
f 2641/3738 2812/3716 2635/3715
f 2812/3716 2641/3738 2822/3739
f 2472/3740 2635/3715 2453/3717
f 2635/3715 2472/3740 2641/3738
f 2340/3741 2453/3717 2318/3718
f 2453/3717 2340/3741 2472/3740
f 2209/3742 2318/3718 2189/3719
f 2318/3718 2209/3742 2340/3741
f 2074/3743 2189/3719 2054/3720
f 2189/3719 2074/3743 2209/3742
f 1954/3744 2054/3720 1925/3721
f 2054/3720 1954/3744 2074/3743
f 1854/3745 1925/3721 1821/3722
f 1925/3721 1854/3745 1954/3744
f 1746/3746 1821/3722 1715/3723
f 1821/3722 1746/3746 1854/3745
f 1640/3747 1715/3723 1615/3724
f 1715/3723 1640/3747 1746/3746
f 1553/3748 1615/3724 1505/3725
f 1615/3724 1553/3748 1640/3747
f 1453/3749 1505/3725 1412/3726
f 1505/3725 1453/3749 1553/3748
f 1366/3750 1412/3726 1334/3727
f 1412/3726 1366/3750 1453/3749
f 1284/3751 1334/3727 1248/3728
f 1334/3727 1284/3751 1366/3750
f 1200/3752 1248/3728 1162/3729
f 1248/3728 1200/3752 1284/3751
f 1125/3753 1162/3729 1093/3730
f 1162/3729 1125/3753 1200/3752
f 1047/3754 1093/3730 1018/3731
f 1093/3730 1047/3754 1125/3753
f 998/3755 1018/3731 956/3732
f 1018/3731 998/3755 1047/3754
f 947/3756 956/3732 918/3733
f 956/3732 947/3756 998/3755
f 903/3757 918/3733 872/3734
f 918/3733 903/3757 947/3756
f 864/3758 872/3734 832/3735
f 872/3734 864/3758 903/3757
f 821/3759 832/3735 797/3736
f 832/3735 821/3759 864/3758
f 795/3760 797/3736 758/3737
f 797/3736 795/3760 821/3759
f 2653/3761 2822/3739 2641/3738
f 2822/3739 2653/3761 2832/3762
f 2502/3763 2641/3738 2472/3740
f 2641/3738 2502/3763 2653/3761
f 2354/3764 2472/3740 2340/3741
f 2472/3740 2354/3764 2502/3763
f 2227/3765 2340/3741 2209/3742
f 2340/3741 2227/3765 2354/3764
f 2094/3766 2209/3742 2074/3743
f 2209/3742 2094/3766 2227/3765
f 1982/3767 2074/3743 1954/3744
f 2074/3743 1982/3767 2094/3766
f 1880/3768 1954/3744 1854/3745
f 1954/3744 1880/3768 1982/3767
f 1772/3769 1854/3745 1746/3746
f 1854/3745 1772/3769 1880/3768
f 1675/3770 1746/3746 1640/3747
f 1746/3746 1675/3770 1772/3769
f 1583/3771 1640/3747 1553/3748
f 1640/3747 1583/3771 1675/3770
f 1488/3772 1553/3748 1453/3749
f 1553/3748 1488/3772 1583/3771
f 1394/3773 1453/3749 1366/3750
f 1453/3749 1394/3773 1488/3772
f 1327/3774 1366/3750 1284/3751
f 1366/3750 1327/3774 1394/3773
f 1246/3775 1284/3751 1200/3752
f 1284/3751 1246/3775 1327/3774
f 1168/3776 1200/3752 1125/3753
f 1200/3752 1168/3776 1246/3775
f 1102/3777 1125/3753 1047/3754
f 1125/3753 1102/3777 1168/3776
f 1032/3778 1047/3754 998/3755
f 1047/3754 1032/3778 1102/3777
f 984/3779 998/3755 947/3756
f 998/3755 984/3779 1032/3778
f 936/3780 947/3756 903/3757
f 947/3756 936/3780 984/3779
f 891/3781 903/3757 864/3758
f 903/3757 891/3781 936/3780
f 858/3782 864/3758 821/3759
f 864/3758 858/3782 891/3781
f 819/3783 821/3759 795/3760
f 821/3759 819/3783 858/3782
f 2666/3784 2832/3762 2653/3761
f 2832/3762 2666/3784 2838/3785
f 2522/3786 2653/3761 2502/3763
f 2653/3761 2522/3786 2666/3784
f 2374/3787 2502/3763 2354/3764
f 2502/3763 2374/3787 2522/3786
f 2249/3788 2354/3764 2227/3765
f 2354/3764 2249/3788 2374/3787
f 2134/3789 2227/3765 2094/3766
f 2227/3765 2134/3789 2249/3788
f 2022/3790 2094/3766 1982/3767
f 2094/3766 2022/3790 2134/3789
f 1908/3791 1982/3767 1880/3768
f 1982/3767 1908/3791 2022/3790
f 1800/3792 1880/3768 1772/3769
f 1880/3768 1800/3792 1908/3791
f 1711/3793 1772/3769 1675/3770
f 1772/3769 1711/3793 1800/3792
f 1624/3794 1675/3770 1583/3771
f 1675/3770 1624/3794 1711/3793
f 1530/3795 1583/3771 1488/3772
f 1583/3771 1530/3795 1624/3794
f 1435/3796 1488/3772 1394/3773
f 1488/3772 1435/3796 1530/3795
f 1364/3797 1394/3773 1327/3774
f 1394/3773 1364/3797 1435/3796
f 1294/3798 1327/3774 1246/3775
f 1327/3774 1294/3798 1364/3797
f 1222/3799 1246/3775 1168/3776
f 1246/3775 1222/3799 1294/3798
f 1147/3800 1168/3776 1102/3777
f 1168/3776 1147/3800 1222/3799
f 1085/3801 1102/3777 1032/3778
f 1102/3777 1085/3801 1147/3800
f 1020/3802 1032/3778 984/3779
f 1032/3778 1020/3802 1085/3801
f 974/3803 984/3779 936/3780
f 984/3779 974/3803 1020/3802
f 926/3804 936/3780 891/3781
f 936/3780 926/3804 974/3803
f 886/3805 891/3781 858/3782
f 891/3781 886/3805 926/3804
f 860/3806 858/3782 819/3783
f 858/3782 860/3806 886/3805
f 2675/3807 2838/3785 2666/3784
f 2838/3785 2675/3807 2846/3808
f 2539/3809 2666/3784 2522/3786
f 2666/3784 2539/3809 2675/3807
f 2392/3810 2522/3786 2374/3787
f 2522/3786 2392/3810 2539/3809
f 2269/3811 2374/3787 2249/3788
f 2374/3787 2269/3811 2392/3810
f 2161/3812 2249/3788 2134/3789
f 2249/3788 2161/3812 2269/3811
f 2046/3813 2134/3789 2022/3790
f 2134/3789 2046/3813 2161/3812
f 1931/3814 2022/3790 1908/3791
f 2022/3790 1931/3814 2046/3813
f 1843/3815 1908/3791 1800/3792
f 1908/3791 1843/3815 1931/3814
f 1748/3816 1800/3792 1711/3793
f 1800/3792 1748/3816 1843/3815
f 1655/3817 1711/3793 1624/3794
f 1711/3793 1655/3817 1748/3816
f 1572/3818 1624/3794 1530/3795
f 1624/3794 1572/3818 1655/3817
f 1483/3819 1530/3795 1435/3796
f 1530/3795 1483/3819 1572/3818
f 1398/3820 1435/3796 1364/3797
f 1435/3796 1398/3820 1483/3819
f 1336/3821 1364/3797 1294/3798
f 1364/3797 1336/3821 1398/3820
f 1256/3822 1294/3798 1222/3799
f 1294/3798 1256/3822 1336/3821
f 1190/3823 1222/3799 1147/3800
f 1222/3799 1190/3823 1256/3822
f 1121/3824 1147/3800 1085/3801
f 1147/3800 1121/3824 1190/3823
f 1067/3825 1085/3801 1020/3802
f 1085/3801 1067/3825 1121/3824
f 1008/3826 1020/3802 974/3803
f 1020/3802 1008/3826 1067/3825
f 968/3827 974/3803 926/3804
f 974/3803 968/3827 1008/3826
f 930/3828 926/3804 886/3805
f 926/3804 930/3828 968/3827
f 895/3829 886/3805 860/3806
f 886/3805 895/3829 930/3828
f 2694/3830 2846/3808 2675/3807
f 2846/3808 2694/3830 2856/3831
f 2563/3832 2675/3807 2539/3809
f 2675/3807 2563/3832 2694/3830
f 2414/3833 2539/3809 2392/3810
f 2539/3809 2414/3833 2563/3832
f 2294/3834 2392/3810 2269/3811
f 2392/3810 2294/3834 2414/3833
f 2191/3835 2269/3811 2161/3812
f 2269/3811 2191/3835 2294/3834
f 2072/3836 2161/3812 2046/3813
f 2161/3812 2072/3836 2191/3835
f 1970/3837 2046/3813 1931/3814
f 2046/3813 1970/3837 2072/3836
f 1876/3838 1931/3814 1843/3815
f 1931/3814 1876/3838 1970/3837
f 1776/3839 1843/3815 1748/3816
f 1843/3815 1776/3839 1876/3838
f 1692/3840 1748/3816 1655/3817
f 1748/3816 1692/3840 1776/3839
f 1611/3841 1655/3817 1572/3818
f 1655/3817 1611/3841 1692/3840
f 1527/3842 1572/3818 1483/3819
f 1572/3818 1527/3842 1611/3841
f 1441/3843 1483/3819 1398/3820
f 1483/3819 1441/3843 1527/3842
f 1374/3844 1398/3820 1336/3821
f 1398/3820 1374/3844 1441/3843
f 1318/3845 1336/3821 1256/3822
f 1336/3821 1318/3845 1374/3844
f 1244/3846 1256/3822 1190/3823
f 1256/3822 1244/3846 1318/3845
f 1180/3847 1190/3823 1121/3824
f 1190/3823 1180/3847 1244/3846
f 1115/3848 1121/3824 1067/3825
f 1121/3824 1115/3848 1180/3847
f 1059/3849 1067/3825 1008/3826
f 1067/3825 1059/3849 1115/3848
f 1006/3850 1008/3826 968/3827
f 1008/3826 1006/3850 1059/3849
f 972/3851 968/3827 930/3828
f 968/3827 972/3851 1006/3850
f 938/3852 930/3828 895/3829
f 930/3828 938/3852 972/3851
f 2722/3853 2856/3831 2694/3830
f 2856/3831 2722/3853 2868/3854
f 2579/3855 2694/3830 2563/3832
f 2694/3830 2579/3855 2722/3853
f 2434/3856 2563/3832 2414/3833
f 2563/3832 2434/3856 2579/3855
f 2324/3857 2414/3833 2294/3834
f 2414/3833 2324/3857 2434/3856
f 2217/3858 2294/3834 2191/3835
f 2294/3834 2217/3858 2324/3857
f 2101/3859 2191/3835 2072/3836
f 2191/3835 2101/3859 2217/3858
f 2008/3860 2072/3836 1970/3837
f 2072/3836 2008/3860 2101/3859
f 1912/3861 1970/3837 1876/3838
f 1970/3837 1912/3861 2008/3860
f 1818/3862 1876/3838 1776/3839
f 1876/3838 1818/3862 1912/3861
f 1731/3863 1776/3839 1692/3840
f 1776/3839 1731/3863 1818/3862
f 1652/3864 1692/3840 1611/3841
f 1692/3840 1652/3864 1731/3863
f 1577/3865 1611/3841 1527/3842
f 1611/3841 1577/3865 1652/3864
f 1493/3866 1527/3842 1441/3843
f 1527/3842 1493/3866 1577/3865
f 1418/3867 1441/3843 1374/3844
f 1441/3843 1418/3867 1493/3866
f 1358/3868 1374/3844 1318/3845
f 1374/3844 1358/3868 1418/3867
f 1298/3869 1318/3845 1244/3846
f 1318/3845 1298/3869 1358/3868
f 1236/3870 1244/3846 1180/3847
f 1244/3846 1236/3870 1298/3869
f 1170/3871 1180/3847 1115/3848
f 1180/3847 1170/3871 1236/3870
f 1113/3872 1115/3848 1059/3849
f 1115/3848 1113/3872 1170/3871
f 1063/3873 1059/3849 1006/3850
f 1059/3849 1063/3873 1113/3872
f 1014/3874 1006/3850 972/3851
f 1006/3850 1014/3874 1063/3873
f 980/3875 972/3851 938/3852
f 972/3851 980/3875 1014/3874
f 2736/3876 2868/3854 2722/3853
f 2868/3854 2736/3876 2880/3877
f 2602/3878 2722/3853 2579/3855
f 2722/3853 2602/3878 2736/3876
f 2457/3879 2579/3855 2434/3856
f 2579/3855 2457/3879 2602/3878
f 2350/3880 2434/3856 2324/3857
f 2434/3856 2350/3880 2457/3879
f 2240/3881 2324/3857 2217/3858
f 2324/3857 2240/3881 2350/3880
f 2149/3882 2217/3858 2101/3859
f 2217/3858 2149/3882 2240/3881
f 2044/3883 2101/3859 2008/3860
f 2101/3859 2044/3883 2149/3882
f 1941/3884 2008/3860 1912/3861
f 2008/3860 1941/3884 2044/3883
f 1863/3885 1912/3861 1818/3862
f 1912/3861 1863/3885 1941/3884
f 1774/3886 1818/3862 1731/3863
f 1818/3862 1774/3886 1863/3885
f 1694/3887 1731/3863 1652/3864
f 1731/3863 1694/3887 1774/3886
f 1626/3888 1652/3864 1577/3865
f 1652/3864 1626/3888 1694/3887
f 1551/3889 1577/3865 1493/3866
f 1577/3865 1551/3889 1626/3888
f 1467/3890 1493/3866 1418/3867
f 1493/3866 1467/3890 1551/3889
f 1400/3891 1418/3867 1358/3868
f 1418/3867 1400/3891 1467/3890
f 1348/3892 1358/3868 1298/3869
f 1358/3868 1348/3892 1400/3891
f 1290/3893 1298/3869 1236/3870
f 1298/3869 1290/3893 1348/3892
f 1234/3894 1236/3870 1170/3871
f 1236/3870 1234/3894 1290/3893
f 1172/3895 1170/3871 1113/3872
f 1170/3871 1172/3895 1234/3894
f 1117/3896 1113/3872 1063/3873
f 1113/3872 1117/3896 1172/3895
f 1071/3897 1063/3873 1014/3874
f 1063/3873 1071/3897 1117/3896
f 1071/3897 980/3875 1030/3898
f 980/3875 1071/3897 1014/3874
f 2762/3899 2880/3877 2736/3876
f 2880/3877 2762/3899 2892/3900
f 2629/3901 2736/3876 2602/3878
f 2736/3876 2629/3901 2762/3899
f 2495/3902 2602/3878 2457/3879
f 2602/3878 2495/3902 2629/3901
f 2380/3903 2457/3879 2350/3880
f 2457/3879 2380/3903 2495/3902
f 2271/3904 2350/3880 2240/3881
f 2350/3880 2271/3904 2380/3903
f 2178/3905 2240/3881 2149/3882
f 2240/3881 2178/3905 2271/3904
f 2076/3906 2149/3882 2044/3883
f 2149/3882 2076/3906 2178/3905
f 1984/3907 2044/3883 1941/3884
f 2044/3883 1984/3907 2076/3906
f 1903/3908 1984/3907 1941/3884
f 1941/3884 1863/3885 1903/3908
f 1817/3909 1903/3908 1863/3885
f 1863/3885 1774/3886 1817/3909
f 1742/3910 1774/3886 1694/3887
f 1774/3886 1742/3910 1817/3909
f 1671/3911 1694/3887 1626/3888
f 1694/3887 1671/3911 1742/3910
f 1600/3912 1626/3888 1551/3889
f 1626/3888 1600/3912 1671/3911
f 1524/3913 1551/3889 1467/3890
f 1551/3889 1524/3913 1600/3912
f 1459/3914 1467/3890 1400/3891
f 1467/3890 1459/3914 1524/3913
f 1388/3915 1400/3891 1348/3892
f 1400/3891 1388/3915 1459/3914
f 1346/3916 1348/3892 1290/3893
f 1348/3892 1346/3916 1388/3915
f 1292/3917 1290/3893 1234/3894
f 1290/3893 1292/3917 1346/3916
f 1240/3918 1234/3894 1172/3895
f 1234/3894 1240/3918 1292/3917
f 1186/3919 1172/3895 1117/3896
f 1172/3895 1186/3919 1240/3918
f 1141/3920 1117/3896 1071/3897
f 1117/3896 1141/3920 1186/3919
f 1097/3921 1071/3897 1030/3898
f 1071/3897 1097/3921 1141/3920
f 2782/3922 2892/3900 2762/3899
f 2892/3900 2782/3922 2898/3923
f 2643/3924 2762/3899 2629/3901
f 2762/3899 2643/3924 2782/3922
f 2529/3925 2629/3901 2495/3902
f 2629/3901 2529/3925 2643/3924
f 2402/3926 2495/3902 2380/3903
f 2495/3902 2402/3926 2529/3925
f 2306/3927 2380/3903 2271/3904
f 2380/3903 2306/3927 2402/3926
f 2215/3928 2271/3904 2178/3905
f 2271/3904 2215/3928 2306/3927
f 2115/3929 2178/3905 2076/3906
f 2178/3905 2115/3929 2215/3928
f 2028/3930 2076/3906 1984/3907
f 2076/3906 2028/3930 2115/3929
f 1937/3931 1984/3907 1903/3908
f 1984/3907 1937/3931 2028/3930
f 1869/3932 1903/3908 1817/3909
f 1903/3908 1869/3932 1937/3931
f 1782/3933 1817/3909 1742/3910
f 1817/3909 1782/3933 1869/3932
f 1718/3934 1742/3910 1671/3911
f 1742/3910 1718/3934 1782/3933
f 1648/3935 1671/3911 1600/3912
f 1671/3911 1648/3935 1718/3934
f 1589/3936 1600/3912 1524/3913
f 1600/3912 1589/3936 1648/3935
f 1511/3937 1524/3913 1459/3914
f 1524/3913 1511/3937 1589/3936
f 1455/3938 1459/3914 1388/3915
f 1459/3914 1455/3938 1511/3937
f 1390/3939 1388/3915 1346/3916
f 1388/3915 1390/3939 1455/3938
f 1352/3940 1346/3916 1292/3917
f 1346/3916 1352/3940 1390/3939
f 1302/3941 1292/3917 1240/3918
f 1292/3917 1302/3941 1352/3940
f 1252/3942 1240/3918 1186/3919
f 1240/3918 1252/3942 1302/3941
f 1196/3943 1186/3919 1141/3920
f 1186/3919 1196/3943 1252/3942
f 1196/3943 1097/3921 1151/3944
f 1097/3921 1196/3943 1141/3920
f 2800/3945 2898/3923 2782/3922
f 2898/3923 2800/3945 2916/3946
f 2661/3947 2782/3922 2643/3924
f 2782/3922 2661/3947 2800/3945
f 2557/3948 2643/3924 2529/3925
f 2643/3924 2557/3948 2661/3947
f 2432/3949 2529/3925 2402/3926
f 2529/3925 2432/3949 2557/3948
f 2344/3950 2402/3926 2306/3927
f 2402/3926 2344/3950 2432/3949
f 2247/3951 2306/3927 2215/3928
f 2306/3927 2247/3951 2344/3950
f 2163/3952 2215/3928 2115/3929
f 2215/3928 2163/3952 2247/3951
f 2066/3953 2115/3929 2028/3930
f 2115/3929 2066/3953 2163/3952
f 1988/3954 2028/3930 1937/3931
f 2028/3930 1988/3954 2066/3953
f 1914/3955 1937/3931 1869/3932
f 1937/3931 1914/3955 1988/3954
f 1845/3956 1869/3932 1782/3933
f 1869/3932 1845/3956 1914/3955
f 1766/3957 1782/3933 1718/3934
f 1782/3933 1766/3957 1845/3956
f 1705/3958 1718/3934 1648/3935
f 1718/3934 1705/3958 1766/3957
f 1637/3959 1648/3935 1589/3936
f 1648/3935 1637/3959 1705/3958
f 1581/3960 1589/3936 1511/3937
f 1589/3936 1581/3960 1637/3959
f 1509/3961 1511/3937 1455/3938
f 1511/3937 1509/3961 1581/3960
f 1461/3962 1455/3938 1390/3939
f 1455/3938 1461/3962 1509/3961
f 1404/3963 1390/3939 1352/3940
f 1390/3939 1404/3963 1461/3962
f 1360/3964 1352/3940 1302/3941
f 1352/3940 1360/3964 1404/3963
f 1322/3965 1302/3941 1252/3942
f 1302/3941 1322/3965 1360/3964
f 1263/3966 1252/3942 1196/3943
f 1252/3942 1263/3966 1322/3965
f 1232/3967 1196/3943 1151/3944
f 1196/3943 1232/3967 1263/3966
f 2818/3968 2920/3969 2916/3946
f 2916/3946 2800/3945 2818/3968
f 2677/3970 2800/3945 2661/3947
f 2800/3945 2677/3970 2818/3968
f 2585/3971 2661/3947 2557/3948
f 2661/3947 2585/3971 2677/3970
f 2462/3972 2557/3948 2432/3949
f 2557/3948 2462/3972 2585/3971
f 2372/3973 2432/3949 2344/3950
f 2432/3949 2372/3973 2462/3972
f 2275/3974 2344/3950 2247/3951
f 2344/3950 2275/3974 2372/3973
f 2205/3975 2247/3951 2163/3952
f 2247/3951 2205/3975 2275/3974
f 2113/3976 2163/3952 2066/3953
f 2163/3952 2113/3976 2205/3975
f 2040/3977 2066/3953 1988/3954
f 2066/3953 2040/3977 2113/3976
f 1960/3978 1988/3954 1914/3955
f 1988/3954 1960/3978 2040/3977
f 1899/3979 1914/3955 1845/3956
f 1914/3955 1899/3979 1960/3978
f 1827/3980 1845/3956 1766/3957
f 1845/3956 1827/3980 1899/3979
f 1756/3981 1766/3957 1705/3958
f 1766/3957 1756/3981 1827/3980
f 1696/3982 1705/3958 1637/3959
f 1705/3958 1696/3982 1756/3981
f 1635/3983 1637/3959 1581/3960
f 1637/3959 1635/3983 1696/3982
f 1585/3984 1581/3960 1509/3961
f 1581/3960 1585/3984 1635/3983
f 1520/3985 1509/3961 1461/3962
f 1509/3961 1520/3985 1585/3984
f 1472/3986 1461/3962 1404/3963
f 1461/3962 1472/3986 1520/3985
f 1420/3987 1404/3963 1360/3964
f 1404/3963 1420/3987 1472/3986
f 1377/3988 1360/3964 1322/3965
f 1360/3964 1377/3988 1420/3987
f 1377/3988 1263/3966 1340/3989
f 1263/3966 1377/3988 1322/3965
f 1340/3989 1232/3967 1308/3990
f 1232/3967 1340/3989 1263/3966
f 2836/3991 2920/3969 2818/3968
f 2920/3969 2836/3991 2936/3992
f 2718/3993 2818/3968 2677/3970
f 2818/3968 2718/3993 2836/3991
f 2613/3994 2677/3970 2585/3971
f 2677/3970 2613/3994 2718/3993
f 2515/3995 2585/3971 2462/3972
f 2585/3971 2515/3995 2613/3994
f 2404/3996 2462/3972 2372/3973
f 2462/3972 2404/3996 2515/3995
f 2322/3997 2372/3973 2275/3974
f 2372/3973 2322/3997 2404/3996
f 2235/3998 2275/3974 2205/3975
f 2275/3974 2235/3998 2322/3997
f 2167/3999 2205/3975 2113/3976
f 2205/3975 2167/3999 2235/3998
f 2080/4000 2113/3976 2040/3977
f 2113/3976 2080/4000 2167/3999
f 2020/4001 2040/3977 1960/3978
f 2040/3977 2020/4001 2080/4000
f 1935/4002 1960/3978 1899/3979
f 1960/3978 1935/4002 2020/4001
f 1884/4003 1899/3979 1827/3980
f 1899/3979 1884/4003 1935/4002
f 1812/4004 1827/3980 1756/3981
f 1827/3980 1812/4004 1884/4003
f 1754/4005 1756/3981 1696/3982
f 1756/3981 1754/4005 1812/4004
f 1701/4006 1696/3982 1635/3983
f 1696/3982 1701/4006 1754/4005
f 1642/4007 1635/3983 1585/3984
f 1635/3983 1642/4007 1701/4006
f 1598/4008 1585/3984 1520/3985
f 1585/3984 1598/4008 1642/4007
f 1547/4009 1520/3985 1472/3986
f 1520/3985 1547/4009 1598/4008
f 1495/4010 1472/3986 1420/3987
f 1472/3986 1495/4010 1547/4009
f 1451/4011 1420/3987 1377/3988
f 1420/3987 1451/4011 1495/4010
f 1406/4012 1377/3988 1340/3989
f 1377/3988 1406/4012 1451/4011
f 1370/4013 1340/3989 1308/3990
f 1340/3989 1370/4013 1406/4012
f 2848/4014 2936/3992 2836/3991
f 2936/3992 2848/4014 2950/4015
f 2748/4016 2836/3991 2718/3993
f 2836/3991 2748/4016 2848/4014
f 2639/4017 2718/3993 2613/3994
f 2718/3993 2639/4017 2748/4016
f 2551/4018 2613/3994 2515/3995
f 2613/3994 2551/4018 2639/4017
f 2438/4019 2515/3995 2404/3996
f 2515/3995 2438/4019 2551/4018
f 2366/4020 2404/3996 2322/3997
f 2404/3996 2366/4020 2438/4019
f 2277/4021 2322/3997 2235/3998
f 2322/3997 2277/4021 2366/4020
f 2211/4022 2235/3998 2167/3999
f 2235/3998 2211/4022 2277/4021
f 2143/4023 2167/3999 2080/4000
f 2167/3999 2143/4023 2211/4022
f 2062/4024 2080/4000 2020/4001
f 2080/4000 2062/4024 2143/4023
f 1994/4025 2020/4001 1935/4002
f 2020/4001 1994/4025 2062/4024
f 1929/4026 1935/4002 1884/4003
f 1935/4002 1929/4026 1994/4025
f 1878/4027 1884/4003 1812/4004
f 1884/4003 1878/4027 1929/4026
f 1815/4028 1812/4004 1754/4005
f 1812/4004 1815/4028 1878/4027
f 1758/4029 1754/4005 1701/4006
f 1754/4005 1758/4029 1815/4028
f 1713/4030 1701/4006 1642/4007
f 1701/4006 1713/4030 1758/4029
f 1662/4031 1642/4007 1598/4008
f 1642/4007 1662/4031 1713/4030
f 1622/4032 1598/4008 1547/4009
f 1598/4008 1622/4032 1662/4031
f 1575/4033 1547/4009 1495/4010
f 1547/4009 1575/4033 1622/4032
f 1526/4034 1495/4010 1451/4011
f 1495/4010 1526/4034 1575/4033
f 1526/4034 1406/4012 1486/4035
f 1406/4012 1526/4034 1451/4011
f 1486/4035 1370/4013 1439/4036
f 1370/4013 1486/4035 1406/4012
f 2866/4037 2950/4015 2848/4014
f 2950/4015 2866/4037 2978/4038
f 2775/4039 2848/4014 2748/4016
f 2848/4014 2775/4039 2866/4037
f 2665/4040 2748/4016 2639/4017
f 2748/4016 2665/4040 2775/4039
f 2583/4041 2639/4017 2551/4018
f 2639/4017 2583/4041 2665/4040
f 2488/4042 2551/4018 2438/4019
f 2551/4018 2488/4042 2583/4041
f 2400/4043 2438/4019 2366/4020
f 2438/4019 2400/4043 2488/4042
f 2334/4044 2366/4020 2277/4021
f 2366/4020 2334/4044 2400/4043
f 2255/4045 2277/4021 2211/4022
f 2277/4021 2255/4045 2334/4044
f 2195/4046 2211/4022 2143/4023
f 2211/4022 2195/4046 2255/4045
f 2126/4047 2143/4023 2062/4024
f 2143/4023 2126/4047 2195/4046
f 2056/4048 2062/4024 1994/4025
f 2062/4024 2056/4048 2126/4047
f 1992/4049 1994/4025 1929/4026
f 1994/4025 1992/4049 2056/4048
f 1933/4050 1929/4026 1878/4027
f 1929/4026 1933/4050 1992/4049
f 1886/4051 1878/4027 1815/4028
f 1878/4027 1886/4051 1933/4050
f 1834/4052 1815/4028 1758/4029
f 1815/4028 1834/4052 1886/4051
f 1778/4053 1758/4029 1713/4030
f 1758/4029 1778/4053 1834/4052
f 1733/4054 1713/4030 1662/4031
f 1713/4030 1733/4054 1778/4053
f 1690/4055 1662/4031 1622/4032
f 1662/4031 1690/4055 1733/4054
f 1646/4056 1622/4032 1575/4033
f 1622/4032 1646/4056 1690/4055
f 1608/4057 1575/4033 1526/4034
f 1575/4033 1608/4057 1646/4056
f 1568/4058 1526/4034 1486/4035
f 1526/4034 1568/4058 1608/4057
f 1536/4059 1486/4035 1439/4036
f 1486/4035 1536/4059 1568/4058
f 2888/4060 2978/4038 2866/4037
f 2978/4038 2888/4060 2986/4061
f 2802/4062 2866/4037 2775/4039
f 2866/4037 2802/4062 2888/4060
f 2696/4063 2775/4039 2665/4040
f 2775/4039 2696/4063 2802/4062
f 2619/4064 2665/4040 2583/4041
f 2665/4040 2619/4064 2696/4063
f 2533/4065 2583/4041 2488/4042
f 2583/4041 2533/4065 2619/4064
f 2442/4066 2488/4042 2400/4043
f 2488/4042 2442/4066 2533/4065
f 2378/4067 2400/4043 2334/4044
f 2400/4043 2378/4067 2442/4066
f 2310/4068 2334/4044 2255/4045
f 2334/4044 2310/4068 2378/4067
f 2239/4069 2255/4045 2195/4046
f 2255/4045 2239/4069 2310/4068
f 2185/4070 2195/4046 2126/4047
f 2195/4046 2185/4070 2239/4069
f 2119/4071 2126/4047 2056/4048
f 2126/4047 2119/4071 2185/4070
f 2060/4072 2056/4048 1992/4049
f 2056/4048 2060/4072 2119/4071
f 2006/4073 1992/4049 1933/4050
f 1992/4049 2006/4073 2060/4072
f 1943/4074 1933/4050 1886/4051
f 1933/4050 1943/4074 2006/4073
f 1902/4075 1886/4051 1834/4052
f 1886/4051 1902/4075 1943/4074
f 1856/4076 1834/4052 1778/4053
f 1834/4052 1856/4076 1902/4075
f 1805/4077 1778/4053 1733/4054
f 1778/4053 1805/4077 1856/4076
f 1760/4078 1733/4054 1690/4055
f 1733/4054 1760/4078 1805/4077
f 1724/4079 1690/4055 1646/4056
f 1690/4055 1724/4079 1760/4078
f 1724/4079 1608/4057 1684/4080
f 1608/4057 1724/4079 1646/4056
f 1684/4080 1568/4058 1650/4081
f 1568/4058 1684/4080 1608/4057
f 1650/4081 1536/4059 1618/4082
f 1536/4059 1650/4081 1568/4058
f 2906/4083 2986/4061 2888/4060
f 2986/4061 2906/4083 3002/4084
f 2830/4085 2888/4060 2802/4062
f 2888/4060 2830/4085 2906/4083
f 2740/4086 2802/4062 2696/4063
f 2802/4062 2740/4086 2830/4085
f 2651/4087 2696/4063 2619/4064
f 2696/4063 2651/4087 2740/4086
f 2575/4088 2619/4064 2533/4065
f 2619/4064 2575/4088 2651/4087
f 2504/4089 2533/4065 2442/4066
f 2533/4065 2504/4089 2575/4088
f 2420/4090 2442/4066 2378/4067
f 2442/4066 2420/4090 2504/4089
f 2362/4091 2378/4067 2310/4068
f 2378/4067 2362/4091 2420/4090
f 2296/4092 2310/4068 2239/4069
f 2310/4068 2296/4092 2362/4091
f 2233/4093 2239/4069 2185/4070
f 2239/4069 2233/4093 2296/4092
f 2187/4094 2185/4070 2119/4071
f 2185/4070 2187/4094 2233/4093
f 2132/4095 2119/4071 2060/4072
f 2119/4071 2132/4095 2187/4094
f 2068/4096 2060/4072 2006/4073
f 2060/4072 2068/4096 2132/4095
f 2026/4097 2006/4073 1943/4074
f 2006/4073 2026/4097 2068/4096
f 1972/4098 1943/4074 1902/4075
f 1943/4074 1972/4098 2026/4097
f 1923/4099 1902/4075 1856/4076
f 1902/4075 1923/4099 1972/4098
f 1890/4100 1856/4076 1805/4077
f 1856/4076 1890/4100 1923/4099
f 1849/4101 1805/4077 1760/4078
f 1805/4077 1849/4101 1890/4100
f 1798/4102 1760/4078 1724/4079
f 1760/4078 1798/4102 1849/4101
f 1762/4103 1724/4079 1684/4080
f 1724/4079 1762/4103 1798/4102
f 1729/4104 1684/4080 1650/4081
f 1684/4080 1729/4104 1762/4103
f 1703/4105 1650/4081 1618/4082
f 1650/4081 1703/4105 1729/4104
f 2922/4106 3002/4084 2906/4083
f 3002/4084 2922/4106 3007/4107
f 2850/4108 2906/4083 2830/4085
f 2906/4083 2850/4108 2922/4106
f 2780/4109 2830/4085 2740/4086
f 2830/4085 2780/4109 2850/4108
f 2679/4110 2740/4086 2651/4087
f 2740/4086 2679/4110 2780/4109
f 2627/4111 2651/4087 2575/4088
f 2651/4087 2627/4111 2679/4110
f 2553/4112 2575/4088 2504/4089
f 2575/4088 2553/4112 2627/4111
f 2471/4113 2504/4089 2420/4090
f 2504/4089 2471/4113 2553/4112
f 2408/4114 2420/4090 2362/4091
f 2420/4090 2408/4114 2471/4113
f 2357/4115 2362/4091 2296/4092
f 2362/4091 2357/4115 2408/4114
f 2302/4116 2296/4092 2233/4093
f 2296/4092 2302/4116 2357/4115
f 2245/4117 2233/4093 2187/4094
f 2233/4093 2245/4117 2302/4116
f 2197/4118 2187/4094 2132/4095
f 2187/4094 2197/4118 2245/4117
f 2156/4119 2132/4095 2068/4096
f 2132/4095 2156/4119 2197/4118
f 2091/4120 2068/4096 2026/4097
f 2068/4096 2091/4120 2156/4119
f 2052/4121 2026/4097 1972/4098
f 2026/4097 2052/4121 2091/4120
f 2010/4122 1972/4098 1923/4099
f 1972/4098 2010/4122 2052/4121
f 1964/4123 1923/4099 1890/4100
f 1923/4099 1964/4123 2010/4122
f 1921/4124 1890/4100 1849/4101
f 1890/4100 1921/4124 1964/4123
f 1895/4125 1849/4101 1798/4102
f 1849/4101 1895/4125 1921/4124
f 1860/4126 1798/4102 1762/4103
f 1798/4102 1860/4126 1895/4125
f 1825/4127 1762/4103 1729/4104
f 1762/4103 1825/4127 1860/4126
f 1784/4128 1729/4104 1703/4105
f 1729/4104 1784/4128 1825/4127
f 2944/4129 3007/4107 2922/4106
f 3007/4107 2944/4129 3023/4130
f 2878/4131 2922/4106 2850/4108
f 2922/4106 2878/4131 2944/4129
f 2814/4132 2850/4108 2780/4109
f 2850/4108 2814/4132 2878/4131
f 2734/4133 2780/4109 2679/4110
f 2780/4109 2734/4133 2814/4132
f 2659/4134 2679/4110 2627/4111
f 2679/4110 2659/4134 2734/4133
f 2605/4135 2627/4111 2553/4112
f 2627/4111 2605/4135 2659/4134
f 2541/4136 2553/4112 2471/4113
f 2553/4112 2541/4136 2605/4135
f 2465/4137 2471/4113 2408/4114
f 2471/4113 2465/4137 2541/4136
f 2410/4138 2408/4114 2357/4115
f 2408/4114 2410/4138 2465/4137
f 2364/4139 2357/4115 2302/4116
f 2357/4115 2364/4139 2410/4138
f 2316/4140 2302/4116 2245/4117
f 2302/4116 2316/4140 2364/4139
f 2259/4141 2245/4117 2197/4118
f 2245/4117 2259/4141 2316/4140
f 2221/4142 2197/4118 2156/4119
f 2197/4118 2221/4142 2259/4141
f 2176/4143 2156/4119 2091/4120
f 2156/4119 2176/4143 2221/4142
f 2137/4144 2091/4120 2052/4121
f 2091/4120 2137/4144 2176/4143
f 2086/4145 2052/4121 2010/4122
f 2052/4121 2086/4145 2137/4144
f 2050/4146 2010/4122 1964/4123
f 2010/4122 2050/4146 2086/4145
f 2018/4147 1964/4123 1921/4124
f 1964/4123 2018/4147 2050/4146
f 1976/4148 1921/4124 1895/4125
f 1921/4124 1976/4148 2018/4147
f 1939/4149 1895/4125 1860/4126
f 1895/4125 1939/4149 1976/4148
f 1916/4150 1860/4126 1825/4127
f 1860/4126 1916/4150 1939/4149
f 1888/4151 1825/4127 1784/4128
f 1825/4127 1888/4151 1916/4150
f 2982/4152 3023/4130 2944/4129
f 3023/4130 2982/4152 3039/4153
f 2902/4154 2944/4129 2878/4131
f 2944/4129 2902/4154 2982/4152
f 2842/4155 2878/4131 2814/4132
f 2878/4131 2842/4155 2902/4154
f 2790/4156 2814/4132 2734/4133
f 2814/4132 2790/4156 2842/4155
f 2714/4157 2734/4133 2659/4134
f 2734/4133 2714/4157 2790/4156
f 2647/4158 2659/4134 2605/4135
f 2659/4134 2647/4158 2714/4157
f 2599/4159 2605/4135 2541/4136
f 2605/4135 2599/4159 2647/4158
f 2543/4160 2541/4136 2465/4137
f 2541/4136 2543/4160 2599/4159
f 2479/4161 2465/4137 2410/4138
f 2465/4137 2479/4161 2543/4160
f 2426/4162 2410/4138 2364/4139
f 2410/4138 2426/4162 2479/4161
f 2384/4163 2364/4139 2316/4140
f 2364/4139 2384/4163 2426/4162
f 2342/4164 2316/4140 2259/4141
f 2316/4140 2342/4164 2384/4163
f 2286/4165 2259/4141 2221/4142
f 2259/4141 2286/4165 2342/4164
f 2253/4166 2221/4142 2176/4143
f 2221/4142 2253/4166 2286/4165
f 2219/4167 2176/4143 2137/4144
f 2176/4143 2219/4167 2253/4166
f 2181/4168 2137/4144 2086/4145
f 2137/4144 2181/4168 2219/4167
f 2145/4169 2086/4145 2050/4146
f 2086/4145 2145/4169 2181/4168
f 2097/4170 2050/4146 2018/4147
f 2050/4146 2097/4170 2145/4169
f 2064/4171 2018/4147 1976/4148
f 2018/4147 2064/4171 2097/4170
f 2042/4172 1976/4148 1939/4149
f 1976/4148 2042/4172 2064/4171
f 2016/4173 1939/4149 1916/4150
f 1939/4149 2016/4173 2042/4172
f 1978/4174 1916/4150 1888/4151
f 1916/4150 1978/4174 2016/4173
f 2998/4175 3039/4153 2982/4152
f 3039/4153 2998/4175 3049/4176
f 2930/4177 2982/4152 2902/4154
f 2982/4152 2930/4177 2998/4175
f 2874/4178 2902/4154 2842/4155
f 2902/4154 2874/4178 2930/4177
f 2826/4179 2842/4155 2790/4156
f 2842/4155 2826/4179 2874/4178
f 2767/4180 2790/4156 2714/4157
f 2790/4156 2767/4180 2826/4179
f 2702/4181 2714/4157 2647/4158
f 2714/4157 2702/4181 2767/4180
f 2649/4182 2647/4158 2599/4159
f 2647/4158 2649/4182 2702/4181
f 2608/4183 2599/4159 2543/4160
f 2599/4159 2608/4183 2649/4182
f 2561/4184 2543/4160 2479/4161
f 2543/4160 2561/4184 2608/4183
f 2508/4185 2479/4161 2426/4162
f 2479/4161 2508/4185 2561/4184
f 2446/4186 2426/4162 2384/4163
f 2426/4162 2446/4186 2508/4185
f 2406/4187 2384/4163 2342/4164
f 2384/4163 2406/4187 2446/4186
f 2370/4188 2342/4164 2286/4165
f 2342/4164 2370/4188 2406/4187
f 2338/4189 2286/4165 2253/4166
f 2286/4165 2338/4189 2370/4188
f 2298/4190 2253/4166 2219/4167
f 2253/4166 2298/4190 2338/4189
f 2257/4191 2219/4167 2181/4168
f 2219/4167 2257/4191 2298/4190
f 2229/4192 2181/4168 2145/4169
f 2181/4168 2229/4192 2257/4191
f 2207/4193 2145/4169 2097/4170
f 2145/4169 2207/4193 2229/4192
f 2174/4194 2097/4170 2064/4171
f 2097/4170 2174/4194 2207/4193
f 2147/4195 2064/4171 2042/4172
f 2064/4171 2147/4195 2174/4194
f 2106/4196 2042/4172 2016/4173
f 2042/4172 2106/4196 2147/4195
f 2083/4197 2016/4173 1978/4174
f 2016/4173 2083/4197 2106/4196
f 3011/4198 3049/4176 2998/4175
f 3049/4176 3011/4198 3063/4199
f 2954/4200 2998/4175 2930/4177
f 2998/4175 2954/4200 3011/4198
f 2912/4201 2930/4177 2874/4178
f 2930/4177 2912/4201 2954/4200
f 2859/4202 2874/4178 2826/4179
f 2874/4178 2859/4202 2912/4201
f 2820/4203 2826/4179 2767/4180
f 2826/4179 2820/4203 2859/4202
f 2771/4204 2767/4180 2702/4181
f 2767/4180 2771/4204 2820/4203
f 2716/4205 2702/4181 2649/4182
f 2702/4181 2716/4205 2771/4204
f 2663/4206 2649/4182 2608/4183
f 2649/4182 2663/4206 2716/4205
f 2633/4207 2608/4183 2561/4184
f 2608/4183 2633/4207 2663/4206
f 2589/4208 2561/4184 2508/4185
f 2561/4184 2589/4208 2633/4207
f 2545/4209 2508/4185 2446/4186
f 2508/4185 2545/4209 2589/4208
f 2500/4210 2446/4186 2406/4187
f 2446/4186 2500/4210 2545/4209
f 2448/4211 2406/4187 2370/4188
f 2406/4187 2448/4211 2500/4210
f 2416/4212 2370/4188 2338/4189
f 2370/4188 2416/4212 2448/4211
f 2386/4213 2338/4189 2298/4190
f 2338/4189 2386/4213 2416/4212
f 2356/4214 2298/4190 2257/4191
f 2298/4190 2356/4214 2386/4213
f 2328/4215 2257/4191 2229/4192
f 2257/4191 2328/4215 2356/4214
f 2290/4216 2229/4192 2207/4193
f 2229/4192 2290/4216 2328/4215
f 2290/4216 2174/4194 2267/4217
f 2174/4194 2290/4216 2207/4193
f 2267/4217 2147/4195 2243/4218
f 2147/4195 2267/4217 2174/4194
f 2243/4218 2106/4196 2223/4219
f 2106/4196 2243/4218 2147/4195
f 2223/4219 2083/4197 2199/4220
f 2083/4197 2223/4219 2106/4196
f 3035/4221 3063/4199 3011/4198
f 3063/4199 3035/4221 3075/4222
f 2994/4223 3011/4198 2954/4200
f 3011/4198 2994/4223 3035/4221
f 2940/4224 2954/4200 2912/4201
f 2954/4200 2940/4224 2994/4223
f 2900/4225 2912/4201 2859/4202
f 2912/4201 2900/4225 2940/4224
f 2862/4226 2859/4202 2820/4203
f 2859/4202 2862/4226 2900/4225
f 2828/4227 2820/4203 2771/4204
f 2820/4203 2828/4227 2862/4226
f 2792/4228 2771/4204 2716/4205
f 2771/4204 2792/4228 2828/4227
f 2742/4229 2716/4205 2663/4206
f 2716/4205 2742/4229 2792/4228
f 2681/4230 2663/4206 2633/4207
f 2663/4206 2681/4230 2742/4229
f 2657/4231 2633/4207 2589/4208
f 2633/4207 2657/4231 2681/4230
f 2631/4232 2589/4208 2545/4209
f 2589/4208 2631/4232 2657/4231
f 2593/4233 2545/4209 2500/4210
f 2545/4209 2593/4233 2631/4232
f 2559/4234 2500/4210 2448/4211
f 2500/4210 2559/4234 2593/4233
f 2526/4235 2448/4211 2416/4212
f 2448/4211 2526/4235 2559/4234
f 2484/4236 2416/4212 2386/4213
f 2416/4212 2484/4236 2526/4235
f 2444/4237 2386/4213 2356/4214
f 2386/4213 2444/4237 2484/4236
f 2422/4238 2356/4214 2328/4215
f 2356/4214 2422/4238 2444/4237
f 2394/4239 2328/4215 2290/4216
f 2328/4215 2394/4239 2422/4238
f 2376/4240 2290/4216 2267/4217
f 2290/4216 2376/4240 2394/4239
f 2352/4241 2267/4217 2243/4218
f 2267/4217 2352/4241 2376/4240
f 2332/4242 2243/4218 2223/4219
f 2243/4218 2332/4242 2352/4241
f 2312/4243 2223/4219 2199/4220
f 2223/4219 2312/4243 2332/4242
f 3057/4244 3075/4222 3035/4221
f 3075/4222 3057/4244 3086/4245
f 3019/4246 3035/4221 2994/4223
f 3035/4221 3019/4246 3057/4244
f 2990/4247 2994/4223 2940/4224
f 2994/4223 2990/4247 3019/4246
f 2942/4248 2940/4224 2900/4225
f 2940/4224 2942/4248 2990/4247
f 2914/4249 2900/4225 2862/4226
f 2900/4225 2914/4249 2942/4248
f 2876/4250 2862/4226 2828/4227
f 2862/4226 2876/4250 2914/4249
f 2844/4251 2828/4227 2792/4228
f 2828/4227 2844/4251 2876/4250
f 2816/4252 2792/4228 2742/4229
f 2792/4228 2816/4252 2844/4251
f 2785/4253 2742/4229 2681/4230
f 2742/4229 2785/4253 2816/4252
f 2746/4254 2681/4230 2657/4231
f 2681/4230 2746/4254 2785/4253
f 2706/4255 2657/4231 2631/4232
f 2657/4231 2706/4255 2746/4254
f 2671/4256 2631/4232 2593/4233
f 2631/4232 2671/4256 2706/4255
f 2645/4257 2593/4233 2559/4234
f 2593/4233 2645/4257 2671/4256
f 2623/4258 2559/4234 2526/4235
f 2559/4234 2623/4258 2645/4257
f 2597/4259 2526/4235 2484/4236
f 2526/4235 2597/4259 2623/4258
f 2569/4260 2484/4236 2444/4237
f 2484/4236 2569/4260 2597/4259
f 2547/4261 2444/4237 2422/4238
f 2444/4237 2547/4261 2569/4260
f 2520/4262 2422/4238 2394/4239
f 2422/4238 2520/4262 2547/4261
f 2493/4263 2394/4239 2376/4240
f 2394/4239 2493/4263 2520/4262
f 2460/4264 2376/4240 2352/4241
f 2376/4240 2460/4264 2493/4263
f 2440/4265 2352/4241 2332/4242
f 2352/4241 2440/4265 2460/4264
f 2424/4266 2332/4242 2312/4243
f 2332/4242 2424/4266 2440/4265
f 3072/4267 3086/4245 3057/4244
f 3086/4245 3072/4267 3098/4268
f 3047/4269 3057/4244 3019/4246
f 3057/4244 3047/4269 3072/4267
f 3021/4270 3019/4246 2990/4247
f 3019/4246 3021/4270 3047/4269
f 2996/4271 2990/4247 2942/4248
f 2990/4247 2996/4271 3021/4270
f 2956/4272 2942/4248 2914/4249
f 2942/4248 2956/4272 2996/4271
f 2932/4273 2914/4249 2876/4250
f 2914/4249 2932/4273 2956/4272
f 2904/4274 2876/4250 2844/4251
f 2876/4250 2904/4274 2932/4273
f 2882/4275 2844/4251 2816/4252
f 2844/4251 2882/4275 2904/4274
f 2852/4276 2816/4252 2785/4253
f 2816/4252 2852/4276 2882/4275
f 2834/4277 2785/4253 2746/4254
f 2785/4253 2834/4277 2852/4276
f 2808/4278 2746/4254 2706/4255
f 2746/4254 2808/4278 2834/4277
f 2784/4279 2706/4255 2671/4256
f 2706/4255 2784/4279 2808/4278
f 2758/4280 2671/4256 2645/4257
f 2671/4256 2758/4280 2784/4279
f 2728/4281 2645/4257 2623/4258
f 2645/4257 2728/4281 2758/4280
f 2692/4282 2623/4258 2597/4259
f 2623/4258 2692/4282 2728/4281
f 2673/4283 2597/4259 2569/4260
f 2597/4259 2673/4283 2692/4282
f 2655/4284 2569/4260 2547/4261
f 2569/4260 2655/4284 2673/4283
f 2637/4285 2547/4261 2520/4262
f 2547/4261 2637/4285 2655/4284
f 2621/4286 2520/4262 2493/4263
f 2520/4262 2621/4286 2637/4285
f 2604/4287 2493/4263 2460/4264
f 2493/4263 2604/4287 2621/4286
f 2591/4288 2460/4264 2440/4265
f 2460/4264 2591/4288 2604/4287
f 2571/4289 2440/4265 2424/4266
f 2440/4265 2571/4289 2591/4288
f 3093/4290 3098/4268 3072/4267
f 3098/4268 3093/4290 3108/4291
f 3071/4292 3072/4267 3047/4269
f 3072/4267 3071/4292 3093/4290
f 3059/4293 3047/4269 3021/4270
f 3047/4269 3059/4293 3071/4292
f 3037/4294 3021/4270 2996/4271
f 3021/4270 3037/4294 3059/4293
f 3013/4295 2996/4271 2956/4272
f 2996/4271 3013/4295 3037/4294
f 3000/4296 2956/4272 2932/4273
f 2956/4272 3000/4296 3013/4295
f 2984/4297 2932/4273 2904/4274
f 2932/4273 2984/4297 3000/4296
f 2948/4298 2904/4274 2882/4275
f 2904/4274 2948/4298 2984/4297
f 2926/4299 2882/4275 2852/4276
f 2882/4275 2926/4299 2948/4298
f 2908/4300 2852/4276 2834/4277
f 2852/4276 2908/4300 2926/4299
f 2894/4301 2834/4277 2808/4278
f 2834/4277 2894/4301 2908/4300
f 2872/4302 2808/4278 2784/4279
f 2808/4278 2872/4302 2894/4301
f 2854/4303 2784/4279 2758/4280
f 2784/4279 2854/4303 2872/4302
f 2840/4304 2758/4280 2728/4281
f 2758/4280 2840/4304 2854/4303
f 2824/4305 2728/4281 2692/4282
f 2728/4281 2824/4305 2840/4304
f 2810/4306 2692/4282 2673/4283
f 2692/4282 2810/4306 2824/4305
f 2796/4307 2673/4283 2655/4284
f 2673/4283 2796/4307 2810/4306
f 2773/4308 2655/4284 2637/4285
f 2655/4284 2773/4308 2796/4307
f 2760/4309 2637/4285 2621/4286
f 2637/4285 2760/4309 2773/4308
f 2744/4310 2621/4286 2604/4287
f 2621/4286 2744/4310 2760/4309
f 2726/4311 2604/4287 2591/4288
f 2604/4287 2726/4311 2744/4310
f 2710/4312 2591/4288 2571/4289
f 2591/4288 2710/4312 2726/4311
f 3107/4313 3108/4291 3093/4290
f 3108/4291 3107/4313 3116/4314
f 3097/4315 3093/4290 3071/4292
f 3093/4290 3097/4315 3107/4313
f 3085/4316 3071/4292 3059/4293
f 3071/4292 3085/4316 3097/4315
f 3077/4317 3059/4293 3037/4294
f 3059/4293 3077/4317 3085/4316
f 3065/4318 3037/4294 3013/4295
f 3037/4294 3065/4318 3077/4317
f 3053/4319 3013/4295 3000/4296
f 3013/4295 3053/4319 3065/4318
f 3041/4320 3000/4296 2984/4297
f 3000/4296 3041/4320 3053/4319
f 3025/4321 2984/4297 2948/4298
f 2984/4297 3025/4321 3041/4320
f 3009/4322 2948/4298 2926/4299
f 2948/4298 3009/4322 3025/4321
f 3004/4323 2926/4299 2908/4300
f 2926/4299 3004/4323 3009/4322
f 2988/4324 2908/4300 2894/4301
f 2908/4300 2988/4324 3004/4323
f 2980/4325 2894/4301 2872/4302
f 2894/4301 2980/4325 2988/4324
f 2952/4326 2872/4302 2854/4303
f 2872/4302 2952/4326 2980/4325
f 2938/4327 2854/4303 2840/4304
f 2854/4303 2938/4327 2952/4326
f 2928/4328 2840/4304 2824/4305
f 2840/4304 2928/4328 2938/4327
f 2918/4329 2824/4305 2810/4306
f 2824/4305 2918/4329 2928/4328
f 2910/4330 2810/4306 2796/4307
f 2810/4306 2910/4330 2918/4329
f 2896/4331 2796/4307 2773/4308
f 2796/4307 2896/4331 2910/4330
f 2890/4332 2773/4308 2760/4309
f 2773/4308 2890/4332 2896/4331
f 2884/4333 2760/4309 2744/4310
f 2760/4309 2884/4333 2890/4332
f 2870/4334 2744/4310 2726/4311
f 2744/4310 2870/4334 2884/4333
f 2858/4335 2726/4311 2710/4312
f 2726/4311 2858/4335 2870/4334
f 3119/4336 3116/4314 3107/4313
f 3116/4314 3119/4336 3121/4337
f 3115/4338 3107/4313 3097/4315
f 3107/4313 3115/4338 3119/4336
f 3113/4339 3097/4315 3085/4316
f 3097/4315 3113/4339 3115/4338
f 3111/4340 3085/4316 3077/4317
f 3085/4316 3111/4340 3113/4339
f 3103/4341 3077/4317 3065/4318
f 3077/4317 3103/4341 3111/4340
f 3101/4342 3065/4318 3053/4319
f 3065/4318 3101/4342 3103/4341
f 3095/4343 3053/4319 3041/4320
f 3053/4319 3095/4343 3101/4342
f 3089/4344 3041/4320 3025/4321
f 3041/4320 3089/4344 3095/4343
f 3081/4345 3025/4321 3009/4322
f 3025/4321 3081/4345 3089/4344
f 3079/4346 3009/4322 3004/4323
f 3009/4322 3079/4346 3081/4345
f 3069/4347 3004/4323 2988/4324
f 3004/4323 3069/4347 3079/4346
f 3067/4348 2988/4324 2980/4325
f 2988/4324 3067/4348 3069/4347
f 3061/4349 2980/4325 2952/4326
f 2980/4325 3061/4349 3067/4348
f 3055/4350 2952/4326 2938/4327
f 2952/4326 3055/4350 3061/4349
f 3051/4351 2938/4327 2928/4328
f 2938/4327 3051/4351 3055/4350
f 3045/4352 2928/4328 2918/4329
f 2928/4328 3045/4352 3051/4351
f 3043/4353 2918/4329 2910/4330
f 2918/4329 3043/4353 3045/4352
f 3033/4354 2910/4330 2896/4331
f 2910/4330 3033/4354 3043/4353
f 3031/4355 2896/4331 2890/4332
f 2896/4331 3031/4355 3033/4354
f 3029/4356 2890/4332 2884/4333
f 2890/4332 3029/4356 3031/4355
f 3017/4357 2884/4333 2870/4334
f 2884/4333 3017/4357 3029/4356
f 3015/4358 2870/4334 2858/4335
f 2870/4334 3015/4358 3017/4357
f 3153/4359 3121/4337 3119/4336
f 3121/4337 3153/4359 3154/4360
f 3152/4361 3119/4336 3115/4338
f 3119/4336 3152/4361 3153/4359
f 3151/4362 3115/4338 3113/4339
f 3115/4338 3151/4362 3152/4361
f 3150/4363 3113/4339 3111/4340
f 3113/4339 3150/4363 3151/4362
f 3149/4364 3111/4340 3103/4341
f 3111/4340 3149/4364 3150/4363
f 3148/4365 3103/4341 3101/4342
f 3103/4341 3148/4365 3149/4364
f 3147/4366 3101/4342 3095/4343
f 3101/4342 3147/4366 3148/4365
f 3146/4367 3095/4343 3089/4344
f 3095/4343 3146/4367 3147/4366
f 3145/4368 3089/4344 3081/4345
f 3089/4344 3145/4368 3146/4367
f 3144/4369 3081/4345 3079/4346
f 3081/4345 3144/4369 3145/4368
f 3143/4370 3079/4346 3069/4347
f 3079/4346 3143/4370 3144/4369
f 3142/4371 3069/4347 3067/4348
f 3069/4347 3142/4371 3143/4370
f 3141/4372 3067/4348 3061/4349
f 3067/4348 3141/4372 3142/4371
f 3140/4373 3061/4349 3055/4350
f 3061/4349 3140/4373 3141/4372
f 3139/4374 3055/4350 3051/4351
f 3055/4350 3139/4374 3140/4373
f 3138/4375 3051/4351 3045/4352
f 3051/4351 3138/4375 3139/4374
f 3137/4376 3045/4352 3043/4353
f 3045/4352 3137/4376 3138/4375
f 3136/4377 3043/4353 3033/4354
f 3043/4353 3136/4377 3137/4376
f 3135/4378 3033/4354 3031/4355
f 3033/4354 3135/4378 3136/4377
f 3134/4379 3031/4355 3029/4356
f 3031/4355 3134/4379 3135/4378
f 3133/4380 3029/4356 3017/4357
f 3029/4356 3133/4380 3134/4379
f 3132/4381 3017/4357 3015/4358
f 3017/4357 3132/4381 3133/4380
f 3190/4382 3154/4360 3153/4359
f 3154/4360 3190/4382 3188/4383
f 3152/4361 3190/4382 3153/4359
f 3190/4382 3152/4361 3192/4384
f 3196/4385 3152/4361 3151/4362
f 3152/4361 3196/4385 3192/4384
f 3198/4386 3151/4362 3150/4363
f 3151/4362 3198/4386 3196/4385
f 3149/4364 3198/4386 3150/4363
f 3198/4386 3149/4364 3204/4387
f 3206/4388 3149/4364 3148/4365
f 3149/4364 3206/4388 3204/4387
f 3212/4389 3148/4365 3147/4366
f 3148/4365 3212/4389 3206/4388
f 3216/4390 3147/4366 3146/4367
f 3147/4366 3216/4390 3212/4389
f 3145/4368 3216/4390 3146/4367
f 3216/4390 3145/4368 3222/4391
f 3226/4392 3145/4368 3144/4369
f 3145/4368 3226/4392 3222/4391
f 3143/4370 3226/4392 3144/4369
f 3226/4392 3143/4370 3238/4393
f 3240/4394 3143/4370 3142/4371
f 3143/4370 3240/4394 3238/4393
f 3141/4372 3240/4394 3142/4371
f 3240/4394 3141/4372 3246/4395
f 3252/4396 3141/4372 3140/4373
f 3141/4372 3252/4396 3246/4395
f 3256/4397 3140/4373 3139/4374
f 3140/4373 3256/4397 3252/4396
f 3138/4375 3256/4397 3139/4374
f 3256/4397 3138/4375 3262/4398
f 3264/4399 3138/4375 3137/4376
f 3138/4375 3264/4399 3262/4398
f 3274/4400 3137/4376 3136/4377
f 3137/4376 3274/4400 3264/4399
f 3276/4401 3136/4377 3135/4378
f 3136/4377 3276/4401 3274/4400
f 3278/4402 3135/4378 3134/4379
f 3135/4378 3278/4402 3276/4401
f 3288/4403 3134/4379 3133/4380
f 3134/4379 3288/4403 3278/4402
f 3292/4404 3133/4380 3132/4381
f 3133/4380 3292/4404 3288/4403
f 3190/4382 3193/4405 3188/4383
f 3193/4405 3190/4382 3200/4406
f 3192/4384 3200/4406 3190/4382
f 3200/4406 3192/4384 3208/4407
f 3196/4385 3208/4407 3192/4384
f 3208/4407 3196/4385 3218/4408
f 3198/4386 3218/4408 3196/4385
f 3218/4408 3198/4386 3228/4409
f 3204/4387 3228/4409 3198/4386
f 3228/4409 3204/4387 3242/4410
f 3206/4388 3242/4410 3204/4387
f 3242/4410 3206/4388 3254/4411
f 3212/4389 3254/4411 3206/4388
f 3254/4411 3212/4389 3266/4412
f 3216/4390 3266/4412 3212/4389
f 3266/4412 3216/4390 3280/4413
f 3222/4391 3280/4413 3216/4390
f 3280/4413 3222/4391 3298/4414
f 3226/4392 3298/4414 3222/4391
f 3298/4414 3226/4392 3302/4415
f 3238/4393 3302/4415 3226/4392
f 3302/4415 3238/4393 3318/4416
f 3240/4394 3318/4416 3238/4393
f 3318/4416 3240/4394 3329/4417
f 3246/4395 3329/4417 3240/4394
f 3329/4417 3246/4395 3339/4418
f 3252/4396 3339/4418 3246/4395
f 3339/4418 3252/4396 3351/4419
f 3256/4397 3351/4419 3252/4396
f 3351/4419 3256/4397 3359/4420
f 3262/4398 3359/4420 3256/4397
f 3359/4420 3262/4398 3367/4421
f 3264/4399 3367/4421 3262/4398
f 3367/4421 3264/4399 3375/4422
f 3274/4400 3375/4422 3264/4399
f 3375/4422 3274/4400 3391/4423
f 3398/4424 3274/4400 3276/4401
f 3274/4400 3398/4424 3391/4423
f 3403/4425 3276/4401 3278/4402
f 3276/4401 3403/4425 3398/4424
f 3419/4426 3278/4402 3288/4403
f 3278/4402 3419/4426 3403/4425
f 3428/4427 3288/4403 3292/4404
f 3288/4403 3428/4427 3419/4426
f 3200/4406 3201/4428 3193/4405
f 3201/4428 3200/4406 3214/4429
f 3208/4407 3214/4429 3200/4406
f 3214/4429 3208/4407 3230/4430
f 3218/4408 3230/4430 3208/4407
f 3230/4430 3218/4408 3248/4431
f 3228/4409 3248/4431 3218/4408
f 3248/4431 3228/4409 3270/4432
f 3242/4410 3270/4432 3228/4409
f 3270/4432 3242/4410 3294/4433
f 3254/4411 3294/4433 3242/4410
f 3294/4433 3254/4411 3307/4434
f 3266/4412 3307/4434 3254/4411
f 3307/4434 3266/4412 3324/4435
f 3280/4413 3324/4435 3266/4412
f 3324/4435 3280/4413 3343/4436
f 3298/4414 3343/4436 3280/4413
f 3343/4436 3298/4414 3361/4437
f 3302/4415 3361/4437 3298/4414
f 3361/4437 3302/4415 3377/4438
f 3318/4416 3377/4438 3302/4415
f 3377/4438 3318/4416 3394/4439
f 3329/4417 3394/4439 3318/4416
f 3394/4439 3329/4417 3417/4440
f 3339/4418 3417/4440 3329/4417
f 3417/4440 3339/4418 3436/4441
f 3351/4419 3436/4441 3339/4418
f 3436/4441 3351/4419 3455/4442
f 3359/4420 3455/4442 3351/4419
f 3455/4442 3359/4420 3471/4443
f 3367/4421 3471/4443 3359/4420
f 3471/4443 3367/4421 3487/4444
f 3375/4422 3487/4444 3367/4421
f 3487/4444 3375/4422 3499/4445
f 3391/4423 3499/4445 3375/4422
f 3499/4445 3391/4423 3522/4446
f 3534/4447 3391/4423 3398/4424
f 3391/4423 3534/4447 3522/4446
f 3546/4448 3398/4424 3403/4425
f 3398/4424 3546/4448 3534/4447
f 3564/4449 3403/4425 3419/4426
f 3403/4425 3564/4449 3546/4448
f 3580/4450 3419/4426 3428/4427
f 3419/4426 3580/4450 3564/4449
f 3214/4429 3209/4451 3201/4428
f 3209/4451 3214/4429 3234/4452
f 3230/4430 3234/4452 3214/4429
f 3234/4452 3230/4430 3260/4453
f 3248/4431 3260/4453 3230/4430
f 3260/4453 3248/4431 3284/4454
f 3270/4432 3284/4454 3248/4431
f 3284/4454 3270/4432 3311/4455
f 3294/4433 3311/4455 3270/4432
f 3311/4455 3294/4433 3335/4456
f 3307/4434 3335/4456 3294/4433
f 3335/4456 3307/4434 3355/4457
f 3324/4435 3355/4457 3307/4434
f 3355/4457 3324/4435 3382/4458
f 3343/4436 3382/4458 3324/4435
f 3382/4458 3343/4436 3405/4459
f 3361/4437 3405/4459 3343/4436
f 3405/4459 3361/4437 3438/4460
f 3377/4438 3438/4460 3361/4437
f 3438/4460 3377/4438 3461/4461
f 3394/4439 3461/4461 3377/4438
f 3461/4461 3394/4439 3489/4462
f 3417/4440 3489/4462 3394/4439
f 3489/4462 3417/4440 3509/4463
f 3436/4441 3509/4463 3417/4440
f 3509/4463 3436/4441 3536/4464
f 3455/4442 3536/4464 3436/4441
f 3536/4464 3455/4442 3560/4465
f 3471/4443 3560/4465 3455/4442
f 3560/4465 3471/4443 3596/4466
f 3487/4444 3596/4466 3471/4443
f 3596/4466 3487/4444 3617/4467
f 3499/4445 3617/4467 3487/4444
f 3617/4467 3499/4445 3633/4468
f 3522/4446 3633/4468 3499/4445
f 3633/4468 3522/4446 3651/4469
f 3665/4470 3522/4446 3534/4447
f 3522/4446 3665/4470 3651/4469
f 3680/4471 3534/4447 3546/4448
f 3534/4447 3680/4471 3665/4470
f 3694/4472 3546/4448 3564/4449
f 3546/4448 3694/4472 3680/4471
f 3713/4473 3564/4449 3580/4450
f 3564/4449 3713/4473 3694/4472
f 3234/4452 3219/4474 3209/4451
f 3219/4474 3234/4452 3250/4475
f 3260/4453 3250/4475 3234/4452
f 3250/4475 3260/4453 3285/4476
f 3284/4454 3285/4476 3260/4453
f 3285/4476 3284/4454 3315/4477
f 3311/4455 3315/4477 3284/4454
f 3315/4477 3311/4455 3347/4478
f 3335/4456 3347/4478 3311/4455
f 3347/4478 3335/4456 3371/4479
f 3355/4457 3371/4479 3335/4456
f 3371/4479 3355/4457 3412/4480
f 3382/4458 3412/4480 3355/4457
f 3412/4480 3382/4458 3451/4481
f 3405/4459 3451/4481 3382/4458
f 3451/4481 3405/4459 3479/4482
f 3438/4460 3479/4482 3405/4459
f 3479/4482 3438/4460 3510/4483
f 3461/4461 3510/4483 3438/4460
f 3510/4483 3461/4461 3544/4484
f 3489/4462 3544/4484 3461/4461
f 3544/4484 3489/4462 3582/4485
f 3509/4463 3582/4485 3489/4462
f 3582/4485 3509/4463 3619/4486
f 3536/4464 3619/4486 3509/4463
f 3619/4486 3536/4464 3643/4487
f 3560/4465 3643/4487 3536/4464
f 3643/4487 3560/4465 3663/4488
f 3596/4466 3663/4488 3560/4465
f 3663/4488 3596/4466 3688/4489
f 3617/4467 3688/4489 3596/4466
f 3688/4489 3617/4467 3715/4490
f 3633/4468 3715/4490 3617/4467
f 3715/4490 3633/4468 3735/4491
f 3651/4469 3735/4491 3633/4468
f 3735/4491 3651/4469 3759/4492
f 3782/4493 3651/4469 3665/4470
f 3651/4469 3782/4493 3759/4492
f 3814/4494 3665/4470 3680/4471
f 3665/4470 3814/4494 3782/4493
f 3830/4495 3680/4471 3694/4472
f 3680/4471 3830/4495 3814/4494
f 3848/4496 3694/4472 3713/4473
f 3694/4472 3848/4496 3830/4495
f 3250/4475 3231/4497 3219/4474
f 3231/4497 3250/4475 3272/4498
f 3285/4476 3272/4498 3250/4475
f 3272/4498 3285/4476 3313/4499
f 3315/4477 3313/4499 3285/4476
f 3313/4499 3315/4477 3348/4500
f 3347/4478 3348/4500 3315/4477
f 3348/4500 3347/4478 3386/4501
f 3371/4479 3386/4501 3347/4478
f 3386/4501 3371/4479 3426/4502
f 3412/4480 3426/4502 3371/4479
f 3426/4502 3412/4480 3467/4503
f 3451/4481 3467/4503 3412/4480
f 3467/4503 3451/4481 3503/4504
f 3479/4482 3503/4504 3451/4481
f 3503/4504 3479/4482 3548/4505
f 3510/4483 3548/4505 3479/4482
f 3548/4505 3510/4483 3607/4506
f 3544/4484 3607/4506 3510/4483
f 3607/4506 3544/4484 3631/4507
f 3582/4485 3631/4507 3544/4484
f 3631/4507 3582/4485 3657/4508
f 3619/4486 3657/4508 3582/4485
f 3657/4508 3619/4486 3692/4509
f 3643/4487 3692/4509 3619/4486
f 3692/4509 3643/4487 3723/4510
f 3663/4488 3723/4510 3643/4487
f 3723/4510 3663/4488 3753/4511
f 3688/4489 3753/4511 3663/4488
f 3753/4511 3688/4489 3790/4512
f 3715/4490 3790/4512 3688/4489
f 3790/4512 3715/4490 3826/4513
f 3735/4491 3826/4513 3715/4490
f 3826/4513 3735/4491 3850/4514
f 3759/4492 3850/4514 3735/4491
f 3850/4514 3759/4492 3880/4515
f 3901/4516 3759/4492 3782/4493
f 3759/4492 3901/4516 3880/4515
f 3927/4517 3782/4493 3814/4494
f 3782/4493 3927/4517 3901/4516
f 3949/4518 3814/4494 3830/4495
f 3814/4494 3949/4518 3927/4517
f 3969/4519 3830/4495 3848/4496
f 3830/4495 3969/4519 3949/4518
f 3272/4498 3244/4520 3231/4497
f 3244/4520 3272/4498 3296/4521
f 3313/4499 3296/4521 3272/4498
f 3296/4521 3313/4499 3337/4522
f 3348/4500 3337/4522 3313/4499
f 3337/4522 3348/4500 3373/4523
f 3386/4501 3373/4523 3348/4500
f 3373/4523 3386/4501 3429/4524
f 3426/4502 3429/4524 3386/4501
f 3429/4524 3426/4502 3475/4525
f 3467/4503 3475/4525 3426/4502
f 3475/4525 3467/4503 3524/4526
f 3503/4504 3524/4526 3467/4503
f 3524/4526 3503/4504 3574/4527
f 3548/4505 3574/4527 3503/4504
f 3574/4527 3548/4505 3625/4528
f 3607/4506 3625/4528 3548/4505
f 3625/4528 3607/4506 3655/4529
f 3631/4507 3655/4529 3607/4506
f 3655/4529 3631/4507 3698/4530
f 3657/4508 3698/4530 3631/4507
f 3698/4530 3657/4508 3737/4531
f 3692/4509 3737/4531 3657/4508
f 3737/4531 3692/4509 3776/4532
f 3723/4510 3776/4532 3692/4509
f 3776/4532 3723/4510 3821/4533
f 3753/4511 3821/4533 3723/4510
f 3821/4533 3753/4511 3856/4534
f 3790/4512 3856/4534 3753/4511
f 3856/4534 3790/4512 3891/4535
f 3826/4513 3891/4535 3790/4512
f 3891/4535 3826/4513 3919/4536
f 3850/4514 3919/4536 3826/4513
f 3919/4536 3850/4514 3953/4537
f 3880/4515 3953/4537 3850/4514
f 3953/4537 3880/4515 3999/4538
f 4022/4539 3880/4515 3901/4516
f 3880/4515 4022/4539 3999/4538
f 4044/4540 3901/4516 3927/4517
f 3901/4516 4044/4540 4022/4539
f 4062/4541 3927/4517 3949/4518
f 3927/4517 4062/4541 4044/4540
f 4085/4542 3949/4518 3969/4519
f 3949/4518 4085/4542 4062/4541
f 3296/4521 3257/4543 3244/4520
f 3257/4543 3296/4521 3309/4544
f 3337/4522 3309/4544 3296/4521
f 3309/4544 3337/4522 3357/4545
f 3373/4523 3357/4545 3337/4522
f 3357/4545 3373/4523 3414/4546
f 3429/4524 3414/4546 3373/4523
f 3414/4546 3429/4524 3469/4547
f 3475/4525 3469/4547 3429/4524
f 3469/4547 3475/4525 3528/4548
f 3524/4526 3528/4548 3475/4525
f 3528/4548 3524/4526 3586/4549
f 3574/4527 3586/4549 3524/4526
f 3586/4549 3574/4527 3639/4550
f 3625/4528 3639/4550 3574/4527
f 3639/4550 3625/4528 3678/4551
f 3655/4529 3678/4551 3625/4528
f 3678/4551 3655/4529 3721/4552
f 3698/4530 3721/4552 3655/4529
f 3721/4552 3698/4530 3767/4553
f 3737/4531 3767/4553 3698/4530
f 3767/4553 3737/4531 3823/4554
f 3776/4532 3823/4554 3737/4531
f 3823/4554 3776/4532 3868/4555
f 3821/4533 3868/4555 3776/4532
f 3868/4555 3821/4533 3907/4556
f 3856/4534 3907/4556 3821/4533
f 3907/4556 3856/4534 3941/4557
f 3891/4535 3941/4557 3856/4534
f 3941/4557 3891/4535 3991/4558
f 3919/4536 3991/4558 3891/4535
f 3991/4558 3919/4536 4028/4559
f 3953/4537 4028/4559 3919/4536
f 4028/4559 3953/4537 4056/4560
f 3999/4538 4056/4560 3953/4537
f 4056/4560 3999/4538 4079/4561
f 4111/4562 3999/4538 4022/4539
f 3999/4538 4111/4562 4079/4561
f 4140/4563 4022/4539 4044/4540
f 4022/4539 4140/4563 4111/4562
f 4183/4564 4044/4540 4062/4541
f 4044/4540 4183/4564 4140/4563
f 4202/4565 4062/4541 4085/4542
f 4062/4541 4202/4565 4183/4564
f 3309/4544 3268/4566 3257/4543
f 3268/4566 3309/4544 3326/4567
f 3357/4545 3326/4567 3309/4544
f 3326/4567 3357/4545 3384/4568
f 3414/4546 3384/4568 3357/4545
f 3384/4568 3414/4546 3453/4569
f 3469/4547 3453/4569 3414/4546
f 3453/4569 3469/4547 3507/4570
f 3528/4548 3507/4570 3469/4547
f 3507/4570 3528/4548 3576/4571
f 3586/4549 3576/4571 3528/4548
f 3576/4571 3586/4549 3641/4572
f 3639/4550 3641/4572 3586/4549
f 3641/4572 3639/4550 3686/4573
f 3678/4551 3686/4573 3639/4550
f 3686/4573 3678/4551 3739/4574
f 3721/4552 3739/4574 3678/4551
f 3739/4574 3721/4552 3795/4575
f 3767/4553 3795/4575 3721/4552
f 3795/4575 3767/4553 3846/4576
f 3823/4554 3846/4576 3767/4553
f 3846/4576 3823/4554 3893/4577
f 3868/4555 3893/4577 3823/4554
f 3893/4577 3868/4555 3937/4578
f 3907/4556 3937/4578 3868/4555
f 3937/4578 3907/4556 4003/4579
f 3941/4557 4003/4579 3907/4556
f 4003/4579 3941/4557 4034/4580
f 3991/4558 4034/4580 3941/4557
f 4034/4580 3991/4558 4066/4581
f 4028/4559 4066/4581 3991/4558
f 4066/4581 4028/4559 4104/4582
f 4056/4560 4104/4582 4028/4559
f 4104/4582 4056/4560 4143/4583
f 4079/4561 4143/4583 4056/4560
f 4143/4583 4079/4561 4190/4584
f 4111/4562 4190/4584 4079/4561
f 4190/4584 4111/4562 4223/4585
f 4245/4586 4111/4562 4140/4563
f 4111/4562 4245/4586 4223/4585
f 4267/4587 4140/4563 4183/4564
f 4140/4563 4267/4587 4245/4586
f 4305/4588 4183/4564 4202/4565
f 4183/4564 4305/4588 4267/4587
f 3326/4567 3282/4589 3268/4566
f 3282/4589 3326/4567 3345/4590
f 3384/4568 3345/4590 3326/4567
f 3345/4590 3384/4568 3410/4591
f 3453/4569 3410/4591 3384/4568
f 3410/4591 3453/4569 3483/4592
f 3507/4570 3483/4592 3453/4569
f 3483/4592 3507/4570 3556/4593
f 3576/4571 3556/4593 3507/4570
f 3556/4593 3576/4571 3629/4594
f 3641/4572 3629/4594 3576/4571
f 3629/4594 3641/4572 3681/4595
f 3686/4573 3681/4595 3641/4572
f 3681/4595 3686/4573 3741/4596
f 3739/4574 3741/4596 3686/4573
f 3741/4596 3739/4574 3810/4597
f 3795/4575 3810/4597 3739/4574
f 3810/4597 3795/4575 3864/4598
f 3846/4576 3864/4598 3795/4575
f 3864/4598 3846/4576 3913/4599
f 3893/4577 3913/4599 3846/4576
f 3913/4599 3893/4577 3965/4600
f 3937/4578 3965/4600 3893/4577
f 3965/4600 3937/4578 4026/4601
f 4003/4579 4026/4601 3937/4578
f 4026/4601 4003/4579 4064/4602
f 4034/4580 4064/4602 4003/4579
f 4064/4602 4034/4580 4108/4603
f 4066/4581 4108/4603 4034/4580
f 4108/4603 4066/4581 4151/4604
f 4104/4582 4151/4604 4066/4581
f 4151/4604 4104/4582 4200/4605
f 4143/4583 4200/4605 4104/4582
f 4200/4605 4143/4583 4237/4606
f 4190/4584 4237/4606 4143/4583
f 4237/4606 4190/4584 4263/4607
f 4223/4585 4263/4607 4190/4584
f 4263/4607 4223/4585 4308/4608
f 4344/4609 4223/4585 4245/4586
f 4223/4585 4344/4609 4308/4608
f 4368/4610 4245/4586 4267/4587
f 4245/4586 4368/4610 4344/4609
f 4397/4611 4267/4587 4305/4588
f 4267/4587 4397/4611 4368/4610
f 3345/4590 3300/4612 3282/4589
f 3300/4612 3345/4590 3363/4613
f 3410/4591 3363/4613 3345/4590
f 3363/4613 3410/4591 3442/4614
f 3483/4592 3442/4614 3410/4591
f 3442/4614 3483/4592 3515/4615
f 3556/4593 3515/4615 3483/4592
f 3515/4615 3556/4593 3609/4616
f 3629/4594 3609/4616 3556/4593
f 3609/4616 3629/4594 3661/4617
f 3681/4595 3661/4617 3629/4594
f 3661/4617 3681/4595 3729/4618
f 3741/4596 3729/4618 3681/4595
f 3729/4618 3741/4596 3801/4619
f 3810/4597 3801/4619 3741/4596
f 3801/4619 3810/4597 3866/4620
f 3864/4598 3866/4620 3810/4597
f 3866/4620 3864/4598 3921/4621
f 3913/4599 3921/4621 3864/4598
f 3921/4621 3913/4599 3979/4622
f 3965/4600 3979/4622 3913/4599
f 3979/4622 3965/4600 4042/4623
f 4026/4601 4042/4623 3965/4600
f 4042/4623 4026/4601 4087/4624
f 4064/4602 4087/4624 4026/4601
f 4087/4624 4064/4602 4132/4625
f 4108/4603 4132/4625 4064/4602
f 4132/4625 4108/4603 4195/4626
f 4151/4604 4195/4626 4108/4603
f 4195/4626 4151/4604 4235/4627
f 4200/4605 4235/4627 4151/4604
f 4235/4627 4200/4605 4273/4628
f 4237/4606 4273/4628 4200/4605
f 4273/4628 4237/4606 4320/4629
f 4263/4607 4320/4629 4237/4606
f 4320/4629 4263/4607 4364/4630
f 4308/4608 4364/4630 4263/4607
f 4364/4630 4308/4608 4390/4631
f 4427/4632 4308/4608 4344/4609
f 4308/4608 4427/4632 4390/4631
f 4458/4633 4344/4609 4368/4610
f 4344/4609 4458/4633 4427/4632
f 4499/4634 4368/4610 4397/4611
f 4368/4610 4499/4634 4458/4633
f 3363/4613 3304/4635 3300/4612
f 3304/4635 3363/4613 3380/4636
f 3442/4614 3380/4636 3363/4613
f 3380/4636 3442/4614 3465/4637
f 3515/4615 3465/4637 3442/4614
f 3465/4637 3515/4615 3550/4638
f 3609/4616 3550/4638 3515/4615
f 3550/4638 3609/4616 3637/4639
f 3661/4617 3637/4639 3609/4616
f 3637/4639 3661/4617 3708/4640
f 3729/4618 3708/4640 3661/4617
f 3708/4640 3729/4618 3769/4641
f 3801/4619 3769/4641 3729/4618
f 3769/4641 3801/4619 3852/4642
f 3866/4620 3852/4642 3801/4619
f 3852/4642 3866/4620 3915/4643
f 3921/4621 3915/4643 3866/4620
f 3915/4643 3921/4621 3993/4644
f 3979/4622 3993/4644 3921/4621
f 3993/4644 3979/4622 4052/4645
f 4042/4623 4052/4645 3979/4622
f 4052/4645 4042/4623 4098/4646
f 4087/4624 4098/4646 4042/4623
f 4098/4646 4087/4624 4155/4647
f 4132/4625 4155/4647 4087/4624
f 4155/4647 4132/4625 4219/4648
f 4195/4626 4219/4648 4132/4625
f 4219/4648 4195/4626 4257/4649
f 4235/4627 4257/4649 4195/4626
f 4257/4649 4235/4627 4312/4650
f 4273/4628 4312/4650 4235/4627
f 4312/4650 4273/4628 4361/4651
f 4320/4629 4361/4651 4273/4628
f 4361/4651 4320/4629 4394/4652
f 4364/4630 4394/4652 4320/4629
f 4394/4652 4364/4630 4437/4653
f 4390/4631 4437/4653 4364/4630
f 4437/4653 4390/4631 4485/4654
f 4523/4655 4390/4631 4427/4632
f 4390/4631 4523/4655 4485/4654
f 4556/4656 4427/4632 4458/4633
f 4427/4632 4556/4656 4523/4655
f 4590/4657 4458/4633 4499/4634
f 4458/4633 4590/4657 4556/4656
f 3380/4636 3320/4658 3304/4635
f 3320/4658 3380/4636 3400/4659
f 3465/4637 3400/4659 3380/4636
f 3400/4659 3465/4637 3493/4660
f 3550/4638 3493/4660 3465/4637
f 3493/4660 3550/4638 3590/4661
f 3637/4639 3590/4661 3550/4638
f 3590/4661 3637/4639 3667/4662
f 3708/4640 3667/4662 3637/4639
f 3667/4662 3708/4640 3745/4663
f 3769/4641 3745/4663 3708/4640
f 3745/4663 3769/4641 3828/4664
f 3852/4642 3828/4664 3769/4641
f 3828/4664 3852/4642 3899/4665
f 3915/4643 3899/4665 3852/4642
f 3899/4665 3915/4643 3971/4666
f 3993/4644 3971/4666 3915/4643
f 3971/4666 3993/4644 4046/4667
f 4052/4645 4046/4667 3993/4644
f 4046/4667 4052/4645 4100/4668
f 4098/4646 4100/4668 4052/4645
f 4100/4668 4098/4646 4168/4669
f 4155/4647 4168/4669 4098/4646
f 4168/4669 4155/4647 4227/4670
f 4219/4648 4227/4670 4155/4647
f 4227/4670 4219/4648 4277/4671
f 4257/4649 4277/4671 4219/4648
f 4277/4671 4257/4649 4340/4672
f 4312/4650 4340/4672 4257/4649
f 4340/4672 4312/4650 4381/4673
f 4361/4651 4381/4673 4312/4650
f 4381/4673 4361/4651 4431/4674
f 4394/4652 4431/4674 4361/4651
f 4431/4674 4394/4652 4479/4675
f 4437/4653 4479/4675 4394/4652
f 4479/4675 4437/4653 4525/4676
f 4485/4654 4525/4676 4437/4653
f 4525/4676 4485/4654 4566/4677
f 4614/4678 4485/4654 4523/4655
f 4485/4654 4614/4678 4566/4677
f 4649/4679 4523/4655 4556/4656
f 4523/4655 4649/4679 4614/4678
f 4677/4680 4556/4656 4590/4657
f 4556/4656 4677/4680 4649/4679
f 3400/4659 3331/4681 3320/4658
f 3331/4681 3400/4659 3423/4682
f 3493/4660 3423/4682 3400/4659
f 3423/4682 3493/4660 3520/4683
f 3590/4661 3520/4683 3493/4660
f 3520/4683 3590/4661 3621/4684
f 3667/4662 3621/4684 3590/4661
f 3621/4684 3667/4662 3704/4685
f 3745/4663 3704/4685 3667/4662
f 3704/4685 3745/4663 3786/4686
f 3828/4664 3786/4686 3745/4663
f 3786/4686 3828/4664 3875/4687
f 3899/4665 3875/4687 3828/4664
f 3875/4687 3899/4665 3947/4688
f 3971/4666 3947/4688 3899/4665
f 3947/4688 3971/4666 4030/4689
f 4046/4667 4030/4689 3971/4666
f 4030/4689 4046/4667 4089/4690
f 4100/4668 4089/4690 4046/4667
f 4089/4690 4100/4668 4162/4691
f 4168/4669 4162/4691 4100/4668
f 4162/4691 4168/4669 4231/4692
f 4227/4670 4231/4692 4168/4669
f 4231/4692 4227/4670 4291/4693
f 4277/4671 4291/4693 4227/4670
f 4291/4693 4277/4671 4351/4694
f 4340/4672 4351/4694 4277/4671
f 4351/4694 4340/4672 4399/4695
f 4381/4673 4399/4695 4340/4672
f 4399/4695 4381/4673 4450/4696
f 4431/4674 4450/4696 4381/4673
f 4450/4696 4431/4674 4506/4697
f 4479/4675 4506/4697 4431/4674
f 4506/4697 4479/4675 4552/4698
f 4525/4676 4552/4698 4479/4675
f 4552/4698 4525/4676 4606/4699
f 4566/4677 4606/4699 4525/4676
f 4606/4699 4566/4677 4653/4700
f 4685/4701 4566/4677 4614/4678
f 4566/4677 4685/4701 4653/4700
f 4715/4702 4614/4678 4649/4679
f 4614/4678 4715/4702 4685/4701
f 4741/4703 4649/4679 4677/4680
f 4649/4679 4741/4703 4715/4702
f 3423/4682 3341/4704 3331/4681
f 3341/4704 3423/4682 3445/4705
f 3520/4683 3445/4705 3423/4682
f 3445/4705 3520/4683 3542/4706
f 3621/4684 3542/4706 3520/4683
f 3542/4706 3621/4684 3649/4707
f 3704/4685 3649/4707 3621/4684
f 3649/4707 3704/4685 3731/4708
f 3786/4686 3731/4708 3704/4685
f 3731/4708 3786/4686 3832/4709
f 3875/4687 3832/4709 3786/4686
f 3832/4709 3875/4687 3911/4710
f 3947/4688 3911/4710 3875/4687
f 3911/4710 3947/4688 4012/4711
f 4030/4689 4012/4711 3947/4688
f 4012/4711 4030/4689 4074/4712
f 4089/4690 4074/4712 4030/4689
f 4074/4712 4089/4690 4145/4713
f 4162/4691 4145/4713 4089/4690
f 4145/4713 4162/4691 4225/4714
f 4231/4692 4225/4714 4162/4691
f 4225/4714 4231/4692 4288/4715
f 4291/4693 4288/4715 4231/4692
f 4288/4715 4291/4693 4355/4716
f 4351/4694 4355/4716 4291/4693
f 4355/4716 4351/4694 4408/4717
f 4399/4695 4408/4717 4351/4694
f 4408/4717 4399/4695 4469/4718
f 4450/4696 4469/4718 4399/4695
f 4469/4718 4450/4696 4527/4719
f 4506/4697 4527/4719 4450/4696
f 4527/4719 4506/4697 4578/4720
f 4552/4698 4578/4720 4506/4697
f 4578/4720 4552/4698 4638/4721
f 4606/4699 4638/4721 4552/4698
f 4638/4721 4606/4699 4673/4722
f 4653/4700 4673/4722 4606/4699
f 4673/4722 4653/4700 4711/4723
f 4747/4724 4653/4700 4685/4701
f 4653/4700 4747/4724 4711/4723
f 4783/4725 4685/4701 4715/4702
f 4685/4701 4783/4725 4747/4724
f 4820/4726 4715/4702 4741/4703
f 4715/4702 4820/4726 4783/4725
f 3445/4705 3353/4727 3341/4704
f 3353/4727 3445/4705 3459/4728
f 3542/4706 3459/4728 3445/4705
f 3459/4728 3542/4706 3572/4729
f 3649/4707 3572/4729 3542/4706
f 3572/4729 3649/4707 3673/4730
f 3731/4708 3673/4730 3649/4707
f 3673/4730 3731/4708 3763/4731
f 3832/4709 3763/4731 3731/4708
f 3763/4731 3832/4709 3871/4732
f 3911/4710 3871/4732 3832/4709
f 3871/4732 3911/4710 3959/4733
f 4012/4711 3959/4733 3911/4710
f 3959/4733 4012/4711 4050/4734
f 4074/4712 4050/4734 4012/4711
f 4050/4734 4074/4712 4115/4735
f 4145/4713 4115/4735 4074/4712
f 4115/4735 4145/4713 4204/4736
f 4225/4714 4204/4736 4145/4713
f 4204/4736 4225/4714 4264/4737
f 4288/4715 4264/4737 4225/4714
f 4264/4737 4288/4715 4348/4738
f 4355/4716 4348/4738 4288/4715
f 4348/4738 4355/4716 4402/4739
f 4408/4717 4402/4739 4355/4716
f 4402/4739 4408/4717 4473/4740
f 4469/4718 4473/4740 4408/4717
f 4473/4740 4469/4718 4534/4741
f 4527/4719 4534/4741 4469/4718
f 4534/4741 4527/4719 4592/4742
f 4578/4720 4592/4742 4527/4719
f 4592/4742 4578/4720 4657/4743
f 4638/4721 4657/4743 4578/4720
f 4657/4743 4638/4721 4691/4744
f 4673/4722 4691/4744 4638/4721
f 4691/4744 4673/4722 4733/4745
f 4711/4723 4733/4745 4673/4722
f 4733/4745 4711/4723 4775/4746
f 4747/4724 4775/4746 4711/4723
f 4775/4746 4747/4724 4810/4747
f 4847/4748 4747/4724 4783/4725
f 4747/4724 4847/4748 4810/4747
f 4889/4749 4783/4725 4820/4726
f 4783/4725 4889/4749 4847/4748
f 3459/4728 3365/4750 3353/4727
f 3365/4750 3459/4728 3477/4751
f 3572/4729 3477/4751 3459/4728
f 3477/4751 3572/4729 3611/4752
f 3673/4730 3611/4752 3572/4729
f 3611/4752 3673/4730 3702/4753
f 3763/4731 3702/4753 3673/4730
f 3702/4753 3763/4731 3812/4754
f 3871/4732 3812/4754 3763/4731
f 3812/4754 3871/4732 3905/4755
f 3959/4733 3905/4755 3871/4732
f 3905/4755 3959/4733 4014/4756
f 4050/4734 4014/4756 3959/4733
f 4014/4756 4050/4734 4081/4757
f 4115/4735 4081/4757 4050/4734
f 4081/4757 4115/4735 4178/4758
f 4204/4736 4178/4758 4115/4735
f 4178/4758 4204/4736 4249/4759
f 4264/4737 4249/4759 4204/4736
f 4249/4759 4264/4737 4324/4760
f 4348/4738 4324/4760 4264/4737
f 4324/4760 4348/4738 4386/4761
f 4402/4739 4386/4761 4348/4738
f 4386/4761 4402/4739 4456/4762
f 4473/4740 4456/4762 4402/4739
f 4456/4762 4473/4740 4532/4763
f 4534/4741 4532/4763 4473/4740
f 4532/4763 4534/4741 4596/4764
f 4592/4742 4596/4764 4534/4741
f 4596/4764 4592/4742 4663/4765
f 4657/4743 4663/4765 4592/4742
f 4663/4765 4657/4743 4701/4766
f 4691/4744 4701/4766 4657/4743
f 4701/4766 4691/4744 4755/4767
f 4733/4745 4755/4767 4691/4744
f 4755/4767 4733/4745 4792/4768
f 4775/4746 4792/4768 4733/4745
f 4792/4768 4775/4746 4830/4769
f 4810/4747 4830/4769 4775/4746
f 4830/4769 4810/4747 4876/4770
f 4915/4771 4810/4747 4847/4748
f 4810/4747 4915/4771 4876/4770
f 4945/4772 4847/4748 4889/4749
f 4847/4748 4945/4772 4915/4771
f 3477/4751 3369/4773 3365/4750
f 3369/4773 3477/4751 3495/4774
f 3611/4752 3495/4774 3477/4751
f 3495/4774 3611/4752 3627/4775
f 3702/4753 3627/4775 3611/4752
f 3627/4775 3702/4753 3725/4776
f 3812/4754 3725/4776 3702/4753
f 3725/4776 3812/4754 3841/4777
f 3905/4755 3841/4777 3812/4754
f 3841/4777 3905/4755 3935/4778
f 4014/4756 3935/4778 3905/4755
f 3935/4778 4014/4756 4040/4779
f 4081/4757 4040/4779 4014/4756
f 4040/4779 4081/4757 4121/4780
f 4178/4758 4121/4780 4081/4757
f 4121/4780 4178/4758 4221/4781
f 4249/4759 4221/4781 4178/4758
f 4221/4781 4249/4759 4295/4782
f 4324/4760 4295/4782 4249/4759
f 4295/4782 4324/4760 4370/4783
f 4386/4761 4370/4783 4324/4760
f 4370/4783 4386/4761 4442/4784
f 4456/4762 4442/4784 4386/4761
f 4442/4784 4456/4762 4521/4785
f 4532/4763 4521/4785 4456/4762
f 4521/4785 4532/4763 4586/4786
f 4596/4764 4586/4786 4532/4763
f 4586/4786 4596/4764 4661/4787
f 4663/4765 4661/4787 4596/4764
f 4661/4787 4663/4765 4705/4788
f 4701/4766 4705/4788 4663/4765
f 4705/4788 4701/4766 4765/4789
f 4755/4767 4765/4789 4701/4766
f 4765/4789 4755/4767 4800/4790
f 4792/4768 4800/4790 4755/4767
f 4800/4790 4792/4768 4849/4791
f 4830/4769 4849/4791 4792/4768
f 4849/4791 4830/4769 4899/4792
f 4876/4770 4899/4792 4830/4769
f 4899/4792 4876/4770 4935/4793
f 4980/4794 4876/4770 4915/4771
f 4876/4770 4980/4794 4935/4793
f 5013/4795 4915/4771 4945/4772
f 4915/4771 5013/4795 4980/4794
f 3495/4774 3388/4796 3369/4773
f 3388/4796 3495/4774 3513/4797
f 3627/4775 3513/4797 3495/4774
f 3513/4797 3627/4775 3645/4798
f 3725/4776 3645/4798 3627/4775
f 3645/4798 3725/4776 3751/4799
f 3841/4777 3751/4799 3725/4776
f 3751/4799 3841/4777 3873/4800
f 3935/4778 3873/4800 3841/4777
f 3873/4800 3935/4778 3973/4801
f 4040/4779 3973/4801 3935/4778
f 3973/4801 4040/4779 4070/4802
f 4121/4780 4070/4802 4040/4779
f 4070/4802 4121/4780 4170/4803
f 4221/4781 4170/4803 4121/4780
f 4170/4803 4221/4781 4255/4804
f 4295/4782 4255/4804 4221/4781
f 4255/4804 4295/4782 4346/4805
f 4370/4783 4346/4805 4295/4782
f 4346/4805 4370/4783 4414/4806
f 4442/4784 4414/4806 4370/4783
f 4414/4806 4442/4784 4501/4807
f 4521/4785 4501/4807 4442/4784
f 4501/4807 4521/4785 4572/4808
f 4586/4786 4572/4808 4521/4785
f 4572/4808 4586/4786 4651/4809
f 4661/4787 4651/4809 4586/4786
f 4651/4809 4661/4787 4697/4810
f 4705/4788 4697/4810 4661/4787
f 4697/4810 4705/4788 4763/4811
f 4765/4789 4763/4811 4705/4788
f 4763/4811 4765/4789 4806/4812
f 4800/4790 4806/4812 4765/4789
f 4806/4812 4800/4790 4863/4813
f 4849/4791 4863/4813 4800/4790
f 4863/4813 4849/4791 4905/4814
f 4899/4792 4905/4814 4849/4791
f 4905/4814 4899/4792 4951/4815
f 4935/4793 4951/4815 4899/4792
f 4951/4815 4935/4793 4991/4816
f 5033/4817 4935/4793 4980/4794
f 4935/4793 5033/4817 4991/4816
f 5082/4818 4980/4794 5013/4795
f 4980/4794 5082/4818 5033/4817
f 3513/4797 3396/4819 3388/4796
f 3396/4819 3513/4797 3532/4820
f 3645/4798 3532/4820 3513/4797
f 3532/4820 3645/4798 3659/4821
f 3751/4799 3659/4821 3645/4798
f 3659/4821 3751/4799 3778/4822
f 3873/4800 3778/4822 3751/4799
f 3778/4822 3873/4800 3897/4823
f 3973/4801 3897/4823 3873/4800
f 3897/4823 3973/4801 4018/4824
f 4070/4802 4018/4824 3973/4801
f 4018/4824 4070/4802 4106/4825
f 4170/4803 4106/4825 4070/4802
f 4106/4825 4170/4803 4208/4826
f 4255/4804 4208/4826 4170/4803
f 4208/4826 4255/4804 4299/4827
f 4346/4805 4299/4827 4255/4804
f 4299/4827 4346/4805 4382/4828
f 4414/4806 4382/4828 4346/4805
f 4382/4828 4414/4806 4465/4829
f 4501/4807 4465/4829 4414/4806
f 4465/4829 4501/4807 4549/4830
f 4572/4808 4549/4830 4501/4807
f 4549/4830 4572/4808 4630/4831
f 4651/4809 4630/4831 4572/4808
f 4630/4831 4651/4809 4689/4832
f 4697/4810 4689/4832 4651/4809
f 4689/4832 4697/4810 4751/4833
f 4763/4811 4751/4833 4697/4810
f 4751/4833 4763/4811 4802/4834
f 4806/4812 4802/4834 4763/4811
f 4802/4834 4806/4812 4865/4835
f 4863/4813 4865/4835 4806/4812
f 4865/4835 4863/4813 4913/4836
f 4905/4814 4913/4836 4863/4813
f 4913/4836 4905/4814 4963/4837
f 4951/4815 4963/4837 4905/4814
f 4963/4837 4951/4815 5005/4838
f 4991/4816 5005/4838 4951/4815
f 5005/4838 4991/4816 5045/4839
f 5033/4817 5045/4839 4991/4816
f 5045/4839 5033/4817 5094/4840
f 5129/4841 5033/4817 5082/4818
f 5033/4817 5129/4841 5094/4840
f 3532/4820 3408/4842 3396/4819
f 3408/4842 3532/4820 3554/4843
f 3659/4821 3554/4843 3532/4820
f 3554/4843 3659/4821 3684/4844
f 3778/4822 3684/4844 3659/4821
f 3684/4844 3778/4822 3817/4845
f 3897/4823 3817/4845 3778/4822
f 3817/4845 3897/4823 3929/4846
f 4018/4824 3929/4846 3897/4823
f 3929/4846 4018/4824 4047/4847
f 4106/4825 4047/4847 4018/4824
f 4047/4847 4106/4825 4138/4848
f 4208/4826 4138/4848 4106/4825
f 4138/4848 4208/4826 4243/4849
f 4299/4827 4243/4849 4208/4826
f 4243/4849 4299/4827 4342/4850
f 4382/4828 4342/4850 4299/4827
f 4342/4850 4382/4828 4421/4851
f 4465/4829 4421/4851 4382/4828
f 4421/4851 4465/4829 4512/4852
f 4549/4830 4512/4852 4465/4829
f 4512/4852 4549/4830 4600/4853
f 4630/4831 4600/4853 4549/4830
f 4600/4853 4630/4831 4669/4854
f 4689/4832 4669/4854 4630/4831
f 4669/4854 4689/4832 4729/4855
f 4751/4833 4729/4855 4689/4832
f 4729/4855 4751/4833 4796/4856
f 4802/4834 4796/4856 4751/4833
f 4796/4856 4802/4834 4853/4857
f 4865/4835 4853/4857 4802/4834
f 4853/4857 4865/4835 4911/4858
f 4913/4836 4911/4858 4865/4835
f 4911/4858 4913/4836 4965/4859
f 4963/4837 4965/4859 4913/4836
f 4965/4859 4963/4837 5011/4860
f 5005/4838 5011/4860 4963/4837
f 5011/4860 5005/4838 5061/4861
f 5045/4839 5061/4861 5005/4838
f 5061/4861 5045/4839 5108/4862
f 5094/4840 5108/4862 5045/4839
f 5108/4862 5094/4840 5145/4863
f 5182/4864 5094/4840 5129/4841
f 5094/4840 5182/4864 5145/4863
f 3554/4843 3421/4865 3408/4842
f 3421/4865 3554/4843 3568/4866
f 3684/4844 3568/4866 3554/4843
f 3568/4866 3684/4844 3706/4867
f 3817/4845 3706/4867 3684/4844
f 3706/4867 3817/4845 3837/4868
f 3929/4846 3837/4868 3817/4845
f 3837/4868 3929/4846 3957/4869
f 4047/4847 3957/4869 3929/4846
f 3957/4869 4047/4847 4068/4870
f 4138/4848 4068/4870 4047/4847
f 4068/4870 4138/4848 4186/4871
f 4243/4849 4186/4871 4138/4848
f 4186/4871 4243/4849 4275/4872
f 4342/4850 4275/4872 4243/4849
f 4275/4872 4342/4850 4373/4873
f 4421/4851 4373/4873 4342/4850
f 4373/4873 4421/4851 4466/4874
f 4512/4852 4466/4874 4421/4851
f 4466/4874 4512/4852 4554/4875
f 4600/4853 4554/4875 4512/4852
f 4554/4875 4600/4853 4647/4876
f 4669/4854 4647/4876 4600/4853
f 4647/4876 4669/4854 4709/4877
f 4729/4855 4709/4877 4669/4854
f 4709/4877 4729/4855 4777/4878
f 4796/4856 4777/4878 4729/4855
f 4777/4878 4796/4856 4832/4879
f 4853/4857 4832/4879 4796/4856
f 4832/4879 4853/4857 4901/4880
f 4911/4858 4901/4880 4853/4857
f 4901/4880 4911/4858 4955/4881
f 4965/4859 4955/4881 4911/4858
f 4955/4881 4965/4859 5009/4882
f 5011/4860 5009/4882 4965/4859
f 5009/4882 5011/4860 5063/4883
f 5061/4861 5063/4883 5011/4860
f 5063/4883 5061/4861 5112/4884
f 5108/4862 5112/4884 5061/4861
f 5112/4884 5108/4862 5153/4885
f 5145/4863 5153/4885 5108/4862
f 5153/4885 5145/4863 5194/4886
f 5229/4887 5145/4863 5182/4864
f 5145/4863 5229/4887 5194/4886
f 3568/4866 3433/4888 3421/4865
f 3433/4888 3568/4866 3594/4889
f 3706/4867 3594/4889 3568/4866
f 3594/4889 3706/4867 3719/4890
f 3837/4868 3719/4890 3706/4867
f 3719/4890 3837/4868 3860/4891
f 3957/4869 3860/4891 3837/4868
f 3860/4891 3957/4869 3995/4892
f 4068/4870 3995/4892 3957/4869
f 3995/4892 4068/4870 4094/4893
f 4186/4871 4094/4893 4068/4870
f 4094/4893 4186/4871 4215/4894
f 4275/4872 4215/4894 4186/4871
f 4215/4894 4275/4872 4314/4895
f 4373/4873 4314/4895 4275/4872
f 4314/4895 4373/4873 4411/4896
f 4466/4874 4411/4896 4373/4873
f 4411/4896 4466/4874 4508/4897
f 4554/4875 4508/4897 4466/4874
f 4508/4897 4554/4875 4602/4898
f 4647/4876 4602/4898 4554/4875
f 4602/4898 4647/4876 4683/4899
f 4709/4877 4683/4899 4647/4876
f 4683/4899 4709/4877 4748/4900
f 4777/4878 4748/4900 4709/4877
f 4748/4900 4777/4878 4818/4901
f 4832/4879 4818/4901 4777/4878
f 4818/4901 4832/4879 4879/4902
f 4901/4880 4879/4902 4832/4879
f 4879/4902 4901/4880 4939/4903
f 4955/4881 4939/4903 4901/4880
f 4939/4903 4955/4881 5001/4904
f 5009/4882 5001/4904 4955/4881
f 5001/4904 5009/4882 5053/4905
f 5063/4883 5053/4905 5009/4882
f 5053/4905 5063/4883 5110/4906
f 5112/4884 5110/4906 5063/4883
f 5110/4906 5112/4884 5157/4907
f 5153/4885 5157/4907 5112/4884
f 5157/4907 5153/4885 5202/4908
f 5194/4886 5202/4908 5153/4885
f 5202/4908 5194/4886 5238/4909
f 5229/4887 5238/4909 5194/4886
f 5238/4909 5229/4887 5272/4910
f 3594/4889 3449/4911 3433/4888
f 3449/4911 3594/4889 3613/4912
f 3719/4890 3613/4912 3594/4889
f 3613/4912 3719/4890 3743/4913
f 3860/4891 3743/4913 3719/4890
f 3743/4913 3860/4891 3883/4914
f 3995/4892 3883/4914 3860/4891
f 3883/4914 3995/4892 4020/4915
f 4094/4893 4020/4915 3995/4892
f 4020/4915 4094/4893 4123/4916
f 4215/4894 4123/4916 4094/4893
f 4123/4916 4215/4894 4241/4917
f 4314/4895 4241/4917 4215/4894
f 4241/4917 4314/4895 4353/4918
f 4411/4896 4353/4918 4314/4895
f 4353/4918 4411/4896 4444/4919
f 4508/4897 4444/4919 4411/4896
f 4444/4919 4508/4897 4541/4920
f 4602/4898 4541/4920 4508/4897
f 4541/4920 4602/4898 4645/4921
f 4683/4899 4645/4921 4602/4898
f 4645/4921 4683/4899 4713/4922
f 4748/4900 4713/4922 4683/4899
f 4713/4922 4748/4900 4785/4923
f 4818/4901 4785/4923 4748/4900
f 4785/4923 4818/4901 4855/4924
f 4879/4902 4855/4924 4818/4901
f 4855/4924 4879/4902 4919/4925
f 4939/4903 4919/4925 4879/4902
f 4919/4925 4939/4903 4987/4926
f 5001/4904 4987/4926 4939/4903
f 4987/4926 5001/4904 5041/4927
f 5053/4905 5041/4927 5001/4904
f 5041/4927 5053/4905 5102/4928
f 5110/4906 5102/4928 5053/4905
f 5102/4928 5110/4906 5149/4929
f 5157/4907 5149/4929 5110/4906
f 5149/4929 5157/4907 5200/4930
f 5202/4908 5200/4930 5157/4907
f 5200/4930 5202/4908 5242/4931
f 5238/4909 5242/4931 5202/4908
f 5242/4931 5238/4909 5281/4932
f 5272/4910 5281/4932 5238/4909
f 5281/4932 5272/4910 5316/4933
f 3613/4912 3457/4934 3449/4911
f 3457/4934 3613/4912 3622/4935
f 3743/4913 3622/4935 3613/4912
f 3622/4935 3743/4913 3757/4936
f 3883/4914 3757/4936 3743/4913
f 3757/4936 3883/4914 3903/4937
f 4020/4915 3903/4937 3883/4914
f 3903/4937 4020/4915 4038/4938
f 4123/4916 4038/4938 4020/4915
f 4038/4938 4123/4916 4153/4939
f 4241/4917 4153/4939 4123/4916
f 4153/4939 4241/4917 4261/4940
f 4353/4918 4261/4940 4241/4917
f 4261/4940 4353/4918 4377/4941
f 4444/4919 4377/4941 4353/4918
f 4377/4941 4444/4919 4483/4942
f 4541/4920 4483/4942 4444/4919
f 4483/4942 4541/4920 4580/4943
f 4645/4921 4580/4943 4541/4920
f 4580/4943 4645/4921 4671/4944
f 4713/4922 4671/4944 4645/4921
f 4671/4944 4713/4922 4745/4945
f 4785/4923 4745/4945 4713/4922
f 4745/4945 4785/4923 4822/4946
f 4855/4924 4822/4946 4785/4923
f 4822/4946 4855/4924 4895/4947
f 4919/4925 4895/4947 4855/4924
f 4895/4947 4919/4925 4961/4948
f 4987/4926 4961/4948 4919/4925
f 4961/4948 4987/4926 5019/4949
f 5041/4927 5019/4949 4987/4926
f 5019/4949 5041/4927 5086/4950
f 5102/4928 5086/4950 5041/4927
f 5086/4950 5102/4928 5143/4951
f 5149/4929 5143/4951 5102/4928
f 5143/4951 5149/4929 5188/4952
f 5200/4930 5188/4952 5149/4929
f 5188/4952 5200/4930 5236/4953
f 5242/4931 5236/4953 5200/4930
f 5236/4953 5242/4931 5283/4954
f 5281/4932 5283/4954 5242/4931
f 5283/4954 5281/4932 5325/4955
f 5316/4933 5325/4955 5281/4932
f 5325/4955 5316/4933 5352/4956
f 3622/4935 3463/4957 3457/4934
f 3463/4957 3622/4935 3635/4958
f 3757/4936 3635/4958 3622/4935
f 3635/4958 3757/4936 3773/4959
f 3903/4937 3773/4959 3757/4936
f 3773/4959 3903/4937 3925/4960
f 4038/4938 3925/4960 3903/4937
f 3925/4960 4038/4938 4058/4961
f 4153/4939 4058/4961 4038/4938
f 4058/4961 4153/4939 4192/4962
f 4261/4940 4192/4962 4153/4939
f 4192/4962 4261/4940 4301/4963
f 4377/4941 4301/4963 4261/4940
f 4301/4963 4377/4941 4406/4964
f 4483/4942 4406/4964 4377/4941
f 4406/4964 4483/4942 4514/4965
f 4580/4943 4514/4965 4483/4942
f 4514/4965 4580/4943 4626/4966
f 4671/4944 4626/4966 4580/4943
f 4626/4966 4671/4944 4703/4967
f 4745/4945 4703/4967 4671/4944
f 4703/4967 4745/4945 4781/4968
f 4822/4946 4781/4968 4745/4945
f 4781/4968 4822/4946 4859/4969
f 4895/4947 4859/4969 4822/4946
f 4859/4969 4895/4947 4931/4970
f 4961/4948 4931/4970 4895/4947
f 4931/4970 4961/4948 4999/4971
f 5019/4949 4999/4971 4961/4948
f 4999/4971 5019/4949 5065/4972
f 5086/4950 5065/4972 5019/4949
f 5065/4972 5086/4950 5125/4973
f 5143/4951 5125/4973 5086/4950
f 5125/4973 5143/4951 5180/4974
f 5188/4952 5180/4974 5143/4951
f 5180/4974 5188/4952 5224/4975
f 5236/4953 5224/4975 5188/4952
f 5224/4975 5236/4953 5274/4976
f 5283/4954 5274/4976 5236/4953
f 5274/4976 5283/4954 5320/4977
f 5325/4955 5320/4977 5283/4954
f 5320/4977 5325/4955 5355/4978
f 5352/4956 5355/4978 5325/4955
f 5355/4978 5352/4956 5394/4979
f 3635/4958 3473/4980 3463/4957
f 3473/4980 3635/4958 3647/4981
f 3773/4959 3647/4981 3635/4958
f 3647/4981 3773/4959 3802/4982
f 3925/4960 3802/4982 3773/4959
f 3802/4982 3925/4960 3939/4983
f 4058/4961 3939/4983 3925/4960
f 3939/4983 4058/4961 4076/4984
f 4192/4962 4076/4984 4058/4961
f 4076/4984 4192/4962 4210/4985
f 4301/4963 4210/4985 4192/4962
f 4210/4985 4301/4963 4329/4986
f 4406/4964 4329/4986 4301/4963
f 4329/4986 4406/4964 4433/4987
f 4514/4965 4433/4987 4406/4964
f 4433/4987 4514/4965 4545/4988
f 4626/4966 4545/4988 4514/4965
f 4545/4988 4626/4966 4659/4989
f 4703/4967 4659/4989 4626/4966
f 4659/4989 4703/4967 4727/4990
f 4781/4968 4727/4990 4703/4967
f 4727/4990 4781/4968 4808/4991
f 4859/4969 4808/4991 4781/4968
f 4808/4991 4859/4969 4893/4992
f 4931/4970 4893/4992 4859/4969
f 4893/4992 4931/4970 4971/4993
f 4999/4971 4971/4993 4931/4970
f 4971/4993 4999/4971 5029/4994
f 5065/4972 5029/4994 4999/4971
f 5029/4994 5065/4972 5096/4995
f 5125/4973 5096/4995 5065/4972
f 5096/4995 5125/4973 5165/4996
f 5180/4974 5165/4996 5125/4973
f 5165/4996 5180/4974 5210/4997
f 5224/4975 5210/4997 5180/4974
f 5210/4997 5224/4975 5262/4998
f 5274/4976 5262/4998 5224/4975
f 5262/4998 5274/4976 5306/4999
f 5320/4977 5306/4999 5274/4976
f 5306/4999 5320/4977 5348/5000
f 5355/4978 5348/5000 5320/4977
f 5348/5000 5355/4978 5392/5001
f 5394/4979 5392/5001 5355/4978
f 5392/5001 5394/4979 5422/5002
f 3647/4981 3485/5003 3473/4980
f 3485/5003 3647/4981 3653/5004
f 3802/4982 3653/5004 3647/4981
f 3653/5004 3802/4982 3819/5005
f 3939/4983 3819/5005 3802/4982
f 3819/5005 3939/4983 3963/5006
f 4076/4984 3963/5006 3939/4983
f 3963/5006 4076/4984 4096/5007
f 4210/4985 4096/5007 4076/4984
f 4096/5007 4210/4985 4233/5008
f 4329/4986 4233/5008 4210/4985
f 4233/5008 4329/4986 4359/5009
f 4433/4987 4359/5009 4329/4986
f 4359/5009 4433/4987 4462/5010
f 4545/4988 4462/5010 4433/4987
f 4462/5010 4545/4988 4576/5011
f 4659/4989 4576/5011 4545/4988
f 4576/5011 4659/4989 4679/5012
f 4727/4990 4679/5012 4659/4989
f 4679/5012 4727/4990 4767/5013
f 4808/4991 4767/5013 4727/4990
f 4767/5013 4808/4991 4838/5014
f 4893/4992 4838/5014 4808/4991
f 4838/5014 4893/4992 4921/5015
f 4971/4993 4921/5015 4893/4992
f 4921/5015 4971/4993 4995/5016
f 5029/4994 4995/5016 4971/4993
f 4995/5016 5029/4994 5071/5017
f 5096/4995 5071/5017 5029/4994
f 5071/5017 5096/4995 5133/5018
f 5165/4996 5133/5018 5096/4995
f 5133/5018 5165/4996 5190/5019
f 5210/4997 5190/5019 5165/4996
f 5190/5019 5210/4997 5254/5020
f 5262/4998 5254/5020 5210/4997
f 5254/5020 5262/4998 5294/5021
f 5306/4999 5294/5021 5262/4998
f 5294/5021 5306/4999 5340/5022
f 5348/5000 5340/5022 5306/4999
f 5340/5022 5348/5000 5381/5023
f 5392/5001 5381/5023 5348/5000
f 5381/5023 5392/5001 5420/5024
f 5422/5002 5420/5024 5392/5001
f 5420/5024 5422/5002 5459/5025
f 3653/5004 3491/5026 3485/5003
f 3491/5026 3653/5004 3669/5027
f 3819/5005 3669/5027 3653/5004
f 3669/5027 3819/5005 3834/5028
f 3963/5006 3834/5028 3819/5005
f 3834/5028 3963/5006 3989/5029
f 4096/5007 3989/5029 3963/5006
f 3989/5029 4096/5007 4116/5030
f 4233/5008 4116/5030 4096/5007
f 4116/5030 4233/5008 4253/5031
f 4359/5009 4253/5031 4233/5008
f 4253/5031 4359/5009 4375/5032
f 4462/5010 4375/5032 4359/5009
f 4375/5032 4462/5010 4497/5033
f 4576/5011 4497/5033 4462/5010
f 4497/5033 4576/5011 4612/5034
f 4679/5012 4612/5034 4576/5011
f 4612/5034 4679/5012 4699/5035
f 4767/5013 4699/5035 4679/5012
f 4699/5035 4767/5013 4787/5036
f 4838/5014 4787/5036 4767/5013
f 4787/5036 4838/5014 4874/5037
f 4921/5015 4874/5037 4838/5014
f 4874/5037 4921/5015 4949/5038
f 4995/5016 4949/5038 4921/5015
f 4949/5038 4995/5016 5021/5039
f 5071/5017 5021/5039 4995/5016
f 5021/5039 5071/5017 5097/5040
f 5133/5018 5097/5040 5071/5017
f 5097/5040 5133/5018 5174/5041
f 5190/5019 5174/5041 5133/5018
f 5174/5041 5190/5019 5220/5042
f 5254/5020 5220/5042 5190/5019
f 5220/5042 5254/5020 5277/5043
f 5294/5021 5277/5043 5254/5020
f 5277/5043 5294/5021 5328/5044
f 5340/5022 5328/5044 5294/5021
f 5328/5044 5340/5022 5367/5045
f 5381/5023 5367/5045 5340/5022
f 5367/5045 5381/5023 5412/5046
f 5420/5024 5412/5046 5381/5023
f 5412/5046 5420/5024 5453/5047
f 5479/5048 5420/5024 5459/5025
f 5420/5024 5479/5048 5453/5047
f 3669/5027 3497/5049 3491/5026
f 3497/5049 3669/5027 3676/5050
f 3834/5028 3676/5050 3669/5027
f 3676/5050 3834/5028 3843/5051
f 3989/5029 3843/5051 3834/5028
f 3843/5051 3989/5029 4016/5052
f 4116/5030 4016/5052 3989/5029
f 4016/5052 4116/5030 4134/5053
f 4253/5031 4134/5053 4116/5030
f 4134/5053 4253/5031 4269/5054
f 4375/5032 4269/5054 4253/5031
f 4269/5054 4375/5032 4392/5055
f 4497/5033 4392/5055 4375/5032
f 4392/5055 4497/5033 4519/5056
f 4612/5034 4519/5056 4497/5033
f 4519/5056 4612/5034 4643/5057
f 4699/5035 4643/5057 4612/5034
f 4643/5057 4699/5035 4723/5058
f 4699/5035 4787/5036 4723/5058
f 4814/5059 4723/5058 4787/5036
f 4874/5037 4814/5059 4787/5036
f 4814/5059 4874/5037 4903/5060
f 4949/5038 4903/5060 4874/5037
f 4903/5060 4949/5038 4985/5061
f 5021/5039 4985/5061 4949/5038
f 4985/5061 5021/5039 5055/5062
f 5097/5040 5055/5062 5021/5039
f 5055/5062 5097/5040 5127/5063
f 5174/5041 5127/5063 5097/5040
f 5127/5063 5174/5041 5192/5064
f 5220/5042 5192/5064 5174/5041
f 5192/5064 5220/5042 5258/5065
f 5277/5043 5258/5065 5220/5042
f 5258/5065 5277/5043 5304/5066
f 5328/5044 5304/5066 5277/5043
f 5304/5066 5328/5044 5350/5067
f 5367/5045 5350/5067 5328/5044
f 5350/5067 5367/5045 5400/5068
f 5412/5046 5400/5068 5367/5045
f 5400/5068 5412/5046 5438/5069
f 5453/5047 5438/5069 5412/5046
f 5438/5069 5453/5047 5473/5070
f 5510/5071 5453/5047 5479/5048
f 5453/5047 5510/5071 5473/5070
f 3676/5050 3501/5072 3497/5049
f 3501/5072 3676/5050 3690/5073
f 3843/5051 3690/5073 3676/5050
f 3690/5073 3843/5051 3862/5074
f 4016/5052 3862/5074 3843/5051
f 3862/5074 4016/5052 4024/5075
f 4134/5053 4024/5075 4016/5052
f 4024/5075 4134/5053 4160/5076
f 4269/5054 4160/5076 4134/5053
f 4160/5076 4269/5054 4297/5077
f 4392/5055 4297/5077 4269/5054
f 4297/5077 4392/5055 4418/5078
f 4519/5056 4418/5078 4392/5055
f 4418/5078 4519/5056 4539/5079
f 4643/5057 4539/5079 4519/5056
f 4539/5079 4643/5057 4665/5080
f 4723/5058 4665/5080 4643/5057
f 4665/5080 4723/5058 4761/5081
f 4814/5059 4761/5081 4723/5058
f 4761/5081 4814/5059 4834/5082
f 4903/5060 4834/5082 4814/5059
f 4834/5082 4903/5060 4925/5083
f 4985/5061 4925/5083 4903/5060
f 4925/5083 4985/5061 5007/5084
f 5055/5062 5007/5084 4985/5061
f 5007/5084 5055/5062 5088/5085
f 5127/5063 5088/5085 5055/5062
f 5088/5085 5127/5063 5159/5086
f 5192/5064 5159/5086 5127/5063
f 5159/5086 5192/5064 5216/5087
f 5258/5065 5216/5087 5192/5064
f 5216/5087 5258/5065 5279/5088
f 5304/5066 5279/5088 5258/5065
f 5279/5088 5304/5066 5336/5089
f 5350/5067 5336/5089 5304/5066
f 5336/5089 5350/5067 5377/5090
f 5400/5068 5377/5090 5350/5067
f 5377/5090 5400/5068 5424/5091
f 5438/5069 5424/5091 5400/5068
f 5424/5091 5438/5069 5463/5092
f 5473/5070 5463/5092 5438/5069
f 5463/5092 5473/5070 5502/5093
f 5528/5094 5473/5070 5510/5071
f 5473/5070 5528/5094 5502/5093
f 3690/5073 3517/5095 3501/5072
f 3517/5095 3690/5073 3700/5096
f 3862/5074 3700/5096 3690/5073
f 3700/5096 3862/5074 3878/5097
f 4024/5075 3878/5097 3862/5074
f 3878/5097 4024/5075 4036/5098
f 4160/5076 4036/5098 4024/5075
f 4036/5098 4160/5076 4188/5099
f 4297/5077 4188/5099 4160/5076
f 4188/5099 4297/5077 4316/5100
f 4418/5078 4316/5100 4297/5077
f 4316/5100 4418/5078 4439/5101
f 4539/5079 4439/5101 4418/5078
f 4439/5101 4539/5079 4568/5102
f 4665/5080 4568/5102 4539/5079
f 4568/5102 4665/5080 4681/5103
f 4761/5081 4681/5103 4665/5080
f 4681/5103 4761/5081 4773/5104
f 4834/5082 4773/5104 4761/5081
f 4773/5104 4834/5082 4870/5105
f 4925/5083 4870/5105 4834/5082
f 4870/5105 4925/5083 4947/5106
f 5007/5084 4947/5106 4925/5083
f 4947/5106 5007/5084 5031/5107
f 5088/5085 5031/5107 5007/5084
f 5031/5107 5088/5085 5114/5108
f 5159/5086 5114/5108 5088/5085
f 5114/5108 5159/5086 5184/5109
f 5216/5087 5184/5109 5159/5086
f 5184/5109 5216/5087 5252/5110
f 5279/5088 5252/5110 5216/5087
f 5252/5110 5279/5088 5300/5111
f 5336/5089 5300/5111 5279/5088
f 5300/5111 5336/5089 5357/5112
f 5377/5090 5357/5112 5336/5089
f 5357/5112 5377/5090 5408/5113
f 5424/5091 5408/5113 5377/5090
f 5408/5113 5424/5091 5451/5114
f 5463/5092 5451/5114 5424/5091
f 5451/5114 5463/5092 5485/5115
f 5518/5116 5463/5092 5502/5093
f 5463/5092 5518/5116 5485/5115
f 5557/5117 5502/5093 5528/5094
f 5502/5093 5557/5117 5518/5116
f 3700/5096 3526/5118 3517/5095
f 3526/5118 3700/5096 3710/5119
f 3878/5097 3710/5119 3700/5096
f 3710/5119 3878/5097 3889/5120
f 4036/5098 3889/5120 3878/5097
f 3889/5120 4036/5098 4054/5121
f 4188/5099 4054/5121 4036/5098
f 4054/5121 4188/5099 4198/5122
f 4316/5100 4198/5122 4188/5099
f 4198/5122 4316/5100 4338/5123
f 4439/5101 4338/5123 4316/5100
f 4338/5123 4439/5101 4454/5124
f 4568/5102 4454/5124 4439/5101
f 4454/5124 4568/5102 4587/5125
f 4681/5103 4587/5125 4568/5102
f 4587/5125 4681/5103 4695/5126
f 4773/5104 4695/5126 4681/5103
f 4695/5126 4773/5104 4793/5127
f 4870/5105 4793/5127 4773/5104
f 4793/5127 4870/5105 4891/5128
f 4947/5106 4891/5128 4870/5105
f 4891/5128 4947/5106 4978/5129
f 5031/5107 4978/5129 4947/5106
f 4978/5129 5031/5107 5057/5130
f 5114/5108 5057/5130 5031/5107
f 5057/5130 5114/5108 5135/5131
f 5184/5109 5135/5131 5114/5108
f 5135/5131 5184/5109 5206/5132
f 5252/5110 5206/5132 5184/5109
f 5206/5132 5252/5110 5266/5133
f 5300/5111 5266/5133 5252/5110
f 5266/5133 5300/5111 5332/5134
f 5357/5112 5332/5134 5300/5111
f 5332/5134 5357/5112 5375/5135
f 5408/5113 5375/5135 5357/5112
f 5375/5135 5408/5113 5428/5136
f 5451/5114 5428/5136 5408/5113
f 5428/5136 5451/5114 5469/5137
f 5485/5115 5469/5137 5451/5114
f 5469/5137 5485/5115 5508/5138
f 5540/5139 5485/5115 5518/5116
f 5485/5115 5540/5139 5508/5138
f 5571/5140 5518/5116 5557/5117
f 5518/5116 5571/5140 5540/5139
f 3710/5119 3530/5141 3526/5118
f 3530/5141 3710/5119 3717/5142
f 3889/5120 3717/5142 3710/5119
f 3717/5142 3889/5120 3895/5143
f 4054/5121 3895/5143 3889/5120
f 3895/5143 4054/5121 4060/5144
f 4198/5122 4060/5144 4054/5121
f 4060/5144 4198/5122 4217/5145
f 4338/5123 4217/5145 4198/5122
f 4217/5145 4338/5123 4357/5146
f 4454/5124 4357/5146 4338/5123
f 4357/5146 4454/5124 4487/5147
f 4587/5125 4487/5147 4454/5124
f 4487/5147 4587/5125 4620/5148
f 4695/5126 4620/5148 4587/5125
f 4620/5148 4695/5126 4719/5149
f 4793/5127 4719/5149 4695/5126
f 4719/5149 4793/5127 4812/5150
f 4891/5128 4812/5150 4793/5127
f 4812/5150 4891/5128 4906/5151
f 4978/5129 4906/5151 4891/5128
f 4906/5151 4978/5129 4996/5152
f 5057/5130 4996/5152 4978/5129
f 4996/5152 5057/5130 5084/5153
f 5135/5131 5084/5153 5057/5130
f 5084/5153 5135/5131 5163/5154
f 5206/5132 5163/5154 5135/5131
f 5163/5154 5206/5132 5222/5155
f 5266/5133 5222/5155 5206/5132
f 5222/5155 5266/5133 5292/5156
f 5332/5134 5292/5156 5266/5133
f 5292/5156 5332/5134 5344/5157
f 5375/5135 5344/5157 5332/5134
f 5344/5157 5375/5135 5404/5158
f 5428/5136 5404/5158 5375/5135
f 5404/5158 5428/5136 5449/5159
f 5469/5137 5449/5159 5428/5136
f 5449/5159 5469/5137 5487/5160
f 5508/5138 5487/5160 5469/5137
f 5487/5160 5508/5138 5524/5161
f 5563/5162 5508/5138 5540/5139
f 5508/5138 5563/5162 5524/5161
f 5594/5163 5540/5139 5571/5140
f 5540/5139 5594/5163 5563/5162
f 3717/5142 3538/5164 3530/5141
f 3538/5164 3717/5142 3727/5165
f 3895/5143 3727/5165 3717/5142
f 3727/5165 3895/5143 3909/5166
f 4060/5144 3909/5166 3895/5143
f 3909/5166 4060/5144 4072/5167
f 4217/5145 4072/5167 4060/5144
f 4072/5167 4217/5145 4229/5168
f 4357/5146 4229/5168 4217/5145
f 4229/5168 4357/5146 4366/5169
f 4487/5147 4366/5169 4357/5146
f 4366/5169 4487/5147 4503/5170
f 4620/5148 4503/5170 4487/5147
f 4503/5170 4620/5148 4636/5171
f 4719/5149 4636/5171 4620/5148
f 4636/5171 4719/5149 4731/5172
f 4812/5150 4731/5172 4719/5149
f 4731/5172 4812/5150 4826/5173
f 4906/5151 4826/5173 4812/5150
f 4826/5173 4906/5151 4928/5174
f 4996/5152 4928/5174 4906/5151
f 4928/5174 4996/5152 5015/5175
f 5084/5153 5015/5175 4996/5152
f 5015/5175 5084/5153 5104/5176
f 5163/5154 5104/5176 5084/5153
f 5104/5176 5163/5154 5178/5177
f 5222/5155 5178/5177 5163/5154
f 5178/5177 5222/5155 5256/5178
f 5292/5156 5256/5178 5222/5155
f 5256/5178 5292/5156 5310/5179
f 5344/5157 5310/5179 5292/5156
f 5310/5179 5344/5157 5365/5180
f 5404/5158 5365/5180 5344/5157
f 5365/5180 5404/5158 5418/5181
f 5449/5159 5418/5181 5404/5158
f 5418/5181 5449/5159 5465/5182
f 5487/5160 5465/5182 5449/5159
f 5465/5182 5487/5160 5506/5183
f 5524/5161 5506/5183 5487/5160
f 5506/5183 5524/5161 5544/5184
f 5579/5185 5524/5161 5563/5162
f 5524/5161 5579/5185 5544/5184
f 5606/5186 5563/5162 5594/5163
f 5563/5162 5606/5186 5579/5185
f 3727/5165 3540/5187 3538/5164
f 3540/5187 3727/5165 3733/5188
f 3909/5166 3733/5188 3727/5165
f 3733/5188 3909/5166 3917/5189
f 4072/5167 3917/5189 3909/5166
f 3917/5189 4072/5167 4083/5190
f 4229/5168 4083/5190 4072/5167
f 4083/5190 4229/5168 4239/5191
f 4366/5169 4239/5191 4229/5168
f 4239/5191 4366/5169 4379/5192
f 4503/5170 4379/5192 4366/5169
f 4379/5192 4503/5170 4516/5193
f 4636/5171 4516/5193 4503/5170
f 4516/5193 4636/5171 4655/5194
f 4731/5172 4655/5194 4636/5171
f 4655/5194 4731/5172 4759/5195
f 4826/5173 4759/5195 4731/5172
f 4759/5195 4826/5173 4845/5196
f 4928/5174 4845/5196 4826/5173
f 4845/5196 4928/5174 4941/5197
f 5015/5175 4941/5197 4928/5174
f 4941/5197 5015/5175 5035/5198
f 5104/5176 5035/5198 5015/5175
f 5035/5198 5104/5176 5121/5199
f 5178/5177 5121/5199 5104/5176
f 5121/5199 5178/5177 5198/5200
f 5256/5178 5198/5200 5178/5177
f 5198/5200 5256/5178 5264/5201
f 5310/5179 5264/5201 5256/5178
f 5264/5201 5310/5179 5334/5202
f 5365/5180 5334/5202 5310/5179
f 5334/5202 5365/5180 5387/5203
f 5418/5181 5387/5203 5365/5180
f 5387/5203 5418/5181 5436/5204
f 5465/5182 5436/5204 5418/5181
f 5436/5204 5465/5182 5481/5205
f 5506/5183 5481/5205 5465/5182
f 5481/5205 5506/5183 5520/5206
f 5561/5207 5506/5183 5544/5184
f 5506/5183 5561/5207 5520/5206
f 5596/5208 5544/5184 5579/5185
f 5544/5184 5596/5208 5561/5207
f 5622/5209 5579/5185 5606/5186
f 5579/5185 5622/5209 5596/5208
f 3733/5188 3552/5210 3540/5187
f 3552/5210 3733/5188 3746/5211
f 3917/5189 3746/5211 3733/5188
f 3746/5211 3917/5189 3931/5212
f 4083/5190 3931/5212 3917/5189
f 3931/5212 4083/5190 4091/5213
f 4239/5191 4091/5213 4083/5190
f 4091/5213 4239/5191 4251/5214
f 4379/5192 4251/5214 4239/5191
f 4251/5214 4379/5192 4388/5215
f 4516/5193 4388/5215 4379/5192
f 4388/5215 4516/5193 4536/5216
f 4655/5194 4536/5216 4516/5193
f 4536/5216 4655/5194 4667/5217
f 4759/5195 4667/5217 4655/5194
f 4667/5217 4759/5195 4769/5218
f 4845/5196 4769/5218 4759/5195
f 4769/5218 4845/5196 4872/5219
f 4941/5197 4872/5219 4845/5196
f 4872/5219 4941/5197 4967/5220
f 5035/5198 4967/5220 4941/5197
f 4967/5220 5035/5198 5051/5221
f 5121/5199 5051/5221 5035/5198
f 5051/5221 5121/5199 5139/5222
f 5198/5200 5139/5222 5121/5199
f 5139/5222 5198/5200 5214/5223
f 5264/5201 5214/5223 5198/5200
f 5214/5223 5264/5201 5288/5224
f 5334/5202 5288/5224 5264/5201
f 5288/5224 5334/5202 5342/5225
f 5387/5203 5342/5225 5334/5202
f 5342/5225 5387/5203 5406/5226
f 5436/5204 5406/5226 5387/5203
f 5406/5226 5436/5204 5455/5227
f 5481/5205 5455/5227 5436/5204
f 5455/5227 5481/5205 5497/5228
f 5520/5206 5497/5228 5481/5205
f 5497/5228 5520/5206 5536/5229
f 5573/5230 5520/5206 5561/5207
f 5520/5206 5573/5230 5536/5229
f 5604/5231 5561/5207 5596/5208
f 5561/5207 5604/5231 5573/5230
f 5635/5232 5596/5208 5622/5209
f 5596/5208 5635/5232 5604/5231
f 3746/5211 3558/5233 3552/5210
f 3558/5233 3746/5211 3749/5234
f 3931/5212 3749/5234 3746/5211
f 3749/5234 3931/5212 3933/5235
f 4091/5213 3933/5235 3931/5212
f 3933/5235 4091/5213 4102/5236
f 4251/5214 4102/5236 4091/5213
f 4102/5236 4251/5214 4259/5237
f 4388/5215 4259/5237 4251/5214
f 4259/5237 4388/5215 4404/5238
f 4536/5216 4404/5238 4388/5215
f 4404/5238 4536/5216 4547/5239
f 4667/5217 4547/5239 4536/5216
f 4547/5239 4667/5217 4675/5240
f 4769/5218 4675/5240 4667/5217
f 4675/5240 4769/5218 4779/5241
f 4872/5219 4779/5241 4769/5218
f 4779/5241 4872/5219 4881/5242
f 4967/5220 4881/5242 4872/5219
f 4881/5242 4967/5220 4983/5243
f 5051/5221 4983/5243 4967/5220
f 4983/5243 5051/5221 5078/5244
f 5139/5222 5078/5244 5051/5221
f 5078/5244 5139/5222 5155/5245
f 5214/5223 5155/5245 5139/5222
f 5155/5245 5214/5223 5231/5246
f 5288/5224 5231/5246 5214/5223
f 5231/5246 5288/5224 5298/5247
f 5342/5225 5298/5247 5288/5224
f 5298/5247 5342/5225 5361/5248
f 5406/5226 5361/5248 5342/5225
f 5361/5248 5406/5226 5414/5249
f 5455/5227 5414/5249 5406/5226
f 5414/5249 5455/5227 5467/5250
f 5497/5228 5467/5250 5455/5227
f 5467/5250 5497/5228 5514/5251
f 5536/5229 5514/5251 5497/5228
f 5514/5251 5536/5229 5555/5252
f 5592/5253 5536/5229 5573/5230
f 5536/5229 5592/5253 5555/5252
f 5618/5254 5573/5230 5604/5231
f 5573/5230 5618/5254 5592/5253
f 5643/5255 5604/5231 5635/5232
f 5604/5231 5643/5255 5618/5254
f 3749/5234 3561/5256 3558/5233
f 3561/5256 3749/5234 3755/5257
f 3933/5235 3755/5257 3749/5234
f 3755/5257 3933/5235 3945/5258
f 4102/5236 3945/5258 3933/5235
f 3945/5258 4102/5236 4113/5259
f 4259/5237 4113/5259 4102/5236
f 4113/5259 4259/5237 4270/5260
f 4404/5238 4270/5260 4259/5237
f 4270/5260 4404/5238 4415/5261
f 4547/5239 4415/5261 4404/5238
f 4415/5261 4547/5239 4559/5262
f 4675/5240 4559/5262 4547/5239
f 4559/5262 4675/5240 4687/5263
f 4779/5241 4687/5263 4675/5240
f 4687/5263 4779/5241 4789/5264
f 4881/5242 4789/5264 4779/5241
f 4789/5264 4881/5242 4897/5265
f 4983/5243 4897/5265 4881/5242
f 4897/5265 4983/5243 4989/5266
f 5078/5244 4989/5266 4983/5243
f 4989/5266 5078/5244 5090/5267
f 5155/5245 5090/5267 5078/5244
f 5090/5267 5155/5245 5176/5268
f 5231/5246 5176/5268 5155/5245
f 5176/5268 5231/5246 5250/5269
f 5298/5247 5250/5269 5231/5246
f 5250/5269 5298/5247 5312/5270
f 5361/5248 5312/5270 5298/5247
f 5312/5270 5361/5248 5371/5271
f 5414/5249 5371/5271 5361/5248
f 5371/5271 5414/5249 5430/5272
f 5467/5250 5430/5272 5414/5249
f 5430/5272 5467/5250 5477/5273
f 5514/5251 5477/5273 5467/5250
f 5477/5273 5514/5251 5522/5274
f 5555/5252 5522/5274 5514/5251
f 5522/5274 5555/5252 5567/5275
f 5600/5276 5555/5252 5592/5253
f 5555/5252 5600/5276 5567/5275
f 5631/5277 5592/5253 5618/5254
f 5592/5253 5631/5277 5600/5276
f 5658/5278 5618/5254 5643/5255
f 5618/5254 5658/5278 5631/5277
f 3755/5257 3566/5279 3561/5256
f 3566/5279 3755/5257 3761/5280
f 3945/5258 3761/5280 3755/5257
f 3761/5280 3945/5258 3955/5281
f 4113/5259 3955/5281 3945/5258
f 3955/5281 4113/5259 4119/5282
f 4270/5260 4119/5282 4113/5259
f 4119/5282 4270/5260 4286/5283
f 4415/5261 4286/5283 4270/5260
f 4286/5283 4415/5261 4429/5284
f 4559/5262 4429/5284 4415/5261
f 4429/5284 4559/5262 4570/5285
f 4687/5263 4570/5285 4559/5262
f 4570/5285 4687/5263 4693/5286
f 4789/5264 4693/5286 4687/5263
f 4693/5286 4789/5264 4798/5287
f 4897/5265 4798/5287 4789/5264
f 4798/5287 4897/5265 4909/5288
f 4989/5266 4909/5288 4897/5265
f 4909/5288 4989/5266 5003/5289
f 5090/5267 5003/5289 4989/5266
f 5003/5289 5090/5267 5100/5290
f 5176/5268 5100/5290 5090/5267
f 5100/5290 5176/5268 5186/5291
f 5250/5269 5186/5291 5176/5268
f 5186/5291 5250/5269 5260/5292
f 5312/5270 5260/5292 5250/5269
f 5260/5292 5312/5270 5330/5293
f 5371/5271 5330/5293 5312/5270
f 5330/5293 5371/5271 5390/5294
f 5430/5272 5390/5294 5371/5271
f 5390/5294 5430/5272 5442/5295
f 5477/5273 5442/5295 5430/5272
f 5442/5295 5477/5273 5491/5296
f 5522/5274 5491/5296 5477/5273
f 5491/5296 5522/5274 5532/5297
f 5567/5275 5532/5297 5522/5274
f 5532/5297 5567/5275 5577/5298
f 5610/5299 5567/5275 5600/5276
f 5567/5275 5610/5299 5577/5298
f 5639/5300 5600/5276 5631/5277
f 5600/5276 5639/5300 5610/5299
f 5662/5301 5631/5277 5658/5278
f 5631/5277 5662/5301 5639/5300
f 3761/5280 3570/5302 3566/5279
f 3570/5302 3761/5280 3765/5303
f 3955/5281 3765/5303 3761/5280
f 3765/5303 3955/5281 3961/5304
f 4119/5282 3961/5304 3955/5281
f 3961/5304 4119/5282 4128/5305
f 4286/5283 4128/5305 4119/5282
f 4128/5305 4286/5283 4293/5306
f 4429/5284 4293/5306 4286/5283
f 4293/5306 4429/5284 4435/5307
f 4570/5285 4435/5307 4429/5284
f 4435/5307 4570/5285 4582/5308
f 4693/5286 4582/5308 4570/5285
f 4582/5308 4693/5286 4707/5309
f 4798/5287 4707/5309 4693/5286
f 4707/5309 4798/5287 4816/5310
f 4909/5288 4816/5310 4798/5287
f 4816/5310 4909/5288 4917/5311
f 5003/5289 4917/5311 4909/5288
f 4917/5311 5003/5289 5017/5312
f 5100/5290 5017/5312 5003/5289
f 5017/5312 5100/5290 5115/5313
f 5186/5291 5115/5313 5100/5290
f 5115/5313 5186/5291 5196/5314
f 5260/5292 5196/5314 5186/5291
f 5196/5314 5260/5292 5268/5315
f 5330/5293 5268/5315 5260/5292
f 5268/5315 5330/5293 5338/5316
f 5390/5294 5338/5316 5330/5293
f 5338/5316 5390/5294 5402/5317
f 5442/5295 5402/5317 5390/5294
f 5402/5317 5442/5295 5457/5318
f 5491/5296 5457/5318 5442/5295
f 5457/5318 5491/5296 5504/5319
f 5532/5297 5504/5319 5491/5296
f 5504/5319 5532/5297 5549/5320
f 5577/5298 5549/5320 5532/5297
f 5549/5320 5577/5298 5585/5321
f 5616/5322 5577/5298 5610/5299
f 5577/5298 5616/5322 5585/5321
f 5645/5323 5610/5299 5639/5300
f 5610/5299 5645/5323 5616/5322
f 5668/5324 5639/5300 5662/5301
f 5639/5300 5668/5324 5645/5323
f 3765/5303 3578/5325 3570/5302
f 3578/5325 3765/5303 3770/5326
f 3961/5304 3770/5326 3765/5303
f 3770/5326 3961/5304 3967/5327
f 4128/5305 3967/5327 3961/5304
f 3967/5327 4128/5305 4136/5328
f 4293/5306 4136/5328 4128/5305
f 4136/5328 4293/5306 4303/5329
f 4435/5307 4303/5329 4293/5306
f 4303/5329 4435/5307 4448/5330
f 4582/5308 4448/5330 4435/5307
f 4448/5330 4582/5308 4594/5331
f 4707/5309 4594/5331 4582/5308
f 4594/5331 4707/5309 4717/5332
f 4816/5310 4717/5332 4707/5309
f 4717/5332 4816/5310 4824/5333
f 4917/5311 4824/5333 4816/5310
f 4824/5333 4917/5311 4933/5334
f 5017/5312 4933/5334 4917/5311
f 4933/5334 5017/5312 5023/5335
f 5115/5313 5023/5335 5017/5312
f 5023/5335 5115/5313 5123/5336
f 5196/5314 5123/5336 5115/5313
f 5123/5336 5196/5314 5207/5337
f 5268/5315 5207/5337 5196/5314
f 5207/5337 5268/5315 5284/5338
f 5338/5316 5284/5338 5268/5315
f 5284/5338 5338/5316 5346/5339
f 5402/5317 5346/5339 5338/5316
f 5346/5339 5402/5317 5410/5340
f 5457/5318 5410/5340 5402/5317
f 5410/5340 5457/5318 5461/5341
f 5504/5319 5461/5341 5457/5318
f 5461/5341 5504/5319 5512/5342
f 5549/5320 5512/5342 5504/5319
f 5512/5342 5549/5320 5559/5343
f 5585/5321 5559/5343 5549/5320
f 5559/5343 5585/5321 5598/5344
f 5629/5345 5585/5321 5616/5322
f 5585/5321 5629/5345 5598/5344
f 5656/5346 5616/5322 5645/5323
f 5616/5322 5656/5346 5629/5345
f 5674/5347 5645/5323 5668/5324
f 5645/5323 5674/5347 5656/5346
f 3770/5326 3583/5348 3578/5325
f 3583/5348 3770/5326 3779/5349
f 3967/5327 3779/5349 3770/5326
f 3779/5349 3967/5327 3975/5350
f 4136/5328 3975/5350 3967/5327
f 3975/5350 4136/5328 4147/5351
f 4303/5329 4147/5351 4136/5328
f 4147/5351 4303/5329 4310/5352
f 4448/5330 4310/5352 4303/5329
f 4310/5352 4448/5330 4452/5353
f 4594/5331 4452/5353 4448/5330
f 4452/5353 4594/5331 4608/5354
f 4717/5332 4608/5354 4594/5331
f 4608/5354 4717/5332 4721/5355
f 4824/5333 4721/5355 4717/5332
f 4721/5355 4824/5333 4828/5356
f 4933/5334 4828/5356 4824/5333
f 4828/5356 4933/5334 4937/5357
f 5023/5335 4937/5357 4933/5334
f 4937/5357 5023/5335 5037/5358
f 5123/5336 5037/5358 5023/5335
f 5037/5358 5123/5336 5131/5359
f 5207/5337 5131/5359 5123/5336
f 5131/5359 5207/5337 5212/5360
f 5284/5338 5212/5360 5207/5337
f 5212/5360 5284/5338 5290/5361
f 5346/5339 5290/5361 5284/5338
f 5290/5361 5346/5339 5359/5362
f 5410/5340 5359/5362 5346/5339
f 5359/5362 5410/5340 5416/5363
f 5461/5341 5416/5363 5410/5340
f 5416/5363 5461/5341 5471/5364
f 5512/5342 5471/5364 5461/5341
f 5471/5364 5512/5342 5516/5365
f 5559/5343 5516/5365 5512/5342
f 5516/5365 5559/5343 5565/5366
f 5602/5367 5559/5343 5598/5344
f 5559/5343 5602/5367 5565/5366
f 5633/5368 5598/5344 5629/5345
f 5598/5344 5633/5368 5602/5367
f 5660/5369 5629/5345 5656/5346
f 5629/5345 5660/5369 5633/5368
f 5705/5370 5656/5346 5674/5347
f 5656/5346 5705/5370 5660/5369
f 3779/5349 3588/5371 3583/5348
f 3588/5371 3779/5349 3784/5372
f 3975/5350 3784/5372 3779/5349
f 3784/5372 3975/5350 3977/5373
f 4147/5351 3977/5373 3975/5350
f 3977/5373 4147/5351 4149/5374
f 4310/5352 4149/5374 4147/5351
f 4149/5374 4310/5352 4318/5375
f 4452/5353 4318/5375 4310/5352
f 4318/5375 4452/5353 4460/5376
f 4608/5354 4460/5376 4452/5353
f 4460/5376 4608/5354 4622/5377
f 4721/5355 4622/5377 4608/5354
f 4622/5377 4721/5355 4725/5378
f 4828/5356 4725/5378 4721/5355
f 4725/5378 4828/5356 4836/5379
f 4937/5357 4836/5379 4828/5356
f 4836/5379 4937/5357 4943/5380
f 5037/5358 4943/5380 4937/5357
f 4943/5380 5037/5358 5043/5381
f 5131/5359 5043/5381 5037/5358
f 5043/5381 5131/5359 5141/5382
f 5212/5360 5141/5382 5131/5359
f 5141/5382 5212/5360 5218/5383
f 5290/5361 5218/5383 5212/5360
f 5218/5383 5290/5361 5296/5384
f 5359/5362 5296/5384 5290/5361
f 5296/5384 5359/5362 5363/5385
f 5416/5363 5363/5385 5359/5362
f 5363/5385 5416/5363 5426/5386
f 5471/5364 5426/5386 5416/5363
f 5426/5386 5471/5364 5475/5387
f 5516/5365 5475/5387 5471/5364
f 5475/5387 5516/5365 5526/5388
f 5565/5366 5526/5388 5516/5365
f 5526/5388 5565/5366 5569/5389
f 5608/5390 5565/5366 5602/5367
f 5565/5366 5608/5390 5569/5389
f 5637/5391 5602/5367 5633/5368
f 5602/5367 5637/5391 5608/5390
f 5664/5392 5633/5368 5660/5369
f 5633/5368 5664/5392 5637/5391
f 5708/5393 5660/5369 5705/5370
f 5660/5369 5708/5393 5664/5392
f 3784/5372 3591/5394 3588/5371
f 3591/5394 3784/5372 3788/5395
f 3977/5373 3788/5395 3784/5372
f 3788/5395 3977/5373 3997/5396
f 4149/5374 3997/5396 3977/5373
f 3997/5396 4149/5374 4157/5397
f 4318/5375 4157/5397 4149/5374
f 4157/5397 4318/5375 4322/5398
f 4460/5376 4322/5398 4318/5375
f 4322/5398 4460/5376 4475/5399
f 4622/5377 4475/5399 4460/5376
f 4475/5399 4622/5377 4624/5400
f 4725/5378 4624/5400 4622/5377
f 4624/5400 4725/5378 4735/5401
f 4836/5379 4735/5401 4725/5378
f 4735/5401 4836/5379 4843/5402
f 4943/5380 4843/5402 4836/5379
f 4843/5402 4943/5380 4953/5403
f 5043/5381 4953/5403 4943/5380
f 4953/5403 5043/5381 5049/5404
f 5141/5382 5049/5404 5043/5381
f 5049/5404 5141/5382 5147/5405
f 5218/5383 5147/5405 5141/5382
f 5147/5405 5218/5383 5226/5406
f 5296/5384 5226/5406 5218/5383
f 5226/5406 5296/5384 5302/5407
f 5363/5385 5302/5407 5296/5384
f 5302/5407 5363/5385 5368/5408
f 5426/5386 5368/5408 5363/5385
f 5368/5408 5426/5386 5432/5409
f 5475/5387 5432/5409 5426/5386
f 5432/5409 5475/5387 5483/5410
f 5526/5388 5483/5410 5475/5387
f 5483/5410 5526/5388 5530/5411
f 5569/5389 5530/5411 5526/5388
f 5530/5411 5569/5389 5575/5412
f 5612/5413 5569/5389 5608/5390
f 5569/5389 5612/5413 5575/5412
f 5641/5414 5608/5390 5637/5391
f 5608/5390 5641/5414 5612/5413
f 5666/5415 5637/5391 5664/5392
f 5637/5391 5666/5415 5641/5414
f 5710/5416 5664/5392 5708/5393
f 5664/5392 5710/5416 5666/5415
f 3788/5395 3598/5417 3591/5394
f 3598/5417 3788/5395 3792/5418
f 3997/5396 3792/5418 3788/5395
f 3792/5418 3997/5396 4001/5419
f 4157/5397 4001/5419 3997/5396
f 4001/5419 4157/5397 4164/5420
f 4322/5398 4164/5420 4157/5397
f 4164/5420 4322/5398 4327/5421
f 4475/5399 4327/5421 4322/5398
f 4327/5421 4475/5399 4477/5422
f 4624/5400 4477/5422 4475/5399
f 4477/5422 4624/5400 4628/5423
f 4735/5401 4628/5423 4624/5400
f 4628/5423 4735/5401 4737/5424
f 4843/5402 4737/5424 4735/5401
f 4737/5424 4843/5402 4851/5425
f 4953/5403 4851/5425 4843/5402
f 4851/5425 4953/5403 4957/5426
f 5049/5404 4957/5426 4953/5403
f 4957/5426 5049/5404 5059/5427
f 5147/5405 5059/5427 5049/5404
f 5059/5427 5147/5405 5151/5428
f 5226/5406 5151/5428 5147/5405
f 5151/5428 5226/5406 5233/5429
f 5302/5407 5233/5429 5226/5406
f 5233/5429 5302/5407 5307/5430
f 5368/5408 5307/5430 5302/5407
f 5307/5430 5368/5408 5373/5431
f 5432/5409 5373/5431 5368/5408
f 5373/5431 5432/5409 5434/5432
f 5483/5410 5434/5432 5432/5409
f 5434/5432 5483/5410 5489/5433
f 5530/5411 5489/5433 5483/5410
f 5489/5433 5530/5411 5534/5434
f 5575/5412 5534/5434 5530/5411
f 5534/5434 5575/5412 5581/5435
f 5614/5436 5575/5412 5612/5413
f 5575/5412 5614/5436 5581/5435
f 5647/5437 5612/5413 5641/5414
f 5612/5413 5647/5437 5614/5436
f 5670/5438 5641/5414 5666/5415
f 5641/5414 5670/5438 5647/5437
f 5712/5439 5666/5415 5710/5416
f 5666/5415 5712/5439 5670/5438
f 3792/5418 3600/5440 3598/5417
f 3600/5440 3792/5418 3797/5441
f 4001/5419 3797/5441 3792/5418
f 3797/5441 4001/5419 4005/5442
f 4164/5420 4005/5442 4001/5419
f 4005/5442 4164/5420 4166/5443
f 4327/5421 4166/5443 4164/5420
f 4166/5443 4327/5421 4331/5444
f 4477/5422 4331/5444 4327/5421
f 4331/5444 4477/5422 4481/5445
f 4628/5423 4481/5445 4477/5422
f 4481/5445 4628/5423 4632/5446
f 4737/5424 4632/5446 4628/5423
f 4632/5446 4737/5424 4739/5447
f 4851/5425 4739/5447 4737/5424
f 4739/5447 4851/5425 4857/5448
f 4957/5426 4857/5448 4851/5425
f 4857/5448 4957/5426 4969/5449
f 5059/5427 4969/5449 4957/5426
f 4969/5449 5059/5427 5067/5450
f 5151/5428 5067/5450 5059/5427
f 5067/5450 5151/5428 5161/5451
f 5233/5429 5161/5451 5151/5428
f 5161/5451 5233/5429 5240/5452
f 5307/5430 5240/5452 5233/5429
f 5240/5452 5307/5430 5313/5453
f 5373/5431 5313/5453 5307/5430
f 5313/5453 5373/5431 5379/5454
f 5434/5432 5379/5454 5373/5431
f 5379/5454 5434/5432 5440/5455
f 5489/5433 5440/5455 5434/5432
f 5440/5455 5489/5433 5493/5456
f 5534/5434 5493/5456 5489/5433
f 5493/5456 5534/5434 5538/5457
f 5581/5435 5538/5457 5534/5434
f 5538/5457 5581/5435 5583/5458
f 5620/5459 5581/5435 5614/5436
f 5581/5435 5620/5459 5583/5458
f 5649/5460 5614/5436 5647/5437
f 5614/5436 5649/5460 5620/5459
f 5672/5461 5647/5437 5670/5438
f 5647/5437 5672/5461 5649/5460
f 5714/5462 5670/5438 5712/5439
f 5670/5438 5714/5462 5672/5461
f 3797/5441 3602/5463 3600/5440
f 3602/5463 3797/5441 3799/5464
f 4005/5442 3799/5464 3797/5441
f 3799/5464 4005/5442 4007/5465
f 4166/5443 4007/5465 4005/5442
f 4007/5465 4166/5443 4176/5466
f 4331/5444 4176/5466 4166/5443
f 4176/5466 4331/5444 4333/5467
f 4481/5445 4333/5467 4331/5444
f 4333/5467 4481/5445 4489/5468
f 4632/5446 4489/5468 4481/5445
f 4489/5468 4632/5446 4634/5469
f 4739/5447 4634/5469 4632/5446
f 4634/5469 4739/5447 4743/5470
f 4857/5448 4743/5470 4739/5447
f 4743/5470 4857/5448 4861/5471
f 4969/5449 4861/5471 4857/5448
f 4861/5471 4969/5449 4973/5472
f 5067/5450 4973/5472 4969/5449
f 4973/5472 5067/5450 5069/5473
f 5161/5451 5069/5473 5067/5450
f 5069/5473 5161/5451 5167/5474
f 5240/5452 5167/5474 5161/5451
f 5167/5474 5240/5452 5245/5475
f 5313/5453 5245/5475 5240/5452
f 5245/5475 5313/5453 5318/5476
f 5379/5454 5318/5476 5313/5453
f 5318/5476 5379/5454 5383/5477
f 5440/5455 5383/5477 5379/5454
f 5383/5477 5440/5455 5444/5478
f 5493/5456 5444/5478 5440/5455
f 5444/5478 5493/5456 5495/5479
f 5538/5457 5495/5479 5493/5456
f 5495/5479 5538/5457 5542/5480
f 5583/5458 5542/5480 5538/5457
f 5542/5480 5583/5458 5587/5481
f 5624/5482 5583/5458 5620/5459
f 5583/5458 5624/5482 5587/5481
f 5651/5483 5620/5459 5649/5460
f 5620/5459 5651/5483 5624/5482
f 5676/5484 5649/5460 5672/5461
f 5649/5460 5676/5484 5651/5483
f 5716/5485 5672/5461 5714/5462
f 5672/5461 5716/5485 5676/5484
f 3799/5464 3604/5486 3602/5463
f 3604/5486 3799/5464 3805/5487
f 4007/5465 3805/5487 3799/5464
f 3805/5487 4007/5465 4009/5488
f 4176/5466 4009/5488 4007/5465
f 4009/5488 4176/5466 4180/5489
f 4333/5467 4180/5489 4176/5466
f 4180/5489 4333/5467 4335/5490
f 4489/5468 4335/5490 4333/5467
f 4335/5490 4489/5468 4491/5491
f 4634/5469 4491/5491 4489/5468
f 4491/5491 4634/5469 4640/5492
f 4743/5470 4640/5492 4634/5469
f 4640/5492 4743/5470 4753/5493
f 4861/5471 4753/5493 4743/5470
f 4753/5493 4861/5471 4867/5494
f 4973/5472 4867/5494 4861/5471
f 4867/5494 4973/5472 4975/5495
f 5069/5473 4975/5495 4973/5472
f 4975/5495 5069/5473 5075/5496
f 5167/5474 5075/5496 5069/5473
f 5075/5496 5167/5474 5171/5497
f 5245/5475 5171/5497 5167/5474
f 5171/5497 5245/5475 5247/5498
f 5318/5476 5247/5498 5245/5475
f 5247/5498 5318/5476 5322/5499
f 5383/5477 5322/5499 5318/5476
f 5322/5499 5383/5477 5385/5500
f 5444/5478 5385/5500 5383/5477
f 5385/5500 5444/5478 5446/5501
f 5495/5479 5446/5501 5444/5478
f 5446/5501 5495/5479 5499/5502
f 5542/5480 5499/5502 5495/5479
f 5499/5502 5542/5480 5546/5503
f 5587/5481 5546/5503 5542/5480
f 5546/5503 5587/5481 5589/5504
f 5626/5505 5587/5481 5624/5482
f 5587/5481 5626/5505 5589/5504
f 5653/5506 5624/5482 5651/5483
f 5624/5482 5653/5506 5626/5505
f 5678/5507 5651/5483 5676/5484
f 5651/5483 5678/5507 5653/5506
f 5718/5508 5676/5484 5716/5485
f 5676/5484 5718/5508 5678/5507
f 3805/5487 3606/909 3604/5486
f 3606/909 3805/5487 3807/912
f 4009/5488 3807/912 3805/5487
f 3807/912 4009/5488 4011/914
f 4180/5489 4011/914 4009/5488
f 4011/914 4180/5489 4182/916
f 4335/5490 4182/916 4180/5489
f 4182/916 4335/5490 4337/918
f 4491/5491 4337/918 4335/5490
f 4337/918 4491/5491 4493/920
f 4640/5492 4493/920 4491/5491
f 4493/920 4640/5492 4642/922
f 4753/5493 4642/922 4640/5492
f 4642/922 4753/5493 4757/924
f 4867/5494 4757/924 4753/5493
f 4757/924 4867/5494 4869/926
f 4975/5495 4869/926 4867/5494
f 4869/926 4975/5495 4977/928
f 5075/5496 4977/928 4975/5495
f 4977/928 5075/5496 5077/930
f 5171/5497 5077/930 5075/5496
f 5077/930 5171/5497 5173/932
f 5247/5498 5173/932 5171/5497
f 5173/932 5247/5498 5249/934
f 5322/5499 5249/934 5247/5498
f 5249/934 5322/5499 5324/936
f 5385/5500 5324/936 5322/5499
f 5324/936 5385/5500 5388/938
f 5446/5501 5388/938 5385/5500
f 5388/938 5446/5501 5448/940
f 5499/5502 5448/940 5446/5501
f 5448/940 5499/5502 5501/942
f 5546/5503 5501/942 5499/5502
f 5501/942 5546/5503 5548/944
f 5589/5504 5548/944 5546/5503
f 5548/944 5589/5504 5591/946
f 5628/947 5589/5504 5626/5505
f 5589/5504 5628/947 5591/946
f 5655/950 5626/5505 5653/5506
f 5626/5505 5655/950 5628/947
f 5680/952 5653/5506 5678/5507
f 5653/5506 5680/952 5655/950
f 5720/954 5678/5507 5718/5508
f 5678/5507 5720/954 5680/952
f 3604/5486 3600/5440 3602/5463
f 3604/5486 3598/5417 3600/5440
f 3604/5486 3606/909 3605/911
f 3604/5486 3591/5394 3598/5417
f 3604/5486 3588/5371 3591/5394
f 3604/5486 3583/5348 3588/5371
f 3604/5486 3578/5325 3583/5348
f 3604/5486 3570/5302 3578/5325
f 3604/5486 3566/5279 3570/5302
f 3604/5486 3561/5256 3566/5279
f 3604/5486 3558/5233 3561/5256
f 3604/5486 3552/5210 3558/5233
f 3604/5486 3540/5187 3552/5210
f 3604/5486 3538/5164 3540/5187
f 3604/5486 3530/5141 3538/5164
f 3604/5486 3526/5118 3530/5141
f 3604/5486 3517/5095 3526/5118
f 3604/5486 3501/5072 3517/5095
f 3604/5486 3497/5049 3501/5072
f 3604/5486 3491/5026 3497/5049
f 3604/5486 3485/5003 3491/5026
f 3604/5486 3473/4980 3485/5003
f 3604/5486 3463/4957 3473/4980
f 3604/5486 3457/4934 3463/4957
f 3604/5486 3449/4911 3457/4934
f 3604/5486 3433/4888 3449/4911
f 3604/5486 3421/4865 3433/4888
f 3604/5486 3408/4842 3421/4865
f 3604/5486 3396/4819 3408/4842
f 3604/5486 3388/4796 3396/4819
f 3604/5486 3369/4773 3388/4796
f 3604/5486 3365/4750 3369/4773
f 3604/5486 3353/4727 3365/4750
f 3604/5486 3341/4704 3353/4727
f 3604/5486 3331/4681 3341/4704
f 3604/5486 3320/4658 3331/4681
f 3604/5486 3304/4635 3320/4658
f 3604/5486 3300/4612 3304/4635
f 3604/5486 3282/4589 3300/4612
f 3604/5486 3268/4566 3282/4589
f 3604/5486 3257/4543 3268/4566
f 3604/5486 3244/4520 3257/4543
f 3604/5486 3231/4497 3244/4520
f 3604/5486 3219/4474 3231/4497
f 3604/5486 3209/4451 3219/4474
f 3604/5486 3201/4428 3209/4451
f 3604/5486 3193/4405 3201/4428
f 3604/5486 3188/4383 3193/4405
f 3604/5486 3154/4360 3188/4383
f 3604/5486 3121/4337 3154/4360
f 3604/5486 3116/4314 3121/4337
f 3604/5486 3108/4291 3116/4314
f 3604/5486 3098/4268 3108/4291
f 3604/5486 3086/4245 3098/4268
f 3604/5486 3075/4222 3086/4245
f 3604/5486 3063/4199 3075/4222
f 3604/5486 3049/4176 3063/4199
f 3604/5486 3039/4153 3049/4176
f 3604/5486 3023/4130 3039/4153
f 3604/5486 3007/4107 3023/4130
f 3604/5486 3002/4084 3007/4107
f 3604/5486 2986/4061 3002/4084
f 3604/5486 2978/4038 2986/4061
f 3604/5486 2950/4015 2978/4038
f 3604/5486 2936/3992 2950/4015
f 3604/5486 2920/3969 2936/3992
f 3604/5486 2916/3946 2920/3969
f 3604/5486 2898/3923 2916/3946
f 3604/5486 2892/3900 2898/3923
f 3604/5486 2880/3877 2892/3900
f 3604/5486 2868/3854 2880/3877
f 3604/5486 2856/3831 2868/3854
f 3604/5486 2846/3808 2856/3831
f 3604/5486 2838/3785 2846/3808
f 3604/5486 2832/3762 2838/3785
f 3604/5486 2822/3739 2832/3762
f 3604/5486 2812/3716 2822/3739
f 3604/5486 2804/3693 2812/3716
f 3604/5486 2798/3670 2804/3693
f 3604/5486 2794/3647 2798/3670
f 3604/5486 2778/3624 2794/3647
f 3604/5486 2769/3601 2778/3624
f 3604/5486 2764/3578 2769/3601
f 3604/5486 2756/3555 2764/3578
f 3604/5486 2750/3532 2756/3555
f 3604/5486 2738/3509 2750/3532
f 3604/5486 2732/3486 2738/3509
f 3604/5486 2730/3463 2732/3486
f 3604/5486 2724/3440 2730/3463
f 3604/5486 2720/3417 2724/3440
f 3604/5486 2712/3394 2720/3417
f 3604/5486 2707/3371 2712/3394
f 3604/5486 2700/3348 2707/3371
f 3604/5486 2698/3325 2700/3348
f 3604/5486 2690/3302 2698/3325
f 3604/5486 2688/3279 2690/3302
f 3604/5486 2686/3256 2688/3279
f 3604/5486 2684/3233 2686/3256
f 2685/3186 2683/3209 2684/3233
f 3601/979 3604/5486 3603/956
f 3605/911 3603/956 3604/5486
f 3599/1002 3604/5486 3601/979
f 3592/1025 3604/5486 3599/1002
f 3589/1048 3604/5486 3592/1025
f 3584/1071 3604/5486 3589/1048
f 3579/1094 3604/5486 3584/1071
f 3571/1117 3604/5486 3579/1094
f 3567/1140 3604/5486 3571/1117
f 3562/1163 3604/5486 3567/1140
f 3559/1186 3604/5486 3562/1163
f 3553/1209 3604/5486 3559/1186
f 3541/1232 3604/5486 3553/1209
f 3539/1255 3604/5486 3541/1232
f 3531/1278 3604/5486 3539/1255
f 3527/1301 3604/5486 3531/1278
f 3518/1324 3604/5486 3527/1301
f 3502/1347 3604/5486 3518/1324
f 3498/1370 3604/5486 3502/1347
f 3492/1393 3604/5486 3498/1370
f 3486/1416 3604/5486 3492/1393
f 3474/1439 3604/5486 3486/1416
f 3464/1462 3604/5486 3474/1439
f 3458/1485 3604/5486 3464/1462
f 3450/1508 3604/5486 3458/1485
f 3434/1531 3604/5486 3450/1508
f 3422/1554 3604/5486 3434/1531
f 3409/1577 3604/5486 3422/1554
f 3397/1600 3604/5486 3409/1577
f 3389/1623 3604/5486 3397/1600
f 3370/1646 3604/5486 3389/1623
f 3366/1669 3604/5486 3370/1646
f 3354/1692 3604/5486 3366/1669
f 3342/1715 3604/5486 3354/1692
f 3332/1738 3604/5486 3342/1715
f 3321/1761 3604/5486 3332/1738
f 3305/1784 3604/5486 3321/1761
f 3301/1807 3604/5486 3305/1784
f 3283/1830 3604/5486 3301/1807
f 3269/1853 3604/5486 3283/1830
f 3258/1876 3604/5486 3269/1853
f 3245/1899 3604/5486 3258/1876
f 3232/1922 3604/5486 3245/1899
f 3220/1945 3604/5486 3232/1922
f 3210/1968 3604/5486 3220/1945
f 3202/1991 3604/5486 3210/1968
f 3194/2014 3604/5486 3202/1991
f 3189/2037 3604/5486 3194/2014
f 3155/2060 3604/5486 3189/2037
f 3122/2082 3604/5486 3155/2060
f 3117/2105 3604/5486 3122/2082
f 3109/2128 3604/5486 3117/2105
f 3099/2151 3604/5486 3109/2128
f 3087/2174 3604/5486 3099/2151
f 3076/2197 3604/5486 3087/2174
f 3064/2220 3604/5486 3076/2197
f 3050/2243 3604/5486 3064/2220
f 3040/2266 3604/5486 3050/2243
f 3024/2289 3604/5486 3040/2266
f 3008/2312 3604/5486 3024/2289
f 3003/2335 3604/5486 3008/2312
f 2987/2358 3604/5486 3003/2335
f 2979/2381 3604/5486 2987/2358
f 2951/2404 3604/5486 2979/2381
f 2937/2427 3604/5486 2951/2404
f 2921/2450 3604/5486 2937/2427
f 2917/2473 3604/5486 2921/2450
f 2899/2496 3604/5486 2917/2473
f 2893/2519 3604/5486 2899/2496
f 2881/2542 3604/5486 2893/2519
f 2869/2565 3604/5486 2881/2542
f 2857/2588 3604/5486 2869/2565
f 2847/2611 3604/5486 2857/2588
f 2839/2634 3604/5486 2847/2611
f 2833/2657 3604/5486 2839/2634
f 2823/2680 3604/5486 2833/2657
f 2813/2703 3604/5486 2823/2680
f 2805/2726 3604/5486 2813/2703
f 2799/2749 3604/5486 2805/2726
f 2795/2772 3604/5486 2799/2749
f 2779/2795 3604/5486 2795/2772
f 2770/2818 3604/5486 2779/2795
f 2765/2841 3604/5486 2770/2818
f 2757/2864 3604/5486 2765/2841
f 2751/2887 3604/5486 2757/2864
f 2739/2910 3604/5486 2751/2887
f 2733/2933 3604/5486 2739/2910
f 2731/2956 3604/5486 2733/2933
f 2725/2979 3604/5486 2731/2956
f 2721/3002 3604/5486 2725/2979
f 2713/3025 3604/5486 2721/3002
f 2708/3048 3604/5486 2713/3025
f 2701/3071 3604/5486 2708/3048
f 2699/3094 3604/5486 2701/3071
f 2691/3117 3604/5486 2699/3094
f 2689/3140 3604/5486 2691/3117
f 2687/3163 3604/5486 2689/3140
f 2685/3186 3604/5486 2687/3163
f 2684/3233 3604/5486 2685/3186
f 1739/5965 4283/5966 1740/5967
f 4284/5968 1740/5967 4283/5966
f 4280/5825 4281/5826 4285/5827
f 4283/5829 4282/5832 4280/5825
f 4285/5827 4284/5831 4283/5829
f 4285/5827 4283/5829 4280/5825
f 4248/5828 4285/5827 4281/5826
f 4281/5826 4247/5830 4248/5828
f 4131/5833 4248/5828 4247/5830
f 4247/5830 4130/5834 4131/5833
f 3944/5835 4131/5833 4130/5834
f 4130/5834 3943/5836 3944/5835
f 3944/5835 3943/5836 3671/5837
f 3671/5837 3672/5838 3944/5835
f 3672/5969 3671/5970 3322/5971
f 3322/5971 3323/5972 3672/5969
f 3988/6326 3187/6327 3185/6328
f 3988/6326 3185/6328 3124/6329
f 3106/6330 3952/6331 3924/6332
f 3237/6333 2670/6334 2419/6335
f 3187/6327 3988/6326 3106/6330
f 3952/6331 3106/6330 3988/6326
f 3482/6336 2419/6335 2397/6337
f 3988/6326 3124/6329 3987/6338
f 2670/6334 3237/6333 2977/6339
f 2419/6335 3482/6336 3237/6333
f 3482/6336 2397/6337 2568/6340
f 3986/6341 2755/6342 2705/6343
f 2947/6344 3986/6341 3084/6345
f 2807/6346 3697/6347 2568/6340
f 3482/6336 2568/6340 3697/6347
f 2993/6348 3840/6349 2807/6346
f 3697/6347 2807/6346 3840/6349
f 2626/6350 2031/6351 2789/6352
f 3840/6349 2993/6348 3028/6353
f 3092/6354 3084/6345 3986/6341
f 3986/6341 2947/6344 2755/6342
f 2925/6355 2935/6356 2005/6357
f 3809/6358 3985/6359 2705/6343
f 3986/6341 2705/6343 3985/6359
f 2002/6360 2601/6361 2003/6362
f 2104/6363 2431/6364 2238/6365
f 2031/6351 2626/6350 2104/6363
f 2431/6364 2104/6363 2626/6350
f 2005/6357 2789/6352 2031/6351
f 2935/6356 2887/6366 2005/6357
f 2789/6352 2005/6357 2887/6366
f 2582/6367 2753/6368 2005/6357
f 2865/6369 2925/6355 2005/6357
f 2753/6368 2865/6369 2005/6357
f 2389/6370 2582/6367 2005/6357
f 2202/6371 2389/6370 2005/6357
f 2004/6372 2202/6371 2005/6357
f 2264/6373 2033/6374 2601/6361
f 2514/6375 2264/6373 2601/6361
f 2033/6374 2003/6362 2601/6361
f 2538/6376 2514/6375 2601/6361
f 2601/6361 3306/6377 2538/6376
f 3306/6377 3506/6378 2538/6376
f 3291/6209 2616/6210 2331/6211
f 5697 5698 5732
f 5733 5732 5698
f 482 483 515
f 516 515 483
f 2616/6210 3291/6209 2976/6212
f 3616/6213 2975/6214 3236/6215
f 2331/6211 3616/6213 3291/6209
f 2669/6216 2975/6214 2331/6211
f 3616/6213 2331/6211 2975/6214
f 2418/6217 2669/6216 2331/6211
f 2109/6218 2418/6217 2331/6211
f 3616/6213 3481/6219 3855/6220
f 2237/6221 2396/6222 2109/6218
f 2418/6217 2109/6218 2396/6222
f 1959/6223 2237/6221 2109/6218
f 1842/6224 2001/6225 2030/6226
f 3855/6220 3696/6227 4033/6228
f 1874/6229 2103/6230 1959/6223
f 2237/6221 1959/6223 2103/6230
f 1842/6224 2030/6226 1874/6229
f 2103/6230 1874/6229 2030/6226
f 2000/6231 2513/6232 2201/6233
f 1999/6234 2000/6231 1842/6224
f 2001/6225 1842/6224 2000/6231
f 1998/6235 1999/6234 1842/6224
f 3616/6213 3236/6215 3481/6219
f 3808/6236 3505/6237 1841/6238
f 1841/6238 1998/6235 1842/6224
f 3505/6237 1998/6235 1841/6238
f 3083/6239 2752/6240 2946/6241
f 4033/6228 3839/6242 3859/6243
f 4127/6244 3951/6245 3984/6246
f 4033/6228 3859/6243 3923/6247
f 3696/6227 3855/6220 3481/6219
f 3839/6242 4033/6228 3696/6227
f 3923/6247 3859/6243 3839/6242
f 3984/6246 4175/6248 4127/6244
f 3951/6245 4127/6244 3923/6247
f 4033/6228 3923/6247 4127/6244
f 2806/6249 2625/6250 2992/6251
f 4175/6248 3984/6246 3983/6252
f 4175/6248 3983/6252 3982/6253
f 3091/6254 3983/6252 2864/6255
f 4175/6248 3982/6253 3981/6256
f 2513/6232 2537/6257 2201/6233
f 1841/6238 4174/6258 3981/6256
f 3981/6256 3808/6236 1841/6238
f 4175/6248 3981/6256 4174/6258
f 2237/6221 2567/6259 2396/6222
f 2567/6259 2237/6221 2430/6260
f 3027/6261 2992/6251 2625/6250
f 3027/6261 3923/6247 3839/6242
f 2934/6262 3186/6263 2886/6264
f 2625/6250 2806/6249 2430/6260
f 2567/6259 2430/6260 2806/6249
f 2788/6265 3027/6261 2625/6250
f 2886/6264 3105/6266 2788/6265
f 3923/6247 3027/6261 2788/6265
f 3923/6247 2788/6265 3105/6266
f 2704/6267 2201/6233 2537/6257
f 3186/6263 2934/6262 2924/6268
f 3105/6266 2886/6264 3186/6263
f 3123/6269 3184/6270 2924/6268
f 3186/6263 2924/6268 3184/6270
f 2864/6255 3123/6269 2924/6268
f 3123/6269 2864/6255 3983/6252
f 3083/6239 3091/6254 2864/6255
f 2752/6240 3083/6239 2864/6255
f 2704/6267 2537/6257 3505/6237
f 2581/6271 2946/6241 2752/6240
f 3505/6237 3808/6236 2704/6267
f 2388/6272 2754/6273 2581/6271
f 2946/6241 2581/6271 2754/6273
f 2201/6233 2704/6267 2388/6272
f 2754/6273 2388/6272 2704/6267
f 2032/6274 2263/6275 2000/6231
f 2513/6232 2000/6231 2263/6275
f 3983/6252 3091/6254 3982/6253
f 1999/6234 2032/6274 2000/6231
f 3027/6261 3028/6276 2992/6251
f 2993/6277 2992/6251 3028/6276
f 2626/6278 2625/6250 2430/6260
f 2430/6260 2431/6279 2626/6278
f 3808/6236 3809/6280 2704/6267
f 2705/6281 2704/6267 3809/6280
f 2789/6282 2887/6283 2886/6264
f 2886/6264 2788/6265 2789/6282
f 2946/6241 2947/6284 3083/6239
f 3084/6285 3083/6239 2947/6284
f 3924/6286 3923/6247 3105/6266
f 3105/6266 3106/6287 3924/6286
f 2567/6259 2806/6249 2568/6288
f 2807/6289 2568/6288 2806/6249
f 3184/6270 3185/6290 3186/6263
f 3187/6291 3186/6263 3185/6290
f 3027/6261 3839/6242 3028/6276
f 3840/6292 3028/6276 3839/6242
f 2201/6233 2388/6272 2202/6293
f 2389/6294 2202/6293 2388/6272
f 2000/6231 2201/6233 2004/6295
f 2202/6293 2004/6295 2201/6233
f 2033 2032 1999
f 1999 2003 2033
f 3986/6296 3982/6253 3091/6254
f 3091/6254 3092/6297 3986/6296
f 2755/6298 2754/6273 2704/6267
f 2704/6267 2705/6281 2755/6298
f 2431/6279 2430/6260 2237/6221
f 2237/6221 2238/6299 2431/6279
f 2887/6283 2935/6300 2934/6262
f 2934/6262 2886/6264 2887/6283
f 3083/6239 3084/6285 3091/6254
f 3092/6297 3091/6254 3084/6285
f 2935/6300 2925/6301 2924/6268
f 2924/6268 2934/6262 2935/6300
f 2925/6301 2865/6302 2864/6255
f 2864/6255 2924/6268 2925/6301
f 3123/6269 3124/6303 3184/6270
f 3185/6290 3184/6270 3124/6303
f 2626/6278 2789/6282 2788/6265
f 2788/6265 2625/6250 2626/6278
f 2754/6273 2755/6298 2946/6241
f 2947/6284 2946/6241 2755/6298
f 2753/6304 2582/6305 2581/6271
f 2581/6271 2752/6240 2753/6304
f 2865/6302 2753/6304 2752/6240
f 2752/6240 2864/6255 2865/6302
f 3123/6269 3983/6252 3124/6303
f 3987/6306 3124/6303 3983/6252
f 2992/6251 2993/6277 2806/6249
f 2807/6289 2806/6249 2993/6277
f 2396/6222 2567/6259 2397/6307
f 2568/6288 2397/6307 2567/6259
f 2388/6272 2581/6271 2389/6294
f 2582/6305 2389/6294 2581/6271
f 3186/6263 3187/6291 3105/6266
f 3106/6287 3105/6266 3187/6291
f 3505/6237 2537/6257 3506/6308
f 2538/6309 3506/6308 2537/6257
f 2538 2537 2513
f 2513 2514 2538
f 3981/6256 3982/6253 3985/6310
f 3986/6296 3985/6310 3982/6253
f 3983/6252 3984/6246 3988/6311
f 3988/6311 3987/6306 3983/6252
f 2005/6312 2000/6231 2004/6295
f 2000/6231 2005/6312 2001/6225
f 1998/6235 2002/6313 1999/6234
f 2003/6314 1999/6234 2002/6313
f 2601/6315 3505/6237 3306/6316
f 3506/6308 3306/6316 3505/6237
f 2002/6313 3505/6237 2601/6315
f 1998/6235 3505/6237 2002/6313
f 3808/6236 3981/6256 3809/6280
f 3985/6310 3809/6280 3981/6256
f 2514 2513 2263
f 2263 2264 2514
f 2264 2263 2032
f 2032 2033 2264
f 2519/6039 2160/6040 2171/6041
f 2160/6040 2519/6039 2510/6042
f 2528/6044 2171/6041 2180/6049
f 2171/6041 2528/6044 2519/6039
f 2960/6045 2510/6042 2519/6039
f 2510/6042 2960/6045 2961/6051
f 2082/5979 2450/5980 2078/5981
f 2450/5980 2082/5979 2452/5982
f 1791/5914 2078/5912 1788/5907
f 2078/5912 1791/5914 2082/5919
f 2962/6066 2490/6067 2499/6052
f 2490/6067 2962/6066 2963/6086
f 2959/6050 2519/6039 2528/6044
f 2519/6039 2959/6050 2960/6045
f 2105/6011 2464/6007 2096/6005
f 2464/6007 2105/6011 2467/6012
f 2085/5984 2452/5982 2082/5979
f 2452/5982 2085/5984 2455/5987
f 2510/6042 2151/6046 2160/6040
f 2151/6046 2510/6042 2499/6052
f 2490/6024 2123/6019 2136/6028
f 2123/6019 2490/6024 2481/6016
f 2093/5995 2456/5992 2090/5989
f 2456/5992 2093/5995 2459/5999
f 2096/6005 2459/5999 2093/5995
f 2459/5999 2096/6005 2464/6007
f 2481/6016 2105/6011 2123/6019
f 2105/6011 2481/6016 2467/6012
f 2961/6051 2499/6052 2510/6042
f 2499/6052 2961/6051 2962/6066
f 2090/5989 2455/5987 2085/5984
f 2455/5987 2090/5989 2456/5992
f 2499/6052 2136/6059 2151/6046
f 2136/6059 2499/6052 2490/6067
f 1807/5927 1628/5926 1814/5933
f 1628/5926 1807/5927 1617/5920
f 1814/5933 1630/5932 1831/5939
f 1630/5932 1814/5933 1628/5926
f 1836/5943 1630/5932 1639/5938
f 1630/5932 1836/5943 1831/5939
f 1853/5946 1639/5938 1654/5942
f 1639/5938 1853/5946 1836/5943
f 1862/6060 1654/6078 1670/6063
f 1654/6078 1862/6060 1853/6077
f 2151/6046 1862/6060 1875/6048
f 1862/6060 2151/6046 2136/6059
f 1788/5907 1606/5906 1791/5914
f 1606/5906 1788/5907 1604/5899
f 2160/6040 1875/6048 1892/6043
f 1875/6048 2160/6040 2151/6046
f 1831/5939 2093/5937 1814/5933
f 2093/5937 1831/5939 2096/5944
f 2136/6059 1853/6077 1862/6060
f 1853/6077 2136/6059 2123/6087
f 1814/5933 2090/5931 1807/5927
f 2090/5931 1814/5933 2093/5937
f 2171/6041 1892/6043 1901/6047
f 1892/6043 2171/6041 2160/6040
f 1807/5927 2085/5925 1802/5921
f 2085/5925 1807/5927 2090/5931
f 1791/5914 1610/5913 1802/5921
f 1610/5913 1791/5914 1606/5906
f 2180/6049 1901/6047 1918/6062
f 1901/6047 2180/6049 2171/6041
f 1802/5921 2082/5919 1791/5914
f 2082/5919 1802/5921 2085/5925
f 2105/6011 1831/6013 1836/6017
f 1831/6013 2105/6011 2096/6005
f 2123/6019 1836/6017 1853/6026
f 1836/6017 2123/6019 2105/6011
f 1802/5921 1617/5920 1807/5927
f 1617/5920 1802/5921 1610/5913
f 2459/5999 2968/6000 2456/5992
f 2968/6000 2459/5999 2967/6008
f 3435/6009 2968/6000 2967/6008
f 2968/6000 3435/6009 3440/6003
f 2464/6007 2967/6008 2459/5999
f 2967/6008 2464/6007 2966/6014
f 2452/5982 2971/5985 2450/5980
f 2971/5985 2452/5982 2970/5988
f 2467/6012 2966/6014 2464/6007
f 2966/6014 2467/6012 2965/6021
f 3402/6065 2961/6051 3393/6057
f 2961/6051 3402/6065 2962/6066
f 2964/6020 2467/6012 2481/6016
f 2467/6012 2964/6020 2965/6021
f 3425/6022 2964/6020 3416/6029
f 2964/6020 3425/6022 2965/6021
f 3416/6029 2963/6025 3407/6031
f 2963/6025 3416/6029 2964/6020
f 2963/6025 2481/6016 2490/6024
f 2481/6016 2963/6025 2964/6020
f 2455/5987 2970/5988 2452/5982
f 2970/5988 2455/5987 2969/5993
f 3393/6057 2960/6045 3390/6058
f 2960/6045 3393/6057 2961/6051
f 2456/5992 2969/5993 2455/5987
f 2969/5993 2456/5992 2968/6000
f 3390/6058 2959/6050 3379/6056
f 2959/6050 3390/6058 2960/6045
f 3407/6084 2962/6066 3402/6065
f 2962/6066 3407/6084 2963/6086
f 3425/6022 2966/6014 2965/6021
f 2966/6014 3425/6022 3432/6018
f 2966/6014 3435/6009 2967/6008
f 3435/6009 2966/6014 3432/6018
f 6/244 2/245 1/246
f 1/246 5/247 6/244
f 8/248 4/249 3/250
f 3/250 7/251 8/248
f 408/5621 7/5622 3/5623
f 3/5623 30/5624 408/5621
f 4/5625 8/5626 31/5627
f 409/5628 31/5627 8/5626
f 4616/5839 4618/5840 4617/5841
f 4619/5842 4617/5841 4618/5840
f 4564/5844 4565/5847 4425/5850
f 4426/5854 4425/5850 4565/5847
f 4279/6135 4446/6130 4447/6128
f 4280/6134 1736/6121 1735/6129
f 1737/6117 1592/6111 1736/6121
f 1591/6120 1736/6121 1592/6111
f 1735/6129 4279/6135 4280/6134
f 4401/6118 4247/6122 4281/6127
f 2261/6070 2577/6072 2180/6049
f 2577/6072 2958/6064 2180/6049
f 3775/6055 3322/6073 3671/6082
f 1918/6062 2261/6070 2180/6049
f 3775/6055 3671/6082 4078/6091
f 1728/6080 2036/6081 1918/6062
f 2261/6070 1918/6062 2036/6081
f 4078/6091 3943/6098 4290/6105
f 1629/6096 1871/6097 1728/6080
f 2036/6081 1728/6080 1871/6097
f 4290/6105 4130/6113 4401/6118
f 1737/6117 1764/6112 1629/6096
f 1871/6097 1629/6096 1764/6112
f 1592/6111 1737/6117 1629/6096
f 1591/6120 1735/6129 1736/6121
f 4401/6118 4281/6127 4447/6128
f 3775/6055 2958/6064 3322/6073
f 2528/6044 3379/6056 2959/6050
f 3775/6055 2180/6049 2958/6064
f 2180/6049 3775/6055 2528/6044
f 3379/6056 2528/6044 3775/6055
f 4447/6128 4280/6134 4279/6135
f 4130/6113 4290/6105 3943/6098
f 3943/6098 4078/6091 3671/6082
f 4247/6122 4401/6118 4130/6113
f 4280/6134 4447/6128 4281/6127
f 1788/5907 2078/5912 1789/5903
f 2079/5915 1789/5903 2078/5912
f 3887/5869 4213/5858 3888/5868
f 4214/5863 3888/5868 4213/5858
f 4425/5850 4426/5854 4213/5858
f 4214/5863 4213/5858 4426/5854
f 2450/5980 2971/5985 2451/5986
f 2974/5991 2451/5986 2971/5985
f 1789/5903 1605/5895 1604/5899
f 1604/5899 1788/5907 1789/5903
f 1605/5895 1479/5896 1478/5897
f 1478/5897 1604/5899 1605/5895
f 2078/5981 2450/5980 2079/5983
f 2451/5986 2079/5983 2450/5980
f 4617/5841 4619/5842 4564/5844
f 4565/5847 4564/5844 4619/5842
f 2971/5985 3447/5994 2974/5991
f 3448/5998 2974/5991 3447/5994
f 1479/5896 1432/5901 1430/5898
f 1430/5898 1478/5897 1479/5896
f 3888/6004 3447/5994 3887/6001
f 3447/5994 3888/6004 3448/5998
f 1432/5901 1431/5910 1429/5905
f 1429/5905 1430/5898 1432/5901
f 1481/5935 1497/5945 1498/5941
f 1481/5935 1498/5941 1482/5934
f 1534/6103 1555/6102 1556/6088
f 1534/6103 1556/6088 1535/6089
f 1430/5898 1429/5905 1433/5904
f 1433/5904 1434/5900 1430/5898
f 1466/5928 1465/5929 1481/5935
f 1481/5935 1482/5934 1466/5928
f 1507/6104 1534/6103 1535/6089
f 1507/6104 1535/6089 1508/6090
f 1438/5908 1437/5909 1447/5917
f 1447/5917 1448/5916 1438/5908
f 1497/5945 1507/5950 1508/5949
f 1497/5945 1508/5949 1498/5941
f 1570/6110 1591/6120 1592/6111
f 1570/6110 1592/6111 1571/6095
f 1434/5900 1433/5904 1437/5909
f 1437/5909 1438/5908 1434/5900
f 1458/5922 1457/5923 1465/5929
f 1465/5929 1466/5928 1458/5922
f 1448/5916 1447/5917 1457/5923
f 1457/5923 1458/5922 1448/5916
f 1629/6096 1571/6095 1592/6111
f 1571/6095 1629/6096 1607/6079
f 1555/6102 1570/6110 1571/6095
f 1555/6102 1571/6095 1556/6088
f 1654/5942 1513/5936 1543/5940
f 1513/5936 1654/5942 1639/5938
f 1670/5948 1543/5940 1559/5947
f 1543/5940 1670/5948 1654/5942
f 1604/5899 1480/5902 1606/5906
f 1480/5902 1604/5899 1478/5897
f 1628/5926 1504/5930 1630/5932
f 1504/5930 1628/5926 1501/5924
f 1717/6061 1595/6068 1607/6079
f 1595/6068 1717/6061 1700/6053
f 1901/6047 1700/6053 1717/6061
f 1700/6053 1901/6047 1892/6043
f 1630/5932 1513/5936 1639/5938
f 1513/5936 1630/5932 1504/5930
f 1728/6080 1607/6079 1629/6096
f 1607/6079 1728/6080 1717/6061
f 1683/6054 1559/6071 1574/6069
f 1559/6071 1683/6054 1670/6063
f 1918/6062 1717/6061 1728/6080
f 1717/6061 1918/6062 1901/6047
f 1892/6043 1683/6054 1700/6053
f 1683/6054 1892/6043 1875/6048
f 1478/5897 1434/5900 1480/5902
f 1434/5900 1478/5897 1430/5898
f 1700/6053 1574/6069 1595/6068
f 1574/6069 1700/6053 1683/6054
f 1480/5902 1438/5908 1485/5911
f 1438/5908 1480/5902 1434/5900
f 1875/6048 1670/6063 1683/6054
f 1670/6063 1875/6048 1862/6060
f 1606/5906 1485/5911 1610/5913
f 1485/5911 1606/5906 1480/5902
f 1610/5913 1492/5918 1617/5920
f 1492/5918 1610/5913 1485/5911
f 1617/5920 1501/5924 1628/5926
f 1501/5924 1617/5920 1492/5918
f 1595/6068 1535/6089 1556/6088
f 1535/6089 1595/6068 1574/6069
f 1607/6079 1556/6088 1571/6095
f 1556/6088 1607/6079 1595/6068
f 1485/5911 1448/5916 1492/5918
f 1448/5916 1485/5911 1438/5908
f 1492/5918 1458/5922 1501/5924
f 1458/5922 1492/5918 1448/5916
f 1501/5924 1466/5928 1504/5930
f 1466/5928 1501/5924 1458/5922
f 1559/5947 1498/5941 1508/5949
f 1498/5941 1559/5947 1543/5940
f 1504/5930 1482/5934 1513/5936
f 1482/5934 1504/5930 1466/5928
f 1543/5940 1482/5934 1498/5941
f 1482/5934 1543/5940 1513/5936
f 1574/6069 1508/6090 1535/6089
f 1508/6090 1574/6069 1559/6071
f 447/5519 448/5520 449/5521
f 450/5522 449/5521 448/5520
f 4883/5523 4884/5524 4885/5525
f 4886/5526 4885/5525 4884/5524
f 5/5601 406/5602 6/5603
f 407/5604 6/5603 406/5602
f 4884/5605 5397/5606 4886/5607
f 7/5608 408/5609 8/5610
f 409/5611 8/5610 408/5609
f 5399/5612 4886/5607 5397/5606
f 448/5613 674/5614 450/5615
f 676/5616 450/5615 674/5614
f 5552/5617 5771/5618 5554/5619
f 5773/5620 5554/5619 5771/5618
f 5551/5527 5552/5528 5553/5529
f 5554/5530 5553/5529 5552/5528
f 5771/77 5552/78 5551/79
f 5551/79 5770/80 5771/77
f 5397/81 4884/82 4883/83
f 4883/83 5396/84 5397/81
f 674/85 448/86 447/87
f 447/87 673/88 674/85
f 5396/5531 5398/5532 5397/5533
f 5399/5534 5397/5533 5398/5532
f 673/5535 675/5536 674/5537
f 676/5538 674/5537 675/5536
f 406/5629 5/5630 1/5631
f 1/5631 28/5632 406/5629
f 29/252 407/253 408/254
f 408/254 30/255 29/252
f 2/5633 6/5634 29/5635
f 407/5636 29/5635 6/5634
f 3952/6317 3988/6311 3984/6246
f 3984/6246 3951/6245 3952/6317
f 2670/6318 2669/6216 2418/6217
f 2418/6217 2419/6319 2670/6318
f 2419/6319 2418/6217 2396/6222
f 2396/6222 2397/6307 2419/6319
f 2103/6230 2104/6320 2237/6221
f 2238/6299 2237/6221 2104/6320
f 2001/6225 2005/6312 2030/6226
f 2031/6321 2030/6226 2005/6312
f 2030/6226 2031/6321 2103/6230
f 2104/6320 2103/6230 2031/6321
f 5770/5539 5772/5540 5771/5541
f 5773/5542 5771/5541 5772/5540
f 4611/5843 4558/5848 4605/5849
f 4558/5848 4611/5843 4563/5845
f 4574/5879 4584/5873 4575/5878
f 4585/5867 4575/5878 4584/5873
f 4598/5862 4604/5853 4599/5857
f 4605/5849 4599/5857 4604/5853
f 4562/5884 4544/5890 4543/5889
f 4543/5889 4561/5885 4562/5884
f 4604/5853 4610/5846 4605/5849
f 4611/5843 4605/5849 4610/5846
f 4561/5885 4574/5879 4562/5884
f 4575/5878 4562/5884 4574/5879
f 4544/5890 4530/5894 4529/5893
f 4529/5893 4543/5889 4544/5890
f 4511/6125 4496/6124 4495/6132
f 4495/6132 4510/6133 4511/6125
f 4472/6123 4447/6128 4446/6130
f 4446/6130 4471/6131 4472/6123
f 4496/6124 4472/6123 4471/6131
f 4471/6131 4495/6132 4496/6124
f 4530/6126 4511/6125 4510/6133
f 4510/6133 4529/6136 4530/6126
f 4584/5873 4598/5862 4585/5867
f 4599/5857 4585/5867 4598/5862
f 4610/5846 4616/5839 4611/5843
f 4617/5841 4611/5843 4616/5839
f 4617/5841 4563/5845 4611/5843
f 4563/5845 4617/5841 4564/5844
f 4575/5878 4518/5880 4562/5884
f 4518/5880 4575/5878 4531/5874
f 4605/5849 4551/5855 4599/5857
f 4551/5855 4605/5849 4558/5848
f 4562/5884 4505/5886 4544/5890
f 4505/5886 4562/5884 4518/5880
f 4544/5890 4494/5891 4530/5894
f 4494/5891 4544/5890 4505/5886
f 4530/6126 4464/6116 4511/6125
f 4464/6116 4530/6126 4494/6119
f 4511/6125 4441/6115 4496/6124
f 4441/6115 4511/6125 4464/6116
f 4599/5857 4538/5864 4585/5867
f 4538/5864 4599/5857 4551/5855
f 4585/5867 4531/5874 4575/5878
f 4531/5874 4585/5867 4538/5864
f 4496/6124 4423/6114 4472/6123
f 4423/6114 4496/6124 4441/6115
f 1736/6035 4280/6036 1738/6037
f 4282/6038 1738/6037 4280/6036
f 4283/6137 1739/6138 1738/6139
f 1738/6139 4282/6140 4283/6137
f 5844/5563 5849/5564 5850/5565
f 5842/5566 5847/5567 5843/5568
f 5843/5568 5848/5569 5839/5570
f 5837/5571 5822/5548 5839/5570
f 5836/5572 5835/5558 5834/5573
f 5838/5574 5835/5558 5836/5572
f 5823/5575 5822/5548 5837/5571
f 5837/565 5855/566 5856/567
f 5878/568 5920/569 5839/570
f 5837/565 5856/567 5823/571
f 5878/568 5848/572 5930/573
f 5820/574 5823/571 5856/567
f 5798/575 5820/574 5856/567
f 5798/575 5890/576 5907/577
f 165/228 166/227 101/256
f 5889/578 5907/577 5890/576
f 5855/566 5837/565 5839/570
f 5867/579 5855/566 5839/570
f 5881/580 5867/579 5839/570
f 5889/578 5881/580 5839/570
f 5907/577 5889/578 5839/570
f 5920/569 5907/577 5839/570
f 5856/567 5890/576 5798/575
f 5882/581 5868/582 5867/579
f 5867/579 5881/580 5882/581
f 5838/166 5866/167 5865/168
f 177/231 178/230 106/257
f 5880/169 5804/170 5900/171
f 5804/170 5917/172 5900/171
f 5899/173 5841/174 5887/175
f 5917/172 5841/174 5899/173
f 5924/176 5841/174 5917/172
f 5899/173 5900/171 5917/172
f 5821/177 5866/167 5834/178
f 5804/170 5866/167 5821/177
f 5888/179 5873/180 5874/181
f 5838/166 5836/182 5866/167
f 5865/168 5841/174 5838/166
f 5873/180 5841/174 5865/168
f 5887/175 5841/174 5873/180
f 5841/174 5934/183 5840/184
f 5924/176 5934/183 5841/174
f 5849/185 5840/184 5934/183
f 5873/180 5888/179 5887/175
f 5834/178 5866/167 5836/182
f 5866/167 5804/170 5880/169
f 182/234 183/233 109/258
f 4197/5866 3882/5872 3877/5877
f 3882/5872 4197/5866 4206/5861
f 4207/5860 3886/5870 3885/5871
f 3886/5870 4207/5860 4212/5859
f 4410/5865 4194/5876 4396/5875
f 4194/5876 4410/5865 4197/5866
f 4194/6027 3858/6023 4185/6030
f 3858/6023 4194/6027 3870/6015
f 4159/6101 3836/6085 4142/6094
f 3836/6085 4159/6101 3845/6108
f 4142/6094 3825/6076 4125/6093
f 3825/6076 4142/6094 3836/6085
f 4326/6100 4093/6083 4307/6099
f 4093/6083 4326/6100 4110/6092
f 4185/6030 3845/6032 4159/6033
f 3845/6032 4185/6030 3858/6023
f 4413/5856 4197/5866 4410/5865
f 4197/5866 4413/5856 4206/5861
f 4396/5875 4185/5882 4385/5881
f 4185/5882 4396/5875 4194/5876
f 4350/6106 4110/6092 4326/6100
f 4110/6092 4350/6106 4125/6093
f 4372/6109 4142/6094 4363/6107
f 4142/6094 4372/6109 4159/6101
f 4212/5859 3887/5869 3886/5870
f 3887/5869 4212/5859 4213/5858
f 4385/5881 4159/5888 4372/5887
f 4159/5888 4385/5881 4185/5882
f 4206/5861 3885/5871 3882/5872
f 3885/5871 4206/5861 4207/5860
f 4363/6107 4125/6093 4350/6106
f 4125/6093 4363/6107 4142/6094
f 4194/5876 3877/5877 3870/5883
f 3877/5877 4194/5876 4197/5866
f 4307/6099 4078/6091 4290/6105
f 4078/6091 4307/6099 4093/6083
f 4420/5852 4206/5861 4413/5856
f 4206/5861 4420/5852 4207/5860
f 4125/6093 3816/6075 4110/6092
f 3816/6075 4125/6093 3825/6076
f 3886/5996 3447/5994 3444/5990
f 3447/5994 3886/5996 3887/6001
f 3858/6023 3416/6029 3845/6032
f 3416/6029 3858/6023 3425/6022
f 3825/6076 3393/6057 3816/6075
f 3393/6057 3825/6076 3402/6065
f 3882/6006 3441/5997 3440/6003
f 3441/5997 3882/6006 3885/6002
f 3444/5990 2971/5985 2970/5988
f 2971/5985 3444/5990 3447/5994
f 3440/6003 2969/5993 2968/6000
f 2969/5993 3440/6003 3441/5997
f 4093/6083 3775/6055 4078/6091
f 3775/6055 4093/6083 3794/6074
f 3836/6085 3402/6065 3825/6076
f 3402/6065 3836/6085 3407/6084
f 2969/5993 3444/5990 2970/5988
f 3444/5990 2969/5993 3441/5997
f 4110/6092 3794/6074 4093/6083
f 3794/6074 4110/6092 3816/6075
f 3845/6032 3407/6031 3836/6034
f 3407/6031 3845/6032 3416/6029
f 3794/6074 3379/6056 3775/6055
f 3379/6056 3794/6074 3390/6058
f 3858/6023 3432/6018 3425/6022
f 3432/6018 3858/6023 3870/6015
f 3870/6015 3435/6009 3432/6018
f 3435/6009 3870/6015 3877/6010
f 3877/6010 3440/6003 3435/6009
f 3440/6003 3877/6010 3882/6006
f 3885/6002 3444/5990 3441/5997
f 3444/5990 3885/6002 3886/5996
f 3816/6075 3390/6058 3794/6074
f 3390/6058 3816/6075 3393/6057
f 4424/5851 4207/5860 4420/5852
f 4207/5860 4424/5851 4212/5859
f 4551/5855 4410/5865 4538/5864
f 4410/5865 4551/5855 4413/5856
f 4531/5874 4385/5881 4518/5880
f 4385/5881 4531/5874 4396/5875
f 4464/6116 4326/6100 4441/6115
f 4326/6100 4464/6116 4350/6106
f 4441/6115 4307/6099 4423/6114
f 4307/6099 4441/6115 4326/6100
f 4425/5850 4212/5859 4424/5851
f 4212/5859 4425/5850 4213/5858
f 4472/6123 4401/6118 4447/6128
f 4401/6118 4472/6123 4423/6114
f 4563/5845 4420/5852 4558/5848
f 4420/5852 4563/5845 4424/5851
f 4518/5880 4372/5887 4505/5886
f 4372/5887 4518/5880 4385/5881
f 4423/6114 4290/6105 4401/6118
f 4290/6105 4423/6114 4307/6099
f 4558/5848 4413/5856 4551/5855
f 4413/5856 4558/5848 4420/5852
f 4494/6119 4350/6106 4464/6116
f 4350/6106 4494/6119 4363/6107
f 4538/5864 4396/5875 4531/5874
f 4396/5875 4538/5864 4410/5865
f 4505/5886 4363/5892 4494/5891
f 4363/5892 4505/5886 4372/5887
f 4564/5844 4424/5851 4563/5845
f 4424/5851 4564/5844 4425/5850
f 2616/6165 2615/6166 2330/6167
f 2330/6167 2331/6169 2616/6165
f 2331/6151 2330/6152 2108/6147
f 2108/6147 2109/6149 2331/6151
f 3855/6159 4033/6153 4032/6157
f 4032/6157 3854/6161 3855/6159
f 1873/6141 1874/6142 1958/6143
f 1959/6145 1958/6143 1874/6142
f 1839/6150 1841/6148 1840/6146
f 1842/6144 1840/6146 1841/6148
f 4033/6153 4127/6154 4126/6155
f 4126/6155 4032/6157 4033/6153
f 4175/6158 4174/6162 4172/6160
f 4172/6160 4173/6156 4175/6158
f 1840/6146 1842/6144 1873/6141
f 1874/6142 1873/6141 1842/6144
f 1839/6175 4172/6176 1841/6177
f 4174/6178 1841/6177 4172/6176
f 3616/6173 3615/6174 3290/6172
f 3290/6172 3291/6171 3616/6173
f 3291/6171 3290/6172 2972/6170
f 2972/6170 2976/6168 3291/6171
f 2976/6168 2972/6170 2615/6166
f 2615/6166 2616/6165 2976/6168
f 1958/6143 1959/6145 2108/6147
f 2109/6149 2108/6147 1959/6145
f 4127/6154 4175/6158 4173/6156
f 4173/6156 4126/6155 4127/6154
f 3855/6159 3854/6161 3615/6163
f 3615/6163 3616/6164 3855/6159
f 1741/5951 1739/5952 1740/5953
f 1739/5952 1736/5954 1738/5956
f 1741/5951 1736/5954 1739/5952
f 1736/5954 1741/5951 1737/5955
f 2578/5976 2577/5975 2261/5977
f 2261/5977 2262/5978 2578/5976
f 3323/5972 3322/5971 2958/5973
f 2958/5973 2973/5974 3323/5972
f 2262/5963 2261/5964 2036/5961
f 2036/5961 2037/5962 2262/5963
f 1871/5959 1872/5960 2036/5961
f 2037/5962 2036/5961 1872/5960
f 1737/5955 1741/5951 1764/5957
f 1765/5958 1764/5957 1741/5951
f 2973/5974 2958/5973 2577/5975
f 2577/5975 2578/5976 2973/5974
f 1764/5957 1765/5958 1871/5959
f 1872/5960 1871/5959 1765/5958
f 3482/6322 3481/6219 3236/6215
f 3236/6215 3237/6323 3482/6322
f 2977/6324 2975/6214 2669/6216
f 2669/6216 2670/6318 2977/6324
f 3697/6325 3840/6292 3839/6242
f 3839/6242 3696/6227 3697/6325
f 3697/6325 3696/6227 3481/6219
f 3481/6219 3482/6322 3697/6325
f 3237/6323 3236/6215 2975/6214
f 2975/6214 2977/6324 3237/6323
f 3951/6245 3923/6247 3952/6317
f 3924/6286 3952/6317 3923/6247
f 26/259 50/260 51/261
f 24/262 48/263 25/264
f 49/265 25/264 48/263
f 27/266 26/259 40/267
f 148/268 83/269 419/222
f 211/270 148/268 419/222
f 269/271 211/270 419/222
f 52/272 419/222 83/269
f 24/262 83/269 89/273
f 24/262 89/273 81/274
f 149/275 150/276 421/277
f 149/275 421/277 413/278
f 265/279 208/280 259/281
f 81/274 90/282 84/283
f 399/284 203/285 316/286
f 400/287 399/284 316/286
f 253/288 405/289 421/277
f 421/277 405/289 403/290
f 403/290 402/291 421/277
f 421/277 400/287 316/286
f 212/292 259/281 208/280
f 206/293 316/286 203/285
f 405/289 253/288 404/294
f 201/295 404/294 150/276
f 82/296 85/297 86/298
f 146/299 149/275 413/278
f 85/297 82/296 84/283
f 144/300 146/299 413/278
f 144/300 413/278 414/301
f 81/274 84/283 82/296
f 51/261 82/296 91/302
f 51/261 91/302 87/303
f 51/261 87/303 88/304
f 88/304 142/305 412/306
f 93/307 51/261 88/304
f 415/308 406/309 416/310
f 423/226 408/254 407/253
f 423/226 409/311 408/254
f 415/308 423/226 407/253
f 53/312 31/313 409/311
f 54/314 32/315 53/312
f 92/316 406/309 40/267
f 48/263 24/262 81/274
f 1051/5653 1314/5654 1053/5655
f 1316/5656 1053/5655 1314/5654
f 1051/5637 1053/5638 1052/5639
f 1054/5640 1052/5639 1053/5638
f 1317/5641 1316/5642 1314/5643
f 1314/5643 1315/5644 1317/5641
f 1344/5657 1342/5658 1024/5659
f 1024/5659 1026/5660 1344/5657
f 1317/5661 1315/5662 1052/5663
f 1052/5663 1054/5664 1317/5661
f 1342/5645 1344/5646 1343/5647
f 1345/5648 1343/5647 1344/5646
f 1053/5677 1079/5678 1054/5679
f 1215/5684 1136/5688 1135/5680
f 1137/5686 1081/5683 1080/5681
f 1216/5690 1137/5686 1080/5681
f 1275/5692 1216/5690 1080/5681
f 1080/5681 1136/5688 1275/5692
f 1135/5680 1214/5682 1215/5684
f 1080/5681 1081/5683 1054/5679
f 1217/5694 1138/5698 1137/5686
f 1139/5695 1083/5691 1082/5687
f 1218/5699 1139/5695 1082/5687
f 1277/5700 1218/5699 1082/5687
f 1082/5687 1138/5698 1277/5700
f 1137/5686 1216/5690 1217/5694
f 1082/5687 1083/5691 1054/5679
f 1219/5701 1140/5702 1139/5695
f 1317/5693 1054/5679 1084/5696
f 1084/5696 1140/5702 1317/5693
f 1139/5695 1218/5699 1219/5701
f 1083/5691 1084/5696 1054/5679
f 1140/5702 1219/5701 1317/5693
f 1081/5683 1082/5687 1054/5679
f 1079/5678 1080/5681 1054/5679
f 1317/5693 1278/5704 1277/5700
f 1135/5680 1079/5678 1053/5677
f 1214/5682 1135/5680 1053/5677
f 1273/5685 1214/5682 1053/5677
f 1219/5701 1278/5704 1317/5693
f 1138/5698 1217/5694 1277/5700
f 1317/5693 1276/5703 1275/5692
f 1217/5694 1276/5703 1277/5700
f 1317/5693 1277/5700 1276/5703
f 1136/5688 1215/5684 1275/5692
f 1317/5693 1274/5697 1273/5685
f 1215/5684 1274/5697 1275/5692
f 1317/5693 1275/5692 1274/5697
f 1053/5677 1316/5689 1273/5685
f 1317/5693 1273/5685 1316/5689
f 1025/5665 1343/5666 1027/5667
f 1345/5668 1027/5667 1343/5666
f 1076/5753 1132/5754 1082/5755
f 1138/5756 1082/5755 1132/5754
f 1211/5757 1270/5758 1217/5759
f 1276/5760 1217/5759 1270/5758
f 1135/5761 1129/5762 1073/5763
f 1073/5763 1079/5764 1135/5761
f 1273/5765 1267/5766 1208/5767
f 1208/5767 1214/5768 1273/5765
f 1133/5705 1139/5706 1134/5707
f 1140/5708 1134/5707 1139/5706
f 1129/5709 1135/5710 1130/5711
f 1136/5712 1130/5711 1135/5710
f 1131/5713 1137/5714 1132/5715
f 1138/5716 1132/5715 1137/5714
f 1027/5649 1026/5650 1024/5651
f 1024/5651 1025/5652 1027/5649
f 1074/5769 1130/5770 1080/5771
f 1136/5772 1080/5771 1130/5770
f 1209/5773 1268/5774 1215/5775
f 1274/5776 1215/5775 1268/5774
f 1051/5669 1052/5670 1025/5671
f 1343/5672 1025/5671 1052/5670
f 1343/5672 1315/5674 1314/5675
f 1314/5675 1051/5669 1024/5673
f 1024/5673 1051/5669 1025/5671
f 1052/5670 1315/5674 1343/5672
f 1024/5673 1342/5676 1314/5675
f 1343/5672 1314/5675 1342/5676
f 1137/5777 1131/5778 1075/5779
f 1075/5779 1081/5780 1137/5777
f 1275/5781 1269/5782 1210/5783
f 1210/5783 1216/5784 1275/5781
f 1084/5717 1083/5718 1077/5719
f 1077/5719 1078/5720 1084/5717
f 1082/5721 1081/5722 1075/5723
f 1075/5723 1076/5724 1082/5721
f 1080/5725 1079/5726 1073/5727
f 1073/5727 1074/5728 1080/5725
f 1213/5785 1272/5786 1219/5787
f 1278/5788 1219/5787 1272/5786
f 1078/5789 1134/5790 1084/5791
f 1140/5792 1084/5791 1134/5790
f 1277/5793 1271/5794 1212/5795
f 1212/5795 1218/5796 1277/5793
f 1139/5797 1133/5798 1077/5799
f 1077/5799 1083/5800 1139/5797
f 1267/5729 1273/5730 1268/5731
f 1269/5733 1275/5734 1270/5735
f 1276/5736 1270/5735 1275/5734
f 1271/5737 1277/5738 1272/5739
f 1278/5740 1272/5739 1277/5738
f 1274/5732 1268/5731 1273/5730
f 1219/5741 1218/5742 1212/5743
f 1212/5743 1213/5744 1219/5741
f 1217/5745 1216/5746 1210/5747
f 1210/5747 1211/5748 1217/5745
f 1215/5749 1214/5750 1208/5751
f 1208/5751 1209/5752 1215/5749
f 485 518 487
f 520 487 518
f 5700 5735 5702
f 5737 5702 5735
f 5696 5731 5698
f 5733 5698 5731
f 481 514 483
f 516 483 514
f 5702 5701 5699
f 5699 5700 5702
f 5698 5697 5695
f 5695 5696 5698
f 5734 5736 5735
f 5737 5735 5736
f 5730 5732 5731
f 5733 5731 5732
f 517 519 518
f 520 518 519
f 513 515 514
f 516 514 515
f 487 486 484
f 484 485 487
f 483 482 480
f 480 481 483
f 5735 5700 5734
f 484 517 485
f 518 485 517
f 5699 5734 5700
f 50/6605 26/6606 19/6607
f 19/6607 47/6608 50/6605
f 9/6379 33/6380 35/6381
f 35/6381 11/6384 9/6379
f 47/6608 19/6607 17/6609
f 17/6609 42/6610 47/6608
f 312/6613 311/6615 390/6611
f 158/317 157/318 271/319
f 390/6611 259/6612 312/6613
f 191/6618 259/6619 212/6620
f 191/6616 248/6614 259/6612
f 76/6621 312/6622 391/6623
f 76/6621 391/6623 137/6625
f 191/6624 76/6621 113/6626
f 76/6621 191/6624 312/6622
f 14/6394 16/6404 41/6402
f 41/6402 38/6399 14/6394
f 12/6387 36/6391 34/6385
f 34/6385 10/6382 12/6387
f 10/6382 34/6385 33/6380
f 33/6380 9/6379 10/6382
f 46/6405 49/6406 48/6395
f 18/6627 25/6628 49/6629
f 49/6629 46/6630 18/6627
f 11/6384 35/6381 37/6386
f 37/6386 13/6390 11/6384
f 14/6394 38/6399 36/6391
f 36/6391 12/6387 14/6394
f 13/6390 37/6386 39/6389
f 39/6389 15/6398 13/6390
f 42/6393 17/6401 15/6398
f 15/6398 39/6389 42/6393
f 169/320 168/321 233/322
f 175/323 174/324 205/238
f 367/325 366/326 419/222
f 388/327 387/328 419/222
f 140/6477 141/6478 402/6479
f 328/6482 325/6483 119/6484
f 136/6487 137/6488 388/6489
f 153/329 152/330 274/331
f 359/6492 358/6493 128/6494
f 370/6498 367/6499 131/6500
f 367/6499 365/6502 130/6501
f 132/6503 133/6504 374/6505
f 377/6506 374/6505 133/6504
f 391/6490 388/6489 137/6488
f 325/332 324/333 419/222
f 126/6508 127/6509 353/6510
f 388/6489 386/6491 136/6487
f 118/6485 119/6484 325/6483
f 339/6513 337/6514 122/6515
f 134/6518 135/6519 381/6520
f 195/334 194/335 395/336
f 353/337 352/338 419/222
f 138/6523 139/6524 395/6525
f 349/6528 346/6529 125/6530
f 358/339 419/222 360/340
f 122/6515 123/6516 339/6513
f 124/6531 125/6530 346/6529
f 342/6517 339/6513 123/6516
f 120/6533 121/6534 332/6535
f 363/6497 360/6495 129/6496
f 394/341 393/342 419/222
f 374/235 373/343 419/222
f 384/6521 381/6520 135/6519
f 325/6483 323/6486 118/6485
f 381/344 380/345 419/222
f 373/343 372/346 419/222
f 130/6501 131/6500 367/6499
f 352/338 351/347 419/222
f 395/336 394/341 419/222
f 157/318 158/317 97/348
f 401/349 400/287 421/277
f 359/350 360/340 294/351
f 405/6480 402/6479 141/6478
f 346/6529 344/6532 124/6531
f 395/6525 393/6527 138/6523
f 398/6526 395/6525 139/6524
f 345/352 344/353 419/222
f 332/6535 330/6537 120/6533
f 331/354 330/355 419/222
f 332/356 331/354 419/222
f 353/6510 351/6512 126/6508
f 356/6511 353/6510 127/6509
f 346/357 345/352 419/222
f 335/6536 332/6535 121/6534
f 381/6520 379/6522 134/6518
f 387/328 386/358 419/222
f 128/6494 129/6496 360/6495
f 339/359 338/360 419/222
f 338/360 337/361 419/222
f 402/6479 400/6481 140/6477
f 374/6505 372/6507 132/6503
f 251/6633 196/6634 203/6635
f 318/6638 319/6636 399/6637
f 324/333 323/362 419/222
f 196/6640 116/6641 79/6642
f 399/6637 319/6636 203/6635
f 79/6642 400/6644 319/6643
f 79/6642 140/6645 400/6644
f 79/6642 319/6643 196/6640
f 71/6538 108/6539 72/6540
f 109/6541 72/6540 108/6539
f 67/6542 104/6543 68/6544
f 105/6545 68/6544 104/6543
f 69/6546 106/6547 70/6548
f 73/6550 110/6551 74/6552
f 65/6554 102/6555 66/6556
f 107/6549 70/6548 106/6547
f 111/6553 74/6552 110/6551
f 103/6557 66/6556 102/6555
f 57/6558 94/6559 58/6560
f 95/6561 58/6560 94/6559
f 61/6562 98/6563 62/6564
f 63/6566 100/6567 64/6568
f 99/6565 62/6564 98/6563
f 59/6570 96/6571 60/6572
f 101/6569 64/6568 100/6567
f 79/6574 116/6575 80/6576
f 75/6578 112/6579 76/6580
f 97/6573 60/6572 96/6571
f 117/6577 80/6576 116/6575
f 77/6582 114/6583 78/6584
f 113/6581 76/6580 112/6579
f 115/6585 78/6584 114/6583
f 100/363 164/364 101/256
f 193/365 194/335 115/366
f 94/367 153/329 95/368
f 151/369 152/330 94/367
f 116/370 197/371 117/372
f 106/257 178/230 107/373
f 173/236 174/324 105/374
f 167/375 168/321 102/376
f 156/377 157/318 97/348
f 100/363 163/378 164/364
f 96/379 156/377 97/348
f 179/380 107/373 178/230
f 160/381 161/240 99/242
f 154/382 95/368 153/329
f 108/383 180/384 181/385
f 171/386 172/237 104/243
f 181/385 182/234 109/258
f 176/387 177/231 106/257
f 170/388 103/389 169/320
f 98/390 160/381 99/242
f 108/383 181/385 109/258
f 98/390 159/391 160/381
f 164/364 165/228 101/256
f 185/392 186/393 111/394
f 189/395 190/396 113/397
f 114/398 192/399 193/365
f 116/370 196/400 197/371
f 198/401 117/372 197/371
f 114/398 193/365 115/366
f 102/376 169/320 103/389
f 96/379 155/402 156/377
f 104/243 173/236 105/374
f 110/403 185/392 111/394
f 110/403 184/404 185/392
f 112/405 189/395 113/397
f 112/405 188/406 189/395
f 55/6646 410/6647 145/6648
f 148/6649 55/6646 83/6650
f 55/6646 148/6649 410/6647
f 188/6651 215/6652 235/6653
f 247/6654 188/6655 235/6656
f 309/6661 310/6659 385/6658
f 174/324 175/323 105/374
f 385/6658 310/6659 235/6660
f 75/6663 386/6664 310/6665
f 75/6663 136/6666 386/6664
f 188/6667 112/6668 75/6663
f 75/6663 310/6665 188/6667
f 56/6669 147/6670 411/6671
f 142/6676 88/6677 56/6669
f 56/6669 144/6675 142/6676
f 56/6669 146/6674 144/6675
f 56/6669 149/6673 146/6674
f 56/6669 150/6672 149/6673
f 56/6669 411/6671 150/6672
f 55/6586 56/6587 88/6588
f 55/6586 88/6588 87/6589
f 90/6596 89/6595 84/6593
f 83/6594 55/6586 84/6593
f 84/6593 55/6586 85/6592
f 85/6592 55/6586 86/6590
f 91/6591 86/6590 87/6589
f 87/6589 86/6590 55/6586
f 83/6594 84/6593 89/6595
f 145/6597 410/6598 147/6599
f 411/6600 147/6599 410/6598
f 321/6687 320/6689 404/6685
f 198/6678 252/6679 80/6680
f 198/6678 80/6680 117/6682
f 404/6685 201/6686 321/6687
f 198/6688 321/6687 201/6686
f 80/6680 321/6681 405/6683
f 80/6680 405/6683 141/6684
f 192/6692 208/6693 265/6694
f 249/6695 192/6696 265/6697
f 313/6700 314/6698 392/6699
f 392/6699 314/6698 265/6697
f 77/6702 393/6703 314/6704
f 77/6702 138/6705 393/6703
f 192/6706 114/6707 77/6702
f 77/6702 314/6704 192/6706
f 277/6715 278/6712 329/6714
f 272/6708 271/6709 217/6710
f 329/6714 278/6712 217/6710
f 238/6711 155/6713 217/6710
f 59/6717 330/6718 278/6719
f 59/6717 120/6720 330/6718
f 155/6722 96/6723 59/6717
f 59/6717 271/6721 155/6722
f 59/6717 278/6719 271/6721
f 317/6726 315/6728 397/6724
f 397/6724 316/6725 317/6726
f 195/6729 316/6725 206/6731
f 195/6729 250/6727 316/6725
f 78/6732 317/6733 398/6734
f 78/6732 398/6734 139/6736
f 195/6735 78/6732 115/6737
f 78/6732 195/6735 317/6733
f 285/6747 286/6745 343/6744
f 264/6738 255/6739 221/6740
f 343/6744 286/6745 221/6746
f 213/6741 163/6743 221/6740
f 63/6749 344/6750 286/6751
f 63/6749 124/6752 344/6750
f 163/6754 100/6755 63/6749
f 63/6749 255/6753 163/6754
f 63/6749 286/6751 255/6753
f 288/6761 287/6763 348/6762
f 402/291 401/349 421/277
f 166/6756 209/6757 222/6758
f 237/6759 262/6760 222/6758
f 348/6762 222/6758 288/6761
f 64/6765 288/6766 349/6767
f 64/6765 349/6767 125/6769
f 64/6765 166/6770 237/6768
f 64/6765 237/6768 288/6766
f 166/6770 64/6765 101/6771
f 284/6781 283/6782 341/6779
f 319/6636 251/6633 203/6635
f 162/6772 216/6773 220/6774
f 260/6776 266/6777 220/6778
f 341/6779 220/6780 284/6781
f 62/6784 284/6785 342/6786
f 62/6784 342/6786 123/6788
f 62/6784 162/6789 260/6787
f 62/6784 260/6787 284/6785
f 162/6789 62/6784 99/6790
f 151/6791 211/6792 269/6793
f 239/6794 151/6795 269/6796
f 273/6799 274/6797 322/6798
f 322/6798 274/6797 269/6796
f 57/6801 323/6802 274/6803
f 57/6801 118/6804 323/6802
f 151/6805 94/6806 57/6801
f 57/6801 274/6803 151/6805
f 281/6813 282/6811 336/6810
f 168/321 169/320 102/376
f 268/6807 263/6808 219/6809
f 336/6810 282/6811 219/6812
f 234/6815 159/6816 219/6817
f 61/6819 337/6820 282/6821
f 61/6819 122/6822 337/6820
f 159/6824 98/6825 61/6819
f 61/6819 263/6823 159/6824
f 61/6819 282/6821 263/6823
f 292/6828 291/6830 355/6826
f 355/6826 224/6827 292/6828
f 210/6831 258/6829 224/6827
f 170/6834 204/6833 224/6827
f 66/6835 292/6836 356/6837
f 66/6835 356/6837 127/6839
f 170/6840 66/6835 103/6841
f 66/6835 170/6840 210/6838
f 66/6835 210/6838 292/6836
f 82/6842 21/6843 23/6844
f 82/6842 51/6845 21/6843
f 280/6855 279/6856 334/6853
f 366/326 365/407 419/222
f 158/6846 236/6847 218/6848
f 267/6850 270/6851 218/6852
f 334/6853 218/6854 280/6855
f 60/6858 280/6859 335/6860
f 60/6858 335/6860 121/6862
f 60/6858 158/6863 267/6861
f 60/6858 267/6861 280/6859
f 158/6863 60/6858 97/6864
f 276/6867 275/6868 327/6865
f 360/6495 359/6492 128/6494
f 327/6865 257/6866 276/6867
f 154/6870 257/6871 214/6872
f 154/6873 240/6874 257/6875
f 58/6877 276/6878 328/6879
f 58/6877 328/6879 119/6881
f 154/6880 58/6877 95/6882
f 58/6877 154/6880 276/6878
f 289/6890 290/6888 350/6887
f 194/335 195/334 115/366
f 261/6883 233/6884 223/6885
f 350/6887 290/6888 223/6889
f 207/6892 167/6893 223/6894
f 65/6895 351/6896 290/6897
f 65/6895 126/6898 351/6896
f 167/6900 102/6901 65/6895
f 65/6895 233/6899 167/6900
f 65/6895 290/6897 233/6899
f 145/6407 118/6408 55/6409
f 147/6410 140/6454 139/6452
f 147/6410 141/6456 140/6454
f 147/6410 139/6452 138/6450
f 147/6410 138/6450 137/6448
f 147/6410 137/6448 136/6446
f 147/6410 136/6446 135/6444
f 147/6410 135/6444 134/6442
f 147/6410 134/6442 133/6440
f 147/6410 133/6440 132/6438
f 147/6410 132/6438 131/6436
f 147/6410 131/6436 130/6434
f 147/6410 130/6434 129/6432
f 147/6410 129/6432 128/6430
f 147/6410 128/6430 127/6428
f 147/6410 127/6428 126/6426
f 147/6410 126/6426 125/6424
f 147/6410 125/6424 124/6422
f 147/6410 124/6422 123/6420
f 147/6410 123/6420 122/6418
f 147/6410 122/6418 121/6416
f 147/6410 121/6416 120/6414
f 147/6410 120/6414 119/6412
f 147/6410 119/6412 118/6408
f 147/6410 118/6408 145/6407
f 140/6454 79/6457 78/6455
f 138/6450 77/6453 76/6451
f 136/6446 75/6449 74/6447
f 134/6442 73/6445 72/6443
f 132/6438 71/6441 70/6439
f 130/6434 69/6437 68/6435
f 128/6430 67/6433 66/6431
f 126/6426 65/6429 64/6427
f 124/6422 63/6425 62/6423
f 122/6418 61/6421 60/6419
f 120/6414 59/6417 58/6415
f 78/6455 139/6452 140/6454
f 76/6451 137/6448 138/6450
f 74/6447 135/6444 136/6446
f 72/6443 133/6440 134/6442
f 70/6439 131/6436 132/6438
f 68/6435 129/6432 130/6434
f 66/6431 127/6428 128/6430
f 64/6427 125/6424 126/6426
f 62/6423 123/6420 124/6422
f 60/6419 121/6416 122/6418
f 58/6415 119/6412 120/6414
f 141/6456 147/6410 80/6458
f 78/6455 79/6457 56/6413
f 79/6457 80/6458 56/6413
f 77/6453 78/6455 56/6413
f 76/6451 77/6453 56/6413
f 75/6449 76/6451 56/6413
f 74/6447 75/6449 56/6413
f 73/6445 74/6447 56/6413
f 72/6443 73/6445 56/6413
f 71/6441 72/6443 56/6413
f 70/6439 71/6441 56/6413
f 69/6437 70/6439 56/6413
f 68/6435 69/6437 56/6413
f 67/6433 68/6435 56/6413
f 66/6431 67/6433 56/6413
f 65/6429 66/6431 56/6413
f 64/6427 65/6429 56/6413
f 63/6425 64/6427 56/6413
f 62/6423 63/6425 56/6413
f 61/6421 62/6423 56/6413
f 60/6419 61/6421 56/6413
f 59/6417 60/6419 56/6413
f 58/6415 59/6417 56/6413
f 57/6411 58/6415 56/6413
f 55/6409 57/6411 56/6413
f 57/6411 55/6409 118/6408
f 56/6413 80/6458 147/6410
f 22/6601 81/6602 23/6603
f 82/6604 23/6603 81/6602
f 308/6911 307/6912 383/6909
f 152/330 153/329 94/367
f 187/6902 246/6903 74/6904
f 383/6909 232/6910 308/6911
f 187/6914 308/6915 232/6916
f 74/6904 308/6905 384/6907
f 74/6904 384/6907 135/6908
f 187/6902 74/6904 111/6906
f 300/6926 299/6927 369/6924
f 400/6639 318/6638 399/6637
f 179/6917 242/6918 70/6919
f 369/6924 228/6925 300/6926
f 179/6929 300/6930 228/6931
f 70/6919 300/6920 370/6922
f 70/6919 370/6922 131/6923
f 179/6917 70/6919 107/6921
f 23/6392 21/6383 20/6388
f 20/6388 22/6396 23/6392
f 304/6941 303/6942 376/6939
f 183/6932 244/6933 72/6934
f 376/6939 230/6940 304/6941
f 183/6944 304/6945 230/6946
f 72/6934 304/6935 377/6937
f 72/6934 377/6937 133/6938
f 183/6932 72/6934 109/6936
f 81/6947 22/6948 20/6949
f 81/6947 20/6949 48/6950
f 245/6951 184/6952 231/6953
f 305/6958 306/6956 378/6955
f 378/6955 306/6956 231/6957
f 73/6960 379/6961 306/6962
f 73/6960 134/6963 379/6961
f 184/6964 110/6965 73/6960
f 73/6960 306/6962 184/6964
f 256/6966 205/6967 225/6968
f 202/6970 171/6971 225/6972
f 293/6976 294/6974 357/6973
f 248/6614 312/6613 259/6612
f 357/6973 294/6974 225/6975
f 67/6978 358/6979 294/6980
f 67/6978 128/6981 358/6979
f 171/6983 104/6984 67/6978
f 67/6978 205/6982 171/6983
f 67/6978 294/6980 205/6982
f 243/6985 180/6986 229/6987
f 301/6992 302/6990 371/6989
f 371/6989 302/6990 229/6991
f 71/6994 372/6995 302/6996
f 71/6994 132/6997 372/6995
f 180/6998 108/6999 71/6994
f 71/6994 302/6996 180/6998
f 296/7002 295/7003 362/7000
f 380/345 379/408 419/222
f 362/7000 226/7001 296/7002
f 200/7005 254/7006 226/7007
f 175/7010 199/7011 226/7012
f 68/7013 296/7014 363/7015
f 68/7013 363/7015 129/7017
f 175/7018 68/7013 105/7019
f 68/7013 175/7018 200/7016
f 68/7013 200/7016 296/7014
f 241/7020 176/7021 227/7022
f 297/7027 298/7025 364/7024
f 364/7024 298/7025 227/7026
f 69/7029 365/7030 298/7031
f 69/7029 130/7032 365/7030
f 176/7033 106/7034 69/7029
f 69/7029 298/7031 176/7033
f 16/6631 18/6627 46/6630
f 46/6630 41/6632 16/6631
f 20/6388 36/6391 48/6395
f 36/6391 20/6388 34/6385
f 34/6385 20/6388 21/6383
f 48/6395 36/6391 38/6399
f 48/6395 38/6399 41/6402
f 41/6402 46/6405 48/6395
f 34/6385 21/6383 33/6380
f 33/6380 21/6383 35/6381
f 35/6381 21/6383 37/6386
f 37/6386 21/6383 39/6389
f 39/6389 21/6383 42/6393
f 21/6383 43/6397 42/6393
f 21/6383 44/6400 43/6397
f 45/7050 50/7051 47/7052
f 21/6383 51/6403 44/6400
f 50/7051 45/7050 51/7053
f 5872 5886 5874
f 5888 5874 5886
f 5868 5882 5870
f 5884 5870 5882
f 5888 5885 5887
f 5885 5888 5886
f 5881 5883 5882
f 5884 5882 5883
f 5869 5870 5883
f 5884 5883 5870
f 5874 5873 5871
f 5871 5872 5874
f 5870 5869 5867
f 5867 5868 5870
f 5886 5872 5871
f 5871 5885 5886
f 5873 5865 5871
f 5921/415 5922/416 5912/417
f 5869 5859 5867
f 5911/418 5910/419 5918/420
f 5909/421 5920/422 5910/419
f 5862 5871 5864
f 5862 5876 5871
f 5885 5871 5876
f 5923/423 5924/424 5916/523
f 5913/524 5922/416 5914/525
f 5912/417 5922/416 5913/524
f 5864 5871 5865
f 5916/523 5924/424 5917/526
f 5859 5869 5860
f 5915/527 5914/525 5919/528
f 5877 5860 5869
f 5858 5867 5859
f 5908/529 5920/422 5909/421
f 5907/530 5920/422 5908/529
f 5892 5877 5883
f 5893 5877 5892
f 5857 5867 5858
f 5855 5867 5857
f 253/288 150/276 404/294
f 5881 5889 5883
f 5897 5885 5895
f 5885 5897 5887
f 5869 5883 5877
f 5892 5883 5891
f 5899 5887 5898
f 5898 5887 5897
f 5891 5883 5889
f 5876 5895 5885
f 5925/409 5920/410 5930/411
f 5929/412 5934/413 5924/414
f 5841/5576 5835/5558 5838/5574
f 5840/5577 5835/5558 5841/5576
f 5844/5563 5835/5558 5840/5577
f 5879 5862 5863
f 5896 5862 5879
f 5876 5896 5895
f 5862 5896 5876
f 5894 5890 5856
f 5856 5861 5894
f 5862 5864 5863
f 5866 5863 5865
f 5861 5856 5860
f 5865 5863 5864
f 5858 5856 5857
f 5859 5856 5858
f 5860 5856 5859
f 5855 5857 5856
f 5894 5861 5860
f 5877 5893 5894
f 5860 5877 5894
f 5895 5896 5900
f 5889 5890 5894
f 5900 5899 5898
f 5900 5898 5897
f 5900 5897 5895
f 5894 5893 5892
f 5894 5892 5891
f 5894 5891 5889
f 5900 5896 5879
f 5880 5879 5863
f 5879 5880 5900
f 5863 5866 5880
f 5854/531 5804/532 5803/533
f 5906/534 5917/526 5854/531
f 5852/535 5799/536 5851/537
f 5851/537 5798/538 5907/530
f 45/7050 47/7052 42/7054
f 51/7053 45/7050 42/7054
f 42/7055 43/7056 44/7057
f 42/7058 44/7059 51/7060
f 284/425 260/426 339/359
f 342/427 284/425 339/359
f 395/336 193/365 393/342
f 367/325 178/230 365/407
f 161/240 160/381 263/241
f 260/426 162/239 263/241
f 381/344 185/392 379/408
f 402/291 197/371 400/287
f 302/428 372/346 181/385
f 180/384 302/428 181/385
f 298/232 365/407 178/230
f 177/231 176/387 298/232
f 388/327 189/395 386/358
f 306/429 379/408 185/392
f 184/404 306/429 185/392
f 296/430 200/431 360/340
f 363/432 296/430 360/340
f 288/433 237/434 346/357
f 349/435 288/433 346/357
f 278/436 330/355 332/356
f 271/319 278/436 332/356
f 271/319 332/356 267/437
f 314/438 393/342 193/365
f 192/399 314/438 193/365
f 310/439 386/358 189/395
f 188/406 310/439 189/395
f 292/440 210/441 353/337
f 356/442 292/440 353/337
f 317/443 195/334 395/336
f 398/444 317/443 395/336
f 242/445 179/380 367/325
f 370/446 300/447 367/325
f 244/448 183/233 374/235
f 377/449 304/450 374/235
f 246/451 187/452 381/344
f 384/453 308/454 381/344
f 312/455 191/456 388/327
f 391/457 312/455 388/327
f 252/458 198/401 402/291
f 405/289 321/459 402/291
f 374/235 181/385 372/346
f 319/460 400/287 197/371
f 196/400 319/460 197/371
f 174/324 173/236 205/238
f 200/431 175/323 205/238
f 358/339 359/350 294/351
f 205/238 294/351 360/340
f 205/238 360/340 200/431
f 172/237 171/386 205/238
f 290/461 351/347 353/337
f 233/322 290/461 353/337
f 233/322 353/337 210/441
f 325/332 153/329 323/362
f 286/462 344/353 346/357
f 255/229 286/462 346/357
f 255/229 346/357 237/434
f 274/331 323/362 153/329
f 152/330 151/369 274/331
f 276/463 154/382 325/332
f 328/464 276/463 325/332
f 168/321 167/375 233/322
f 163/378 255/229 164/364
f 282/465 337/361 339/359
f 263/241 282/465 339/359
f 263/241 339/359 260/426
f 159/391 263/241 160/381
f 295/6459 296/6460 176/6461
f 299/6462 300/6463 180/6464
f 303/6465 304/6466 184/6467
f 155/402 271/319 156/377
f 165/228 164/364 255/229
f 237/434 166/227 255/229
f 170/388 169/320 233/322
f 210/441 170/388 233/322
f 280/466 267/437 332/356
f 335/467 280/466 332/356
f 157/318 156/377 271/319
f 267/437 158/317 271/319
f 182/234 181/385 374/235
f 186/393 185/392 381/344
f 178/230 367/325 179/380
f 194/335 193/365 395/336
f 197/371 402/291 198/401
f 190/396 189/395 388/327
f 307/6468 308/6469 188/6470
f 311/6471 312/6472 192/6473
f 315/6474 317/6475 196/6476
f 320/6689 321/6687 150/6690
f 153/329 325/332 154/382
f 5926/468 5927/469 5929/412
f 5932/470 5929/412 5927/469
f 5921/471 5920/410 5925/409
f 5927/469 5926/468 5922/472
f 5922/472 5925/409 5927/469
f 5923/473 5922/472 5926/468
f 428/224 426/474 431/475
f 430/476 431/475 427/477
f 422/478 421/277 425/479
f 424/221 426/474 421/277
f 5828/5578 5829/5579 5809/5550
f 5830/5580 5809/5550 5829/5579
f 5817/5581 5809/5550 5830/5580
f 5817/5581 5833/5582 5818/5583
f 5818/5583 5834/5573 5819/5560
f 5809/5550 5827/5584 5828/5578
f 5826/5585 5827/5584 5816/5586
f 5815/5587 5823/5575 5824/5588
f 5814/5553 5822/5548 5823/5575
f 5795/5589 5796/5590 5790/5591
f 5797/5562 5790/5591 5796/5590
f 5791/5592 5790/5591 5797/5562
f 5806/5593 5805/5551 5809/5550
f 5793/5594 5788/5544 5794/5547
f 5793/5594 5795/5589 5790/5591
f 5809/5550 5807/5595 5806/5593
f 5809/5550 5808/5555 5807/5595
f 90/282 81/274 89/273
f 397/480 398/444 421/277
f 316/286 397/480 421/277
f 390/481 391/457 265/279
f 259/281 390/481 265/279
f 322/482 269/271 419/222
f 323/362 322/482 419/222
f 326/483 325/332 419/222
f 328/464 326/483 419/222
f 329/484 328/464 419/222
f 330/355 329/484 419/222
f 333/485 332/356 419/222
f 335/467 333/485 419/222
f 336/486 219/487 335/467
f 336/486 335/467 419/222
f 337/361 336/486 419/222
f 340/488 339/359 419/222
f 342/427 340/488 419/222
f 343/489 342/427 419/222
f 344/353 343/489 419/222
f 347/490 346/357 419/222
f 349/435 347/490 419/222
f 350/491 349/435 419/222
f 351/347 350/491 419/222
f 354/492 353/337 419/222
f 356/442 354/492 419/222
f 357/493 225/494 356/442
f 357/493 356/442 419/222
f 358/339 357/493 419/222
f 361/495 360/340 419/222
f 363/432 361/495 419/222
f 364/496 227/497 363/432
f 364/496 363/432 419/222
f 365/407 364/496 419/222
f 368/498 367/325 419/222
f 370/446 368/498 419/222
f 371/499 229/500 370/446
f 371/499 370/446 419/222
f 372/346 371/499 419/222
f 375/501 374/235 419/222
f 377/449 375/501 419/222
f 378/502 231/503 377/449
f 378/502 377/449 419/222
f 379/408 378/502 419/222
f 382/504 381/344 419/222
f 384/453 382/504 419/222
f 385/505 235/506 384/453
f 385/505 384/453 419/222
f 386/358 385/505 419/222
f 389/507 388/327 419/222
f 391/457 389/507 419/222
f 392/508 265/279 391/457
f 392/508 391/457 419/222
f 393/342 392/508 419/222
f 396/509 395/336 419/222
f 398/444 396/509 419/222
f 420/510 421/277 398/444
f 334/511 335/467 219/487
f 218/512 334/511 219/487
f 369/513 370/446 229/500
f 228/514 369/513 229/500
f 376/515 377/449 231/503
f 230/516 376/515 231/503
f 383/517 384/453 235/506
f 232/518 383/517 235/506
f 348/519 349/435 223/520
f 355/521 356/442 225/494
f 224/522 355/521 225/494
f 362/7061 363/7062 143/7063
f 5802/539 5803/533 5797/556
f 5802/539 5796/557 5853/558
f 5801/5509 5796/557 5795/5510
f 5800/5511 5795/5510 5794/5512
f 5852/535 5875/5513 5796/557
f 150/276 253/288 421/277
f 311/6615 391/6617 390/6611
f 5901/5514 5907/530 5908/529
f 5902/5515 5908/529 5909/421
f 5903/5516 5909/421 5910/419
f 5911/418 5912/417 5904/5517
f 5913/524 5875/5513 5912/417
f 5914/525 5875/5513 5913/524
f 5905/5518 5875/5513 5914/525
f 5905/5518 5916/523 5906/534
f 5933/540 5934/413 5929/412
f 5931/541 5932/470 5928/542
f 5767/206 5760/543 5775/544
f 442/545 441/546 446/219
f 5769/209 5768/547 5777/548
f 5765/208 5768/547 5762/549
f 5763/550 5762/549 5768/547
f 451/217 446/219 441/546
f 452/218 457/551 444/552
f 418/553 414/301 417/554
f 417/554 413/278 422/478
f 5081/186 3179/187 3225/99
f 1202/101 453/188 1154/189
f 416/310 412/306 414/301
f 93/307 412/306 92/316
f 1231/97 3225/99 3179/187
f 5048/98 5764/190 5093/191
f 5092/104 3224/192 5080/193
f 1230/103 3224/192 3131/194
f 5025/195 3131/194 3224/192
f 82/296 86/298 91/302
f 414/301 412/306 144/300
f 142/305 144/300 412/306
f 5927/469 5928/542 5932/470
f 5928/542 5927/469 5925/409
f 5928/542 5925/409 5930/411
f 5926/468 5929/412 5924/414
f 425/479 426/474 428/224
f 432/555 433/225 428/224
f 5813/5556 5809/5550 5819/5560
f 5819/5560 5834/5573 5835/5558
f 425/479 428/224 423/226
f 425/479 421/277 426/474
f 427/477 426/474 424/221
f 420/510 419/222 424/221
f 427/477 424/221 429/223
f 427/477 431/475 426/474
f 5814/5553 5820/5545 5822/5548
f 5815/5587 5809/5550 5814/5553
f 5793/5594 5794/5547 5795/5589
f 5789/5596 5788/5544 5793/5594
f 5784/902 5790/619 5791/611
f 5791/5592 5797/5562 5792/5561
f 434/623 433/627 432/625
f 432/555 428/224 431/475
f 422/478 425/479 423/226
f 422/478 413/278 421/277
f 5787/616 5788/601 5789/620
f 5789/5596 5793/5594 5790/5591
f 436/903 431/614 430/628
f 430/476 427/477 429/223
f 420/510 424/221 421/277
f 420/510 398/444 419/222
f 5354/147 5850/161 5287/113
f 5276/196 3328/112 5287/113
f 1101/114 423/153 1106/140
f 1326/154 3328/112 1106/140
f 5276/196 5846/162 5271/116
f 5271/116 3125/144 3317/115
f 583/107 423/153 1101/114
f 1101/114 1106/140 3317/115
f 5276/196 5271/116 3328/112
f 5276/196 5287/113 5846/162
f 437/585 441/584 435/613
f 436/903 439/587 437/585
f 5787/616 5774/602 5788/601
f 5787/616 5789/620 5783/617
f 434/623 443/622 433/627
f 434/623 432/625 435/613
f 5781/609 5776/608 5783/617
f 5784/902 5778/603 5781/609
f 5853/558 5875/5513 5854/531
f 5854/531 5917/526 5804/532
f 5851/537 5799/536 5798/538
f 5901/5514 5875/5513 5851/537
f 5906/534 5854/531 5875/5513
f 5906/534 5916/523 5917/526
f 5901/5514 5851/537 5907/530
f 5831/5597 5832/5598 5817/5581
f 5825/5599 5826/5585 5816/5586
f 5902/5515 5875/5513 5901/5514
f 5915/527 5916/523 5905/5518
f 5905/5518 5906/534 5875/5513
f 5852/535 5851/537 5875/5513
f 5801/5509 5800/5511 5852/535
f 5853/558 5854/531 5803/533
f 5853/558 5796/557 5875/5513
f 5902/5515 5901/5514 5908/529
f 5903/5516 5875/5513 5902/5515
f 5903/5516 5902/5515 5909/421
f 5904/5517 5875/5513 5903/5516
f 5904/5517 5903/5516 5910/419
f 5904/5517 5912/417 5875/5513
f 462/647 455/646 501/852
f 459/724 457/743 462/647
f 4772/638 3178/637 2200/723
f 4805/721 5764/664 4772/638
f 4771/851 2312/850 2199/635
f 5025/904 5760/794 4771/851
f 5818/5583 5833/5582 5834/5573
f 5818/5583 5819/5560 5809/5550
f 5813/5556 5811/5554 5809/5550
f 5813/5556 5819/5560 5821/5557
f 5933/540 5929/412 5932/470
f 5919/528 5922/416 5923/423
f 5923/473 5926/468 5924/414
f 5931/541 5928/542 5930/411
f 5918/420 5920/422 5921/415
f 5921/471 5925/409 5922/472
f 5918/420 5921/415 5912/417
f 5918/420 5910/419 5920/422
f 5919/528 5923/423 5916/523
f 5919/528 5914/525 5922/416
f 5799/536 5852/535 5800/5511
f 5801/5509 5852/535 5796/557
f 5802/539 5797/556 5796/557
f 5802/539 5853/558 5803/533
f 5915/527 5919/528 5916/523
f 5915/527 5905/5518 5914/525
f 5816/5586 5809/5550 5815/5587
f 5815/5587 5814/5553 5823/5575
f 5812/5552 5810/5549 5820/5545
f 5812/5552 5814/5553 5809/5550
f 5911/418 5918/420 5912/417
f 5911/418 5904/5517 5910/419
f 5800/5511 5801/5509 5795/5510
f 5800/5511 5794/5512 5799/536
f 5784/902 5791/611 5778/603
f 5784/902 5781/609 5790/619
f 436/903 437/585 431/614
f 436/903 430/628 439/587
f 458/630 457/743 459/724
f 459/724 462/647 499/725
f 5777/607 5781/609 5778/603
f 5777/548 5768/547 5776/207
f 442/624 435/613 441/584
f 444/552 443/559 442/545
f 440/583 437/585 439/587
f 445/560 441/546 440/212
f 5775/618 5783/617 5776/608
f 5775/544 5760/543 5774/561
f 4842/719 5764/664 4805/721
f 4805/721 4772/638 2313/722
f 4804/849 2424/848 2312/850
f 4804/849 4771/851 5760/794
f 5766/562 5768/547 5769/209
f 5769/209 5777/548 5778/210
f 444/552 442/545 446/219
f 444/552 457/551 443/559
f 5765/208 5776/207 5768/547
f 5761/563 5760/543 5765/208
f 451/217 455/216 446/219
f 445/560 453/214 451/217
f 5354/147 5287/113 3712/111
f 5779/155 5850/161 5354/147
f 1329/197 486/134 1428/110
f 1540/136 3712/111 1428/110
f 5235/148 5271/116 5846/162
f 955/117 1000/108 3125/144
f 5767/206 5765/208 5760/543
f 5767/206 5775/544 5776/207
f 445/560 440/212 453/214
f 445/560 451/217 441/546
f 460/726 457/743 458/630
f 458/630 459/724 498/631
f 5759/652 5719/651 5720/648
f 5763/905 5764/664 5759/652
f 5758/641 5762/640 5720/648
f 5756/777 5760/794 5758/641
f 456/645 462/647 457/743
f 456/220 446/219 455/216
f 5763/905 5759/652 5762/640
f 5766/562 5764/211 5763/550
f 5761/639 5758/641 5760/794
f 5761/563 5765/208 5762/549
f 454/892 501/852 455/646
f 454/215 451/217 453/214
f 4888/715 5764/664 4842/719
f 4842/719 4805/721 2425/720
f 4841/847 2571/846 2424/848
f 4841/847 4804/849 5760/794
f 5816/5586 5827/5584 5809/5550
f 5816/5586 5815/5587 5824/5588
f 438/621 434/623 435/613
f 438/621 442/624 443/622
f 5780/615 5787/616 5783/617
f 5780/615 5775/618 5774/602
f 5766/562 5769/209 5764/211
f 5766/562 5763/550 5768/547
f 452/218 456/220 457/551
f 452/218 444/552 446/219
f 5832/5598 5833/5582 5817/5581
f 5817/5581 5818/5583 5809/5550
f 460/726 458/630 500/632
f 463/728 457/743 460/726
f 5756/777 5758/641 5718/649
f 5754/779 5760/794 5756/777
f 5757/650 5759/652 5764/664
f 5757/650 5717/653 5719/651
f 4930/57 2974/6 5120/59
f 5228/54 5822/34 5120/59
f 40/267 26/259 51/261
f 40/267 406/309 28/564
f 4924/718 5764/664 4888/715
f 4888/715 4842/719 2572/716
f 4887/845 2710/844 2571/846
f 4887/845 4841/847 5760/794
f 1540/136 1428/110 519/135
f 1544/137 3712/111 1540/136
f 1544/137 1540/136 535/119
f 1544/137 3006/138 3712/111
f 1326/154 1106/140 476/150
f 1329/197 3328/112 1326/154
f 1329/197 1428/110 3328/112
f 1329/197 1326/154 486/134
f 5755/644 5715/643 5717/653
f 5755/644 5757/650 5764/664
f 463/728 460/726 502/727
f 465/730 457/743 463/728
f 5754/779 5756/777 5716/778
f 5752/781 5760/794 5754/779
f 461/891 454/892 453/853
f 461/891 503/901 501/852
f 4924/718 4888/715 2711/717
f 4960/713 5764/664 4924/718
f 4923/843 2858/842 2710/844
f 4923/843 4887/845 5760/794
f 5169/606 3333/591 3129/592
f 5244/24 5788/61 5169/20
f 5205/604 5792/612 5170/610
f 4982/198 3183/127 5170/165
f 1043/588 439/587 429/629
f 1262/89 3129/21 1043/64
f 1156/906 3183/605 1044/626
f 967/142 433/151 1044/126
f 5831/5597 5817/5581 5830/5580
f 5753/642 5755/644 5764/664
f 5753/642 5713/655 5715/643
f 465/730 463/728 504/729
f 479/732 457/743 465/730
f 5752/781 5754/779 5714/780
f 5738/783 5760/794 5752/781
f 464/900 505/899 503/901
f 464/900 461/891 453/853
f 4994/711 5764/664 4960/713
f 4960/713 4924/718 2861/714
f 4959/840 3015/839 2858/842
f 4959/840 4923/843 5760/794
f 5779/155 5354/147 5701/146
f 5785/157 5850/161 5779/155
f 1001/25 466/26 419/17
f 1001/25 2451/32 2974/6
f 92/316 40/267 51/261
f 92/316 412/306 406/309
f 1224/593 3129/592 3333/591
f 1154/907 439/587 1224/593
f 5205/604 5778/603 5792/612
f 5205/604 5170/610 3334/595
f 1225/599 3179/598 3334/595
f 1156/906 443/622 1225/599
f 5118/908 3333/591 5204/600
f 5204/600 5169/606 5788/601
f 5785/157 5779/155 5736/156
f 5786/159 5850/161 5785/157
f 27/266 40/267 28/564
f 5786/159 5785/157 5744/158
f 5845/199 5850/161 5786/159
f 417/554 414/301 413/278
f 417/554 422/478 423/226
f 5739/654 5753/642 5764/664
f 5739/654 5711/657 5713/655
f 479/732 465/730 506/731
f 489/734 457/743 479/732
f 5738/783 5752/781 5712/782
f 5727/785 5760/794 5738/783
f 478/898 507/897 505/899
f 478/898 464/900 453/853
f 53/312 409/311 423/226
f 53/312 32/315 31/313
f 5027/709 5764/664 4994/711
f 4994/711 4960/713 3016/712
f 4993/838 4959/840 5760/794
f 4993/838 3132/841 3015/839
f 5327/69 5822/34 5228/54
f 5228/54 5120/59 3448/55
f 5825/5599 5816/5586 5824/5588
f 5843/5568 5847/5567 5848/5569
f 5843/5568 5839/5570 5822/5548
f 5845/5600 5835/5558 5844/5563
f 5844/5563 5840/5577 5849/5564
f 5782/33 5773/35 5772/71
f 5842/90 5822/34 5782/33
f 54/109 1000/108 32/118
f 54/314 53/312 423/226
f 5845/199 5786/159 5835/130
f 5845/5600 5844/5563 5850/5565
f 52/51 450/47 419/17
f 52/272 83/269 24/262
f 5842/90 5782/33 5847/72
f 5842/5566 5843/5568 5822/5548
f 5728/656 5739/654 5764/664
f 5728/656 5709/659 5711/657
f 489/734 479/732 508/733
f 491/736 457/743 489/734
f 5727/785 5738/783 5710/784
f 5725/787 5760/794 5727/785
f 488/896 509/895 507/897
f 488/896 478/898 453/853
f 1153/586 1043/588 3129/592
f 1153/586 1224/593 439/587
f 1156/906 1225/599 3183/605
f 1156/906 1044/626 443/622
f 5074/707 5764/664 5027/709
f 5027/709 4994/711 3177/710
f 5026/837 3292/836 3132/841
f 5026/837 4993/838 5760/794
f 4982/198 5745/131 4878/143
f 4791/200 2777/128 4878/143
f 1262/89 467/18 1376/22
f 1471/91 3519/3 1376/22
f 967/142 1044/126 2777/128
f 940/132 433/151 967/142
f 5244/24 5169/20 3519/3
f 5270/23 5788/61 5244/24
f 5118/908 5774/602 5080/589
f 5080/193 3224/192 3130/102
f 5081/596 3334/595 3179/598
f 5093/191 5778/201 5081/186
f 1205/202 3179/187 1155/92
f 1155/597 1225/599 443/622
f 1154/907 1224/593 3130/590
f 1154/189 453/188 439/203
f 93/307 88/304 412/306
f 93/307 92/316 51/261
f 416/310 406/309 412/306
f 418/553 423/226 416/310
f 5047/204 3224/192 5092/104
f 5092/104 5080/193 5774/105
f 5093/191 5081/186 3225/99
f 5093/191 5764/190 5778/201
f 1231/97 3178/96 3225/99
f 1205/202 457/94 1231/97
f 1230/103 3130/102 3224/192
f 1203/205 453/188 1230/103
f 5726/658 5728/656 5764/664
f 5726/658 5706/661 5709/659
f 491/736 489/734 510/735
f 493/738 457/743 491/736
f 5725/787 5727/785 5708/786
f 5723/789 5760/794 5725/787
f 490/894 511/893 509/895
f 490/894 488/896 453/853
f 418/553 417/554 423/226
f 418/553 416/310 414/301
f 5107/705 5764/664 5074/707
f 5074/707 5027/709 3293/708
f 5073/835 3428/834 3292/836
f 5073/835 5026/837 5760/794
f 1205/202 1155/92 457/94
f 1205/202 1231/97 3179/187
f 1202/101 1230/103 453/188
f 1202/101 1154/189 3130/102
f 5028/100 3225/99 3178/96
f 5028/636 4772/638 5764/664
f 5025/904 4771/851 3131/634
f 5047/204 5760/106 5025/195
f 1204/95 1231/97 457/94
f 1204/776 2200/723 3178/637
f 1203/633 2199/635 453/853
f 1203/205 1230/103 3131/194
f 1471/91 522/12 1518/1
f 1518/1 3128/13 3675/2
f 4758/139 3182/122 2612/133
f 4791/200 5693/123 4758/139
f 940/132 536/120 433/151
f 940/132 967/142 2612/133
f 5270/23 5682/14 5788/61
f 5270/23 5244/24 3675/2
f 4927/10 2974/6 4930/57
f 4930/57 5120/59 5746/58
f 4840/8 2974/6 4927/10
f 4927/10 4930/57 5730/11
f 5118/908 5080/589 3333/591
f 5118/908 5204/600 5774/602
f 5119/594 5081/596 5778/603
f 5119/594 5205/604 3334/595
f 5048/98 5028/100 5764/190
f 5048/98 5093/191 3225/99
f 5047/204 5092/104 5760/106
f 5047/204 5025/195 3224/192
f 5724/660 5726/658 5764/664
f 5724/660 5675/663 5706/661
f 493/738 491/736 512/737
f 495/740 457/743 493/738
f 5723/789 5725/787 5705/788
f 5721/791 5760/794 5723/789
f 492/890 542/889 511/893
f 492/890 490/894 453/853
f 5138/703 5764/664 5107/705
f 5107/705 5074/707 3431/706
f 5106/833 3580/832 3428/834
f 5106/833 5073/835 5760/794
f 5878/568 5839/570 5848/572
f 5878/568 5930/573 5920/569
f 907/31 1001/25 419/17
f 907/31 2079/45 2451/32
f 415/308 416/310 423/226
f 415/308 407/253 406/309
f 1471/91 1518/1 3519/3
f 1471/91 1376/22 522/12
f 4791/200 4758/139 2777/128
f 4791/200 4878/143 5693/123
f 5327/69 5228/54 3888/56
f 5327/69 4214/70 5822/34
f 4982/198 4878/143 3183/127
f 4982/198 5170/165 5745/131
f 1262/89 1376/22 3129/21
f 1262/89 1043/64 467/18
f 5722/662 5724/660 5764/664
f 5722/662 5669/665 5675/663
f 495/740 493/738 543/739
f 495/740 549/741 457/743
f 5721/791 5723/789 5674/790
f 5721/791 5668/792 5760/794
f 494/888 548/887 542/889
f 494/888 492/890 453/853
f 5138/703 3714/702 5764/664
f 5138/703 5107/705 3581/704
f 5137/831 3713/830 3580/832
f 5137/831 5106/833 5760/794
f 583/107 54/109 423/153
f 583/107 1101/114 1000/108
f 5040/145 5354/147 3712/111
f 5040/145 5692/124 5701/146
f 5039/149 3180/125 5692/124
f 5039/149 5040/145 3712/111
f 4840/8 5681/7 2974/6
f 4840/8 4927/10 5695/9
f 186/393 187/452 111/394
f 187/452 186/393 381/344
f 190/396 191/456 113/397
f 191/456 190/396 388/327
f 310/6657 247/6654 235/6656
f 386/6662 309/6661 385/6658
f 320/6689 405/6691 404/6685
f 252/6679 321/6681 80/6680
f 321/459 252/458 402/291
f 314/6698 249/6695 265/6697
f 393/6701 313/6700 392/6699
f 330/6716 277/6715 329/6714
f 278/6712 272/6708 217/6710
f 271/6709 238/6711 217/6710
f 315/6728 398/6730 397/6724
f 250/6727 317/6726 316/6725
f 344/6748 285/6747 343/6744
f 286/6742 264/6738 221/6740
f 255/6739 213/6741 221/6740
f 287/6763 349/6764 348/6762
f 209/6757 237/6759 222/6758
f 262/6760 288/6761 222/6758
f 283/6782 342/6783 341/6779
f 216/6773 260/6775 220/6774
f 266/7035 284/7036 220/7037
f 274/6797 239/6794 269/6796
f 323/6800 273/6799 322/6798
f 337/6814 281/6813 336/6810
f 282/7038 268/7039 219/7040
f 263/6818 234/6815 219/6817
f 291/6830 356/6832 355/6826
f 258/6829 292/6828 224/6827
f 204/6833 210/6831 224/6827
f 279/6856 335/6857 334/6853
f 236/6847 267/6849 218/6848
f 270/7041 280/7042 218/7043
f 275/6868 328/6869 327/6865
f 240/6874 276/6876 257/6875
f 351/6891 289/6890 350/6887
f 290/7044 261/7045 223/7046
f 233/6884 207/6886 223/6885
f 307/6912 384/6913 383/6909
f 246/6903 308/6905 74/6904
f 308/454 246/451 381/344
f 299/6927 370/6928 369/6924
f 242/6918 300/6920 70/6919
f 300/447 242/445 367/325
f 303/6942 377/6943 376/6939
f 244/6933 304/6935 72/6934
f 304/450 244/448 374/235
f 306/6954 245/6951 231/6953
f 379/6959 305/6958 378/6955
f 294/6969 256/6966 225/6968
f 205/7047 202/7048 225/7049
f 358/6977 293/6976 357/6973
f 302/6988 243/6985 229/6987
f 372/6993 301/6992 371/6989
f 295/7003 363/7004 362/7000
f 254/7006 296/7008 226/7007
f 199/7009 200/7005 226/7007
f 298/7023 241/7020 227/7022
f 365/7028 297/7027 364/7024
