# This file uses centimeters as units for non-parametric coordinates.

mtllib tower_v2.mtl
v -3.716034 0.000000 3.365030
v -3.716034 0.000000 1.682570
v -3.716034 0.000000 0.000036
v -3.716034 0.000000 -1.682505
v -3.716034 0.000000 -3.365030
v -3.704727 0.343430 -0.755869
v -3.704727 0.343445 -1.380960
v -3.700668 0.170822 1.304586
v -3.700668 0.170807 -2.060404
v -3.685303 0.341721 -0.755869
v -3.685303 0.341705 -1.380960
v -3.628052 0.979752 0.743843
v -3.627739 0.982178 0.701958
v -3.626724 0.994034 0.663658
v -3.626022 1.001831 0.644783
v -3.624466 1.019531 0.636589
v -3.594360 1.354401 -3.243263
v -3.586792 1.438084 3.044998
v -3.581253 1.718491 -0.755867
v -3.581253 1.718506 -1.380959
v -3.580704 1.506897 -2.770607
v -3.579147 1.523651 -2.905312
v -3.577820 1.538788 -2.734200
v -3.576569 1.552277 -2.961159
v -3.573219 1.589874 -2.984474
v -3.571426 1.608902 0.195885
v -3.570724 1.617805 2.243629
v -3.570175 1.622643 2.159851
v -3.568459 1.641747 2.265694
v -3.568146 1.646271 2.083260
v -3.566742 1.662025 2.045425
v -3.565651 1.673729 2.268272
v -3.563545 1.697365 2.029045
v -3.562454 1.709686 -1.742104
v -3.561829 1.716782 -0.755867
v -3.561829 1.716766 -1.380959
v -3.560036 1.736519 2.278412
v -3.558556 1.752747 -1.726662
v -3.558167 1.757500 2.048622
v -3.553093 1.814903 2.082710
v -3.552391 1.822548 2.400719
v -3.551300 1.616005 2.243629
v -3.550827 1.620918 2.159851
v -3.550285 1.844933 2.432701
v -3.549042 1.639954 2.265694
v -3.548721 1.644554 2.083260
v -3.547478 1.876991 2.435349
v -3.547318 1.877853 2.088173
v -3.547318 1.660233 2.045425
v -3.546234 1.672012 2.268272
v -3.544128 1.695564 2.029045
v -3.543655 1.919121 2.145340
v -3.542252 1.935028 2.384567
v -3.541550 1.942047 2.216011
v -3.541161 1.947273 2.231384
v -3.540619 1.734802 2.278412
v -3.539993 1.959358 2.296822
v -3.539444 1.966545 2.257591
v -3.538742 1.755783 2.048622
v -3.533516 1.813118 2.082710
v -3.533203 2.034698 -1.638680
v -3.532974 1.820839 2.400719
v -3.530869 1.843224 2.432701
v -3.528061 1.875206 2.435349
v -3.527901 1.876060 2.088173
v -3.524704 2.129093 3.173698
v -3.524704 2.129089 -3.173714
v -3.524231 1.917397 2.145340
v -3.522827 1.933311 2.384567
v -3.522125 1.940254 2.216011
v -3.521744 1.945557 2.231384
v -3.520569 1.957573 2.296822
v -3.520020 1.964745 2.257591
v -3.476967 2.877892 2.724960
v -3.476967 2.877884 1.147720
v -3.472595 2.708771 -3.121536
v -3.457550 2.876183 2.724960
v -3.457550 2.876175 1.147720
v -3.445297 3.013855 -2.176254
v -3.442337 3.478874 2.515762
v -3.442337 3.478874 2.137070
v -3.442184 3.047394 -2.445572
v -3.439529 3.077667 -2.103317
v -3.437103 3.104553 -2.557358
v -3.431885 3.163696 -2.072372
v -3.430328 3.179749 -2.603989
v -3.425949 3.229980 -2.065720
v -3.425949 3.012054 -2.176254
v -3.423141 3.477074 2.515762
v -3.423141 3.477074 2.137070
v -3.422913 3.045807 -2.445572
v -3.420334 3.075928 -2.103317
v -3.420334 3.291199 -2.118698
v -3.419327 3.301971 -0.374374
v -3.419090 3.305023 -2.146683
v -3.417847 3.318817 -2.174454
v -3.417847 3.102844 -2.557358
v -3.417526 3.322632 -2.541061
v -3.416748 3.331207 -0.401443
v -3.415970 3.340668 -2.172348
v -3.414413 3.790871 2.515762
v -3.414413 3.790871 2.137070
v -3.412460 3.161957 -2.072372
v -3.411057 3.178040 -2.603989
v -3.410507 3.400635 -2.519058
v -3.409500 3.412720 -2.179550
v -3.406532 3.228424 -2.065720
v -3.403725 3.476379 -2.531448
v -3.401077 3.289398 -2.118698
v -3.399826 3.303284 -2.146683
v -3.398972 3.528015 -2.317917
v -3.398651 3.317108 -2.174454
v -3.398270 3.321075 -2.541061
v -3.396866 3.552673 -2.557358
v -3.396706 3.338928 -2.172348
v -3.395462 3.567169 -0.917343
v -3.394989 3.789162 2.515762
v -3.394989 3.789162 2.137070
v -3.393356 3.591675 -2.304245
v -3.391327 3.398926 -2.519058
v -3.390778 3.620361 -2.543320
v -3.390076 3.411011 -2.179550
v -3.388985 3.640656 -2.235397
v -3.387970 3.652191 -2.008469
v -3.387817 3.654144 -2.037888
v -3.386253 3.670532 -1.954636
v -3.384460 3.474670 -2.531448
v -3.381653 3.937599 2.724960
v -3.381653 3.937592 1.147720
v -3.381340 3.725983 -2.388168
v -3.381180 3.727783 -1.896378
v -3.379776 3.526215 -2.317917
v -3.378845 3.752441 -2.385452
v -3.378372 3.758179 -2.216110
v -3.378372 3.757965 -2.301132
v -3.378143 3.761322 -2.356735
v -3.377670 3.550964 -2.557358
v -3.375877 3.786346 -1.950607
v -3.374161 3.589966 -2.304245
v -3.373459 3.813416 -2.044052
v -3.371506 3.618561 -2.543320
v -3.369644 3.638855 -2.235397
v -3.368546 3.650391 -2.008469
v -3.368393 3.652496 -2.037888
v -3.366989 3.668976 -1.954636
v -3.362457 3.935890 2.724960
v -3.362457 3.935883 1.147720
v -3.362076 3.724426 -2.388168
v -3.361916 3.726135 -1.896378
v -3.359650 3.750854 -2.385452
v -3.359108 3.756409 -2.216110
v -3.359108 3.756256 -2.301132
v -3.358795 3.759583 -2.356735
v -3.356689 3.784576 -1.950607
v -3.355209 4.016373 1.298111
v -3.354195 3.811707 -2.044052
v -3.347878 4.097031 1.362442
v -3.347878 4.096939 -0.128677
v -3.347878 4.097031 -0.917343
v -3.340622 4.177612 -1.555527
v -3.333374 4.258167 2.982361
v -3.333374 4.258163 1.491226
v -3.333374 4.258163 0.000031
v -3.333374 4.258179 -1.491196
v -3.333374 4.258179 -2.982315
v -3.326584 4.335316 2.975571
v -3.326584 4.335312 1.487808
v -3.326584 4.335312 0.000031
v -3.326584 4.335327 -1.487656
v -3.326584 4.335327 -2.975357
v -3.319565 4.412445 -1.494553
v -3.314102 4.267929 1.510498
v -3.312698 4.489517 1.473923
v -3.312622 4.489594 -0.013779
v -3.308876 4.325714 1.505417
v -3.305679 4.566650 1.466965
v -3.305679 4.566650 -1.480728
v -3.298737 4.643650 2.947723
v -3.298737 4.643646 1.473923
v -3.298737 4.643646 0.000031
v -3.298737 4.643646 -1.473862
v -3.298737 4.643646 -2.947678
v -3.294754 4.277588 0.038712
v -3.294754 4.277527 -1.452499
v -3.291328 4.316132 -1.452499
v -3.291245 4.316132 0.035370
v -3.284225 5.434036 1.408173
v -3.284225 5.434036 0.798126
v -3.283371 5.011341 2.897568
v -3.283371 5.011345 1.912750
v -3.283371 5.011345 1.893326
v -3.283371 5.011337 0.573730
v -3.283371 5.011337 -0.745880
v -3.283371 5.011353 -1.113739
v -3.283371 5.011353 -1.133148
v -3.283371 5.011353 -2.928314
v -3.280640 2.251156 3.162773
v -3.280640 2.444050 3.145386
v -3.277443 5.294487 1.518158
v -3.277443 5.294479 -0.633087
v -3.275414 4.287262 1.471878
v -3.275414 4.287262 -1.433151
v -3.273697 4.306458 1.470245
v -3.273697 5.011337 0.573730
v -3.273697 4.306458 -1.434860
v -3.265045 5.432297 1.408173
v -3.265045 5.432297 0.798126
v -3.263947 5.011345 1.912750
v -3.263947 5.011345 1.893326
v -3.263947 5.011337 0.389801
v -3.263947 5.011353 -1.113739
v -3.263947 5.011353 -1.133148
v -3.258026 5.292686 1.518158
v -3.258026 5.292679 -0.633087
v -3.256073 4.296848 2.905060
v -3.256073 4.296844 1.452545
v -3.256073 4.296844 0.000031
v -3.256073 4.296844 -1.452499
v -3.256073 4.296844 -2.905014
v -3.254669 5.762711 1.408173
v -3.254669 5.762711 0.798126
v -3.246788 5.418976 -2.651276
v -3.246628 5.419922 -2.476379
v -3.235474 5.760910 1.408173
v -3.235474 5.760910 0.798126
v -3.234543 5.555389 -2.347778
v -3.233368 5.568573 -2.601013
v -3.231110 4.643654 1.541702
v -3.227913 0.245857 3.362612
v -3.227913 0.244141 3.343191
v -3.227913 0.631721 3.327826
v -3.227913 0.629929 3.308401
v -3.227448 5.418121 -2.476379
v -3.227448 5.417267 -2.651276
v -3.223541 5.676849 -2.531616
v -3.223076 5.899467 1.518158
v -3.223076 5.899460 -0.633087
v -3.222534 5.688171 -2.267181
v -3.222534 5.688568 -2.485413
v -3.215195 5.553680 -2.347778
v -3.214111 5.566772 -2.601013
v -3.210831 5.818634 -2.279572
v -3.210281 5.824432 -2.435272
v -3.207634 5.854706 -2.313812
v -3.204361 5.675049 -2.531616
v -3.203812 5.897728 1.518158
v -3.203812 5.897720 -0.633087
v -3.203262 5.686462 -2.267181
v -3.203262 5.686737 -2.485413
v -3.191566 5.816956 -2.279572
v -3.191017 5.822723 -2.435272
v -3.188446 5.852966 -2.313812
v -3.163406 4.643646 0.135590
v -3.163330 4.643646 -1.338364
v -3.150772 5.011337 -0.396667
v -3.149216 6.504173 2.143555
v -3.148819 6.509178 2.176086
v -3.148041 6.517662 2.141052
v -3.144920 6.551903 2.184723
v -3.144608 6.556053 2.117035
v -3.143829 6.564323 2.691345
v -3.143829 6.564323 2.198914
v -3.141327 6.592247 2.694397
v -3.125809 6.765404 1.468994
v -3.123001 6.795616 1.517456
v -3.122612 6.800522 1.464264
v -3.116371 6.869614 1.220795
v -3.116371 6.869843 -1.897797
v -3.116371 6.869843 -2.279572
v -3.116135 6.873123 1.274017
v -3.115982 6.874985 1.432983
v -3.115829 6.875694 1.548004
v -3.115128 6.884262 1.357788
v -3.113022 6.907761 1.226410
v -3.109192 6.950737 1.558563
v -3.106544 6.763634 1.468994
v -3.104202 7.005573 2.718414
v -3.104202 7.005577 1.912750
v -3.104202 7.005577 1.893311
v -3.104202 7.005569 -0.929810
v -3.104202 7.005585 -1.113739
v -3.104202 7.005585 -1.133148
v -3.104202 7.005585 -2.749054
v -3.103737 6.793877 1.517456
v -3.103424 6.798935 1.464264
v -3.103271 7.015800 1.528839
v -3.101631 7.033798 1.294983
v -3.099213 7.060257 1.291473
v -3.099060 7.062881 1.459900
v -3.097107 6.867813 1.220795
v -3.096794 6.871567 1.274017
v -3.096558 6.873985 1.548004
v -3.096558 6.873276 1.432983
v -3.095856 6.882553 1.357788
v -3.095627 4.643646 1.406219
v -3.095627 4.643646 -1.270615
v -3.094452 7.005577 1.912750
v -3.094452 7.005577 1.893311
v -3.094452 7.005585 -1.113739
v -3.094452 7.005585 -1.133148
v -3.094147 1.148163 -3.261848
v -3.094147 1.149963 -3.281288
v -3.094147 0.534454 -3.316935
v -3.094147 0.536163 -3.336344
v -3.093750 6.905960 1.226410
v -3.092583 7.135307 1.460419
v -3.092583 7.135574 1.302490
v -3.091492 7.146286 -0.873413
v -3.089935 6.949028 1.558563
v -3.089073 7.174828 1.475800
v -3.087280 7.193527 1.358093
v -3.086426 7.202988 1.440704
v -3.084778 7.005577 1.912750
v -3.084778 7.005577 1.902985
v -3.084778 7.005577 1.893311
v -3.084778 7.005585 -1.113739
v -3.084778 7.005585 -1.123383
v -3.084778 7.005585 -1.133148
v -3.084000 7.014061 1.528839
v -3.082443 7.032089 1.294983
v -3.079948 7.058548 1.291473
v -3.079788 7.061111 1.459900
v -3.079163 7.284210 -2.585510
v -3.074722 7.333435 -2.302887
v -3.074249 7.338318 -2.550781
v -3.073784 7.344025 -1.700104
v -3.073784 7.344177 -2.527710
v -3.073318 7.133568 1.460419
v -3.073318 7.133896 1.302490
v -3.069656 7.173027 1.475800
v -3.068092 7.191757 1.358093
v -3.067627 7.412109 -2.502594
v -3.067230 7.201187 1.440704
v -3.066299 7.427246 -2.441925
v -3.064423 7.448776 -0.873413
v -3.037674 5.011345 2.686661
v -3.037674 5.224205 2.686676
v -3.037674 5.224205 2.599548
v -3.037674 5.011337 1.343338
v -3.037674 5.064453 1.343353
v -3.037674 5.170914 1.343353
v -3.037674 5.224197 1.309509
v -3.037674 5.170914 1.299744
v -3.037674 5.170914 1.277985
v -3.037674 5.224197 0.019470
v -3.037674 5.011337 0.000031
v -3.037674 5.117661 0.000031
v -3.037674 5.117722 -0.043488
v -3.037674 5.224213 -1.270599
v -3.037674 5.170929 -1.302094
v -3.037674 5.011353 -1.343292
v -3.037674 5.064453 -1.343292
v -3.037674 5.064545 -1.365021
v -3.037674 5.224213 -2.560638
v -3.037674 5.011353 -2.686584
v -3.037674 5.224213 -2.686584
v -3.032761 5.224197 -0.270721
v -3.029404 8.053345 -1.528381
v -3.029404 8.053345 -2.291992
v -3.027847 4.643654 2.676834
v -3.027847 5.224205 2.676849
v -3.027847 5.224205 2.599548
v -3.027847 5.224205 2.019287
v -3.027847 4.643646 1.338425
v -3.027847 4.933884 1.299728
v -3.027847 5.079041 1.280487
v -3.027847 4.643646 0.000031
v -3.027847 4.933884 -0.038666
v -3.027847 5.224197 -0.270721
v -3.027847 4.933884 -0.328751
v -3.027847 4.643646 -1.338364
v -3.027847 4.788818 -1.357712
v -3.027847 5.224213 -2.560638
v -3.027847 5.224213 -2.560852
v -3.027847 4.643646 -2.676773
v -3.027847 5.224213 -2.676758
v -3.021530 7.925278 0.138184
v -3.020355 7.938736 0.220215
v -3.017860 7.965347 0.153625
v -3.015747 7.990311 0.306641
v -3.015053 7.997032 2.374420
v -3.014191 8.006950 2.439484
v -3.012634 8.024101 2.369354
v -3.010216 8.051224 0.162659
v -3.010216 8.051544 -1.528381
v -3.010216 8.051544 -2.291992
v -3.008110 8.075333 0.315369
v -3.007248 8.084061 0.073975
v -3.006546 8.092522 2.456787
v -3.005844 8.100670 2.321320
v -3.005455 8.105057 0.028748
v -3.004211 8.117302 2.485199
v -3.002335 7.923538 0.138184
v -3.001945 8.143570 0.033966
v -3.001244 8.151787 2.337219
v -3.001083 7.937057 0.220215
v -2.999374 8.173149 2.491272
v -2.998825 8.178673 2.382446
v -2.998825 8.177994 0.259399
v -2.998672 7.963547 0.153625
v -2.998276 8.183281 2.364838
v -2.998276 8.183456 0.049561
v -2.997032 8.197250 0.079285
v -2.996407 7.988602 0.306641
v -2.995865 7.995232 2.374420
v -2.995003 8.005211 2.439484
v -2.995003 8.221756 0.117889
v -2.993362 8.022362 2.369354
v -2.992661 8.246078 0.280914
v -2.991959 8.253410 2.476074
v -2.991653 8.258072 0.112823
v -2.991104 8.263878 2.399780
v -2.990952 8.049454 0.162659
v -2.989929 8.277756 0.307343
v -2.989700 8.278923 2.463104
v -2.988846 8.073776 0.315369
v -2.987984 8.082352 0.073975
v -2.987282 8.090782 2.456787
v -2.986740 8.312363 0.292145
v -2.986740 8.312698 0.167969
v -2.986580 8.098961 2.321320
v -2.986038 8.103348 0.028748
v -2.985016 8.115593 2.485199
v -2.982758 8.141769 0.033966
v -2.981827 8.150047 2.337219
v -2.979950 8.171379 2.491272
v -2.979561 8.176964 2.382446
v -2.979561 8.176254 0.259399
v -2.979095 8.181480 2.364838
v -2.979095 8.181717 0.049561
v -2.977844 8.195511 0.079285
v -2.975739 8.220016 0.117889
v -2.973480 8.244278 0.280914
v -2.972778 8.251610 2.476074
v -2.972382 8.256363 0.112823
v -2.971916 8.262138 2.399780
v -2.970673 8.275955 0.307343
v -2.970512 8.277184 2.463104
v -2.967545 8.310593 0.292145
v -2.967545 8.310989 0.167969
v -2.961227 8.813934 -1.528381
v -2.961227 8.813934 -2.291992
v -2.941803 8.812195 -1.528381
v -2.941803 8.812195 -2.291992
v -2.925034 8.999870 2.539154
v -2.925034 8.999870 1.912750
v -2.925034 8.999870 1.893311
v -2.925034 8.999863 0.389801
v -2.925034 8.999878 -1.113739
v -2.925034 8.999878 -1.133148
v -2.925034 8.999878 -2.569916
v -2.918015 9.077019 2.532379
v -2.918015 9.077011 0.598206
v -2.918015 9.077011 0.578949
v -2.918015 9.077011 0.210236
v -2.918015 9.077011 0.190826
v -2.918015 9.077026 -1.186096
v -2.918015 9.077026 -2.563110
v -2.916611 10.043968 1.665405
v -2.916611 10.043961 1.228699
v -2.911858 4.643654 2.676834
v -2.908585 9.071808 -1.186096
v -2.905617 8.999870 1.912750
v -2.905617 8.999870 1.893311
v -2.905617 8.999878 -1.113739
v -2.905617 8.999878 -1.133148
v -2.904289 4.643646 -2.676773
v -2.904129 4.643646 -2.676773
v -2.899300 9.069290 0.598206
v -2.899300 9.069290 0.578949
v -2.899300 9.069290 0.210236
v -2.899300 9.069290 0.190826
v -2.899139 9.066483 0.598206
v -2.899139 9.066483 0.578949
v -2.899139 9.066483 0.210236
v -2.899139 9.066483 0.190826
v -2.899063 9.072250 0.200562
v -2.898758 9.075211 0.598206
v -2.898758 9.075211 0.578949
v -2.898758 9.075211 0.210236
v -2.898758 9.075211 0.190826
v -2.898598 9.077011 0.598206
v -2.898598 9.077011 0.578949
v -2.898598 9.077011 0.210236
v -2.898598 9.077011 0.190826
v -2.897194 10.042259 1.743408
v -2.897194 10.042259 1.665405
v -2.897194 10.042252 1.228699
v -2.897194 10.042252 1.150696
v -2.892120 9.365921 -0.722626
v -2.892120 9.655075 -0.722626
v -2.892120 9.365936 -1.883575
v -2.892120 9.655090 -1.883575
v -2.886276 9.019150 -0.299652
v -2.877769 10.040550 2.437622
v -2.877769 10.040550 1.743408
v -2.877769 10.040543 1.150696
v -2.877769 10.040543 -0.685974
v -2.877769 10.040558 -2.522705
v -2.873322 9.052460 -1.150848
v -2.873016 7.396751 2.683228
v -2.866074 9.655083 2.480438
v -2.866074 9.655075 0.598206
v -2.866074 9.655075 0.578949
v -2.866074 9.655075 0.210236
v -2.866074 9.655075 0.190826
v -2.866074 9.655075 -0.722626
v -2.866074 9.655090 -1.883575
v -2.866074 9.655090 -2.511169
v -2.847504 9.038322 2.461853
v -2.847504 9.038315 1.223236
v -2.847504 9.038315 -0.015320
v -2.847504 9.038330 -1.253967
v -2.847504 9.038330 -2.492615
v -2.846649 9.655075 0.598206
v -2.846649 9.655075 0.578949
v -2.846649 9.655075 0.210236
v -2.846649 9.655075 0.190826
v -2.837753 10.921288 1.665405
v -2.837753 10.921280 1.228699
v -2.824188 10.636871 -1.244385
v -2.820908 5.795399 2.846649
v -2.820908 5.793598 2.827209
v -2.820908 7.312122 2.710205
v -2.820908 7.310570 2.691040
v -2.818336 10.919518 1.665405
v -2.818336 10.919510 1.228699
v -2.811310 10.997398 1.743408
v -2.811310 10.997391 1.150696
v -2.803436 9.580742 2.487061
v -2.803436 9.578941 2.467621
v -2.795486 2.681873 3.124084
v -2.794312 2.733112 3.119400
v -2.792908 2.698185 3.122604
v -2.791893 10.995689 1.743408
v -2.791893 10.995682 1.150696
v -2.791031 2.665333 3.125565
v -2.790955 7.005585 -2.749054
v -2.790176 11.015472 -1.643433
v -2.790024 9.468590 2.497040
v -2.790024 9.466881 2.477783
v -2.786514 11.054825 -0.462708
v -2.784561 2.764240 3.116592
v -2.782608 9.505150 2.493683
v -2.782608 9.503380 2.474487
v -2.782143 9.545738 2.490265
v -2.782143 9.543999 2.471008
v -2.781364 2.781239 3.115112
v -2.777542 11.155472 -0.689575
v -2.772003 11.217972 -0.390381
v -2.771301 11.224197 -0.729126
v -2.770599 11.233170 0.033936
v -2.768799 11.251663 -0.722656
v -2.767944 11.480133 -1.275696
v -2.767944 11.480133 -1.600647
v -2.767639 11.265884 2.327454
v -2.767639 11.265884 1.980347
v -2.767639 11.265900 -2.412598
v -2.767090 11.052994 -0.462708
v -2.766937 11.274246 -0.377563
v -2.764587 11.299088 -0.242554
v -2.763657 10.040543 0.071533
v -2.763657 10.040543 -0.275574
v -2.763657 10.040543 -0.571838
v -2.761322 9.431358 2.500397
v -2.761322 9.429588 2.481140
v -2.760925 11.340347 -0.701843
v -2.759521 11.354813 0.173767
v -2.758194 11.153763 -0.689575
v -2.757263 2.787556 3.114487
v -2.753983 11.417313 0.174927
v -2.752579 11.216202 -0.390381
v -2.751877 11.222488 -0.729126
v -2.751175 11.231339 0.033936
v -2.749466 11.249954 -0.722656
v -2.748680 11.475723 -0.648132
v -2.748520 11.478363 -1.275696
v -2.748520 11.478363 -1.600647
v -2.747513 11.272476 -0.377563
v -2.746109 11.504593 0.194336
v -2.745255 11.297318 -0.242554
v -2.741501 11.338638 -0.701843
v -2.741348 11.558670 0.218811
v -2.740173 11.353104 0.173767
v -2.739471 11.578384 -0.646179
v -2.738228 9.655083 2.480438
v -2.738228 9.653282 2.460999
v -2.735580 11.621902 0.308777
v -2.734558 11.415543 0.174927
v -2.733475 11.645523 -0.338562
v -2.733315 11.646927 -0.257202
v -2.733154 11.650345 -0.662109
v -2.731209 11.671036 -0.240112
v -2.730667 11.676834 -0.490173
v -2.729340 11.691360 -0.531311
v -2.729340 11.473953 -0.648132
v -2.729103 11.693680 0.375549
v -2.727539 11.711319 -0.669434
v -2.726685 11.502823 0.194336
v -2.726685 11.720779 -0.634644
v -2.726532 11.722977 -0.216492
v -2.726532 11.722733 -0.557373
v -2.725128 11.739273 -0.542297
v -2.725128 11.738602 -0.546204
v -2.724426 11.746109 -0.540710
v -2.723328 9.409843 2.502502
v -2.723328 9.408043 2.483093
v -2.722160 11.771805 0.278625
v -2.721924 11.556839 0.218811
v -2.721222 11.781082 -0.121155
v -2.720993 9.655075 -1.014984
v -2.720993 9.655075 -1.024719
v -2.720055 11.576614 -0.646179
v -2.719978 11.797134 1.932739
v -2.719978 11.797134 0.914917
v -2.719818 11.796890 0.013672
v -2.716156 11.620193 0.308777
v -2.714050 11.643814 -0.338562
v -2.713898 11.645157 -0.257202
v -2.713577 11.648514 -0.662109
v -2.711792 11.669327 -0.240112
v -2.711319 11.675125 -0.490173
v -2.709915 11.689590 -0.531311
v -2.709686 11.691910 0.375549
v -2.708122 11.709549 -0.669434
v -2.707260 11.719070 -0.634644
v -2.707108 11.721268 -0.216492
v -2.707108 11.720901 -0.557373
v -2.705704 11.736771 -0.546204
v -2.702744 11.770035 0.278625
v -2.702499 11.990494 0.679199
v -2.702499 11.990494 -0.764160
v -2.701797 11.779312 -0.121155
v -2.700478 11.795059 0.013672
v -2.687683 9.436058 2.500000
v -2.687683 9.434319 2.480835
v -2.677002 9.469688 2.497040
v -2.677002 9.467857 2.477783
v -2.677002 12.274612 1.932739
v -2.677002 12.274612 1.211304
v -2.677002 12.274612 0.914917
v -2.666779 9.655075 0.120087
v -2.657425 12.491348 2.217407
v -2.657425 12.491364 -2.302551
v -2.649544 10.040543 2.209534
v -2.649544 10.235550 2.209534
v -2.649544 10.040543 -0.042480
v -2.649544 10.138046 -0.042480
v -2.649544 10.235550 -0.042480
v -2.649544 10.040558 -2.294495
v -2.649544 10.235565 -2.294495
v -2.648842 3.699768 -3.012955
v -2.648842 3.701508 -3.032394
v -2.646896 3.672638 -3.015366
v -2.646896 3.674438 -3.034805
v -2.644470 9.499687 2.494232
v -2.644470 9.497978 2.475037
v -2.629265 3.724426 -3.010696
v -2.629265 3.726135 -3.030136
v -2.623642 3.646729 -3.017654
v -2.623642 3.648529 -3.037064
v -2.622475 10.235550 -0.069519
v -2.620369 13.121674 -1.275696
v -2.620369 13.121674 -1.600647
v -2.600952 13.119965 -1.275696
v -2.600952 13.119965 -1.600647
v -2.597282 11.378502 2.336975
v -2.597282 11.376793 2.317566
v -2.597282 12.199974 2.263184
v -2.597282 12.198265 2.243774
v -2.595337 9.655083 2.209534
v -2.595337 10.040543 2.209534
v -2.595337 10.233170 2.209534
v -2.595337 10.235550 2.209534
v -2.595337 10.235550 2.155334
v -2.595337 9.655075 -0.015320
v -2.595337 9.945297 -0.015320
v -2.595337 10.235550 -0.042480
v -2.595337 9.655090 -2.240204
v -2.595337 10.235565 -2.240234
v -2.593231 3.742981 -3.009140
v -2.593231 3.744720 -3.028488
v -2.562103 13.553665 2.122070
v -2.562103 13.553665 0.679199
v -2.562103 13.553665 -0.764160
v -2.562103 13.553680 -2.206970
v -2.561012 9.545738 2.490265
v -2.561012 9.544151 2.470825
v -2.537064 3.627869 -3.019455
v -2.537064 3.629669 -3.038834
v -2.527084 13.942093 2.087097
v -2.527084 13.942093 0.679199
v -2.527084 13.942093 -0.764160
v -2.527084 13.942108 -2.172058
v -2.527084 3.779633 -3.005783
v -2.527084 3.781433 -3.025223
v -2.523102 13.553665 0.679199
v -2.495804 11.990494 0.679199
v -2.495804 12.965469 0.679199
v -2.495804 11.990494 -0.764160
v -2.495804 12.965469 -0.764160
v -2.492142 14.330589 2.052124
v -2.492142 14.330582 0.679199
v -2.492142 14.330582 -0.764160
v -2.492142 14.330597 -2.137268
v -2.487617 3.600403 -3.021866
v -2.487617 3.602203 -3.041275
v -2.484100 13.553665 2.044128
v -2.484100 13.899002 2.044128
v -2.484100 13.553665 0.679199
v -2.484100 13.899002 0.679199
v -2.484100 13.942093 0.679199
v -2.484100 13.553665 -0.764160
v -2.484100 13.899002 -0.764160
v -2.484100 13.942093 -0.764160
v -2.484100 13.553680 -2.128967
v -2.484100 13.899017 -2.128967
v -2.473267 9.580345 2.487061
v -2.473267 9.578636 2.467865
v -2.456261 9.655083 2.480438
v -2.456261 9.653282 2.460999
v -2.454697 9.613571 2.484100
v -2.454697 9.611870 2.464813
v -2.438080 3.783691 -3.005386
v -2.438080 3.785400 -3.024826
v -2.401733 3.501801 -3.030807
v -2.401733 3.503510 -3.050156
v -2.358521 3.760773 -3.007492
v -2.358521 3.762573 -3.026932
v -2.318436 3.497040 -3.031113
v -2.318436 3.498779 -3.050552
v -2.300812 11.990494 0.679199
v -2.300812 12.965469 0.679199
v -2.300812 11.990494 -0.764160
v -2.300812 12.965469 -0.764160
v -2.300110 3.597809 -3.021988
v -2.300110 3.599548 -3.041428
v -2.299240 3.727081 -3.010483
v -2.299240 3.728790 -3.029861
v -2.298538 8.999878 -2.550476
v -2.298538 8.999878 -2.569916
v -2.298538 7.005585 -2.729645
v -2.298538 7.005585 -2.739380
v -2.298538 7.005585 -2.749054
v -2.298538 5.011353 -2.908875
v -2.298538 5.011353 -2.928314
v -2.289108 3.518738 -3.029190
v -2.289108 3.520447 -3.048599
v -2.288788 7.005585 -2.729645
v -2.287308 3.704468 -3.012589
v -2.287308 3.706238 -3.031998
v -2.279114 8.999878 -2.550476
v -2.279114 8.999878 -2.569916
v -2.279114 7.005585 -2.729645
v -2.279114 7.005585 -2.739380
v -2.279114 7.005585 -2.749054
v -2.279114 5.011353 -2.908875
v -2.279114 5.011353 -2.928314
v -2.278412 3.652039 -3.017349
v -2.278412 3.653748 -3.036728
v -2.275757 3.546204 -3.026779
v -2.275757 3.547913 -3.046188
v -2.257599 1.105495 3.265739
v -2.257599 1.103779 3.246315
v -2.255173 1.207985 3.256454
v -2.255173 1.206272 3.237030
v -2.252365 1.138176 3.262772
v -2.252365 1.136459 3.243347
v -2.248703 1.072422 3.268700
v -2.248703 1.070705 3.249275
v -2.238724 9.365929 2.506317
v -2.238724 9.655075 2.506317
v -2.238724 9.655083 2.480438
v -2.238571 12.632896 2.204773
v -2.238571 12.631065 2.185364
v -2.235748 1.270229 3.250839
v -2.235748 1.268513 3.231415
v -2.229279 1.304317 3.247871
v -2.229279 1.302601 3.228455
v -2.219452 12.868431 2.183655
v -2.219452 12.866722 2.164246
v -2.214920 12.580704 2.209290
v -2.214920 12.578934 2.189941
v -2.213531 1.056198 3.270103
v -2.213531 1.054401 3.250679
v -2.202133 8.473053 -2.597900
v -2.202133 8.474884 -2.617188
v -2.195496 1.050190 3.270653
v -2.195496 1.048473 3.251228
v -2.193390 8.414185 -2.603119
v -2.193390 8.415894 -2.622375
v -2.181549 12.753685 2.193909
v -2.181549 12.751976 2.174500
v -2.181152 1.316952 3.246628
v -2.181152 1.315159 3.227280
v -2.176788 1.048321 3.270805
v -2.176788 1.046528 3.251381
v -2.169617 1.063141 3.269562
v -2.169617 1.061424 3.250137
v -2.160004 8.532745 -2.592438
v -2.160004 8.534454 -2.611725
v -2.148071 12.932083 2.177856
v -2.148071 12.930374 2.158447
v -2.137238 12.574478 2.210022
v -2.137238 12.572655 2.190674
v -2.136383 0.060997 3.359571
v -2.134277 7.312122 2.710205
v -2.134277 7.310570 2.691040
v -2.125931 1.307827 3.247559
v -2.125931 1.306110 3.228142
v -2.122421 12.928307 2.178162
v -2.122421 12.926476 2.158752
v -2.117508 1.270775 3.250839
v -2.117508 1.269215 3.231415
v -2.114151 8.294373 -2.613953
v -2.114151 8.296082 -2.633240
v -2.108368 8.632416 -2.583557
v -2.108368 8.634155 -2.602814
v -2.100739 1.196442 3.257469
v -2.100739 1.194725 3.238121
v -2.087631 11.378502 2.336975
v -2.087631 11.376793 2.317566
v -2.087631 12.199974 2.263184
v -2.087631 12.198265 2.243774
v -2.081619 7.543091 -2.700867
v -2.081619 7.157623 -2.735413
v -2.072021 12.674156 2.200928
v -2.072021 12.672386 2.181519
v -2.053711 12.917923 2.179138
v -2.053711 12.916214 2.159668
v -2.045593 8.154755 -2.626373
v -2.045593 8.156525 -2.645813
v -2.043167 7.280548 -2.724426
v -2.033569 0.000000 3.365030
v -2.033569 0.000000 -3.365030
v -2.012207 12.863907 2.183960
v -2.012207 12.862137 2.164551
v -2.010956 8.030426 -2.637604
v -2.010956 8.032135 -2.656860
v -2.008453 2.804565 -3.112961
v -1.998566 1.148163 -3.261848
v -1.998566 1.149963 -3.281288
v -1.998566 0.534454 -3.316935
v -1.998566 0.536163 -3.336344
v -1.998093 11.347748 -2.405273
v -1.980072 14.328888 -2.117859
v -1.980072 14.330597 -2.137268
v -1.979370 7.975342 -2.642670
v -1.979370 7.977051 -2.661926
v -1.972351 12.754776 2.193787
v -1.972351 12.753014 2.174377
v -1.961670 12.808067 2.189026
v -1.961670 12.806358 2.169617
v -1.961670 8.546722 -2.591278
v -1.961670 8.548492 -2.610474
v -1.958862 14.273590 -2.122742
v -1.958862 14.275299 -2.142151
v -1.944885 8.654816 -2.581451
v -1.944885 8.656525 -2.600891
v -1.940125 8.600037 -2.586517
v -1.940125 8.601776 -2.605774
v -1.930542 8.640472 -2.582855
v -1.930542 8.642181 -2.602112
v -1.921967 14.258575 -2.124146
v -1.921967 14.260284 -2.143494
v -1.909012 7.976379 -2.642517
v -1.909012 7.978180 -2.661713
v -1.904022 4.157623 -2.991348
v -1.903946 3.960377 3.009109
v -1.902924 3.970203 3.008255
v -1.892319 0.183067 3.348650
v -1.884216 6.086273 -2.831757
v -1.884216 6.087982 -2.851013
v -1.884216 5.315308 -2.901031
v -1.884216 5.317047 -2.920197
v -1.883026 3.927219 3.012161
v -1.880615 3.977299 3.007629
v -1.877808 3.918797 3.012939
v -1.869476 1.993134 -3.185799
v -1.867981 1.973724 -3.187599
v -1.866577 1.954224 -3.189308
v -1.845764 4.412449 2.968552
v -1.845764 4.412445 -2.968399
v -1.842407 3.987431 3.006699
v -1.842239 4.258167 2.982361
v -1.842239 4.258179 -2.982315
v -1.841537 2.001099 -3.185097
v -1.838821 4.335316 2.975571
v -1.838821 4.335327 -2.975357
v -1.832794 14.239105 -2.125854
v -1.832794 14.240875 -2.145325
v -1.831787 4.566654 2.954666
v -1.831787 4.566650 -2.954605
v -1.829147 8.588898 -2.587372
v -1.829147 8.590637 -2.606812
v -1.825073 4.003025 3.005371
v -1.824936 4.643650 2.947723
v -1.824936 4.643646 -2.947678
v -1.818924 5.224213 -2.676819
v -1.818848 5.224213 -2.676819
v -1.806519 8.596680 -2.586670
v -1.806519 8.598480 -2.605957
v -1.803558 4.277515 2.943756
v -1.803558 4.316135 2.940323
v -1.803558 4.296848 2.905060
v -1.803558 4.296844 -2.905014
v -1.803558 4.316132 -2.940170
v -1.803558 4.277527 -2.943680
v -1.802856 8.633270 -2.583557
v -1.802856 8.635071 -2.602814
v -1.795135 5.795399 2.846649
v -1.795135 5.793598 2.827209
v -1.795135 6.974384 2.740723
v -1.795135 6.972645 2.721466
v -1.786560 2.026611 -3.182838
v -1.786392 8.687653 -2.578644
v -1.786392 8.689453 -2.597900
v -1.786011 4.306461 2.922684
v -1.786011 4.306458 -2.922623
v -1.784210 4.287266 2.924408
v -1.784210 4.287262 -2.924332
v -1.777496 8.079956 -2.633240
v -1.777496 8.081665 -2.652527
v -1.774002 8.329468 -2.610870
v -1.774002 8.331268 -2.630127
v -1.763855 8.695770 -2.577789
v -1.763855 8.697479 -2.597198
v -1.756836 8.389008 -2.605408
v -1.756836 8.390717 -2.624664
v -1.753174 0.245857 3.362612
v -1.753174 0.244141 3.343191
v -1.753174 0.631721 3.327826
v -1.753174 0.629929 3.308401
v -1.741852 8.156860 -2.626221
v -1.741852 8.158661 -2.645630
v -1.740601 8.223022 -2.620270
v -1.740601 8.224701 -2.639709
v -1.730469 8.596954 -2.586670
v -1.730469 8.598663 -2.605957
v -1.729767 8.571899 -2.589020
v -1.729767 8.573608 -2.608185
v -1.722595 0.267242 -3.340921
v -1.721191 8.684357 -2.578857
v -1.721191 8.686096 -2.598083
v -1.717667 8.555145 -2.590576
v -1.717667 8.556824 -2.609741
v -1.714554 8.642395 -2.582703
v -1.714554 8.610748 -2.585510
v -1.714554 8.644135 -2.601868
v -1.714554 8.612305 -2.604706
v -1.710037 13.160538 -0.764160
v -1.709488 8.634155 -2.583405
v -1.709488 8.635681 -2.602600
v -1.708405 8.621735 -2.584412
v -1.708405 8.623535 -2.603851
v -1.705582 14.116547 -2.136841
v -1.705582 14.118256 -2.156250
v -1.694351 5.011345 2.686661
v -1.694351 5.064461 2.686676
v -1.694351 5.170921 2.686676
v -1.694351 5.224205 2.686676
v -1.694351 5.011353 -2.686584
v -1.694351 5.064453 -2.686584
v -1.694351 5.170929 -2.686584
v -1.694351 5.224213 -2.686584
v -1.694046 8.548096 -2.591034
v -1.694046 8.549896 -2.610291
v -1.690842 2.070892 -3.178841
v -1.689438 5.224205 2.681763
v -1.689438 4.788734 2.676834
v -1.689438 5.078972 2.676849
v -1.689438 5.224205 2.676849
v -1.689438 4.788727 -2.676773
v -1.689438 5.078979 -2.676758
v -1.689438 5.224213 -2.681671
v -1.689438 4.643646 -2.812271
v -1.671661 8.518524 -2.593689
v -1.671661 8.520325 -2.613129
v -1.667526 8.541107 -2.591736
v -1.667526 8.542877 -2.611023
v -1.663467 8.531342 -2.592682
v -1.663467 8.533051 -2.611847
v -1.651855 7.251038 -2.727081
v -1.641617 7.396751 2.683228
v -1.637650 10.040550 2.437622
v -1.637650 10.040558 -2.522705
v -1.631485 4.643650 2.812317
v -1.631485 4.788734 2.676834
v -1.627670 4.788727 -2.676773
v -1.627579 4.643646 -2.676773
v -1.627579 4.788727 -2.676773
v -1.621735 4.643646 -2.744553
v -1.608948 9.038322 2.461853
v -1.608948 9.038330 -2.492615
v -1.603088 14.127228 -2.135864
v -1.603088 14.128937 -2.155273
v -1.602478 4.643654 2.676834
v -1.602478 4.788811 2.676834
v -1.580322 2.092438 -3.176918
v -1.575867 14.231598 -2.126587
v -1.575867 14.233368 -2.145996
v -1.569397 14.186371 -2.130615
v -1.569397 14.188080 -2.149963
v -1.567139 0.400848 -3.329020
v -1.563080 14.149933 -2.133911
v -1.563080 14.151703 -2.153320
v -1.559967 4.643646 -2.744553
v -1.559875 4.643646 -2.744553
v -1.546310 14.262054 -2.123779
v -1.546310 14.263763 -2.143188
v -1.541000 9.077019 2.532379
v -1.534760 4.643654 2.744614
v -1.530701 4.643646 -2.744461
v -1.514557 2.142822 -3.172462
v -1.505829 9.057671 2.497131
v -1.505829 9.052452 2.487610
v -1.488052 5.011341 2.897568
v -1.488052 5.011341 2.878159
v -1.488052 7.005573 2.718414
v -1.488052 7.005577 2.708649
v -1.488052 7.005577 2.698975
v -1.488052 8.999870 2.539154
v -1.488052 8.999870 2.519836
v -1.478455 7.005577 2.698975
v -1.468781 5.011341 2.897568
v -1.468781 5.011341 2.878159
v -1.468781 7.005573 2.718414
v -1.468781 7.005577 2.708649
v -1.468781 7.005577 2.698975
v -1.468781 8.999870 2.539154
v -1.468781 8.999870 2.519836
v -1.468399 2.171692 -3.169807
v -1.446793 14.328888 -2.117859
v -1.446793 14.330597 -2.137268
v -1.413391 2.172546 -3.169746
v -1.406540 2.900269 -3.104294
v -1.355438 11.575043 -2.384766
v -1.355438 11.576874 -2.404114
v -1.355438 11.228973 -2.415894
v -1.355438 11.230682 -2.435303
v -1.338684 10.975189 -2.438721
v -1.338684 10.976959 -2.458130
v -1.338684 10.204193 -2.507996
v -1.338684 10.205963 -2.527405
v -1.336960 4.057098 -3.000473
v -1.300522 3.427937 3.057007
v -1.300522 4.128468 2.994141
v -1.284943 7.005573 2.718414
v -1.127838 7.105804 -2.740173
v -1.119186 11.990494 2.262512
v -1.119186 13.553665 2.122070
v -1.119186 13.942093 2.087097
v -1.119186 11.990501 2.055786
v -1.119186 12.965477 2.055786
v -1.119186 14.330589 2.052124
v -1.119186 13.553665 2.044128
v -1.119186 13.899002 2.044128
v -1.119186 13.942093 2.044128
v -1.119186 11.990501 1.860779
v -1.119186 12.965477 1.860779
v -1.119186 11.990494 0.679199
v -1.119186 14.330582 0.679199
v -1.119186 11.990494 -0.764160
v -1.119186 14.330582 -0.764160
v -1.119186 13.160553 -1.354919
v -1.119186 11.990509 -1.945679
v -1.119186 12.965485 -1.945679
v -1.119186 13.553680 -2.128967
v -1.119186 13.899017 -2.128967
v -1.119186 13.942108 -2.128967
v -1.119186 14.330597 -2.137268
v -1.119186 11.990509 -2.140747
v -1.119186 12.965485 -2.140747
v -1.119186 13.553680 -2.167969
v -1.119186 13.942108 -2.172058
v -1.119186 13.553680 -2.206970
v -1.119186 11.990509 -2.347473
v -1.117859 9.847801 2.209534
v -1.117859 10.040543 2.209534
v -1.110291 6.086273 -2.831757
v -1.110291 6.087982 -2.851013
v -1.110291 5.315308 -2.901031
v -1.110291 5.317047 -2.920197
v -1.100998 5.011341 2.897568
v -1.094376 7.044678 -2.745697
v -1.083145 7.144745 -2.736664
v -1.077759 9.365929 2.506317
v -1.077759 9.655075 2.506317
v -1.077759 9.655083 2.480438
v -1.066376 7.164246 -2.734955
v -1.064499 7.190125 -2.732544
v -1.055069 7.214233 -2.730499
v -1.043915 0.728207 3.299591
v -0.984161 0.525177 -3.317789
v -0.984009 9.655090 -2.491730
v -0.984009 9.655090 -2.511169
v -0.984009 9.077026 -2.543701
v -0.984009 9.075226 -2.543854
v -0.984009 9.066498 -2.544006
v -0.984009 9.069305 -2.544403
v -0.984009 9.077026 -2.563110
v -0.977844 10.975189 -2.438721
v -0.977844 10.976959 -2.458130
v -0.977844 10.204193 -2.507996
v -0.977844 10.205963 -2.527405
v -0.964737 9.655090 -2.491730
v -0.964737 9.655090 -2.511169
v -0.964737 9.077026 -2.543701
v -0.964737 9.075226 -2.543854
v -0.964737 9.066498 -2.544006
v -0.964737 9.069305 -2.544403
v -0.964737 9.077026 -2.563110
v -0.961945 8.082909 2.640961
v -0.961945 8.081261 2.621765
v -0.961945 8.492149 2.604309
v -0.961945 8.490379 2.585022
v -0.959442 5.011353 -2.918549
v -0.959442 5.011353 -2.928314
v -0.943207 1.664906 3.215424
v -0.935638 0.507690 -3.319345
v -0.915604 1.660389 3.215813
v -0.901794 1.658047 3.216049
v -0.899689 1.648838 3.216911
v -0.895477 1.630283 3.218544
v -0.889313 3.820679 -3.021683
v -0.881744 11.683609 2.290039
v -0.880264 7.897575 2.638306
v -0.879166 7.879784 2.639862
v -0.872696 0.473236 -3.322458
v -0.871063 3.297668 -3.068649
v -0.849457 3.809204 -3.022720
v -0.829498 3.677399 -3.034561
v -0.829498 3.295258 -3.068802
v -0.820282 3.727783 -3.029953
v -0.819824 3.792358 -3.024185
v -0.814758 3.688232 -3.033554
v -0.813889 3.781036 -3.025284
v -0.809448 3.754852 -3.027634
v -0.808121 3.701965 -3.032394
v -0.775589 8.999878 -2.569916
v -0.771683 0.458252 -3.323709
v -0.724426 1.957333 3.189140
v -0.724106 10.979340 -2.418823
v -0.724106 10.981171 -2.438232
v -0.716782 11.025970 -2.414612
v -0.716782 11.027618 -2.434021
v -0.706253 10.160728 2.426819
v -0.688934 10.947540 -2.421631
v -0.688934 10.949249 -2.441040
v -0.687683 0.997009 -3.275337
v -0.686127 10.823517 -2.432800
v -0.686127 10.825287 -2.452209
v -0.685104 5.224213 -2.676758
v -0.678101 10.899078 -2.426025
v -0.678101 10.900787 -2.445435
v -0.669357 10.775909 -2.437012
v -0.669357 10.777740 -2.456421
v -0.657806 10.755646 -2.438721
v -0.657806 10.757477 -2.458374
v -0.633484 10.761261 -2.438416
v -0.633484 10.763031 -2.457825
v -0.625595 11.089752 -2.408875
v -0.625595 11.091461 -2.428284
v -0.617874 10.904007 2.360107
v -0.616089 10.927750 2.357910
v -0.614609 10.953568 2.355652
v -0.614517 0.938660 -3.280647
v -0.610001 5.224213 -2.676819
v -0.609772 5.224213 -2.676819
v -0.602890 10.975601 2.353577
v -0.596420 10.803925 -2.434570
v -0.596420 10.805756 -2.453979
v -0.596039 9.655090 -2.491730
v -0.596039 9.655090 -2.511169
v -0.596039 9.077026 -2.543701
v -0.596039 9.075226 -2.543854
v -0.596039 9.066498 -2.544006
v -0.596039 9.069305 -2.544403
v -0.596039 9.077026 -2.563110
v -0.590576 8.488983 -2.615845
v -0.590500 11.069427 -2.410583
v -0.590500 11.071136 -2.429993
v -0.583710 10.891319 2.361267
v -0.579651 11.027069 -2.414429
v -0.579651 11.028900 -2.433899
v -0.576691 9.655090 -2.491730
v -0.576691 9.655090 -2.511169
v -0.576691 9.077026 -2.543701
v -0.576691 9.075226 -2.543854
v -0.576691 9.066498 -2.544006
v -0.576691 9.069305 -2.544403
v -0.576691 9.077026 -2.563110
v -0.574585 10.983612 -2.418274
v -0.574585 10.985260 -2.437683
v -0.573883 10.846397 2.365234
v -0.569672 10.878868 2.362366
v -0.566010 10.828941 2.366882
v -0.564056 10.982193 2.353027
v -0.563202 10.963593 -2.420227
v -0.563202 10.965424 -2.439636
v -0.562500 10.871361 2.362976
v -0.556732 0.122070 3.354033
v -0.549637 7.157616 2.704773
v -0.544327 2.900269 -3.104446
v -0.524826 8.540771 -2.611145
v -0.523102 10.894012 -2.426331
v -0.523102 10.895599 -2.445862
v -0.523026 8.665588 -2.600006
v -0.518356 0.937405 3.280792
v -0.517960 8.848633 -2.583557
v -0.515930 10.957123 -2.420715
v -0.515930 10.958954 -2.440125
v -0.514450 8.695282 -2.597260
v -0.506958 8.579224 -2.607819
v -0.506332 8.612305 -2.604767
v -0.503922 0.918854 -3.282356
v -0.503693 10.982208 -2.418457
v -0.503693 10.983856 -2.437866
v -0.501266 8.799255 -2.587921
v -0.500961 8.786774 -2.589111
v -0.496658 8.843018 -2.584015
v -0.494873 8.778351 -2.589874
v -0.493301 8.822052 -2.585876
v -0.493301 8.806061 -2.587280
v -0.492676 10.934296 -2.422791
v -0.492676 10.936005 -2.442200
v -0.490814 8.817841 -2.586304
v -0.490265 8.811676 -2.586914
v -0.483093 8.774872 -2.590088
v -0.476700 1.957333 3.189140
v -0.474670 4.057098 -3.000320
v -0.474518 3.662495 3.035950
v -0.474518 3.660770 3.016678
v -0.472412 3.682301 3.034149
v -0.472412 3.680500 3.014893
v -0.471863 8.760101 -2.591492
v -0.469757 8.771362 -2.590515
v -0.467804 8.766510 -2.590881
v -0.459305 0.867218 -3.287117
v -0.459305 0.560364 -3.314644
v -0.436371 0.525177 -3.317789
v -0.432693 3.596180 3.041870
v -0.432693 3.594471 3.022614
v -0.428482 9.655090 -2.240204
v -0.428482 9.945313 -2.240234
v -0.427795 3.696415 3.032898
v -0.427795 3.694691 3.013718
v -0.424667 10.235565 -2.267334
v -0.422256 3.579411 3.043442
v -0.422256 3.577702 3.024170
v -0.420456 7.467796 2.676849
v -0.420456 7.466026 2.657562
v -0.408768 7.267326 2.694855
v -0.408768 7.265556 2.675598
v -0.397522 10.040550 2.437622
v -0.397522 11.990494 0.548340
v -0.397522 11.990494 -0.042480
v -0.397522 11.990494 -0.633240
v -0.397522 10.235565 -2.240234
v -0.397522 10.040558 -2.294495
v -0.397522 10.138062 -2.294495
v -0.397522 10.235565 -2.294495
v -0.397522 10.040558 -2.522705
v -0.370453 9.655083 2.209534
v -0.370453 9.945313 -2.240234
v -0.370453 10.138062 -2.240234
v -0.370453 10.234406 -2.240234
v -0.370392 9.038322 2.461853
v -0.370392 9.038330 -2.492615
v -0.367813 7.569878 2.667786
v -0.367813 7.568169 2.648529
v -0.364838 4.489597 2.961609
v -0.364838 4.489594 -2.961563
v -0.351349 3.716694 3.031036
v -0.351349 3.714970 3.011765
v -0.351044 0.000000 3.365030
v -0.351044 4.258167 2.982361
v -0.351044 4.335316 2.975571
v -0.351044 4.643650 2.947723
v -0.351044 4.296848 2.905060
v -0.351044 5.011345 2.686661
v -0.351044 5.117668 2.686676
v -0.351044 5.224205 2.686676
v -0.351044 4.933815 2.676834
v -0.351044 5.224205 2.676849
v -0.351044 4.643646 -2.676773
v -0.351044 4.933807 -2.676773
v -0.351044 5.224213 -2.676758
v -0.351044 5.011353 -2.686584
v -0.351044 5.117676 -2.686584
v -0.351044 5.224213 -2.686584
v -0.351044 4.296844 -2.905014
v -0.351044 4.643646 -2.947678
v -0.351044 4.335327 -2.975357
v -0.351044 4.258179 -2.982315
v -0.351044 0.000000 -3.365030
v -0.323898 3.565464 3.044678
v -0.323898 3.563663 3.025421
v -0.316727 3.747822 3.028381
v -0.316727 3.746098 3.008957
v -0.315857 4.316135 2.940247
v -0.315857 4.316132 -2.940170
v -0.315704 7.191216 2.701721
v -0.315704 7.189507 2.682465
v -0.312744 0.244141 3.343191
v -0.312347 4.277592 2.943756
v -0.312347 4.277588 -2.943680
v -0.310410 1.144573 3.262146
v -0.309219 10.982193 2.353027
v -0.306824 1.151981 3.261520
v -0.306503 0.535316 3.316980
v -0.306503 0.728207 3.299591
v -0.300964 9.655083 2.344940
v -0.297379 8.082909 2.640961
v -0.297379 8.081261 2.621765
v -0.297379 8.492149 2.604309
v -0.297379 8.490379 2.585022
v -0.293076 4.643654 2.676834
v -0.293076 4.933891 2.676834
v -0.291763 6.795277 2.737366
v -0.291763 6.793568 2.718109
v -0.289490 6.759785 2.740479
v -0.289490 6.758015 2.721283
v -0.283417 10.040543 2.323547
v -0.283417 10.040558 -2.408630
v -0.280762 1.255802 3.252167
v -0.279510 7.081379 2.711609
v -0.279510 7.079674 2.692444
v -0.276382 6.232849 -2.799225
v -0.276382 6.234528 -2.818420
v -0.276001 7.658409 2.659668
v -0.276001 7.656639 2.640472
v -0.274445 3.732304 3.029633
v -0.274445 3.730503 3.010361
v -0.272339 1.218670 3.255516
v -0.268677 3.608982 3.040787
v -0.268677 3.607258 3.021591
v -0.266418 1.275696 -3.230721
v -0.266418 1.277405 -3.250069
v -0.263443 1.236847 -3.234138
v -0.263443 1.238556 -3.253578
v -0.260635 1.197845 -3.237679
v -0.260635 1.199554 -3.257088
v -0.256348 10.040543 2.323547
v -0.249405 6.908222 2.727234
v -0.249405 6.906517 2.707794
v -0.246140 7.015095 2.717621
v -0.246140 7.013390 2.698364
v -0.243469 3.667011 3.035553
v -0.243469 3.665287 3.016296
v -0.215622 4.643646 -2.812332
v -0.212906 1.134674 -3.243446
v -0.212906 1.136475 -3.262856
v -0.210403 1.291595 -3.229317
v -0.210403 1.293304 -3.248665
v -0.209396 6.110535 -2.810242
v -0.209396 6.112335 -2.829468
v -0.198853 6.728413 2.743286
v -0.198853 6.726856 2.724091
v -0.192154 9.655083 2.344940
v -0.187012 6.310669 -2.792206
v -0.187012 6.312408 -2.811462
v -0.174515 7.730095 2.653198
v -0.174515 7.728386 2.634003
v -0.169296 6.551300 -2.770508
v -0.169296 6.553040 -2.789764
v -0.164078 9.077019 2.532379
v -0.164078 9.069298 2.513489
v -0.164078 9.066490 2.513336
v -0.164078 9.075218 2.512970
v -0.164078 9.077019 2.512787
v -0.164078 9.655083 2.480438
v -0.164078 9.655075 2.460846
v -0.162125 6.648193 -2.761780
v -0.162125 6.649994 -2.781219
v -0.157608 4.643650 2.812393
v -0.157288 4.643646 -2.812180
v -0.153381 6.349670 -2.788696
v -0.153381 6.351410 -2.807953
v -0.149719 6.401367 -2.784027
v -0.149719 6.403168 -2.803192
v -0.144806 9.077019 2.532379
v -0.144806 9.069298 2.513489
v -0.144806 9.066490 2.513336
v -0.144806 9.075218 2.512970
v -0.144806 9.077019 2.512787
v -0.144806 9.655083 2.480438
v -0.144806 9.655075 2.460846
v -0.130844 7.794853 2.647430
v -0.130844 7.793053 2.628235
v -0.130844 6.449677 -2.779633
v -0.130844 6.451447 -2.799072
v -0.125381 6.733032 -2.754303
v -0.125381 6.734741 -2.773468
v -0.100433 1.342682 -3.224739
v -0.100433 1.344421 -3.244148
v -0.099182 6.698872 2.745941
v -0.099182 6.697315 2.726685
v -0.095825 9.019165 -2.531311
v -0.086151 9.019165 -2.531311
v -0.048798 1.036072 -3.252419
v -0.048798 1.037781 -3.271767
v -0.040054 0.267242 -3.341013
v -0.036224 6.801941 -2.747986
v -0.036224 6.803711 -2.767395
v -0.007919 5.987457 -2.821198
v -0.007919 5.989166 -2.840485
v -0.003311 8.020439 2.627136
v -0.003311 8.018730 2.607971
v 0.014465 6.742786 2.742035
v 0.014465 6.741047 2.722687
v 0.018524 5.011353 -2.797729
v 0.019928 7.242302 2.677704
v 0.019928 7.240593 2.658508
v 0.022736 8.190941 2.611938
v 0.024994 7.164696 2.684723
v 0.024994 7.162895 2.665436
v 0.025848 6.801605 -2.748138
v 0.025848 6.803345 -2.767395
v 0.028198 5.011353 -2.797729
v 0.028519 8.174706 2.613342
v 0.028519 8.173149 2.594147
v 0.032013 8.191887 2.611786
v 0.032013 8.190086 2.592529
v 0.034286 8.158653 2.614746
v 0.034286 8.156853 2.595490
v 0.034821 8.999870 2.539154
v 0.059784 8.194450 2.611633
v 0.059784 8.192741 2.592346
v 0.061890 7.325768 2.670197
v 0.061890 7.323967 2.650940
v 0.062439 5.969055 -2.822784
v 0.062439 5.970825 -2.842041
v 0.066971 7.109215 2.689636
v 0.066971 7.107445 2.670349
v 0.090912 1.431305 -3.216682
v 0.090912 1.433105 -3.236122
v 0.096909 8.197960 2.611237
v 0.096909 8.196220 2.592041
v 0.108932 6.756134 -2.752197
v 0.108932 6.757843 -2.771362
v 0.115936 7.089806 2.691345
v 0.115936 7.088097 2.672150
v 0.125397 7.368431 2.666382
v 0.125397 7.366631 2.647125
v 0.136932 5.998444 -2.820221
v 0.136932 6.000000 -2.839478
v 0.140991 6.761536 -2.751648
v 0.140991 6.763306 -2.770905
v 0.141693 6.304657 -2.792755
v 0.141693 6.306458 -2.811920
v 0.142151 6.430084 -2.781342
v 0.142151 6.431641 -2.800781
v 0.145660 6.482727 -2.776703
v 0.145660 6.484467 -2.796021
v 0.153015 7.517784 2.653046
v 0.153015 7.515984 2.633636
v 0.160034 6.101654 -2.810944
v 0.160034 6.103333 -2.830200
v 0.161591 7.663811 2.639771
v 0.161591 7.662102 2.620514
v 0.164398 6.046021 -2.816010
v 0.164398 6.047729 -2.835266
v 0.180450 6.522980 -2.773193
v 0.180450 6.524689 -2.792358
v 0.184662 7.734306 2.633453
v 0.184662 7.732536 2.614197
v 0.193085 8.148674 2.615601
v 0.193085 8.146873 2.596405
v 0.196381 6.638428 -2.762634
v 0.196381 6.640137 -2.782074
v 0.218658 5.011341 2.897568
v 0.218658 5.011341 2.887817
v 0.223816 9.077019 2.532379
v 0.223816 9.069298 2.513489
v 0.223816 9.066490 2.513336
v 0.223816 9.075218 2.512970
v 0.223816 9.077019 2.512787
v 0.223816 9.655083 2.480438
v 0.223816 9.655075 2.460846
v 0.225616 7.148247 2.686127
v 0.225616 7.146446 2.666840
v 0.243225 9.077019 2.532379
v 0.243225 9.069298 2.513489
v 0.243225 9.066490 2.513336
v 0.243225 9.075218 2.512970
v 0.243225 9.077019 2.512787
v 0.243225 9.655083 2.480438
v 0.243225 9.655075 2.460846
v 0.247131 7.775047 2.629791
v 0.247131 7.773308 2.610535
v 0.263519 7.144737 2.686432
v 0.263519 7.142998 2.667236
v 0.266022 7.110466 2.689636
v 0.266022 7.108665 2.670349
v 0.294739 2.012867 3.184151
v 0.297302 6.802998 2.736664
v 0.297302 6.801228 2.717407
v 0.303223 8.150902 2.615448
v 0.303223 8.149132 2.596191
v 0.307434 7.055504 2.694550
v 0.307434 7.053764 2.675262
v 0.309387 9.019157 2.500549
v 0.312042 1.474365 -3.212868
v 0.312042 1.476074 -3.232307
v 0.318970 9.019157 2.500549
v 0.322327 2.008343 3.184540
v 0.324066 11.990494 2.262512
v 0.324066 12.282372 2.236267
v 0.324066 12.280655 2.216858
v 0.324066 12.649254 2.203186
v 0.324066 12.647545 2.183777
v 0.324066 13.553665 2.122070
v 0.324066 13.942093 2.087097
v 0.324066 13.553665 2.083069
v 0.324066 11.990501 2.055786
v 0.324066 12.965477 2.055786
v 0.324066 14.330589 2.052124
v 0.324066 13.553665 2.044128
v 0.324066 13.899002 2.044128
v 0.324066 13.942093 2.044128
v 0.324066 11.990501 1.860779
v 0.324066 12.965477 1.860779
v 0.324066 13.160538 1.269958
v 0.324066 11.990494 0.679199
v 0.324066 14.330582 0.679199
v 0.324066 11.990494 -0.764160
v 0.324066 14.330582 -0.764160
v 0.324066 13.160553 -1.354919
v 0.324066 11.990509 -1.945679
v 0.324066 12.965485 -1.945679
v 0.324066 13.553680 -2.128967
v 0.324066 13.899017 -2.128967
v 0.324066 13.942108 -2.128967
v 0.324066 14.330597 -2.137268
v 0.324066 11.990509 -2.140747
v 0.324066 12.965485 -2.140747
v 0.324066 13.942108 -2.172058
v 0.324066 13.553680 -2.206970
v 0.324066 11.990509 -2.347473
v 0.326538 1.989780 3.186256
v 0.336853 9.655090 -2.511169
v 0.336853 9.365936 -2.537079
v 0.336853 9.655090 -2.537079
v 0.344574 1.042694 -3.251686
v 0.344574 1.044434 -3.271034
v 0.359558 10.040543 2.209534
v 0.359772 11.575043 -2.384766
v 0.359772 11.576874 -2.404114
v 0.359772 11.228973 -2.415894
v 0.359772 11.230682 -2.435303
v 0.360229 5.011353 -2.928314
v 0.362030 8.469231 2.586975
v 0.362030 8.467430 2.567719
v 0.369202 8.371422 2.595703
v 0.369202 8.369713 2.576447
v 0.369507 5.317036 2.889526
v 0.369507 5.315296 2.870270
v 0.369507 6.087971 2.820282
v 0.369507 6.086262 2.801025
v 0.377167 9.655090 -2.365997
v 0.380219 7.848534 2.623322
v 0.380219 7.846794 2.603912
v 0.381775 7.065880 2.693604
v 0.381775 7.064049 2.674194
v 0.384247 8.536247 2.580811
v 0.384247 8.534447 2.561554
v 0.386749 9.655090 -2.365997
v 0.386749 9.655090 -2.375702
v 0.388336 9.655083 2.344940
v 0.396667 8.731956 2.563354
v 0.396667 8.730156 2.544067
v 0.401215 8.185173 2.612488
v 0.401215 8.183464 2.593231
v 0.412170 10.790436 -2.455261
v 0.423737 5.011341 2.782364
v 0.429749 12.287987 2.235718
v 0.429749 12.286209 2.216309
v 0.430603 8.278435 2.604065
v 0.430603 8.276665 2.584869
v 0.433411 5.011341 2.792114
v 0.433411 5.011341 2.782364
v 0.434814 7.653137 -2.690979
v 0.443542 1.575134 -3.203896
v 0.443542 1.576843 -3.223305
v 0.443939 7.551636 -2.700012
v 0.446136 7.523804 -2.702576
v 0.454224 7.762329 -2.681122
v 0.454865 6.704487 2.745392
v 0.454865 6.702778 2.726135
v 0.462189 7.819977 -2.675995
v 0.468201 12.648949 2.203186
v 0.468201 12.647240 2.183777
v 0.479736 12.300072 2.234741
v 0.479736 12.298294 2.215332
v 0.483704 12.471146 2.219299
v 0.483704 12.469322 2.199890
v 0.488312 8.818840 2.555481
v 0.488312 8.817101 2.536194
v 0.492523 7.201591 2.681366
v 0.492523 7.199791 2.662170
v 0.494080 12.426537 2.223328
v 0.494080 12.424698 2.203918
v 0.498779 7.610130 2.644714
v 0.498779 7.608360 2.625427
v 0.503845 12.526871 2.214233
v 0.503845 12.525040 2.194824
v 0.507751 12.624840 2.205505
v 0.507751 12.623062 2.186035
v 0.509308 12.606834 2.207031
v 0.509308 12.604996 2.187622
v 0.509857 7.340416 2.668945
v 0.509857 7.338707 2.649536
v 0.514526 12.336937 2.231384
v 0.514526 12.335167 2.211975
v 0.527618 12.401260 2.225586
v 0.527618 12.399490 2.206177
v 0.535919 1.632782 -3.198677
v 0.535919 1.634583 -3.218086
v 0.539581 7.673637 2.638916
v 0.539581 7.671837 2.619659
v 0.544098 7.005585 -2.749054
v 0.552429 10.122375 -2.515381
v 0.556488 7.925804 2.616302
v 0.556488 7.924095 2.597107
v 0.561340 5.224213 -2.676819
v 0.561401 9.052460 -2.518341
v 0.565948 8.848228 2.552826
v 0.565948 8.846428 2.533630
v 0.571014 9.052460 -2.518341
v 0.584412 11.069855 -2.430237
v 0.588318 11.234100 -2.415405
v 0.598907 5.224213 -2.676910
v 0.598999 5.224213 -2.676910
v 0.599213 5.224213 -2.676910
v 0.602997 11.091217 -2.428284
v 0.605927 11.223969 -2.416260
v 0.608978 7.715233 2.635193
v 0.608978 7.713493 2.615997
v 0.611328 11.202850 -2.418213
v 0.613922 11.181000 -2.420166
v 0.617249 5.011341 2.792114
v 0.623169 0.844025 -3.269508
v 0.623169 0.845764 -3.288918
v 0.628021 7.933525 2.615601
v 0.628021 7.931725 2.596405
v 0.639557 11.136139 -2.424194
v 0.645874 1.634583 -3.198494
v 0.645874 1.636292 -3.217934
v 0.659546 3.855927 -3.018570
v 0.659546 3.857727 -3.037766
v 0.659546 3.091858 -3.087143
v 0.659546 3.093567 -3.106491
v 0.680359 7.839775 2.624023
v 0.680359 7.838005 2.604767
v 0.693481 6.741627 2.742035
v 0.693481 6.739826 2.722870
v 0.701904 12.559959 2.230835
v 0.701904 12.558311 2.211426
v 0.701904 13.007652 2.190674
v 0.701904 13.005882 2.171265
v 0.708527 7.367882 2.685974
v 0.708527 7.366325 2.666534
v 0.718506 7.470360 2.676666
v 0.718506 7.468651 2.657410
v 0.727936 8.999878 -2.550476
v 0.727936 8.999878 -2.569916
v 0.727936 7.005585 -2.729645
v 0.727936 7.005585 -2.739380
v 0.727936 7.005585 -2.749054
v 0.727936 5.011353 -2.908875
v 0.727936 5.011353 -2.928314
v 0.732300 2.599506 3.151001
v 0.732300 2.597706 3.131577
v 0.732300 4.000385 3.025101
v 0.732300 3.998661 3.005844
v 0.734192 7.269981 2.694702
v 0.734192 7.268211 2.675446
v 0.737610 7.005585 -2.729645
v 0.747345 8.999878 -2.550476
v 0.747345 8.999878 -2.569916
v 0.747345 7.005585 -2.729645
v 0.747345 7.005585 -2.739380
v 0.747345 7.005585 -2.749054
v 0.747345 5.011353 -2.908875
v 0.747345 5.011353 -2.928314
v 0.755402 9.052460 -2.518341
v 0.765076 9.052460 -2.518341
v 0.765076 9.057678 -2.527863
v 0.769501 0.727356 -3.280037
v 0.769501 0.729156 -3.299446
v 0.795410 1.277405 -3.211067
v 0.795410 1.279205 -3.230507
v 0.798218 1.242065 -3.214272
v 0.798218 1.243866 -3.233681
v 0.800323 9.077026 -2.563110
v 0.811707 1.613586 -3.200478
v 0.811707 1.615295 -3.219826
v 0.820282 1.176697 -3.220039
v 0.820282 1.178436 -3.239479
v 0.825531 8.882011 2.549866
v 0.825531 8.880211 2.530426
v 0.827087 6.899738 2.727936
v 0.827087 6.897911 2.708649
v 0.827454 7.121483 2.707947
v 0.827454 7.119926 2.688782
v 0.842285 1.147308 -3.222847
v 0.842285 1.149017 -3.242195
v 0.842590 10.040550 2.437622
v 0.842590 10.040558 -2.522705
v 0.844055 1.306122 -3.208504
v 0.844055 1.307831 -3.227913
v 0.844391 7.021961 2.716919
v 0.844391 7.020256 2.697662
v 0.868256 9.038322 2.461853
v 0.868256 9.038330 -2.492615
v 0.870300 7.589470 2.665985
v 0.870300 7.587761 2.646729
v 0.874969 1.122955 -3.224953
v 0.874969 1.124756 -3.244301
v 0.886047 7.297943 -2.722870
v 0.890411 1.319763 -3.207253
v 0.890411 1.321472 -3.226662
v 0.914917 13.160538 0.679199
v 0.919891 2.996063 -3.095779
v 0.929260 5.078979 -2.676758
v 0.929321 5.170921 2.686676
v 0.929321 5.224205 2.686676
v 0.929321 5.078972 2.676849
v 0.929321 5.078979 -2.676758
v 0.929321 5.170929 -2.686584
v 0.929321 5.224213 -2.686584
v 0.929413 5.078972 2.676849
v 0.937988 1.312744 -3.207802
v 0.937988 1.314545 -3.227211
v 0.954681 3.956482 -3.009445
v 0.958252 1.085052 -3.228218
v 0.958252 1.086609 -3.247810
v 0.968414 8.311668 2.601105
v 0.968414 8.309868 2.581909
v 0.972382 1.292603 -3.209663
v 0.972382 1.294403 -3.229073
v 0.979401 7.660515 2.659515
v 0.979401 7.658897 2.640259
v 0.984314 1.279205 -3.210915
v 0.984314 1.280914 -3.230324
v 0.987366 5.078972 2.676849
v 0.987366 4.643646 -2.676773
v 0.987366 4.788727 -2.676773
v 0.987366 5.078979 -2.676758
v 0.990784 0.687805 -3.283516
v 0.990784 0.689606 -3.302956
v 0.992279 5.011345 2.686661
v 0.992279 5.064461 2.686676
v 0.992279 5.170921 2.686676
v 0.992279 5.011353 -2.686584
v 0.992279 5.064453 -2.686584
v 0.992279 5.170929 -2.686584
v 0.994293 1.255188 -3.213020
v 0.994293 1.256958 -3.232430
v 1.001099 1.239258 -3.214424
v 1.001099 1.241058 -3.233833
v 1.004211 1.058472 -3.230721
v 1.004211 1.060181 -3.250069
v 1.009521 8.839684 2.553528
v 1.009521 8.837944 2.534332
v 1.016357 4.643654 2.676834
v 1.016357 4.788811 2.676834
v 1.016357 5.079048 2.676849
v 1.016449 4.057098 -3.000473
v 1.018799 1.045349 -3.231911
v 1.018799 1.047058 -3.251320
v 1.019958 1.029053 -3.233284
v 1.019958 0.995972 -3.236244
v 1.019958 1.030853 -3.252724
v 1.019958 0.997772 -3.255684
v 1.020660 1.230530 -3.215279
v 1.020660 1.232330 -3.234718
v 1.022858 0.183067 3.348650
v 1.024719 8.434052 -2.620819
v 1.024719 8.435608 -2.640015
v 1.024719 7.015015 -2.748291
v 1.024719 7.015808 -2.757965
v 1.024719 7.016754 -2.767548
v 1.024719 5.596039 -2.875824
v 1.024719 5.597748 -2.895081
v 1.033600 8.156700 2.614899
v 1.033600 8.154900 2.595703
v 1.043915 0.965576 -3.239052
v 1.043915 0.967346 -3.258492
v 1.049225 7.767570 2.649933
v 1.049225 7.765739 2.630646
v 1.058960 8.662132 2.569672
v 1.058960 8.660423 2.550232
v 1.064056 8.504051 2.583771
v 1.064056 8.502312 2.564606
v 1.064423 1.223907 -3.215828
v 1.064423 1.225616 -3.235268
v 1.067230 7.965538 2.632050
v 1.067230 7.963799 2.612793
v 1.079956 0.584625 -3.292976
v 1.079956 0.586243 -3.312386
v 1.080902 0.943024 -3.241035
v 1.080902 0.944733 -3.260445
v 1.083618 1.217255 -3.216377
v 1.083618 1.218994 -3.235970
v 1.084076 4.643654 2.744614
v 1.084259 4.643646 -2.744461
v 1.084686 8.758690 2.560852
v 1.084686 8.756889 2.541656
v 1.097809 1.206268 -3.217384
v 1.097809 1.207977 -3.236824
v 1.101471 4.296848 2.905060
v 1.101471 4.296844 -2.905014
v 1.103973 1.185913 -3.219337
v 1.103973 1.187714 -3.238747
v 1.104126 1.192627 -3.218636
v 1.104126 1.194336 -3.238075
v 1.111145 1.174042 -3.220345
v 1.111145 1.175781 -3.239784
v 1.114960 1.170929 -3.220528
v 1.114960 1.172638 -3.239937
v 1.115906 4.566654 2.954666
v 1.115906 4.566650 -2.954605
v 1.119110 4.306461 2.922684
v 1.119110 4.306458 -2.922623
v 1.119904 1.163757 -3.221199
v 1.119904 1.165466 -3.240639
v 1.120819 4.287266 2.924408
v 1.120819 4.287262 -2.924332
v 1.121277 1.161255 -3.221443
v 1.121277 1.163055 -3.240852
v 1.122864 4.489521 2.961685
v 1.122864 4.643650 2.947723
v 1.122864 4.643646 -2.947678
v 1.122864 4.489532 -2.961563
v 1.123322 1.156738 -3.221931
v 1.123322 1.158447 -3.241341
v 1.125732 0.122070 3.354109
v 1.125793 0.514191 -3.299204
v 1.125793 0.515900 -3.318644
v 1.127380 0.929688 -3.242195
v 1.127380 0.931488 -3.261635
v 1.130493 1.142395 -3.223183
v 1.130493 1.144196 -3.242561
v 1.133545 1.126160 -3.224556
v 1.133545 1.127869 -3.243996
v 1.136658 4.335316 2.975571
v 1.136658 4.335327 -2.975357
v 1.140167 0.245857 3.362612
v 1.140167 0.244141 3.343191
v 1.140167 0.828281 3.310120
v 1.140167 0.826565 3.290771
v 1.140167 4.258167 2.982361
v 1.140167 4.258179 -2.982315
v 1.140320 1.108856 -3.226112
v 1.140320 1.110565 -3.245552
v 1.143433 5.317036 2.889526
v 1.143433 5.315296 2.870270
v 1.143433 6.087971 2.820282
v 1.143433 6.086262 2.801025
v 1.154205 4.325718 2.957870
v 1.154205 4.325714 -2.957748
v 1.155212 1.079987 -3.228767
v 1.155212 1.081696 -3.248207
v 1.159515 4.267933 2.963089
v 1.159515 4.267944 -2.963028
v 1.160767 1.069855 -3.229622
v 1.160767 1.071564 -3.249062
v 1.161011 1.064392 -3.230202
v 1.161011 1.066101 -3.249580
v 1.164673 1.062134 -3.230324
v 1.164673 1.063843 -3.249763
v 1.169189 0.938507 -3.241585
v 1.169189 0.940216 -3.260933
v 1.170441 1.058472 -3.230721
v 1.170441 1.060181 -3.250069
v 1.188446 1.027802 -3.233467
v 1.188446 1.029602 -3.252876
v 1.190552 4.643646 -2.880051
v 1.195251 1.549408 -3.206245
v 1.195251 1.551117 -3.225594
v 1.207153 0.956970 -3.239784
v 1.207153 0.958771 -3.259193
v 1.219574 4.643650 2.880096
v 1.219727 4.643646 -2.879959
v 1.222839 0.479156 -3.302408
v 1.222839 0.480957 -3.321817
v 1.227753 2.599506 3.151001
v 1.227753 2.597706 3.131577
v 1.227753 4.000385 3.025101
v 1.227753 3.998661 3.005844
v 1.292511 12.198273 -2.328735
v 1.292511 12.199982 -2.348145
v 1.292511 11.376801 -2.402527
v 1.292511 11.378510 -2.421936
v 1.331512 0.000000 3.365030
v 1.331512 0.000000 -3.365030
v 1.340942 7.157616 2.704773
v 1.340942 7.543083 2.670135
v 1.348816 0.410278 -3.308512
v 1.348816 0.411987 -3.327921
v 1.361511 10.431236 2.402588
v 1.361511 10.429459 2.383179
v 1.365051 10.478600 2.398193
v 1.365051 10.476891 2.378784
v 1.365723 10.468712 2.399292
v 1.365723 10.466881 2.379883
v 1.368011 10.530533 2.393677
v 1.368011 10.528831 2.374268
v 1.391479 10.574486 2.389648
v 1.391479 10.572708 2.370239
v 1.425964 8.088989 -2.671143
v 1.425964 8.090790 -2.690582
v 1.425964 7.246521 -2.746887
v 1.425964 7.248230 -2.766144
v 1.429779 10.405899 2.404846
v 1.429779 10.404129 2.385437
v 1.449493 10.315994 2.412964
v 1.449493 10.314285 2.393555
v 1.451996 1.331604 -3.225807
v 1.451996 1.333405 -3.245247
v 1.457916 10.380997 2.407166
v 1.457916 10.379295 2.387756
v 1.465271 10.281029 2.416077
v 1.465271 10.279259 2.396667
v 1.469086 10.587547 2.388489
v 1.469086 10.585838 2.369019
v 1.472290 10.365929 2.408325
v 1.472290 10.364220 2.388916
v 1.484528 10.553185 2.391602
v 1.484528 10.551353 2.372192
v 1.486938 0.133606 -3.353037
v 1.497803 9.655090 -2.511169
v 1.497803 9.365936 -2.537079
v 1.497803 9.655090 -2.537079
v 1.503418 1.177185 -3.239601
v 1.503418 1.178741 -3.259041
v 1.505676 11.990494 0.679199
v 1.505676 12.965469 0.679199
v 1.505676 11.990494 -0.764160
v 1.505676 12.965469 -0.764160
v 1.532562 2.360828 3.152870
v 1.538361 5.011341 2.897568
v 1.538361 5.011341 2.878159
v 1.538361 7.005573 2.718414
v 1.538361 7.005577 2.708649
v 1.538361 7.005577 2.698975
v 1.538361 8.999870 2.539154
v 1.538361 8.999870 2.519836
v 1.542572 10.301468 2.414124
v 1.542572 10.299759 2.394714
v 1.546448 2.358562 3.153107
v 1.548035 7.005577 2.698975
v 1.548492 2.349277 3.153961
v 1.550842 0.380341 -3.311167
v 1.550842 0.382111 -3.330576
v 1.556061 1.242619 3.273071
v 1.556061 1.240902 3.253487
v 1.557617 5.011341 2.897568
v 1.557617 5.011341 2.878159
v 1.557617 7.005573 2.718414
v 1.557617 7.005577 2.708649
v 1.557617 7.005577 2.698975
v 1.557617 8.999870 2.539154
v 1.557617 8.999870 2.519836
v 1.564941 10.346214 2.410156
v 1.564941 10.344505 2.390747
v 1.566742 10.407799 2.404663
v 1.566742 10.406090 2.385254
v 1.584381 10.510277 2.395386
v 1.584381 10.508568 2.375977
v 1.615356 1.096069 -3.246956
v 1.615356 1.097778 -3.266396
v 1.625336 12.559959 2.230835
v 1.625336 12.558311 2.211426
v 1.625336 13.007652 2.190674
v 1.625336 13.005882 2.171265
v 1.629364 5.224205 2.676849
v 1.688965 13.553665 2.044128
v 1.688965 13.899002 2.044128
v 1.688965 13.553665 0.679199
v 1.688965 13.899002 0.679199
v 1.688965 13.942093 0.679199
v 1.688965 13.553665 -0.764160
v 1.688965 13.899002 -0.764160
v 1.688965 13.942093 -0.764160
v 1.688965 13.553680 -2.128967
v 1.688965 13.899017 -2.128967
v 1.697144 14.330589 2.052124
v 1.697144 14.330582 0.679199
v 1.697144 14.330582 -0.764160
v 1.697144 14.330597 -2.137268
v 1.700653 11.990494 0.679199
v 1.700653 12.965469 0.679199
v 1.700653 11.990494 -0.764160
v 1.700653 12.965469 -0.764160
v 1.708557 0.392120 -3.310038
v 1.708557 0.393829 -3.329477
v 1.727966 13.553665 -0.764160
v 1.732025 13.942093 2.087097
v 1.732025 13.942093 0.679199
v 1.732025 13.942093 -0.764160
v 1.732025 13.942108 -2.172058
v 1.738281 9.655090 -2.240204
v 1.747559 13.551956 1.277283
v 1.747559 13.551956 0.966370
v 1.751068 13.512100 0.964600
v 1.753174 13.489029 1.004150
v 1.755829 13.460464 1.229553
v 1.756531 13.452103 1.023682
v 1.758240 13.433365 1.004272
v 1.761597 8.088989 -2.671143
v 1.761597 8.090790 -2.690582
v 1.761597 7.246521 -2.746887
v 1.761597 7.248230 -2.766144
v 1.763000 13.379654 1.120300
v 1.765717 13.348526 0.986084
v 1.766968 13.553665 2.122070
v 1.766968 13.553665 1.277283
v 1.766968 13.553665 0.966370
v 1.766968 13.553665 0.679199
v 1.766968 13.553665 -0.764160
v 1.766968 13.553680 -2.206970
v 1.768066 13.324722 1.149475
v 1.769073 13.311478 1.005859
v 1.769928 13.302200 1.036499
v 1.770477 13.513809 0.964600
v 1.772583 13.490677 1.004150
v 1.775146 13.462234 1.229553
v 1.775879 13.453812 1.023682
v 1.777679 13.435074 1.004272
v 1.782318 13.381485 1.120300
v 1.785156 13.350235 0.986084
v 1.787415 13.326553 1.149475
v 1.788513 13.313187 1.005859
v 1.789368 13.303909 1.036499
v 1.800201 10.235565 -2.240234
v 1.801544 5.224213 -2.676758
v 1.802307 12.198273 -2.328735
v 1.802307 12.199982 -2.348145
v 1.802307 11.376801 -2.402527
v 1.802307 11.378510 -2.421936
v 1.807678 5.224213 -2.676910
v 1.807770 5.224213 -2.676910
v 1.808258 5.224213 -2.676910
v 1.808319 5.224213 -2.676758
v 1.814392 5.224213 -2.676910
v 1.814484 5.224213 -2.676910
v 1.814941 5.224213 -2.676910
v 1.824829 1.101990 -3.246407
v 1.824829 1.103790 -3.265846
v 1.852692 12.381744 -2.312134
v 1.853546 12.372467 -2.238220
v 1.854431 9.655083 2.209534
v 1.854431 10.040543 2.209534
v 1.854431 10.040543 2.170532
v 1.854431 9.655083 2.093384
v 1.854431 10.040543 0.693054
v 1.854431 9.847794 0.654541
v 1.854431 9.655075 -0.073425
v 1.854431 10.040543 -0.784424
v 1.854431 9.655090 -2.240204
v 1.854431 10.040558 -2.240234
v 1.854431 10.233185 -2.240234
v 1.854431 10.235565 -2.240234
v 1.854431 10.040558 -2.294495
v 1.854431 10.235565 -2.294495
v 1.854950 12.356842 -2.215942
v 1.860199 12.297943 -2.231201
v 1.862427 12.491348 2.217407
v 1.862427 12.491364 -2.302551
v 1.864929 12.246185 -2.239075
v 1.871033 12.176788 -2.194397
v 1.872101 12.383453 -2.312134
v 1.872955 12.374176 -2.238220
v 1.874390 12.358673 -2.215942
v 1.879608 12.299652 -2.231201
v 1.880157 12.075958 -2.105408
v 1.881866 12.274612 -0.999939
v 1.881866 12.274628 -1.721436
v 1.883667 12.036957 -2.031250
v 1.884369 12.247711 -2.239075
v 1.888733 11.981720 -1.979614
v 1.890442 12.178497 -2.194397
v 1.895905 11.900543 -2.120789
v 1.899017 11.865936 -2.211060
v 1.899567 12.077728 -2.105408
v 1.900055 11.853912 -1.942444
v 1.900055 11.855438 -2.083374
v 1.900970 0.446167 -3.305368
v 1.900970 0.447876 -3.324778
v 1.902557 11.826874 -1.949768
v 1.903076 12.038788 -2.031250
v 1.904663 11.803680 -2.009033
v 1.905518 11.794769 -2.364929
v 1.905640 11.791779 -2.264526
v 1.906128 12.005516 1.938171
v 1.907440 11.990494 0.679199
v 1.907440 11.990494 -0.764160
v 1.908142 11.983429 -1.979614
v 1.912994 11.928001 1.754272
v 1.912994 11.927994 1.465881
v 1.912994 11.927994 1.314148
v 1.912994 11.927994 1.025818
v 1.915314 11.902374 -2.120789
v 1.916870 11.885269 1.015808
v 1.918457 11.867706 -2.211060
v 1.919464 11.855621 -1.942444
v 1.919464 11.857147 -2.083374
v 1.921967 11.828705 -1.949768
v 1.924072 11.805389 -2.009033
v 1.924866 11.797134 -0.999939
v 1.924927 11.796539 -2.364929
v 1.925079 11.793549 -2.264526
v 1.930695 0.740448 -3.278786
v 1.930695 0.742249 -3.298195
v 1.932434 11.929771 1.754272
v 1.932434 11.929764 1.465881
v 1.932434 11.929764 1.314148
v 1.932434 11.929764 1.025818
v 1.941376 0.601471 -3.291420
v 1.941376 0.603180 -3.310768
v 1.942932 0.751282 -3.277931
v 1.942932 0.753082 -3.297340
v 1.961670 1.015411 -3.254128
v 1.961670 1.017212 -3.273537
v 1.968506 10.040543 0.486816
v 1.968506 10.040543 0.190613
v 1.968506 10.040543 -0.156616
v 1.968506 10.040543 -0.176086
v 1.972595 11.265884 2.327454
v 1.974213 0.680481 -3.284248
v 1.974213 0.682251 -3.303658
v 1.989899 9.655075 0.120087
v 1.995056 11.015457 -0.278320
v 1.996765 10.995697 -1.235840
v 1.996765 10.995697 -1.828369
v 1.998383 8.434052 -2.620819
v 1.998383 8.435608 -2.640015
v 1.998383 7.015015 -2.748291
v 1.998383 7.015808 -2.757965
v 1.998383 7.016754 -2.767548
v 1.998383 5.596039 -2.875824
v 1.998383 5.597748 -2.895081
v 1.998718 0.870636 -3.267220
v 1.998718 0.872345 -3.286659
v 2.016205 10.997406 -1.235840
v 2.016205 10.997406 -1.828369
v 2.023193 10.919525 -1.313843
v 2.023193 10.919525 -1.750366
v 2.042603 10.921295 -1.313843
v 2.042603 10.921295 -1.750366
v 2.045258 10.457298 1.754272
v 2.045258 10.457298 1.465881
v 2.045258 10.457291 1.314148
v 2.045258 10.457291 1.025818
v 2.050110 7.005573 2.718414
v 2.063934 10.248917 0.259216
v 2.063934 10.248917 0.114990
v 2.063934 10.248917 0.039185
v 2.064606 10.459007 1.754272
v 2.064606 10.459007 1.465881
v 2.064606 10.459000 1.314148
v 2.064606 10.459000 1.025818
v 2.082642 10.040550 2.437622
v 2.082642 10.040543 0.600891
v 2.082642 10.040558 -1.235840
v 2.082642 10.040558 -1.828369
v 2.082642 10.040558 -2.522705
v 2.091217 7.297943 -2.722870
v 2.102081 10.042267 -1.235840
v 2.102081 10.042267 -1.313843
v 2.102081 10.042267 -1.750366
v 2.102081 10.042267 -1.828369
v 2.105957 9.655075 -0.221558
v 2.105957 9.655075 -0.240997
v 2.105957 9.655075 -0.609680
v 2.105957 9.655075 -0.629120
v 2.106842 9.038322 2.461853
v 2.106842 9.038315 1.223236
v 2.106842 9.038315 -0.015320
v 2.106842 9.038330 -1.253967
v 2.106842 9.038330 -2.492615
v 2.115631 9.655075 1.129486
v 2.121490 10.043976 -1.313843
v 2.121490 10.043976 -1.750366
v 2.124451 9.047989 1.205688
v 2.124451 9.048004 -1.271576
v 2.125366 9.655083 2.480438
v 2.125366 9.655083 1.852936
v 2.125366 9.655075 0.691895
v 2.125366 9.655075 -0.221558
v 2.125366 9.655075 -0.240997
v 2.125366 9.655075 -0.609680
v 2.125366 9.655075 -0.629120
v 2.125366 9.655090 -2.511169
v 2.126160 9.028732 1.242584
v 2.126160 9.028748 -1.234619
v 2.126221 9.428436 -1.916809
v 2.126923 9.421387 -1.995911
v 2.128113 9.408295 -1.784271
v 2.129028 9.397064 -1.874390
v 2.129517 9.392670 -1.883270
v 2.130615 9.380585 -2.006744
v 2.131775 9.366791 -1.750214
v 2.132477 9.052444 1.120178
v 2.132477 9.052444 1.110443
v 2.132477 9.052444 0.926117
v 2.132477 9.052444 0.916382
v 2.133575 9.347076 -2.034576
v 2.135681 9.322876 -1.743011
v 2.137390 9.305237 -2.036621
v 2.138794 9.287933 -1.853027
v 2.141449 9.259918 -2.013062
v 2.142059 9.057663 -0.050598
v 2.142456 9.248566 -1.881714
v 2.144409 9.227234 -1.882721
v 2.145416 9.019150 0.023285
v 2.145416 9.019150 -0.695099
v 2.145416 9.019150 -0.704773
v 2.145416 9.214844 -1.910004
v 2.145416 9.430115 -1.916809
v 2.146149 9.423126 -1.995911
v 2.147400 9.410004 -1.784271
v 2.148468 9.398834 -1.874390
v 2.148804 9.394501 -1.883270
v 2.149780 9.382233 -2.006744
v 2.151062 9.368591 -1.750214
v 2.151215 9.365929 1.852936
v 2.151215 9.655083 1.852936
v 2.151215 9.365921 0.691895
v 2.151215 9.655075 0.691895
v 2.152832 9.348755 -2.034576
v 2.155090 9.324677 -1.743011
v 2.156677 9.306976 -2.036621
v 2.157928 9.077011 -0.221558
v 2.157928 9.077011 -0.240997
v 2.157928 9.077011 -0.609680
v 2.157928 9.077011 -0.629120
v 2.158051 9.075211 -0.221558
v 2.158051 9.075211 -0.240997
v 2.158051 9.075211 -0.609680
v 2.158051 9.075211 -0.629120
v 2.158234 9.066483 -0.221558
v 2.158234 9.066483 -0.240997
v 2.158234 9.066483 -0.609680
v 2.158234 9.066483 -0.629120
v 2.158234 9.289642 -1.853027
v 2.158630 9.069290 -0.221558
v 2.158630 9.069290 -0.240997
v 2.158630 9.069290 -0.609680
v 2.158630 9.069290 -0.629120
v 2.159698 9.067352 -1.306854
v 2.160645 9.261719 -2.013062
v 2.161743 9.250336 -1.881714
v 2.163696 9.228973 -1.882721
v 2.164673 8.999863 1.102417
v 2.164673 8.999863 1.082977
v 2.164673 9.216583 -1.910004
v 2.164673 8.999878 -1.924225
v 2.164673 8.999878 -1.943390
v 2.164764 9.009476 1.281250
v 2.167725 9.071793 1.155365
v 2.177246 9.077019 2.532379
v 2.177246 9.077011 1.155365
v 2.177246 9.077011 -0.221558
v 2.177246 9.077011 -0.240997
v 2.177246 9.077011 -0.609680
v 2.177246 9.077011 -0.629120
v 2.177246 9.077026 -2.563110
v 2.184113 8.999870 2.539154
v 2.184113 8.999863 1.102417
v 2.184113 8.999863 1.082977
v 2.184113 8.999863 -0.420624
v 2.184113 8.999878 -1.924225
v 2.184113 8.999878 -1.943390
v 2.184113 8.999878 -2.569916
v 2.201050 8.812187 2.261261
v 2.201050 8.812187 1.497467
v 2.209534 5.224213 -2.676758
v 2.209625 5.224205 2.686676
v 2.209625 5.224205 2.676849
v 2.209625 5.224213 -2.676758
v 2.209625 5.224213 -2.676910
v 2.209625 5.224213 -2.686584
v 2.209869 5.224205 2.676849
v 2.214386 8.663742 -0.059021
v 2.218750 8.400146 -1.324768
v 2.220001 8.385651 -1.297180
v 2.220306 8.813927 2.261261
v 2.220306 8.813927 1.497467
v 2.220459 8.380402 -1.490997
v 2.225372 8.325958 -1.201019
v 2.226624 8.311859 -1.463013
v 2.229431 8.281036 -1.421051
v 2.232697 8.243286 -1.434845
v 2.235535 8.212311 -1.323761
v 2.235657 8.210907 -1.476654
v 2.238037 8.401947 -1.324768
v 2.239197 8.387207 -1.297180
v 2.239746 8.382111 -1.490997
v 2.242004 8.140411 -1.323212
v 2.242004 8.140411 -1.462463
v 2.244263 8.115051 -1.378693
v 2.244659 8.327759 -1.201019
v 2.245819 8.313538 -1.463013
v 2.248627 8.282837 -1.421051
v 2.251984 8.244995 -1.434845
v 2.254791 8.214020 -1.323761
v 2.254944 8.212616 -1.476654
v 2.261261 8.142212 -1.323212
v 2.261261 8.142059 -1.462463
v 2.263519 8.116852 -1.378693
v 2.269470 8.051537 2.261261
v 2.269470 8.051537 1.497467
v 2.288696 8.053337 2.261261
v 2.288696 8.053337 1.497467
v 2.296509 2.637726 -3.127945
v 2.300812 7.702972 -1.174957
v 2.300812 7.702972 -1.677979
v 2.302734 2.470276 -3.142990
v 2.303986 7.666672 -0.150970
v 2.315002 2.565277 -3.134476
v 2.320007 7.704773 -1.174957
v 2.320007 7.704773 -1.677979
v 2.325439 4.643494 -2.559921
v 2.325531 4.643555 -1.279709
v 2.325623 4.643555 0.000488
v 2.325623 4.643555 -1.308975
v 2.325623 4.788727 -1.308975
v 2.325684 4.643646 1.280716
v 2.325745 4.643654 2.676834
v 2.325745 5.224205 2.676849
v 2.325745 4.643654 2.560852
v 2.325745 5.224205 2.268738
v 2.325745 4.788803 1.353485
v 2.325745 4.788803 1.351761
v 2.325745 4.933884 1.280472
v 2.325745 4.643646 1.251450
v 2.325745 4.788803 1.251450
v 2.325745 4.933884 0.146118
v 2.325745 4.933884 0.142685
v 2.325745 5.224197 0.000031
v 2.325745 4.643646 -0.057938
v 2.325745 4.933884 -0.057938
v 2.325745 5.079041 -1.061310
v 2.325745 5.079041 -1.062927
v 2.325745 5.079041 -1.066376
v 2.325745 4.643646 -1.367386
v 2.325745 5.079041 -1.367371
v 2.325745 5.224213 -2.268646
v 2.325745 5.224213 -2.275452
v 2.325745 4.643646 -2.676773
v 2.325745 5.224213 -2.676758
v 2.326324 7.417877 -1.801056
v 2.330658 5.224197 1.343353
v 2.335602 5.011345 2.686661
v 2.335602 5.224205 2.686676
v 2.335602 5.011337 1.343338
v 2.335602 5.064453 1.343353
v 2.335602 5.170914 1.343353
v 2.335602 5.224197 1.343353
v 2.335602 5.011337 0.000031
v 2.335602 5.117661 0.000031
v 2.335602 5.224197 0.000031
v 2.335602 5.011353 -1.343292
v 2.335602 5.064453 -1.343292
v 2.335602 5.170929 -1.343292
v 2.335602 5.224213 -1.343292
v 2.335602 5.011353 -2.686584
v 2.335602 5.224213 -2.686584
v 2.338776 7.278160 2.454468
v 2.343933 7.005569 1.102417
v 2.343933 7.005569 1.092743
v 2.343933 7.005569 1.082977
v 2.343933 7.005585 -1.924225
v 2.343933 7.005585 -1.933807
v 2.343933 7.005585 -1.943390
v 2.345581 7.204460 2.282928
v 2.347290 7.184349 2.315552
v 2.353699 7.005569 1.102417
v 2.353699 7.005569 1.082977
v 2.353699 7.005585 -1.924225
v 2.353699 7.005585 -1.943390
v 2.363342 7.005573 2.718414
v 2.363342 7.005569 1.102417
v 2.363342 7.005569 1.082977
v 2.363342 7.005569 0.899048
v 2.363342 7.005585 -1.924225
v 2.363342 7.005585 -1.943390
v 2.363342 7.005585 -2.435822
v 2.363342 7.005585 -2.749054
v 2.371857 6.911728 1.299988
v 2.378632 6.835930 2.250793
v 2.378632 6.835930 1.868896
v 2.379211 6.829765 1.848480
v 2.379761 6.824150 2.282928
v 2.380920 6.811272 1.844482
v 2.384033 3.855927 -3.018570
v 2.384033 3.857727 -3.037766
v 2.384033 3.091858 -3.087143
v 2.384033 3.093567 -3.106491
v 2.387329 5.011337 1.282883
v 2.387329 5.011353 -1.403717
v 2.387634 6.736839 1.828827
v 2.393555 4.643646 1.183762
v 2.393555 4.643646 -1.435074
v 2.393616 6.669540 -0.242920
v 2.406036 6.531387 1.299988
v 2.421692 6.357132 -0.229919
v 2.429443 5.011337 0.381226
v 2.429443 5.011337 0.371613
v 2.439087 5.011337 -0.120789
v 2.461243 4.643646 1.280472
v 2.461334 4.643646 -0.193405
v 2.468506 5.835968 -1.174957
v 2.468506 5.835968 -1.677979
v 2.468658 5.618584 2.240265
v 2.469757 5.606163 2.199402
v 2.470764 5.595116 2.304688
v 2.473022 5.569267 2.191528
v 2.474274 5.554680 2.369751
v 2.481628 5.472710 2.355408
v 2.484558 5.439781 2.305878
v 2.486359 5.420372 2.160156
v 2.487793 5.837677 -1.174957
v 2.487793 5.837677 -1.677979
v 2.487915 5.620293 2.240265
v 2.488953 5.607872 2.199402
v 2.490051 5.596733 2.304688
v 2.490479 5.373497 2.205872
v 2.490875 5.369530 2.248383
v 2.490875 5.011353 -1.524536
v 2.492310 5.570976 2.191528
v 2.493530 5.556480 2.369751
v 2.501038 5.474449 2.355408
v 2.503998 5.441612 2.305878
v 2.505707 5.422173 2.160156
v 2.509918 5.375298 2.205872
v 2.510315 5.371239 2.248383
v 2.523254 5.011337 1.102402
v 2.523254 5.011337 1.082977
v 2.523254 5.011337 -0.420624
v 2.523254 5.011353 -1.924225
v 2.523254 5.011353 -1.943390
v 2.529053 4.643646 -1.570572
v 2.532928 5.011337 -0.420624
v 2.542664 5.011341 2.897568
v 2.542664 5.011337 1.102402
v 2.542664 5.011337 1.082977
v 2.542664 5.011337 0.715210
v 2.542664 5.011337 -0.604462
v 2.542664 5.011353 -1.924225
v 2.542664 5.011353 -1.943390
v 2.542664 5.011353 -2.928314
v 2.553986 4.296848 2.905060
v 2.553986 4.296844 1.452545
v 2.553986 4.296844 0.000031
v 2.553986 4.296844 -1.452499
v 2.553986 4.296844 -2.905014
v 2.571625 4.306458 1.434982
v 2.571625 4.306458 -1.470139
v 2.573334 4.287262 1.471878
v 2.573334 4.287262 -1.433151
v 2.589172 4.316132 1.452545
v 2.589172 4.316132 -0.035156
v 2.592682 4.277588 0.038712
v 2.592682 4.277527 -1.452499
v 2.596680 4.643650 2.947723
v 2.596680 4.643646 1.473923
v 2.596680 4.643646 0.000031
v 2.596680 4.643646 -1.473862
v 2.596680 4.643646 -2.947678
v 2.602417 0.245857 3.362612
v 2.602417 0.244141 3.343191
v 2.602417 1.242619 3.273071
v 2.602417 1.240902 3.253487
v 2.603607 4.566650 1.466965
v 2.603607 4.566650 -1.480728
v 2.606720 4.325714 -1.505203
v 2.610535 4.489517 1.473923
v 2.610535 4.489594 -0.013779
v 2.612030 4.267929 1.510498
v 2.617401 4.412445 -1.494553
v 2.624329 4.335316 2.975571
v 2.624329 4.335312 1.487808
v 2.624329 4.335312 0.000031
v 2.624329 4.335327 -1.487656
v 2.624329 4.335327 -2.975357
v 2.631287 4.258167 2.982361
v 2.631287 4.258163 1.491226
v 2.631287 4.258163 0.000031
v 2.631287 4.258179 -1.491196
v 2.631287 4.258179 -2.982315
v 2.636658 4.198975 -1.623856
v 2.641968 4.139679 1.225876
v 2.641968 4.139771 -0.265320
v 2.641968 4.139679 -0.967880
v 2.647339 4.080490 1.093201
v 2.652649 4.021202 2.451721
v 2.652649 4.021194 1.046631
v 2.657715 3.964752 -1.732590
v 2.658997 3.950714 -1.798325
v 2.659607 3.943848 -1.626419
v 2.664734 3.669495 -0.482864
v 2.667328 3.641510 -0.614380
v 2.668579 3.627701 -0.270554
v 2.671936 4.023003 2.451721
v 2.671936 4.022995 1.046631
v 2.672089 3.588547 -0.710556
v 2.672638 3.583237 -0.175232
v 2.679810 3.502274 -0.769516
v 2.681824 3.479340 -0.080780
v 2.684174 3.671219 -0.482864
v 2.685577 3.438629 -0.875519
v 2.686523 1.476460 3.232430
v 2.686584 3.643295 -0.614380
v 2.687622 3.415680 -0.015884
v 2.687836 3.629410 -0.270554
v 2.688843 3.401337 0.325668
v 2.690125 3.388474 0.335266
v 2.691345 3.590256 -0.710556
v 2.691528 3.589241 2.451721
v 2.691528 3.589233 1.046631
v 2.691833 3.584869 -0.175232
v 2.692047 3.365997 0.126465
v 2.692200 3.364441 0.284027
v 2.693237 3.353439 0.223038
v 2.695496 3.327393 0.405624
v 2.699158 3.504074 -0.769516
v 2.700073 3.277557 -1.088852
v 2.701111 3.481140 -0.080780
v 2.703918 3.235443 0.426224
v 2.704773 3.440338 -0.875519
v 2.706879 3.417480 -0.015884
v 2.707031 3.198456 -0.011673
v 2.708130 3.403137 0.325668
v 2.708435 3.184204 -1.124039
v 2.708801 3.180450 0.332855
v 2.709137 3.176315 0.191742
v 2.709351 3.390182 0.335266
v 2.710693 3.590965 2.451721
v 2.710693 3.590958 1.046631
v 2.711243 3.152512 -0.095291
v 2.711395 3.366241 0.284027
v 2.711395 3.367798 0.126465
v 2.712494 3.355164 0.223038
v 2.714447 3.117889 -0.239441
v 2.714752 3.329102 0.405624
v 2.717407 3.083725 -0.462433
v 2.717560 3.082397 -1.113052
v 2.719269 3.279266 -1.088852
v 2.723175 3.237152 0.426224
v 2.724915 3.000900 -0.529358
v 2.726440 3.200104 -0.011673
v 2.727722 3.185913 -1.124039
v 2.728027 3.182251 0.332855
v 2.728394 3.178024 0.191742
v 2.728577 2.960266 -1.036423
v 2.730530 3.154236 -0.095291
v 2.730530 2.938095 -0.651810
v 2.733337 2.906906 -0.771072
v 2.733643 3.119598 -0.239441
v 2.734192 2.898407 -0.939560
v 2.736816 3.085526 -0.462433
v 2.736816 3.084137 -1.113052
v 2.744141 3.002609 -0.529358
v 2.747803 2.962067 -1.036423
v 2.749695 2.939667 -0.651810
v 2.752502 2.908691 -0.771072
v 2.753418 2.900116 -0.939560
v 2.759674 2.829514 0.971832
v 2.770508 2.708775 3.121597
v 2.786133 2.534927 0.000031
v 2.786438 2.532104 0.070526
v 2.786438 2.532104 -0.070251
v 2.787140 2.523926 0.140274
v 2.787140 2.523926 -0.140213
v 2.788391 2.510117 0.209381
v 2.788391 2.510117 -0.209335
v 2.790100 2.491013 0.277245
v 2.790100 2.491013 -0.277191
v 2.792206 2.466751 0.343391
v 2.792206 2.466751 -0.343315
v 2.795013 2.437180 0.407204
v 2.795013 2.437180 -0.407127
v 2.797974 2.403183 2.414833
v 2.797974 2.402710 0.468742
v 2.797974 2.402710 -0.468666
v 2.801483 2.363708 0.527321
v 2.801483 2.363708 -0.527092
v 2.802032 2.358948 -2.091621
v 2.802032 2.358948 -2.775429
v 2.805542 2.319946 0.582619
v 2.805542 2.319946 -0.582558
v 2.809753 2.272217 0.634407
v 2.809753 2.272217 -0.634193
v 2.814453 2.220505 0.682152
v 2.814453 2.220505 -0.682076
v 2.816711 2.194374 1.847305
v 2.816711 2.194366 1.268242
v 2.819336 2.165207 0.725670
v 2.819336 2.165207 -0.725594
v 2.821472 2.360748 -2.091621
v 2.821472 2.360748 -2.775429
v 2.822693 2.129089 -3.173714
v 2.824585 2.106628 0.764824
v 2.824585 2.106628 -0.764824
v 2.828064 2.068642 2.149559
v 2.830200 2.045242 0.799294
v 2.830200 2.045242 -0.799232
v 2.833313 2.010605 0.971840
v 2.835968 1.981201 0.828712
v 2.835968 1.981201 -0.828636
v 2.836121 2.196175 1.847305
v 2.836121 2.196167 1.268242
v 2.841888 1.915131 0.853203
v 2.841888 1.915131 -0.853127
v 2.848053 1.847427 0.872231
v 2.848053 1.847427 -0.872154
v 2.852722 1.794617 0.971840
v 2.854126 1.778320 0.886024
v 2.854126 1.778320 -0.885811
v 2.860474 1.708359 0.894310
v 2.860474 1.708359 -0.894234
v 2.863281 1.677795 -2.091621
v 2.863281 1.677795 -2.775429
v 2.866760 1.637848 0.897102
v 2.866760 1.637848 -0.897041
v 2.867615 1.628410 2.484489
v 2.880890 1.480988 -2.200722
v 2.882690 1.679504 -2.091621
v 2.882690 1.679504 -2.775429
v 2.883698 1.450012 -2.152321
v 2.892273 1.354389 3.243347
v 2.908020 1.179443 -3.070198
v 2.940399 0.818909 -2.131020
v 2.964661 0.548103 1.847303
v 2.964661 0.548111 1.268240
v 2.984070 0.549820 1.847303
v 2.984070 0.549820 1.268240
v 3.014038 0.000000 3.365030
v 3.014038 0.000000 2.131071
v 3.014038 0.000000 0.897100
v 3.014038 0.000000 -0.897043
v 3.014038 0.000000 -2.131021
v 3.014038 0.000000 -3.365030
v 3.209045 0.309509 0.585028
v 3.209045 1.745407 0.585030
v 3.209045 1.783539 0.577553
v 3.209045 1.830811 0.564278
v 3.209045 1.876755 0.547279
v 3.209045 1.921219 0.526619
v 3.209045 0.195007 0.517019
v 3.209045 1.963882 0.502663
v 3.209045 1.985016 0.488701
v 3.209045 2.081268 0.409615
v 3.209045 2.112396 0.376076
v 3.209045 2.142654 0.337608
v 3.209045 2.169952 0.296822
v 3.209045 2.193909 0.253990
v 3.209045 2.214340 0.209541
v 3.209045 2.231339 0.163521
v 3.209045 1.033417 0.154778
v 3.209045 1.423416 0.154778
v 3.209045 2.244598 0.116478
v 3.209045 2.254196 0.068428
v 3.209045 2.259964 0.019768
v 3.209045 1.033417 0.018608
v 3.209045 1.423416 0.018608
v 3.209045 2.261917 -0.029137
v 3.209045 1.033417 -0.077110
v 3.209045 1.423416 -0.077110
v 3.209045 2.259964 -0.078117
v 3.209045 2.254196 -0.126793
v 3.209045 2.244598 -0.174843
v 3.209045 1.033417 -0.213142
v 3.209045 1.423416 -0.213142
v 3.209045 2.231339 -0.221886
v 3.209045 2.214340 -0.267891
v 3.209045 2.193909 -0.312508
v 3.209045 2.169952 -0.355186
v 3.209045 2.142654 -0.395973
v 3.209045 2.112396 -0.434425
v 3.209045 2.081268 -0.467964
v 3.209045 1.985016 -0.547050
v 3.209045 1.963882 -0.561256
v 3.209045 0.195007 -0.575373
v 3.209045 1.921219 -0.585197
v 3.209045 1.876755 -0.605644
v 3.209045 1.830811 -0.622643
v 3.209045 1.783539 -0.635902
v 3.209045 0.309509 -0.643396
v 3.209045 1.745407 -0.643394
v 3.247192 2.142273 0.741112
v 3.247192 2.165207 0.725670
v 3.247192 2.220505 0.682152
v 3.247192 2.272217 0.634407
v 3.247192 2.319946 0.582619
v 3.247192 2.363708 0.527321
v 3.247192 2.402710 0.468742
v 3.247192 2.437180 0.407204
v 3.247192 2.466751 0.343391
v 3.247192 2.491013 0.277245
v 3.247192 2.505753 0.225281
v 3.247192 2.510117 0.209381
v 3.247192 2.523926 0.140274
v 3.247192 2.532104 0.070526
v 3.247192 2.534927 0.000031
v 3.247192 2.532104 -0.070251
v 3.247192 2.523926 -0.140213
v 3.247192 2.510117 -0.209335
v 3.247192 2.491013 -0.277191
v 3.247192 2.466751 -0.343315
v 3.247192 2.437180 -0.407127
v 3.247192 2.402710 -0.468666
v 3.247192 2.363708 -0.527092
v 3.247192 2.319946 -0.582558
v 3.247192 2.272217 -0.634193
v 3.247192 2.142273 -0.741051
v 3.247314 2.496307 -0.258850
v 3.248047 1.637848 0.897102
v 3.248047 1.708359 0.894310
v 3.248047 1.778320 0.886024
v 3.248047 1.847427 0.872231
v 3.248047 1.915131 0.853203
v 3.248047 1.981201 0.828712
v 3.248047 2.045242 0.799294
v 3.248047 2.106628 0.764824
v 3.248047 0.078003 0.702032
v 3.248047 1.637848 0.702034
v 3.248047 1.692993 0.700005
v 3.248047 1.747742 0.693306
v 3.248047 1.801804 0.682686
v 3.248047 1.819275 0.677773
v 3.248047 0.078003 0.672857
v 3.248047 1.854919 0.667625
v 3.248047 1.906555 0.648521
v 3.248047 1.956711 0.625435
v 3.248047 2.004837 0.598534
v 3.248047 0.309509 0.585028
v 3.248047 1.745407 0.585030
v 3.248047 1.783539 0.577553
v 3.248047 2.050613 0.567955
v 3.248047 1.830811 0.564278
v 3.248047 1.876755 0.547279
v 3.248047 2.093826 0.533791
v 3.248047 1.921219 0.526619
v 3.248047 0.195007 0.517019
v 3.248047 1.963882 0.502663
v 3.248047 2.134384 0.496422
v 3.248047 1.985016 0.488701
v 3.248047 2.171829 0.456032
v 3.248047 2.205917 0.412651
v 3.248047 2.081268 0.409615
v 3.248047 2.112396 0.376076
v 3.248047 2.236572 0.366783
v 3.248047 2.142654 0.337608
v 3.248047 2.263474 0.318672
v 3.248047 2.169952 0.296822
v 3.248047 2.286560 0.268654
v 3.248047 2.193909 0.253990
v 3.248047 2.305679 0.216866
v 3.248047 2.214340 0.209541
v 3.248047 2.320496 0.163918
v 3.248047 2.231339 0.163521
v 3.248047 1.033417 0.154778
v 3.248047 1.423416 0.154778
v 3.248047 2.244598 0.116478
v 3.248047 2.331345 0.109856
v 3.248047 2.254196 0.068428
v 3.248047 2.337814 0.055107
v 3.248047 2.259964 0.019768
v 3.248047 1.033417 0.018608
v 3.248047 1.423416 0.018608
v 3.248047 2.339920 0.000038
v 3.248047 2.261917 -0.029137
v 3.248047 2.337814 -0.055046
v 3.248047 1.033417 -0.077110
v 3.248047 1.423416 -0.077110
v 3.248047 2.259964 -0.078117
v 3.248047 2.331345 -0.109795
v 3.248047 2.254196 -0.126793
v 3.248047 2.320496 -0.163841
v 3.248047 2.244598 -0.174843
v 3.248047 1.033417 -0.213142
v 3.248047 1.423416 -0.213142
v 3.248047 2.305679 -0.216805
v 3.248047 2.231339 -0.221886
v 3.248047 2.214340 -0.267891
v 3.248047 2.286560 -0.268608
v 3.248047 2.193909 -0.312508
v 3.248047 2.263474 -0.318596
v 3.248047 2.169952 -0.355186
v 3.248047 2.236572 -0.366722
v 3.248047 2.142654 -0.395973
v 3.248047 2.205917 -0.412590
v 3.248047 2.112396 -0.434425
v 3.248047 2.171829 -0.455956
v 3.248047 2.081268 -0.467964
v 3.248047 2.134384 -0.496361
v 3.248047 2.093826 -0.533730
v 3.248047 1.985016 -0.547050
v 3.248047 1.963882 -0.561256
v 3.248047 2.050613 -0.567894
v 3.248047 0.195007 -0.575373
v 3.248047 1.921219 -0.585197
v 3.248047 2.004837 -0.598457
v 3.248047 1.876755 -0.605644
v 3.248047 1.830811 -0.622643
v 3.248047 1.956711 -0.625374
v 3.248047 1.783539 -0.635902
v 3.248047 0.309509 -0.643396
v 3.248047 1.745407 -0.643394
v 3.248047 1.908264 -0.647758
v 3.248047 1.906555 -0.648460
v 3.248047 1.854919 -0.667564
v 3.248047 2.220505 -0.682076
v 3.248047 1.801804 -0.682625
v 3.248047 1.747742 -0.693230
v 3.248047 1.692993 -0.699699
v 3.248047 0.078003 -0.702051
v 3.248047 1.637848 -0.702049
v 3.248047 2.165207 -0.725594
v 3.248047 2.106628 -0.764824
v 3.248047 2.045242 -0.799232
v 3.248047 1.981201 -0.828636
v 3.248047 1.915131 -0.853127
v 3.248047 1.847427 -0.872154
v 3.248047 1.778320 -0.885811
v 3.248047 1.708359 -0.894234
v 3.248047 1.637848 -0.897041
v 3.599060 0.000000 0.897100
v 3.599060 1.637848 0.897102
v 3.599060 1.708359 0.894310
v 3.599060 1.778320 0.886024
v 3.599060 1.847427 0.872231
v 3.599060 1.915131 0.853203
v 3.599060 1.981201 0.828712
v 3.599060 2.045242 0.799294
v 3.599060 2.106628 0.764824
v 3.599060 2.165207 0.725670
v 3.599060 0.000000 0.702032
v 3.599060 0.078003 0.702032
v 3.599060 1.637848 0.702034
v 3.599060 1.692993 0.700005
v 3.599060 1.747742 0.693306
v 3.599060 1.801804 0.682686
v 3.599060 2.220505 0.682152
v 3.599060 1.854919 0.667625
v 3.599060 1.906555 0.648521
v 3.599060 2.272217 0.634407
v 3.599060 1.956711 0.625435
v 3.599060 2.004837 0.598534
v 3.599060 2.319946 0.582619
v 3.599060 2.050613 0.567955
v 3.599060 2.093826 0.533791
v 3.599060 2.363708 0.527321
v 3.599060 2.134384 0.496422
v 3.599060 2.402710 0.468742
v 3.599060 2.171829 0.456032
v 3.599060 2.205917 0.412651
v 3.599060 2.437180 0.407204
v 3.599060 2.236572 0.366783
v 3.599060 2.466751 0.343391
v 3.599060 2.263474 0.318672
v 3.599060 2.491013 0.277245
v 3.599060 2.286560 0.268654
v 3.599060 2.305679 0.216866
v 3.599060 2.510117 0.209381
v 3.599060 2.320496 0.163918
v 3.599060 2.523926 0.140274
v 3.599060 2.331345 0.109856
v 3.599060 2.532104 0.070526
v 3.599060 2.337814 0.055107
v 3.599060 2.339920 0.000038
v 3.599060 2.534927 0.000031
v 3.599060 2.337814 -0.055046
v 3.599060 2.532104 -0.070251
v 3.599060 2.331345 -0.109795
v 3.599060 2.523926 -0.140213
v 3.599060 2.320496 -0.163841
v 3.599060 2.510117 -0.209335
v 3.599060 2.305679 -0.216805
v 3.599060 2.286560 -0.268608
v 3.599060 2.491013 -0.277191
v 3.599060 2.263474 -0.318596
v 3.599060 2.466751 -0.343315
v 3.599060 2.236572 -0.366722
v 3.599060 2.437180 -0.407127
v 3.599060 2.205917 -0.412590
v 3.599060 2.171829 -0.455956
v 3.599060 2.402710 -0.468666
v 3.599060 2.134384 -0.496361
v 3.599060 2.363708 -0.527092
v 3.599060 2.093826 -0.533730
v 3.599060 2.050613 -0.567894
v 3.599060 2.319946 -0.582558
v 3.599060 2.004837 -0.598457
v 3.599060 1.956711 -0.625374
v 3.599060 2.272217 -0.634193
v 3.599060 1.906555 -0.648460
v 3.599060 1.854919 -0.667564
v 3.599060 2.220505 -0.682076
v 3.599060 1.801804 -0.682625
v 3.599060 1.747742 -0.693230
v 3.599060 1.692993 -0.699699
v 3.599060 0.000000 -0.702051
v 3.599060 0.078003 -0.702051
v 3.599060 1.637848 -0.702049
v 3.599060 2.165207 -0.725594
v 3.599060 2.106628 -0.764824
v 3.599060 2.045242 -0.799232
v 3.599060 1.981201 -0.828636
v 3.599060 1.915131 -0.853127
v 3.599060 1.847427 -0.872154
v 3.599060 1.778320 -0.885811
v 3.599060 1.708359 -0.894234
v 3.599060 0.000000 -0.897043
v 3.599060 1.637848 -0.897041
v 3.716034 0.000000 0.702032
v 3.716034 0.078003 0.702032
v 3.716034 0.000000 -0.702051
v 3.716034 0.078003 -0.702051
vt 0.907444 0.584263
vt 0.841549 0.577369
vt 0.907133 0.587711
vt 0.774725 0.580817
vt 0.708522 0.577369
vt 0.709767 0.591153
vt 0.794361 0.513212
vt 0.701994 0.504650
vt 0.749869 0.540181
vt 0.739948 0.546664
vt 0.708218 0.573920
vt 0.818301 0.530978
vt 0.753593 0.539969
vt 0.746030 0.544593
vt 0.743819 0.545821
vt 0.738909 0.547822
vt 0.738822 0.549033
vt 0.739697 0.550134
vt 0.741308 0.550965
vt 0.744265 0.552606
vt 0.748244 0.552783
vt 0.817485 0.554360
vt 0.797472 0.564930
vt 0.899925 0.560432
vt 0.963827 0.555936
vt 0.886730 0.555936
vt 0.983438 0.478735
vt 0.991992 0.383549
vt 0.945505 0.414051
vt 0.942230 0.403572
vt 0.933628 0.401156
vt 0.926577 0.400632
vt 0.944037 0.410516
vt 0.960192 0.493988
vt 0.946600 0.422549
vt 0.944106 0.417217
vt 0.943559 0.416733
vt 0.960740 0.498235
vt 0.944944 0.429026
vt 0.959914 0.501474
vt 0.963827 0.521777
vt 0.938826 0.432896
vt 0.924457 0.436247
vt 0.922158 0.443162
vt 0.910680 0.452895
vt 0.893533 0.455764
vt 0.886119 0.456703
vt 0.898369 0.517494
vt 0.886730 0.521777
vt 0.832908 0.513212
vt 0.974881 0.573920
vt 0.908217 0.573920
vt 0.820159 0.547955
vt 0.820159 0.530870
vt 0.754904 0.540938
vt 0.820818 0.548439
vt 0.755501 0.542166
vt 0.821115 0.549053
vt 0.820571 0.550207
vt 0.754413 0.544474
vt 0.755383 0.546897
vt 0.821056 0.551418
vt 0.820857 0.552588
vt 0.754985 0.549244
vt 0.820592 0.553094
vt 0.754452 0.550252
vt 0.819267 0.553847
vt 0.751801 0.551763
vt 0.929461 0.432628
vt 0.766329 0.383549
vt 0.691111 0.383549
vt 0.718914 0.407443
vt 0.696550 0.444100
vt 0.822744 0.404036
vt 0.855453 0.395497
vt 0.818228 0.404706
vt 0.917545 0.401968
vt 0.815414 0.406247
vt 0.911913 0.405051
vt 0.813245 0.407028
vt 0.907575 0.406614
vt 0.767894 0.407443
vt 0.718914 0.434880
vt 0.767894 0.434880
vt 0.773795 0.470917
vt 0.845591 0.437178
vt 0.773732 0.471789
vt 0.845466 0.438921
vt 0.773665 0.472656
vt 0.845333 0.440658
vt 0.774914 0.473012
vt 0.847837 0.441369
vt 0.777372 0.474153
vt 0.852754 0.443654
vt 0.781651 0.476133
vt 0.861308 0.447619
vt 0.786592 0.477096
vt 0.871194 0.449540
vt 0.789532 0.479348
vt 0.877073 0.454045
vt 0.791596 0.480639
vt 0.881203 0.456627
vt 0.794055 0.480677
vt 0.836709 0.408601
vt 0.905525 0.409758
vt 0.837735 0.407028
vt 0.836709 0.422320
vt 0.834715 0.424628
vt 0.901539 0.414379
vt 0.829770 0.425514
vt 0.891646 0.416148
vt 0.826499 0.428123
vt 0.885104 0.421361
vt 0.855062 0.429945
vt 0.847725 0.434358
vt 0.872649 0.430243
vt 0.832065 0.873781
vt 0.834725 0.874605
vt 0.834178 0.873491
vt 0.831556 0.874668
vt 0.950352 0.832433
vt 0.937819 0.892172
vt 0.943301 0.910937
vt 0.875671 0.865957
vt 0.881941 0.836091
vt 0.813527 0.839748
vt 0.728587 0.832433
vt 0.797395 0.839748
vt 0.784029 0.832433
vt 0.828923 0.864732
vt 0.827835 0.864484
vt 0.883371 0.878449
vt 0.830579 0.866642
vt 0.884202 0.879405
vt 0.833857 0.870659
vt 0.885836 0.881413
vt 0.835218 0.872465
vt 0.884690 0.883419
vt 0.831329 0.876619
vt 0.884574 0.884395
vt 0.884333 0.885339
vt 0.830844 0.878507
vt 0.883546 0.885792
vt 0.829275 0.879416
vt 0.873328 0.885563
vt 0.796646 0.885563
vt 0.915028 0.892172
vt 0.942434 0.910858
vt 0.767915 0.890873
vt 0.738438 0.942001
vt 0.797395 0.874217
vt 0.813527 0.874217
vt 0.824871 0.874485
vt 0.825199 0.876561
vt 0.796646 0.901035
vt 0.807208 0.919609
vt 0.871732 0.919609
vt 0.873328 0.901035
vt 0.807208 0.989494
vt 0.742700 0.989494
vt 0.936240 0.989494
vt 0.940507 0.942001
vt 0.871732 0.989494
vt 0.915028 0.928898
vt 0.937819 0.928898
vt 0.940072 0.937100
vt 0.940940 0.937177
vt 0.827319 0.865390
vt 0.826569 0.867516
vt 0.826928 0.870891
vt 0.826444 0.873058
vt 0.776235 0.909471
vt 0.779336 0.887882
vt 0.771841 0.909471
vt 0.766587 0.887882
vt 0.766587 0.906462
vt 0.766587 0.925040
vt 0.771841 0.920502
vt 0.779336 0.925040
vt 0.776235 0.920502
vt 0.779336 0.906462
vt 0.858399 0.687707
vt 0.863547 0.685917
vt 0.862114 0.685672
vt 0.807606 0.621181
vt 0.873348 0.607592
vt 0.773006 0.621181
vt 0.814350 0.607592
vt 0.755351 0.607592
vt 0.764181 0.703545
vt 0.755351 0.696748
vt 0.764181 0.720778
vt 0.773006 0.655648
vt 0.755351 0.785907
vt 0.758793 0.762436
vt 0.765900 0.709041
vt 0.759184 0.759799
vt 0.783394 0.707722
vt 0.807606 0.655648
vt 0.767340 0.742642
vt 0.768752 0.740179
vt 0.808317 0.698496
vt 0.847882 0.656814
vt 0.806821 0.701229
vt 0.844887 0.662276
vt 0.808820 0.702970
vt 0.848883 0.665758
vt 0.809569 0.703841
vt 0.850387 0.667502
vt 0.809653 0.704998
vt 0.850550 0.669816
vt 0.810075 0.706076
vt 0.851394 0.671974
vt 0.849675 0.676516
vt 0.849996 0.680851
vt 0.851638 0.684640
vt 0.855624 0.687723
vt 0.765791 0.748203
vt 0.762726 0.754442
vt 0.760676 0.765099
vt 0.762985 0.769557
vt 0.770294 0.770557
vt 0.777379 0.772029
vt 0.778387 0.772388
vt 0.718464 0.696748
vt 0.726474 0.785907
vt 0.732468 0.696748
vt 0.754483 0.696748
vt 0.754483 0.607592
vt 0.889788 0.696748
vt 0.889788 0.607592
vt 0.881569 0.696748
vt 0.864594 0.653925
vt 0.863366 0.651791
vt 0.860035 0.650487
vt 0.877189 0.719916
vt 0.864398 0.656411
vt 0.877091 0.721160
vt 0.863578 0.665492
vt 0.876683 0.725698
vt 0.865311 0.675249
vt 0.863599 0.671089
vt 0.863756 0.673450
vt 0.877551 0.730580
vt 0.866023 0.680410
vt 0.877907 0.733157
vt 0.889788 0.785907
vt 0.830841 0.763066
vt 0.771897 0.740230
vt 0.777777 0.744856
vt 0.833780 0.765382
vt 0.779371 0.748299
vt 0.834579 0.767101
vt 0.779427 0.751251
vt 0.834607 0.768580
vt 0.833861 0.770962
vt 0.777933 0.756015
vt 0.778701 0.758673
vt 0.834244 0.772289
vt 0.782509 0.764468
vt 0.836148 0.775187
vt 0.782875 0.765037
vt 0.836329 0.775474
vt 0.836242 0.775691
vt 0.782694 0.765476
vt 0.835646 0.775848
vt 0.781508 0.765790
vt 0.835119 0.776003
vt 0.780452 0.766099
vt 0.834847 0.776380
vt 0.779911 0.766850
vt 0.779880 0.767970
vt 0.834834 0.776938
vt 0.780591 0.768580
vt 0.835190 0.777242
vt 0.780866 0.769082
vt 0.835325 0.777493
vt 0.780818 0.769625
vt 0.835301 0.777769
vt 0.835190 0.777957
vt 0.780591 0.770003
vt 0.835040 0.778894
vt 0.780294 0.771879
vt 0.834087 0.779145
vt 0.822569 0.785907
vt 0.770507 0.768109
vt 0.775468 0.767611
vt 0.769543 0.765727
vt 0.776479 0.767962
vt 0.776643 0.769598
vt 0.770935 0.769915
vt 0.856890 0.651307
vt 0.946585 0.633731
vt 0.970918 0.607592
vt 0.903056 0.633731
vt 0.890655 0.607592
vt 0.896856 0.709819
vt 0.890655 0.696748
vt 0.890655 0.785907
vt 0.903056 0.760611
vt 0.954889 0.785907
vt 0.946585 0.760611
vt 0.962902 0.696748
vt 0.946585 0.697170
vt 0.950736 0.709819
vt 0.916772 0.383549
vt 0.841549 0.383549
vt 0.787181 0.401470
vt 0.923720 0.389522
vt 0.774883 0.573920
vt 0.841549 0.573920
vt 0.836023 0.564930
vt 0.973333 0.591153
vt 0.908060 0.577369
vt 0.840933 0.584266
vt 0.775035 0.577369
vt 0.775656 0.591153
vt 0.841549 0.591153
vt 0.767452 0.508933
vt 0.772120 0.569424
vt 0.894913 0.832433
vt 0.839472 0.832433
vt 0.754483 0.785907
vt 0.710454 0.607592
vt 0.903056 0.697170
vt 0.780231 0.395497
vt 0.902686 0.564930
vt 0.974570 0.577369
vt 0.775350 0.587711
vt 0.907444 0.591153
vt 0.733511 0.887214
vt 0.864134 0.871352
vt 0.883614 0.871352
vt 0.883252 0.875389
vt 0.825266 0.874381
vt 0.844474 0.873372
vt 0.825355 0.875389
vt 0.863954 0.875389
vt 0.844655 0.875389
vt 0.863863 0.874381
vt 0.519513 0.394464
vt 0.584468 0.394464
vt 0.584468 0.420503
vt 0.519792 0.407482
vt 0.455115 0.394464
vt 0.519792 0.416105
vt 0.455115 0.411712
vt 0.486824 0.416105
vt 0.389184 0.411712
vt 0.566234 0.562318
vt 0.519014 0.542951
vt 0.566234 0.499685
vt 0.521483 0.544896
vt 0.522610 0.547491
vt 0.521225 0.550410
vt 0.519335 0.551103
vt 0.593023 0.383549
vt 0.668244 0.383549
vt 0.649841 0.394464
vt 0.653601 0.449557
vt 0.662800 0.444100
vt 0.657356 0.504651
vt 0.649841 0.439026
vt 0.603062 0.439026
vt 0.520943 0.439693
vt 0.548093 0.472507
vt 0.493272 0.457264
vt 0.493178 0.457676
vt 0.491327 0.457982
vt 0.435982 0.442426
vt 0.438451 0.442018
vt 0.602011 0.489095
vt 0.588384 0.499685
vt 0.588384 0.562318
vt 0.651132 0.573919
vt 0.475352 0.568121
vt 0.517801 0.573919
vt 0.584468 0.573919
vt 0.375915 0.478735
vt 0.367361 0.383549
vt 0.389184 0.394464
vt 0.448895 0.391734
vt 0.508605 0.389007
vt 0.579224 0.391734
vt 0.386827 0.484192
vt 0.386827 0.492816
vt 0.432962 0.431494
vt 0.434534 0.430769
vt 0.435341 0.430500
vt 0.436177 0.430417
vt 0.510320 0.425458
vt 0.408716 0.502708
vt 0.432564 0.432973
vt 0.408517 0.503448
vt 0.432798 0.434434
vt 0.408632 0.504177
vt 0.432673 0.437555
vt 0.408569 0.505739
vt 0.433541 0.440338
vt 0.409005 0.507130
vt 0.433830 0.441861
vt 0.409148 0.507890
vt 0.410226 0.508173
vt 0.475352 0.536802
vt 0.512183 0.471056
vt 0.514617 0.543574
vt 0.449543 0.558747
vt 0.514150 0.544324
vt 0.449310 0.559124
vt 0.512280 0.547289
vt 0.448375 0.560606
vt 0.512374 0.548174
vt 0.448420 0.561045
vt 0.449418 0.561363
vt 0.514369 0.548805
vt 0.451126 0.561816
vt 0.517787 0.549712
vt 0.451901 0.562513
vt 0.519617 0.434720
vt 0.519778 0.435051
vt 0.436497 0.431079
vt 0.521319 0.438032
vt 0.439577 0.437039
vt 0.438827 0.440362
vt 0.865327 0.866966
vt 0.858840 0.866966
vt 0.858840 0.848624
vt 0.865327 0.848624
vt 0.826295 0.822857
vt 0.806985 0.822857
vt 0.806985 0.817805
vt 0.826295 0.817805
vt 0.883327 0.830857
vt 0.864180 0.817805
vt 0.883327 0.817805
vt 0.864180 0.825431
vt 0.869626 0.830857
vt 0.870533 0.984906
vt 0.858442 0.984906
vt 0.858442 0.979044
vt 0.870533 0.979044
vt 0.440163 0.892172
vt 0.483459 0.919609
vt 0.440163 0.928898
vt 0.494074 0.905889
vt 0.547983 0.919609
vt 0.483459 0.989494
vt 0.437945 0.945718
vt 0.417378 0.928898
vt 0.414689 0.942001
vt 0.445317 0.953778
vt 0.440861 0.950174
vt 0.445794 0.956161
vt 0.443535 0.958657
vt 0.441679 0.961072
vt 0.438607 0.961536
vt 0.437461 0.961705
vt 0.433415 0.948329
vt 0.418951 0.989494
vt 0.434472 0.945996
vt 0.435964 0.953729
vt 0.434269 0.958859
vt 0.571164 0.832433
vt 0.626604 0.832433
vt 0.599003 0.843184
vt 0.602459 0.844098
vt 0.603459 0.846098
vt 0.621684 0.887214
vt 0.616758 0.942001
vt 0.604328 0.853433
vt 0.603539 0.848852
vt 0.599863 0.855351
vt 0.599173 0.856888
vt 0.519670 0.874531
vt 0.552707 0.932909
vt 0.547983 0.932658
vt 0.554942 0.933450
vt 0.556498 0.935098
vt 0.557083 0.937973
vt 0.555583 0.939103
vt 0.555120 0.941098
vt 0.556020 0.943589
vt 0.606159 0.944995
vt 0.612491 0.989494
vt 0.606159 0.965004
vt 0.547983 0.989494
vt 0.564875 0.965004
vt 0.564875 0.944995
vt 0.556265 0.947164
vt 0.556195 0.947969
vt 0.554427 0.949047
vt 0.547983 0.949060
vt 0.594655 0.854339
vt 0.594522 0.852017
vt 0.594552 0.851575
vt 0.409762 0.887214
vt 0.404838 0.832433
vt 0.417378 0.892172
vt 0.508190 0.867680
vt 0.501920 0.837806
vt 0.598297 0.844747
vt 0.507838 0.868460
vt 0.508347 0.869576
vt 0.599316 0.846980
vt 0.598674 0.847653
vt 0.508026 0.869912
vt 0.597416 0.848767
vt 0.507399 0.870468
vt 0.594364 0.849899
vt 0.505871 0.871036
vt 0.505951 0.872097
vt 0.506017 0.873251
vt 0.506541 0.874236
vt 0.595704 0.856304
vt 0.508277 0.874531
vt 0.821916 0.974331
vt 0.815243 0.974331
vt 0.815243 0.963575
vt 0.821916 0.963575
vt 0.825746 0.905908
vt 0.812314 0.890470
vt 0.825746 0.890470
vt 0.812314 0.910330
vt 0.821305 0.910330
vt 0.845357 0.925781
vt 0.836655 0.925781
vt 0.836655 0.920422
vt 0.845357 0.920422
vt 0.534926 0.749785
vt 0.534770 0.749016
vt 0.535028 0.748299
vt 0.534511 0.749742
vt 0.485311 0.802273
vt 0.433408 0.802273
vt 0.403039 0.789356
vt 0.464601 0.789356
vt 0.526159 0.789356
vt 0.526159 0.815200
vt 0.485311 0.815200
vt 0.433408 0.815200
vt 0.411742 0.804236
vt 0.413336 0.805408
vt 0.413814 0.806911
vt 0.415268 0.808253
vt 0.418999 0.810311
vt 0.422922 0.811858
vt 0.423752 0.813344
vt 0.423682 0.815200
vt 0.408761 0.806862
vt 0.405361 0.815200
vt 0.410044 0.805198
vt 0.409092 0.808497
vt 0.409113 0.810311
vt 0.408161 0.811876
vt 0.411076 0.815200
vt 0.453239 0.642564
vt 0.407380 0.642564
vt 0.386705 0.607592
vt 0.466968 0.607592
vt 0.460103 0.714236
vt 0.466968 0.696748
vt 0.466968 0.785907
vt 0.453239 0.695276
vt 0.438077 0.710384
vt 0.402725 0.785907
vt 0.407380 0.710384
vt 0.394715 0.696748
vt 0.405050 0.714236
vt 0.544369 0.789356
vt 0.630833 0.789356
vt 0.628514 0.815200
vt 0.544369 0.815200
vt 0.547051 0.747952
vt 0.537827 0.750056
vt 0.542127 0.747853
vt 0.551432 0.749484
vt 0.552746 0.753654
vt 0.520200 0.744839
vt 0.533347 0.742120
vt 0.520200 0.763129
vt 0.536167 0.749899
vt 0.550001 0.757811
vt 0.549680 0.762184
vt 0.550673 0.765180
vt 0.490489 0.763129
vt 0.584614 0.621181
vt 0.550014 0.621181
vt 0.484272 0.607592
vt 0.543270 0.607592
vt 0.602270 0.607592
vt 0.593444 0.703545
vt 0.602270 0.696748
vt 0.593444 0.720778
vt 0.584614 0.655648
vt 0.602270 0.785907
vt 0.570471 0.692016
vt 0.550014 0.655648
vt 0.564498 0.684948
vt 0.553831 0.683287
vt 0.529061 0.683036
vt 0.571245 0.697481
vt 0.570488 0.701930
vt 0.580402 0.730815
vt 0.566318 0.708569
vt 0.577281 0.726029
vt 0.565171 0.712946
vt 0.565617 0.717527
vt 0.572403 0.722852
vt 0.581207 0.739665
vt 0.579704 0.748212
vt 0.576789 0.755140
vt 0.581065 0.763741
vt 0.580837 0.770808
vt 0.581988 0.775125
vt 0.578627 0.778746
vt 0.570402 0.780638
vt 0.603131 0.696748
vt 0.603131 0.607592
vt 0.625149 0.696748
vt 0.639153 0.696748
vt 0.631140 0.785907
vt 0.467830 0.696748
vt 0.467830 0.607592
vt 0.476049 0.696748
vt 0.508922 0.703545
vt 0.520553 0.685759
vt 0.524605 0.684357
vt 0.494190 0.735831
vt 0.520451 0.687346
vt 0.494141 0.736627
vt 0.490489 0.744839
vt 0.522345 0.692396
vt 0.522491 0.697174
vt 0.515220 0.708450
vt 0.520999 0.700137
vt 0.519381 0.705047
vt 0.514697 0.717413
vt 0.517051 0.721976
vt 0.521155 0.725934
vt 0.525693 0.729139
vt 0.527645 0.732034
vt 0.467830 0.785907
vt 0.551229 0.773930
vt 0.555326 0.777814
vt 0.558797 0.779128
vt 0.535051 0.785907
vt 0.534141 0.685000
vt 0.546786 0.687691
vt 0.864223 0.894301
vt 0.854089 0.894301
vt 0.854089 0.884206
vt 0.864223 0.884206
vt 0.485311 0.815199
vt 0.433408 0.815199
vt 0.442580 0.383549
vt 0.517801 0.383549
vt 0.437983 0.386276
vt 0.825174 0.871352
vt 0.844655 0.871352
vt 0.806058 0.875389
vt 0.825083 0.872362
vt 0.546672 0.473539
vt 0.547905 0.473336
vt 0.602723 0.488579
vt 0.493461 0.456435
vt 0.602632 0.488994
vt 0.460280 0.832433
vt 0.515723 0.832433
vt 0.501107 0.471056
vt 0.384469 0.573919
vt 0.647170 0.607592
vt 0.603131 0.785907
vt 0.451133 0.573919
vt 0.583823 0.389007
vt 0.805693 0.871352
vt 0.863954 0.873371
vt 0.492561 0.457780
vt 0.037321 0.444100
vt 0.031881 0.383549
vt 0.099734 0.408053
vt 0.087048 0.383549
vt 0.142215 0.383549
vt 0.125622 0.408054
vt 0.074362 0.490988
vt 0.048989 0.573919
vt 0.042764 0.504650
vt 0.086221 0.476032
vt 0.072712 0.544014
vt 0.125622 0.481653
vt 0.138874 0.463781
vt 0.135530 0.544013
vt 0.138874 0.473437
vt 0.135530 0.563325
vt 0.169623 0.534044
vt 0.167762 0.535693
vt 0.167333 0.535114
vt 0.277593 0.420160
vt 0.222425 0.456773
vt 0.222426 0.383549
vt 0.278545 0.448375
vt 0.224326 0.513205
vt 0.280709 0.449760
vt 0.228657 0.515974
vt 0.332762 0.383549
vt 0.275832 0.458559
vt 0.232083 0.521432
vt 0.232574 0.525982
vt 0.306403 0.458559
vt 0.319581 0.436279
vt 0.306403 0.489011
vt 0.324209 0.478735
vt 0.315652 0.573920
vt 0.115653 0.573919
vt 0.072712 0.563325
vt 0.133448 0.565976
vt 0.225592 0.568622
vt 0.194417 0.545809
vt 0.164187 0.532384
vt 0.144177 0.469169
vt 0.143326 0.466142
vt 0.142710 0.463053
vt 0.142339 0.459925
vt 0.138874 0.510048
vt 0.142215 0.456773
vt 0.145272 0.472123
vt 0.146588 0.474986
vt 0.148128 0.477730
vt 0.149879 0.480349
vt 0.151824 0.482821
vt 0.163266 0.528273
vt 0.153959 0.485133
vt 0.156274 0.487267
vt 0.158746 0.489224
vt 0.161365 0.490967
vt 0.190156 0.543818
vt 0.172350 0.533549
vt 0.176668 0.534113
vt 0.183032 0.536335
vt 0.185933 0.539181
vt 0.255034 0.559867
vt 0.203909 0.547679
vt 0.259780 0.560802
vt 0.209789 0.546430
vt 0.262719 0.560174
vt 0.214088 0.544059
vt 0.216724 0.540206
vt 0.221463 0.537356
vt 0.231001 0.530155
vt 0.275832 0.489011
vt 0.164117 0.492508
vt 0.167440 0.525818
vt 0.166969 0.493830
vt 0.169927 0.494915
vt 0.173749 0.525629
vt 0.172961 0.495769
vt 0.176050 0.496386
vt 0.182843 0.526616
vt 0.179168 0.496752
vt 0.182320 0.496878
vt 0.185462 0.496752
vt 0.186582 0.524566
vt 0.188590 0.496386
vt 0.193026 0.523017
vt 0.191680 0.495769
vt 0.194714 0.494915
vt 0.202996 0.521494
vt 0.197670 0.493830
vt 0.200523 0.492508
vt 0.203274 0.490967
vt 0.205987 0.517787
vt 0.205886 0.489224
vt 0.208366 0.487267
vt 0.211462 0.514973
vt 0.210674 0.485133
vt 0.212815 0.482821
vt 0.216794 0.513588
vt 0.214761 0.480349
vt 0.216514 0.477730
vt 0.218053 0.474986
vt 0.219367 0.472123
vt 0.220462 0.469169
vt 0.221313 0.466142
vt 0.221923 0.463053
vt 0.222300 0.459925
vt 0.099734 0.481653
vt 0.921057 0.873371
vt 0.940356 0.871352
vt 0.921148 0.874381
vt 0.959925 0.872362
vt 0.979315 0.871352
vt 0.978952 0.875389
vt 0.908253 0.861605
vt 0.926651 0.861605
vt 0.908253 0.867262
vt 0.926651 0.867262
vt 0.967743 0.836577
vt 0.976697 0.836577
vt 0.967743 0.845497
vt 0.976697 0.845497
vt 0.916167 0.821785
vt 0.923750 0.821785
vt 0.916167 0.843342
vt 0.923750 0.843342
vt 0.264062 0.832433
vt 0.295104 0.832433
vt 0.264062 0.875134
vt 0.917385 0.951535
vt 0.921162 0.951535
vt 0.917385 0.970793
vt 0.921162 0.970792
vt 0.923149 0.951535
vt 0.926924 0.951535
vt 0.923149 0.970792
vt 0.926924 0.970792
vt 0.269490 0.912375
vt 0.269162 0.913579
vt 0.272139 0.911333
vt 0.275463 0.913647
vt 0.277136 0.915669
vt 0.281171 0.914119
vt 0.283562 0.910804
vt 0.288050 0.910937
vt 0.078268 0.887213
vt 0.073343 0.832432
vt 0.103893 0.851064
vt 0.180570 0.841748
vt 0.123570 0.851064
vt 0.177181 0.841748
vt 0.237572 0.832433
vt 0.136460 0.851064
vt 0.116786 0.851064
vt 0.170733 0.841748
vt 0.155457 0.832432
vt 0.095672 0.920280
vt 0.087450 0.989493
vt 0.083188 0.942000
vt 0.123570 0.916814
vt 0.116786 0.916814
vt 0.194764 0.876018
vt 0.151957 0.919609
vt 0.136908 0.914904
vt 0.137352 0.978742
vt 0.138237 0.980399
vt 0.139197 0.987711
vt 0.216485 0.919609
vt 0.227026 0.910964
vt 0.216485 0.989493
vt 0.237572 0.875134
vt 0.259282 0.932311
vt 0.280989 0.989494
vt 0.270824 0.919293
vt 0.273133 0.921768
vt 0.276448 0.923509
vt 0.280426 0.928014
vt 0.281390 0.936069
vt 0.282424 0.931108
vt 0.282072 0.933430
vt 0.285262 0.942001
vt 0.282386 0.936762
vt 0.285690 0.937177
vt 0.151957 0.989493
vt 0.139118 0.989493
vt 0.137423 0.984191
vt 0.137429 0.986677
vt 0.136556 0.985029
vt 0.136460 0.916814
vt 0.125218 0.989493
vt 0.103893 0.916815
vt 0.127352 0.985406
vt 0.130932 0.979340
vt 0.135983 0.978328
vt 0.132236 0.981796
vt 0.957559 0.946100
vt 0.963275 0.946100
vt 0.957559 0.957588
vt 0.963275 0.957588
vt 0.910747 0.920035
vt 0.920748 0.920035
vt 0.910747 0.929994
vt 0.920748 0.929994
vt 0.133905 0.696747
vt 0.133905 0.607591
vt 0.142128 0.696747
vt 0.269204 0.696748
vt 0.269204 0.607592
vt 0.291220 0.696748
vt 0.305223 0.696748
vt 0.297215 0.785907
vt 0.962327 0.915471
vt 0.955740 0.891023
vt 0.962327 0.891023
vt 0.955740 0.915471
vt 0.234850 0.727926
vt 0.241478 0.747563
vt 0.236016 0.755859
vt 0.257339 0.727926
vt 0.243959 0.746430
vt 0.247704 0.747557
vt 0.248338 0.750711
vt 0.248980 0.758289
vt 0.192600 0.667758
vt 0.150346 0.607591
vt 0.234850 0.644458
vt 0.209345 0.607591
vt 0.268348 0.607592
vt 0.257339 0.644458
vt 0.189071 0.726303
vt 0.193182 0.681725
vt 0.184960 0.770879
vt 0.201126 0.785906
vt 0.268348 0.785907
vt 0.240315 0.758516
vt 0.241548 0.759175
vt 0.262841 0.715180
vt 0.268348 0.696748
vt 0.246469 0.752158
vt 0.247728 0.755223
vt 0.245852 0.753850
vt 0.241503 0.750774
vt 0.266517 0.803549
vt 0.266120 0.803743
vt 0.262091 0.804243
vt 0.210447 0.789355
vt 0.267712 0.795595
vt 0.210447 0.815199
vt 0.296910 0.789356
vt 0.266492 0.796149
vt 0.260246 0.800428
vt 0.265165 0.798862
vt 0.266447 0.797104
vt 0.272319 0.797613
vt 0.273373 0.799636
vt 0.294588 0.815200
vt 0.260568 0.802391
vt 0.268016 0.805142
vt 0.271553 0.804829
vt 0.272037 0.803001
vt 0.273281 0.801504
vt 0.069106 0.789356
vt 0.099482 0.802272
vt 0.071428 0.815199
vt 0.130668 0.789355
vt 0.192227 0.789355
vt 0.151389 0.802272
vt 0.151389 0.815199
vt 0.193096 0.789355
vt 0.209578 0.789355
vt 0.193096 0.815199
vt 0.209578 0.815199
vt 0.192227 0.815199
vt 0.099482 0.815199
vt 0.060789 0.696748
vt 0.052780 0.607591
vt 0.076377 0.631963
vt 0.077018 0.628296
vt 0.081803 0.623681
vt 0.133036 0.607591
vt 0.079232 0.626828
vt 0.083703 0.623863
vt 0.085747 0.625959
vt 0.100560 0.684733
vt 0.124203 0.675548
vt 0.124203 0.692552
vt 0.115374 0.777516
vt 0.115374 0.743509
vt 0.133036 0.785906
vt 0.081227 0.777516
vt 0.068803 0.785907
vt 0.078800 0.704740
vt 0.072590 0.708934
vt 0.079286 0.633763
vt 0.080259 0.688637
vt 0.081227 0.743509
vt 0.080259 0.705639
vt 0.133036 0.696747
vt 0.082166 0.634816
vt 0.098769 0.689163
vt 0.099681 0.688888
vt 0.083993 0.634261
vt 0.099860 0.688061
vt 0.084345 0.632611
vt 0.099482 0.815199
vt 0.151389 0.815199
vt 0.248988 0.573920
vt 0.182320 0.573919
vt 0.194183 0.568626
vt 0.901759 0.875389
vt 0.920874 0.871352
vt 0.940536 0.873372
vt 0.959835 0.871352
vt 0.940356 0.875389
vt 0.959654 0.875389
vt 0.254919 0.571273
vt 0.313238 0.607592
vt 0.269204 0.785907
vt 0.133905 0.785906
vt 0.071247 0.456351
vt 0.227026 0.932311
vt 0.127516 0.568622
vt 0.901394 0.871352
vt 0.277593 0.383549
vt 0.959744 0.874381
vt 0.921057 0.875389
vt 0.081695 0.689163
vt 0.486598 0.039278
vt 0.528674 0.054496
vt 0.531269 0.052225
vt 0.486599 0.109792
vt 0.527587 0.058419
vt 0.527265 0.060172
vt 0.528127 0.061344
vt 0.528361 0.062031
vt 0.529386 0.065191
vt 0.531230 0.067747
vt 0.534045 0.067991
vt 0.536611 0.069515
vt 0.539300 0.070390
vt 0.452421 0.261041
vt 0.470781 0.253455
vt 0.451818 0.252211
vt 0.468044 0.255823
vt 0.467426 0.257074
vt 0.462611 0.258544
vt 0.465832 0.258222
vt 0.457457 0.264730
vt 0.454611 0.264119
vt 0.432018 0.100192
vt 0.424814 0.161101
vt 0.435624 0.103068
vt 0.432018 0.202114
vt 0.439222 0.109792
vt 0.432022 0.166855
vt 0.455706 0.202114
vt 0.424813 0.294433
vt 0.445908 0.248309
vt 0.466255 0.179050
vt 0.448526 0.245884
vt 0.467563 0.177840
vt 0.538432 0.194895
vt 0.538432 0.222841
vt 0.524219 0.234363
vt 0.599907 0.222841
vt 0.444697 0.252486
vt 0.447167 0.260178
vt 0.447176 0.263980
vt 0.447026 0.266465
vt 0.447423 0.267749
vt 0.453328 0.274807
vt 0.456354 0.275435
vt 0.473027 0.277519
vt 0.607548 0.253217
vt 0.599906 0.194895
vt 0.615184 0.236322
vt 0.615184 0.161101
vt 0.607547 0.102779
vt 0.615184 0.010662
vt 0.542856 0.060797
vt 0.541786 0.059810
vt 0.532702 0.052344
vt 0.550891 0.024970
vt 0.519998 0.019216
vt 0.424814 0.027770
vt 0.439222 0.039278
vt 0.533703 0.053774
vt 0.537549 0.059242
vt 0.540356 0.059695
vt 0.571382 0.127848
vt 0.542640 0.064542
vt 0.571273 0.129720
vt 0.541584 0.067966
vt 0.570743 0.131432
vt 0.540879 0.069658
vt 0.570395 0.132276
vt 0.569604 0.132643
vt 0.543254 0.152345
vt 0.546389 0.283341
vt 0.615184 0.311543
vt 0.536824 0.238297
vt 0.473744 0.253752
vt 0.477591 0.255136
vt 0.451085 0.248489
vt 0.451905 0.250895
vt 0.480443 0.258397
vt 0.547815 0.284968
vt 0.478944 0.270437
vt 0.547066 0.290990
vt 0.545786 0.293487
vt 0.476388 0.275435
vt 0.544105 0.294530
vt 0.519998 0.302990
vt 0.459765 0.274276
vt 0.466639 0.274706
vt 0.463152 0.273722
vt 0.448606 0.267871
vt 0.466809 0.258316
vt 0.838558 0.715881
vt 0.840502 0.718620
vt 0.852434 0.715881
vt 0.838558 0.736533
vt 0.840502 0.723579
vt 0.844588 0.723579
vt 0.844588 0.718620
vt 0.852434 0.736533
vt 0.840479 0.723579
vt 0.844565 0.723579
vt 0.844565 0.718620
vt 0.840479 0.718620
vt 0.803302 0.775402
vt 0.821308 0.775403
vt 0.821308 0.767218
vt 0.803303 0.767218
vt 0.833350 0.732080
vt 0.833350 0.712599
vt 0.829313 0.712964
vt 0.829313 0.732262
vt 0.829313 0.751561
vt 0.830321 0.732353
vt 0.830321 0.770950
vt 0.831330 0.751742
vt 0.829313 0.770860
vt 0.092498 0.184856
vt 0.090356 0.185347
vt 0.091095 0.186021
vt 0.090050 0.185276
vt 0.090386 0.185522
vt 0.079124 0.130738
vt 0.088901 0.148646
vt 0.092394 0.144313
vt 0.079124 0.195266
vt 0.087780 0.160491
vt 0.088487 0.166519
vt 0.091084 0.170781
vt 0.093406 0.171837
vt 0.094484 0.172601
vt 0.094547 0.176239
vt 0.093147 0.183017
vt 0.091183 0.189476
vt 0.091605 0.191031
vt 0.108191 0.192480
vt 0.112155 0.193410
vt 0.113383 0.193700
vt 0.009240 0.195266
vt 0.028629 0.218135
vt 0.009239 0.259770
vt 0.028629 0.232663
vt 0.102020 0.232663
vt 0.166301 0.191771
vt 0.166301 0.109659
vt 0.112982 0.159586
vt 0.107544 0.153334
vt 0.095603 0.147298
vt 0.098430 0.151320
vt 0.100848 0.152415
vt 0.104750 0.153282
vt 0.139641 0.216735
vt 0.120955 0.181789
vt 0.110035 0.171947
vt 0.113662 0.178556
vt 0.111146 0.177982
vt 0.166300 0.273885
vt 0.116456 0.191932
vt 0.122715 0.234576
vt 0.102020 0.218135
vt 0.111519 0.268963
vt 0.056732 0.264043
vt 0.094331 0.190704
vt 0.102138 0.190079
vt 0.097549 0.189991
vt 0.111520 0.072567
vt 0.166301 0.083160
vt 0.166301 0.052124
vt 0.056733 0.061969
vt 0.087769 0.074696
vt 0.066422 0.074696
vt 0.123599 0.083160
vt 0.066422 0.120200
vt 0.123599 0.109659
vt 0.066422 0.106949
vt 0.009240 0.066231
vt 0.087769 0.120200
vt 0.009240 0.130738
vt 0.840327 0.740767
vt 0.840327 0.753273
vt 0.841348 0.752253
vt 0.848088 0.753273
vt 0.847066 0.752253
vt 0.841348 0.740767
vt 0.847066 0.740767
vt 0.848088 0.740767
vt 0.846747 0.776851
vt 0.846747 0.755357
vt 0.842492 0.755357
vt 0.842492 0.776851
vt 0.847066 0.752277
vt 0.847066 0.740789
vt 0.841348 0.740789
vt 0.841348 0.752277
vt 0.812870 0.731683
vt 0.814684 0.733123
vt 0.820791 0.731683
vt 0.812870 0.759851
vt 0.814684 0.741111
vt 0.818987 0.741111
vt 0.818987 0.733123
vt 0.820791 0.759851
vt 0.183534 0.193409
vt 0.196461 0.193409
vt 0.183534 0.152571
vt 0.209377 0.214129
vt 0.209378 0.152571
vt 0.196461 0.245312
vt 0.209377 0.275692
vt 0.183533 0.245312
vt 0.183534 0.151704
vt 0.209378 0.151704
vt 0.209378 0.135219
vt 0.183534 0.135219
vt 0.209377 0.047887
vt 0.183534 0.050210
vt 0.209378 0.134359
vt 0.183534 0.134359
vt 0.183533 0.273370
vt 0.183533 0.245312
vt 0.183534 0.193409
vt 0.814660 0.741111
vt 0.818964 0.741111
vt 0.818964 0.733123
vt 0.814660 0.733123
vt 0.212826 0.275996
vt 0.221217 0.263571
vt 0.221217 0.229432
vt 0.212826 0.211762
vt 0.287328 0.264058
vt 0.283134 0.270274
vt 0.283810 0.272986
vt 0.354791 0.269976
vt 0.353437 0.264546
vt 0.286847 0.274109
vt 0.360865 0.272218
vt 0.287109 0.275141
vt 0.361389 0.274284
vt 0.289528 0.276693
vt 0.366229 0.277386
vt 0.301985 0.284005
vt 0.391141 0.292019
vt 0.372917 0.279633
vt 0.391141 0.211763
vt 0.372875 0.271814
vt 0.366819 0.266065
vt 0.360883 0.262462
vt 0.286854 0.237109
vt 0.301985 0.211763
vt 0.255223 0.229432
vt 0.308054 0.245947
vt 0.255223 0.263571
vt 0.308054 0.263016
vt 0.355050 0.263016
vt 0.848614 0.781589
vt 0.838655 0.781589
vt 0.848614 0.791588
vt 0.838655 0.791588
vt 0.253769 0.157796
vt 0.259077 0.154234
vt 0.255238 0.153831
vt 0.260868 0.154925
vt 0.301985 0.076459
vt 0.212826 0.076459
vt 0.304437 0.091424
vt 0.294419 0.095124
vt 0.243563 0.148042
vt 0.212827 0.143676
vt 0.212826 0.210895
vt 0.301528 0.092753
vt 0.293160 0.096693
vt 0.293583 0.100386
vt 0.296174 0.102872
vt 0.299541 0.103365
vt 0.306358 0.106274
vt 0.308064 0.106525
vt 0.245110 0.147362
vt 0.254160 0.147003
vt 0.243548 0.153593
vt 0.245990 0.156059
vt 0.248709 0.157558
vt 0.249326 0.158887
vt 0.251109 0.159584
vt 0.252831 0.159817
vt 0.282171 0.200150
vt 0.351514 0.189406
vt 0.295695 0.200150
vt 0.378564 0.189406
vt 0.301986 0.202672
vt 0.391142 0.194449
vt 0.301985 0.210895
vt 0.391141 0.210895
vt 0.391142 0.135453
vt 0.391141 0.076458
vt 0.378563 0.093230
vt 0.307792 0.091896
vt 0.351514 0.093230
vt 0.311372 0.093262
vt 0.312723 0.095428
vt 0.311153 0.095640
vt 0.307824 0.097038
vt 0.307409 0.100400
vt 0.307907 0.104145
vt 0.257961 0.147394
vt 0.260266 0.151258
vt 0.247613 0.155832
vt 0.249570 0.149506
vt 0.246526 0.148544
vt 0.300724 0.103208
vt 0.299423 0.095835
vt 0.296185 0.095812
vt 0.212826 0.047585
vt 0.246198 0.050405
vt 0.249787 0.049725
vt 0.245058 0.050985
vt 0.212826 0.075589
vt 0.245730 0.053816
vt 0.249540 0.054591
vt 0.249334 0.055378
vt 0.250742 0.056613
vt 0.253027 0.057323
vt 0.322082 0.066456
vt 0.301985 0.075589
vt 0.321712 0.062796
vt 0.391141 0.075589
vt 0.391142 0.031561
vt 0.320464 0.040644
vt 0.252283 0.049997
vt 0.301985 0.039570
vt 0.253391 0.051267
vt 0.322268 0.063430
vt 0.257217 0.052041
vt 0.324178 0.063816
vt 0.257660 0.054949
vt 0.324402 0.065271
vt 0.323798 0.065383
vt 0.256450 0.055176
vt 0.424814 0.094434
vt 0.833350 0.771040
vt 0.833350 0.751561
vt 0.829313 0.790158
vt 0.832341 0.771131
vt 0.428415 0.230646
vt 0.424813 0.227770
vt 0.615184 0.085880
vt 0.538749 0.238987
vt 0.321712 0.040781
vt 0.831332 0.732262
vt 0.833350 0.790520
vt 0.111520 0.057049
vt 0.969927 0.060857
vt 0.970058 0.057121
vt 0.968174 0.058968
vt 0.972948 0.061734
vt 0.971798 0.056520
vt 0.972749 0.056588
vt 0.979133 0.056147
vt 0.978509 0.059947
vt 0.981258 0.059942
vt 0.981358 0.054567
vt 0.983055 0.060049
vt 0.981800 0.052506
vt 0.977328 0.048782
vt 0.977163 0.045747
vt 0.977095 0.046452
vt 0.977221 0.035886
vt 0.985927 0.036977
vt 0.984071 0.058913
vt 0.975361 0.044851
vt 0.973863 0.040732
vt 0.973648 0.042880
vt 0.974864 0.037951
vt 0.976265 0.045300
vt 0.989086 0.055491
vt 0.983983 0.059767
vt 0.988302 0.048392
vt 0.988703 0.050840
vt 0.989540 0.053306
vt 0.989540 0.038821
vt 0.989013 0.045875
vt 0.991047 0.041252
vt 0.946970 0.094446
vt 0.945415 0.091534
vt 0.945329 0.092568
vt 0.946448 0.090810
vt 0.950402 0.088029
vt 0.949807 0.095230
vt 0.951075 0.095462
vt 0.950729 0.086000
vt 0.950813 0.084963
vt 0.951526 0.084189
vt 0.951922 0.094842
vt 0.954234 0.084348
vt 0.952419 0.094670
vt 0.954703 0.093931
vt 0.956710 0.085112
vt 0.956551 0.092595
vt 0.956728 0.090561
vt 0.957933 0.085619
vt 0.957830 0.088708
vt 0.958462 0.086761
vt 0.905166 0.080782
vt 0.902668 0.080842
vt 0.902307 0.081354
vt 0.906290 0.080475
vt 0.905539 0.076178
vt 0.906053 0.078502
vt 0.875645 0.082430
vt 0.874670 0.077586
vt 0.872512 0.079904
vt 0.877579 0.075538
vt 0.884209 0.083239
vt 0.878370 0.073792
vt 0.878997 0.070971
vt 0.879035 0.068953
vt 0.883554 0.065017
vt 0.892492 0.067150
vt 0.888568 0.082730
vt 0.891649 0.080853
vt 0.892413 0.079174
vt 0.892965 0.078393
vt 0.896856 0.066347
vt 0.895595 0.078350
vt 0.900496 0.079362
vt 0.897270 0.064528
vt 0.899608 0.059252
vt 0.906941 0.062509
vt 0.901826 0.079829
vt 0.905602 0.072859
vt 0.907338 0.068485
vt 0.908011 0.065619
vt 0.908220 0.064731
vt 0.943357 0.081844
vt 0.943720 0.079700
vt 0.942866 0.080724
vt 0.947371 0.081857
vt 0.944416 0.077501
vt 0.945682 0.069770
vt 0.947543 0.073403
vt 0.947835 0.070626
vt 0.948334 0.069333
vt 0.942889 0.071436
vt 0.942607 0.074189
vt 0.949154 0.080091
vt 0.948990 0.078916
vt 0.950409 0.074466
vt 0.950238 0.078124
vt 0.951199 0.077678
vt 0.951871 0.075145
vt 0.951703 0.076387
vt 0.903522 0.029636
vt 0.905726 0.021126
vt 0.903121 0.025418
vt 0.904628 0.030800
vt 0.908554 0.029823
vt 0.909883 0.016744
vt 0.910175 0.025427
vt 0.915537 0.016717
vt 0.911669 0.025049
vt 0.913912 0.021549
vt 0.921464 0.053980
vt 0.920826 0.051795
vt 0.920329 0.053070
vt 0.920843 0.049453
vt 0.926287 0.049370
vt 0.926174 0.048515
vt 0.925931 0.051805
vt 0.918615 0.047932
vt 0.917995 0.043404
vt 0.917654 0.045830
vt 0.918983 0.040814
vt 0.920549 0.039837
vt 0.920702 0.040978
vt 0.921713 0.043381
vt 0.924134 0.053676
vt 0.924144 0.043681
vt 0.926852 0.043326
vt 0.928391 0.044437
vt 0.928572 0.043204
vt 0.912368 0.063943
vt 0.912073 0.059546
vt 0.911877 0.061350
vt 0.912992 0.058744
vt 0.912788 0.064770
vt 0.914834 0.064283
vt 0.913551 0.055978
vt 0.915654 0.055656
vt 0.915395 0.061530
vt 0.915964 0.061676
vt 0.915818 0.056533
vt 0.917371 0.059009
vt 0.916857 0.060660
vt 0.915428 0.039992
vt 0.916759 0.034460
vt 0.918164 0.037412
vt 0.913909 0.032936
vt 0.912360 0.034143
vt 0.910686 0.041218
vt 0.910381 0.034985
vt 0.907018 0.035303
vt 0.903634 0.042035
vt 0.901819 0.034718
vt 0.901159 0.044233
vt 0.899134 0.033064
vt 0.895139 0.030276
vt 0.896549 0.046514
vt 0.891572 0.029506
vt 0.889268 0.049386
vt 0.884067 0.029726
vt 0.887641 0.052703
vt 0.879834 0.031685
vt 0.883982 0.055770
vt 0.876988 0.034217
vt 0.880187 0.057744
vt 0.875657 0.037590
vt 0.872561 0.040559
vt 0.874553 0.059328
vt 0.866583 0.047650
vt 0.870800 0.057981
vt 0.867267 0.054439
vt 0.866112 0.051080
vt 0.913485 0.032574
vt 0.967969 0.064999
vt 0.969004 0.070371
vt 0.967715 0.065937
vt 0.970025 0.064194
vt 0.970796 0.072288
vt 0.972604 0.065990
vt 0.973369 0.073641
vt 0.973902 0.067555
vt 0.976456 0.077139
vt 0.977034 0.066354
vt 0.978006 0.079547
vt 0.978889 0.063781
vt 0.977733 0.081343
vt 0.977977 0.083928
vt 0.977204 0.083386
vt 0.980541 0.084250
vt 0.982373 0.063885
vt 0.920759 0.069303
vt 0.922519 0.073550
vt 0.920262 0.072147
vt 0.922478 0.068160
vt 0.924473 0.065723
vt 0.924754 0.074364
vt 0.925947 0.065860
vt 0.926172 0.073933
vt 0.927534 0.067487
vt 0.893575 0.055375
vt 0.892138 0.060255
vt 0.890669 0.054496
vt 0.892617 0.058945
vt 0.894068 0.057821
vt 0.888763 0.057870
vt 0.888744 0.055375
vt 0.888798 0.064387
vt 0.894565 0.063702
vt 0.893594 0.061324
vt 0.887841 0.063884
vt 0.884504 0.061813
vt 0.933969 0.069832
vt 0.930402 0.072568
vt 0.930152 0.071045
vt 0.931583 0.074008
vt 0.935018 0.073466
vt 0.934964 0.068466
vt 0.934999 0.067726
vt 0.935946 0.067296
vt 0.936182 0.074707
vt 0.934710 0.073618
vt 0.939521 0.068860
vt 0.938926 0.074462
vt 0.939302 0.073047
vt 0.940268 0.071884
vt 0.940339 0.070433
vt 0.872871 0.099631
vt 0.889998 0.096805
vt 0.877913 0.096602
vt 0.910713 0.096940
vt 0.910264 0.097343
vt 0.908852 0.098155
vt 0.906294 0.099327
vt 0.905290 0.100072
vt 0.871404 0.101572
vt 0.904614 0.100976
vt 0.903936 0.102986
vt 0.871318 0.102770
vt 0.871227 0.103964
vt 0.903849 0.104072
vt 0.872948 0.104453
vt 0.905344 0.104951
vt 0.876326 0.106022
vt 0.906768 0.105370
vt 0.924022 0.105682
vt 0.916134 0.112373
vt 0.882205 0.108745
vt 0.888999 0.110068
vt 0.893039 0.113164
vt 0.904350 0.114345
vt 0.895877 0.114935
vt 0.899255 0.114990
vt 0.914446 0.098891
vt 0.929041 0.098445
vt 0.914904 0.098004
vt 0.925602 0.100937
vt 0.914238 0.099422
vt 0.914144 0.099924
vt 0.913924 0.100362
vt 0.913861 0.100503
vt 0.913819 0.100577
vt 0.913667 0.100798
vt 0.913550 0.100894
vt 0.913330 0.101261
vt 0.913334 0.101464
vt 0.913140 0.101883
vt 0.912704 0.102222
vt 0.912114 0.102425
vt 0.910770 0.102632
vt 0.910169 0.102900
vt 0.909960 0.103388
vt 0.909653 0.104124
vt 0.909287 0.104539
vt 0.908230 0.105158
vt 0.914049 0.093389
vt 0.939681 0.095967
vt 0.940819 0.091519
vt 0.915333 0.093657
vt 0.916499 0.094227
vt 0.915925 0.096403
vt 0.935477 0.098627
vt 0.915372 0.097343
vt 0.915194 0.097455
vt 0.915082 0.097525
vt 0.915074 0.097692
vt 0.920852 0.077376
vt 0.931904 0.076818
vt 0.927059 0.076456
vt 0.937816 0.078478
vt 0.916981 0.079492
vt 0.939057 0.083250
vt 0.914000 0.080568
vt 0.912592 0.082732
vt 0.909852 0.085902
vt 0.940066 0.085677
vt 0.938729 0.087519
vt 0.903053 0.087117
vt 0.898558 0.090702
vt 0.939105 0.087852
vt 0.912621 0.093796
vt 0.911484 0.094491
vt 0.910748 0.095425
vt 0.910748 0.096442
vt 0.964389 0.074129
vt 0.967850 0.074649
vt 0.966949 0.073982
vt 0.961751 0.077158
vt 0.968260 0.075493
vt 0.967512 0.077078
vt 0.968178 0.078745
vt 0.960232 0.078002
vt 0.957572 0.078581
vt 0.956857 0.079377
vt 0.967905 0.080355
vt 0.956797 0.080211
vt 0.957399 0.080969
vt 0.967538 0.081050
vt 0.958506 0.081539
vt 0.965717 0.082085
vt 0.960538 0.082665
vt 0.963273 0.082789
vt 0.912621 0.093743
vt 0.915333 0.093605
vt 0.914049 0.093334
vt 0.916499 0.094172
vt 0.911484 0.094436
vt 0.915925 0.096348
vt 0.910748 0.095370
vt 0.910748 0.096386
vt 0.915372 0.097290
vt 0.910713 0.096887
vt 0.910264 0.097290
vt 0.908852 0.098107
vt 0.915194 0.097403
vt 0.915082 0.097472
vt 0.915074 0.097640
vt 0.914904 0.097951
vt 0.914446 0.098838
vt 0.906294 0.099271
vt 0.914238 0.099370
vt 0.905290 0.100020
vt 0.914144 0.099869
vt 0.913924 0.100309
vt 0.904614 0.100923
vt 0.913861 0.100448
vt 0.913819 0.100525
vt 0.913667 0.100745
vt 0.913550 0.100841
vt 0.913330 0.101206
vt 0.903936 0.102931
vt 0.913334 0.101412
vt 0.913140 0.101831
vt 0.912704 0.102169
vt 0.912114 0.102373
vt 0.910770 0.102576
vt 0.910169 0.102845
vt 0.909960 0.103334
vt 0.903849 0.104017
vt 0.909653 0.104072
vt 0.905344 0.104899
vt 0.909287 0.104483
vt 0.908230 0.105102
vt 0.906768 0.105318
vt 0.909891 0.072761
vt 0.916287 0.072078
vt 0.910972 0.071784
vt 0.914835 0.072277
vt 0.914485 0.072892
vt 0.910116 0.074193
vt 0.914329 0.074227
vt 0.912918 0.076153
vt 0.913996 0.075528
vt 0.911573 0.066510
vt 0.912675 0.066060
vt 0.911928 0.065888
vt 0.913814 0.067371
vt 0.911058 0.067973
vt 0.916067 0.070139
vt 0.911305 0.070295
vt 0.917001 0.071377
vt 0.916663 0.072849
vt 0.963553 0.089418
vt 0.966686 0.087757
vt 0.964524 0.087726
vt 0.970726 0.090940
vt 0.962489 0.093238
vt 0.971821 0.093302
vt 0.960383 0.097527
vt 0.971860 0.095335
vt 0.970833 0.098605
vt 0.957949 0.101208
vt 0.971361 0.100435
vt 0.973978 0.104414
vt 0.957680 0.103017
vt 0.958974 0.104851
vt 0.974229 0.104808
vt 0.974105 0.105108
vt 0.965068 0.105280
vt 0.960561 0.107913
vt 0.965730 0.106918
vt 0.966024 0.108161
vt 0.965583 0.108601
vt 0.973290 0.105322
vt 0.972564 0.105539
vt 0.969139 0.106576
vt 0.972193 0.106054
vt 0.972171 0.106824
vt 0.969834 0.106815
vt 0.969947 0.107939
vt 0.972660 0.107247
vt 0.972849 0.107585
vt 0.972816 0.107966
vt 0.970453 0.109610
vt 0.972660 0.108220
vt 0.972456 0.109509
vt 0.971145 0.109859
vt 0.968655 0.035009
vt 0.973114 0.033602
vt 0.965915 0.032892
vt 0.970562 0.034999
vt 0.969524 0.009986
vt 0.973975 0.010323
vt 0.971686 0.009420
vt 0.963334 0.013767
vt 0.974818 0.011785
vt 0.974684 0.013494
vt 0.974121 0.019731
vt 0.961276 0.017525
vt 0.964022 0.019916
vt 0.974135 0.023585
vt 0.965055 0.021114
vt 0.965168 0.022702
vt 0.965748 0.024186
vt 0.974243 0.025202
vt 0.964566 0.027309
vt 0.975312 0.026439
vt 0.975801 0.029985
vt 0.964787 0.030285
vt 0.974099 0.033768
vt 0.940905 0.054493
vt 0.936653 0.053674
vt 0.939376 0.053286
vt 0.936364 0.054139
vt 0.935206 0.055974
vt 0.941603 0.056099
vt 0.935264 0.056521
vt 0.940745 0.057905
vt 0.936499 0.056914
vt 0.938616 0.057475
vt 0.939574 0.058337
vt 0.923152 0.032616
vt 0.922436 0.032257
vt 0.922954 0.032203
vt 0.921936 0.032421
vt 0.920963 0.032873
vt 0.925059 0.036306
vt 0.920716 0.033788
vt 0.920861 0.034693
vt 0.920784 0.036626
vt 0.924595 0.038369
vt 0.921321 0.038349
vt 0.921500 0.039293
vt 0.924362 0.039390
vt 0.922833 0.039641
vt 0.932412 0.060511
vt 0.928455 0.057923
vt 0.930606 0.057750
vt 0.927801 0.059367
vt 0.929379 0.062715
vt 0.935171 0.062743
vt 0.928330 0.065892
vt 0.935467 0.064220
vt 0.934068 0.065765
vt 0.932919 0.067262
vt 0.930306 0.067654
vt 0.906292 0.047354
vt 0.903366 0.057358
vt 0.903366 0.047200
vt 0.907676 0.047689
vt 0.908639 0.048710
vt 0.908073 0.051188
vt 0.909002 0.050490
vt 0.907786 0.052424
vt 0.908343 0.053967
vt 0.908495 0.056180
vt 0.908451 0.056680
vt 0.907356 0.057350
vt 0.920388 0.022538
vt 0.917811 0.022941
vt 0.918248 0.021971
vt 0.921007 0.023777
vt 0.918442 0.024323
vt 0.921057 0.025482
vt 0.918044 0.024741
vt 0.917265 0.025428
vt 0.915375 0.026129
vt 0.921546 0.028320
vt 0.915492 0.027166
vt 0.915555 0.028881
vt 0.918781 0.029504
vt 0.916205 0.030096
vt 0.918353 0.030459
vt 0.915473 0.027443
vt 0.936463 0.008726
vt 0.930557 0.008333
vt 0.933316 0.007515
vt 0.928047 0.009196
vt 0.944294 0.010393
vt 0.927984 0.010180
vt 0.929157 0.013308
vt 0.958962 0.013069
vt 0.959441 0.016457
vt 0.929247 0.016267
vt 0.928323 0.018102
vt 0.944574 0.017433
vt 0.939272 0.018382
vt 0.943428 0.018954
vt 0.942309 0.020000
vt 0.943358 0.019903
vt 0.958972 0.019216
vt 0.946632 0.017720
vt 0.949699 0.021477
vt 0.956390 0.023322
vt 0.950179 0.025321
vt 0.955679 0.026038
vt 0.949872 0.032789
vt 0.955955 0.028871
vt 0.960158 0.032169
vt 0.963179 0.034139
vt 0.951002 0.034547
vt 0.965112 0.037097
vt 0.952923 0.035699
vt 0.954899 0.039147
vt 0.965611 0.042581
vt 0.953450 0.041742
vt 0.955263 0.008692
vt 0.948656 0.007667
vt 0.927321 0.021143
vt 0.937916 0.018920
vt 0.936754 0.020456
vt 0.936614 0.022605
vt 0.924745 0.023248
vt 0.937776 0.024915
vt 0.924421 0.028799
vt 0.939534 0.026097
vt 0.940299 0.030232
vt 0.925879 0.031627
vt 0.940536 0.034275
vt 0.928421 0.034076
vt 0.931230 0.036063
vt 0.941175 0.036227
vt 0.932440 0.037853
vt 0.942905 0.037355
vt 0.946589 0.039389
vt 0.935971 0.044102
vt 0.951470 0.041529
vt 0.964679 0.047872
vt 0.941408 0.047649
vt 0.944458 0.047712
vt 0.947171 0.048663
vt 0.962875 0.052162
vt 0.947984 0.051243
vt 0.946284 0.053819
vt 0.965523 0.057490
vt 0.946086 0.056525
vt 0.946701 0.058380
vt 0.965382 0.061868
vt 0.947045 0.063799
vt 0.966094 0.064539
vt 0.949582 0.066206
vt 0.964013 0.066783
vt 0.951732 0.067018
vt 0.958919 0.067953
vt 0.938745 0.049016
vt 0.937011 0.047926
vt 0.936949 0.048846
vt 0.936852 0.048377
vt 0.946632 0.017669
vt 0.943428 0.018905
vt 0.944574 0.017385
vt 0.949699 0.021428
vt 0.943358 0.019855
vt 0.942309 0.019951
vt 0.936754 0.020406
vt 0.936614 0.022557
vt 0.950179 0.025274
vt 0.937776 0.024866
vt 0.939534 0.026047
vt 0.949872 0.032740
vt 0.940299 0.030182
vt 0.940536 0.034228
vt 0.951002 0.034497
vt 0.941175 0.036178
vt 0.952923 0.035650
vt 0.954899 0.039098
vt 0.942905 0.037307
vt 0.946589 0.039341
vt 0.953450 0.041693
vt 0.951470 0.041481
vt 0.937916 0.018871
vt 0.939272 0.018335
vt 0.925657 0.059792
vt 0.925788 0.057753
vt 0.926384 0.058805
vt 0.924755 0.056958
vt 0.924728 0.060087
vt 0.923745 0.057164
vt 0.923894 0.060988
vt 0.922616 0.063299
vt 0.922620 0.057176
vt 0.921653 0.056587
vt 0.921661 0.065728
vt 0.920741 0.066242
vt 0.919594 0.058392
vt 0.919594 0.066199
vt 0.813555 0.794313
vt 0.813555 0.819682
vt 0.829736 0.794313
vt 0.829736 0.819682
vt 0.727836 0.794313
vt 0.730116 0.819682
vt 0.812710 0.794313
vt 0.812710 0.819682
vt 0.870676 0.806992
vt 0.870676 0.819682
vt 0.921624 0.806992
vt 0.921624 0.819682
vt 0.949164 0.819682
vt 0.921624 0.819682
vt 0.870676 0.819682
vt 0.830585 0.819682
vt 0.951441 0.794313
vt 0.891015 0.794313
vt 0.830585 0.794313
vt 0.543307 0.814955
vt 0.527130 0.814955
vt 0.527130 0.789586
vt 0.543307 0.789586
vt 0.745648 0.298037
vt 0.787185 0.298037
vt 0.745648 0.339575
vt 0.787185 0.339575
vt 0.787185 0.254374
vt 0.745648 0.212841
vt 0.787185 0.212841
vt 0.675945 0.339575
vt 0.701988 0.298037
vt 0.692077 0.339575
vt 0.701988 0.339575
vt 0.660454 0.339575
vt 0.660454 0.298037
vt 0.745648 0.254374
vt 0.660454 0.212841
vt 0.701988 0.212841
vt 0.660454 0.254374
vt 0.701988 0.254374
vt 0.858434 0.803077
vt 0.858434 0.813093
vt 0.894736 0.803077
vt 0.893837 0.813093
vt 0.784921 0.803077
vt 0.785822 0.813093
vt 0.821222 0.803077
vt 0.806103 0.807618
vt 0.802823 0.810780
vt 0.800523 0.811280
vt 0.799572 0.811668
vt 0.799025 0.813093
vt 0.808745 0.807894
vt 0.821222 0.813093
vt 0.809777 0.808481
vt 0.809614 0.809419
vt 0.809447 0.810587
vt 0.810209 0.811370
vt 0.812775 0.813093
vt 0.893837 0.813093
vt 0.858434 0.813093
vt 0.858434 0.803076
vt 0.894736 0.803076
vt 0.821222 0.813093
vt 0.785822 0.813093
vt 0.784921 0.803076
vt 0.821222 0.803076
vt 0.858434 0.793062
vt 0.858434 0.801966
vt 0.893626 0.793062
vt 0.893626 0.801966
vt 0.786029 0.793062
vt 0.786029 0.801966
vt 0.821222 0.793062
vt 0.821222 0.801966
vt 0.821222 0.801965
vt 0.786029 0.801965
vt 0.786029 0.793061
vt 0.821222 0.793061
vt 0.858434 0.793061
vt 0.893626 0.793061
vt 0.893626 0.801965
vt 0.858434 0.801965
vt 0.794785 0.904758
vt 0.800990 0.904758
vt 0.794785 0.882271
vt 0.800990 0.882827
vt 0.794785 0.950299
vt 0.800990 0.949741
vt 0.794785 0.927812
vt 0.800990 0.927812
vt 0.794785 0.950299
vt 0.794785 0.927812
vt 0.800990 0.949741
vt 0.800990 0.927812
vt 0.794785 0.904758
vt 0.794785 0.882271
vt 0.800990 0.904758
vt 0.800990 0.882827
vt 0.794097 0.927812
vt 0.788581 0.949613
vt 0.788581 0.927812
vt 0.794097 0.949613
vt 0.788581 0.904758
vt 0.788581 0.882960
vt 0.794097 0.904758
vt 0.794097 0.882960
vt 0.788581 0.949613
vt 0.794097 0.949613
vt 0.788581 0.927812
vt 0.794097 0.927812
vt 0.788581 0.904758
vt 0.794097 0.904758
vt 0.788581 0.882960
vt 0.794097 0.882960
vt 0.722629 0.291816
vt 0.742843 0.328582
vt 0.702413 0.295483
vt 0.775944 0.295483
vt 0.742843 0.255050
vt 0.775944 0.255050
vt 0.702413 0.221951
vt 0.742843 0.221951
vt 0.742843 0.295483
vt 0.669312 0.295483
vt 0.702413 0.255050
vt 0.702413 0.328582
vt 0.722629 0.275267
vt 0.722629 0.258716
vt 0.669312 0.255050
vt 0.790776 0.164548
vt 0.790776 0.104288
vt 0.794124 0.164548
vt 0.794124 0.104288
vt 0.772376 0.106164
vt 0.771264 0.085898
vt 0.771365 0.083531
vt 0.770987 0.088247
vt 0.779734 0.013238
vt 0.770531 0.090568
vt 0.771365 0.016586
vt 0.774059 0.103650
vt 0.770508 0.108537
vt 0.771365 0.013238
vt 0.775536 0.101015
vt 0.769885 0.092847
vt 0.776798 0.098267
vt 0.769065 0.095063
vt 0.777849 0.095431
vt 0.768453 0.110757
vt 0.778665 0.092526
vt 0.768074 0.097216
vt 0.779252 0.089560
vt 0.766919 0.099281
vt 0.779613 0.086557
vt 0.766237 0.112805
vt 0.779734 0.083531
vt 0.765607 0.101246
vt 0.764141 0.103100
vt 0.763856 0.114683
vt 0.762537 0.104841
vt 0.761349 0.116357
vt 0.760803 0.106448
vt 0.758942 0.107911
vt 0.758708 0.117836
vt 0.756974 0.109227
vt 0.755969 0.119105
vt 0.754908 0.110381
vt 0.753131 0.120147
vt 0.752763 0.111372
vt 0.750539 0.112193
vt 0.750219 0.120967
vt 0.748267 0.112829
vt 0.747252 0.121559
vt 0.745947 0.113294
vt 0.744250 0.121910
vt 0.743597 0.113572
vt 0.741234 0.122031
vt 0.741233 0.113662
vt 0.738870 0.113572
vt 0.738208 0.121910
vt 0.736520 0.113294
vt 0.735215 0.121559
vt 0.734200 0.112829
vt 0.732249 0.120967
vt 0.731927 0.112193
vt 0.729705 0.111372
vt 0.729336 0.120147
vt 0.727558 0.110381
vt 0.726497 0.119105
vt 0.725493 0.109227
vt 0.723759 0.117836
vt 0.723525 0.107911
vt 0.721663 0.106448
vt 0.721117 0.116357
vt 0.719930 0.104841
vt 0.718603 0.114683
vt 0.718326 0.103100
vt 0.716860 0.101246
vt 0.716230 0.112805
vt 0.715547 0.099281
vt 0.714393 0.097216
vt 0.714008 0.110757
vt 0.713402 0.095063
vt 0.712582 0.092847
vt 0.711958 0.108537
vt 0.711936 0.090568
vt 0.711480 0.088247
vt 0.711192 0.085898
vt 0.711105 0.083531
vt 0.710091 0.106164
vt 0.711105 0.016586
vt 0.711105 0.013238
vt 0.708410 0.103650
vt 0.706931 0.101015
vt 0.705668 0.098267
vt 0.704617 0.095431
vt 0.703801 0.092526
vt 0.703209 0.089560
vt 0.702853 0.086557
vt 0.702733 0.083531
vt 0.702733 0.013238
vt 0.814893 0.140128
vt 0.829994 0.140128
vt 0.814893 0.143130
vt 0.829994 0.137112
vt 0.829994 0.143130
vt 0.795149 0.143130
vt 0.814893 0.137112
vt 0.814893 0.146097
vt 0.795202 0.146097
vt 0.795119 0.140128
vt 0.829994 0.134086
vt 0.829994 0.146097
vt 0.814893 0.134086
vt 0.795105 0.137112
vt 0.814898 0.148222
vt 0.795276 0.149009
vt 0.829994 0.131093
vt 0.795119 0.134086
vt 0.829994 0.149009
vt 0.814893 0.149009
vt 0.814893 0.131093
vt 0.795149 0.131093
vt 0.795366 0.151847
vt 0.829994 0.128127
vt 0.814893 0.151847
vt 0.814893 0.128127
vt 0.795202 0.128127
vt 0.829994 0.151847
vt 0.795487 0.154586
vt 0.829994 0.125214
vt 0.814893 0.154586
vt 0.814893 0.127444
vt 0.795276 0.125214
vt 0.829994 0.154586
vt 0.795614 0.157227
vt 0.814893 0.125214
vt 0.814893 0.157227
vt 0.829994 0.122375
vt 0.795366 0.122375
vt 0.829994 0.157227
vt 0.795764 0.159734
vt 0.814893 0.122375
vt 0.814893 0.159734
vt 0.829994 0.119637
vt 0.795487 0.119637
vt 0.829994 0.159734
vt 0.795938 0.162115
vt 0.814893 0.119637
vt 0.814893 0.162115
vt 0.829994 0.116996
vt 0.795614 0.116996
vt 0.829994 0.162115
vt 0.796119 0.164331
vt 0.814893 0.116996
vt 0.814893 0.164331
vt 0.829994 0.114482
vt 0.795764 0.114482
vt 0.829994 0.164331
vt 0.814930 0.166386
vt 0.814893 0.114482
vt 0.829994 0.166386
vt 0.796321 0.166386
vt 0.829994 0.112108
vt 0.795938 0.112108
vt 0.829994 0.168254
vt 0.814930 0.168254
vt 0.814893 0.112108
vt 0.796531 0.168254
vt 0.829994 0.109886
vt 0.796119 0.109886
vt 0.814893 0.168917
vt 0.814893 0.109886
vt 0.829994 0.169937
vt 0.814930 0.169937
vt 0.814893 0.107837
vt 0.796756 0.169937
vt 0.829994 0.107837
vt 0.796321 0.107837
vt 0.829994 0.105969
vt 0.796531 0.105969
vt 0.814893 0.105969
vt 0.814893 0.105306
vt 0.814930 0.104288
vt 0.796756 0.104288
vt 0.829994 0.104288
vt 0.768728 0.143642
vt 0.768728 0.145992
vt 0.753664 0.145992
vt 0.753664 0.148356
vt 0.753664 0.143642
vt 0.768728 0.148356
vt 0.768728 0.141323
vt 0.753664 0.150719
vt 0.753664 0.141323
vt 0.768728 0.150719
vt 0.768728 0.139050
vt 0.753664 0.153069
vt 0.753664 0.139050
vt 0.768728 0.153069
vt 0.768728 0.136826
vt 0.753664 0.155389
vt 0.753664 0.136826
vt 0.768728 0.155389
vt 0.768728 0.134681
vt 0.753664 0.157662
vt 0.753664 0.134681
vt 0.768728 0.157662
vt 0.768728 0.132616
vt 0.753664 0.159884
vt 0.753664 0.132616
vt 0.768728 0.159884
vt 0.768728 0.130647
vt 0.753664 0.162031
vt 0.753664 0.130647
vt 0.768728 0.162031
vt 0.768728 0.128786
vt 0.753664 0.164096
vt 0.753664 0.128786
vt 0.768728 0.164096
vt 0.768728 0.127052
vt 0.753664 0.166064
vt 0.753664 0.127052
vt 0.768728 0.166064
vt 0.753664 0.125448
vt 0.753664 0.167926
vt 0.768728 0.125448
vt 0.768728 0.167926
vt 0.753664 0.123982
vt 0.753664 0.169660
vt 0.768728 0.123982
vt 0.768728 0.169660
vt 0.753664 0.122670
vt 0.753664 0.171263
vt 0.768728 0.122670
vt 0.768728 0.171263
vt 0.768728 0.172730
vt 0.753664 0.172730
vt 0.768728 0.174042
vt 0.753664 0.174042
vt 0.784774 0.182930
vt 0.769710 0.123922
vt 0.784774 0.122670
vt 0.769710 0.182930
vt 0.769710 0.122670
vt 0.789795 0.122670
vt 0.789795 0.182930
vt 0.798892 0.024363
vt 0.798892 0.021457
vt 0.813957 0.024363
vt 0.781725 0.024363
vt 0.813957 0.021457
vt 0.813957 0.027329
vt 0.781461 0.021457
vt 0.798892 0.027329
vt 0.798892 0.018621
vt 0.781986 0.027329
vt 0.813957 0.018621
vt 0.813957 0.030331
vt 0.781207 0.018621
vt 0.782258 0.030331
vt 0.798892 0.015873
vt 0.798892 0.030331
vt 0.780959 0.015873
vt 0.813957 0.015873
vt 0.813957 0.033357
vt 0.782528 0.033357
vt 0.780718 0.013238
vt 0.798892 0.013238
vt 0.798892 0.033357
vt 0.813957 0.013238
vt 0.813957 0.103650
vt 0.788849 0.103650
vt 0.752682 0.122670
vt 0.752682 0.127690
vt 0.749334 0.127690
vt 0.749334 0.122670
vt 0.847022 0.186983
vt 0.847022 0.120039
vt 0.862087 0.186983
vt 0.862087 0.120039
vt 0.862087 0.117672
vt 0.847022 0.117672
vt 0.862087 0.115322
vt 0.847022 0.115322
vt 0.862087 0.113002
vt 0.847022 0.113002
vt 0.862087 0.110723
vt 0.847022 0.112252
vt 0.847022 0.110723
vt 0.862087 0.108507
vt 0.847022 0.108507
vt 0.862087 0.106354
vt 0.847022 0.106354
vt 0.862087 0.104288
vt 0.847022 0.104288
vt 0.745005 0.122670
vt 0.748353 0.127690
vt 0.745005 0.127690
vt 0.748353 0.122670
vt 0.830976 0.104288
vt 0.846041 0.104288
vt 0.830976 0.171233
vt 0.846041 0.171233
vt 0.846041 0.173600
vt 0.830976 0.173600
vt 0.846041 0.175950
vt 0.830976 0.175950
vt 0.846041 0.178270
vt 0.830976 0.178270
vt 0.846041 0.180549
vt 0.830976 0.180549
vt 0.846041 0.182765
vt 0.830976 0.182765
vt 0.846041 0.184918
vt 0.830976 0.182839
vt 0.830976 0.184918
vt 0.846041 0.186984
vt 0.830976 0.186984
vt 0.848257 0.101015
vt 0.833192 0.101015
vt 0.833192 0.098267
vt 0.848257 0.103650
vt 0.815259 0.101015
vt 0.848257 0.098267
vt 0.833192 0.103650
vt 0.815506 0.098267
vt 0.833192 0.095431
vt 0.815018 0.103650
vt 0.815760 0.095431
vt 0.848257 0.095431
vt 0.816025 0.092526
vt 0.833192 0.092526
vt 0.848257 0.092526
vt 0.833192 0.089560
vt 0.816286 0.089560
vt 0.848257 0.089560
vt 0.833192 0.086557
vt 0.816558 0.086557
vt 0.848257 0.086557
vt 0.816828 0.083531
vt 0.833192 0.083531
vt 0.848257 0.083531
vt 0.823149 0.013238
vt 0.848257 0.013238
vt 0.984101 0.221074
vt 0.986836 0.127746
vt 0.985076 0.218439
vt 0.925666 0.232703
vt 0.923759 0.230633
vt 0.924125 0.221823
vt 0.984065 0.221162
vt 0.969132 0.234518
vt 0.971214 0.233125
vt 0.969721 0.237918
vt 0.931809 0.231580
vt 0.933772 0.233125
vt 0.932283 0.237918
vt 0.952491 0.239212
vt 0.954991 0.239112
vt 0.953813 0.243086
vt 0.949995 0.239112
vt 0.951002 0.243193
vt 0.927728 0.234614
vt 0.943104 0.196415
vt 0.930097 0.229992
vt 0.950054 0.196415
vt 0.923071 0.219553
vt 0.916661 0.127746
vt 0.921144 0.139562
vt 0.916929 0.218439
vt 0.924615 0.133717
vt 0.915172 0.127746
vt 0.915172 0.207360
vt 0.915276 0.210174
vt 0.921525 0.214796
vt 0.922203 0.217208
vt 0.922015 0.228427
vt 0.925348 0.224000
vt 0.926060 0.225079
vt 0.935854 0.234518
vt 0.938040 0.235741
vt 0.937292 0.240470
vt 0.929942 0.236354
vt 0.957475 0.238818
vt 0.956608 0.242756
vt 0.959928 0.238328
vt 0.959366 0.242202
vt 0.962329 0.237651
vt 0.962069 0.241446
vt 0.964677 0.236784
vt 0.966954 0.235741
vt 0.964714 0.240470
vt 0.973177 0.231580
vt 0.972062 0.236354
vt 0.967265 0.239291
vt 0.974888 0.229992
vt 0.974276 0.234614
vt 0.954939 0.176510
vt 0.961882 0.176510
vt 0.954939 0.196415
vt 0.916410 0.216620
vt 0.983842 0.139562
vt 0.980371 0.133717
vt 0.986386 0.212969
vt 0.986716 0.210174
vt 0.943104 0.176510
vt 0.950054 0.176510
vt 0.934739 0.239291
vt 0.940309 0.236784
vt 0.939935 0.241446
vt 0.942657 0.237651
vt 0.942637 0.242202
vt 0.945059 0.238328
vt 0.947511 0.238818
vt 0.945397 0.242756
vt 0.948191 0.243086
vt 0.921144 0.212849
vt 0.920455 0.226091
vt 0.982923 0.223634
vt 0.981915 0.219553
vt 0.982783 0.217208
vt 0.976338 0.232703
vt 0.983460 0.214796
vt 0.961882 0.196415
vt 0.978925 0.225079
vt 0.919082 0.223634
vt 0.917903 0.221074
vt 0.979650 0.224000
vt 0.980872 0.221823
vt 0.979989 0.228427
vt 0.981549 0.226091
vt 0.983842 0.212849
vt 0.978245 0.230633
vt 0.985845 0.215728
vt 0.986836 0.207360
vt 0.916160 0.215728
vt 0.915617 0.212969
vt 0.943104 0.196415
vt 0.943104 0.176510
vt 0.926060 0.225079
vt 0.925348 0.224000
vt 0.924125 0.221823
vt 0.923071 0.219553
vt 0.922203 0.217208
vt 0.921525 0.214796
vt 0.921144 0.212849
vt 0.921144 0.139562
vt 0.950054 0.196415
vt 0.954939 0.196415
vt 0.974888 0.229992
vt 0.973177 0.231580
vt 0.971214 0.233125
vt 0.969132 0.234518
vt 0.966954 0.235741
vt 0.964677 0.236784
vt 0.962329 0.237651
vt 0.959928 0.238328
vt 0.957475 0.238818
vt 0.954991 0.239112
vt 0.952491 0.239212
vt 0.949995 0.239112
vt 0.947511 0.238818
vt 0.945059 0.238328
vt 0.942657 0.237651
vt 0.940309 0.236784
vt 0.938040 0.235741
vt 0.935854 0.234518
vt 0.933772 0.233125
vt 0.931809 0.231580
vt 0.930097 0.229992
vt 0.961882 0.176510
vt 0.961882 0.196415
vt 0.983842 0.139562
vt 0.983842 0.212849
vt 0.983460 0.214796
vt 0.982783 0.217208
vt 0.981915 0.219553
vt 0.980872 0.221823
vt 0.979650 0.224000
vt 0.978925 0.225079
vt 0.950054 0.176510
vt 0.954939 0.176510
vt 0.924615 0.133717
vt 0.980371 0.133717
vt 0.959182 0.323873
vt 0.983213 0.261656
vt 0.977832 0.355242
vt 0.951640 0.370599
vt 0.948904 0.370708
vt 0.951583 0.323873
vt 0.918398 0.255260
vt 0.979414 0.255260
vt 0.946237 0.302090
vt 0.940771 0.369741
vt 0.946237 0.323873
vt 0.943454 0.370277
vt 0.946172 0.370599
vt 0.951583 0.302090
vt 0.915759 0.346628
vt 0.938631 0.302090
vt 0.916708 0.349195
vt 0.982054 0.346628
vt 0.982795 0.343988
vt 0.983213 0.341858
vt 0.981105 0.349195
vt 0.979963 0.351678
vt 0.978625 0.354061
vt 0.967116 0.365571
vt 0.973415 0.360618
vt 0.969394 0.364047
vt 0.959182 0.302090
vt 0.971541 0.362356
vt 0.964732 0.366909
vt 0.962239 0.368051
vt 0.959670 0.369000
vt 0.957042 0.369741
vt 0.954359 0.370277
vt 0.938143 0.369000
vt 0.935573 0.368051
vt 0.933090 0.366909
vt 0.930697 0.365571
vt 0.928419 0.364047
vt 0.926271 0.362356
vt 0.919200 0.354061
vt 0.919980 0.355242
vt 0.924397 0.360618
vt 0.917862 0.351678
vt 0.938631 0.323873
vt 0.915017 0.343988
vt 0.914600 0.261656
vt 0.914600 0.341858
vt 0.464488 0.635419
vt 0.464488 0.616781
vt 0.472573 0.617857
vt 0.472573 0.616781
vt 0.468530 0.635958
vt 0.464488 0.654058
vt 0.470551 0.636226
vt 0.468530 0.654597
vt 0.472573 0.625938
vt 0.464488 0.672696
vt 0.466509 0.672966
vt 0.468530 0.658637
vt 0.464488 0.691335
vt 0.472573 0.657829
vt 0.472573 0.689718
vt 0.472573 0.689721
vt 0.472573 0.691335
vt 0.470971 0.714530
vt 0.472992 0.697716
vt 0.472992 0.729310
vt 0.470971 0.714507
vt 0.468949 0.731345
vt 0.470971 0.714459
vt 0.468949 0.731297
vt 0.468949 0.747142
vt 0.472992 0.697622
vt 0.466928 0.748158
vt 0.472992 0.760904
vt 0.466928 0.748134
vt 0.468949 0.728503
vt 0.464907 0.764972
vt 0.466928 0.746737
vt 0.470971 0.710268
vt 0.472992 0.766587
vt 0.464906 0.729316
vt 0.472992 0.692033
vt 0.466928 0.711081
vt 0.464907 0.766587
vt 0.464907 0.747145
vt 0.464906 0.711488
vt 0.464905 0.693660
vt 0.464907 0.692033
vt 0.298821 0.729753
vt 0.298821 0.699579
vt 0.304189 0.719852
vt 0.304189 0.699578
vt 0.301505 0.739891
vt 0.298821 0.759928
vt 0.304189 0.740427
vt 0.304189 0.761002
vt 0.298821 0.761545
vt 0.304189 0.761545
vt 0.325049 0.801420
vt 0.329091 0.832404
vt 0.321008 0.832404
vt 0.329091 0.801798
vt 0.321007 0.801420
vt 0.329091 0.771191
vt 0.321007 0.770437
vt 0.326376 0.770437
vt 0.329058 0.770437
vt 0.329091 0.770437
vt 0.378091 0.637843
vt 0.379033 0.655132
vt 0.377147 0.639192
vt 0.379977 0.635956
vt 0.377147 0.657831
vt 0.377147 0.620554
vt 0.379978 0.636362
vt 0.378091 0.674258
vt 0.380920 0.616781
vt 0.379035 0.655945
vt 0.377147 0.675608
vt 0.361742 0.617722
vt 0.380920 0.637305
vt 0.377147 0.693385
vt 0.378091 0.674665
vt 0.360396 0.616781
vt 0.359856 0.619609
vt 0.380920 0.657831
vt 0.378091 0.674666
vt 0.342564 0.618665
vt 0.358913 0.620554
vt 0.378091 0.675526
vt 0.339871 0.616781
vt 0.375520 0.620558
vt 0.379034 0.676469
vt 0.377147 0.693387
vt 0.323386 0.619609
vt 0.340677 0.620554
vt 0.377147 0.695108
vt 0.380920 0.678356
vt 0.322039 0.618666
vt 0.319345 0.616781
vt 0.304209 0.620554
vt 0.322443 0.620554
vt 0.380920 0.698880
vt 0.360396 0.698880
vt 0.298821 0.616781
vt 0.322036 0.620554
vt 0.358509 0.696994
vt 0.302593 0.620554
vt 0.339864 0.620555
vt 0.357566 0.696051
vt 0.339871 0.698880
vt 0.299763 0.635958
vt 0.358509 0.695108
vt 0.298821 0.637305
vt 0.301650 0.637845
vt 0.337983 0.696995
vt 0.339871 0.695108
vt 0.300705 0.655137
vt 0.302593 0.638788
vt 0.319345 0.698880
vt 0.298821 0.657831
vt 0.318401 0.697938
vt 0.321232 0.695108
vt 0.301650 0.674315
vt 0.302593 0.657023
vt 0.320288 0.696051
vt 0.298821 0.698880
vt 0.300707 0.675662
vt 0.302593 0.695108
vt 0.298821 0.678356
vt 0.302593 0.693492
vt 0.302593 0.675258
vt 0.356288 0.769198
vt 0.364543 0.769198
vt 0.363457 0.769468
vt 0.336426 0.767608
vt 0.364543 0.769468
vt 0.357375 0.769468
vt 0.341260 0.767608
vt 0.332301 0.767608
vt 0.357375 0.769738
vt 0.356288 0.769468
vt 0.308311 0.766019
vt 0.374210 0.769198
vt 0.330711 0.769198
vt 0.363457 0.769738
vt 0.339672 0.766019
vt 0.371034 0.766019
vt 0.374210 0.751927
vt 0.305133 0.769198
vt 0.374210 0.734658
vt 0.305133 0.751927
vt 0.372622 0.733069
vt 0.305133 0.734658
vt 0.374210 0.717388
vt 0.371034 0.765265
vt 0.306721 0.733069
vt 0.374210 0.700119
vt 0.372622 0.732692
vt 0.308311 0.734658
vt 0.305133 0.717388
vt 0.371034 0.744689
vt 0.308311 0.703297
vt 0.305133 0.700119
vt 0.371034 0.724115
vt 0.371034 0.703297
vt 0.309066 0.703297
vt 0.348631 0.700119
vt 0.329340 0.703297
vt 0.347043 0.701708
vt 0.337811 0.701708
vt 0.323054 0.700119
vt 0.342918 0.701708
vt 0.349915 0.703297
vt 0.338082 0.701708
vt 0.370491 0.703297
vt 0.314802 0.700119
vt 0.314802 0.699848
vt 0.315889 0.699848
vt 0.321967 0.699848
vt 0.315889 0.699578
vt 0.323054 0.699848
vt 0.321967 0.699578
vt 0.445156 0.769451
vt 0.436417 0.769451
vt 0.439765 0.765678
vt 0.420249 0.769451
vt 0.441383 0.765678
vt 0.407528 0.769451
vt 0.436417 0.769812
vt 0.444886 0.743242
vt 0.407528 0.769181
vt 0.420249 0.769812
vt 0.444886 0.742971
vt 0.445156 0.743242
vt 0.407258 0.769181
vt 0.444886 0.737837
vt 0.420944 0.767565
vt 0.444886 0.737566
vt 0.445156 0.737837
vt 0.420944 0.767430
vt 0.402123 0.769451
vt 0.443270 0.732809
vt 0.445156 0.742971
vt 0.420811 0.767430
vt 0.402123 0.769181
vt 0.407258 0.769451
vt 0.445021 0.718752
vt 0.441383 0.735503
vt 0.409592 0.765678
vt 0.445156 0.708677
vt 0.445156 0.699938
vt 0.441383 0.705329
vt 0.401855 0.769181
vt 0.445156 0.724846
vt 0.379416 0.765678
vt 0.445156 0.737566
vt 0.445516 0.708677
vt 0.441383 0.703711
vt 0.401855 0.769451
vt 0.445516 0.724846
vt 0.418946 0.700211
vt 0.375646 0.769451
vt 0.418946 0.699938
vt 0.418676 0.700211
vt 0.375646 0.760712
vt 0.413542 0.700211
vt 0.377666 0.748751
vt 0.413273 0.700211
vt 0.418676 0.699938
vt 0.377666 0.748616
vt 0.375916 0.731824
vt 0.420967 0.701825
vt 0.413542 0.699938
vt 0.378421 0.732809
vt 0.375646 0.744544
vt 0.400550 0.699938
vt 0.412882 0.701825
vt 0.375916 0.731553
vt 0.379416 0.734694
vt 0.375646 0.731824
vt 0.375283 0.760712
vt 0.413273 0.699938
vt 0.411367 0.701825
vt 0.377426 0.699938
vt 0.379416 0.703711
vt 0.375283 0.744544
vt 0.384382 0.699938
vt 0.410399 0.703711
vt 0.375916 0.726418
vt 0.384382 0.699578
vt 0.381353 0.699938
vt 0.375916 0.726151
vt 0.375646 0.726418
vt 0.400550 0.699578
vt 0.375646 0.699938
vt 0.375646 0.731553
vt 0.375646 0.726151
vt 0.382012 0.684199
vt 0.382283 0.684199
vt 0.385378 0.694492
vt 0.385378 0.675785
vt 0.382012 0.697914
vt 0.385378 0.657078
vt 0.407012 0.697914
vt 0.383831 0.651932
vt 0.407012 0.697643
vt 0.385378 0.638371
vt 0.382283 0.683928
vt 0.407282 0.697643
vt 0.385378 0.619664
vt 0.383831 0.651797
vt 0.417268 0.696067
vt 0.382148 0.665551
vt 0.428220 0.697643
vt 0.404085 0.694492
vt 0.382012 0.647173
vt 0.382012 0.683928
vt 0.412405 0.697914
vt 0.449159 0.697643
vt 0.422792 0.694492
vt 0.382283 0.642053
vt 0.382012 0.665551
vt 0.430781 0.697779
vt 0.407282 0.697914
vt 0.382012 0.642053
vt 0.382283 0.641782
vt 0.430781 0.697914
vt 0.441499 0.694492
vt 0.449159 0.697914
vt 0.382012 0.616781
vt 0.460207 0.694492
vt 0.401561 0.617502
vt 0.382012 0.641782
vt 0.449429 0.697643
vt 0.403244 0.618944
vt 0.395729 0.617051
vt 0.463143 0.697914
vt 0.404085 0.619664
vt 0.421110 0.618223
vt 0.395729 0.616781
vt 0.449429 0.697914
vt 0.463143 0.672912
vt 0.427967 0.618357
vt 0.462873 0.672912
vt 0.422792 0.619664
vt 0.440657 0.618944
vt 0.395995 0.617051
vt 0.460207 0.675785
vt 0.460207 0.619664
vt 0.428100 0.618357
vt 0.460207 0.657078
vt 0.441499 0.619664
vt 0.416935 0.617051
vt 0.461539 0.646289
vt 0.437874 0.617051
vt 0.416935 0.616916
vt 0.462873 0.672644
vt 0.460207 0.638371
vt 0.438145 0.617051
vt 0.395995 0.616781
vt 0.461539 0.646154
vt 0.463143 0.616781
vt 0.432752 0.616781
vt 0.414374 0.616781
vt 0.461676 0.646154
vt 0.438145 0.616781
vt 0.463143 0.630498
vt 0.437874 0.616781
vt 0.463143 0.672644
vt 0.462873 0.630498
vt 0.461676 0.643594
vt 0.463143 0.667522
vt 0.462873 0.630767
vt 0.463008 0.649145
vt 0.463143 0.649145
vt 0.463143 0.630767
vt 0.330212 0.787858
vt 0.330209 0.805279
vt 0.330211 0.787451
vt 0.330214 0.770437
vt 0.461809 0.754527
vt 0.463832 0.773166
vt 0.455747 0.773166
vt 0.463832 0.754527
vt 0.457768 0.754527
vt 0.463832 0.735889
vt 0.459788 0.735889
vt 0.455747 0.771550
vt 0.457768 0.753720
vt 0.463832 0.708310
vt 0.457768 0.753316
vt 0.461809 0.718058
vt 0.459789 0.735081
vt 0.455747 0.753316
vt 0.463832 0.700229
vt 0.461809 0.718057
vt 0.455747 0.735081
vt 0.461809 0.717250
vt 0.457768 0.716846
vt 0.461810 0.716846
vt 0.463832 0.700226
vt 0.455747 0.716846
vt 0.463832 0.698612
vt 0.455747 0.698612
vt 0.448612 0.754527
vt 0.446589 0.773166
vt 0.446589 0.740541
vt 0.454674 0.773166
vt 0.450634 0.735889
vt 0.452654 0.754527
vt 0.446589 0.735889
vt 0.454674 0.771445
vt 0.446589 0.705912
vt 0.452654 0.753667
vt 0.446589 0.705817
vt 0.452654 0.753666
vt 0.454674 0.771443
vt 0.448612 0.718059
vt 0.454674 0.735889
vt 0.448612 0.718058
vt 0.446589 0.700230
vt 0.454674 0.753666
vt 0.452654 0.717250
vt 0.448612 0.717250
vt 0.454674 0.717250
vt 0.446589 0.700229
vt 0.454674 0.698612
vt 0.446589 0.698612
vt 0.310698 0.770437
vt 0.310698 0.791254
vt 0.305331 0.770437
vt 0.305331 0.801420
vt 0.308014 0.811829
vt 0.305331 0.832404
vt 0.310698 0.811829
vt 0.310698 0.832404
vt 0.315847 0.801420
vt 0.319889 0.770437
vt 0.319889 0.772054
vt 0.314521 0.770437
vt 0.315847 0.802228
vt 0.313164 0.801420
vt 0.311805 0.832404
vt 0.319889 0.802228
vt 0.311839 0.770437
vt 0.319889 0.832404
vt 0.311822 0.801420
vt 0.311805 0.771192
vt 0.311805 0.801797
vt 0.311805 0.770437
vt 0.331573 0.770437
vt 0.331573 0.787273
vt 0.331573 0.770436
vt 0.091151 0.356279
vt 0.077039 0.356279
vt 0.091151 0.286365
vt 0.077039 0.286365
vt 0.104417 0.352432
vt 0.104417 0.321005
vt 0.119125 0.352432
vt 0.119125 0.321005
vt 0.105856 0.319849
vt 0.105856 0.286365
vt 0.126636 0.319849
vt 0.126636 0.286365
vt 0.091672 0.320709
vt 0.091672 0.286365
vt 0.105353 0.320709
vt 0.105353 0.286365
vt 0.151005 0.351692
vt 0.119581 0.351692
vt 0.151005 0.320146
vt 0.119581 0.320146
vt 0.189580 0.318432
vt 0.189580 0.293963
vt 0.206109 0.318432
vt 0.206109 0.293963
vt 0.230818 0.318432
vt 0.214289 0.318432
vt 0.214289 0.293963
vt 0.230818 0.293963
vt 0.231301 0.318432
vt 0.231301 0.293963
vt 0.247830 0.318432
vt 0.247830 0.293963
vt 0.259694 0.343182
vt 0.243165 0.343182
vt 0.243165 0.318713
vt 0.259694 0.318713
vt 0.242733 0.318713
vt 0.239426 0.343180
vt 0.239426 0.318713
vt 0.242733 0.343180
vt 0.235688 0.343180
vt 0.235688 0.318713
vt 0.238994 0.343180
vt 0.238994 0.318713
vt 0.206606 0.293963
vt 0.209912 0.293963
vt 0.206606 0.318432
vt 0.209912 0.318432
vt 0.210447 0.293963
vt 0.213753 0.293963
vt 0.210447 0.318432
vt 0.213753 0.318432
vt 0.235256 0.343180
vt 0.218728 0.343180
vt 0.235256 0.318713
vt 0.218728 0.318713
vt 0.218296 0.318713
vt 0.218296 0.343180
vt 0.201767 0.343180
vt 0.201767 0.318713
vt 0.206109 0.343461
vt 0.206109 0.367929
vt 0.189580 0.367929
vt 0.189580 0.343461
vt 0.223135 0.367929
vt 0.206606 0.367929
vt 0.223135 0.343461
vt 0.206606 0.343461
vt 0.282764 0.318442
vt 0.280760 0.304162
vt 0.282677 0.314378
vt 0.268400 0.318442
vt 0.282677 0.313927
vt 0.283128 0.314378
vt 0.274580 0.306203
vt 0.282677 0.310315
vt 0.280760 0.293963
vt 0.268400 0.293963
vt 0.282800 0.304162
vt 0.283085 0.310315
vt 0.284963 0.293963
vt 0.282800 0.293963
vt 0.283493 0.310315
vt 0.287733 0.313927
vt 0.302011 0.318442
vt 0.287733 0.314378
vt 0.289651 0.304162
vt 0.287649 0.318442
vt 0.287283 0.314378
vt 0.287733 0.310315
vt 0.302011 0.293963
vt 0.287611 0.304162
vt 0.289651 0.293963
vt 0.286917 0.310315
vt 0.287611 0.293963
vt 0.285448 0.293963
vt 0.312867 0.306203
vt 0.319046 0.318442
vt 0.306687 0.304162
vt 0.319046 0.293963
vt 0.304682 0.318442
vt 0.306687 0.293963
vt 0.304769 0.314378
vt 0.304318 0.314378
vt 0.304769 0.313927
vt 0.304769 0.310315
vt 0.304646 0.304162
vt 0.303954 0.310315
vt 0.304646 0.293963
vt 0.302484 0.293963
vt 0.299848 0.353649
vt 0.299726 0.359802
vt 0.297809 0.353649
vt 0.300134 0.359802
vt 0.285448 0.367929
vt 0.299848 0.343450
vt 0.291628 0.355689
vt 0.299726 0.363414
vt 0.300542 0.359802
vt 0.297809 0.343450
vt 0.285448 0.343450
vt 0.299726 0.363865
vt 0.301187 0.350323
vt 0.300176 0.363865
vt 0.299810 0.367929
vt 0.301390 0.350341
vt 0.301533 0.346485
vt 0.301736 0.346503
vt 0.302011 0.343450
vt 0.332154 0.343185
vt 0.317791 0.343185
vt 0.332068 0.339121
vt 0.332068 0.338671
vt 0.332519 0.339121
vt 0.332068 0.335058
vt 0.330151 0.328905
vt 0.332476 0.335058
vt 0.317791 0.318706
vt 0.332884 0.335058
vt 0.330151 0.318706
vt 0.332191 0.328905
vt 0.332191 0.318706
vt 0.334354 0.318706
vt 0.303106 0.339121
vt 0.302657 0.339121
vt 0.303106 0.338671
vt 0.317385 0.343185
vt 0.303023 0.343185
vt 0.303106 0.335058
vt 0.302984 0.328905
vt 0.302290 0.335058
vt 0.305024 0.328905
vt 0.300822 0.318706
vt 0.311204 0.330946
vt 0.302984 0.318706
vt 0.317385 0.318706
vt 0.305024 0.318706
vt 0.286138 0.322770
vt 0.286138 0.323221
vt 0.285688 0.322770
vt 0.300416 0.318706
vt 0.286053 0.318706
vt 0.286138 0.326833
vt 0.288055 0.332986
vt 0.300416 0.343185
vt 0.285730 0.326833
vt 0.288055 0.343185
vt 0.285322 0.326833
vt 0.286015 0.332986
vt 0.286015 0.343185
vt 0.283853 0.343185
vt 0.282800 0.357730
vt 0.268400 0.343450
vt 0.282678 0.351577
vt 0.280761 0.357730
vt 0.282678 0.347964
vt 0.283494 0.351577
vt 0.274581 0.355689
vt 0.282678 0.347514
vt 0.284963 0.367929
vt 0.268400 0.367929
vt 0.280761 0.367929
vt 0.283128 0.347514
vt 0.282800 0.367929
vt 0.282763 0.343450
vt 0.044142 0.338800
vt 0.019797 0.338800
vt 0.044142 0.283862
vt 0.019797 0.283862
vt 0.044465 0.283862
vt 0.064020 0.318765
vt 0.044465 0.318765
vt 0.064020 0.283862
usemtl lambert11SG
f 2711/2191 2880/2192 2712/2193
f 2882/2195 2712/2193 2880/2192
f 2577/2200 2711/2191 2579/2196
f 2712/2193 2579/2196 2711/2191
f 2717/2227 2894/2230 2718/2233
f 2896/2236 2718/2233 2894/2230
f 2590/2225 2717/2227 2592/2231
f 2718/2233 2592/2231 2717/2227
f 2715/2215 2889/2218 2716/2221
f 2891/2224 2716/2221 2889/2218
f 2585/2213 2715/2215 2587/2219
f 2716/2221 2587/2219 2715/2215
f 2718/2233 2896/2236 2719/2239
f 2899/2242 2719/2239 2896/2236
f 2592/2231 2718/2233 2596/2237
f 2719/2239 2596/2237 2718/2233
f 2719/2239 2899/2242 2720/2245
f 2902/2248 2720/2245 2899/2242
f 2596/2237 2719/2239 2598/2243
f 2720/2245 2598/2243 2719/2239
f 2712/2193 2882/2195 2713/2198
f 2884/2202 2713/2198 2882/2195
f 2579/2196 2712/2193 2581/2199
f 2713/2198 2581/2199 2712/2193
f 2830/2337 2829/2338 2917/2339
f 2916/2341 2917/2339 2829/2338
f 2829/2338 2621/2340 2619/2343
f 2621/2340 2829/2338 2830/2337
f 2710/2197 2878/2194 2711/2191
f 2880/2192 2711/2191 2878/2194
f 2575/2204 2710/2197 2577/2200
f 2711/2191 2577/2200 2710/2197
f 91 84 82
f 84 91 97
f 123 139 119
f 139 123 142
f 143 125 124
f 125 143 144
f 136 152 135
f 152 136 153
f 88 82 79
f 82 88 91
f 111 119 139
f 139 132 111
f 105 127 108
f 127 105 120
f 114 141 121
f 141 114 137
f 84 104 86
f 104 84 97
f 83 103 92
f 103 83 85
f 111 122 106
f 122 111 132
f 153 130 148
f 130 153 136
f 120 98 113
f 98 120 105
f 93 95 109
f 110 109 95
f 96 100 115
f 115 112 96
f 131 149 145
f 145 126 131
f 125 142 123
f 142 125 144
f 140 151 156
f 151 140 134
f 152 151 134
f 134 135 152
f 108 137 114
f 137 108 127
f 95 96 110
f 112 110 96
f 130 133 150
f 150 148 130
f 971/2957 361/2958 360/2959
f 971/2957 1284/2963 1285/2962
f 1979/2966 1285/2962 1284/2963
f 1729/2968 2283/2971 1979/2966
f 1733/2972 2287/2977 2283/2971
f 1747/2974 2334/2979 2287/2977
f 1747/2974 1284/2963 1319/2969
f 970/2961 360/2959 461/2964
f 1768/2975 1319/2969 1318/2973
f 364/2622 360/2623 362/2624
f 371/2631 367/2627 368/2629
f 376/2638 375/2634 374/2637
f 360/2623 361/2625 362/2624
f 373/2636 374/2637 375/2634
f 369/2635 373/2636 370/2633
f 366/2628 362/2624 363/2630
f 131 154 149
f 154 131 138
f 113 86 104
f 86 113 98
f 1808/2684 1377/2685 1748/2686
f 1880/2690 1351/2693 1377/2685
f 987/2743 1279/2736 1012/2739
f 364/2738 367/2732 253/2731
f 992/2705 375/2712 467/2709
f 178/2742 461/2746 360/2744
f 1885/2727 1376/2733 1834/2729
f 2407/2710 2416/2703 2345/2711
f 228/2737 178/2742 360/2744
f 2447/2695 2474/2692 2354/2689
f 1808/2684 2354/2689 1886/2687
f 1885/2727 2470/2720 2333/2723
f 990/2694 1286/2688 1013/2691
f 2447/2695 2416/2703 2473/2699
f 1012/2739 1376/2733 1318/2740
f 898/2713 182/2718 375/2712
f 987/2743 461/2746 897/2745
f 228/2737 253/2731 179/2735
f 2415/2714 2472/2706 2407/2710
f 2415/2714 2335/2716 2471/2715
f 296/2725 253/2731 367/2732
f 992/2705 1351/2693 1293/2701
f 1835/2696 1293/2701 1351/2693
f 1013/2691 1377/2685 1351/2693
f 254/2722 180/2726 296/2725
f 254/2722 375/2712 181/2719
f 1007/2702 467/2709 468/2697
f 2333/2723 2470/2720 2335/2716
f 974/2981 376/2982 1153/2983
f 1288/2987 1287/2985 1153/2983
f 973/2986 375/2984 974/2981
f 1750/3000 2355/3004 2354/3003
f 1748/3001 1286/2995 1749/2999
f 2039/2989 1287/2985 1288/2987
f 2047/2991 1287/2985 2039/2989
f 1726/2994 1287/2985 2047/2991
f 1726/2994 2281/2997 1730/2996
f 1730/2996 2284/3002 1750/3000
f 991/2992 1287/2985 1286/2995
f 991/2992 468/2993 989/2990
f 989/2990 467/2988 973/2986
f 363 362 338
f 2048 2049 2281
f 2049 2050 2281
f 2285 2281 2050
f 2285 2284 2281
f 2370 2366 2352
f 2357 2344 2366
f 2285 2286 2355
f 2050 2049 2286
f 2282 2287 2334
f 2334 2336 2359
f 2282 2334 2359
f 357 363 345
f 2372 2355 2286
f 1626 1153 1168
f 1635 1291 2045
f 374 373 354
f 2044 2045 2047
f 354 356 374
f 1626 2044 1288
f 1626 2045 2044
f 2286 2285 2050
f 2283 2282 1979
f 1732 2286 2046
f 2355 2284 2285
f 2344 2352 2366
f 2352 2353 2372
f 2357 2359 2336
f 2353 2355 2372
f 2282 2283 2287
f 972 1285 969
f 357 354 373
f 362 361 338
f 2044 2039 1288
f 2047 2048 2281
f 2045 2046 2047
f 2039 2044 2047
f 2048 2047 2046
f 376 374 356
f 975 376 965
f 2046 2286 2048
f 961 337 361
f 337 338 361
f 2049 2048 2286
f 975 1291 1169
f 1283 1285 1979
f 1728 1283 1979
f 141 133 121
f 133 141 150
f 100 122 115
f 122 100 106
f 138 140 154
f 156 154 140
f 2347/2639 2352/2640 2344/2641
f 2349/2644 2353/2647 2352/2640
f 2351/2654 2355/2657 2353/2647
f 2339/2646 2344/2641 2336/2649
f 2333/2659 2335/2652 2334/2655
f 2336/2649 2334/2655 2335/2652
f 2331/2658 2346/2651 2328/2661
f 2355/2657 2327/2662 2354/2663
f 126 143 124
f 143 126 145
f 1336 1349 1337
f 1350 1337 1349
f 1242 1243 1232
f 1233 1232 1243
f 1334 1299 1300
f 1299 1334 1333
f 1247 1246 1234
f 1234 1235 1247
f 1275 1274 1246
f 1246 1247 1275
f 1232 1233 1234
f 1235 1234 1233
f 1249 1297 1250
f 1298 1250 1297
f 1349 1333 1350
f 1334 1350 1333
f 83 88 79
f 88 83 92
f 85 107 103
f 107 85 87
f 1249 1250 1242
f 1243 1242 1250
f 154/1354 145/1355 149/1356
f 145/1355 154/1354 156/1357
f 145/1355 156/1357 143/1358
f 143/1358 156/1357 144/1359
f 144/1359 156/1357 142/1360
f 142/1360 156/1357 151/1361
f 142/1360 151/1361 152/1362
f 142/1360 152/1362 139/1363
f 139/1363 152/1362 153/1364
f 139/1363 153/1364 132/1365
f 122/1366 112/1367 115/1368
f 112/1367 122/1366 88/1369
f 88/1369 122/1366 91/1370
f 91/1370 122/1366 132/1365
f 91/1370 132/1365 153/1364
f 91/1370 153/1364 148/1371
f 109/1372 103/1373 107/1374
f 103/1373 109/1372 92/1375
f 92/1375 109/1372 88/1369
f 88/1369 109/1372 110/1376
f 88/1369 110/1376 112/1367
f 141/1377 148/1371 150/1378
f 148/1371 141/1377 91/1370
f 91/1370 141/1377 120/1379
f 120/1379 141/1377 127/1380
f 127/1380 141/1377 137/1381
f 120/1379 97/1382 91/1370
f 97/1382 120/1379 113/1383
f 97/1382 113/1383 104/1384
f 87 109 107
f 109 87 93
f 2817/2435 2823/2436 2818/2437
f 2752/2438 2748/2439 2749/2440
f 2816/2441 2823/2436 2817/2435
f 2795/2442 2797/2443 2796/2444
f 2757/2445 2759/2446 2758/2447
f 2778/2448 2782/2449 2779/2450
f 2774/2451 2778/2448 2777/2452
f 2754/2453 2769/2454 2756/2455
f 2776/2456 2756/2455 2769/2454
f 2747/2457 2749/2440 2748/2439
f 2737/2458 2742/2459 2738/2460
f 2737/2458 2750/2461 2742/2459
f 2731/2462 2737/2458 2732/2463
f 2732/2463 2737/2458 2733/2464
f 2744/2465 2746/2466 2745/2467
f 2751/2468 2753/2469 2752/2438
f 2753/2469 2769/2454 2754/2453
f 2761/2470 2763/2471 2762/2472
f 2754/2453 2756/2455 2755/2473
f 2782/2449 2784/2474 2783/2475
f 2784/2474 2786/2476 2785/2477
f 2786/2476 2790/2478 2789/2479
f 2791/2480 2793/2481 2792/2482
f 2797/2443 2799/2483 2798/2484
f 2793/2481 2795/2442 2794/2485
f 2799/2483 2801/2486 2800/2487
f 2780/2488 2787/2489 2781/2490
f 2738/2460 2736/2491 2737/2458
f 2814/2492 2787/2489 2807/2493
f 2807/2493 2823/2436 2814/2492
f 2821/2494 2823/2436 2822/2495
f 2814/2492 2823/2436 2816/2441
f 2758/2447 2755/2473 2756/2455
f 2768/2496 2775/2497 2769/2454
f 2752/2438 2749/2440 2751/2468
f 2754/2453 2752/2438 2753/2469
f 2759/2446 2761/2470 2760/2498
f 2763/2471 2765/2499 2764/2500
f 2765/2499 2767/2501 2766/2502
f 2770/2503 2772/2504 2771/2505
f 2772/2504 2774/2451 2773/2506
f 2748/2439 2746/2466 2747/2457
f 2748/2439 2745/2467 2746/2466
f 2745/2467 2743/2507 2744/2465
f 2745/2467 2741/2508 2743/2507
f 2812/2509 2810/2510 2811/2511
f 2802/2512 2800/2487 2801/2486
f 2816/2441 2812/2509 2813/2513
f 2800/2487 2798/2484 2799/2483
f 2798/2484 2796/2444 2797/2443
f 2796/2444 2794/2485 2795/2442
f 2794/2485 2792/2482 2793/2481
f 2792/2482 2790/2478 2791/2480
f 2792/2482 2789/2479 2790/2478
f 2788/2514 2804/2515 2801/2486
f 2789/2479 2785/2477 2786/2476
f 2785/2477 2783/2475 2784/2474
f 2788/2514 2781/2490 2787/2489
f 2783/2475 2779/2450 2782/2449
f 2750/2461 2823/2436 2807/2493
f 2779/2450 2777/2452 2778/2448
f 2777/2452 2773/2506 2774/2451
f 2773/2506 2771/2505 2772/2504
f 2775/2497 2781/2490 2776/2456
f 2771/2505 2767/2501 2770/2503
f 2771/2505 2766/2502 2767/2501
f 2766/2502 2764/2500 2765/2499
f 2764/2500 2762/2472 2763/2471
f 2762/2472 2760/2498 2761/2470
f 2760/2498 2758/2447 2759/2446
f 2758/2447 2756/2455 2757/2445
f 2740/2516 2742/2459 2741/2508
f 2781/2490 2775/2497 2780/2488
f 2780/2488 2807/2493 2787/2489
f 2776/2456 2769/2454 2775/2497
f 2801/2486 2781/2490 2788/2514
f 2739/2517 2742/2459 2740/2516
f 2805/2518 2808/2519 2806/2520
f 2808/2519 2810/2510 2809/2521
f 2811/2511 2813/2513 2812/2509
f 2750/2461 2775/2497 2768/2496
f 2816/2441 2813/2513 2815/2522
f 2814/2492 2816/2441 2815/2522
f 2737/2458 2823/2436 2750/2461
f 2768/2496 2742/2459 2750/2461
f 2812/2509 2809/2521 2810/2510
f 2809/2521 2806/2520 2808/2519
f 2806/2520 2804/2515 2805/2518
f 2806/2520 2803/2523 2804/2515
f 2802/2512 2804/2515 2803/2523
f 2801/2486 2804/2515 2802/2512
f 2818/2437 2823/2436 2820/2524
f 2820/2524 2823/2436 2821/2494
f 2824/2525 2822/2495 2823/2436
f 2743/2507 2741/2508 2742/2459
f 2738/2460 2742/2459 2739/2517
f 2735/2526 2737/2458 2736/2491
f 2734/2527 2737/2458 2735/2526
f 2733/2464 2737/2458 2734/2527
f 2881/2276 2879/2277 2779/2278
f 2779/2278 2783/2280 2881/2276
f 2892/2302 2890/2298 2796/2300
f 2796/2300 2798/2304 2892/2302
f 2883/2282 2881/2276 2783/2280
f 2783/2280 2785/2284 2883/2282
f 886 165 219
f 906 1292 921
f 1830 1307 1814
f 1836/1 1294/2 1824/3
f 883/4 170/5 182/6
f 1863 2490 2461
f 1814 1292 1302
f 919 1302 1292
f 1863 1302 1849
f 907 1294 919
f 907 219 889
f 2636/678 2643/679 2639/680
f 2644/681 2645/682 2639/680
f 2639/680 2645/682 2640/683
f 2588/684 2491/685 2574/686
f 2610/687 2524/688 2588/684
f 2640/683 2645/682 2602/689
f 2622/690 2525/691 2602/689
f 2613/692 2502/693 2525/691
f 2546/694 2538/695 2542/696
f 2638/697 2630/698 2646/699
f 2635/700 2572/701 2630/698
f 2632/702 2569/703 2635/700
f 2632/702 2648/704 2627/705
f 2569/703 2627/705 2567/706
f 2567/706 2627/705 2557/707
f 2627/705 2648/704 2628/708
f 2637/709 2594/710 2628/708
f 2607/711 2495/712 2594/710
f 2492/713 2491/685 2501/714
f 2501/714 2491/685 2524/688
f 2500/715 2501/714 2502/693
f 2499/716 2502/693 2520/717
f 2520/717 2502/693 2538/695
f 2538/695 2502/693 2550/718
f 2550/718 2502/693 2618/719
f 2618/719 2502/693 2620/720
f 2620/720 2502/693 2623/721
f 2623/721 2502/693 2625/722
f 2573/723 2629/724 2625/722
f 2613/692 2645/682 2629/724
f 2550/718 2618/719 2614/725
f 2550/718 2614/725 2611/726
f 2550/718 2611/726 2608/727
f 2550/718 2608/727 2603/728
f 2550/718 2603/728 2599/729
f 2550/718 2599/729 2554/730
f 2554/730 2599/729 2597/731
f 2554/730 2597/731 2595/732
f 2554/730 2595/732 2591/733
f 2554/730 2591/733 2589/734
f 2520/717 2538/695 2526/735
f 2526/735 2538/695 2546/694
f 2526/735 2546/694 2548/736
f 2526/735 2548/736 2547/737
f 2526/735 2547/737 2536/738
f 2526/735 2536/738 2533/739
f 2505/740 2520/717 2515/741
f 2503/742 2515/741 2518/743
f 2504/744 2518/743 2523/745
f 2495/712 2523/745 2531/746
f 2495/712 2531/746 2535/747
f 2495/712 2535/747 2553/748
f 2495/712 2553/748 2557/707
f 2495/712 2557/707 2593/749
f 2593/749 2557/707 2627/705
f 2495/712 2593/749 2594/710
f 2586/750 2554/730 2589/734
f 2554/730 2586/750 2558/751
f 2558/751 2586/750 2584/752
f 2558/751 2584/752 2582/753
f 2558/751 2582/753 2559/754
f 2559/754 2582/753 2580/755
f 2559/754 2580/755 2578/756
f 2559/754 2578/756 2556/757
f 2556/757 2578/756 2576/758
f 2556/757 2576/758 2575/759
f 2556/757 2575/759 2577/760
f 2556/757 2577/760 2561/761
f 2561/761 2577/760 2579/762
f 2561/761 2579/762 2564/763
f 2564/763 2579/762 2581/764
f 2564/763 2581/764 2583/765
f 2564/763 2583/765 2566/766
f 2566/766 2583/765 2585/767
f 2566/766 2585/767 2587/768
f 2566/766 2587/768 2590/769
f 2566/766 2590/769 2568/770
f 2568/770 2590/769 2592/771
f 2568/770 2592/771 2596/772
f 2568/770 2596/772 2570/773
f 2570/773 2596/772 2598/774
f 2570/773 2598/774 2600/775
f 2570/773 2600/775 2571/776
f 2571/776 2600/775 2604/777
f 2571/776 2604/777 2609/778
f 2571/776 2609/778 2612/779
f 2571/776 2612/779 2572/701
f 2572/701 2612/779 2615/780
f 2572/701 2615/780 2619/781
f 2572/701 2619/781 2621/782
f 2572/701 2621/782 2624/783
f 2572/701 2624/783 2626/784
f 2572/701 2626/784 2630/698
f 2525/691 2601/785 2602/689
f 2525/691 2524/688 2601/785
f 2610/687 2639/680 2601/785
f 2350/2704 2354/2689 2327/2707
f 2482/786 2488/787 2479/788
f 2485/789 2490/790 2474/791
f 2464 2468 2458
f 2460 2459 2465
f 2494 2495 2461
f 1848/332 2486/333 2470/334
f 892/335 1272/336 897/337
f 1834/338 1279/339 1823/340
f 888 166 215
f 905 1280 918
f 1825 1301 1813
f 1305/341 1851/342 1853/343
f 1311/344 931/345 1305/341
f 1312/346 933/347 1311/344
f 1093/348 232/349 933/347
f 1676/350 1297/351 1674/352
f 1297/351 1676/350 1336/353
f 1336/353 1676/350 1349/354
f 1349/354 1676/350 1333/355
f 1333/355 1676/350 1299/356
f 1897/357 2643/358 2476/359
f 2517/360 2476/359 2636/361
f 2517/360 2574/362 2478/363
f 2478/363 2574/362 1959/364
f 1326/365 1959/364 1541/366
f 1123/367 1541/366 1122/368
f 1119/369 794/370 809/371
f 1943/372 2574/362 1890/373
f 1890/373 2574/362 1892/374
f 1892/374 2574/362 2491/375
f 1047/376 1676/350 1277/377
f 1854/378 1277/377 1676/350
f 1676/350 1892/374 2491/375
f 66/379 1/380 230/381
f 871/382 1202/383 931/345
f 1305/341 931/345 1202/383
f 1851/342 1305/341 1202/383
f 1779/384 2476/359 1851/342
f 197/385 230/381 232/349
f 198/386 232/349 769/387
f 769/387 232/349 784/388
f 784/388 232/349 788/389
f 788/389 232/349 796/390
f 1209/391 796/390 1093/348
f 537/392 769/387 763/393
f 532/394 763/393 767/395
f 534/396 767/395 765/397
f 533/398 765/397 776/399
f 543/400 776/399 778/401
f 548/402 778/401 570/403
f 570/403 794/370 1046/404
f 1230/405 1890/373 1674/352
f 1046/404 1674/352 1249/406
f 1249/406 1674/352 1297/351
f 878/407 1249/406 1242/408
f 876/409 1242/408 1232/410
f 869/411 1232/410 1234/412
f 870/413 1234/412 877/414
f 877/414 1246/415 884/416
f 884/416 1274/417 896/418
f 896/418 1299/356 1047/376
f 1209/391 1853/343 1308/419
f 1310/420 798/421 1308/419
f 1335/422 819/423 1310/420
f 1326/365 813/424 819/423
f 2489 2488 2467
f 2458 2459 2462
f 2462 2467 2488
f 2487 2486 2457
f 2463 2461 2481
f 2463 2467 2460
f 2886/2290 2885/2286 2789/2288
f 2789/2288 2792/2292 2886/2290
f 2885/2286 2883/2282 2785/2284
f 2785/2284 2789/2288 2885/2286
f 2874/2289 2872/2293 2766/2291
f 2766/2291 2771/2287 2874/2289
f 2888/2294 2886/2290 2792/2292
f 2792/2292 2794/2296 2888/2294
f 903 1277 920
f 1866 2491 2457
f 2923/2363 2845/2364 2844/2365
f 2731/2367 2732/2368 2845/2369
f 2844/2365 2922/2366 2923/2363
f 2846/2370 2845/2369 2732/2368
f 2925/2386 2909/2387 2910/2388
f 2823/2390 2910/2391 2824/2392
f 2911/2393 2824/2392 2910/2391
f 2909/2387 2925/2386 2924/2389
f 2877/2281 2876/2285 2773/2283
f 2773/2283 2777/2279 2877/2281
f 2879/2277 2877/2281 2777/2279
f 2777/2279 2779/2278 2879/2277
f 2876/2285 2874/2289 2771/2287
f 2771/2287 2773/2283 2876/2285
f 2890/2298 2888/2294 2794/2296
f 2794/2296 2796/2300 2890/2298
f 2908/2394 2822/2395 2824/2392
f 2824/2392 2911/2393 2908/2394
f 77/1005 53/1006 47/1007
f 53/1006 77/1005 78/1008
f 53/1006 78/1008 57/1009
f 57/1009 78/1008 58/1010
f 58/1010 78/1008 55/1011
f 55/1011 78/1008 54/1012
f 54/1012 78/1008 52/1013
f 52/1013 78/1008 48/1014
f 48/1014 78/1008 40/1015
f 40/1015 78/1008 39/1016
f 39/1016 78/1008 33/1017
f 123/1018 87/1019 125/1020
f 87/1019 123/1018 93/1021
f 93/1021 123/1018 95/1022
f 95/1022 123/1018 106/1023
f 95/1022 106/1023 100/1024
f 106/1023 123/1018 111/1025
f 111/1025 123/1018 119/1026
f 157/1027 163/1028 155/1029
f 159/1030 147/1031 158/1032
f 116/1033 78/1008 147/1031
f 116/1033 165/1034 138/1035
f 99/1036 138/1035 131/1037
f 94/1038 131/1037 35/1039
f 35/1039 131/1037 36/1040
f 61/1041 11/1042 36/1040
f 138/1035 165/1034 140/1043
f 140/1043 165/1034 134/1044
f 134/1044 165/1034 135/1045
f 135/1045 165/1034 136/1046
f 136/1046 165/1034 133/1047
f 133/1047 165/1034 121/1048
f 121/1048 165/1034 114/1049
f 114/1049 165/1034 86/1050
f 9/1051 10/1052 11/1042
f 4/1053 3/1054 10/1052
f 8/1055 10/1052 3/1054
f 8/1055 1/1056 27/1057
f 27/1057 1/1056 29/1058
f 29/1058 1/1056 44/1059
f 18/1060 77/1005 44/1059
f 66/1061 161/1062 77/1005
f 77/1005 161/1062 146/1063
f 44/1059 77/1005 47/1007
f 29/1058 44/1059 41/1064
f 29/1058 41/1064 37/1065
f 29/1058 37/1065 32/1066
f 12/1067 27/1057 28/1068
f 13/1069 28/1068 30/1070
f 14/1071 30/1070 31/1072
f 15/1073 31/1072 16/1074
f 16/1074 33/1017 26/1075
f 26/1075 78/1008 35/1039
f 23/1076 5/1077 11/1042
f 38/1078 85/1079 83/1080
f 61/1041 131/1037 85/1079
f 85/1079 131/1037 126/1081
f 85/1079 126/1081 124/1082
f 85/1079 124/1082 87/1019
f 87/1019 124/1082 125/1020
f 23/1076 83/1080 79/1083
f 21/1084 79/1083 82/1085
f 22/1086 82/1085 24/1087
f 24/1087 84/1088 25/1089
f 25/1089 86/1050 67/1090
f 67 165 76
f 108/1091 98/1092 105/1093
f 98/1092 108/1091 114/1049
f 98/1092 114/1049 86/1050
f 130/1094 136/1046 133/1047
f 96/1095 95/1022 100/1024
f 1036/7 76/8 727/9
f 727/9 76/8 661/10
f 661/10 76/8 165/11
f 1130/12 727/9 731/13
f 727/9 661/10 707/14
f 707/14 661/10 690/15
f 661/10 165/11 655/16
f 655/16 165/11 653/17
f 653/17 165/11 659/18
f 659/18 165/11 682/19
f 682/19 165/11 696/20
f 696/20 165/11 725/21
f 1125/22 725/21 1045/23
f 1736/24 2400/25 1650/26
f 2607/27 2648/28 2134/29
f 2134/29 2648/28 2092/30
f 2092/30 2648/28 1999/31
f 1999/31 2648/28 1957/32
f 2134/29 2092/30 2123/33
f 2322/34 2134/29 2147/35
f 2147/35 2134/29 2125/36
f 2125/36 2134/29 2117/37
f 2324/38 2147/35 2127/39
f 2319/40 2127/39 2402/41
f 2402/41 2127/39 2052/42
f 2402/41 2052/42 1938/43
f 2402/41 1938/43 1922/44
f 2402/41 1922/44 1882/45
f 2402/41 1882/45 1698/46
f 2402/41 1698/46 1649/47
f 1725/48 2402/41 1649/47
f 1036/7 1652/49 1204/50
f 2495/51 2402/41 2400/25
f 1855/52 2495/51 2400/25
f 1132/53 1650/26 1133/54
f 1132/53 731/13 748/55
f 1136/56 748/55 762/57
f 1139/58 762/57 1134/59
f 1134/59 737/60 760/61
f 1138/62 760/61 1137/63
f 1137/63 751/64 1135/65
f 1135/65 739/66 1131/67
f 1131/67 729/68 1125/22
f 1938/43 2052/42 1974/69
f 835/70 5/71 303/72
f 17/73 76/8 303/72
f 1141/74 1957/32 1403/75
f 1129/76 1902/77 1141/74
f 1120/78 1888/79 1129/76
f 1094/80 1841/81 1120/78
f 1094/80 303/72 843/82
f 303/72 76/8 301/83
f 301/83 76/8 841/84
f 881/85 1343/86 841/84
f 880/87 1341/88 881/85
f 879/89 1339/90 880/87
f 887/91 1355/92 1339/90
f 915/93 1396/94 1355/92
f 968/95 1437/96 1396/94
f 999/97 1505/98 1437/96
f 1014/99 1585/100 1505/98
f 1032/101 1619/102 1585/100
f 1035/103 1649/47 1619/102
f 1240/104 1802/105 1241/106
f 1240/104 843/82 1239/107
f 1216/108 1752/109 1239/107
f 1167/110 1691/111 1216/108
f 1150/112 1644/113 1167/110
f 1150/112 841/84 1402/114
f 1402/114 841/84 1353/115
f 1353/115 841/84 1343/86
f 1546/116 1644/113 1402/114
f 75 129 147
f 147 78 75
f 74 146 128
f 146 74 77
f 2544 2543 2524
f 2524 2525 2544
f 2525 2502 2544
f 2510 2544 2502
f 128/1096 117/1097 74/1098
f 129/1099 118/1100 117/1097
f 129/1099 117/1097 128/1096
f 118/1100 129/1099 90/1101
f 74/1098 89/1102 75/1103
f 89/1102 90/1101 75/1103
f 89/1102 74/1098 117/1097
f 75/1103 90/1101 129/1099
f 1891/425 1675/426 1673/427
f 1673/427 1889/428 1891/425
f 128 146 129
f 147 129 146
f 78 77 74
f 74 75 78
f 81 102 118
f 118 90 81
f 1890 1889 1673
f 1673 1674 1890
f 101 117 102
f 118 102 117
f 1674 1675 1676
f 1675 1674 1673
f 90 89 80
f 80 81 90
f 1675 1891 1676
f 1892 1676 1891
f 2501 2509 2502
f 2510 2502 2509
f 1890 1892 1891
f 1891 1889 1890
f 80 117 101
f 117 80 89
f 1650 2400 1651
f 2401 1651 2400
f 1650 1651 1652
f 1653 1652 1651
f 2540/1496 2530/1497 2534/1498
f 2530/1497 2540/1496 2522/1499
f 2522/1499 2540/1496 2528/1500
f 2528/1500 2540/1496 2541/1501
f 2528/1500 2541/1501 2529/1502
f 2529/1502 2541/1501 2527/1503
f 2527/1503 2541/1501 2537/1504
f 2527/1503 2537/1504 2519/1505
f 2519/1505 2537/1504 2545/1506
f 2519/1505 2545/1506 2514/1507
f 2514/1507 2545/1506 2512/1508
f 2512/1508 2545/1506 2549/1509
f 2512/1508 2549/1509 2508/1510
f 2508/1510 2549/1509 2551/1511
f 2508/1510 2551/1511 2506/1512
f 2506/1512 2551/1511 2555/1513
f 2506/1512 2555/1513 2507/1514
f 2507/1514 2555/1513 2562/1515
f 2507/1514 2562/1515 2511/1516
f 2511/1516 2562/1515 2563/1517
f 2511/1516 2563/1517 2513/1518
f 2513/1518 2563/1517 2516/1519
f 2516/1519 2563/1517 2565/1520
f 2516/1519 2565/1520 2532/1521
f 2532/1521 2565/1520 2560/1522
f 2532/1521 2560/1522 2552/1523
f 2532/1521 2552/1523 2539/1524
f 2521/1525 2530/1497 2522/1499
f 2400 2402 2401
f 2403 2401 2402
f 2560 2569 2552
f 2567 2552 2569
f 2403 2402 1652
f 1652 1653 2403
f 1653/3215 1651/3216 2403/3217
f 2401/3218 2403/3217 1651/3216
f 2552 2567 2539
f 2557 2539 2567
f 2516 2532 2535
f 2553 2535 2532
f 2556 2545 2537
f 2545 2556 2561
f 2531 2511 2513
f 2511 2531 2523
f 2507 2511 2518
f 2523 2518 2511
f 2541 2556 2537
f 2556 2541 2559
f 2516 2531 2513
f 2531 2516 2535
f 2564 2551 2549
f 2551 2564 2566
f 2565 2572 2569
f 2569 2560 2565
f 2507 2515 2506
f 2515 2507 2518
f 2530 2538 2550
f 2538 2530 2521
f 2515 2508 2506
f 2508 2515 2520
f 2551 2568 2555
f 2568 2551 2566
f 2522 2542 2521
f 2538 2521 2542
f 2540 2558 2541
f 2559 2541 2558
f 2539 2557 2532
f 2553 2532 2557
f 2568 2562 2555
f 2562 2568 2570
f 2563 2571 2565
f 2572 2565 2571
f 2536 2527 2519
f 2527 2536 2547
f 2534 2530 2554
f 2550 2554 2530
f 2534 2554 2540
f 2558 2540 2554
f 2545 2561 2549
f 2564 2549 2561
f 2570 2563 2562
f 2563 2570 2571
f 2522 2528 2542
f 2546 2542 2528
f 2528 2529 2546
f 2548 2546 2529
f 2520 2512 2508
f 2512 2520 2526
f 1337/1792 1250/1793 1298/1794
f 1250/1793 1337/1792 1243/1795
f 1243/1795 1337/1792 1233/1796
f 1233/1796 1337/1792 1350/1797
f 1233/1796 1350/1797 1235/1798
f 1235/1798 1350/1797 1334/1799
f 1235/1798 1334/1799 1247/1800
f 1247/1800 1334/1799 1275/1801
f 1275/1801 1334/1799 1300/1802
f 2519 2533 2536
f 2533 2519 2514
f 2512 2533 2514
f 2533 2512 2526
f 1300 1274 1275
f 1274 1300 1299
f 1297 1336 1298
f 1337 1298 1336
f 2547 2529 2527
f 2529 2547 2548
f 102/1104 81/1105 80/1106
f 80/1106 101/1107 102/1104
f 2524 2543 2501
f 2509 2501 2543
f 2543/792 2544/793 2509/794
f 2510/795 2509/794 2544/793
f 932/429 231/430 229/431
f 229/431 930/432 932/429
f 2476 2475 1850
f 1850 1851 2476
f 931 930 229
f 229 230 931
f 931 933 932
f 932 930 931
f 231 932 232
f 933 232 932
f 230 231 232
f 231 230 229
f 6 35 19
f 35 6 10
f 7 20 36
f 36 11 7
f 2476 2478 2477
f 2477 2475 2476
f 1958 2477 1959
f 2478 1959 2477
f 2477/433 1850/434 2475/435
f 1850/434 2477/433 1852/436
f 1852/436 2477/433 1958/437
f 1958 1853 1852
f 1853 1958 1959
f 1851 1852 1853
f 1852 1851 1850
f 20/1108 7/1109 6/1110
f 6/1110 19/1111 20/1108
f 19 35 20
f 36 20 35
f 6 7 10
f 11 10 7
f 844 843 303
f 303 304 844
f 2601 2616 2602
f 2617 2602 2616
f 2633/796 2634/797 2605/798
f 2606/799 2605/798 2634/797
f 842/3219 304/3220 302/3221
f 304/3220 842/3219 844/3222
f 2627 2628 2633
f 2634 2633 2628
f 2628 2594 2634
f 2606 2634 2594
f 2593 2605 2594
f 2606 2594 2605
f 2639 2641 2601
f 2616 2601 2641
f 301 302 303
f 304 303 302
f 841 843 842
f 844 842 843
f 2641/800 2642/801 2616/802
f 2617/803 2616/802 2642/801
f 301 841 302
f 842 302 841
f 2639 2640 2641
f 2642 2641 2640
f 2640 2602 2642
f 2617 2642 2602
f 2627 2633 2593
f 2605 2593 2633
f 2133 2117 2134
f 2117 2133 2116
f 1922 1937 1921
f 1937 1922 1938
f 2091 2123 2092
f 2123 2091 2122
f 2127 2126 2051
f 2051 2052 2127
f 1352/1579 1545/1580 1401/1581
f 1545/1580 1352/1579 1772/1582
f 1772/1582 1352/1579 1764/1583
f 1764/1583 1352/1579 1738/1584
f 1738/1584 1352/1579 1720/1585
f 1720/1585 1352/1579 1708/1586
f 1708/1586 1352/1579 1342/1587
f 1708/1586 1342/1587 1700/1588
f 1700/1588 1342/1587 1695/1589
f 1695/1589 1342/1587 1340/1590
f 1695/1589 1340/1590 1338/1591
f 1695/1589 1338/1591 1693/1592
f 1693/1592 1338/1591 1354/1593
f 1693/1592 1354/1593 1712/1594
f 1712/1594 1354/1593 1395/1595
f 1712/1594 1395/1595 1723/1596
f 1723/1596 1395/1595 1921/1597
f 1921/1597 1395/1595 1881/1598
f 1881/1598 1395/1595 1436/1599
f 1881/1598 1436/1599 1504/1600
f 1881/1598 1504/1600 1584/1601
f 1881/1598 1584/1601 1697/1602
f 1697/1602 1584/1601 1618/1603
f 1697/1602 1618/1603 1648/1604
f 1857/1605 1973/1606 1865/1607
f 1973/1606 1857/1605 1937/1608
f 1937/1608 1857/1605 1847/1609
f 1937/1608 1847/1609 1845/1610
f 1937/1608 1845/1610 1838/1611
f 1937/1608 1838/1611 1832/1612
f 1937/1608 1832/1612 1828/1613
f 1937/1608 1828/1613 1822/1614
f 1937/1608 1822/1614 1820/1615
f 1937/1608 1820/1615 1816/1616
f 1937/1608 1816/1616 1921/1597
f 1921/1597 1816/1616 1818/1617
f 1921/1597 1818/1617 1812/1618
f 1921/1597 1812/1618 1806/1619
f 1921/1597 1806/1619 1798/1620
f 1921/1597 1798/1620 1778/1621
f 1921/1597 1778/1621 1762/1622
f 1921/1597 1762/1622 1760/1623
f 1921/1597 1760/1623 1746/1624
f 1921/1597 1746/1624 1742/1625
f 1921/1597 1742/1625 1735/1626
f 1921/1597 1735/1626 1723/1596
f 1843/1627 2126/1628 2146/1629
f 2126/1628 1843/1627 1875/1630
f 2126/1628 1875/1630 1884/1631
f 2126/1628 1884/1631 1879/1632
f 2126/1628 1879/1632 2051/1633
f 2051/1633 1879/1632 1877/1634
f 2051/1633 1877/1634 1873/1635
f 2051/1633 1873/1635 1871/1636
f 2051/1633 1871/1636 1869/1637
f 2051/1633 1869/1637 1865/1607
f 2051/1633 1865/1607 1973/1606
f 1901/1638 1998/1639 1956/1640
f 1998/1639 1901/1638 2091/1641
f 2091/1641 1901/1638 1887/1642
f 2091/1641 1887/1642 2122/1643
f 2122/1643 1887/1642 1840/1644
f 2122/1643 1840/1644 1801/1645
f 2122/1643 1801/1645 1751/1646
f 2122/1643 1751/1646 2133/1647
f 2133/1647 1751/1646 2116/1648
f 2116/1648 1751/1646 1690/1649
f 2116/1648 1690/1649 1643/1650
f 2116/1648 1643/1650 2124/1651
f 2124/1651 1643/1650 2146/1629
f 2146/1629 1643/1650 1843/1627
f 1843/1627 1643/1650 1545/1580
f 1843/1627 1545/1580 1804/1652
f 1804/1652 1545/1580 1790/1653
f 1790/1653 1545/1580 1776/1654
f 1776/1654 1545/1580 1775/1655
f 1775/1655 1545/1580 1772/1582
f 2146 2127 2147
f 2127 2146 2126
f 1998 2091 1999
f 2092 1999 2091
f 2122 2134 2123
f 2134 2122 2133
f 2124 2147 2125
f 2147 2124 2146
f 1956 1998 1957
f 1999 1957 1998
f 2116 2124 2117
f 2125 2117 2124
f 1901 1956 1902
f 1957 1902 1956
f 2052 2051 1973
f 1973 1974 2052
f 1974 1937 1938
f 1937 1974 1973
f 1882 1881 1697
f 1697 1698 1882
f 1690 1751 1691
f 1752 1691 1751
f 1505 1504 1436
f 1436 1437 1505
f 1643 1690 1644
f 1691 1644 1690
f 1401 1545 1402
f 1546 1402 1545
f 1922 1921 1881
f 1881 1882 1922
f 1545 1643 1546
f 1644 1546 1643
f 1342 1343 1341
f 1341 1340 1342
f 1840 1802 1801
f 1802 1840 1841
f 1840 1887 1841
f 1888 1841 1887
f 1340 1341 1339
f 1339 1338 1340
f 1887 1901 1888
f 1902 1888 1901
f 1352 1401 1353
f 1402 1353 1401
f 1396 1395 1354
f 1354 1355 1396
f 1585 1584 1504
f 1504 1505 1585
f 1619 1618 1584
f 1584 1585 1619
f 1801 1752 1751
f 1752 1801 1802
f 1352 1353 1343
f 1343 1342 1352
f 1355 1354 1338
f 1338 1339 1355
f 1649 1648 1618
f 1618 1619 1649
f 1437 1436 1395
f 1395 1396 1437
f 1698 1697 1648
f 1648 1649 1698
f 2716/2221 2891/2224 2717/2227
f 2894/2230 2717/2227 2891/2224
f 2587/2219 2716/2221 2590/2225
f 2717/2227 2590/2225 2716/2221
f 2714/2210 2887/2209 2715/2215
f 2889/2218 2715/2215 2887/2209
f 2583/2206 2714/2210 2585/2213
f 2715/2215 2585/2213 2714/2210
f 2604/2258 2826/2264 2609/2266
f 2826/2264 2604/2258 2721/2261
f 2912/2255 2721/2261 2825/2256
f 2825/2256 2721/2261 2604/2258
f 2841/2409 2729/2410 2728/2411
f 2614/2416 2728/2411 2611/2413
f 2728/2411 2840/2414 2841/2409
f 2729/2410 2611/2413 2728/2411
f 2842/2412 2730/2415 2729/2410
f 2729/2410 2841/2409 2842/2412
f 2730/2415 2608/2418 2611/2413
f 2611/2413 2729/2410 2730/2415
f 2819/2249 2825/2256 2600/2252
f 2825/2256 2819/2249 2912/2255
f 2905/2251 2912/2255 2819/2249
f 2604/2258 2600/2252 2825/2256
f 2830/2337 2831/2344 2621/2340
f 2831/2344 2830/2337 2918/2342
f 2917/2339 2918/2342 2830/2337
f 2624/2346 2621/2340 2831/2344
f 2826/2358 2827/2351 2609/2357
f 2827/2351 2826/2358 2914/2354
f 2913/2360 2914/2354 2826/2358
f 2612/2353 2609/2357 2827/2351
f 2720/2245 2819/2249 2598/2243
f 2819/2249 2720/2245 2905/2251
f 2902/2248 2905/2251 2720/2245
f 2600/2252 2598/2243 2819/2249
f 2827/2351 2828/2345 2612/2353
f 2828/2345 2827/2351 2915/2347
f 2914/2354 2915/2347 2827/2351
f 2615/2349 2612/2353 2828/2345
f 2839/2420 2727/2417 2726/2422
f 2726/2422 2838/2423 2839/2420
f 2727/2417 2618/2419 2620/2421
f 2620/2421 2726/2422 2727/2417
f 2837/2426 2725/2424 2724/2427
f 2625/2428 2724/2427 2623/2425
f 2724/2427 2836/2429 2837/2426
f 2725/2424 2623/2425 2724/2427
f 2838/2423 2726/2422 2725/2424
f 2623/2425 2725/2424 2620/2421
f 2725/2424 2837/2426 2838/2423
f 2726/2422 2620/2421 2725/2424
f 167/1112 166/1113 178/1114
f 179/1115 180/1116 176/1117
f 177/1118 174/1119 181/1120
f 2840/2414 2728/2411 2727/2417
f 2727/2417 2839/2420 2840/2414
f 2728/2411 2614/2416 2618/2419
f 2618/2419 2727/2417 2728/2411
f 184 163 202
f 172 161 215
f 2829/2338 2828/2345 2916/2341
f 2915/2347 2916/2341 2828/2345
f 2828/2345 2619/2343 2615/2349
f 2619/2343 2828/2345 2829/2338
f 169 170 219
f 203 186 216
f 218 217 205
f 2833/2359 2832/2352 2921/2355
f 2919/2348 2921/2355 2832/2352
f 2832/2352 2630/2356 2626/2350
f 2630/2356 2832/2352 2833/2359
f 2832/2352 2831/2344 2919/2348
f 2918/2342 2919/2348 2831/2344
f 2831/2344 2626/2350 2624/2346
f 2626/2350 2831/2344 2832/2352
f 2745/2327 2748/2323 2857/2326
f 2858/2325 2857/2326 2748/2323
f 2852/2380 2738/2379 2739/2381
f 2738/2379 2852/2380 2851/2377
f 2735/2376 2851/2377 2849/2375
f 2851/2377 2735/2376 2736/2378
f 2851/2377 2736/2378 2738/2379
f 2862/2317 2860/2321 2752/2319
f 2752/2319 2754/2315 2862/2317
f 2849/2375 2734/2374 2735/2376
f 2734/2374 2849/2375 2848/2373
f 2854/2382 2739/2381 2740/2383
f 2739/2381 2854/2382 2852/2380
f 2922/2099 2924/2100 2923/2101
f 2925/2102 2923/2101 2924/2100
f 2855/2384 2740/2383 2741/2385
f 2740/2383 2855/2384 2854/2382
f 2907/2396 2821/2397 2822/2395
f 2822/2395 2908/2394 2907/2396
f 2895/2310 2802/2312 2803/2314
f 2803/2314 2897/2316 2895/2310
f 2903/2402 2817/2403 2818/2401
f 2818/2401 2904/2400 2903/2402
f 2898/2320 2806/2318 2809/2322
f 2809/2322 2900/2324 2898/2320
f 2897/2316 2803/2314 2806/2318
f 2806/2318 2898/2320 2897/2316
f 2904/2400 2818/2401 2820/2399
f 2820/2399 2906/2398 2904/2400
f 2906/2398 2820/2399 2821/2397
f 2821/2397 2907/2396 2906/2398
f 2900/2407 2809/2408 2812/2406
f 2812/2406 2901/2404 2900/2407
f 2895/2310 2893/2306 2800/2308
f 2800/2308 2802/2312 2895/2310
f 2893/2306 2892/2302 2798/2304
f 2798/2304 2800/2308 2893/2306
f 2901/2404 2817/2403 2903/2402
f 2817/2403 2901/2404 2816/2405
f 2816/2405 2901/2404 2812/2406
f 2869/2301 2867/2305 2760/2303
f 2760/2303 2762/2299 2869/2301
f 2867/2305 2865/2309 2758/2307
f 2758/2307 2760/2303 2867/2305
f 2872/2293 2870/2297 2764/2295
f 2764/2295 2766/2291 2872/2293
f 2870/2297 2869/2301 2762/2299
f 2762/2299 2764/2295 2870/2297
f 739 738 728
f 728 729 739
f 750 739 751
f 739 750 738
f 759 751 760
f 751 759 750
f 736 760 737
f 760 736 759
f 747 762 748
f 762 747 761
f 730 747 731
f 748 731 747
f 761 737 762
f 737 761 736
f 726 730 727
f 731 727 730
f 726/1656 747/1657 730/1658
f 747/1657 726/1656 706/1659
f 747/1657 706/1659 761/1660
f 761/1660 706/1659 736/1661
f 736/1661 706/1659 759/1662
f 759/1662 706/1659 689/1663
f 759/1662 689/1663 660/1664
f 759/1662 660/1664 654/1665
f 759/1662 654/1665 750/1666
f 750/1666 654/1665 652/1667
f 750/1666 652/1667 658/1668
f 750/1666 658/1668 738/1669
f 738/1669 658/1668 681/1670
f 738/1669 681/1670 728/1671
f 728/1671 681/1670 695/1672
f 728/1671 695/1672 724/1673
f 726 727 707
f 707 706 726
f 682 681 658
f 658 659 682
f 660 689 661
f 690 661 689
f 69/1385 63/1386 64/1387
f 63/1386 69/1385 62/1388
f 62/1388 69/1385 56/1389
f 56/1389 69/1385 72/1390
f 56/1389 72/1390 73/1391
f 56/1389 73/1391 50/1392
f 50/1392 73/1391 45/1393
f 45/1393 73/1391 42/1394
f 42/1394 73/1391 71/1395
f 42/1394 71/1395 43/1396
f 43/1396 71/1395 70/1397
f 43/1396 70/1397 68/1398
f 43/1396 68/1398 46/1399
f 46/1399 68/1398 65/1400
f 46/1399 65/1400 60/1401
f 46/1399 60/1401 49/1402
f 49/1402 60/1401 59/1403
f 49/1402 59/1403 51/1404
f 652 653 659
f 659 658 652
f 654 655 653
f 653 652 654
f 696 695 681
f 681 682 696
f 729 728 724
f 724 725 729
f 725 724 695
f 695 696 725
f 689 706 690
f 707 690 706
f 660 661 655
f 655 654 660
f 44 47 64
f 64 63 44
f 54 68 70
f 68 54 52
f 31 51 33
f 51 31 49
f 27 42 28
f 43 28 42
f 53 57 69
f 72 69 57
f 60 39 59
f 39 60 40
f 27 29 45
f 45 42 27
f 41 62 56
f 56 37 41
f 29 32 50
f 50 45 29
f 47 53 69
f 69 64 47
f 33 59 39
f 59 33 51
f 58 71 73
f 71 58 55
f 55 70 71
f 70 55 54
f 28 43 30
f 46 30 43
f 44 63 62
f 62 41 44
f 52 65 68
f 65 52 48
f 32 37 56
f 56 50 32
f 30 46 31
f 49 31 46
f 57 58 72
f 73 72 58
f 65 40 60
f 40 65 48
f 795 794 778
f 778 779 795
f 810 809 794
f 794 795 810
f 776 777 778
f 779 778 777
f 799/1803 789/1804 797/1805
f 789/1804 799/1803 785/1806
f 785/1806 799/1803 770/1807
f 770/1807 799/1803 820/1808
f 770/1807 820/1808 764/1809
f 764/1809 820/1808 768/1810
f 768/1810 820/1808 766/1811
f 766/1811 820/1808 814/1812
f 766/1811 814/1812 777/1813
f 777/1813 814/1812 779/1814
f 779/1814 814/1812 810/1815
f 779/1814 810/1815 795/1816
f 763 764 767
f 768 767 764
f 813 820 819
f 820 813 814
f 765 766 776
f 777 776 766
f 769 784 770
f 785 770 784
f 788 796 789
f 797 789 796
f 798 819 799
f 820 799 819
f 796 798 797
f 799 797 798
f 769 770 763
f 764 763 770
f 809 814 813
f 814 809 810
f 784 788 785
f 789 785 788
f 767 768 765
f 766 765 768
f 1827 1822 1828
f 1822 1827 1821
f 1803/1674 1874/1675 1842/1676
f 1874/1675 1803/1674 1883/1677
f 1883/1677 1803/1674 1789/1678
f 1883/1677 1789/1678 1878/1679
f 1878/1679 1789/1678 1774/1680
f 1878/1679 1774/1680 1773/1681
f 1878/1679 1773/1681 1876/1682
f 1876/1682 1773/1681 1771/1683
f 1876/1682 1771/1683 1763/1684
f 1876/1682 1763/1684 1737/1685
f 1876/1682 1737/1685 1872/1686
f 1872/1686 1737/1685 1870/1687
f 1870/1687 1737/1685 1868/1688
f 1868/1688 1737/1685 1864/1689
f 1864/1689 1737/1685 1856/1690
f 1856/1690 1737/1685 1719/1691
f 1856/1690 1719/1691 1846/1692
f 1846/1692 1719/1691 1707/1693
f 1846/1692 1707/1693 1844/1694
f 1844/1694 1707/1693 1837/1695
f 1837/1695 1707/1693 1699/1696
f 1837/1695 1699/1696 1831/1697
f 1831/1697 1699/1696 1827/1698
f 1827/1698 1699/1696 1821/1699
f 1821/1699 1699/1696 1819/1700
f 1819/1700 1699/1696 1815/1701
f 1815/1701 1699/1696 1694/1702
f 1815/1701 1694/1702 1817/1703
f 1817/1703 1694/1702 1811/1704
f 1811/1704 1694/1702 1805/1705
f 1805/1705 1694/1702 1797/1706
f 1797/1706 1694/1702 1777/1707
f 1777/1707 1694/1702 1761/1708
f 1761/1708 1694/1702 1759/1709
f 1759/1709 1694/1702 1692/1710
f 1759/1709 1692/1710 1745/1711
f 1745/1711 1692/1710 1711/1712
f 1745/1711 1711/1712 1741/1713
f 1741/1713 1711/1712 1734/1714
f 1734/1714 1711/1712 1722/1715
f 1707 1719 1708
f 1720 1708 1719
f 1707 1708 1700
f 1700 1699 1707
f 1878 1877 1879
f 1877 1878 1876
f 1789 1790 1776
f 1776 1774 1789
f 1837 1832 1838
f 1832 1837 1831
f 1712 1711 1692
f 1692 1693 1712
f 1868 1865 1869
f 1865 1868 1864
f 1774 1776 1775
f 1775 1773 1774
f 1699 1700 1695
f 1695 1694 1699
f 1883 1879 1884
f 1879 1883 1878
f 1723 1722 1711
f 1711 1712 1723
f 1735 1734 1722
f 1722 1723 1735
f 1742 1741 1734
f 1734 1735 1742
f 1856 1847 1857
f 1847 1856 1846
f 1864 1857 1865
f 1857 1864 1856
f 1745 1742 1746
f 1742 1745 1741
f 1870 1869 1871
f 1869 1870 1868
f 1873 1872 1870
f 1870 1871 1873
f 1877 1876 1872
f 1872 1873 1877
f 1874 1883 1875
f 1884 1875 1883
f 1759 1746 1760
f 1746 1759 1745
f 1773 1775 1772
f 1772 1771 1773
f 1694 1695 1693
f 1693 1692 1694
f 1763 1738 1737
f 1738 1763 1764
f 1844 1838 1845
f 1838 1844 1837
f 1831 1828 1832
f 1828 1831 1827
f 1763 1771 1764
f 1772 1764 1771
f 1789 1803 1790
f 1804 1790 1803
f 1846 1845 1847
f 1845 1846 1844
f 1737 1720 1719
f 1720 1737 1738
f 1842 1874 1843
f 1875 1843 1874
f 1803 1842 1804
f 1843 1804 1842
f 1761 1760 1762
f 1760 1761 1759
f 1812 1805 1806
f 1805 1812 1811
f 1806 1797 1798
f 1797 1806 1805
f 1819 1816 1820
f 1816 1819 1815
f 1815 1818 1816
f 1818 1815 1817
f 1798 1797 1777
f 1777 1778 1798
f 1817 1812 1818
f 1812 1817 1811
f 1778 1777 1761
f 1761 1762 1778
f 1822 1821 1819
f 1819 1820 1822
f 2848/2373 2733/2372 2734/2374
f 2733/2372 2848/2373 2847/2371
f 2741/2329 2745/2327 2855/2328
f 2857/2326 2855/2328 2745/2327
f 2863/2313 2862/2317 2754/2315
f 2754/2315 2755/2311 2863/2313
f 2721/2261 2913/2263 2826/2264
f 2913/2263 2721/2261 2912/2255
f 2847/2371 2732/2368 2733/2372
f 2732/2368 2847/2371 2846/2370
f 2860/2321 2748/2323 2752/2319
f 2748/2323 2860/2321 2858/2325
f 2710/2197 2576/2208 2709/2203
f 2710/2197 2575/2204 2576/2208
f 2709/2203 2875/2201 2710/2197
f 2878/2194 2710/2197 2875/2201
f 2708/2211 2580/2217 2707/2216
f 2708/2211 2578/2212 2580/2217
f 2707/2216 2871/2214 2708/2211
f 2873/2207 2708/2211 2871/2214
f 2709/2203 2578/2212 2708/2211
f 2709/2203 2576/2208 2578/2212
f 2708/2211 2873/2207 2709/2203
f 2875/2201 2709/2203 2873/2207
f 2865/2309 2863/2313 2755/2311
f 2755/2311 2758/2307 2865/2309
f 2843/2269 2730/2273 2842/2275
f 2730/2273 2843/2269 2696/2272
f 2697/2271 2603/2270 2696/2272
f 2843/2269 2697/2271 2696/2272
f 2724/2427 2625/2428 2629/2430
f 2629/2430 2723/2431 2724/2427
f 2836/2429 2724/2427 2723/2431
f 2723/2431 2835/2432 2836/2429
f 2704/2232 2586/2235 2703/2238
f 2704/2232 2584/2229 2586/2235
f 2703/2238 2864/2234 2704/2232
f 2866/2228 2704/2232 2864/2234
f 2703/2238 2589/2241 2702/2244
f 2703/2238 2586/2235 2589/2241
f 2702/2244 2861/2240 2703/2238
f 2864/2234 2703/2238 2861/2240
f 2705/2226 2584/2229 2704/2232
f 2705/2226 2582/2223 2584/2229
f 2704/2232 2866/2228 2705/2226
f 2868/2220 2705/2226 2866/2228
f 2868/2220 2706/2222 2705/2226
f 2706/2222 2868/2220 2707/2216
f 2707/2216 2582/2223 2705/2226
f 2707/2216 2580/2217 2582/2223
f 2871/2214 2707/2216 2868/2220
f 2700/2257 2597/2260 2699/2262
f 2700/2257 2595/2254 2597/2260
f 2699/2262 2853/2259 2700/2257
f 2856/2253 2700/2257 2853/2259
f 2701/2250 2595/2254 2700/2257
f 2701/2250 2591/2247 2595/2254
f 2700/2257 2856/2253 2701/2250
f 2859/2246 2701/2250 2856/2253
f 2599/2268 2698/2265 2597/2260
f 2699/2262 2597/2260 2698/2265
f 2853/2259 2699/2262 2698/2265
f 2698/2265 2850/2267 2853/2259
f 2702/2244 2591/2247 2701/2250
f 2702/2244 2589/2241 2591/2247
f 2701/2250 2859/2246 2702/2244
f 2861/2240 2702/2244 2859/2246
f 2698/2265 2599/2268 2603/2270
f 2603/2270 2697/2271 2698/2265
f 2850/2267 2698/2265 2843/2269
f 2697/2271 2843/2269 2698/2265
f 2910/2330 2737/2331 2845/2332
f 2845/2332 2923/2335 2910/2330
f 2925/2336 2910/2330 2923/2335
f 2731/2334 2845/2332 2737/2331
f 2737/2331 2910/2330 2823/2333
f 2679/2575 2694/2576 2687/2577
f 2675/2578 2672/2579 2674/2580
f 2655/2581 2689/2582 2670/2583
f 2667/2584 2671/2585 2668/2586
f 2672/2579 2669/2587 2671/2585
f 2670/2583 2689/2582 2673/2588
f 2652/2589 2665/2590 2653/2591
f 2692/2592 2694/2576 2693/2593
f 2695/2594 2693/2593 2694/2576
f 2691/2595 2694/2576 2692/2592
f 2690/2596 2694/2576 2691/2595
f 2688/2597 2694/2576 2690/2596
f 2687/2577 2694/2576 2688/2597
f 2683/2598 2686/2599 2684/2600
f 2678/2601 2694/2576 2679/2575
f 2684/2600 2686/2599 2685/2602
f 2682/2603 2686/2599 2683/2598
f 2681/2604 2686/2599 2682/2603
f 2680/2605 2686/2599 2681/2604
f 2677/2606 2686/2599 2680/2605
f 2671/2585 2674/2580 2672/2579
f 2674/2580 2686/2599 2675/2578
f 2676/2607 2686/2599 2677/2606
f 2675/2578 2686/2599 2676/2607
f 2668/2586 2671/2585 2669/2587
f 2664/2608 2671/2585 2667/2584
f 2663/2609 2671/2585 2664/2608
f 2662/2610 2671/2585 2663/2609
f 2661/2611 2671/2585 2662/2610
f 2660/2612 2671/2585 2661/2611
f 2659/2613 2671/2585 2660/2612
f 2656/2614 2665/2590 2657/2615
f 2658/2616 2671/2585 2659/2613
f 2654/2617 2665/2590 2656/2614
f 2666/2618 2657/2615 2665/2590
f 2653/2591 2665/2590 2654/2617
f 2651/2619 2665/2590 2652/2589
f 2649/2620 2665/2590 2651/2619
f 2649/2620 2651/2619 2650/2621
f 2769/2454 2666/2528 2665/2529
f 2665/2529 2768/2496 2769/2454
f 2753/2469 2657/2530 2666/2528
f 2666/2528 2769/2454 2753/2469
f 2656/2531 2657/2530 2751/2468
f 2753/2469 2751/2468 2657/2530
f 2654/2532 2656/2531 2749/2440
f 2751/2468 2749/2440 2656/2531
f 2653/2533 2654/2532 2747/2457
f 2749/2440 2747/2457 2654/2532
f 2652/2534 2653/2533 2746/2466
f 2747/2457 2746/2466 2653/2533
f 2651/2535 2652/2534 2744/2465
f 2746/2466 2744/2465 2652/2534
f 2650/2536 2651/2535 2743/2507
f 2744/2465 2743/2507 2651/2535
f 2743/2507 2649/2537 2650/2536
f 2649/2537 2743/2507 2742/2459
f 2768/2496 2665/2529 2649/2537
f 2649/2537 2742/2459 2768/2496
f 2671/2538 2776/2456 2674/2539
f 2781/2490 2674/2539 2776/2456
f 2674/2539 2781/2490 2686/2540
f 2801/2486 2686/2540 2781/2490
f 2685/2541 2686/2540 2799/2483
f 2801/2486 2799/2483 2686/2540
f 2799/2483 2797/2443 2684/2542
f 2684/2542 2685/2541 2799/2483
f 2797/2443 2795/2442 2683/2543
f 2683/2543 2684/2542 2797/2443
f 2795/2442 2793/2481 2682/2544
f 2682/2544 2683/2543 2795/2442
f 2793/2481 2791/2480 2681/2545
f 2681/2545 2682/2544 2793/2481
f 2791/2480 2790/2478 2680/2546
f 2680/2546 2681/2545 2791/2480
f 2790/2478 2786/2476 2677/2547
f 2677/2547 2680/2546 2790/2478
f 2786/2476 2784/2474 2676/2548
f 2676/2548 2677/2547 2786/2476
f 2784/2474 2782/2449 2675/2549
f 2675/2549 2676/2548 2784/2474
f 2782/2449 2778/2448 2672/2550
f 2672/2550 2675/2549 2782/2449
f 2778/2448 2774/2451 2669/2551
f 2669/2551 2672/2550 2778/2448
f 2774/2451 2772/2504 2668/2552
f 2668/2552 2669/2551 2774/2451
f 2772/2504 2770/2503 2667/2553
f 2667/2553 2668/2552 2772/2504
f 2770/2503 2767/2501 2664/2554
f 2664/2554 2667/2553 2770/2503
f 2767/2501 2765/2499 2663/2555
f 2663/2555 2664/2554 2767/2501
f 2765/2499 2763/2471 2662/2556
f 2662/2556 2663/2555 2765/2499
f 2763/2471 2761/2470 2661/2557
f 2661/2557 2662/2556 2763/2471
f 2761/2470 2759/2446 2660/2558
f 2660/2558 2661/2557 2761/2470
f 2759/2446 2757/2445 2659/2559
f 2659/2559 2660/2558 2759/2446
f 2757/2445 2756/2455 2658/2560
f 2658/2560 2659/2559 2757/2445
f 2671/2538 2658/2560 2776/2456
f 2756/2455 2776/2456 2658/2560
f 2678/2561 2679/2562 2787/2489
f 2788/2514 2787/2489 2679/2562
f 2787/2489 2694/2563 2678/2561
f 2694/2563 2787/2489 2814/2492
f 2815/2522 2695/2564 2694/2563
f 2694/2563 2814/2492 2815/2522
f 2813/2513 2693/2565 2695/2564
f 2695/2564 2815/2522 2813/2513
f 2811/2511 2692/2566 2693/2565
f 2693/2565 2813/2513 2811/2511
f 2810/2510 2691/2567 2692/2566
f 2692/2566 2811/2511 2810/2510
f 2808/2519 2690/2568 2691/2567
f 2691/2567 2810/2510 2808/2519
f 2805/2518 2688/2569 2690/2568
f 2690/2568 2808/2519 2805/2518
f 2804/2515 2687/2570 2688/2569
f 2688/2569 2805/2518 2804/2515
f 2679/2562 2687/2570 2788/2514
f 2804/2515 2788/2514 2687/2570
f 2780/2488 2775/2497 2670/2571
f 2670/2571 2673/2572 2780/2488
f 2775/2497 2655/2573 2670/2571
f 2655/2573 2775/2497 2750/2461
f 2807/2493 2655/2573 2750/2461
f 2655/2573 2807/2493 2689/2574
f 2780/2488 2673/2572 2689/2574
f 2689/2574 2807/2493 2780/2488
f 2581/2199 2713/2198 2583/2206
f 2714/2210 2583/2206 2713/2198
f 2714 2713 2722
f 2884/2202 2722/2205 2713/2198
f 2722/2205 2887/2209 2714/2210
f 2887/2209 2722/2205 2884/2202
f 2707 2705 2706
f 2696/2272 2608/2274 2730/2273
f 2608/2274 2696/2272 2603/2270
f 2912/2103 2908/2104 2911/2105
f 2912/2103 2907/2106 2908/2104
f 2911/2105 2920/2107 2912/2103
f 2910/2109 2920/2107 2911/2105
f 2912/2103 2906/2108 2907/2106
f 2905/2111 2903/2116 2904/2114
f 2887/2137 2885/2139 2886/2138
f 2902/2118 2900/2122 2901/2120
f 2904/2114 2906/2108 2905/2111
f 2912/2103 2905/2111 2906/2108
f 2899/2124 2897/2127 2898/2126
f 2901/2120 2903/2116 2902/2118
f 2905/2111 2902/2118 2903/2116
f 2894/2130 2892/2132 2893/2131
f 2898/2126 2900/2122 2899/2124
f 2902/2118 2899/2124 2900/2122
f 2871/2153 2869/2155 2870/2154
f 2895/2129 2897/2127 2896/2128
f 2899/2124 2896/2128 2897/2127
f 2893/2131 2895/2129 2894/2130
f 2896/2128 2894/2130 2895/2129
f 2878/2146 2876/2148 2877/2147
f 2890/2134 2892/2132 2891/2133
f 2894/2130 2891/2133 2892/2132
f 2888/2136 2890/2134 2889/2135
f 2891/2133 2889/2135 2890/2134
f 2886/2138 2888/2136 2887/2137
f 2889/2135 2887/2137 2888/2136
f 2856/2168 2854/2170 2855/2169
f 2883/2141 2885/2139 2884/2140
f 2887/2137 2884/2140 2885/2139
f 2881/2143 2883/2141 2882/2142
f 2884/2140 2882/2142 2883/2141
f 2879/2145 2881/2143 2880/2144
f 2882/2142 2880/2144 2881/2143
f 2877/2147 2879/2145 2878/2146
f 2880/2144 2878/2146 2879/2145
f 2864/2160 2862/2162 2863/2161
f 2874/2150 2876/2148 2875/2149
f 2878/2146 2875/2149 2876/2148
f 2872/2152 2874/2150 2873/2151
f 2875/2149 2873/2151 2874/2150
f 2870/2154 2872/2152 2871/2153
f 2873/2151 2871/2153 2872/2152
f 2859/2165 2857/2167 2858/2166
f 2867/2157 2869/2155 2868/2156
f 2871/2153 2868/2156 2869/2155
f 2865/2159 2867/2157 2866/2158
f 2868/2156 2866/2158 2867/2157
f 2863/2161 2865/2159 2864/2160
f 2866/2158 2864/2160 2865/2159
f 2850/2174 2846/2178 2847/2177
f 2860/2164 2862/2162 2861/2163
f 2864/2160 2861/2163 2862/2162
f 2858/2166 2860/2164 2859/2165
f 2861/2163 2859/2165 2860/2164
f 2853/2171 2851/2173 2852/2172
f 2855/2169 2857/2167 2856/2168
f 2859/2165 2856/2168 2857/2167
f 2850/2174 2848/2176 2849/2175
f 2852/2172 2854/2170 2853/2171
f 2856/2168 2853/2171 2854/2170
f 2850/2174 2847/2177 2848/2176
f 2849/2175 2851/2173 2850/2174
f 2853/2171 2850/2174 2851/2173
f 2845/2180 2843/2179 2844/2181
f 2846/2178 2843/2179 2845/2180
f 2842/2182 2844/2181 2843/2179
f 2850/2174 2843/2179 2846/2178
f 2841/2183 2844/2181 2842/2182
f 2840/2184 2844/2181 2841/2183
f 2839/2185 2844/2181 2840/2184
f 2838/2186 2844/2181 2839/2185
f 2837/2187 2844/2181 2838/2186
f 2836/2188 2844/2181 2837/2187
f 2835/2189 2844/2181 2836/2188
f 2834/2190 2844/2181 2835/2189
f 2918/2121 2920/2107 2919/2123
f 2921/2125 2919/2123 2920/2107
f 2917/2119 2920/2107 2918/2121
f 2916/2117 2920/2107 2917/2119
f 2915/2115 2920/2107 2916/2117
f 2914/2113 2920/2107 2915/2115
f 2913/2110 2920/2107 2914/2113
f 2912/2103 2920/2107 2913/2110
f 2909/2112 2920/2107 2910/2109
f 2921/2355 2920/2361 2833/2359
f 2646/2362 2630/2356 2920/2361
f 2833/2359 2920/2361 2630/2356
f 2723/2431 2629/2430 2645/2433
f 2835/2432 2723/2431 2645/2433
f 2645/2433 2834/2434 2835/2432
f 2169/804 2170/805 2138/806
f 1893 2040 1894
f 2041 1894 2040
f 497/2748 496/2749 487/2750
f 459/2761 460/2756 487/2750
f 488/2753 489/2757 497/2748
f 487/2750 488/2753 497/2748
f 488/2753 487/2750 460/2756
f 486/2752 487/2750 496/2749
f 1547/2780 2056/2781 2166/2773
f 1079/2777 1547/2780 1344/2774
f 1324/2768 645/2763 672/2771
f 1325/2772 2170/2779 2067/2778
f 2167/2783 2166/2773 2056/2781
f 2129/2788 2169/2792 2168/2787
f 2130/2790 2170/2779 2169/2792
f 985/2764 495/2759 645/2763
f 647/2762 645/2763 562/2754
f 562/2754 495/2759 496/2749
f 1325/2772 650/2758 1263/2769
f 2064/2782 2067/2778 2170/2779
f 2062/2784 2064/2782 2170/2779
f 2059/2789 2062/2784 2131/2786
f 2130/2790 2056/2781 2057/2791
f 498/2760 499/2765 650/2758
f 563/2751 496/2749 497/2748
f 528 535 529
f 536 529 535
f 693/2052 704/2053 694/2054
f 704/2053 705/2055 694/2054
f 691/2056 702/2057 692/2058
f 703/2059 692/2058 702/2057
f 1540 1072 1536
f 1072 1540 1077
f 1050 1508 1053
f 1258/2084 1530/2085 1063/2086
f 1516 1053 1508
f 1994 2099 1996
f 2100 1996 2099
f 1941/2087 1525/2088 1939/2089
f 631 698 632
f 700 632 698
f 1525/2088 1059/2090 1522/2091
f 1525/2088 1941/2087 1527/2092
f 1063/2086 734/2093 1061/2094
f 1063/2086 1530/2085 1066/2095
f 1258/2084 1061/2094 1257/2096
f 1256/2097 1059/2090 1525/2088
f 1256/2097 1527/2092 1257/2096
f 732/2098 1061/2094 734/2093
f 459 526 519
f 526 459 487
f 1071/3098 1067/3099 1070/3100
f 1069/3102 1067/3099 1068/3105
f 1070/3100 1067/3099 1069/3102
f 1057/3113 1062/3114 1058/3115
f 1056/3119 1051/3123 1054/3121
f 1065/3104 1066/3106 1067/3099
f 1056/3119 1060/3116 1057/3113
f 1058/3115 1052/3118 1057/3113
f 1069/3102 1075/3103 1070/3100
f 1062/3114 1057/3113 1060/3116
f 1067/3099 1073/3108 1068/3105
f 1052/3118 1058/3115 1055/3117
f 1062/3114 1060/3116 1061/3120
f 1062/3114 1055/3117 1058/3115
f 1054/3121 1051/3123 1053/3124
f 1059/3122 1061/3120 1060/3116
f 1070/3100 1075/3103 1071/3098
f 1054/3121 1060/3116 1056/3119
f 1050/3125 1053/3124 1051/3123
f 1065/3104 1064/3101 1063/3107
f 1071/3098 1064/3101 1067/3099
f 1072/3111 1077/3110 1073/3108
f 1074/3109 1068/3105 1073/3108
f 1073/3108 1077/3110 1074/3109
f 1074/3109 1077/3110 1076/3112
f 595/1121 603/1122 602/1123
f 603/1122 595/1121 605/1124
f 602/1123 603/1122 604/1125
f 631/1126 608/1127 597/1128
f 608/1127 631/1126 632/1129
f 608/1127 632/1129 616/1130
f 616/1130 632/1129 610/1131
f 610/1131 632/1129 601/1132
f 601/1132 632/1129 593/1133
f 593/1133 632/1129 591/1134
f 591/1134 632/1129 590/1135
f 590/1135 632/1129 605/1124
f 590/1135 605/1124 594/1136
f 594/1136 605/1124 595/1121
f 605/1124 632/1129 604/1125
f 604/1125 632/1129 600/1137
f 600/1137 632/1129 598/1138
f 598/1138 632/1129 567/1139
f 567/1139 632/1129 553/1140
f 553/1140 632/1129 551/1141
f 685/1142 665/1143 632/1129
f 686/1144 666/1145 665/1143
f 686/1144 665/1143 685/1142
f 666/1145 686/1144 578/1146
f 498/1147 497/1148 552/1149
f 497/1148 568/1150 552/1149
f 497/1148 631/1126 568/1150
f 568/1150 631/1126 597/1128
f 568/1150 597/1128 588/1151
f 568/1150 588/1151 583/1152
f 568/1150 583/1152 580/1153
f 568/1150 580/1153 571/1154
f 521/1155 552/1149 542/1156
f 542/1156 552/1149 561/1157
f 542/1156 561/1157 550/1158
f 550/1158 561/1157 560/1159
f 499/1160 542/1156 549/1161
f 499/1160 549/1161 551/1141
f 539/1162 499/1160 551/1141
f 539/1162 632/1129 577/1163
f 577/1163 632/1129 665/1143
f 499/1160 577/1163 578/1146
f 558/1164 499/1160 578/1146
f 644/1165 578/1146 686/1144
f 592/1166 576/1167 585/1168
f 576/1167 592/1166 567/1139
f 567/1139 592/1166 598/1138
f 557/1169 496/1170 495/1171
f 557/1169 643/1172 614/1173
f 639/1174 535/1175 614/1173
f 641/1176 536/1177 640/1178
f 639/1174 683/1179 640/1178
f 615/1180 497/1148 536/1177
f 615/1180 684/1181 631/1126
f 486 535 528
f 535 486 496
f 732/3050 734/3051 733/3052
f 735/3053 733/3052 734/3051
f 519 526 520
f 527 520 526
f 536 497 489
f 489 529 536
f 486/1182 528/1183 526/1184
f 529/1185 526/1184 528/1183
f 529/1185 527/1186 526/1184
f 487/1187 486/1182 526/1184
f 488/1188 527/1186 529/1185
f 529/1185 489/1189 488/1188
f 1537/3066 1067/3067 1531/3068
f 1067/3067 1537/3066 1073/3069
f 1054/3070 1517/3071 1060/3072
f 1523/3073 1060/3072 1517/3071
f 1940/3074 1995/3075 1942/3076
f 1997/3077 1942/3076 1995/3075
f 699/3078 733/3079 701/3080
f 735/3081 701/3080 733/3079
f 1076 686 716
f 684 708 697
f 1056 708 1051
f 1076 716 1074
f 710 697 708
f 683 708 684
f 1074 716 1068
f 1985 2000 1988
f 685 713 686
f 683 1051 708
f 1515 2019 1519
f 1519 2019 1980
f 1980 2019 1982
f 1513 2019 1515
f 716 686 713
f 2020 1982 2019
f 2021 1982 2020
f 2022 1982 2021
f 2024 1532 1988
f 2024 2000 2023
f 1532 2024 1539
f 2024 1988 2000
f 701/3054 700/3055 698/3056
f 698/3056 699/3057 701/3054
f 1992/3159 1528/3160 1987/3161
f 2003/3163 1987/3161 1986/3162
f 1527/3167 1942/3165 1528/3160
f 715/3173 693/3174 714/3175
f 1985/3164 1986/3162 1528/3160
f 1987/3161 2003/3163 1992/3159
f 2023/3168 1997/3170 1996/3171
f 1986/3162 1987/3161 1528/3160
f 1942/3165 1985/3164 1528/3160
f 2000/3166 1985/3164 1942/3165
f 2023/3168 2000/3166 1942/3165
f 1527/3167 1941/3169 1942/3165
f 1942/3165 1997/3170 2023/3168
f 1996/3171 2100/3172 2023/3168
f 632/3182 701/3179 685/3180
f 713/3178 685/3180 701/3179
f 632/3182 700/3184 701/3179
f 693/3174 715/3173 1064/3176
f 1064/3176 704/3177 693/3174
f 1064/3176 714/3175 713/3178
f 951/3183 1064/3176 735/3181
f 1064/3176 715/3173 714/3175
f 1064/3176 713/3178 701/3179
f 701/3179 735/3181 1064/3176
f 951/3183 734/3186 1063/3185
f 712/3187 711/3188 692/3189
f 1995/3201 1526/3202 1982/3203
f 2022/3206 1995/3201 1982/3203
f 2002/3212 1983/3205 1984/3208
f 1982/3203 1526/3202 1983/3205
f 1984/3208 1526/3202 2002/3212
f 1062/3190 1061/3194 733/3193
f 1983/3205 1526/3202 1984/3208
f 1940/3204 1526/3202 1995/3201
f 1994/3213 1995/3201 2099/3209
f 2022/3206 2099/3209 1995/3201
f 1724/3207 1939/3211 1525/3210
f 1991/3214 2002/3212 1526/3202
f 1724/3207 1526/3202 1940/3204
f 692/3189 703/3191 712/3187
f 1062/3190 712/3187 703/3191
f 1062/3190 710/3192 711/3188
f 1062/3190 711/3188 712/3187
f 697/3195 733/3193 684/3197
f 710/3192 733/3193 697/3195
f 1062/3190 733/3193 710/3192
f 732/3196 733/3193 1061/3194
f 699/3198 684/3197 733/3193
f 698/3199 684/3197 699/3198
f 631/3200 684/3197 698/3199
f 1528/1991 1992/1992 1535/1993
f 1993/1994 1535/1993 1992/1992
f 1991/1995 1518/1996 1990/1997
f 847/1998 1064/1999 1034/2000
f 1071/2001 1034/2000 1064/1999
f 705/2002 1064/1999 847/1998
f 704/2003 1064/1999 705/2002
f 1518/1996 1991/1995 1526/2004
f 702/2005 1055/2006 703/2007
f 1062/2008 703/2007 1055/2006
f 1529/3126 1528/3127 1531/3128
f 1533/3134 1534/3132 1538/3133
f 1517/3140 1519/3141 1523/3142
f 1524/3146 1526/3144 1525/3150
f 1521/3151 1520/3147 1514/3153
f 1513/3148 1515/3143 1516/3145
f 1517/3140 1516/3145 1515/3143
f 1536/3138 1537/3136 1539/3137
f 1512/3152 1513/3148 1516/3145
f 1510/3156 1512/3152 1516/3145
f 1509/3157 1510/3156 1516/3145
f 1508/3158 1509/3157 1516/3145
f 1519/3141 1517/3140 1515/3143
f 1524/3146 1522/3149 1523/3142
f 1526/3144 1523/3142 1519/3141
f 1514/3153 1518/3154 1521/3151
f 1526/3144 1521/3151 1518/3154
f 1513/3148 1512/3152 1511/3155
f 1539/3137 1537/3136 1532/3135
f 1536/3138 1539/3137 1540/3139
f 1533/3134 1532/3135 1531/3128
f 1534/3132 1535/3130 1538/3133
f 1535/3130 1534/3132 1531/3128
f 1531/3128 1532/3135 1537/3136
f 1534/3132 1533/3134 1531/3128
f 1529/3126 1530/3131 1527/3129
f 1535/3130 1531/3128 1528/3127
f 1520/3147 1521/3151 1526/3144
f 1519/3141 1520/3147 1526/3144
f 1040/3030 1038/3031 1551/3032
f 1549/3033 1551/3032 1038/3031
f 2156 2164 2104
f 2120 2104 2164
f 2104 2120 2105
f 2121 2105 2120
f 2102 2118 2103
f 2119 2103 2118
f 1977/438 1660/439 1658/440
f 1658/440 1975/441 1977/438
f 1976 1975 1658
f 1658 1659 1976
f 1976 1978 1977
f 1977 1975 1976
f 1659 1660 1661
f 1660 1659 1658
f 2157 2105 2165
f 2121 2165 2105
f 1660 1977 1661
f 1978 1661 1977
f 2162/807 2163/808 2118/809
f 2119/810 2118/809 2163/808
f 2164/811 2165/812 2120/813
f 2121/814 2120/813 2165/812
f 2154 2162 2102
f 2118 2102 2162
f 2155 2103 2163
f 2119 2163 2103
f 2163 2162 2154
f 2154 2155 2163
f 2156 2157 2165
f 2165 2164 2156
f 554 665 663
f 665 554 577
f 1041 1102 1042
f 1103 1042 1102
f 578 577 554
f 554 555 578
f 663 665 664
f 666 664 665
f 822/442 1050/443 824/444
f 1126/445 1508/446 1050/443
f 824/444 1050/443 1051/447
f 824/444 1051/447 804/448
f 824/444 804/448 670/449
f 670/449 804/448 643/450
f 804/448 1051/447 850/451
f 804/448 850/451 827/452
f 850/451 1051/447 852/453
f 852/453 1051/447 836/454
f 836/454 1051/447 829/455
f 829/455 1051/447 811/456
f 811/456 1051/447 802/457
f 643/450 774/458 683/459
f 774/458 643/450 782/460
f 782/460 643/450 804/448
f 683/459 774/458 792/461
f 683/459 792/461 780/462
f 683/459 780/462 802/457
f 683/459 802/457 1051/447
f 1709/463 2166/464 1925/465
f 1925/465 2166/464 1951/466
f 1951/466 2166/464 1967/467
f 2132/468 2071/469 1967/467
f 1967/467 2071/469 1971/470
f 1967/467 1971/470 1969/471
f 1971/470 2071/469 1931/472
f 1931/472 2071/469 1927/473
f 1927/473 2071/469 1508/446
f 1309/474 1927/473 1508/446
f 1508/446 2071/469 1577/475
f 1508/446 1577/475 1509/476
f 1577/475 2071/469 1594/477
f 1594/477 2071/469 1614/478
f 1614/478 2071/469 1616/479
f 1616/479 2071/469 1602/480
f 1602/480 2071/469 1596/481
f 1596/481 2071/469 1606/482
f 1606/482 2071/469 1976/483
f 1976/483 2071/469 2019/484
f 1976/483 2019/484 1978/485
f 2019/484 1513/486 1661/487
f 1661/487 1978/485 2019/484
f 1606/482 1659/488 1610/489
f 1659/488 1606/482 1976/483
f 1610/489 1659/488 1661/487
f 1610/489 1661/487 1608/490
f 1608/490 1661/487 1592/491
f 1592/491 1661/487 1511/492
f 1511/492 1661/487 1513/486
f 1909/493 1905/494 1907/495
f 556/496 495/497 668/498
f 1197/499 668/498 1147/500
f 1197/499 1925/465 1919/501
f 1195/502 1919/501 1201/503
f 1201/503 1929/504 1923/505
f 1196/506 1923/505 1917/507
f 1183/508 1917/507 1903/509
f 1164/510 1903/509 1905/494
f 1165/511 1905/494 1909/493
f 1166/512 1909/493 1170/513
f 1170/513 1911/514 1198/515
f 1309/474 822/442 1198/515
f 643/450 668/498 670/449
f 664/1190 555/1191 554/1192
f 554/1192 663/1193 664/1190
f 1041 1042 1043
f 1044 1043 1042
f 1044/3034 1042/3035 1105/3036
f 1103/3037 1105/3036 1042/3035
f 1037 1038 1039
f 1040 1039 1038
f 1551 1550 1039
f 1039 1040 1551
f 1105 1104 1043
f 1043 1044 1105
f 555 664 666
f 666 578 555
f 1037 1548 1038
f 1549 1038 1548
f 1548 1550 1549
f 1551 1549 1550
f 1102 1104 1103
f 1105 1103 1104
f 2138/806 2170/805 2111/815
f 2138/806 2111/815 2109/816
f 2111/815 2170/805 2112/817
f 2112/817 2170/805 2110/818
f 2110/818 2170/805 2106/819
f 2106/819 2170/805 2108/820
f 2108/820 2170/805 2115/821
f 2115/821 2170/805 2114/822
f 2132/823 2166/824 2154/825
f 2161/826 2156/827 2160/828
f 2161/826 2168/829 2157/830
f 2160/828 2155/831 2159/832
f 2159/832 2154/825 2167/833
f 2098/834 2019/835 2071/836
f 2104/837 2103/838 2156/827
f 2155/831 2156/827 2103/838
f 2136/839 2099/840 2157/830
f 2107/841 2157/830 2099/840
f 2036/842 2099/840 2034/843
f 2034/843 2099/840 2028/844
f 2136/839 2168/829 2100/845
f 2113/846 2023/847 2100/845
f 2113/846 2168/829 2137/848
f 2081/849 2024/850 2023/847
f 2081/849 2137/848 2109/816
f 2109/816 2137/848 2138/806
f 2024/850 2109/816 2101/851
f 2024/850 2101/851 2094/852
f 2024/850 2094/852 2088/853
f 2024/850 2088/853 2085/854
f 2024/850 2085/854 2077/855
f 2077/855 2085/854 2083/856
f 2077/855 2083/856 2078/857
f 2077/855 2072/858 2024/850
f 2072/858 2077/855 2076/859
f 2072/858 2076/859 2075/860
f 2022/861 2021/862 2028/844
f 2022/861 2028/844 2099/840
f 2032/863 2029/864 2031/865
f 2029/864 2032/863 2034/843
f 2029/864 2034/843 2028/844
f 2104/837 2105/866 2020/867
f 2020/867 2103/838 2104/837
f 2020/867 2102/868 2103/838
f 2020/867 2019/835 2102/868
f 2098/834 2154/825 2102/868
f 2020/867 2105/866 2030/869
f 2030/869 2105/866 2035/870
f 2035/870 2105/866 2037/871
f 2037/871 2105/866 2036/842
f 2107/841 2036/842 2105/866
f 2033/872 2030/869 2035/870
f 782 804 783
f 805 783 804
f 830 829 811
f 811 812 830
f 804 827 805
f 828 805 827
f 812 811 802
f 802 803 812
f 774 775 792
f 793 792 775
f 850 852 851
f 853 851 852
f 782 783 774
f 775 774 783
f 803 802 780
f 780 781 803
f 852 836 853
f 837 853 836
f 792 793 780
f 781 780 793
f 828/1817 783/1818 805/1819
f 783/1818 828/1817 775/1820
f 775/1820 828/1817 793/1821
f 793/1821 828/1817 851/1822
f 793/1821 851/1822 781/1823
f 781/1823 851/1822 853/1824
f 781/1823 853/1824 837/1825
f 781/1823 837/1825 830/1826
f 781/1823 830/1826 803/1827
f 803 830 812
f 827 850 828
f 851 828 850
f 1538/2009 1535/2010 2004/2011
f 1993/2012 2004/2011 1535/2010
f 694/2013 705/2014 1075/2015
f 1075/2015 705/2014 957/2016
f 957/2016 705/2014 891/2017
f 891/2017 705/2014 865/2018
f 865/2018 705/2014 857/2019
f 857/2019 705/2014 847/2020
f 1075/2015 996/2021 1071/2022
f 996/2021 1075/2015 957/2016
f 1071/2022 996/2021 1006/2023
f 1071/2022 1006/2023 1003/2024
f 1071/2022 1003/2024 1001/2025
f 1071/2022 1001/2025 1010/2026
f 1071/2022 1010/2026 1034/2027
f 604/1125 603/1122 605/1124
f 626/1405 628/1406 629/1407
f 625/1408 613/1409 626/1405
f 613/1409 625/1408 620/1410
f 630/1411 617/1412 624/1413
f 617/1412 630/1411 609/1414
f 609/1414 630/1411 634/1415
f 609/1414 634/1415 599/1416
f 599/1416 634/1415 589/1417
f 589/1417 634/1415 584/1418
f 584/1418 634/1415 574/1419
f 574/1419 634/1415 581/1420
f 581/1420 634/1415 633/1421
f 581/1420 633/1421 627/1422
f 581/1420 627/1422 621/1423
f 581/1420 621/1423 619/1424
f 581/1420 619/1424 579/1425
f 579/1425 619/1424 618/1426
f 579/1425 618/1426 622/1427
f 579/1425 622/1427 572/1428
f 572/1428 622/1427 559/1429
f 559/1429 622/1427 569/1430
f 569/1430 622/1427 623/1431
f 569/1430 623/1431 628/1406
f 569/1430 628/1406 596/1432
f 596/1432 628/1406 626/1405
f 596/1432 626/1405 613/1409
f 569/1430 596/1432 582/1433
f 569/1430 582/1433 575/1434
f 569/1430 575/1434 573/1435
f 836 829 837
f 830 837 829
f 616 633 634
f 633 616 610
f 600 625 626
f 625 600 598
f 550 560 579
f 579 572 550
f 568 571 589
f 589 584 568
f 588 597 624
f 624 617 588
f 593 627 601
f 627 593 621
f 591 621 593
f 621 591 619
f 610 627 633
f 627 610 601
f 604 626 629
f 626 604 600
f 620 585 613
f 585 620 592
f 549 573 551
f 573 549 569
f 576 613 585
f 613 576 596
f 551 575 553
f 575 551 573
f 542 559 549
f 569 549 559
f 568 584 574
f 574 552 568
f 567 596 576
f 596 567 582
f 553 582 567
f 582 553 575
f 542 550 572
f 572 559 542
f 561 581 579
f 579 560 561
f 625 592 620
f 592 625 598
f 552 574 561
f 581 561 574
f 571 580 599
f 599 589 571
f 580 583 609
f 609 599 580
f 588 617 609
f 609 583 588
f 597 608 624
f 630 624 608
f 608 616 630
f 634 630 616
f 1951 1967 1952
f 1968 1952 1967
f 1617 1616 1602
f 1602 1603 1617
f 1967 1969 1968
f 1970 1968 1969
f 591 618 619
f 618 591 590
f 1609 1608 1592
f 1592 1593 1609
f 1509 1577 1510
f 1578 1510 1577
f 1610 1608 1611
f 1609 1611 1608
f 1614 1616 1615
f 1617 1615 1616
f 1596 1606 1597
f 1607 1597 1606
f 1577 1594 1578
f 1595 1578 1594
f 594 595 622
f 623 622 595
f 1594 1614 1595
f 1615 1595 1614
f 1578/1828 1512/1829 1510/1830
f 1512/1829 1578/1828 1595/1831
f 1512/1829 1595/1831 1615/1832
f 1512/1829 1615/1832 1603/1833
f 1603/1833 1615/1832 1617/1834
f 1512/1829 1603/1833 1597/1835
f 1512/1829 1597/1835 1607/1836
f 1512/1829 1607/1836 1611/1837
f 1512/1829 1611/1837 1609/1838
f 1512/1829 1609/1838 1593/1839
f 1606 1610 1607
f 1611 1607 1610
f 1593 1592 1511
f 1511 1512 1593
f 1602 1596 1603
f 1597 1603 1596
f 602 604 629
f 629 628 602
f 590 594 618
f 622 618 594
f 595 602 628
f 628 623 595
f 1952/1840 1920/1841 1926/1842
f 1920/1841 1952/1840 1968/1843
f 1920/1841 1968/1843 1930/1844
f 1930/1844 1968/1843 1970/1845
f 1930/1844 1970/1845 1924/1846
f 1924/1846 1970/1845 1918/1847
f 1918/1847 1970/1845 1904/1848
f 1904/1848 1970/1845 1972/1849
f 1904/1848 1972/1849 1908/1850
f 1908/1850 1972/1849 1910/1851
f 1910/1851 1972/1849 1932/1852
f 1910/1851 1932/1852 1912/1853
f 1912/1853 1932/1852 1928/1854
f 1906/1855 1904/1848 1908/1850
f 1903 1917 1904
f 1918 1904 1917
f 2010 2030 2017
f 2033 2017 2030
f 2093/1526 2084/1527 2089/1528
f 2084/1527 2093/1526 2095/1529
f 2084/1527 2095/1529 2082/1530
f 2082/1530 2095/1529 2090/1531
f 2082/1530 2090/1531 2079/1532
f 2079/1532 2090/1531 2086/1533
f 2079/1532 2086/1533 2074/1534
f 2074/1534 2086/1533 2087/1535
f 2074/1534 2087/1535 2073/1536
f 2073/1536 2087/1535 2097/1537
f 2070/1538 2054/1539 2069/1540
f 2054/1539 2070/1538 2073/1536
f 2054/1539 2073/1536 2053/1541
f 2053/1541 2073/1536 2097/1537
f 2053/1541 2097/1537 2096/1542
f 1903 1904 1905
f 1906 1905 1904
f 1928 1927 1911
f 1911 1912 1928
f 1907 1905 1908
f 1906 1908 1905
f 1925 1926 1919
f 1920 1919 1926
f 2021 2020 2006
f 2006 2007 2021
f 2010 2006 2030
f 2020 2030 2006
f 1909 1910 1911
f 1912 1911 1910
f 1919 1920 1929
f 1930 1929 1920
f 2027 2037 2036
f 2036 2026 2027
f 2026 2036 2018
f 2034 2018 2036
f 2011 2012 2031
f 2032 2031 2012
f 1972 1971 1931
f 1931 1932 1972
f 1969 1971 1970
f 1972 1970 1971
f 1917 1923 1918
f 1924 1918 1923
f 2025 2017 2035
f 2033 2035 2017
f 2027 2017 2025
f 2026 2011 2027
f 2011 2026 2012
f 2012 2026 2018
f 2010 2007 2006
f 2007 2010 2017
f 2007 2017 2009
f 2009 2017 2011
f 2011 2017 2027
f 2007 2009 2008
f 1929 1930 1923
f 1924 1923 1930
f 1907 1908 1909
f 1910 1909 1908
f 2025 2035 2027
f 2037 2027 2035
f 2018 2034 2012
f 2032 2012 2034
f 2011 2031 2009
f 2029 2009 2031
f 1931 1927 1932
f 1928 1932 1927
f 2009 2029 2028
f 2028 2008 2009
f 2008 2028 2007
f 2021 2007 2028
f 1925 1951 1926
f 1952 1926 1951
f 2001/2060 2002/2061 1990/2062
f 1991/2063 1990/2062 2002/2061
f 2003/2064 2004/2065 1992/2066
f 1992/2066 2004/2065 1993/2067
f 2137 2148 2138
f 2149 2138 2148
f 1994/3058 1996/3059 1995/3060
f 1997/3061 1995/3060 1996/3059
f 2169 2138 2175
f 2149 2175 2138
f 2150 2152 2151
f 2153 2151 2152
f 2168 2172 2137
f 2148 2137 2172
f 2174 2175 2151
f 2172 2173 2148
f 2150 2148 2173
f 2149 2150 2151
f 2149 2148 2150
f 2149 2151 2175
f 2186/873 2187/874 2152/875
f 2153/876 2152/875 2187/874
f 1942/3062 1941/3063 1939/3064
f 1939/3064 1940/3065 1942/3062
f 2174 2151 2187
f 2153 2187 2151
f 2173 2186 2150
f 2152 2150 2186
f 1990/2028 1518/2029 1514/2030
f 1514/2030 2001/2031 1990/2028
f 1055/2032 702/2033 691/2034
f 691/2034 1052/2035 1055/2032
f 822 824 823
f 823 821 822
f 669 823 670
f 824 670 823
f 823/516 669/517 667/518
f 667/518 821/519 823/516
f 520/1194 460/1195 459/1196
f 459/1196 519/1197 520/1194
f 1059/3082 1060/3083 1522/3084
f 1523/3085 1522/3084 1060/3083
f 527 488 460
f 460 520 527
f 668 669 670
f 669 668 667
f 1517/3086 1054/3087 1053/3088
f 1053/3088 1516/3089 1517/3086
f 822 821 667
f 667 668 822
f 890 956 891
f 957 891 956
f 1983/2068 1980/2069 1982/2070
f 1980/2069 1983/2068 1981/2071
f 1985/2072 1988/2073 1986/2074
f 1989/2075 1986/2074 1988/2073
f 1009 1033 1010
f 1034 1010 1033
f 1002 1001 1003
f 1001 1002 1000
f 1005 1003 1006
f 1003 1005 1002
f 1000 1010 1001
f 1010 1000 1009
f 995 1005 996
f 1006 996 1005
f 1532/2036 1533/2037 1988/2038
f 1989/2039 1988/2038 1533/2037
f 716/2040 717/2041 1068/2042
f 1069/2043 1068/2042 717/2041
f 856 857 847
f 847 846 856
f 717 1075 1069
f 1533 1538 1989
f 2004 1989 1538
f 1075 717 694
f 1034 1033 846
f 846 847 1034
f 864 890 865
f 891 865 890
f 2002 2001 1981
f 1986 1989 2003
f 2004 2003 1989
f 2002 1981 1983
f 1052 691 709
f 709 1057 1052
f 1520 1981 2001
f 2001 1514 1520
f 1057/2044 709/2045 708/2046
f 708/2046 1056/2047 1057/2044
f 1519/2048 1980/2049 1981/2050
f 1981/2050 1520/2051 1519/2048
f 708/2076 709/2077 710/2078
f 711/2079 710/2078 709/2077
f 713/2080 714/2081 716/2082
f 717/2083 716/2082 714/2081
f 692 711 709
f 694 717 714
f 692 709 691
f 714 693 694
f 856 864 857
f 865 857 864
f 956 995 957
f 996 957 995
f 1200/117 1218/118 1212/119
f 1218/118 1200/117 1194/120
f 2170/121 2042/122 2114/123
f 1575/124 2042/122 1623/125
f 1104/126 499/127 1043/128
f 986/129 499/127 1104/126
f 1575/124 1104/126 1161/130
f 1161/130 1104/126 1159/131
f 1631/132 1161/130 1172/133
f 1636/134 1172/133 1207/135
f 1647/136 1207/135 1226/137
f 2042/122 1226/137 1218/118
f 1641/138 2042/122 1218/118
f 1641/138 1194/120 1185/139
f 1640/140 1185/139 1637/141
f 1637/141 1182/142 1632/143
f 1632/143 1163/144 1550/145
f 1550/145 1163/144 1039/146
f 2042/122 1550/145 1895/147
f 2114/123 2042/122 2096/148
f 845/149 1043/128 499/127
f 845/149 644/150 1041/151
f 1041/151 644/150 1039/146
f 1041/151 1039/146 1102/152
f 1102/152 1039/146 1144/153
f 1144/153 1039/146 1146/154
f 1146/154 1039/146 1163/144
f 1039/146 644/150 1037/155
f 1037/155 644/150 1077/156
f 1540/157 1548/158 1077/156
f 1037/155 1077/156 1548/158
f 1077/156 644/150 1076/159
f 1076/159 644/150 686/160
f 2024/161 2072/162 1539/163
f 1548/158 1895/147 1550/145
f 1895/147 1548/158 1893/164
f 1893/164 1548/158 1540/157
f 1893/164 1540/157 1539/163
f 1893/164 1539/163 2040/165
f 2040/165 1539/163 2053/166
f 2053/166 1539/163 2075/167
f 2075/167 1539/163 2072/162
f 2040/165 2096/148 2042/122
f 2096/148 2040/165 2053/166
f 1102/152 1159/131 1104/126
f 1159/131 1102/152 1157/168
f 1157/168 1102/152 1152/169
f 1152/169 1102/152 1155/170
f 1155/170 1102/152 1149/171
f 1149/171 1102/152 1144/153
f 2095 2112 2110
f 2110 2090 2095
f 2082 2088 2094
f 2088 2082 2079
f 2070 2069 2078
f 2077 2078 2069
f 2069 2076 2077
f 2076 2069 2054
f 2073 2085 2074
f 2085 2073 2083
f 2089 2084 2109
f 2101 2109 2084
f 2084 2082 2101
f 2094 2101 2082
f 2090 2110 2086
f 2106 2086 2110
f 2097 2115 2114
f 2114 2096 2097
f 2093 2089 2111
f 2109 2111 2089
f 2093 2111 2095
f 2112 2095 2111
f 2079 2074 2088
f 2085 2088 2074
f 2097 2087 2115
f 2108 2115 2087
f 1143/1716 1211/1717 1148/1718
f 1211/1717 1143/1716 1199/1719
f 1199/1719 1143/1716 1193/1720
f 1193/1720 1143/1716 1145/1721
f 1193/1720 1145/1721 1184/1722
f 1184/1722 1145/1721 1162/1723
f 1184/1722 1162/1723 1181/1724
f 1156/1725 1160/1726 1158/1727
f 1160/1726 1156/1725 1171/1728
f 1171/1728 1156/1725 1151/1729
f 1171/1728 1151/1729 1206/1730
f 1206/1730 1151/1729 1154/1731
f 1206/1730 1154/1731 1225/1732
f 1225/1732 1154/1731 1148/1718
f 1225/1732 1148/1718 1211/1717
f 1225/1732 1211/1717 1217/1733
f 2086 2106 2087
f 2108 2087 2106
f 2070 2083 2073
f 2083 2070 2078
f 2054 2075 2076
f 2075 2054 2053
f 1160 1172 1161
f 1172 1160 1171
f 1226 1206 1225
f 1206 1226 1207
f 1207 1171 1206
f 1171 1207 1172
f 1151 1152 1155
f 1155 1154 1151
f 1212 1211 1199
f 1199 1200 1212
f 890 995 956
f 995 890 1005
f 1005 890 1002
f 1002 890 1000
f 1000 890 1009
f 1009 890 864
f 1009 864 856
f 1009 856 1033
f 1033 856 846
f 1143 1144 1146
f 1146 1145 1143
f 1156 1157 1152
f 1152 1151 1156
f 1143 1148 1144
f 1149 1144 1148
f 1182 1181 1162
f 1162 1163 1182
f 1211 1212 1218
f 1218 1217 1211
f 1160 1159 1158
f 1159 1160 1161
f 1199 1194 1200
f 1194 1199 1193
f 1193 1185 1194
f 1185 1193 1184
f 1163 1162 1145
f 1145 1146 1163
f 1184 1182 1185
f 1182 1184 1181
f 1225 1218 1226
f 1218 1225 1217
f 1158 1157 1156
f 1157 1158 1159
f 1154 1155 1149
f 1149 1148 1154
f 2173/2795 2172/2797 2168/2787
f 2174/2794 2173/2795 2168/2787
f 2175/2793 2174/2794 2168/2787
f 2168/2787 2169/2792 2175/2793
f 2187/2796 2186/2798 2173/2795
f 2173/2795 2174/2794 2187/2796
f 2040 2042 2041
f 2043 2041 2042
f 1896/3038 1894/3039 2043/3040
f 2041/3041 2043/3040 1894/3039
f 1893 1894 1895
f 1896 1895 1894
f 1531/3090 1067/3091 1066/3092
f 1066/3092 1530/3093 1531/3090
f 2043 2042 1895
f 1895 1896 2043
f 1072/3094 1073/3095 1536/3096
f 1537/3097 1536/3096 1073/3095
f 662 651 680
f 675 674 646
f 662 675 649
f 1259 680 1248
f 1262 2068 2038
f 2068 2066 2038
f 648 646 645
f 648 650 651
f 1262 651 1261
f 1260 2067 1261
f 2068 2067 2065
f 2061/2664 2063/2665 2062/2666
f 2059/2670 2057/2671 2058/2669
f 2055/2672 2057/2671 2056/2673
f 2055/2672 2058/2669 2057/2671
f 2064/2667 2062/2666 2063/2665
f 2064 2065 2067
f 2065 2066 2068
f 2056/3005 1547/3006 2055/3007
f 645 673 672
f 645 646 673
f 1264/3008 2055/3007 1547/3006
f 674 673 646
f 1079/3011 672/3012 1078/3009
f 2237 2238 2176
f 2177 2176 2238
f 2239 2240 2178
f 2179 2178 2240
f 2269 2243 2239
f 2269 2252 2243
f 2239 2178 2269
f 2269 2247 2252
f 2195 2269 2178
f 2317/877 2318/878 2291/879
f 2292/880 2291/879 2318/878
f 961 1283 960
f 959 336 960
f 959 1282 1281
f 1753 1281 1754
f 1727 1282 1283
f 1727 2282 1755
f 1755 2359 2358
f 2388/881 2451/882 2389/883
f 2391/884 2455/885 2392/886
f 2393/887 2278/888 2392/886
f 2253 2252 2248
f 2245 2246 2250
f 2251 2250 2246
f 2247 2248 2252
f 2367 2364 2368
f 2361 2358 2362
f 2361 2365 2364
f 2363 2366 2362
f 2369 2372 2371
f 2369 2365 2366
f 964 356 355
f 964 1290 1291
f 1732 1291 1731
f 1758 2372 2286
f 962 1289 963
f 1757 2371 1758
f 1757 1290 1289
f 2189 2216 2183
f 2254 2271 2248
f 2264 2245 2267
f 2246 2247 2269
f 2269 2268 2246
f 2271 2270 2248
f 2264 2265 2180
f 2208 2246 2245
f 2209 2247 2246
f 2210 2248 2247
f 2279 2291 2280
f 2292 2280 2291
f 2196 2179 2240
f 2270 2240 2244
f 2240 2270 2196
f 2270 2244 2253
f 2270 2253 2248
f 2318 2317 2315
f 2315 2316 2318
f 2315 2317 2279
f 2291 2279 2317
f 339 346 340
f 341 337 336
f 352 347 346
f 343 338 341
f 343 347 344
f 353 355 354
f 356 354 355
f 236/1198 224/1199 199/1200
f 237/1201 225/1202 224/1199
f 237/1201 224/1199 236/1198
f 225/1202 237/1201 207/1203
f 199/1200 206/1204 200/1205
f 206/1204 207/1203 200/1205
f 206/1204 199/1200 224/1199
f 200/1205 207/1203 237/1201
f 507/1206 490/1207 506/1208
f 457/1209 456/1210 490/1207
f 490/1207 492/1211 458/1212
f 490/1207 456/1210 506/1208
f 458/1212 492/1211 508/1213
f 505/1214 455/1215 454/1216
f 454/1216 504/1217 505/1214
f 452/1218 502/1219 453/1220
f 503/1221 453/1220 502/1219
f 508/1213 509/1222 458/1212
f 913/520 522/521 911/522
f 522/521 913/520 524/523
f 524/523 913/520 807/524
f 518 506 456
f 476 472 456
f 472 481 456
f 456 485 518
f 485 456 481
f 187 224 220
f 224 187 206
f 484 480 455
f 475 455 471
f 471 455 480
f 455 505 484
f 517 484 505
f 279 191 209
f 315 464 447
f 475 471 476
f 473 469 474
f 470 474 469
f 472 476 471
f 493/1223 492/1211 490/1207
f 490/1207 491/1224 493/1223
f 207 206 187
f 187 188 207
f 516 483 482
f 482 515 516
f 518 485 484
f 484 517 518
f 220 224 221
f 225 221 224
f 508 492 493
f 452 453 473
f 462 476 456
f 454 455 475
f 475 474 454
f 462 458 514
f 452 473 510
f 511 510 476
f 475 476 510
f 474 475 510
f 473 474 510
f 912 914 913
f 913 911 912
f 1112/1968 1107/1969 1179/1970
f 1174/1971 1179/1970 1107/1969
f 458/1972 509/1973 1101/1974
f 1096/1975 1101/1974 509/1973
f 482 478 453
f 473 453 469
f 469 453 478
f 453 503 482
f 515 482 503
f 2197/2799 1934/2800 2005/2801
f 2191/2826 2231/2833 2192/2830
f 2233/2836 2192/2830 2231/2833
f 1174/2822 1107/2817 1173/2811
f 1569/2813 1107/2817 1106/2821
f 1542/2802 2005/2801 1934/2800
f 2055/2834 1480/2840 1489/2837
f 2195/2819 2178/2809 2194/2815
f 2197/2799 2179/2806 2196/2810
f 1187/2804 2005/2801 1542/2802
f 1186/2807 2005/2801 1187/2804
f 1173/2811 2005/2801 1186/2807
f 1569/2813 2005/2801 1173/2811
f 1568/2816 1106/2821 1561/2820
f 1561/2820 1095/2829 1244/2825
f 517/2854 504/2869 516/2865
f 1488/2839 2190/2827 1489/2837
f 642/2850 586/2860 671/2861
f 504/2869 517/2854 505/2872
f 1096/2835 679/2831 1095/2829
f 611/2846 517/2854 642/2850
f 502/2871 515/2868 503/2873
f 507/2851 518/2847 508/2841
f 1264/2864 671/2861 720/2867
f 612/2843 679/2831 508/2841
f 612/2843 518/2847 611/2846
f 508/2841 679/2831 509/2838
f 1096/2835 509/2838 679/2831
f 1480/2840 1388/2842 1479/2845
f 1373/2844 1089/2852 1372/2858
f 1387/2849 1479/2845 1388/2842
f 2055/2834 1388/2842 1480/2840
f 2055/2834 1373/2844 1388/2842
f 1089/2852 772/2866 1088/2870
f 1570/2848 1089/2852 1373/2844
f 1360/2853 773/2863 1089/2852
f 1313/2859 720/2867 773/2863
f 586/2860 720/2867 671/2861
f 2177/2812 2194/2815 2178/2809
f 1489/2837 2190/2827 2055/2834
f 2055/2834 2190/2827 2058/2828
f 502/2871 586/2860 515/2868
f 506/2856 518/2847 507/2851
f 2197/2799 2005/2801 2063/2803
f 508/2841 493/2857 507/2851
f 772/2866 1089/2852 773/2863
f 2193/2832 2176/2814 2192/2830
f 2177/2812 2063/2803 2176/2814
f 2178/2809 2063/2803 2177/2812
f 2179/2806 2063/2803 2178/2809
f 2061/2824 2058/2828 2135/2818
f 2197/2799 2063/2803 2179/2806
f 2185/2823 2176/2814 2135/2818
f 2185/2823 2190/2827 2191/2826
f 2192/2830 2176/2814 2191/2826
f 1936/2805 1542/2802 1934/2800
f 1542/2802 1936/2805 1544/2808
f 491/2862 507/2851 493/2857
f 516/2865 586/2860 517/2854
f 515/2868 586/2860 516/2865
f 200 237 247
f 247 214 200
f 199 246 236
f 246 199 213
f 1780 2139 1781
f 2140 1781 2139
f 1782 1780 1781
f 1784 1786 1783
f 1315 1317 1316
f 1316 1314 1315
f 1315 1314 1113
f 1113 1114 1315
f 524 807 525
f 808 525 807
f 221/1225 188/1226 187/1227
f 187/1227 220/1228 221/1225
f 523 524 525
f 524 523 522
f 1114 1115 1116
f 1115 1114 1113
f 214 213 199
f 199 200 214
f 1115 1316 1116
f 1317 1116 1316
f 912 911 522
f 522 523 912
f 236 246 237
f 247 237 246
f 1316/525 1115/526 1113/527
f 1113/527 1314/528 1316/525
f 2326/889 2427/890 2428/891
f 2427/890 2326/889 2325/892
f 2013 2015 2014
f 2016 2014 2015
f 2016 2015 1915
f 1915 1916 2016
f 2142 2140 2141
f 2142 2144 2145
f 2428 2427 2417
f 2417 2418 2428
f 188 221 225
f 225 207 188
f 914 807 913
f 807 914 808
f 2015/172 2145/173 1915/174
f 1786/175 1915/174 2145/173
f 1784/176 1781/177 1915/174
f 1915/174 1781/177 1913/178
f 2140/179 2013/180 1781/177
f 1913/178 1781/177 2013/180
f 2143/181 2145/173 2015/172
f 2140/179 2015/172 2013/180
f 2418 2321 2428
f 2326 2428 2321
f 2268 2238 2242
f 2194 2177 2238
f 2268 2242 2251
f 2268 2251 2246
f 2238 2268 2194
f 1423/529 1421/530 1425/531
f 2417 2427 2320
f 2325 2320 2427
f 1913 1914 1915
f 1916 1915 1914
f 2316 2280 2318
f 2292 2318 2280
f 2250 2251 2241
f 2252 2253 2243
f 2244 2243 2253
f 2242 2241 2251
f 2240 2239 2244
f 2241 2242 2237
f 2238 2237 2242
f 2243 2244 2239
f 1423/529 1415/532 1421/530
f 2145 2144 1785
f 1785 1786 2145
f 1411/1856 1359/1857 1398/1858
f 1359/1857 1411/1856 1323/1859
f 1323/1859 1411/1856 1498/1860
f 1323/1859 1498/1860 1321/1861
f 1321/1861 1498/1860 1346/1862
f 1346/1862 1498/1860 1704/1863
f 1346/1862 1704/1863 1714/1864
f 1346/1862 1714/1864 1348/1865
f 1348/1865 1714/1864 1328/1866
f 1328/1866 1714/1864 1501/1867
f 1328/1866 1501/1867 1442/1868
f 1442/1868 1501/1867 1494/1869
f 1442/1868 1494/1869 1481/1870
f 1481/1870 1494/1869 1492/1871
f 1706/1872 1501/1867 1714/1864
f 1501/1867 1706/1872 1564/1873
f 1564/1873 1706/1872 1600/1874
f 1600/1874 1706/1872 1678/1875
f 1600/1874 1678/1875 1612/1876
f 1612/1876 1678/1875 1663/1877
f 1612/1876 1663/1877 1604/1878
f 1604/1878 1663/1877 1665/1879
f 1604/1878 1665/1879 1718/1880
f 1604/1878 1718/1880 1744/1881
f 1604/1878 1744/1881 1620/1882
f 1620/1882 1744/1881 1792/1883
f 1620/1882 1792/1883 1638/1884
f 1638/1884 1792/1883 1654/1885
f 1654/1885 1792/1883 1800/1886
f 1654/1885 1800/1886 1645/1887
f 1657/1888 1498/1860 1590/1889
f 1498/1860 1657/1888 1704/1863
f 1442/1868 1304/1890 1328/1866
f 1304/1890 1442/1868 1434/1891
f 1304/1890 1434/1891 1416/1892
f 1304/1890 1416/1892 1413/1893
f 1304/1890 1413/1893 1254/1894
f 1254/1894 1413/1893 1430/1895
f 1254/1894 1430/1895 1252/1896
f 1252/1896 1430/1895 1444/1897
f 1252/1896 1444/1897 1456/1898
f 1252/1896 1456/1898 1271/1899
f 1271/1899 1456/1898 1460/1900
f 1271/1899 1460/1900 1332/1901
f 1332/1901 1460/1900 1364/1902
f 1364/1902 1460/1900 1466/1903
f 1364/1902 1466/1903 1390/1904
f 1390/1904 1466/1903 1490/1905
f 1390/1904 1490/1905 1562/1906
f 1390/1904 1562/1906 1409/1907
f 1409/1907 1562/1906 1624/1908
f 1409/1907 1624/1908 1645/1887
f 1409/1907 1645/1887 1800/1886
f 1409/1907 1800/1886 1788/1909
f 1409/1907 1788/1909 1469/1910
f 1469/1910 1788/1909 1500/1911
f 1500/1911 1788/1909 1574/1912
f 1574/1912 1788/1909 1740/1913
f 1574/1912 1740/1913 1580/1914
f 1580/1914 1740/1913 1556/1915
f 1556/1915 1740/1913 1796/1916
f 1556/1915 1796/1916 1554/1917
f 1554/1917 1796/1916 1567/1918
f 1567/1918 1796/1916 1794/1919
f 1567/1918 1794/1919 1572/1920
f 1572/1920 1794/1919 1810/1921
f 1572/1920 1810/1921 1599/1922
f 1599/1922 1810/1921 1766/1923
f 1599/1922 1766/1923 1629/1924
f 1629/1924 1766/1923 1702/1925
f 1439/1926 1426/1927 1469/1910
f 1426/1927 1439/1926 1424/1928
f 1424 1439 1429
f 1409/1907 1426/1927 1422/1929
f 1426/1927 1409/1907 1469/1910
f 1565/1930 1495/1931 1502/1932
f 1495/1931 1565/1930 1601/1933
f 1495/1931 1601/1933 1493/1934
f 1493/1934 1601/1933 1482/1935
f 1482/1935 1601/1933 1417/1936
f 1417/1936 1601/1933 1414/1937
f 1414/1937 1601/1933 1613/1938
f 1414/1937 1613/1938 1431/1939
f 1431/1939 1613/1938 1445/1940
f 1445/1940 1613/1938 1605/1941
f 1445/1940 1605/1941 1457/1942
f 1457/1942 1605/1941 1461/1943
f 1461/1943 1605/1941 1621/1944
f 1461/1943 1621/1944 1467/1945
f 1467/1945 1621/1944 1639/1946
f 1467/1945 1639/1946 1655/1947
f 1467/1945 1655/1947 1491/1948
f 1491/1948 1655/1947 1563/1949
f 1563/1949 1655/1947 1646/1950
f 1563/1949 1646/1950 1625/1951
f 1482/1935 1435/1952 1443/1953
f 1435/1952 1482/1935 1417/1936
f 1913 2013 1914
f 2014 1914 2013
f 1087/533 771/534 452/535
f 1011/536 1367/537 1087/533
f 1087/533 1367/537 1372/538
f 1372/538 1089/539 1087/533
f 773/540 606/541 771/534
f 606/541 773/540 635/542
f 635/542 773/540 637/543
f 637/543 773/540 656/544
f 656/544 773/540 687/545
f 687/545 773/540 718/546
f 718/546 773/540 722/547
f 722/547 773/540 720/548
f 452/535 540/549 502/550
f 540/549 452/535 565/551
f 565/551 452/535 606/541
f 606/541 452/535 771/534
f 502/550 540/549 544/552
f 502/550 544/552 546/553
f 502/550 546/553 530/554
f 502/550 530/554 586/555
f 2320 2325 2321
f 2326 2321 2325
f 1916/3042 1914/3043 2016/3044
f 2014/3045 2016/3044 1914/3043
f 2320/893 2312/894 2306/895
f 2312/894 2320/893 2321/896
f 2312/894 2321/896 2314/897
f 2314/897 2321/896 2313/898
f 2313/898 2321/896 2311/899
f 2311/899 2321/896 2302/900
f 2411/901 2452/902 2417/903
f 2453/904 2454/905 2417/903
f 2417/903 2454/905 2418/906
f 2323/907 2389/883 2409/908
f 2288/909 2306/895 2275/910
f 2411/901 2320/893 2409/908
f 2276/911 2306/895 2301/912
f 2276/911 2301/912 2300/913
f 2276/911 2300/913 2302/900
f 2276/911 2302/900 2321/896
f 2356/914 2276/911 2321/896
f 2356/914 2418/906 2390/915
f 2309/916 2307/917 2308/918
f 2307/917 2309/916 2311/899
f 2307/917 2311/899 2302/900
f 2310/919 2306/895 2312/894
f 1406 1432 1407
f 1433 1407 1432
f 1453 1450 1452
f 1450 1453 1451
f 1465 1454 1464
f 1454 1465 1455
f 1455 1452 1454
f 1452 1455 1453
f 1458 1451 1459
f 1451 1458 1450
f 1463 1446 1462
f 1446 1463 1447
f 1446 1433 1432
f 1433 1446 1447
f 859 817 818
f 817 859 858
f 1471 1464 1470
f 1464 1471 1465
f 953 954 952
f 954 953 955
f 1356 1406 1357
f 1407 1357 1406
f 1462 1459 1463
f 1459 1462 1458
f 1356 1357 1330
f 1330 1329 1356
f 1365 1375 1374
f 1375 1365 1366
f 944 926 927
f 926 944 943
f 934 937 935
f 937 934 936
f 838/1734 866/1735 848/1736
f 866/1735 838/1734 922/1737
f 922/1737 838/1734 831/1738
f 922/1737 831/1738 934/1739
f 934/1739 831/1738 815/1740
f 934/1739 815/1740 936/1741
f 936/1741 815/1740 924/1742
f 924/1742 815/1740 790/1743
f 924/1742 790/1743 928/1744
f 928/1744 790/1743 977/1745
f 977/1745 790/1743 786/1746
f 977/1745 786/1746 800/1747
f 977/1745 800/1747 981/1748
f 981/1748 800/1747 979/1749
f 979/1749 800/1747 854/1750
f 854/1750 800/1747 817/1751
f 854/1750 817/1751 860/1752
f 860/1752 817/1751 862/1753
f 862/1753 817/1751 858/1754
f 854/1750 966/1755 979/1749
f 966/1755 854/1750 945/1756
f 945/1756 854/1750 894/1757
f 945/1756 894/1757 940/1758
f 940/1758 894/1757 938/1759
f 938/1759 894/1757 901/1760
f 938/1759 901/1760 909/1761
f 938/1759 909/1761 948/1762
f 948/1762 909/1761 954/1763
f 954/1763 909/1761 952/1764
f 952/1764 909/1761 916/1765
f 952/1764 916/1765 947/1766
f 947/1766 916/1765 943/1767
f 943/1767 916/1765 926/1768
f 1374 1394 1393
f 1394 1374 1375
f 945 941 946
f 941 945 940
f 949 952 947
f 952 949 953
f 924 929 925
f 929 924 928
f 902 894 895
f 894 902 901
f 895 854 855
f 854 895 894
f 980 979 966
f 966 967 980
f 925 936 924
f 936 925 937
f 967 966 945
f 945 946 967
f 800 801 818
f 818 817 800
f 978 928 977
f 928 978 929
f 947 944 949
f 944 947 943
f 935 922 934
f 922 935 923
f 866 922 867
f 923 867 922
f 815 816 791
f 791 790 815
f 948 939 938
f 939 948 950
f 860 863 861
f 863 860 862
f 848 849 839
f 839 838 848
f 831 816 815
f 816 831 832
f 838 832 831
f 832 838 839
f 940 939 941
f 939 940 938
f 859 862 858
f 862 859 863
f 238 242 250
f 250 248 238
f 848 866 849
f 867 849 866
f 786 787 801
f 801 800 786
f 981 980 982
f 980 981 979
f 790 791 787
f 787 786 790
f 955 948 954
f 948 955 950
f 982 977 981
f 977 982 978
f 242 244 252
f 252 250 242
f 241 222 234
f 222 241 227
f 909 910 917
f 917 916 909
f 226 248 240
f 248 226 238
f 451/1229 444/1230 443/1231
f 451/1229 443/1231 450/1232
f 324/1233 444/1230 334/1234
f 332/1235 243/1236 244/1237
f 327/1238 239/1239 243/1236
f 325/1240 235/1241 239/1239
f 323/1242 227/1243 235/1241
f 283/1244 196/1245 227/1243
f 227/1243 196/1245 222/1246
f 195/1247 223/1248 196/1245
f 223/1248 195/1247 226/1249
f 226/1249 195/1247 238/1250
f 326/1251 238/1250 282/1252
f 326/1251 450/1232 385/1253
f 443/1231 385/1253 450/1232
f 196/1245 223/1248 222/1246
f 268/1254 385/1253 386/1255
f 269/1256 386/1255 242/1257
f 242/1257 386/1255 244/1237
f 324/1233 244/1237 386/1255
f 439/1436 433/1437 437/1438
f 433/1437 439/1436 440/1439
f 433/1437 440/1439 428/1440
f 428/1440 440/1439 396/1441
f 396/1441 440/1439 413/1442
f 396/1441 413/1442 400/1443
f 396/1441 400/1443 393/1444
f 428/1440 404/1445 416/1446
f 404/1445 428/1440 396/1441
f 435/1447 413/1442 440/1439
f 413/1442 435/1447 432/1448
f 432/1448 417/1449 413/1442
f 417/1449 432/1448 431/1450
f 417/1449 431/1450 430/1451
f 417/1449 430/1451 422/1452
f 422/1452 430/1451 424/1453
f 901 902 910
f 910 909 901
f 227 245 235
f 245 227 241
f 927 916 917
f 916 927 926
f 250/1454 240/1455 248/1456
f 240/1455 250/1454 252/1457
f 240/1455 252/1457 251/1458
f 240/1455 251/1458 233/1459
f 233/1459 251/1458 249/1460
f 233/1459 249/1460 234/1461
f 234/1461 249/1460 245/1462
f 234/1461 245/1462 241/1463
f 244 251 252
f 251 244 243
f 854 861 855
f 861 854 860
f 223 240 233
f 240 223 226
f 239 245 249
f 245 239 235
f 223 234 222
f 234 223 233
f 239 251 243
f 251 239 249
f 273 291 270
f 291 273 294
f 377 400 379
f 400 377 393
f 409 414 437
f 437 433 409
f 333/1464 328/1465 330/1466
f 328/1465 333/1464 322/1467
f 321/1468 320/1469 329/1470
f 319/1471 292/1472 309/1473
f 292/1472 319/1471 284/1474
f 284/1474 319/1471 322/1467
f 284/1474 322/1467 276/1475
f 276/1475 322/1467 285/1476
f 285/1476 322/1467 293/1477
f 293/1477 322/1467 333/1464
f 293/1477 333/1464 331/1478
f 293/1477 331/1478 294/1479
f 294/1479 331/1478 329/1470
f 294/1479 329/1470 320/1469
f 294/1479 320/1469 291/1480
f 291/1480 320/1469 305/1481
f 291/1480 305/1481 290/1482
f 293 273 271
f 273 293 294
f 270 290 267
f 290 270 291
f 417 391 388
f 391 417 422
f 387 428 416
f 428 387 399
f 380 416 404
f 416 380 387
f 399 409 433
f 433 428 399
f 420 435 440
f 435 420 411
f 379 413 384
f 413 379 400
f 419 420 439
f 440 439 420
f 414 419 439
f 439 437 414
f 434/1483 423/1484 426/1485
f 423/1484 434/1483 418/1486
f 418/1486 434/1483 438/1487
f 418/1486 438/1487 436/1488
f 418/1486 436/1488 406/1489
f 406/1489 436/1488 405/1490
f 405/1490 436/1488 427/1491
f 405/1490 427/1491 429/1492
f 405/1490 429/1492 408/1493
f 408/1493 429/1492 421/1494
f 421/1494 429/1492 425/1495
f 398 401 427
f 429 427 401
f 424 391 422
f 391 424 394
f 380 396 378
f 396 380 404
f 394 430 402
f 430 394 424
f 403 430 431
f 430 403 402
f 398 436 412
f 436 398 427
f 265 272 292
f 292 284 265
f 384 413 388
f 417 388 413
f 407 431 432
f 431 407 403
f 378 396 393
f 393 377 378
f 287 321 288
f 321 287 320
f 429 395 425
f 395 429 401
f 407 435 411
f 435 407 432
f 275 286 319
f 319 309 275
f 288 329 307
f 329 288 321
f 425 390 421
f 390 425 395
f 293 266 285
f 266 293 271
f 382 389 418
f 418 406 382
f 306 330 328
f 330 306 310
f 410 415 438
f 438 434 410
f 307 331 311
f 331 307 329
f 415 436 438
f 436 415 412
f 383 421 390
f 421 383 408
f 1265/3013 2063/3014 2005/3015
f 1267/3023 2065/3021 1266/3018
f 1266/3018 2064/3016 1265/3013
f 1244/3020 679/3022 1245/3017
f 1259/3025 2038/3024 1267/3023
f 2066/3026 2065/3021 2038/3024
f 267 305 274
f 305 267 290
f 382 406 405
f 405 381 382
f 286 289 319
f 322 319 289
f 289 306 328
f 328 322 289
f 312 331 333
f 331 312 311
f 397 434 426
f 434 397 410
f 285 264 276
f 264 285 266
f 265 284 276
f 276 264 265
f 392 423 418
f 418 389 392
f 272 275 309
f 309 292 272
f 274 320 287
f 320 274 305
f 312 330 310
f 330 312 333
f 381 408 383
f 408 381 405
f 392 426 423
f 426 392 397
f 2227/920 2226/921 2225/922
f 2270/923 2260/924 2196/925
f 2260/924 2270/923 2271/926
f 2196/925 2260/924 2257/927
f 2196/925 2257/927 2235/928
f 2235/928 2257/927 2249/929
f 2249/929 2257/927 2256/930
f 2260/924 2271/926 2255/931
f 2255/931 2271/926 2236/932
f 2236/932 2271/926 2197/933
f 2196/925 2225/922 2197/933
f 2225/922 2196/925 2229/934
f 2229/934 2196/925 2235/928
f 2197/933 2225/922 2223/935
f 2223/935 2225/922 2226/921
f 2197/933 2223/935 2224/936
f 2197/933 2224/936 2228/937
f 2197/933 2228/937 2234/938
f 2197/933 2234/938 2236/932
f 2265/939 2230/940 2190/941
f 2266/942 2267/943 2230/940
f 2230/940 2267/943 2232/944
f 2232/944 2267/943 2192/945
f 2268/946 2269/947 2194/948
f 2195/949 2194/948 2269/947
f 2193/950 2192/945 2267/943
f 2191/951 2190/941 2230/940
f 2386/952 2449/953 2436/954
f 2436/954 2449/953 2437/955
f 2437/955 2449/953 2441/956
f 2441/956 2449/953 2450/957
f 2437/955 2441/956 2438/958
f 2441/956 2450/957 2440/959
f 2440/959 2450/957 2439/960
f 2406/961 2439/960 2410/962
f 2394/963 2280/964 2316/965
f 2273/966 2279/967 2280/964
f 2273/966 2272/968 2279/967
f 2381/969 2279/967 2373/970
f 2381/969 2436/954 2431/971
f 2398/972 2315/973 2380/974
f 2387/975 2273/966 2280/964
f 2398/972 2431/971 2429/976
f 2396/977 2316/965 2315/973
f 2396/977 2429/976 2397/978
f 2397/978 2430/979 2399/980
f 2399/980 2435/981 2406/961
f 2230/940 2232/944 2231/982
f 2233/983 2231/982 2232/944
f 1112 1111 1109
f 1110 1111 1112
f 1112 1109 1108
f 1106 1107 1108
f 1112 1108 1107
f 2231 2191 2230
f 2267 2250 2241
f 2267 2245 2250
f 2237 2176 2267
f 2267 2241 2237
f 2193 2267 2176
f 1419/182 1449/183 1441/184
f 1082/185 1552/186 874/187
f 1118/188 758/189 874/187
f 826/190 874/187 756/191
f 825/192 872/193 826/190
f 825/192 753/194 787/195
f 833/196 787/195 791/197
f 983/198 1080/199 872/193
f 983/198 791/197 839/200
f 1080/199 839/200 849/201
f 1085/202 1357/203 1080/199
f 1049/204 1330/205 1085/202
f 1086/206 1362/207 1330/205
f 1090/208 1379/209 1086/206
f 1091/210 1381/211 1090/208
f 1092/212 1392/213 1091/210
f 1092/212 849/201 1366/214
f 1366/214 849/201 1375/215
f 1375/215 849/201 1394/216
f 1394/216 849/201 1405/217
f 839/200 791/197 832/218
f 832/218 791/197 816/219
f 787/195 753/194 801/220
f 801/220 753/194 818/221
f 818/221 753/194 859/222
f 859/222 753/194 917/223
f 917/223 753/194 927/224
f 283/225 451/226 538/227
f 744/228 746/229 538/227
f 1670/230 1672/231 1622/232
f 1622/232 1552/186 1463/233
f 1463/233 1552/186 1447/234
f 1447/234 1552/186 1082/185
f 1447/234 1082/185 1433/235
f 1587/236 1463/233 1459/237
f 1586/238 1459/237 1451/239
f 1583/240 1451/239 1465/241
f 1465/241 1451/239 1453/242
f 1465/241 1453/242 1455/243
f 1588/244 1465/241 1471/245
f 1591/246 1471/245 1449/183
f 1667/247 1449/183 1419/182
f 1667/247 1419/182 1405/217
f 1180/248 1667/247 1405/217
f 867/249 1405/217 849/201
f 1180/248 867/249 923/250
f 1205/251 923/250 935/252
f 1214/253 935/252 937/254
f 1215/255 937/254 1208/256
f 1208/256 925/257 929/258
f 1213/259 929/258 978/260
f 1236/261 978/260 982/262
f 1238/263 982/262 1237/264
f 1237/264 980/265 1229/266
f 1229/266 967/267 1222/268
f 1222/268 946/269 1220/270
f 1220/270 941/271 939/272
f 1219/273 939/272 950/274
f 1224/275 950/274 955/276
f 1228/277 955/276 953/278
f 1227/279 953/278 1223/280
f 1223/280 949/281 1221/282
f 1221/282 944/283 1210/284
f 1210/284 927/224 1140/285
f 861/286 895/287 855/288
f 895/287 861/286 902/289
f 902/289 861/286 910/290
f 910/290 861/286 863/291
f 910/290 863/291 917/223
f 917/223 863/291 859/222
f 1080/199 1433/235 1082/185
f 1433/235 1080/199 1407/292
f 1407/292 1080/199 1357/203
f 749 757 745
f 749 740 752
f 1679 1685 1671
f 1679 1666 1680
f 1669 1667 1668
f 1669 1671 1670
f 1101 1097 1098
f 1101 1098 1100
f 1099 1101 1100
f 1095 1097 1096
f 1101 1096 1097
f 1175 1173 1188
f 1186 1188 1173
f 1097 1095 1108
f 1106 1108 1095
f 1177 1178 1190
f 1191 1190 1178
f 1099 1100 1110
f 1111 1110 1100
f 1176 1175 1189
f 1188 1189 1175
f 1098 1097 1109
f 1108 1109 1097
f 1178 1176 1191
f 1189 1191 1176
f 1100 1098 1111
f 1109 1111 1098
f 1936 1934 1935
f 1186 1187 1188
f 1192 1188 1187
f 1192 1189 1188
f 1192 1191 1189
f 1190 1191 1192
f 754 752 753
f 756 758 757
f 1081 872 1080
f 872 1081 873
f 1543/1976 1544/1977 1935/1978
f 1936/1979 1935/1978 1544/1977
f 743 741 742
f 743 745 744
f 1682 1680 1681
f 1684 1686 1685
f 1173 1175 1174
f 1179 1176 1178
f 1179 1174 1175
f 1177 1179 1178
f 1179 1175 1176
f 875/3046 873/3047 1083/3048
f 1081/3049 1083/3048 873/3047
f 872 873 874
f 875 874 873
f 2197/1980 1935/1978 1934/1981
f 1542/1982 1543/1976 1187/1983
f 1543 1542 1544
f 1080 1082 1081
f 1083 1081 1082
f 1083 1082 874
f 874 875 1083
f 2144/293 2456/294 1785/295
f 1686/296 1785/295 2456/294
f 1721/297 1785/295 1684/298
f 1721/297 1681/299 1780/300
f 2278/301 2139/302 1681/299
f 1780/300 1681/299 2139/302
f 2393/303 2456/294 2144/293
f 2141/304 2139/302 2171/305
f 1935/1978 2271/1984 1543/1976
f 1696/1985 1192/1986 1543/1976
f 1543/1976 1192/1986 1187/1983
f 2271/1984 1935/1978 2197/1980
f 1696 2271 2184
f 1101 514 458
f 514 1101 1099
f 1630 1110 1177
f 1687 1177 1190
f 1627 1099 1110
f 994 514 1099
f 1110 1112 1177
f 1179 1177 1112
f 1688 1190 1689
f 1404/1769 1440/1770 1393/1771
f 1440/1770 1404/1769 1418/1772
f 1406/1773 1446/1774 1432/1775
f 1446/1774 1406/1773 1356/1776
f 1446/1774 1356/1776 1462/1777
f 1462/1777 1356/1776 1458/1778
f 1458/1778 1356/1776 1450/1779
f 1450/1779 1356/1776 1329/1780
f 1450/1779 1329/1780 1361/1781
f 1450/1779 1361/1781 1452/1782
f 1452/1782 1361/1781 1378/1783
f 1452/1782 1378/1783 1380/1784
f 1452/1782 1380/1784 1391/1785
f 1452/1782 1391/1785 1454/1786
f 1454/1786 1391/1785 1365/1787
f 1454/1786 1365/1787 1464/1788
f 1464/1788 1365/1787 1470/1789
f 1470/1789 1365/1787 1374/1790
f 1470/1789 1374/1790 1448/1791
f 1448/1791 1374/1790 1440/1770
f 1440/1770 1374/1790 1393/1771
f 721 720 586
f 586 587 721
f 530 531 586
f 587 586 531
f 540 541 544
f 545 544 541
f 565 566 540
f 541 540 566
f 720 723 722
f 723 720 721
f 635 607 606
f 607 635 636
f 1419 1404 1405
f 1404 1419 1418
f 1362 1361 1329
f 1329 1330 1362
f 547 530 546
f 530 547 531
f 1449 1470 1448
f 1470 1449 1471
f 1378 1379 1381
f 1381 1380 1378
f 1441 1440 1418
f 1418 1419 1441
f 1391 1366 1365
f 1366 1391 1392
f 1405 1393 1394
f 1393 1405 1404
f 718 722 719
f 723 719 722
f 635 637 636
f 638 636 637
f 606 566 565
f 566 606 607
f 1449 1448 1440
f 1440 1441 1449
f 544 545 546
f 547 546 545
f 1380 1392 1391
f 1392 1380 1381
f 687 657 656
f 657 687 688
f 637 656 638
f 657 638 656
f 1361 1362 1379
f 1379 1378 1361
f 718 688 687
f 688 718 719
f 1954 1966 1950
f 1954 1945 1961
f 1024 1031 1023
f 1024 1018 1026
f 746/2874 745/2875 355/2876
f 351/2891 346/2896 255/2888
f 2404/2922 2414/2915 2413/2919
f 958/2924 1281/2927 1018/2920
f 1756/2883 1289/2879 1412/2881
f 2434/2908 2456/2906 2446/2912
f 339/2904 336/2907 209/2895
f 1473/2950 1945/2949 1944/2952
f 189/2913 190/2917 208/2910
f 2456/2906 2371/2886 1685/2902
f 2360/2928 2364/2921 2404/2922
f 962/2877 355/2876 745/2875
f 2450/2942 2449/2938 2442/2935
f 2405/2911 2371/2886 2434/2908
f 1576/2930 1018/2920 1281/2927
f 2358/2925 2442/2935 2449/2938
f 1960/2943 2358/2925 2449/2938
f 2413/2919 2446/2912 2445/2923
f 2452/2939 2451/2944 2443/2931
f 2453/2940 2452/2939 2448/2932
f 2443/2931 2442/2935 2358/2925
f 2444/2929 2443/2931 2412/2926
f 2358/2925 1961/2946 1945/2949
f 1960/2943 1961/2946 2358/2925
f 1642/2947 2358/2925 1945/2949
f 1642/2947 1084/2948 1581/2941
f 1581/2941 1025/2945 1026/2933
f 1582/2937 1026/2933 1576/2930
f 2444/2929 2445/2923 2448/2932
f 2405/2911 2414/2915 2367/2914
f 2456/2906 2455/2916 2446/2912
f 1671/2897 1685/2902 2371/2886
f 1685/2902 1686/2909 2456/2906
f 210/2890 211/2885 255/2888
f 204/2899 209/2895 191/2905
f 204/2899 193/2894 210/2890
f 1018/2920 1017/2918 336/2907
f 355/2876 212/2882 195/2880
f 208/2910 209/2895 336/2907
f 189/2913 336/2907 1017/2918
f 189/2913 208/2910 336/2907
f 1117/2889 1552/2892 1420/2887
f 1672/2901 1671/2897 1552/2892
f 1552/2892 1671/2897 2371/2886
f 1412/2881 745/2875 757/2884
f 211/2885 212/2882 355/2876
f 195/2880 196/2878 355/2876
f 746/2874 355/2876 196/2878
f 1117/2889 757/2884 758/2893
f 193/2894 194/2900 211/2885
f 1410 1398 1397
f 1398 1410 1411
f 1028 1030 1029
f 1028 1026 1027
f 1371 1373 1372
f 1372 1367 1371
f 1371 1367 1370
f 1370 1367 1368
f 1367 1369 1368
f 1021 1023 1022
f 1019 1017 1018
f 1799 1787 1800
f 1788 1800 1787
f 1483 1484 1485
f 1487 1488 1489
f 1488 1487 1483
f 1487 1486 1483
f 1486 1484 1483
f 1861 1559 1860
f 1559 1861 1560
f 1557 1558 1858
f 1859 1858 1558
f 1382 1383 1384
f 1387 1386 1382
f 1385 1383 1382
f 1386 1385 1382
f 1386 1387 1388
f 1963 1965 1964
f 1963 1961 1962
f 912/556 523/557 189/558
f 189/558 1017/559 912/556
f 984/560 912/556 1019/561
f 984/560 1022/562 914/563
f 914/563 1022/562 808/564
f 1022/562 445/565 525/566
f 525/566 808/564 1022/562
f 277/567 189/558 523/557
f 501/568 523/557 525/566
f 1479/1987 1387/1988 1382/1989
f 1382/1989 1474/1990 1479/1987
f 1483/569 2265/570 2190/571
f 2190/571 1488/572 1483/569
f 1484 1475 1476
f 1476 1485 1484
f 1383 1368 1369
f 1369 1384 1383
f 1487 1478 1477
f 1477 1486 1487
f 1386 1371 1370
f 1370 1385 1386
f 1489 1480 1478
f 1478 1487 1489
f 1388 1373 1371
f 1371 1386 1388
f 1948 1950 1949
f 1946 1944 1945
f 1089 1088 1087
f 773 771 772
f 1499/573 1438/574 1468/575
f 1438/574 1499/573 1573/576
f 1438/574 1573/576 1579/577
f 1421/530 1315/578 1408/579
f 1315/578 1421/530 1317/580
f 1317/580 1421/530 1415/532
f 1317/580 1415/532 1423/529
f 1317/580 1423/529 1428/581
f 1317/580 1428/581 1438/574
f 1317/580 1438/574 1579/577
f 1317/580 1579/577 1555/582
f 1317/580 1555/582 1553/583
f 1317/580 1553/583 1566/584
f 1317/580 1566/584 1116/585
f 1859/586 1558/587 1084/588
f 1472/589 1944/590 1859/586
f 1899/591 1859/586 1946/592
f 1900/593 1861/594 1899/591
f 1900/593 1949/595 1703/596
f 1861/594 1703/596 1560/597
f 1560/597 1703/596 1656/598
f 1560/597 1656/598 1589/599
f 1560/597 1589/599 1397/600
f 1703/596 1949/595 1713/601
f 1713/601 1949/595 1705/602
f 1705/602 1949/595 1791/603
f 1705/602 1791/603 1677/604
f 1677/604 1791/603 1743/605
f 1677/604 1743/605 1662/606
f 1662/606 1743/605 1664/607
f 1664/607 1743/605 1717/608
f 1791/603 1949/595 1799/609
f 1799/609 1949/595 1787/610
f 1787/610 1949/595 1739/611
f 1739/611 1949/595 1795/612
f 1795/612 1949/595 1793/613
f 1793/613 1949/595 1809/614
f 1809/614 1949/595 1765/615
f 1765/615 1949/595 1701/616
f 1962/617 1960/618 2158/619
f 2386/620 2272/621 2158/619
f 1027/622 1025/623 1048/624
f 1048/624 1084/588 1203/625
f 1203/625 1558/587 1322/626
f 1322/626 1558/587 1560/597
f 1322/626 1560/597 1358/627
f 1358/627 1560/597 1397/600
f 1128/628 1322/626 1320/629
f 1127/630 1320/629 1114/631
f 1114/631 1320/629 1345/632
f 1114/631 1345/632 1347/633
f 1114/631 1347/633 1253/634
f 1253/634 1347/633 1327/635
f 1253/634 1327/635 1303/636
f 1114/631 1253/634 1251/637
f 1114/631 1251/637 1270/638
f 1114/631 1270/638 1331/639
f 1114/631 1331/639 1363/640
f 1114/631 1363/640 1389/641
f 1114/631 1389/641 1408/579
f 1114/631 1408/579 1315/578
f 1030/642 1114/631 1116/585
f 1030/642 1116/585 1566/584
f 1030/642 1566/584 1571/643
f 1030/642 1571/643 1598/644
f 1030/642 1598/644 1628/645
f 1030/642 1628/645 1701/616
f 1427/646 1030/642 1701/616
f 1589/599 1410/647 1397/600
f 1410/647 1589/599 1497/648
f 479 470 469
f 481 477 480
f 469 478 479
f 471 477 472
f 481 472 477
f 471 480 477
f 1011 452 510
f 1016 1369 1015
f 2180 1476 1384
f 2180 1485 1476
f 2180 1384 1369
f 1715 2180 1369
f 1382 1384 1474
f 1476 1474 1384
f 1483 1485 2265
f 2265 1485 2180
f 1558 1559 1560
f 1559 1558 1557
f 1860/649 1559/650 1557/651
f 1557/651 1858/652 1860/649
f 358/1258 441/1259 359/1260
f 442/1261 359/1260 441/1259
f 386 385 358
f 358 359 386
f 1478 1474 1477
f 1478 1480 1479
f 1477 1474 1475
f 1479 1474 1478
f 1474 1476 1475
f 1385 1370 1368
f 1368 1383 1385
f 1475 1484 1486
f 1486 1477 1475
f 474 470 454
f 483 454 479
f 454 483 516
f 470 479 454
f 516 504 454
f 1088/653 772/654 771/534
f 771/534 1087/533 1088/653
f 1859 1861 1860
f 1860 1858 1859
f 358 443 441
f 443 358 385
f 359 442 444
f 444 386 359
f 485 481 480
f 480 484 485
f 483 479 478
f 478 482 483
f 444 441 443
f 441 444 442
f 388/1262 379/1263 384/1264
f 379/1263 388/1262 377/1265
f 279/1266 447/1267 275/1268
f 275/1268 447/1267 310/1269
f 310/1269 447/1267 419/1270
f 448/1271 449/1272 419/1270
f 275/1268 310/1269 286/1273
f 310/1269 419/1270 312/1274
f 312/1274 419/1270 311/1275
f 311/1275 419/1270 307/1276
f 307/1276 419/1270 288/1277
f 288/1277 419/1270 274/1278
f 274/1278 419/1270 267/1279
f 267/1279 419/1270 414/1280
f 267/1279 414/1280 387/1281
f 449/1272 420/1282 419/1270
f 449/1272 411/1283 420/1282
f 449/1272 403/1284 411/1283
f 449/1272 402/1285 403/1284
f 449/1272 394/1286 402/1285
f 449/1272 391/1287 394/1286
f 335/1288 247/1289 391/1287
f 308/1290 214/1291 247/1289
f 280/1292 193/1293 214/1291
f 281/1294 194/1295 280/1292
f 192/1296 191/1297 213/1298
f 213/1298 214/1291 193/1293
f 213/1298 191/1297 275/1268
f 213/1298 275/1268 272/1299
f 213/1298 272/1299 246/1300
f 265/1301 246/1300 272/1299
f 246/1300 265/1301 264/1302
f 246/1300 264/1302 247/1289
f 247/1289 264/1302 266/1303
f 247/1289 266/1303 271/1304
f 247/1289 271/1304 273/1305
f 247/1289 273/1305 270/1306
f 247/1289 270/1306 267/1279
f 247/1289 267/1279 380/1307
f 380/1307 267/1279 387/1281
f 247/1289 380/1307 378/1308
f 247/1289 378/1308 377/1265
f 247/1289 377/1265 388/1262
f 247/1289 388/1262 391/1287
f 403/1284 407/1309 411/1283
f 414/1280 399/1310 387/1281
f 399/1310 414/1280 409/1311
f 274/1278 287/1312 288/1277
f 310/1269 289/1313 286/1273
f 289/1313 310/1269 306/1314
f 677/2674 680/2675 679/2676
f 673/2682 674/2683 675/2679
f 672/2681 673/2682 675/2679
f 671/2680 672/2681 675/2679
f 677/2674 671/2680 675/2679
f 278 446 297
f 313 208 297
f 494 447 512
f 446 510 447
f 445 510 446
f 450 514 451
f 449 514 450
f 494 514 449
f 1031 1030 1022
f 1022 1023 1031
f 2274 2273 2258
f 2258 2259 2274
f 1681 1680 1666
f 1666 1667 1681
f 466 465 449
f 464 463 447
f 449 450 466
f 2261 2262 2277
f 2277 2276 2261
f 1966 1965 1949
f 1949 1950 1966
f 740 741 752
f 753 752 741
f 446 447 463
f 315 209 314
f 313 463 314
f 318 212 317
f 316 465 317
f 741 451 514
f 1667 2184 1681
f 2278 1681 2184
f 1400 2184 1667
f 1400 753 1399
f 1399 741 1269
f 445/1315 410/1316 397/1317
f 410/1316 445/1315 415/1318
f 446/1319 415/1318 445/1315
f 446/1319 412/1320 415/1318
f 446/1319 398/1321 412/1320
f 446/1319 401/1322 398/1321
f 446/1319 395/1323 401/1322
f 446/1319 390/1324 395/1323
f 260/1325 390/1324 278/1326
f 262/1327 190/1328 189/1329
f 263/1330 397/1317 392/1331
f 277/1332 445/1315 397/1317
f 262/1327 392/1331 389/1333
f 259/1334 389/1333 382/1335
f 257/1336 382/1335 381/1337
f 256/1338 381/1337 258/1339
f 258/1339 383/1340 260/1325
f 282 195 212
f 318 466 450
f 491 490 507
f 299 211 281
f 299 449 316
f 1965 2272 2180
f 2180 1949 1965
f 1427 1949 1506
f 1503 1022 1030
f 445 1022 510
f 993 510 1022
f 2198 2219 2181
f 2263 2272 2273
f 2220 2273 2274
f 2275 2276 2221
f 2277 2184 2276
f 2278 2184 2277
f 1413 1414 1430
f 1431 1430 1414
f 1625 1562 1563
f 1562 1625 1624
f 1457 1460 1456
f 1460 1457 1461
f 1646 1645 1624
f 1624 1625 1646
f 1573 1574 1579
f 1580 1579 1574
f 1553 1554 1566
f 1567 1566 1554
f 1620 1638 1621
f 1639 1621 1638
f 1445 1444 1430
f 1430 1431 1445
f 1600 1565 1564
f 1565 1600 1601
f 1574 1573 1499
f 1499 1500 1574
f 1604 1613 1612
f 1613 1604 1605
f 1494 1495 1492
f 1493 1492 1495
f 1500 1499 1468
f 1468 1469 1500
f 1579 1580 1555
f 1556 1555 1580
f 1654 1645 1655
f 1646 1655 1645
f 1442 1481 1443
f 1482 1443 1481
f 1604 1620 1605
f 1621 1605 1620
f 1501 1502 1494
f 1495 1494 1502
f 2424/1543 2421/1544 2423/1545
f 2421/1544 2424/1543 2425/1546
f 2421/1544 2425/1546 2433/1547
f 2421/1544 2433/1547 2419/1548
f 2419/1548 2433/1547 2432/1549
f 2419/1548 2432/1549 2420/1550
f 2420/1550 2432/1549 2426/1551
f 2420 2426 2422
f 1434 1435 1416
f 1417 1416 1435
f 1434 1442 1435
f 1443 1435 1442
f 1416 1417 1413
f 1414 1413 1417
f 1469 1468 1438
f 1438 1439 1469
f 1445 1456 1444
f 1456 1445 1457
f 1563 1490 1491
f 1490 1563 1562
f 1460 1461 1466
f 1467 1466 1461
f 1491 1490 1466
f 1466 1467 1491
f 1555 1556 1553
f 1554 1553 1556
f 2303 2312 2305
f 2314 2305 2312
f 2419 2420 2429
f 2430 2429 2420
f 2301 2294 2290
f 2294 2301 2306
f 1612 1601 1600
f 1601 1612 1613
f 2300 2290 2289
f 2290 2300 2301
f 1439 1438 1428
f 1428 1429 1439
f 2294 2306 2298
f 2310 2298 2306
f 1638 1654 1639
f 1655 1639 1654
f 2305 2313 2304
f 2313 2305 2314
f 1564 1502 1501
f 1502 1564 1565
f 2313 2299 2304
f 2299 2313 2311
f 2422 2435 2420
f 2430 2420 2435
f 1481 1492 1482
f 1493 1482 1492
f 2433 2425 2441
f 2438 2441 2425
f 2297 2299 2309
f 2311 2309 2299
f 2433 2441 2440
f 2440 2432 2433
f 2429 2421 2419
f 2421 2429 2431
f 2424 2437 2425
f 2438 2425 2437
f 2234 2205 2211
f 2205 2234 2228
f 2295 2307 2293
f 2302 2293 2307
f 2423 2437 2424
f 2437 2423 2436
f 2303 2298 2312
f 2310 2312 2298
f 2206 2235 2212
f 2235 2206 2229
f 2296 2308 2307
f 2307 2295 2296
f 2223 2203 2200
f 2203 2223 2226
f 2226 2204 2203
f 2204 2226 2227
f 2215 2255 2213
f 2236 2213 2255
f 2304/1552 2296/1553 2305/1554
f 2296/1553 2304/1552 2297/1555
f 2297/1555 2304/1552 2299/1556
f 2305/1554 2298/1557 2303/1558
f 2298/1557 2305/1554 2289/1559
f 2289/1559 2305/1554 2296/1553
f 2289/1559 2296/1553 2293/1560
f 2293/1560 2296/1553 2295/1561
f 2298/1557 2290/1562 2294/1563
f 2290/1562 2298/1557 2289/1559
f 2431 2423 2421
f 2423 2431 2436
f 2432 2440 2426
f 2439 2426 2440
f 2218 2217 2257
f 2256 2257 2217
f 2222 2260 2255
f 2255 2215 2222
f 2297 2309 2296
f 2308 2296 2309
f 2202 2204 2225
f 2227 2225 2204
f 2206 2202 2229
f 2225 2229 2202
f 2212 2235 2214
f 2249 2214 2235
f 2289 2293 2300
f 2302 2300 2293
f 636/1954 566/1955 607/1956
f 566/1955 636/1954 541/1957
f 541/1957 636/1954 638/1958
f 541/1957 638/1958 545/1959
f 545/1959 638/1958 657/1960
f 545/1959 657/1960 688/1961
f 545/1959 688/1961 547/1962
f 547/1962 688/1961 531/1963
f 531/1963 688/1961 719/1964
f 531/1963 719/1964 723/1965
f 531/1963 723/1965 587/1966
f 587/1966 723/1965 721/1967
f 2439 2422 2426
f 2422 2439 2435
f 2214 2256 2217
f 2256 2214 2249
f 1332 1331 1270
f 1270 1271 1332
f 1425 1426 1423
f 1424 1423 1426
f 1251 1252 1270
f 1271 1270 1252
f 1253 1303 1254
f 1304 1254 1303
f 1364 1363 1331
f 1331 1332 1364
f 1809 1794 1793
f 1794 1809 1810
f 1409 1421 1408
f 1421 1409 1422
f 2214/1564 2206/1565 2212/1566
f 2206/1565 2214/1564 2202/1567
f 2202/1567 2214/1564 2204/1568
f 2204/1568 2214/1564 2217/1569
f 2204/1568 2217/1569 2218/1570
f 2204/1568 2218/1570 2222/1571
f 2204/1568 2200/1572 2203/1573
f 2200/1572 2204/1568 2222/1571
f 2200/1572 2222/1571 2215/1574
f 2200/1572 2215/1574 2201/1575
f 2201/1575 2215/1574 2205/1576
f 2205/1576 2215/1574 2211/1577
f 2211/1577 2215/1574 2213/1578
f 2213 2236 2211
f 2234 2211 2236
f 1390 1409 1408
f 1408 1389 1390
f 1253 1254 1251
f 1252 1251 1254
f 1363 1364 1389
f 1390 1389 1364
f 1421 1426 1425
f 1426 1421 1422
f 2218 2257 2222
f 2260 2222 2257
f 2200 2201 2223
f 2224 2223 2201
f 1429 1428 1423
f 1423 1424 1429
f 2228 2201 2205
f 2201 2228 2224
f 1656 1703 1657
f 1704 1657 1703
f 1346 1347 1345
f 1347 1346 1348
f 1791 1744 1743
f 1744 1791 1792
f 1787 1739 1788
f 1740 1788 1739
f 1662 1678 1677
f 1678 1662 1663
f 1599 1598 1571
f 1571 1572 1599
f 1347 1348 1327
f 1328 1327 1348
f 1566 1567 1571
f 1572 1571 1567
f 1705 1714 1713
f 1714 1705 1706
f 1327 1328 1303
f 1304 1303 1328
f 1664 1663 1662
f 1663 1664 1665
f 1629 1628 1598
f 1598 1599 1629
f 1322 1323 1320
f 1321 1320 1323
f 1321 1345 1320
f 1345 1321 1346
f 1809 1765 1810
f 1766 1810 1765
f 1766 1701 1702
f 1701 1766 1765
f 1677 1706 1705
f 1706 1677 1678
f 1793 1796 1795
f 1796 1793 1794
f 1702 1628 1629
f 1628 1702 1701
f 1791 1799 1792
f 1800 1792 1799
f 1703 1713 1704
f 1714 1704 1713
f 1589 1656 1590
f 1657 1590 1656
f 1497 1589 1498
f 1590 1498 1589
f 1743 1718 1717
f 1718 1743 1744
f 1739 1795 1740
f 1796 1740 1795
f 1358 1397 1359
f 1398 1359 1397
f 1358 1323 1322
f 1323 1358 1359
f 1664 1717 1665
f 1718 1665 1717
f 1497 1411 1410
f 1411 1497 1498
f 2383 2274 2376
f 2383 2443 2388
f 2374 2442 2375
f 2376 2259 2375
f 2377 2445 2378
f 2379 2262 2378
f 2233 2232 2192
f 2374 2258 2273
f 2387 2450 2442
f 2377 2261 2276
f 2390 2454 2445
f 2379 2446 2385
f 2391 2277 2385
f 834/655 1276/656 1202/383
f 1898/306 1296/307 1403/75
f 1779/384 1202/383 1276/656
f 871/382 230/381 806/657
f 1004/308 1403/75 1296/307
f 1933/309 1403/75 1957/32
f 2494/984 2493/985 2498/986
f 2492 2493 2468
f 157/1027 146/1063 162/1341
f 184 219 164
f 1855 1295 1307
f 886/310 1295/311 1231/312
f 903 215 885
f 1836/1 2474/313 1849/314
f 2482/786 2470/987 2487/988
f 888/658 1278/659 1272/336
f 1848 1278 1301
f 169/1342 168/1343 174/1119
f 167 168 186
f 2485/789 2483/989 2489/990
f 2479/788 2483/989 2472/991
f 2473/992 2472/991 2483/989
f 176/1117 174/1119 168/1343
f 177/1118 182/1344 171/1345
f 883/4 1273/315 889/316
f 898/317 1293/318 1273/315
f 1824/3 1273/315 1293/318
f 1823/340 1272/336 1278/659
f 892/335 178/660 882/661
f 2464 2457 2484
f 2465 2468 2493
f 172 183 162
f 216 217 183
f 202 183 217
f 921 1307 1295
f 1830 2461 1867
f 1866 1306 1854
f 920 1306 1280
f 1813 1280 1306
f 918 1301 1278
f 1825 2457 1862
f 205 186 168
f 203 215 175
f 840/319 1204/50 1035/103
f 1725/48 1204/50 1652/49
f 868/320 1231/312 1045/23
f 1736/24 1231/312 1295/311
f 160/1346 158/1032 164/1347
f 155/1029 158/1032 147/1031
f 2500/715 2498/986 2493/985
f 2496/993 2498/986 2499/716
f 366/2628 368/2629 365/2626
f 372/2632 368/2629 370/2633
f 353 348 352
f 344 348 345
f 998/2967 1319/2969 1284/2963
f 1768/2975 2333/2980 1769/2976
f 2341/2653 2346/2651 2343/2645
f 2331/2658 2327/2662 2351/2654
f 997/2970 1318/2973 998/2967
f 1767/2734 1318/2740 1376/2733
f 2350/2704 2345/2711 2416/2703
f 2340 2345 2329
f 342 345 363
f 349 345 348
f 1943/372 1496/662 1507/663
f 1119/369 1496/662 1230/405
f 2332/2660 2329/2656 2341/2653
f 2328 2329 2345
f 1955/664 1541/366 1959/364
f 1123/367 809/371 1124/665
f 1953/666 1507/663 1955/664
f 1122/368 1507/663 1496/662
f 2198 2180 2263
f 2199 2219 2220
f 2189 2184 2254
f 2188 2216 2210
f 1709/2770 1255/2766 1324/2768
f 985/667 1255/668 1147/500
f 986/2767 1263/2769 650/2758
f 1710/321 1263/322 1623/125
f 2181 2182 2188
f 2183 2182 2199
f 513 512 500
f 511 512 447
f 1716 1269 1627
f 994 1269 741
f 993 1268 1016
f 1715 1268 1503
f 2338/2650 2343/2645 2342/2643
f 2349/2644 2343/2645 2346/2651
f 2337/2648 2342/2643 2339/2646
f 2347/2639 2342/2643 2343/2645
f 900 975 1168
f 1635 1169 1291
f 899 900 1153
f 1633 1168 1169
f 1260/2775 650/2758 1325/2772
f 1710/2776 2170/2779 1325/2772
f 2129/2788 2056/2781 2130/2790
f 2131/2786 2170/2779 2130/2790
f 1344/2774 2166/2773 1324/2768
f 1324/2768 1255/2766 645/2763
f 562/2754 645/2763 495/2759
f 563/2751 650/2758 562/2754
f 370/2633 373/2636 375/2634
f 370/2633 368/2629 363/2630
f 2135/2818 2058/2828 2190/2827
f 2135/2818 2176/2814 2063/2803
f 676/2855 679/2831 642/2850
f 642/2850 517/2854 586/2860
f 2131/2786 2062/2784 2170/2779
f 2131/2786 2130/2790 2057/2791
f 1344/2774 1547/2780 2166/2773
f 1344/2774 1324/2768 672/2771
f 1004/308 303/72 1141/74
f 1141/74 1902/77 1957/32
f 1412/2881 1289/2879 745/2875
f 1420/2887 2371/2886 1412/2881
f 2413/2919 2414/2915 2446/2912
f 2412/2926 2358/2925 2413/2919
f 1420/2887 1552/2892 2371/2886
f 1420/2887 1412/2881 757/2884
f 2412/2926 2413/2919 2445/2923
f 2412/2926 2443/2931 2358/2925
f 255/2888 346/2896 209/2895
f 255/2888 211/2885 355/2876
f 349 354 357
f 369 363 357
f 369/2635 370/2633 363/2630
f 369 357 373
f 647 650 648
f 649 646 648
f 1261 651 650
f 1261 2067 2068
f 647/2762 562/2754 650/2758
f 647 648 645
f 649 675 646
f 649 648 651
f 1260/2775 1325/2772 2067/2778
f 1260 1261 650
f 1248 651 1262
f 1262 1261 2068
f 1245/3017 680/3019 1265/3013
f 1265/3013 2064/3016 2063/3014
f 676/2678 671/2680 677/2674
f 678/2677 680/2675 677/2674
f 1266/3018 2065/3021 2064/3016
f 1266/3018 1265/3013 680/3019
f 678 675 662
f 662 649 651
f 1248 680 651
f 1248 1262 2038
f 1267/3023 1266/3018 680/3019
f 1267/3023 2038/3024 2065/3021
f 1078/3009 671/3010 1264/3008
f 1313/2859 2055/2834 1264/2864
f 676/2855 642/2850 671/2861
f 676/2678 677/2674 679/2676
f 1129/76 1141/74 303/72
f 1129/76 1888/79 1902/77
f 1399 753 741
f 1716 2184 1399
f 1259 1248 2038
f 1259/3025 1267/3023 680/3019
f 678 662 680
f 678/2677 677/2674 675/2679
f 1142/669 1674/352 1046/404
f 878/407 161/670 1046/404
f 513 514 494
f 448 447 494
f 1140 753 1400
f 1400 1399 2184
f 1312/346 1853/343 1093/348
f 1093/348 796/390 232/349
f 1245/3017 1265/3013 2005/3015
f 1245/3017 679/3022 680/3019
f 159/1030 165/1034 116/1033
f 99/1036 78/1008 116/1033
f 1147/500 1255/668 1925/465
f 1147/500 668/498 495/497
f 2060/2668 2058/2669 2061/2664
f 2061/2824 2135/2818 2063/2803
f 1244/2825 1095/2829 679/2831
f 1244/3020 1245/3017 2005/3015
f 1313/2859 1264/2864 720/2867
f 1360/2853 2055/2834 1313/2859
f 1120/78 1129/76 303/72
f 1120/78 1841/81 1888/79
f 2637/709 2648/704 2607/711
f 2322/34 2495/51 2607/27
f 197/385 161/670 66/379
f 18/1060 1/1056 66/1061
f 67/1090 86/1050 165/1034
f 17 5 67
f 1032/101 76/8 1035/103
f 1035/103 1204/50 1649/47
f 1094/80 1120/78 303/72
f 1241/106 1841/81 1094/80
f 1197/499 1147/500 1925/465
f 1195/502 668/498 1197/499
f 1201/503 1919/501 1929/504
f 1196/506 668/498 1201/503
f 1195/502 1197/499 1919/501
f 1195/502 1201/503 668/498
f 1196/506 1201/503 1923/505
f 1183/508 668/498 1196/506
f 1014/99 76/8 1032/101
f 1032/101 1035/103 1619/102
f 1130/12 1652/49 1036/7
f 840/319 76/8 1036/7
f 1183/508 1196/506 1917/507
f 1164/510 668/498 1183/508
f 1198/515 1911/514 1927/473
f 1198/515 822/442 668/498
f 160/1346 165/1034 159/1030
f 159/1030 116/1033 147/1031
f 2/1348 1/1056 8/1055
f 12/1067 10/1052 8/1055
f 1203/625 1084/588 1558/587
f 1128/628 1030/642 1203/625
f 2158/619 1960/618 2449/671
f 2158/619 2272/621 1965/672
f 2392/886 2455/885 2456/994
f 2392/886 2278/888 2277/995
f 538/227 451/226 741/323
f 538/227 746/229 196/324
f 1570/2848 2055/2834 1360/2853
f 1360/2853 1313/2859 773/2863
f 999/97 76/8 1014/99
f 1014/99 1032/101 1585/100
f 885/673 161/670 1047/376
f 1047/376 1299/356 1676/350
f 1164/510 1183/508 1903/509
f 1165/511 668/498 1164/510
f 1257/2096 1061/2094 1059/2090
f 1257/2096 1527/2092 1530/2085
f 1170/513 1909/493 1911/514
f 1170/513 1198/515 668/498
f 1165/511 1164/510 1905/494
f 1166/512 668/498 1165/511
f 1166/512 1165/511 1909/493
f 1166/512 1170/513 668/498
f 2128/2785 2056/2781 2129/2788
f 2129/2788 2130/2790 2169/2792
f 563/2751 562/2754 496/2749
f 564/2755 650/2758 563/2751
f 2622/690 2645/682 2613/692
f 2573/723 2502/693 2613/692
f 2505/740 2495/712 2499/716
f 2499/716 2498/986 2502/693
f 197/385 66/379 230/381
f 198/386 161/670 197/385
f 2389/883 2451/882 2452/902
f 2288/909 2274/996 2323/907
f 1048/624 1025/623 1084/588
f 1048/624 1203/625 1030/642
f 308/1290 449/1272 280/1292
f 280/1292 194/1295 193/1293
f 1622/232 1672/231 1552/186
f 1587/236 1667/247 1622/232
f 2393/887 2392/886 2456/994
f 2171/305 2278/301 2393/303
f 2373/970 2272/968 2386/952
f 2386/620 2158/619 2449/671
f 323/1242 451/1229 283/1244
f 283/225 538/227 196/324
f 501/568 445/565 277/567
f 263/1330 189/1329 277/1332
f 1045/23 725/21 165/11
f 1045/23 1231/312 1650/26
f 2385 2446 2455
f 2385 2277 2262
f 297 446 463
f 297 208 190
f 2375 2442 2443
f 2375 2259 2258
f 2378 2445 2446
f 2378 2262 2261
f 742 740 749
f 754 757 749
f 1668 1666 1679
f 1682 1685 1679
f 314 209 208
f 314 463 464
f 317 212 211
f 317 465 466
f 1948 1945 1954
f 1964 1966 1954
f 1021 1018 1024
f 1029 1031 1024
f 2388/881 2389/883 2274/996
f 2388 2443 2451
f 2391/884 2392/886 2277/995
f 2391 2385 2455
f 2390/915 2418/906 2454/905
f 2384 2276 2390
f 2394/963 2450/957 2387/975
f 2382 2273 2387
f 2376 2274 2259
f 2376 2375 2443
f 2374 2375 2258
f 2382 2442 2374
f 2377 2378 2261
f 2384 2445 2377
f 2379 2378 2446
f 2379 2385 2262
f 298 447 279
f 279/1266 275/1268 191/1297
f 298 209 315
f 315 314 464
f 282/1252 238/1250 195/1247
f 300 450 282
f 756/191 874/187 758/189
f 755 753 756
f 744/228 538/227 741/323
f 744 745 746
f 1670/230 1622/232 1667/247
f 1670 1671 1672
f 742 749 745
f 742 741 740
f 754 749 752
f 755 757 754
f 1668 1679 1671
f 1668 1667 1666
f 1682 1679 1680
f 1683 1685 1682
f 1683 1681 1684
f 1684/298 1785/295 1686/296
f 1948 1954 1950
f 1947 1945 1948
f 1964 1954 1961
f 1964 1965 1966
f 1021 1024 1023
f 1020 1018 1021
f 1029 1024 1026
f 1029 1030 1031
f 1027 1026 1025
f 1027/622 1048/624 1030/642
f 1020 1022 1019
f 1019/561 912/556 1017/559
f 1962 1961 1960
f 1962/617 2158/619 1965/672
f 1947 1949 1946
f 1946/592 1859/586 1944/590
f 281/1294 280/1292 449/1272
f 281 211 194
f 278 297 190
f 278/1326 390/1324 446/1319
f 313 297 463
f 313 314 208
f 318 317 466
f 300 212 318
f 316 317 211
f 316 449 465
f 2383 2376 2443
f 2383 2388 2274
f 2382 2374 2273
f 2382 2387 2442
f 2384 2377 2276
f 2384 2390 2445
f 298 279 209
f 298 315 447
f 1669 1668 1671
f 1669 1670 1667
f 755 754 753
f 755 756 757
f 743 742 745
f 743 744 741
f 1683 1682 1681
f 1683 1684 1685
f 1028 1029 1026
f 1028 1027 1030
f 1020 1021 1022
f 1020 1019 1018
f 1963 1964 1961
f 1963 1962 1965
f 1947 1948 1949
f 1947 1946 1945
f 300 282 212
f 300 318 450
f 299 281 449
f 299 316 211
f 968/95 76/8 999/97
f 999/97 1014/99 1505/98
f 2631/997 2639/680 2588/684
f 2588/684 2524/688 2491/685
f 2409/908 2389/883 2452/902
f 2409/908 2320/893 2306/895
f 2410/962 2450/957 2394/963
f 2394/963 2387/975 2280/964
f 1753/2934 2358/2925 1576/2930
f 1576/2930 1026/2933 1018/2920
f 1581/2941 1084/2948 1025/2945
f 1582/2937 2358/2925 1581/2941
f 1582/2937 1581/2941 1026/2933
f 1582/2937 1576/2930 2358/2925
f 2638/697 2648/704 2635/700
f 2635/700 2569/703 2572/701
f 915/93 76/8 968/95
f 968/95 999/97 1437/96
f 2632/702 2635/700 2648/704
f 2632/702 2627/705 2569/703
f 335/1288 449/1272 308/1290
f 308/1290 280/1292 214/1291
f 1308/419 1853/343 1959/364
f 1308/419 798/421 796/390
f 1310/420 1308/419 1959/364
f 1310/420 819/423 798/421
f 826/190 756/191 753/194
f 826/190 872/193 874/187
f 1899/591 1946/592 1949/595
f 1899/591 1861/594 1859/586
f 1124/665 813/424 1326/365
f 1335/422 1959/364 1326/365
f 2128/2785 2168/2787 2167/2783
f 2167/833 2154/825 2166/824
f 564/2755 497/2748 498/2760
f 521/1155 499/1160 498/1147
f 1335/422 1310/420 1959/364
f 1335/422 1326/365 819/423
f 2322/34 2607/27 2134/29
f 2324/38 2495/51 2322/34
f 198/386 197/385 232/349
f 537/392 161/670 198/386
f 1126/445 822/442 1309/474
f 1309/474 1198/515 1927/473
f 1230/405 1496/662 1890/373
f 1142/669 794/370 1230/405
f 887/91 76/8 915/93
f 915/93 968/95 1396/94
f 2622/690 2602/689 2645/682
f 2622/690 2613/692 2525/691
f 2220 2219 2273
f 2221 2184 2220
f 1506 2180 1503
f 1503 1268 1022
f 1506 1949 2180
f 1506 1503 1030
f 2221 2220 2274
f 2221 2276 2184
f 2113/846 2100/845 2168/829
f 2080/998 2023/847 2113/846
f 641/1176 684/1181 615/1180
f 615/1180 631/1126 497/1148
f 879/89 76/8 887/91
f 887/91 915/93 1355/92
f 881/85 841/84 76/8
f 881/85 1341/88 1343/86
f 614/1173 643/1172 683/1179
f 614/1173 535/1175 496/1170
f 880/87 881/85 76/8
f 880/87 1339/90 1341/88
f 879/89 880/87 76/8
f 879/89 887/91 1339/90
f 326/1251 282/1252 450/1232
f 268/1254 238/1250 326/1251
f 2373/970 2386/952 2436/954
f 2373/970 2279/967 2272/968
f 2324/38 2322/34 2147/35
f 2319/40 2495/51 2324/38
f 2128/2785 2167/2783 2056/2781
f 2128/2785 2129/2788 2168/2787
f 564/2755 498/2760 650/2758
f 564/2755 563/2751 497/2748
f 325/1240 451/1229 323/1242
f 323/1242 283/1244 227/1243
f 1473/2950 1084/2948 1642/2947
f 1642/2947 1581/2941 2358/2925
f 61/1041 36/1040 131/1037
f 38/1078 11/1042 61/1041
f 1721/297 1684/298 1681/299
f 1782/325 1785/295 1721/297
f 2171/305 2393/303 2144/293
f 2171/305 2139/302 2278/301
f 537/392 198/386 769/387
f 532/394 161/670 537/392
f 1839/674 1276/656 1897/357
f 9/1051 5/1077 4/1053
f 2/1348 8/1055 3/1054
f 942/326 1296/307 835/70
f 806/657 1/380 834/655
f 1933/309 2648/28 1898/306
f 532/394 537/392 763/393
f 534/396 161/670 532/394
f 34/1349 83/1080 23/1076
f 21/1084 5/1077 23/1076
f 327/1238 451/1229 325/1240
f 325/1240 323/1242 235/1241
f 332/1235 451/1229 327/1238
f 327/1238 325/1240 239/1239
f 1209/391 1093/348 1853/343
f 1209/391 1308/419 796/390
f 2319/40 2324/38 2127/39
f 2319/40 2402/41 2495/51
f 534/396 532/394 767/395
f 533/398 161/670 534/396
f 2411/901 2417/903 2320/893
f 2411/901 2409/908 2452/902
f 25/1089 84/1088 86/1050
f 25/1089 67/1090 5/1077
f 2381/969 2373/970 2436/954
f 2380/974 2279/967 2381/969
f 12/1067 8/1055 27/1057
f 13/1069 10/1052 12/1067
f 21/1084 23/1076 79/1083
f 22/1086 5/1077 21/1084
f 533/398 534/396 765/397
f 543/400 161/670 533/398
f 984/560 1019/561 1022/562
f 984/560 914/563 912/556
f 99/1036 116/1033 138/1035
f 94/1038 78/1008 99/1036
f 2380/974 2381/969 2431/971
f 2380/974 2315/973 2279/967
f 501/568 277/567 523/557
f 501/568 525/566 445/565
f 24/1087 82/1085 84/1088
f 24/1087 25/1089 5/1077
f 261/1350 189/1329 263/1330
f 263/1330 277/1332 397/1317
f 22/1086 21/1084 82/1085
f 22/1086 24/1087 5/1077
f 543/400 533/398 776/399
f 548/402 161/670 543/400
f 334/1234 451/1229 332/1235
f 332/1235 327/1238 243/1236
f 13/1069 12/1067 28/1068
f 14/1071 10/1052 13/1069
f 2356/914 2321/896 2418/906
f 2356/914 2390/915 2276/911
f 1142/669 1046/404 794/370
f 1142/669 1230/405 1674/352
f 26/1075 33/1017 78/1008
f 26/1075 35/1039 10/1052
f 261/1350 392/1331 262/1327
f 259/1334 190/1328 262/1327
f 570/403 778/401 794/370
f 570/403 1046/404 161/670
f 334/1234 444/1230 451/1229
f 334/1234 332/1235 244/1237
f 548/402 543/400 778/401
f 548/402 570/403 161/670
f 94/1038 99/1036 131/1037
f 94/1038 35/1039 78/1008
f 806/657 834/655 1202/383
f 806/657 230/381 1/380
f 1779/384 1851/342 1202/383
f 1839/674 2476/359 1779/384
f 335/1288 391/1287 449/1272
f 335/1288 308/1290 247/1289
f 261/1350 262/1327 189/1329
f 261/1350 263/1330 392/1331
f 259/1334 262/1327 389/1333
f 257/1336 190/1328 259/1334
f 2098/834 2071/836 2154/825
f 2098/834 2102/868 2019/835
f 1239/107 843/82 841/84
f 1239/107 1752/109 1802/105
f 260/1325 278/1326 190/1328
f 260/1325 383/1340 390/1324
f 14/1071 13/1069 30/1070
f 15/1073 10/1052 14/1071
f 1241/106 1094/80 843/82
f 1241/106 1802/105 1841/81
f 2610/687 2588/684 2639/680
f 2610/687 2601/785 2524/688
f 16/1074 31/1072 33/1017
f 16/1074 26/1075 10/1052
f 15/1073 14/1071 31/1072
f 15/1073 16/1074 10/1052
f 1125/22 1045/23 1650/26
f 1125/22 729/68 725/21
f 2210 2216 2248
f 2209 2180 2210
f 1630 2184 1627
f 1627 1269 1099
f 1130/12 1036/7 727/9
f 1133/54 1652/49 1130/12
f 1240/104 1241/106 843/82
f 1240/104 1239/107 1802/105
f 2410/962 2439/960 2450/957
f 2410/962 2394/963 2316/965
f 1687 2184 1630
f 1630 1627 1110
f 2208 2180 2209
f 2209 2210 2247
f 1004/308 1141/74 1403/75
f 942/326 303/72 1004/308
f 1933/309 1898/306 1403/75
f 1933/309 1957/32 2648/28
f 1623/125 2042/122 2170/121
f 1623/125 1263/322 1104/126
f 896/418 1274/417 1299/356
f 896/418 1047/376 161/670
f 258/1339 381/1337 383/1340
f 258/1339 260/1325 190/1328
f 257/1336 259/1334 382/1335
f 256/1338 190/1328 257/1336
f 256/1338 257/1336 381/1337
f 256/1338 258/1339 190/1328
f 884/416 1246/415 1274/417
f 884/416 896/418 161/670
f 1216/108 1239/107 841/84
f 1216/108 1691/111 1752/109
f 1131/67 739/66 729/68
f 1131/67 1125/22 1650/26
f 2159/832 2155/831 2154/825
f 2159/832 2167/833 2168/829
f 1575/124 1623/125 1104/126
f 1631/132 2042/122 1575/124
f 1587/236 1622/232 1463/233
f 1586/238 1667/247 1587/236
f 2448/2932 2452/2939 2443/2931
f 2448/2932 2445/2923 2454/2936
f 2275/910 2306/895 2276/911
f 2275 2221 2274
f 2444/2929 2412/2926 2445/2923
f 2444/2929 2448/2932 2443/2931
f 1427/646 1701/616 1949/595
f 1427 1506 1030
f 1140/285 927/224 753/194
f 1140 1400 1667
f 210/2890 255/2888 209/2895
f 210/2890 193/2894 211/2885
f 448/1271 419/1270 447/1267
f 448 494 449
f 1133/54 1130/12 731/13
f 1133/54 1650/26 1652/49
f 1132/53 1133/54 731/13
f 1136/56 1650/26 1132/53
f 1258/2084 1063/2086 1061/2094
f 1258/2084 1257/2096 1530/2085
f 1256/2097 1525/2088 1527/2092
f 1256/2097 1257/2096 1059/2090
f 878/407 1046/404 1249/406
f 876/409 161/670 878/407
f 2469 2493 2494
f 2496/993 2495/712 2494/984
f 1854/378 1676/350 2491/375
f 1854 1306 1277
f 1770/327 1295/311 1855/52
f 1867 2495 1855
f 164 219 165
f 164/1347 158/1032 163/1028
f 908 1295 886
f 868/320 165/11 886/310
f 2497/999 2493/985 2492/713
f 2484 2491 2492
f 885/673 1047/376 1277/377
f 885 215 161
f 162/1341 146/1063 161/1062
f 162 183 163
f 1078/3009 1264/3008 1547/3006
f 1078/3009 672/3012 671/3010
f 876/409 878/407 1242/408
f 869/411 161/670 876/409
f 889 219 170
f 889/316 1273/315 1294/2
f 904 1278 888
f 882/661 166/675 888/658
f 2466 2488 2487
f 2487/988 2470/987 2486/1000
f 173/1351 168/1343 167/1112
f 175 166 167
f 1849 1302 1294
f 1849/314 2474/313 2490/328
f 1833/676 1278/659 1848/332
f 1862 2486 1848
f 2481 2490 2489
f 2489/990 2483/989 2488/787
f 185 168 169
f 171/1345 170/1352 169/1342
f 1134/59 762/57 737/60
f 1138/62 1650/26 1134/59
f 324/1233 334/1234 244/1237
f 324/1233 386/1255 444/1230
f 1136/56 1132/53 748/55
f 1139/58 1650/26 1136/56
f 882/661 888/658 1272/336
f 882/661 178/660 166/675
f 893/329 1273/315 883/4
f 883/4 889/316 170/5
f 2647/1001 2648/704 2638/697
f 2638/697 2635/700 2630/698
f 171/1345 169/1342 174/1119
f 171/1345 182/1344 170/1352
f 2480/1002 2483/989 2485/789
f 2485/789 2489/990 2490/790
f 2479/788 2488/787 2483/989
f 2471/1003 2470/987 2479/788
f 176/1117 180/1116 174/1119
f 173/1351 178/1114 176/1117
f 1824/3 1294/2 1273/315
f 1835/330 2474/313 1824/3
f 1823/340 1279/339 1272/336
f 1833/676 2470/334 1823/340
f 1833/676 1848/332 2470/334
f 1833/676 1823/340 1278/659
f 173/1351 167/1112 178/1114
f 173/1351 176/1117 168/1343
f 1836/1 1824/3 2474/313
f 1836/1 1849/314 1294/2
f 2482/786 2479/788 2470/987
f 2482/786 2487/988 2488/787
f 1839/674 1897/357 2476/359
f 1839/674 1779/384 1276/656
f 1586/238 1587/236 1459/237
f 1583/240 1667/247 1586/238
f 1135/65 751/64 739/66
f 1135/65 1131/67 1650/26
f 877/414 1234/412 1246/415
f 877/414 884/416 161/670
f 18/1060 44/1059 1/1056
f 18/1060 66/1061 77/1005
f 1079/2777 1344/2774 672/2771
f 1079/3011 1078/3009 1547/3006
f 2059/2789 2131/2786 2057/2791
f 2060/2668 2062/2666 2059/2670
f 825/192 826/190 753/194
f 833/196 872/193 825/192
f 1900/593 1899/591 1949/595
f 1900/593 1703/596 1861/594
f 1311/344 1305/341 1853/343
f 1311/344 933/347 931/345
f 1139/58 1136/56 762/57
f 1139/58 1134/59 1650/26
f 1137/63 760/61 751/64
f 1137/63 1135/65 1650/26
f 1834/2729 1376/2733 1279/2736
f 1834/338 1823/340 2470/334
f 2473/2699 2416/2703 2472/2706
f 2480/1002 2474/791 2473/992
f 976/2708 1293/2701 898/2713
f 893/329 182/6 898/317
f 897/2745 461/2746 178/2742
f 897/337 1272/336 1279/339
f 179/2735 253/2731 180/2726
f 179/1115 176/1117 178/1114
f 2471/2715 2335/2716 2470/2720
f 2471/1003 2479/788 2472/991
f 1880/2690 2474/2692 1835/2696
f 1835/330 1824/3 1293/318
f 181/2719 375/2712 182/2718
f 181/1120 174/1119 180/1116
f 1138/62 1134/59 760/61
f 1138/62 1137/63 1650/26
f 1570/2848 1373/2844 2055/2834
f 1570/2848 1360/2853 1089/2852
f 1829 1306 1866
f 1866 1854 2491
f 1867 1855 1307
f 1867 2461 2495
f 201 183 172
f 172 162 161
f 2484 2492 2468
f 2484 2457 2491
f 2465 2459 2468
f 2469 2461 2465
f 202 163 183
f 218 219 202
f 921 1292 1307
f 908 219 921
f 920 1277 1306
f 905 215 920
f 205 217 186
f 185 219 205
f 1862 1848 1301
f 1862 2457 2486
f 175 167 186
f 175 215 166
f 1826 1302 1863
f 1863 1849 2490
f 2481 2489 2467
f 2481 2461 2490
f 906 219 919
f 919 1294 1302
f 918 1280 1301
f 904 215 918
f 2462 2459 2467
f 2466 2457 2462
f 893/329 883/4 182/6
f 893/329 898/317 1273/315
f 892/335 897/337 178/660
f 892/335 882/661 1272/336
f 2480/1002 2485/789 2474/791
f 2480/1002 2473/992 2483/989
f 177/1118 181/1120 182/1344
f 177/1118 171/1345 174/1119
f 1725/48 1649/47 1204/50
f 1725/48 1652/49 2402/41
f 840/319 1036/7 1204/50
f 840/319 1035/103 76/8
f 869/411 876/409 1232/410
f 870/413 161/670 869/411
f 870/413 869/411 1234/412
f 870/413 877/414 161/670
f 34/1349 11/1042 38/1078
f 38/1078 61/1041 85/1079
f 2469 2494 2461
f 2469 2465 2493
f 184 202 219
f 184 164 163
f 908 886 219
f 908 921 1295
f 903 920 215
f 903 885 1277
f 185 169 219
f 185 205 168
f 904 888 215
f 904 918 1278
f 907 919 219
f 907 889 1294
f 2466 2462 2488
f 2466 2487 2457
f 1814 1307 1292
f 1826 2461 1814
f 2460 2465 2461
f 2460 2467 2459
f 1813 1301 1280
f 1829 2457 1813
f 218 205 219
f 218 202 217
f 906 921 219
f 906 919 1292
f 2458 2468 2459
f 2458 2462 2457
f 905 918 215
f 905 920 1280
f 216 186 217
f 201 215 216
f 2060/2668 2061/2664 2062/2666
f 2060/2668 2059/2670 2058/2669
f 1312/346 1311/344 1853/343
f 1312/346 1093/348 933/347
f 1826 1863 2461
f 1826 1814 1302
f 1825 1813 2457
f 1825 1862 1301
f 2463 2481 2467
f 2463 2460 2461
f 203 216 215
f 203 175 186
f 2107/841 2099/840 2036/842
f 2107/841 2105/866 2157/830
f 1830 1814 2461
f 1830 1867 1307
f 1829 1866 2457
f 1829 1813 1306
f 2464 2458 2457
f 2464 2484 2468
f 201 172 215
f 201 216 183
f 1736/24 1650/26 1231/312
f 1770/327 2400/25 1736/24
f 868/320 886/310 1231/312
f 868/320 1045/23 165/11
f 160/1346 159/1030 158/1032
f 160/1346 164/1347 165/1034
f 155/1029 163/1028 158/1032
f 155/1029 147/1031 146/1063
f 1783 1785 1782
f 1782/325 1721/297 1780/300
f 2141 2140 2139
f 2141/304 2171/305 2144/293
f 1783 1782 1781
f 1783 1786 1785
f 2142 2141 2144
f 2143 2140 2142
f 1784 1783 1781
f 1784/176 1915/174 1786/175
f 2143 2142 2145
f 2143/181 2015/172 2140/179
f 34/1349 23/1076 11/1042
f 34/1349 38/1078 83/1080
f 1180/248 1405/217 867/249
f 1205/251 1667/247 1180/248
f 521/1155 498/1147 552/1149
f 521/1155 542/1156 499/1160
f 371/2728 375/2712 296/2725
f 296/2725 180/2726 253/2731
f 1886/2687 2474/2692 1880/2690
f 1880/2690 1835/2696 1351/2693
f 1007/2702 1351/2693 992/2705
f 976/2708 375/2712 992/2705
f 295/2741 253/2731 228/2737
f 228/2737 179/2735 178/2742
f 2404/2922 2413/2919 2358/2925
f 2404/2922 2364/2921 2414/2915
f 2434/2908 2446/2912 2414/2915
f 2434/2908 2371/2886 2456/2906
f 1167/110 1216/108 841/84
f 1167/110 1644/113 1691/111
f 942/326 835/70 303/72
f 942/326 1004/308 1296/307
f 2505/740 2499/716 2520/717
f 2503/742 2495/712 2505/740
f 640/1178 536/1177 535/1175
f 640/1178 683/1179 684/1181
f 1583/240 1586/238 1451/239
f 1588/244 1667/247 1583/240
f 1770/327 1855/52 2400/25
f 1770/327 1736/24 1295/311
f 1012/2739 1279/2736 1376/2733
f 997/2747 461/2746 1012/2739
f 2340/2717 2335/2716 2407/2710
f 2407/2710 2472/2706 2416/2703
f 1885/2727 1834/2729 2470/2720
f 1807/2730 1376/2733 1885/2727
f 2408/2700 2416/2703 2447/2695
f 2447/2695 2473/2699 2474/2692
f 1886/2687 1880/2690 1377/2685
f 1886/2687 2354/2689 2474/2692
f 2266 2265 2264
f 2207 2245 2264
f 457 458 462
f 500 476 462
f 2266 2264 2267
f 2266/942 2230/940 2265/939
f 457/1209 490/1207 458/1212
f 457 462 456
f 1011/536 1087/533 452/535
f 1015 1367 1011
f 1696/1985 1543/1976 2271/1984
f 1689 1192 1696
f 1013/2691 1286/2688 1377/2685
f 1008/2698 468/2697 1013/2691
f 2080/998 2137/848 2081/849
f 2081/849 2109/816 2024/850
f 157/1027 155/1029 146/1063
f 157/1027 162/1341 163/1028
f 2136/839 2157/830 2168/829
f 2136/839 2100/845 2099/840
f 1561/2820 1106/2821 1095/2829
f 1561/2820 1244/2825 2005/2801
f 2160/828 2156/827 2155/831
f 2160/828 2159/832 2168/829
f 2631/997 2574/686 2636/678
f 2636/361 2476/359 2643/358
f 17 67 76
f 17/73 303/72 5/71
f 2406/961 2410/962 2316/965
f 2406/961 2435/981 2439/960
f 2500/715 2502/693 2498/986
f 2497/999 2501/714 2500/715
f 2496/993 2494/984 2498/986
f 2496/993 2499/716 2495/712
f 1568/2816 2005/2801 1569/2813
f 1569/2813 1173/2811 1107/2817
f 1568/2816 1569/2813 1106/2821
f 1568/2816 1561/2820 2005/2801
f 2207 2180 2208
f 2208 2209 2246
f 1687 1630 1177
f 1688 2184 1687
f 2185/2823 2135/2818 2190/2827
f 2185/2823 2191/2826 2176/2814
f 970/2961 1284/2963 971/2957
f 972/2960 361/2958 971/2957
f 1733/2972 1284/2963 1747/2974
f 1769/2976 2334/2979 1747/2974
f 974/2981 1153/2983 1287/2985
f 974/2981 375/2984 376/2982
f 1749/2999 1287/2985 1750/3000
f 1750/3000 2284/3002 2355/3004
f 970/2961 971/2957 360/2959
f 988/2965 1284/2963 970/2961
f 973/2986 974/2981 1287/2985
f 973/2986 467/2988 375/2984
f 1749/2999 1750/3000 2354/3003
f 1749/2999 1286/2995 1287/2985
f 1007/2702 992/2705 467/2709
f 1008/2698 1351/2693 1007/2702
f 1008/2698 1013/2691 1351/2693
f 1008/2698 1007/2702 468/2697
f 976/2708 898/2713 375/2712
f 976/2708 992/2705 1293/2701
f 254/2722 296/2725 375/2712
f 254/2722 181/2719 180/2726
f 1755 2282 2359
f 1754 1282 1755
f 2368 2365 2369
f 2370 2372 2369
f 1731 1290 1758
f 1758 2371 2372
f 960 1283 1282
f 960 336 337
f 2362 2358 2359
f 2362 2366 2365
f 963 1290 964
f 965 356 964
f 340 347 341
f 341 338 337
f 1754 1281 1282
f 1754 1755 2358
f 2368 2364 2365
f 2368 2369 2371
f 1757 1758 1290
f 1756 2371 1757
f 351 355 352
f 352 348 347
f 959 960 1282
f 958 336 959
f 2361 2362 2365
f 2360 2358 2361
f 963 964 355
f 963 1289 1290
f 340 346 347
f 340 341 336
f 2363 2359 2357
f 2357 2336 2344
f 2370 2352 2372
f 2370 2369 2366
f 1753 1754 2358
f 1753/2934 1576/2930 1281/2927
f 2367 2368 2371
f 2367/2914 2414/2915 2364/2921
f 1756 1757 1289
f 1756/2883 1412/2881 2371/2886
f 351 352 346
f 351/2891 255/2888 355/2876
f 2363 2357 2366
f 2363 2362 2359
f 965 376 356
f 965 964 1291
f 969 1283 961
f 961 960 337
f 958 959 1281
f 958/2924 1018/2920 336/2907
f 2360 2361 2364
f 2360/2928 2404/2922 2358/2925
f 962 963 355
f 962/2877 745/2875 1289/2879
f 339 340 336
f 339/2904 209/2895 346/2896
f 1689 1696 2184
f 1689 1190 1192
f 1015 1011 510
f 1015 1369 1367
f 500 462 514
f 500 512 476
f 2207 2264 2180
f 2207 2208 2245
f 1688 1687 1190
f 1688 1689 2184
f 1016 1015 510
f 1016 1268 1369
f 969 1285 1283
f 969 961 361
f 975 965 1291
f 900 376 975
f 972/2960 971/2957 1285/2962
f 972 969 361
f 365/2626 367/2627 364/2622
f 295/2741 360/2744 364/2738
f 372/2632 375/2634 371/2631
f 371/2728 296/2725 367/2732
f 1748/2686 1377/2685 1286/2688
f 1748/3001 1749/2999 2354/3003
f 871/382 931/345 230/381
f 871/382 806/657 1202/383
f 1205/251 1180/248 923/250
f 1214/253 1667/247 1205/251
f 365/2626 364/2622 362/2624
f 365/2626 368/2629 367/2627
f 366/2628 365/2626 362/2624
f 366/2628 363/2630 368/2629
f 372/2632 371/2631 368/2629
f 372/2632 370/2633 375/2634
f 558/331 644/150 845/149
f 845/149 1041/151 1043/128
f 344 347 348
f 342 338 344
f 353 352 355
f 350 348 353
f 1472/2951 1084/2948 1473/2950
f 1473/2950 1642/2947 1945/2949
f 1117/2889 1420/2887 757/2884
f 1118/2898 1552/2892 1117/2889
f 2453/904 2417/903 2452/902
f 2453/2940 2448/2932 2454/2936
f 1118/188 874/187 1552/186
f 1118/2898 1117/2889 758/2893
f 1472/2951 1473/2950 1944/2952
f 1472/589 1859/586 1084/588
f 192/2903 193/2894 204/2899
f 204/2899 210/2890 209/2895
f 1150/112 1167/110 841/84
f 1150/112 1402/114 1644/113
f 192/2903 204/2899 191/2905
f 192/1296 213/1298 193/1293
f 2338/2650 2335/2652 2341/2653
f 2341/2653 2329/2656 2346/2651
f 988/2965 461/2964 998/2967
f 998/2967 1318/2973 1319/2969
f 1769/2976 1747/2974 1319/2969
f 1769/2976 2333/2980 2334/2979
f 1767/2978 2333/2980 1768/2975
f 1768/2975 1769/2976 1319/2969
f 2351/2654 2353/2647 2346/2651
f 2351/2654 2327/2662 2355/2657
f 539/1162 551/1141 632/1129
f 539/1162 577/1163 499/1160
f 9/1051 11/1042 5/1077
f 9/1051 4/1053 10/1052
f 2339/2646 2342/2643 2344/2641
f 2339/2646 2336/2649 2335/2652
f 1065/3104 1067/3099 1064/3101
f 1065/3104 1063/3107 1066/3106
f 951/3183 735/3181 734/3186
f 951/3183 1063/3185 1064/3176
f 1724/3207 1525/3210 1526/3202
f 1724/3207 1940/3204 1939/3211
f 1529/3126 1531/3128 1530/3131
f 1529/3126 1527/3129 1528/3127
f 1524/3146 1525/3150 1522/3149
f 1524/3146 1523/3142 1526/3144
f 2408/2700 2354/2689 2350/2704
f 2330 2345 2350
f 997/2970 998/2967 461/2964
f 997/2747 1012/2739 1318/2740
f 1767/2978 1768/2975 1318/2973
f 1807/2730 2333/2723 1767/2734
f 2340/2717 2407/2710 2345/2711
f 2332/2721 2335/2716 2340/2717
f 2080/998 2113/846 2137/848
f 2080/998 2081/849 2023/847
f 641/1176 640/1178 684/1181
f 641/1176 615/1180 536/1177
f 1214/253 1205/251 935/252
f 1215/255 1667/247 1214/253
f 343 341 347
f 343 344 338
f 639/1174 614/1173 683/1179
f 639/1174 640/1178 535/1175
f 1208/256 937/254 925/257
f 1213/259 1667/247 1208/256
f 1215/255 1214/253 937/254
f 1215/255 1208/256 1667/247
f 2399/980 2430/979 2435/981
f 2399/980 2406/961 2316/965
f 2161/826 2160/828 2168/829
f 2161/826 2157/830 2156/827
f 342 363 338
f 342 344 345
f 349 357 345
f 350 354 349
f 983/198 872/193 791/197
f 983/198 839/200 1080/199
f 1729/2968 1284/2963 1733/2972
f 1733/2972 1747/2974 2287/2977
f 988/2965 998/2967 1284/2963
f 988/2965 970/2961 461/2964
f 1730/2996 1750/3000 1287/2985
f 1729/2968 1979/2966 1284/2963
f 1729/2968 1733/2972 2283/2971
f 1730/2996 2281/2997 2284/3002
f 1726/2994 2047/2991 2281/2997
f 1726/2994 1730/2996 1287/2985
f 1085/202 1080/199 849/201
f 1085/202 1330/205 1357/203
f 987/2743 1012/2739 461/2746
f 987/2743 897/2745 1279/2736
f 2415/2714 2407/2710 2335/2716
f 2415/2714 2471/2715 2472/2706
f 1121/677 1496/662 1119/369
f 1119/369 1230/405 794/370
f 1953/666 2574/362 1943/372
f 1943/372 1890/373 1496/662
f 989/2990 468/2993 467/2988
f 989/2990 973/2986 1287/2985
f 990/2998 468/2993 991/2992
f 991/2992 989/2990 1287/2985
f 2503/742 2505/740 2515/741
f 2504/744 2495/712 2503/742
f 2405/2911 2434/2908 2414/2915
f 2405/2911 2367/2914 2371/2886
f 1728 2282 1727
f 1727 1755 1282
f 1731 1291 1290
f 1731 1758 2286
f 1732 2046 1291
f 1732 1731 2286
f 1728 1979 2282
f 1728 1727 1283
f 2332/2660 2341/2653 2335/2652
f 2332/2721 2340/2717 2329/2724
f 2328/2661 2346/2651 2329/2656
f 2330/2953 2327/2954 2328/2955
f 1213/259 1208/256 929/258
f 1236/261 1667/247 1213/259
f 990/2694 1013/2691 468/2697
f 990/2998 991/2992 1286/2995
f 2397/978 2429/976 2430/979
f 2397/978 2399/980 2316/965
f 2395/1004 2429/976 2396/977
f 2396/977 2397/978 2316/965
f 1124/665 1326/365 1541/366
f 1124/665 809/371 813/424
f 1955/664 1959/364 2574/362
f 1955/664 1507/663 1541/366
f 1953/666 1955/664 2574/362
f 1953/666 1943/372 1507/663
f 1122/368 1541/366 1507/663
f 1121/677 809/371 1122/368
f 1123/367 1122/368 809/371
f 1123/367 1124/665 1541/366
f 295/2741 364/2738 253/2731
f 295/2741 228/2737 360/2744
f 1588/244 1583/240 1465/241
f 1591/246 1667/247 1588/244
f 1128/628 1203/625 1322/626
f 1127/630 1030/642 1128/628
f 1121/677 1119/369 809/371
f 1121/677 1122/368 1496/662
f 350 353 354
f 350 349 348
f 2331/2658 2328/2661 2327/2662
f 2331/2658 2351/2654 2346/2651
f 2263 2180 2272
f 2263 2273 2219
f 2199 2182 2219
f 2199 2220 2184
f 2631/997 2636/678 2639/680
f 2631/997 2588/684 2574/686
f 2254 2184 2271
f 2254 2248 2216
f 2188 2182 2216
f 2188 2210 2180
f 1631/132 1575/124 1161/130
f 1636/134 2042/122 1631/132
f 1210/284 944/283 927/224
f 1210/284 1140/285 1667/247
f 1127/630 1128/628 1320/629
f 1127/630 1114/631 1030/642
f 556/1353 643/1172 557/1169
f 557/1169 614/1173 496/1170
f 2330 2350 2327
f 2330/2953 2328/2955 2345/2956
f 1220/270 946/269 941/271
f 1219/273 1667/247 1220/270
f 1633 1634 1626
f 1626 1288 1153
f 1219/273 1220/270 939/272
f 1224/275 1667/247 1219/273
f 1126/445 1050/443 822/442
f 1126/445 1309/474 1508/446
f 2408/2700 2350/2704 2416/2703
f 2408/2700 2447/2695 2354/2689
f 1807/2730 1885/2727 2333/2723
f 1807/2730 1767/2734 1376/2733
f 1808/2684 1748/2686 2354/2689
f 1808/2684 1886/2687 1377/2685
f 1222/268 967/267 946/269
f 1222/268 1220/270 1667/247
f 268/1254 326/1251 385/1253
f 269/1256 238/1250 268/1254
f 2323/907 2409/908 2306/895
f 2323/907 2274/996 2389/883
f 2517/360 2636/361 2574/362
f 2517/360 2478/363 2476/359
f 986/2767 650/2758 499/2765
f 986/129 1104/126 1263/322
f 985/2764 645/2763 1255/2766
f 985/667 1147/500 495/497
f 1709/2770 1324/2768 2166/2773
f 1709/463 1925/465 1255/668
f 1710/2776 1325/2772 1263/2769
f 1710/321 1623/125 2170/121
f 2181 2188 2180
f 2181 2219 2182
f 511 476 512
f 511 447 510
f 513 500 514
f 513 494 512
f 2183 2216 2182
f 2183 2199 2184
f 1716 1627 2184
f 1716 1399 1269
f 1715 1369 1268
f 1715 1503 2180
f 993 1016 510
f 993 1022 1268
f 994 1099 1269
f 994 741 514
f 1224/275 1219/273 950/274
f 1228/277 1667/247 1224/275
f 558/1164 578/1146 644/1165
f 558/331 845/149 499/127
f 556/1353 557/1169 495/1171
f 556/496 668/498 643/450
f 2132/468 1967/467 2166/464
f 2132/823 2154/825 2071/836
f 1221/282 949/281 944/283
f 1221/282 1210/284 1667/247
f 1223/280 953/278 949/281
f 1223/280 1221/282 1667/247
f 2644/681 2639/680 2643/679
f 2647/1001 2638/697 2646/699
f 1636/134 1631/132 1172/133
f 1647/136 2042/122 1636/134
f 1228/277 1224/275 955/276
f 1227/279 1667/247 1228/277
f 2398/972 2380/974 2431/971
f 2395/1004 2315/973 2398/972
f 1227/279 1228/277 953/278
f 1227/279 1223/280 1667/247
f 1229/266 980/265 967/267
f 1229/266 1222/268 1667/247
f 611/2846 642/2850 679/2831
f 611/2846 518/2847 517/2854
f 2497/999 2492/713 2501/714
f 2497/999 2500/715 2493/985
f 1049/204 849/201 1086/206
f 1086/206 1379/209 1362/207
f 1090/208 1086/206 849/201
f 1090/208 1381/211 1379/209
f 1236/261 1213/259 978/260
f 1238/263 1667/247 1236/261
f 2504/744 2503/742 2518/743
f 2504/744 2523/745 2495/712
f 1632/143 1182/142 1163/144
f 1632/143 1550/145 2042/122
f 612/2843 508/2841 518/2847
f 612/2843 611/2846 679/2831
f 2189 2183 2184
f 2189 2254 2216
f 1049/204 1085/202 849/201
f 1049/204 1086/206 1330/205
f 2395/1004 2398/972 2429/976
f 2395/1004 2396/977 2315/973
f 2637/709 2628/708 2648/704
f 2637/709 2607/711 2594/710
f 2198 2181 2180
f 2198 2263 2219
f 1237/264 982/262 980/265
f 1237/264 1229/266 1667/247
f 1238/263 1236/261 982/262
f 1238/263 1237/264 1667/247
f 2337/2648 2335/2652 2338/2650
f 2338/2650 2341/2653 2343/2645
f 2348/2642 2343/2645 2349/2644
f 2349/2644 2346/2651 2353/2647
f 2337/2648 2339/2646 2335/2652
f 2337/2648 2338/2650 2342/2643
f 2347/2639 2344/2641 2342/2643
f 2348/2642 2352/2640 2347/2639
f 2348/2642 2349/2644 2352/2640
f 2348/2642 2347/2639 2343/2645
f 1591/246 1588/244 1471/245
f 1591/246 1449/183 1667/247
f 833/196 825/192 787/195
f 833/196 791/197 872/193
f 1634 1169 1635
f 2046 2045 1291
f 899/3027 376/3028 900/3029
f 1169 1168 975
f 899 1153 376
f 1168 1153 900
f 1633 1626 1168
f 1634 1635 1626
f 2045 1626 1635
f 1634 1633 1169
f 1091/210 1090/208 849/201
f 1091/210 1392/213 1381/211
f 1637/141 1185/139 1182/142
f 1637/141 1632/143 2042/122
f 1641/138 1218/118 1194/120
f 1640/140 2042/122 1641/138
f 1640/140 1641/138 1185/139
f 1640/140 1637/141 2042/122
f 1092/212 1091/210 849/201
f 1092/212 1366/214 1392/213
f 2573/723 2625/722 2502/693
f 2573/723 2613/692 2629/724
f 2288/909 2323/907 2306/895
f 2288/909 2275/910 2274/996
f 1647/136 1636/134 1207/135
f 1647/136 1226/137 2042/122
f 269/1256 268/1254 386/1255
f 269/1256 242/1257 238/1250
