# This file uses centimeters as units for non-parametric coordinates.

mtllib medium_lodge.mtl
v -3.510002 0.000000 -1.008831
v -3.485985 0.000000 -0.703793
v -3.485985 0.000000 -1.313824
v -3.458138 0.000000 2.802082
v -3.414536 0.000000 -0.406216
v -3.414536 0.000000 -1.611462
v -3.412506 1.267500 -1.008831
v -3.407753 1.267500 -0.947857
v -3.407753 1.267500 -1.069836
v -3.395737 1.267500 -0.795361
v -3.395737 1.267500 -1.222332
v -3.389732 1.267500 -0.719082
v -3.389732 1.267500 -1.298595
v -3.387550 1.428496 2.641163
v -3.375458 1.267500 -0.659557
v -3.375458 1.267500 -1.358105
v -3.339729 1.267500 -0.510723
v -3.339729 1.267500 -1.506878
v -3.333809 0.000000 2.421597
v -3.333809 0.077922 2.421597
v -3.321877 1.267500 -0.436398
v -3.321877 1.267500 -1.581280
v -3.316963 2.856978 2.480251
v -3.315010 2.535002 -1.008831
v -3.309158 1.428496 2.462627
v -3.305489 2.535002 -0.886852
v -3.305489 2.535002 -1.130840
v -3.301437 0.000000 2.444996
v -3.298470 1.267500 -0.379848
v -3.298470 1.267500 -1.637829
v -3.298080 0.000000 2.437199
v -3.298080 0.077922 2.437199
v -3.297462 0.000000 -0.123547
v -3.297462 0.000000 -1.894054
v -3.293480 2.535002 -0.734280
v -3.293480 2.535002 -1.283398
v -3.291763 1.506254 2.422924
v -3.290047 1.545256 2.419102
v -3.282097 3.012587 2.400928
v -3.264931 2.535002 -0.615246
v -3.264931 2.535002 -1.402355
v -3.242317 3.120070 2.310291
v -3.241066 1.393393 2.307331
v -3.239891 1.267500 -0.238506
v -3.239891 1.267500 -1.779156
v -3.229210 2.535002 -0.466518
v -3.229210 2.535002 -1.551098
v -3.217583 3.802504 -1.008831
v -3.212746 3.802504 -0.947857
v -3.212746 3.802504 -1.069836
v -3.210640 1.267500 -0.167843
v -3.210640 1.267500 -1.849834
v -3.208931 1.428496 2.719563
v -3.203156 3.802504 -0.825848
v -3.203156 3.802504 -1.191814
v -3.197151 3.802504 -0.749569
v -3.197151 3.802504 -1.268108
v -3.184044 2.708784 2.177456
v -3.182877 3.802504 -0.690060
v -3.182877 3.802504 -1.327618
v -3.182335 2.535002 -0.353405
v -3.182335 2.535002 -1.664257
v -3.178665 1.267500 -0.115658
v -3.178665 1.267500 -1.902020
v -3.175850 2.729933 2.158817
v -3.171097 3.256804 2.148052
v -3.154327 3.802504 -0.571026
v -3.154327 3.802504 -1.446636
v -3.137634 0.000000 0.137287
v -3.137634 0.000000 -2.154980
v -3.137398 2.828673 2.071453
v -3.136467 3.802504 -0.496624
v -3.136467 3.802504 -1.520977
v -3.123833 2.535002 -0.212063
v -3.123833 2.535002 -1.805553
v -3.120087 5.069929 -1.008831
v -3.112984 3.802504 -0.440075
v -3.112984 3.802504 -1.577526
v -3.101128 0.000000 2.958782
v -3.100746 5.069929 -0.764782
v -3.100746 5.069929 -1.252819
v -3.098717 1.267500 0.014820
v -3.098717 1.267500 -2.032421
v -3.092552 3.366240 1.969273
v -3.084358 2.930540 1.950634
v -3.066185 3.802504 -0.327053
v -3.066185 3.802504 -1.690624
v -3.062447 1.393393 2.385715
v -3.059792 2.535002 -0.107708
v -3.059792 2.535002 -1.909954
v -3.058777 1.267500 0.080036
v -3.058777 1.267500 -2.097637
v -3.043724 5.069929 -0.526714
v -3.043724 5.069929 -1.490887
v -3.036934 3.802504 -0.256374
v -3.036934 3.802504 -1.761303
v -3.030464 1.428496 2.797947
v -3.025940 3.012129 1.817410
v -3.018997 1.267500 0.126606
v -3.018997 1.267500 -2.144207
v -3.008629 3.446120 1.777943
v -3.004875 3.802504 -0.204189
v -3.004875 3.802504 -1.813488
v -2.979919 2.535002 0.022709
v -2.979919 2.535002 -2.040386
v -2.964088 5.069929 -1.008831
v -2.963387 3.071562 1.674831
v -2.959801 2.856978 2.637035
v -2.955505 5.254530 -1.008831
v -2.951996 1.428496 2.619404
v -2.950050 5.069929 -0.300594
v -2.950050 5.069929 -1.717083
v -2.946770 5.069929 -0.789196
v -2.946770 5.069929 -1.228497
v -2.944275 0.000000 2.601704
v -2.940918 0.077922 2.594059
v -2.940918 3.802504 -0.099834
v -2.940918 3.802504 -1.917858
v -2.938896 0.000000 0.370121
v -2.938896 0.000000 -2.387737
v -2.938347 5.254530 -0.790524
v -2.938347 5.254530 -1.227093
v -2.934601 1.506254 2.579624
v -2.932961 1.545256 2.575809
v -2.924934 3.012587 2.557629
v -2.922279 5.436201 -1.008831
v -2.920799 3.494642 1.578030
v -2.919624 1.267500 0.242985
v -2.919624 1.267500 -2.260571
v -2.908546 0.000000 2.617374
v -2.905510 5.436201 -0.795742
v -2.905510 5.436201 -1.221935
v -2.905197 0.077922 2.609653
v -2.900978 3.802504 -0.034542
v -2.900978 3.802504 -1.983074
v -2.900360 2.535002 0.115833
v -2.900360 2.535002 -2.133526
v -2.898018 3.107832 1.525837
v -2.895287 5.069929 -0.574917
v -2.895287 5.069929 -1.442699
v -2.887177 5.254530 -0.577648
v -2.887177 5.254530 -1.440014
v -2.885231 3.120070 2.466999
v -2.883904 1.393393 2.464184
v -2.869942 1.267500 0.301090
v -2.869942 1.267500 -2.318768
v -2.865105 5.611769 -1.008831
v -2.861198 3.802504 0.012012
v -2.861198 3.802504 -2.029644
v -2.855667 5.436201 -0.587887
v -2.855667 5.436201 -1.429821
v -2.849037 5.611769 -0.804714
v -2.849037 5.611769 -1.212963
v -2.831169 3.120009 1.373676
v -2.831169 3.511015 1.373676
v -2.826881 2.708784 2.334316
v -2.823372 1.267500 0.340870
v -2.822044 5.069929 -0.091885
v -2.822044 5.069929 -1.925793
v -2.818695 2.729933 2.315517
v -2.813934 3.256804 2.304752
v -2.811752 1.267500 -2.368481
v -2.811050 5.069929 -0.371426
v -2.811050 5.069929 -1.646252
v -2.803406 5.254530 -0.375317
v -2.803406 5.254530 -1.642376
v -2.801140 5.611769 -0.605511
v -2.801140 5.611769 -1.412182
v -2.801064 2.535002 0.232136
v -2.801064 2.535002 -2.249737
v -2.784843 5.778181 -1.008831
v -2.781723 3.802504 0.105076
v -2.781723 3.802504 -2.122692
v -2.780396 2.828673 2.228237
v -2.773842 5.436201 -0.390377
v -2.773842 5.436201 -1.627300
v -2.769707 5.778181 -0.817272
v -2.769707 5.778181 -1.200420
v -2.764328 3.107832 1.221409
v -2.741394 3.494642 1.169315
v -2.735542 3.366240 2.126133
v -2.732033 3.802504 0.163197
v -2.732033 3.802504 -2.180859
v -2.727196 2.930540 2.107334
v -2.724861 5.778181 -0.630306
v -2.724861 5.778181 -1.387280
v -2.722832 5.611769 -0.416363
v -2.722832 5.611769 -1.601330
v -2.707939 2.535002 0.311695
v -2.707077 1.267500 0.440159
v -2.706215 0.000000 0.568714
v -2.706215 0.000000 -2.586376
v -2.698891 3.071562 1.072346
v -2.695923 5.069929 -0.183514
v -2.695923 5.069929 -1.834087
v -2.695457 1.267500 -2.467754
v -2.689056 5.254530 -0.188595
v -2.689056 5.254530 -1.829082
v -2.685471 3.802504 0.202976
v -2.684685 2.535002 -2.349194
v -2.682976 5.932295 -1.008831
v -2.673851 3.802504 -2.230572
v -2.669167 5.932295 -0.833111
v -2.669167 5.932295 -1.184521
v -2.668777 3.012129 1.974262
v -2.663078 5.069929 0.094318
v -2.663078 5.069929 -2.111919
v -2.662071 5.436201 -0.208172
v -2.662071 5.436201 -1.809521
v -2.653648 3.446120 0.969318
v -2.651543 3.446120 1.934727
v -2.651306 5.778181 -0.452862
v -2.651306 5.778181 -1.564831
v -2.648964 1.267500 0.489841
v -2.648964 1.267500 -2.507519
v -2.636330 3.012129 0.929768
v -2.628059 5.932295 -0.661816
v -2.628059 5.932295 -1.355846
v -2.615814 5.611769 -0.241711
v -2.615814 5.611769 -1.775890
v -2.606224 3.071562 1.831684
v -2.592415 3.802504 0.282459
v -2.591637 2.535002 0.410984
v -2.591637 2.535002 -2.428600
v -2.583679 1.267500 -2.547466
v -2.580795 3.802504 -2.310040
v -2.577827 2.930540 0.796635
v -2.574471 1.306502 0.531971
v -2.574013 1.306502 0.532291
v -2.569641 3.366240 0.777912
v -2.568855 1.306502 0.535404
v -2.568390 1.306502 0.535709
v -2.563637 3.494642 1.734730
v -2.561455 6.071363 -1.008831
v -2.560593 5.932295 -0.499035
v -2.560593 5.932295 -1.518658
v -2.559731 0.000000 0.658497
v -2.558403 0.043134 0.655445
v -2.558403 0.043680 0.655369
v -2.557396 0.075660 0.653095
v -2.557396 1.306502 0.542423
v -2.557320 0.077922 0.652943
v -2.556381 0.077922 0.653568
v -2.552788 5.069929 -0.016048
v -2.552788 5.069929 -2.001629
v -2.550842 5.778181 -0.288906
v -2.550842 5.778181 -1.728710
v -2.549202 6.071363 -0.852215
v -2.549202 6.071363 -1.165447
v -2.546791 5.254530 -0.022152
v -2.546791 5.254530 -1.995525
v -2.546165 0.077922 0.659809
v -2.545067 0.077922 0.660435
v -2.540855 3.107832 1.682621
v -2.534309 3.802504 0.332142
v -2.534309 3.802504 -2.349743
v -2.526268 0.077922 0.679005
v -2.524788 2.828673 0.675800
v -2.523308 5.436201 -0.045620
v -2.523308 5.436201 -1.972057
v -2.523079 0.077610 0.674015
v -2.523079 0.077922 0.674015
v -2.523079 0.077922 0.673939
v -2.522758 0.077610 0.674168
v -2.517220 1.306502 0.567066
v -2.512466 6.071363 -0.699337
v -2.512466 6.071363 -1.318188
v -2.491173 3.256804 0.599277
v -2.486496 2.729933 0.588444
v -2.482742 5.611769 -0.086025
v -2.482742 5.611769 -1.931683
v -2.478302 2.708784 0.569721
v -2.476898 5.069929 0.253284
v -2.476898 5.069929 -2.270885
v -2.474014 3.120009 1.530369
v -2.474014 3.511015 1.530369
v -2.469101 3.802504 -2.389751
v -2.468475 5.932295 -0.348797
v -2.468475 5.932295 -1.668865
v -2.468391 3.821913 0.370747
v -2.467072 3.645567 0.387440
v -2.461220 2.535002 -2.508617
v -2.459892 2.574003 0.488300
v -2.457169 2.221205 0.521595
v -2.453262 1.267500 -2.627514
v -2.452332 6.071363 -0.554180
v -2.452332 6.071363 -1.463482
v -2.451782 0.077064 0.717762
v -2.451309 1.325926 0.605747
v -2.445389 0.077922 0.728687
v -2.445389 0.000000 -2.746349
v -2.442810 0.077922 0.723148
v -2.429161 3.120070 0.457951
v -2.428619 3.136687 0.456699
v -2.426041 5.778181 -0.142818
v -2.426041 5.778181 -1.874889
v -2.422295 6.192884 -1.008831
v -2.411766 6.192884 -0.873898
v -2.411766 6.192884 -1.143780
v -2.407166 3.107832 1.378117
v -2.401085 1.267500 -2.659496
v -2.385246 5.069929 0.127079
v -2.385246 5.069929 -2.144756
v -2.384392 3.494642 1.326008
v -2.380333 5.254530 0.120136
v -2.380333 5.254530 -2.137737
v -2.380180 6.192884 -0.742321
v -2.380180 6.192884 -1.275280
v -2.370193 6.071363 -0.420254
v -2.370193 6.071363 -1.597424
v -2.365044 2.298270 0.571049
v -2.364738 3.802504 -2.453716
v -2.360756 5.436201 0.093296
v -2.360756 5.436201 -2.110912
v -2.356857 2.535002 -2.572521
v -2.354042 5.932295 -0.214794
v -2.354042 5.932295 -1.802898
v -2.341805 3.071562 1.229206
v -2.335411 3.147536 0.512852
v -2.330414 1.267500 -2.688732
v -2.328377 6.192884 -0.617275
v -2.328377 6.192884 -1.400341
v -2.327065 5.611769 0.046970
v -2.327065 5.611769 -2.064648
v -2.312553 3.802504 -2.485607
v -2.296486 3.446120 1.126011
v -2.280022 5.778181 -0.017941
v -2.280022 5.778181 -1.999676
v -2.279167 3.012129 1.086628
v -2.268318 5.069929 0.381123
v -2.268318 5.069929 -2.398724
v -2.268166 6.071363 -0.300747
v -2.268166 6.294661 -1.008831
v -2.268166 6.071363 -1.716930
v -2.259514 6.294661 -0.898083
v -2.259514 6.294661 -1.119579
v -2.257637 6.192884 -0.501919
v -2.257637 6.192884 -1.515697
v -2.241875 3.802504 -2.514965
v -2.233620 6.294661 -0.789974
v -2.233620 6.294661 -1.227703
v -2.220833 2.930540 0.953403
v -2.220131 5.932295 -0.100307
v -2.220131 5.932295 -1.917400
v -2.215370 2.535002 -2.631084
v -2.212471 3.366240 0.934681
v -2.197426 5.069929 0.242130
v -2.197426 5.069929 -2.259808
v -2.193611 5.254530 0.234470
v -2.193611 5.254530 -2.252148
v -2.191032 6.294661 -0.687328
v -2.191032 6.294661 -1.330364
v -2.189003 1.267500 -2.747234
v -2.178474 5.436201 0.204914
v -2.178474 5.436201 -2.222607
v -2.171837 0.077922 0.841953
v -2.169807 6.192884 -0.399029
v -2.169807 6.192884 -1.618633
v -2.169426 0.077922 0.836414
v -2.167625 2.828673 0.832584
v -2.162560 0.000000 -2.863354
v -2.160759 0.077922 0.840000
v -2.152504 5.611769 0.153904
v -2.152504 5.611769 -2.171581
v -2.148674 6.071363 -0.198742
v -2.148674 6.071363 -1.818951
v -2.134087 3.256804 0.755985
v -2.133858 0.000000 0.852619
v -2.133064 6.294661 -0.592556
v -2.133064 6.294661 -1.425060
v -2.132439 1.267500 -2.770641
v -2.131523 0.077922 0.847004
v -2.131432 0.077922 0.847095
v -2.131432 0.077766 0.847004
v -2.131432 0.077922 0.847004
v -2.129326 2.729933 0.745228
v -2.128700 3.802504 -2.561749
v -2.121132 2.708784 0.726582
v -2.116066 5.778181 0.082462
v -2.116066 5.778181 -2.100140
v -2.108818 2.266608 0.679935
v -2.102348 2.535002 -2.677868
v -2.101952 6.375013 -1.008831
v -2.101723 2.259505 0.682209
v -2.095161 6.375013 -0.923977
v -2.095161 6.375013 -1.093548
v -2.087914 3.143477 0.615742
v -2.075279 6.375013 -0.841457
v -2.075279 6.375013 -1.176250
v -2.074028 3.141524 0.619251
v -2.072243 3.802504 -2.585155
v -2.071602 1.325926 0.763004
v -2.069817 5.932295 -0.008266
v -2.069817 5.932295 -2.009350
v -2.066841 6.192884 -0.311199
v -2.066841 6.192884 -1.706493
v -2.064903 1.306502 0.766117
v -2.060844 6.294661 -0.508007
v -2.060844 6.294661 -1.509686
v -2.058113 1.267500 -2.788494
v -2.051414 1.267500 0.772449
v -2.050240 1.306502 0.769627
v -2.042824 6.375013 -0.762829
v -2.042824 6.375013 -1.254864
v -2.042046 5.069929 0.474796
v -2.042046 5.069929 -2.492474
v -2.014671 6.071363 -0.116604
v -2.014671 6.071363 -1.901104
v -1.998360 6.375013 -0.690365
v -1.998360 6.375013 -1.327312
v -1.997810 3.802504 -2.603100
v -1.993843 5.069929 0.326511
v -1.993843 5.069929 -2.344128
v -1.991280 5.254530 0.318317
v -1.991280 5.254530 -2.335918
v -1.982368 2.574003 0.686024
v -1.981056 5.436201 0.286732
v -1.981056 5.436201 -2.304363
v -1.976295 6.294661 -0.435863
v -1.976295 6.294661 -1.581738
v -1.969048 2.535002 0.692249
v -1.963264 5.611769 0.232365
v -1.963264 5.611769 -2.249981
v -1.953590 2.535002 -2.713604
v -1.952888 3.664747 0.607090
v -1.951485 6.192884 -0.240551
v -1.951485 6.192884 -1.777142
v -1.943214 6.375013 -0.625698
v -1.943214 6.375013 -1.391888
v -1.938454 5.778181 0.155933
v -1.938454 5.778181 -2.173595
v -1.926216 6.432173 -1.008831
v -1.921700 6.432173 -0.951519
v -1.921700 6.432173 -1.066082
v -1.917091 1.267500 0.804737
v -1.909370 1.267500 -2.824230
v -1.908348 6.432173 -0.895657
v -1.908348 6.432173 -1.121960
v -1.907021 5.932295 0.059132
v -1.907021 5.932295 -2.076733
v -1.893227 3.821913 0.608952
v -1.886589 3.802504 0.612156
v -1.886360 6.432173 -0.842556
v -1.886360 6.432173 -1.175060
v -1.881523 6.294661 -0.377819
v -1.881523 6.294661 -1.639843
v -1.878868 3.802504 -2.631634
v -1.878487 6.375013 -0.570492
v -1.878487 6.375013 -1.447186
v -1.869514 6.071363 -0.056469
v -1.869514 6.071363 -1.961132
v -1.865150 -0.000078 0.917210
v -1.865150 0.000000 -2.934826
v -1.856331 6.432173 -0.793560
v -1.856331 6.432173 -1.224041
v -1.849846 1.267500 0.820881
v -1.849846 1.267500 -2.838482
v -1.834557 2.535002 0.724552
v -1.834557 2.535002 -2.742138
v -1.826454 6.192884 -0.188747
v -1.826454 6.192884 -1.828930
v -1.819359 3.802504 0.628223
v -1.819359 3.802504 -2.645916
v -1.819038 6.432173 -0.749889
v -1.819038 6.432173 -1.267803
v -1.806023 6.375013 -0.526089
v -1.806023 6.375013 -1.491589
v -1.804070 5.069929 0.531971
v -1.804070 5.069929 -2.549633
v -1.800102 1.306502 0.821735
v -1.794487 3.821913 0.628696
v -1.784874 2.574003 0.725407
v -1.779579 5.069929 0.377842
v -1.779579 5.069929 -2.395519
v -1.778954 6.294661 -0.335323
v -1.778954 6.294661 -1.682293
v -1.778404 5.254530 0.369419
v -1.778404 5.254530 -2.387096
v -1.775368 6.432173 -0.712597
v -1.775368 6.432173 -1.305065
v -1.775291 1.325926 0.822208
v -1.773567 1.267500 -2.844494
v -1.773109 5.436201 0.336582
v -1.773109 5.436201 -2.354259
v -1.765694 0.077922 0.919010
v -1.764214 5.611769 0.280109
v -1.764214 5.611769 -2.297710
v -1.763435 0.000000 0.925159
v -1.751656 5.778181 0.200871
v -1.751656 5.778181 -2.218548
v -1.744545 6.465498 -1.008831
v -1.743080 3.802504 -2.651928
v -1.742287 6.465498 -0.979992
v -1.742287 6.465498 -1.037701
v -1.735664 5.932295 0.100315
v -1.735664 5.932295 -2.117992
v -1.735588 6.465498 -0.951748
v -1.735588 6.465498 -1.065929
v -1.727470 6.375013 -0.493496
v -1.727470 6.375013 -1.524181
v -1.726219 6.432173 -0.682491
v -1.726219 6.432173 -1.335033
v -1.724434 6.465498 -0.924999
v -1.724434 6.465498 -1.092632
v -1.716713 6.071363 -0.019726
v -1.716713 6.071363 -1.997875
v -1.709297 6.465498 -0.900433
v -1.709297 6.465498 -1.117260
v -1.701729 3.393004 0.669025
v -1.698524 3.447844 0.665028
v -1.694878 6.192884 -0.157162
v -1.694878 6.192884 -1.860516
v -1.690498 6.465498 -0.878429
v -1.690498 6.465498 -1.139263
v -1.686058 3.501417 0.661915
v -1.682076 2.714949 0.722752
v -1.682076 3.510710 0.661518
v -1.682076 2.535002 -2.754192
v -1.673180 6.432173 -0.660580
v -1.673180 6.432173 -1.357128
v -1.670845 6.294661 -0.309338
v -1.670845 6.294661 -1.708263
v -1.668495 6.465498 -0.859539
v -1.668495 6.465498 -1.158154
v -1.648842 0.000000 1.238270
v -1.648842 0.077922 1.238270
v -1.644783 6.375013 -0.473614
v -1.644783 6.375013 -1.543987
v -1.643776 6.465498 -0.844494
v -1.643776 6.465498 -1.173199
v -1.621086 3.802504 -2.661510
v -1.621086 1.267500 -2.856518
v -1.617256 6.432173 -0.647076
v -1.617256 6.432173 -1.370617
v -1.617027 6.465498 -0.833340
v -1.617027 6.465498 -1.184338
v -1.599312 1.716002 0.806065
v -1.593010 1.825751 0.798115
v -1.590187 0.000000 1.366261
v -1.590187 0.077922 1.366261
v -1.588875 6.465498 -0.826641
v -1.588875 6.465498 -1.191051
v -1.567970 1.932837 0.791798
v -1.560097 0.077922 0.935154
v -1.560097 0.359892 0.913471
v -1.560097 1.951483 0.791019
v -1.560097 3.510710 0.671116
v -1.560097 5.069929 0.551167
v -1.560097 5.069929 0.395161
v -1.560097 5.254530 0.386585
v -1.560097 5.436201 0.353428
v -1.560097 5.611769 0.296177
v -1.560097 5.778181 0.215916
v -1.560097 5.932295 0.114124
v -1.560097 6.071363 -0.007397
v -1.560097 6.192884 -0.146465
v -1.560097 6.294661 -0.300594
v -1.560097 6.375013 -0.466976
v -1.560097 6.432173 -0.642559
v -1.560097 6.465498 -0.824383
v -1.560097 6.474012 -1.008831
v -1.560097 6.465498 -1.193310
v -1.560097 6.432173 -1.375042
v -1.560097 6.375013 -1.550610
v -1.560097 6.294661 -1.717083
v -1.560097 6.192884 -1.871227
v -1.560097 6.071363 -2.010265
v -1.560097 5.932295 -2.131786
v -1.560097 5.778181 -2.233593
v -1.560097 5.611769 -2.313793
v -1.560097 5.436201 -2.371105
v -1.560097 5.254530 -2.404247
v -1.560097 5.069929 -2.412762
v -1.560097 5.069929 -2.568859
v -1.560097 3.802504 -2.666332
v -1.560097 2.535002 -2.763836
v -1.560097 1.267500 -2.861340
v -1.560097 0.000000 -2.958782
v -1.554466 0.156000 0.928745
v -1.552361 0.077922 0.934605
v -1.543312 3.552275 0.666599
v -1.531227 6.465498 -0.826641
v -1.531227 6.465498 -1.191051
v -1.526619 2.034628 0.782032
v -1.514839 3.599241 0.660755
v -1.512352 0.000000 1.483494
v -1.512352 0.077922 1.483494
v -1.502998 6.465498 -0.833340
v -1.502998 6.465498 -1.184338
v -1.502831 6.432173 -0.647076
v -1.502831 6.432173 -1.370617
v -1.483803 3.802504 -2.660351
v -1.483803 1.267500 -2.855358
v -1.478966 3.641127 0.654743
v -1.476311 6.465498 -0.844494
v -1.476311 6.465498 -1.173199
v -1.475288 6.375013 -0.473614
v -1.475288 6.375013 -1.543987
v -1.469688 2.128546 0.770344
v -1.465706 0.077922 1.171177
v -1.465706 0.156000 1.171177
v -1.465706 1.716002 1.171177
v -1.457664 1.825751 1.168293
v -1.451591 6.465498 -0.859539
v -1.451591 6.465498 -1.158154
v -1.449257 6.294661 -0.309338
v -1.449257 6.294661 -1.708263
v -1.446831 6.432173 -0.660580
v -1.446831 6.432173 -1.357128
v -1.436623 3.676924 0.648655
v -1.433495 1.932837 1.159397
v -1.429512 6.465498 -0.878429
v -1.429512 6.465498 -1.139263
v -1.425148 6.192884 -0.157162
v -1.425148 6.192884 -1.860516
v -1.421394 3.686049 0.646717
v -1.419930 0.077922 1.271412
v -1.419930 0.156000 1.271412
v -1.417122 0.000000 1.587070
v -1.417122 0.077922 1.587070
v -1.410805 6.465498 -0.900433
v -1.410805 6.465498 -1.117260
v -1.407509 2.535002 -2.751812
v -1.403374 6.071363 -0.019726
v -1.403374 6.071363 -1.997875
v -1.397835 2.212317 0.758259
v -1.395576 6.465498 -0.924999
v -1.395576 6.465498 -1.092632
v -1.393791 2.034628 1.144886
v -1.393791 6.432173 -0.682491
v -1.393791 6.432173 -1.335033
v -1.392616 6.375013 -0.493496
v -1.392616 6.375013 -1.524181
v -1.384499 6.465498 -0.951748
v -1.384499 6.465498 -1.065929
v -1.384346 5.932295 0.100315
v -1.384346 5.932295 -2.117992
v -1.382561 0.156000 1.057774
v -1.382561 1.716002 1.057774
v -1.377724 6.465498 -0.979992
v -1.377724 6.465498 -1.037701
v -1.375847 1.807493 1.055271
v -1.375526 6.465498 -1.008831
v -1.368446 5.778181 0.200871
v -1.368446 5.778181 -2.218548
v -1.361732 3.802504 -2.650738
v -1.358849 0.077922 1.363224
v -1.358849 0.156000 1.363224
v -1.355888 0.156000 1.131001
v -1.355888 1.716002 1.131001
v -1.355888 5.611769 0.280109
v -1.355888 5.611769 -2.297710
v -1.355736 1.896803 1.047947
v -1.349098 1.807493 1.128513
v -1.346992 5.436201 0.336582
v -1.346992 5.436201 -2.354259
v -1.344795 6.432173 -0.712597
v -1.344795 6.432173 -1.305065
v -1.341682 5.254530 0.369419
v -1.341682 5.254530 -2.387096
v -1.341133 6.294661 -0.335323
v -1.341133 6.294661 -1.682293
v -1.340431 5.069929 0.377842
v -1.340431 5.069929 -2.395519
v -1.339821 2.128546 1.125156
v -1.331230 1.267500 -2.843334
v -1.328972 1.896803 1.121174
v -1.322807 1.981589 1.035847
v -1.315956 5.069929 0.531971
v -1.315956 5.069929 -2.549633
v -1.314064 6.375013 -0.526089
v -1.314064 6.375013 -1.491589
v -1.313148 2.283919 0.746082
v -1.306740 0.000000 1.674519
v -1.306740 0.077922 1.674519
v -1.301048 6.432173 -0.749889
v -1.301048 6.432173 -1.267803
v -1.300728 3.802504 -2.645916
v -1.299339 3.686049 0.637104
v -1.295967 1.981589 1.109089
v -1.293648 6.192884 -0.188747
v -1.293648 6.192884 -1.828930
v -1.285530 2.535002 -2.742138
v -1.284279 0.077922 1.444172
v -1.284279 0.156000 1.444172
v -1.282722 2.302252 0.742252
v -1.279442 0.272922 0.999180
v -1.279442 1.417883 0.999180
v -1.279442 1.534888 0.999180
v -1.279442 1.716002 0.999180
v -1.277794 2.059828 1.019398
v -1.276085 1.534811 0.997944
v -1.274055 1.789168 0.997318
v -1.272743 0.272922 1.017521
v -1.272743 1.417883 1.017521
v -1.272743 1.534888 1.017521
v -1.272743 1.716002 1.017521
v -1.272575 2.212317 1.100513
v -1.270241 1.267500 -2.838482
v -1.269386 1.534811 1.016270
v -1.268532 3.705702 0.628223
v -1.267342 1.789168 1.015644
v -1.263756 6.432173 -0.793560
v -1.263756 6.432173 -1.224041
v -1.257988 1.860609 0.991322
v -1.254951 0.000000 -2.934826
v -1.251289 1.860609 1.009632
v -1.250893 2.059828 1.092701
v -1.250572 6.071363 -0.056469
v -1.250572 6.071363 -1.961132
v -1.241615 6.375013 -0.570492
v -1.241615 6.375013 -1.447186
v -1.238564 6.294661 -0.377819
v -1.238564 6.294661 -1.639843
v -1.236855 1.416479 0.983662
v -1.233742 6.432173 -0.842556
v -1.233742 6.432173 -1.175060
v -1.231636 1.928473 0.981724
v -1.230156 1.416479 1.002003
v -1.229134 1.533247 0.980869
v -1.226326 3.802504 -2.628063
v -1.224846 1.928473 0.999973
v -1.222496 1.533247 0.999180
v -1.221718 2.129629 0.998875
v -1.221016 2.341406 0.724400
v -1.219307 3.726759 0.614658
v -1.213066 5.932295 0.059132
v -1.213066 5.932295 -2.076733
v -1.211739 6.432173 -0.895657
v -1.211739 6.432173 -1.121960
v -1.198311 6.432173 -0.951519
v -1.198311 6.432173 -1.066082
v -1.198006 0.077922 1.512577
v -1.198006 0.156000 1.512577
v -1.195824 1.267500 -2.820629
v -1.195518 1.991026 0.968525
v -1.194969 2.129629 1.072117
v -1.193947 2.283919 1.071812
v -1.193886 6.432173 -1.008831
v -1.188805 1.991026 0.986866
v -1.184212 0.000000 1.743618
v -1.184212 0.077922 1.743618
v -1.181633 5.778181 0.155933
v -1.181633 5.778181 -2.173595
v -1.176872 6.375013 -0.625698
v -1.176872 6.375013 -1.391888
v -1.168602 6.192884 -0.240551
v -1.168602 6.192884 -1.777142
v -1.167198 3.739638 0.601154
v -1.166344 1.408217 0.957859
v -1.165413 3.739790 0.600681
v -1.159554 1.408217 0.976185
v -1.156746 5.611769 0.232365
v -1.156746 5.611769 -2.249981
v -1.156197 2.189230 0.974934
v -1.150734 2.046873 0.952152
v -1.149956 1.524039 0.951923
v -1.144112 2.046873 0.970478
v -1.143715 6.294661 -0.435863
v -1.143715 6.294661 -1.581738
v -1.143166 1.524039 0.970097
v -1.139122 5.436201 0.286732
v -1.139122 5.436201 -2.304363
v -1.136696 2.535002 -2.706432
v -1.129372 2.189230 1.048176
v -1.128822 5.254530 0.318317
v -1.128822 5.254530 -2.335918
v -1.126244 5.069929 0.326511
v -1.126244 5.069929 -2.344128
v -1.122658 2.383520 0.697330
v -1.121727 6.375013 -0.690365
v -1.121727 6.375013 -1.327312
v -1.107368 3.802504 -2.599438
v -1.105736 2.341406 1.039509
v -1.105431 6.071363 -0.116604
v -1.105431 6.071363 -1.901104
v -1.102058 0.077922 1.566792
v -1.102058 0.156000 1.566792
v -1.098335 2.094610 0.932896
v -1.096443 1.394018 0.932270
v -1.091606 2.094610 0.951221
v -1.089821 1.394018 0.950596
v -1.082649 2.237196 0.947941
v -1.078041 5.069929 0.474796
v -1.078041 5.069929 -2.492474
v -1.077263 6.375013 -0.762829
v -1.077263 6.375013 -1.254864
v -1.071648 1.508055 0.923130
v -1.065010 1.508055 0.941471
v -1.059242 6.294661 -0.508007
v -1.059242 6.294661 -1.509686
v -1.055901 2.237196 1.021259
v -1.053169 6.192884 -0.311199
v -1.053169 6.192884 -1.706493
v -1.052147 0.000000 1.792683
v -1.052147 0.077922 1.792683
v -1.050285 5.932295 -0.008266
v -1.050285 5.932295 -2.009350
v -1.047859 3.802504 -2.585155
v -1.047081 1.267500 -2.784924
v -1.046379 3.739790 0.572147
v -1.044731 6.375013 -0.841457
v -1.044731 6.375013 -1.176250
v -1.039513 2.132910 0.911442
v -1.032722 2.132910 0.929768
v -1.028053 1.374045 0.907230
v -1.024849 6.375013 -0.923977
v -1.024849 6.375013 -1.093548
v -1.021263 1.374045 0.925480
v -1.018456 2.409270 0.670338
v -1.018135 6.375013 -1.008831
v -1.017677 2.535002 -2.677868
v -1.014778 2.409659 0.669483
v -1.010185 2.383520 1.004490
v -1.004021 5.778181 0.082462
v -1.004021 5.778181 -2.100140
v -1.003090 2.272375 0.918858
v -0.998787 0.077922 1.605099
v -0.998787 0.156000 1.605099
v -0.997475 3.743925 0.551548
v -0.987572 1.267500 -2.770641
v -0.987022 6.294661 -0.592556
v -0.987022 6.294661 -1.425060
v -0.977180 3.802504 -2.555889
v -0.976265 2.272375 0.992085
v -0.975777 2.160986 0.888111
v -0.971413 6.071363 -0.198742
v -0.971413 6.071363 -1.818951
v -0.969078 2.160986 0.906452
v -0.967598 5.611769 0.153904
v -0.967598 5.611769 -2.171581
v -0.966042 1.474585 0.884525
v -0.961205 1.348311 0.882816
v -0.959251 1.474585 0.902775
v -0.957466 0.000000 -2.863354
v -0.954567 1.348311 0.901142
v -0.950279 6.192884 -0.399029
v -0.950279 6.192884 -1.618633
v -0.942177 2.169653 0.875874
v -0.941628 5.436201 0.204914
v -0.941628 5.436201 -2.222607
v -0.935539 2.169653 0.894199
v -0.929070 6.294661 -0.687328
v -0.929070 6.294661 -1.330364
v -0.926491 5.254530 0.234470
v -0.926491 5.254530 -2.252148
v -0.922676 5.069929 0.242130
v -0.922676 5.069929 -2.259808
v -0.919868 1.456808 0.867680
v -0.919151 2.293822 0.888203
v -0.916893 2.417921 0.628223
v -0.916893 1.267500 -2.741375
v -0.914253 0.000000 1.820454
v -0.914253 0.077922 1.820454
v -0.913078 1.456808 0.885944
v -0.909645 2.409270 0.967747
v -0.899971 5.932295 -0.100307
v -0.899971 5.932295 -1.917400
v -0.896461 1.317106 0.859104
v -0.892403 2.293822 0.961430
v -0.890770 0.077922 1.626858
v -0.890770 0.156000 1.626858
v -0.889824 1.317106 0.877430
v -0.886482 6.294661 -0.789974
v -0.886482 6.294661 -1.227703
v -0.884361 3.743925 0.504673
v -0.876335 2.535002 -2.619396
v -0.864098 3.802504 -2.509075
v -0.862465 6.192884 -0.501919
v -0.862465 6.192884 -1.515697
v -0.860512 6.294661 -0.898083
v -0.860512 6.294661 -1.119579
v -0.852013 6.071363 -0.300747
v -0.852013 6.071363 -1.716930
v -0.851845 6.294661 -1.008831
v -0.851768 5.069929 0.381123
v -0.851768 5.069929 -2.398724
v -0.847237 1.421782 0.841007
v -0.840538 1.421782 0.859333
v -0.840233 5.778181 -0.017941
v -0.840233 5.778181 -1.999676
v -0.834373 1.280607 0.836414
v -0.833427 3.739638 0.483921
v -0.833199 2.301001 0.856770
v -0.827736 1.280607 0.854725
v -0.827354 2.182905 0.833820
v -0.820732 2.182905 0.852161
v -0.815117 2.409270 0.586811
v -0.807457 3.802504 -2.485607
v -0.806526 2.301001 0.929996
v -0.806526 2.417921 0.929996
v -0.805122 3.732298 0.472843
v -0.793037 5.611769 0.046970
v -0.793037 5.611769 -2.064648
v -0.791634 6.192884 -0.617275
v -0.791634 6.192884 -1.400341
v -0.780785 0.077922 1.631458
v -0.780785 0.156000 1.631458
v -0.777504 1.380751 0.815510
v -0.775551 1.267500 -2.682873
v -0.775169 1.238875 0.814716
v -0.773537 0.000000 1.826382
v -0.773537 0.077922 1.826382
v -0.771187 2.178229 0.813313
v -0.770729 1.380751 0.833820
v -0.768379 1.238875 0.833057
v -0.766045 5.932295 -0.214794
v -0.766045 5.932295 -1.802898
v -0.764488 2.178229 0.831562
v -0.763237 2.535002 -2.572521
v -0.759346 5.436201 0.093296
v -0.759346 5.436201 -2.110912
v -0.758400 2.394682 0.564579
v -0.749901 6.071363 -0.420254
v -0.749901 6.071363 -1.597424
v -0.747246 2.293822 0.825336
v -0.742256 3.802504 -2.445660
v -0.739845 6.192884 -0.742321
v -0.739845 6.192884 -1.275280
v -0.739754 5.254530 0.120136
v -0.739754 5.254530 -2.137737
v -0.734840 5.069929 0.127079
v -0.734840 5.069929 -2.144756
v -0.720573 2.293822 0.898563
v -0.719093 1.192389 0.794209
v -0.719002 1.267500 -2.659496
v -0.717995 2.383520 0.540714
v -0.712456 1.192389 0.812458
v -0.708321 6.192884 -0.873898
v -0.708321 6.192884 -1.143780
v -0.704109 2.160986 0.788670
v -0.703331 2.409270 0.892262
v -0.700752 3.732298 0.408878
v -0.697716 6.192884 -1.008831
v -0.697395 2.160986 0.806995
v -0.694054 5.778181 -0.142818
v -0.694054 5.778181 -1.874889
v -0.685631 1.312895 0.781971
v -0.680550 3.726759 0.396946
v -0.678993 1.312895 0.800220
v -0.674706 0.000000 -2.746349
v -0.671364 0.077922 1.618900
v -0.671364 0.156000 1.618900
v -0.667763 6.071363 -0.554180
v -0.667763 6.071363 -1.463482
v -0.666740 1.141299 0.775089
v -0.663475 2.272375 0.794590
v -0.659966 1.141299 0.793430
v -0.653725 1.267500 -2.619457
v -0.651543 5.932295 -0.348797
v -0.651543 5.932295 -1.668865
v -0.648109 1.281775 0.768223
v -0.643120 5.069929 0.253284
v -0.643120 5.069929 -2.270885
v -0.641335 1.281775 0.786564
v -0.640465 2.132910 0.765430
v -0.637978 3.802504 -2.381725
v -0.637276 5.611769 -0.086025
v -0.637276 5.611769 -1.931683
v -0.636726 2.272375 0.867924
v -0.635704 3.705702 0.371449
v -0.633827 0.000000 1.810238
v -0.633827 0.077922 1.810238
v -0.633675 2.132910 0.783756
v -0.632820 2.535002 -2.492565
v -0.628304 2.341406 0.489613
v -0.618324 1.085993 0.757313
v -0.611595 1.085993 0.775639
v -0.607628 6.071363 -0.699337
v -0.607628 6.071363 -1.318188
v -0.602791 2.383520 0.855427
v -0.596718 5.436201 -0.045620
v -0.596718 5.436201 -1.972057
v -0.594139 3.676924 0.348515
v -0.589302 1.224364 0.746616
v -0.585793 3.802504 -2.349743
v -0.583839 2.237196 0.765430
v -0.582588 1.224364 0.764957
v -0.581657 2.094610 0.743824
v -0.579475 3.662947 0.340794
v -0.574944 2.094610 0.762150
v -0.574165 1.026793 0.741169
v -0.573219 5.254530 -0.022152
v -0.573219 5.254530 -1.995525
v -0.570900 6.071363 -0.852215
v -0.570900 6.071363 -1.165447
v -0.569252 5.778181 -0.288906
v -0.569252 5.778181 -1.728710
v -0.567451 1.026793 0.759495
v -0.567299 5.069929 -0.016048
v -0.567299 5.069929 -2.001629
v -0.565193 0.077922 1.589260
v -0.565193 0.156000 1.589260
v -0.559425 5.932295 -0.499035
v -0.559425 5.932295 -1.518658
v -0.558647 6.071363 -1.008831
v -0.557076 2.237196 0.838657
v -0.545082 2.283919 0.443745
v -0.534935 1.162356 0.726734
v -0.534538 0.964003 0.726658
v -0.529228 2.046873 0.724781
v -0.528450 2.535002 -2.428600
v -0.528313 1.162356 0.745075
v -0.527748 0.964003 0.744984
v -0.527687 3.802504 -2.300152
v -0.523308 1.267500 -2.539440
v -0.522453 2.046873 0.743031
v -0.515816 2.255919 0.428379
v -0.510353 2.189230 0.738590
v -0.507240 2.341406 0.820499
v -0.506844 2.019034 0.716526
v -0.504280 5.611769 -0.241711
v -0.504280 5.611769 -1.775890
v -0.500145 2.019034 0.734837
v -0.499596 0.898169 0.713856
v -0.498192 0.000000 1.772327
v -0.498192 0.077922 1.772327
v -0.492958 0.898169 0.732197
v -0.492043 5.932295 -0.661816
v -0.492043 5.932295 -1.355846
v -0.486412 3.662947 0.261311
v -0.483604 2.189230 0.811832
v -0.473152 2.212317 0.396259
v -0.471138 1.267500 -2.507519
v -0.469643 0.829531 0.702946
v -0.468788 5.778181 -0.452862
v -0.468788 5.778181 -1.564831
v -0.466988 1.066805 0.701923
v -0.465034 0.077922 1.543400
v -0.465034 0.156000 1.543400
v -0.465034 3.641127 0.245243
v -0.463005 0.829531 0.721272
v -0.460213 1.066805 0.720264
v -0.458015 5.436201 -0.208172
v -0.458015 5.436201 -1.809521
v -0.457008 5.069929 0.094318
v -0.457008 5.069929 -2.111919
v -0.450935 5.932295 -0.833111
v -0.450935 5.932295 -1.184521
v -0.445000 0.758627 0.693821
v -0.444847 2.129629 0.714497
v -0.440941 1.025542 0.692417
v -0.438377 0.758627 0.712147
v -0.437126 5.932295 -1.008831
v -0.436974 1.899222 0.690937
v -0.434929 3.599241 0.223789
v -0.434547 3.802504 -2.220654
v -0.434151 1.025542 0.710743
v -0.431114 5.254530 -0.188595
v -0.431114 5.254530 -1.829082
v -0.430336 1.899222 0.709263
v -0.425652 0.685854 0.686802
v -0.424171 5.069929 -0.183514
v -0.424171 5.069929 -1.834087
v -0.422066 1.860609 0.685398
v -0.419014 2.283919 0.788197
v -0.418877 0.685854 0.705051
v -0.418007 2.129629 0.787815
v -0.415276 1.860609 0.703724
v -0.413887 0.000000 -2.586376
v -0.413017 1.267500 -2.457836
v -0.412865 2.128546 0.353199
v -0.412163 2.535002 -2.329296
v -0.411690 0.611676 0.681736
v -0.410286 3.552275 0.207401
v -0.405846 1.789168 0.679630
v -0.404976 0.611676 0.700062
v -0.403267 0.536640 0.678608
v -0.401711 0.951521 0.677982
v -0.400459 0.272922 0.677586
v -0.400459 0.461058 0.677586
v -0.400459 0.948557 0.677586
v -0.400459 1.150736 0.677586
v -0.400459 1.332236 0.677586
v -0.400459 1.716002 0.677586
v -0.399208 1.789168 0.697880
v -0.397179 5.611769 -0.416363
v -0.397179 5.611769 -1.601330
v -0.396553 0.536640 0.696873
v -0.395241 5.778181 -0.630306
v -0.395241 5.778181 -1.387280
v -0.395073 0.951521 0.696308
v -0.393761 0.272922 0.695850
v -0.393761 0.461058 0.695850
v -0.393761 0.948557 0.695850
v -0.393761 1.150736 0.695850
v -0.393761 1.332236 0.695850
v -0.393761 1.716002 0.695850
v -0.391655 3.501417 0.196659
v -0.389076 3.821913 0.162098
v -0.388756 2.059828 0.694050
v -0.387978 3.802504 -2.180859
v -0.379784 3.447844 0.191898
v -0.374718 3.393004 0.193134
v -0.373314 0.077922 1.482395
v -0.373314 0.156000 1.482395
v -0.370277 0.000000 1.713749
v -0.370277 0.077922 1.713749
v -0.366676 3.821913 0.136036
v -0.363487 2.034628 0.320515
v -0.362083 2.059828 0.767307
v -0.350380 5.778181 -0.817272
v -0.350380 5.778181 -1.200420
v -0.346245 5.436201 -0.390377
v -0.346245 5.436201 -1.627300
v -0.343742 1.981589 0.677586
v -0.340248 2.212317 0.759342
v -0.338371 3.802504 0.105076
v -0.338371 3.802504 -2.122692
v -0.335320 5.778181 -1.008831
v -0.326363 1.932837 0.299061
v -0.321144 2.574003 0.229954
v -0.319038 2.535002 -2.249737
v -0.318947 5.611769 -0.605511
v -0.318947 5.611769 -1.412182
v -0.317009 1.981589 0.750843
v -0.316689 5.254530 -0.375317
v -0.316689 5.254530 -1.642376
v -0.310829 1.896803 0.665592
v -0.309044 5.069929 -0.371426
v -0.309044 5.069929 -1.646252
v -0.302498 1.825751 0.289555
v -0.298042 5.069929 -0.091885
v -0.298042 5.069929 -1.925793
v -0.296638 1.267500 -2.358532
v -0.292427 1.716002 0.291965
v -0.292198 0.077922 1.407825
v -0.292198 0.156000 1.407825
v -0.290642 1.807493 0.658085
v -0.284004 1.896803 0.738819
v -0.283852 0.156000 0.655674
v -0.283852 1.716002 0.655674
v -0.276436 2.574003 0.177769
v -0.273079 2.128546 0.734837
v -0.271065 5.611769 -0.804714
v -0.271065 5.611769 -1.212963
v -0.264427 5.436201 -0.587887
v -0.264427 5.436201 -1.429821
v -0.263878 1.807493 0.731419
v -0.258888 3.802504 0.012012
v -0.258888 3.802504 -2.029644
v -0.257103 0.156000 0.728916
v -0.257103 1.716002 0.728916
v -0.254997 5.611769 -1.008831
v -0.253273 1.325926 0.297901
v -0.252968 0.000000 1.635830
v -0.252968 0.077922 1.635830
v -0.250069 1.267500 -2.318768
v -0.248604 0.156000 0.411854
v -0.246330 0.077922 0.417866
v -0.232826 5.254530 -0.577648
v -0.232826 5.254530 -1.440014
v -0.230965 1.325926 0.271763
v -0.224800 5.069929 -0.574917
v -0.224800 5.069929 -1.442699
v -0.223793 0.077922 1.321491
v -0.223793 0.156000 1.321491
v -0.219734 2.535002 0.115833
v -0.219734 2.535002 -2.133526
v -0.219109 3.802504 -0.034542
v -0.219109 3.802504 -1.983074
v -0.219032 2.034628 0.715107
v -0.214577 5.436201 -0.795742
v -0.214577 5.436201 -1.221935
v -0.200478 1.267500 -2.260571
v -0.197807 5.436201 -1.008831
v -0.186272 1.325926 0.219425
v -0.185417 0.077922 0.365833
v -0.181740 5.254530 -0.790524
v -0.181740 5.254530 -1.227093
v -0.181190 0.000000 -2.387737
v -0.179497 1.932837 0.700611
v -0.179176 3.802504 -0.099834
v -0.179176 3.802504 -1.917858
v -0.173332 5.069929 -0.789196
v -0.173332 5.069929 -1.228497
v -0.170036 5.069929 -0.300594
v -0.170036 5.069929 -1.717083
v -0.169731 0.077922 1.225544
v -0.169731 0.156000 1.225544
v -0.164589 5.254530 -1.008831
v -0.157890 1.306502 0.188465
v -0.155998 5.069929 -1.008831
v -0.155296 1.825751 0.691715
v -0.149376 0.000000 1.540592
v -0.149376 0.077922 1.540592
v -0.147270 0.077922 0.688679
v -0.147270 0.156000 0.688679
v -0.147270 1.716002 0.688679
v -0.140175 2.535002 0.022709
v -0.140175 2.535002 -2.040386
v -0.131279 0.077922 1.122349
v -0.131279 0.156000 1.122349
v -0.117638 0.077922 0.794819
v -0.117638 0.156000 0.794819
v -0.115211 3.802504 -0.204189
v -0.115211 3.802504 -1.813488
v -0.109520 0.077922 1.014408
v -0.109520 0.156000 1.014408
v -0.104927 0.077922 0.904255
v -0.104927 0.156000 0.904255
v -0.101097 1.267500 0.126606
v -0.101097 1.267500 -2.144207
v -0.096031 0.077922 0.261066
v -0.093697 0.000000 0.267628
v -0.083153 3.802504 -0.256374
v -0.083153 3.802504 -1.761303
v -0.076363 5.069929 -0.526714
v -0.076363 5.069929 -1.490887
v -0.063576 3.607420 -0.264721
v -0.063576 3.607420 -1.752972
v -0.062019 0.000000 1.430302
v -0.062019 0.077922 1.430302
v -0.061317 1.267500 0.080036
v -0.061317 1.267500 -2.097637
v -0.060295 2.535002 -0.107708
v -0.060295 2.535002 -1.909954
v -0.021385 1.267500 0.014820
v -0.021385 1.267500 -2.032421
v -0.019279 5.069929 -0.764782
v -0.019279 5.069929 -1.252819
v -0.016228 3.607420 -0.378918
v -0.016228 3.607420 -1.638775
v -0.000084 5.069929 -1.008831
v 0.003731 2.535002 -0.212063
v 0.003731 2.535002 -1.805553
v 0.007088 0.000000 1.307682
v 0.007088 0.077922 1.307682
v 0.017540 0.000000 0.137287
v 0.017540 0.000000 -2.154980
v 0.030647 3.607420 -0.492016
v 0.030647 3.607420 -1.525677
v 0.035866 0.000000 0.621754
v 0.035866 0.077922 0.621754
v 0.042976 2.144926 -0.228832
v 0.042976 2.144926 -1.788830
v 0.056236 0.000000 1.175694
v 0.056236 0.077922 1.175694
v 0.058571 1.267500 -0.115658
v 0.058571 1.267500 -1.902020
v 0.063332 3.607420 -0.628124
v 0.063332 3.607420 -1.389477
v 0.073708 0.000000 0.757313
v 0.073708 0.077922 0.757313
v 0.084084 0.000000 1.037724
v 0.084084 0.077922 1.037724
v 0.089928 0.000000 0.897083
v 0.089928 0.077922 0.897083
v 0.090553 1.267500 -0.167843
v 0.090553 1.267500 -1.849834
v 0.091881 3.607420 -0.747158
v 0.091881 3.607420 -1.270458
v 0.101479 3.607420 -1.148479
v 0.102806 3.607420 -0.886852
v 0.112389 3.607420 -1.008831
v 0.137657 2.144926 -0.457226
v 0.137657 2.144926 -1.560467
v 0.177452 0.000000 -0.123547
v 0.177452 0.000000 -1.894054
v 0.203026 2.144926 -0.729534
v 0.203026 2.144926 -1.288097
v 0.221031 0.000000 -0.228832
v 0.221031 0.000000 -1.788830
v 0.224937 2.144926 -1.008831
v 0.390007 0.000000 0.746235
v 0.390007 1.130999 0.258656
v 0.390007 0.000000 -0.228832
v 0.390007 2.144926 -0.228832
v 0.390007 2.261999 -0.228832
v 0.390007 0.000000 -1.788830
v 0.390007 2.144926 -1.788830
v 0.390007 0.000000 -1.905743
v 0.390007 2.144926 -1.905743
v 0.390007 2.261999 -1.905743
v 0.682487 1.130999 0.258656
v 0.974907 0.000000 0.746235
v 0.974907 1.130999 0.258656
v 0.974907 0.000000 0.063740
v 0.974907 0.292500 0.063740
v 0.974907 0.584921 0.063740
v 0.974907 0.000000 -0.228832
v 0.974907 2.144926 -0.228832
v 0.974907 2.261999 -0.228832
v 0.974907 0.000000 -1.788830
v 0.974907 2.144926 -1.788830
v 0.974907 0.000000 -1.905743
v 0.974907 2.144926 -1.905743
v 0.974907 2.261999 -1.905743
v 0.978600 0.000000 0.109455
v 0.978600 0.584921 0.109455
v 0.978600 0.000000 0.017872
v 0.978600 0.584921 0.017872
v 0.989342 0.000000 0.154057
v 0.989342 0.584921 0.154057
v 0.989342 0.000000 -0.026745
v 0.989342 0.584921 -0.026745
v 1.006798 0.000000 0.196491
v 1.006798 0.584921 0.196491
v 1.006798 0.000000 -0.069088
v 1.006798 0.584921 -0.069088
v 1.030754 0.000000 0.235569
v 1.030754 0.584921 0.235569
v 1.030754 0.000000 -0.108257
v 1.030754 0.584921 -0.108257
v 1.037315 0.663000 0.063740
v 1.037315 1.637923 0.063740
v 1.040215 0.663000 0.099689
v 1.040215 1.637923 0.099689
v 1.040215 0.663000 0.027622
v 1.040215 1.637923 0.027622
v 1.048637 0.663000 0.134800
v 1.048637 1.637923 0.134800
v 1.048637 0.663000 -0.007397
v 1.048637 1.637923 -0.007397
v 1.060631 0.000000 0.270512
v 1.060631 0.584921 0.270512
v 1.060631 0.000000 -0.143124
v 1.060631 0.584921 -0.143124
v 1.062431 0.663000 0.168186
v 1.062431 1.637923 0.168186
v 1.062431 0.663000 -0.040783
v 1.062431 1.637923 -0.040783
v 1.081322 0.663000 0.198994
v 1.081322 1.637923 0.198994
v 1.081322 0.663000 -0.071514
v 1.081322 1.637923 -0.071514
v 1.095512 0.000000 0.300312
v 1.095512 0.584921 0.300312
v 1.095512 0.000000 -0.173000
v 1.095512 0.584921 -0.173000
v 1.103935 1.716002 0.063740
v 1.103935 1.910918 0.063740
v 1.104698 0.663000 0.226368
v 1.104698 1.637923 0.226368
v 1.104698 0.663000 -0.099041
v 1.104698 1.637923 -0.099041
v 1.105949 1.716002 0.089237
v 1.105949 1.910918 0.089237
v 1.105949 1.716002 0.038074
v 1.105949 1.910918 0.038074
v 1.111900 1.716002 0.114124
v 1.111900 1.910918 0.114124
v 1.111900 1.716002 0.013187
v 1.111900 1.910918 0.013187
v 1.121635 1.716002 0.137989
v 1.121635 1.910918 0.137989
v 1.121635 1.716002 -0.010525
v 1.121635 1.910918 -0.010525
v 1.132225 0.663000 0.249836
v 1.132225 1.637923 0.249836
v 1.132225 0.663000 -0.122540
v 1.132225 1.637923 -0.122540
v 1.134758 0.000000 0.324253
v 1.134758 0.584921 0.324253
v 1.134758 0.000000 -0.196941
v 1.134758 0.584921 -0.196941
v 1.135124 1.716002 0.159763
v 1.135124 1.910918 0.159763
v 1.135124 1.716002 -0.032436
v 1.135124 1.910918 -0.032436
v 1.151756 1.716002 0.179325
v 1.151756 1.910918 0.179325
v 1.151756 1.716002 -0.052013
v 1.151756 1.910918 -0.052013
v 1.163048 0.663000 0.268726
v 1.163048 1.637923 0.268726
v 1.163048 0.663000 -0.141415
v 1.163048 1.637923 -0.141415
v 1.171318 1.716002 0.195942
v 1.171318 1.910918 0.195942
v 1.171318 1.716002 -0.068630
v 1.171318 1.910918 -0.068630
v 1.177086 0.000000 0.341877
v 1.177086 0.584921 0.341877
v 1.177086 0.000000 -0.214565
v 1.177086 0.584921 -0.214565
v 1.193230 1.716002 0.209446
v 1.193230 1.910918 0.209446
v 1.193230 1.716002 -0.082119
v 1.193230 1.910918 -0.082119
v 1.196342 0.663000 0.282612
v 1.196342 1.637923 0.282612
v 1.196342 0.663000 -0.155209
v 1.196342 1.637923 -0.155209
v 1.216942 1.716002 0.219181
v 1.216942 1.910918 0.219181
v 1.216942 1.716002 -0.091885
v 1.216942 1.910918 -0.091885
v 1.221611 0.000000 0.352573
v 1.221611 0.584921 0.352573
v 1.221611 0.000000 -0.225262
v 1.221611 0.584921 -0.225262
v 1.231468 0.663000 0.291035
v 1.231468 1.637923 0.291035
v 1.231468 0.663000 -0.163631
v 1.231468 1.637923 -0.163631
v 1.241905 1.716002 0.225269
v 1.241905 1.910918 0.225269
v 1.241905 1.716002 -0.097805
v 1.241905 1.910918 -0.097805
v 1.267509 0.000000 0.356159
v 1.267509 0.584921 0.356159
v 1.267509 0.663000 0.293827
v 1.267509 1.637923 0.293827
v 1.267509 1.716002 0.227299
v 1.267509 1.910918 0.227299
v 1.267509 1.716002 -0.099834
v 1.267509 1.910918 -0.099834
v 1.267509 0.663000 -0.166439
v 1.267509 1.637923 -0.166439
v 1.267509 0.000000 -0.228832
v 1.267509 0.292500 -0.228832
v 1.267509 0.584921 -0.228832
v 1.292992 1.716002 0.225269
v 1.292992 1.910918 0.225269
v 1.292992 1.716002 -0.097805
v 1.292992 1.910918 -0.097805
v 1.303459 0.663000 0.291035
v 1.303459 1.637923 0.291035
v 1.303459 0.663000 -0.163631
v 1.303459 1.637923 -0.163631
v 1.313194 0.000000 0.352573
v 1.313194 0.584921 0.352573
v 1.313194 0.000000 -0.225262
v 1.313194 0.584921 -0.225262
v 1.318016 1.716002 0.219181
v 1.318016 1.910918 0.219181
v 1.318016 1.716002 -0.091885
v 1.318016 1.910918 -0.091885
v 1.338615 0.663000 0.282612
v 1.338615 1.637923 0.282612
v 1.338615 0.663000 -0.155209
v 1.338615 1.637923 -0.155209
v 1.341728 1.716002 0.209446
v 1.341728 1.910918 0.209446
v 1.341728 1.716002 -0.082119
v 1.341728 1.910918 -0.082119
v 1.357811 0.000000 0.341877
v 1.357811 0.584921 0.341877
v 1.357811 0.000000 -0.214565
v 1.357811 0.584921 -0.214565
v 1.363518 1.716002 0.195942
v 1.363518 1.910918 0.195942
v 1.363518 1.716002 -0.068630
v 1.363518 1.910918 -0.068630
v 1.371941 0.663000 0.268726
v 1.371941 1.637923 0.268726
v 1.371941 0.663000 -0.141415
v 1.371941 1.637923 -0.141415
v 1.383080 1.716002 0.179325
v 1.383080 1.910918 0.179325
v 1.383080 1.716002 -0.052013
v 1.383080 1.910918 -0.052013
v 1.399864 1.716002 0.159763
v 1.399864 1.910918 0.159763
v 1.399864 1.716002 -0.032436
v 1.399864 1.910918 -0.032436
v 1.400261 0.000000 0.324253
v 1.400261 0.584921 0.324253
v 1.400261 0.000000 -0.196941
v 1.400261 0.584921 -0.196941
v 1.402733 0.663000 0.249836
v 1.402733 1.637923 0.249836
v 1.402733 0.663000 -0.122540
v 1.402733 1.637923 -0.122540
v 1.413200 1.716002 0.137989
v 1.413200 1.910918 0.137989
v 1.413200 1.716002 -0.010525
v 1.413200 1.910918 -0.010525
v 1.422966 1.716002 0.114124
v 1.422966 1.910918 0.114124
v 1.422966 1.716002 0.013187
v 1.422966 1.910918 0.013187
v 1.429008 1.716002 0.089237
v 1.429008 1.910918 0.089237
v 1.429008 1.716002 0.038074
v 1.429008 1.910918 0.038074
v 1.430199 0.663000 0.226368
v 1.430199 1.637923 0.226368
v 1.430199 0.663000 -0.099041
v 1.430199 1.637923 -0.099041
v 1.431053 1.716002 0.063740
v 1.431053 1.910918 0.063740
v 1.439415 0.000000 0.300312
v 1.439415 0.584921 0.300312
v 1.439415 0.000000 -0.173000
v 1.439415 0.584921 -0.173000
v 1.453697 0.663000 0.198994
v 1.453697 1.637923 0.198994
v 1.453697 0.663000 -0.071514
v 1.453697 1.637923 -0.071514
v 1.472557 0.663000 0.168186
v 1.472557 1.637923 0.168186
v 1.472557 0.663000 -0.040783
v 1.472557 1.637923 -0.040783
v 1.474327 0.000000 0.270512
v 1.474327 0.584921 0.270512
v 1.474327 0.000000 -0.143124
v 1.474327 0.584921 -0.143124
v 1.486382 0.663000 0.134800
v 1.486382 1.637923 0.134800
v 1.486382 0.663000 -0.007397
v 1.486382 1.637923 -0.007397
v 1.494804 0.663000 0.099689
v 1.494804 1.637923 0.099689
v 1.494804 0.663000 0.027622
v 1.494804 1.637923 0.027622
v 1.497612 0.663000 0.063740
v 1.497612 1.637923 0.063740
v 1.504082 0.000000 0.235569
v 1.504082 0.584921 0.235569
v 1.504082 0.000000 -0.108257
v 1.504082 0.584921 -0.108257
v 1.528191 0.000000 0.196491
v 1.528191 0.584921 0.196491
v 1.528191 0.000000 -0.069088
v 1.528191 0.584921 -0.069088
v 1.545647 0.000000 0.154057
v 1.545647 0.584921 0.154057
v 1.545647 0.000000 -0.026745
v 1.545647 0.584921 -0.026745
v 1.556328 0.000000 0.109455
v 1.556328 0.584921 0.109455
v 1.556328 0.000000 0.017872
v 1.556328 0.584921 0.017872
v 1.559898 0.000000 0.746235
v 1.559898 1.130999 0.258656
v 1.559898 0.000000 0.063740
v 1.559898 0.292500 0.063740
v 1.559898 0.584921 0.063740
v 1.559898 0.000000 -0.228832
v 1.559898 2.144926 -0.228832
v 1.559898 2.261999 -0.228832
v 1.559898 0.000000 -1.788830
v 1.559898 2.144926 -1.788830
v 1.559898 0.000000 -1.905743
v 1.559898 2.144926 -1.905743
v 1.559898 2.261999 -1.905743
v 1.852409 1.130999 0.258656
v 2.144920 0.000000 0.746235
v 2.144920 1.130999 0.258656
v 2.144920 0.000000 -0.228832
v 2.144920 2.144926 -0.228832
v 2.144920 2.261999 -0.228832
v 2.144920 0.000000 -1.788830
v 2.144920 2.144926 -1.788830
v 2.144920 0.000000 -1.905743
v 2.144920 2.144926 -1.905743
v 2.144920 2.261999 -1.905743
v 2.729973 0.000000 -0.228832
v 2.729973 2.144926 -0.228832
v 2.729973 0.000000 -0.415966
v 2.729973 0.077922 -0.415966
v 2.729973 0.833586 -0.474545
v 2.729973 0.804571 -0.476177
v 2.729973 0.862448 -0.476177
v 2.729973 0.776335 -0.481182
v 2.729973 0.890604 -0.481182
v 2.729973 0.749502 -0.489361
v 2.729973 0.917437 -0.489361
v 2.729973 0.724776 -0.500591
v 2.729973 0.942164 -0.500591
v 2.729973 0.702780 -0.514477
v 2.729973 0.964236 -0.514477
v 2.729973 0.683905 -0.530773
v 2.729973 0.983111 -0.530773
v 2.729973 0.668772 -0.549038
v 2.729973 0.998244 -0.549038
v 2.729973 0.657618 -0.568768
v 2.729973 1.009398 -0.568768
v 2.729973 0.650908 -0.589672
v 2.729973 1.016108 -0.589672
v 2.729973 0.648649 -0.611034
v 2.729973 1.018446 -0.611034
v 2.729973 0.650908 -0.632336
v 2.729973 1.016108 -0.632336
v 2.729973 0.657618 -0.653164
v 2.729973 1.009398 -0.653164
v 2.729973 0.668772 -0.672894
v 2.729973 0.998244 -0.672894
v 2.729973 0.683905 -0.691235
v 2.729973 0.983111 -0.691235
v 2.729973 0.702780 -0.707531
v 2.729973 0.964236 -0.707531
v 2.729973 0.724775 -0.721493
v 2.729973 0.942164 -0.721493
v 2.729973 0.749502 -0.732555
v 2.729973 0.917437 -0.732555
v 2.729973 0.776335 -0.740749
v 2.729973 0.890604 -0.740749
v 2.729973 0.804571 -0.745831
v 2.729973 0.862448 -0.745831
v 2.729973 0.833586 -0.747540
v 2.729973 0.000000 -0.806042
v 2.729973 0.077922 -0.806042
v 2.729973 0.000000 -1.788830
v 2.729973 2.144926 -1.788830
v 3.158897 0.077922 -0.611034
v 3.158897 0.116922 -0.611034
v 3.160789 0.077922 -0.586636
v 3.160789 0.116922 -0.586636
v 3.160789 0.077922 -0.635372
v 3.160789 0.116922 -0.635372
v 3.166557 0.077922 -0.562832
v 3.166557 0.116922 -0.562832
v 3.166557 0.077922 -0.659237
v 3.166557 0.116922 -0.659237
v 3.176018 0.077922 -0.540142
v 3.176018 0.116922 -0.540142
v 3.176018 0.077922 -0.681789
v 3.176018 0.116922 -0.681789
v 3.178490 0.116922 -0.611034
v 3.178490 0.238835 -0.611034
v 3.180138 0.116922 -0.589672
v 3.180138 0.239460 -0.589672
v 3.180138 0.116922 -0.632336
v 3.180138 0.239460 -0.632336
v 3.185143 0.116922 -0.568768
v 3.185143 0.241722 -0.568768
v 3.185143 0.116922 -0.653164
v 3.185143 0.241722 -0.653164
v 3.188774 0.077922 -0.519314
v 3.188774 0.116922 -0.519314
v 3.188774 0.077922 -0.702694
v 3.188774 0.116922 -0.702694
v 3.193291 0.116922 -0.549038
v 3.193291 0.245310 -0.549038
v 3.193291 0.116922 -0.672894
v 3.193291 0.245310 -0.672894
v 3.204552 0.116922 -0.530773
v 3.204552 0.250301 -0.530773
v 3.204552 0.116922 -0.691235
v 3.204552 0.250301 -0.691235
v 3.204613 0.077922 -0.500683
v 3.204613 0.116922 -0.500683
v 3.204613 0.077922 -0.721340
v 3.204613 0.116922 -0.721340
v 3.218407 0.116922 -0.514477
v 3.218407 0.256308 -0.514477
v 3.218407 0.116922 -0.707531
v 3.218407 0.256308 -0.707531
v 3.223259 0.077922 -0.484768
v 3.223259 0.116922 -0.484768
v 3.223259 0.077922 -0.737164
v 3.223259 0.116922 -0.737164
v 3.234734 0.116922 -0.500591
v 3.234734 0.263484 -0.500591
v 3.234734 0.116922 -0.721493
v 3.234734 0.263484 -0.721493
v 3.244164 0.077922 -0.472042
v 3.244164 0.116922 -0.472042
v 3.244164 0.077922 -0.749950
v 3.244164 0.116922 -0.749950
v 3.252983 0.116922 -0.489361
v 3.252983 0.271596 -0.489361
v 3.252983 0.116922 -0.732555
v 3.252983 0.271596 -0.732555
v 3.266777 0.077922 -0.462597
v 3.266777 0.116922 -0.462597
v 3.266777 0.077922 -0.759319
v 3.266777 0.116922 -0.759319
v 3.272728 0.116922 -0.481182
v 3.272728 0.280410 -0.481182
v 3.272728 0.116922 -0.740749
v 3.272728 0.280410 -0.740749
v 3.290581 0.077922 -0.456905
v 3.290581 0.116922 -0.456905
v 3.290581 0.077922 -0.765011
v 3.290581 0.116922 -0.765011
v 3.293633 0.116922 -0.476177
v 3.293633 0.289457 -0.476177
v 3.293633 0.116922 -0.745831
v 3.293633 0.289457 -0.745831
v 3.314995 0.077922 -0.454967
v 3.314995 0.116922 -0.454967
v 3.314995 0.116922 -0.474545
v 3.314995 0.298896 -0.474545
v 3.314995 0.116922 -0.747540
v 3.314995 0.298896 -0.747540
v 3.314995 0.077922 -0.766964
v 3.314995 0.116922 -0.766964
v 3.336296 0.116922 -0.476177
v 3.336296 0.308334 -0.476177
v 3.336296 0.116922 -0.745831
v 3.336296 0.308334 -0.745831
v 3.339348 0.077922 -0.456905
v 3.339348 0.116922 -0.456905
v 3.339348 0.077922 -0.765011
v 3.339348 0.116922 -0.765011
v 3.357109 0.116922 -0.481182
v 3.357109 0.317537 -0.481182
v 3.357109 0.116922 -0.740749
v 3.357109 0.317537 -0.740749
v 3.363121 0.077922 -0.462597
v 3.363121 0.116922 -0.462597
v 3.363121 0.077922 -0.759319
v 3.363121 0.116922 -0.759319
v 3.377007 0.116922 -0.489361
v 3.377007 0.326195 -0.489361
v 3.377007 0.116922 -0.732555
v 3.377007 0.326195 -0.732555
v 3.385735 0.077922 -0.472042
v 3.385735 0.116922 -0.472042
v 3.385735 0.077922 -0.749950
v 3.385735 0.116922 -0.749950
v 3.395195 0.116922 -0.500591
v 3.395195 0.334307 -0.500591
v 3.395195 0.116922 -0.721493
v 3.395195 0.334307 -0.721493
v 3.406639 0.077922 -0.484768
v 3.406639 0.116922 -0.484768
v 3.406639 0.077922 -0.737164
v 3.406639 0.116922 -0.737164
v 3.411491 0.116922 -0.514477
v 3.411491 0.341484 -0.514477
v 3.411491 0.116922 -0.707531
v 3.411491 0.341484 -0.707531
v 3.425285 0.077922 -0.500683
v 3.425285 0.116922 -0.500683
v 3.425285 0.077922 -0.721340
v 3.425285 0.116922 -0.721340
v 3.425377 0.116922 -0.530773
v 3.425377 0.347645 -0.530773
v 3.425377 0.116922 -0.691235
v 3.425377 0.347645 -0.691235
v 3.436607 0.116922 -0.549038
v 3.436607 0.352482 -0.549038
v 3.436607 0.116922 -0.672894
v 3.436607 0.352482 -0.672894
v 3.441124 0.077922 -0.519314
v 3.441124 0.116922 -0.519314
v 3.441124 0.077922 -0.702694
v 3.441124 0.116922 -0.702694
v 3.444847 0.116922 -0.568768
v 3.444847 0.356226 -0.568768
v 3.444847 0.116922 -0.653164
v 3.444847 0.356226 -0.653164
v 3.449760 0.116922 -0.589672
v 3.449760 0.358332 -0.589672
v 3.449760 0.116922 -0.632336
v 3.449760 0.358332 -0.632336
v 3.451500 0.116922 -0.611034
v 3.451500 0.359112 -0.611034
v 3.453911 0.077922 -0.540142
v 3.453911 0.116922 -0.540142
v 3.453911 0.077922 -0.681789
v 3.453911 0.116922 -0.681789
v 3.463341 0.077922 -0.562832
v 3.463341 0.116922 -0.562832
v 3.463341 0.077922 -0.659237
v 3.463341 0.116922 -0.659237
v 3.469109 0.077922 -0.586636
v 3.469109 0.116922 -0.586636
v 3.469109 0.077922 -0.635372
v 3.469109 0.116922 -0.635372
v 3.471001 0.077922 -0.611034
v 3.471001 0.116922 -0.611034
v 3.510002 0.000000 -0.415966
v 3.510002 0.077922 -0.415966
v 3.510002 0.000000 -0.806042
v 3.510002 0.077922 -0.806042
vt 0.188439 0.113796
vt 0.188420 0.095942
vt 0.188696 0.095655
vt 0.178041 0.097220
vt 0.174266 0.113796
vt 0.174123 0.094109
vt 0.187848 0.007568
vt 0.188164 0.007568
vt 0.177783 0.007568
vt 0.219317 0.153255
vt 0.219129 0.097381
vt 0.221465 0.098962
vt 0.220555 0.154049
vt 0.225186 0.100663
vt 0.222533 0.154899
vt 0.229095 0.101702
vt 0.224619 0.155420
vt 0.224691 0.155426
vt 0.229402 0.155426
vt 0.229592 0.209134
vt 0.258950 0.007568
vt 0.256436 0.010721
vt 0.256352 0.007568
vt 0.258261 0.073710
vt 0.258780 0.141423
vt 0.259147 0.108354
vt 0.258683 0.143637
vt 0.258077 0.078141
vt 0.258247 0.145801
vt 0.257255 0.082465
vt 0.257470 0.147854
vt 0.255794 0.086575
vt 0.256377 0.149750
vt 0.253728 0.090367
vt 0.254995 0.151442
vt 0.251106 0.093750
vt 0.253988 0.152323
vt 0.249205 0.095510
vt 0.259380 0.209134
vt 0.249513 0.209134
vt 0.268848 0.004422
vt 0.263428 0.007568
vt 0.263312 0.004422
vt 0.260216 0.057960
vt 0.261617 0.108354
vt 0.263999 0.057175
vt 0.264631 0.106779
vt 0.262567 0.057960
vt 0.266791 0.157958
vt 0.269007 0.106779
vt 0.208733 0.018953
vt 0.201794 0.007568
vt 0.208702 0.007568
vt 0.198605 0.055600
vt 0.198458 0.004419
vt 0.201883 0.004422
vt 0.201236 0.057960
vt 0.204460 0.114045
vt 0.207494 0.073710
vt 0.203651 0.141423
vt 0.207727 0.078141
vt 0.203770 0.143637
vt 0.208637 0.082465
vt 0.204251 0.145801
vt 0.208922 0.083218
vt 0.209134 0.146176
vt 0.209379 0.209134
vt 0.204405 0.146176
vt 0.208900 0.010721
vt 0.208962 0.007568
vt 0.248732 0.152887
vt 0.248043 0.096641
vt 0.249350 0.152323
vt 0.246944 0.154049
vt 0.244658 0.098962
vt 0.244986 0.154899
vt 0.240944 0.100663
vt 0.244091 0.155123
vt 0.239252 0.101113
vt 0.239590 0.209134
vt 0.238257 0.155420
vt 0.237067 0.101702
vt 0.239410 0.155123
vt 0.236155 0.155592
vt 0.233089 0.102052
vt 0.229231 0.101718
vt 0.288675 0.150081
vt 0.288623 0.091029
vt 0.293886 0.150081
vt 0.298435 0.150081
vt 0.298461 0.209134
vt 0.308192 0.150081
vt 0.308198 0.091029
vt 0.313398 0.150081
vt 0.317949 0.150081
vt 0.317907 0.209134
vt 0.278772 0.055600
vt 0.278715 0.004422
vt 0.279965 0.091029
vt 0.282383 0.004422
vt 0.279504 0.150081
vt 0.284119 0.150081
vt 0.288730 0.209134
vt 0.389548 0.055600
vt 0.387567 0.004422
vt 0.394883 0.055600
vt 0.394236 0.157958
vt 0.397024 0.209134
vt 0.386925 0.209134
vt 0.344427 0.157958
vt 0.347207 0.209134
vt 0.337409 0.209134
vt 0.339719 0.055600
vt 0.337715 0.004422
vt 0.344915 0.055600
vt 0.354277 0.157958
vt 0.357047 0.209134
vt 0.349589 0.055600
vt 0.347599 0.004422
vt 0.354808 0.055600
vt 0.379473 0.055600
vt 0.377495 0.004422
vt 0.384774 0.055600
vt 0.377068 0.157958
vt 0.377227 0.106779
vt 0.379418 0.157958
vt 0.384147 0.157958
vt 0.376893 0.209134
vt 0.336450 0.091029
vt 0.334044 0.004422
vt 0.332279 0.150081
vt 0.327646 0.209134
vt 0.327783 0.091029
vt 0.336900 0.150081
vt 0.337577 0.106779
vt 0.359501 0.055600
vt 0.357520 0.004422
vt 0.364743 0.055600
vt 0.364177 0.157958
vt 0.366940 0.209134
vt 0.377370 0.055600
vt 0.374727 0.055600
vt 0.369457 0.055600
vt 0.367482 0.004422
vt 0.374125 0.157958
vt 0.322500 0.150081
vt 0.317985 0.091029
vt 0.021109 0.055600
vt 0.019072 0.004422
vt 0.026596 0.055600
vt 0.025953 0.157958
vt 0.028850 0.209134
vt 0.018404 0.209134
vt 0.058245 0.157958
vt 0.056132 0.106779
vt 0.060866 0.106779
vt 0.053140 0.055600
vt 0.050251 0.106779
vt 0.042030 0.055600
vt 0.039945 0.004422
vt 0.047582 0.055600
vt 0.046993 0.157958
vt 0.049965 0.209134
vt 0.039366 0.209134
vt 0.409902 0.055600
vt 0.005881 0.055600
vt 0.005220 0.157958
vt 0.008050 0.209134
vt 0.039826 0.055600
vt 0.039692 0.106779
vt 0.037058 0.055600
vt 0.031536 0.055600
vt 0.029478 0.004422
vt 0.036439 0.157958
vt 0.018932 0.055600
vt 0.018778 0.106779
vt 0.016203 0.055600
vt 0.010756 0.055600
vt 0.008740 0.004422
vt 0.015544 0.157958
vt 0.399689 0.055600
vt 0.397700 0.004422
vt 0.405063 0.055600
vt 0.404405 0.157958
vt 0.068929 0.157958
vt 0.066781 0.106779
vt 0.071534 0.106779
vt 0.063753 0.055600
vt 0.101181 0.157958
vt 0.098931 0.106779
vt 0.103704 0.106779
vt 0.095800 0.055600
vt 0.092963 0.106779
vt 0.116655 0.055600
vt 0.114376 0.004422
vt 0.122295 0.055600
vt 0.122074 0.157958
vt 0.125306 0.209134
vt 0.114523 0.209134
vt 0.138001 0.055600
vt 0.135687 0.004422
vt 0.143603 0.055600
vt 0.143489 0.157958
vt 0.146750 0.209134
vt 0.136051 0.209134
vt 0.105948 0.055600
vt 0.103692 0.004422
vt 0.111592 0.055600
vt 0.111316 0.157958
vt 0.103719 0.209134
vt 0.135761 0.055600
vt 0.135847 0.106779
vt 0.132967 0.055600
vt 0.127344 0.055600
vt 0.125047 0.004422
vt 0.132802 0.157958
vt 0.090410 0.157958
vt 0.088195 0.106779
vt 0.085093 0.055600
vt 0.082238 0.106779
vt 0.079656 0.157958
vt 0.077471 0.106779
vt 0.074406 0.055600
vt 0.071673 0.004422
vt 0.082325 0.004422
vt 0.148617 0.055600
vt 0.146288 0.004422
vt 0.154193 0.055600
vt 0.154122 0.157958
vt 0.157387 0.209134
vt 0.159179 0.055600
vt 0.156848 0.004422
vt 0.164720 0.055600
vt 0.164689 0.157958
vt 0.167952 0.209134
vt 0.191266 0.055600
vt 0.189155 0.004422
vt 0.196170 0.055600
vt 0.190746 0.057175
vt 0.193609 0.106779
vt 0.190488 0.057960
vt 0.193603 0.152395
vt 0.193072 0.108354
vt 0.199151 0.209134
vt 0.189092 0.131269
vt 0.188539 0.131348
vt 0.188837 0.209134
vt 0.167345 0.004422
vt 0.173222 0.004422
vt 0.173212 0.006163
vt 0.173211 0.006186
vt 0.174578 0.007568
vt 0.174591 0.007555
vt 0.177428 0.007533
vt 0.174579 0.007555
vt 0.173203 0.007477
vt 0.173203 0.007568
vt 0.171277 0.057175
vt 0.172979 0.057175
vt 0.170812 0.057175
vt 0.173695 0.007568
vt 0.170792 0.057175
vt 0.173652 0.007568
vt 0.170574 0.057175
vt 0.173242 0.007568
vt 0.170554 0.057175
vt 0.167469 0.055600
vt 0.175733 0.057960
vt 0.171246 0.151621
vt 0.173923 0.130403
vt 0.173919 0.131074
vt 0.178150 0.131512
vt 0.178431 0.209134
vt 0.210150 0.086575
vt 0.209793 0.147854
vt 0.212245 0.090367
vt 0.210910 0.149750
vt 0.214896 0.093750
vt 0.212320 0.151442
vt 0.218015 0.096641
vt 0.213985 0.152887
vt 0.219529 0.209134
vt 0.214582 0.153255
vt 0.271516 0.055600
vt 0.274474 0.106779
vt 0.276607 0.157958
vt 0.278834 0.106779
vt 0.298412 0.091029
vt 0.303645 0.150081
vt 0.308184 0.209134
vt 0.341945 0.106779
vt 0.347422 0.106779
vt 0.371662 0.106779
vt 0.367238 0.106779
vt 0.071354 0.209134
vt 0.063886 0.157958
vt 0.061050 0.004422
vt 0.096105 0.157958
vt 0.093006 0.004422
vt 0.140590 0.106779
vt 0.146491 0.106779
vt 0.108475 0.106779
vt 0.114440 0.106779
vt 0.278982 0.209134
vt 0.271986 0.157958
vt 0.391757 0.106779
vt 0.397401 0.106779
vt 0.387278 0.106779
vt 0.381678 0.106779
vt 0.023387 0.106779
vt 0.029200 0.106779
vt 0.002709 0.106779
vt 0.008432 0.106779
vt 0.407596 0.106779
vt 0.033844 0.106779
vt 0.013011 0.106779
vt 0.401911 0.106779
vt 0.119209 0.106779
vt 0.125158 0.106779
vt 0.129918 0.106779
vt 0.092914 0.209134
vt 0.085338 0.157958
vt 0.082120 0.209134
vt 0.074595 0.157958
vt 0.266850 0.055600
vt 0.269201 0.209134
vt 0.262154 0.157958
vt 0.351806 0.106779
vt 0.357305 0.106779
vt 0.361708 0.106779
vt 0.060630 0.209134
vt 0.053229 0.157958
vt 0.050469 0.004422
vt 0.044365 0.106779
vt 0.151214 0.106779
vt 0.157082 0.106779
vt 0.161779 0.106779
vt 0.167611 0.106779
vt 0.196225 0.157958
vt 0.198768 0.106779
vt 0.191284 0.057175
vt 0.189186 0.007568
vt 0.268922 0.055600
vt 0.269097 0.157958
vt 0.198946 0.157958
vt 0.200618 0.108354
vt 0.278905 0.157958
vt 0.276707 0.055600
vt 0.397558 0.055600
vt 0.397223 0.157958
vt 0.399603 0.157958
vt 0.387112 0.157958
vt 0.389474 0.157958
vt 0.387431 0.055600
vt 0.337497 0.157958
vt 0.339799 0.157958
vt 0.337651 0.055600
vt 0.347514 0.055600
vt 0.347320 0.157958
vt 0.349631 0.157958
vt 0.367366 0.055600
vt 0.367098 0.157958
vt 0.369429 0.157958
vt 0.029345 0.055600
vt 0.029035 0.157958
vt 0.031488 0.157958
vt 0.018604 0.157958
vt 0.021036 0.157958
vt 0.060965 0.055600
vt 0.058728 0.055600
vt 0.060756 0.157958
vt 0.039540 0.157958
vt 0.042010 0.157958
vt 0.008594 0.055600
vt 0.008254 0.157958
vt 0.010671 0.157958
vt 0.407416 0.157958
vt 0.409813 0.157958
vt 0.407757 0.055600
vt 0.071606 0.055600
vt 0.069363 0.055600
vt 0.071450 0.157958
vt 0.103697 0.055600
vt 0.101447 0.055600
vt 0.103711 0.157958
vt 0.106240 0.157958
vt 0.092941 0.157958
vt 0.092986 0.055600
vt 0.090735 0.055600
vt 0.125098 0.055600
vt 0.125227 0.157958
vt 0.127752 0.157958
vt 0.114477 0.157958
vt 0.117006 0.157958
vt 0.114405 0.055600
vt 0.146385 0.055600
vt 0.146614 0.157958
vt 0.149119 0.157958
vt 0.135941 0.157958
vt 0.138458 0.157958
vt 0.082183 0.157958
vt 0.082284 0.055600
vt 0.080035 0.055600
vt 0.167770 0.157958
vt 0.173436 0.108354
vt 0.357417 0.055600
vt 0.357183 0.157958
vt 0.359504 0.157958
vt 0.050115 0.157958
vt 0.050364 0.055600
vt 0.156958 0.055600
vt 0.157226 0.157958
vt 0.159717 0.157958
vt 0.170857 0.158741
vt 0.195945 0.158741
vt 0.260562 0.158741
vt 0.199926 0.158741
vt 0.259044 0.057960
vt 0.259258 0.158741
vt 0.327719 0.150081
vt 0.231445 0.155592
vt 0.200359 0.057175
vt 0.417480 0.209134
vt 0.414649 0.157958
vt 0.407902 0.004422
vt 0.418170 0.004422
vt 0.415311 0.055600
vt 0.407213 0.209134
vt 0.412138 0.106779
vt 0.603753 0.161990
vt 0.586591 0.179429
vt 0.582946 0.171121
vt 0.592022 0.176157
vt 0.606444 0.170162
vt 0.607253 0.169957
vt 0.557671 0.057008
vt 0.534827 0.061517
vt 0.555639 0.052381
vt 0.536859 0.066139
vt 0.539177 0.071420
vt 0.559984 0.062289
vt 0.599186 0.151577
vt 0.578373 0.160712
vt 0.594290 0.140428
vt 0.573478 0.149559
vt 0.583946 0.116866
vt 0.568365 0.137905
vt 0.563134 0.125997
vt 0.589168 0.128775
vt 0.543327 0.080874
vt 0.564138 0.071743
vt 0.568706 0.082151
vt 0.552794 0.102440
vt 0.547904 0.091292
vt 0.573601 0.093304
vt 0.557912 0.114089
vt 0.578723 0.104958
vt 0.692526 0.848568
vt 0.692526 0.807494
vt 0.719559 0.837362
vt 0.877168 0.807494
vt 0.850138 0.837362
vt 0.817901 0.829625
vt 0.877168 0.848568
vt 0.692526 0.791910
vt 0.692526 0.722671
vt 0.877167 0.791910
vt 0.877168 0.722671
vt 0.784847 0.827032
vt 0.692526 0.704923
vt 0.692527 0.635676
vt 0.877168 0.704923
vt 0.877168 0.635676
vt 0.751790 0.829625
vt 0.039450 0.688407
vt 0.027387 0.650443
vt 0.036773 0.665757
vt 0.243839 0.598478
vt 0.256550 0.598478
vt 0.250331 0.637777
vt 0.242694 0.656218
vt 0.238230 0.633849
vt 0.242426 0.616386
vt 0.254985 0.618369
vt 0.232259 0.673233
vt 0.221976 0.665757
vt 0.231362 0.650443
vt 0.250331 0.559174
vt 0.254985 0.578582
vt 0.242426 0.580572
vt 0.242694 0.540739
vt 0.129371 0.725659
vt 0.111477 0.711527
vt 0.129371 0.712933
vt 0.238230 0.563103
vt 0.231362 0.546514
vt 0.232259 0.523724
vt 0.210308 0.679415
vt 0.219299 0.688407
vt 0.196649 0.691084
vt 0.204127 0.701366
vt 0.221976 0.531194
vt 0.210308 0.517542
vt 0.219299 0.508544
vt 0.181336 0.700463
vt 0.187117 0.711788
vt 0.196649 0.505873
vt 0.204127 0.495585
vt 0.164740 0.707337
vt 0.168670 0.719431
vt 0.181336 0.496494
vt 0.187117 0.485163
vt 0.147279 0.711527
vt 0.149274 0.724091
vt 0.164740 0.489615
vt 0.168670 0.477526
vt 0.147279 0.485430
vt 0.149274 0.472865
vt 0.026491 0.673233
vt 0.016323 0.616386
vt 0.020520 0.633849
vt 0.094010 0.707337
vt 0.109481 0.724091
vt 0.129371 0.484018
vt 0.111477 0.485430
vt 0.129371 0.471300
vt 0.077413 0.700463
vt 0.090080 0.719431
vt 0.094010 0.489615
vt 0.109481 0.472865
vt 0.062101 0.691084
vt 0.071633 0.711788
vt 0.077413 0.496494
vt 0.090080 0.477526
vt 0.048442 0.679415
vt 0.054629 0.701366
vt 0.062101 0.505873
vt 0.071633 0.485163
vt 0.048442 0.517542
vt 0.036773 0.531194
vt 0.039450 0.508544
vt 0.054629 0.495585
vt 0.027387 0.546514
vt 0.020520 0.563103
vt 0.026491 0.523724
vt 0.014911 0.598478
vt 0.016055 0.656218
vt 0.003770 0.618369
vt 0.008419 0.637777
vt 0.002193 0.598478
vt 0.008419 0.559174
vt 0.016055 0.540739
vt 0.016323 0.580572
vt 0.003770 0.578582
vt 0.576759 0.860094
vt 0.404641 0.941931
vt 0.398152 0.860094
vt 0.404640 0.974412
vt 0.576759 0.989995
vt 0.398152 0.974412
vt 0.467564 0.946802
vt 0.469968 0.946944
vt 0.472312 0.947367
vt 0.465148 0.946944
vt 0.474547 0.948050
vt 0.476606 0.948971
vt 0.478444 0.950133
vt 0.480015 0.951491
vt 0.481275 0.953018
vt 0.482204 0.954661
vt 0.482763 0.956395
vt 0.482958 0.958169
vt 0.482763 0.959948
vt 0.482204 0.961688
vt 0.481275 0.963331
vt 0.480016 0.964852
vt 0.478444 0.966209
vt 0.469968 0.969398
vt 0.467565 0.969534
vt 0.465148 0.969398
vt 0.398152 0.941930
vt 0.398152 0.989995
vt 0.476606 0.967365
vt 0.474547 0.968300
vt 0.458504 0.967365
vt 0.460563 0.968300
vt 0.472312 0.968982
vt 0.462797 0.947367
vt 0.460563 0.948050
vt 0.458504 0.948971
vt 0.456672 0.950133
vt 0.455100 0.951491
vt 0.453840 0.953018
vt 0.452912 0.954661
vt 0.452353 0.956395
vt 0.452165 0.958169
vt 0.452353 0.959947
vt 0.452912 0.961688
vt 0.453840 0.963331
vt 0.455101 0.964852
vt 0.456672 0.966209
vt 0.462797 0.968982
vt 0.503786 0.098723
vt 0.493814 0.010153
vt 0.515954 0.010153
vt 0.517323 0.103544
vt 0.518687 0.196939
vt 0.513763 0.187291
vt 0.516428 0.014984
vt 0.524480 0.096546
vt 0.532532 0.178103
vt 0.517559 0.105962
vt 0.524306 0.203603
vt 0.534365 0.212081
vt 0.533698 0.179414
vt 0.539109 0.185536
vt 0.545440 0.218866
vt 0.546606 0.191852
vt 0.557308 0.223819
vt 0.554856 0.196911
vt 0.563696 0.200596
vt 0.569708 0.226828
vt 0.572939 0.202845
vt 0.582379 0.227843
vt 0.582379 0.203600
vt 0.591819 0.202845
vt 0.595049 0.226828
vt 0.601051 0.200596
vt 0.607450 0.223819
vt 0.609891 0.196911
vt 0.619312 0.218866
vt 0.618151 0.191852
vt 0.625642 0.185536
vt 0.630392 0.212081
vt 0.631059 0.179414
vt 0.638870 0.204934
vt 0.632215 0.178103
vt 0.634966 0.150247
vt 0.514856 0.098723
vt 0.399745 0.706301
vt 0.679973 0.706301
vt 0.399746 0.629866
vt 0.679973 0.629866
vt 0.399746 0.793475
vt 0.679973 0.793475
vt 0.399746 0.717048
vt 0.679973 0.717048
vt 0.399746 0.830975
vt 0.679973 0.854237
vt 0.399746 0.808898
vt 0.679973 0.808898
vt 0.399746 0.755248
vt 0.437960 0.755248
vt 0.399746 0.793475
vt 0.476163 0.755248
vt 0.679973 0.717048
vt 0.679973 0.808898
vt 0.679973 0.854237
vt 0.399746 0.830975
vt 0.399746 0.808898
vt 0.679973 0.793475
vt 0.399746 0.717048
vt 0.679973 0.629866
vt 0.679973 0.706301
vt 0.399745 0.706301
vt 0.399746 0.629866
vt 0.534278 0.211645
vt 0.582187 0.203182
vt 0.524240 0.203186
vt 0.545339 0.218416
vt 0.557176 0.223358
vt 0.569544 0.226360
vt 0.582187 0.227373
vt 0.594830 0.226360
vt 0.638841 0.203186
vt 0.607204 0.223358
vt 0.619046 0.218416
vt 0.630098 0.211645
vt 0.638919 0.204214
vt 0.591607 0.202429
vt 0.600830 0.200185
vt 0.609651 0.196508
vt 0.617888 0.191460
vt 0.625363 0.185158
vt 0.630768 0.179049
vt 0.631926 0.177741
vt 0.634904 0.147575
vt 0.514816 0.098531
vt 0.515906 0.010153
vt 0.503770 0.098531
vt 0.513725 0.186909
vt 0.517272 0.103342
vt 0.517509 0.105755
vt 0.516389 0.014974
vt 0.518633 0.196536
vt 0.532459 0.177741
vt 0.533612 0.179049
vt 0.539017 0.185158
vt 0.546492 0.191460
vt 0.554734 0.196508
vt 0.563555 0.200185
vt 0.572773 0.202429
vt 0.516389 0.010153
vt 0.524423 0.096360
vt 0.493814 0.010153
vt 0.470346 0.102956
vt 0.453393 0.005777
vt 0.477679 0.005777
vt 0.487294 0.200134
vt 0.462996 0.200134
vt 0.482486 0.102956
vt 0.458195 0.102956
vt 0.799454 0.223760
vt 0.794427 0.223760
vt 0.794427 0.213539
vt 0.799454 0.213539
vt 0.784428 0.223760
vt 0.779412 0.223760
vt 0.779412 0.213539
vt 0.784428 0.213539
vt 0.844528 0.213539
vt 0.849526 0.213539
vt 0.844528 0.223760
vt 0.849526 0.223760
vt 0.774407 0.223760
vt 0.774407 0.213539
vt 0.834513 0.213539
vt 0.839504 0.213539
vt 0.834513 0.223760
vt 0.839504 0.223760
vt 0.759357 0.223760
vt 0.759357 0.213539
vt 0.764370 0.213539
vt 0.764370 0.223760
vt 0.809460 0.223760
vt 0.804457 0.223760
vt 0.804457 0.213539
vt 0.809460 0.213539
vt 0.814471 0.213539
vt 0.819501 0.213539
vt 0.814471 0.223760
vt 0.819501 0.223760
vt 0.824482 0.213539
vt 0.824482 0.223760
vt 0.789439 0.223760
vt 0.789439 0.213539
vt 0.829515 0.213539
vt 0.829515 0.223760
vt 0.769382 0.223760
vt 0.769382 0.213539
vt 0.839511 0.138897
vt 0.839511 0.154230
vt 0.834506 0.154230
vt 0.839509 0.158324
vt 0.844532 0.158324
vt 0.839509 0.209445
vt 0.844532 0.209445
vt 0.849527 0.158324
vt 0.849527 0.209445
vt 0.854539 0.158324
vt 0.854539 0.209445
vt 0.859540 0.158324
vt 0.859540 0.209445
vt 0.864560 0.158324
vt 0.864560 0.209445
vt 0.869574 0.158324
vt 0.869574 0.209445
vt 0.874584 0.158324
vt 0.874584 0.209445
vt 0.879587 0.158324
vt 0.879587 0.209445
vt 0.884602 0.158324
vt 0.884602 0.209445
vt 0.889605 0.158324
vt 0.789433 0.209445
vt 0.784420 0.209445
vt 0.784420 0.158324
vt 0.789433 0.158324
vt 0.719280 0.209445
vt 0.719280 0.158324
vt 0.724287 0.158324
vt 0.724287 0.209445
vt 0.704231 0.158324
vt 0.704231 0.209445
vt 0.699230 0.158324
vt 0.699230 0.209445
vt 0.779409 0.209445
vt 0.774405 0.209445
vt 0.774405 0.158324
vt 0.779409 0.158324
vt 0.759374 0.209445
vt 0.759374 0.158324
vt 0.764368 0.158324
vt 0.764368 0.209445
vt 0.794435 0.209445
vt 0.794435 0.158324
vt 0.809467 0.209445
vt 0.804455 0.209445
vt 0.804455 0.158324
vt 0.809467 0.158324
vt 0.694219 0.158324
vt 0.694219 0.209445
vt 0.769388 0.209445
vt 0.769388 0.158324
vt 0.799448 0.209445
vt 0.799448 0.158324
vt 0.814478 0.158324
vt 0.819481 0.158324
vt 0.814478 0.209445
vt 0.819481 0.209445
vt 0.824490 0.158324
vt 0.824490 0.209445
vt 0.829501 0.158324
vt 0.829501 0.209445
vt 0.834508 0.158324
vt 0.834508 0.209445
vt 0.729301 0.209445
vt 0.729301 0.158324
vt 0.734300 0.158324
vt 0.734300 0.209445
vt 0.739329 0.158324
vt 0.739329 0.209445
vt 0.744334 0.158324
vt 0.744334 0.209445
vt 0.749346 0.209445
vt 0.749346 0.158324
vt 0.754359 0.158324
vt 0.754359 0.209445
vt 0.709246 0.158324
vt 0.709246 0.209445
vt 0.714268 0.209445
vt 0.714268 0.158324
vt 0.854532 0.213539
vt 0.854532 0.223760
vt 0.859537 0.213539
vt 0.859537 0.223760
vt 0.869580 0.213539
vt 0.869580 0.223760
vt 0.864569 0.213539
vt 0.864569 0.223760
vt 0.874582 0.213539
vt 0.874582 0.223760
vt 0.879586 0.213539
vt 0.879586 0.223760
vt 0.839511 0.123559
vt 0.844532 0.123559
vt 0.844532 0.154230
vt 0.834506 0.123559
vt 0.824494 0.123559
vt 0.829500 0.123559
vt 0.824494 0.154230
vt 0.829500 0.154230
vt 0.819483 0.123559
vt 0.819483 0.154230
vt 0.814475 0.123559
vt 0.814475 0.154230
vt 0.809466 0.154230
vt 0.809466 0.123559
vt 0.804457 0.154230
vt 0.804457 0.123559
vt 0.799440 0.154230
vt 0.799440 0.123559
vt 0.794432 0.154230
vt 0.794432 0.123559
vt 0.884607 0.213539
vt 0.769382 0.154230
vt 0.764374 0.154230
vt 0.764374 0.123559
vt 0.769382 0.123559
vt 0.789430 0.154230
vt 0.789430 0.123559
vt 0.729292 0.154230
vt 0.729292 0.123559
vt 0.734303 0.123559
vt 0.734303 0.154230
vt 0.719279 0.154230
vt 0.719279 0.123559
vt 0.724291 0.123559
vt 0.724291 0.154230
vt 0.879599 0.123559
vt 0.879599 0.154230
vt 0.874582 0.123559
vt 0.874582 0.154230
vt 0.744334 0.154230
vt 0.744334 0.123559
vt 0.749343 0.123559
vt 0.749343 0.154230
vt 0.784405 0.154230
vt 0.779407 0.154230
vt 0.779407 0.123559
vt 0.784405 0.123559
vt 0.714267 0.154230
vt 0.714267 0.123559
vt 0.709253 0.123559
vt 0.709253 0.154230
vt 0.754352 0.154230
vt 0.754352 0.123559
vt 0.759356 0.123559
vt 0.759356 0.154230
vt 0.884606 0.123559
vt 0.884606 0.154230
vt 0.774401 0.154230
vt 0.774401 0.123559
vt 0.704234 0.123559
vt 0.704234 0.154230
vt 0.739326 0.138897
vt 0.739326 0.123559
vt 0.739326 0.154230
vt 0.699229 0.123559
vt 0.699229 0.154230
vt 0.694231 0.123559
vt 0.694231 0.154230
vt 0.869574 0.123559
vt 0.869574 0.154230
vt 0.864559 0.123559
vt 0.864559 0.154230
vt 0.859556 0.123559
vt 0.859556 0.154230
vt 0.854537 0.123559
vt 0.854537 0.154230
vt 0.849539 0.123559
vt 0.849539 0.154230
vt 0.699223 0.213539
vt 0.694213 0.213539
vt 0.714264 0.213539
vt 0.709253 0.213539
vt 0.704229 0.213539
vt 0.719279 0.213539
vt 0.729307 0.213539
vt 0.734305 0.213539
vt 0.724303 0.213539
vt 0.739333 0.213539
vt 0.709253 0.223760
vt 0.884607 0.223760
vt 0.734305 0.223760
vt 0.739333 0.223760
vt 0.744329 0.223760
vt 0.889599 0.223760
vt 0.694213 0.223760
vt 0.699223 0.223760
vt 0.704229 0.223760
vt 0.714264 0.223760
vt 0.719279 0.223760
vt 0.754358 0.223760
vt 0.724303 0.223760
vt 0.749326 0.223760
vt 0.729307 0.223760
vt 0.754358 0.213539
vt 0.749326 0.213539
vt 0.744329 0.213539
vt 0.894633 0.123559
vt 0.889608 0.123559
vt 0.889608 0.138897
vt 0.894621 0.209445
vt 0.889605 0.209445
vt 0.780201 0.063670
vt 0.894621 0.158324
vt 0.894633 0.154230
vt 0.889608 0.154230
vt 0.894615 0.223760
vt 0.894615 0.213539
vt 0.889599 0.213539
vt 0.887503 0.023104
vt 0.877462 0.023000
vt 0.876253 0.005277
vt 0.936697 0.053961
vt 0.930880 0.045786
vt 0.925242 0.017583
vt 0.913881 0.011644
vt 0.923860 0.038618
vt 0.944158 0.072531
vt 0.935530 0.025228
vt 0.960107 0.128921
vt 0.915805 0.032633
vt 0.906908 0.027984
vt 0.901720 0.007554
vt 0.889083 0.005415
vt 0.897399 0.024778
vt 0.863578 0.007151
vt 0.848974 0.031934
vt 0.840790 0.037741
vt 0.839855 0.016686
vt 0.851335 0.010990
vt 0.857966 0.027473
vt 0.829391 0.024117
vt 0.822992 0.061709
vt 0.819782 0.071229
vt 0.812586 0.043385
vt 0.820238 0.033087
vt 0.827646 0.052828
vt 0.806648 0.054745
vt 0.818117 0.081129
vt 0.941157 0.062946
vt 0.943183 0.118667
vt 0.945515 0.092500
vt 0.949771 0.121810
vt 0.963209 0.094071
vt 0.944503 0.034389
vt 0.945620 0.082461
vt 0.951940 0.044845
vt 0.957644 0.056330
vt 0.963342 0.081250
vt 0.961474 0.068568
vt 0.867537 0.024475
vt 0.833625 0.044774
vt 0.815376 0.104124
vt 0.800420 0.079543
vt 0.802563 0.066897
vt 0.797665 0.110393
vt 0.816070 0.103990
vt 0.828814 0.083992
vt 0.818203 0.083046
vt 0.819867 0.073146
vt 0.934986 0.093467
vt 0.934359 0.100543
vt 0.828193 0.091065
vt 0.915890 0.034551
vt 0.923945 0.040535
vt 0.945600 0.094418
vt 0.930965 0.047704
vt 0.906993 0.029902
vt 0.887588 0.025022
vt 0.897484 0.026696
vt 0.936782 0.055878
vt 0.941242 0.064864
vt 0.945705 0.084379
vt 0.823078 0.063627
vt 0.827731 0.054745
vt 0.944243 0.074449
vt 0.877547 0.024917
vt 0.867622 0.026392
vt 0.858052 0.029390
vt 0.849059 0.033852
vt 0.840875 0.039658
vt 0.833710 0.046691
vt 0.239164 0.800008
vt 0.245614 0.800008
vt 0.245614 0.891615
vt 0.239164 0.891615
vt 0.238766 0.896988
vt 0.245143 0.898060
vt 0.237585 0.902232
vt 0.243721 0.904348
vt 0.235646 0.907211
vt 0.241400 0.910326
vt 0.233000 0.911805
vt 0.238226 0.915841
vt 0.229716 0.915904
vt 0.234282 0.920760
vt 0.225864 0.919404
vt 0.221549 0.922221
vt 0.229657 0.924964
vt 0.216872 0.924287
vt 0.211948 0.925546
vt 0.224476 0.928340
vt 0.206901 0.925968
vt 0.189331 0.928340
vt 0.194942 0.930813
vt 0.218865 0.930813
vt 0.200846 0.932325
vt 0.212961 0.932325
vt 0.206901 0.932833
vt 0.168193 0.800008
vt 0.174641 0.800008
vt 0.174641 0.891615
vt 0.168193 0.891615
vt 0.168665 0.898060
vt 0.175040 0.896988
vt 0.176222 0.902232
vt 0.170084 0.904348
vt 0.178160 0.907211
vt 0.172415 0.910326
vt 0.180807 0.911805
vt 0.175585 0.915841
vt 0.184091 0.915904
vt 0.179534 0.920760
vt 0.187943 0.919404
vt 0.192257 0.922221
vt 0.184151 0.924964
vt 0.196934 0.924287
vt 0.201858 0.925546
vt 0.036073 0.897270
vt 0.018668 0.891174
vt 0.036467 0.893067
vt 0.018247 0.896138
vt 0.037110 0.888861
vt 0.021068 0.881393
vt 0.037984 0.884639
vt 0.019619 0.886245
vt 0.040350 0.876075
vt 0.024400 0.873848
vt 0.025082 0.871989
vt 0.022977 0.876647
vt 0.039071 0.880393
vt 0.041782 0.871717
vt 0.027115 0.867349
vt 0.057198 0.814888
vt 0.041142 0.809598
vt 0.057326 0.809955
vt 0.040789 0.813822
vt 0.054194 0.834577
vt 0.039558 0.826629
vt 0.055286 0.829693
vt 0.039023 0.831039
vt 0.040076 0.822315
vt 0.056161 0.824778
vt 0.051490 0.844241
vt 0.036322 0.844560
vt 0.037522 0.840029
vt 0.049937 0.848982
vt 0.044963 0.862823
vt 0.030438 0.860908
vt 0.031423 0.858263
vt 0.029380 0.862819
vt 0.043330 0.867301
vt 0.023668 0.966259
vt 0.035939 0.901488
vt 0.035939 0.966265
vt 0.018354 0.901096
vt 0.048309 0.853661
vt 0.035088 0.849356
vt 0.035126 0.849195
vt 0.033259 0.853690
vt 0.046635 0.858274
vt 0.056804 0.819833
vt 0.040509 0.818057
vt 0.057326 0.741619
vt 0.057326 0.744869
vt 0.046580 0.744866
vt 0.045903 0.753371
vt 0.038483 0.835533
vt 0.052921 0.839438
vt 0.038313 0.836989
vt 0.040475 0.818845
vt 0.046840 0.741618
vt 0.023934 0.969509
vt 0.035939 0.969516
vt 0.982283 0.073352
vt 0.982283 0.064916
vt 0.988260 0.073352
vt 0.988260 0.064916
vt 0.982283 0.140812
vt 0.982283 0.132380
vt 0.988260 0.132380
vt 0.988260 0.140812
vt 0.982283 0.123946
vt 0.988260 0.123946
vt 0.982283 0.115514
vt 0.988260 0.115514
vt 0.982283 0.166113
vt 0.982283 0.157683
vt 0.988260 0.157683
vt 0.988260 0.166113
vt 0.982283 0.174540
vt 0.988260 0.174540
vt 0.982283 0.182975
vt 0.988260 0.182975
vt 0.982283 0.107084
vt 0.988260 0.107084
vt 0.982283 0.149245
vt 0.988260 0.149245
vt 0.982283 0.090225
vt 0.982283 0.081785
vt 0.988260 0.090225
vt 0.988260 0.081785
vt 0.982283 0.191406
vt 0.988260 0.191406
vt 0.988260 0.233571
vt 0.982283 0.233571
vt 0.982283 0.225137
vt 0.988260 0.225137
vt 0.982283 0.098654
vt 0.988260 0.098654
vt 0.982283 0.199842
vt 0.988260 0.199842
vt 0.982283 0.208271
vt 0.988260 0.208271
vt 0.988260 0.216696
vt 0.982283 0.216696
vt 0.976318 0.094486
vt 0.976319 0.083700
vt 0.982283 0.094488
vt 0.982283 0.083697
vt 0.976318 0.062142
vt 0.976319 0.051383
vt 0.982283 0.062142
vt 0.982283 0.051383
vt 0.976318 0.105256
vt 0.982283 0.105264
vt 0.982283 0.137579
vt 0.982283 0.148348
vt 0.976319 0.148348
vt 0.976318 0.137580
vt 0.976318 0.072935
vt 0.982283 0.072936
vt 0.982283 0.116027
vt 0.982283 0.126801
vt 0.976318 0.126799
vt 0.976318 0.116031
vt 0.982283 0.159129
vt 0.976319 0.159129
vt 0.982283 0.169893
vt 0.976319 0.169895
vt 0.982283 0.180677
vt 0.976318 0.180676
vt 0.982283 0.191441
vt 0.976318 0.191441
vt 0.976319 0.040640
vt 0.982283 0.040640
vt 0.976319 0.011718
vt 0.982283 0.011184
vt 0.982283 0.202235
vt 0.982283 0.212980
vt 0.976318 0.212980
vt 0.976318 0.202233
vt 0.982283 0.282062
vt 0.976318 0.256140
vt 0.982283 0.256140
vt 0.976318 0.281562
vt 0.982283 0.234520
vt 0.976319 0.234520
vt 0.976319 0.223797
vt 0.982283 0.223796
vt 0.982283 0.245314
vt 0.976318 0.245314
vt 0.436478 0.487156
vt 0.436478 0.465863
vt 0.386781 0.444565
vt 0.436478 0.444565
vt 0.436478 0.465863
vt 0.386781 0.444565
vt 0.422285 0.526919
vt 0.436478 0.487156
vt 0.571373 0.444565
vt 0.579886 0.444565
vt 0.571373 0.600748
vt 0.579886 0.600748
vt 0.457781 0.600748
vt 0.457781 0.444565
vt 0.457781 0.609273
vt 0.579886 0.609273
vt 0.579886 0.600748
vt 0.579886 0.444565
vt 0.571373 0.444565
vt 0.571373 0.600748
vt 0.579886 0.609273
vt 0.457781 0.600748
vt 0.457781 0.444565
vt 0.386781 0.444565
vt 0.422285 0.526919
vt 0.457781 0.609273
vt 0.579886 0.600748
vt 0.579886 0.444565
vt 0.571373 0.444565
vt 0.457781 0.600748
vt 0.457781 0.444565
vt 0.436478 0.444565
vt 0.457781 0.609273
vt 0.571373 0.600748
vt 0.579886 0.609273
vt 0.422285 0.526919
vt 0.571373 0.444565
vt 0.579886 0.444565
vt 0.571373 0.600748
vt 0.579886 0.600748
vt 0.457781 0.600748
vt 0.386781 0.444565
vt 0.457781 0.444565
vt 0.422285 0.526919
vt 0.579886 0.609273
vt 0.457781 0.609273
vt 0.624545 0.526919
vt 0.646524 0.611928
vt 0.602562 0.611928
vt 0.602562 0.441910
vt 0.646524 0.441910
vt 0.690096 0.526919
vt 0.668109 0.441910
vt 0.712081 0.441910
vt 0.712081 0.611928
vt 0.668109 0.611928
vt 0.602562 0.603128
vt 0.602562 0.611928
vt 0.646524 0.603128
vt 0.712081 0.603128
vt 0.668109 0.441910
vt 0.668109 0.603128
vt 0.646524 0.611928
vt 0.602562 0.441910
vt 0.646524 0.441910
vt 0.668109 0.611928
vt 0.712081 0.611928
vt 0.712081 0.441910
vt 0.602562 0.526919
vt 0.646524 0.526919
vt 0.712081 0.526919
vt 0.668109 0.526919
vt 0.741111 0.440173
vt 0.801625 0.440173
vt 0.741111 0.613664
vt 0.801625 0.613664
vt 0.815514 0.440173
vt 0.876039 0.440173
vt 0.815514 0.613664
vt 0.876039 0.613664
vt 0.805378 0.299009
vt 0.805378 0.236345
vt 0.817896 0.299009
vt 0.817896 0.236345
vt 0.777676 0.236345
vt 0.746349 0.242610
vt 0.715012 0.236345
vt 0.750258 0.242914
vt 0.742429 0.242914
vt 0.754092 0.243841
vt 0.738605 0.243841
vt 0.757715 0.245356
vt 0.734960 0.245356
vt 0.761073 0.247410
vt 0.731614 0.247410
vt 0.764069 0.249954
vt 0.728621 0.249954
vt 0.766611 0.252950
vt 0.726064 0.252950
vt 0.768665 0.256308
vt 0.724020 0.256308
vt 0.770170 0.259941
vt 0.722503 0.259941
vt 0.771084 0.263760
vt 0.721588 0.263760
vt 0.771398 0.267672
vt 0.721277 0.267672
vt 0.771084 0.271594
vt 0.721588 0.271594
vt 0.777676 0.361654
vt 0.715012 0.361654
vt 0.770170 0.275418
vt 0.722503 0.275418
vt 0.768665 0.279051
vt 0.724020 0.279051
vt 0.766611 0.282409
vt 0.726064 0.282409
vt 0.764069 0.285405
vt 0.761073 0.287949
vt 0.728621 0.285405
vt 0.757715 0.289998
vt 0.731614 0.287949
vt 0.754092 0.291518
vt 0.734960 0.289998
vt 0.750258 0.292445
vt 0.738605 0.291518
vt 0.746349 0.292749
vt 0.742429 0.292445
vt 0.778458 0.361654
vt 0.778458 0.236345
vt 0.790976 0.361654
vt 0.790976 0.236345
vt 0.804436 0.361654
vt 0.791918 0.361654
vt 0.804436 0.236345
vt 0.791918 0.236345
vt 0.829875 0.303004
vt 0.829875 0.301661
vt 0.845909 0.303004
vt 0.846163 0.301661
vt 0.845579 0.304247
vt 0.890621 0.301661
vt 0.829875 0.300238
vt 0.889861 0.303004
vt 0.829875 0.304247
vt 0.891077 0.300238
vt 0.846307 0.300238
vt 0.888831 0.304247
vt 0.845160 0.305356
vt 0.829875 0.298784
vt 0.887547 0.305356
vt 0.829875 0.305356
vt 0.891237 0.298784
vt 0.846360 0.298784
vt 0.829875 0.306301
vt 0.829875 0.297334
vt 0.844671 0.306301
vt 0.891077 0.297334
vt 0.846307 0.297334
vt 0.829875 0.307066
vt 0.829875 0.295916
vt 0.844120 0.307066
vt 0.890621 0.295916
vt 0.846163 0.295916
vt 0.829875 0.294574
vt 0.889861 0.294574
vt 0.845909 0.294574
vt 0.829875 0.293325
vt 0.888831 0.293325
vt 0.845579 0.293325
vt 0.829875 0.292216
vt 0.887547 0.292216
vt 0.845160 0.292216
vt 0.844671 0.291266
vt 0.829875 0.291266
vt 0.844120 0.290513
vt 0.829875 0.290513
vt 0.896320 0.255914
vt 0.887979 0.255914
vt 0.887979 0.254464
vt 0.896474 0.257331
vt 0.896277 0.254464
vt 0.924324 0.255914
vt 0.887979 0.257331
vt 0.887979 0.253010
vt 0.924170 0.254464
vt 0.924781 0.257331
vt 0.896718 0.258674
vt 0.896320 0.253010
vt 0.924324 0.253010
vt 0.887979 0.258674
vt 0.887979 0.251587
vt 0.925540 0.258674
vt 0.897058 0.259923
vt 0.896474 0.251587
vt 0.887979 0.259923
vt 0.887979 0.250244
vt 0.924781 0.251587
vt 0.926570 0.259923
vt 0.897466 0.261032
vt 0.896718 0.250244
vt 0.925540 0.250244
vt 0.887979 0.261032
vt 0.887979 0.249001
vt 0.927855 0.261032
vt 0.887979 0.261982
vt 0.897058 0.249001
vt 0.926570 0.249001
vt 0.897955 0.261982
vt 0.887979 0.247892
vt 0.887979 0.262735
vt 0.897466 0.247892
vt 0.898507 0.262735
vt 0.897955 0.246947
vt 0.927855 0.247892
vt 0.887979 0.246947
vt 0.898507 0.246183
vt 0.887979 0.246183
vt 0.895778 0.287955
vt 0.894154 0.287955
vt 0.895778 0.285300
vt 0.894154 0.285300
vt 0.897434 0.285300
vt 0.892619 0.287955
vt 0.897434 0.287955
vt 0.892619 0.285300
vt 0.899095 0.285300
vt 0.891196 0.287955
vt 0.899095 0.287955
vt 0.891196 0.285300
vt 0.900715 0.285300
vt 0.889927 0.287955
vt 0.900715 0.287955
vt 0.889927 0.285300
vt 0.902260 0.285300
vt 0.888849 0.285300
vt 0.902260 0.287955
vt 0.888849 0.287955
vt 0.903677 0.285300
vt 0.887979 0.285300
vt 0.903677 0.287955
vt 0.887979 0.287955
vt 0.904945 0.285300
vt 0.904945 0.287955
vt 0.906029 0.287955
vt 0.906029 0.285300
vt 0.906895 0.287955
vt 0.906895 0.285300
vt 0.904410 0.288620
vt 0.904410 0.291274
vt 0.902786 0.291274
vt 0.905945 0.288620
vt 0.902786 0.288620
vt 0.905945 0.291274
vt 0.901129 0.291274
vt 0.907368 0.288620
vt 0.901129 0.288620
vt 0.907368 0.291274
vt 0.899469 0.291274
vt 0.908637 0.288620
vt 0.899469 0.288620
vt 0.908637 0.291274
vt 0.897849 0.291274
vt 0.909714 0.291274
vt 0.897849 0.288620
vt 0.909714 0.288620
vt 0.896304 0.291274
vt 0.910584 0.291274
vt 0.896304 0.288620
vt 0.910584 0.288620
vt 0.894886 0.291274
vt 0.894886 0.288620
vt 0.893618 0.291274
vt 0.893618 0.288620
vt 0.892535 0.288620
vt 0.892535 0.291274
vt 0.891669 0.288620
vt 0.891669 0.291274
vt 0.889142 0.269197
vt 0.889759 0.271146
vt 0.889425 0.272563
vt 0.890013 0.267774
vt 0.889307 0.274013
vt 0.890320 0.269803
vt 0.889143 0.278838
vt 0.891085 0.268554
vt 0.889425 0.275467
vt 0.888500 0.277294
vt 0.891091 0.266505
vt 0.889759 0.276890
vt 0.888500 0.270732
vt 0.892030 0.267445
vt 0.890013 0.280256
vt 0.888108 0.275674
vt 0.892360 0.265428
vt 0.890320 0.278233
vt 0.888108 0.272356
vt 0.893139 0.266495
vt 0.891085 0.279476
vt 0.887979 0.274013
vt 0.893783 0.264558
vt 0.891091 0.281524
vt 0.894377 0.265742
vt 0.892030 0.280585
vt 0.895322 0.263920
vt 0.892360 0.282607
vt 0.895731 0.265184
vt 0.893139 0.281530
vt 0.896940 0.263533
vt 0.893783 0.283473
vt 0.897148 0.264838
vt 0.894377 0.282294
vt 0.898597 0.263400
vt 0.895322 0.284116
vt 0.898598 0.264722
vt 0.895731 0.282851
vt 0.900052 0.264838
vt 0.896940 0.284504
vt 0.900259 0.263533
vt 0.897148 0.283192
vt 0.901474 0.265184
vt 0.898598 0.283303
vt 0.901880 0.263920
vt 0.898597 0.284635
vt 0.902818 0.265742
vt 0.900052 0.283192
vt 0.903419 0.264558
vt 0.900259 0.284504
vt 0.904061 0.266495
vt 0.901474 0.282851
vt 0.904841 0.265428
vt 0.901880 0.284116
vt 0.905172 0.267445
vt 0.902818 0.282295
vt 0.906111 0.266505
vt 0.903419 0.283473
vt 0.906115 0.268554
vt 0.904061 0.281530
vt 0.906881 0.269803
vt 0.904841 0.282607
vt 0.907189 0.267774
vt 0.905172 0.280585
vt 0.907436 0.271146
vt 0.906111 0.281524
vt 0.907776 0.272563
vt 0.906115 0.279476
vt 0.908057 0.269197
vt 0.906881 0.278233
vt 0.907888 0.274013
vt 0.907189 0.280256
vt 0.908057 0.278838
vt 0.907436 0.276890
vt 0.907776 0.275467
vt 0.908701 0.270732
vt 0.908701 0.277294
vt 0.909093 0.272356
vt 0.909093 0.275674
vt 0.909222 0.274013
vt 0.842261 0.249907
vt 0.876679 0.289726
vt 0.841619 0.251361
vt 0.878654 0.289726
vt 0.874758 0.289726
vt 0.829875 0.251361
vt 0.842904 0.248457
vt 0.841003 0.252784
vt 0.829875 0.252784
vt 0.829875 0.249907
vt 0.880619 0.289726
vt 0.872931 0.289726
vt 0.843530 0.247041
vt 0.829875 0.248457
vt 0.840403 0.254128
vt 0.829875 0.254128
vt 0.882535 0.289726
vt 0.871248 0.289726
vt 0.844119 0.245687
vt 0.829875 0.247041
vt 0.839851 0.255370
vt 0.884361 0.289726
vt 0.869751 0.289726
vt 0.844671 0.244448
vt 0.829875 0.245687
vt 0.839363 0.256481
vt 0.886045 0.289726
vt 0.845160 0.243339
vt 0.887547 0.289726
vt 0.896872 0.245517
vt 0.932622 0.204249
vt 0.933265 0.205699
vt 0.894907 0.245517
vt 0.945650 0.204249
vt 0.898847 0.245517
vt 0.931996 0.202832
vt 0.945651 0.202832
vt 0.945650 0.205699
vt 0.933907 0.207153
vt 0.892991 0.245517
vt 0.900769 0.245517
vt 0.931406 0.201478
vt 0.945650 0.201478
vt 0.945650 0.207153
vt 0.934523 0.208576
vt 0.891165 0.245517
vt 0.902595 0.245517
vt 0.930855 0.200240
vt 0.945650 0.208576
vt 0.935123 0.209920
vt 0.889481 0.245517
vt 0.904278 0.245517
vt 0.930366 0.199131
vt 0.945650 0.209920
vt 0.935675 0.211162
vt 0.887979 0.245517
vt 0.905775 0.245517
vt 0.936163 0.212273
vt 0.894826 0.291939
vt 0.894826 0.294594
vt 0.893208 0.291939
vt 0.896484 0.294594
vt 0.893208 0.294594
vt 0.896484 0.291939
vt 0.891669 0.291939
vt 0.898145 0.294594
vt 0.891669 0.294594
vt 0.898145 0.291939
vt 0.899766 0.294594
vt 0.899766 0.291939
vt 0.901305 0.294594
vt 0.901305 0.291939
vt 0.894826 0.295259
vt 0.896484 0.295259
vt 0.896484 0.297913
vt 0.898145 0.297913
vt 0.894826 0.297913
vt 0.898145 0.295259
vt 0.893208 0.295259
vt 0.899766 0.297913
vt 0.893208 0.297913
vt 0.899766 0.295259
vt 0.891669 0.295259
vt 0.901305 0.297913
vt 0.891669 0.297913
vt 0.901305 0.295259
vt 0.974191 0.320632
vt 0.984744 0.558597
vt 0.974191 0.559643
vt 0.984744 0.319884
vt 0.984723 0.319871
vt 0.984744 0.319871
vt 0.997013 0.559411
vt 0.996708 0.559390
vt 0.997013 0.319871
vt 0.986460 0.319871
vt 0.992377 0.559082
vt 0.992303 0.559072
vt 0.986460 0.558658
vt 0.968949 0.305162
vt 0.965857 0.565848
vt 0.961842 0.565083
vt 0.965840 0.565854
vt 0.960573 0.565041
vt 0.965852 0.565859
vt 0.960585 0.564223
vt 0.920517 0.563729
vt 0.920508 0.562901
vt 0.907867 0.565302
vt 0.907753 0.564508
vt 0.907863 0.565311
vt 0.904396 0.565748
vt 0.904226 0.565764
vt 0.963671 0.305089
vt 0.902616 0.565962
vt 0.910842 0.304470
vt 0.902465 0.565987
vt 0.905563 0.304398
vt 0.111378 0.804471
vt 0.093345 0.805220
vt 0.097220 0.804092
vt 0.107433 0.806789
vt 0.089404 0.806023
vt 0.085414 0.806490
vt 0.083007 0.806569
vt 0.138894 0.735255
vt 0.132682 0.741863
vt 0.076801 0.735255
vt 0.138894 0.823417
vt 0.132682 0.801729
vt 0.132682 0.791471
vt 0.132682 0.823417
vt 0.132682 0.780046
vt 0.132682 0.752495
vt 0.125078 0.792128
vt 0.132374 0.827552
vt 0.138510 0.828588
vt 0.131466 0.831589
vt 0.137369 0.833635
vt 0.130615 0.833771
vt 0.135509 0.838426
vt 0.108552 0.849804
vt 0.094747 0.811665
vt 0.100724 0.809774
vt 0.102064 0.849055
vt 0.132524 0.756766
vt 0.132048 0.761007
vt 0.131263 0.765199
vt 0.130161 0.769312
vt 0.128769 0.773319
vt 0.127076 0.777198
vt 0.125110 0.780918
vt 0.132608 0.780213
vt 0.130400 0.784396
vt 0.122866 0.784467
vt 0.128927 0.786728
vt 0.120372 0.787813
vt 0.117638 0.790938
vt 0.114671 0.793825
vt 0.122011 0.795632
vt 0.111511 0.796453
vt 0.118691 0.798877
vt 0.108156 0.798811
vt 0.104648 0.800874
vt 0.116563 0.800636
vt 0.100989 0.802637
vt 0.126670 0.840543
vt 0.132965 0.842848
vt 0.125409 0.842116
vt 0.122443 0.844814
vt 0.129795 0.846793
vt 0.119124 0.846978
vt 0.126093 0.850161
vt 0.115523 0.848565
vt 0.111731 0.849539
vt 0.089594 0.850161
vt 0.093750 0.852872
vt 0.121940 0.852872
vt 0.098247 0.854860
vt 0.117440 0.854860
vt 0.102990 0.856072
vt 0.112705 0.856072
vt 0.107848 0.856478
vt 0.083007 0.813181
vt 0.076801 0.823417
vt 0.083007 0.823417
vt 0.083007 0.741863
vt 0.103333 0.808769
vt 0.090330 0.812568
vt 0.083197 0.813177
vt 0.085847 0.813089
vt 0.077181 0.828588
vt 0.083313 0.827552
vt 0.084220 0.831589
vt 0.078317 0.833635
vt 0.085714 0.835425
vt 0.080178 0.838426
vt 0.087751 0.838960
vt 0.082722 0.842848
vt 0.090277 0.842116
vt 0.093244 0.844814
vt 0.085891 0.846793
vt 0.096572 0.846978
vt 0.100169 0.848565
vt 0.094372 0.811665
vt 0.089947 0.812568
vt 0.092864 0.844814
vt 0.089903 0.842116
vt 0.101689 0.849055
vt 0.085472 0.813089
vt 0.082819 0.813177
vt 0.082629 0.813181
vt 0.082629 0.823417
vt 0.082933 0.827552
vt 0.083841 0.831589
vt 0.085330 0.835425
vt 0.087372 0.838960
vt 0.096188 0.846978
vt 0.099790 0.848565
vt 0.118740 0.846978
vt 0.115143 0.848565
vt 0.102950 0.808769
vt 0.100340 0.809774
vt 0.110995 0.804471
vt 0.107054 0.806789
vt 0.111352 0.849539
vt 0.118308 0.798877
vt 0.116187 0.800636
vt 0.121631 0.795632
vt 0.124704 0.792128
vt 0.132304 0.801729
vt 0.130240 0.833771
vt 0.132304 0.823417
vt 0.131999 0.827552
vt 0.131083 0.831589
vt 0.126292 0.840543
vt 0.108178 0.849804
vt 0.125026 0.842116
vt 0.122064 0.844814
vt 0.082629 0.741863
vt 0.082629 0.806569
vt 0.131669 0.761007
vt 0.132145 0.756766
vt 0.126701 0.777198
vt 0.128394 0.773319
vt 0.129787 0.769312
vt 0.124726 0.780918
vt 0.132304 0.741863
vt 0.132304 0.752495
vt 0.130880 0.765199
vt 0.122487 0.784467
vt 0.119991 0.787813
vt 0.117255 0.790938
vt 0.114296 0.793825
vt 0.111127 0.796453
vt 0.107781 0.798811
vt 0.104273 0.800874
vt 0.100614 0.802637
vt 0.096836 0.804092
vt 0.092971 0.805220
vt 0.089020 0.806023
vt 0.085036 0.806490
vt 0.132304 0.791471
vt 0.132304 0.780046
vt 0.132233 0.780213
vt 0.130016 0.784396
vt 0.128544 0.786728
vt 0.044953 0.277790
vt 0.060107 0.264966
vt 0.060107 0.280032
vt 0.044953 0.262063
vt 0.074470 0.269038
vt 0.044953 0.294835
vt 0.029273 0.276489
vt 0.060107 0.251519
vt 0.074470 0.283182
vt 0.074470 0.256421
vt 0.060107 0.296357
vt 0.029273 0.293955
vt 0.029273 0.260375
vt 0.044953 0.248035
vt 0.087771 0.274203
vt 0.087771 0.262635
vt 0.044953 0.312777
vt 0.029273 0.312332
vt 0.013341 0.276155
vt 0.013341 0.293723
vt 0.060107 0.240043
vt 0.074470 0.245651
vt 0.087771 0.287167
vt 0.074470 0.298507
vt 0.087771 0.252752
vt 0.060107 0.313552
vt 0.013341 0.312211
vt 0.013341 0.259943
vt 0.029273 0.246009
vt 0.044953 0.236050
vt 0.099774 0.291930
vt 0.099774 0.280369
vt 0.044953 0.331170
vt 0.013341 0.331170
vt 0.087771 0.301220
vt 0.099774 0.270055
vt 0.074470 0.314634
vt 0.060107 0.331170
vt 0.029273 0.331170
vt 0.013341 0.245482
vt 0.029273 0.233735
vt 0.110262 0.297379
vt 0.099774 0.304470
vt 0.110262 0.287423
vt 0.074470 0.331170
vt 0.060107 0.348788
vt 0.044953 0.349562
vt 0.029273 0.350012
vt 0.044953 0.226410
vt 0.110262 0.308173
vt 0.087771 0.316007
vt 0.110262 0.278538
vt 0.087771 0.331170
vt 0.074470 0.347704
vt 0.013341 0.350127
vt 0.013341 0.233129
vt 0.029273 0.223860
vt 0.119047 0.312280
vt 0.110262 0.319523
vt 0.099774 0.317653
vt 0.087771 0.346337
vt 0.060107 0.365981
vt 0.074470 0.363841
vt 0.044953 0.367502
vt 0.029273 0.368386
vt 0.119047 0.303419
vt 0.119047 0.321612
vt 0.099774 0.344688
vt 0.087771 0.361121
vt 0.013341 0.368621
vt 0.013341 0.223199
vt 0.110262 0.331170
vt 0.119047 0.331170
vt 0.099774 0.331170
vt 0.099774 0.357883
vt 0.060107 0.382306
vt 0.074470 0.379156
vt 0.087771 0.375171
vt 0.044953 0.384549
vt 0.029273 0.385849
vt 0.110262 0.342816
vt 0.099774 0.370411
vt 0.013341 0.386185
vt 0.110262 0.354173
vt 0.060107 0.397380
vt 0.074470 0.393307
vt 0.087771 0.388138
vt 0.044953 0.400275
vt 0.029273 0.401965
vt 0.119047 0.340729
vt 0.110262 0.364965
vt 0.099774 0.381970
vt 0.013341 0.402403
vt 0.119047 0.350060
vt 0.060107 0.410817
vt 0.074470 0.405916
vt 0.087771 0.399703
vt 0.044953 0.414305
vt 0.029273 0.416330
vt 0.119047 0.358919
vt 0.110262 0.374922
vt 0.099774 0.392285
vt 0.013341 0.416857
vt 0.044953 0.426295
vt 0.060107 0.422296
vt 0.074470 0.416694
vt 0.029273 0.428611
vt 0.013341 0.429210
vt 0.110262 0.383802
vt 0.087771 0.409585
vt 0.029273 0.438479
vt 0.013341 0.439140
vt 0.044953 0.435928
vt 0.182998 0.269033
vt 0.168635 0.280033
vt 0.168635 0.264959
vt 0.182998 0.283183
vt 0.153482 0.277790
vt 0.182998 0.256424
vt 0.196299 0.274202
vt 0.168635 0.296359
vt 0.153482 0.262064
vt 0.153482 0.294837
vt 0.168635 0.251522
vt 0.196299 0.262636
vt 0.196299 0.287169
vt 0.182998 0.298499
vt 0.137801 0.276491
vt 0.137801 0.293954
vt 0.182998 0.245646
vt 0.196299 0.252755
vt 0.208302 0.291928
vt 0.208302 0.280369
vt 0.168635 0.313552
vt 0.153482 0.312777
vt 0.137801 0.260375
vt 0.153482 0.248035
vt 0.137801 0.312327
vt 0.168635 0.240043
vt 0.196299 0.301218
vt 0.208302 0.270054
vt 0.182998 0.314636
vt 0.121869 0.276155
vt 0.121869 0.293718
vt 0.121869 0.312212
vt 0.218791 0.297374
vt 0.208302 0.304457
vt 0.218791 0.287418
vt 0.168635 0.331169
vt 0.153482 0.331169
vt 0.137801 0.331169
vt 0.121869 0.259936
vt 0.137801 0.246009
vt 0.153482 0.236045
vt 0.121869 0.331169
vt 0.218791 0.308167
vt 0.196299 0.316003
vt 0.218791 0.278537
vt 0.182998 0.331169
vt 0.227575 0.312280
vt 0.218791 0.319523
vt 0.208302 0.317652
vt 0.168635 0.348788
vt 0.153482 0.349562
vt 0.137801 0.350007
vt 0.121869 0.245482
vt 0.137801 0.233728
vt 0.227575 0.303420
vt 0.227575 0.321610
vt 0.196299 0.331169
vt 0.182998 0.347705
vt 0.121869 0.350128
vt 0.153482 0.226411
vt 0.218791 0.331169
vt 0.227575 0.331169
vt 0.208302 0.331169
vt 0.196299 0.346333
vt 0.182998 0.363833
vt 0.168635 0.365982
vt 0.153482 0.367505
vt 0.137801 0.368384
vt 0.121869 0.233129
vt 0.137801 0.223860
vt 0.208302 0.344686
vt 0.196299 0.361120
vt 0.121869 0.368616
vt 0.218791 0.342816
vt 0.208302 0.357869
vt 0.182998 0.379157
vt 0.196299 0.375172
vt 0.168635 0.382307
vt 0.153482 0.384549
vt 0.137801 0.385850
vt 0.121869 0.223199
vt 0.227575 0.340728
vt 0.208302 0.370410
vt 0.121869 0.386185
vt 0.218791 0.354166
vt 0.182998 0.393302
vt 0.196299 0.388136
vt 0.168635 0.397374
vt 0.153482 0.400276
vt 0.137801 0.401965
vt 0.227575 0.350060
vt 0.218791 0.364960
vt 0.208302 0.381970
vt 0.121869 0.402397
vt 0.182998 0.405918
vt 0.196299 0.399705
vt 0.168635 0.410820
vt 0.153482 0.414305
vt 0.137801 0.416330
vt 0.227575 0.358920
vt 0.218791 0.374916
vt 0.208302 0.392285
vt 0.121869 0.416857
vt 0.168635 0.422296
vt 0.182998 0.416689
vt 0.153482 0.426289
vt 0.137801 0.428605
vt 0.121869 0.429210
vt 0.218791 0.383801
vt 0.196299 0.409587
vt 0.137801 0.438479
vt 0.121869 0.439140
vt 0.153482 0.435930
vt 0.298852 0.360514
vt 0.306172 0.375096
vt 0.298852 0.375667
vt 0.303794 0.360132
vt 0.298852 0.390035
vt 0.293918 0.360132
vt 0.301344 0.344634
vt 0.308628 0.358968
vt 0.308418 0.389274
vt 0.291542 0.375096
vt 0.296368 0.344634
vt 0.298852 0.344829
vt 0.303780 0.344054
vt 0.313307 0.373386
vt 0.298852 0.403340
vt 0.289293 0.389274
vt 0.289092 0.358968
vt 0.293938 0.344054
vt 0.298852 0.328906
vt 0.313206 0.357061
vt 0.306083 0.343093
vt 0.317750 0.387033
vt 0.310499 0.402415
vt 0.284406 0.373386
vt 0.320087 0.370573
vt 0.312378 0.414271
vt 0.287219 0.402415
vt 0.279962 0.387033
vt 0.284514 0.357061
vt 0.291629 0.343093
vt 0.308217 0.341794
vt 0.317434 0.354474
vt 0.326603 0.383369
vt 0.321849 0.399689
vt 0.298852 0.415340
vt 0.277626 0.370573
vt 0.289496 0.341794
vt 0.310122 0.340164
vt 0.326340 0.366741
vt 0.314021 0.424638
vt 0.325567 0.411099
vt 0.285334 0.414271
vt 0.275862 0.399689
vt 0.271110 0.383369
vt 0.280272 0.354474
vt 0.287597 0.340164
vt 0.311737 0.338265
vt 0.321210 0.351258
vt 0.334789 0.378354
vt 0.332642 0.395219
vt 0.298852 0.425828
vt 0.328804 0.421077
vt 0.271372 0.366741
vt 0.285974 0.338265
vt 0.313052 0.336139
vt 0.331928 0.361968
vt 0.315393 0.433317
vt 0.331517 0.429437
vt 0.338094 0.405918
vt 0.342853 0.415261
vt 0.283699 0.424638
vt 0.272146 0.411099
vt 0.265071 0.395219
vt 0.262930 0.378354
vt 0.276503 0.351258
vt 0.284668 0.336139
vt 0.324429 0.347481
vt 0.314008 0.333835
vt 0.342080 0.372135
vt 0.342604 0.389121
vt 0.298852 0.434615
vt 0.346846 0.423097
vt 0.265785 0.361968
vt 0.273284 0.347481
vt 0.283705 0.333835
vt 0.327019 0.343254
vt 0.314592 0.331398
vt 0.336687 0.356394
vt 0.349661 0.398828
vt 0.360983 0.414426
vt 0.282318 0.433317
vt 0.268909 0.421077
vt 0.259618 0.405918
vt 0.255115 0.389121
vt 0.255632 0.372135
vt 0.270692 0.343254
vt 0.283127 0.331398
vt 0.328918 0.338671
vt 0.314782 0.328906
vt 0.348314 0.364831
vt 0.351485 0.381538
vt 0.355827 0.407325
vt 0.261025 0.356394
vt 0.268794 0.338671
vt 0.282932 0.328906
vt 0.340525 0.350141
vt 0.330077 0.333848
vt 0.314592 0.326417
vt 0.359966 0.390022
vt 0.266196 0.429437
vt 0.254858 0.415261
vt 0.248052 0.398828
vt 0.246228 0.381538
vt 0.249399 0.364831
vt 0.257188 0.350141
vt 0.267642 0.333848
vt 0.283127 0.326417
vt 0.343333 0.343356
vt 0.330459 0.328906
vt 0.314008 0.323980
vt 0.330077 0.323960
vt 0.353315 0.356658
vt 0.359064 0.372654
vt 0.367386 0.397442
vt 0.254386 0.343356
vt 0.267252 0.328906
vt 0.267642 0.323960
vt 0.283705 0.323980
vt 0.345049 0.336218
vt 0.313052 0.321671
vt 0.328918 0.319138
vt 0.250866 0.423097
vt 0.241884 0.407325
vt 0.237739 0.390022
vt 0.238647 0.372654
vt 0.244396 0.356658
vt 0.252671 0.336218
vt 0.268794 0.319138
vt 0.284668 0.321671
vt 0.356991 0.347797
vt 0.345049 0.321583
vt 0.345628 0.328906
vt 0.311737 0.319551
vt 0.327019 0.314555
vt 0.343333 0.314461
vt 0.365178 0.362698
vt 0.240720 0.347797
vt 0.252084 0.328906
vt 0.252671 0.321583
vt 0.254386 0.314461
vt 0.270692 0.314555
vt 0.285974 0.319551
vt 0.359233 0.338465
vt 0.310122 0.317652
vt 0.324429 0.310327
vt 0.340525 0.307674
vt 0.236715 0.414426
vt 0.230327 0.397442
vt 0.232542 0.362698
vt 0.238485 0.338465
vt 0.257188 0.307674
vt 0.273284 0.310327
vt 0.287597 0.317652
vt 0.359233 0.319348
vt 0.356991 0.310017
vt 0.359981 0.328906
vt 0.308217 0.316021
vt 0.321210 0.306557
vt 0.336687 0.301420
vt 0.353315 0.301158
vt 0.237739 0.328906
vt 0.238485 0.319348
vt 0.240720 0.310017
vt 0.244396 0.301158
vt 0.261025 0.301420
vt 0.276503 0.306557
vt 0.289496 0.316021
vt 0.306083 0.314723
vt 0.317434 0.303339
vt 0.331928 0.295838
vt 0.348314 0.292978
vt 0.249399 0.292978
vt 0.265785 0.295838
vt 0.280272 0.303339
vt 0.291629 0.314723
vt 0.303780 0.313760
vt 0.313206 0.300740
vt 0.326340 0.291074
vt 0.342080 0.285681
vt 0.359064 0.285155
vt 0.238647 0.285155
vt 0.255632 0.285681
vt 0.271372 0.291074
vt 0.284514 0.300740
vt 0.293938 0.313760
vt 0.301344 0.313182
vt 0.308628 0.298849
vt 0.320087 0.287241
vt 0.334789 0.279454
vt 0.351485 0.276275
vt 0.365178 0.295111
vt 0.232542 0.295111
vt 0.246228 0.276275
vt 0.262930 0.279454
vt 0.277626 0.287241
vt 0.289092 0.298849
vt 0.296368 0.313182
vt 0.298852 0.312987
vt 0.303794 0.297683
vt 0.313307 0.284428
vt 0.326603 0.274444
vt 0.342604 0.268694
vt 0.255115 0.268694
vt 0.271110 0.274444
vt 0.284406 0.284428
vt 0.293918 0.297683
vt 0.306172 0.282712
vt 0.317750 0.270776
vt 0.332642 0.262596
vt 0.349661 0.258988
vt 0.248052 0.258988
vt 0.265071 0.262596
vt 0.279962 0.270776
vt 0.291542 0.282712
vt 0.298852 0.297294
vt 0.298852 0.282139
vt 0.308418 0.268533
vt 0.321849 0.258125
vt 0.338094 0.251899
vt 0.359966 0.267792
vt 0.237739 0.267792
vt 0.259618 0.251899
vt 0.275862 0.258125
vt 0.289293 0.268533
vt 0.310499 0.255399
vt 0.325567 0.246708
vt 0.355827 0.250492
vt 0.342853 0.242548
vt 0.241884 0.250492
vt 0.254858 0.242548
vt 0.272146 0.246708
vt 0.287219 0.255399
vt 0.298852 0.267779
vt 0.312378 0.243537
vt 0.328804 0.236731
vt 0.367386 0.260373
vt 0.230327 0.260373
vt 0.285334 0.243537
vt 0.298852 0.254476
vt 0.298852 0.242473
vt 0.314021 0.233176
vt 0.346846 0.234717
vt 0.331517 0.228376
vt 0.236715 0.243383
vt 0.268909 0.236731
vt 0.298852 0.231985
vt 0.315393 0.224498
vt 0.360983 0.243383
vt 0.250866 0.234717
vt 0.283699 0.233176
vt 0.298852 0.223199
vt 0.266196 0.228376
vt 0.282318 0.224498
vt 0.484347 0.287505
vt 0.500280 0.268910
vt 0.500280 0.287397
vt 0.484347 0.269133
vt 0.484347 0.306356
vt 0.468667 0.287963
vt 0.500280 0.251341
vt 0.500280 0.306356
vt 0.468667 0.306356
vt 0.468667 0.270022
vt 0.484347 0.251670
vt 0.484347 0.325198
vt 0.468667 0.324741
vt 0.453514 0.288731
vt 0.453514 0.306356
vt 0.500280 0.325299
vt 0.453514 0.323973
vt 0.453514 0.271543
vt 0.468667 0.252976
vt 0.484347 0.343571
vt 0.468667 0.342689
vt 0.453514 0.341153
vt 0.439151 0.289815
vt 0.439151 0.306356
vt 0.439151 0.322889
vt 0.500280 0.343793
vt 0.439151 0.339012
vt 0.439151 0.273691
vt 0.453514 0.255218
vt 0.484347 0.361034
vt 0.468667 0.359728
vt 0.453514 0.357486
vt 0.439151 0.354342
vt 0.468667 0.237244
vt 0.500280 0.361364
vt 0.439151 0.258361
vt 0.453514 0.240151
vt 0.453514 0.372553
vt 0.439151 0.368492
vt 0.468667 0.375461
vt 0.439151 0.244225
vt 0.422571 0.240151
vt 0.407418 0.252976
vt 0.407418 0.237243
vt 0.422571 0.255218
vt 0.436934 0.244225
vt 0.407418 0.270022
vt 0.436934 0.258361
vt 0.422571 0.271543
vt 0.391738 0.269133
vt 0.407418 0.287963
vt 0.391738 0.251670
vt 0.391738 0.287505
vt 0.436934 0.273691
vt 0.422571 0.288731
vt 0.375805 0.268910
vt 0.375805 0.287397
vt 0.407418 0.306356
vt 0.391738 0.306356
vt 0.375805 0.251340
vt 0.375805 0.306356
vt 0.436934 0.289815
vt 0.422571 0.306356
vt 0.407418 0.324741
vt 0.391738 0.325198
vt 0.375805 0.325299
vt 0.436934 0.306356
vt 0.422571 0.323973
vt 0.407418 0.342689
vt 0.391738 0.343571
vt 0.375805 0.343793
vt 0.436934 0.322889
vt 0.422571 0.341153
vt 0.407418 0.359728
vt 0.391738 0.361034
vt 0.375805 0.361364
vt 0.436934 0.339012
vt 0.422571 0.357486
vt 0.407418 0.375461
vt 0.436934 0.354342
vt 0.422571 0.372553
vt 0.436934 0.368492
vt 0.780679 0.069635
vt 0.780201 0.075638
vt 0.778787 0.057848
vt 0.776503 0.087007
vt 0.773383 0.047172
vt 0.776503 0.052266
vt 0.778787 0.081460
vt 0.773383 0.092133
vt 0.769457 0.042596
vt 0.769457 0.096712
vt 0.764881 0.038709
vt 0.754237 0.106039
vt 0.748383 0.031849
vt 0.754237 0.033273
vt 0.764881 0.100599
vt 0.719920 0.100599
vt 0.715344 0.042596
vt 0.719920 0.038709
vt 0.759784 0.035550
vt 0.759784 0.103755
vt 0.748383 0.107424
vt 0.704629 0.075638
vt 0.704157 0.069635
vt 0.704629 0.063670
vt 0.742422 0.031374
vt 0.742422 0.107899
vt 0.736432 0.031849
vt 0.736432 0.107424
vt 0.730593 0.033273
vt 0.730593 0.106039
vt 0.725046 0.035550
vt 0.725046 0.103755
vt 0.715344 0.096712
vt 0.711453 0.047172
vt 0.711453 0.092133
vt 0.708298 0.052266
vt 0.708298 0.087007
vt 0.706021 0.057848
vt 0.706021 0.081460
vt 0.102066 0.977208
vt 0.089665 0.938675
vt 0.094339 0.937721
vt 0.084939 0.939224
vt 0.082137 0.939318
vt 0.081937 0.939322
vt 0.081937 0.950132
vt 0.082258 0.954499
vt 0.083217 0.958763
vt 0.084790 0.962813
vt 0.086945 0.966547
vt 0.089618 0.969880
vt 0.092746 0.972729
vt 0.096257 0.975015
vt 0.100061 0.976691
vt 0.134399 0.927227
vt 0.123128 0.920789
vt 0.126372 0.917088
vt 0.119618 0.924215
vt 0.117378 0.926072
vt 0.132219 0.961067
vt 0.134399 0.950132
vt 0.134077 0.954499
vt 0.133109 0.958763
vt 0.128049 0.968218
vt 0.107733 0.932571
vt 0.111895 0.930122
vt 0.103398 0.934662
vt 0.100642 0.935723
vt 0.108919 0.977999
vt 0.126713 0.969880
vt 0.123584 0.972729
vt 0.120074 0.975015
vt 0.116275 0.976691
vt 0.112272 0.977720
vt 0.081937 0.864002
vt 0.134399 0.864002
vt 0.134399 0.875231
vt 0.081937 0.932339
vt 0.134231 0.879742
vt 0.133728 0.884220
vt 0.132895 0.888647
vt 0.131740 0.892991
vt 0.130269 0.897223
vt 0.128482 0.901320
vt 0.126396 0.905249
vt 0.124031 0.908996
vt 0.121395 0.912530
vt 0.118506 0.915831
vt 0.115381 0.918880
vt 0.112034 0.921655
vt 0.108500 0.924145
vt 0.104795 0.926324
vt 0.100931 0.928186
vt 0.096941 0.929722
vt 0.092859 0.930914
vt 0.088687 0.931762
vt 0.084478 0.932255
vt 0.134399 0.916394
vt 0.134324 0.904504
vt 0.134399 0.904327
vt 0.131982 0.908922
vt 0.130428 0.911385
usemtl lambert4SG
f 367/430 294/431 268/432
f 294/431 367/430 319/433
f 319/433 367/430 387/434
f 387/434 367/430 390/435
f 378/1 381/2 384/3
f 381/2 378/1 311/4
f 311/4 272/5 284/6
f 272/5 311/4 378/1
f 359/7 362/8 311/4
f 292/9 359/7 311/4
f 311/4 362/8 381/2
f 125/436 23/437 108/438
f 23/437 125/436 39/439
f 39/439 125/436 42/440
f 143/441 42/440 125/436
f 53/706 4/707 79/708
f 53/706 108/709 23/710
f 563/2077 598/2078 564/2079
f 598/2078 563/2077 591/2080
f 598/2078 565/2081 564/2079
f 565/2081 598/2078 607/2085
f 566/2091 625/2102 567/2111
f 625/2102 566/2091 615/2099
f 607/2085 566/2091 565/2081
f 566/2091 607/2085 615/2099
f 567/2111 637/2116 568/2127
f 637/2116 567/2111 625/2102
f 679/10 686/11 725/12
f 701/13 725/12 770/14
f 726/15 770/14 810/16
f 749/17 810/16 751/18
f 801/19 784/20 751/18
f 1168/21 1149/22 1150/23
f 1149/22 1168/21 1126/24
f 1094/25 1126/24 1112/26
f 1093/27 1122/28 1094/25
f 1089/29 1111/30 1093/27
f 1065/31 1100/32 1089/29
f 1046/33 1062/34 1065/31
f 1031/35 1023/36 1046/33
f 1021/37 1008/38 1031/35
f 1021/37 1036/39 953/40
f 133/1683 373/1684 362/1685
f 243/1698 32/1699 116/1697
f 252/1696 116/1697 133/1683
f 133/1683 290/1691 262/1692
f 133/1683 292/1690 290/1691
f 1761/1310 1756/1311 1759/1312
f 992/963 942/964 963/965
f 1192/966 1179/967 1186/968
f 1147/969 1186/968 1156/970
f 1200/971 1213/972 1204/973
f 1127/974 1095/975 1098/976
f 1186/968 1213/972 1192/966
f 1017/977 1098/976 1029/978
f 903/979 963/965 942/964
f 1761/1310 1750/1315 1754/1313
f 1098/976 1147/969 1127/974
f 963/965 1017/977 992/963
f 818/980 777/981 796/982
f 1761/1310 1746/1317 1750/1315
f 854/983 903/979 861/984
f 796/982 854/983 818/980
f 742/985 796/982 777/981
f 1761/1310 1732/1319 1746/1317
f 647/986 617/987 620/988
f 675/989 742/985 684/990
f 620/988 675/989 647/986
f 1761/1310 1720/1321 1732/1319
f 1761/1310 1712/1323 1720/1321
f 1752/1314 1759/1312 1756/1311
f 1761/1310 1754/1313 1756/1311
f 587/991 620/988 600/992
f 1192/966 1213/972 1198/993
f 1150/994 1187/995 1168/996
f 1761/1310 1704/1325 1712/1323
f 1761/1310 1696/1327 1704/1325
f 1761/1310 1688/1329 1696/1327
f 1761/1310 1680/1331 1688/1329
f 1761/1310 1668/1333 1680/1331
f 1602/1350 1595/1335 1598/1352
f 1606/1348 1595/1335 1602/1350
f 1610/1346 1595/1335 1606/1348
f 1624/1344 1595/1335 1610/1346
f 1636/1343 1595/1335 1624/1344
f 1644/1341 1595/1335 1636/1343
f 1652/1339 1595/1335 1644/1341
f 1660/1337 1595/1335 1652/1339
f 1668/1333 1595/1335 1660/1337
f 1761/1310 1595/1335 1668/1333
f 1748/1316 1759/1312 1752/1314
f 1744/1318 1759/1312 1748/1316
f 1730/1320 1759/1312 1744/1318
f 1718/1322 1759/1312 1730/1320
f 1710/1324 1759/1312 1718/1322
f 1702/1326 1759/1312 1710/1324
f 1694/1328 1759/1312 1702/1326
f 1686/1330 1759/1312 1694/1328
f 1674/1332 1759/1312 1686/1330
f 1666/1334 1759/1312 1674/1332
f 1553/1336 1759/1312 1666/1334
f 1595/1335 1600/1353 1598/1352
f 1595/1335 1604/1351 1600/1353
f 1595/1335 1608/1349 1604/1351
f 1595/1335 1622/1347 1608/1349
f 1595/1335 1634/1345 1622/1347
f 1595/1335 1642/1342 1634/1345
f 1553/1336 1666/1334 1658/1338
f 1553/1336 1642/1342 1595/1335
f 1234/997 1213/972 1228/998
f 1204/973 1168/996 1187/995
f 1553/1336 1658/1338 1650/1340
f 1553/1336 1650/1340 1642/1342
f 1204/973 1194/999 1200/971
f 1204/973 1187/995 1194/999
f 1238/1000 1246/1001 1244/1002
f 1248/1003 1244/1002 1246/1001
f 1228/998 1238/1000 1234/997
f 1244/1002 1234/997 1238/1000
f 1198/993 1213/972 1200/971
f 1234/997 1204/973 1213/972
f 1156/970 1186/968 1179/967
f 1156/970 1127/974 1147/969
f 1029/978 1098/976 1095/975
f 1029/978 992/963 1017/977
f 942/964 897/1004 903/979
f 861/984 903/979 897/1004
f 861/984 818/980 854/983
f 777/981 733/1005 742/985
f 684/990 742/985 733/1005
f 684/990 647/986 675/989
f 544/1006 526/1007 540/1008
f 600/992 620/988 617/987
f 544/1006 485/1009 526/1007
f 544/1006 587/991 580/1010
f 600/992 580/1010 587/991
f 540/1008 587/991 544/1006
f 292/1690 262/1692 290/1691
f 133/1683 356/1689 292/1690
f 133/1683 359/1687 356/1689
f 263/1694 253/1695 257/1693
f 242/1700 20/1701 32/1699
f 133/1683 257/1693 253/1695
f 133/1683 262/1692 257/1693
f 359/1687 292/1690 356/1689
f 133/1683 362/1685 359/1687
f 116/1697 252/1696 243/1698
f 32/1699 243/1698 242/1700
f 257/1693 262/1692 263/1694
f 133/1683 253/1695 252/1696
f 1229/41 1204/42 1205/43
f 1153/44 1133/45 1112/26
f 1182/46 1158/47 1167/48
f 1140/49 1158/47 1190/50
f 545/51 485/52 544/53
f 456/54 452/55 485/52
f 485/52 452/55 488/56
f 481/57 485/52 545/51
f 516/58 545/51 537/59
f 509/60 537/59 538/61
f 510/62 538/61 543/63
f 515/64 543/63 546/65
f 547/66 548/67 517/68
f 579/69 544/53 580/70
f 544/53 579/69 545/51
f 974/71 998/72 980/73
f 961/74 966/75 974/71
f 939/76 927/77 961/74
f 933/78 913/79 939/76
f 933/78 953/40 876/80
f 883/81 888/82 892/83
f 866/84 851/85 883/81
f 801/19 813/86 851/85
f 866/84 876/80 784/20
f 269 360 258
f 360 269 376
f 154 179 275
f 300 275 179
f 138 154 254
f 275 254 154
f 258 342 227
f 342 258 360
f 227 329 216
f 329 227 342
f 193 216 318
f 329 318 216
f 65 156 58
f 156 65 160
f 193 300 179
f 300 193 318
f 71 160 65
f 160 71 174
f 98 184 85
f 184 98 205
f 98 107 205
f 221 205 107
f 85 174 71
f 174 85 184
f 138 221 107
f 221 138 254
f 272 376 269
f 376 272 378
f 66/667 154/668 42/669
f 154/668 66/667 84/670
f 154/668 84/670 101/671
f 154/668 101/671 127/672
f 154/668 127/672 155/673
f 154/668 155/673 180/674
f 154/668 180/674 293/675
f 293/675 180/674 210/676
f 293/675 210/676 230/677
f 293/675 230/677 268/678
f 293/675 268/678 294/679
f 346/442 268/432 230/443
f 268/432 346/442 367/430
f 326/444 230/443 210/445
f 230/443 326/444 346/442
f 276/446 180/447 155/448
f 180/447 276/446 304/449
f 42/440 143/441 66/450
f 161/451 66/450 143/441
f 181/452 101/453 84/454
f 101/453 181/452 211/455
f 127/456 233/457 155/448
f 276/446 155/448 233/457
f 304/449 210/445 180/447
f 210/445 304/449 326/444
f 101/453 211/455 127/456
f 233/457 127/456 211/455
f 161/451 84/454 66/450
f 84/454 161/451 181/452
f 1677/1584 1555/1585 1671/1586
f 1555/1585 1677/1584 1554/1587
f 1633/1419 1579/1418 1581/1424
f 1579/1418 1633/1419 1629/1413
f 1593/1613 1685/1614 1679/1615
f 1685/1614 1593/1613 1592/1616
f 1619/1420 1567/1427 1569/1423
f 1567/1427 1619/1420 1627/1426
f 1629/1413 1577/1412 1579/1418
f 1577/1412 1629/1413 1621/1406
f 1592/1616 1693/1619 1685/1614
f 1693/1619 1592/1616 1590/1623
f 1737/1389 1580/1391 1578/1388
f 1580/1391 1737/1389 1729/1392
f 1597/555 1595/556 1596/557
f 1553/558 1551/559 1552/560
f 1597/555 1593/561 1595/556
f 1597/555 1592/562 1593/561
f 1597/555 1590/563 1592/562
f 1591/564 1595/556 1593/561
f 1597/555 1588/565 1590/563
f 1597/555 1586/566 1588/565
f 1597/555 1584/567 1586/566
f 1597/555 1582/568 1584/567
f 1597/555 1580/569 1582/568
f 1597/555 1578/570 1580/569
f 1597/555 1576/571 1578/570
f 1597/555 1574/572 1576/571
f 1597/555 1572/573 1574/572
f 1597/555 1570/574 1572/573
f 1597/555 1568/575 1570/574
f 1597/555 1566/576 1568/575
f 1566/576 1551/559 1564/577
f 1597/555 1551/559 1566/576
f 1556/578 1553/558 1554/579
f 1553/558 1555/580 1554/579
f 1594/581 1596/557 1595/556
f 1550/582 1552/560 1551/559
f 1564/577 1551/559 1562/583
f 1562/583 1551/559 1560/584
f 1553/558 1561/585 1559/586
f 1560/584 1551/559 1558/587
f 1556/578 1551/559 1553/558
f 1558/587 1551/559 1556/578
f 1589/588 1595/556 1591/564
f 1587/589 1595/556 1589/588
f 1585/590 1595/556 1587/589
f 1583/591 1595/556 1585/590
f 1581/592 1595/556 1583/591
f 1579/593 1595/556 1581/592
f 1577/594 1595/556 1579/593
f 1575/595 1595/556 1577/594
f 1573/596 1595/556 1575/595
f 1571/597 1595/556 1573/596
f 1569/598 1595/556 1571/597
f 1567/599 1595/556 1569/598
f 1565/600 1595/556 1567/599
f 1563/601 1595/556 1565/600
f 1561/585 1595/556 1563/601
f 1553/558 1595/556 1561/585
f 1553/558 1559/586 1557/602
f 1553/558 1557/602 1555/580
f 1590/1623 1701/1625 1693/1619
f 1701/1625 1590/1623 1588/1629
f 1683/1590 1554/1587 1677/1584
f 1554/1587 1683/1590 1556/1594
f 1727/1364 1570/1367 1568/1369
f 1570/1367 1727/1364 1735/1365
f 1739/1372 1574/1378 1572/1371
f 1574/1378 1739/1372 1743/1379
f 1587/1630 1665/1628 1657/1633
f 1665/1628 1587/1630 1589/1624
f 1571/1415 1619/1420 1569/1423
f 1619/1420 1571/1415 1615/1414
f 1655/1598 1561/1601 1647/1604
f 1561/1601 1655/1598 1559/1595
f 1699/1602 1558/1600 1691/1596
f 1558/1600 1699/1602 1560/1605
f 1621/1406 1575/1408 1577/1412
f 1575/1408 1621/1406 1617/1403
f 1735/1365 1572/1371 1570/1367
f 1572/1371 1735/1365 1739/1372
f 1586/1634 1717/1636 1709/1631
f 1717/1636 1586/1634 1584/1639
f 1639/1437 1565/1433 1631/1432
f 1565/1433 1639/1437 1563/1440
f 1584/1397 1725/1395 1717/1398
f 1725/1395 1584/1397 1582/1394
f 1617/1403 1573/1411 1575/1408
f 1573/1411 1617/1403 1613/1407
f 1231/87 1256/88 1241/89
f 1251/90 1220/91 1241/89
f 1581/1424 1641/1425 1633/1419
f 1641/1425 1581/1424 1583/1430
f 1743/1379 1576/1383 1574/1378
f 1576/1383 1743/1379 1741/1384
f 1627/1426 1565/1433 1567/1427
f 1565/1433 1627/1426 1631/1432
f 1663/1591 1559/1595 1655/1598
f 1559/1595 1663/1591 1557/1588
f 1583/1640 1649/1638 1641/1641
f 1649/1638 1583/1640 1585/1635
f 1255/92 1264/93 1253/94
f 1252/95 1221/96 1253/94
f 1671/1586 1557/1588 1663/1591
f 1557/1588 1671/1586 1555/1585
f 1691/1596 1556/1594 1683/1590
f 1556/1594 1691/1596 1558/1600
f 1249/97 1258/98 1235/99
f 1235/99 1258/98 1262/100
f 1210/101 1235/99 1222/102
f 1231/87 1208/103 1222/102
f 1723/1366 1568/1369 1566/1373
f 1568/1369 1723/1366 1727/1364
f 1647/1604 1563/1606 1639/1609
f 1563/1606 1647/1604 1561/1601
f 1545/640 1546/641 1596/642
f 1597/643 1596/642 1546/641
f 1284/644 1285/645 1534/646
f 1535/647 1534/646 1285/645
f 1263/648 1236/649 1270/650
f 1271/651 1270/650 1236/649
f 1585/1635 1657/1633 1649/1638
f 1657/1633 1585/1635 1587/1630
f 1723/1366 1564/1376 1715/1374
f 1564/1376 1723/1366 1566/1373
f 1589/1624 1673/1622 1665/1628
f 1673/1622 1589/1624 1591/1618
f 1707/1607 1560/1605 1699/1602
f 1560/1605 1707/1607 1562/1610
f 1613/1407 1571/1415 1573/1411
f 1571/1415 1613/1407 1615/1414
f 1715/1611 1562/1610 1707/1607
f 1562/1610 1715/1611 1564/1612
f 1591/1618 1679/1615 1673/1622
f 1679/1615 1591/1618 1593/1613
f 1427/713 1415/714 1414/715
f 1414/715 1426/716 1427/713
f 1398/717 1386/718 1385/719
f 1385/719 1397/720 1398/717
f 1476/721 1472/722 1477/723
f 1473/724 1477/723 1472/722
f 1386/718 1378/725 1377/726
f 1377/726 1385/719 1386/718
f 1474/727 1482/728 1475/729
f 1483/730 1475/729 1482/728
f 1358/731 1357/732 1361/733
f 1361/733 1362/734 1358/731
f 1443/735 1435/736 1434/737
f 1434/737 1442/738 1443/735
f 1450/739 1454/740 1451/741
f 1455/742 1451/741 1454/740
f 1451/741 1443/735 1442/738
f 1442/738 1450/739 1451/741
f 1454/740 1466/743 1455/742
f 1467/744 1455/742 1466/743
f 1406/745 1398/717 1397/720
f 1397/720 1405/746 1406/745
f 1482/728 1476/721 1483/730
f 1477/723 1483/730 1476/721
f 1435/736 1427/713 1426/716
f 1426/716 1434/737 1435/736
f 1470/747 1474/727 1471/748
f 1475/729 1471/748 1474/727
f 1370/749 1362/734 1361/733
f 1361/733 1369/750 1370/749
f 1466/743 1470/747 1467/744
f 1471/748 1467/744 1470/747
f 1378/725 1370/749 1369/750
f 1369/750 1377/726 1378/725
f 1415/714 1406/745 1405/746
f 1405/746 1414/715 1415/714
f 1683/1590 1677/1584 1676/1593
f 1676/1593 1682/1597 1683/1590
f 1671/1586 1663/1591 1662/1592
f 1662/1592 1670/1589 1671/1586
f 1691/1596 1683/1590 1682/1597
f 1682/1597 1690/1603 1691/1596
f 1677/1584 1671/1586 1670/1589
f 1670/1589 1676/1593 1677/1584
f 1715/1374 1707/1382 1706/1380
f 1706/1380 1714/1377 1715/1374
f 1663/1591 1655/1598 1654/1599
f 1654/1599 1662/1592 1663/1591
f 1726/1362 1734/1363 1727/1364
f 1735/1365 1727/1364 1734/1363
f 1699/1602 1691/1596 1690/1603
f 1690/1603 1698/1608 1699/1602
f 1714/1377 1722/1370 1715/1374
f 1723/1366 1715/1374 1722/1370
f 1722/1370 1726/1362 1723/1366
f 1727/1364 1723/1366 1726/1362
f 1707/1382 1699/1387 1698/1385
f 1698/1385 1706/1380 1707/1382
f 1617/1403 1616/1404 1612/1405
f 1612/1405 1613/1407 1617/1403
f 1656/1637 1657/1633 1664/1632
f 1665/1628 1664/1632 1657/1633
f 1641/1425 1640/1428 1632/1421
f 1632/1421 1633/1419 1641/1425
f 1640/1428 1641/1425 1648/1431
f 1649/1434 1648/1431 1641/1425
f 1619/1420 1618/1417 1626/1422
f 1626/1422 1627/1426 1619/1420
f 1613/1407 1612/1405 1614/1410
f 1614/1410 1615/1414 1613/1407
f 1629/1413 1628/1416 1620/1409
f 1620/1409 1621/1406 1629/1413
f 1633/1419 1632/1421 1628/1416
f 1628/1416 1629/1413 1633/1419
f 1631/1432 1630/1429 1638/1435
f 1638/1435 1639/1437 1631/1432
f 1655/1442 1647/1439 1646/1441
f 1646/1441 1654/1443 1655/1442
f 1615/1414 1614/1410 1618/1417
f 1618/1417 1619/1420 1615/1414
f 1627/1426 1626/1422 1630/1429
f 1630/1429 1631/1432 1627/1426
f 1648/1431 1649/1434 1656/1436
f 1657/1438 1656/1436 1649/1434
f 1664/1632 1665/1628 1672/1627
f 1673/1622 1672/1627 1665/1628
f 1647/1439 1639/1437 1638/1435
f 1638/1435 1646/1441 1647/1439
f 1621/1406 1620/1409 1616/1404
f 1616/1404 1617/1403 1621/1406
f 1678/1621 1679/1615 1684/1617
f 1685/1614 1684/1617 1679/1615
f 1742/1375 1740/1381 1743/1379
f 1741/1384 1743/1379 1740/1381
f 1672/1627 1673/1622 1678/1621
f 1679/1615 1678/1621 1673/1622
f 1684/1617 1685/1614 1692/1620
f 1693/1619 1692/1620 1685/1614
f 1738/1368 1742/1375 1739/1372
f 1743/1379 1739/1372 1742/1375
f 1692/1620 1693/1619 1700/1626
f 1701/1625 1700/1626 1693/1619
f 1724/1393 1716/1396 1725/1395
f 1717/1398 1725/1395 1716/1396
f 1736/1386 1728/1390 1737/1389
f 1729/1392 1737/1389 1728/1390
f 1740/1381 1736/1386 1741/1384
f 1737/1389 1741/1384 1736/1386
f 1728/1390 1724/1393 1729/1392
f 1725/1395 1729/1392 1724/1393
f 1708/1400 1709/1399 1716/1396
f 1717/1398 1716/1396 1709/1399
f 1734/1363 1738/1368 1735/1365
f 1739/1372 1735/1365 1738/1368
f 1700/1402 1701/1401 1708/1400
f 1709/1399 1708/1400 1701/1401
f 1552/1354 1758/1355 1553/1356
f 1759/1357 1553/1356 1758/1355
f 1758/1306 1760/1307 1759/1308
f 1761/1309 1759/1308 1760/1307
f 1594/1358 1595/1359 1760/1360
f 1761/1361 1760/1360 1595/1359
f 1588/1629 1709/1631 1701/1625
f 1709/1631 1588/1629 1586/1634
f 1729/1392 1582/1394 1580/1391
f 1582/1394 1729/1392 1725/1395
f 1741/1384 1578/1388 1576/1383
f 1578/1388 1741/1384 1737/1389
f 1142/1036 1188/1037 1189/1038
f 1189/1038 1143/1039 1142/1036
f 1143/1039 1189/1038 1139/1040
f 1139/1040 1189/1038 1184/1041
f 1139/1040 1184/1041 1130/1042
f 1130/1042 1184/1041 1172/1043
f 1130/1042 1172/1043 1116/1044
f 1116/1044 1172/1043 1162/1045
f 1116/1044 1162/1045 1101/1046
f 1101/1046 1162/1045 1134/1047
f 1101/1046 1134/1047 1058/1048
f 1058/1048 1134/1047 1107/1049
f 1058/1048 1107/1049 1022/1050
f 1022/1050 1107/1049 997/1051
f 997/1051 1107/1049 1056/1052
f 997/1051 1056/1052 960/1053
f 960/1053 1056/1052 924/1054
f 924/1054 1056/1052 1010/1055
f 924/1054 1010/1055 890/1056
f 890/1056 1010/1055 774/1057
f 774/1057 1010/1055 814/1058
f 814/1058 1010/1055 971/1059
f 814/1058 971/1059 856/1060
f 856/1060 971/1059 932/1061
f 856/1060 932/1061 891/1062
f 601/1063 649/1064 650/1065
f 650/1065 602/1066 601/1063
f 602/1066 650/1065 603/1067
f 603/1067 650/1065 654/1068
f 603/1067 654/1068 667/1069
f 603/1067 667/1069 611/1070
f 611/1070 667/1069 680/1071
f 611/1070 680/1071 629/1072
f 629/1072 680/1071 708/1073
f 629/1072 708/1073 665/1074
f 665/1074 708/1073 737/1075
f 665/1074 737/1075 698/1076
f 698/1076 737/1075 765/1077
f 698/1076 765/1077 792/1078
f 698/1076 792/1078 738/1079
f 738/1079 792/1078 825/1080
f 738/1079 825/1080 860/1081
f 738/1079 860/1081 774/1057
f 774/1057 860/1081 890/1056
f 1184/1082 1111/1083 1172/1084
f 1111/1083 1184/1082 1122/1085
f 1162/1086 1062/1087 1134/1088
f 1062/1087 1162/1086 1100/1089
f 1056/1090 1008/1091 998/1092
f 1008/1091 1056/1090 1023/1093
f 1023/1093 1056/1090 1107/1094
f 1134/1088 1023/1093 1107/1094
f 1023/1093 1134/1088 1062/1087
f 1010/1095 998/1092 966/1096
f 998/1092 1010/1095 1056/1090
f 603/1097 537/1098 602/1099
f 537/1098 603/1097 538/1100
f 698/1101 599/1102 665/1103
f 599/1102 698/1101 626/1104
f 665/1103 584/1105 629/1106
f 584/1105 665/1103 599/1102
f 1172/1084 1100/1089 1162/1086
f 1100/1089 1172/1084 1111/1083
f 774/1107 770/1108 725/1109
f 770/1108 774/1107 814/1110
f 932/1111 913/1112 888/1113
f 913/1112 932/1111 927/1114
f 927/1114 932/1111 971/1115
f 1149/1116 1189/1117 1188/1118
f 1189/1117 1149/1116 1126/1119
f 971/1115 966/1096 927/1114
f 966/1096 971/1115 1010/1095
f 649/1011 601/1012 618/1013
f 649/1011 1142/1014 1131/1015
f 1131/1015 638/1016 649/1011
f 1128/1017 1157/1018 1142/1014
f 1188/1019 1157/1018 1180/1020
f 1142/1014 1096/1021 1128/1017
f 1142/1014 993/1022 1030/1023
f 1193/1024 1199/1025 1195/1026
f 648/1027 685/1028 649/1011
f 1201/1029 1195/1026 1199/1025
f 1180/1020 1193/1024 1188/1019
f 1195/1026 1188/1019 1193/1024
f 1142/1014 1030/1023 1096/1021
f 1188/1019 1142/1014 1157/1018
f 1142/1014 943/1030 993/1022
f 1142/1014 898/1031 943/1030
f 1142/1014 862/1032 898/1031
f 1142/1014 819/1033 862/1032
f 1142/1014 778/1034 819/1033
f 1142/1014 734/1035 778/1034
f 1142/1014 685/1028 734/1035
f 1142/1014 649/1011 685/1028
f 1529/751 1530/752 1523/753
f 649/1011 618/1013 648/1027
f 856/1120 813/1121 810/1122
f 813/1121 856/1120 851/1123
f 851/1123 856/1120 891/1124
f 891/1124 888/1113 851/1123
f 888/1113 891/1124 932/1111
f 611/1125 538/1100 603/1097
f 538/1100 611/1125 543/1126
f 600/1127 601/1128 579/1129
f 601/1128 602/1099 579/1129
f 579/1129 602/1099 545/1130
f 545/1130 602/1099 537/1098
f 814/1110 810/1122 770/1108
f 810/1122 814/1110 856/1120
f 698/1101 673/1131 626/1104
f 673/1131 698/1101 738/1132
f 738/1132 686/1133 673/1131
f 686/1133 738/1132 725/1109
f 725/1109 738/1132 774/1107
f 629/1106 543/1126 611/1125
f 543/1126 629/1106 546/1134
f 546/1134 629/1106 584/1105
f 1189/1117 1122/1085 1184/1082
f 1122/1085 1189/1117 1126/1119
f 1194/1138 1187/1139 1195/1140
f 1188/1141 1195/1140 1187/1139
f 1029/1142 1095/1143 1096/1144
f 1096/1144 1030/1145 1029/1142
f 1095/1143 1127/1146 1128/1147
f 1128/1147 1096/1144 1095/1143
f 1127/1146 1156/1148 1128/1147
f 1157/1149 1128/1147 1156/1148
f 897/1150 942/1151 943/1152
f 943/1152 898/1153 897/1150
f 861/1154 897/1150 898/1153
f 898/1153 862/1155 861/1154
f 818/1156 861/1154 862/1155
f 862/1155 819/1157 818/1156
f 1156/1148 1179/1158 1157/1149
f 1180/1159 1157/1149 1179/1158
f 992/1160 1029/1142 1030/1145
f 1030/1145 993/1161 992/1160
f 1198/1162 1200/1163 1199/1164
f 1201/1165 1199/1164 1200/1163
f 777/1166 818/1156 819/1157
f 819/1157 778/1167 777/1166
f 601/1168 600/1169 617/1170
f 617/1170 618/1171 601/1168
f 1192/1172 1198/1162 1193/1173
f 1199/1164 1193/1173 1198/1162
f 1200/1163 1194/1138 1201/1165
f 1195/1140 1201/1165 1194/1138
f 942/1151 992/1160 993/1161
f 993/1161 943/1152 942/1151
f 733/1174 777/1166 778/1167
f 778/1167 734/1175 733/1174
f 1179/1158 1192/1172 1180/1159
f 1193/1173 1180/1159 1192/1172
f 684/1176 733/1174 734/1175
f 734/1175 685/1177 684/1176
f 648/1178 647/1179 684/1176
f 684/1176 685/1177 648/1178
f 618/1171 617/1170 647/1179
f 647/1179 648/1178 618/1171
f 579/1129 580/1135 600/1127
f 1150/1136 1188/1118 1187/1137
f 1188/1118 1150/1136 1149/1116
f 1746/1449 1732/1453 1747/1451
f 1733/1455 1747/1451 1732/1453
f 1754/1444 1750/1445 1755/1446
f 1751/1447 1755/1446 1750/1445
f 1712/1463 1713/1461 1720/1457
f 1721/1459 1720/1457 1713/1461
f 1750/1445 1746/1449 1751/1447
f 1747/1451 1751/1447 1746/1449
f 1752/1454 1756/1450 1753/1452
f 1757/1448 1753/1452 1756/1450
f 1732/1453 1720/1457 1733/1455
f 1721/1459 1733/1455 1720/1457
f 1748/1458 1752/1454 1749/1456
f 1753/1452 1749/1456 1752/1454
f 1704/1467 1705/1465 1712/1463
f 1713/1461 1712/1463 1705/1465
f 1688/1642 1689/1643 1696/1644
f 1697/1646 1696/1644 1689/1643
f 1756/1450 1754/1444 1757/1448
f 1755/1446 1757/1448 1754/1444
f 1747/1504 1736/1505 1740/1506
f 1753/1519 1757/1525 1755/1522
f 1731/1518 1745/1510 1734/1515
f 1719/1527 1731/1518 1722/1524
f 1703/1535 1711/1531 1706/1533
f 1687/1543 1695/1539 1690/1541
f 1675/1549 1687/1543 1676/1547
f 1659/1557 1667/1553 1662/1555
f 1643/1565 1651/1561 1646/1563
f 1734/1515 1726/1521 1731/1518
f 1609/1576 1614/1578 1612/1574
f 1609/1576 1612/1574 1611/1572
f 1714/1529 1706/1533 1711/1531
f 1711/1531 1719/1527 1714/1529
f 1695/1539 1703/1535 1698/1537
f 1670/1551 1662/1555 1667/1553
f 1667/1553 1675/1549 1670/1551
f 1651/1561 1659/1557 1654/1559
f 1635/1569 1643/1565 1638/1567
f 1623/1575 1635/1569 1626/1573
f 1609/1576 1623/1575 1614/1578
f 1616/1570 1611/1572 1612/1574
f 1747/1504 1742/1508 1745/1510
f 1716/1517 1724/1511 1721/1514
f 1728/1509 1736/1505 1733/1507
f 1749/1513 1753/1519 1751/1516
f 1755/1522 1751/1516 1753/1519
f 1745/1510 1749/1513 1747/1504
f 1751/1516 1747/1504 1749/1513
f 1734/1515 1745/1510 1738/1512
f 1747/1504 1740/1506 1742/1508
f 1664/1546 1672/1542 1669/1544
f 1747/1504 1733/1507 1736/1505
f 1733/1507 1724/1511 1728/1509
f 1708/1523 1716/1517 1713/1520
f 1733/1507 1721/1514 1724/1511
f 1700/1528 1708/1523 1705/1526
f 1721/1514 1713/1520 1716/1517
f 1692/1532 1700/1528 1697/1530
f 1713/1520 1705/1526 1708/1523
f 1684/1536 1692/1532 1689/1534
f 1705/1526 1697/1530 1700/1528
f 1678/1540 1684/1536 1681/1538
f 1697/1530 1689/1534 1692/1532
f 1620/1568 1628/1564 1625/1566
f 1689/1534 1681/1538 1684/1536
f 1681/1538 1672/1542 1678/1540
f 1656/1550 1664/1546 1661/1548
f 1681/1538 1669/1544 1672/1542
f 1648/1554 1656/1550 1653/1552
f 1669/1544 1661/1548 1664/1546
f 1640/1558 1648/1554 1645/1556
f 1661/1548 1653/1552 1656/1550
f 1632/1562 1640/1558 1637/1560
f 1653/1552 1645/1556 1648/1554
f 1645/1556 1637/1560 1640/1558
f 1637/1560 1628/1564 1632/1562
f 1738/1512 1745/1510 1742/1508
f 1637/1560 1625/1566 1628/1564
f 1625/1566 1616/1570 1620/1568
f 1625/1566 1611/1572 1616/1570
f 1722/1524 1731/1518 1726/1521
f 1722/1524 1714/1529 1719/1527
f 1706/1533 1698/1537 1703/1535
f 1698/1537 1690/1541 1695/1539
f 1690/1541 1682/1545 1687/1543
f 1676/1547 1687/1543 1682/1545
f 1676/1547 1670/1551 1675/1549
f 1662/1555 1654/1559 1659/1557
f 1654/1559 1646/1563 1651/1561
f 1646/1563 1638/1567 1643/1565
f 1638/1567 1630/1571 1635/1569
f 1626/1573 1635/1569 1630/1571
f 1626/1573 1618/1577 1623/1575
f 1614/1578 1623/1575 1618/1577
f 1603/1581 1599/1583 1601/1582
f 1605/1580 1609/1576 1607/1579
f 1611/1572 1607/1579 1609/1576
f 1601/1582 1605/1580 1603/1581
f 1607/1579 1603/1581 1605/1580
f 1696/1644 1697/1646 1704/1648
f 1705/1650 1704/1648 1697/1646
f 1609/1494 1608/1492 1622/1496
f 1622/1496 1623/1497 1609/1494
f 1651/1502 1643/1500 1642/1501
f 1642/1501 1650/1503 1651/1502
f 1607/1474 1606/1475 1602/1476
f 1602/1476 1603/1478 1607/1474
f 1687/1656 1675/1657 1674/1658
f 1674/1658 1686/1660 1687/1656
f 1623/1497 1622/1496 1634/1498
f 1634/1498 1635/1499 1623/1497
f 1636/1487 1637/1485 1644/1489
f 1645/1491 1644/1489 1637/1485
f 1695/1662 1687/1656 1686/1660
f 1686/1660 1694/1664 1695/1662
f 1643/1500 1635/1499 1634/1498
f 1634/1498 1642/1501 1643/1500
f 1703/1666 1695/1662 1694/1664
f 1694/1664 1702/1668 1703/1666
f 1668/1651 1669/1649 1680/1647
f 1681/1645 1680/1647 1669/1649
f 1680/1647 1681/1645 1688/1642
f 1689/1643 1688/1642 1681/1645
f 1644/1489 1645/1491 1652/1493
f 1653/1495 1652/1493 1645/1491
f 1637/1485 1636/1487 1624/1483
f 1624/1483 1625/1481 1637/1485
f 1659/1665 1651/1669 1650/1667
f 1650/1667 1658/1663 1659/1665
f 1599/1482 1598/1480 1600/1484
f 1600/1484 1601/1486 1599/1482
f 1605/1490 1604/1488 1608/1492
f 1608/1492 1609/1494 1605/1490
f 1667/1661 1659/1665 1658/1663
f 1658/1663 1666/1659 1667/1661
f 1660/1653 1661/1652 1668/1651
f 1669/1649 1668/1651 1661/1652
f 1625/1481 1624/1483 1610/1479
f 1610/1479 1611/1477 1625/1481
f 1711/1471 1703/1473 1702/1472
f 1702/1472 1710/1470 1711/1471
f 1719/1468 1711/1471 1710/1470
f 1710/1470 1718/1469 1719/1468
f 1718/1469 1730/1466 1719/1468
f 1731/1464 1719/1468 1730/1466
f 1730/1466 1744/1462 1731/1464
f 1745/1460 1731/1464 1744/1462
f 1744/1462 1748/1458 1745/1460
f 1749/1456 1745/1460 1748/1458
f 1652/1655 1653/1654 1660/1653
f 1661/1652 1660/1653 1653/1654
f 1611/1477 1610/1479 1606/1475
f 1606/1475 1607/1474 1611/1477
f 1603/1478 1602/1476 1598/1480
f 1598/1480 1599/1482 1603/1478
f 1601/1486 1600/1484 1604/1488
f 1604/1488 1605/1490 1601/1486
f 1675/1657 1667/1661 1666/1659
f 1666/1659 1674/1658 1675/1657
f 1227/1180 1237/1181 1228/1182
f 1238/1183 1228/1182 1237/1181
f 1247/1184 1243/1185 1248/1186
f 1244/1187 1248/1186 1243/1185
f 1212/1188 1227/1180 1213/1189
f 1228/1182 1213/1189 1227/1180
f 1098/1190 1017/1191 1016/1192
f 1016/1192 1097/1193 1098/1190
f 1245/1194 1247/1184 1246/1195
f 1248/1186 1246/1195 1247/1184
f 1186/1196 1147/1197 1146/1198
f 1146/1198 1185/1199 1186/1196
f 1147/1197 1098/1190 1097/1193
f 1097/1193 1146/1198 1147/1197
f 1017/1191 963/1200 962/1201
f 962/1201 1016/1192 1017/1191
f 1237/1181 1245/1194 1238/1183
f 1246/1195 1238/1183 1245/1194
f 963/1200 903/1202 902/1203
f 902/1203 962/1201 963/1200
f 903/1202 854/1204 853/1205
f 853/1205 902/1203 903/1202
f 854/1204 796/1206 795/1207
f 795/1207 853/1205 854/1204
f 1243/1185 1233/1208 1244/1187
f 1234/1209 1244/1187 1233/1208
f 1185/1199 1212/1188 1186/1196
f 1213/1189 1186/1196 1212/1188
f 1205/1210 1234/1209 1233/1208
f 1234/1209 1205/1210 1204/1211
f 742/1212 675/1213 674/1214
f 674/1214 741/1215 742/1212
f 485/1216 525/1217 526/1218
f 525/1217 485/1216 488/1219
f 587/1220 586/1221 619/1222
f 619/1222 620/1223 587/1220
f 905/1702 782/1703 809/1704
f 782/1703 905/1702 879/1705
f 782/1703 879/1705 752/1706
f 752/1706 879/1705 719/1707
f 719/1707 879/1705 695/1708
f 1131/1709 1083/1710 638/1711
f 1132/1712 1087/1713 1086/1714
f 1132/1712 1088/1715 1087/1713
f 1132/1712 1086/1714 1085/1716
f 1132/1712 1085/1716 1084/1717
f 1132/1712 1084/1717 1083/1710
f 1132/1712 1083/1710 1131/1709
f 1086/1714 1087/1713 1003/1718
f 1088/1715 1132/1712 1076/1719
f 1076/1719 1132/1712 1129/1720
f 1076/1719 1129/1720 1059/1721
f 1059/1721 1129/1720 1119/1722
f 1059/1721 1119/1722 1051/1723
f 1051/1723 1119/1722 1106/1724
f 887/1725 789/1726 834/1727
f 789/1726 887/1725 842/1728
f 1085/1716 1079/1729 1084/1717
f 1079/1729 1085/1716 1067/1730
f 1067/1730 1085/1716 1057/1731
f 1057/1731 1085/1716 1043/1732
f 1043/1732 1085/1716 1032/1733
f 1032/1733 1085/1716 1018/1734
f 1018/1734 1085/1716 1004/1735
f 1004/1735 1085/1716 1082/1736
f 1004/1735 1082/1736 1048/1737
f 1004/1735 1048/1737 989/1738
f 989/1738 1048/1737 1033/1739
f 989/1738 1033/1739 968/1740
f 968/1740 1033/1739 1086/1714
f 968/1740 1086/1714 948/1741
f 948/1741 1086/1714 1003/1718
f 948/1741 1003/1718 928/1742
f 928/1742 1003/1718 978/1743
f 928/1742 978/1743 906/1744
f 906/1744 978/1743 955/1745
f 906/1744 955/1745 885/1746
f 885/1746 955/1745 863/1747
f 863/1747 955/1745 940/1748
f 863/1747 940/1748 905/1702
f 905/1702 940/1748 1051/1723
f 863/1747 905/1702 836/1749
f 836/1749 905/1702 809/1704
f 905/1702 1051/1723 1014/1750
f 1014/1750 1051/1723 1106/1724
f 1014/1750 1106/1724 1091/1751
f 1014/1750 1091/1751 1007/1752
f 1007/1752 1091/1751 981/1753
f 981/1753 1091/1751 1041/1754
f 981/1753 1041/1754 964/1755
f 964/1755 1041/1754 1009/1756
f 964/1755 1009/1756 935/1757
f 935/1757 1009/1756 909/1758
f 909/1758 1009/1756 887/1725
f 887/1725 1009/1756 755/1759
f 755/1759 1009/1756 783/1760
f 783/1760 1009/1756 977/1761
f 783/1760 977/1761 817/1762
f 817/1762 977/1761 947/1763
f 817/1762 947/1763 850/1764
f 850/1764 947/1763 916/1765
f 850/1764 916/1765 884/1766
f 695/1708 696/1767 639/1768
f 697/1769 639/1768 696/1767
f 694/1770 695/1708 639/1768
f 638/1711 694/1770 639/1768
f 694/1770 638/1711 1083/1710
f 696/1767 695/1708 879/1705
f 696/1767 879/1705 855/1771
f 696/1767 855/1771 834/1727
f 696/1767 834/1727 789/1726
f 696/1767 789/1726 761/1772
f 696/1767 761/1772 700/1773
f 700/1773 761/1772 723/1774
f 639/1768 697/1769 642/1775
f 642/1775 697/1769 702/1776
f 642/1775 702/1776 707/1777
f 642/1775 707/1777 653/1778
f 653/1778 707/1777 722/1779
f 653/1778 722/1779 668/1780
f 668/1780 722/1779 740/1781
f 668/1780 740/1781 691/1782
f 691/1782 740/1781 758/1783
f 691/1782 758/1783 781/1784
f 691/1782 781/1784 724/1785
f 724/1785 781/1784 805/1786
f 724/1785 805/1786 755/1759
f 755/1759 805/1786 829/1787
f 755/1759 829/1787 842/1728
f 755/1759 842/1728 887/1725
f 540/1224 539/1225 586/1221
f 586/1221 587/1220 540/1224
f 675/1213 620/1223 619/1222
f 619/1222 674/1214 675/1213
f 796/1206 742/1212 741/1215
f 741/1215 795/1207 796/1206
f 526/1218 525/1217 539/1225
f 539/1225 540/1224 526/1218
f 1142 1143 1132
f 1132 1131 1142
f 1530/1226 1529/1227 1526/1228
f 1106 1130 1116
f 1130 1106 1119
f 1041 1022 1009
f 1022 1041 1058
f 997 1009 1022
f 1009 997 977
f 1143 1129 1132
f 1129 1143 1139
f 1119 1139 1130
f 1139 1119 1129
f 1116 1091 1106
f 1091 1116 1101
f 1041 1101 1058
f 1101 1041 1091
f 649 638 650
f 639 650 638
f 691 737 708
f 737 691 724
f 650 639 654
f 642 654 639
f 761/1772 788/1788 757/1789
f 788/1788 761/1772 789/1726
f 779/1790 758/1783 756/1791
f 758/1783 779/1790 781/1784
f 960 977 997
f 977 960 947
f 653 680 667
f 680 653 668
f 860 884 890
f 884 860 850
f 817 792 783
f 792 817 825
f 890 916 924
f 916 890 884
f 839/2451 757/2452 788/2453
f 757/2452 839/2451 720/2454
f 720/2454 839/2451 692/2455
f 692/2455 839/2451 689/2456
f 689/2456 839/2451 690/2457
f 690/2457 839/2451 693/2458
f 693/2458 839/2451 705/2459
f 705/2459 839/2451 718/2460
f 718/2460 839/2451 736/2461
f 736/2461 839/2451 756/2462
f 756/2462 839/2451 779/2463
f 779/2463 839/2451 804/2464
f 804/2464 839/2451 826/2465
f 839/1792 829/1787 826/1802
f 829/1787 839/1792 842/1728
f 805/1786 826/1802 829/1787
f 826/1802 805/1786 804/1801
f 654 642 667
f 653 667 642
f 781/1784 804/1801 805/1786
f 804/1801 781/1784 779/1790
f 755 737 724
f 737 755 765
f 736/1800 758/1783 740/1781
f 758/1783 736/1800 756/1791
f 680 668 708
f 691 708 668
f 788/1788 842/1728 839/1792
f 842/1728 788/1788 789/1726
f 722/1779 718/1799 740/1781
f 736/1800 740/1781 718/1799
f 707/1777 705/1798 722/1779
f 718/1799 722/1779 705/1798
f 850 825 817
f 825 850 860
f 702/1776 693/1797 707/1777
f 705/1798 707/1777 693/1797
f 697/1769 690/1796 702/1776
f 693/1797 702/1776 690/1796
f 783 765 755
f 765 783 792
f 924 947 960
f 947 924 916
f 935/1757 956/1803 964/1755
f 956/1803 935/1757 931/1804
f 834/1727 855/1771 849/1805
f 849/1805 832/1806 834/1727
f 723/1774 757/1789 720/1793
f 757/1789 723/1774 761/1772
f 879/1705 905/1702 899/1807
f 899/1807 878/1808 879/1705
f 909/1758 931/1804 935/1757
f 931/1804 909/1758 904/1809
f 940/1748 952/1810 938/1811
f 952/1810 940/1748 955/1745
f 1003/1718 975/1812 978/1743
f 975/1812 1003/1718 999/1813
f 700/1773 720/1793 692/1794
f 720/1793 700/1773 723/1774
f 689/1795 696/1767 692/1794
f 700/1773 692/1794 696/1767
f 1074/2466 975/2467 999/2468
f 975/2467 1074/2466 952/2469
f 952/2469 1074/2466 938/2470
f 938/2470 1074/2466 1045/2471
f 1045/2471 1074/2466 1075/2472
f 1045/2471 1075/2472 1066/2473
f 1045/2471 1066/2473 1055/2474
f 1011/2475 878/2476 899/2477
f 878/2476 1011/2475 849/2478
f 849/2478 1011/2475 832/2479
f 832/2479 1011/2475 886/2480
f 886/2480 1011/2475 1001/2481
f 886/2480 1001/2481 979/2482
f 886/2480 979/2482 956/2483
f 886/2480 956/2483 931/2484
f 886/2480 931/2484 904/2485
f 938/1811 1045/1815 1051/1723
f 1051/1723 940/1748 938/1811
f 855/1771 879/1705 878/1808
f 878/1808 849/1805 855/1771
f 964/1755 979/1822 981/1753
f 979/1822 964/1755 956/1803
f 1087/1713 999/1813 1003/1718
f 999/1813 1087/1713 1074/1814
f 904/1809 887/1725 886/1820
f 887/1725 904/1809 909/1758
f 832/1806 887/1725 834/1727
f 887/1725 832/1806 886/1820
f 1014/1750 1001/1821 1011/1819
f 1001/1821 1014/1750 1007/1752
f 955/1745 978/1743 975/1812
f 975/1812 952/1810 955/1745
f 1045/1815 1059/1721 1051/1723
f 1059/1721 1045/1815 1055/1818
f 981/1753 1001/1821 1007/1752
f 1001/1821 981/1753 979/1822
f 899/1807 1014/1750 1011/1819
f 1014/1750 899/1807 905/1702
f 694/1770 687/1823 695/1708
f 688/1824 695/1708 687/1823
f 696/1767 689/1795 697/1769
f 690/1796 697/1769 689/1795
f 1079/1729 1064/1825 1068/1826
f 1064/1825 1079/1729 1067/1730
f 1032/1733 1015/1827 1025/1828
f 1015/1827 1032/1733 1018/1734
f 1043/1732 1025/1828 1040/1829
f 1025/1828 1043/1732 1032/1733
f 1000/1830 1018/1734 1004/1735
f 1018/1734 1000/1830 1015/1827
f 687/2486 1070/2487 1071/2488
f 687/2486 1071/2488 688/2489
f 688/2489 1071/2488 1068/2490
f 688/2489 1068/2490 1064/2491
f 688/2489 1064/2491 1052/2492
f 688/2489 1052/2492 1040/2493
f 688/2489 1040/2493 1025/2494
f 688/2489 1025/2494 1015/2495
f 688/2489 1015/2495 1000/2496
f 688/2489 1000/2496 982/2497
f 688/2489 982/2497 967/2498
f 688/2489 967/2498 946/2499
f 688/2489 946/2499 925/2500
f 688/2489 925/2500 901/2501
f 688/2489 901/2501 882/2502
f 688/2489 882/2502 859/2503
f 688/2489 859/2503 833/2504
f 688/2489 833/2504 806/2505
f 688/2489 806/2505 780/2506
f 688/2489 780/2506 750/2507
f 688/2489 750/2507 715/2508
f 1073/1846 1072/1847 1085/1716
f 1085/1716 1086/1714 1073/1846
f 1071/1832 1070/1831 1083/1710
f 1083/1710 1084/1717 1071/1832
f 1087/1713 1088/1715 1075/1816
f 1075/1816 1074/1814 1087/1713
f 1004/1735 982/1834 1000/1830
f 982/1834 1004/1735 989/1738
f 1073/2509 1069/2510 1072/2511
f 1069/2510 1073/2509 1042/2512
f 1042/2512 1073/2509 1028/2513
f 1085/1716 1069/1848 1082/1736
f 1069/1848 1085/1716 1072/1847
f 1084/1717 1068/1826 1071/1832
f 1068/1826 1084/1717 1079/1729
f 1067/1730 1052/1833 1064/1825
f 1052/1833 1067/1730 1057/1731
f 1040/1829 1057/1731 1043/1732
f 1057/1731 1040/1829 1052/1833
f 1066/1817 1088/1715 1076/1719
f 1088/1715 1066/1817 1075/1816
f 1055/1818 1076/1719 1059/1721
f 1076/1719 1055/1818 1066/1817
f 1028/1850 1073/1846 1086/1714
f 1086/1714 1033/1739 1028/1850
f 1048/1737 1042/1849 1028/1850
f 1028/1850 1033/1739 1048/1737
f 1082/1736 1042/1849 1048/1737
f 1042/1849 1082/1736 1069/1848
f 863/1747 882/1839 885/1746
f 882/1839 863/1747 859/1840
f 946/1836 928/1742 925/1837
f 928/1742 946/1836 948/1741
f 780/1843 752/1706 750/1844
f 752/1706 780/1843 782/1703
f 719/1707 750/1844 752/1706
f 750/1844 719/1707 715/1845
f 694/1770 1083/1710 1070/1831
f 1070/1831 687/1823 694/1770
f 695/1708 715/1845 719/1707
f 715/1845 695/1708 688/1824
f 836/1749 859/1840 863/1747
f 859/1840 836/1749 833/1841
f 925/1837 906/1744 901/1838
f 906/1744 925/1837 928/1742
f 968/1740 946/1836 967/1835
f 946/1836 968/1740 948/1741
f 989/1738 967/1835 982/1834
f 967/1835 989/1738 968/1740
f 833/1841 809/1704 806/1842
f 809/1704 833/1841 836/1749
f 806/1842 782/1703 780/1843
f 782/1703 806/1842 809/1704
f 901/1838 885/1746 882/1839
f 885/1746 901/1838 906/1744
f 1508/754 1506/755 1509/756
f 1507/757 1509/756 1506/755
f 1506/755 1502/758 1507/757
f 1503/759 1507/757 1502/758
f 1502/758 1494/760 1503/759
f 1495/761 1503/759 1494/760
f 1494/760 1490/762 1495/761
f 1491/763 1495/761 1490/762
f 1490/762 1480/764 1491/763
f 1481/765 1491/763 1480/764
f 1464/766 1465/767 1480/764
f 1481/765 1480/764 1465/767
f 1448/768 1449/769 1464/766
f 1465/767 1464/766 1449/769
f 1432/770 1433/771 1448/768
f 1449/769 1448/768 1433/771
f 1420/772 1421/773 1432/770
f 1433/771 1432/770 1421/773
f 1409/774 1410/955 1420/772
f 1421/773 1420/772 1410/955
f 1404/775 1394/776 1393/777
f 1393/777 1403/778 1404/775
f 1326/779 1325/780 1321/781
f 1321/781 1322/782 1326/779
f 1367/783 1368/784 1383/785
f 1384/786 1383/785 1368/784
f 1382/787 1366/788 1365/789
f 1365/789 1381/790 1382/787
f 1394/776 1382/787 1381/790
f 1381/790 1393/777 1394/776
f 1324/791 1323/792 1333/793
f 1333/793 1334/794 1324/791
f 1419/795 1404/775 1403/778
f 1403/778 1418/796 1419/795
f 1463/797 1447/798 1446/799
f 1446/799 1462/800 1463/797
f 1383/785 1384/786 1395/801
f 1396/802 1395/801 1384/786
f 1350/803 1334/794 1333/793
f 1333/793 1349/804 1350/803
f 1447/798 1431/805 1430/806
f 1430/806 1446/799 1447/798
f 1478/807 1488/808 1479/809
f 1489/810 1479/809 1488/808
f 1488/808 1492/811 1489/810
f 1493/812 1489/810 1492/811
f 1492/811 1500/813 1493/812
f 1501/814 1493/812 1500/813
f 1500/813 1504/815 1501/814
f 1505/816 1501/814 1504/815
f 1504/815 1508/754 1505/816
f 1509/756 1505/816 1508/754
f 1314/817 1313/818 1309/819
f 1309/819 1310/820 1314/817
f 1310/820 1309/819 1305/821
f 1305/821 1306/822 1310/820
f 1306/822 1305/821 1307/823
f 1307/823 1308/824 1306/822
f 1312/825 1311/826 1319/827
f 1319/827 1320/828 1312/825
f 1320/828 1319/827 1323/792
f 1323/792 1324/791 1320/828
f 1366/788 1350/803 1349/804
f 1349/804 1365/789 1366/788
f 1351/829 1352/830 1367/783
f 1368/784 1367/783 1352/830
f 1479/809 1463/797 1462/800
f 1462/800 1478/807 1479/809
f 1322/782 1321/781 1313/818
f 1313/818 1314/817 1322/782
f 1308/824 1307/823 1311/826
f 1311/826 1312/825 1308/824
f 1336/831 1335/832 1325/780
f 1325/780 1326/779 1336/831
f 1335/832 1336/831 1351/829
f 1352/830 1351/829 1336/831
f 1431/805 1419/795 1418/796
f 1418/796 1430/806 1431/805
f 1395/957 1396/954 1409/774
f 1410/955 1409/774 1396/954
f 596/2097 609/2084 589/2089
f 609/2084 596/2097 631/2096
f 596/2097 589/2089 561/2095
f 1405/746 1394/776 1404/775
f 1394/776 1405/746 1397/720
f 633/2090 607/2085 598/2078
f 607/2085 633/2090 662/2098
f 682/2110 625/2102 615/2099
f 625/2102 682/2110 710/2117
f 609/2084 598/2078 591/2080
f 598/2078 609/2084 633/2090
f 631/2096 633/2090 609/2084
f 633/2090 631/2096 672/2101
f 660/2330 769/2331 664/2332
f 769/2331 660/2330 767/2333
f 569/2353 652/2343 570/2344
f 652/2343 569/2353 645/2352
f 570/2344 656/2335 571/2338
f 656/2335 570/2344 652/2343
f 589/2089 591/2080 583/2083
f 591/2080 589/2089 609/2084
f 645/2352 754/2347 652/2343
f 754/2347 645/2352 744/2357
f 656/2335 767/2333 660/2330
f 767/2333 656/2335 763/2339
f 589/2089 583/2083 561/2095
f 568/2127 645/2133 569/2147
f 645/2133 568/2127 637/2116
f 625/2102 728/2128 637/2116
f 728/2128 625/2102 710/2117
f 662/2098 615/2099 607/2085
f 615/2099 662/2098 682/2110
f 1472/722 1468/833 1473/724
f 1469/834 1473/724 1468/833
f 652/2343 763/2339 656/2335
f 763/2339 652/2343 754/2347
f 637/2116 744/2134 645/2133
f 744/2134 637/2116 728/2128
f 571/2338 660/2330 572/2334
f 660/2330 571/2338 656/2335
f 572/2334 664/2332 573/2337
f 664/2332 572/2334 660/2330
f 846/1907 923/1906 848/1921
f 923/1906 846/1907 921/1891
f 728/2128 816/2148 744/2134
f 816/2148 728/2128 798/2136
f 744/2357 831/2358 754/2347
f 831/2358 744/2357 816/2365
f 710/2117 798/2136 728/2128
f 798/2136 710/2117 776/2135
f 712/2115 714/2109 672/2101
f 714/2109 712/2115 760/2125
f 794/2146 776/2135 748/2126
f 776/2135 794/2146 828/2155
f 658/2108 672/2101 631/2096
f 672/2101 658/2108 712/2115
f 767/2333 848/2336 769/2331
f 848/2336 767/2333 846/2340
f 714/2109 682/2110 662/2098
f 682/2110 714/2109 748/2126
f 1468/833 1456/835 1469/834
f 1457/836 1469/834 1456/835
f 760/2125 748/2126 714/2109
f 748/2126 760/2125 794/2146
f 605/2107 596/2097 561/2095
f 763/2339 846/2340 767/2333
f 846/2340 763/2339 841/2348
f 828/2155 798/2136 776/2135
f 798/2136 828/2155 858/2168
f 798/2136 881/2156 816/2148
f 881/2156 798/2136 858/2168
f 816/2365 894/2366 831/2358
f 894/2366 816/2365 881/2370
f 831/2358 912/2363 841/2348
f 912/2363 831/2358 894/2366
f 754/2347 841/2348 763/2339
f 841/2348 754/2347 831/2358
f 748/2126 710/2117 682/2110
f 710/2117 748/2126 776/2135
f 841/1899 921/1891 846/1907
f 921/1891 841/1899 912/1880
f 605/2107 631/2096 596/2097
f 631/2096 605/2107 658/2108
f 672/2101 662/2098 633/2090
f 662/2098 672/2101 714/2109
f 823/2166 838/2167 791/2145
f 838/2167 823/2166 870/2189
f 613/2114 605/2107 561/2095
f 988/1855 908/1866 951/1865
f 908/1866 988/1855 937/1860
f 677/2124 712/2115 658/2108
f 712/2115 677/2124 746/2132
f 874/2175 858/2168 828/2155
f 858/2168 874/2175 908/2190
f 881/1872 959/1858 894/1871
f 959/1858 881/1872 937/1860
f 921/1891 991/1890 923/1906
f 991/1890 921/1891 984/1879
f 746/2132 760/2125 712/2115
f 760/2125 746/2132 791/2145
f 838/2167 828/2155 794/2146
f 828/2155 838/2167 874/2175
f 704/2143 746/2132 677/2124
f 746/2132 704/2143 772/2154
f 894/1871 973/1864 912/1880
f 973/1864 894/1871 959/1858
f 791/2145 794/2146 760/2125
f 794/2146 791/2145 838/2167
f 772/2154 791/2145 746/2132
f 791/2145 772/2154 823/2166
f 613/2114 658/2108 605/2107
f 658/2108 613/2114 677/2124
f 622/2123 613/2114 561/2095
f 912/1880 984/1879 921/1891
f 984/1879 912/1880 973/1864
f 1414/715 1404/775 1419/795
f 1404/775 1414/715 1405/746
f 858/1875 937/1860 881/1872
f 937/1860 858/1875 908/1866
f 622/2123 677/2124 613/2114
f 677/2124 622/2123 704/2143
f 870/1894 874/1886 838/1902
f 874/1886 870/1894 915/1882
f 915/1882 908/1866 874/1886
f 908/1866 915/1882 951/1865
f 730/2164 787/2172 717/2152
f 787/2172 730/2164 803/2184
f 1444/837 1445/838 1452/839
f 1453/840 1452/839 1445/838
f 1027/1859 951/1865 995/1873
f 951/1865 1027/1859 988/1855
f 896/1892 915/1882 870/1894
f 915/1882 896/1892 945/1881
f 717/2152 772/2154 704/2143
f 772/2154 717/2152 787/2172
f 635/2144 717/2152 628/2131
f 717/2152 635/2144 730/2164
f 1054/1878 984/1879 1050/1863
f 984/1879 1054/1878 991/1890
f 1456/835 1452/839 1457/836
f 1453/840 1457/836 1452/839
f 1118/1857 1035/1854 1105/1851
f 1035/1854 1118/1857 1050/1863
f 628/2131 704/2143 622/2123
f 704/2143 628/2131 717/2152
f 803/2184 844/2188 787/2172
f 844/2188 803/2184 865/2206
f 787/2172 823/2166 772/2154
f 823/2166 787/2172 844/2188
f 1013/1852 937/1860 988/1855
f 937/1860 1013/1852 959/1858
f 945/1881 951/1865 915/1882
f 951/1865 945/1881 995/1873
f 1105/1851 1013/1852 1078/1853
f 1013/1852 1105/1851 1035/1854
f 1121/1869 1050/1863 1118/1857
f 1050/1863 1121/1869 1054/1878
f 844/2188 870/2189 823/2166
f 870/2189 844/2188 896/2212
f 628/2131 622/2123 561/2095
f 635/2144 628/2131 561/2095
f 1050/1863 973/1864 1035/1854
f 973/1864 1050/1863 984/1879
f 1078/1853 988/1855 1027/1859
f 988/1855 1078/1853 1013/1852
f 1035/1854 959/1858 1013/1852
f 959/1858 1035/1854 973/1864
f 1426/716 1419/795 1431/805
f 1419/795 1426/716 1414/715
f 1138/1856 1078/1853 1115/1861
f 1078/1853 1138/1856 1105/1851
f 1155/1870 1118/1857 1152/1862
f 1118/1857 1155/1870 1121/1869
f 641/2153 635/2144 561/2095
f 865/1908 896/1892 844/1916
f 896/1892 865/1908 919/1900
f 1020/1885 945/1881 970/1893
f 945/1881 1020/1885 995/1873
f 930/1909 970/1893 919/1900
f 970/1893 930/1909 986/1910
f 1152/1862 1105/1851 1138/1856
f 1105/1851 1152/1862 1118/1857
f 1039/1901 970/1893 986/1910
f 970/1893 1039/1901 1020/1885
f 1103/1887 1020/1885 1039/1901
f 1020/1885 1103/1887 1081/1874
f 872/1917 919/1900 865/1908
f 919/1900 872/1917 930/1909
f 808/2195 865/2206 803/2184
f 865/2206 808/2195 872/2219
f 1081/1874 995/1873 1020/1885
f 995/1873 1081/1874 1027/1859
f 1170/1868 1138/1856 1164/1867
f 1138/1856 1170/1868 1152/1862
f 1164/1867 1115/1861 1136/1876
f 1115/1861 1164/1867 1138/1856
f 919/1900 945/1881 896/1892
f 945/1881 919/1900 970/1893
f 641/2153 730/2164 635/2144
f 730/2164 641/2153 732/2173
f 732/2173 803/2184 730/2164
f 803/2184 732/2173 808/2195
f 1136/1876 1081/1874 1103/1887
f 1081/1874 1136/1876 1115/1861
f 1176/1877 1152/1862 1170/1868
f 1152/1862 1176/1877 1155/1870
f 1115/1861 1027/1859 1081/1874
f 1027/1859 1115/1861 1078/1853
f 1183/1884 1170/1868 1181/1889
f 1170/1868 1183/1884 1176/1877
f 875/1923 930/1909 872/1917
f 930/1909 875/1923 934/1922
f 1170/1868 1166/1883 1181/1889
f 1166/1883 1170/1868 1164/1867
f 1136/1876 1110/1895 1144/1888
f 1110/1895 1136/1876 1103/1887
f 643/2165 732/2173 641/2153
f 732/2173 643/2165 739/2185
f 811/2208 872/2219 808/2195
f 872/2219 811/2208 875/2232
f 1103/1887 1044/1903 1110/1895
f 1044/1903 1103/1887 1039/1901
f 739/2185 808/2195 732/2173
f 808/2195 739/2185 811/2208
f 1436/841 1437/842 1444/837
f 1445/838 1444/837 1437/842
f 1166/1883 1136/1876 1144/1888
f 1136/1876 1166/1883 1164/1867
f 1044/1903 986/1910 996/1924
f 986/1910 1044/1903 1039/1901
f 934/1922 986/1910 930/1909
f 986/1910 934/1922 996/1924
f 643/2165 641/2153 561/2095
f 1411/652 1412/653 1281/654
f 1281/654 1413/655 1532/656
f 1268/657 1235/658 1262/659
f 1262/659 1267/660 1268/657
f 1532/656 1282/661 1281/654
f 1411/652 1531/662 1532/656
f 1551/663 1543/664 1542/665
f 1542/665 1550/666 1551/663
f 1532/656 1413/655 1411/652
f 1235/458 1268/459 1256/460
f 1271/461 1257/462 1261/463
f 1271/461 1236/464 1257/462
f 1282/465 1532/466 1285/467
f 1535/468 1285/467 1532/466
f 1271/461 1264/469 1268/459
f 1543/470 1551/471 1546/472
f 1597/473 1546/472 1551/471
f 1256/460 1268/459 1260/474
f 1271/461 1261/463 1264/469
f 1260/474 1268/459 1264/469
f 1428/843 1429/844 1436/841
f 1437/842 1436/841 1429/844
f 1278/1229 1279/1230 1276/1231
f 1277/1232 1276/1231 1280/1233
f 1284/1234 1286/1235 1285/1236
f 1287/1237 1285/1236 1286/1235
f 1282/1238 1278/1229 1281/1239
f 1283/1240 1278/1229 1282/1238
f 1288/1241 1283/1240 1285/1236
f 1282/1238 1285/1236 1283/1240
f 1288/1241 1285/1236 1287/1237
f 1278/1229 1283/1240 1280/1233
f 1275/1272 1283/1273 1269/1274
f 1275/1272 1265/1275 1276/1276
f 1539/1277 1526/1278 1540/1279
f 1539/1277 1544/1280 1533/1281
f 1273/1242 1272/1243 1270/1244
f 1270/1244 1271/1245 1273/1242
f 1274/1246 1273/1242 1271/1245
f 1274/1246 1271/1245 1268/1247
f 1268/1247 1267/1248 1265/1249
f 1266/1250 1269/1251 1268/1247
f 1268/1247 1269/1251 1274/1246
f 1269/1298 1283/1299 1274/1300
f 1288/1301 1274/1300 1283/1299
f 1533/1302 1544/1303 1538/1304
f 1549/1305 1538/1304 1544/1303
f 1537/1252 1536/1253 1534/1254
f 1532/1255 1531/1256 1528/1257
f 1533/1258 1532/1255 1528/1257
f 1534/1254 1535/1259 1537/1252
f 1538/1260 1535/1259 1532/1255
f 1538/1260 1537/1252 1535/1259
f 1529/1227 1528/1257 1526/1228
f 1527/1261 1533/1258 1530/1226
f 1532/1255 1533/1258 1538/1260
f 1528/1257 1530/1226 1533/1258
f 1545/1262 1547/1263 1546/1264
f 1548/1265 1546/1264 1547/1263
f 1543/1266 1540/1267 1542/1268
f 1541/1269 1540/1267 1543/1266
f 1549/1270 1544/1271 1546/1264
f 1543/1266 1546/1264 1544/1271
f 1549/1270 1546/1264 1548/1265
f 1273/1282 1274/1283 1287/1284
f 1548/1285 1536/1286 1537/1287
f 1288/1288 1287/1284 1274/1283
f 1272/1289 1273/1282 1286/1290
f 1287/1284 1286/1290 1273/1282
f 1537/1287 1538/1291 1548/1285
f 1549/1292 1548/1285 1538/1291
f 1536/1286 1548/1285 1547/1293
f 1507/757 1472/722 1476/721
f 1472/722 1507/757 1503/759
f 1452/839 1465/767 1444/837
f 1465/767 1452/839 1481/765
f 1495/761 1456/835 1468/833
f 1456/835 1495/761 1491/763
f 1456/835 1481/765 1452/839
f 1481/765 1456/835 1491/763
f 1507/757 1482/728 1509/756
f 1482/728 1507/757 1476/721
f 1428/843 1449/769 1433/771
f 1449/769 1428/843 1436/841
f 1503/759 1468/833 1472/722
f 1468/833 1503/759 1495/761
f 1436/841 1465/767 1449/769
f 1465/767 1436/841 1444/837
f 1528/845 1524/846 1530/752
f 1525/847 1530/752 1524/846
f 293/675 179/680 154/668
f 179/680 293/675 193/681
f 193/681 293/675 216/682
f 216/682 293/675 227/683
f 227/683 293/675 258/684
f 258/684 293/675 269/685
f 269/685 293/675 272/686
f 272/686 293/675 284/687
f 1522/848 1528/845 1523/753
f 1528/845 1529/751 1523/753
f 1514/849 1518/850 1515/851
f 1519/852 1515/851 1518/850
f 1510/853 1514/849 1511/854
f 1515/851 1511/854 1514/849
f 1496/855 1510/853 1497/856
f 1511/854 1497/856 1510/853
f 1497/856 1485/857 1484/858
f 1484/858 1496/855 1497/856
f 1485/857 1459/859 1458/860
f 1458/860 1484/858 1485/857
f 1459/859 1439/861 1438/862
f 1438/862 1458/860 1459/859
f 1518/850 1522/848 1519/852
f 1523/753 1519/852 1522/848
f 1439/861 1423/863 1422/864
f 1422/864 1438/862 1439/861
f 1416/865 1433/771 1421/773
f 1433/771 1416/865 1428/843
f 1328/866 1316/867 1315/868
f 1315/868 1327/869 1328/866
f 1423/863 1402/870 1401/871
f 1401/871 1422/864 1423/863
f 1296/872 1295/873 1291/874
f 1291/874 1292/875 1296/872
f 1304/876 1303/877 1299/878
f 1299/878 1300/879 1304/876
f 1440/880 1441/881 1460/882
f 1461/883 1460/882 1441/881
f 1290/884 1289/885 1293/886
f 1293/886 1294/887 1290/884
f 1390/888 1374/889 1373/890
f 1373/890 1389/891 1390/888
f 1318/892 1317/893 1303/877
f 1303/877 1304/876 1318/892
f 1317/893 1318/892 1329/894
f 1330/895 1329/894 1318/892
f 1298/896 1297/897 1301/898
f 1301/898 1302/899 1298/896
f 1411/952 1413/959 1424/900
f 1425/901 1424/900 1413/959
f 1354/902 1328/866 1327/869
f 1327/869 1353/903 1354/902
f 1302/899 1301/898 1315/868
f 1315/868 1316/867 1302/899
f 1374/889 1354/902 1353/903
f 1353/903 1373/890 1374/889
f 1329/894 1330/895 1355/904
f 1356/905 1355/904 1330/895
f 1279/906 1278/907 1289/885
f 1289/885 1290/884 1280/908
f 1375/909 1376/910 1391/911
f 1392/912 1391/911 1376/910
f 1424/900 1425/901 1440/880
f 1441/881 1440/880 1425/901
f 1355/904 1356/905 1375/909
f 1376/910 1375/909 1356/905
f 1294/887 1293/886 1297/897
f 1297/897 1298/896 1294/887
f 1391/951 1392/958 1411/952
f 1412/953 1411/952 1392/958
f 1460/882 1461/883 1486/913
f 1487/914 1486/913 1461/883
f 1402/870 1390/888 1389/891
f 1389/891 1401/871 1402/870
f 1300/879 1299/878 1295/873
f 1295/873 1296/872 1300/879
f 1486/913 1487/914 1498/915
f 1499/916 1498/915 1487/914
f 1512/917 1498/915 1513/918
f 1499/916 1513/918 1498/915
f 1292/875 1291/874 1278/907
f 1278/907 1280/908 1292/875
f 1516/919 1512/917 1517/920
f 1513/918 1517/920 1512/917
f 1520/921 1516/919 1521/922
f 1517/920 1521/922 1516/919
f 1524/846 1520/921 1525/847
f 1521/922 1525/847 1520/921
f 1523/753 1530/752 1504/815
f 1508/754 1504/815 1530/752
f 1523/753 1500/813 1519/852
f 1500/813 1523/753 1504/815
f 1407/962 1421/773 1410/955
f 1421/773 1407/962 1416/865
f 1387/923 1396/802 1384/786
f 1396/802 1387/923 1399/924
f 1515/851 1488/808 1511/854
f 1488/808 1515/851 1492/811
f 1519/852 1492/811 1515/851
f 1492/811 1519/852 1500/813
f 1497/856 1488/808 1478/807
f 1488/808 1497/856 1511/854
f 1399/961 1410/955 1396/954
f 1410/955 1399/961 1407/962
f 1393/777 1374/889 1390/888
f 1374/889 1393/777 1381/790
f 1462/800 1459/859 1485/857
f 1459/859 1462/800 1446/799
f 1381/790 1354/902 1374/889
f 1354/902 1381/790 1365/789
f 1363/925 1352/830 1336/831
f 1352/830 1363/925 1371/926
f 1371/926 1368/784 1352/830
f 1368/784 1371/926 1379/927
f 1446/799 1439/861 1459/859
f 1439/861 1446/799 1430/806
f 1418/796 1402/870 1423/863
f 1402/870 1418/796 1403/778
f 1359/928 1336/831 1326/779
f 1336/831 1359/928 1363/925
f 1379/927 1384/786 1368/784
f 1384/786 1379/927 1387/923
f 1403/778 1390/888 1402/870
f 1390/888 1403/778 1393/777
f 1485/857 1478/807 1462/800
f 1478/807 1485/857 1497/856
f 1430/806 1423/863 1439/861
f 1423/863 1430/806 1418/796
f 1343/929 1310/820 1339/930
f 1310/820 1343/929 1314/817
f 1359/928 1322/782 1347/931
f 1322/782 1359/928 1326/779
f 1328/866 1333/793 1316/867
f 1333/793 1328/866 1349/804
f 1280/908 1305/821 1292/875
f 1292/875 1305/821 1309/819
f 1331/932 1310/820 1306/822
f 1310/820 1331/932 1339/930
f 1319/827 1294/887 1298/896
f 1294/887 1319/827 1311/826
f 1347/931 1314/817 1343/929
f 1314/817 1347/931 1322/782
f 1311/826 1290/884 1294/887
f 1290/884 1311/826 1307/823
f 1323/792 1298/896 1302/899
f 1298/896 1323/792 1319/827
f 1365/789 1328/866 1354/902
f 1328/866 1365/789 1349/804
f 1316/867 1323/792 1302/899
f 1323/792 1316/867 1333/793
f 1475/956 1483/2412 1477/2413
f 1477/2413 1471/2414 1475/956
f 1469/2415 1455/2416 1467/2417
f 1471/2414 1477/2413 1473/2418
f 1457/2419 1451/2420 1455/2416
f 1467/2417 1471/2414 1469/2415
f 1473/2418 1469/2415 1471/2414
f 1455/2416 1469/2415 1457/2419
f 1453/2421 1443/2422 1451/2420
f 1451/2420 1457/2419 1453/2421
f 1429/2423 1415/2424 1427/2425
f 1443/2422 1453/2421 1445/2426
f 1372/2427 1362/2428 1370/2429
f 1435/2430 1443/2422 1437/2431
f 1445/2426 1437/2431 1443/2422
f 1427/2425 1435/2430 1429/2423
f 1437/2431 1429/2423 1435/2430
f 1415/2424 1429/2423 1417/2432
f 1340/2433 1332/2434 1338/2435
f 1406/2436 1415/2424 1408/2437
f 1417/2432 1408/2437 1415/2424
f 1398/2438 1406/2436 1400/2439
f 1408/2437 1400/2439 1406/2436
f 1386/2440 1398/2438 1388/2441
f 1400/2439 1388/2441 1398/2438
f 1378/2442 1386/2440 1380/2443
f 1388/2441 1380/2443 1386/2440
f 1370/2429 1378/2442 1372/2427
f 1380/2443 1372/2427 1378/2442
f 1362/2428 1372/2427 1364/2444
f 1358/2445 1362/2428 1360/2446
f 1364/2444 1360/2446 1362/2428
f 1346/2447 1358/2445 1348/2448
f 1360/2446 1348/2448 1358/2445
f 1342/2449 1346/2447 1344/2450
f 1348/2448 1344/2450 1346/2447
f 1338/2435 1342/2449 1340/2433
f 1344/2450 1340/2433 1342/2449
f 1290/884 1307/823 1280/908
f 1305/821 1280/908 1307/823
f 1335/832 1330/895 1318/892
f 1330/895 1335/832 1351/829
f 1325/780 1300/879 1321/781
f 1300/879 1325/780 1304/876
f 1345/948 1312/825 1320/828
f 1312/825 1345/948 1341/949
f 1325/780 1318/892 1304/876
f 1318/892 1325/780 1335/832
f 1341/949 1308/824 1312/825
f 1308/824 1341/949 1337/950
f 1321/781 1296/872 1313/818
f 1296/872 1321/781 1300/879
f 1313/818 1292/875 1309/819
f 1292/875 1313/818 1296/872
f 1367/783 1376/910 1356/905
f 1376/910 1367/783 1383/785
f 1357/732 1320/828 1324/791
f 1320/828 1357/732 1345/948
f 1351/829 1356/905 1330/895
f 1356/905 1351/829 1367/783
f 1383/785 1392/912 1376/910
f 1392/912 1383/785 1395/801
f 1337/950 1306/822 1308/824
f 1306/822 1337/950 1331/932
f 1420/772 1441/881 1425/901
f 1441/881 1420/772 1432/770
f 1350/803 1361/733 1334/794
f 1361/733 1350/803 1369/750
f 1413/959 1409/774 1425/901
f 1425/901 1409/774 1420/772
f 1334/794 1357/732 1324/791
f 1357/732 1334/794 1361/733
f 1490/762 1499/916 1480/764
f 1499/916 1490/762 1513/918
f 1448/768 1487/914 1461/883
f 1487/914 1448/768 1464/766
f 1517/920 1490/762 1494/760
f 1490/762 1517/920 1513/918
f 1385/719 1366/788 1382/787
f 1366/788 1385/719 1377/726
f 1377/726 1350/803 1366/788
f 1350/803 1377/726 1369/750
f 1480/764 1487/914 1464/766
f 1487/914 1480/764 1499/916
f 1392/958 1395/957 1413/959
f 1409/774 1413/959 1395/957
f 1432/770 1461/883 1441/881
f 1461/883 1432/770 1448/768
f 1397/720 1382/787 1394/776
f 1382/787 1397/720 1385/719
f 1530/752 1506/755 1508/754
f 1530/752 1525/847 1506/755
f 1521/922 1494/760 1502/758
f 1494/760 1521/922 1517/920
f 1525/847 1502/758 1506/755
f 1502/758 1525/847 1521/922
f 800/104 835/105 735/106
f 721/107 670/108 785/109
f 324/2367 355/2360 314/2369
f 355/2360 324/2367 364/2361
f 366/2178 394/2177 344/2199
f 394/2177 366/2178 408/2159
f 314/2069 350/2074 306/2070
f 350/2074 314/2069 355/2076
f 1174/110 1124/111 1178/112
f 1240/113 1259/114 1219/115
f 328/2368 364/2361 324/2367
f 364/2361 328/2368 380/2362
f 561/2095 536/2094 530/2106
f 1109/116 1037/117 1124/111
f 1203/118 1230/119 1165/120
f 900/121 941/122 852/123
f 889/124 910/125 868/126
f 824/127 785/109 877/128
f 1259/114 1236/129 1263/130
f 1223/131 1178/112 1209/132
f 1223/131 1257/133 1236/129
f 1211/134 1236/129 1226/135
f 1125/136 1171/137 1061/138
f 1005/139 954/140 1037/117
f 306/2070 348/2075 303/2071
f 348/2075 306/2070 350/2074
f 530/2106 520/2093 502/2105
f 520/2093 530/2106 536/2094
f 344/2199 380/2198 328/2223
f 380/2198 344/2199 394/2177
f 926/141 910/125 949/142
f 1006/143 1060/144 949/142
f 917/145 877/128 954/140
f 1242/146 1209/132 1221/96
f 1242/146 1261/147 1257/133
f 502/2105 500/2100 467/2112
f 500/2100 502/2105 520/2093
f 467/2112 476/2104 446/2120
f 476/2104 467/2112 500/2100
f 350/2359 413/2355 348/2364
f 413/2355 350/2359 415/2349
f 353/148 361/149 320/150
f 339/151 331/152 406/153
f 536/2094 534/2082 520/2093
f 534/2082 536/2094 542/2087
f 355/2360 415/2349 350/2359
f 415/2349 355/2360 418/2350
f 149/154 137/155 105/156
f 129/157 137/155 170/158
f 196/159 192/160 162/161
f 202/162 207/163 274/164
f 532/165 578/425 482/427
f 492/424 469/423 574/428
f 215/169 224/170 225/171
f 285/172 291/173 225/171
f 277/174 274/164 331/152
f 371/175 382/176 400/177
f 436/178 453/179 400/177
f 411/180 406/153 469/168
f 666/181 706/182 593/183
f 592/184 574/428 670/108
f 408/2159 440/2158 394/2177
f 440/2158 408/2159 451/2138
f 394/2177 431/2176 380/2198
f 431/2176 394/2177 440/2158
f 561/2095 542/2087 536/2094
f 364/2361 418/2350 355/2360
f 418/2350 364/2361 423/2351
f 446/2120 461/2119 427/2139
f 461/2119 446/2120 476/2104
f 103/185 90/186 75/187
f 83/188 90/186 105/156
f 427/2139 451/2138 408/2159
f 451/2138 427/2139 461/2119
f 380/2362 423/2351 364/2361
f 423/2351 380/2362 431/2356
f 50/189 27/190 24/191
f 11/192 27/190 36/193
f 431/2356 487/2346 423/2351
f 487/2346 431/2356 490/2354
f 423/2351 484/2342 418/2350
f 484/2342 423/2351 487/2346
f 15/194 2/195 17/196
f 67/197 93/198 80/199
f 63/200 33/201 82/202
f 117/203 158/204 111/205
f 418/2350 478/2341 415/2349
f 478/2341 418/2350 484/2342
f 8/206 1/207 10/208
f 54/209 80/199 76/210
f 440/2158 490/2157 431/2176
f 490/2157 440/2158 496/2137
f 500/2100 522/2092 476/2104
f 522/2092 500/2100 528/2086
f 415/2349 474/2345 413/2355
f 474/2345 415/2349 478/2341
f 1346/944 1345/948 1357/732
f 1357/732 1358/731 1346/944
f 51/211 74/212 44/213
f 29/214 5/215 44/213
f 86/216 111/205 93/198
f 60/217 41/218 36/193
f 18/219 41/218 47/220
f 78/221 62/222 47/220
f 45/223 34/224 6/225
f 45/223 62/222 75/187
f 476/2104 512/2103 461/2119
f 512/2103 476/2104 522/2092
f 461/2119 506/2118 451/2138
f 506/2118 461/2119 512/2103
f 451/2138 496/2137 440/2158
f 496/2137 451/2138 506/2118
f 99/226 69/227 128/228
f 172/229 206/230 158/204
f 520/2093 528/2086 500/2100
f 528/2086 520/2093 534/2082
f 542/2087 563/2077 534/2082
f 563/2077 542/2087 562/2088
f 157/231 119/232 190/233
f 222/234 273/235 206/230
f 490/2354 570/2344 487/2346
f 570/2344 490/2354 569/2353
f 528/2086 565/2081 522/2092
f 565/2081 528/2086 564/2079
f 496/2137 569/2147 490/2157
f 569/2147 496/2137 568/2127
f 562/2088 542/2087 561/2095
f 401/236 368/237 435/238
f 397/239 421/240 392/241
f 425/242 384/3 416/243
f 425/242 468/244 390/245
f 390/245 468/244 387/246
f 387/246 468/244 405/247
f 381/2 362/8 384/3
f 506/2118 568/2127 496/2137
f 568/2127 506/2118 567/2111
f 311/4 284/6 292/9
f 191/248 237/249 238/250
f 191/248 238/250 239/251
f 263/252 264/253 288/254
f 1280/908 1279/906 1289/885
f 292/9 263/252 288/254
f 261/255 264/253 263/252
f 191/248 239/251 240/256
f 191/248 240/256 242/257
f 241/258 263/252 265/259
f 1413/959 1412/953 1392/958
f 232/260 253/261 241/258
f 231/262 252/263 232/260
f 229/264 243/265 231/262
f 228/266 242/257 229/264
f 214/267 191/248 242/257
f 289/268 292/9 284/6
f 281/269 284/6 293/270
f 273/235 293/270 294/271
f 273/235 294/271 319/272
f 273/235 319/272 330/273
f 534/2082 564/2079 528/2086
f 564/2079 534/2082 563/2077
f 522/2092 566/2091 512/2103
f 566/2091 522/2092 565/2081
f 405/247 319/272 387/246
f 319/272 405/247 330/273
f 512/2103 567/2111 506/2118
f 567/2111 512/2103 566/2091
f 487/2346 571/2338 484/2342
f 571/2338 487/2346 570/2344
f 484/2342 572/2334 478/2341
f 572/2334 484/2342 571/2338
f 547/66 546/65 584/274
f 581/275 584/274 599/276
f 585/277 599/276 626/278
f 594/279 626/278 673/280
f 610/281 673/280 686/11
f 679/10 669/282 616/283
f 207/475 164/476 195/477
f 1183/478 1224/479 1209/480
f 1178/481 1155/482 1176/483
f 1209/480 1224/479 1221/484
f 1124/485 1054/486 1121/487
f 1224/479 1208/488 1220/489
f 1176/483 1183/478 1178/481
f 1209/480 1178/481 1183/478
f 1183/478 1175/490 1177/491
f 1177/491 1208/488 1183/478
f 574/492 474/493 573/494
f 1121/487 1155/482 1124/485
f 1178/481 1124/485 1155/482
f 1154/495 1120/496 1123/497
f 991/498 1054/486 1037/499
f 1124/485 1037/499 1054/486
f 923/500 991/498 954/501
f 1037/499 954/501 991/498
f 1053/502 990/503 1036/504
f 848/505 923/500 877/506
f 954/501 877/506 923/500
f 990/503 922/507 953/508
f 769/509 848/505 785/510
f 877/506 785/510 848/505
f 922/507 847/511 876/512
f 664/513 769/509 670/514
f 785/510 670/514 769/509
f 847/511 768/515 784/516
f 573/494 664/513 574/492
f 670/514 574/492 664/513
f 768/515 663/517 669/518
f 159/519 114/520 140/521
f 413/522 474/493 469/523
f 574/492 469/523 474/493
f 549/524 473/525 548/526
f 348/527 413/522 406/528
f 469/523 406/528 413/522
f 473/525 412/529 468/530
f 303/531 348/527 331/532
f 406/528 331/532 348/527
f 412/529 347/533 405/534
f 245/535 303/531 274/536
f 331/532 274/536 303/531
f 347/533 302/537 330/538
f 195/477 245/535 207/475
f 274/536 207/475 245/535
f 244/539 194/540 206/541
f 302/537 244/539 273/542
f 140/521 164/476 159/519
f 207/475 159/519 164/476
f 163/543 139/544 158/545
f 106/546 114/520 112/547
f 159/519 112/547 114/520
f 81/548 106/546 94/549
f 112/547 94/549 106/546
f 76/550 106/546 81/548
f 93/551 111/552 106/546
f 1224/479 1183/478 1208/488
f 1123/497 1177/491 1154/495
f 1154/495 1177/491 1175/490
f 1036/504 1123/497 1053/502
f 1053/502 1123/497 1120/496
f 953/508 1036/504 990/503
f 876/512 953/508 922/507
f 784/516 876/512 847/511
f 548/526 669/518 549/524
f 669/518 784/516 768/515
f 549/524 669/518 663/517
f 468/530 548/526 473/525
f 405/534 468/530 412/529
f 330/538 405/534 347/533
f 273/542 330/538 302/537
f 158/545 206/541 163/543
f 206/541 273/542 244/539
f 163/543 206/541 194/540
f 111/552 158/545 113/553
f 113/553 158/545 139/544
f 106/546 76/550 80/554
f 106/546 80/554 93/551
f 113/553 106/546 111/552
f 1218/284 1216/285 1190/50
f 1196/286 1216/285 1225/287
f 1251/90 1260/288 1254/289
f 1255/92 1224/290 1254/289
f 478/2341 573/2337 474/2345
f 573/2337 478/2341 572/2334
f 1416/865 1417/934 1428/843
f 1429/844 1428/843 1417/934
f 583/2083 562/2088 561/2095
f 583/2083 563/2077 562/2088
f 563/2077 583/2083 591/2080
f 1407/962 1408/938 1416/865
f 1417/934 1416/865 1408/938
f 731/2187 643/2165 640/2174
f 643/2165 731/2187 739/2185
f 1434/737 1431/805 1447/798
f 1431/805 1434/737 1426/716
f 871/2230 811/2208 807/2207
f 811/2208 871/2230 875/2232
f 807/2207 739/2185 731/2187
f 739/2185 807/2207 811/2208
f 643/2165 561/2095 640/2174
f 929/1931 875/1923 871/1940
f 875/1923 929/1931 934/1922
f 1110/1895 1038/1911 1102/1904
f 1038/1911 1110/1895 1044/1903
f 1181/1889 1163/1897 1169/1898
f 1163/1897 1181/1889 1166/1883
f 1102/1904 1019/1919 1080/1913
f 1019/1919 1102/1904 1038/1911
f 1183/1884 1169/1898 1175/1905
f 1169/1898 1183/1884 1181/1889
f 640/2174 561/2095 634/2186
f 1144/1888 1102/1904 1135/1896
f 1102/1904 1144/1888 1110/1895
f 969/1925 929/1931 918/1934
f 929/1931 969/1925 985/1918
f 1038/1911 969/1925 1019/1919
f 969/1925 1038/1911 985/1918
f 1135/1896 1080/1913 1114/1912
f 1080/1913 1135/1896 1102/1904
f 1163/1897 1114/1912 1137/1914
f 1114/1912 1163/1897 1135/1896
f 1169/1898 1137/1914 1151/1915
f 1137/1914 1169/1898 1163/1897
f 864/2231 807/2207 802/2211
f 807/2207 864/2231 871/2230
f 985/1918 934/1922 929/1931
f 934/1922 985/1918 996/1924
f 918/1934 871/1940 864/1944
f 871/1940 918/1934 929/1931
f 1399/961 1400/960 1407/962
f 1408/938 1407/962 1400/960
f 802/2211 731/2187 729/2197
f 731/2187 802/2211 807/2207
f 1044/1903 985/1918 1038/1911
f 985/1918 1044/1903 996/1924
f 1166/1883 1135/1896 1163/1897
f 1135/1896 1166/1883 1144/1888
f 729/2197 640/2174 634/2186
f 640/2174 729/2197 731/2187
f 627/2196 561/2095 621/2209
f 1137/1914 1077/1926 1104/1929
f 1077/1926 1137/1914 1114/1912
f 1154/1920 1117/1930 1120/1933
f 1117/1930 1154/1920 1151/1915
f 1442/738 1447/798 1463/797
f 1447/798 1442/738 1434/737
f 843/2236 802/2211 786/2222
f 802/2211 843/2236 864/2231
f 1080/1913 994/1928 1026/1927
f 994/1928 1080/1913 1019/1919
f 771/2235 716/2210 703/2221
f 716/2210 771/2235 786/2222
f 869/2256 843/2236 822/2247
f 843/2236 869/2256 895/2267
f 944/1932 918/1934 895/1941
f 918/1934 944/1932 969/1925
f 895/1941 864/1944 843/1950
f 864/1944 895/1941 918/1934
f 634/2186 561/2095 627/2196
f 914/1942 895/1941 869/1951
f 895/1941 914/1942 944/1932
f 1175/1905 1151/1915 1154/1920
f 1151/1915 1175/1905 1169/1898
f 786/2222 729/2197 716/2210
f 729/2197 786/2222 802/2211
f 1019/1919 944/1932 994/1928
f 944/1932 1019/1919 969/1925
f 1114/1912 1026/1927 1077/1926
f 1026/1927 1114/1912 1080/1913
f 1151/1915 1104/1929 1117/1930
f 1104/1929 1151/1915 1137/1914
f 703/2221 627/2196 621/2209
f 627/2196 703/2221 716/2210
f 1387/923 1388/940 1399/924
f 1400/939 1399/924 1388/940
f 716/2210 634/2186 627/2196
f 634/2186 716/2210 729/2197
f 822/2247 786/2222 771/2235
f 786/2222 822/2247 843/2236
f 950/1937 944/1932 914/1942
f 944/1932 950/1937 994/1928
f 873/1952 869/1951 837/1959
f 869/1951 873/1952 914/1942
f 657/2245 612/2220 604/2233
f 612/2220 657/2245 676/2234
f 745/2246 703/2221 676/2234
f 703/2221 745/2246 771/2235
f 790/2255 771/2235 745/2246
f 771/2235 790/2255 822/2247
f 1026/1927 950/1937 987/1936
f 950/1937 1026/1927 994/1928
f 1053/1943 983/1949 990/1953
f 983/1949 1053/1943 1049/1939
f 1034/1938 958/1945 972/1948
f 958/1945 1034/1938 1012/1935
f 1379/927 1380/941 1387/923
f 1388/940 1387/923 1380/941
f 1049/1939 972/1948 983/1949
f 972/1948 1049/1939 1034/1938
f 612/2220 561/2095 604/2233
f 1012/1935 936/1946 958/1945
f 936/1946 1012/1935 987/1936
f 1077/1926 987/1936 1012/1935
f 987/1936 1077/1926 1026/1927
f 987/1936 907/1947 936/1946
f 907/1947 987/1936 950/1937
f 621/2209 561/2095 612/2220
f 1120/1933 1049/1939 1053/1943
f 1049/1939 1120/1933 1117/1930
f 1104/1929 1012/1935 1034/1938
f 1012/1935 1104/1929 1077/1926
f 907/1947 914/1942 873/1952
f 914/1942 907/1947 950/1937
f 1117/1930 1034/1938 1049/1939
f 1034/1938 1117/1930 1104/1929
f 837/2266 822/2247 790/2255
f 822/2247 837/2266 869/2256
f 676/2234 621/2209 612/2220
f 621/2209 676/2234 703/2221
f 711/2254 676/2234 657/2245
f 676/2234 711/2254 745/2246
f 857/2303 815/2318 880/2324
f 815/2318 857/2303 797/2304
f 747/2285 759/2265 713/2277
f 759/2265 747/2285 793/2278
f 911/1954 845/1961 920/1957
f 845/1961 911/1954 840/1963
f 907/1947 880/1956 936/1946
f 880/1956 907/1947 857/1960
f 972/1948 920/1957 983/1949
f 920/1957 972/1948 911/1954
f 827/2286 837/2266 793/2278
f 837/2266 827/2286 873/2296
f 893/2371 840/2372 911/2373
f 840/2372 893/2371 830/2374
f 604/2233 561/2095 595/2244
f 759/2265 745/2246 711/2254
f 745/2246 759/2265 790/2255
f 880/2375 830/2374 893/2371
f 830/2374 880/2375 815/2377
f 797/2304 827/2286 775/2295
f 827/2286 797/2304 857/2303
f 958/1945 911/1954 972/1948
f 911/1954 958/1945 893/1955
f 775/2295 793/2278 747/2285
f 793/2278 775/2295 827/2286
f 857/2303 873/2296 827/2286
f 873/2296 857/2303 907/2312
f 793/2278 790/2255 759/2265
f 790/2255 793/2278 837/2266
f 920/1957 847/1962 922/1958
f 847/1962 920/1957 845/1961
f 983/1949 922/1958 990/1953
f 922/1958 983/1949 920/1957
f 1463/797 1450/739 1442/738
f 1450/739 1463/797 1479/809
f 630/2253 604/2233 595/2244
f 604/2233 630/2253 657/2245
f 671/2264 657/2245 630/2253
f 657/2245 671/2264 711/2254
f 936/1946 893/1955 958/1945
f 893/1955 936/1946 880/1956
f 713/2277 711/2254 671/2264
f 711/2254 713/2277 759/2265
f 840/2372 766/2379 845/2381
f 766/2379 840/2372 762/2376
f 614/2301 661/2284 606/2293
f 661/2284 614/2301 681/2294
f 624/2310 681/2294 614/2301
f 681/2294 624/2310 709/2302
f 727/2311 644/2323 743/2319
f 644/2323 727/2311 636/2317
f 1371/926 1372/933 1379/927
f 1380/941 1379/927 1372/933
f 709/2302 747/2285 681/2294
f 747/2285 709/2302 775/2295
f 661/2284 671/2264 632/2276
f 671/2264 661/2284 713/2277
f 815/2377 753/2378 830/2374
f 753/2378 815/2377 743/2383
f 608/2263 595/2244 588/2252
f 595/2244 608/2263 630/2253
f 588/2252 561/2095 582/2262
f 1363/925 1364/942 1371/926
f 1372/933 1371/926 1364/942
f 681/2294 713/2277 661/2284
f 713/2277 681/2294 747/2285
f 597/2283 608/2263 590/2275
f 608/2263 597/2283 632/2276
f 830/2374 762/2376 840/2372
f 762/2376 830/2374 753/2378
f 606/2293 632/2276 597/2283
f 632/2276 606/2293 661/2284
f 797/2304 743/2319 815/2318
f 743/2319 797/2304 727/2311
f 709/2302 636/2317 727/2311
f 636/2317 709/2302 624/2310
f 775/2295 727/2311 797/2304
f 727/2311 775/2295 709/2302
f 845/2381 768/2385 847/2389
f 768/2385 845/2381 766/2379
f 590/2275 588/2252 582/2262
f 588/2252 590/2275 608/2263
f 595/2244 561/2095 588/2252
f 632/2276 630/2253 608/2263
f 630/2253 632/2276 671/2264
f 743/2383 651/2384 753/2378
f 651/2384 743/2383 644/2391
f 557/2309 527/2290 521/2300
f 527/2290 557/2309 558/2292
f 762/2376 659/2382 766/2379
f 659/2382 762/2376 655/2380
f 558/2292 590/2275 559/2291
f 590/2275 558/2292 597/2283
f 582/2262 561/2095 560/2274
f 1479/809 1454/740 1450/739
f 1454/740 1479/809 1489/810
f 636/2317 553/2327 644/2323
f 553/2327 636/2317 554/2322
f 644/2391 552/2392 651/2384
f 552/2392 644/2391 553/2396
f 753/2378 655/2380 762/2376
f 655/2380 753/2378 651/2384
f 655/2380 550/2388 659/2382
f 550/2388 655/2380 551/2387
f 614/2301 557/2309 556/2315
f 557/2309 614/2301 606/2293
f 624/2310 554/2322 636/2317
f 554/2322 624/2310 555/2316
f 659/2382 549/2390 663/2386
f 549/2390 659/2382 550/2388
f 561/2095 541/2273 560/2274
f 559/2291 541/2273 533/2282
f 541/2273 559/2291 560/2274
f 555/2316 614/2301 556/2315
f 614/2301 555/2316 624/2310
f 590/2275 560/2274 559/2291
f 560/2274 590/2275 582/2262
f 606/2293 558/2292 557/2309
f 558/2292 606/2293 597/2283
f 558/2292 533/2282 527/2290
f 533/2282 558/2292 559/2291
f 766/2379 663/2386 768/2385
f 663/2386 766/2379 659/2382
f 651/2384 551/2387 655/2380
f 551/2387 651/2384 552/2392
f 555/2316 495/2326 554/2322
f 495/2326 555/2316 505/2314
f 533/2282 535/2261 519/2272
f 535/2261 533/2282 541/2273
f 1360/943 1359/928 1347/931
f 1347/931 1348/945 1360/943
f 527/2290 519/2272 499/2281
f 519/2272 527/2290 533/2282
f 486/2397 417/2398 483/2393
f 417/2398 486/2397 422/2402
f 550/2388 473/2395 549/2390
f 473/2395 550/2388 477/2394
f 553/2396 486/2397 552/2392
f 486/2397 553/2396 489/2401
f 552/2392 483/2393 551/2387
f 483/2393 552/2392 486/2397
f 555/2316 511/2308 505/2314
f 511/2308 555/2316 556/2315
f 556/2315 521/2300 511/2308
f 521/2300 556/2315 557/2309
f 561/2095 535/2261 541/2273
f 521/2300 499/2281 475/2289
f 499/2281 521/2300 527/2290
f 505/2314 460/2299 450/2307
f 460/2299 505/2314 511/2308
f 505/2314 439/2321 495/2326
f 439/2321 505/2314 450/2307
f 495/2326 430/2328 489/2329
f 430/2328 495/2326 439/2321
f 511/2308 475/2289 460/2299
f 475/2289 511/2308 521/2300
f 489/2401 422/2402 486/2397
f 422/2402 489/2401 430/2406
f 554/2322 489/2329 553/2327
f 489/2329 554/2322 495/2326
f 483/2393 414/2399 477/2394
f 414/2399 483/2393 417/2398
f 477/2394 412/2400 473/2395
f 412/2400 477/2394 414/2399
f 1364/942 1363/925 1359/928
f 1359/928 1360/943 1364/942
f 551/2387 477/2394 550/2388
f 477/2394 551/2387 483/2393
f 519/2272 529/2251 501/2260
f 529/2251 519/2272 535/2261
f 501/2260 523/2243 479/2250
f 523/2243 501/2260 529/2251
f 561/2095 523/2243 529/2251
f 422/2402 354/2403 417/2398
f 354/2403 422/2402 363/2407
f 407/2298 395/2279 365/2287
f 395/2279 407/2298 426/2288
f 417/2398 349/2404 414/2399
f 349/2404 417/2398 354/2403
f 393/2306 365/2287 343/2305
f 365/2287 393/2306 407/2298
f 393/2306 327/2320 379/2325
f 327/2320 393/2306 343/2305
f 460/2299 445/2280 426/2288
f 445/2280 460/2299 475/2289
f 561/2095 529/2251 535/2261
f 414/2399 347/2405 412/2400
f 347/2405 414/2399 349/2404
f 430/2406 363/2407 422/2402
f 363/2407 430/2406 379/2409
f 475/2289 466/2271 445/2280
f 466/2271 475/2289 499/2281
f 450/2307 393/2306 439/2321
f 393/2306 450/2307 407/2298
f 439/2321 379/2325 430/2328
f 379/2325 439/2321 393/2306
f 466/2271 479/2250 448/2259
f 479/2250 466/2271 501/2260
f 445/2280 448/2259 419/2270
f 448/2259 445/2280 466/2271
f 426/2288 419/2270 395/2279
f 419/2270 426/2288 445/2280
f 450/2307 426/2288 407/2298
f 426/2288 450/2307 460/2299
f 499/2281 501/2260 466/2271
f 501/2260 499/2281 519/2272
f 343/1981 295/1969 327/1980
f 295/1969 343/1981 316/1975
f 365/2287 357/2269 332/2297
f 357/2269 365/2287 395/2279
f 305/2017 244/2016 302/2032
f 244/2016 305/2017 250/2003
f 327/1980 270/1974 323/1989
f 270/1974 327/1980 295/1969
f 561/2095 507/2218 513/2229
f 1493/812 1454/740 1489/810
f 1454/740 1493/812 1466/743
f 428/2249 454/2228 409/2241
f 454/2228 428/2249 464/2242
f 395/2279 398/2258 357/2269
f 398/2258 395/2279 419/2270
f 561/2095 491/2171 493/2183
f 561/2095 513/2229 523/2243
f 354/2023 305/2017 349/2033
f 305/2017 354/2023 313/2004
f 343/2305 332/2297 316/2313
f 332/2297 343/2305 365/2287
f 479/2250 513/2229 464/2242
f 513/2229 479/2250 523/2243
f 363/2407 313/2408 354/2403
f 313/2408 363/2407 323/2410
f 313/2004 250/2003 305/2017
f 250/2003 313/2004 259/1987
f 379/2409 323/2410 363/2407
f 323/2410 379/2409 327/2411
f 323/1989 259/1987 313/2004
f 259/1987 323/1989 270/1974
f 1348/945 1347/931 1343/929
f 1343/929 1344/947 1348/945
f 464/2242 507/2218 454/2228
f 507/2218 464/2242 513/2229
f 398/2258 409/2241 369/2248
f 409/2241 398/2258 428/2249
f 349/2033 302/2032 347/2044
f 302/2032 349/2033 305/2017
f 419/2270 428/2249 398/2258
f 428/2249 419/2270 448/2259
f 448/2259 464/2242 428/2249
f 464/2242 448/2259 479/2250
f 246/1964 187/1965 219/1966
f 187/1965 246/1964 212/1967
f 357/2269 369/2248 337/2257
f 369/2248 357/2269 398/2258
f 309/1983 321/1996 286/1982
f 321/1996 309/1983 337/1998
f 250/2003 194/2002 244/2016
f 194/2002 250/2003 197/1986
f 332/1991 337/1998 309/1983
f 337/1998 332/1991 357/2008
f 259/1987 197/1986 250/2003
f 197/1986 259/1987 208/1972
f 316/1975 309/1983 278/1970
f 309/1983 316/1975 332/1991
f 316/1975 246/1964 295/1969
f 246/1964 316/1975 278/1970
f 295/1969 219/1966 270/1974
f 219/1966 295/1969 246/1964
f 409/2241 443/2217 403/2227
f 443/2217 409/2241 454/2228
f 1501/814 1466/743 1493/812
f 1466/743 1501/814 1470/747
f 369/2248 403/2227 351/2240
f 403/2227 369/2248 409/2241
f 337/2257 351/2240 321/2268
f 351/2240 337/2257 369/2248
f 561/2095 503/2205 507/2218
f 208/1972 165/1978 197/1986
f 165/1978 208/1972 175/1968
f 454/2228 503/2205 443/2217
f 503/2205 454/2228 507/2218
f 219/1966 175/1968 208/1972
f 175/1968 219/1966 187/1965
f 197/1986 163/1993 194/2002
f 163/1993 197/1986 165/1978
f 1344/947 1343/929 1339/930
f 1339/930 1340/935 1344/947
f 278/1970 212/1967 246/1964
f 212/1967 278/1970 235/1976
f 278/1970 286/1982 235/1976
f 286/1982 278/1970 309/1983
f 270/1974 208/1972 259/1987
f 208/1972 270/1974 219/1966
f 175/1968 141/1979 165/1978
f 141/1979 175/1968 150/1973
f 443/2217 497/2194 437/2204
f 497/2194 443/2217 503/2205
f 561/2095 493/2183 497/2194
f 340/2239 385/2215 335/2238
f 385/2215 340/2239 388/2216
f 561/2095 497/2194 503/2205
f 165/1978 139/1994 163/1993
f 139/1994 165/1978 141/1979
f 321/1996 340/2010 307/2006
f 340/2010 321/1996 351/2018
f 437/2204 493/2183 433/2193
f 493/2183 437/2204 497/2194
f 351/2240 388/2216 340/2239
f 388/2216 351/2240 403/2227
f 235/1976 185/1977 212/1967
f 185/1977 235/1976 217/1990
f 403/2227 437/2204 388/2216
f 437/2204 403/2227 443/2217
f 187/1965 150/1973 175/1968
f 150/1973 187/1965 167/1971
f 286/1982 217/1990 235/1976
f 217/1990 286/1982 266/1997
f 1340/935 1339/930 1331/932
f 1331/932 1332/936 1340/935
f 388/2216 433/2193 385/2215
f 433/2193 388/2216 437/2204
f 307/2006 335/2019 298/2011
f 335/2019 307/2006 340/2010
f 266/1997 298/2011 248/2012
f 298/2011 266/1997 307/2006
f 266/1997 203/2007 217/1990
f 203/2007 266/1997 248/2012
f 286/1982 307/2006 266/1997
f 307/2006 286/1982 321/1996
f 217/1990 177/1992 185/1977
f 177/1992 217/1990 203/2007
f 212/1967 167/1971 187/1965
f 167/1971 212/1967 185/1977
f 203/2007 171/2009 177/1992
f 171/2009 203/2007 201/2020
f 150/1973 121/1988 141/1979
f 121/1988 150/1973 131/1985
f 185/1977 152/1984 167/1971
f 152/1984 185/1977 177/1992
f 177/1992 147/1999 152/1984
f 147/1999 177/1992 171/2009
f 141/1979 113/1995 139/1994
f 113/1995 141/1979 121/1988
f 121/1988 106/2005 113/1995
f 106/2005 121/1988 109/2001
f 385/2215 432/2192 383/2214
f 432/2192 385/2215 433/2193
f 561/2095 494/2163 491/2171
f 433/2193 491/2171 432/2192
f 491/2171 433/2193 493/2183
f 152/1984 126/2000 131/1985
f 126/2000 152/1984 147/1999
f 491/2171 434/2182 432/2192
f 434/2182 491/2171 494/2163
f 432/2192 386/2203 383/2214
f 386/2203 432/2192 434/2182
f 335/2238 383/2214 333/2237
f 383/2214 335/2238 385/2215
f 298/2011 333/2025 297/2024
f 333/2025 298/2011 335/2019
f 167/1971 131/1985 150/1973
f 131/1985 167/1971 152/1984
f 1332/936 1331/932 1337/950
f 1337/950 1338/937 1332/936
f 248/2012 297/2024 234/2026
f 297/2024 248/2012 298/2011
f 131/1985 109/2001 121/1988
f 109/2001 131/1985 126/2000
f 333/2025 299/2037 297/2024
f 299/2037 333/2025 336/2045
f 248/2012 201/2020 203/2007
f 201/2020 248/2012 234/2026
f 383/2214 336/2226 333/2237
f 336/2226 383/2214 386/2203
f 204/2027 171/2009 201/2020
f 171/2009 204/2027 178/2021
f 249/2034 201/2020 234/2026
f 201/2020 249/2034 204/2027
f 297/2024 249/2034 234/2026
f 249/2034 297/2024 299/2037
f 1505/816 1470/747 1501/814
f 1470/747 1505/816 1474/727
f 153/2013 126/2000 147/1999
f 126/2000 153/2013 132/2014
f 494/2163 438/2170 434/2182
f 438/2170 494/2163 498/2151
f 561/2095 498/2151 494/2163
f 336/2045 308/2048 299/2037
f 308/2048 336/2045 341/2054
f 561/2095 504/2142 498/2151
f 386/2203 341/2213 336/2226
f 341/2213 386/2203 389/2191
f 171/2009 153/2013 147/1999
f 153/2013 171/2009 178/2021
f 434/2182 389/2191 386/2203
f 389/2191 434/2182 438/2170
f 218/2035 178/2021 204/2027
f 178/2021 218/2035 186/2028
f 168/2029 132/2014 153/2013
f 132/2014 168/2029 151/2030
f 267/2038 204/2027 249/2034
f 204/2027 267/2038 218/2035
f 122/2015 106/2005 109/2001
f 106/2005 122/2015 114/2022
f 151/2030 122/2015 132/2014
f 122/2015 151/2030 142/2031
f 142/2031 114/2022 122/2015
f 114/2022 142/2031 140/2036
f 186/2028 153/2013 178/2021
f 153/2013 186/2028 168/2029
f 132/2014 109/2001 126/2000
f 109/2001 132/2014 122/2015
f 299/2037 267/2038 249/2034
f 267/2038 299/2037 308/2048
f 561/2095 508/2130 504/2142
f 504/2142 455/2150 444/2162
f 455/2150 504/2142 508/2130
f 247/2049 188/2041 213/2039
f 188/2041 247/2049 220/2051
f 220/2051 176/2042 188/2041
f 176/2042 220/2051 209/2052
f 444/2162 410/2169 404/2181
f 410/2169 444/2162 455/2150
f 438/2170 404/2181 389/2191
f 404/2181 438/2170 444/2162
f 166/2043 140/2036 142/2031
f 140/2036 166/2043 164/2047
f 188/2041 151/2030 168/2029
f 151/2030 188/2041 176/2042
f 404/2181 370/2180 352/2202
f 370/2180 404/2181 410/2169
f 279/2050 213/2039 236/2040
f 213/2039 279/2050 247/2049
f 287/2046 279/2050 236/2040
f 279/2050 287/2046 310/2056
f 341/2054 322/2055 308/2048
f 322/2055 341/2054 352/2063
f 389/2191 352/2202 341/2213
f 352/2202 389/2191 404/2181
f 308/2048 287/2046 267/2038
f 287/2046 308/2048 322/2055
f 287/2046 218/2035 267/2038
f 218/2035 287/2046 236/2040
f 236/2040 186/2028 218/2035
f 186/2028 236/2040 213/2039
f 176/2042 142/2031 151/2030
f 142/2031 176/2042 166/2043
f 498/2151 444/2162 438/2170
f 444/2162 498/2151 504/2142
f 1338/937 1337/950 1341/949
f 1341/949 1342/946 1338/937
f 352/2202 338/2201 322/2225
f 338/2201 352/2202 370/2180
f 213/2039 168/2029 186/2028
f 168/2029 213/2039 188/2041
f 322/2055 310/2056 287/2046
f 310/2056 322/2055 338/2064
f 358/2179 366/2178 334/2200
f 366/2178 358/2179 396/2160
f 198/2053 164/2047 166/2043
f 164/2047 198/2053 195/2057
f 209/2052 166/2043 176/2042
f 166/2043 209/2052 198/2053
f 1509/756 1474/727 1505/816
f 1474/727 1509/756 1482/728
f 410/2169 399/2161 370/2180
f 399/2161 410/2169 429/2149
f 455/2150 429/2149 410/2169
f 429/2149 455/2150 465/2141
f 310/2056 317/2059 279/2050
f 317/2059 310/2056 334/2065
f 1342/946 1341/949 1345/948
f 1345/948 1346/944 1342/946
f 508/2130 465/2141 455/2150
f 465/2141 508/2130 514/2122
f 465/2141 449/2129 429/2149
f 449/2129 465/2141 480/2121
f 338/2064 334/2065 310/2056
f 334/2065 338/2064 358/2072
f 370/2180 358/2179 338/2201
f 358/2179 370/2180 399/2161
f 271/2060 209/2052 220/2051
f 209/2052 271/2060 260/2061
f 260/2061 198/2053 209/2052
f 198/2053 260/2061 251/2062
f 251/2062 195/2057 198/2053
f 195/2057 251/2062 245/2066
f 561/2095 524/2113 514/2122
f 514/2122 480/2121 465/2141
f 480/2121 514/2122 524/2113
f 296/2058 220/2051 247/2049
f 220/2051 296/2058 271/2060
f 561/2095 514/2122 508/2130
f 429/2149 420/2140 399/2161
f 420/2140 429/2149 449/2129
f 399/2161 396/2160 358/2179
f 396/2160 399/2161 420/2140
f 317/2059 247/2049 279/2050
f 247/2049 317/2059 296/2058
f 396/2160 408/2159 366/2178
f 408/2159 396/2160 427/2139
f 561/2095 530/2106 524/2113
f 260/2061 306/2070 251/2062
f 306/2070 260/2061 314/2069
f 449/2129 446/2120 420/2140
f 446/2120 449/2129 467/2112
f 420/2140 427/2139 396/2160
f 427/2139 420/2140 446/2120
f 271/2060 314/2069 260/2061
f 314/2069 271/2060 324/2067
f 317/2059 328/2068 296/2058
f 328/2068 317/2059 344/2073
f 296/2058 324/2067 271/2060
f 324/2067 296/2058 328/2068
f 251/2062 303/2071 245/2066
f 303/2071 251/2062 306/2070
f 524/2113 502/2105 480/2121
f 502/2105 524/2113 530/2106
f 334/2200 344/2199 317/2224
f 344/2199 334/2200 366/2178
f 480/2121 467/2112 449/2129
f 467/2112 480/2121 502/2105
f 25/688 28/689 14/690
f 25/688 23/691 37/692
f 38/693 32/694 37/692
f 38/693 39/695 58/696
f 58/696 39/695 42/669
f 58/696 42/669 65/697
f 65/697 42/669 71/698
f 71/698 42/669 85/699
f 85/699 42/669 98/700
f 98/700 42/669 107/701
f 107/701 42/669 138/702
f 138/702 42/669 154/668
f 31/703 28/689 32/694
f 88 116 32
f 88 58 156
f 97/603 79/604 115/605
f 123/606 125/607 108/608
f 123/606 115/605 116/609
f 144/610 156/611 124/612
f 125/607 156/611 143/613
f 143/613 156/611 161/614
f 161/614 156/611 160/615
f 161/614 160/615 174/616
f 161/614 174/616 181/617
f 181/617 174/616 184/618
f 181/617 184/618 211/619
f 211/619 184/618 205/620
f 211/619 205/620 221/621
f 211/619 221/621 233/622
f 233/622 221/621 254/623
f 233/622 254/623 276/624
f 275/625 300/626 276/624
f 276/624 254/623 275/625
f 276/624 300/626 304/627
f 304/627 300/626 318/628
f 304/627 318/628 326/629
f 326/629 318/628 329/630
f 326/629 329/630 346/631
f 346/631 329/630 342/632
f 346/631 342/632 360/633
f 346/631 360/633 367/634
f 367/634 360/633 376/635
f 367/634 376/635 390/636
f 390/636 376/635 378/637
f 390/636 378/637 384/638
f 368/1670 133/1671 130/1672
f 133/1671 368/1670 373/1673
f 368/1670 374/1674 373/1673
f 375/1675 373/1673 374/1674
f 130 116 115
f 116 130 133
f 242/1676 240/1677 20/1678
f 19/1679 20/1678 240/1677
f 238/1681 237/1682 19/1679
f 239/1680 238/1681 19/1679
f 240/1677 239/1680 19/1679
f 19 31 20
f 32 20 31
f 1279/1230 1280/1233 1276/1231
f 261 263 262
f 261 262 264
f 262 288 264
f 292 288 262
f 362/1685 373/1684 372/1686
f 375/1688 372/1686 373/1684
f 1240/113 1217/291 1226/135
f 1174/110 1217/291 1191/292
f 917/145 965/293 910/125
f 1006/143 965/293 1002/294
f 103/185 112/295 118/296
f 83/188 70/297 34/224
f 50/189 76/210 55/298
f 11/192 3/299 1/207
f 117/203 89/300 104/301
f 63/200 89/300 74/212
f 54/209 26/302 35/303
f 8/206 26/302 24/191
f 1218/284 1229/41 1258/98
f 1196/286 1177/304 1173/305
f 721/107 764/306 683/307
f 800/104 764/306 812/308
f 824/127 867/309 812/308
f 900/121 867/309 910/125
f 339/151 345/310 315/311
f 353/148 345/310 382/176
f 492/167 518/312 459/313
f 532/165 518/429 576/314
f 277/174 282/315 224/170
f 285/172 282/315 315/311
f 411/180 424/316 382/176
f 436/178 424/316 459/313
f 592/184 623/317 576/314
f 666/181 623/317 683/307
f 67/197 40/318 46/319
f 15/194 40/318 35/303
f 86/216 61/320 74/212
f 29/214 61/320 46/319
f 60/217 81/321 68/322
f 18/219 6/225 3/299
f 78/221 94/323 87/324
f 1182/46 1204/42 1202/325
f 1140/49 1123/326 1108/327
f 1203/118 1159/328 1191/292
f 1109/116 1159/328 1113/329
f 1005/139 1063/330 1002/294
f 1125/136 1063/330 1113/329
f 149/154 159/331 173/332
f 129/157 120/333 70/297
f 202/162 200/334 170/158
f 196/159 200/334 224/170
f 172/229 136/335 169/336
f 99/226 136/335 104/301
f 222/234 189/337 223/338
f 157/231 189/337 169/336
f 442/339 421/240 458/340
f 375 374 368
f 402/341 375/342 401/236
f 362/1685 372/1686 375/1688
f 397/239 362/8 375/342
f 1214/343 1190/50 1202/325
f 1160/344 1190/50 1173/305
f 462/345 458/340 472/346
f 456/54 458/340 435/238
f 1206/347 1225/287 1210/101
f 1249/97 1225/287 1239/348
f 699/349 683/307 735/106
f 678/350 683/307 646/351
f 799/352 812/308 773/353
f 821/354 812/308 852/123
f 1207/355 1226/135 1197/356
f 1250/357 1226/135 1236/129
f 1215/358 1191/292 1219/115
f 1161/359 1191/292 1141/360
f 1024/361 1002/294 1061/138
f 976/362 1002/294 957/363
f 301/364 315/311 320/150
f 325/365 315/311 312/366
f 391/367 382/176 377/368
f 92/369 105/156 100/370
f 135/371 105/156 118/296
f 256/372 224/170 226/373
f 457/374 459/313 482/166
f 463/375 459/313 447/376
f 575/377 576/314 531/378
f 577/379 576/314 593/183
f 52/380 75/187 64/381
f 96/382 75/187 87/324
f 7/383 24/191 9/384
f 48/385 24/191 49/386
f 57/387 36/193 55/298
f 13/388 36/193 16/389
f 21/390 46/319 17/196
f 72/391 46/319 77/392
f 56/393 35/303 59/394
f 12/395 35/303 10/208
f 91/396 104/301 82/202
f 134/397 104/301 148/398
f 95/399 74/212 102/400
f 73/401 47/220 68/322
f 22/402 47/220 30/403
f 214/267 223/338 190/233
f 255/404 223/338 283/405
f 1148/406 1113/329 1165/120
f 1092/407 1113/329 1047/408
f 183/409 170/158 173/332
f 146/410 170/158 162/161
f 145/411 169/336 128/228
f 182/412 169/336 199/413
f 289/268 283/405 223/338
f 280/414 283/405 281/269
f 441/415 416/243 442/339
f 392/241 416/243 384/3
f 1153/44 1168/21 1204/42
f 1099/416 1133/45 1108/327
f 481/57 472/346 458/340
f 471/417 472/346 516/58
f 1145/418 1112/26 1126/24
f 1090/419 1112/26 1099/416
f 516/58 472/346 545/51
f 509/60 468/244 516/58
f 510/62 468/244 509/60
f 509/60 516/58 537/59
f 1090/419 1036/39 1094/25
f 1094/25 1122/28 1126/24
f 510/62 509/60 538/61
f 515/64 468/244 510/62
f 1093/27 1094/25 1036/39
f 1093/27 1111/30 1122/28
f 515/64 510/62 543/63
f 517/68 468/244 515/64
f 1089/29 1093/27 1036/39
f 1089/29 1100/32 1111/30
f 517/68 515/64 546/65
f 517/68 548/67 468/244
f 547/66 517/68 546/65
f 581/275 548/67 547/66
f 1065/31 1089/29 1036/39
f 1065/31 1062/34 1100/32
f 581/275 547/66 584/274
f 585/277 548/67 581/275
f 37/692 23/691 39/695
f 37/692 32/694 28/689
f 110/639 115/605 123/606
f 124/612 125/607 123/606
f 1046/33 1065/31 1036/39
f 1046/33 1023/36 1062/34
f 585/277 581/275 599/276
f 594/279 548/67 585/277
f 1253/94 1264/93 1261/147
f 1253/94 1221/96 1224/290
f 1222/102 1235/99 1256/88
f 1222/102 1208/103 1177/304
f 1232/420 1257/133 1223/131
f 1211/134 1178/112 1223/131
f 1254/289 1260/288 1264/93
f 1254/289 1224/290 1220/91
f 1241/89 1256/88 1260/288
f 1241/89 1220/91 1208/103
f 1252/95 1261/147 1242/146
f 1232/420 1209/132 1242/146
f 124/612 123/606 116/609
f 124/612 156/611 125/607
f 38/693 37/692 39/695
f 43/704 32/694 38/693
f 1251/90 1241/89 1260/288
f 1251/90 1254/289 1220/91
f 1252/95 1253/94 1261/147
f 1252/95 1242/146 1221/96
f 1231/87 1241/89 1208/103
f 1231/87 1222/102 1256/88
f 1232/420 1223/131 1209/132
f 1232/420 1242/146 1257/133
f 1255/92 1253/94 1224/290
f 1255/92 1254/289 1264/93
f 1210/101 1222/102 1177/304
f 1210/101 1225/287 1235/99
f 1211/134 1223/131 1236/129
f 1207/355 1178/112 1211/134
f 97/711 108/709 53/706
f 14/712 4/707 53/706
f 14/712 53/706 23/710
f 14/690 28/689 4/705
f 97/711 53/706 79/708
f 110/639 108/608 97/603
f 1031/35 1046/33 1036/39
f 1031/35 1008/38 1023/36
f 594/279 585/277 626/278
f 610/281 548/67 594/279
f 281/269 293/270 273/235
f 281/269 283/405 284/6
f 110/639 97/603 115/605
f 110/639 123/606 108/608
f 25/688 14/690 23/691
f 25/688 37/692 28/689
f 1021/37 1031/35 1036/39
f 980/73 1008/38 1021/37
f 441/415 468/244 425/242
f 425/242 390/245 384/3
f 980/73 1021/37 953/40
f 980/73 998/72 1008/38
f 610/281 594/279 673/280
f 616/283 548/67 610/281
f 974/71 980/73 953/40
f 974/71 966/75 998/72
f 616/283 610/281 686/11
f 616/283 669/282 548/67
f 701/13 669/282 679/10
f 679/10 616/283 686/11
f 961/74 974/71 953/40
f 961/74 927/77 966/75
f 701/13 679/10 725/12
f 726/15 669/282 701/13
f 939/76 961/74 953/40
f 939/76 913/79 927/77
f 726/15 701/13 770/14
f 749/17 669/282 726/15
f 933/78 939/76 953/40
f 892/83 913/79 933/78
f 892/83 933/78 876/80
f 892/83 888/82 913/79
f 751/18 810/16 813/86
f 751/18 784/20 669/282
f 749/17 726/15 810/16
f 749/17 751/18 669/282
f 43 58 88
f 144 116 88
f 883/81 892/83 876/80
f 883/81 851/85 888/82
f 801/19 751/18 813/86
f 820/421 784/20 801/19
f 866/84 883/81 876/80
f 820/421 851/85 866/84
f 820/421 801/19 851/85
f 820/421 866/84 784/20
f 43/704 38/693 58/696
f 43 88 32
f 144 88 156
f 144/610 124/612 116/609
f 320/150 361/149 291/173
f 320/150 315/311 345/310
f 949/142 910/125 965/293
f 949/142 1060/144 941/122
f 735/106 835/105 706/182
f 735/106 683/307 764/306
f 482/427 578/425 453/426
f 482/166 459/313 518/312
f 1165/120 1230/119 1171/137
f 1165/120 1113/329 1159/328
f 852/123 941/122 835/105
f 852/123 812/308 867/309
f 146/410 120/333 129/157
f 100/370 137/155 129/157
f 162/161 192/160 120/333
f 162/161 170/158 200/334
f 128/228 69/227 119/232
f 128/228 169/336 136/335
f 17/196 2/195 5/215
f 17/196 46/319 40/318
f 22/402 6/225 18/219
f 16/389 41/218 18/219
f 593/183 706/182 578/425
f 593/183 576/314 623/317
f 1219/115 1259/114 1230/119
f 1219/115 1191/292 1217/291
f 92/369 70/297 83/188
f 64/381 90/186 83/188
f 82/202 33/201 69/227
f 82/202 104/301 89/300
f 1214/343 1229/41 1218/284
f 1239/348 1216/285 1218/284
f 44/213 74/212 61/320
f 44/213 5/215 33/201
f 30/403 62/222 45/223
f 52/380 34/224 45/223
f 400/177 382/176 424/316
f 400/177 453/179 361/149
f 13/388 3/299 11/192
f 9/384 27/190 11/192
f 10/208 1/207 2/195
f 10/208 35/303 26/302
f 225/171 224/170 282/315
f 225/171 291/173 192/160
f 1061/138 1171/137 1060/144
f 1061/138 1002/294 1063/330
f 190/233 119/232 191/248
f 190/233 223/338 189/337
f 435/238 368/237 452/55
f 435/238 458/340 421/240
f 900/121 852/123 867/309
f 926/141 941/122 900/121
f 436/178 400/177 424/316
f 457/374 453/179 436/178
f 666/181 593/183 623/317
f 699/349 706/182 666/181
f 1125/136 1061/138 1063/330
f 1148/406 1171/137 1125/136
f 353/148 320/150 345/310
f 371/175 361/149 353/148
f 157/231 190/233 189/337
f 145/411 119/232 157/231
f 1240/113 1219/115 1217/291
f 1250/357 1259/114 1240/113
f 285/172 225/171 282/315
f 301/364 291/173 285/172
f 63/200 82/202 89/300
f 51/211 33/201 63/200
f 64/381 83/188 34/224
f 64/381 75/187 90/186
f 1239/348 1218/284 1258/98
f 1239/348 1225/287 1216/285
f 1203/118 1165/120 1159/328
f 1215/358 1230/119 1203/118
f 99/226 128/228 136/335
f 91/396 69/227 99/226
f 1202/325 1204/42 1229/41
f 1202/325 1190/50 1158/47
f 100/370 129/157 70/297
f 100/370 105/156 137/155
f 1006/143 949/142 965/293
f 1024/361 1060/144 1006/143
f 800/104 735/106 764/306
f 821/354 835/105 800/104
f 532/165 482/427 518/429
f 577/379 578/425 532/165
f 8/206 10/208 26/302
f 7/383 1/207 8/206
f 9/384 11/192 1/207
f 9/384 24/191 27/190
f 15/194 17/196 40/318
f 12/395 2/195 15/194
f 16/389 18/219 3/299
f 16/389 36/193 41/218
f 29/214 44/213 61/320
f 21/390 5/215 29/214
f 30/403 45/223 6/225
f 30/403 47/220 62/222
f 196/159 162/161 200/334
f 215/169 192/160 196/159
f 49/386 26/302 54/209
f 56/393 80/199 54/209
f 55/298 76/210 81/321
f 55/298 36/193 27/190
f 868/126 867/309 824/127
f 799/352 785/109 824/127
f 377/368 345/310 339/151
f 325/365 331/152 339/151
f 59/394 40/318 67/197
f 72/391 93/198 67/197
f 68/322 81/321 94/323
f 68/322 47/220 41/218
f 646/351 623/317 592/184
f 575/377 574/428 592/184
f 1047/408 1063/330 1005/139
f 976/362 954/140 1005/139
f 77/392 61/320 86/216
f 95/399 111/205 86/216
f 199/413 189/337 222/234
f 255/404 273/235 222/234
f 87/324 94/323 112/295
f 87/324 75/187 62/222
f 1141/360 1159/328 1109/116
f 1092/407 1037/117 1109/116
f 148/398 136/335 172/229
f 182/412 206/230 172/229
f 1108/327 1123/326 1036/39
f 1108/327 1133/45 1158/47
f 173/332 159/331 207/163
f 173/332 170/158 137/155
f 1197/356 1217/291 1174/110
f 1161/359 1124/111 1174/110
f 226/373 200/334 202/162
f 183/409 207/163 202/162
f 102/400 89/300 117/203
f 134/397 158/204 117/203
f 118/296 112/295 159/331
f 118/296 105/156 90/186
f 1173/305 1177/304 1123/326
f 1173/305 1190/50 1216/285
f 312/366 282/315 277/174
f 256/372 274/164 277/174
f 447/376 424/316 411/180
f 391/367 406/153 411/180
f 773/353 764/306 721/107
f 678/350 670/108 721/107
f 957/363 965/293 917/145
f 889/124 877/128 917/145
f 531/378 518/429 492/424
f 463/375 469/168 492/167
f 401/236 435/238 421/240
f 401/236 375/342 368/237
f 462/345 468/244 442/339
f 442/339 416/243 421/240
f 59/394 67/197 80/199
f 59/394 35/303 40/318
f 57/387 81/321 60/217
f 60/217 68/322 41/218
f 868/126 910/125 867/309
f 868/126 824/127 877/128
f 1160/344 1123/326 1140/49
f 1140/49 1108/327 1158/47
f 1141/360 1109/116 1124/111
f 1141/360 1191/292 1159/328
f 135/371 159/331 149/154
f 149/154 173/332 137/155
f 226/373 202/162 274/164
f 226/373 224/170 200/334
f 312/366 277/174 331/152
f 312/366 315/311 282/315
f 148/398 172/229 158/204
f 148/398 104/301 136/335
f 646/351 592/184 670/108
f 646/351 683/307 623/317
f 377/368 339/151 406/153
f 377/368 382/176 345/310
f 77/392 86/216 93/198
f 77/392 46/319 61/320
f 73/401 94/323 78/221
f 78/221 87/324 62/222
f 1047/408 1005/139 1037/117
f 1047/408 1113/329 1063/330
f 199/413 222/234 206/230
f 199/413 169/336 189/337
f 447/376 411/180 469/168
f 447/376 459/313 424/316
f 1197/356 1174/110 1178/112
f 1197/356 1226/135 1217/291
f 96/382 112/295 103/185
f 103/185 118/296 90/186
f 102/400 117/203 111/205
f 102/400 74/212 89/300
f 1206/347 1177/304 1196/286
f 1196/286 1173/305 1216/285
f 49/386 54/209 76/210
f 49/386 24/191 26/302
f 531/378 492/424 574/428
f 531/378 576/314 518/429
f 48/385 76/210 50/189
f 50/189 55/298 27/190
f 773/353 721/107 785/109
f 773/353 812/308 764/306
f 957/363 917/145 954/140
f 957/363 1002/294 965/293
f 470/422 458/340 456/54
f 456/54 435/238 452/55
f 457/374 436/178 459/313
f 457/374 482/166 453/179
f 699/349 666/181 683/307
f 699/349 735/106 706/182
f 926/141 949/142 941/122
f 926/141 900/121 910/125
f 301/364 285/172 315/311
f 301/364 320/150 291/173
f 7/383 8/206 24/191
f 7/383 9/384 1/207
f 146/410 129/157 170/158
f 146/410 162/161 120/333
f 1148/406 1125/136 1113/329
f 1148/406 1165/120 1171/137
f 145/411 157/231 169/336
f 145/411 128/228 119/232
f 371/175 400/177 361/149
f 371/175 353/148 382/176
f 821/354 800/104 812/308
f 821/354 852/123 835/105
f 215/169 225/171 192/160
f 215/169 196/159 224/170
f 92/369 83/188 105/156
f 92/369 100/370 70/297
f 228/266 223/338 214/267
f 214/267 190/233 191/248
f 1214/343 1218/284 1190/50
f 1214/343 1202/325 1229/41
f 1024/361 1006/143 1002/294
f 1024/361 1061/138 1060/144
f 1215/358 1203/118 1191/292
f 1215/358 1219/115 1230/119
f 91/396 99/226 104/301
f 91/396 82/202 69/227
f 13/388 11/192 36/193
f 13/388 16/389 3/299
f 12/395 15/194 35/303
f 12/395 10/208 2/195
f 1249/97 1235/99 1225/287
f 1249/97 1239/348 1258/98
f 51/211 44/213 33/201
f 51/211 63/200 74/212
f 52/380 45/223 75/187
f 52/380 64/381 34/224
f 1250/357 1240/113 1226/135
f 1250/357 1236/129 1259/114
f 22/402 18/219 47/220
f 22/402 30/403 6/225
f 21/390 29/214 46/319
f 21/390 17/196 5/215
f 577/379 532/165 576/314
f 577/379 593/183 578/425
f 57/387 60/217 36/193
f 57/387 55/298 81/321
f 56/393 54/209 35/303
f 56/393 59/394 80/199
f 1160/344 1140/49 1190/50
f 1160/344 1173/305 1123/326
f 135/371 149/154 105/156
f 135/371 118/296 159/331
f 1161/359 1174/110 1191/292
f 1161/359 1141/360 1124/111
f 134/397 117/203 104/301
f 134/397 148/398 158/204
f 889/124 868/126 877/128
f 889/124 917/145 910/125
f 1207/355 1211/134 1226/135
f 1207/355 1197/356 1178/112
f 96/382 103/185 75/187
f 96/382 87/324 112/295
f 1206/347 1196/286 1225/287
f 1206/347 1210/101 1177/304
f 799/352 824/127 812/308
f 799/352 773/353 785/109
f 325/365 339/151 315/311
f 325/365 312/366 331/152
f 391/367 411/180 382/176
f 391/367 377/368 406/153
f 95/399 86/216 74/212
f 95/399 102/400 111/205
f 256/372 277/174 224/170
f 256/372 226/373 274/164
f 575/377 592/184 576/314
f 575/377 531/378 574/428
f 976/362 1005/139 1002/294
f 976/362 957/363 954/140
f 255/404 222/234 223/338
f 280/414 273/235 255/404
f 1092/407 1109/116 1113/329
f 1092/407 1047/408 1037/117
f 183/409 202/162 170/158
f 183/409 173/332 207/163
f 182/412 172/229 169/336
f 182/412 199/413 206/230
f 73/401 78/221 47/220
f 73/401 68/322 94/323
f 72/391 67/197 46/319
f 72/391 77/392 93/198
f 678/350 721/107 683/307
f 678/350 646/351 670/108
f 463/375 492/167 459/313
f 463/375 447/376 469/168
f 462/345 442/339 458/340
f 471/417 468/244 462/345
f 48/385 50/189 24/191
f 48/385 49/386 76/210
f 1266/1294 1265/1275 1275/1272
f 1277/1295 1283/1273 1275/1272
f 1541/1296 1544/1280 1539/1277
f 1527/1297 1526/1278 1539/1277
f 392/241 421/240 416/243
f 392/241 384/3 362/8
f 289/268 284/6 283/405
f 265/259 292/9 289/268
f 280/414 255/404 283/405
f 280/414 281/269 273/235
f 441/415 425/242 416/243
f 441/415 442/339 468/244
f 1145/418 1168/21 1153/44
f 1167/48 1133/45 1153/44
f 1167/48 1158/47 1133/45
f 1167/48 1153/44 1204/42
f 1099/416 1108/327 1036/39
f 1099/416 1112/26 1133/45
f 481/57 545/51 472/346
f 470/422 485/52 481/57
f 471/417 462/345 472/346
f 471/417 516/58 468/244
f 1145/418 1153/44 1112/26
f 1145/418 1126/24 1168/21
f 1090/419 1094/25 1112/26
f 1090/419 1099/416 1036/39
f 265/259 263/252 292/9
f 265/259 289/268 223/338
f 241/258 265/259 223/338
f 1412/653 1413/655 1281/654
f 241/258 253/261 263/252
f 232/260 241/258 223/338
f 232/260 252/263 253/261
f 231/262 232/260 223/338
f 231/262 243/265 252/263
f 229/264 231/262 223/338
f 229/264 242/257 243/265
f 228/266 229/264 223/338
f 228/266 214/267 242/257
f 397/239 392/241 362/8
f 402/341 421/240 397/239
f 402/341 401/236 421/240
f 402/341 397/239 375/342
f 470/422 456/54 485/52
f 470/422 481/57 458/340
f 1182/46 1167/48 1204/42
f 1182/46 1202/325 1158/47
f 1277/1232 1280/1233 1283/1240
f 1277/1295 1275/1272 1276/1276
f 1266/1294 1275/1272 1269/1274
f 1266/1250 1268/1247 1265/1249
f 1541/1296 1539/1277 1540/1279
f 1541/1269 1543/1266 1544/1271
f 1527/1297 1539/1277 1533/1281
f 1527/1261 1530/1226 1526/1228
